Date,Food and non-alcoholic beverages,Alcoholic beverages and tobacco,Clothing and footwear,"Housing, water, electricity and other fuels","Furnishings, household equipment and routine household maintenance",Health,Transport,Communication,Recreation and culture,Education,Restaurants and hotels,Miscellaneous goods and services
1985-02-01,15.378103302707649,13.606316571479459,0.07030360500936605,3.396247647380876,8.433252705057477,2.720096249775095,-2.1060381154352146,-0.8364924455566951,4.328282074714317,0.6541633887887066,2.069179459254108,-1.96016548362741
1985-03-01,7.003649341336919,34.92391648253174,-0.2535290070111125,4.336765834742521,6.354580783363781,4.737294210868174,-0.7864390568368473,-2.7174180808340203,4.908806178170296,7.212240532087275,1.088914176030564,-1.0450889650264985
1985-04-01,8.243421977156572,19.11284111468086,0.7826374442707411,6.238375682731753,5.0206783645701725,3.8797489464931805,-1.1523162079918379,0.2018555080550224,3.346479634033251,6.854034717164337,2.6920861010225883,-0.5017699007431784
1985-05-01,10.05204375671,-2.2726683959558613,0.6769178415529451,6.368777709188779,3.688252127305156,2.4524804482376914,-0.34822595672476075,2.5987249079441694,1.8959858262799667,3.756874543399741,2.8266417606468384,-1.2712463007086416
1985-06-01,6.592736286992652,27.170275871573978,0.7001577584131595,6.144072944726192,2.464529155371724,1.0696076348486865,2.8101956086325646,3.471315790248312,0.9079700675761879,3.316822608466704,3.9645501757613753,-1.9759398225297877
1985-07-01,7.140257562664391,-19.53704629377731,1.5021829234285276,5.7324295070175495,1.7968195379320333,0.40620003595047216,3.0412412869984853,-0.635271176057947,0.3654801692597761,2.1054551597237996,4.356293762590143,-0.633961203996856
1985-08-01,6.364624152477354,-9.524062082116956,1.0893673409342435,4.706672954910751,0.33547955938552465,-0.1221499819677252,3.4802704644004594,-0.7821355316370502,-0.06837268699332388,3.62133043678615,3.9267789444930377,2.4591489398974273
1985-09-01,7.361282776784,20.766788908261766,1.7009390260747987,3.7942054572553077,0.35603031309530364,-0.3977541967919975,3.863385685109346,1.0234587535698085,1.5585370663917275,2.5503001167842125,4.4659864573084755,4.527374332098534
1985-10-01,7.813937202077598,-34.173044172354096,3.4429061406218695,3.653887257155179,1.5042984004958337,0.05607509168031766,5.149553039349641,-0.4732098794113786,2.3240525296525334,2.3632056959559855,4.756757697946098,7.272539951663782
1985-11-01,8.222858570660891,-9.085866735940385,3.320128689211396,2.9640898377812097,1.749857499048509,-0.036313472250200984,5.26381106564687,-0.3324438765291573,1.5467636230374888,0.8251596755909711,3.8154437360167117,10.224513027030854
1985-12-01,9.525342202914121,41.133841789785905,1.9605563321002948,0.8302656962073177,0.7431645385781122,0.686809254107354,4.21296497667741,0.6709615053895983,1.485444771129687,3.8689355796622618,4.842339185319807,10.054693769353428
1986-01-01,7.054842071277445,2.154180784802435,1.556035112940699,0.19007047144656974,0.37303992874893244,0.5693703240406843,0.7824318516928201,3.596019621635708,1.617532830991836,1.7201520541323876,4.73245929809986,5.6076104509958355
1986-02-01,4.587568503468812,6.9978079887268585,0.8672488664996694,-0.628652715825917,0.47251104383641473,0.5212757814986534,0.7208198794198933,5.671237936532669,1.3883244269344015,1.9826898186832382,5.007112333874096,2.532346173947561
1986-03-01,2.807860243932354,-17.792680886121794,1.7377156521216843,0.08322920789223764,0.5395900108313543,1.413766161573888,-0.05750834685228523,9.913436164777295,1.995300804389795,3.0409452625015234,4.625693099316425,2.3573621449188016
1986-04-01,2.267698393380734,-26.41373762581388,2.223134575588776,2.4523727516172222,1.8888099285867943,2.2073459966902185,-2.553032284283049,15.648374246967279,0.9696557711543389,7.084461679264033,4.5312783944625785,1.397150988580936
1986-05-01,1.5424475302908602,-9.613846439256179,3.6962257019340017,4.067383062323905,3.048599598555829,6.865182830467563,-0.5854514251692544,17.61616259801468,1.3499866760946078,3.913134856499739,4.9927293946503015,2.38441916153632
1986-06-01,-4.147692984732114,34.43132965100603,4.087642118737536,4.04895004236799,3.347336094407382,8.589105821838988,-2.356966833204699,12.993887955093635,-0.7992716519413547,1.0907785147494689,4.2150008307978615,0.7968330815099351
1986-07-01,-5.499752548394834,24.631069459058764,2.1965936991561184,3.663197917435584,3.4963637221086366,10.477505378048395,-1.2492238655125567,7.6969870125196,-1.006081894062695,0.3206311741170651,3.438089457634677,-0.47408993857372217
1986-08-01,-9.117428464207148,-22.591590255508464,1.0110776392204985,2.6815195747373544,2.3447031357109127,8.802142077386797,-2.9787564508095254,3.558617629277494,-1.919130916979958,1.1355495410536571,2.037328410244809,3.306898867567682
1986-09-01,-11.072690821632664,-14.03759079248556,2.3435623164753467,3.2351869728822966,1.1778064416314455,8.949462476010847,-0.35271821005837545,0.010234724642557147,-0.19706561603511452,2.3734771879891374,1.570439677071706,4.743888089402944
1986-10-01,-8.864212376256916,-1.2992490660347045,3.7098416300877255,1.527189916604569,1.8636289581754208,6.141776220393595,1.6115610863727357,1.8124481952867324,0.3084818010167327,1.987898687460452,2.3993638518198455,3.7121836654218847
1986-11-01,-6.78164135640638,-0.2897901268246983,2.737582818461809,1.444837250409953,2.0003663020173907,2.7597919759729557,2.105700085527226,0.8036194304341739,1.0818110171793887,0.9340771077300314,2.9592197856631652,2.4090051037367366
1986-12-01,-5.501091776903858,13.369916369236435,2.940576169447625,1.7177284422204337,3.034846888161762,-0.3496552211337687,3.2239438305708323,-1.0539177005684994,1.6241779897658566,0.3096874286743785,3.532325967349773,2.23261870158201
1987-01-01,-0.1461137584579948,6.498479830936688,2.5931159136051543,1.8558636510984048,4.1187509699666105,0.23079369363867608,3.8931750388111492,0.24740677608437878,3.1402141850166565,4.080559579188604,5.346379035664313,3.309362313689807
1987-02-01,4.004752216998003,28.87620823354277,2.3863763195385292,1.679347893416196,4.556304990804341,1.8228516611478907,4.336455600419989,2.26950290073896,6.015808965829354,5.313371722065888,5.173804960474296,2.976786021109903
1987-03-01,10.638771086122784,35.57037784068659,1.9164126161047361,1.8087134324781509,5.270186097664997,2.9187327293563,3.2399083957422814,0.16453548927697526,5.87029219423162,5.569884600738703,4.809874908239426,4.231543814798719
1987-04-01,13.351774147988124,-2.747121710838158,1.4954393006324211,2.8395581074949514,4.83458917065191,2.4886046831301867,2.8899257971788526,1.4112667583817213,5.9064380614635414,4.706387831184683,5.039668752694718,4.642465949972411
1987-05-01,15.143874889775898,-10.621048760614144,2.4522100527538577,5.036477672867237,3.4417284619286126,1.8798122230490604,2.690175212200926,2.498817844615175,2.410205658249433,8.445438481929003,4.071915072918243,5.920075883615178
1987-06-01,16.466263467541754,-15.176423973557718,3.537782044466738,3.5106688973899964,2.4291538790237253,1.7593865880785082,1.0476275177700654,0.17915438402642359,0.33175631575409437,7.930793703659227,4.532131579972958,5.841656645912183
1987-07-01,17.62601716146971,-22.422321908071723,3.3124221538991447,2.5490286567820375,1.125674513222176,0.9006938534106546,2.0548933605807367,-0.29736302343623056,1.8695569722583167,7.417549784322685,4.454635733730493,6.365016228942578
1987-08-01,19.24505915835942,-11.232095244100435,2.9431312021039817,2.5619862183609565,2.137910553744679,1.1801218715530943,2.508700615405771,1.5474823365374757,2.044885436840983,4.367747430935287,5.571061758658567,6.5425147934934476
1987-09-01,17.31655327117166,-12.61603783805046,3.318906924488536,1.5924481733524454,3.9813699326424583,0.6846427235768999,1.5315315174528736,-0.7448562355985313,5.05973253134556,1.379332392923149,5.0017299844237755,5.858061556864773
1987-10-01,14.393850202170327,-3.1470308471164117,4.775385434709172,0.912554491228236,6.201281212546836,0.5783923729248177,2.199723571605098,-1.3909892440621352,4.506665720083209,2.8768752711795926,5.921716112165502,4.0757604358578305
1987-11-01,11.403794299817346,10.041859030700593,4.661291141831655,0.22270668326074494,6.792279327738941,1.8582056077843196,-0.3812979916143435,-2.7640491092608306,5.623837777414437,0.8825472026228995,6.582251755993743,0.5561126133200012
1987-12-01,10.061307911481194,-5.629354700360551,6.501123664245791,2.3446052833455915,6.743255451086252,5.2863335350351655,1.4847098184918384,-1.1524309464755955,6.974680797840525,6.290377327863494,9.171479022614147,0.28904726646670964
1988-01-01,10.085463191732995,31.817880527359932,6.959202002781607,2.591888038675252,6.960456097504674,8.296722095459526,5.321473243225716,-1.2921774400399233,6.724212018402598,9.006362478268578,11.233948770347794,-1.3003034340990602
1988-02-01,12.769063029261167,-1.5267776364636063,6.476604736955661,4.208203567470502,5.861422730886168,12.014093616835304,8.726238052702637,-2.136446086904275,6.480854543681923,12.790971864045437,13.446351460440518,-0.7870462420307329
1988-03-01,9.215043688467874,45.91188334234437,6.379855205993013,5.165153547446472,5.479085492929279,13.195694978394947,10.156534100364413,-1.3319357398163323,4.23934443174122,13.908622381692293,14.900202354946462,0.6908685017562242
1988-04-01,5.641306452721131,-34.48309272635845,5.243825173772711,5.253902408235323,4.059152541563452,10.22330909220968,6.471704572073041,-0.7084581216116668,1.0412091753977526,11.977021591747986,14.05667681884967,-1.5612801366894922
1988-05-01,9.666816344247785,13.133070324009992,8.761055062839505,6.162969328436946,4.926789138940377,11.084403921332864,9.685818490949817,-0.08935015591490725,-0.09161501518367032,14.168256127296527,14.794059150530366,0.0444675759786719
1988-06-01,6.5842931588250755,10.85102295949855,10.174071093277604,6.592096824580956,3.300049476692155,5.789623222426057,5.563883158314788,2.8375732295082514,-0.4651194289562892,11.873024818661708,13.829977886312538,-0.9210313284219738
1988-07-01,7.3832492671122285,19.407935517609474,10.244154979217962,6.450078948146137,3.7520875144634456,3.935050994327724,3.6088617879239075,0.06083028794293455,-0.26117249154381783,7.467885275419041,12.272992568217738,-1.2266654490490314
1988-08-01,8.53398103695304,21.645131063867296,11.468101160458044,5.753410689242424,4.370543278701608,1.2943754511454402,1.3831099229097807,0.060743279359485314,0.7724652876706322,3.4699627268214286,11.419739241681766,-1.0078001296098376
1988-09-01,5.522447997197116,23.362216115894256,12.931618357457399,4.6769361539658565,4.701594529084886,2.079295659539133,-0.08763506851505642,0.060021669295464264,1.0500312062179118,1.4537800576138151,9.469257497950245,-0.40250384223605273
1988-10-01,4.7840455884269515,-38.99816670931568,14.406872809570178,3.7725268860110748,7.100899839209271,1.1637259521044556,1.7154148417548214,0.5213892397945017,1.634337841557453,3.510976632730287,10.371814748648923,-0.5588547400204154
1988-11-01,8.911913096781046,7.7257169294528865,13.65902501459247,4.059571300248933,7.836064695156289,-0.15657022768592643,2.370074985728645,-3.1458556181035178,2.7274172061503372,4.990873020021889,12.226853622705715,-0.6691845716150642
1988-12-01,8.461235444676557,0.801872022346032,12.544940066823845,2.838567241396692,7.572539477202586,0.6086722381639267,1.0412340594253484,-9.172798189660444,3.0469539882713255,3.3779224731436264,12.806330851517409,-0.8522700086381532
1989-01-01,7.129566401417357,-14.688212591990265,9.403777827666246,2.4583755312676843,8.094647886350078,0.399540982476589,2.366920251688466,-15.799997099011115,2.903536449081771,4.435057370105159,13.901907500282864,-0.3305885337819823
1989-02-01,4.787623676070971,-0.5395695328699048,8.986092168752059,3.778653162434826,8.852680192154942,0.9405701601812511,3.0803772763778694,-17.326615833030225,3.2845498729587006,5.61236601882497,14.422336260263387,-0.5343152093015284
1989-03-01,-0.5068923100115832,39.28858794705582,8.680965818228165,3.8968099751544987,7.569251715836387,-0.7341325947527464,3.20720798329464,-12.881274023710903,3.506993452738838,5.782435920929282,15.366489623543776,1.0795046180551857
1989-04-01,0.982243317587363,44.0266072596271,9.499395814384972,5.761509425975248,7.376728866773477,0.5974013985036297,1.9093125650439866,-7.40780758549344,3.3912295081097064,7.8239584895335375,16.593539428982695,1.8984121523480275
1989-05-01,0.7077619733680667,54.33336339343501,11.538606976993215,6.077949580538007,5.74051665462876,0.9355920470362813,1.2618209437792114,-1.9364920026585004,3.4193953407534456,6.5346103581143655,16.543409963757675,0.8785354851504756
1989-06-01,-1.8325191605925042,35.06192276287439,10.394732638101193,5.147278351001887,5.117313995587142,1.7237512415192326,-0.5690819043209387,0.8331886727587463,2.826680404211974,10.43866920942451,15.761892634439333,-1.1448470526925307
1989-07-01,-2.147953749476562,-2.788153719572904,9.382372786942094,2.8172420836697016,3.655130012299676,2.313691641136175,-0.37902063576089606,-3.7126508954921604,2.6661204314995124,7.073807375973423,12.762895699109425,-1.5831003616758759
1989-08-01,-0.9297916393287062,45.066802751403884,8.584600390219762,3.7109161303984197,3.208780430526865,4.00066025143209,4.449003698272805,0.3243800068490188,3.554972788894299,4.0164847864285695,10.478928806917303,-0.4794103079326928
1989-09-01,2.568659353396434,20.139024044578576,9.427386223765883,3.673517569457043,3.704668489698354,4.914018756532508,3.8455733959783878,1.3046963046921771,3.4462248189955638,2.175357151790635,9.23198431518319,-0.3600165303157197
1989-10-01,2.097640927127399,37.00763187655858,9.212543057057598,3.032749864425449,3.6062835766435484,4.026333267402128,2.0565934812648123,1.0722670691630931,1.2866570296725444,-1.2713111409256825,8.903162474605551,-0.9925821704064957
1989-11-01,6.432057638345192,14.14753480564903,9.720158350182137,2.87969445995056,3.9023183914239272,2.816395093725605,-0.638349026948414,2.6203354593734733,2.389859431697849,1.616604027308803,9.366292655306264,0.5846716808432091
1989-12-01,2.3692981478245807,-60.81372864128258,8.581510452716667,2.8963972608661,3.718639199528881,3.146553868808871,-7.884623893410991,4.688582883811765,2.1188114279412114,5.386282454348613,8.496887222765316,0.9632322523720429
1990-01-01,7.438976266273386,23.93998445950004,9.069616817965684,6.462460998987678,6.391692381277106,5.677031286435516,-3.6304221228702556,12.220207286880767,3.363392037992379,18.30946884007016,7.795876318081358,3.1035000975189684
1990-02-01,13.066213268838432,19.565591573255688,8.056555020173565,7.3233975109469345,7.464785925751814,7.525906117558105,-3.1613039714166735,17.546221715650283,3.394501769192961,17.399968678095405,8.49860898578447,2.2360080162108344
1990-03-01,18.83423141399883,54.82998719898029,8.373289617611432,10.494531634341014,6.029482642447803,7.972640763670619,1.2696753770307687,19.068033744319774,4.094592725635818,22.506898196470814,11.162291983604726,3.1198208670694543
1990-04-01,17.426594342912495,6.618784758009895,5.79673702021537,12.085202631368531,5.072735798216623,5.995535075732004,2.0658462705506064,14.481365382695579,3.8002272203437695,17.83912536065829,10.790284003244594,0.7412226713092727
1990-05-01,17.13259634181014,5.220084640203538,4.872776690745786,13.437207899198343,3.164210890907031,8.487925914389267,1.959047755819821,11.463545551253818,3.641153466454896,16.313865872546543,11.13899970796319,0.5933512509402137
1990-06-01,15.134001726218516,7.033817292661695,2.889513491662717,13.216158078736793,2.8183209596733474,8.427498449972266,2.9146671334964953,-0.6109559625490988,1.134769649992931,8.80782246629713,11.445426712356053,-0.9914073428546386
1990-07-01,12.431747955578146,7.009006573078352,3.6306989096325135,13.413483402733767,2.8390876200907984,5.072383009086879,1.9685633339909216,-2.011219127899267,0.9612900378917253,5.194692864085766,12.328578416693933,-0.06388702112186095
1990-08-01,11.567469616049287,27.552741993968226,2.901228412401263,13.010514332438685,2.941374161505147,3.1067870704473597,5.184950526569588,-3.4757184308144833,1.4754441994155236,5.604659030829115,14.324446810311484,1.4522838615622913
1990-09-01,6.326487732914609,-13.854731601843014,3.547227378867462,10.627530677153349,2.696466396295474,4.05123392918756,3.5608288717361294,-3.717833060822784,0.12043037106553012,1.061139939125228,14.736330872092404,-0.268991762138616
1990-10-01,3.3460289947194397,-26.980863520969848,3.383820542950202,9.535528884598405,1.9580502123975512,2.5326721735250155,5.694282829770431,-7.320559452601842,0.12023814681397393,-0.5198884335208955,15.622566939227436,-0.4580616503276813
1990-11-01,2.924695529298324,41.91770437783842,4.928374693240944,10.155900905503334,3.6692131161963917,3.885695716528967,9.844497509081748,-5.639899216419343,0.8970820785054938,0.1835979590172716,16.40412450987612,-0.29395279927952167
1990-12-01,6.973421395266049,114.73948961514958,3.680422334457173,12.588030620961929,5.315007613054219,6.410585108301718,13.22699317697765,-0.7824814215470539,2.3957483384905736,4.699450980071193,17.45839251091623,1.5463566218372486
1991-01-01,1.2474496342572081,99.18862385404441,2.090106865878715,11.349759386231703,4.461563379571783,4.262879612537312,13.22646463532527,-4.125640170658144,2.398176174195788,7.618456456528937,17.03657454631157,2.58616169763868
1991-02-01,1.3501138955963157,21.958308937498145,1.0625529561478055,11.300582493516469,4.800198821709343,4.667277850157929,15.24983654870544,-8.480088087519075,2.8505067447631562,8.220005348062978,16.774601835182754,1.8880114573687958
1991-03-01,-1.8494469896678485,-13.40478929245063,-1.8525216133707785,11.419392614918184,4.006347537906087,3.443129806817352,13.254006226941998,-10.94453169979703,1.9392148413377224,8.752023696671138,16.965284058501837,1.6555449411455063
1991-04-01,1.5151559109985602,14.944429182194085,-0.281324786853939,12.783516827661849,3.857064629204614,2.4008048469657997,13.195781523316056,-4.735892122049346,2.6534789240657606,9.809742237624597,18.711983103373633,2.3517701848528336
1991-05-01,2.9441820560183896,19.891921970883175,1.909490035975863,11.330748041438751,2.669571497817828,2.530733292157576,10.987174566745411,-1.7844452744700234,3.2918406330463803,7.074468071647417,18.599338159424143,2.0303110521343477
1991-06-01,6.434687540150527,-9.408943404294348,3.0301151691277823,10.758997278846547,2.1499964658069035,4.511190805150569,7.392113832723769,0.3376019127458587,3.1644891186871766,5.875020301694526,16.30756987521945,2.55638491133828
1991-07-01,8.678107716415823,-15.832898284773705,5.971838032077233,9.986625221160569,1.001182966183514,5.996630837655252,6.446892922006521,1.8990514349198477,2.2132743024717367,8.848147503582378,14.854358643853455,2.5568866585454515
1991-08-01,10.312884571727546,-15.477098995180654,6.393931967166186,8.57705281727963,0.523586750181757,6.075001353270575,4.413005329117529,-0.8696846947833254,1.633192638875005,3.6707418569063313,12.526712254545588,0.6215681228918006
1991-09-01,10.19972546920425,-35.04774999863625,8.41174728894327,7.305347852027818,0.32472457669729105,6.0628434045383575,3.1921292900111347,-0.9682749753813642,1.2125464697020067,4.149896644692221,9.627583050057154,0.4172198121456372
1991-10-01,9.779585267304006,-3.200975336151828,8.847887435515052,6.648191570542787,-0.0020921375114344443,5.184885682232466,3.77243140138315,-2.1436657422279897,2.312088095876925,5.237370567748888,8.00132453367647,2.042886824617665
1991-11-01,8.001511435005728,16.429658105975932,8.874768508839756,5.482287952992378,1.3206004850409654,4.015224945994171,6.0232057791610245,0.3217743923032437,0.4713838872289977,4.063705537929795,8.389822587694026,2.561615506566784
1991-12-01,4.608959522392441,9.452820852588246,8.012981718205133,5.2693091149488565,3.452873199796076,1.8934142766850592,9.181230023656948,-0.6347454799904195,2.2260915019827925,4.8591922795424365,9.947198467210793,2.670269867997475
1992-01-01,7.239668797105734,34.49490087068989,7.342868037902464,6.213807959915728,3.921363281084152,0.45125410306877933,9.964795713458738,1.5799519977999115,2.693123239882543,8.059698054629013,10.711740871848011,4.169568235443927
1992-02-01,6.277564611632176,4.575572989386757,6.521526716663371,7.636078870504056,3.797817586334942,2.013180461023397,12.831534538954624,1.613644552191536,3.050644133582356,10.99810626783124,10.9772672895796,4.360432748150209
1992-03-01,5.997257740544954,3.4740508284716043,4.817450356338272,8.565855232948888,3.4913484357932227,-0.031723692046286445,12.87740069453582,1.714321201545518,2.251676783364826,12.489079672080084,10.094642467941863,4.050477774826316
1992-04-01,6.051874807833086,-5.116490702482139,3.001398452122927,8.199349289672005,2.5961907263006716,-1.4665073332901173,8.126351343694743,-3.3284441996033483,0.6403293830471455,14.41165997616154,9.666129963175498,0.8165298878396889
1992-05-01,6.463626133645545,31.58267290541275,2.9882772701855167,7.530300382932886,2.358683358836666,0.1235047607583688,8.874101145159623,-2.8720838336662062,1.3717972834184966,12.274780821781889,8.426043469797984,2.441768708865622
1992-06-01,4.715621154325345,-1.6756293655724903,1.523621494749729,7.277288751581972,2.608754896638512,2.1839026509550763,10.49002532449311,1.1945992996024053,1.873948903772562,11.911866597939872,7.40655384573787,2.1158821509252324
1992-07-01,-0.15947783968890406,22.043923977270623,1.380287029001213,4.872394823893926,1.988128826287081,2.4959801783276534,7.165473979056468,-0.6752551147348829,2.1015247730748876,8.251225547109033,5.458966499071716,2.7220087060358957
1992-08-01,0.9204656222397727,15.715994872350649,1.824091582150288,4.865697058149838,1.1152822489666017,2.313963856492004,7.839887329946939,1.306184638337962,2.3440199477925754,1.9246266924032263,4.435670435674494,3.4942923292630748
1992-09-01,-4.118489604733774,7.271318915239021,2.837212083190919,4.188740755408402,1.2912198364623415,0.8578051233446073,7.079295316506831,0.7593120984716926,2.646486533736222,1.6265395470948665,4.2974563386502584,2.7290042937542105
1992-10-01,-4.373622869584553,9.715228143501832,5.513288493774336,5.900670996687664,1.6766739022222454,0.2801341796440999,8.657612672849838,0.4749245643212685,2.5647496496668594,-0.07639088705203356,4.318504898821398,3.346790625929728
1992-11-01,-5.3557346727216855,15.957078408896052,4.362561262787695,5.470406030835262,1.33920732178243,0.5145016014238024,4.412967226065552,1.5946772249494519,2.0255123307153813,1.619840074852835,4.170051186697508,2.9201360674990453
1992-12-01,-1.595405720817455,21.026305139034207,3.523658315611912,6.249133126762306,3.512356910366865,0.5553003786669253,6.276596046879936,1.4178972927089468,3.245997678267334,5.1442239721464205,5.923602644299896,2.7939990145596276
1993-01-01,1.0461566753302751,13.157089520999449,3.229308571309206,6.118569997274281,4.112245239589318,1.8929464940749705,11.320898771229263,-0.2665585645710866,4.925744156085957,6.629295723817346,5.976867646944227,0.4151547950267931
1993-02-01,2.4556241345660856,-24.39456824679533,1.7197819143513842,4.305259533115009,5.072438966780483,2.368334317272443,11.461876398536425,-3.5718066287993313,5.36363467925438,8.55750356047161,4.962593487209025,2.0525398473568632
1993-03-01,7.081483912777128,24.871107300626875,2.0302043490026787,5.412572117943163,4.064374886857997,3.6572938792369434,12.883965272708284,-0.7667369801782851,6.41396486176574,15.339118286017765,4.431679447306183,3.9367758927762457
1993-04-01,8.398840671082283,36.15315338584941,3.5032978985474013,6.616683338340263,3.2782691345876227,3.9918365609781885,12.67387659434084,-5.873177536048848,7.239851443080933,17.408134213135277,4.040758774090732,5.917561405618475
1993-05-01,12.056951159410765,37.49552908591909,4.624036986322084,7.1123217625928845,3.1060084653136952,6.429040281840362,12.712613888832546,-0.45781293874064666,5.415647569761779,16.62636120224412,3.66276013125737,7.442011059515144
1993-06-01,9.813859477227702,0.22299921449760518,3.1122785632699626,6.297907874089133,1.7239270376181843,3.663744342382624,7.069919441867917,-0.12633113669728324,2.687021238248546,9.277375928471734,2.517574398779276,6.236614030117456
1993-07-01,8.02090696203529,13.79168191195626,1.7916401695855795,4.2932837859333,0.891322686484282,1.9404719681455638,1.6646795214289085,-2.6975541642743366,1.552006515554877,3.538940778138816,2.8982410686360502,3.692726336759814
1993-08-01,9.742272214871804,-23.881883918684025,0.49254238705886744,3.342546574949444,-0.3554383269998618,-0.72672916421975,-2.017200322215686,-4.4738119581828055,1.3333571787855298,2.676009794729457,2.6060014699996836,3.953191818092321
1993-09-01,7.54582877621547,-11.622445857169737,0.502952208109773,2.6408781664590584,0.7178428389909937,0.5603186742173469,-1.1918224196503457,-5.470969099297008,2.6153735092346078,0.9872062772316044,3.3146353839148333,3.8345588304346507
1993-10-01,8.799401250307248,-26.248924079012482,2.1859017004575896,2.9711929125318886,1.5692509778851589,1.9753730965838887,2.2567768498972054,-2.8625278475231752,3.2253060065071093,1.0674801153395075,4.600549936238359,3.2935483357771753
1993-11-01,7.317571875339182,14.157682845698162,2.0843404035048847,2.7686119318725755,2.055513112547172,1.3605986104716776,4.089224400277679,-5.077454890640707,2.759331552345943,1.6380590262774257,5.23707784763942,3.7629631187121086
1993-12-01,8.590990865039343,53.56228006644065,3.1212536148787815,2.487780288409637,5.524942336428898,-0.27118565492242697,6.509711620842149,-2.3011102846045066,2.5091693648215307,1.5465114904368678,6.552616059957627,2.2185434576029577
1994-01-01,5.665877008327943,125.39594301612692,3.3067188650007076,2.161506011256319,5.380487258638778,-1.3837966682916543,9.605055429880496,-2.75876001544162,2.955761211857521,5.853350032817224,9.004748947352502,1.9017277834526007
1994-02-01,6.961398610604963,52.80885255407941,3.2241047833867773,1.7957399984129232,4.956524077599497,1.073001449475905,8.447080662965464,2.1257125268486856,2.4226563140015775,7.574215673452934,8.885266112017522,0.14710235076081624
1994-03-01,6.226728247422316,-0.6586269012822754,1.3683127608467807,2.2360297257471293,4.074214328967306,2.390161485966731,8.974126007027316,2.571232117935537,3.1418324814041103,10.83019780628408,8.146823534168757,-1.104023822610512
1994-04-01,4.729686815376034,52.287303171814926,1.0673082358430932,4.041518321855778,2.3875775766012675,5.739872313602219,10.997968326678748,1.1370677417410082,2.115586137397757,10.26752331145548,6.414059616022139,0.07362637174552322
1994-05-01,2.3250744124427367,28.338403218921968,0.8371258716966916,4.177927833316897,1.4972102835328136,5.670106074025609,10.065274670614453,0.10540876781956499,1.6707629089205502,9.63131567441279,5.652910304805982,2.277741022281848
1994-06-01,6.491830111998619,-2.6526623501461586,1.7182619696692496,5.500194304977086,1.2312960498782428,4.956412506046064,7.814884428346355,0.27595247388696365,0.19462881336693494,8.5955930385407,4.835176822315017,1.8621460681881041
1994-07-01,6.528355833454361,-8.412067523336958,2.2784581422459893,6.025385490215843,-0.5650818030656928,4.4992821383952695,5.668747204124918,-1.2171003245569683,0.9835109620109224,10.203017154201778,3.6885040463885344,1.7758963337642886
1994-08-01,7.860100893892043,2.0987188129100787,1.4679562825486996,5.63430812999175,-0.6972264810294786,4.168055124303997,3.453273642923346,-4.910972445653701,1.0354386261662256,6.512408972766588,3.814804368686733,3.426450367563693
1994-09-01,4.279393837184669,-30.98187812366652,1.068887200769652,5.32666691689688,0.007118890086375007,4.521431375229036,1.8718660484260052,-3.799567967344757,1.5098276232192935,6.495539187721332,3.4984877902289604,4.599394720375411
1994-10-01,3.2176648637393575,30.756949922974485,1.6379864261871004,5.218157906622952,1.8026544034719385,4.350169642714046,3.2963762571523274,-4.115204802666692,2.7564975752815553,4.7472276930856925,4.544318023342976,4.712071373595585
1994-11-01,2.9137852818956667,17.356267751339033,1.9053946401496331,5.208072851663358,1.5822529744421132,3.628350030179844,0.758952685681848,-4.524558802276003,3.9469597800405,2.175276121691059,4.418946481196775,1.8125105376474555
1994-12-01,2.675182556495142,-56.625539293512645,1.111854917496204,2.4805918794210484,1.5649007190279827,1.8534040498164819,0.9416847251942491,-6.609067780639348,2.844141766862421,3.4282609764549274,3.416807735552897,1.1841690958573632
1995-01-01,7.740101103677217,-20.347205898549106,1.657592383685352,3.5014764815518555,4.342321962068283,3.0376751624898404,3.784638993384587,-0.9817391426359752,4.964154424036362,9.760725303631276,4.697652631063503,1.4415369384686785
1995-02-01,6.44872010925156,11.20637595547828,1.3479648034438563,2.783892892974661,5.729776259262442,3.808396679104575,6.734806028297203,0.037816069938442,4.915565077976547,11.258194874520042,6.387423971419292,0.9026168383475865
1995-03-01,5.7532984470500885,36.05983948056095,1.8751916963841408,5.178769199342218,6.374158363445071,5.094859484664771,13.247245064185876,0.3194577700226109,6.502753998091346,15.218031174846828,6.61667942050609,1.48915577752518
1995-04-01,2.1436083362592173,7.471885986032618,2.338777383661735,4.659916700470873,4.171364337246677,4.409783625278242,12.801447098034682,-0.1545250816694459,6.450211031766838,17.01579577408767,6.468923654855809,0.6501881711641477
1995-05-01,-4.906297125651661,-9.730080416739469,2.1507801039869943,4.707480106698084,1.1498660730454544,4.8392728817688475,10.868865822193712,0.36811910278859994,5.768164517136749,18.750275860577638,6.651158136169727,1.5192101667731994
1995-06-01,-4.801736476445681,18.729843986484752,2.861236671492368,4.151970678247569,0.8019539565858431,3.7716349895209196,7.252203172848119,0.8002008016033972,4.6397680899556,16.438631988192647,6.418821681471067,2.4163235430934336
1995-07-01,-3.298655274937464,27.558570286354808,2.0234889319402143,3.4856295146778544,-0.671993114749144,2.8747963132857777,3.9834508039326373,-2.9890619293222667,3.510106909503469,12.1318221232385,5.833291304194937,3.129074180779501
1995-08-01,-0.8304047880769918,6.708231539405702,0.8796622093316044,3.8785473325698714,-0.38720733014861364,1.3937810376703155,2.078509625665906,-0.5505556915406364,2.88939140772001,10.294397080194639,4.756547468134265,4.064754135005895
1995-09-01,2.250683151555223,36.60306844985372,2.680680269869535,6.56805129809381,1.2189900607029878,1.478335375324249,4.774800893702803,3.3985565614334394,4.089595559467397,9.47889485568604,4.6456761126019,7.075555802874922
1995-10-01,4.715100343579862,-21.58663314654484,2.1291637619073898,5.124722198723415,2.085028174125179,0.5630616725153761,4.518550232648839,1.1220363651716339,2.165110532674086,5.21429721655861,4.974857606504946,5.576179786989302
1995-11-01,7.550810594779492,-34.13101460031987,0.8215827520898364,5.1229104162202725,2.7946179045774047,2.583434445732852,4.103373586743467,1.2407446301964917,2.1613023651125025,6.271957259414167,6.07307211302723,6.246467569489954
1995-12-01,6.092446573840228,-4.010797075673906,-0.3595770117108019,5.742665901248765,3.221466121556926,4.459170422382495,2.4430069981700253,-2.4944088711295898,1.5618776977242046,6.302468906759926,7.043605929661008,5.941319428125107
1996-01-01,4.317014901820273,33.183618587664654,0.7670334197773747,4.679388706740673,3.4770290389716703,3.5777211311890493,4.642120883001012,0.803840179460698,1.7264370098111437,9.09567181389416,6.910744374470382,6.991101178177029
1996-02-01,2.7214905378162824,28.207179560079368,0.37764557389911,4.3416868376338735,3.383658189178976,4.329191786362709,2.9339884099712945,-0.7849709892405894,2.3539087827844334,7.501324505660747,6.3565858937703155,6.454670196032509
1996-03-01,0.5668634850451388,-22.585421685598618,1.0158252538467099,5.335404783161737,2.7545571612297093,6.037650313448806,5.192783438871319,-0.29419556068019226,3.40990798980786,10.71673178064294,6.246358373804982,4.445936542569681
1996-04-01,2.801263017730637,1.885668049385913,1.5100526426850598,5.492455661177378,1.5363466028311092,3.4592547480715847,9.76503144074143,-0.8644094088167895,3.508729820171929,11.288297754811857,4.902501881404991,4.19368556986999
1996-05-01,5.570177217378291,35.13897314291117,1.3768453052264387,5.397028754485317,1.653638217902727,2.000598429730782,13.030297604813544,-0.24615324073563905,3.4982291062185293,9.406145364391751,5.038352513500911,3.8165799881377964
1996-06-01,3.811745789526139,15.10847848685978,0.293172599132836,4.908376866504394,1.1628369057501406,0.7287360205276217,8.23143034338997,-1.981639636966671,2.163564536771626,9.226856029634652,4.582612225238731,3.6383645330040264
1996-07-01,2.5896857974101435,68.97530587261203,0.04523382867064818,5.939894513479434,1.1036630154556009,-0.7492804993455018,9.062688614710451,-5.715934265776745,0.6510936045453506,4.340094180842637,4.817452891910493,3.384864462985763
1996-08-01,2.230191241392461,30.39149168336442,-0.33945699485530767,4.7624890527091495,2.153533874226077,-1.9906662441744631,11.307393018478455,-6.076629663138166,-0.5638486979921726,2.7233295667491655,3.6240181179664126,3.9652545434331343
1996-09-01,2.3214212868577975,5.864680562262208,-1.0277809183854851,5.308820875978473,2.331917342590297,1.000438488612742,11.573285957467425,-2.199811420125781,1.1423178002621257,3.152414489617701,2.9198173666245544,4.974607054382307
1996-10-01,-2.78488324999437,-10.137481434658909,0.02862685090421635,4.724532838648463,-0.2729910441567196,1.1585853812820284,14.713284061581463,-1.3409864790001835,0.7199897424548655,2.2039064546118694,2.6445180696882575,5.465060202944027
1996-11-01,-2.069294310857974,22.411356108216047,-1.216166365588042,5.617240932308375,-2.3793767264773,2.495944327247381,15.139794710480034,-1.2824376292002597,1.301058341670223,3.693663920713793,2.4067359622993187,4.261740960321691
1996-12-01,1.5924618696768391,33.70500288689907,0.3561237365831007,6.416995744252615,-3.2058031236451705,3.4530586247061734,14.027031355176451,-0.5061074731303274,2.2490733385042474,3.749688953785455,2.3560456376805177,4.980731784226233
1997-01-01,5.233026845357504,15.763993994861913,0.4357026972401765,6.323855499976325,-0.6882891461138619,4.903936821662965,10.594312804549446,-5.248739831418274,0.905518569786095,3.1263354769174416,1.7254200008627014,4.183844574008672
1997-02-01,5.993273126614847,26.236112226099866,1.9511358187627268,4.847487679260863,0.36898307383591905,5.273342341654803,8.454185742994465,-4.258800588607167,1.4217860649796146,4.942074903611703,1.6062862177330512,2.983218029658332
1997-03-01,5.056273341700411,36.08525173858817,1.452492245912174,4.37480851180943,-0.08562818208758133,4.1398796958432005,6.396995233053595,-5.587802584913597,0.3918921635927989,9.286153340407111,0.9312344475975555,3.6827417743071598
1997-04-01,5.857710501507462,19.312973340575212,0.8092197890655386,4.074863399368389,0.412516080601235,3.28952306648509,1.979952542200345,-4.143419657726371,0.38897709801589786,10.934531582936476,2.740563375828317,1.539990656997843
1997-05-01,7.345367565875867,34.34023392741014,1.6362263415678897,4.584274342154998,0.9392265584268655,1.8760342156009648,2.3517424328891847,-1.6716692855414756,-1.1855046664083693,11.620581331558,4.377308724502373,1.7201954260707506
1997-06-01,4.217980058589986,-46.59877724137445,1.5330029197451576,3.2611768865900905,1.4913381761921243,2.377694862011894,4.125033546180318,-1.2191225240021257,-2.787061588638395,6.308188794047339,4.296098217546597,1.2974270870192224
1997-07-01,2.390830377378068,-30.656026854891525,2.7804350369273187,3.2249155475963125,1.0599093023381707,1.7931396590616293,5.276425168651294,-0.7777439989767785,-2.980147365271432,3.1065582679293824,4.040627782896021,1.2699856057704528
1997-08-01,2.86419887495731,-1.2597281942553806,4.315632720196547,4.979758180241355,1.660148697510849,-0.28493784679999623,8.79517053576452,-0.2471235339665574,-3.3074358510951463,0.2221905966365043,2.9945079195954105,2.143069518176532
1997-09-01,1.3635847625772284,-8.220433161589753,5.608722612348799,3.7749139159191687,0.7178481873638469,0.3373314947323748,9.81352801991663,1.8951873720406724,-2.5012462042105623,1.123046327128152,2.668120490921997,0.28633924124013854
1997-10-01,2.7391543208430145,19.657873352415606,8.971402676894499,5.5304479630898875,3.787883597647598,-0.00975428548981394,17.44701002784455,3.264668329672965,-0.7842939981430874,0.3560190362174507,2.058373750622372,0.7979042394035205
1997-11-01,1.5950311243600548,35.4553035394071,7.5210941516646574,5.204373513234692,5.850873300970041,0.4067063226590264,16.066938620630772,-1.6071203386644513,0.7740493793576668,-2.2340301325691097,1.6718251611436523,0.09954401059082851
1997-12-01,3.9874029825966155,91.23009681782634,5.687474522522363,5.208388250926799,7.888125811126368,-0.5212265847151751,20.05398623388529,-0.942569786375242,2.0727773108773233,-4.994124237096471,2.1076041909454126,0.6028718149993098
1998-01-01,0.2267590340511969,120.52807572752874,5.364509222473188,4.793162757373978,10.365242832752784,0.19228837725162484,21.771998590919736,-1.2349439544524472,3.0110906191824065,-5.216455043240458,2.846417340699766,2.677128177073975
1998-02-01,0.4596960280354567,114.84896451182402,3.864874505056218,3.4013076067382797,11.624013485776398,0.3918087569680897,22.61996709397727,-0.5805795385374166,3.357568159251252,-5.469932491077907,1.6498385771821686,1.629443542907798
1998-03-01,1.7159955497564745,76.18575714754954,3.1727782632615833,2.9596630664969314,11.21493734133006,1.901638677354215,16.374839654249534,-0.7937326763301948,3.0633280107209986,-3.4441378345513147,-0.584258898461876,1.7900369823758762
1998-04-01,0.09432770523073986,66.87273135138142,2.4029973025248834,0.23562325823469488,9.78645342525738,5.0875520888184855,14.932347061312196,-1.3951233465174497,2.428830251959474,-1.0359796843207456,-2.0076145238772343,1.4368709383112246
1998-05-01,1.6816774541294204,-23.254339982017598,0.08193501555991767,-2.517490717613991,6.31400465715882,4.368973458599694,10.238299834489116,0.09034606145683743,0.7752531079192357,0.24838198914119347,-3.6508404797279006,0.3851354087610911
1998-06-01,4.130551007229872,-20.138315914690626,0.8398206974365385,-3.249699912690665,1.3215356256851485,5.476593213206128,7.5036513618894976,-1.552035306571172,0.1790677205542225,-0.40763612745960964,-4.187673899332117,-1.6054384876776395
1998-07-01,3.3438691469751927,-5.338040159791337,-0.7304367267078714,-3.7796594254456086,-3.5312660457356806,6.0104517062876495,0.24412927340668666,-1.4045132167837595,-1.8355225521748297,-1.484912083628553,-3.0029811467550354,-3.6256350799965538
1998-08-01,7.455159879624539,14.579136905315465,-0.3884739928653124,-4.339265470754368,-4.759671088307692,6.541674611943881,0.010196651841579918,-0.6447144388518169,-0.32829307240793004,0.5087471517386776,-1.0552953425406197,-1.5950935031423166
1998-09-01,6.821970804186815,13.34846428125162,0.7527150424473983,-3.449077757482589,-5.291964683854621,4.963599923823212,5.936295407220056,-0.23428108512623091,0.43231635859332246,-0.12039055399974274,-0.5555608766034938,-1.6006867516785195
1998-10-01,10.195579383876801,6.292905765466848,1.8879722916842252,-4.375638037933363,-5.901192910114416,4.776232261258203,7.136158229526423,-0.05096164352344079,1.1815583191081038,-0.20741679545390013,-0.7272191743922145,-0.5939813115993611
1998-11-01,6.931886316477602,-24.99153994407924,2.068172549164932,-5.552286822511164,-3.7118440104294486,3.605434919218921,7.544147332887764,-0.3915259505634834,2.847263731494564,0.08913778398330524,-1.0116892754687568,-1.409833748415931
1998-12-01,8.103269383978786,-9.192889878729119,2.644342616441763,-5.196570214612931,-1.5824731459349044,1.7824105987599448,6.301919613928413,0.29176576033964,2.4486252473575933,-0.013285435041184512,-1.7402326068055205,0.23929585160155004
1999-01-01,9.413781864297531,54.158085820147996,1.2400952247472967,-5.170480013193487,-0.6434557304341253,0.24388204055910817,0.2637006155044701,-1.0685157718193992,2.1686617681029383,1.4089024028590629,0.06565712620187975,-1.1455553639538718
1999-02-01,10.129237543242024,11.04034241598125,0.9409807683700858,-3.330195855877003,-0.006450922163782763,-0.9087978394433428,3.33107425731373,-1.6493140717292425,-2.331755790245696,0.8397398584844655,0.13807349769215876,-1.9889370566896234
1999-03-01,5.560999629096749,-17.988700219266917,0.6125249589812456,-0.820776895172616,2.236020858408542,-1.3843413305922898,1.4427836196797599,-1.1143970314900704,-3.3068128084676984,1.3293478130177019,0.6624883770968515,-1.4306754254164193
1999-04-01,3.94488985469446,-12.676324988477212,0.5288960524488378,-0.11306968868838563,1.0439913894682116,-1.8526252322553822,3.1198608664489056,3.1197447794134137,-2.5342167366884905,4.280641056596975,1.327151139548107,-0.8855561020425022
1999-05-01,2.5888659612741636,-19.023207795509602,0.3985956361535469,1.2382219496752562,1.0259963710118747,-1.3141376129703486,5.753087508719445,1.5484506393799227,-3.0500955307400477,3.457023839062151,-0.4239521906042061,-0.3524058856989082
1999-06-01,3.2922361706855288,-12.961702242399628,1.0276016034663857,0.44372349532922134,-0.8122293375048162,-0.5302871586556706,6.56619113506417,-0.20249061142267372,-2.3450640035245645,2.4784940530641633,0.5122933125759592,1.329652919621026
1999-07-01,3.5483300537087947,-4.536175188351871,1.6627270099211842,0.45620620091120384,-2.1975440779247553,-0.16034411065264342,6.331942423368556,-2.6147454401659944,-2.742274434664218,1.08948724246325,0.19828620926085372,0.3796700520962055
1999-08-01,1.9380354099257375,16.154177260659974,1.2866006454375467,2.8326272685710325,-2.6297809790616435,-0.003774206860933174,8.290035117198956,-5.442043293464733,-1.9663685476320376,-0.08441900566342364,-0.5250499998598702,-1.4449141957048846
1999-09-01,-0.14542908498785412,13.792981822595115,1.5403491563124634,2.3269483738570487,-3.6101065208130154,-1.5844881883082347,5.970187088574436,-6.408487577048758,-1.8452986704766192,-2.37617507571997,-0.6478337188351462,-1.3151361206307528
1999-10-01,0.9460519988020255,27.87428145711325,-0.14737017518435602,2.0572639962646306,-5.056172199512745,1.031254494832274,-1.3424783130438915,-3.6931412412495757,-2.6968282320734747,-2.4326950308158675,-0.8824689799544604,-2.2180413675844775
1999-11-01,-1.1533614301431214,11.563505300825085,-0.5039838892824382,1.5017824113733957,-4.711506665096911,2.2527801994461156,-0.9503455917925157,-5.051229731500781,-2.4944226722436684,-0.8109989849613111,0.1259148096015727,-1.8044886415586638
1999-12-01,0.28055630277325805,23.3406367350609,-0.462579428358708,1.719744811071692,-5.327956747238392,4.4906564167248035,-0.47658928681941415,-0.8726987239739991,-1.0203115679219008,0.6516808122946571,0.4672167563737584,-0.7097035742552287
2000-01-01,3.8867737636896376,7.9338269243766595,0.23952601705880905,2.179112161451249,-6.375273983217411,4.814041108252859,-2.083240258989426,3.3296542489179,-0.874833314191855,2.510332203445305,1.4817637117572557,0.20585364555061125
2000-02-01,4.03022022970832,13.967068121356107,1.235906394863689,1.747846022994286,-5.188858488153031,6.269888432577471,-5.0104181868206705,9.192283783870458,-0.623673174534241,3.6376221361617906,2.403562857835591,0.6174133670922567
2000-03-01,-4.979979121641076,35.9818300771321,0.6191674753806958,2.16951627348406,-4.229862951915438,5.5829428417199845,-1.8735398457157624,5.6059617923692535,-1.0341749841292192,4.239335701995271,2.2465142355199337,-0.3224013640251989
2000-04-01,-10.213260713174318,-14.780097747577948,0.7828692198600117,1.8395482050093812,-2.690920812658712,5.142973934157572,-2.828621703766057,-0.9656505784257078,-2.093924808231323,1.7706186203714556,1.473314037586809,-1.1808417545869216
2000-05-01,-5.802508183624468,8.073122691057257,2.7187027562596136,1.0025904327434487,0.4883659621311257,5.6542501294113485,3.225639096750441,-6.374671486785758,-1.6455860780611766,4.00791614613261,1.7177310076840304,-0.8327278417195726
2000-06-01,-1.9807856979575567,12.10946990293133,2.341615311661566,3.0508406809699062,2.0253835070461874,9.639251080921992,10.579467153443986,-3.7503571838033216,-1.4840409518342659,6.064549853408685,1.9141112126702122,-1.9617527711306948
2000-07-01,-1.1952192864501834,9.662261298806982,2.3082211905537884,4.827110898310945,1.1352194800429534,12.26552995742778,12.723157144938945,-5.832376575345899,-1.9099075053621393,5.105980063458362,1.1985249315751307,-1.7400536632236387
2000-08-01,-0.24852857876057088,-12.638603423243776,0.8627892949072682,6.08684254278875,0.6496695440353772,10.710412462328923,9.29212646617881,-7.400873146474681,-3.378816046864748,1.0907594144308772,0.8726845322588689,-2.8964341124162276
2000-09-01,0.6392299723340369,-35.43645094852606,0.4676963836116176,8.00779273921932,0.137599177779633,12.419877638906659,9.760614058786569,-3.5096824769517654,-2.190028042020536,-1.358968223482551,0.6637593834221991,-2.0433284860225878
2000-10-01,1.540809513102125,-4.400719031276303,0.8042915209175363,7.59844208740291,-0.8937040460589001,13.54134274256155,5.365672564677382,-4.837261305354475,-2.122869445309484,-2.0687255257805317,0.5804220855509588,-1.8948644939918329
2000-11-01,4.339156528880421,26.17530709382814,1.0234671690941513,8.54501778751709,0.386977784733446,16.798655443707446,3.1967140819844557,-1.8778935888280222,-0.7086000979170222,2.133041210422709,0.43365279955748415,-0.1397422050481374
2000-12-01,7.30404988049319,54.24044024268416,2.0700388448865956,7.437423167943093,-1.0464426075953042,16.387794240707716,0.9470892807890683,-2.6949102321303338,-1.6081112091936238,3.117865020380841,0.49682956984314564,2.4443846435893226
2001-01-01,8.021426061833912,114.29224064080756,2.547921455198218,5.604527650767225,-0.16195065893854121,14.60680609942175,-1.374942064596215,-2.7175812029207522,-1.1246643397487688,4.367916016617418,1.5696873784270033,2.161326776635983
2001-02-01,7.188932659741459,19.510202539628878,2.4105546762362637,5.607822031732583,0.7555865670226708,14.62074162948376,-4.15995388441503,0.570244903827422,-1.804456914272261,3.9503259179186716,2.050591948610588,0.9565194648697639
2001-03-01,9.65717189703366,-5.694831278513913,2.156576124537863,4.481155827176719,1.7668493152540854,10.09249311479154,-3.056310473358763,2.153324120076097,-1.754092726324627,4.4711226677268,2.0047858595009362,2.189886670604063
2001-04-01,11.909233976116989,11.684687880732017,2.4951516400307,4.6028539922588845,1.5460597122550537,7.39507621259388,-0.7687094245347599,1.629135353897973,-1.8052067819370994,3.354792400269009,2.0650254857489503,2.7897163178693414
2001-05-01,9.940648321769292,-2.11491570624505,1.9677492412807938,4.752132125275809,1.3764831522595449,4.270847452035696,-2.1973560279364603,0.40491528678837385,-2.7590479242271817,3.5533802433528683,2.3938963145982752,1.5764336769561007
2001-06-01,7.99471852877362,19.616051128773684,2.2632241836854057,3.9197518576131114,2.726004941600821,1.4653801565362683,1.5355124625639271,-2.907994310023627,-3.7775179318303094,2.592858137504956,2.4847857000336915,-0.8686783410091009
2001-07-01,5.211749854378116,2.7871967035635166,2.4807723911120196,3.027800925384441,3.0095210931255885,2.1731128516899014,1.265754725857282,-5.421386606929354,-3.1255563094490224,1.4223001199776244,1.2615974992961512,-0.3285475957157131
2001-08-01,3.9030384471892345,39.21249568900634,2.9933162467092664,1.6795830752403007,2.9163513276700854,-0.44736940689510807,-2.016706861364784,-6.989304043317645,-2.0773929089154537,0.27456867263685747,1.4889519586047846,0.7053280263175683
2001-09-01,-1.1695448506446513,5.461842304624994,2.7450521449150482,1.557203607908074,1.8433543341192216,-2.312206912940935,-2.781145746547751,-2.6388004879890476,-2.393411436096427,0.14437682089107162,1.3942036452968394,0.3468581290226138
2001-10-01,0.5332390841418126,-37.620817026505925,2.5289207605347324,1.2566020279612078,1.3666390115833282,-3.441995502033916,-4.527071075930892,-2.7947917132936846,-3.3132531181962888,-1.7920783453925024,1.5486381312982813,0.6977816599347364
2001-11-01,4.624932098376167,20.574500347970115,3.737775963019136,2.292423742951792,1.6023670755926176,-1.0894300809511588,-3.4842642841007487,2.6423330091860224,-0.7771381702671953,-0.0013616503889397613,3.3216368705778647,1.433356707760323
2001-12-01,12.196198957944908,11.449428459691848,3.7893314976639214,2.4265896342140154,3.622946272939175,0.5035258386116565,-1.635511812517021,5.230254232419755,1.2744349791904754,2.5513535958880285,5.171284842374323,3.4218088837875156
2002-01-01,15.183103636426178,25.985734318824335,3.9154110455880993,1.9253225843036041,2.031368978577273,2.551894924481557,-1.9188527527463912,1.810146027559691,0.6749854535588022,2.53597590740297,5.559695106234447,2.609630974689016
2002-02-01,14.051196786002922,87.59361273205874,5.1993667232592555,2.7169293686626608,2.050957329956027,3.470212428796738,-0.03904045267841516,1.8349285957689636,1.4353021275616031,7.669371309103423,6.307605807940991,4.610596983581257
2002-03-01,7.9588600765668716,32.208266400943174,5.048202892136356,3.789453924625841,-0.19371555600236023,1.5798700657614395,1.4038021087095973,-2.82043954695561,1.3993748420703864,8.0340155708334,6.3413699597186595,5.998025204229165
2002-04-01,4.492068050878045,-1.5678110238937677,4.542690555064005,3.8579852831798016,-0.3047906150482689,1.60091597430834,4.973164850437794,-9.948569898801022,2.7785417888142137,9.875028305882887,5.078860829809062,5.558503025390624
2002-05-01,1.902093909300181,-35.17432672773245,3.482621326955403,3.606198234827755,-1.347132113278195,0.891737206383006,5.1866672223778325,-6.022280358756152,2.9390499326496355,7.530461778238579,3.7866458529574656,4.466997699986952
2002-06-01,0.5340906029190191,-25.673933663424016,2.6389613588199508,2.9629709731290483,-1.0193812158847346,0.2978214019387728,4.096696870137883,-3.1068156290911313,1.9342077848244787,5.477347397831668,2.396678529374203,3.4504102139634836
2002-07-01,-0.6314325231073814,-31.34784615603823,1.8201225111806185,2.918714880400211,-0.4481329472913407,-0.5491423342903388,4.601361496356868,-6.106513523131939,1.6450773167918387,1.9159145730753333,2.2505983780849728,0.6678613102472025
2002-08-01,5.129580477209129,-1.9396774278302047,2.791594978343378,3.635281142093021,1.1640039708387022,-0.16990426492514876,3.9778636183020146,-5.299996782640632,2.0661138151916734,2.744920794581283,1.3501312382382977,1.2218289481753262
2002-09-01,4.773360207021981,-25.09378887549188,3.473298959157518,4.592051678267342,2.2369953725148592,0.42512554113522194,7.483582333152093,-3.7069219027350746,2.6724558052802703,1.7424733796460923,2.162907093373317,0.5915442716448406
2002-10-01,6.792402741574241,22.61865084343603,4.316776470024995,5.081537972276045,2.5042285314349546,2.2341149452539106,8.503585184854295,0.9454164882491551,3.1506073972939035,2.8114909418020453,2.46355603032357,0.1153479215853439
2002-11-01,10.4871327160167,18.320261855621062,4.956136162757016,5.524551073674581,4.4799398052546415,2.586997465607024,7.273018928883525,1.0836405747071591,3.2770881178639684,2.1447163309729285,2.1141090248118175,0.914484756309941
2002-12-01,13.393759452524844,19.97033615615959,4.619328563326983,6.141655070228611,5.132765049789333,3.992804316616881,4.3843328056433615,-2.860936134817091,2.4466638103793676,1.0492420702903318,3.57014520892041,1.848189236221137
2003-01-01,10.678680631935785,51.4509467009773,4.436426361999567,6.798582677293382,5.491014180616533,5.5281060608652215,8.77369844795116,-4.039624642650919,2.121236185949152,3.402525755374276,4.0847115143731685,2.0765060519253704
2003-02-01,9.016243744881827,21.36027057120785,4.465977362531012,6.401569921895472,3.32041053691327,3.176357638712682,8.118792177119234,-2.947967135250555,0.5549131927540909,4.528837146419124,4.689980525952681,3.3439856007121183
2003-03-01,4.1818078687392815,3.3089998843195083,4.021894093096161,5.391702384657657,1.1282572351414801,2.055084875946994,2.9935102891572214,-9.290392504969452,-1.8737267684702275,7.115302581534905,4.691236595657387,2.6605993822016094
2003-04-01,-3.0048864615209485,-0.2867762145409287,3.3309566534498485,3.501670736438684,0.47385496480157485,3.2953878910415844,0.9371246199122136,-7.457159730842012,-2.0239075673392035,8.385436893018799,4.9056205386315455,3.5696326837013412
2003-05-01,-0.5253275624344669,0.5048864334328833,3.30649538081404,2.807547027648556,0.8561970302948303,4.0554702805690415,3.0467232827500013,-4.305450618733122,-2.196189079717515,9.43534083745556,4.311790225082545,3.0479402242826312
2003-06-01,3.1378180550838066,13.189240827517096,1.9162236741338308,2.5225483170705942,-0.006427423403758681,2.3681913296711574,-0.03475543061315034,-2.924409265713777,-2.5376986067105305,6.6933243180847155,3.9406809723219007,3.59109288036608
2003-07-01,4.246217668469202,-3.7463032287859477,1.5815622311149122,2.694301934072887,-0.45399463584506017,1.4905282319965623,-2.873421189345083,0.4221518483589213,-2.561849251067799,3.241041705316413,3.1186016820816027,3.776215594178093
2003-08-01,12.09349857944973,-8.150848156120432,1.7669998344860314,1.0884408145355928,-0.2441609091866941,0.7086086083386212,-1.6920191578900483,-3.052757064548942,-2.3082905434721552,-1.4973241254535683,3.0058294652833304,4.38203640026946
2003-09-01,17.027167713240942,-21.131610062397428,0.24582813684569693,1.0882232859434964,-0.20270274234409835,-1.1479179156936543,-1.2302974180807258,0.11138620886659467,-1.6306661233582669,-1.6509327416545503,2.9701148595098896,3.2886128967580297
2003-10-01,16.086296655411324,-24.402980126870077,-0.9938439856151712,1.5302853459480814,-0.4030852260151665,-0.7101546728720383,-1.466984518883383,0.7874627692622242,0.8170554884570431,0.49804652412499095,3.603178859285838,2.391370020149553
2003-11-01,14.150167146332393,3.7713923623081342,0.3216798298464434,2.1492436383158267,-0.04001818021276882,0.672705474990559,1.7581876847277855,-2.3356587108466087,2.8405895150939746,0.6654673019024493,4.013270336772917,2.934268300602689
2003-12-01,18.074591708203506,24.64033883867465,2.272539490851737,4.157334965640893,2.0485984708719664,3.320599035059968,6.589836335297907,1.1162362300677233,4.074970542201721,4.833354126380499,5.730451851420849,3.02478832157997
2004-01-01,16.428780086874905,3.6709194348305445,2.255314350593158,3.8139956049419297,2.100604305365073,2.505769518048478,8.118705063105784,1.0591920316380268,3.5458014233865045,3.729565490215503,5.643721725658391,2.6233313971831755
2004-02-01,16.172544237520885,0.49839408146168296,3.5570099439313907,4.195356754273501,2.3161429726991374,1.8568388536324436,7.314764504374156,-1.7503782917202182,2.3764764288047915,4.974649154607279,5.313220446893141,2.186252995012688
2004-03-01,18.727566946860627,0.3028815741689499,2.638593806267157,3.5676702551243373,1.7268697296479913,0.6832846487198134,5.892311558124697,-1.089396422747174,1.6552888379132429,8.192930144907436,4.603097917918973,1.0484339140310275
2004-04-01,10.556163702474032,-10.779181213039521,1.306332078468195,3.11128676339255,2.672320549067388,0.6805069952145457,3.407969045674318,0.8846137677028301,0.8117056172695523,8.109452566454536,4.747329266057346,-0.14965211016832125
2004-05-01,10.815368030471825,-8.319481495148978,-0.5106252717418285,3.1115894665173984,2.9362611507604974,0.3762456653358939,4.807534357717858,-0.9955900023463871,-0.030765192520508133,9.278768806670977,4.743442539159537,-0.6920452740700371
2004-06-01,-1.1300124241153275,-2.324756011732376,-1.0733255094027316,1.7156388711244785,2.2951451318541163,-1.0205227497482863,3.674330099581754,-0.14941186805008044,-1.9295603565328232,4.442661609086312,3.3294663240660096,0.7159530248459749
2004-07-01,5.5653165985259445,2.1913150985411107,-1.2943458717906537,2.9152485424033596,1.4440130597784218,-0.3981145341138155,3.9239736724657783,0.9294516401166977,-1.5906033463180629,2.6994150229788776,2.5883273475032635,0.6629598007653432
2004-08-01,10.508369961293335,-13.666785612654422,-1.483126375239963,2.8374684646915846,1.212616609929543,0.03139916038837853,7.210945482313814,-0.8891571621138894,-0.5072763640691167,1.1753814235007214,2.543024799924985,1.1494509750065354
2004-09-01,3.330542800940055,-17.698128483472345,-1.5953228644169273,2.108939875457715,0.19443445306072737,-0.3006948354646939,5.588884215083641,-0.5744377437235659,0.7714770404694855,-0.08191447961751663,1.6037041260134073,1.3210144565817616
2004-10-01,2.85185501849573,-12.059078419539105,-0.22792078793776716,2.236152147992846,-0.7601075884790669,-0.2100074345756564,3.0714378837324956,-0.6384258091270709,0.354699418012979,-1.154515290133448,1.576255510879581,0.08387232802987699
2004-11-01,2.4656271676521193,1.7805583002883054,0.5431209228561764,1.1911938463038938,-0.005232664879703197,0.8904728375234874,3.700695764690079,-1.894947245835306,1.8414351929022326,0.5077629256762801,1.6626880569547602,-1.9971089828182662
2004-12-01,3.1727070294268422,9.858979754569646,1.075410137704182,0.7905807738656487,1.7113202436827968,2.2988441848804952,1.0661051916965256,-2.8386803559042857,1.5018005724301418,-0.5192717992736711,0.8824092154692345,-2.7454387467085795
2005-01-01,10.712452041440661,94.474140872084,1.3052140522613467,0.7706850397824452,2.7359994877700937,3.09335284763784,2.397798151261224,2.025241083734615,3.4576749642353333,2.717386438620398,1.6534338268222646,-1.8816660797278906
2005-02-01,4.820683960478833,75.88039321725711,1.5061272474384575,0.7540166855666994,1.7032550487375682,3.215417461374095,3.9520139033820962,-2.7277397853705363,1.7382108654485293,5.624574286246344,2.3149656378598595,-1.7985653737566833
2005-03-01,-1.393314195029724,36.67825282472285,2.8932585957532533,0.27875847667381626,0.16314588029369892,3.427362628193455,7.311156629647801,-2.897550328138097,-0.8810753749684395,3.501986521870327,2.180175087841713,-1.3467981039601988
2005-04-01,0.7220436597241395,43.76304418670645,2.832609374599345,0.4005360574594703,-0.2984156632082833,4.56197903089663,10.575126174114532,-0.02468345174553299,-1.3622324201085494,6.578534170013363,2.6264657528052995,-0.0037197893340588095
2005-05-01,-1.8558129741344018,16.251756690471154,1.419491026666556,0.8210449962674864,-1.4441719736519172,2.1358731970925726,9.758997031782496,-2.773430578785886,-0.5437228655387942,5.053353450102293,2.6638574547249543,0.670834952327592
2005-06-01,0.6941180518613965,5.648536401344614,1.2893624774128334,0.3074851178646272,-1.630913276738423,1.515385874805288,5.017268784512655,-2.8705815187571044,-0.9108925929609812,2.4754610671843,2.1539987420934263,0.39865905744621877
2005-07-01,2.195057125002906,-12.436582609748939,0.9756396405448466,1.6712922007274393,-1.7992842818069383,0.9846598694239024,5.61742260229806,-3.1571411981394277,0.07593147814289836,-0.2237822852003255,2.346699778186762,0.35588908929578444
2005-08-01,2.503253782030818,-0.883293088755579,0.7376451039315679,2.1726730233079254,-1.7181763421312772,0.7339796778987022,3.5874424498409088,-1.5612577507934375,0.34046256326569324,0.6462375621824332,0.9085028427804294,2.4993270940435153
2005-09-01,4.707093095024248,4.1300237359214975,1.1355903688385767,2.9466963314506693,-0.7543751619736789,1.1025310388772374,5.4086532537017575,-0.3069428104051788,1.2419351243111585,1.1803708044166719,1.7047130140641116,5.265263660349999
2005-10-01,-0.6006161097993594,29.970671423880106,1.827722878959583,2.103161470827159,-1.463968155154312,1.1766961102956328,5.236181218938787,-2.276031240098746,0.22449984052257133,-0.498043261875317,1.262129692747997,5.7852413520577555
2005-11-01,-0.6098408978420427,-0.3579441651447155,1.6467327870980544,1.4667762373107927,-0.9908900778947647,1.1387708445993603,4.633643940972377,-3.996455220514674,-0.3216386934704456,-1.1057909036858629,1.8568250708763383,6.656464678385836
2005-12-01,-0.6123706819316546,-22.503306287315922,1.3305842447888825,1.3657288092249416,-1.050894855709127,0.46704939674685075,2.4033053162976277,-2.5688021461152797,-1.592013164318172,0.8881739060130602,1.7331975820191206,7.626682468827216
2006-01-01,1.0635987177245863,18.615846901841223,2.2608105211251615,2.2029881481652396,-0.8748057676409031,2.735061654944566,7.636707792542582,-2.36205440097582,-0.7447516736808355,6.223466627854323,1.798985020844777,9.270950541634042
2006-02-01,-3.40289442864405,-35.1023594172359,2.2987902162796283,1.7596114883990852,-0.7571232168949162,2.8000364492912873,4.014733967320174,-0.5492344583075308,-2.7395671135602004,7.50230819672201,1.0706993534040476,8.696171072375304
2006-03-01,4.381337076449547,-12.625882376891752,1.9520934871578621,1.566400245313785,-0.5803861150581997,2.3306766088219746,4.6434309187762235,-0.32633681615426546,-1.1706893230538293,8.335281952384017,1.336804684398424,9.26337389122163
2006-04-01,-1.029431047620779,47.70127226423932,2.500177562502586,2.3918157256283337,0.8749208110335331,1.2619011808794642,5.38444082308086,0.6413478257135949,-1.0408148353097708,9.070695630736278,1.8079584717706867,9.589581593398975
2006-05-01,-2.3696157688960877,21.431728308416723,3.1727103141164092,2.74539808545319,1.1007201563559432,0.9227334186662608,6.725991532727306,-0.6492161848743798,-1.3058439169189198,7.7468143956238364,2.522304934954021,9.6828005382833
2006-06-01,-1.1383267587337418,-25.982131241497825,2.8127100078017704,2.8298106262017297,1.828004458998898,1.16553676370238,5.118325660168557,-3.0515930028536538,-2.5334395884362717,3.180322286606035,2.5267390394530995,7.961964586867574
2006-07-01,3.106702861455261,12.879091426435537,2.2310366515495517,4.306387153034887,2.8142550114583957,1.2949147612214729,6.206499591576842,0.8456073712966905,-1.607201333199133,3.6767276528746624,2.579935771994954,7.660110415864689
2006-08-01,6.164359459338613,7.855782025112262,2.325234343875122,3.5973857896432513,3.80517792043065,0.1782998706492025,0.6777522491872556,-1.5397903966719344,-2.1376990039770902,1.6553887994340002,1.2144887026056557,4.145765802663437
2006-09-01,5.13245100059636,-0.7458159728109877,2.0800304485067747,2.780641404796852,4.056357459413487,0.6748748601378551,-2.78762654158216,-2.1594102298008018,-1.3926807547718756,-0.8600316230280853,1.4597431573642927,2.6114623298467343
2006-10-01,0.9228880840147546,-16.710907961530836,1.9250374131345867,1.7679406365211054,2.4814945118496814,0.48068045150899774,-8.807042031992442,-1.4618752854210904,-1.325439075141074,0.12543312942231388,1.1419665670335606,1.811630527217595
2006-11-01,2.6274188377541847,-7.42081776061508,1.2870852415272802,1.2573747730913345,2.082133499299199,0.0840658956539686,-6.737196004608242,-4.8066035287168525,-1.59518515036548,1.1167573471905587,1.2401522047496254,2.7475143016590344
2006-12-01,6.2036262764323435,15.218450342291817,2.3439612278846456,2.2182392671689968,1.6136511078397824,2.2955923863462706,-0.8524835895590481,-2.6255362076766247,0.17113284600536538,3.4563646950691336,2.9202669620316923,4.304792065202569
2007-01-01,4.071204758808641,18.660150135104402,1.9527707792766296,1.3082861303109619,1.4459164846835155,1.9591847782059597,2.7286887924184935,-3.530765126845619,-2.051888066045752,6.079787881089748,2.7626855520726457,5.406023494461868
2007-02-01,3.368138245575473,4.4687348529166115,1.4773643665378904,1.3439583694957102,1.255885211567537,3.007676634056401,5.5351229493719405,-3.0609526953579653,-3.048542517200107,9.35295370689881,1.9340711374319364,6.031943389852165
2007-03-01,-1.7394252296760193,20.720627729819455,0.805234962615812,1.6705242160253135,2.2731859366402025,2.3723770500477466,10.098396531384427,-0.9402474756657284,-3.338370489845281,9.729687394212645,2.890437243383449,5.702548352393769
2007-04-01,-1.8996702958770353,6.49663763352703,0.02435058188143291,1.7337257496929563,2.697869236675783,1.9721976977046394,8.776766244718207,-2.2350153961265242,-2.6260058303250533,8.215476486579197,1.681850254080615,5.180991174347633
2007-05-01,3.790289432944876,-11.003192669751058,0.3259559354657733,2.151779572498326,2.1471480924594557,1.7960537482461882,12.074627415153389,-1.496001978474757,-2.281919308588831,7.481926641350594,2.1865734452170336,4.591564587287878
2007-06-01,3.3707968215762207,7.172837730981371,1.5549530248135697,2.8910715126666426,2.1480641249656536,0.4482829676008002,9.56593437620872,-1.233947859805392,-2.7132823429371515,5.27144672357975,0.9380469940210929,4.267847854552325
2007-07-01,5.490960011547568,-0.31435909794646477,1.3211905005048967,2.1055241687761432,2.513050990519522,-1.2464398642854695,6.411956159971121,1.1977873242930954,-2.357448107741499,1.425958697545564,-0.12443144831369413,5.934130860664249
2007-08-01,7.1717295404680605,10.20368888565639,1.8847805361119567,2.350763691988342,3.3731514000326017,-0.9226448758453456,2.9150160561120018,0.8097635311172091,-3.237436022692114,0.5666171504823687,1.0294008610648904,4.164504863897056
2007-09-01,10.115205237965425,-21.994853002585444,1.7871485357810148,2.5631597300903914,2.3280303807864566,0.24662975750225158,4.607412772692683,-0.4919436680159528,-2.429133901553724,1.8352147834164132,-0.17953070828452233,4.172156759756685
2007-10-01,9.779171349792213,-46.85688868538682,2.8628631616092024,3.228833839050905,1.7098959257906134,-0.2535018361666088,6.207322043748276,0.1742906950855314,-2.0262174678498557,-0.49433537459156973,-0.1635034498483261,4.681744616259267
2007-11-01,7.544300626781089,-5.956755147541628,3.08989141639776,5.115104086926193,0.09169858196224645,0.7899861879953063,9.39600093704191,0.9144031787117566,-0.4005792284557099,-1.2611791284301699,0.9067544037043236,6.751835619623093
2007-12-01,6.432340274378278,4.966602063487812,1.9426088736809115,5.758004014222151,0.014621742727714881,2.294960640421408,12.462615867026052,-1.7100289019963153,0.537101817337458,1.324369749155359,3.193676741031032,9.368180581183307
2008-01-01,7.4454799115774275,16.313584032897552,0.012332445886404919,6.205441422277235,2.2261446648969354,2.9484254867341546,14.293442065235265,-1.1284625102191779,1.9819185769763807,5.5371035953916845,6.619735054905722,11.965248615990108
2008-02-01,2.8288171709887067,-25.882376029785178,-0.07965994845183832,6.101683318659834,1.829128593183321,2.283055978160676,7.579634720223019,-4.369135653764701,0.24727444541225196,3.6206010282151215,6.430015440401467,9.243908099170023
2008-03-01,-1.9434547457436508,1.2976079726216199,0.777906207739659,6.512939936517219,4.060290134391297,3.1668111619135697,10.173824880742,-3.3460387657178536,1.327735249202985,6.9137715006334535,7.985992472127988,7.071005430599574
2008-04-01,-0.9933188744745483,20.124783573676325,1.5459374815431821,7.543608417811,5.661449993728051,3.8572328935890976,12.355076267379976,-1.5786812758136257,2.912139298009884,8.308458437934746,8.583162537588816,7.789310523682024
2008-05-01,-1.7071754283727838,21.665839770018408,2.451585989011364,6.971124783023698,6.924492152652713,3.2483414514548317,8.764159614280532,-0.13585525315676072,2.3324536122937243,7.360019360572089,9.321967580808685,6.560777098603207
2008-06-01,0.3819653211202745,2.7270717230468335,2.1968437843375193,5.867340204453856,7.272348544302816,1.043679494578278,7.835574195147407,-1.1259681884280432,1.5928567955708708,5.029110268001004,8.414715660614327,7.6901191102480055
2008-07-01,5.760848913510079,25.65344519077297,2.4096998554425086,2.7332696350994174,7.3725661244580145,0.5406830683635775,4.369695810778898,0.10185039305070553,1.9672790230019466,1.0855200440677812,7.4264773302472395,5.781249764126791
2008-08-01,6.62118726355733,30.201212196748997,3.278262730993503,1.1159187832861672,7.762269667833218,1.9420573436179014,2.5340236509626504,-0.19674800675844395,2.670410686080319,0.026517453932912716,6.332599863786791,6.669832979233455
2008-09-01,5.85456757629321,-14.482935130568649,2.668613931825628,-0.531937164566938,7.442654468242328,1.4785152406854891,-1.2634578743381084,-1.3452347480385498,1.7915099841504256,-0.29114612063794887,3.6785251459676696,6.719683740325234
2008-10-01,10.413883240869634,9.214414461425463,2.2189198916945196,-1.0838980884460074,4.477223100377369,-0.11376710039409677,-3.4603390597150163,-0.9511601982567157,2.023215890898582,0.838925187995434,3.2934030320191194,5.773595605271045
2008-11-01,13.651981734353559,19.12086164415706,3.6808249209599126,-1.1924729513819745,3.5955690800543483,0.852778142753043,-4.757140762861269,-0.23722881629952397,2.6473087751910622,0.21669878099031692,1.8595503916716414,6.322889703053616
2008-12-01,13.766747507575833,28.501441953583253,3.5505102175136622,-1.7602774535468546,2.7715708585506826,0.38010798340136187,-6.295272729115032,0.9187051768619661,1.8504347158472223,-0.5622862768929835,1.9012566454482611,7.755250888504229
2009-01-01,12.908804986373177,5.010770314575836,2.6701302594639227,-2.431002418428135,3.2198809469156675,1.9937893232097457,-7.204516264791051,0.4257423059834444,2.5254801740605277,-0.2467232545622231,2.1636101523791336,8.410233934550714
2009-02-01,11.508176822576807,-22.287316434198374,3.6161136591613534,-2.0647473893136254,2.8216289799890557,1.7605667625750456,-2.4610100674551187,-1.2093429611011217,0.9971353538386065,2.2367140196327036,4.068670809438033,6.834454359164945
2009-03-01,10.55258986005602,11.68874511621641,4.853668546484412,-0.5236904504643727,2.028748315645231,2.136483714170886,2.074756281466005,0.19814757574782504,1.7467278310183962,3.217723809400521,4.44263634059952,6.330578714252526
2009-04-01,9.416277606249327,3.1064216719592537,6.973986493708386,1.0494402350609713,2.862939896534236,2.4011324543255883,5.0590364682570055,0.3711720724277683,1.06812811292287,2.011786703216792,4.67207735032592,6.87704902644711
2009-05-01,6.846197260886342,-17.84638398763849,7.4351131169007845,0.7912203196974819,2.602501229440068,1.9960955013063213,9.36379348507044,1.0141861919746518,0.5049200355219972,1.735047050382617,2.9469679159855477,4.567649219881685
2009-06-01,3.274955947873549,0.6423934603762973,7.501645381787485,2.0754792444272665,1.6288974645383352,1.8967304768774769,10.064115067618207,-0.13059008603665845,2.4757568809320487,1.8025416029148325,3.142019461870653,4.727627242835603
2009-07-01,6.728423801162059,32.426554456398776,6.711393413679349,2.957757835238307,-0.11072244503567585,2.085172330871978,12.937918157526028,-0.20126621062323835,1.6595959791082784,1.0735768693462688,2.075195676201851,3.6747959063081117
2009-08-01,3.187473354209704,49.780448007279176,5.257240603624487,3.2889811431377654,0.5006113838733599,1.5478953062484893,13.591032271655049,1.5164744976737978,0.32633018892631416,0.8812692813257446,2.300306810788439,3.8239112169973133
2009-09-01,0.6632796307132729,-16.534533606907985,3.9310641930068124,1.98576718668913,-1.6210813507464685,0.14593323785459855,6.531402609529437,-0.7238795347684679,-0.0021492851849611583,0.8322499864025872,1.507657006865962,4.904261355091851
2009-10-01,0.3608274305724777,-30.321642058367786,2.2011512645476694,1.856371163246953,-1.3883303074177302,-0.30725143470446437,6.117747709019195,-1.6148845327714056,-0.5311204891142189,1.976884711919503,1.495740893743501,4.971226169516174
2009-11-01,2.441312759594222,-11.686283938760255,1.778059503036796,3.1581065581379315,-0.9296196810468196,0.5417480006619035,6.5866296065647525,-1.2020847363787617,-0.3879448082085082,1.566876110235361,2.4621316198139382,6.908371985986731
2009-12-01,7.7659687454629065,-10.189111697409771,1.118718736196871,3.5110955427998354,0.16047617390050561,0.9322115492552152,3.359958950510837,0.0951792690321831,-0.5338327590455592,1.5351402120981348,3.2357924069527186,5.266582503373381
2010-01-01,8.901977894377984,20.32010978391935,1.6490813601243697,4.483789943751126,0.8776095964048674,3.6789565869138574,7.290080812417976,1.8706176642004344,1.1100263944388589,3.5709064375288975,4.401435420992762,7.120239382885302
2010-02-01,6.925863690999076,14.191251753206643,0.8184723755868824,2.423999257989454,1.3834914657812396,2.51241427623041,5.1902819940611185,-2.094750117134602,0.9464919451579652,1.5210199916890303,3.398896479853743,4.075360076395034
2010-03-01,7.031644057666398,-12.162413582829856,0.8876671867299448,1.8360896774396975,0.9194748076304631,2.081643057137133,5.977767504082294,-2.9704734158673283,1.2317380904933444,2.3605227140703295,3.1472253850698335,4.174447897539881
2010-04-01,6.539008204491523,-7.354493129369985,0.7680260759034843,1.6879500244335395,1.9292609410503623,2.547118339414226,5.506940877146448,-1.7987460713119567,2.422451122520048,2.340030618589841,2.778328835711199,2.516714231490596
2010-05-01,8.71752228005828,-12.011748927923406,1.008748853460939,1.8265602975906168,3.279781322064051,1.6191256028820904,3.0218603031197144,0.346294793967612,2.55867989280575,1.7810586907608243,2.203476888835823,3.7107512514131056
2010-06-01,7.653402771247624,20.069730907683493,1.3203498944442735,1.5313810661070963,3.905030795385202,1.5448282870530603,-0.018807584534659583,-0.21017484589354396,2.153246561369815,2.1437536679982667,1.9078062302542422,3.4944171820278846
2010-07-01,10.716801532700142,0.599558928462784,2.5868647287954145,2.5807983236571603,2.094922066522831,1.7768649617417172,4.2312178685414,-0.4513138603208233,2.5972562424023105,0.5915376960241119,1.9854243130956943,4.475777496908212
2010-08-01,16.097080531005677,13.409422449465296,3.1870327437878023,4.96970738322766,2.6245830284452447,1.7647237946442669,-0.12351086537392497,1.2566834202115054,4.15744839648253,1.6993333850551373,1.855425267950059,3.2419526865257087
2010-09-01,16.747658914600198,-12.869311647636096,1.3309835351871522,5.531157438626631,1.6483828741109825,0.7310354727728905,-1.4477949899866882,-2.3628970812784083,1.5273920025325793,-0.12487872257089805,1.2896066872119576,2.409049815798989
2010-10-01,17.78835951720722,-0.4248656489492646,1.110342228774698,4.594118670764119,2.135707592079145,0.08192953198935982,3.164650851552528,-1.7938721405535105,-0.03539665776313505,1.0165201808836173,1.8900012412451597,2.1412348924536326
2010-11-01,14.698162001922729,-15.40430003157337,1.2049997176737328,3.979683263012828,2.8052138698015945,0.7928150863747128,4.0976066932513575,-0.6338426280426113,0.11489471414938635,1.708506696386607,2.042680158544333,2.713609009868456
2010-12-01,13.810385047408992,-14.337031403512697,2.2468448327450146,3.8482091579495483,4.5783813581209865,2.5369178974377826,9.0561581311037,-3.1438434025565343,1.0000083750664155,0.569433283639663,3.3926051491628675,2.62909423864928
2011-01-01,13.845345597432864,2.7574007389731605,2.996022538776443,5.086882685517752,6.175245302442529,3.108064547692064,13.378102101765665,-0.3822566443244604,2.588590718696504,0.18745578395120255,5.3672910909971305,3.8461629203424454
2011-02-01,12.049217589424046,21.521960126284057,2.6102927467707158,6.370304441788689,7.284429117786255,4.354873582929514,12.636478097420149,-0.180639582680584,1.1617180659643127,2.4834024149820024,7.32067068133683,2.7443307412984606
2011-03-01,10.286037043690545,9.442572465127398,3.0505592786301623,5.369223280693925,5.171475195873831,3.8438104875856496,8.89848996389973,0.21107146944390465,1.9596313168891166,3.4179453236850854,7.032310419326947,2.4053367176166134
2011-04-01,10.281390212818764,21.685151246920896,1.4510597986964537,4.445885788702285,4.548457061080784,2.690371009321386,4.789765952058062,-0.5017478835564226,0.11419288096854796,1.9079700528196284,6.543822045231244,0.7609385565127198
2011-05-01,8.114024918272023,21.779601541231898,2.431300185491194,3.6689270903894355,2.963003880607295,2.7736801413770813,4.66949042467243,0.4026408253749665,1.3561641438597158,0.7758925962050132,5.787770800919836,2.069575585114036
2011-06-01,8.89966210541747,46.55806246283197,3.4763241427685605,3.9389211936641173,2.7071500739668393,2.6500392077604893,3.814790335644016,-0.8115109551891457,0.6276124635907436,1.8401606723216908,5.502164897090671,1.7471301097637877
2011-07-01,9.373092867225566,-25.485887261783205,3.0539223487688707,4.326265205137943,1.7845438127270734,1.188502133456172,4.507114595135711,-2.862040387296851,-1.0535213783529054,0.3265593802508029,3.72472644738206,0.5649641718341272
2011-08-01,8.288851408522032,26.025166043460274,3.9844989644494797,5.402743746469152,1.914490035371113,2.3138479188361227,7.028006745519477,-4.727114229785833,-0.5584679654986067,2.244647586163376,4.1281872082083435,2.3880390025447387
2011-09-01,0.7679206068347995,-31.212240248157002,1.383572704199521,4.0659263433029755,1.8828030902186157,1.0347683755816846,0.09873851902342778,-8.657329080475819,-1.6146183598012191,-0.5598826782179245,1.8321956633420404,1.1185819716989585
2011-10-01,-2.93049437510518,29.91058122581478,3.277604753676486,5.000885572904067,1.8398650806375594,0.8237962933052607,2.6226153647701658,-6.649667882028346,-0.5220109214488629,1.1151059778105363,1.6949016255589555,1.2428724569460723
2011-11-01,-0.12995513738652775,-34.57157364927389,3.0804832652469,5.153669658982345,3.6972751650235596,0.37083446241842744,1.9740484065599944,-6.2710903669508475,-1.4355577444364078,0.5233105214686606,-0.2029357978624633,1.7707674662368351
2011-12-01,3.02306522758267,-0.40578128909317,4.373994273066498,5.503815331495277,5.695462410355024,0.8915890904910828,1.258115012294498,-4.208543858746342,-0.8233164539787801,1.09540728851416,0.9901546115344573,1.898463114151788
2012-01-01,8.678717303615311,17.198062176327028,3.8382934700667892,6.499208209111687,7.190266911737376,2.4089595321997272,7.094694048059013,-2.005520796190421,-0.32074212480849695,3.2848182062245534,1.6116038994232387,2.7391061535345216
2012-02-01,8.299990390313205,24.091848082704644,4.267581108919074,7.712071194703898,5.645746372198312,3.223250193389145,8.45556062478424,1.0455415210736838,-0.3027280911505059,3.746776230133964,1.4057041899517229,2.831123913806655
2012-03-01,7.17908995209913,-20.70804779383917,5.170318811999583,5.682495914637117,3.5574270250839817,3.0955181319045675,7.8057723803523835,-1.374791243264582,0.8916724790486406,1.253274354585912,0.21160012524509142,0.7618517309430963
2012-04-01,3.681362308375178,-31.42480585055847,6.11512398883784,2.889993037929278,3.5998550533501223,1.1410892745570855,3.564702215435915,-0.152377502062631,0.775648420159059,1.000100793327423,-0.5092310986110204,0.8995383028173318
2012-05-01,2.7814750444888645,6.2901952414943025,6.736785304080095,2.89848328668395,3.581743787404572,0.2511756566368408,2.017284575144199,0.06355354401163993,0.7473302019485244,1.8359737636970301,-0.09744193531016254,0.9415106487142797
2012-06-01,2.7231971706005744,-2.6679187332858305,7.391064542625757,2.7430231482928074,1.31531699816298,-0.4804465907435347,-2.5612519626926655,1.2826602530655045,0.2118691260311687,2.1737610445496642,0.41157391894170914,1.8943256040855232
2012-07-01,5.756516113202984,-17.482306931010896,5.981866917554801,3.6665373147433913,0.44447228464206745,-1.1846707351427526,0.70821330688503,2.9001373677901476,-1.1255563566297981,4.2866577270489685,1.9014870759461386,4.331573398734793
2012-08-01,4.162776903740188,-18.80900509518642,2.729175168852408,2.987310928678471,-1.0062113930609913,-0.5869391975146225,2.299054564975698,1.1508112426190102,-1.467690915344507,4.079073692906356,1.2167863916032493,5.3722795698287005
2012-09-01,2.338296157426182,12.281780016339837,0.7212054073862184,1.9606311130118215,-1.4450541452839731,-0.9465857241350992,1.7785161880002,-1.5214814162910315,-1.911535858582564,0.944918516699996,0.5385989638983153,3.9811070765895327
2012-10-01,0.5654579494797076,-15.93809747036778,0.855334158426527,4.72991180245242,-0.7091824981450721,-0.40412176406377753,1.6571213885910439,-1.0249254764919833,-1.7317743557253626,0.5771751172863873,1.645142263012028,3.292732672450102
2012-11-01,0.27217511891567625,-39.50758633742191,2.529429271686464,4.414105549369753,0.7168557122610091,-1.0578465910082002,-1.9315469124645332,-0.9085048978533656,-2.9426490386565183,2.0960450402583035,1.0152142501640737,2.4980036937560044
2012-12-01,2.7051491142697373,-25.10839823674729,1.9128229234028247,4.135380674444519,0.41369284583611066,0.10009815627021545,-2.508601256235238,0.272329915569113,-3.2912480227890644,0.7015953481419217,1.4409718397047477,-0.4294455628565572
2013-01-01,7.0888604870482155,21.006338329887683,2.2557446726138437,5.327869699360413,0.8103869354509152,2.4803878712771024,0.7015594840012476,2.962679471289423,1.2451075280419506,6.585425516852288,3.6790246698727422,-0.32980548764291306
2013-02-01,7.374481476055919,-33.261591819350315,2.292902378338943,4.193715092971109,-0.4772480687551566,3.6246347861606747,0.6702211271833427,-0.031916038409864456,0.701948368509429,2.6520571899218552,2.492573297356345,-0.5361707448665562
2013-03-01,6.303275068118349,-16.993552633523393,1.323845227952531,3.3052621641257636,-1.4288650455851597,2.4112692031609413,-2.276498892988343,-2.7054865458965054,1.8189490789977212,-0.16995613092262118,1.7184811977164767,-1.463259091162417
2013-04-01,3.4787465648238367,-15.85206190909048,1.3747098351836264,1.569706643922049,-1.6752975972340227,0.5502476246661399,-7.036269354958039,-5.145524979420948,1.9728039877551442,-2.0941279052489463,2.2248320578986167,-2.2828899642879588
2013-05-01,3.1650615928292716,54.1167207837392,2.847846385489037,1.9349826618164858,-1.433309463220409,2.9768192743364565,-0.4177374413576338,0.11166181176522016,3.934166184526709,0.3450669657542207,2.532338453079107,1.7782675063964657
2013-06-01,3.17980586484758,21.55787715062229,3.362515588090777,1.6600909460057345,0.05824626040820036,1.1296724382339978,1.8900508013183845,-0.11341439903604567,4.1588464863498125,-0.2567871057619797,1.9017330235840886,2.6851301054235233
2013-07-01,-0.9589877385137697,24.87034409996909,2.8979351620335185,1.718919585465935,0.2014941386666793,0.20238631554672182,0.42701725009491653,-0.3092402338553768,2.9483061877658434,0.05444807079201652,1.0942859367006461,2.5954709855887828
2013-08-01,-1.3272672465701945,46.19926329825421,3.851794538341318,1.662927653043008,2.338684665643152,-0.7915294159924873,-1.3596604119473419,-1.6230082072007832,2.1088043667583216,0.8111354151072021,0.3893782452441732,3.9827340402515397
2013-09-01,-1.830015041384982,25.946437834758967,4.201467052764281,1.6063412723883825,3.1684751761047902,-0.3603760688539399,-1.5056614726571524,0.3153241119605923,1.1568594056844121,1.4382695915924302,0.07195846009820173,7.1342260602004615
2013-10-01,-2.6636952842618484,-28.101387264976154,5.0251557262800395,2.7988965176684015,3.752738391229766,-0.08212445860404927,-1.9878516133411068,0.7757005286027088,0.29719371622521606,0.42398886660916446,1.010084497925269,6.243265203455728
2013-11-01,-1.9573136465541978,-33.78362016569008,5.482607595805102,3.867485170721146,3.8534617616548026,-1.2797404827303023,-4.540602007942349,-1.81324605351789,-0.14642489300974493,0.14462287180121436,0.7510020802211335,6.531737785026014
2013-12-01,0.2106882826258918,-41.357624382588256,4.976104301743964,2.9172512712797207,3.170946842178182,-0.647729932988117,-0.6741034734615639,-1.8329970801279636,-0.49427948099345986,1.2416996878456281,1.343513021426232,6.49425685667673
2014-01-01,3.1213759981432787,37.4183544048297,4.539169065912716,4.416260675414272,4.241010635543942,2.9599002524061273,2.164425184321475,3.233814779523918,0.9700522293966465,3.5418681937907444,2.1558554456431267,5.920747445939753
2014-02-01,1.946333148141779,20.891908136749066,3.3815223927241718,3.8051859676407247,3.621808131262646,0.9043136287597076,-1.0775192346762275,-1.9387084475665617,1.2196325882907217,2.067633652483508,2.180179716726512,4.601655206989465
2014-03-01,4.184451380001402,-11.54926107779579,2.947321790952813,2.8347774827856878,1.779809244419269,0.7906439222405943,-0.046635134051527416,0.7319094800673405,0.4064805478583935,0.9508442851530994,0.9951076768697238,4.90861017411344
2014-04-01,1.6552969546957144,47.33413416613553,1.9778785000823724,3.1285712829445167,1.4942620887136133,0.3145570349469402,2.145035768687052,2.6179197992680407,2.058536834158991,1.7181538605896165,1.6387560163846704,3.68783425265004
2014-05-01,5.068629204714732,-34.24705009445222,2.352724173271774,1.7240581672706803,2.616471822320343,0.3862459572723349,1.1598570854959114,0.005036815208413259,1.1836383871326683,1.0343138117136448,1.6347063437486842,2.460579256021431
2014-06-01,3.7512285380388164,-7.177572227074279,2.1300987423830886,0.8874314519917625,1.6608807005773807,-0.9526765464569174,-3.4746778940494814,-2.3221610636606513,0.624431105938422,1.8414109207485794,2.4842018870514977,2.5258888238025197
2014-07-01,6.927358810111677,46.99848013120629,2.6874147343648715,0.7045940504842454,1.6018561099502762,-0.3552046362296011,-2.7846101220751045,-0.9762951048063684,0.4888577134820986,1.4927906113759057,2.3540238594956104,1.8227904817723086
2014-08-01,3.701854984818077,26.22870066676228,1.0713994647222336,0.515781152653422,2.2020839152365763,-2.1036490459673267,-8.048364572843443,-3.149326767329992,0.19722314070891578,-0.45712990795577113,1.1032214451313953,0.43864412106530004
2014-09-01,3.052159236153358,62.29879580284296,0.7612001921660898,0.5322052131497053,1.5215785210730743,-0.8318272331747849,-10.171593161178494,0.1668232093448303,0.9086149151128522,0.027281173782295554,0.9295074342665774,1.1571669618469116
2014-10-01,4.60471902554222,315.48967412551633,0.6883819562116003,0.8625291450819939,3.4835531068833996,1.3859880355616152,-10.43326451844015,0.5200163239393873,1.211458146280381,0.8536226269411351,1.5551485433931544,2.8512657268169086
2014-11-01,1.2953777836384006,478.06843876338473,0.4991385152071395,-0.24362183144067995,3.5889940435831917,1.2991111541038354,-10.735411182786223,1.1152823282849305,0.14170397063481754,1.209512439168055,0.8095800629012508,3.550679231712179
2014-12-01,1.0658766296151398,719.3782589364436,0.14497368998853855,-0.10617928904849183,4.586440025348218,1.3797594942496936,-9.781731009071141,2.0132070709023857,-0.49674407163237166,1.8508516839797657,1.848429636191482,4.03752522675804
2015-01-01,5.8862148671213745,969.727542275122,2.485593862586043,-0.48149765399248956,6.51528276054044,4.5991460086894875,-5.554738760881863,5.739057929816209,-0.15921408923476577,5.099125001438974,3.6932306744618293,4.074808939476078
2015-02-01,9.465292716932613,849.1037082090199,1.5696428724500437,-0.08390825466646579,5.840732445698436,4.451912241936165,-3.1111102017575316,3.470321014219625,-0.0026127657904169155,5.577334500331705,3.811394523572834,4.686408930577752
2015-03-01,9.114869581351282,788.1462636910701,1.2077655443830855,0.5822677938638252,6.207006152086464,3.4667484923105913,1.1136995860024115,2.501522087296017,2.121214846859952,5.804159977112935,5.1710922611295285,4.946288038972362
2015-04-01,7.971895516068255,573.839876659002,0.12080442467235475,0.4047352829576729,3.994295872879471,1.8239321385026575,-0.4658760961033117,-1.2898191478075347,1.365284130201963,3.460498862577886,3.6217559687589675,3.343826990766331
2015-05-01,3.4185248063201676,417.885484530752,1.2733239320303547,-1.5024403439104033,2.4726625041553767,-0.09419567573216803,0.07031725054741855,-0.8052416577125356,2.131278511075048,0.4975285387903341,2.161371570901018,1.6323990751831605
2015-06-01,4.979143059388559,283.4029482667262,1.4059092520333891,-0.8017453438191771,0.18529593249750143,-0.04861970450737729,0.7417335040572652,2.5557115704523383,2.9604811752834674,0.046231602597476495,2.671635206068798,1.892335411879147
2015-07-01,5.3177105425976094,142.25505881097183,2.3001313403333477,-0.4835100061938853,0.5986004059071668,1.066831783583952,-1.5856702079170226,3.503810440325527,4.508144150736971,0.9692609994585375,3.1243275184107864,2.9841597342292214
2015-08-01,4.297032992123796,70.87897108633217,2.850425771868581,-0.1746189630882844,0.3758739582709065,-0.023299691175415305,-5.166371717093213,1.1433078153278942,3.5517307170358237,0.6861445203051808,2.452779518897712,2.8451699819699776
2015-09-01,3.3083286588131706,27.04130140717143,2.3525106920133005,0.8166119637294944,0.4111570881111355,0.019687225984993617,-8.624552855982362,-0.07978477547650442,4.132096603547867,1.6468456583623485,1.913426704777871,2.513668747581132
2015-10-01,1.1185922449630255,34.86527641126975,2.7448255634192176,2.1791210320331498,1.904583893252406,0.8733826150310122,-6.9101351745302715,-3.65073064344746,5.141264900850807,-0.09537454285247904,1.4931876951999516,2.930238658238535
2015-11-01,-1.605367044287128,-5.657763637366543,2.9288939432922785,2.5177813084744205,3.874636162573509,0.8095484697382851,-3.6135813963473282,-2.778583478846926,4.269821009251341,1.0853120859164385,2.908986110610801,4.498152162033254
2015-12-01,1.9130910355742934,0.6923429705764192,2.3179835301514284,3.4684368489145436,3.94891270897946,0.4159740998244583,-3.5928116558628993,-3.0844298103824492,3.3568296748173356,2.591069851454332,3.0961090314838717,5.272584480314736
2016-01-01,4.593852075418109,-1.559377920796237,1.4222249560766471,1.2027556947032423,3.0396205004205594,1.974652232099558,-4.042157804802869,-2.005712139562945,3.6148003908470745,3.972760909497616,3.3092356308637196,4.07493675684931
2016-02-01,5.384718080814995,18.998131894717517,2.1554282920057144,-0.41732462419170346,2.283519464388762,1.982144146068519,-2.604792746999955,2.1609052467469567,2.4028047056091264,2.2567928487956586,3.1718287330386445,4.534676088845156
2016-03-01,5.083549249810936,20.365648474826344,2.081305047946387,-1.4069178803720312,0.3431549105075913,1.3191887446588328,-1.920220300019789,2.406083754529007,1.2754211580452743,3.354593756286377,3.1689248829159133,5.007739013508191
2016-04-01,4.191254434301509,-22.403523536835678,1.5328911374441851,-1.6762857699330471,1.1221820110106941,1.3594686612864741,-1.4830531791996329,7.758780317273349,1.8729958633139443,2.720081872314534,3.007714505734959,3.72217441940076
2016-05-01,4.500639938690362,-32.52444907703932,0.7199531643012769,-2.2081605017397603,-0.13897909645211293,-0.01278778143682402,1.0026012331858674,3.34880437942763,1.1933393100475325,1.3962165024429751,2.297428112867986,2.083716497211391
2016-06-01,3.010404636300777,-13.577166305730202,-0.5572430619557398,-1.3700204359524122,2.0193720671088506,0.6410262633615211,3.3373746386823058,0.3095605044159626,0.5936901004243751,-0.019897782998089752,2.3340410438704735,-0.48636814297769604
2016-07-01,3.8030774046831333,-33.932421323607855,-0.3394397544059533,-0.3028051927271349,2.3236459710796664,-0.07123906549206183,3.576521685241236,0.5672405197420325,0.2872873948269792,1.5970343143421388,2.0842195417380935,-0.752645078282054
2016-08-01,6.689043511739758,-26.208953026789573,0.41763377529868606,-0.23196637794288932,-0.5964776141007215,-0.35932235861733197,0.677273927388935,2.3468715165170764,-0.9856374322029318,0.25622540591215426,1.4385791282156486,-0.45405609899534305
2016-09-01,9.515250491652953,-1.7688285140357038,1.0773186765679412,0.9343466639002536,0.9120222245437954,0.5051741250790709,4.2903980847705085,1.4705728513570406,-0.18826545548772344,0.9905740728075827,0.8740947558626164,0.310007900502864
2016-10-01,10.591197855418613,-6.112880736373086,1.5644589604516916,2.4553796205724865,0.2797140823836566,0.31191825115544525,4.040756682027055,0.03900885006073551,-1.9622668349123717,0.4670108684005392,1.118083669211316,1.5900794640257416
2016-11-01,10.759988124531574,43.57860163484452,1.3795946986263763,3.750334057846283,1.3690173408093322,1.2687474724708814,5.439545672293988,-3.2908671341286997,-3.832386507397903,1.4245686840957248,2.0669568230573336,3.0797433781706065
2016-12-01,9.906369430573005,-1.050273353907869,1.6037377558624062,4.017479217287228,1.1056631509358112,0.8231726793147214,9.419369055903427,-2.586560807000442,-3.0481226889871085,0.8495205183474432,2.27793875665785,2.976640817055669
2017-01-01,7.524791115826076,8.173076646358254,1.1446297588657766,4.376848541082243,3.130098718861354,1.4084391782473702,9.455784093655453,-2.9789701717037183,-2.309408801139412,1.5130831426500073,3.967922121153653,4.594403908056677
2017-02-01,4.664405821909696,15.61504217393258,0.48727479598743884,3.3798782121076183,3.006382352308469,0.7108265040085175,7.238098094993465,-5.239464570205158,-1.9175550277198816,1.7917636366849337,3.388410532303336,4.1559859332726
2017-03-01,-0.9375945517422402,-0.5192130557219343,0.04407210127579475,3.389621524984353,4.346047856161259,-0.9979051476064349,1.896055164043343,-5.438136767686448,-1.9879244713889168,1.835913283702137,2.6383826201055864,3.9122877390193462
2017-04-01,-1.3312943698401583,14.411761740191878,0.6544444476666715,3.4468273795158524,5.0058173632678695,-0.1416353825848411,0.8606135981181673,-0.27210247753839667,-0.7893751485597473,3.252310065918909,2.9732778288303354,4.677755122252238
2017-05-01,-1.7924091528280144,22.628804618785125,2.0125883892561376,3.3779766846113484,5.63152176594348,-0.1475352737862412,0.15095162675716978,1.3397270120627311,-0.12911991729488115,1.7342782255217735,2.8742862525366704,3.9713171048636706
2017-06-01,-2.598781687810856,-15.325927683320515,1.8510361095102006,1.7589895430770692,4.25239815113051,-0.2983768732151457,-0.9879448089135998,3.964993986798145,0.07287448512005668,0.6815477674842114,1.911139769637737,1.395488496272197
2017-07-01,3.6876647009565353,8.401349564056204,2.4787403088393862,1.2661303331023017,3.0621413918586082,1.9952780756143031,3.3953921402577762,3.6842425525452036,1.0255731930418577,0.7388663047262121,2.955140732976284,2.4975890590386953
2017-08-01,3.1136684132153505,-24.628086085933774,1.6019724459876628,-0.09136862575260096,1.2695627089561548,-0.1721226507659246,4.334559918228937,-0.4011260115599633,1.0139625284430593,0.5759394326045673,2.3638491824694388,0.9849533836380626
2017-09-01,3.1297416826413773,-44.810501841933274,0.8663154894375804,0.3294001453734534,1.851605821590768,-1.90842242928802,4.609048719792138,0.9343616975464037,0.5012078523245833,-0.30600648345956216,0.8879000084140287,1.558824178817508
2017-10-01,3.337578794996805,6.096751834752126,0.7755500258531356,-1.3363207313338883,2.2769285029515434,-1.7759924670852225,5.891398082183137,-1.9884434985215798,0.83317663965218,0.9167466819703733,1.6383273939664473,1.2427269855267866
2017-11-01,6.565313440342294,-14.001177056351366,1.3487462397617733,-1.0469528379921798,3.2626298862217205,0.526533133836411,6.227327353971454,0.2885936133610798,2.1125220432820857,1.4729676238744887,3.231975157971174,1.4951681564399362
2017-12-01,7.245880800207946,14.017971010973042,0.35815185001153793,0.08088343870537074,2.8328886086139207,0.5345339981159682,2.3710646758755516,-3.866173977675359,1.6830958936658398,1.4859264696847205,3.8083840890851164,0.427202823561446
2018-01-01,9.965823813722992,6.782467566524701,1.4210312749856904,1.1184284529446487,3.220882747562287,1.524090076827358,3.1002158666227437,-1.2140574301791176,2.2777331315178486,4.407036438434222,4.732479496349509,1.4052523973075246
2018-02-01,4.346952415516277,-37.4671907913995,1.0116011801244618,1.4149611139186842,3.0807091841418277,0.6430376424036144,0.0003539532305829596,-4.698628425676958,3.102994105083056,1.138080714431684,3.689956202829176,-1.6638482600182396
2018-03-01,2.695302669655362,26.81479500258797,0.5601171941368968,2.1213503631765462,2.928583950029198,1.608189174812523,2.073293631002773,-3.639413355132181,3.2278016580515523,3.1814421100335117,4.08962509806093,-0.0817483993025192
2018-04-01,1.1998230708708029,87.18963240254232,0.6219471909732306,0.20877449347098143,-0.8158044002540716,-0.9151450018754179,2.982969168758707,-0.66935712500932,2.332567971610242,1.8078780137401473,4.287835187016803,0.3171157206687809
2018-05-01,2.461438572662221,11.885675542629315,-0.15612242789035413,0.056715347396973925,-1.2291963257799345,-1.386249097183926,4.786957500411567,-2.3358011310970497,1.7574505931902333,0.6038626571383787,3.540147715261927,-0.09586028897120613
2018-06-01,2.6759060670838295,-32.21083463064144,0.3364253745440724,-0.7590267363155458,-0.9344318254930712,0.22330236015995375,3.2151793538828066,-5.078094058637525,-0.8077080374036445,0.5003348730511767,2.234930136373505,-0.36117366886671753
2018-07-01,5.636726449446602,1.9486117590333834,-0.33457475527495006,-0.8096030216094565,-1.6757361421532888,-1.6323450331065104,0.8127432609389231,-2.802556324044133,-0.3541628992345611,-0.5350823170089747,1.9558268661155047,-0.7109825752836159
2018-08-01,6.669685844303544,28.359371834502667,0.024655863949998746,-0.24989262863197226,-0.748168856617001,-2.6854355728097286,-0.5957485866736896,-0.4086510509903576,0.2865740039113902,-0.36892089407142237,1.719343132980061,0.1406701512384032
2018-09-01,4.805154556966745,-5.397788340614397,0.705706487136057,0.8605789506189243,1.3037749002997607,-3.3954077814274815,-3.1826694160750577,-3.0984133632821624,-0.6243775837898369,0.42469596276918864,1.842527704364759,-0.4352436148332579
2018-10-01,1.6405426603930842,3.9269896174361065,1.9401048823923723,1.582958425951544,1.3042634470320102,-1.98890468432473,-5.823938486902698,-2.8401841112457404,-1.7561175597190335,0.6416053512622995,1.223142265239991,-0.9343964377719036
2018-11-01,3.6979359014110322,-21.89566843486716,1.726669803962162,3.7085354888801696,3.2271546561117734,0.0032535344960731294,-6.060631201065554,-2.6507716998964597,-3.0453436315332674,1.6898920659793824,2.8771061732516134,1.5341825884205402
2018-12-01,0.8587247421382678,-23.75717340894937,0.44129381591450745,3.288235790025995,3.8133813924264217,2.226956103089382,-3.4583098944225945,-5.7964773872293165,-2.8698242996286147,1.8955831638766796,3.9214723092724224,1.0551566152893521
2019-01-01,-0.2384244168114087,9.985330455752774,0.2130411097608249,2.0355928540403614,4.173351408661597,2.3684022565363687,-1.6734042268386204,-1.309102614134403,-1.2163751353643537,2.7976887468812457,3.2224456312576457,1.2769492457089218
2019-02-01,-1.1640402942507393,-6.338609224322454,-0.1791078654308773,0.6566841501480578,2.6895385057342693,0.9945338321202044,-1.490126367534181,-6.069791565896466,-1.2337249264829122,0.5450039957262369,0.7296716082578083,0.22170412734165446
2019-03-01,-1.7197186653311043,-5.529179554444454,-2.579023752545689,-0.4133956883893255,2.4639261978792657,1.093107806575853,0.3145401617059136,-2.514208665343105,-3.391958066133933,0.289752154841608,1.0120460751468698,1.2384242301150596
2019-04-01,1.6054467291599934,26.487135185846682,-0.6529104496782647,0.9803677761252629,-0.02573967734464233,1.5173559045284986,4.58440025118982,-0.4655349873731467,-1.5619655312979095,1.595876971622463,1.2924320477865194,2.9144213793700295
2019-05-01,-1.1902747957376327,-9.529122951285444,0.5781953141952645,1.6539141875135144,0.15220703424900606,0.2598940866175443,3.6423672142326424,-1.592809079601313,-1.3885856644664507,1.8764968768683694,1.4960382414848787,2.721096509771751
2019-06-01,0.3707217144199788,-18.825773247431584,0.8497853529398842,1.0031740336584622,-0.20841228204718298,1.8432316579441537,5.25817779289018,-3.5857478548148904,-0.09955545668607257,1.855858371003631,1.7160311138344166,1.8597722797050054
2019-07-01,0.6348320232563331,-34.420864817675124,-0.5157742677586317,-0.05626155424351964,-1.8947562485594727,0.4619840471581007,3.23711557027967,0.5258571466746602,-0.9833098849977127,1.089909743355424,1.6198487971534945,-0.08995052393285086
2019-08-01,3.844648770925893,-1.4233229056378605,0.6121826113478548,0.992733272416098,-0.8112537100276853,1.2030887754011825,6.09824567076717,1.740151128973011,-0.6955099876274424,1.027863213929411,2.374143029904685,1.1891043787415576
2019-09-01,2.960066610329484,11.07757551668658,1.046925177152902,1.5899137819948468,0.2631872813335896,0.9157259308442072,5.45380902167615,-0.6075894471875998,-3.2558754887772974,-1.0656412720346111,1.1796108866154036,1.1513440162482844
2019-10-01,0.42053849519115616,20.166141509264662,1.6541765281301988,2.031818411511585,0.9895741283420545,0.5222833559784625,4.460863159467337,-1.2338166473546721,-3.0102737606412795,-1.9293478183389325,0.23473459701277832,2.093345117899366
2019-11-01,0.7012193348245432,14.536484080932155,1.4536563331900556,3.347562232513921,0.5049225915444353,1.6031994146072872,2.3862579499026566,-1.5679958568802164,-3.9008064203599933,-0.7026699717058449,0.34307081343737345,1.9762220608016303
2019-12-01,3.574521057902345,28.372463077935095,1.2883539196277507,2.7451250991913163,0.7583315253233867,1.7708100768987158,2.71061863297081,-1.5868574609669608,-3.1215606166102905,-0.6188054194287389,0.09003960607125805,1.1142546177196433
2020-01-01,5.0253529320941865,-20.310315642302385,0.6750862000995301,1.367864260019715,0.9382269680225797,2.7479792358557518,2.4616849551597895,-7.863199439766262,-2.342622237536995,-1.719623390652501,0.502043358693582,2.013703901603238
2020-02-01,5.128890914881545,-0.7321912820953003,1.1586775501713493,0.30573699623084494,0.8939260888590148,2.150277133868297,0.04903896944956898,-3.7109195887806123,0.7116833098819324,0.04763691239859469,0.09521966900047651,3.1457560011011054
2020-03-01,7.4994730500366344,-4.170024432630271,1.0925092148633428,-0.3750482391748964,-1.1582693300216302,2.425631632836094,-3.7187731933423755,-1.448421222048026,1.4766352335078583,-1.9761982486669645,0.9877389653835973,2.7485806942849553
2020-04-01,7.242460003847974,-6.60089050617546,1.1329851309130632,1.081205239909659,-0.5620356207951023,3.3888376895077172,-6.81936717858655,3.1764996657148927,1.706412160646975,0.14298342316430634,1.5201260451519225,1.0678828257820356
2020-05-01,11.150016133862508,18.11589677958068,0.5757448217421572,-0.45028423071793,-0.7397238883706123,0.7171989503908982,-7.450260492245889,3.0014809506737095,1.0211493857182568,-1.121534335155392,1.479490988565109,1.3205487544855679
2020-06-01,12.101326572580515,42.934553957195476,1.8139070594019717,2.1611272391046157,-0.4314097121439797,-0.5945912454194033,-1.3479554268325344,6.767589580640276,0.42072236692758125,0.4318835540101844,1.3902529810384543,1.7185121341125456
2020-07-01,11.165751495361338,14.81323009918708,1.968341214127129,2.2268567649788675,1.1012286804133637,-0.5294121198434656,-2.09095895663431,2.1963692711423306,1.5551468977526692,1.2356274486788301,2.63882056938918,0.42673628950478637
2020-08-01,11.98935931391409,-0.09443728104827187,0.3368089781527299,1.0508052118260789,2.5714390581212703,-2.0750063765010225,-3.3771193476543715,0.5065601426659043,2.2404333553633595,0.14380072475756123,1.5508582619037306,-1.3007177483726124
2020-09-01,7.6879188606562785,-35.988854794797135,-0.02099626383988351,0.47257628262677365,1.5048882233157208,-4.838371327697532,-3.4388115259862815,0.5812843472555542,-1.31554003296708,-3.7141642561633184,-0.7135564628847906,-3.5110513839796287
2020-10-01,9.566508620343974,-11.86103685537762,0.6528919861414391,1.1170459004608944,2.617264695898095,-2.2918274851329254,1.2425282856830684,16.93167541789809,-0.1079479435624382,-0.3137786586274025,1.5665316198699824,-2.536683610311158
2020-11-01,11.999402384726526,-4.449034433284851,0.13096075968198662,2.779431140970745,1.6183163813508514,-1.280397040629472,3.4251065957468256,24.381349960858614,-1.0589447195408397,1.6207904339530899,2.8074644482857067,-0.7616348918877307
2020-12-01,12.92519187700104,14.05134027304689,-0.44665218169131116,3.590331921901914,2.9269023591335976,0.23665873636132062,7.434235065594759,27.00673752901453,0.6528892246394378,0.7423060718674357,2.65754999902337,0.16285621976730802
2021-01-01,11.532954902854943,-4.884404929247694,0.04995490894362398,4.159720346949992,0.3681201129379339,0.6270899449240712,11.822027550644137,26.25548105362384,-0.06783226509533513,2.607520643838658,2.287830048631614,1.5354948934742758
2021-02-01,9.233389592744732,21.746230152915132,0.692410985600624,4.0731336371870395,-0.4552043048391603,0.9210093226018436,13.340095398198816,17.55157758320449,-0.5569148580800451,2.654948901035027,3.181510575647726,2.0910302795805062
2021-03-01,7.27144916177031,-0.3570560348438221,0.6623696840578983,3.806517048968484,0.6092903806517178,1.6133415678870442,14.222218336583627,14.945129105388787,0.7344918359145609,3.2491301572781097,4.084127957513752,2.9807181584547493
2021-04-01,5.748327949846221,-2.0585371975020053,0.5878393795471659,1.5217470712879226,2.111284836447897,-1.8451563561189293,14.04862701246537,6.501589719049392,0.25345505707783644,1.962772169243859,4.329179567498807,2.6203815863238162
2021-05-01,5.1369684647208835,3.9854125346861338,1.0891283746960418,2.450634165934023,4.97627459924058,-2.0098713654656173,8.945875126072547,2.4478979392522575,1.6265137267535827,0.30137193020994957,3.513174131467588,1.7175661904249733
2021-06-01,8.394749004975363,17.774594077161282,1.170680174997715,2.5350514663567054,4.633940045093153,-0.584599527745084,14.703451682394576,1.9185881960675957,1.9372611039697336,1.689967213694807,4.18147763555959,1.6775167852287343
2021-07-01,7.712677553357292,-30.743682368310374,0.3168992734595033,1.5465581137635027,3.7384928031678353,0.44955568355199915,14.374243352058485,-1.960312030869126,1.8320948075761994,0.34425997452252943,4.857010658930452,1.1361000002978585
2021-08-01,9.932553799796352,59.21911815199496,0.6972250590982103,2.9247794650740815,4.150836113897562,0.008738639975305773,14.173662912128641,-2.246093675384344,3.088743942832174,1.9006617468081295,4.42509978355938,2.8700911012110577
2021-09-01,7.170554026075827,20.18626891886629,-0.12134290274589787,4.413539800388307,2.891320878330017,-1.354302607717976,13.203371503461586,0.06556689872465427,1.8590343908374685,-0.5715735172736949,3.2931524619235457,2.5391465403348477
2021-10-01,5.071498115394419,-54.18554232827978,0.9954585240939853,5.700610706927526,3.599860490259193,-1.3733969969500723,14.284762690997852,-0.22102543519091,1.6095465530523452,-0.6149996984013804,4.631837166203356,1.6268863422327513
2021-11-01,6.820399280963446,-16.207757632764583,2.3388677683368293,5.596070663004747,4.837277945558068,0.9955496010699019,18.61236915011281,4.609819535370654,3.194187351940597,1.0943168609368072,6.239598877280287,3.8353851346074226
2021-12-01,2.998058483312409,16.972218343551617,3.492800121806642,6.04683595077249,4.6529848773878175,0.317915270872259,18.677723561677006,3.9097462146570763,3.852037675757515,3.3228160747446402,9.11911430623431,7.761199932052499
2022-01-01,4.567419591660556,35.835163174505965,3.720065000716362,6.070725608771921,3.9466636946787776,2.1286521377625895,18.721834248972144,1.188273311491109,4.061983070548571,1.904934840698619,10.667247098241248,8.541956037216679
2022-02-01,3.1874311615906628,17.38466375375424,3.0281590111578645,7.137971761626289,3.981845038723362,0.07546153294361879,22.68458134368633,-1.2219525225551777,4.874575037066483,1.042215821012661,10.560933220134835,7.156805118281666
2022-03-01,4.4126791360303805,2.306700052957467,0.999510327938264,7.084585128521425,4.707798585139477,-0.7613621501903935,18.25408824418703,-3.7740100986893452,4.2305787629836775,0.38357934096662305,10.42151670267393,5.840994770937559
2022-04-01,11.64994045695218,43.9589704208322,1.8318087510267365,6.753509620408078,5.504655954318467,0.6402203234791237,15.942980218804095,2.167818612875699,5.809001991001942,3.0495739707530127,11.031029895110875,8.953773025695883
2022-05-01,11.22908859274322,-8.837269641088028,1.8746944159950818,6.052522269814014,5.025932728128966,0.19589704578749512,14.34804352516747,0.3209110313512653,5.712187994804786,2.6047215814590636,9.907466463577446,9.424334969605674
2022-06-01,11.41377072336265,-14.005144925012473,2.6449266878152304,6.0854338580703295,4.936751823105704,0.1284311424721114,8.758152939552051,0.48264726870820596,6.690816494403633,2.2141857697986467,9.173926499471223,8.636757913720675
2022-07-01,12.471380566695629,-1.4234643728646006,2.531823174368556,7.048931464433053,5.017029431461632,0.49050724416840197,1.3133510566803075,2.656317682671265,6.273884167986706,1.996382494855542,8.334069735366212,7.1999902752245575
2022-08-01,7.673721878906001,31.562981094680367,2.4756365739067743,7.3593288687353535,5.472582244649164,0.13042966255109611,-1.248758755288904,1.771795582249446,4.850572367532106,1.0113351531672272,7.2144762100569935,6.612478239042677
2022-09-01,6.9916134938207435,-13.201051263114437,2.0349625110985485,6.264011258113522,4.504277681154168,-0.7791256799278585,-7.455424861297921,3.743217155444974,3.782540806493733,0.16430023640615943,5.752470696003794,4.717883224807451
2022-10-01,2.303270323124213,-9.047905175145615,3.389636796508414,6.814168707765678,4.961934132864005,-0.0790916021031034,-10.985602683326729,7.464002258903527,1.7261413995584665,0.3035965836197896,4.309146503940655,5.75859874765521
2022-11-01,0.5729081635950699,-32.073534355937,5.7910052553672084,7.227113878885294,5.472571080237644,1.391948314678455,-10.182495417880489,3.5823429573697894,1.8515312887102873,-0.05069904601612052,3.9033675496861626,5.572966497144293
2022-12-01,2.375439421809862,-6.162019289802743,8.181029705024848,6.7877048172386605,7.060757956127327,1.5622495500704936,-12.278905903635994,-1.0169923213436363,2.5742333186881083,2.4012775010239302,5.842778032231159,5.882986205622046
2023-01-01,4.573555398376254,17.934500357187403,8.679929820839979,7.000427205414455,10.419948361721442,3.770324298725802,-8.978167766294725,0.5629393399248812,4.605599558121121,5.090072478282014,6.260641627578682,6.203576037862609
2023-02-01,-0.4328280979999697,23.86597023607203,5.961819468645466,6.1621263044392265,10.045208456648277,3.1397176339979787,-9.699459615060114,-2.6237219849649875,3.684131756912583,2.9281442806469045,6.539614655759676,4.806379069368068
2023-03-01,3.5395094484593415,18.05666493115723,5.725822105070636,5.325035553844559,7.837101384181397,2.031819101494797,-6.358638725003502,-2.1023892837938902,4.614814723289383,4.029573709295519,8.271278257231273,4.9274747111377195
2023-04-01,-0.3636810926756091,-14.36658647842546,7.102954136532052,4.127685391855628,6.3814172147445944,0.5393972026313953,-3.1927483494744777,-0.6967474182389992,5.034710986853467,2.031805438019262,7.673625802131698,4.1287506142630175
2023-05-01,5.5171095680637166,0.648022876641221,8.082166900633998,4.127405569727468,4.834700253772882,1.38775085436097,0.5703309174821953,0.951952228876678,4.9755805716387425,2.2585284999571016,5.017973390928663,3.4949345226759867
2023-06-01,5.481637693596976,-32.166960230058066,5.833051804326754,3.0162185725391044,4.233334754190862,1.5412555356536313,1.503149276332465,0.6204120654490666,2.5653092429099438,1.3983581569825816,5.507930995954592,2.87118547738239
2023-07-01,10.068673911466846,4.031299377782943,6.71868446809885,2.157177920039066,2.492822295317433,0.8854215198838986,3.3516264429602565,1.4750216472541808,2.001602775922505,1.2162639755744316,5.786061294301019,2.954987515198539
2023-08-01,15.120270473984029,11.344043020680829,5.504250860402445,1.3138573776108462,3.0014697025043233,0.9176265948500415,3.132772950553111,-0.7020766337704885,1.580652272679826,0.4938019446175481,3.7990822838051876,1.4755884731931044
2023-09-01,11.262980173881072,-14.115123769801244,2.7024716005704583,0.6136679409317001,3.0379163853238467,-0.290386546048504,-1.1098180009171834,2.177312768943942,0.30058020489281034,0.26351346375542306,2.2891893877118186,2.7453950277245998
2023-10-01,12.686551651060668,-37.19207971509343,4.060680247821262,1.302087683303247,2.9958190479664655,0.659942350718616,1.3647619353179152,-0.7851708530890704,0.528905253959639,0.004996769945684321,1.0461497636567767,1.0055257096396613
2023-11-01,12.867158870352501,22.991076833296916,4.20051779039178,2.1943002757510097,2.710994168561056,2.1866228506977023,1.825112239631757,-0.022243870747139738,1.27141242651712,0.9549558771141022,1.8480589788550006,2.0309244861099405
2023-12-01,8.615546348119821,-13.751740685374557,2.4052252061895487,3.195824911225074,2.4333182851961794,1.6868090884393183,1.72506081655105,4.450676539041581,2.7432299182094386,1.498190958951099,2.638738430707143,3.850145312452783
2024-01-01,8.282883130565725,-23.245789215377386,2.2826823663560862,1.46063790174804,-0.2723228227341945,2.5056830076082637,2.8348389529367246,1.100995083489721,3.3326445691328264,1.8184912993171274,2.631581013959801,2.7003429796974725
2024-02-01,4.246916665329408,8.290710700729619,2.4968484022843676,0.8569470152364751,-0.20550540691721153,2.7660932032868626,5.647062081467258,-1.0070840041982834,5.681353088924684,2.04467313975195,2.7085776286013115,3.142972947199464
2024-03-01,2.572382970572736,13.787199449059244,-0.27323559882136017,0.5467434006482179,0.4350361995339451,2.4603473752608487,6.301627669224157,-0.20291956596184235,4.731663469885499,2.668395447907635,3.3656855515335202,2.8383250822883834
2024-04-01,2.802374106452909,5.038135244889077,1.1909883785284094,1.7114643940185434,1.3356672498483189,2.693024438040961,7.358728473506783,0.19962190645866684,4.2942582418653,3.4141121283640246,4.486429809585655,3.4222570817952924
2024-05-01,-1.7579357899280694,-4.288790271737184,1.593580505579478,3.1101003568598493,0.5407932451267552,2.443090872686245,9.592218157459651,2.44980699842489,2.8210894900974974,2.1363049615338845,4.242293866882202,2.1109644573387722
2024-06-01,0.7224407182551857,-5.605824547766474,1.9123659788353944,2.2655378025843245,1.7487535372412655,0.9575126670038259,6.041773609791203,3.046470420367939,1.1789051636586034,1.6676378554888345,4.107660833742873,2.428543754638431
2024-07-01,2.416135218104234,-6.970177928134149,1.7397874023430067,3.5889326920416025,2.079623047936134,0.3867604997404328,1.9968851270862658,1.6314878051150359,0.44157226551469897,2.4865539086052166,4.224591576622949,1.9115067779946155
2024-08-01,4.554757623096528,-20.703001220132137,2.1225738093405564,2.59064394021801,1.2483919374726433,0.5460627653046881,1.0253866315211724,1.8904801481167013,0.41547825589119647,3.413969906155458,3.2473347306017093,1.4121536400255206
2024-09-01,5.71248872637473,-31.45695412628868,-0.3087901635637582,1.9805945885428518,0.46394552249419796,0.8406419639630869,-0.7196103064344008,1.4413779376768332,0.6592073009674131,1.1907306759128211,3.5652576618566822,1.159244900186927
2024-10-01,6.0452698952625425,16.22810017153745,0.08644199443238598,0.7557906215143451,1.742077312330954,0.17962445108628522,0.44591512790563925,-0.6238565722327536,0.5218710839583043,0.1134468629474199,3.065316445614302,3.0944977527199757
2024-11-01,7.612242031576578,-18.371910833057314,1.4443074418275028,1.5682834284232943,2.7445484452159796,0.8923869797181396,4.125405804368949,0.6349853075283107,1.4622233223561931,1.5009466197971228,1.6202673669798386,5.075916761577668
2024-12-01,8.269202630276542,5.020220221259592,2.399130951609404,3.430874905941071,5.033482758402877,1.4942639079411304,3.493606376100658,-0.30004573627345366,3.1595093737129005,0.9767867606850871,2.1785841222020697,6.683287116156437
2025-01-01,4.338666382023984,24.355039629747353,3.084853523246105,2.354363140755021,4.387956168694007,2.32968874657867,5.563479180906956,0.6760772425852366,4.891698348062109,3.9322692474511527,4.220303762470827,8.38518667870937
2025-02-01,3.2896066000782263,7.611606887157109,3.9736181040689083,0.3952680108590467,3.982600984358176,1.7824062051699574,3.275528960964671,1.0039148467700088,4.2080569354007835,1.6052422346293866,3.780261355083235,8.029111791959465
2025-03-01,1.9851915519545962,38.24355061345034,3.705229632724583,0.9409151366396209,5.015744258310599,1.340921313995727,-2.618932989970947,2.7029189193014176,3.908724782238556,3.3164272809036177,5.073227943818317,7.254888524123473
2025-04-01,1.5529260969571546,19.71737161430542,2.1945995671695453,1.2822625057094452,5.459079175259872,1.96395598794453,-7.106143453906391,3.02999007120156,4.3206551776702256,3.2755648048399344,4.640240545695054,6.61726318215587
2025-05-01,0.11928558630395969,-9.233300547257386,2.4895819920442417,2.5042610876882847,4.3055490209061045,1.0000275266608885,-5.832083610097424,1.397790676884675,4.082368512056341,1.9454274639763938,2.770949299577179,2.791558291219749
2025-06-01,4.812400138028654,-37.804681651209194,1.7041179908562594,2.7132518185676293,5.3989270162179945,0.21174196883049312,-1.9707378802278939,2.529383991993683,1.825524808631421,2.2966058257012847,0.8986854582387416,3.0497970387408593
2025-07-01,5.882313473084327,-14.928730948802581,0.21194007483014232,0.7873285875820688,3.007592345334711,-0.1002014553627042,3.5228662496041743,11.115529934342376,2.5564040843960694,2.3497055738517183,0.5404334990911135,2.6860648758416588
2025-08-01,6.3422882538388485,-13.610379120507673,0.41172166656373754,0.3814079553756837,-0.48046834174282527,-0.22244299802081002,4.537852397344697,27.61371131433704,3.081149645894085,-0.8358076942323898,0.01915193380236957,1.282934316539139
2025-09-01,5.671765404831564,-15.80562590297734,0.5625460093138308,0.06497196260180971,-0.8551588089582847,-1.4621190965707775,6.831130262926461,33.715557569154974,3.411958775410543,-2.60425113152397,0.004333947776350655,1.2739748783782119
2025-10-01,7.065876833612119,19.06577292385282,3.285767004097245,1.0882302078931705,-0.24560233204883986,0.5862286274973094,8.31231718209823,42.97941842189662,3.788860455934726,-1.787201454112111,0.9597900026106085,2.5585438710864317
2025-11-01,3.106256479545337,-14.291063497975074,2.1181454040383603,1.7565854045537481,1.354185912334584,0.13469893267928157,11.840862038105087,36.152827572965066,2.120794107775467,-1.8580942673929712,2.0847426729324425,2.3118974685759426
2025-12-01,5.488499406141731,16.41096969182172,1.5075902770135805,4.509560037471314,4.1262043217629385,1.1716385076953095,9.709328552073224,28.0891003986252,3.5410691848642273,1.6144005985291017,4.5248328011940515,4.575399089858719
2026-01-01,2.9274575010659234,8.03883037531864,2.3339849936503256,3.340528415412116,3.6254539334076057,1.7313934029414977,10.42822765865131,16.446705845745633,4.415671049917799,2.4479372793357577,4.657105415310745,6.394536384450321
2026-02-01,0.0526783815851104,12.727325059345844,1.8300112283252137,4.3991822710533945,2.962123612822178,2.8038699245961656,12.253508639928842,8.124733968723405,3.803975825536364,4.301514801642206,4.162562688940595,6.151727234530096
2026-03-01,-1.025576525486425,-0.7522526806315,0.5369349955994824,2.8424067457406608,3.986995381246272,3.57946503391633,13.938921720115573,5.63555958461918,4.222681522834105,4.086215553329421,4.0074428504574655,4.97554929533209
2026-04-01,-4.244327610805332,-1.410621979236339,2.076198599350567,1.5494674757923317,3.8591874458774935,1.1890078220498168,12.700619566999265,0.04210883028486734,3.974160419640473,3.6315141590519744,4.684257886101337,2.456136509248214
2026-05-01,-0.3944975118169367,-5.765086673068936,2.1496954659871275,1.8756927333409585,7.28218007372659,0.03141410927975663,14.863660473217994,-0.8396468427197732,5.180804675322177,2.8416388517827436,4.387201700762084,2.8711131966189036
2026-06-01,-1.5716821867262105,7.2825707369923975,2.219732457580438,1.4368414225766966,6.527986081668303,1.9056161327224554,13.385872924684126,0.9844119491137207,3.974501057089082,1.0450871828130381,4.792825690472803,2.356292483963193
2026-07-01,-5.1444007556568465,-15.601823504859794,2.2934636040957646,2.5004437353054154,7.323706992539786,0.856735475306845,10.671952284001303,3.806180525269177,3.394338661967277,1.0571902751437534,6.620374882983704,2.2488718133470584
2026-08-01,-3.7505593752700577,10.06462008000858,1.888565473103549,2.238056901344562,7.492316576351847,-0.20514321678463965,6.603836320227149,4.787241103703657,2.578623711269376,0.6628224788475237,5.382571522907755,1.3259256613768624
