Date,Food and non-alcoholic beverages,Alcoholic beverages and tobacco,Clothing and footwear,"Housing, water, electricity and other fuels","Furnishings, household equipment and routine household maintenance",Health,Transport,Communication,Recreation and culture,Education,Restaurants and hotels,Miscellaneous goods and services
1985-02-01,0.0,-0.8803992031591976,-0.07540189262198742,0.5697766711954021,0.4485175699047963,0.08590805840437024,-0.20983324885251486,0.01189562750771828,0.280554709468012,0.1123240021004768,-0.010364579408435645,-0.11284502935287326
1985-03-01,0.0,0.0483967543183918,-0.03459408606343592,0.7718153691536664,0.2822865422944396,0.21984875543221627,-0.25562697154824243,0.04560740683444101,0.2427341152283683,0.678108781245585,0.28841742978913576,-0.16266006640553846
1985-04-01,0.0,0.8485231112829692,0.013616597923871567,1.2205997891593898,0.20965229073745262,0.10412999878641091,0.0495539868227987,0.1513257649384595,0.1027572803071784,0.6017424044832003,0.4145212225233905,-0.10385473312848909
1985-05-01,0.0,-0.43738849947845965,0.022968592226948095,1.1918011949003247,0.14566043146384366,0.17637833760526928,0.0702628235488397,-0.04592729086188942,0.09306592013227412,0.341896046352497,0.4251968239475807,-0.0609752794635072
1985-06-01,0.0,0.07660524129583793,0.03166620258399358,1.167741505387461,0.04641312296645897,0.08464956837966446,0.13680756112718195,-0.12277458998079337,0.12433561301819132,0.14771393568675217,0.23580404319134662,-0.07758548179245515
1985-07-01,0.0,0.677797007665993,0.06099913436955515,1.0155633725979505,0.03282599274393219,0.1794055920077679,0.09927957397926117,-0.08360532622234093,0.009009611320685304,0.03327527899036075,0.43198402862665874,-0.029678049196754916
1985-08-01,0.0,0.27271169764096104,0.03535421549235308,0.9545452282763183,0.020659937730176374,-0.0680916487186923,0.1086701001541054,0.06085343582454822,0.009697779975264671,0.1987249639387864,0.5769609541506876,0.2428235478726283
1985-09-01,0.0,0.5649370745073031,0.05943904598417408,0.8200363919031503,0.035396489994807205,-0.04254425008285946,0.15354995880774502,0.0389956838420704,0.1211446123022466,0.14669665218004765,0.6644089218527652,0.36014731345274414
1985-10-01,0.0,-0.1783476515843006,0.1502173554078648,0.6572319838838754,0.011036076373726956,0.027095909888656226,0.4063592040277999,0.0458827836637811,0.14110538350695984,0.20300965573777807,0.6755298297155498,0.4456915200598244
1985-11-01,0.0,-0.25333672970524335,0.22541715581032468,0.38629592021972814,0.015537345519991927,-0.18298929698046962,0.5463098464161095,0.1162039375656389,0.1990476694993824,0.16079120911229344,0.6550400184570493,0.5149925697109794
1985-12-01,0.0,-0.3574402592723455,0.08625392504225539,0.10390369705524274,0.035286433055308646,-0.009749320305978854,0.5794498096187446,0.15722946213641692,0.18640569570646032,0.30150685841780567,0.6461488882177979,0.5452831201949047
1986-01-01,0.0,-1.0085881660642242,0.12317996980894254,0.07754611440844063,0.03464771252912068,-0.11587978859694578,0.30516414702064343,0.1726014723101808,0.28013784677115855,0.32524581810856035,0.7963800196532931,0.3843007949037757
1986-02-01,0.0,-0.1798317371532228,0.06803662213349582,-0.13750972978070242,0.04384114910453351,0.07786311779465438,-0.0674393200584459,0.4251684233919466,0.26803681177243516,0.21059079342334086,1.018500751853895,0.25722943354039424
1986-03-01,0.0,0.15846117684576855,0.13789414898986996,0.02832734067168992,0.0740806823370342,0.14627778746811038,-0.3075008722352864,0.7233756191879122,0.22764060694694596,0.3418915449186096,1.0778286884352517,0.12709209700766347
1986-04-01,0.0,0.6623788761238449,0.13213000786466453,0.7342434601434928,0.14940992488709354,0.3727631066053933,-0.2506371681841666,0.8230901275889966,0.10186770242688656,0.4122380353968782,1.3023556103803027,0.21869978577349747
1986-05-01,0.0,0.13863922661767303,0.25788818168466654,0.977624118169481,0.21913691786645428,0.8409931300431956,0.14720126858559665,0.7630490571303854,0.09758064253167727,0.47480721743154475,1.3683177320122126,0.3145509872012684
1986-06-01,0.0,0.23457498362103618,0.18569165413550665,0.9582917928502275,0.1798211656004551,1.1400126777264734,0.1320363302563516,0.693379514327188,0.15194759206420075,0.5395590769106471,1.3589902775614067,0.3337960113636681
1986-07-01,0.0,0.09399245632309453,0.19733225645766314,0.6380097143673948,0.20163685801753495,1.2937601450992084,0.14608591878477947,0.4952350802670468,-0.0027138997855805846,0.36664010859306384,0.948838355771918,0.3220362990665455
1986-08-01,0.0,-0.41078007953396556,0.17474184154871036,0.2957014821605787,0.16515459838048802,1.116814304465368,-0.06195449827306835,0.13240799507066092,-0.024140871185545466,0.24759278789022265,0.8435906847143846,0.345647823694766
1986-09-01,0.0,-0.12327121096059251,0.17614351063468295,0.4980962752171491,0.10757800673390222,0.7868406480173744,0.04750422622122999,0.07548820845439894,-0.016520795384434378,0.301137650218973,0.3450282490466363,0.40279982665624314
1986-10-01,0.0,0.06401577965830835,0.31119934237587354,0.4619568321154216,0.13864978992172095,0.5156387424162767,0.29267240557794943,0.0949845788806175,-0.011768115487642805,0.23639446212441542,0.37473022381043297,0.39725796630073223
1986-11-01,0.0,0.2544375207815862,0.29282762996205114,0.3270407985110579,0.147365839008943,0.3265154661210483,0.2580375410751086,0.005883201431622775,0.057784285067111446,0.260158689335396,0.7008735977872323,0.2324554640363417
1986-12-01,0.0,0.03763039223390732,0.23957808836081673,0.3827774793514225,0.17039296035318502,0.26208652661423604,0.3773064969396164,0.03634409540302099,0.016162820652566693,0.1410325930528604,0.8106165780449748,0.092790692181998
1987-01-01,0.0,-0.01975036034269745,0.09368361419353036,0.24767495424011093,0.14181704417311997,0.00337961314201512,0.514212175744099,-0.06380132930167985,0.037790245970095955,0.408363453863946,0.9440804148023236,0.08651423702598147
1987-02-01,0.0,0.4541342938554192,0.02415024802556721,0.11611767619488896,0.09456177370357947,0.12553554765734942,0.2647825615152012,-0.030056765178311372,0.022688876450576878,0.449485175613063,0.9409481677971954,0.017394365566419302
1987-03-01,0.0,0.16572354345800097,0.04126958883985141,0.33589549708470895,0.06569310724991395,0.3143650437709714,0.2648363049577924,-0.07143609719361843,0.07985041145744617,0.41778569827950807,0.6601963203404199,0.06009790243694441
1987-04-01,0.0,-0.6580481021902006,0.07809495503298605,0.5278660812272571,0.057674294808548486,0.21693012950136573,0.24613318091335934,-0.0596837932633931,0.09830784993376396,0.36500028624994135,0.6251265547168088,0.1452643839281901
1987-05-01,0.0,-1.1706111727380093,0.18007480613373897,0.5986451926615931,-0.02417926535651226,0.0567538107168067,-0.02664417177953282,-0.056064049109684475,0.06127170824434727,0.21995637732900383,0.5885541510618262,0.1688531423591387
1987-06-01,0.0,-0.7116273186821543,0.1661445782444022,0.569264122748891,-0.05920170745060923,-0.003877652430885968,-0.06891791084212104,0.07320070208245316,0.10440276502602451,0.2980402539236001,0.39075794189394975,0.26124867201916685
1987-07-01,0.0,-0.06940163468130969,0.14489629151321137,0.5711150390418017,-0.028548780129788787,-0.09620533453776908,-0.03608549067688417,-0.022994204234377577,0.17226753220328606,0.3553054431180607,0.6224450986313915,0.3162648567938159
1987-08-01,0.0,0.23788863630345392,0.24719412341599126,0.6120579123670802,0.09339604846021654,-0.13190974107417197,0.22702530367675994,0.04005735100311216,0.3187917931160522,0.1907307694344024,0.3096524042739412,0.33988738075020797
1987-09-01,0.0,-0.24350647682551793,0.29231275389731426,0.40516958627912714,0.16004623399424894,0.043452666714410296,0.19878950254931843,-0.0660983235358149,0.33729720837010035,0.08698762858219197,0.022505567308037752,0.20364022155956873
1987-10-01,0.0,-0.3419864920253999,0.339879486343968,0.33526328409656664,0.21003950649496259,0.07780003756397232,0.024218008602769566,-0.05119283769316353,0.32047310639154913,0.04046777330053199,0.04095183776464405,0.06403164522685174
1987-11-01,0.0,-0.45425480732614393,0.28956044431560324,0.21168512021615135,0.3145569156194121,0.41638270908444497,0.12474956409787728,-0.013760095723879553,0.3312307096513459,0.1890221174521948,0.3045822363551101,0.06144091199942547
1987-12-01,0.0,0.09552471858876793,0.25627874604993217,0.3777236782345279,0.3343755356943606,0.7571636592706921,0.1919650614101821,0.037948625933209724,0.4506776397858637,0.3511419500531172,0.6737403693638555,0.07124161955879034
1988-01-01,0.0,-0.027674229681160213,0.2094855868247618,0.30802835133310463,0.3211307170282704,1.129799307306412,0.5789062998660331,-0.0036384290697576392,0.40735314004239775,0.44853562582440853,0.9644891919017848,0.03842656327351215
1988-02-01,0.0,-1.8497980801230485,0.2017553671210814,0.6217687579218487,0.25338532411418757,1.4493353575395171,0.7494286330741438,-0.15083018406493984,0.3531027173209944,0.8017695403146679,1.6703773608073331,0.0033058485837252904
1988-03-01,0.0,-0.8594330398209689,0.2849189624993101,1.0397496638459125,0.30974659323614284,1.6032667547558082,1.4018275359152665,-0.027213445066864142,0.3428188501384751,1.0988650327466976,2.426918613496731,0.03620422833017166
1988-04-01,0.0,-0.3322736366924174,0.2625861610603454,1.1524603576195096,0.3084289187083985,1.6285972683547945,1.6167170674501132,0.10663200642485018,0.25875465733898334,0.9760159132116824,2.8446705927085176,0.04957714892360422
1988-05-01,0.0,0.1519976685192536,0.4178978541162278,1.4349392362351856,0.24611852576247373,1.2533732980752226,1.2479032743977276,0.10427133312869176,0.1228843991341724,1.0935116608723343,3.1544605206379055,0.034894304458457856
1988-06-01,0.0,0.12581456468824942,0.5321096488512778,1.41632466715168,0.22448960952501665,0.4906210345981459,0.7754009724608009,0.004877057259751058,0.01339329876976238,0.541754626292592,2.767907621182303,-0.12845988205879133
1988-07-01,0.0,-0.06031892560120872,0.5244882475330357,1.28549304349165,0.22468213401162213,0.19759620748273993,0.467327037747959,-0.024910201429196838,-0.0030649514015476127,0.5575050681430505,2.385117051827214,-0.03680843976659541
1988-08-01,0.0,0.41133944125489497,0.5008692303705735,1.0539114392953879,0.217750585438073,0.07472706793228083,0.2538907798238606,0.020447633282858126,-0.06450513332361697,0.35093960590053264,2.149615416322129,-0.06669783192049895
1988-09-01,0.0,0.6824117792616554,0.5414418418898498,0.917214396921499,0.3017369419987096,0.0694661294610696,0.17516494962585877,0.04245559966001947,0.10819461944663739,0.3995426097535923,1.7344354162319937,-0.06467380108790169
1988-10-01,0.0,0.30304507986606677,0.6145776264457654,0.9382808916038519,0.30531723324540555,0.03263901587724574,0.2811198712817568,-0.14881560536623273,0.15632144029516162,0.17857512241947304,1.8912307067761942,-0.12008440394746257
1988-11-01,0.0,0.002546576905416792,0.6240205919865999,0.6230175623979667,0.3268327555484767,0.09243574339699416,0.04336496173467458,-0.1333447628793069,0.19214906038534232,0.13789798087688773,1.7222828702386788,-0.11877967297278132
1988-12-01,0.0,-0.4548227210693296,0.5935540715508312,0.5195910863975743,0.3742649293159338,0.17433763059429155,0.0023622449364004983,-0.3842316961395127,0.2182132499781838,0.00227793963653479,1.7823758532959806,-0.12643934864270645
1989-01-01,0.0,-0.5080887305381265,0.619046013678529,0.3485426878938292,0.31300195024179606,0.018765266019316842,-0.0756332073907447,-0.42073955275611064,0.20977896851992803,-0.04874249108815927,1.904211300760239,-0.05358082219197979
1989-02-01,0.0,-1.042312327894267,0.5426858375737408,0.34947447646151225,0.32345545800465114,0.05437167026348014,0.09551591168816137,-0.5001451390585133,0.14742896598948113,0.022187402026286433,2.2646194945020484,-0.10913133369367467
1989-03-01,0.0,0.05502876331823814,0.552181948996981,0.7661987776811279,0.32911180719460814,0.022074527731381438,0.090457067454831,-0.5053333733354498,0.12599045272891463,0.11194908390695629,2.6352759765377645,-0.1013500388350283
1989-04-01,0.0,-0.5217919801520108,0.49935048785181635,0.95175188517276,0.30081264692741216,0.11413626679709454,-0.028897633542923528,-0.5537942426566437,0.02618927369790492,0.016882496746942192,2.915574368070285,-0.14855311217774572
1989-05-01,0.0,-0.205219603201814,0.5551784485364385,1.154314948785946,0.30484607545293274,0.1984864567092976,0.1974352769194792,-0.3469027955939289,-0.006442330864920211,0.23791700478964212,3.048240227341842,-0.041293512612780754
1989-06-01,0.0,0.9137229538188267,0.6118875632912357,1.2333544898772364,0.27757397244819115,0.3605333853776882,0.4549200543643752,-0.13090325177527323,0.11204435089583285,0.414576228678375,2.8232877239860725,0.16016339398164448
1989-07-01,0.0,0.04149865657122778,0.6702565692957563,0.8755215787695922,0.28930279220548794,0.5991606880874631,0.40314838323689683,-0.029219849113532856,0.19188162196159464,0.24018581553901186,2.5200974294110545,0.22316651993743203
1989-08-01,0.0,0.24445343695776112,0.7033316730972108,0.7296074883984092,0.27701514478152023,0.5635313629059336,0.5278598351758815,-0.04840766424449771,0.14962790078606664,0.5613733937012297,2.061380945278591,0.08798804860030615
1989-09-01,0.0,0.061798885893990144,0.6880416479652061,0.6340827735113697,0.2101395893713196,0.5655953109553394,0.7478769739227806,0.0057364822730675905,0.12610834527314962,0.5065402307992081,1.7564297374951157,-0.011328785338036537
1989-10-01,0.0,0.1272165894789701,0.7309679505136952,0.4911172276317789,0.23568591429988947,0.4664470437658431,0.5404716092728352,0.09125555129194345,0.159139878117696,0.5678756866744834,1.7761727966798757,0.035160238126290475
1989-11-01,0.0,-0.5157888270808821,0.7043776363329359,0.4171920463314287,0.19104025322147863,0.298167881984607,0.24178016629431862,0.043170368140329325,0.16306439370071718,0.5130754338026792,1.4633602742709435,0.018325284126623397
1989-12-01,0.0,-0.8585466181481543,0.686362277985676,0.4210058946854135,0.1412658977485546,0.22223378230293445,-0.22993729741586555,0.2936577193126183,0.18242958110142515,0.8394949720842895,1.2977689432029813,0.058639330396
1990-01-01,0.0,-2.2131724791077385,0.688785772699799,0.8913225670495271,0.16416542655236102,0.757824590920932,-0.48170778048581203,0.5967078158280901,0.24390217922771473,1.5274440576755008,1.4186556565465633,0.13311798522061982
1990-02-01,0.0,-0.5146351834018296,0.6207056765957333,1.4112314147268215,0.208039977371801,0.8144369276873002,-0.020314161586321225,0.9518576794385697,0.28329100923172684,1.7381725146162585,1.8363275421987457,0.30839379985493154
1990-03-01,0.0,0.1308042091588078,0.5128750703567907,2.042542857053644,0.25920428256038197,0.915982966101694,0.29709556145920474,1.247856094438836,0.4093549583139049,1.7034364220062854,2.1779341190608053,0.40754770751918046
1990-04-01,0.0,0.8086324069243617,0.3535734044667358,2.51855336176597,0.24519801474185943,0.9814276363412208,0.632163562410579,1.1562829730297919,0.3600905326280499,1.6829450492014137,2.2565351938594405,0.2724366462385277
1990-05-01,0.0,-0.01778398740511261,0.28146124700601394,2.5678047373609116,0.20812309264295623,0.9077039927333359,0.2821516098269513,0.6195741776770628,0.17925930158469291,1.371740477131279,2.504267834455198,0.04062183285720665
1990-06-01,0.0,0.4098622037331501,0.21343189254892297,2.500315807003413,0.16474931656352648,0.7848750644526061,0.013397369317767846,0.24953533787769483,0.14594394162721336,1.0813249469796515,2.9329967893742785,-0.05609564753792281
1990-07-01,0.0,0.06795795467712351,0.16642015616093137,2.2867903666292393,0.14727459232038845,0.5356663899100338,0.094703777822652,-0.1003028933085434,0.05942261971925092,0.7284199882228941,2.9445551688299574,-0.034862828540435487
1990-08-01,0.0,-0.46584077214630426,0.08044477827524144,2.0173645625221575,0.09979923332054648,0.2440761713050536,0.07776462912288698,-0.5234618102150231,0.1340029034988731,0.054598997160952366,3.1274005204565887,-0.0021144370337284188
1990-09-01,0.0,-0.03282091791905357,0.13827680497121297,1.8891654030677154,0.16002152486519472,-0.021311086432439515,0.17116185201762024,-0.42358373833955,0.11541129594952763,-0.17015140509712318,3.306255638403787,-0.004713884257043213
1990-10-01,0.0,0.3839412188027649,0.22482790462659796,2.1729493166832965,0.2079918185599783,0.3119709213064029,0.7788093214588215,-0.08317779207805702,0.14669898093074066,0.06100260078603538,3.618394645395151,0.0716733238891249
1990-11-01,0.0,-0.6613620522462837,0.12701887613627055,2.2839836686235406,0.15907103918798648,0.3615170122175941,1.497146699898847,-0.12851575075694302,0.11431041937504588,0.10488270940870077,3.618606833902046,0.03917623936163662
1990-12-01,0.0,0.09418517371250856,0.17409367079378385,2.5136079369562028,0.19761866534146305,0.6190607076483993,1.8999039782224378,-0.07589515595187539,0.21161438203587132,0.43786935124760074,3.7039306471039275,0.16334123222540015
1991-01-01,0.0,-3.8051541400050173,0.03941210701191913,2.2160031827647897,0.12090763489448896,0.3257120406388147,1.502037070742152,-0.5194478901387205,0.090703790606125,0.2985068141055366,3.381800800951506,0.07154128131935517
1991-02-01,0.0,-0.6859423206286062,0.030461119813455853,2.4720343214298572,0.2212396669332679,0.6747772845879679,1.8143381430522205,-0.19380378909176704,0.2041124299899502,0.6398068545185261,3.542504214735427,0.32377061265804413
1991-03-01,0.0,0.07540661748369189,0.028191443952892394,2.519245948277783,0.24973323296929634,0.6556095940355944,1.7639752931647408,-0.19451810637246034,0.2310132559256991,0.8616728708845027,3.309388803047746,0.37672829820066833
1991-04-01,0.0,-0.4731406371463561,0.08032618897804636,2.537319603429214,0.2486785451252755,0.46942244578894055,1.7062842693951907,-0.08764834063585822,0.16749593429832624,0.874300022091383,2.950336538171312,0.3060844314567901
1991-05-01,0.0,-0.42097064201105117,0.07029789699988709,2.4170810180411992,0.1945998723128402,0.42766180204528786,1.8400659776485564,-0.05344513347136607,0.1470458527032519,0.7178676444986749,2.70341556236373,0.20448300203941056
1991-06-01,0.0,-0.27456316460610664,0.24852749318285436,2.182392934820002,0.1171207958922508,0.34806085795962294,1.3685946961816442,-0.005848589996330124,0.2546930874984433,0.6428039528585775,2.715440582273988,0.12484623130446329
1991-07-01,0.0,0.2780597104359364,0.3499407444929783,1.9913992550317776,0.02210952433281726,0.5236988889722691,0.8523561648494029,-0.10051911450780483,0.20741940327940483,0.5805193163024438,2.476207551821555,0.16294351436337487
1991-08-01,0.0,-0.09564811752571449,0.45858265991434044,1.5975696205507541,0.0021345268690823836,0.47385719454600855,0.598456754913731,-0.11655487887396003,0.18055137241923436,0.5276841191041823,1.8228852211314817,0.1249124465308014
1991-09-01,0.0,0.25607991067702485,0.5374569087019359,1.4215433482180926,-0.0034620467528802363,0.2560736945566306,0.3142791254130413,-0.025252592496026065,0.16213996683019705,0.17709222429232277,1.4053987755903985,0.20637834896856155
1991-10-01,0.0,0.2920436638681669,0.47260720364475245,1.2261698824312752,0.0195894367493337,0.11352004125183318,0.2886508966452507,0.03070390444344004,0.1446904388866963,0.2226780365038881,1.1553254987732768,0.1950747452375179
1991-11-01,0.0,0.06275612380161061,0.5493222305408438,1.0234053671874395,0.0823927769936976,-0.0974680952813583,0.8407245221949382,0.060523763689197194,0.2319538662608241,0.12483347600794494,1.5053338037524546,0.1288445177122619
1991-12-01,0.0,0.43545122778752265,0.5792203836468148,1.0016961023764992,0.15035943672606666,0.11021151188461076,1.369630130602863,0.10960006258294955,0.18394746071335544,0.44410000098213126,1.6479703255831035,0.10686566808880471
1992-01-01,0.0,-0.1696692838489215,0.46259959111902804,0.7809541497510186,0.1472690628016619,-0.13886607331351883,0.7571379780700622,-0.057539902793528545,0.12809363021069567,0.3612089969799809,1.5864883621212873,0.1173284617708936
1992-02-01,0.0,-0.31094888918543984,0.3229920624990469,1.0903135152656098,0.2160028301021616,-0.13159430935794597,1.23332626834496,0.026442339806220877,0.18432509669901337,0.48485464544056756,1.5420186253499448,0.14312089695990973
1992-03-01,0.0,-0.68110655210469,0.16337924570852494,1.2488694874342872,0.16155016945396586,0.0007226847886488627,1.086901895843988,0.04121786739484551,0.17617039731836082,0.6451993229461868,1.526628935908299,0.11487764954591265
1992-04-01,0.0,0.0712662865765872,0.1611875575254411,1.5895246164775816,0.12650216998102504,0.27277882271810405,1.1782923667960912,-0.0014428468495547575,0.14251887333330077,0.8869471762824227,1.5541485581659777,0.05184762764410944
1992-05-01,0.0,-0.31458251273662796,0.1299727600553284,1.5188401376030805,0.14106938337171054,0.3169586684523414,1.2304087721554153,-0.024335390465107326,0.1262595700141959,0.7865640274404022,1.2702358678981653,0.01561621958962624
1992-06-01,0.0,0.09815494853047509,0.16577109693287884,1.6431974784857513,0.14068806117820776,0.4619982876158232,1.2415493054505484,-0.004848291838076719,0.15511340620349573,0.7570394495578955,1.2429532946794164,0.028778982867484905
1992-07-01,0.0,0.5703268957900007,0.1324557360598251,1.4811084458581736,0.1044734569338005,0.394598551236642,1.5066699162631956,0.10873627082322654,0.14955911793748536,0.44747326630019546,0.9299079222380153,0.14136689259571328
1992-08-01,0.0,0.616542903760472,0.1157894274394044,1.2005513159002106,0.09910481163607135,0.17967751406044113,1.1280925328405051,-0.1024374539345429,0.10943123746941369,0.23208072535391877,0.5726900436135236,0.15105982364115556
1992-09-01,0.0,0.24388603276093979,0.18984352524012654,1.0395803412706572,0.07122696864977004,-0.023636774623701638,0.8113795710848528,-0.046506464746553136,0.0399386333893306,0.18360421354978732,0.6294463903721161,0.15286408485896863
1992-10-01,0.0,-0.10971457654372485,0.17716827674107877,1.1451101725433435,0.12267888068590946,-0.08656516516811769,0.8598064147128409,0.014007959286970247,0.09726663149861883,0.14144149318844101,0.7191827224408426,0.1335909441670067
1992-11-01,0.0,-0.387754557753726,0.19598204128186802,0.9407679626942378,0.08900298454613435,-0.033067221656505434,0.5751016540529373,0.022413867001024403,0.15540854677339283,0.1332293555806278,0.7795866048440482,0.10714450715036077
1992-12-01,0.0,-0.18731777026503826,0.22500740589551751,0.9841644504838026,0.13499282053470932,0.11363517462668615,0.9969228839787669,0.0370016172182667,0.3310256477309026,0.4015906058993267,0.9796734378851368,0.1550894958668267
1993-01-01,0.0,0.4472008440368422,0.18946057332490968,0.9972876760354568,0.17026690987582063,0.3249264842927581,1.6814831680227544,0.088507432632242,0.47629796698119264,0.5645242179040368,1.2029578342756813,0.28593640977715695
1993-02-01,0.0,0.19475682006446374,0.19547631170014415,0.9497546778202071,0.14867648576797304,0.4237299360992442,1.538329949022953,-0.11358479718248336,0.6092364971130051,0.6963812082822254,0.9644734952378187,0.35032970545627595
1993-03-01,0.0,-0.23887546174590463,0.21261456379693972,1.1149447119962372,0.15539645810307523,0.40797746473373886,1.9385002885428266,0.09275759094789096,0.6664131615548694,1.203372363961826,1.0866401500047107,0.408712586724852
1993-04-01,0.0,0.6152126717228624,0.22282238129145687,1.3174972784822283,0.1863722839068017,0.38243440939911605,1.5633758616723785,0.10262947869490581,0.5502596517275837,1.3767609722806826,1.2029922372876958,0.4484497340312832
1993-05-01,0.0,0.2650305753528892,0.10753679186037973,0.9498557144524032,0.07660430317574178,0.23724900025244475,1.0657400370236747,-0.06882143385391669,0.2831750152396366,1.265866800039476,0.7626610981769809,0.27434843549479904
1993-06-01,0.0,-0.2701360822807942,0.07754199242850021,0.9517617549953686,0.054399782090298346,0.2442952410050462,0.6369252277839852,-0.10884236639989545,0.14072188751953668,1.0673194267039223,0.5665209842382918,0.2629553526244024
1993-07-01,0.0,-0.20056332407945632,0.05397191358579544,0.8403694681506,0.028451405299753103,0.016315768140246236,0.1084915435478497,-0.2589478073512067,0.07180434803722387,0.5750566043517211,0.27858280537638125,0.22448090674159304
1993-08-01,0.0,-0.1486778490191389,0.08106231171552064,0.6657878196445676,0.02073656987622116,-0.043954233651545285,-0.0012132674411932665,-0.41775167757109166,0.08869614263733577,0.24587244429810687,0.1793706887929901,0.19084179773988547
1993-09-01,0.0,-0.5930712052624167,0.030818396950850927,0.4475982211803807,0.014608540314332123,-0.05939866257141362,-0.49379392619697016,-0.48781872321236464,0.1322343820187737,0.039794950026382385,0.119302329045673,0.07095803361960043
1993-10-01,0.0,0.34314557391085165,0.13728205681174638,0.6228289412653425,0.08175764626402585,0.22101505822757886,-0.060744118130184044,-0.0829999313916146,0.29675663840119815,0.1384376576688743,0.3803129569830447,0.14350029440671755
1993-11-01,0.0,0.3212010560594857,0.10072135892628699,0.42604789913319596,0.08140007393808427,0.0585601795425078,-0.24991578219766028,-0.04468544644682517,0.13175048593764294,-0.14584779604798845,0.4641785053565347,0.09668699283718699
1993-12-01,0.0,0.041706748306812924,0.1361857148322756,0.28694528310845635,0.1772761238078093,0.07014879348602321,-0.03733998538569466,-0.051173334322982975,0.1351959883253685,-0.058917422924002635,0.6914462409179325,0.010865249871201486
1994-01-01,0.0,-0.5822485148128824,0.11594538092544726,0.31087356763422086,0.15096529116212593,-0.043402523920252976,0.08964422801024165,-0.2205522328016314,0.16022941400684274,0.03002353367994387,1.151572067081057,0.04432283226362679
1994-02-01,0.0,-1.0062566599092968,0.13827620606097152,0.2733542589385797,0.17609918234099248,0.08883174986873828,0.24594824549928898,-0.16399978987584357,0.14032188572978244,0.21282776181738713,1.2960890393097126,-0.05589561177037626
1994-03-01,0.0,0.4139803597883087,0.13843831364631493,0.44641487855226447,0.170700067080671,0.17158123526264213,1.538842006904049,-0.0014579210520039645,0.21384528993156016,0.5645773080691676,1.512969149121166,0.06155011791878311
1994-04-01,0.0,0.6010782963018664,0.10615343096416921,0.8996634507688965,0.04423427688539851,0.38483467215023426,1.7689717091805335,-0.1032873508678046,0.1665308330313394,0.8104871730938419,1.5711191925605679,0.08567499869146811
1994-05-01,0.0,0.21451788263494226,0.09959213418603893,0.8842527616735538,0.07969256780330385,0.4025480205063051,1.6817996963731092,0.09441612716241846,0.1304382044711153,0.8310575107178664,1.123411936238731,0.1219836947475353
1994-06-01,0.0,0.4409848212454959,0.05114566163588953,1.0156077836782273,0.060749918776127614,0.4735200812520153,2.1062976363020254,0.016321828361600593,-0.02234746002289512,0.8297309912571196,0.9318455059428814,0.12453478919269396
1994-07-01,0.0,0.47308376100157357,0.0858003347262683,1.2139199662154931,0.03269410936471358,0.4759288699042551,1.1371356374281967,-0.17879318781937995,-0.04392764214696931,0.8685058823164844,0.5613413401484768,0.06757910388578929
1994-08-01,0.0,-0.23475336826659168,0.024696040757388925,1.1133399744897963,-0.014026621784934377,0.42794209536650607,0.7078674739029338,-0.5059774545681623,-0.048748697207673525,0.48184240971098313,0.3072846334396134,0.0315644678047948
1994-09-01,0.0,-0.47751564988464895,0.011175761910130928,0.8983179873097229,-0.02887643064579766,0.44693146090161406,-0.35814959317134415,-0.5558939950178163,0.011288233959234829,0.275326018696376,0.33347583233914174,0.06866715622780348
1994-10-01,0.0,-0.5073027951504498,0.09255975977789055,0.7854676797202425,0.048711205486628856,0.4072537112528414,-0.20666971233802126,-0.33625222733861815,0.25070733064922934,0.36581720511613125,0.6901252562195477,0.10592669854711648
1994-11-01,0.0,0.06926414085765031,0.09766581005547198,0.7919276546578818,0.12234143522878299,0.47411270736029515,0.12083245405866982,-0.1260474136907305,0.42592323260250264,0.4786894224559878,0.9400988992389396,0.1844359391200534
1994-12-01,0.0,-0.6797061521014871,0.10990341942682366,0.4946715158482024,0.08578778820376287,0.22713920643128244,0.03820660297957218,-0.15028561165575155,0.36562342907926043,0.46321687862171057,0.8806633625667599,0.0015348801146241355
1995-01-01,0.0,-1.3812848829645243,0.11675167879872422,0.402343108619999,0.09526110068557374,0.32766538255810507,1.001563308446828,-0.07564166986107913,0.4426101450332762,0.4905174518795797,0.9656952828379463,-0.020612141605251034
1995-02-01,0.0,-0.5421194401786388,0.13128754069751353,0.5006508090211065,0.11697694135759483,0.2936196339172498,1.4260460365873222,0.13147392179146178,0.4888483761212573,0.8899234129445676,1.0590825413301452,0.014675722580717369
1995-03-01,0.0,-0.17537566352112094,0.07473216901698232,0.8646945817363569,0.18774250421354377,0.4312161685294914,1.7496036131987993,0.028522830293163458,0.4451533477000249,1.2440439908834238,1.0319059970163509,0.041262071002883635
1995-04-01,0.0,0.17103317572450058,0.06082471555501062,0.8426677312379754,0.20290313892337208,0.5732008091702873,1.9148611358480343,-0.012442575360738338,0.36807442645472144,1.4317298758246504,0.9801100975192674,0.14794427609135338
1995-05-01,0.0,0.20521427398297576,0.02608312873431145,0.9304945791043264,0.13200976599411057,0.5568984094764144,1.3364182558331095,-0.005482650575020705,0.2681487365746004,1.2906841735108538,0.9115765746486864,0.16197514344999744
1995-06-01,0.0,1.3499373169023074,0.10739628373663018,0.8726377334491409,0.13060691385376993,0.5569145956148052,1.4460791686421821,0.015704926814214013,0.2588702960720364,1.1482379414224813,1.0474764448517389,0.26018501140379424
1995-07-01,0.0,0.6827039370429739,0.12842057164096987,1.0108836265436314,0.07931973784903572,0.3804680587289343,1.453284630255381,0.14867161642908333,0.22812406761991028,1.0871441175820606,1.0896007340150666,0.31742621528158255
1995-08-01,0.0,-0.0033532384386239927,0.11219837614006481,0.9003243322918256,0.010358324101896629,0.032490134897809796,1.2389956696502058,0.0440084798604723,0.09031602931500875,0.8964581612141873,0.8267681382641603,0.33771291078082155
1995-09-01,0.0,0.4375552218022276,0.178522680406489,0.8761942746629101,0.03769924098458914,0.10018273917723175,1.5163948288356561,-0.12518662692804983,0.21294041270310868,0.8214478547384143,0.7590846508594131,0.30526463662056547
1995-10-01,0.0,0.044795893972906106,0.13445056381202103,0.950894872537961,0.1085749521669516,0.2458545401146928,0.924198692837033,-0.0026732639603500932,0.20074275027248914,0.44162821059861235,0.8290705759920187,0.375333302915593
1995-11-01,0.0,0.10525001661658952,0.1541180648849382,1.1935124831938404,0.09886758488506985,0.37118267257138726,-0.035006270649442145,-0.08046710047645833,0.14313218886559825,0.29201323986848526,0.9610563483492406,0.4073989832621657
1995-12-01,0.0,-0.5146099307540594,0.12753403811805275,1.0840686744094337,0.05618584150630217,0.5316619700012826,0.5247191892746583,-0.08835871632967313,0.16241166463300008,0.5516988398344721,0.8848081388218836,0.32011162674636295
1996-01-01,0.0,-0.6241333117543699,0.10005574805832848,1.0346171903920376,0.1287373083718647,0.5713199064117842,0.22491593038788948,-0.01808008932873305,0.194526919552626,0.7015720558026235,1.1356551588458208,0.3307029387023325
1996-02-01,0.0,0.16335807849186307,0.0633287228037624,1.1418492394057158,0.12244338064269246,0.5473419508121874,0.019886002963200314,0.014327533716956506,0.1920336680532352,0.7217397598025392,1.1503820647437832,0.3208449475854153
1996-03-01,0.0,-0.1590364875374305,0.023385435374975196,1.0224376546228342,0.17619010244119887,0.4510013879729446,0.664188148092941,-0.13698324054931785,0.19169213680213865,0.9694957002799484,1.080564588200564,0.3061814544181829
1996-04-01,0.0,0.5732289245041798,0.053090608888479586,1.1653156862122624,0.10849165200443339,0.3155231017710487,1.4948286421818553,-0.014141416025867168,0.25643367015716123,1.0045700363968257,1.090789807644684,0.30783231693858715
1996-05-01,0.0,0.6019592580288284,0.14558476879331164,1.1685411510823536,0.11995422122361804,0.1943686605913839,1.5810917845203667,0.002598920550155988,0.2385549640505013,0.9239926602352455,0.8846418996191738,0.26890662249194397
1996-06-01,0.0,0.6107265330004337,0.11622584213810931,1.1198781091560464,0.08727363686946374,0.23726004528003508,0.9651119928446279,-0.21237984713328092,0.14620728095147206,0.6452022518581285,0.7745371907375997,0.16154672610922427
1996-07-01,0.0,2.7535115705545206,0.02978887817005262,1.1927919110789102,0.1067834564357125,0.11002030695661288,1.5978154577331458,-0.14772310329042565,0.14294703046281135,0.49665405275108176,0.8567126546626993,0.2292205504807867
1996-08-01,0.0,0.2521721787764354,-0.08831691686394477,0.9085262738636615,0.12864066257174114,-0.17156168389190676,1.3187262693287984,-0.27652509368834255,0.0556966044948335,0.3957307321271334,0.6325706579219408,0.16741606671633075
1996-09-01,0.0,-0.26977953585478903,-0.11361595124778545,0.8106604343257202,0.10529294538148226,-0.1515457479001331,1.2083054096125498,-0.22146029631979974,0.056488100015432995,0.0804611351484386,0.37981269672084894,0.20998715350838723
1996-10-01,0.0,0.22221748060811605,-0.03130311299058598,1.036836103065879,-0.003274505425167079,0.25201969969038196,1.4399102878007615,0.09318430045885845,0.0993047871369383,0.051813012608209696,0.4677939948320869,0.18065707898621025
1996-11-01,0.0,-0.22818807813847483,0.11416820231632582,0.9928506803880375,-0.02725898384607954,0.28084248605409656,1.6157911503795033,0.03225940677222768,0.07220726558263793,0.19292355730344646,0.4343181670588151,0.205220958245603
1996-12-01,0.0,-0.07718066902533594,0.058486646384576346,1.0758024011613374,-0.0664188993357948,0.41505357489569156,1.5654600254904671,-0.06591205349976272,0.11450006943516863,0.27181908504965857,0.4113493957106914,0.2623349671788918
1997-01-01,0.0,-0.429695518122458,0.040732435028784146,0.9034637052960038,-0.05803238370648432,0.4008714700709488,1.3890841315256233,-0.36941116024679893,0.07279164247669924,0.2763682908483813,0.23831178692318217,0.20910427879088245
1997-02-01,0.0,0.8273668210920685,0.09076652547404732,0.939114299944148,0.003261820144711422,0.4318732832769531,1.7199380847686354,-0.21387850075328274,0.14440336573369372,0.7205089788117449,0.5299133947569274,0.2665854635894836
1997-03-01,0.0,0.6278521301725067,0.1209069280264918,0.8067589775169965,-0.02662814804841432,0.3894305831828516,1.1415387079860633,-0.15791288108324059,0.1047323782579404,0.7635311253178325,0.4595781617831462,0.27235000840683593
1997-04-01,0.0,0.11460755317387891,0.09516061409361304,0.7583009817111519,0.045052440202964845,0.30803833248697077,0.3596336870209227,-0.11702973090613783,-0.04435537175734859,0.8050748496537781,0.5750749918458726,0.22486286683880774
1997-05-01,0.0,-0.014930399974392716,0.05632504620984902,0.6161689130027894,0.0857227383830577,0.25810275434640195,0.21659533447443868,0.015648576606078046,-0.13727581562590124,0.748390208945835,0.6844854194883593,0.12292361157766957
1997-06-01,0.0,-0.8411090719751578,0.02029538539200205,0.6280670239432893,0.01862961006702782,0.09775924371055758,-0.20466889925753873,-0.07505905769522443,-0.2735318610163046,0.42948792446914097,0.5662052444660194,0.04814279367375128
1997-07-01,0.0,-0.11968517832817449,0.16424298962872452,0.7961780757996173,0.061748721834021136,0.08581318068655745,-0.27297811902904984,-0.04955501133717526,-0.20581898200680504,0.28972327104870976,0.6140984077262719,0.12907250956605537
1997-08-01,0.0,-0.3663973812243822,0.17548491994809834,0.7197795876185459,0.07170917973885038,-0.03841786990448108,0.16881898460339795,-0.10335067861327431,-0.24399236267351304,-0.010928325944229114,0.5059454770242895,0.1088281173495207
1997-09-01,0.0,0.06494757079900235,0.3286613448593609,0.639032832429276,0.12039433570296895,-0.011278296185904271,1.369151240501091,0.10664612318495097,-0.15907959654643022,-0.014974209189569265,0.5519864988871361,0.22190910396963479
1997-10-01,0.0,0.30074780472873197,0.4971555459765483,0.9511607140432433,0.1846340480974965,-0.1270262230076085,2.3613321328866355,0.16536995527714032,0.10529157806787554,0.22367691882241342,0.7879035382147297,0.31381408731576854
1997-11-01,0.0,-0.6733195516736618,0.40923477284205745,0.7022262799246867,0.1215024243525275,-0.24052442328935383,3.1159306274455165,-0.1113380052792404,0.12206556401236023,0.1610022050120234,0.6526010239262247,0.2687814557405878
1997-12-01,0.0,-3.6391880506470082,0.3452091614538504,0.34458117577288677,0.0811228401784242,-0.5381571439511079,3.356204612750405,-0.4542129794474947,-0.06633462512594407,-0.5859171319753873,0.4246847295659535,0.18129992401042444
1998-01-01,0.0,-3.336298985590499,0.32916787007833204,0.4309547461330493,0.17295711485946064,-0.564361299147802,3.8310577857562773,-0.495298196645743,0.09590136527500318,-0.5216216063174527,0.5403834362840259,0.14198773982427867
1998-02-01,0.0,-2.8948700822773996,0.20871447887692668,0.057875444398077576,0.13813391563246452,-0.520440878528237,2.2047786130330884,-0.3862516181377986,0.051250424421742546,-0.5881580586517694,0.5006562821498565,0.04367375533892014
1998-03-01,0.0,-1.354642249838807,0.20984552875059706,-0.03615789438305815,0.2247722417129757,-0.0880693288860344,2.236249500443456,-0.054356749152063684,0.14361378492222557,-0.29776034552430364,0.27560689600274657,0.08285454299083045
1998-04-01,0.0,0.1762496202106273,0.11836425383030802,0.000780744718420226,0.2610964803901588,0.1891839703307932,1.0129816363403605,-0.09914551493913834,0.07562254286265258,-0.0905403578492559,-0.10890233581397953,0.02319198471540309
1998-05-01,0.0,0.7836529128861882,0.05310253570610001,-0.49560377846959447,0.17570809352188982,0.43930854881085624,0.35660586278123757,-0.023499998217240328,0.09863848011778086,0.12034365085844333,-0.6078400700713902,-0.05138159961599585
1998-06-01,0.0,-0.105469548850817,0.060230505498133004,-0.6867519222623618,0.08401419422398054,0.5577633291954359,0.10839532622851455,-0.06145343954491901,0.030378781482660776,0.17341543509963425,-0.7042824267582026,-0.12762914536881786
1998-07-01,0.0,-0.5840218840019366,0.04300751356797122,-0.9195737461735163,-0.01060043192581118,0.5472898050653551,0.0881053566764895,-0.16007570818593914,-0.013924015237033287,0.020900661247097573,-0.5786579361051909,-0.15143455612018225
1998-08-01,0.0,-0.2437651143837718,0.03927913586135941,-1.06874945589416,-0.06648545618257609,0.5288699489700104,-0.17305891249325997,-0.12620928152734895,0.030898084146143822,-0.0691422919000696,-0.42802756567637457,-0.18270524414450628
1998-09-01,0.0,-0.16144756750310157,0.11680501869399611,-0.8352831887420387,-0.07903011557625048,0.4109762733247205,0.39986138384304093,-0.11829701377415912,0.1562595383792208,-0.017579780418355208,-0.19066025017341323,-0.19011223057802729
1998-10-01,0.0,-0.1396675609274884,0.16008217006339,-0.9825915076427076,-0.15474975993226966,0.3452234821239246,0.5822746793138978,-0.054785928775558046,0.17318567537487212,-0.03532115254772446,-0.16795615461231164,-0.21722920433458212
1998-11-01,0.0,0.13436033631486913,0.17188640584954626,-0.9891470229713772,-0.12866375983199152,0.3840481415066801,0.8273038704136462,-0.12018117009116586,0.1427145069688265,0.043985137007807845,-0.11702485228892594,-0.23075206783693136
1998-12-01,0.0,0.1502192518729721,0.10895505363013275,-1.3018071997052287,-0.16487026706266367,0.06694038708692322,0.4954583955063775,-0.09798440715954708,0.08084269470009078,-0.057417358214308614,-0.17959195899783953,-0.26197815048827156
1999-01-01,0.0,0.7012704515329781,0.06258131848352833,-1.0029441808583077,-0.16462333093484863,0.0652010474511004,-0.07761358476006816,0.043172666905746115,-0.013476156777924037,-0.054237768377648404,-0.18898870825192007,-0.2567499720496966
1999-02-01,0.0,-0.3912370753485906,0.03833751473804542,-0.9371499105209697,-0.1165168614287691,-0.28818020382378,-0.033556193328373396,0.00546201374622423,-0.06215231465744411,-0.009628522426667379,-0.08748019647127755,-0.23153668162289964
1999-03-01,0.0,0.23008977164184935,0.1078283790918192,-0.368696350122116,-0.04822696125413464,-0.4254492962837233,0.057690727266673694,0.08690365000007405,-0.08899983934047,0.24467722451248825,0.21322766696169132,-0.21786677806229715
1999-04-01,0.0,-0.13127732407309556,0.04390986411322151,-0.41008410014225066,-0.0340284149403144,-0.4499106349255926,0.011933489062626479,-0.16306066610479333,-0.24247560828650652,0.21987810440594707,-0.12414643073402266,-0.23330993610452166
1999-05-01,0.0,-0.30879764080307615,0.02262835975447671,0.015564300700274994,-0.05779548164814991,-0.26715746031126586,0.3071610817667175,-0.11577088587472421,-0.26234099882425094,0.2196699094509455,-0.150516120564889,-0.22340835772832368
1999-06-01,0.0,0.4598302018777298,0.14115107867344728,0.024069361826902752,-0.010353642857813282,0.10598895998375682,0.3253660647103539,0.10528690190557793,-0.23487278990103544,0.1781417515034059,0.020970286543561964,-0.09947626915378749
1999-07-01,0.0,0.037552093375087525,0.13362820798021444,0.10912671669944116,-0.09627940466962236,-0.01049483496786853,0.5338542476424983,0.020487162416283986,-0.19465301816645805,0.2258064358091611,-0.1032433104073037,-0.052307008006911564
1999-08-01,0.0,-0.5113347591489983,0.062216328900564784,0.15687698881473514,-0.17869523580888186,-0.15923960268578116,0.7186314652837321,-0.3093173592963958,-0.21866718644607627,-0.0907263554819239,-0.10562621008886938,-0.028848727694947097
1999-09-01,0.0,0.03736685061184739,0.09149320125533811,0.33447142319805223,-0.22885503349501873,-0.017669722832865067,0.8551497424049104,-0.40570154554844745,-0.16373794805338357,0.09621558532569369,-0.06975680621154423,0.028113300332644336
1999-10-01,0.0,-0.8524248684329645,0.09439324915170225,0.289582640183792,-0.3669402629315144,0.17011019544155054,0.20674439290613725,-0.32377834105561765,-0.2039541891517203,-0.16496435544155497,-0.14688110624119535,0.02755835641055018
1999-11-01,0.0,-0.7085339227088554,0.06383916113791242,0.5665335863735517,-0.3472487771366009,0.28648545917780444,-0.4311331728696718,-0.2585467021050074,-0.11331773160446762,-0.005168041629780527,-0.18373014878015143,0.09273088531082592
1999-12-01,0.0,0.3096830581991826,0.0690368797841456,0.4842972747698494,-0.34299096651666716,0.38100355309386713,-0.16091092069612414,-0.0655152216861436,-0.07766245917555983,0.26148648662332535,-0.007825393057775895,0.08968097509111755
2000-01-01,0.0,0.5740584522440536,0.05693751844946994,0.19733045501800572,-0.34361713133021204,0.44347081650162534,-0.329669313716041,0.3286941615217642,-0.1055976606220663,0.3880202576136287,0.1796747024274443,0.13098098189282154
2000-02-01,0.0,-0.03485224158220304,-0.030634861723641483,0.33003172886610843,-0.25615351907778144,0.4354725683054621,-0.04319474165843115,0.37283536063957445,0.010452472767225406,0.35788367925953923,0.4359379224128813,0.11423930805162985
2000-03-01,0.0,1.0883493290585686,-0.0023776205810313623,0.16651263895672364,-0.10016044260866717,0.5318037674398992,0.286263162295049,0.3587715989397203,0.09997646679706461,0.6272019308903489,0.45596682378124165,0.06331258630307679
2000-04-01,0.0,0.25986829875670364,0.03751116472203825,0.34317528819508714,-0.024441827921744312,0.7012590010917281,-0.18337660366604638,0.06309428701985959,0.059507370219866976,0.4622908860167041,0.29084318995771474,-0.028143417735012034
2000-05-01,0.0,-0.2114117334965908,0.07489016794896365,0.5168579385801022,0.004335642688157951,0.7932276005728784,0.34897482078261377,-0.08168486678063748,0.02163395307806214,0.23203926140084585,0.2958830721552374,-0.039588058640879616
2000-06-01,0.0,0.10685649408807246,0.0958709404050788,0.7685977579201861,0.03089711269432323,1.3358849640864043,0.6913252313230802,-0.044203861807615874,-0.1263783867830236,0.18456242973243997,0.10359348884055017,-0.042874728603037905
2000-07-01,0.0,-0.28418304706338227,0.0862847159036271,0.7243168318378774,0.00010649098975453993,1.4817721730056688,0.8696465976553363,-0.4535114753620883,-0.2906209417405421,0.03940271760824393,0.13306715246269865,-0.21453339368970364
2000-08-01,0.0,-1.3687681004696195,0.09221843755985926,0.8451849593191388,-0.058837400408090414,1.6732025273543973,0.6518434181913423,-0.3271051343082007,-0.2937847990174347,-0.2951543025041524,0.017270106250516143,-0.2613763637335619
2000-09-01,0.0,-2.8279642839334316,-0.049194919795454414,0.6130418756161622,-0.23943115802283654,1.5438295330986906,0.057126870489034955,-0.49915701983329164,-0.4925794003480022,-0.5903106921293545,0.03776848327123756,-0.2603330257766678
2000-10-01,0.0,-1.1708012572921596,-0.057920039891658864,1.075625378715435,-0.13510305845850956,1.5706369467233476,0.5325082253713235,-0.2667251726348376,-0.2831991465712611,-0.25463962148097025,0.20180043096154948,-0.1608645848251299
2000-11-01,0.0,0.16406903381927912,0.04280347382806942,1.054878354984654,-0.10489698394302674,1.6098520479585148,0.2625209727769687,-0.12889957165939533,-0.09810700131871228,-0.12341407377946856,0.20257812381123624,-0.09110233604638274
2000-12-01,0.0,-0.328485874051178,0.11614870433553565,0.9964643826557953,-0.08902328587055316,1.4398968225820106,0.1508077758390521,-0.022668906039461534,-0.19244186174350292,-0.2530611696497539,0.023578324919260336,-0.04414382378688427
2001-01-01,0.0,-0.7068028084071134,0.09662963358840503,0.8957062250403951,-0.02748742220286071,1.2569831550771684,-0.3363374712018268,0.03314200149424988,-0.14324677796290325,0.015662069843043497,-0.02670259175315668,0.005475125001990561
2001-02-01,0.0,0.004755516055299107,0.19294116329830252,0.9869743191718168,-0.01118450076401363,1.0411292434688786,-0.1891859361332672,0.12657971896243622,-0.051177221775919615,0.3985147685220173,0.22689424634195576,0.06163277406059463
2001-03-01,0.0,0.002595261520672576,0.26252777076471423,0.9592254243437963,0.027023060408858157,1.0682491233801938,-0.23225623636981108,0.07854006644518619,-0.1146703696252098,0.4657290088850886,0.5813760172515444,0.16480643668107797
2001-04-01,0.0,-0.42437879397440736,0.1690793857727505,0.7199238803241099,-0.025156632967989024,0.7915920152027524,-0.23676440554443412,-0.10485798711734537,-0.18289733839639097,0.20067936116694893,0.5578796576434831,0.20455859247020358
2001-05-01,0.0,-0.07185617347570519,0.14668257836382714,0.8736998934233415,0.03217053097084038,0.5114302429832167,-0.27506423836738636,0.07601043408287747,-0.09124849811453628,0.3499390335892321,0.49834822638832327,0.09984582855187824
2001-06-01,0.0,-0.3926281340228563,0.1391119907489355,0.8169493420273617,0.0017861702135218774,0.3349312688322797,-0.07688628148419434,-0.020311147668679308,-0.156881241615479,0.4430785463724493,0.485777147192025,0.11752798255395397
2001-07-01,0.0,-0.34444901148620233,0.10318316026756115,0.823954215974817,-0.02432957812257737,5.930857748544238e-05,-0.05362884999520641,-0.12198175888420254,-0.09067709626015878,0.3119230671647734,0.2801001976156282,0.11654231802690454
2001-08-01,0.0,-0.051178559424824965,0.14081874906229597,0.5627958756879541,-0.012929751903118215,-0.030168261226567246,-0.19845994940886258,-0.1006324534953914,-0.17546738940974982,-0.056616911533061504,0.16131001600514455,0.04613824134126819
2001-09-01,0.0,-0.19641006671537392,0.09127456610436857,0.5049979280703534,0.06701130214414083,-0.16602468859416497,0.06199145415048732,-0.09567484344337866,-0.12619304387598135,0.09247998014900613,0.3040542374942589,0.03055645915012259
2001-10-01,0.0,0.1982491830503843,0.1580779022329616,0.5322367789902027,0.06004995226009788,-0.19583463583764738,-0.16647315947269187,-0.18832332458840922,-0.12025341026252476,0.061507464867675554,0.35137804218024804,-0.03807210085369776
2001-11-01,0.0,-0.44559458265614627,0.11738509569032296,0.29924508286367635,0.11343854781691454,-0.10233562684891775,-0.4829431951771689,-0.03422721032564947,-0.07817062356711979,0.1283735776401234,0.5237883398343688,-0.015200450356828692
2001-12-01,0.0,0.33981496668081246,0.07781086963650552,0.33305520988521653,0.14682179581339458,0.03530721433252019,-0.7732992293841723,0.07897327784060552,-0.016936754398866827,0.2064564991426602,0.7770241930159032,0.1756676009799527
2002-01-01,0.0,0.3485067727720065,0.13925086566467165,0.35412129592544933,0.08610945637039966,0.10597943002508375,-0.5333064522901493,-0.021800318238912306,0.07743271763889313,0.2664284137492424,0.9238408639878407,0.21415234329917132
2002-02-01,0.0,1.6648339572687167,0.19139207607053882,0.7987546189542967,0.09960478808119477,0.17972584657854146,-0.14245663000704842,-0.1464704070892645,0.1206383438584161,0.6125189854288944,0.9408197390172384,0.26108438936837264
2002-03-01,0.0,0.6676239725593143,0.23778117049434921,0.7763715137067897,-0.030981300146016015,0.10220259729977889,0.2106821761016231,-0.2887479749380055,0.10950425481481074,0.7367825775017163,0.9212063245329778,0.3525502762453253
2002-04-01,0.0,0.25111015375117285,0.25156226376623464,0.7924821212788146,-0.04150994285427348,0.03030200481243288,0.5566197278119667,-0.11719108136715667,0.08312738442827258,0.7244533781424144,0.8105737391491821,0.3107236557446487
2002-05-01,0.0,-0.21924481193256679,0.33240725097236523,0.6297969745503353,-0.06886859065946872,-0.04861800935669695,0.7173918296476189,-0.33586563624491705,0.18440269511874932,0.27436539482677724,0.5213857946571651,0.2669065518891617
2002-06-01,0.0,-0.13521587846694388,0.2240447461759795,0.37562280257364755,-0.041097642896050446,-0.03083075844185509,0.5472062376956897,-0.23525603392419325,0.14044284140531618,0.2034654890910217,0.4461150648811795,0.13072117901820274
2002-07-01,0.0,0.014824508804349351,0.17833780678911315,0.4512029276801708,-0.034631941327876434,-0.06710652855008943,0.5497019957933967,-0.1669938127885547,0.22000943348653945,0.14595052269434855,0.2982179195981377,0.010050436506457951
2002-08-01,0.0,-0.7008184763727285,0.19518826236701958,0.5186485095482771,0.05052011816028383,-0.11452920738263432,0.5093882763176399,-0.31641069988264336,0.24823535190291302,0.1504011936814964,0.299583220698854,-0.05049597749621787
2002-09-01,0.0,-0.2099797151472729,0.21712046343703825,0.5952158712435899,0.04545498422742093,-0.018622899617816775,0.48161141936273066,-0.10969751151577485,0.16471468151399274,0.017717588622284577,0.39026698188824904,-0.1311152480899484
2002-10-01,0.0,0.15144062430007554,0.2567548839562518,0.9589240202773885,0.12715896861527326,0.055971040159751385,0.7431234666988504,-0.08607038555414118,0.1838057005937428,-0.011307082866766398,0.35055573781458027,-0.10404597802858447
2002-11-01,0.0,-0.508928010239862,0.2093800936603622,1.1993909941741636,0.17698091162780213,0.14242321908734823,0.5985055277162841,-0.17930163839454,0.14162427855206328,-0.00021341551783600476,0.4507840313987529,-0.048848603286960036
2002-12-01,0.0,-0.3922829159497191,0.2671681743747435,1.0529146654340404,0.2686474143787833,0.1675963788956982,0.8692197976723006,0.022061017343128476,0.25630599479093574,0.2150111752400721,0.700708016112856,0.010433635673447336
2003-01-01,0.0,-0.2251227021481758,0.21932851607394865,0.9984239652125215,0.19003964687879565,-0.0428128426463894,0.5873841091697374,-0.14778667315353705,0.07170111131991239,0.2343589297441204,0.6120414886230527,0.07103214837240712
2003-02-01,0.0,-0.09754541575198711,0.197446550187381,0.8934686950617501,0.13562621008229364,0.11870593883388525,0.805930151017501,-0.2877349498781219,0.010694404273718802,0.32991770371718887,0.7903265708719878,0.1567624559428647
2003-03-01,0.0,-0.10652490509784415,0.1500898208541668,0.752607670086172,0.08590190049578747,0.2120193219088437,0.26077039584039424,-0.4762898273441928,-0.04859689522948775,0.47715374241411834,0.8490910325812595,0.07089617613223506
2003-04-01,0.0,-0.4771273619257109,0.10878459060518753,0.6481950449626854,0.009730625145722283,0.25218250802249287,-0.10737315657310909,-0.4192088657270978,-0.16694845512534584,0.6230274532699052,0.7776493896600458,0.13694223050840848
2003-05-01,0.0,0.12328978499227751,0.07402151948576483,0.756047354631915,0.00951066414115399,0.36906718921936954,-0.26512842042229273,-0.29403078217951495,-0.29890295892896845,0.6483293017753383,0.5961703520473549,0.04014169501607909
2003-06-01,0.0,0.5887331934484683,0.16986386669752826,0.5831026991061756,-0.09276733365379357,0.3201551446407468,-0.1520950936316086,-0.1614848911442968,-0.2767062192451948,0.4846183220834371,0.6956745349419317,0.22628370416644578
2003-07-01,0.0,-0.2454045035713311,0.16902209315210628,0.40056041826721667,-0.09477489707236018,0.10160881114666781,-0.18144797735326487,-0.1935973934999726,-0.15595108286153708,0.1466655816313733,0.3409840288683109,0.13800604062188104
2003-08-01,0.0,-0.5952076946369311,0.16061597531667277,0.19823497041744906,-0.05071703171496142,-0.012720490350382167,-0.33479899438555427,-0.31275242530351677,-0.0849154169727678,0.07750666738507618,0.2806556947803038,0.10477274667532291
2003-09-01,0.0,-0.018005113149907798,0.13381368402146285,0.342547893461963,-0.05585186031201143,-0.04134530881571038,-0.27071056352091755,-0.03829315862817453,-0.005949367618049303,0.11048797756208924,0.47083100103767905,0.13420557680677925
2003-10-01,0.0,0.11932708890420313,0.1377582766642514,0.6539351300893537,-0.03285535498087636,0.0061651756128069946,-0.14430706140578176,-0.04516677532728934,0.06817573030378099,0.29461686445575014,0.7711526933196746,0.06520682225070049
2003-11-01,0.0,-0.3796270425623717,0.0716549030273898,0.7855752184086253,-0.11978603665186537,0.06445699788835756,-0.11320379761838381,-0.09019441483897028,0.006391008948472562,-0.0037444712864896715,0.7509353745913683,-0.014060891354239656
2003-12-01,0.0,-0.028951452929279628,0.08758458421344452,0.7249267574146621,0.0537952465365878,0.3120929283431346,0.20464397875131016,-0.0002725979183091677,0.03746648908583859,0.2717652004469123,0.9388655467924982,0.026000248578279962
2004-01-01,0.0,-0.23568479437146045,0.1566301877136413,0.7183369251336047,0.09302081884985938,0.3575121716512184,0.6122011969714809,0.037625582867362395,0.0002513487352717482,0.20657590721087543,0.9541071530764011,0.12109230460677511
2004-02-01,0.0,-0.30830895679000353,0.11081725050555252,0.6443137356624351,0.058630235087693786,0.24878182925199718,0.37028770550733475,-0.010275777475276193,-0.06608737641350355,0.20046621913296472,0.7275321064463031,0.0025641248652757288
2004-03-01,0.0,-0.1268911941508884,0.1466608264212548,0.7126432323455258,0.15018536291889908,0.2611767376495586,0.604766126603381,0.08180189049041324,-0.06055914997521962,0.38585187611911953,0.8430447807731769,0.021548620179965422
2004-04-01,0.0,-0.19638212381267775,0.05271810892505714,0.32577275701878045,0.14515691061910405,0.08587948861214292,0.30719442889131154,-0.02217491311477766,-0.003130464668599446,0.4827252650251961,0.43934938800260426,-0.10483653140581903
2004-05-01,0.0,0.13194821369521714,0.007754101811851311,0.24804926138168057,0.11222812738842328,-0.11200676191524339,0.406176973075111,-0.11619987220571697,-0.030855793268963823,0.31550292883766085,0.500320499667304,-0.12639030575230842
2004-06-01,0.0,0.25794859126774394,-0.07687923303302027,0.15769923314284057,0.11372715773862466,-0.07323818097925329,0.46324185212839314,0.06738708144861169,-0.11839085773178906,0.41910061822673267,0.5989337508769562,0.024676049315689154
2004-07-01,0.0,0.6077650810605841,-0.07446677706086274,0.42478651604950823,0.06893232432970056,0.003469649091103813,0.7705055746091067,0.03701091335617742,-0.22232743363909518,0.2934014528505494,0.745384976720123,0.1181752819096459
2004-08-01,0.0,-0.7558978759205112,-0.06129210265976313,0.2191091455034311,0.004683482839385172,-0.17797359397042412,0.404865758878236,-0.12792168179093769,-0.15867516319556335,0.06144081449926851,0.5775478171095805,0.04442422588852807
2004-09-01,0.0,-0.6501693815843871,-0.021179519797436524,0.32516301869883496,-0.007372990849389982,-0.19270355835484165,0.5589476781767542,-0.06674313070672788,-0.09419386509988195,0.13070638751328056,0.5459408006393704,0.10856414623913843
2004-10-01,0.0,-0.1328284912890475,-0.04370163254287013,0.429619295049367,-0.0619492924229407,-0.1875581614612321,0.1840578866594012,-0.22986289091837894,0.02493109382966013,0.15074941653654977,0.3221744836139474,0.03561893840982444
2004-11-01,0.0,0.11679886519449797,-0.029982726324848802,0.34895814329796826,-0.055642034084490866,-0.07988693914565259,0.25475551896808846,-0.05784087724898335,0.25814645249461965,-0.04792101549576182,0.15570799903651505,-0.0077865666879268595
2004-12-01,0.0,0.3805925958056056,0.01233601274402683,0.5446515949854758,0.043516864014361244,0.1292357924798643,0.5627751017245242,-0.043218356441690656,0.2335618316084737,-0.014262358629445259,0.0843706670897443,-0.03218380677061287
2005-01-01,0.0,2.050062240163496,0.08956862818089009,0.4799533000278049,0.11545304960892588,0.4673407087439837,0.8117932614744423,0.1525032464815138,0.2729695920122279,0.36318593208077676,0.30394789094351504,-0.05311969961546208
2005-02-01,0.0,1.5564245006588364,0.10351051403912759,0.41391229843025357,0.10316090266823434,0.46091567212784135,0.6291234630893832,-0.05352074502077091,0.15542686383986595,0.4444348597204207,0.3230187872839112,-0.07186547684833688
2005-03-01,0.0,-0.1347701033297739,0.1458470391554617,0.18582509062770358,-0.007470389544693087,0.29680248530996,1.0799609409220494,-0.16865094776907907,-0.0412033359296185,0.4116307718878571,0.44032584158810195,-0.007978633461522965
2005-04-01,0.0,0.6688190873925262,0.1035353122011847,0.23973303204574656,-0.08981070438021582,0.30795473209076324,1.2550748884386045,-0.047290189641979896,-0.08505692030051745,0.42272548838412927,0.5550569543643459,-0.002883382382353661
2005-05-01,0.0,0.49082012478575887,0.18295297874400418,0.24425933164644362,-0.05861066324812514,0.28110244291147196,1.1897390055483095,-0.04476954557113174,-0.09664070997034184,0.4722658552230513,0.44878099334189897,0.008482526524223065
2005-06-01,0.0,-0.27506153254018095,0.026191454627831994,0.23548094983451945,-0.09067673091156608,0.15573601201044163,1.0404902022919669,-0.19785914601223026,-0.08548060180066824,0.15592862600838792,0.2958917075531128,-0.026685305058891648
2005-07-01,0.0,0.7072082601373467,0.0447922492700393,0.4547040851538916,-0.0959051262775667,0.09594555306150364,1.4510491076774772,-0.0073829255574976715,0.07015734716353234,0.012997198153113908,0.43388044830807415,0.04987412442138864
2005-08-01,0.0,0.5302026826905304,0.06670153094257328,0.5247290446978465,-0.18087896751298277,0.095138732179004,1.1567142972236621,-0.0737080533160554,0.07225072933180002,0.022748699628376542,0.2238954349390983,0.13429613805352253
2005-09-01,0.0,-0.7228954673426866,0.03798866460041155,0.3478169985084968,-0.16740503312633379,-0.025638242054043955,0.6018830015987444,-0.22319639099835148,-0.07696439656330112,-0.07735892213452325,0.05062425187752713,0.09940346653890805
2005-10-01,0.0,-0.12980694465131704,0.12222764883275919,0.2996291282849552,-0.0769892787055531,0.12226634242105386,0.09787254237773424,-0.13035071199248216,0.037621326641034555,-0.19884544704753052,0.11830406707705726,0.25146710082523016
2005-11-01,0.0,-0.16383386683174245,0.17922001809866853,0.5721743228026448,-0.0026915833482727136,0.16323240846896467,-0.009233632934294281,-0.016865665167647828,-0.10362880932405932,-0.06532310963664018,0.2994234356163985,0.3818833311990336
2005-12-01,0.0,-0.11099624000560324,0.1341962157941613,0.3044271400247166,-0.013524943085599879,0.0741173597051584,-0.16348800951190423,-0.021585382996460088,-0.11750619764820469,0.01357267755710934,0.26592587357887726,0.4283016020332884
2006-01-01,0.0,-0.0809546354336324,0.060814349475647914,0.44418170452427513,0.012355185588330306,0.2017884492277896,0.3135432250372358,-0.1909102796204889,-0.09141642591200808,0.3598371587557664,0.37312052238900417,0.4831485219896314
2006-02-01,0.0,-0.25698907959886397,0.08719788453676211,0.5574519532305062,0.017113151599570057,0.30164585457724685,0.5526312242231236,-0.06146546893864457,-0.1418548897377945,0.5234374065442873,0.3163149933411782,0.49538478467086705
2006-03-01,0.0,-0.2521327086729007,0.04145653100861172,0.4452988557395259,0.012120975722707015,0.11437886107947556,0.4987503783052553,-0.08203978816188051,-0.1101526944135438,0.508712920635424,0.3297041234800626,0.4942616570426722
2006-04-01,0.0,-0.5779314860268223,0.023449341532542307,0.40019351166198835,0.11518559204448928,0.1741748144908558,0.6868263352643922,-0.04590162971457723,-0.19452045740660479,0.5085381559916263,0.2259662384994963,0.5234116915855862
2006-05-01,0.0,0.45515411856064747,0.19887862716387975,0.6233658692963165,0.15848312919367472,0.09956238643864997,0.9261681814726963,0.12340075462305962,-0.16751110740202352,0.7210873061869381,0.3285358511349742,0.41963669747842636
2006-06-01,0.0,0.0279768676203465,0.16259883334312403,0.6095234613702589,0.20673327989368184,0.15094202129448905,0.599454359663244,-0.06249023233629397,-0.13891808383873416,0.528578529728035,0.5161540708486312,0.3803084756688251
2006-07-01,0.0,0.40441626199643393,0.12375359661926569,0.639499695469142,0.19230156516489427,0.05660003304915959,0.6952600807560941,-0.09136913405375077,-0.16378045009002842,0.01716707247220065,0.44880607504870695,0.21817865857201205
2006-08-01,0.0,-0.15712276580727288,0.17888384225182358,0.5027819762012947,0.19567083871288804,0.07430552126502016,0.1660887982854284,-0.12277561428245753,-0.25050079854872964,-0.033827124989554376,0.23081176331813535,0.2177980036134674
2006-09-01,0.0,-0.15109461946983616,0.18352632713390216,0.5216321846100216,0.1539888242684831,0.02892965343515219,-0.07148002591003999,-0.1389428719928714,-0.2652902700799119,-0.014978808016676165,0.17103263672362143,0.16397020830084322
2006-10-01,0.0,0.5503008675369322,0.2160566994860781,0.503077739411355,0.1455923392564577,0.12153595007357253,-0.37212857761489204,-0.11040562422874274,-0.1621502603882654,0.109879098052644,0.1961592717570905,0.16405028892191476
2006-11-01,0.0,-0.881065948958204,0.18109716712112267,-0.016637546721195308,0.10551087835102987,0.04858677178325719,-0.5976792271115892,-0.12391309039899963,-0.10924390602567702,-0.00797966770656811,0.2561333835648036,0.17737646596018328
2006-12-01,0.0,-0.06273399197409857,0.11239239355129707,0.32750048675692556,0.128559719473246,0.17933688115383942,-0.19683226243837598,-0.1476266903468074,-0.053368844877951044,0.18483078153684732,0.4597864490027539,0.15952090688922962
2007-01-01,0.0,0.06973936070689624,0.0739546256979994,0.10364125621792869,0.1858436956567981,0.3453566321332284,0.029169329840974992,-0.2389900468654672,-0.07210270463380117,0.44585385718941967,0.4468948292091041,0.16045333911617188
2007-02-01,0.0,0.32343929202206606,0.06488264753236664,0.16645209023047056,0.12908420766807105,0.28240260670206385,0.6874504076646819,-0.22831898982269955,-0.1591349566954933,0.740057274845122,0.49673305953053637,0.2421758936394785
2007-03-01,0.0,0.024375746118703467,0.11657719436034747,0.15847678260929787,0.18097971566743726,0.2992285816633168,0.9430470725973265,0.01987686056433451,-0.11397850091856103,0.9245299748882491,0.5229924198841223,0.2756439636542347
2007-04-01,0.0,-0.05026077886071112,0.10146850292024151,0.12424743034254251,0.09586474228430675,0.2306252595356177,1.1611906677776866,0.004023525755128416,-0.21949355287232214,0.6352916153904749,0.329535394282389,0.22227160242861177
2007-05-01,0.0,-0.18824424263314848,0.16002499771224316,0.41376994075464607,0.027086426155290454,0.09664491686108942,1.193393172447971,-0.09214612624085594,-0.3285400336587091,0.6202356970776624,0.1812232973475677,0.26744287609036577
2007-06-01,0.0,0.707868364320279,0.09313935059753026,0.4763340457317089,0.04978212585826464,0.09965668646560195,1.1297739638423026,-0.008153673058984838,-0.397938588776549,0.37533658231015377,0.25249591124334025,0.16542678127860228
2007-07-01,0.0,0.5406988778336426,0.1151549374848441,0.9215442181757962,0.051798547703200526,0.07639310965883388,1.0715314826714375,0.07001197650209129,-0.26187246625369165,0.09097401625726474,0.17615806532241196,0.224737599191317
2007-08-01,0.0,0.33863186908645976,0.1715792155454312,0.8402799044881304,0.09814114842960145,-0.0762727394330708,0.7004354395955752,-0.01760237968156378,-0.1944465706824694,0.19549441350615335,0.13391875516219723,0.35481378331372343
2007-09-01,0.0,0.371147255688067,0.2020526298244832,1.1621238414581638,0.038096420065825004,-0.022650828289804182,0.8682488362931757,-0.0015094675745055477,-0.03114031688732516,-0.019200761606701654,-0.006224829175650259,0.35763217249143253
2007-10-01,0.0,-0.09058779906516434,0.12242510141103025,1.0729224062661527,0.010626504555678635,0.01765202179753234,1.093295987326432,-0.014187597471543908,0.04068924803730485,-0.019152752563467143,-0.02035176056991867,0.3622925491209967
2007-11-01,0.0,-0.07418867345374086,0.14430869275217922,1.3252039728346725,0.11002489718923888,0.07878080495784871,1.3601196662995083,-0.0020987398611968626,0.07193525308619489,-0.04797297133298062,0.3348101179433335,0.4240484303085321
2007-12-01,0.0,-0.5565424330728727,0.042438418612358156,1.3476853415085932,0.11432189475642118,0.15277757126723657,1.5360774523119685,0.04184463788163051,0.20276002599805754,0.19028242069459841,0.6146188907817522,0.5601836538160563
2008-01-01,0.0,-0.21221365305445883,0.0077151372532893135,1.2468435927403556,0.09758258758658234,0.42152875660308486,1.712320616468035,0.0101111637922714,0.39215142896712846,0.4234555225986282,1.0126603792436542,0.647819277861376
2008-02-01,0.0,-0.17073546224511163,0.09475203157028687,1.1325927922756762,0.21067707016467707,0.42851734052482937,1.6716390829870376,-0.016033581477720608,0.37209226329239253,0.4900746517799438,1.1785686619744453,0.6023457882430789
2008-03-01,0.0,0.2060651634253343,0.10606820798558786,1.2502634551902836,0.3347578957889359,0.247075960102904,1.4521906130211422,-0.17634961580771064,0.2988464226866757,0.6086862652051243,1.6162219739913664,0.5940581434893368
2008-04-01,0.0,0.1698105606860718,0.09414875436853966,1.3045505766288374,0.46139489696645425,0.1863733704102441,1.4002122199166083,-0.15087716599347525,0.24705914775746202,0.5238350984692848,1.5803867638585627,0.6012391923927761
2008-05-01,0.0,1.1669537762213764,0.17101380576830666,1.4657252401224559,0.5650918510052878,0.24813409852539725,1.1836329960917735,0.007113763138003527,0.29573307021682177,0.6312317759349303,1.694013888450527,0.5402698478948634
2008-06-01,0.0,-0.23089171290680152,0.11916599575757203,1.0720171882609557,0.5619161823410831,0.2086647680811061,0.7469852586586584,0.01782094058033432,0.2620536327576592,0.4045458456003364,1.5769417937691341,0.43853440257716736
2008-07-01,0.0,-1.3018767167988967,0.10127846615475053,0.45658129408155734,0.4795908278582933,0.052422596609462024,0.09450753049958195,-0.1728114870572628,0.2853299386498814,0.006803859454087357,1.1280381625766367,0.3096154185951646
2008-08-01,0.0,0.03606926946268336,0.16548403909819448,0.2217725403344915,0.35214322312393653,0.09361610967329288,0.09318739382819476,-0.031633569063787136,0.395267956680151,0.10330735289905182,0.9483194537967341,0.4086403062423288
2008-09-01,0.0,-0.052569762017484534,0.14470593249396924,0.008483790102586222,0.2921582274290615,0.16822546299582633,-0.22657436109927326,-0.08233671163040888,0.30408892308728447,-0.0447017814811467,0.5666655556543931,0.3623199775299649
2008-10-01,0.0,-0.1381436795405693,0.290129421619547,0.0884704742771188,0.20520864636088784,0.1437810761775739,0.05935692433432695,0.05768949336371008,0.3113558788268095,0.0866654121559691,0.5664796567310215,0.4523499064455596
2008-11-01,0.0,0.04856973012042837,0.37814835765699345,0.03427531106952662,0.25627426137089976,0.08452229641715488,-0.537248427173633,0.05062170987362264,0.24276050221168372,0.11195466291442319,0.40434735668381744,0.5287713673350903
2008-12-01,0.0,-0.06264983145082369,0.2718240645662534,-0.15036308791886915,0.22431904864929442,0.10452640444467916,-0.6048021725557859,0.019081683849954012,0.22282936022016364,0.05767757999802747,0.33607433158425637,0.4275141548066764
2009-01-01,0.0,-0.05463146756939852,0.2012964181231564,-0.39563320575016303,0.18701627995374948,0.17226814603116797,-0.4045298937738777,-0.06669695757299215,0.29500509894410787,-0.08530957890354886,0.26209137046104003,0.3391478412937186
2009-02-01,0.0,-0.4960830276501295,0.23949685654501035,-0.2203147316746098,0.1576201903117823,0.2045224411922848,-0.42583581133545517,-0.06387612321854583,0.16349393890434633,0.22599915404840332,0.5561589661399315,0.30399887367357437
2009-03-01,0.0,0.14321422606014467,0.215181211109211,0.1254286860954718,0.1438185812182054,0.27243366715675454,-0.2314507275257962,0.004997013377843369,0.17293722816816104,0.28125578978583166,0.761289403307591,0.34091407597041473
2009-04-01,0.0,0.17410636930650594,0.305984026268184,0.04998154246478884,0.16876852648025736,0.3283454121079695,0.8976438496852754,0.02526054697511393,0.13948727439319,0.2635117419683215,0.8776804814417944,0.33328211485141285
2009-05-01,0.0,-0.32979812443993595,0.32681555216779445,-0.2550923960353846,0.14881902291052218,0.2031608780926956,1.0352123931216966,-0.04262972953241602,-0.0154306693805876,0.14780965662185294,0.5428328441939386,0.23411998834760384
2009-06-01,0.0,0.1989905563381533,0.4102546012034807,0.16771025308122778,0.12079395150064645,0.16060822623993706,1.3758701353240501,-0.004760886620749425,0.10375463301654061,0.22559259004638488,0.5821247856333819,0.1535763616938165
2009-07-01,0.0,-0.1927607902610425,0.3335661332045822,0.22380481056264653,-0.02592388430507854,0.12405749442133908,1.5732050836594764,-0.028452368964099476,0.06032975382748928,0.15479096595395256,0.3741599312128666,0.1287217539407748
2009-08-01,0.0,0.17087164190374532,0.24263851205925527,0.487299648912519,-0.011579476333006312,0.11738585170610064,1.7017945374488122,-0.004281938643131589,0.13229965246730474,0.21058420764935873,0.23822347693501456,0.17050468665726778
2009-09-01,0.0,0.09136854305384295,0.22002955993100876,0.5546915058924119,-0.05532707425115749,0.06419606602347792,1.1509593225533492,0.06066099915134335,0.021063041422524832,0.21042660305011646,0.22967694769272706,0.2416868659501893
2009-10-01,0.0,-0.21445505177880597,0.2097615728630589,0.48479008378272725,-0.08409130897117004,0.13585908730431162,1.0176306942770186,-0.00855986834857193,0.026557789461679457,0.13815791087794907,0.280347517332693,0.20742335669609047
2009-11-01,0.0,-0.16819285407764362,0.17374992531776945,0.5667397562667731,-0.09145383080986286,0.06917006781803539,1.0706502499074653,-0.1487272123239908,0.01344758807930073,0.03148897610347634,0.46723474464800674,0.3644200747577026
2009-12-01,0.0,-0.006181189082416008,0.19667775443627394,0.6995118193063445,-0.010261591322255188,0.25558003049939276,1.095119004550599,-0.14381567817726632,-0.024366935870943518,0.050098887899240135,0.4417833801664854,0.3440065016035189
2010-01-01,0.0,0.30631728916851725,0.15912353882728292,0.7417744929250345,0.05717942662960696,0.16453416895309028,0.7194959279927782,-0.09991183158822162,0.03466670961533439,0.28246997803568274,0.6679112927408593,0.33760021062457657
2010-02-01,0.0,0.16332952232613673,0.15798332791545122,0.39803521836920347,0.006217947478249393,0.2645242617329648,0.6272160324625979,-0.042841868832887486,0.07422174643746064,0.16407845617666433,0.6175952826769108,0.20639894798175376
2010-03-01,0.0,0.65148160393771,0.10228490589014422,0.3919256595391404,0.01844160213348405,0.248549139768713,0.6652621927657589,-0.12515918279434474,0.05173148480674837,0.3109637418181124,0.5183206056183673,0.19840951686644817
2010-04-01,0.0,0.3002908285406713,0.07713147827250963,0.22619339971108698,0.11130862523450752,0.2821786408691528,0.5159043062311217,-0.01656318863086391,0.06774673184139808,0.27815518771462,0.47277093698380546,0.06578836216049663
2010-05-01,0.0,-0.8000445882873313,0.09211757872512838,0.31357818546479954,0.13245990220988063,0.13147894224440032,0.015609704585221928,-0.07513080805082091,0.0018452863087152563,0.12038397655376881,0.3062931788893132,0.19798446851876658
2010-06-01,0.0,-0.5593021718000846,0.11278977296374318,0.17065232486174656,0.148755063987243,0.07117238992666766,-0.014902872952179375,-0.05435704401558371,-0.018849335735793234,0.09761803113469157,0.22269631081861774,0.28295966851709103
2010-07-01,0.0,-0.3436602806793149,0.06152311971082035,0.18711086250673364,0.10722260625012281,0.07085428301175227,0.06118659852828109,-0.006145189098824354,0.05015244801961044,0.025365476434807643,0.2874867640687157,0.20292131523160511
2010-08-01,0.0,0.4919416697548581,0.09341938968429489,0.508223374104912,0.17273126512304043,0.04015532778987817,-0.16724616999658842,0.05771729936548784,0.17200476868642478,0.10820846248429915,0.2118820822443266,0.09992254372131157
2010-09-01,0.0,-0.29427325603445664,0.09760935572715673,0.43811891960219684,0.17893027412094265,0.020665991190301967,0.419155089621964,-0.04914702762877392,0.18173783031830495,0.14171987589914786,0.4031716700972514,0.19382051630648567
2010-10-01,0.0,-0.14096399064894521,0.06820429923323962,0.6041498269369379,0.21421723433726325,0.07002435358575952,0.4863397814126301,0.016948914049027458,0.08468666977046957,0.1919569889715068,0.4126611241956586,0.1116307632552479
2010-11-01,0.0,0.8102019398477712,0.029736652240456306,0.5307748830898971,0.20410974519820435,0.20155672174026398,0.9952128489968837,-0.07282276616063636,0.10862611580451897,0.26593225469398063,0.4138122269612785,0.18020472373212715
2010-12-01,0.0,0.47002191765828566,0.10467529031408884,0.9983006581010004,0.28559578925103263,0.347465511117647,1.2651122079726664,-0.21904381230507985,0.09014445212526317,0.21526007871915326,0.5834470184418271,0.34986553086485794
2011-01-01,0.0,0.9800438537158729,0.16380426251889782,1.3635270386970184,0.32178022375761983,0.4390044280436628,1.5350330738802729,0.04330000652283447,0.3998175445607367,0.37873232807727397,0.9080377556002499,0.3626128487361313
2011-02-01,0.0,0.6240777356867373,0.21304833331853967,1.5542800298724326,0.3367120228501447,0.4605784863442957,1.6656356754931245,0.12087875337081704,0.31318373392025745,0.4740162355148204,1.1188952118576854,0.40367958168094886
2011-03-01,0.0,-0.05196601135623964,0.20715312814886117,1.2833111333992488,0.27623229653860887,0.2997596062795318,1.6254894267767233,-0.013264772478920685,0.29899563509593263,0.26941587068079137,1.1447938744200918,0.37755112664627033
2011-04-01,0.0,0.7118321287790339,0.28136896955382884,1.298313772895638,0.25390072353011905,0.3649965091860976,1.7518494555745514,0.1314327310586587,0.21673709835976,0.23860189507222213,1.1549377242664338,0.36883636173456746
2011-05-01,0.0,0.6417717951537001,0.3294051507460185,1.3929052240028672,0.21388524922225785,0.3099457800333556,0.8746043214988002,0.02677444764601881,0.18081554811425948,0.09552750835761496,1.071722810020411,0.3527905971030571
2011-06-01,0.0,0.5721221990506247,0.2045970520207097,1.1946534387630465,0.12849633171690844,0.31581842952430816,0.7032850114872102,-0.09306317073157905,0.0729925265240686,0.1629959909483396,0.8866364439796544,0.2021075079065407
2011-07-01,0.0,0.5959924202304314,0.203299800229769,1.0211904258520086,0.13721962667885385,0.20144265993981414,0.7177980633228114,-0.05281756615039278,-0.006311300605792466,0.16648308663167932,0.9328397925569051,0.11675542736950964
2011-08-01,0.0,0.051416974623144984,0.21811029843314345,0.9652046699618689,0.10570463959476542,0.13072155762587423,0.5747237758474111,-0.07494959632131096,-0.0866017559115273,0.12019322529992743,0.7893356565209391,0.07316589540643742
2011-09-01,0.0,-0.4782576638850727,0.16157027634406068,0.8548317572218339,0.0974697150537147,0.004330711279583829,0.2704866582458658,-0.3547756452345662,-0.1251633554209025,-0.11798792580561254,0.2692662500561952,-0.017946226619409866
2011-10-01,0.0,-0.2823393099061531,0.12443384609239136,1.0618263788058029,0.10076481562953654,-0.020835763315315097,0.3668050820155299,-0.5354385575292739,-0.07930633152198052,0.001536824890272584,0.2456039080503775,-0.09834960346532096
2011-11-01,0.0,0.4218095832739186,0.23307556519729217,0.8299504932840795,0.0874963348351842,0.10338292970655938,0.250741453876989,-0.4061077556075694,-0.11490849058337743,0.15266350940917625,0.26085208029706675,-0.13014426170010013
2011-12-01,0.0,-0.3493272807399838,0.1558390479353216,1.030810692881008,0.22253999161114893,0.1126646232124879,0.3317729381762226,-0.2516458398576147,-0.045009852435852135,0.10514049769375622,0.2550300138391614,-0.19281177948793804
2012-01-01,0.0,0.1448981703325568,0.16852301245987023,0.941305014978415,0.20385080471843925,0.18296208980419673,0.447874514699414,-0.14031777903795856,-0.01623770762188493,0.1806320978058705,0.12643363846728028,-0.2099381582750444
2012-02-01,0.0,-1.2693490855384897,0.13909673299703199,0.937014214818622,0.16610249037675837,0.06515199864089252,0.396299852615672,-0.09153770572102246,-0.11637733112605361,0.13603905988759102,-0.16179487157225536,-0.3152500948253439
2012-03-01,0.0,0.42394497095733885,0.2970732652249465,0.9785610138093932,0.16379207699650997,0.1453607791060363,0.4762763588130977,-0.029665914170803002,-0.05593085194704181,0.22757042096444002,-0.22784171359258026,-0.20106102834754913
2012-04-01,0.0,0.3039516057572649,0.34856224714926765,0.7109560532135075,0.13363906998253502,0.0886407313322046,0.2859499198743758,0.0007534295737007327,-0.0907869647736383,0.3484493849139888,-0.07374548800606096,-0.18075949195520838
2012-05-01,0.0,0.3299055498212271,0.3513515519034822,0.6114025391417784,0.034410764774353585,0.040273768384397245,0.19156655752612745,0.019262745168856853,-0.14528032597600624,0.19135206375237707,0.10829168935359204,-0.12414428981038472
2012-06-01,0.0,0.3960251502482717,0.3755855019773841,0.8076443726636627,0.06641038494162003,-0.06670671969856486,0.22363343273540454,0.10796359232448986,-0.21279925895095864,0.33800517040659306,0.12432085242599418,-0.05852115136564713
2012-07-01,0.0,0.15051764117565303,0.23047999378803047,1.0524661261796373,-0.026881204725728435,-0.18744707215581152,0.11033714236942016,0.07649390656698814,-0.21721641765259292,0.2630194908500172,0.09676292935762845,0.03218291324071934
2012-08-01,0.0,-0.6063272146537114,0.18778770349418877,0.645515085342504,0.035870883156865374,-0.15341570046246933,-0.1803456068070879,-0.0549065171395756,-0.08506407427908536,0.150498554089797,0.1944655269458196,0.04622646060408338
2012-09-01,0.0,-1.6888103338085885,0.07701416657814136,0.3949008857515367,-0.011295745771101692,-0.327572752221874,-0.6054984240899607,-0.23803604807005663,-0.15578419884617797,-0.1509989426941295,-0.042050082214734864,0.024467082738985624
2012-10-01,0.0,-0.16703677808351317,0.07858610440974723,0.5921621619497839,0.0004724933941057498,-0.017141347093656986,-0.1495655910724645,-0.04384554123149405,0.028535354652437638,0.13374695090376362,0.11429645496412237,0.07140762450698344
2012-11-01,0.0,-0.4058357589565769,0.041506745177823365,0.28016296206581226,-0.0202778255444815,0.01360121604330142,-0.13618801771339362,-0.011137877139446035,0.15539399723031286,0.10888669961980905,0.1591714976553407,0.07575935693600407
2012-12-01,0.0,-0.42953179131647035,-0.0043229574641254,0.4423010403044484,0.006226132983687498,-0.0018151150274819013,0.06169266483388604,-0.0746892715974224,0.18605142782984788,0.07588777116477781,0.24218267895612855,0.0271050750615254
2013-01-01,0.0,1.0901310930310322,0.05211043170593802,1.046614372101231,0.017866230331022512,0.22439539503937453,0.17489432472958227,0.132085146459342,0.2555949275998656,0.40175869397703246,0.642648297979939,0.10142732925330222
2013-02-01,0.0,0.8829130543050279,0.1307137900735263,1.0409429214548978,0.0051714289292338865,0.20331024302552447,0.060252285350029945,0.04735141349060868,0.2255916107610253,0.2835502132727628,0.43742770912865553,0.10576344276808503
2013-03-01,0.0,-0.6154314695353538,0.019642777331462538,0.5687878407859417,-0.04761057829634667,0.0530124170837989,-0.3402264072520382,-0.10657487372102858,0.013321149319953996,-0.05281002119868378,0.28551880146371655,-0.11199458450922238
2013-04-01,0.0,-0.4827951351595248,0.07216958019606892,0.5798392231003655,-0.03638397857762215,0.08990645411555931,-0.38468528837746174,-0.01983823601778115,0.14447376751252758,0.030988156483330746,0.4782082865026058,-0.026843908525711453
2013-05-01,0.0,-1.6154603366681346,0.06867844388840902,0.5577768189725469,-0.0822209697883472,0.05341557960609215,-0.25526774595928714,-0.0873448588899444,-0.10884147307722111,-0.11961157505180939,0.29036811588801326,0.12260747739477348
2013-06-01,0.0,0.23890220907663273,0.17079554205534186,0.36324504575897343,-0.04906089203155283,0.10177698962083719,-0.16415030482402093,0.019332581795315926,-0.04590819687810506,0.034949587283725415,0.27371693098249983,0.22499898804393142
2013-07-01,0.0,0.29931189145461656,0.21320261151140163,0.43847931490243724,0.07074957212760119,-0.10286688137607251,-0.28562802576824814,-0.0427500104872756,-0.13212410146121562,0.07206595661653796,0.17396220158196934,0.2965318685125621
2013-08-01,0.0,0.13429519444178117,0.28606331016225084,0.4775234531403968,0.18564145822432285,-0.08431536173208681,0.11411238203413993,0.007921138475467507,-0.07343099285840428,0.04179179314772438,0.17441634415183604,0.25237281540285583
2013-09-01,0.0,-0.4679609457478908,0.2510038347560486,0.3571855576534291,0.2416598010005107,-0.07232824389978748,-0.3617944921758057,-0.032384456049718596,-0.06267625667433997,0.015150691702202231,0.03406675198395502,0.4511954390769442
2013-10-01,0.0,-0.7436826869713955,0.2427060328017248,0.466292478529698,0.2488154237081301,0.008289217017443527,-0.40598387991666907,-0.05204487697333313,-0.09741544157843313,-0.03686831189874262,0.07752710702798331,0.4181840709993475
2013-11-01,0.0,-0.42481843245377005,0.308690397661202,0.8375365918971427,0.3339159641650813,-0.08433557350782077,-0.514880507518403,-0.07514726893502674,0.04421734107128863,0.03170973801436741,-0.01313160898341998,0.46736973728478387
2013-12-01,0.0,0.14381452670331454,0.2866018243792633,0.8400464786902195,0.3033234625043367,0.09527156045363439,0.1730324506257962,0.11886361500811393,0.05047310877110005,0.2511620337727425,0.289768574222695,0.48480064962341707
2014-01-01,0.0,0.6700882168469798,0.3429440219074501,0.7901463696357064,0.26214863297641555,0.17832226666961082,0.24322007271458942,0.10888063877675598,0.18094316086178164,0.33271180665085276,0.4607638803328734,0.42225262819277243
2014-02-01,0.0,-0.24420087861033707,0.23485719800177707,0.7352606346476116,0.24319113376272206,0.08333838278618697,0.11824345928313196,0.014978046481726091,0.08345118072175606,0.27410914695106914,0.5291581452970531,0.36055490144381863
2014-03-01,0.0,-0.3015021899829543,0.12437322112695098,0.5545595973097922,0.1344363625770184,0.10735223321357215,-0.036917105076639936,-0.07397104073873591,0.11556998359408573,0.3417737934009055,0.20835598852809348,0.3440185438335479
2014-04-01,0.0,-1.087863704461006,0.09276683741913189,0.43466172089442245,0.07721075441153785,-0.011458418656090208,-0.3037383922211653,-0.08727559910119181,0.14054112375420344,0.1671455324447929,0.1836005132560047,0.13401824541283067
2014-05-01,0.0,-0.9596206506785189,0.2168529090539806,0.4715578532785799,0.003540681881697443,0.05036359790645363,-0.36113102268987096,0.03761596664262146,0.19106191495091207,0.18182051835863605,0.20590950872280178,0.1785561920241418
2014-06-01,0.0,0.3687247667751829,0.15495414937506619,0.3779408867868409,0.029560065897260047,0.09262103321964178,-0.2568798295689552,0.04045129580580868,0.13420288638774305,0.06181690184292547,0.18126041127962983,0.17303366670455517
2014-07-01,0.0,0.5952960675680142,0.08055318593930877,0.10066442468424165,0.00929664826746935,0.05965602465003898,-0.6597584015443312,0.10693296412026951,0.13579227371492167,0.12558860371438677,0.28163065667431036,0.01255894015594955
2014-08-01,0.0,1.215878576768866,0.06560925699159634,0.16009828984387764,0.016905253290124413,-0.08511589903701869,-0.6759101033372714,-0.11391246505781305,0.14717233065464305,0.018946357350551942,0.32684927364551897,-0.05153788109863331
2014-09-01,0.0,4.013623082938767,0.08832630199809224,0.13296683351763225,0.09325601322021825,0.05442294182296646,-1.2231385223191307,-0.02552866011667263,0.14871032850512655,0.13138957089916664,0.372644660893112,-0.027270424394137894
2014-10-01,0.0,5.985839710556508,0.07616736878597379,0.14819800441222314,0.1671018023219475,0.1826467809187291,-0.98602889921986,-0.017675639071922777,0.11243911067743151,0.13422835240599187,0.1726726550666186,0.03163091344503539
2014-11-01,0.0,8.18989495624071,0.08517475961992185,0.26021954545257436,0.22855231039400709,0.1430302387551756,-1.2931490732179425,0.058414469888501734,0.05353073120389467,0.2538414793016112,0.3800463781591483,0.19502253365370475
2014-12-01,0.0,10.948972398296082,0.12250575606976816,0.13303793294177882,0.12531722254497457,0.041497996256193714,-1.6645634561478089,-0.019591545049512837,0.0833625165079314,0.19402697373114378,0.31240697470492595,0.315145472274867
2015-01-01,0.0,13.79862429002933,0.10037709702994888,-0.07310022681884548,0.15578957869214372,0.24508142299206706,-1.0179604828549709,-0.11100144844321144,0.10375727405485918,0.13287663157196974,0.2898090048234044,0.438291718623124
2015-02-01,0.0,13.63288914993382,0.10286521444672206,0.1716512729885617,0.24067789781993737,0.34270963660901393,-0.8564636476566834,0.15608844821551782,0.05265322351405757,0.3312656148516204,0.4953734764440132,0.46840584411048064
2015-03-01,0.0,12.389239539199954,0.13469028061730431,0.14087559500275887,0.218963366211671,0.3633658051569548,-0.8375097289024325,0.11599911266618904,0.12238111419994437,0.3724732912672203,0.766600279324827,0.48303336272062847
2015-04-01,0.0,10.379850895389257,0.09325138621043653,-0.18244704701409448,0.1574831609496387,0.21875582970761925,-0.6417994255169879,0.05560301238826047,0.11683451246362932,0.2877214850482579,0.720188886069671,0.2482667619437985
2015-05-01,0.0,7.622785078682766,0.12870081252654272,-0.4136939618732035,0.05587887038059777,0.04480618205257214,-0.4556351566231125,-0.14823785838539794,0.20674911769427476,-0.0006155208608584935,0.5716184841911449,0.11229120920560333
2015-06-01,0.0,5.545961264597297,0.08726065522724902,0.06419648802360244,0.011903278421464328,-0.04200708744862303,-0.3780842041815877,0.1841801502071289,0.34679147441106717,0.20889813134029733,0.5609538358921031,0.21562460339929065
2015-07-01,0.0,3.8222150198977376,0.09358443648290278,0.06991299725504663,0.011709919258525625,-0.015025415247822013,-0.008964562698290254,-0.11674158480430816,0.29590774319119406,0.08641175287259392,0.447442217586549,0.09643840605741838
2015-08-01,0.0,1.4527245322975315,0.16431937094189306,-0.09702409343340011,0.0007357164089951381,-0.05132038100319062,0.14028323937505283,-0.12397531831604978,0.1921095882882051,-0.07976131534034361,0.3582217959992078,0.16281200184425923
2015-09-01,0.0,1.164972898175023,0.2677972301332926,0.34522180753623144,0.014546390614965474,0.011689973975525361,-0.07968454092786059,-0.12528319412985495,0.08918902733456599,0.12789131606213744,0.30973254565990793,0.07678266998483599
2015-10-01,0.0,0.14211478461340943,0.26453648674814556,0.22563429353784134,0.15798774650905006,0.11017950410546164,0.01412183598106631,-0.09329268567957802,0.11843734754468119,0.14509848440133366,0.3814955109115753,0.2123817629208668
2015-11-01,0.0,1.0633453825706862,0.24663922941702798,0.12014117323036014,0.27670318794434945,0.06559999090777674,-0.40478231102158113,0.038226439795422396,0.0511318703473284,0.22322219553444403,0.44338093225947983,0.30305236507553474
2015-12-01,0.0,0.7736835768671633,0.15255765965426626,-0.2367399595834329,0.176274091618498,0.03312689385067744,-0.9421168166405156,-0.05343024616853685,0.10762100446653469,0.18940770626634568,0.5670902611592483,0.2765920753006454
2016-01-01,0.0,-0.028553019999503687,0.11600533227307172,-0.34736766111739503,0.12005544303367156,0.08877954326215995,-0.9072656617652819,-0.31569239020364837,0.13295728047161023,0.20377570985863874,0.47585349946400735,0.2497881213601103
2016-02-01,0.0,-0.5052549972771457,0.08321508665115807,-0.5447896473066063,0.18117685820376556,0.13796033954795522,-0.824929394150267,-0.10616889997605802,0.08420620386097469,0.1563747224640219,0.5195734668216943,0.2991234784077746
2016-03-01,0.0,0.511965237518532,0.10695848184171067,-0.08422070605399912,0.28788861190772697,0.29395527199663485,-0.20669463025318793,0.25728698546740353,0.08793314664696636,0.3572369713661915,0.7304268244444121,0.42446198306072014
2016-04-01,0.0,0.7583266046392704,0.11551836836600693,-0.11300399299443956,0.27295324497410434,0.23070170278168609,0.11676587484181522,0.517842016560995,0.06381990167848138,0.20006956407340534,0.570474369140641,0.27209960083272955
2016-05-01,0.0,0.12980137923681295,0.20412477104683957,-0.32046131966235164,0.19260515961228442,0.14149945469218633,0.26198445002810666,0.32381404062402763,-0.0427385153962029,0.09200290051231694,0.2545043088730565,0.12164809414287556
2016-06-01,0.0,0.5679850863177126,0.014119614409134569,-0.13405066012534592,0.12625473669566017,0.031709960149833766,0.5273535116455498,0.035520121617142165,-0.048915322437584154,0.0507975321454273,0.20640610215431276,0.00031753267524163575
2016-07-01,0.0,0.35494858000951757,0.04047199085736508,-0.00041538181526554196,0.06721145418309755,-0.05912468373756791,0.8702761745434218,0.044430694176409664,-0.13555138209812112,0.12367315761262171,0.37780101857493087,-0.05198794533540979
2016-08-01,0.0,-0.25638657915160656,0.05294507420710018,0.34536781416096085,0.06667328883630932,-0.03961588685555809,0.3203982086035296,0.04835131938084874,-0.10890910127717467,0.09387846401513925,0.2187619869194305,-0.03745955325504152
2016-09-01,0.0,-0.36220906739067926,0.09833955360707558,0.6629211356270894,0.08755439934871889,0.03849660792259341,0.20722440621016228,-0.0015184663227284516,-0.2177095890367453,0.11074006880391102,0.14496924687754414,0.03085906473000438
2016-10-01,0.0,-0.7001213853145413,0.06620034476927886,0.8768357073187562,-0.02793378708684835,0.0285811157971491,0.3694773314927934,-0.1647321239472506,-0.3032182688870575,0.09804459847108163,0.1780243415641221,-0.043642603999898416
2016-11-01,0.0,-0.5056443523697185,0.09699236066959929,0.9649934623049168,-0.006812283575001871,0.05356860542247827,0.5133062911783711,-0.2710178151990712,-0.284632760153958,0.0018653145916671362,0.30907135432407473,0.1749758355775575
2016-12-01,0.0,-0.5836440283136761,0.1923527094234196,0.7398703554383816,0.03370129623515672,0.08950690460553598,0.6791640412273307,-0.004293783511325373,-0.22269829508582303,0.026585402483775132,0.4481040809343325,0.1975530637436101
2017-01-01,0.0,-1.0041067973606104,0.11529568323398146,0.6992547703387832,0.059645975230718226,0.08161784711058612,0.2504056950316508,-0.2580307752537379,-0.3816226194098964,-0.0018853684892673889,0.48723009580971854,0.21093237950000027
2017-02-01,0.0,0.19895949575210187,0.11025195496648557,0.8193018707833657,0.1416092319921179,0.16554777680327548,0.5760563779490309,-0.07454773104426107,-0.23892724577966473,0.17865889423743114,0.5281038014082194,0.20170212548891972
2017-03-01,0.0,0.8017027814048105,0.053528788886369846,0.6793662950405407,0.2542354741332575,0.10081911004444145,0.4308244361788396,-0.04317722017297205,-0.22952221925470134,0.2122491338674941,0.5754345993814465,0.13019399726567843
2017-04-01,0.0,0.27773006740793804,0.0937379271260648,0.3462330034262945,0.24026987349817425,0.005748279034352894,0.08306450617163616,0.014409375096512508,-0.2707852674836464,0.17974696956694247,0.5978362869950435,0.018431750804336025
2017-05-01,0.0,0.4003875719256414,0.05021141104064322,0.34787860509395374,0.15527301897608609,-0.03290179517947306,-0.35355807996426436,0.04904869152882923,-0.22184514449308335,-0.013904612383713488,0.5586543698465866,-0.125386538198829
2017-06-01,0.0,0.8045077600134143,0.03233538568860496,0.363998072329369,0.11370116824783091,-0.04147860705128523,-0.5541835452241384,0.10774773971528144,-0.1256993255095647,0.03435130889547026,0.5500894604395783,-0.1462642764172743
2017-07-01,0.0,-0.18174668006341604,0.0473523019436144,0.05920147412244213,0.10919419886662113,-0.03709536254767456,-0.328075293884952,0.3070662233006973,-0.010276264476270865,0.021134957614582353,0.5717725128559937,-0.06010805369277522
2017-08-01,0.0,-0.34986060845049755,0.09114074892462683,0.2575644138488809,0.08322385235916978,-0.02218619838706641,0.6033233505474908,0.12969515830016873,-0.002262602308628285,0.14979540943644723,0.43767806679292826,-0.021332637068798586
2017-09-01,0.0,-0.047967388494158325,0.06511776582772016,0.36539411531265215,0.0933941357839227,-0.14008928388008024,0.9092337413884122,0.03840471859330587,0.02888264086731899,0.08806289978472338,0.32247986907102166,0.030886048893585732
2017-10-01,0.0,-0.5125020916771988,0.02492469760400447,0.44603139457280117,0.1393270219480248,-0.19315726219030105,0.7286713785510768,-0.17948450503956714,0.06800270732361309,0.008426893388261823,0.10066736675800006,0.033024760972206926
2017-11-01,0.0,1.489238898501658,0.14679035942115126,0.398574978506434,0.25627095185248283,0.08084920229652215,1.1847387471373585,0.1592486205215884,0.21965177222788315,0.31695332575243684,0.48785578551605413,0.2062191423321625
2017-12-01,0.0,0.016047836333094784,0.20555176864944294,0.241856590129709,0.15825277283583059,0.08602718650463326,0.7733623360273814,0.04744105350933134,0.18833904898991258,0.16562439939862417,0.6050577533740582,0.12525954213263896
2018-01-01,0.0,-0.17397619181072732,0.17019591501189144,0.25933657809030003,0.191600337800803,0.055089152496319134,0.3123368589518772,-0.18285815257488475,0.17671581567017186,0.28678405839033105,0.7150239101789635,-0.03438848944972866
2018-02-01,0.0,-0.243733459060322,0.19741065982982367,0.4774527638416892,0.17120112779703356,0.02676360019648294,0.20781605717236726,-0.07056785244064373,0.18081150652022387,0.15525177260128092,0.5901080914984467,0.02620056451067731
2018-03-01,0.0,-0.3878387216511902,0.08728500555136967,0.42305973888225357,0.08697973324183075,0.06456151487510271,0.18413397009403049,-0.10817640226840841,0.2943515589993245,0.26412862906939194,0.7379186340233772,0.05709805700987834
2018-04-01,0.0,0.48375942537881667,-0.014800824734349525,0.08569477001810741,0.06455583447137789,0.004090344055528127,-0.22530463273546616,0.0670431485397321,0.34941809418108327,0.18060636156178703,0.7817710938640969,0.08110113342602063
2018-05-01,0.0,0.05595127774492753,0.03242510791362824,-0.02455438938886019,0.0448981340938345,0.01615138123386622,0.43971508854764396,-0.0906149906680492,0.3775369508285211,0.09389358666874367,0.7193279436719999,0.08265233601068381
2018-06-01,0.0,-0.35064785292841416,0.013359783639899193,-0.2134596506507258,-0.03004034907242928,-0.10481550031117025,0.7776595803324644,-0.20698563275152376,0.24285047059153203,0.08925916425033142,0.36024303170618033,0.07281513582460053
2018-07-01,0.0,0.22975468730048873,-0.0309619373179065,-0.011350277795397545,0.03532391989050633,-0.17094231645690097,0.44979705083213045,-0.20295856958134212,0.2173265645968565,0.039328891771443,0.5456953396743103,-0.06222446282953971
2018-08-01,0.0,-0.38813359505849343,0.012455425990095768,0.19415628774649468,0.005277762860789743,-0.10754206019272713,0.31030272672591785,-0.10382722331439143,0.19489758646602504,0.05167524384941843,0.34106108849213423,-0.010353702839413297
2018-09-01,0.0,-0.2231882250424939,0.017099021854348667,0.24191726865979363,0.03574252257813662,-0.186363733893128,-0.09136847192775432,-0.15153797874752026,0.11396321741658932,0.1312980512373274,0.4079134056690137,0.037608073026010935
2018-10-01,0.0,-0.25644584465280323,0.0072442108811482595,0.23031010405003055,0.08376147051439631,-0.20615924904984323,-0.9211794150612627,-0.03556324677633174,-0.09537733273640459,0.02598617964103181,0.2781121236834045,-0.037461455149741855
2018-11-01,0.0,0.4450221287179998,0.11141838237457785,0.5285674565368713,0.06379521582050499,-0.008636160483045753,-0.9659498441279306,-0.08884642080598429,-0.1970124947284773,0.13429775616135978,0.2864981513081964,0.021144552678452028
2018-12-01,0.0,0.5055337407599959,0.03380717741575354,0.5095293097404943,0.07196355906558648,0.019414823656735206,-1.5781919558029678,-0.15080672121408675,-0.341001305528521,0.1361555852955563,0.43563645984821875,0.055831329265400804
2019-01-01,0.0,-0.29334388605725814,-0.15121679346989944,0.13852436079737132,0.09799103256502026,-0.030348233409944025,-1.5941516315388788,-0.5073521691066157,-0.44122629574336725,0.10352619900164103,0.3687241001439214,0.05569473556443426
2019-02-01,0.0,-1.4153994767160696,-0.16134563828409804,-0.11123616312245446,0.048710751710503764,-0.012247383724381868,-1.0645222433735542,-0.6896560868428327,-0.5527122573656243,-0.09542923844164473,0.10979160922406592,-0.06000909732488167
2019-03-01,0.0,-0.04923441075174691,-0.126297782929918,-0.1105969024297668,0.03591417237036085,0.041982682604615344,0.01236036123878323,-0.26294948186761186,-0.5239654952879783,0.13184178685738412,0.020330008048790524,0.12122121064210378
2019-04-01,0.0,-0.4331860111072798,-0.0841985407672564,-0.10582138901141608,0.03169119601846484,0.04358018437341626,0.17658494734728178,-0.18779347050085168,-0.4731100891261217,-0.013364756085069249,0.186537016561988,0.051622229609001695
2019-05-01,0.0,0.16496812297945265,0.025530673092306645,-0.05546521272821467,0.025711727364738736,0.05420779961328863,0.5761938474829162,-0.07895232192379407,-0.46696371267054526,0.051709907598540494,0.2041737043484329,0.07309891320084783
2019-06-01,0.0,0.07957585301377612,0.08575826528497121,0.28459793405047445,-0.09959830023261998,0.15934954939392604,0.7752975224105751,-0.013902662380670783,-0.4489696563402522,0.12200489452785554,0.3356992281633898,0.05625763386346838
2019-07-01,0.0,-0.705481786103263,0.004298070698976131,0.11905155180817958,-0.19497428787660187,-0.002659497174465829,0.6534300647712492,-0.25771086900378926,-0.3826693537558011,0.009363255113347691,0.4414511067747636,-0.009514725951569655
2019-08-01,0.0,0.01132061986057023,0.0030715271497517727,0.3184500837960063,-0.13852460153691523,0.05209765454171893,0.6488124851116897,-0.06265629287705576,-0.19083159179729406,0.013261646456045741,0.20390857976974985,-0.02022354346868795
2019-09-01,0.0,-0.32088350293926027,0.052012747867215256,0.5623391382802575,-0.08285639975350462,0.12306351520809676,0.7504476927134651,-0.06903734474772272,-0.166444162163671,-0.03295647375622079,0.10613997124369676,0.05997485797881305
2019-10-01,0.0,-0.19702019167873264,0.06286923959698448,0.9660283737094689,-0.08373507276529339,0.1456407714619936,1.0049442219962952,-0.0043537516011044886,-0.0728929752727924,-0.08908871665254184,-0.08610516838625207,0.08717641001748003
2019-11-01,0.0,1.1077762452629452,0.07625815102889805,0.9703774445602464,0.011468714502087621,0.2277300590935477,0.7063851653777549,0.17929659223409777,-0.03131446869872985,0.08815641646352398,0.27894937681874205,0.16239721750239944
2019-12-01,0.0,0.732367070672634,0.01917465574300696,0.8995991468758652,-0.04163568305219444,0.24246283289317763,0.49014704004533916,-0.0820441052796841,-0.07429581219641086,0.030560820141876475,0.17260950558396682,0.0805236287576242
2020-01-01,0.0,-0.2215660744431322,0.021750854841526134,0.7418354751998668,-0.0504841190120097,0.2916206854268178,0.13319019147610453,-0.27969149827458206,-0.17110142277412085,-0.13544195385747435,0.15310731358949953,0.11255556813174591
2020-02-01,0.0,-0.07748187958137526,0.0446648718160525,0.566482039299681,0.004293481000002771,0.2693169452658065,0.32318491961072415,-0.14613910925265006,-0.15334069266818756,-0.04585567696856582,-0.04047641374731049,0.1794927153480646
2020-03-01,0.0,-0.5227985460452662,0.01908561881771638,-0.08767261089508979,-0.028880563047980513,0.23854153700940472,-0.20719429093647895,-0.04632257643882007,-0.12597666947282304,-0.14662798041300584,-0.10550965805629305,0.12610693763446706
2020-04-01,0.0,0.1330604393245169,0.07537766852328374,-0.13081665285818078,-0.021145646345190925,0.11205955308911049,-0.057069576155481666,0.17976027428778135,0.04475973722373405,0.004238990617836738,0.12861562755546346,0.07809111768295392
2020-05-01,0.0,-0.9594963204796094,0.050502715768746716,-0.2315264398382052,-0.012098593874759148,-0.07306466969795265,-0.05916331684727236,0.08061788096316953,0.10194047065685666,-0.10674380713034144,0.26161706868897505,0.13140330706185863
2020-06-01,0.0,-0.4081168608130381,0.05397533648917972,-0.1210189961137161,-0.02739267555788254,-0.12206139552649822,-0.21862562725303372,0.19452425864002662,0.06563001654236687,0.032758562095221044,0.24839980109357657,0.03274088967161296
2020-07-01,0.0,0.7110358852379379,0.16028031673101276,0.06219624425551925,0.04703338832562608,-0.12018071423108287,-0.25483027503226946,0.16749360933342855,0.06894988238724045,-0.057951676661021106,0.4223562980401325,0.042369435082905034
2020-08-01,0.0,0.12539854957888857,0.04824674797462231,-0.17131475543461294,0.08061614957350746,-0.21480495420650353,-0.28123883431473634,0.15780026819821608,0.04227110826852408,0.05228587268393864,0.3866403456539471,-0.036631439323704676
2020-09-01,0.0,0.06031439269207414,0.02926232756077271,0.13382189798566116,0.07462611228583642,-0.22598016263289733,-0.24504334256219923,0.3857705091259698,0.05714151098562112,-0.12447133226093576,0.21543133327940786,-0.04095314522979582
2020-10-01,0.0,0.05935844777393384,-0.017730947473294793,0.27328712661541615,0.154773555379424,-0.016147607955946136,0.23491675923957192,0.8940867508901644,0.04079116236079122,0.013801551895398226,0.30436021000467983,-0.005136089649420885
2020-11-01,0.0,-0.16953481106422258,0.04498169349777298,0.5959163621179211,0.1256400721646911,0.11615577919080593,0.46979343486455916,1.2825768890892455,0.0176012193402294,-0.010594098931713633,0.19406946340166775,0.03186579974627705
2020-12-01,0.0,-0.44615156581890686,-0.003742506788009141,0.6694128061081069,0.14327010975031473,-0.07995594589289425,1.353253425341649,1.3886481872237013,-0.023735043794644167,-0.02615030501587322,0.3481447806041284,-0.0019739069655591076
2021-01-01,0.0,0.006095625663621762,-0.01328105764882097,0.5485152293915578,0.10219452647923993,0.07964179158752153,1.8785720611218797,1.424801155605834,-0.05828002037865515,0.19422003856499592,0.5207802429492812,0.15193584414216801
2021-02-01,0.0,0.037627765588308736,0.04692121670119017,0.9135224988691828,-0.010452876517225965,0.12317982673189193,1.7101280289960332,1.0921867373735359,0.11149078651267187,0.15729679508065686,0.6234041033930653,0.23017390325868425
2021-03-01,0.0,0.8934135851153848,0.07428782173089042,0.631820625881027,0.008997571368492479,0.229838712984562,2.280406463775393,0.9271961964478062,0.2283412807222712,0.3932916162476077,0.8591311279117716,0.367340365078972
2021-04-01,0.0,-0.19306276891996005,0.004111828202579503,0.35519796335337395,0.00933498716582162,-0.07448836252302116,1.3821446831696016,0.27230100079448627,0.17680863645995187,0.09202815861193905,0.6883660846445196,0.2909867737423826
2021-05-01,0.0,0.253369173523266,-0.04164007046429617,0.516877688818565,0.10899811008687785,-0.05558701271065336,1.4673165696605388,-0.0016894065273885261,0.2583847199931353,0.09342721178845026,0.6181897772136317,0.16376810750409182
2021-06-01,0.0,0.20035938143050336,0.0035674459162649847,0.4443629722386594,0.2535832974180296,0.009447134865998038,1.5230083956872056,-0.09620285499651329,0.21104322871379572,0.12180799321411684,0.6615032265560118,0.015168427803535939
2021-07-01,0.0,0.6561237795604742,0.030769115048901403,0.36803747895004024,0.19536656828581578,0.03252109571932623,1.711934384219093,-0.05647419206834037,0.3336361806290109,0.2232636234923488,0.7331232902321307,0.05581730288602519
2021-08-01,0.0,-0.176385877040156,0.055516560597493325,0.5752579640853193,0.19678859678141722,0.029302261065904868,1.89927532468613,0.09307172117226295,0.23541118969748753,0.10233284955326043,0.8395007313126633,0.05124547474236073
2021-09-01,0.0,-0.4599976495416774,0.035143892606884844,0.8672664071633076,0.20282876327649346,-0.09881511143957847,1.8819176527542327,0.006278011533200155,0.08235065601326493,-0.14139182012281795,0.5591402789280361,0.09142411726672847
2021-10-01,0.0,0.14692851791467765,0.08146885307440357,1.0529602816744237,0.23555417992991345,0.0067880821044185476,2.1043030006641414,0.0985155884969573,0.19647798474686887,0.1078301825333581,1.0905596031839462,0.22285989665780254
2021-11-01,0.0,0.3211957677937399,0.18054642858901604,1.3003432688948515,0.26526527018565144,0.1475583626277171,1.9624947772748813,0.1717235764043424,0.19404769556060486,-0.07218203996454672,1.4363767165373038,0.4240166205669083
2021-12-01,0.0,0.5274693209504348,0.2151822793410888,1.2032271768446539,0.25820816234660454,0.1787832478040009,2.060517086479128,0.05633259291857608,0.3211916151978115,0.11260624229859051,1.7011421400810032,0.5483860976961756
2022-01-01,0.0,0.35317055626371807,0.25984139398585737,1.546200297520556,0.2482967643135774,0.2834002700213588,2.319951757325412,0.05542331713776193,0.3136572157673947,0.2377064408075023,1.691190117153853,0.5512253149996049
2022-02-01,0.0,-0.13488522022613006,0.19542765466476308,1.685337298354225,0.19472795718475489,0.17997633570934796,2.1294117274702233,0.03789677210378089,0.2936646285300574,0.23525801032222607,1.6364288562287457,0.49629216509574614
2022-03-01,0.0,-0.5003999115150468,0.07080105045696275,1.4012576208501115,0.19543805121270588,-0.08873828365942914,2.2705999185513708,0.07075691005978058,0.2335094021357174,0.1637652305911445,1.6626899621154059,0.41820912418291384
2022-04-01,0.0,0.016805504551719003,0.11032627651055169,1.3896069342467103,0.25401338245904026,0.06724528426320163,2.4336095733664496,0.11683992511139515,0.3066035128951866,0.1448402996354871,1.86850043466085,0.4935127719705247
2022-05-01,0.0,-0.4532699745127394,0.201343922051001,1.2034417462859448,0.23432360416375964,-0.009366836344905781,2.020270432740106,-0.06190399626610383,0.32078689914788333,0.12539978284781694,1.7058495252438517,0.46695412310113105
2022-06-01,0.0,-0.6462119262310261,0.11297643386176595,1.0084765972491088,0.26569736114186016,-0.018444267170877,1.084019778370507,-0.18891112095204005,0.43279810725788304,0.15788999263923137,1.387870420584485,0.44736953909645893
2022-07-01,0.0,-0.2949153406067818,0.1420690878043797,1.3160044853508857,0.3294689651600478,0.10172996098752732,0.7606604854359265,0.014988612174195063,0.46775016318883,0.19747731252299894,1.3775319117438394,0.4226111889643077
2022-08-01,0.0,-0.07346674212790498,0.13403701158730624,1.3240336532903831,0.27520266726340226,0.06117940048685741,-0.2323126338598701,0.11892671061639323,0.49975359683124165,0.1511425952876502,0.9968318445945736,0.34626383321766874
2022-09-01,0.0,0.6245734934919551,0.07750483908819669,1.5542050363065791,0.2968386174111177,-0.036054293805016985,-0.8272097470431838,0.26836779373877107,0.39855448250640135,0.04070283177563253,0.8649413095254395,0.3801660012183142
2022-10-01,0.0,0.8197774917221486,0.19899149199107638,1.7153158874172196,0.3497515662327959,0.14322572840266867,-1.054612119996105,0.3203648312959473,0.3038845566938389,0.06066840756691505,0.9383210746392695,0.42681426127516137
2022-11-01,0.0,0.9415219660215471,0.41737187346619675,1.5086696539291247,0.39945911205045614,0.20855998580777146,-1.0079323456749825,0.29396616606969317,0.291148679719892,0.11356609654647462,1.0174646172775696,0.46005165268187553
2022-12-01,0.0,-0.26140185844592245,0.4393347208830889,1.5041469624794879,0.3703748499682396,0.10641680897233474,-1.470177330797187,-0.07382114900532438,0.2506109161447925,0.20364935056827982,0.9827133973858131,0.428893236516118
2023-01-01,0.0,0.6608084550499564,0.5443542603174392,1.4588078885750222,0.46743113403971437,0.25433364497778554,-0.9346841389983447,0.054814096574662394,0.2896601490062183,0.43638881269503105,1.057165544144509,0.48814720723976335
2023-02-01,0.0,-0.2951542438917387,0.424066209720396,1.2795638045523239,0.42418515268676515,0.21419715534592956,-0.8017689367629903,0.005468370000777677,0.29773710384878427,0.2566211371863142,1.2166756195703416,0.32895700039945747
2023-03-01,0.0,-0.15707868816760232,0.3455209487993977,1.064652619877718,0.39913781638044704,0.24663477170161735,-0.9392836304194074,-0.02064866567014534,0.20399644061943,0.2909794448485076,1.0821933004125965,0.299931156641151
2023-04-01,0.0,0.4936489169968036,0.4210016914710096,1.097743632953903,0.4093425070802151,0.25369379819969173,-0.1759507864346951,0.027758362108057946,0.28343609979596296,0.330663328875775,1.216409976072721,0.2955270489154553
2023-05-01,0.0,-0.16020330680632863,0.3618242264066252,0.865102448722955,0.35668976681836606,0.12492419758230407,-0.2853809711077816,-0.07998220113923821,0.2652975014574654,0.12450801765558808,0.8806364576852612,0.19030772220404119
2023-06-01,0.0,-0.17198418012960118,0.38880186670300937,0.8071092420467151,0.30199289141888375,0.03626446161469007,0.4317049539329123,-0.0840011647653834,0.15772803604288343,0.04014252696849429,0.950889804979083,0.24111953192158242
2023-07-01,0.0,-0.05577568888995288,0.49190029507770994,0.42050963354818344,0.30432703816661544,0.015477645705227763,0.9406062588248016,0.08122100596244052,0.0925166682502562,0.10124571215032085,0.8642946090506625,0.16390369013286232
2023-08-01,0.0,-0.03136581741181568,0.38038136959230995,0.19662757930276878,0.12397036344397841,0.04033950495443414,0.7400084736631307,0.046216914833618936,0.11658813358898715,0.03629160485837979,0.7434575001879559,0.1178035374185971
2023-09-01,0.0,0.06881923117902486,0.3761940412698121,0.29661607638730425,0.07623596029206833,0.04552392774127448,0.7801008873429885,0.13576445092498265,-0.0552653880750971,0.06108567714085296,0.4235856007359582,0.1269743459583262
2023-10-01,0.0,0.29760725432570323,0.2856784683083922,0.3649084431256015,0.09383944254027354,0.04127116191725478,0.2821116096389166,-0.042557973199269836,-0.042815060704771354,0.07379180745505547,0.13486216066508283,0.04498946972819102
2023-11-01,0.0,0.2571822038867401,0.2108041107036852,0.4915709126505292,0.022795599949716572,0.22389753719448535,-0.32239916781840583,-0.017968112623229768,-0.018921191554425745,0.037760273420761326,0.22127924096101942,0.0917935472595712
2023-12-01,0.0,-0.4659757743722107,0.16259767596817937,0.47535476395191806,0.08154780017381372,0.14922501490532475,0.07692431839620381,-0.2411888095937178,0.0025080336898084254,0.11206029367337794,0.36465774156158953,0.09939298398931433
2024-01-01,0.0,0.4058717387190705,0.1309782024614787,0.4195507948673858,-0.021650623471839776,0.24864191299618607,0.35754734744357397,0.09350348107049637,0.10531599681349263,0.29379488715135327,0.46618448715510175,0.19025860320165533
2024-02-01,0.0,-0.006811450171580691,0.046559299917894356,0.3903713521173125,-0.03606432035980314,0.20979745766593644,0.3736960018432646,-0.02820602702646796,0.044173978843391665,0.12607657685313486,0.4177761762727037,0.2137824961206054
2024-03-01,0.0,-0.01901756868317432,0.08291427763186474,0.11148702537033622,-0.09161940078184831,0.33397014904897004,0.5852143122835356,-0.12043419811984431,0.051695820193106215,0.251303225523014,0.60478881135747,0.35937827844937315
2024-04-01,0.0,-1.069697808401793,0.08262103114688517,0.06291401476293787,0.00976439034914369,0.238933279970509,0.8087253884496942,-0.08890532058891326,0.003571208311369631,0.13820629524315692,0.5142180787592666,0.22597220125957682
2024-05-01,0.0,-0.2246067911163942,0.07503221036820698,0.03165544040462721,0.030796714345846906,0.20267000810275743,0.6234186824162333,0.02286327176933041,0.09980066087126438,0.06922907165250633,0.555524518873296,0.06968996638669303
2024-06-01,0.0,-0.1069923106272537,0.05547085941810462,0.23582289912296772,0.0011600220022543323,0.0822649938291587,0.27814438426480237,-0.05167903384459248,0.08940257942148372,0.10159056281024824,0.5712431497310855,-0.0663810180370645
2024-07-01,0.0,-0.3490306349074003,0.08611553343242684,0.19355304775540855,0.04366760195995621,-0.014121508025361808,-0.07658513665535818,0.03363395934147618,0.0686051233904155,0.2260089321849117,0.5946576121875224,0.0031567540525633125
2024-08-01,0.0,0.3072986249611248,0.08071363430620696,0.42147500678068905,0.07265722001978286,0.0949059192971625,0.1415041140592613,0.047218756643677924,0.07329696286200162,0.1326891016268984,0.5546554569065602,-0.1604498523764839
2024-09-01,0.0,0.43525562553228825,0.08993306824934572,0.3727403053930737,0.06508394153533811,0.009050680823470863,-0.010165979710841953,-0.011728763610586765,-0.1000296169638619,0.1502071280763521,0.375870305754469,-0.050690119036500496
2024-10-01,0.0,0.48073845030220974,0.17682309061772694,0.48980400865985285,0.1820340923917809,0.04777117896580017,0.44410038414736064,-0.04826863990676871,-0.15698126515430016,0.10650433168437684,0.46042216623397547,0.09252091498015243
2024-11-01,0.0,0.58307458543184,0.14603573707926987,0.5916425752821852,0.19392170369810136,0.20151696282958365,0.35919429031477523,-0.012517486291289298,-0.10293603932478182,0.04982884541038608,0.3091335548817739,0.2237936443164193
2024-12-01,0.0,-0.6477073992730027,0.09652738134095518,0.4505675250023292,0.1525707518502553,0.011597782335296822,0.400699844044672,-0.1618746386689975,-0.08237476223389095,0.07067091938536757,0.38696382528410034,0.28292480209854
2025-01-01,0.0,0.37061866063602644,0.13996038753678125,0.4869440896929871,0.12852486831136845,0.19492325834791752,0.7319688616561489,0.10648061740286935,-0.04701590395819224,0.3076763508645832,0.6811011974611338,0.4243312509367318
2025-02-01,0.0,0.6754779427139593,0.15498465905826583,0.44118149988172817,0.1264159892215429,0.29056761876094306,0.39756703068425214,0.047059876734052805,-0.04741665961464143,0.210918583831199,0.5915179097962793,0.3698480784438674
2025-03-01,0.0,-0.11979150572231347,0.043679268255418235,0.07383048617431387,0.16330585616962418,0.07294412928588555,-0.5243263990257114,-0.173710151749308,0.09326784381639003,0.1569603650110709,0.6186074496902974,0.433209573945146
2025-04-01,0.0,0.05379203114881177,0.08295231009080006,0.19780687302699645,0.1985953023595166,0.09897406723333296,-0.8518098301173678,-0.12779286292208233,0.2831165715141355,0.21677790856048945,0.7216790956841725,0.3714217925424033
2025-05-01,0.0,0.3657371636191406,0.13538672543795788,0.3170256843221563,0.19593679718708545,0.08251875947972678,-0.3460982982550247,-0.10861632462811949,0.3342237499619032,0.27423135718382236,0.7648071626645812,0.20956877438118804
2025-06-01,0.0,0.1616194018778666,0.15085845325675984,0.25273663946520813,0.11450275490023812,0.06153652210865456,-0.31700768399002666,0.13653014532193625,0.25189543093256644,0.11695011463784344,0.5958171624956462,0.20784542501561787
2025-07-01,0.0,-0.9730246815042649,0.16438023466602553,0.10495904973610913,0.04131416755408796,-0.0693654436568448,0.49346972567356284,0.3924141172653741,0.19055196050732442,-0.0752219530004742,0.43676081496449903,0.12974718787209694
2025-08-01,0.0,0.3880080871008412,0.24867839576264716,0.2567488865505855,0.008269603509503044,0.07070477145592746,1.0041859359613574,1.4824348278650603,0.21718023180883678,0.14540665658375868,0.6079486548491693,0.2928510497595316
2025-09-01,0.0,0.6254411582678268,0.20178041037788474,0.5211990883291561,0.05026882394882202,-0.008819885820055783,0.9643387141761559,2.3897529299206273,0.2314795676103945,0.0003548427934163016,0.5036620988334725,0.20971491766606237
2025-10-01,0.0,1.044260568340142,0.24087914211252426,0.6604231909357392,0.029613927984657566,0.16409441408880782,1.4359891212816223,2.5382770429568247,0.23285148098546965,0.043115843256634236,0.5913545604915721,0.23655170343420634
2025-11-01,0.0,0.10276272595282676,0.1159941082886474,0.5310746398615018,0.08778652494320326,0.0238371940669154,1.2384952754976712,2.0773510821867434,0.2424123795192723,-0.035212465354727086,0.30869873893065025,0.18873768319244727
2025-12-01,0.0,-0.5023466577734548,0.06926855674297816,0.4438267102747241,0.1379682941059231,0.07800324152868685,0.9172945550353759,1.22997707609459,0.28065515132137137,0.07962575165695204,0.3258432301370644,0.11430676521871354
2026-01-01,0.0,0.023645488478049786,0.09974360292957044,0.6315232129056647,0.19749237002842662,0.17019200857732558,0.9657072253151653,0.9382486674323369,0.2960135617593461,0.28406722993286326,0.3068657792826537,0.29224658009048265
2026-02-01,0.0,-0.07076456031293848,0.10631908716799984,0.6965831278316037,0.1716632610177415,0.12795789145354367,0.9973228549238847,0.4067759357123377,0.2857638354208855,0.26471004036838025,0.49035066394531324,0.31321373814554254
2026-03-01,0.0,-0.08444454688199148,0.08910332698408334,0.6591064594719119,0.19279099596217486,0.2545062068308,1.3563560111300976,0.18159218355531287,0.43336391284672415,0.38564824382493673,0.5329197544800042,0.28249359455040546
2026-04-01,0.0,-0.20106385792873216,0.11307806946157843,0.40724361208607585,0.23583488406735809,0.24942311880575585,1.163198186610484,0.03406358059999888,0.49764973318354017,0.206196731985603,0.6579992064950879,0.17462503260009887
2026-05-01,0.0,0.5321765485193446,0.17499440887049228,0.4052376507116532,0.26689293293910754,0.1486201202652224,1.5599051605783263,-0.0337100596302372,0.5931993822092789,0.2810966390879711,0.7204063508742942,0.2976569527002819
2026-06-01,0.0,-0.07914288130893282,0.14135217801377975,0.10675984636023303,0.2854762515074017,0.18668072982279832,1.3260730055367107,-0.06535969801908012,0.5776490313527866,0.13532778002154533,0.7271584107691312,0.15807457900171026
2026-07-01,0.0,-0.10353272350807557,0.1578763862702771,0.255390226528326,0.26778201048571726,0.175363443139217,1.3086144622301288,0.11567750828752608,0.6048335808846901,0.15821639289496797,0.7113957286201456,0.18020103595174475
2026-08-01,0.0,-0.29643338959764465,0.1729710600942569,0.16440795052283871,0.2014362889623832,0.1609291350548041,0.9450995496963333,0.2796199771010268,0.67473499371505,0.020323230950330624,0.628651450606005,0.06340261216446987
