Date,Food and non-alcoholic beverages,Alcoholic beverages and tobacco,Clothing and footwear,"Housing, water, electricity and other fuels","Furnishings, household equipment and routine household maintenance",Health,Transport,Communication,Recreation and culture,Education,Restaurants and hotels,Miscellaneous goods and services
1985-02-01,0.0,0.015261913087502457,0.0582257069369844,0.635061278978651,0.11106071421860644,0.13532590773217462,0.04568900398425794,-0.00010565350449090711,0.13292921470460403,0.24175379052417356,0.495119378057414,0.03914283011991872
1985-03-01,0.0,0.02980505053545667,0.06828329818423343,0.8667205463475935,0.14038776355590293,0.1539975312471764,0.1468558751455655,-7.198100265300275e-05,0.18044198277291434,0.30768195994077163,0.7086044608840371,0.0791125634580219
1985-04-01,0.0,0.09043240733417726,0.06519996731259077,1.0613583946127734,0.1199271874944912,0.15258725635560888,0.1478742695968579,7.165761639196753e-05,0.14205437089915773,0.2738247925703784,0.6580086578674063,0.06512426011421096
1985-05-01,0.0,0.06038645552822179,0.06495275729830981,1.029247799807848,0.10748272594755495,0.14110606055261316,0.10676063299212896,0.00016092334791745265,0.12340391923262875,0.2426114858445988,0.5981889039715376,0.05540464862585098
1985-06-01,0.0,0.020060185010210403,0.06333634143886566,0.8855706947878896,0.09073597621117266,0.12606834801963338,0.07519659428498632,0.0002596553782335725,0.10427981779081369,0.2099013458614714,0.547604437254164,0.045526992113737355
1985-07-01,0.0,0.006528995849454379,0.06651320509601272,0.8048307492531213,0.08963791765802881,0.12430300425702706,0.07338269542366775,0.00013856493659839415,0.10740879160020163,0.2034980150461818,0.5500325381888157,0.058015201248842255
1985-08-01,0.0,0.010452123915483938,0.0706523436328178,0.7700971656639746,0.097381070539004,0.11857275660917341,0.1143890213184009,6.653987348720613e-05,0.13247944661546757,0.21573174140102827,0.6404869598405067,0.08748045178498837
1985-09-01,0.0,0.013138052159143569,0.0784900217411651,0.7411763755600056,0.11482677145535405,0.11806698704544215,0.15041236213996856,0.00030020513481867077,0.16602862168972657,0.23100652268092212,0.7485566093514131,0.10865986722929674
1985-10-01,0.0,0.011563674164901328,0.08188940361079555,0.6271548077598859,0.10954004869200906,0.11588750136592979,0.13914147654848608,0.0007822432535312066,0.1673877392204185,0.2187268627367847,0.7346896054685115,0.11134709853562377
1985-11-01,0.0,0.012824227169818084,0.08821970762273093,0.5368516048167239,0.10926841784795781,0.11348194720064723,0.16185476268654778,0.00039711218893882013,0.17899240449530168,0.22211789974825238,0.7678982604487257,0.12772440114978403
1985-12-01,0.0,0.014297126546780508,0.08951985939139463,0.37818202542174373,0.11188320182262534,0.11105873994794735,0.14962714311167413,0.0001555773741109032,0.20075586377463744,0.2218090694056906,0.7932419348259632,0.1409912787558321
1986-01-01,0.0,0.012874789707836638,0.09131054065038474,0.27649772145816115,0.11621166030663302,0.11120694856611932,0.12035051573690819,0.00012096080789432813,0.21538565541708862,0.21656371411228514,0.8192996116033844,0.14529275840585887
1986-02-01,0.0,0.011361514220291538,0.0932055645983095,0.23814180959399445,0.11054598613186882,0.1157895218942236,0.10854700295106512,0.0001673742890316088,0.20134783015265728,0.20767785693905283,0.8219766998550335,0.14103847827421928
1986-03-01,0.0,0.008725135969613822,0.09188992614734551,0.2090511928811338,0.09320858998421953,0.11549531824354888,0.05479530793256565,0.0003034527862248154,0.16100222899246103,0.17567583630758826,0.7143777917035266,0.11672762385717328
1986-04-01,0.0,0.008106543726202918,0.09342212900551916,0.2856786230306607,0.08376828338662373,0.12064479226863394,0.03416766227090899,0.0003620351424457478,0.12686174542161663,0.15333428361672724,0.6627166834477265,0.1011751071388326
1986-05-01,0.0,0.009995435438147127,0.10323444304077906,0.590696741130065,0.1022470513854547,0.1366158819847184,0.09750698360586671,0.0003356260672067889,0.1396236454477502,0.17277831306317895,0.7708051166013699,0.11532776467076553
1986-06-01,0.0,0.01110946693228822,0.10813348098895177,0.6989844461903414,0.11409681528165004,0.1426597839457508,0.12146490326722875,9.87514709431454e-05,0.14677860384279884,0.18366807812417932,0.83953736962399,0.12113620294013741
1986-07-01,0.0,0.009220843482596178,0.10684565323896039,0.5719030987936621,0.09952622437403869,0.13906858092208013,0.08076782276430342,2.122305980389548e-05,0.12790424536952133,0.15380836310859777,0.753864837285276,0.10704392510689995
1986-08-01,0.0,0.0067985498152494765,0.10762879323813744,0.47660176536705356,0.09701648511952563,0.13602997603858355,0.06781855793432737,0.00014321693211716047,0.1250872298049464,0.1404571736568443,0.7252326178357016,0.10517578652335789
1986-09-01,0.0,0.006091047318473243,0.11122957025774778,0.43468134345861975,0.10094343772965006,0.13461007638362749,0.06408929256658535,0.00027977873753746275,0.12784888739169514,0.13711808267060382,0.7165922777329977,0.102155519275683
1986-10-01,0.0,0.0058651959382246596,0.11839945445167963,0.3902204282765971,0.10903158044288133,0.1359095873592573,0.07948472857494356,0.0004222087711634747,0.13874805085300745,0.14409418403288005,0.7563842517855295,0.10722425914869665
1986-11-01,0.0,0.00782142491281388,0.1213558695849263,0.36387019025260126,0.11624455282613308,0.13132707610783134,0.06816934227910354,0.00017836336697968542,0.14211037510604593,0.13769619641252281,0.74577056959817,0.09463478279590348
1986-12-01,0.0,0.010532094565143573,0.12498736836631155,0.39186723056204076,0.13641941126116724,0.12932761609530555,0.09983174537748896,1.9075665812534673e-05,0.16953759638317167,0.1553454999139975,0.822946871700138,0.1059286390598845
1987-01-01,0.0,0.012672738462013545,0.12567684925152006,0.4343862951979869,0.15615638512391877,0.12753521048203173,0.13797271539071174,-4.6699812973958594e-05,0.18883491605433358,0.17545565205752764,0.9319232522861339,0.12091495730406059
1987-02-01,0.0,0.013286967461146913,0.12478119225461662,0.4238626075879073,0.16106102142966394,0.12488405508765184,0.11651344614481203,-0.00012138187941646681,0.1940148549079886,0.17036445075919937,0.9374720197675717,0.11475972363220407
1987-03-01,0.0,0.014896626774121078,0.12555666687997444,0.5195265897910228,0.1589853921290943,0.12751104144147102,0.12623027675489856,-5.552024159287481e-05,0.18402740196189943,0.16755667403639923,0.9454576408077568,0.11484748396146799
1987-04-01,0.0,0.015487876536305206,0.1317960317225442,0.7087979859260906,0.17555459200084,0.1318671055397993,0.16633884561770973,-3.646597346615852e-05,0.19939750473654927,0.18732819985465643,1.059219388175177,0.13490651093746225
1987-05-01,0.0,0.016542187443266586,0.13577559741932774,0.7088985030306508,0.1758983706288662,0.12689504345362157,0.16721976625707452,0.0001029832891032321,0.19464935359456736,0.18344326714057657,1.0836298744028467,0.13784114736798012
1987-06-01,0.0,0.01546570517121799,0.12844463609232487,0.45406946970313616,0.1254048192033394,0.10791371165606942,0.0771874196056462,0.0006272294777757801,0.12888631325585495,0.12213416903429387,0.8530698153877172,0.0918531852005045
1987-07-01,0.0,0.01414227714770863,0.13000520310061858,0.35450216905614407,0.12434770516315503,0.09465402960287875,0.06566402658695147,0.00023690495841260462,0.12414154412389719,0.11468819889486555,0.8346054625573477,0.09142442928283381
1987-08-01,0.0,0.013297264135821146,0.13721905203956986,0.36779855302719067,0.1421916120029067,0.0927400852180996,0.07821788560191897,0.00011899504995063078,0.13938620710998023,0.12220789185125333,0.8919295633171905,0.0988224210744987
1987-09-01,0.0,0.012596901084864479,0.14304143154783608,0.2718326308562359,0.15039260786623276,0.08791897152874853,0.0668707584659581,4.752455968177058e-05,0.1425013887169908,0.11969915202849914,0.9004024264109851,0.09237229263008535
1987-10-01,0.0,0.014378696789072545,0.15144627896431068,0.3517167552600491,0.17265298248732686,0.09346042956469444,0.09421970733591373,-6.781308269618057e-06,0.16223888178157966,0.13590423347586453,0.9941220270572839,0.09303733093875356
1987-11-01,0.0,0.015202365755672935,0.16070510952480016,0.3683151188742184,0.18817458520051702,0.09472122880230541,0.1259896408601803,-7.11055742507648e-05,0.18864386074572664,0.15552380138596766,1.0917895993069369,0.10072410632435583
1987-12-01,0.0,0.017990995977114333,0.16698445215636123,0.45965139723200454,0.20331085456437337,0.09518697422386416,0.1681430395279575,-0.00014529689883905042,0.207931213702755,0.178148398018968,1.187503721615852,0.1062452083819994
1988-01-01,0.0,0.02392685862959027,0.1710821753894089,0.5131702577140824,0.21469089962846574,0.09811927581581664,0.19518080506957514,-0.00021670647529963602,0.21809300941096765,0.1906500343412328,1.2786093407905814,0.107936249597261
1988-02-01,0.0,0.029926002738018216,0.17900488875977547,0.6525352807414819,0.239658577398107,0.10952142811886795,0.2530450426685605,-0.00031701427205869405,0.23466713760633132,0.21247495077090275,1.422957638557391,0.11605251312585291
1988-03-01,0.0,0.03297241082124298,0.18281729163858604,0.7340934290634913,0.245488799826595,0.11475490474367672,0.2884081751691202,-0.00014705587603085034,0.23526584404391848,0.22669559533444683,1.5129341601998956,0.11725331056306836
1988-04-01,0.0,0.03128475458604693,0.18472401800116675,0.8916400679460791,0.23540294794632416,0.11911619216551861,0.27085444796841407,5.2651862984724135e-05,0.20379413194796905,0.20931247121230578,1.4970156330770563,0.0914526570321211
1988-05-01,0.0,0.033432512127490856,0.19122922326852004,1.0317500209733466,0.2459302413849582,0.122804132635156,0.29997436488737594,7.71710917788526e-05,0.20499343310681684,0.22006579743022348,1.579181672106021,0.09190383087986598
1988-06-01,0.0,0.035055408072169995,0.1903003990215044,1.0703475818126897,0.23899455858546137,0.11607908161165115,0.27624408622560503,0.00011732546177206055,0.18542866496621,0.20629362783900823,1.5606284004013593,0.07470101172861171
1988-07-01,0.0,0.03792346062231648,0.19011382435212126,0.969777358295578,0.22699382647310207,0.1048528823697081,0.24482748725803724,5.479705407361041e-05,0.17083139041516765,0.1949962144891667,1.5056059999485147,0.0625737117580128
1988-08-01,0.0,0.03795862705861974,0.18740040980267125,0.8704505442653223,0.21679256314827428,0.09606878247461768,0.215104116574527,-4.837122721087338e-05,0.15854656758342556,0.17590007817025644,1.4491190508163927,0.046773433335219106
1988-09-01,0.0,0.03917585449540648,0.18630932737520706,0.7509074735154233,0.20218947129734463,0.08962197927479039,0.17283331314841652,3.8435667003453995e-05,0.1357710556280349,0.1541763595383993,1.3490050479997264,0.02546958659025387
1988-10-01,0.0,0.035329085828874646,0.1872985216772587,0.7126450082099324,0.20326776230693755,0.0880866701180566,0.167976255589323,-0.0001721278982581088,0.14124260052566767,0.1572308017481014,1.3645660928891301,0.020429498154815186
1988-11-01,0.0,0.03028141747824139,0.1877344093620029,0.6249634694837312,0.20824232005802754,0.08625824796408374,0.16780321726309455,-0.0002298238932873261,0.15455087064953232,0.1637551864353508,1.4022371292637579,0.02672599587572514
1988-12-01,0.0,0.03323668791035335,0.19104526138863367,0.5549591498972046,0.2159683267142553,0.08509787646908558,0.19695394767613578,-0.0002907756035940784,0.18125528508769795,0.18767705099935228,1.502977002947122,0.045958087585281485
1989-01-01,0.0,0.035650553163915244,0.1947072613763859,0.646492180423159,0.2217012987151053,0.09089551956403136,0.2496433294827437,-0.0002767396501135384,0.19862682682009958,0.21787486741386797,1.6107097849208345,0.06908041329406175
1989-02-01,0.0,0.02610049590011627,0.19943449323938,0.7511860968575584,0.2495026221463117,0.0949131236472493,0.30739700024980254,-0.0003054675376716279,0.24303997819311607,0.255026969159799,1.7387484902122199,0.09791935525428838
1989-03-01,0.0,0.032308898039848155,0.20646440555047657,0.8695513118964944,0.26757918869377145,0.09820209761289925,0.3466246839990197,-0.00019724402532256597,0.28195403453217066,0.28882576576344854,1.8517659684889178,0.1228073106924548
1989-04-01,0.0,0.19377136525239824,0.21138268071541072,1.0770726111335633,0.28649987620327,0.10723086143866706,0.37607932121086046,0.00010826544407366119,0.29789828519852934,0.3095186493140511,1.9274060302928442,0.13480769564532147
1989-05-01,0.0,0.2063559297771062,0.21000721514444287,1.1399625057356073,0.2721957273969405,0.10902288084253135,0.3431812469777801,1.769803545344725e-05,0.27150285295279203,0.28858816357443623,1.8610828523632539,0.11982930215068682
1989-06-01,0.0,0.18876212745676801,0.20848274003481,1.1008252409140233,0.25639292756446075,0.10707286562341789,0.31809024524710383,-0.00015102355690521077,0.24607059511196755,0.2685338838810222,1.7708094540723671,0.10638815472724561
1989-07-01,0.0,0.1653160397599446,0.20268868036773258,0.9261283063728976,0.23035719196536902,0.10238966120233603,0.2744408331795567,-0.0001684364526696846,0.2243778249640988,0.24535394183476256,1.6518965283372766,0.09493110951769272
1989-08-01,0.0,0.18938108226461253,0.1966342568745962,0.8453203904381688,0.20200534131914955,0.10057103790832203,0.21348813995763266,-0.000223703568556805,0.18908942085280564,0.2081452744954878,1.5077981665410158,0.07099603597925638
1989-09-01,0.0,0.05208389130384484,0.19412051659172114,0.8487173029659821,0.19178176049947251,0.10442422275409786,0.21093813835394054,-0.00014908615787480333,0.1825456693776326,0.20398432398606214,1.4756964780264754,0.06711467709544675
1989-10-01,0.0,0.0425837460715006,0.1920983640151016,0.9054850878339724,0.187787046358884,0.1097184492872309,0.2302997360791672,-0.00026906894422051495,0.17838427621397046,0.20445741695018,1.4915207715148084,0.07111785903656229
1989-11-01,0.0,0.03800569167608497,0.18986538466108005,1.056308855362664,0.189686731393091,0.12186224442583629,0.24985671231091033,-0.0007559154835882864,0.18522290854778203,0.21261799762837194,1.5314266942078878,0.08078553550688107
1989-12-01,0.0,0.03787439021955752,0.18886021985160906,1.1108329086685553,0.19060630308512222,0.12803537624061087,0.2703350038529187,-0.0005687886862861837,0.1994741037380518,0.22304440972681078,1.555001723361408,0.09695799238421046
1990-01-01,0.0,0.04988093483609162,0.192207896968059,1.3825716885213801,0.22573648545496078,0.14710113447117934,0.35470374461451726,-0.0001059039298173132,0.2504841884887699,0.274883721670357,1.752677489759387,0.12875080171767028
1990-02-01,0.0,0.056355281165162086,0.19058850401147204,1.5614472836691928,0.23729709964183543,0.16152918238415392,0.38467069793875475,-1.5414681007651074e-05,0.2713944534599154,0.2967936818856023,1.8224588147009095,0.13526440341205198
1990-03-01,0.0,0.07400455095065978,0.19004219143265094,1.8066805168157543,0.23420548415898998,0.1764099806373845,0.4198880384801297,0.00012384915351678488,0.2750364217745248,0.30564962225568126,1.8588918405218862,0.1342533121463412
1990-04-01,0.0,0.07672987453345267,0.18294931016660343,1.9391680647906187,0.2166098147799732,0.18973188569144453,0.40333563735913297,0.00034597468471718777,0.2484199101159647,0.28130054417004813,1.750321888513597,0.10590737985557414
1990-05-01,0.0,0.07795823951855396,0.17313596154294447,2.013534863479557,0.1894489267338385,0.19796551026642117,0.3724389566931833,0.0006583617144506797,0.20775214903315994,0.24798597527238742,1.6171531546091051,0.07201538856024417
1990-06-01,0.0,0.08522426474243734,0.16413561959874987,2.074874535287623,0.16858947582783546,0.20278953059043686,0.34860134879974597,0.0006801820643912449,0.17245039699008424,0.21530448752841555,1.489830272334747,0.043716343266629376
1990-07-01,0.0,0.0758720751073495,0.1557291475419656,1.9930046887775439,0.14901376845795855,0.19750407708785878,0.3205024762259683,0.0005091164189164285,0.14516728433655623,0.1852924705423346,1.3761454790489087,0.02084694281098107
1990-08-01,0.0,0.06734186325621358,0.1494724978526912,1.8155307028827568,0.12840139653193006,0.18742150440860106,0.2926113278591267,0.0005150616182568602,0.12130256262800934,0.15787721309448086,1.2581893550033054,0.007765820625498821
1990-09-01,0.0,0.069323961862269,0.14991081248707577,1.8241306497805243,0.12793909467867767,0.18882376153084757,0.3180890758984674,0.0004803006175289818,0.12830767131223456,0.161886589899555,1.2671391766486473,0.008926339230624594
1990-10-01,0.0,0.05649649656668693,0.1547425020610375,1.9409636297851958,0.14037923152128556,0.2016696004079698,0.38344340724378057,0.0005168247385126275,0.1471065851106613,0.18187166824416207,1.3426829651674779,0.02460930645440476
1990-11-01,0.0,0.05657378006223099,0.15723123587760285,2.0721485642907362,0.1559690826504975,0.21001281017960746,0.45039436201577,0.0005193018995573533,0.1707574372398205,0.20281310384874796,1.409618476595473,0.037403389237776294
1990-12-01,0.0,0.058051719025273896,0.15822774383570073,2.115834085652415,0.15735096133139104,0.21494421183958745,0.47047166870703094,0.0008835550198271057,0.18255692548710517,0.21028995384554705,1.424111476956468,0.04491654202870082
1991-01-01,0.0,0.11584915993789871,0.15549102890218297,2.0697455716738355,0.16184522727180337,0.21341794889047355,0.4810029833964222,0.0011908616130750821,0.19120743197149273,0.2163131734282281,1.422780535945625,0.05095243738893356
1991-02-01,0.0,0.10815125065395004,0.1500903725274746,2.0735788945567557,0.15436616010045262,0.2103616274178453,0.4819361030201641,0.0007310420887823958,0.1926369687182623,0.2095054626419245,1.3906621012955138,0.04940718718108736
1991-03-01,0.0,0.025249895603863606,0.14577813951536794,2.0145531273921398,0.14431363729804716,0.201487661317312,0.4780816559120964,0.0006764017010006573,0.1930969232916986,0.2091954734343734,1.358576669172661,0.05582267680142267
1991-04-01,0.0,0.02000323732586927,0.14465820519855965,2.0988539375091633,0.1501461934228166,0.1921867954035931,0.49956522855941815,0.0007642342471054667,0.20830065709222012,0.22672831959352324,1.4041611151713127,0.07350057950110711
1991-05-01,0.0,0.03368940238387437,0.14732799642624067,2.1652400285259152,0.1662282908301507,0.18879592866205847,0.5591788562168274,0.0007407192556854491,0.2391768334352812,0.2523705333142816,1.5007347414693404,0.09985816026074021
1991-06-01,0.0,0.013251352039539564,0.14720588656316652,2.026910611077035,0.15201165833274882,0.17378205233981353,0.5432785321786961,0.0007982826053515653,0.22238784158781044,0.2394465227415901,1.433003821331488,0.0968327443088996
1991-07-01,0.0,-0.11471725955545808,0.1439758983310609,1.8754977150143743,0.13810451676457003,0.16191111548895254,0.5331799930666501,0.0003076440885180354,0.21357327925341002,0.23432173515054544,1.385412541725584,0.10308828407130172
1991-08-01,0.0,-0.1388562978335054,0.13793413643251984,1.574560096712294,0.10585422652745743,0.14142977278046703,0.472225440476538,0.00011585951845188155,0.16949945212789141,0.19255475517898113,1.2025922195747687,0.08466648114024182
1991-09-01,0.0,-0.06771154185838993,0.13803996774333388,1.4152475508393765,0.0920543506427036,0.1300062634965059,0.45588832484180963,0.00026179713219357437,0.1547882091812856,0.18148992125715974,1.122669431832847,0.08832656112340473
1991-10-01,0.0,-0.024088998008089682,0.14057394581215676,1.3569149950488186,0.10470771673985678,0.1202498027592975,0.4863864361635538,0.0002393636663639572,0.1717749426145389,0.19736855259484476,1.1616723368412714,0.11105389017961315
1991-11-01,0.0,0.01984861133713551,0.14266544182480845,1.2576747637196268,0.1248610279246222,0.10745335013267739,0.5189997637861872,1.2781562472736551e-05,0.19301827653983444,0.21182482467131303,1.20866993742708,0.13016016406201392
1991-12-01,0.0,0.4302306588083303,0.14378854530654545,1.227208616459023,0.1371562544462435,0.09861144411664505,0.5315699811221827,-0.00011771563774359384,0.20858269647609612,0.22327128808985208,1.2423438336145745,0.14309742771755313
1992-01-01,0.0,0.36672426624524446,0.14533666561169006,1.2551759483114908,0.1597402976818937,0.09193985124606685,0.588961197124982,-0.00017618201620015714,0.2420545130060509,0.2538606696576363,1.3409344194932182,0.17332917533996023
1992-02-01,0.0,0.22441085224073612,0.1452407530013947,1.315562984883313,0.16944262668197557,0.08813932645413997,0.6218999125185884,-6.0829186029804804e-05,0.2570879406051477,0.27031176789931044,1.3901766294855422,0.18617339938711536
1992-03-01,0.0,0.05920494340295261,0.14111460426522077,1.3761221583603023,0.16798108921401383,0.08784445201860318,0.6133506156133183,3.8230256020108696e-05,0.2504563122321233,0.2662419263807564,1.3529093419618845,0.184469139812919
1992-04-01,0.0,0.01866242656631758,0.14108301621589725,1.4716476450082685,0.16248897886719485,0.08909050645564273,0.6025399748976018,0.000260825002137361,0.2397739818749438,0.26108324506721314,1.3297780930672456,0.18048827591774363
1992-05-01,0.0,0.03127664547227576,0.139922542702436,1.4166217598293525,0.15346383471001718,0.08517252619719932,0.5834821286561005,0.0003151001338281834,0.22533101256585697,0.2478199212042107,1.2456178064464192,0.1778197902073599
1992-06-01,0.0,0.06454688828394883,0.13653015172987637,1.395455540068212,0.13876623234974256,0.08017237585082579,0.5594398907653328,0.0007389963359995304,0.2026948655433899,0.22713102025135612,1.1390719135043308,0.16601518675370674
1992-07-01,0.0,0.09896033377819816,0.1332006772307079,1.3088772793038435,0.12711536895521297,0.07504990305097817,0.5357607588377089,0.00031982962862054894,0.19098188961647844,0.21450428842368752,1.0433970728401123,0.16380052963721622
1992-08-01,0.0,0.09519564848095188,0.12963264640197925,1.1541618096522845,0.11662607898100374,0.06784908940619436,0.5049114360736185,0.00019483485415938223,0.18598279257982608,0.20222302085943952,0.9662466430060381,0.16426149651605731
1992-09-01,0.0,0.07841404836430899,0.13032585300697472,1.0530768194387192,0.11371184961304184,0.06681902030550799,0.5020084650566765,0.00012257835753700137,0.18699773860897953,0.20087134761286618,0.9290356706788672,0.1685412534746957
1992-10-01,0.0,0.07914301632512694,0.13614241186078577,1.090555311879472,0.13083261058542633,0.07407722327508187,0.5387502190604153,3.709284327097172e-05,0.21277858435222932,0.22794406777219564,1.0011989980508686,0.190299397511631
1992-11-01,0.0,0.11909276942444091,0.1372443074612707,1.0566591213716596,0.1323778344751176,0.08164649229841905,0.5392633808022922,0.0001457886561057808,0.21416721094460914,0.2299621347003894,0.9900856082368233,0.19208541439128685
1992-12-01,0.0,0.09094319030302792,0.13838076313367711,1.0806262575997114,0.15325495603758504,0.08629525658472686,0.5776282711416303,-0.00012854370703052699,0.24911174293956057,0.25568965405243455,1.061203968960708,0.20657239522820692
1993-01-01,0.0,0.06941970488723095,0.1435458977328143,1.119068019255135,0.18897693674262206,0.09124821676444328,0.6474885840765192,-0.0003512859091182371,0.3072633701824764,0.30320150544835556,1.2047325245972718,0.24333062974086095
1993-02-01,0.0,0.1034931203223844,0.14180994072206454,1.126861873958641,0.18716562141621432,0.09122712486449078,0.6433817947035763,-0.0006700904970078092,0.3138790963995035,0.30831736062213677,1.1822773301156841,0.24904624958738053
1993-03-01,0.0,0.1581107106692009,0.13937918207453562,1.1771909948706165,0.18573475157273467,0.09753689860643701,0.6434048845073831,-0.0012030871181006012,0.3121602172517725,0.31057494528751267,1.1748026858970322,0.252269415415653
1993-04-01,0.0,0.13474848295963962,0.1344311190499728,1.1485905982886218,0.16155120274034854,0.09870451315862772,0.620493733723253,-0.001358229951431907,0.2761216149295997,0.28420011786209176,1.0742673742944087,0.23194137738707374
1993-05-01,0.0,0.04607220202034,0.12545095935657913,0.9997873727578492,0.12603890914315205,0.09655723499032307,0.5503866855795665,-0.0012581204962719519,0.22145379482167327,0.24438155744858325,0.8884378507912154,0.20767694087955096
1993-06-01,0.0,0.013524861076390393,0.11845131266947367,0.946564971677897,0.10993711696579817,0.09763571110006428,0.5200874068044132,-0.0012929784151683803,0.19611562442119043,0.22069183758672836,0.7982209644147188,0.19129723847647362
1993-07-01,0.0,0.018128534492521706,0.11097664400167646,0.8381199053728469,0.08905109070252193,0.09807978785960722,0.493500648017831,-0.001111802100846762,0.16760972283771894,0.19907991893260837,0.7012470755576322,0.17371622529687902
1993-08-01,0.0,0.019287196209419065,0.10493966309624134,0.7355044249906351,0.07165932519299092,0.10193805294516442,0.4604036045466148,-0.0008610634567878491,0.14333423042291374,0.17885219439671718,0.6069587873136607,0.1535394261740019
1993-09-01,0.0,0.020248507651716853,0.10205101605925844,0.6570323665753508,0.06580774056916322,0.10984293606148768,0.4501780217495702,-0.0005448389283281362,0.12868757686196008,0.17037174292764,0.5623533787103807,0.1410221775696029
1993-10-01,0.0,0.020396101659633226,0.1045664104587266,0.6663105136865594,0.07668034894579329,0.11951410366941792,0.48511658520402967,-0.0003302610244595874,0.14348326699655806,0.18822144333825258,0.6138516084869656,0.15115547871742596
1993-11-01,0.0,0.021138170082990786,0.10775587802805225,0.6975198831539875,0.09466111525257706,0.12683798575906952,0.5188359483674823,-0.0003741844039192527,0.16531903314876056,0.21504517628473563,0.6870363562964202,0.1681143083824999
1993-12-01,0.0,0.022379829256275425,0.11486187109022976,0.8099570073911463,0.12718554248923877,0.13693086961207585,0.588113066762441,-0.0006484036030351278,0.20374771525656382,0.25365939498824186,0.8235149658855806,0.19291491811001216
1994-01-01,0.0,0.024938737119930738,0.11917500572395888,0.8847222453836019,0.1440802080242347,0.14905989416333934,0.6463217995221663,-0.0008386705971199302,0.22322376551260437,0.286879160786634,0.9034224049403619,0.20380266226450044
1994-02-01,0.0,0.0243233281547033,0.11800905019691577,0.8668797885889687,0.14010187199833107,0.15750245269879384,0.6439281814023379,-0.0006535580950888479,0.21735513889107205,0.2900562604225392,0.8992263906504987,0.19919692691656737
1994-03-01,0.0,0.022390677877843133,0.11145804091370068,0.8405488298031923,0.11973086530768604,0.16197798385872966,0.6219602588432687,-0.0002891649453234034,0.18688359102642424,0.2755444134240156,0.8265151452509084,0.17751744317091078
1994-04-01,0.0,0.021509395608207974,0.10590358528932967,0.8447011348472186,0.10100936180170247,0.16624698059661291,0.6003381686909524,1.3418572955762119e-05,0.153270815600358,0.2591054880184939,0.7468335915029132,0.1576976812684988
1994-05-01,0.0,0.020088727595659703,0.10452612463926772,0.8479259747140933,0.09269809721009224,0.1677506735623981,0.5809841442694097,1.2902596018874188e-05,0.14079167691723676,0.2553022731787981,0.7200091081923243,0.14992607356573318
1994-06-01,0.0,0.01815385805821039,0.10221757530624379,0.8495769815468621,0.08367113835394965,0.16550556225550667,0.574639931574819,0.00016601335981827374,0.12057307553096897,0.24822591492933166,0.6875438694650046,0.1411555738160915
1994-07-01,0.0,0.016477278649840672,0.09770624212843418,0.86267350522246,0.0703330157114564,0.1591782556361795,0.5545179589561859,0.0004743730108745218,0.09509470650387006,0.2379746108554155,0.6241561747446188,0.13015770725718703
1994-08-01,0.0,0.015095090754129022,0.092958129502481,0.8614347114220895,0.0616221804182651,0.1547553978855083,0.5437375225584995,0.00092521450741676,0.08022821411675356,0.22817918261953793,0.5949866812723094,0.12613246941716058
1994-09-01,0.0,0.014622047702007219,0.09167349988777594,0.8531554733727864,0.06739695056150066,0.1494533332138615,0.5486337669011984,0.000906939575096825,0.0882623242050632,0.23883394151169962,0.6258282288229291,0.12732286515514973
1994-10-01,0.0,0.015295365132646238,0.09632892305292988,0.8852976789993929,0.09522868401369078,0.14695911381348958,0.5991193260485057,0.001115766275103665,0.12223114141659011,0.2756525403154044,0.7437440037847722,0.14652212629751435
1994-11-01,0.0,0.016789431461875816,0.09752585952278879,0.8986289316152898,0.11311061012621129,0.14551130946589394,0.639547369979396,0.001347188201029209,0.15265086669681632,0.30337403965380044,0.8341135358348124,0.15974052958162285
1994-12-01,0.0,0.017167971237099823,0.09847023137898618,0.8802669312850099,0.12486413105752486,0.14483196994804132,0.6765350840213884,0.0014946123762717427,0.17246081349605813,0.32846805111244914,0.9036578287452022,0.174113273129755
1995-01-01,0.0,0.017679556320751293,0.09894508222682741,0.8844601925620317,0.13388575116121393,0.14777484181722642,0.7070079130993934,0.0017830259193215322,0.18193036237782617,0.3477353821449074,0.92977992021349,0.17535526351355096
1995-02-01,0.0,0.019210694193622,0.09945351730287086,0.8462459030174985,0.13479795034010372,0.14403869683042198,0.7158137701667313,0.0005872233853962765,0.18674986024509632,0.35643649454401505,0.9370462587528272,0.17531445353952219
1995-03-01,0.0,0.02374657722069355,0.10244044893587682,0.8919838538615266,0.14157647588704547,0.14299462907750699,0.7483672863365667,0.00011697747651576177,0.19555387131713772,0.3686631213695067,0.9714741430786346,0.17983216252330647
1995-04-01,0.0,0.027016669376764717,0.1029793604091214,0.8466790796063657,0.13156304087161308,0.13579644588583387,0.7331444556912063,-4.608839525970281e-05,0.18369466114899716,0.3640198633436845,0.9485502286729615,0.17503350113545804
1995-05-01,0.0,0.0304574221102763,0.1035545259801422,0.8641388358132703,0.11343639840059239,0.1284000250654651,0.7127330359859548,0.0004581894653272795,0.15871127214359587,0.35048834134905765,0.8734451915808479,0.16340321043118355
1995-06-01,0.0,0.0365171571002096,0.1069109576319055,0.8810287892000098,0.1090082732012237,0.12453104662626213,0.7179216848335332,0.0011078203392477929,0.15283724990764924,0.34923291917118404,0.8733443078166556,0.16297963743466995
1995-07-01,0.0,0.041953901011890726,0.10633032439209178,0.8763092753966417,0.10781169362279498,0.11953238135450206,0.7182703065660776,0.00043035939062913294,0.15119918111487457,0.34557607581723704,0.8639756938691483,0.16483338812570636
1995-08-01,0.0,0.04185215635308326,0.10672486767641796,0.875983804757148,0.10321240355158647,0.11187833293061422,0.7126457300760067,0.0003115241569663284,0.1405540068950153,0.34268473169964997,0.8331988283874096,0.1644004340820341
1995-09-01,0.0,0.04601508806625361,0.1099688004019923,0.9700679184370522,0.11301826670841258,0.10772714853150354,0.7479318204162029,0.0001750462017406159,0.15603664192467728,0.35774462735728285,0.8835344802804502,0.1790731729473224
1995-10-01,0.0,0.047456486414661575,0.11263396162325084,0.9984049146485525,0.1160216905626775,0.10471834452759712,0.7542633254252755,0.00044385634970247137,0.15438905022266333,0.3582898373316261,0.9075665883892903,0.18409828327747652
1995-11-01,0.0,0.046209012476880834,0.11351576135420526,1.0247458798590752,0.12638527655342696,0.10496557368855908,0.7741362046119459,0.0006984261116515943,0.17855713281346167,0.37393643482028044,0.9661125946197219,0.19916872676321476
1995-12-01,0.0,0.046415032056427864,0.11631919507233499,1.1489725081603603,0.14798160611006508,0.10700584723982384,0.8219256322592924,9.123578077379987e-06,0.21407878943758035,0.4057651046143703,1.0554585414055797,0.22460294131013686
1996-01-01,0.0,0.047534803478409264,0.11930924131790499,1.238590373557788,0.17037656264863343,0.1081041637153139,0.8635331028809041,-0.0005147973269630363,0.25185534171514457,0.4352745193558023,1.177092536530671,0.2471375779475017
1996-02-01,0.0,0.047510410729839296,0.1140152339164486,1.216048909363812,0.15165851058977298,0.10093909956323215,0.8368233262922017,-0.00046710290579850744,0.231372196837329,0.41007059725534395,1.095244930513193,0.2332846632358415
1996-03-01,0.0,0.045887595622056174,0.10535907152596985,1.0751547974849818,0.12068718630118999,0.09317054576529105,0.7764085751169532,-0.00031613163801972417,0.18402894713888518,0.3668290854821431,0.9459955173330379,0.2029281795547366
1996-04-01,0.0,0.04696426113991436,0.1003663766663234,1.0280132464326979,0.1011592722529534,0.08819894331659273,0.7529724784302848,-0.000542501224845313,0.15680212269899063,0.34165484584532013,0.8517161985923273,0.18546846292477395
1996-05-01,0.0,0.046416956799444443,0.09728582531903633,0.965623869817229,0.08182401457781202,0.08366660029920742,0.7197687797346787,-0.0011271656190168526,0.12510942904265912,0.31178883002870317,0.7483637459858719,0.16932428806076444
1996-06-01,0.0,0.046234659111541884,0.09469317815896972,0.9334080993892191,0.07302532346954912,0.07962021562202136,0.7010369310221807,-0.002094096598061635,0.10906646124461873,0.29885976433044636,0.6928663776652271,0.1627031466302422
1996-07-01,0.0,0.048313858462990474,0.09410211708761052,1.0110520184026377,0.07648843274348058,0.08357830447969705,0.7191126538491865,-0.002822960179904981,0.11399887551744489,0.302011784795169,0.7065135166131071,0.1651588034091852
1996-08-01,0.0,0.048755626071528564,0.09506825633429478,1.0502360631924956,0.08237895123243505,0.08453526923047439,0.735709541064236,-0.003290233890209787,0.12100839539916364,0.30901569889662783,0.7214551603084036,0.1726497558365666
1996-09-01,0.0,0.04755757163880667,0.09250950041324238,1.0053403067517255,0.06758870100714903,0.08661982131220497,0.713281728731524,-0.0034330906104574734,0.10275014464420323,0.2936326496183752,0.6514741806732902,0.1650861944806336
1996-10-01,0.0,0.042237936495095385,0.08920442497123514,0.9208217703347692,0.04494828509597054,0.08691346967149319,0.6826762784691377,-0.003108944755861721,0.07732216641935952,0.271201381816042,0.55547997092191,0.1483092067908179
1996-11-01,0.0,0.0384001774753292,0.08886831851214691,0.8978910094362855,0.035969928196346715,0.09230968762171798,0.6802570087820017,-0.002943515063503218,0.07232720662403119,0.26626599437977816,0.5286742013294549,0.14053879323056717
1996-12-01,0.0,0.0375931170854741,0.08804660993360346,0.8890069578220582,0.04052193479816334,0.09569922517937487,0.7002895016464232,-0.0029032380861481327,0.08327968807305608,0.27748200446972293,0.5566219294032757,0.14545480515593545
1997-01-01,0.0,0.0377433548582916,0.08939815884195862,0.9847806824607526,0.06028921453756573,0.09825646253887546,0.7340446399784429,-0.002902547786794191,0.10674716308147411,0.3012162421358955,0.6424286034383577,0.15960341872168193
1997-02-01,0.0,0.037555612061607534,0.08885438361584169,0.9275739485619265,0.06438647111204365,0.09610621358898652,0.7119240002788185,-0.0022852395187205003,0.10667616238099506,0.297275996560326,0.606559160436003,0.15608975451113427
1997-03-01,0.0,0.036734281895198964,0.08582796507308049,0.8119863178744029,0.047648028917475174,0.09095215053638116,0.6681554341517737,-0.0018109343723275912,0.08037798301694604,0.2744163184035556,0.526320210400817,0.13699485394140298
1997-04-01,0.0,0.037949722949261466,0.0847741652891637,0.7823313138778767,0.04882467184745752,0.08823551257756374,0.6595201597922884,-0.00159248848458161,0.07323504010409845,0.2697436448768279,0.5198640018413838,0.13148042475853555
1997-05-01,0.0,0.039476104833897074,0.08345255890320652,0.7202842205642588,0.04383719544087111,0.08775019365375417,0.63703408105052,-0.0012094116141255576,0.05553830854355808,0.25279744161374684,0.48196809967679555,0.11885161303417727
1997-06-01,0.0,0.043057911733582435,0.08467207042169586,0.687919267313936,0.04301423704427755,0.08530032506275878,0.628269525911317,-0.001257849787748119,0.0467077931177573,0.24212922737104894,0.47110999251077346,0.11530817989758765
1997-07-01,0.0,0.0443996061907046,0.08482743899888079,0.6216442687481656,0.04406995597349479,0.08370324407851601,0.615854718561206,-0.0020490423692610758,0.04525961564937098,0.23726159906038596,0.45139099867071475,0.1096508548925513
1997-08-01,0.0,0.04802441589732519,0.08768937560761683,0.6526636718340183,0.045066793328999724,0.08348799106858756,0.6287386141103747,-0.002771504644997769,0.04583535128808066,0.23326507110715022,0.4332715765046693,0.11151985655243324
1997-09-01,0.0,0.04783974605340205,0.08810150128976033,0.5800526055216532,0.03239416610666482,0.08183704475154702,0.6004672644780542,-0.0030111995716113234,0.03152063920347954,0.2149734139003388,0.35382889112689414,0.09878484237196147
1997-10-01,0.0,0.04801111966100506,0.09037846561506122,0.5052401085537768,0.026388639831463546,0.07777117833904877,0.586767341131069,-0.003075771891714189,0.027334573713979356,0.20637393466311524,0.299573138323385,0.09037472753743286
1997-11-01,0.0,0.050939233054170904,0.0943788516441341,0.5223511544629682,0.027805585026113203,0.08203712323914006,0.5917652504253896,-0.003343964806427616,0.036383121014216216,0.20748437979773732,0.28344071298801504,0.09446560767232562
1997-12-01,0.0,0.06051603845191053,0.09647133851324383,0.5131689859307557,0.04174248257854758,0.08739511691047416,0.6103605705796324,-0.003670939854391304,0.05717385074765813,0.2230458989573748,0.3194139665387199,0.10377607255287757
1998-01-01,0.0,0.07022977062327784,0.09880320311312835,0.4428208554132588,0.04071253159636361,0.09284354605025101,0.6067304332664885,-0.0031199697766563623,0.054482725109944494,0.2199068803730579,0.2907561894256361,0.10096850061715656
1998-02-01,0.0,0.07669550336450014,0.09552206435286673,0.33736879715077395,0.027187995850314915,0.09681650869553793,0.5785612982885349,-0.003126948507369428,0.04034118101045776,0.19842870994149048,0.20891233228246148,0.0842548582788347
1998-03-01,0.0,0.07396171780068655,0.08971526636762339,0.1642663092695949,-0.0011332469338217132,0.09527815713380339,0.5123431992390624,-0.0023012774402561935,0.004207586787455126,0.15676534056189373,0.0400576055646506,0.05172121857369841
1998-04-01,0.0,0.07269255159639854,0.08042982191515616,0.012522280646350838,-0.04339547042787724,0.0900095922771123,0.42604478101339993,-0.0020148283919461723,-0.06049581183433915,0.09563846615069821,-0.169624136464468,-0.0004654106488651884
1998-05-01,0.0,0.04856385043936611,0.06950895021573061,-0.2021012094450988,-0.08303124520355276,0.08305611892123368,0.3463435834378791,-0.0016812127364799873,-0.11492656554652463,0.040417700577419724,-0.3530192495112111,-0.046892517928993745
1998-06-01,0.0,0.03636807869656811,0.06259534729619874,-0.3476454133088024,-0.10607640959015632,0.0755892003976821,0.30617826544832066,-0.001391994817291704,-0.1461001569155615,0.011330565495983307,-0.4271006175974379,-0.07342349328826868
1998-07-01,0.0,0.02152295153164431,0.060901443270989966,-0.40155471700016643,-0.11008430525946361,0.0719344211963931,0.297441453136033,-0.0015694224793241758,-0.13891538765513972,0.006383624184149034,-0.3971357927833207,-0.07695450363483956
1998-08-01,0.0,0.012051603163060188,0.06285375319834248,-0.4207431674363528,-0.09856886705677155,0.06880320519913316,0.316206606190698,-0.002653768995578746,-0.1139449425900756,0.016309698460875238,-0.318301102183546,-0.06886975643498316
1998-09-01,0.0,0.005395726434093411,0.06845813410564822,-0.3777911395214312,-0.07895425053307198,0.06806127007515701,0.36823694967803466,-0.00457956656358087,-0.0738665683550481,0.03879635177748212,-0.19688931742609825,-0.046113379569330634
1998-10-01,0.0,-0.001016778829402726,0.06905859086446267,-0.44061495108724524,-0.08214079232825011,0.0654857832372051,0.3447322294257934,-0.0071835806011135775,-0.07863784639304704,0.028076170080296472,-0.2066138607579453,-0.05331439855596416
1998-11-01,0.0,-0.005519717728419166,0.06522303938451951,-0.4576818270229796,-0.08723595266412024,0.05820920362487177,0.3255483458299934,-0.00876103534941615,-0.08693709133531735,0.01982993136366019,-0.2194028270354943,-0.06372502695522905
1998-12-01,0.0,-0.00855500525268695,0.05900747593957577,-0.5419149876288514,-0.1004732453019474,0.04682526236568246,0.28848207296048867,-0.009992530794767019,-0.10705378334726978,-0.0005195959088730226,-0.2702275402721155,-0.0817130842342316
1999-01-01,0.0,-0.008685156759354315,0.054856991515926865,-0.49193868955496745,-0.09090947738906494,0.040417871129627816,0.3038230786825322,-0.010860476844699967,-0.09633640244400528,0.008725159116256369,-0.2090740465403305,-0.07178273373264143
1999-02-01,0.0,-0.00977877961300202,0.05246506721725323,-0.41159729333819106,-0.08735735345840066,0.033827591137623486,0.3198006301645343,-0.01128608841744814,-0.09243471076881345,0.01549670805425437,-0.15480352039713347,-0.06313150605437537
1999-03-01,0.0,-0.008222885122317166,0.05384279675212972,-0.2456756542929212,-0.06974516293156485,0.03290608477812922,0.3586325199147714,-0.012151641729437695,-0.07874754819157748,0.04049861237951377,-0.046118618685071125,-0.04135310132669355
1999-04-01,0.0,-0.008114862783128106,0.05098372454508418,-0.16086824346532608,-0.0774873818795469,0.028703483586150026,0.3576816638907797,-0.012071703441798587,-0.09249472190951145,0.03521735873156667,-0.06459413535192962,-0.048700415900753496
1999-05-01,0.0,-0.008638700543207721,0.049683237880128,-0.09604196384895171,-0.08446487050065235,0.02866681568804498,0.35342832170665905,-0.01293129500844518,-0.10581769136020666,0.029567396583974982,-0.08409515469107637,-0.05133133752188579
1999-06-01,0.0,-0.008276869801094981,0.0489729108834628,-0.043065513002622784,-0.0832912965333179,0.03033645409869047,0.3599417979849646,-0.012642095487871416,-0.10083413893970924,0.03523726416252891,-0.05193756744025546,-0.046564146652375266
1999-07-01,0.0,-0.009086226508270005,0.04825887316767945,0.03568251576735877,-0.08262283624312167,0.03166821439751128,0.3672323264678621,-0.012758184158337566,-0.09146572145333007,0.04037898711335076,-0.0339762517260364,-0.03859476837253503
1999-08-01,0.0,-0.009296601330570978,0.0472899165323092,0.14503742246507084,-0.07356551044509624,0.03635410029782572,0.399857535120818,-0.013106451518552865,-0.07597138739311197,0.05637777128166769,0.02351726546807496,-0.021707672231513785
1999-09-01,0.0,-0.009769689925286576,0.04778084119439658,0.2621645745716951,-0.06895641920015837,0.040369589774183784,0.41930252744705826,-0.012979498703691042,-0.06578660052479811,0.06731374245277491,0.06770197327723856,-0.010685939258196487
1999-10-01,0.0,-0.010759694426003316,0.047552510812020034,0.3151527929751553,-0.06747369624716112,0.043339347230009664,0.42547514913651846,-0.013029292486177933,-0.057189391778523196,0.07225955823523977,0.09815837751130717,-0.007462203216139791
1999-11-01,0.0,-0.011943839080989099,0.044371897575025854,0.3772044035921698,-0.06680415629772662,0.05057651624108046,0.42421441995934633,-0.012741421035431962,-0.0567249576522916,0.07642140183640067,0.12035038111938548,-0.005602244695734766
1999-12-01,0.0,-0.013607508913886079,0.041957735723037036,0.33470961263108423,-0.0744812485043352,0.051074848003476475,0.4049206215354917,-0.012825099006117592,-0.06266869718148932,0.07104853214823859,0.10133447397634768,-0.0070203441545602
2000-01-01,0.0,-0.014608240851416144,0.04269580400060685,0.3806652185999567,-0.06919271196982041,0.05416777362037466,0.41069701264711445,-0.012632195503151481,-0.05516131139136821,0.07934113257841588,0.13373808404103132,0.003728169001705552
2000-02-01,0.0,-0.014343730575393687,0.04799271359918758,0.5189053193573445,-0.04486674463217882,0.061267735552038745,0.45246830700472135,-0.012337705983506718,-0.026250302180630167,0.10518147603364489,0.2418595716391052,0.029592497470463937
2000-03-01,0.0,-0.015194348496271952,0.04742094048686851,0.5300546746042856,-0.04154115207877417,0.06431941685334011,0.4496384901505156,-0.012159368679483525,-0.037033210320200835,0.09684678514738698,0.22610173423283958,0.028484435434672474
2000-04-01,0.0,-0.015431058284454114,0.04743645017257876,0.5041383588315065,-0.045467040503061114,0.06285598499704338,0.42474669462475556,-0.011547160284285658,-0.05578642921975372,0.07747043574457535,0.1662537339435321,0.020603794365736935
2000-05-01,0.0,-0.013233064950722857,0.051491408404807634,0.56938177647057,-0.033747651866655806,0.0670800896668648,0.4321665881834313,-0.011221904575025216,-0.0585100653253426,0.07540950186852967,0.16461143270450374,0.024962079047365197
2000-06-01,0.0,-0.012534678147100246,0.05304041371780675,0.7027362671455666,-0.022685816428819644,0.07113959548472187,0.45029319754473285,-0.011110991486739625,-0.05764525518422817,0.07723513026143489,0.17597971277036853,0.032118005463495344
2000-07-01,0.0,-0.010726406274549734,0.055561803373063184,0.8215872612418544,-0.009447362025488609,0.0775314390287723,0.46993676436042126,-0.011217455134332279,-0.05015078400324227,0.08720524945405975,0.2171048800921772,0.04696285072127874
2000-08-01,0.0,-0.007763591052677852,0.058117492562381905,0.987335961706463,0.004260635312000495,0.08438437901421234,0.49727895514980536,-0.010830905157362528,-0.03663945689229911,0.10128232618538427,0.2572721919568004,0.059648815883777025
2000-09-01,0.0,-0.008038193218309163,0.05913390177236509,1.113406907884213,0.013068918720539306,0.08977011760093928,0.5086425837889814,-0.010254488443389713,-0.03111868738052387,0.10986863293217317,0.2731660245595046,0.07097953536864768
2000-10-01,0.0,-0.007933715027724065,0.060544616275232735,1.1926090027315965,0.016521825670175905,0.09152484094940308,0.5091625963395463,-0.00992262210611183,-0.029764073134336735,0.11214764304010136,0.2798380415524852,0.07346383157729093
2000-11-01,0.0,-0.006807529758934604,0.062370476284678775,1.239591131815792,0.02383498958404441,0.09703211651534917,0.49649534702918197,-0.00922894168307566,-0.022213736321468065,0.11518858465404552,0.2928646114529758,0.08038659996929759
2000-12-01,0.0,-0.00556487400467218,0.06397091146016984,1.240903324538414,0.03181971945014381,0.10192696647718716,0.5039576983718973,-0.009000823842762186,-0.014930391429516195,0.12236052762186717,0.310784956937912,0.09130510932120597
2001-01-01,0.0,-0.005203337727983421,0.06458983183242548,1.1935537356267178,0.03686871121493912,0.10704686440252509,0.49345366221691045,-0.007739806617822267,-0.009293260074724263,0.1292427156199251,0.322020165582536,0.09743291058576582
2001-02-01,0.0,-0.006267034443641422,0.06549627931587429,1.1795894545263987,0.04123172676551082,0.11011081251176943,0.49336340522124983,-0.006629111706912723,-0.0023390771153581047,0.1328732110205636,0.3619082564137906,0.10610748162973545
2001-03-01,0.0,-0.005974778714912885,0.06883532202911419,1.1573087430786244,0.0459287025535515,0.11355749908372098,0.5000420885625272,-0.006151892344578342,-0.0008161693272866666,0.1364697498037346,0.42995423950104883,0.11582264386250093
2001-04-01,0.0,-0.006422098675759944,0.06819253820664603,1.0410293456412574,0.030185034939677582,0.11140623679301467,0.46604869056705034,-0.005453143918369598,-0.025933730953568025,0.11501888521193425,0.3827834078922096,0.10672967676910408
2001-05-01,0.0,-0.003903542892654881,0.06573113945307704,0.9061353284013158,0.016775201180786146,0.10764196288404881,0.42536649691441164,-0.00513259814142726,-0.0538972416780569,0.09019102245292941,0.3110860874293734,0.09394316693150871
2001-06-01,0.0,-0.003721650463991998,0.06623788229872288,0.8169995735830246,0.011852883751241876,0.10689848602945129,0.4092137141828722,-0.005363010489064107,-0.06530376850023396,0.08179171631125674,0.29739112013519964,0.08869434589058597
2001-07-01,0.0,-0.004270694712260806,0.06639802957402918,0.7219700755100613,0.006060786535604318,0.10593145259320166,0.3900185399205056,-0.005172575621901139,-0.07310237685596299,0.07231581369422048,0.2789343571822699,0.08637393170068486
2001-08-01,0.0,-0.002533975107468348,0.07065756455967077,0.6438406488902868,0.007783224586003801,0.10482788760729322,0.37600567094709864,-0.004940522870171321,-0.07558728680525706,0.07033127045508882,0.28320740332907235,0.08691412477091674
2001-09-01,0.0,-0.0014899412619776287,0.07608847874364964,0.6382301040643411,0.01585924881244853,0.10472960959346705,0.3946671410405034,-0.005122322537352694,-0.06470222410018936,0.08426788995669862,0.34059975882750204,0.09976250236894271
2001-10-01,0.0,-0.0008565634127503806,0.07916435891257043,0.6026597096968844,0.01668209131848366,0.1033193538420463,0.40640328422271677,-0.004949128207051303,-0.05845925719599774,0.08919426799900185,0.37147529524654743,0.10580103024765908
2001-11-01,0.0,0.0013224809574329112,0.08098052427139045,0.6047412406988866,0.03184126497596959,0.10850336572375646,0.4281090656916784,-0.0051449430390945235,-0.03276759464588898,0.10696397482474568,0.4522623087859375,0.11996757898549901
2001-12-01,0.0,0.0037600262863649635,0.08643260535658316,0.646270109602518,0.05012778022166747,0.11488647917311018,0.46557322867292456,-0.00509687110065252,0.0011262838855388702,0.13134460973146472,0.5615983576174937,0.14007673798341944
2002-01-01,0.0,0.0056952678571289776,0.08872558240747494,0.7189964554283302,0.06515036677816818,0.12189843850753362,0.5130110205322317,-0.0050045794828174305,0.028325102268627264,0.14932416296324527,0.6527145383153217,0.16055421610055037
2002-02-01,0.0,0.006041241888652809,0.0930098632364513,0.791003174130066,0.07520986832673751,0.12677270927598222,0.5399088325941915,-0.004748322599963462,0.045464576367568746,0.1665323870268624,0.7105338120027851,0.17209097128145917
2002-03-01,0.0,0.005531341339798466,0.09798805604033024,0.8470506744899219,0.07821944533880598,0.12747316703124897,0.5623248776280909,-0.005125914205095142,0.04534328603748476,0.17111307321211217,0.7241113018463066,0.1783569097492593
2002-04-01,0.0,0.004408968180881228,0.09946816302438631,0.861916978175228,0.07104394586362629,0.12793492240429727,0.5587548801745734,-0.005116725784532153,0.03524031061674196,0.16068786258369966,0.6729594919891013,0.17306196000785573
2002-05-01,0.0,0.0028746178137502775,0.09893264868451485,0.7929732989994703,0.0515472494255389,0.12512299903585938,0.5212358454116498,-0.005045588839939853,0.0034366747521314177,0.12953939496870814,0.5464263203513582,0.1519200269725319
2002-06-01,0.0,0.001576763771632809,0.09869544359128185,0.750306150361945,0.043484507633457195,0.12280395616237726,0.5043686540436332,-0.005267729979616779,-0.01094423726070428,0.11253631978725703,0.4907569706734266,0.14280489815524222
2002-07-01,0.0,0.00187847316667729,0.10055022059174973,0.7498746838876253,0.04651640713508451,0.11853784597132483,0.5040225307220941,-0.0054123870375314305,-0.007006190782166816,0.1118212948821379,0.4902432823704168,0.1369741853699042
2002-08-01,0.0,0.0032201150252500537,0.10267017699412942,0.7747345140037569,0.05232198609087749,0.11518610920936484,0.5129662072880887,-0.00581420402343809,-0.0007706643295275373,0.1133806247006386,0.4913356548082677,0.13634099888529855
2002-09-01,0.0,0.002982973962427627,0.10342656737049956,0.8393230476503379,0.05968050180868151,0.115893420991449,0.5320856140145445,-0.005248074975390273,0.005162422484959633,0.11804804780591113,0.5134267372463271,0.13987137276550382
2002-10-01,0.0,0.003290519093255522,0.10269809690996068,0.8668839282134337,0.06048107243790696,0.1159927877771344,0.528379838327395,-0.006092138691986427,0.0006111181611453806,0.11619999343232806,0.49561503384686695,0.1341059964040422
2002-11-01,0.0,0.0034721864571821007,0.10329713594565795,0.8877585647237207,0.06940811562248647,0.11507763596761267,0.5433421610337503,-0.006713646562677138,0.010277631754775265,0.1250901471345593,0.5311122208192749,0.14178947140324685
2002-12-01,0.0,0.0043776053199507305,0.10658313460919913,0.9191021288798569,0.09193780946513692,0.11541812751880301,0.57845025585537,-0.006762859965006138,0.0384951225442629,0.14745885069121184,0.6364454660840957,0.16124603315976482
2003-01-01,0.0,0.0057709633473997865,0.10764725847976465,0.9429426258431497,0.10326343996874929,0.11146531160732616,0.6058742054056607,-0.00691528177547643,0.05174552264684368,0.16307830344269075,0.7023063159538638,0.17603586678484984
2003-02-01,0.0,0.006366438021821765,0.10601158370184047,0.9578191977400295,0.10530090558217736,0.10523900077489845,0.6075078726104124,-0.006788533310485855,0.05273998940368911,0.1688561712324,0.7281114552928507,0.1813879466349474
2003-03-01,0.0,0.0061423907888303615,0.10203749342055038,0.8894547888014013,0.09166156529949793,0.09966921304332668,0.5972893219524852,-0.006842067036750334,0.035781076784402226,0.15620324623925042,0.6996241389745846,0.17204958360989242
2003-04-01,0.0,0.005293890974642555,0.09290214300019664,0.7425078269225303,0.06458661510167345,0.09477328786865741,0.5375449509426742,-0.006107605439325691,-0.0012122002150474157,0.12326838722339714,0.5960737309477768,0.14837915217924158
2003-05-01,0.0,0.0022608721411837658,0.08687432337094678,0.6447203158306589,0.04344764712229181,0.08871762214600883,0.49773190330822176,-0.005952627082147565,-0.02670938182710893,0.09978085969539874,0.49606255183272296,0.13097266857762702
2003-06-01,0.0,0.0011878865514123155,0.08187613564866228,0.5615387182210236,0.03097484762727188,0.08126416261749633,0.47041579722700133,-0.005495244138013193,-0.04095340253446059,0.08608553127411694,0.45088332388052965,0.12024879476306784
2003-07-01,0.0,0.0002490371955910589,0.07823814290877412,0.5310252870621572,0.025544672724181188,0.07059712517009284,0.4592019773737833,-0.004580109708277217,-0.04429985039643104,0.08027864408291172,0.4339380501477841,0.11286429542199262
2003-08-01,0.0,0.0027150027320729216,0.08010604552457223,0.5613728350674405,0.04142982288493645,0.06391762838678172,0.48641571407174805,-0.003917184746088391,-0.021747779225639283,0.0965599830436253,0.5132563123387999,0.13022634085747165
2003-09-01,0.0,0.0015635204680079337,0.07681636126631072,0.5388262789892634,0.037809540522296015,0.05213719690956166,0.48259061040961304,-0.0028850948788087046,-0.028324882163959435,0.09067934037531264,0.47398540389492505,0.12218748028065465
2003-10-01,0.0,0.0013153618806816822,0.07433584693356778,0.5798871304933406,0.043505964308626265,0.046173157705425794,0.5109440664745526,-0.0022398672344405143,-0.012603632902299261,0.10168582525321875,0.5049177283510151,0.1290754188985157
2003-11-01,0.0,0.001348139958535518,0.07617340049654658,0.6934461101467857,0.05766528187497337,0.04901278899915306,0.5591845257793369,-0.0021739004798540943,0.012256250344253608,0.1277183881135654,0.5866344316503721,0.14969466582367363
2003-12-01,0.0,0.00272787970412471,0.07826821764688555,0.7869180513447047,0.07692084042749989,0.04978028305836607,0.5995668225499861,-0.0012526270990736827,0.03742263403220092,0.15195861063942,0.6723114948881479,0.16499595190841732
2004-01-01,0.0,0.0012660662994185435,0.07322138837471454,0.7528620138933686,0.06459274451645486,0.045147015196116934,0.576234779240627,-0.0005058820475365804,0.01800007639212847,0.13199543672400277,0.5929909817687452,0.14772349609948898
2004-02-01,0.0,0.0015663804294231225,0.07116792411165387,0.7219398153089549,0.06015105552534418,0.03961919924680313,0.5635234877699884,-0.0003327154992434779,0.0020297277950163924,0.12000556821817412,0.5432238219093847,0.13322380595739244
2004-03-01,0.0,0.00282563177455246,0.06993316728006413,0.6901739172420924,0.06531344018500963,0.03896678013964004,0.5767914293435612,-0.000260580234860757,0.01172524933841063,0.12387907947905318,0.5836342869991825,0.13277524311769992
2004-04-01,0.0,0.0016310052972815848,0.06565327565001874,0.5984543521658983,0.060707995091511535,0.0352757676675117,0.5560872438792671,-0.00012029525618257121,0.0016416324089893659,0.10840531246644955,0.54272341151935,0.1221033295330888
2004-05-01,0.0,0.0014446081532554652,0.06331621748990207,0.6092604111302931,0.06440803162437489,0.034770703002755476,0.5789955657195376,-0.00011596909266785901,0.012788029402502381,0.1170427598748425,0.5872709344292998,0.1282560686416267
2004-06-01,0.0,-0.0014669056344424336,0.05832778900576036,0.5596306165018657,0.051714055756677355,0.03310002715609089,0.5539509212637512,9.496157236276465e-05,-0.0037485830099785737,0.10066526417691792,0.5039110057390864,0.1196011206799413
2004-07-01,0.0,0.0016987788430984619,0.056578710566140486,0.589069818743265,0.04982380606494759,0.03393313774530178,0.5669497296360982,8.36753349036072e-05,-0.0007697519424534399,0.10201428945200985,0.5016403714753979,0.11901344970278241
2004-08-01,0.0,0.008672220246614026,0.0563807083504773,0.5918298392007199,0.048794577476626994,0.03578752529912814,0.5649747706808457,9.274538463341458e-05,-0.003614447661287725,0.10226572701016026,0.4973942783623233,0.11951253340174284
2004-09-01,0.0,0.008107699062963311,0.05298539003043942,0.5460411477122946,0.03554780548305861,0.03654418820168137,0.5430719239362172,0.00036172738335879116,-0.019399501215498056,0.08664935200494886,0.43157639279126503,0.11022020346796438
2004-10-01,0.0,0.018129930513277638,0.051219343384829585,0.5347142087186332,0.029169021525970673,0.03840676484235627,0.5335822718236383,0.0002863746704936979,-0.029073397133227423,0.07952521803277621,0.3733469705990271,0.10143637530037888
2004-11-01,0.0,0.0010670079753290333,0.04843736467523739,0.46434026802455997,0.028586347560287245,0.04110058118704586,0.5160192296246482,0.0005636982570226336,-0.03519450554941598,0.07339419846985676,0.32367926882019415,0.09409701787978071
2004-12-01,0.0,-0.024440206877083474,0.048714641362015546,0.44906366311744905,0.031120005451567075,0.04680790810826477,0.5189326635109974,0.0008603047250930781,-0.0295596303513489,0.07812754841554168,0.31447447650544036,0.09447822115716689
2005-01-01,0.0,7.271162384939164,0.047779363699976984,0.4666183207908508,0.03491900702278361,0.05687604306429423,0.5310932262461743,0.0002108725018848401,-0.029663867045970488,0.08749170977826341,0.32540710859972555,0.09607738354890434
2005-02-01,0.0,0.022003834956068287,0.0450555471432779,0.4226192828032249,0.030149952913240602,0.06213275169449749,0.5364148377146185,-0.00017212295258926856,-0.038028807022486774,0.08746908251053248,0.31948694328224114,0.09706762794996479
2005-03-01,0.0,0.0003120291062074252,0.045233718039234434,0.40626094730963225,0.027301228935283514,0.06914379899141154,0.5448548001033924,-0.00022665413498862213,-0.044346103973078796,0.08330128143099294,0.32864406718758077,0.10088559131616
2005-04-01,0.0,-0.013563404384989326,0.04370323408369094,0.3555446146478022,0.015123446335327757,0.07228116566734875,0.5246310922010164,-0.0005195646494591589,-0.06500369654363645,0.06807926573525858,0.2800310999947251,0.09232360553797778
2005-05-01,0.0,0.0125775225222968,0.04222630725058529,0.3507623768964397,0.012246550837613656,0.07500376618655492,0.5278852739260746,-0.0005875091539017983,-0.0745386722414827,0.06167480104070653,0.25944795398958864,0.0939145756315203
2005-06-01,0.0,0.0037484949116786863,0.03988398281871948,0.33218979164564916,0.00620936562567536,0.07562759237914439,0.511724853343537,-0.0007944039179849165,-0.08822622074100722,0.051050492971612474,0.2200393463969423,0.09630071795550366
2005-07-01,0.0,0.0010824257437535912,0.04124354064633889,0.41143180991696093,0.020000326246470284,0.07869911113532008,0.5497039626257654,-0.0006900258325913256,-0.07050886272894133,0.06622819420238221,0.27895595967925646,0.11765551031589797
2005-08-01,0.0,0.0006383120563362122,0.03929874167537298,0.4199958149917187,0.01791354277900327,0.08112941212392148,0.5394365176009877,-0.0006332610778474812,-0.07968271503463648,0.06295776585829924,0.2472927808325456,0.12523748467489373
2005-09-01,0.0,0.0004595396887905588,0.03988219514186847,0.4447107920095621,0.02046862162306628,0.08068873675025692,0.54401652241837,-0.0006765993405175178,-0.07984042020692675,0.06320753922354855,0.24483171798021813,0.13751168622437676
2005-10-01,0.0,0.0012403716307142526,0.04142219743351282,0.4753924394943651,0.025608614786397504,0.08312557654147812,0.5490576140970467,-0.0006310915607272313,-0.08038135228370091,0.06714073600788567,0.2735178232978315,0.1523518517505046
2005-11-01,0.0,-0.0013222868082580204,0.04483672182465854,0.5382781043787258,0.0421132634688485,0.08376343149523865,0.5701899481114249,-0.000587927833556146,-0.06272960449324756,0.08254546801718228,0.33311120154459406,0.17057575355206367
2005-12-01,0.0,-0.003574412770961129,0.04570281668939698,0.544127947953428,0.04921445817803648,0.08286378055410881,0.5690992071679535,-0.0008799533136199349,-0.057888930004722075,0.08953403489606768,0.3506096701012787,0.1802464288549721
2006-01-01,0.0,-0.005892539416306666,0.04647465665317482,0.5708301300979555,0.056233962287507086,0.08308709547327593,0.574595961851133,-0.0010134401126112402,-0.05380823803088663,0.09704835319912128,0.36762518540377587,0.18792741076396208
2006-02-01,0.0,-0.004797867685157787,0.04672461939079529,0.560150501354603,0.06192468992303039,0.08101750746045634,0.5741287658457376,-0.0006664811662311156,-0.05308590841266131,0.0980083207474436,0.36270787162883183,0.19461043633252156
2006-03-01,0.0,-0.0028814024419592885,0.04677954917152738,0.5262365027191316,0.0725357368499776,0.07593833682233567,0.5753074702502409,-0.000602579545596634,-0.04687381431839402,0.10211053669821317,0.3936406118041408,0.20518074628845076
2006-04-01,0.0,-0.0028960315178382847,0.04254534031126113,0.4704744880407401,0.06574074512143777,0.07236238700073332,0.5510506483933553,-0.0008585590982932516,-0.06846797873892324,0.08641856084102581,0.3118122639713252,0.19372576804980873
2006-05-01,0.0,-0.002518238590818803,0.042986972369891435,0.48210304355707917,0.07045320768436417,0.07440494060094285,0.5417791812740669,-0.001399628944049348,-0.07054920246303772,0.0838657941051457,0.31037473863893156,0.1960591523037567
2006-06-01,0.0,-0.0003998802009879936,0.043420497841171045,0.505036045842829,0.07869712075178535,0.07827377490306531,0.5482620779286407,-0.0025721880661848844,-0.0685071780789725,0.08621313165305214,0.3263552019634718,0.20163008909334956
2006-07-01,0.0,0.0013039468950924922,0.04245803436622081,0.5491981358808995,0.08724115181953607,0.08048630824290841,0.5578133904685776,-0.002845180978381071,-0.05845481493455164,0.08935091670085749,0.34771944865050297,0.2068476356743292
2006-08-01,0.0,0.002015392280318642,0.03943351832540175,0.4757231737899445,0.07782644842473986,0.0770488699266416,0.5226642984923673,-0.003494367627900152,-0.07387346490563698,0.07119443079952119,0.2660008011361906,0.1951832300723491
2006-09-01,0.0,0.0042074133879974615,0.03946391893708929,0.44696266565604237,0.07606966388870681,0.07703367282063195,0.5120880849088013,-0.003774445758189201,-0.07702809058803617,0.06612366442887713,0.2519909450458139,0.19135882954011088
2006-10-01,0.0,0.0029514966684943906,0.03777389496926463,0.3857570528133106,0.07381991368452753,0.07263695913376364,0.49789035263114745,-0.004637579949364866,-0.07613883668146093,0.06385772593401913,0.24135876121222682,0.18885260368074253
2006-11-01,0.0,0.0030597671024093134,0.040827063147552536,0.3804769887015708,0.08635103864262311,0.07425290168600895,0.5136356955961087,-0.004690065162757081,-0.059103607196380234,0.07438200541812581,0.27968004979827304,0.20095187529801947
2006-12-01,0.0,0.0033225208521887014,0.04410605008725538,0.4371706562468587,0.10109154568910843,0.08113649700001363,0.5450347203432102,-0.004838319875980776,-0.03330759231869204,0.09597010369093452,0.349094810606965,0.2162678856560118
2007-01-01,0.0,0.003359267297056525,0.04444137413301836,0.45295865893504095,0.10634872498827294,0.08277770686256423,0.5685208103278498,-0.005058080887633663,-0.024197968593594618,0.10427265179880152,0.36183990829343915,0.2244583611012661
2007-02-01,0.0,0.005368514926981951,0.04682764255564274,0.47291122441279876,0.10898043281233302,0.08347662985955154,0.5815549084836531,-0.005265046350578255,-0.019377265874406288,0.10322960729972536,0.36516528009947147,0.2335645145790351
2007-03-01,0.0,0.008419911053767833,0.04791357036904326,0.49256778404459656,0.11098595491353022,0.0802128622126049,0.5967552858872521,-0.005108232153809389,-0.01739911275284409,0.10468451124790104,0.38079035518304344,0.2373088979747317
2007-04-01,0.0,0.009447058731669164,0.04722496978389826,0.49567470043124995,0.10103791390832288,0.07877666352670942,0.5788370041839254,-0.004831561593284216,-0.03442110822364482,0.08730000409960822,0.3133786302670739,0.22456439553833762
2007-05-01,0.0,0.012032195512501223,0.04854999054347836,0.5427983177830401,0.09843273427776236,0.07282250130807588,0.5754845524711021,-0.004395255853328892,-0.040292067957981154,0.07836197764792091,0.28349554803345306,0.2215069565883289
2007-06-01,0.0,0.01399204275514104,0.05019016631365633,0.5595342578551392,0.09817883141886158,0.06777569973118525,0.5709352214381304,-0.0035146429657948643,-0.03889113918992945,0.07462186976138097,0.27011794248508203,0.2233346245916028
2007-07-01,0.0,0.012059225584756288,0.05416935744072685,0.6115744782204466,0.1046239580984544,0.06829731227835913,0.5800841490176651,-0.002358371371354485,-0.026956791182702042,0.07710871955466517,0.28576445587401844,0.23305062180197414
2007-08-01,0.0,0.00998490014070344,0.05596818415662818,0.6355922303662515,0.10627094302159198,0.06783594036810343,0.5843692274966876,-0.0016030833907628651,-0.021656634321743237,0.07276778917941526,0.28753097805799355,0.23899476171803724
2007-09-01,0.0,0.0071512481603146945,0.05883508451079854,0.6826985131311157,0.1083064083275943,0.07494559956584194,0.5964865417385915,-0.0009618540532617992,-0.013158097836170177,0.07468968234482115,0.3008163016561897,0.24781904596238502
2007-10-01,0.0,0.005647820836630716,0.06351033511082152,0.7146929213599484,0.11884280153051674,0.07942588217591998,0.6224741719012519,-0.0006447922784857956,0.013289320054429957,0.08855383724606308,0.37522454177415854,0.2633799699369289
2007-11-01,0.0,0.0046442812902221485,0.06638916199113061,0.7757211753973765,0.12720905033256819,0.0888224833154936,0.6485359921371168,-0.0005013412811547451,0.03301226408922614,0.10015329949860838,0.4371906671903487,0.2760172813220785
2007-12-01,0.0,0.004294776531450202,0.06930004901169726,0.8283743248342781,0.1456737386519295,0.09719131680027439,0.6814141122977138,-0.0007857653070732699,0.06911143003033188,0.1265613659358342,0.5543051978018496,0.29530912915560975
2008-01-01,0.0,0.004208940431725023,0.07221159063134842,0.9044848030614778,0.17391934804168885,0.10728877102735321,0.7371249632451728,-0.0013494179155977993,0.11659999345190737,0.16367610734977356,0.7173047081405332,0.3240191264089458
2008-02-01,0.0,0.004524551158536229,0.07269205909340054,0.9690903046436088,0.18589738958436675,0.11363061574112668,0.7512563883912955,-0.0015364444038723018,0.13571140076575205,0.1728883162673538,0.7955498994762591,0.3356872277854691
2008-03-01,0.0,0.004239349996208544,0.07420199180350498,0.9733973084921345,0.19290679739125927,0.11431243671753852,0.7482548420149391,-0.0017588317291110044,0.1424090940472515,0.16745790078281655,0.8283125512644718,0.3378350578583925
2008-04-01,0.0,0.003882375728275742,0.07566200468433727,0.984211326587423,0.1958905299913577,0.11456497932449908,0.7424465971739986,-0.0023320363820580935,0.1473891851410389,0.16110864975167577,0.8557155912771205,0.33524958203585625
2008-05-01,0.0,0.003956817609384114,0.07837882969473958,0.9714767615932608,0.20750611658043244,0.11988835684627913,0.7423117025679609,-0.0022940290120866532,0.1647320155867827,0.16732662948081078,0.9194730720031332,0.33747318847790864
2008-06-01,0.0,0.003867639690239979,0.07829694040145216,0.8960710606063244,0.20831831963319952,0.114344214050625,0.7212475018469207,-0.001286397655508947,0.16855098110374095,0.1565876190278666,0.9209442464917896,0.3346877277427862
2008-07-01,0.0,0.002871897059409604,0.07593099454782012,0.7202886321341804,0.1933165582686618,0.11097936467427696,0.6750146528500858,-0.0006933060041957015,0.14783158670825308,0.12792236459131845,0.810056494916459,0.31711521923688873
2008-08-01,0.0,0.002741998896710422,0.07092650726089816,0.5372470112480705,0.17240307335004834,0.10965605006965481,0.6182669928222867,-0.0005329402518706751,0.12039257942514778,0.09965036814881717,0.7051115487484723,0.29296152481664883
2008-09-01,0.0,0.002392345842508069,0.06755239330639537,0.384747864005747,0.15477914765671658,0.10745593288947884,0.571491140686383,-0.0005565643035870898,0.09660720730848923,0.07527696977314452,0.5961218209725809,0.27093486479245926
2008-10-01,0.0,0.0026973901963365547,0.06747476062670182,0.3325914823239451,0.15067850419050538,0.10903789551291336,0.5545931447201594,-0.0007361279443880333,0.0953248978720059,0.07278853177852775,0.5744931482198268,0.26476082126238154
2008-11-01,0.0,0.0031230630753564413,0.06693295837435972,0.2791639711978129,0.14307376781138237,0.10812740219451256,0.5362059047855038,-0.0003912971272758953,0.08509398902124099,0.06733808846638611,0.5231624470908796,0.25270765073539436
2008-12-01,0.0,0.00377087304030275,0.06557769212855932,0.2189962621838915,0.1355122220397575,0.10419289387776702,0.5222754108733256,-0.00012976432755460073,0.07735109513711812,0.06113349441015058,0.48269854790809497,0.24422027963331144
2009-01-01,0.0,0.004965276681047518,0.0657650469973785,0.20317297900301187,0.13001195194079085,0.10391969156122091,0.5120706739389574,1.6441378065140426e-05,0.06864080965940926,0.06270174002721676,0.46414109540473336,0.2395941135555751
2009-02-01,0.0,0.007180016545632396,0.06750134678315495,0.2882565462533663,0.14066421391926207,0.1070010988177498,0.5537559991271142,-0.00011689654516031586,0.08901101386731844,0.09163308735112435,0.5625185829910728,0.2558494220104775
2009-03-01,0.0,0.00822472357273448,0.06809313216384083,0.3481557508730385,0.1483145911320595,0.10978682270250663,0.5838633200511881,7.310616655202136e-06,0.10349117928473066,0.10680737679664153,0.6307710844465146,0.26324398155338824
2009-04-01,0.0,0.007504370858787285,0.06337401039630372,0.3313905208479213,0.13684020196237706,0.10940105724644944,0.5688279508200876,1.891604483935393e-05,0.08865812917714724,0.09549036744742562,0.5787087382032148,0.25226051936746946
2009-05-01,0.0,0.007113825151840109,0.058381760992148354,0.28255365471692695,0.1139818759720872,0.10575307338268292,0.5287660401941909,4.2354530211346685e-05,0.0528195419794935,0.07163173361383084,0.46790808732060996,0.22638559924456067
2009-06-01,0.0,0.006638717582691266,0.05588263971109837,0.33180825229360894,0.10734988803833212,0.10604208000192261,0.5357937937157438,-2.6752944149033244e-05,0.04482917607049214,0.07061918871463668,0.44687699244945056,0.2213392760263908
2009-07-01,0.0,0.006757381103509373,0.05320058569373847,0.3867962495199586,0.100103072288999,0.10762595016274648,0.5291874476059504,-3.922592707457209e-05,0.042727027524580886,0.06984393184636546,0.43700051303622367,0.21842693161634213
2009-08-01,0.0,0.008220422103098163,0.04973975749046553,0.3928310381603213,0.09252401414641971,0.10181813919908579,0.5259962650026375,-0.00026231211362309846,0.03606522861492074,0.0692621489004858,0.4140781375790306,0.2107560579423279
2009-09-01,0.0,0.008537011451135517,0.046817532993987464,0.37896829371930396,0.08654203238291155,0.09505604913957787,0.5086720902221802,-0.00039035923235584567,0.02785514970280684,0.0652579722457928,0.389049731142124,0.20878680482277157
2009-10-01,0.0,0.008129198524520594,0.04435665869039332,0.38437406478006475,0.0850954175567626,0.09253878292304504,0.5022661447884812,-0.0011111687395491416,0.030035263303937177,0.06555314770234993,0.3924617221248261,0.2086581795395992
2009-11-01,0.0,0.009180196193427095,0.0440862847415973,0.4622360856859545,0.10003665053768927,0.09486813525272708,0.5323627440742644,-0.0019969583351671224,0.05183679446114544,0.08808064282664452,0.4700128578110231,0.22419449319366022
2009-12-01,0.0,0.00946860363712992,0.04332924067291567,0.5279715439911583,0.11230782199619688,0.09705864397335576,0.551146215815323,-0.0024905622158636898,0.07336624559364029,0.10786846795745417,0.5455841087128195,0.2342765014022563
2010-01-01,0.0,0.009874056488167233,0.04259258789783484,0.5944806775498124,0.12779272678928572,0.09974373879493575,0.5906593399356075,-0.0023043322616693477,0.09630556430699955,0.13318416512751324,0.6298377749564272,0.24580771342724952
2010-02-01,0.0,0.005962316140751989,0.039953216500203254,0.5480901683939381,0.12078730148274439,0.0969075702650398,0.5586307762775207,-0.001585108305905868,0.08424988649108463,0.11865499678492433,0.5918279838512246,0.23029844353518522
2010-03-01,0.0,0.0030310772652811374,0.03931172957999338,0.5213133178618903,0.11913168782711231,0.09314044703813229,0.5470308252292653,-0.0010738180003537555,0.08167097711767896,0.11283841694235822,0.5766243223499965,0.22142548627436787
2010-04-01,0.0,0.003420200164244632,0.04144938283126412,0.5340896645625598,0.12890511915008762,0.09508893370005211,0.5544456705807552,-0.0004239320202555025,0.09588069964255166,0.121963413372385,0.6233139397761439,0.22420200600679063
2010-05-01,0.0,0.0023248247173850707,0.04268705008012334,0.5424464214438174,0.129048741151584,0.09607469266336599,0.5405649609806572,-0.00016379722638500767,0.08832931722708176,0.11457076994599819,0.5931777417079043,0.2186529499602376
2010-06-01,0.0,0.0019391184642636788,0.038585546990522336,0.5011627440793004,0.11275096365936786,0.09169121557860162,0.4952540420873929,5.436581982064146e-05,0.0595783675196443,0.08544335748952789,0.4762000271364656,0.1984462854554836
2010-07-01,0.0,0.0006154913494027189,0.038102406934236485,0.5291080496575326,0.10973803931782143,0.09378106538059416,0.483317784407861,5.992549910775611e-05,0.05533898589401742,0.07849283059963613,0.43475155740154975,0.19207788848539004
2010-08-01,0.0,0.0025807378949220063,0.036428765132996005,0.5814198131366468,0.11249855673378709,0.09505466726200658,0.4792012627783116,-7.699323748987922e-05,0.05220555208689509,0.08095853503925045,0.4082542985773055,0.18669263615926998
2010-09-01,0.0,0.0022149024037593887,0.037155840486798764,0.6545542763987815,0.11992639766208053,0.09747474876908113,0.4876235633595003,-9.440554163332908e-05,0.054389895296000634,0.08751820061386462,0.4230421393900602,0.1876237477286623
2010-10-01,0.0,0.0002004074279345524,0.03666191442301179,0.668126952940358,0.12216205798244206,0.09883449158300776,0.4865610566728501,-0.00017293104808640603,0.050613764872429204,0.09269595054169719,0.41104014198193606,0.18149915716994228
2010-11-01,0.0,-0.0014133803153996754,0.03843415880660611,0.712577032464198,0.12464397038089826,0.10190191912419447,0.487445538188693,-0.00014054830832110093,0.052968416028630075,0.09780194482746664,0.41196971721548825,0.18389180161967905
2010-12-01,0.0,-0.0026422043107726416,0.04230030559402015,0.8421350156880505,0.14431681866083437,0.1077945916237285,0.519580906673105,-0.000441175144228694,0.076675397045473,0.121859841031696,0.4834612421321906,0.19711927102722837
2011-01-01,0.0,-0.002061100769502899,0.04885402216915451,1.0195122007426893,0.1808332814544653,0.1192957354683918,0.5928979576297158,-0.0005652862133758974,0.12988740124355602,0.17411939045318606,0.6600231346435854,0.23013429067420219
2011-02-01,0.0,-0.0030237887357774823,0.050287620909076264,1.046250920510202,0.17990078319592012,0.12389252800491332,0.5892284084582046,-0.0007967325514881194,0.12930505325743497,0.17510327791912633,0.6609352548970182,0.2279207048883186
2011-03-01,0.0,-0.00283559852173052,0.04924419533114513,1.0364542258983065,0.17448303231987017,0.12373784069398629,0.5765654496858081,-0.001018065714122864,0.12268196557949189,0.16949045976742605,0.626087263901457,0.21717190566556924
2011-04-01,0.0,-0.002943158164811252,0.0497131215862051,1.0386500150728895,0.17344331330123955,0.1255243272965808,0.5610353713719858,-0.0005234897087301071,0.11861307698660128,0.1649418214366934,0.6349670315359037,0.20984086457195855
2011-05-01,0.0,-0.0018469290567439344,0.0472623673232391,1.0336769199126672,0.16559909450825308,0.12236862944771085,0.5262515509810299,-0.0003060876932912322,0.10222452314801433,0.14770520795712097,0.5942929517975755,0.19845541472874617
2011-06-01,0.0,-0.0024970440752723694,0.042961921833044994,0.953961533143499,0.14771771360414904,0.12125735215944658,0.47018596011469127,-0.00036935049614849496,0.07243115073909549,0.1250107549023605,0.4946933289126385,0.174682853856109
2011-07-01,0.0,-0.0001286233552088701,0.04080392653036655,0.9315519106187948,0.14228309556479107,0.11993263820660191,0.45397030057370136,-0.0002946129408946476,0.06781567014672532,0.11870314928990128,0.4660071888770728,0.16748474438158534
2011-08-01,0.0,0.002519480558600733,0.0392338842444192,0.9581796029075021,0.14237831894453523,0.12031464070945493,0.4378436891211881,-0.0006818166907719865,0.06405441902652992,0.12322436082315216,0.4599299595049887,0.16464442037072696
2011-09-01,0.0,0.0013245185808076283,0.03363969093123429,0.8926104536736691,0.1251191458707992,0.11234422445688767,0.38537767652326393,-0.0006225754544510782,0.0368903578663554,0.10673262418622068,0.3551571722272066,0.14607895764011397
2011-10-01,0.0,0.0009788076315193784,0.03135801833153645,0.911363922983701,0.12366609525601685,0.10855667157176521,0.37645806629362794,-0.0006385326916392051,0.03749494080870943,0.11574027852149799,0.3271706429288953,0.1446416411562787
2011-11-01,0.0,0.00036004472133326657,0.0302114198247697,0.8904477174273613,0.12334595606715369,0.10745756214074467,0.35808359918159793,-0.0007845001142661906,0.037163677820200094,0.12278400504638592,0.319158785032361,0.14479432051431446
2011-12-01,0.0,0.00011438555908350463,0.030869984835248873,0.9227370509998469,0.13597506185750585,0.11164686866846797,0.37199089419521886,-0.0005394910623706033,0.05929551854068462,0.14977416085017137,0.38215609616692403,0.1597797412990405
2012-01-01,0.0,0.0033969456292581076,0.0316532555841801,0.9521354713418937,0.14714150956016836,0.1151485031359023,0.3865446610163642,-0.00021141738269761742,0.07820372991124121,0.17729620812007454,0.43047372316450067,0.17283662178686393
2012-02-01,0.0,0.002672590249665042,0.02981482681539258,0.9287457812377655,0.14034044010796137,0.11772585779418397,0.36874892441779694,-0.00017846289929704487,0.07072854778583154,0.17906591642205222,0.38833340646894954,0.16694248370998538
2012-03-01,0.0,-0.0009290969717128109,0.027966605543276648,0.845710925508024,0.12909719589104562,0.11019765157029748,0.3350609738712118,9.26494610238375e-05,0.058912899280189515,0.1719035018426912,0.35591523971440653,0.15850685675061532
2012-04-01,0.0,0.004498133771759959,0.02676324690099157,0.7977597997203307,0.12402008570841641,0.10630968767767751,0.3171610977181399,5.4432506360240775e-05,0.06018262480953575,0.17620435267742113,0.36223605150206084,0.15854227197280615
2012-05-01,0.0,-0.0019447343884190084,0.026035847638775554,0.757932603093678,0.1200478694134287,0.10454835129053813,0.28927202865164386,-0.0001198644772942543,0.05674394349748306,0.17355112560742958,0.3487157179728477,0.15264204689145025
2012-06-01,0.0,0.012326590996823546,0.023601840806135293,0.7120085087262606,0.10554905512139562,0.09715166503649665,0.2447583126842831,5.8448427347568594e-05,0.04098363516986249,0.1543331169190338,0.2887420933691504,0.14021883720482115
2012-07-01,0.0,0.004136219992968874,0.023822430453247723,0.7305059611512437,0.10578156539486008,0.08917049305001351,0.23649513730350033,3.42513923523535e-05,0.046206252513954896,0.16038138554611786,0.30415255803045027,0.14282326277092572
2012-08-01,0.0,0.020996505813691564,0.02331084131213318,0.7271617172695173,0.10389052940264037,0.08295669837865222,0.23067134217025012,-3.0573990357662715e-06,0.046088758275943824,0.16094165275113503,0.3009997134821345,0.1427403742271024
2012-09-01,0.0,0.02115393566892446,0.020009859712488087,0.6599197080137814,0.08926462541646811,0.07659344071071567,0.18255538944792732,4.5101034161991995e-05,0.02406512216112673,0.13373900764677094,0.2275666782108482,0.12425786465425262
2012-10-01,0.0,0.01279382688241214,0.020006771971067316,0.662181375107953,0.08273478476913322,0.06976560131643958,0.1689356700210174,6.562770716667675e-05,0.01691244877588892,0.1248491080182863,0.22433123212405284,0.11868852801498525
2012-11-01,0.0,0.009881467535965242,0.020733136429271437,0.6618719381511887,0.08012403594430134,0.06665064104049004,0.15101323463707994,-3.7847608469698936e-06,0.014501996238524044,0.12192549530482566,0.222218379170208,0.11600378059646314
2012-12-01,0.0,0.011997349604733103,0.023944261429789823,0.7383552791671006,0.09365186766322164,0.06614293189913284,0.16332581539249325,-7.701167013396393e-05,0.03397232679277445,0.13954373235401782,0.29964968599057457,0.12726152176555744
2013-01-01,0.0,0.012001768970728233,0.028644233984056994,0.8240145433562847,0.11742623345171868,0.0674716052413739,0.20109875873986777,-3.394133255573681e-05,0.06868757879326606,0.16779891154809337,0.42144261391415916,0.14676002699856422
2013-02-01,0.0,0.01005537354284464,0.029586725071067476,0.8163228959083716,0.11869420813771862,0.06292762767664153,0.18540473846701666,1.3205424469017182e-05,0.06700345922169042,0.167071068841334,0.41456682210168855,0.14632266408349526
2013-03-01,0.0,0.010051652091579412,0.025958729848891075,0.7304429305746124,0.09881955847560076,0.0561272651115302,0.13936616566525037,9.756817001973286e-05,0.03783266426064481,0.13498885743091438,0.31585179952440845,0.12602985786450133
2013-04-01,0.0,0.006080158257841204,0.026297000648230973,0.660285666185248,0.09595475473579942,0.051942811819571756,0.10731561698819436,0.00011024617015449057,0.037559597551875365,0.1257121207024424,0.3161793065351467,0.12438931065750272
2013-05-01,0.0,0.006104365838901803,0.026526908510598343,0.6078306669878127,0.09352611907049427,0.05284752509991461,0.08455641806642043,0.0006206301651715815,0.028736619709659766,0.11118061659779525,0.28723915101636943,0.12182349284663394
2013-06-01,0.0,0.005370612925388325,0.025973251551764533,0.5396528483568039,0.08818175842989351,0.04942048365206533,0.054046139070228226,0.0003206478151234764,0.016865758913301485,0.0967916269212166,0.24623092828095355,0.11708656489372311
2013-07-01,0.0,0.004862149753969731,0.023282700429970667,0.5078137723595788,0.08307535355763486,0.04907842555716505,0.03543486324158763,0.0007429001191693902,0.009979292703946856,0.08751139874939975,0.21501534880877976,0.110990116784934
2013-08-01,0.0,0.00452757720984155,0.02308750879604149,0.5086892201361419,0.08711961855537412,0.051369625713336475,0.030267081753220137,0.0016696755441334634,0.010824717811854713,0.0871355552252444,0.20868586019332447,0.11390657361213696
2013-09-01,0.0,0.003936596031315822,0.020775193337383493,0.48701786582097195,0.08697827203327216,0.05081190596480202,0.006969899800543974,0.0003101664706068419,0.0020915561727858018,0.08293559483301738,0.18283697987505657,0.11331024426832034
2013-10-01,0.0,0.0033849958250067374,0.019469920756008088,0.4985266267523223,0.08974368484094589,0.045077110910549674,0.0065261466333271685,0.00019637182376291794,0.005391955190413867,0.0859337446435414,0.1979764921913063,0.1171026810557843
2013-11-01,0.0,0.0022170110200974164,0.01810817379643747,0.5203971582009912,0.09599752200956499,0.04146007127282915,0.003320227976296518,6.826898290665887e-06,0.010115020459397958,0.09135425578182813,0.21509515085164177,0.1202043729596922
2013-12-01,0.0,-0.0003865464222906292,0.018098062085390977,0.5241728774845407,0.10384206861033449,0.03878456836911587,0.009713989531619609,5.766702648406292e-05,0.025424774211867618,0.10642606195055691,0.26016907771566217,0.12687313819028978
2014-01-01,0.0,-0.002624808795655355,0.020023085545048936,0.5626811044297834,0.12194516462830238,0.03829452820072917,0.03360924656264801,5.5567756886428876e-05,0.05358151689749509,0.13267101298272246,0.338595532425865,0.14055728046599614
2014-02-01,0.0,-0.0021789687234824093,0.020409362139888407,0.5386877125067935,0.12449889957865493,0.03407445067599965,0.027684219771405782,6.544456089984357e-05,0.057286478546001794,0.13153143626861757,0.3564072920524265,0.14425595187077128
2014-03-01,0.0,-0.008260762825259907,0.017928016890015802,0.4306808104226134,0.10661226471761182,0.02769722366831487,-0.023561255902899283,0.00017344156886373182,0.032249733301202524,0.10187840655938205,0.27100366646418994,0.1261559693831929
2014-04-01,0.0,-0.008337645210541342,0.016282536667735124,0.3873091750507211,0.10294035571034746,0.022475453872039038,-0.04056821950808784,-0.00015447234014159388,0.02924851372354584,0.08952216187834997,0.2762251998261135,0.11920219061502943
2014-05-01,0.0,-0.014265758807870694,0.014149124889236211,0.3375092019685285,0.10301578527706498,0.021092698685198363,-0.06639903718441603,-0.0009067624770501346,0.025410376784739706,0.08035332239324502,0.26954248354804067,0.11203519811948404
2014-06-01,0.0,-0.00858829577522725,0.011816139966134516,0.2712920086765175,0.09382102860573802,0.017348197502006685,-0.09187597163050011,-0.0018638014789621802,0.013183877312920343,0.06745766269896161,0.24838380921502573,0.09961191826494598
2014-07-01,0.0,-0.00026817583991397827,0.01099666093049062,0.24280200142601083,0.09776460924236435,0.022203557057244683,-0.0952060998020233,-0.0018467542206406203,0.014142862657552085,0.06811341068092999,0.27876145752330406,0.0970080201967478
2014-08-01,0.0,0.03161037109643952,0.009358363575485442,0.23237183751936713,0.09997915441741784,0.022026765221239815,-0.10819302686141194,-0.0023519907438503546,0.016916268397224037,0.06837008235874786,0.28017642329559517,0.08971547287636993
2014-09-01,0.0,-0.0009442581466824685,0.009108456703667847,0.20920866182778092,0.09840904923280996,0.02344615140599296,-0.11882317731835115,-0.0035874941791254077,0.006347366063443766,0.06878846701757597,0.28157596661511053,0.08330092211447064
2014-10-01,0.0,0.006375772988704054,0.0067382205149885506,0.17960495940524773,0.08958972142921426,0.023837802747225675,-0.1401107914151632,-0.0028929202787811013,-0.0074331138278628285,0.05898995636251153,0.2481373103749096,0.07075420618589809
2014-11-01,0.0,0.012798711258206946,0.005689833361845291,0.17365610144749616,0.091892561933645,0.023183377044798358,-0.14551516361011652,-0.0030422612422428175,-0.004467384475516287,0.0676441017654353,0.26301167820618154,0.06917963557541691
2014-12-01,0.0,-0.0012187536274457524,0.004129051123241915,0.19054049113108207,0.10199786078209785,0.024796650202955572,-0.12240306049154676,-0.0037931698432170542,0.01222759768132706,0.08334738995986501,0.30330916629282,0.07832647478574352
2015-01-01,0.0,230.5666252138363,0.005153651846267508,0.2235870706090886,0.11854681410188425,0.026298678008604807,-0.08565363607855397,-0.003845278630193633,0.03880461155761059,0.10766950317794993,0.3854290854005743,0.0910899672945008
2015-02-01,0.0,0.009205938575501458,0.006086889277755312,0.26256390048777845,0.11950940255682926,0.028310536303773354,-0.07243835545771499,-0.0037391108312069617,0.04649006555057584,0.11735038179069032,0.4001476754823289,0.09108709867999598
2015-03-01,0.0,-0.008557739141539298,0.0111192695812099,0.2793622015587147,0.1251093804830033,0.022986797145399335,-0.04185275858130434,-0.003987401789901077,0.05775358181889627,0.12845170934892486,0.43733042428925384,0.09640936003285072
2015-04-01,0.0,0.028342498311366093,0.012137503541271584,0.2580193165462015,0.11511605887074011,0.014388382449040438,-0.058230070326234895,-0.004412307702793532,0.04547542731654298,0.11956931467455048,0.39863327240539054,0.08196058862319847
2015-05-01,0.0,0.0014182475580783458,0.013154406614577228,0.21475535983341223,0.10096068247253154,0.006425999132888825,-0.07736715996184981,-0.004378116874742362,0.023432108041162747,0.09364882423776899,0.3299985232088731,0.06488897633179841
2015-06-01,0.0,-0.009510748353716975,0.015887743542558206,0.22568092247265192,0.09920061501814872,0.002821322150326543,-0.07560964955186071,-0.004031036688685761,0.02182052743275941,0.0915721341261135,0.3367201584717844,0.06158467044010319
2015-07-01,0.0,0.047984004957079204,0.020381316861955018,0.25284012981859216,0.10290542613541509,-0.0009857121242052356,-0.05046529730045668,-0.0038758431687358564,0.030699573674021464,0.09766899324591513,0.36408585959172735,0.06471596696819872
2015-08-01,0.0,0.011162375577662819,0.02308417904318247,0.2865647672659414,0.10336873317378559,-0.004115412033199518,-0.048868802177977,-0.003925047345216442,0.03079333300695521,0.09684991439742274,0.36684916876621654,0.06547154571085836
2015-09-01,0.0,0.003904876307877958,0.025784048749302072,0.31276615498503213,0.10027282142990993,-0.009081843163225422,-0.05477750216106404,-0.0039086982423255055,0.02573854168832057,0.09794482107831304,0.3582399946323006,0.0614026398146582
2015-10-01,0.0,0.007701562052112334,0.026268216910654653,0.31438668745666876,0.09670477205466238,-0.0073381456519245394,-0.05222241654611402,-0.0035066285381043314,0.02210226769304199,0.09210780012693318,0.35248440581076534,0.05990778601377942
2015-11-01,0.0,0.00885505546554454,0.02891140910547501,0.3182413984435086,0.10302225122099283,-0.00874901416325926,-0.03777588500170924,-0.0030327505812096063,0.03272830125848944,0.10074755737342002,0.37790056334754296,0.06440344482402302
2015-12-01,0.0,0.021511235472763904,0.03365820250324551,0.3774947812393945,0.1210693981373156,-0.004641029011625384,0.013073814562241888,-0.0028848245581396233,0.06440601223997738,0.13067861211645304,0.47254559459918877,0.08017053603504254
2016-01-01,0.0,0.02092350579890736,0.035693675162275604,0.41144066313595,0.13590577700748685,-0.0008820790875642491,0.052356231083447655,-0.0027794677805625576,0.08682701155316574,0.16039562011359113,0.5386670675893519,0.09424065320387251
2016-02-01,0.0,0.01805920715615029,0.03673172782744835,0.40677425545632645,0.13531168250174302,-0.0014329581130734495,0.06711581449968268,-0.002368349849625067,0.09092625197595319,0.1642938416357977,0.5367706802747958,0.09375245406154031
2016-03-01,0.0,0.0140933712584073,0.03469044033907781,0.38050750862305543,0.13370723656670147,1.2623627119654449e-05,0.07816524087033869,-0.0022541116974662875,0.08679191563636479,0.1619859615875135,0.5345181516802394,0.09047855358409002
2016-04-01,0.0,0.01149279264991992,0.03183274259992726,0.31574875637454536,0.11701468267100659,-1.715233116923387e-05,0.06280953891680413,-0.002235913579639091,0.06555873137101312,0.13579010156319993,0.4576992416213129,0.07170487273062219
2016-05-01,0.0,0.00870100038447208,0.03001433075834879,0.25768648385412196,0.10275822881668567,-0.0043597698936308086,0.03365883629312147,-0.001836831022457811,0.041207878110471774,0.10812383326405428,0.37199940118642916,0.050219424468328736
2016-06-01,0.0,0.007161948597889101,0.02811207093459383,0.2611442742986655,0.09410766736369736,-0.005601614657872027,0.033568872192638974,-0.0016172935470314868,0.02122238848073703,0.0871355357025859,0.31837494497239105,0.037353269251982596
2016-07-01,0.0,0.008722013130382683,0.028530697110836854,0.29009639871979676,0.09514153257110541,-0.006146420547086472,0.044049431605574806,-0.0017257701875844464,0.02426602742905566,0.08681771119749541,0.3330465269468058,0.031958665140688756
2016-08-01,0.0,0.011740654942917714,0.028269018581897558,0.3199569834645919,0.09226643966396339,-0.006930053617920358,0.04151155315543015,-0.0022023401140023637,0.017110729870748714,0.07934192148382153,0.3081760083798592,0.027755641034707394
2016-09-01,0.0,0.009717471066130884,0.02754263581121271,0.3331276367931911,0.08532582145934046,-0.006037983285286244,0.04636600010466809,-0.002897871089952966,0.006070028260803557,0.07321109157638217,0.2720278511066988,0.019507023404711124
2016-10-01,0.0,0.01282958116525467,0.028130096740455544,0.41067718419883337,0.08961175441261743,-0.0038764086434795227,0.06818058336109172,-0.0047615736114699735,0.00585738713879605,0.07401514098429178,0.29573607654134326,0.02048215140229717
2016-11-01,0.0,0.014892277480795057,0.029119990319674723,0.4825933687765094,0.0971404135179571,-0.0001729884690520281,0.09039746466437748,-0.007131779447286856,0.016553001546652978,0.08066964624072172,0.3284355158252025,0.026881632999910282
2016-12-01,0.0,0.015485824587954049,0.03238372130259364,0.5441893998740512,0.11337291290690402,-0.0001262248446485561,0.1319042145172461,-0.00929696500734982,0.037579052571427955,0.09929380110672739,0.4101039400217199,0.03737874950538966
2017-01-01,0.0,0.019804730541800233,0.03588605863019982,0.6560829620780304,0.1394445278064917,0.0028153883701660222,0.19636426480773483,-0.01231966821672233,0.078666371691481,0.1374395500961093,0.5417643529988314,0.06083447598336049
2017-02-01,0.0,0.018178414743304408,0.03588582970284285,0.6432428676080575,0.14012996107549894,-0.003440013508223481,0.18985081172170443,-0.014333875596566976,0.07503459656976816,0.13526143994895845,0.5400552340499509,0.05984530675994295
2017-03-01,0.0,0.016632746607723344,0.03464340765806774,0.5873393564422629,0.13663644964141813,-0.009870369224980207,0.1828553994551987,-0.01662572327615407,0.06778133069545757,0.1272406257896999,0.5268828176247403,0.05536291790340369
2017-04-01,0.0,0.014793827250400862,0.03126686958068606,0.4984640795154663,0.11999598922222193,-0.014472922191992968,0.15297692532377152,-0.019119387372026186,0.04244872343722537,0.10030962588484486,0.4614346442315313,0.040060350291383114
2017-05-01,0.0,0.011948512923728427,0.03049753579773458,0.4568750433852023,0.11682124735843542,-0.012829197530892306,0.14834000119914195,-0.021405484779858517,0.03267845118751516,0.08554713563307548,0.449356548648493,0.036602894104536876
2017-06-01,0.0,0.011791821875405745,0.02794202796590247,0.3682980478834462,0.10064181917468762,-0.01538149728020051,0.11710770762236025,-0.024342950875973803,0.009309997505279482,0.0616299869493675,0.3807603051290178,0.021866149017674148
2017-07-01,0.0,0.01075661478480422,0.026047842915403005,0.36361016975458715,0.10477098305001886,-0.012325089472162095,0.13311423955885604,-0.026934317345994295,0.021651663336205478,0.06686369803803122,0.4266190068350965,0.031242620404269342
2017-08-01,0.0,0.009251529601790922,0.024979821327423355,0.3417149151326797,0.10427441595224396,-0.015009147296128823,0.13682023864555293,-0.030199482578002472,0.01991166905482722,0.06433036886832777,0.41445761511096174,0.030136348451978802
2017-09-01,0.0,0.007261170583813356,0.022263556155235346,0.29253817994786957,0.09513593185780524,-0.01946279470485101,0.12444692832220108,-0.03344756456389802,0.006687086218750412,0.05377504883973936,0.35976879987271293,0.023282676062026657
2017-10-01,0.0,0.0056429641895857485,0.023177560863713108,0.31641432584187745,0.10603319650104398,-0.018889525697141325,0.15300108839860516,-0.03810737318202695,0.022490192014418386,0.06962103734223182,0.4253268591411318,0.03615404427866907
2017-11-01,0.0,0.00568715206977773,0.02306791097240756,0.3377508781321079,0.10971874519918023,-0.014142688091575917,0.1649059385833578,-0.04168799030396339,0.032812368252161245,0.08494129304515426,0.4701720882863222,0.04220614424558787
2017-12-01,0.0,0.006433639736414863,0.02663223016041211,0.40035057274466085,0.13207473893534488,-0.0008646238246291515,0.21394495607355832,-0.043908884832903186,0.06974566567702861,0.12139361643663213,0.582770581193278,0.06694566670786259
2018-01-01,0.0,0.008382418431313762,0.0293883346532335,0.45629478254102684,0.15238303001252193,0.005549788606998843,0.2624344236203431,-0.046194352812878856,0.10856666613344668,0.16191197578853667,0.6853451923013728,0.09106799536855356
2018-02-01,0.0,0.00761860628615308,0.030032159514589034,0.4674286912408894,0.15945924726062694,0.008635519817585056,0.27767782678894504,-0.04820455887121804,0.11911193008814659,0.17311187279745255,0.7044378566947149,0.09890799086937116
2018-03-01,0.0,0.005545376881266517,0.02786009587368954,0.4148467697917666,0.15443763969121713,0.01257838292127884,0.2675313387169803,-0.04941989254113004,0.1128748617155432,0.1676341149686439,0.6836574712466381,0.09704657544437885
2018-04-01,0.0,0.0057739319553214465,0.024822630710548972,0.336528616849049,0.14326565322747864,0.009726741708767774,0.23886868543522252,-0.05036131036313843,0.09845563930914958,0.1444248797103811,0.6335580525227169,0.08643604122493839
2018-05-01,0.0,0.004102817609527089,0.02032961877395184,0.24922818037551978,0.12303190696333885,0.008414680340530124,0.20497936734365899,-0.05160338587457103,0.0629142387879564,0.10772696563974721,0.5375061103470523,0.06858855974064845
2018-06-01,0.0,0.004398557137701446,0.015902967781569244,0.1826424304747053,0.10463080850402703,0.007564109843439877,0.16872727742704136,-0.052281100042703116,0.036652528901162884,0.08037868214738064,0.44465636248139484,0.055591439866598626
2018-07-01,0.0,0.005921538103553519,0.014558214587524288,0.188856916709252,0.10702345677582684,0.0044220589040967605,0.17072040393374083,-0.05213446269034117,0.042433686734926354,0.07922007463683961,0.454162880465688,0.05986800651712367
2018-08-01,0.0,0.005557470025948641,0.015309397775378864,0.1976328750795217,0.10762656854410475,0.003813082779135288,0.17210876169339456,-0.05210986623538133,0.040471682552979595,0.08046880191491261,0.44115915831224284,0.06439686661123786
2018-09-01,0.0,0.0049718280030601626,0.01442364782416448,0.14229991093185884,0.09777657823628766,-0.00016946640941538208,0.14733013242625836,-0.051071612587484494,0.02344897703049823,0.06658511801466718,0.3721306076585972,0.05822670674076087
2018-10-01,0.0,0.0061408191979742234,0.01474277834954028,0.1285412164813186,0.0965804384127244,-0.00362882899481504,0.14644351656749183,-0.04961759302444599,0.020018113917536245,0.06575055579819525,0.3755687823836068,0.05963937834006101
2018-11-01,0.0,0.007168637363775595,0.015458418063472307,0.11583150274489407,0.100058500488999,-0.002069525215920527,0.15167162887854796,-0.04991163408240512,0.023699529683346696,0.06644429360775429,0.3968073611956653,0.06613427688743317
2018-12-01,0.0,0.006276888233657564,0.016020713759051237,0.10940428919284415,0.10486721041185827,0.00180857583770727,0.1621546237047402,-0.04929013659813693,0.03465094705424565,0.07671364640410319,0.42769487239829895,0.07697730445147183
2019-01-01,0.0,0.008982533540590563,0.014691046130174443,0.07957187465012958,0.10961406436200849,0.00551534616550832,0.1747475361442133,-0.04814932680704029,0.044163172956100116,0.08181113462045606,0.4294528122419214,0.0864789163858523
2019-02-01,0.0,0.009474886393747092,0.011617927970754128,0.06097860246161846,0.10028449684041481,0.007278226132546181,0.16440247821112797,-0.04697488808556103,0.030944216507991756,0.07189188129853084,0.36680859863809934,0.07981940919524466
2019-03-01,0.0,0.009283706285417175,0.007520698288290315,0.012275363321941592,0.08387574062833468,0.005734752814861383,0.14079686722112936,-0.04537453327032296,0.007150972161448209,0.05312585051422286,0.28318032433670987,0.06553413254304036
2019-04-01,0.0,0.019040648082929563,0.009717435378240652,0.04755181532712947,0.09030439738622698,0.009322618913075998,0.17109878660495703,-0.044266950117777926,0.019883331788187488,0.06181115671658538,0.31898162534500385,0.07218001503808118
2019-05-01,0.0,0.02156042670334096,0.01332067816391997,0.10717279700577789,0.0945521251735146,0.010921234332160662,0.19291257644718945,-0.043321810041522135,0.027693963563623893,0.0699714848179501,0.35586237718757996,0.07822699484342777
2019-06-01,0.0,0.01909152149070282,0.012617659978400312,0.1007113491256312,0.08749105632651455,0.009108948447800965,0.18348675566233127,-0.04227057668773736,0.01695372855232928,0.057398111323793036,0.32037507937608445,0.06763966783431402
2019-07-01,0.0,0.01593821709870983,0.014659773641934985,0.11872747845920216,0.09134875767756973,0.005472101794186529,0.18777385026118304,-0.04037189845908761,0.021134635695806987,0.05785639870955346,0.3384794717333319,0.06957899026738922
2019-08-01,0.0,0.014529708803013528,0.016955625019634664,0.1614007797094793,0.09422390747754078,0.00971048080867284,0.19641649800939043,-0.038958370744389,0.026502895432644273,0.06469868652206612,0.356405705846145,0.0727767585362176
2019-09-01,0.0,0.013622314331650431,0.017666220057699095,0.16750267366627128,0.09175991215835447,0.012049017355220834,0.1977519776229138,-0.03717805533066022,0.021871507722191666,0.0648472691059741,0.3389885920132446,0.07013056513865162
2019-10-01,0.0,0.010243909142118965,0.020484162567333715,0.18930901995387567,0.10074213745704329,0.011323584297887664,0.21407642091297704,-0.03599925018997134,0.03354823595586434,0.07789870265760324,0.3634991277525259,0.07754526029756428
2019-11-01,0.0,0.00628415901610768,0.018436862581838038,0.18371210611715022,0.0921126672382066,0.008740454079777703,0.19716493613279257,-0.03460720144836457,0.023748247229168677,0.06709757347051458,0.329527538741608,0.07259377674457267
2019-12-01,0.0,0.006793136279198311,0.01661678065090877,0.19969033443570067,0.09321989975602803,0.008336354836985069,0.20146792042008924,-0.032861219530073635,0.02694816098839104,0.06541651203308127,0.326268397943803,0.07339893066453627
2020-01-01,0.0,0.006550172615882653,0.017302901789918064,0.19434292647889528,0.09664473248972799,0.004235916206417648,0.21169778067225015,-0.031263649900550305,0.03547095919876518,0.06846920808184101,0.33798572160017554,0.07912018975955629
2020-02-01,0.0,0.004026103466375817,0.016619320122715428,0.1631340432509527,0.08853495864550187,-0.0032145731165048866,0.18528457032733525,-0.030206530701423328,0.021153844339475474,0.057716651773402405,0.26259625792141583,0.0689914559715718
2020-03-01,0.0,0.0008664912077784862,0.012088946042588075,0.07910487939106509,0.06769158499805647,-0.009476861829975515,0.1441478155550176,-0.028007801769167687,-0.007636426173005313,0.02206465850896375,0.16905272678166505,0.04760278407195123
2020-04-01,0.0,0.0019267684955343316,0.013447923187198623,0.08558284874135037,0.07135812165492914,-0.012491489675519364,0.16341856936288301,-0.026378190129722055,0.001650041769486368,0.021636309064661345,0.2022538225553887,0.05229294961911911
2020-05-01,0.0,0.003581464685643479,0.015047169621280521,0.10139423960944041,0.07872657186291118,-0.015850733467626187,0.17805018872831688,-0.025123622644990417,0.015365148220588487,0.018896155594260687,0.23905277826506638,0.05746340246882625
2020-06-01,0.0,0.004134281986775469,0.017241755812739838,0.1710694698919794,0.08855680140114056,-0.017082062791413097,0.21488606656286652,-0.023503892937571665,0.027813145225092345,0.03344993900761232,0.2866361741005962,0.06575599946233637
2020-07-01,0.0,0.0049339421686273545,0.02022343869961019,0.24403858976711992,0.10189416179283997,-0.021417686346019947,0.2473180522967879,-0.02244356036915013,0.04830041948875881,0.04818570887270964,0.3501089350566936,0.07627200949597315
2020-08-01,0.0,0.005413642558525189,0.01851017452461977,0.2920443471979461,0.10225723915720097,-0.02552264025845591,0.2576848861527881,-0.020719763601363534,0.051410077749241556,0.049330140279783344,0.3605643592820853,0.07577323661487453
2020-09-01,0.0,0.005516822987449442,0.015529251104966758,0.2566248069258675,0.08895183787471267,-0.030672073634294465,0.22678867222600715,-0.01840141066618848,0.028499015896268493,0.029757696117503975,0.291616836747736,0.06193981789796364
2020-10-01,0.0,0.00479524677588985,0.01648270248662547,0.2909752995239098,0.09884268448521992,-0.03088416005594881,0.2549905001344168,-0.01696486633354939,0.039216129019415395,0.03944432111980149,0.3377339640610765,0.06401627350975661
2020-11-01,0.0,0.003942777315984854,0.016967859358244304,0.31822434693006174,0.1002529750781894,-0.03375099247580323,0.26943406455644814,-0.014470976049420197,0.045966130602387564,0.04784600141282552,0.3625250554502224,0.06943786439224339
2020-12-01,0.0,0.00566673329214233,0.019872194289372418,0.41422337091641803,0.12207265526238015,-0.0310978989341553,0.3190506727005429,-0.012798385396969626,0.07686394247240735,0.075309213953952,0.4812198584388667,0.08652965353396966
2021-01-01,0.0,0.009367475433245922,0.022761796831425218,0.4772722629323698,0.13769513148371137,-0.026313004273099967,0.3535800692172212,-0.010876572843408466,0.10525547719088285,0.10044495020404012,0.5831384567588778,0.10220953860917635
2021-02-01,0.0,0.008948944112464833,0.024960719641545816,0.5369783508353383,0.14378285366202415,-0.02558103461503595,0.3822834334460222,-0.008716325759744147,0.11394821311769965,0.10588292370499466,0.6397384672077328,0.10967160126732314
2021-03-01,0.0,0.007688300855209634,0.026721509182868128,0.5626335642303829,0.1535149227008653,-0.024819951624225133,0.40121172521297177,-0.006971484226865311,0.12705993564416185,0.10714022796981543,0.7015441554990385,0.11835087532647345
2021-04-01,0.0,0.013322793349151586,0.02814804490102811,0.5563803541014056,0.15643301413572513,-0.029625222303665086,0.3965491687243001,-0.00564218064523898,0.12930559469990296,0.09775986732671012,0.7276537096270194,0.11782546060048713
2021-05-01,0.0,0.01195175013563241,0.02856871864706268,0.5442651822313349,0.14439658824431886,-0.033460639881555385,0.3695454023633849,-0.004657043161707505,0.1070573066100074,0.0696238791322203,0.6724128153765512,0.0986920867978543
2021-06-01,0.0,0.01224607260114226,0.02894383272010677,0.5566470671311804,0.14541439680976773,-0.029269834944665875,0.35897026052219294,-0.003034979557116197,0.10472826351309324,0.06269550503234692,0.6975230668705689,0.09496490579318746
2021-07-01,0.0,0.012121468138584546,0.0320960208701411,0.6249830823093574,0.1619136370396253,-0.020632029970588946,0.3875673541057032,-0.0009401408849731938,0.1295539208323851,0.07148660699797803,0.8002662778877179,0.10836309849938167
2021-08-01,0.0,0.01189357086512684,0.03458462768237673,0.660810069581282,0.16411679657577602,-0.019534434596238083,0.3913630606783012,0.0014423943299731296,0.13494586456021343,0.06801986711606109,0.8260150533568027,0.11023750236436261
2021-09-01,0.0,0.00970520092936138,0.03488677510243901,0.6524833666983527,0.15056144399872495,-0.020127485252396007,0.35849999724062215,0.0021597813009815578,0.11662283608490173,0.04213096336390408,0.784436174597505,0.09554836606434178
2021-10-01,0.0,0.004891034211171525,0.04248204946889979,0.7464646046087746,0.1752229714008367,-0.01089271471387047,0.40651741165718264,0.0024074245830043263,0.1511511703973032,0.07320458067741337,0.9265047020908179,0.12315241134224911
2021-11-01,0.0,0.003135129326225689,0.047407196204633684,0.8219613645356032,0.19237415805031408,0.00015400771292516671,0.4404380657499285,0.002982356031990447,0.18169264129225068,0.09461259655272686,1.0509274871426442,0.14196816252196653
2021-12-01,0.0,0.008008808611542418,0.0563194979421959,0.9501878773247382,0.22431588669496466,0.011017290532876927,0.5106602588293886,0.003725521028361734,0.24238675191187053,0.1429368071445652,1.270097960962624,0.18213664578706107
2022-01-01,0.0,0.06953766891577837,0.06361241044775115,1.0476356625946859,0.25213782600591417,0.0227086457782533,0.5499600708259607,0.0044321526780330455,0.28442756556548077,0.1856274188056848,1.4167873177916273,0.2103189745238881
2022-02-01,0.0,0.11940362953662503,0.0634910230176842,1.0506106434318596,0.2488093518773917,0.026852994370204733,0.54960034128486,0.004727467287225746,0.2836331239564846,0.17959305885921117,1.4226541295175386,0.21082386689588622
2022-03-01,0.0,0.12648837574026306,0.060819762560696655,0.9708877871094659,0.23396203674469052,0.027785906442752098,0.5049517137815129,0.00532809722306086,0.2604155052176939,0.15649780750358,1.3571209729078806,0.19743207417284855
2022-04-01,0.0,0.07841947350173835,0.06166231026912337,0.9776926139642634,0.2415816883737193,0.03433377989180579,0.4986230377250809,0.006205239326126843,0.27533819664366954,0.16570314056526678,1.3770248467820565,0.20669788611078027
2022-05-01,0.0,0.04235975868404675,0.06509586171939516,0.9672929424727019,0.2523404710405601,0.03659615853110912,0.5075900819294004,0.006567487953921118,0.2962269692737982,0.17801717834411618,1.4374790173674894,0.2239030863406194
2022-06-01,0.0,0.019040546011309705,0.06640817523554932,0.8962668329808943,0.2502116559539488,0.03770134309224784,0.4880795380107361,0.00711285791158335,0.2970204023322026,0.17477848561242615,1.4177654681086787,0.2302539294567237
2022-07-01,0.0,0.018932500675511763,0.06526349660149898,0.7967935836257938,0.23558046503513677,0.035842727167215045,0.4328708973186247,0.008180939035172542,0.27130406553306036,0.14440399028804057,1.3309024651135606,0.21445310109459192
2022-08-01,0.0,0.0140569081746869,0.063387562941732,0.7196824299169916,0.21651393421287668,0.03495905368713513,0.37622971839636776,0.006898883153323406,0.2402276039203491,0.11360581686423787,1.2136063515159368,0.1977693148733098
2022-09-01,0.0,0.005840199127446402,0.05952425991779719,0.6075455389696038,0.18708608702692572,0.02886776554738652,0.3135826845010601,0.006061293487647045,0.1924868177734032,0.07326370323759643,1.038332053267717,0.16874076417009773
2022-10-01,0.0,0.008348310977054506,0.06193876737957558,0.5925622240897834,0.18550186151423786,0.03119692810514113,0.30040584200199794,0.0050394505098764674,0.18542915843252683,0.07081802460952971,0.9795032674472912,0.16677859405323514
2022-11-01,0.0,0.006741624431096322,0.06408926372163024,0.5771212493931894,0.18993411398906512,0.03357674629907283,0.3063351736341929,0.00336359548827248,0.1887309251790541,0.0799794660056001,0.9591807299268489,0.17072441837350616
2022-12-01,0.0,0.009011957649613527,0.0719097689365866,0.6824065074711632,0.22511115481737726,0.04319260092990658,0.3675436188673799,0.002541473438732949,0.24431896427578836,0.13719539212662774,1.1028886852968625,0.20367917383541878
2023-01-01,0.0,0.009438388601722088,0.07383740724930135,0.7271139325591047,0.2367992323754436,0.05176834602494994,0.3925892166629967,0.002735233658945604,0.26140703946173965,0.1580954787873197,1.1410294901822482,0.214451380462278
2023-02-01,0.0,0.014112643053074513,0.07247546602176774,0.739524796230254,0.23797625005981443,0.057669448230034615,0.3974248907653176,0.005367657538796781,0.2604281751065558,0.16458521778659324,1.1373786825179881,0.2119483253996272
2023-03-01,0.0,0.012775833267740047,0.07097223833646855,0.7060400975517118,0.23217925360001956,0.06130408005636766,0.39086348360106216,0.0058610049663783675,0.261439928002291,0.1629085149342257,1.126777694047441,0.20879870201418402
2023-04-01,0.0,0.0110291199595275,0.0662958965874485,0.6756758909505749,0.2244676704866566,0.06494539643944042,0.38003291765300884,0.005828786615173531,0.24534942780347407,0.15392779069645063,1.0712313828082007,0.19669553204590673
2023-05-01,0.0,0.009271393588299055,0.05957590269463718,0.6100819286228747,0.197381134614732,0.06496671784943728,0.3244975388741813,0.0041970506874236075,0.20378629997732398,0.10947104707354938,0.9107730911291896,0.16223121730838472
2023-06-01,0.0,0.01084648041726545,0.05460809406568312,0.5575767618151026,0.17937532213551435,0.06664180878095138,0.29667126031747065,0.00709769511027122,0.17890805575864255,0.08550117229960356,0.8204111258615372,0.14375743109279307
2023-07-01,0.0,0.009842563190695318,0.05358596764483241,0.519374733290828,0.1773763768421057,0.06830792954261064,0.2909433602196587,0.004770059968562565,0.17664055948097257,0.08077382491239914,0.8070169186790239,0.14302831474235334
2023-08-01,0.0,0.008942135082564657,0.049958961877120706,0.4609716921796755,0.16590343985326425,0.06684644922782762,0.2749634354435553,0.006698308367118861,0.16084517484458455,0.06742091495734082,0.7347794829303609,0.12918232895756396
2023-09-01,0.0,0.007648401406151629,0.04654973556711915,0.4068965956447326,0.15356867859988985,0.06751595401618786,0.25265892303865234,0.008188221950110854,0.13949299737140547,0.05712053763666944,0.657823285181449,0.1171317991110724
2023-10-01,0.0,0.010905756734867305,0.04560664051725149,0.37532483578104414,0.14785002392806496,0.07064746139652048,0.2558750213084421,0.009534109770490538,0.13214667893001145,0.05657360569118758,0.6212116748986405,0.10678438471370799
2023-11-01,0.0,0.00995833146756463,0.043252629734077654,0.3369547054357125,0.1401620795309111,0.07321149849069417,0.2364120967452968,0.009199289638956382,0.12335860269531651,0.05631378962404196,0.5865531049966244,0.1000865165582247
2023-12-01,0.0,0.009227859725229845,0.043673633599936146,0.3636319289498383,0.15102934959985173,0.07401607153979578,0.2666824238597307,0.0058608480555841815,0.14571605090248502,0.085855509560458,0.6378082262093807,0.11100784717369269
2024-01-01,0.0,0.006975044445116402,0.04309301455215363,0.35458613952722784,0.15437995845854355,0.0746185205460384,0.2827369007743217,0.001920981986086403,0.15317266711982983,0.10455919544871864,0.6293849856375071,0.11313664499468529
2024-02-01,0.0,0.007320397592661251,0.042495625266850356,0.36940899996655846,0.1635457258787662,0.07718711046332352,0.31122764019160376,0.0008624262056661925,0.1681740024898557,0.1290985984110447,0.6596194906139811,0.12114221988777002
2024-03-01,0.0,0.008660104036637535,0.04299254045406219,0.3689709255676419,0.17320766052871495,0.07795174970025474,0.3303703224805739,0.0005439111022749056,0.18494597223652642,0.1556256351846267,0.7024101529706444,0.13084886506968946
2024-04-01,0.0,0.00946325888276758,0.04270592844392736,0.3756376176095432,0.1730405006024641,0.07683730012246805,0.3380496499206052,0.000628968649890837,0.18674185563113604,0.16394561040719507,0.7015662399970564,0.13203499011189734
2024-05-01,0.0,0.006724707641388316,0.04217226190664651,0.35031467349529444,0.16079576219412095,0.07267667854541227,0.3125844495067942,0.0011921629529875024,0.16924276810106184,0.14522190630751575,0.6513529555788546,0.11570829938889712
2024-06-01,0.0,0.0076165526933900315,0.04230219251562567,0.35391405943595405,0.16085712024598509,0.0666772461734599,0.31170698154865484,0.00031847667613233636,0.1677979907763174,0.13964299155999063,0.6508385967874599,0.11075403780001442
2024-07-01,0.0,0.007903003190754695,0.04554726004851925,0.3977472999679051,0.1736721972335781,0.0657233264094331,0.3481214802742435,0.00020016628928400367,0.1875256572414245,0.15683652457235459,0.705789340196233,0.11819566533687734
2024-08-01,0.0,0.006239333140095497,0.04532580417441763,0.3846752783139797,0.16397158798879902,0.06385379595246082,0.32998531509173096,1.4299550090520964e-05,0.17331102067456258,0.1443309564091731,0.6640884043411065,0.1041767480087251
2024-09-01,0.0,0.005730047752355045,0.04555042450489042,0.35907929117449716,0.15630000727470889,0.06059732136422406,0.3058927180525792,9.357622108071369e-05,0.16374494315268992,0.12563283432640987,0.6289923451636718,0.09427552546508486
2024-10-01,0.0,0.0070938045121184175,0.04962108201901253,0.3670799676616324,0.16211336682452998,0.055496278350850824,0.3168277999792348,0.00024015158878517765,0.17006332759686169,0.12422061328867029,0.6498719414297531,0.10221347752310687
2024-11-01,0.0,0.006792163866191336,0.048542135954433435,0.3555645846040415,0.1592625257602346,0.05302185412597615,0.31805238944441705,0.0011179856673765149,0.16407559359325846,0.11760877760820912,0.6181118154054014,0.09570664443930024
2024-12-01,0.0,0.005125223509341883,0.048598996294089994,0.3644954972121969,0.16544406980452225,0.05003797802358581,0.333936408691219,0.00436195172559084,0.17517695540388567,0.12007070340111657,0.6170432479797849,0.09585101498106652
2025-01-01,0.0,0.006700059157165901,0.05114476365740703,0.3977824313283937,0.17953166430099332,0.04755085809367082,0.36902846786391397,0.001591044866596919,0.20175373631595916,0.13552751062980875,0.670931335154467,0.11021958488889078
2025-02-01,0.0,0.006971621965722328,0.05229009367710536,0.3900376872237231,0.17719724516556817,0.04441705238809755,0.36551130739628995,0.001178064046774653,0.19655514871248225,0.122842228138346,0.6384972360825931,0.10740855127514873
2025-03-01,0.0,0.00712077550490656,0.052209703984139696,0.3546793123748226,0.18205191176593194,0.04083132174368814,0.3786689337071496,0.0024898915938081816,0.20736897903790874,0.12292939916966555,0.6607834626390456,0.11259772508796871
2025-04-01,0.0,0.007400181292673158,0.053495443700440085,0.35755529847539375,0.1870876110221808,0.03779436483898457,0.37742356966995017,-0.0004602903134929406,0.21467335083059905,0.12025927063289152,0.6603304284966066,0.1134699412093258
2025-05-01,0.0,0.006848744503813428,0.05279847458016311,0.33652323412244,0.17550113147170426,0.0341537848993549,0.35935586480599335,0.0005159609540767412,0.19841254079181203,0.09763435362757261,0.5873424915864773,0.09806658770116194
2025-06-01,0.0,0.007466277362032831,0.0499500234146842,0.30463741174524156,0.16583002393566462,0.0292660481796631,0.3419890744641073,0.0014537769693400429,0.18465359381931368,0.07631002516865787,0.5231211615533427,0.08716876263903361
2025-07-01,0.0,0.007738135243554281,0.04767228009825512,0.3194033179239377,0.16413674408701318,0.027687519899544294,0.34560386078880445,0.002172998645054245,0.19050267925213232,0.06906834891620756,0.5232183233498404,0.08813179512420431
2025-08-01,0.0,0.007998028255472977,0.04334202221920989,0.2998676161536144,0.15276288942527455,0.026455819167792282,0.3175541499637814,0.00277033249894006,0.1721496367730243,0.04474211683436717,0.45229728670341374,0.07583403194016694
2025-09-01,0.0,0.007219636053912942,0.039532838111506444,0.2513128618431765,0.13539054053148683,0.02172142341737649,0.2927459377461243,0.0035356824821196377,0.14906174149987733,0.017425515252489095,0.3601998176542797,0.06048407222813522
2025-10-01,0.0,0.0056964263431376685,0.04197451737412769,0.27852488252674235,0.14317636296838906,0.024426670013297576,0.3184362447936838,0.0038943683763298783,0.1683330880146271,0.027995310958627475,0.3996017850171928,0.07006374844099911
2025-11-01,0.0,0.0038987591733360347,0.04136383553005065,0.3068563649274957,0.14836868698075611,0.023829777068851123,0.33123034998093115,0.004717651896022305,0.17770004574194032,0.04331897822309657,0.39948637418112065,0.07543576960008005
2025-12-01,0.0,0.006075917499301323,0.04404751529476503,0.41207340884623533,0.1776666893091608,0.02163429025727584,0.39967093087252564,0.005275538105838377,0.22830368807982362,0.09230853329217137,0.5233686035618087,0.10319338677528861
2026-01-01,0.0,0.013796959233027574,0.04724707423788388,0.48369621585326683,0.20098225791244007,0.02448238645208221,0.4527403393479086,0.005594251472398656,0.26655800052314604,0.13652300454133875,0.6194245389857621,0.12503243704666545
2026-02-01,0.0,0.014438152239009985,0.04930991298777616,0.5264517160226088,0.2121372627106714,0.024403891761367612,0.48354117535935914,0.006078515692841886,0.2926543734671763,0.15911134574873026,0.6793147599815352,0.13750561081419083
2026-03-01,0.0,0.009969757183186325,0.047828397676544794,0.5085469794601041,0.21127085772574888,0.02667385763389138,0.4903361388895402,0.0056708925258676865,0.2907617744704357,0.1543907453380065,0.661567148040079,0.13293432653785622
2026-04-01,0.0,0.00628998292930589,0.05100731671602085,0.517648228110669,0.22087335604967004,0.027339071743104328,0.5007996589921864,0.004675907575601608,0.3065179637462381,0.16340175003733476,0.7000151710950255,0.14097442060440324
2026-05-01,0.0,0.01099325632668428,0.05002460071100394,0.4958769617325742,0.2143380166104482,0.029422926645288356,0.48243112844599134,0.003859501726718112,0.2956139404966702,0.14762832965987485,0.6539958055002304,0.1313896538573232
2026-06-01,0.0,0.013218561922771044,0.04694769709178025,0.423893219480925,0.19410873835621223,0.031921337374426983,0.43146785649573655,0.004251155127979116,0.25945236043882514,0.10706920533686307,0.5626914951315543,0.10779295743476872
2026-07-01,0.0,0.0074407733152479505,0.04898811583527113,0.46554877604760314,0.20327413547184642,0.034591716570106824,0.44242748461240955,0.004707688199540608,0.2736031894759778,0.11609704852436623,0.6198674290510708,0.11429755227210456
2026-08-01,0.0,0.013988344438152236,0.04590721604566473,0.45854724415101145,0.19665956583366978,0.02998094113378509,0.4417660121752054,0.004918597687086654,0.26194111194723935,0.10256667099950403,0.5940351998092038,0.10643817010246046
