Date,Fresh food,Food excluding fresh food,Housing,"Fuel, light and water charges",Furniture and household utensils,Clothes and footwear,Medical care,Transportation and communication,Education,Culture and recreation,Miscellaneous
1970-02-01,5.070823351254463,-3.3887167583820825,7.0629988471632235,-6.401911247947778,-0.4069014489412537,7.883398131443588,1.882996240594664,0.2746061132595294,7.847280885771505,0.508029154598495,-0.32156639531450504
1970-03-01,19.50506198742769,-0.3538236436025386,9.743898797896009,0.6029296214072422,3.831932596786632,11.468926739379985,6.957831688616586,0.6244198422744116,10.532409638138626,3.9386051371670034,3.796062963433908
1970-04-01,20.7288966245345,2.091071652749484,11.701786950852167,8.9245477909226,6.664507347113689,22.289878923295262,8.887640303142135,3.5116066815311893,27.98021738911063,7.334354387180263,8.168911206164958
1970-05-01,1.5337714748097095,3.3782289376995758,10.274319020270486,4.163553024123656,4.341968399574892,13.642907077757144,8.026646461043324,2.2612761996490662,14.695365591349574,3.839944072487605,4.4494778633001815
1970-06-01,-0.665099814734643,4.212517986918902,8.906304671532386,0.7977277839093779,3.126660347168113,5.793153983096314,4.0641559884963,2.182925764416489,4.9888125436110755,2.496094011310829,3.792256913917065
1970-07-01,-7.220072511509036,5.6780060793170275,7.867941811332771,4.117583549238162,2.9768922070520922,7.417112321368611,0.6884576150992334,1.4070675247627116,-1.673103254273646,0.8365630711511026,2.5376747271787927
1970-08-01,-6.321860666946959,6.633059832556217,7.682010215312473,0.6103556653881874,3.133736973792303,6.347577965923641,2.4138918595860233,1.2090486655581665,0.3695285057523847,1.3663226382086822,4.0450213311770815
1970-09-01,28.655674412510194,6.4355517839024845,7.680431972362676,1.925379310572818,4.282462539580072,16.85277076078218,1.480143903992651,2.115514951856454,0.756740058442293,3.1395631000957116,4.976861288386893
1970-10-01,35.87908520870475,7.068663186857698,8.243135682933794,4.215643085119655,6.26716628699463,18.220076549567132,1.0750334886966166,4.615247970800606,1.2347420270687706,5.3784133689796745,4.10012159511146
1970-11-01,39.44017781054545,8.683962668414967,7.121026111060334,11.107575990205532,7.3141838832623804,13.202885105765056,4.616755704838708,4.81673011115485,2.5909407848457366,7.094312959467899,6.518280798287355
1970-12-01,47.789994677425575,7.484481569333248,7.4640428848094045,8.060746507908117,7.5630181219718065,15.274034332475754,0.17838909033713501,5.5351578494926414,0.0012054448762293113,7.352744793805296,5.70361519444056
1971-01-01,52.35885183880893,5.996186402888829,8.251129012001801,5.377990543416367,6.132242677530655,13.250096569554799,-6.6241572975173835,4.461942150001352,9.88528502044298,4.771155021842439,5.709788525245939
1971-02-01,41.58882040984702,7.050032041246693,8.627910942658175,0.3976746282261687,3.429508349451086,8.345939173535722,-7.861472165655018,3.870126195295557,8.324710032742159,3.3587531154667642,5.634640825273513
1971-03-01,13.396584378024407,5.771247256714771,8.906800965562732,-0.2866880524990578,1.9720814813474714,9.331173745025605,-6.249225687680384,3.9212808112295003,6.966895557835076,4.633533520828293,2.3278846578477466
1971-04-01,16.863863604700217,6.470295105606139,9.94275336850924,-1.0359310828855248,4.495066845991598,17.511793131376443,-3.269410518984802,3.894024524088433,14.786980405308181,6.905324202867545,4.211426594316679
1971-05-01,19.84061104098593,6.801900712104702,10.029435401612652,-0.1354815959673945,3.0974364065361253,28.361190803479715,-0.8637532667661585,3.65575679011565,13.245475243079841,7.867549031413697,2.8975411338447414
1971-06-01,30.384540749819156,5.395668891971821,9.22215661333668,3.071335745766219,1.788691761454783,25.177122291670546,-5.280690548009771,2.9425335035247775,5.748452121358398,7.911362159982416,2.691738690973526
1971-07-01,21.024772199354867,6.364747471467476,8.43940528512995,1.069554910694988,1.6360657259204514,16.761862003879312,-4.364149468570256,2.3737826719599386,5.0473666668344945,7.0393558934283,1.5041249793892766
1971-08-01,29.697989359938255,7.411082769224439,7.829463459093439,-0.768472617601136,3.2063155694427836,14.800086617174962,-4.422386323665375,2.257091294550069,2.8061234853636,8.13811545516293,2.041585246770614
1971-09-01,72.78032148151419,9.764364374551096,8.895156327468959,6.30312578974919,7.156548439588255,17.336881092436162,-1.4745260317813758,2.810657626755489,9.093520894421994,6.749718527064121,5.214959396782095
1971-10-01,56.12750094638861,7.059526418946341,7.438320425179028,-1.1334648422354028,2.111648687821278,9.119793202890667,-5.328239689274248,-0.16543262972476236,-0.8550828586959143,4.212350555900615,1.4324099720195138
1971-11-01,84.29535927680433,5.4098695547669,8.46850171122641,-1.5202649944678708,0.8327706934989423,4.489163591930431,-2.4329716633448606,0.5394770320305027,4.149260924146815,3.4859801922707634,3.0380347191634898
1971-12-01,84.41074331438098,5.085307070411922,8.392578111891648,-0.8490880275179,-0.12838018046181776,-2.5585106415400833,-2.089277219378249,1.535565218117968,-0.5839625299260218,4.218963884684621,3.78133147873548
1972-01-01,55.811435528919105,3.066236338264935,7.09477902159218,-3.914210817826774,-2.803153279708017,-9.392569366527523,-2.972672757680883,1.58654720187067,3.2386229313038153,3.6471481811496806,0.7878203367092851
1972-02-01,25.143023203704555,1.0161470315689298,7.056007621824536,-7.054050467943554,-3.9779324128963367,-13.292115124182331,-0.5944076692266822,2.1254867317940236,-3.7948886354109432,4.098249944003333,-0.70078524257144
1972-03-01,25.35739422121098,3.6824065129774604,8.830304760975096,0.741505673341571,0.6575432461847597,4.543960374284612,3.0662363389259792,2.951950674705407,2.336542593034024,6.9057806375185775,3.369523625082284
1972-04-01,28.263447944488227,3.5105811842809027,10.316318342870494,1.7017318208981578,1.1624781025568112,11.613958018284178,7.53336393282955,3.4046835884178934,8.37971367362517,6.972923407937531,4.248952987832229
1972-05-01,17.231894658006297,4.694363959555244,12.71240932893615,0.7917425265919704,1.2188824665195837,16.122394162753235,12.779449030688962,3.433008639548353,19.448790382193625,5.86114103178704,6.088143863379159
1972-06-01,10.874191906316012,4.198340870220427,11.562350659022696,0.6173499972174523,-0.8280621248941384,17.812982149891155,8.32997375666397,4.257788619185671,18.186895149707638,2.5132518355565088,5.388309328817433
1972-07-01,-8.714162042335401,5.38040785169719,10.409805007896129,-0.8489378853122911,-0.6008571911508668,13.293015041494202,6.006953211057867,4.729536692430721,13.959211098731053,1.833022495389965,6.091477438588637
1972-08-01,1.9262842669552431,6.589573047175691,9.663133895116939,2.1393262371378445,1.099994085675932,7.042477310233916,6.218476300942015,5.751811051082273,5.5073625196878755,1.794054380891245,6.044809531097213
1972-09-01,21.972989354334512,6.813369086851547,9.260947561442176,5.287289128907885,3.7824403514729723,10.04312298003143,2.739712382176339,2.436595557555955,5.285591283577189,2.242702340072969,5.68219198173822
1972-10-01,20.498654031665552,7.930333422301871,8.202846938012648,2.4116891507773106,4.712996590481013,13.918300795143331,-0.40306997218462026,3.6970541865701705,2.4632593146189667,4.105695902729288,4.093968813663449
1972-11-01,22.132354966668494,8.991984839209017,9.53501561668691,9.811049455753807,5.107578767332901,17.632270897289743,-0.3266395374359007,3.124647277151365,0.20117000610250857,6.997536623068281,7.578052725138221
1972-12-01,11.173349707066633,9.239040615658507,9.433791158422112,-0.6284128422281814,5.159917731915522,13.911410894252635,-0.9695675411092564,3.9897900795474808,0.2106634179871003,7.875443762622091,7.7446721860844185
1973-01-01,30.859422134818395,9.92942207396442,10.026837855413218,0.5904879597332715,7.402757303207662,15.496195205101966,1.8218110758257346,6.617964315637209,-1.0101942660301613,8.150076255941906,7.427315790939723
1973-02-01,40.63896350159957,11.139060839114872,12.792771102433363,4.491220246331073,9.178289398362214,24.56424112314925,-1.1840686565227074,8.71127722149328,6.3548437563491085,8.32128433306788,6.55617545587369
1973-03-01,52.777688873532995,14.034798415217148,14.190723354312857,8.59047972611586,11.798578191780285,37.9860560324594,0.07803069148273056,9.44761137432653,22.005442482058044,10.811179318010343,7.646569831250579
1973-04-01,63.50787347821182,15.941920487507058,15.153112717846167,13.033350666204525,17.452572127705082,48.3367828971443,2.150974644558558,8.980680862688473,30.843618122212252,13.036196822632245,9.040069149588533
1973-05-01,24.879777837801804,16.736698988568058,14.742205449702109,4.204763757083894,16.674728216901627,39.39762186232701,2.8559376812228536,6.636511052644769,23.567229781979982,13.52897427388207,6.444416372417287
1973-06-01,23.258918342001454,17.330942554472742,15.415969631608139,1.818632838263337,16.433534268763495,42.88720613825828,1.9919634889343045,6.481576916781105,18.981521913900817,16.93127611331553,7.586555664536448
1973-07-01,36.719004626752664,18.86477985147195,15.029627857459442,-0.7688550528670157,24.40144437557307,28.57107831579466,0.2708048279264612,6.067952068608879,12.894618898923671,17.682462637540638,9.771150366656041
1973-08-01,45.93420611467567,19.75403232534211,14.067121835121554,6.22856425768768,30.27412965896975,25.397627608945612,4.622617924752463,5.360302250874993,6.627443016042591,18.085800879836555,9.946973119984843
1973-09-01,40.449940324140854,24.083547735189896,14.775604860704549,17.04120976247183,35.03375620214089,29.00832673824081,5.841780897691551,10.102568998029621,2.169489797757173,19.601733640660093,14.191565099442023
1973-10-01,74.06066087976146,26.539046334281814,14.79949435496928,26.11034336428797,40.397606758550104,33.74982160211732,13.717980676990333,17.007964143499727,11.4906899401075,21.668337982770293,21.41348315599123
1973-11-01,69.73906966650708,29.797706317823412,14.771354055717538,27.774934538776716,44.68478215887822,32.42666047759957,14.26658465654203,17.374230240311125,8.062276137439545,24.06099145606706,20.503656385594127
1973-12-01,107.0774069768467,33.654579734917206,15.562609440090952,33.641580507801905,48.669175968822586,41.79264633081286,25.987387095949487,21.066683254347716,20.889507158868902,25.765535983976086,29.434406964744795
1974-01-01,89.66907285679471,31.878326278401552,15.176460965970776,31.07306669282324,48.82032388781382,36.94696501114505,20.3454242546821,19.588763703346107,23.013917061473702,24.810321998544186,29.47590196392778
1974-02-01,75.9359654561348,29.05494946979892,13.781574868771312,19.914614596768637,42.57903645073223,24.8598915877361,19.155796637415598,16.58988804942821,33.461716004942254,24.52341978869382,22.793056810102783
1974-03-01,60.54109336275335,24.955177453141278,11.90632858629802,11.064344355067355,34.2749074991883,14.56115929919339,15.941190202930963,14.756740247616849,31.114766581777683,19.11131229074345,17.946012001497095
1974-04-01,58.75798504053784,26.387665491753907,12.278422970794388,30.017230021833523,33.556538843404816,23.814170373516774,19.16096455056752,18.286343412105353,37.24420916906536,18.547454772986537,20.807333581450777
1974-05-01,63.78825487533874,24.265299512738135,12.22821867184198,30.063949090304387,30.371795380800286,27.863538432415105,15.511714967246029,15.74621354642122,40.48190506707137,16.972699898829184,20.452638508706286
1974-06-01,41.211678466926365,19.205608516015452,11.11216269055122,20.588695687329626,24.458354500475316,16.74257143497912,11.03561645420599,14.711786194682539,27.33365474412452,14.457413260825572,16.19643387253347
1974-07-01,32.734821727066915,17.24439227453535,11.3856895315555,18.014944155960908,19.03152530092799,10.162802629438774,6.470165030710943,15.493075445092334,23.819229704629123,14.988532591413875,17.946468273062784
1974-08-01,6.618529075118151,15.34944128555512,9.46771926515099,21.310610094344213,13.540971496575338,4.560869549018048,5.761816823301699,13.892091468939245,13.422190008923154,12.161839322231915,11.809063373685387
1974-09-01,14.417267175342134,17.253035406216274,9.658616354879893,23.83331129595771,13.60296865978221,6.273551088010264,11.777781890793605,16.99413738468175,9.520783533405702,12.004171704846058,13.328390757284907
1974-10-01,-2.427938456258614,14.963344342768893,9.565342952534504,16.676484903629845,7.888823379823084,5.301392393487557,12.541114472207855,15.944948939274667,9.476635452776105,6.418561646572821,11.210783668473026
1974-11-01,-14.01677342321943,13.779710963395729,9.05001995389166,11.80815588807363,2.530574310584273,1.969432190829643,10.426512703811309,13.487375360235696,15.607149991946708,3.0796559230232248,11.287035033908571
1974-12-01,-3.901538950382312,13.1402848529176,9.716777494206973,18.023637967458345,2.7041845440559817,3.7715122117536,12.878284592336376,12.925599666725537,16.655875470036317,4.289649426508918,11.588759499796275
1975-01-01,-12.485551731284428,12.197177987457554,10.512530420439937,0.6138816337575541,-1.6499700645213782,-3.02423226117814,8.643798346431318,11.814790888108806,31.31770572459652,5.3649518127343665,8.487698987353568
1975-02-01,3.8626935887626104,9.281316948847211,10.740931785450984,2.966378406715542,-4.416704523261391,-4.47852357847276,5.650299936914404,9.798077599989323,41.422390528392626,5.280525728965394,8.346925080661837
1975-03-01,16.963340150732506,8.112163596087242,11.55626402019325,7.543433118562282,-2.7720229166417334,-1.938972592211071,5.212426051582975,7.352966010933747,52.723471465951214,9.801751176489216,6.061829539569885
1975-04-01,17.661231028492924,9.460502593158889,12.655645902514804,4.836038628339498,-0.32378168498621474,9.293049947268523,7.108312553776599,7.297775058326692,69.68696309676189,12.738457983257582,8.087786755045991
1975-05-01,13.073673228963443,9.077685153939365,11.596228967516415,3.368588365462207,-0.5453622599995673,2.177372153673206,4.3469730613523545,5.193520590345257,65.86295307078456,12.15232552184273,7.771909778925364
1975-06-01,28.68170154326864,8.594700330098318,10.536396336902946,5.639795530577899,0.7412353208660138,8.44168397921062,7.151444872263493,3.7660239242532,59.970921606764584,10.048913846152052,8.401169497364279
1975-07-01,12.761906740654204,8.03949794017296,9.42672326361596,5.2657810920288295,-2.0785536959402156,0.5278972186687216,0.5989320139258805,0.8900070894152607,26.762321053560647,6.804992255266026,3.74482137618474
1975-08-01,0.4391858979385006,8.09304982361474,7.105729097418891,3.409491429958745,-4.051864502696347,-1.303626221645203,-1.026194304436304,-0.31306036508522883,10.334826051904304,6.353814780288749,5.243183439332498
1975-09-01,9.633062020408168,7.081590465644259,6.250260922642923,9.013489203309298,-2.287807958112033,3.3654461556092983,1.6650039689172775,0.7851536044570278,8.347481384205523,7.32189119688236,16.323902349236093
1975-10-01,42.03453765173171,7.377019676212924,6.810072981718046,9.803999785390486,-0.28121743803986865,12.924006001843365,4.313647460850151,5.625452616364774,4.723209145171538,7.775465267936861,29.936531809003636
1975-11-01,61.36170697544151,8.798714661646954,8.27345635102666,15.110824423345127,1.1115377086320444,31.706160656021865,8.814081390152953,8.713842176055039,6.883726709735386,9.585821692158081,41.62882412293004
1975-12-01,47.912989970662885,8.750518562361643,7.661727592722494,9.102673410217735,0.2222839367708076,14.577936617595215,3.9026403273418593,7.302845457547159,5.142137560426001,5.480183568949792,44.41134679141614
1976-01-01,53.16277163915594,8.714142478358482,9.920372893348933,2.397335637319001,-0.37906675851649396,17.441695499186984,3.200259587607473,9.057452250966971,16.82228625278358,7.548937409148515,50.53666103881321
1976-02-01,39.40337200911144,8.895127277363137,11.833892240417583,3.505582097841682,-0.6432460153205377,16.141219012595876,3.5366887342942475,9.004024967967027,32.20109888328002,5.923214241931493,48.22678887123149
1976-03-01,45.28631643177154,6.934084412055445,12.800354691863284,3.1523547738246833,0.8558284431086096,17.686677391022755,3.6613793986504195,9.676020712816051,50.07298491637894,6.9579506587569515,43.68853634405139
1976-04-01,52.2349140831093,4.836573134909332,13.342994567127247,6.253226430500897,2.2722543900027614,26.016457305904012,8.008269869791038,8.391179812005882,64.26749288082226,3.7947376556637615,36.53190971524997
1976-05-01,14.951800690474773,4.651904876127366,13.17403170359393,12.842014630139344,3.2748877836328067,28.393044733306077,5.887891823738465,10.845261061852074,58.5954688894652,5.196742142837911,26.45364645464714
1976-06-01,-0.8509830924298214,3.278671879370205,9.96665859555776,3.044655757184893,2.1454692825750588,19.641375708085803,2.140307725789075,7.227971733713478,49.263109919601376,1.6541537919309413,13.315011684417
1976-07-01,2.5545179040257437,2.644975958239838,9.103246255075042,9.339988957185135,4.445269342347314,14.218961640765407,1.8915011352918576,9.766740310707657,29.069305204394272,2.0721924500790516,10.544194414180264
1976-08-01,2.387708259035044,3.494312039874297,8.359461984754912,13.602473608227942,5.2282266073416475,9.767939166698572,1.0561571286517761,12.574753369387883,17.49029212835417,0.3134819357968306,4.198033209353264
1976-09-01,19.809935133775227,4.601171268087825,8.42875862001639,26.603275995910714,7.249778877482151,17.27021816243725,4.6011594971754946,19.946780111887826,10.048017735934387,4.510161416838598,6.184853517093991
1976-10-01,34.0413815360949,6.3979279580018265,8.141869076151977,23.417065114807823,7.4370798750209595,13.259925327165949,2.159222995197199,22.5340540276274,8.966735391914813,5.997443564477225,3.7408476542293414
1976-11-01,29.59102971440975,6.400490174588132,7.848253381582518,17.432858728771933,5.472200614946721,16.61398075661974,2.5371155785684785,25.988018362846244,5.278414538026295,5.395305652653247,5.928697519159289
1976-12-01,11.487943277360756,6.354703190471164,7.727413101130907,17.388995259546423,2.4560839902211677,5.709459065888542,-3.549729522310816,27.367132668859114,2.2780241667546512,2.9598550759840485,1.9489043090323648
1977-01-01,-7.328945091417147,3.9379812129052567,7.0476536364848075,3.582562088473992,-1.3511991375414771,-16.15829687567901,-5.97092262112049,25.281246891811513,-0.7640585910678865,-0.04645231871383704,-0.3393577103400265
1977-02-01,4.298673870187251,3.8210070225584474,7.394625884780191,1.537582750988154,-1.7980899842526288,-5.293555537709281,-7.450626818038957,24.956164632285702,8.838427320008954,0.48380095788867195,-0.28702272006784746
1977-03-01,13.928886824443019,4.018660430072593,7.980710649952521,-3.3376116589443114,-1.0079141170100216,7.320470448340441,-7.440006567004035,23.864524497405874,17.119046227966276,1.2576301538253531,4.093189840698541
1977-04-01,28.289052787564707,5.383425597410178,9.528549658641943,-0.718813511761244,-1.3179328713069376,11.96669015100785,-7.661341366557371,20.540783529758926,26.40183974504801,3.2007787646398285,3.976010518897141
1977-05-01,27.558446925583787,6.506626561777637,9.035785158437463,1.363244952699926,1.2641108534183738,14.500629201628197,-8.003539572449558,13.929593221256372,31.83564649085538,2.4651962969068153,6.063550352280107
1977-06-01,31.291547727813686,6.079214239035513,8.908294181755007,-2.115462186556794,2.9802613170139436,8.770970752430117,-4.66224347814329,6.976054740965241,26.905740370329067,1.2691492834413625,5.922282118253992
1977-07-01,33.89026063243831,6.673126246276533,7.813203024417232,-2.6558775618674453,3.27212760859313,9.517154038497601,-7.924667665006787,2.470780654569298,24.383121246248372,5.200832428518576,1.5770109948558861
1977-08-01,33.51114153313319,5.236334641026988,8.032432536314055,1.6483475189393602,2.6416017124266506,11.452940608207719,-3.0379532631817803,1.9654302140248365,11.4150975651871,2.212176283788331,3.860926968244442
1977-09-01,28.937190795080234,6.952665484838314,8.907932061072533,2.44752215156873,3.969672400914477,13.201599704732097,3.600373319326744,1.2125272392522,3.915686396584796,4.399136575803134,4.626532800774628
1977-10-01,19.772348101051392,5.356317054675292,8.915914401026152,1.218795674373954,3.001314993245167,16.341894659364268,2.3762988743343243,1.4994190956966822,4.826597543107361,1.415269315586377,2.474473975437597
1977-11-01,32.32170810578867,3.884683652597558,8.474793484532483,0.30855774717305806,2.294706329912766,12.654031063645792,5.148973378312906,0.05771788319255755,4.02449449778949,1.0180154162311918,1.4162256061556153
1977-12-01,28.69091905257109,3.2350405170462304,7.975004366445866,-1.468558970432234,1.4820677817060446,12.386470870551353,9.390314606206225,-1.6641897116993878,6.680218571910505,1.5254617073333367,1.1053429427974244
1978-01-01,15.713493355536997,1.3955803001686222,6.930693036036643,-6.358128118926071,0.4899048186382773,-12.044023137191942,10.57942747072697,-3.78212946241735,2.609021530758884,0.4786936474681429,-1.5670829861393383
1978-02-01,14.351232831491544,1.6151159695481079,7.68475508197525,-1.9579288294047288,0.8417685757232904,-12.211268106721214,14.760707546561425,-3.8272631658915035,14.645713355039614,5.60690223732025,-0.4639387260798742
1978-03-01,19.722407521913375,2.641826814992208,8.494774591919242,2.600163207524787,1.905703910067622,8.803394366959182,16.777225619141383,-2.3090452602733365,22.050295580049568,6.698590478563036,2.5672258617623065
1978-04-01,21.23044317610765,3.02758511380976,9.22492142792338,0.06863109425313851,2.0946500306176237,13.082049398107234,14.769348873386543,-1.601882513963834,24.696920796440782,6.7350980335249435,1.8232837138333355
1978-05-01,21.777913443948115,3.455070692603983,9.690412730449236,1.9963148505573933,2.672724026105965,14.016475283425137,11.933759101620227,-2.7824244605645463,32.71036815866694,8.647082975050209,3.2297458900485676
1978-06-01,11.312040583706306,3.2739479467207984,8.311656731497617,-0.38785947158733336,1.3760232844172906,13.009366596693951,5.705506186948892,-4.151541558536332,24.290109968307203,6.28463962974293,0.907306158631096
1978-07-01,28.374860337572038,2.6883589364209906,8.430238253493759,-0.8592311168666775,1.3553654727743014,25.79645575166273,4.489011646954543,-1.5841351868710838,25.055848721471623,2.6709098841282604,3.525173136638916
1978-08-01,-0.7764952744667966,1.8049867938108894,7.2427513176190175,-0.4803002472331386,0.7776313795291392,15.494790040355014,0.9269036920088674,-0.46450658809603773,4.7365270933786014,0.5661224249032824,2.616441257866997
1978-09-01,-8.99001568877263,2.5223650801091004,6.508993315887288,-0.8967543035851406,1.2773955933105707,20.949971763937512,0.694757602511828,0.45373840486812966,3.3017928540273687,2.9002115130135593,2.676828537569415
1978-10-01,-25.251811595097152,0.8034718513258801,5.137223184290371,-6.508784785312862,-0.993151073879833,9.500494004895167,2.0634832668542415,1.4863679818954676,-0.46129429775727004,1.8879302808101563,-0.29370243374099303
1978-11-01,-21.84261902024309,0.1546416172504026,4.176047962487978,-5.877596346775839,-0.8299091505100336,8.590308648035965,0.06347562485679248,0.7702491737532728,-0.6321884564357703,2.912101872476761,0.38174906868420777
1978-12-01,2.5840257116867065,0.3752639093602106,3.8619216370220624,-0.7197922355455404,-0.49807116293657927,6.514030150742322,2.8802259556608725,3.879259851056551,-1.3683362051116497,1.7788884760359895,3.1086696094817903
1979-01-01,1.8925945753051963,-1.1867471546972617,3.033078844980732,-6.0917421209223335,-1.9582682871561055,-7.130329052202121,0.7370740880032542,1.6705409956417494,-0.5312143031235905,-2.4244048603525883,0.15528467669719248
1979-02-01,-1.8429444656304383,0.3750829829292819,4.772173293500102,3.6826433711365567,0.28447622701377284,-2.7778556971896933,3.888232804083348,4.340848918424554,2.6413083883076496,-1.4486533114721318,3.6737059125092024
1979-03-01,21.107545170954694,-0.2675721067578998,3.858068510377435,8.247880834862272,0.14120590574208336,1.242077446551889,1.333631523888993,6.2109751758451335,4.599467201192979,-2.5768414969254607,0.5388737842796907
1979-04-01,45.39575603609201,1.1646743823272763,4.927603419855734,23.87389300430422,3.5186736967813808,13.826625960164343,1.9730230480296527,11.022790989737267,17.777381640753656,0.6556736261014127,3.2052222856345
1979-05-01,45.53846966656495,0.44774909690030906,4.742830250984238,14.932003541743157,1.3829283197014508,15.79487794377551,1.3916687090681883,10.309577608123561,19.74943347622277,0.19310172395318226,3.0945457691159337
1979-06-01,57.030808608234125,2.459206738390045,5.76689147691577,31.44559150401424,4.984262906627132,29.144769280263723,4.835998775058513,13.115254583616915,21.88991691808194,3.0903421761311503,7.1685691173274755
1979-07-01,27.012373828763813,0.7670284460187506,4.2832144068501785,14.524691638885344,2.649598022181415,15.708384303424161,-1.144510093041447,10.895496861619339,9.695133578891927,2.2135666378604526,3.0366764301801634
1979-08-01,5.516174788338631,2.030390182543547,4.077941759817977,12.901463383817138,1.5147439036318247,10.549165606959576,-5.064393871553488,10.20283164577111,3.160214934821184,2.6065379101945023,2.8639315652452524
1979-09-01,26.17775081915744,4.147329212592268,5.254925547212168,22.992975876501276,4.186847635559616,19.23509952350166,-1.0745746992659768,10.930859636537653,6.415815590051011,4.229958553915385,7.633623112987925
1979-10-01,29.76928737398866,3.514718022936929,4.940676998621831,28.31522375656273,4.024129886516045,16.488144140063667,-2.438144777059719,6.599803782145704,0.7117456154585113,4.383995470795401,4.870231320920514
1979-11-01,37.977116459648784,4.4793322923000805,5.637747224760382,29.006225859278345,6.21706021423477,9.601956677272739,-0.1249746920867878,7.166804759494186,0.27903792835491714,6.122359101273579,7.132033010418127
1979-12-01,43.5921540412962,6.690894287823117,6.458255841303682,39.63675655351065,6.520487566301528,3.7339082533509185,1.0710887073168465,5.9451012896067255,-2.896516861577723,7.912662543523755,10.287174489348637
1980-01-01,50.37450491324637,7.290593219017937,7.667331321242486,40.55136108055077,7.736431469422216,0.3086783006325433,2.1624895772778565,4.218798227569975,4.489470483565562,7.351625140016825,13.367168591407921
1980-02-01,45.21720458596745,8.772687174649754,7.940914777234056,56.49607323296876,9.595850963895389,10.432180325816944,2.6626250276045624,6.879238711580124,5.97502069932834,8.381349161842449,16.900934087120213
1980-03-01,13.663932790679851,10.390597443195674,8.832869672882659,68.97993505713866,9.893295775202477,18.1696302278299,3.420207924087368,7.258281001919153,18.604662106147234,7.371660655543531,17.452005896857237
1980-04-01,-20.14856503590896,9.943244329097965,8.40389081817259,72.27478771452391,10.996723878200743,24.848817902784496,1.7455579335592581,5.8831954930189365,18.73785789451899,8.48984260101282,16.691359332488034
1980-05-01,-15.37334639446604,7.550805121124693,7.243255908062244,63.77407174456162,9.488110770996942,23.810008989811905,1.6609602516375297,3.6454802520440026,18.84500099222148,10.098957897859535,16.31991225131187
1980-06-01,-6.603036920435073,6.439225713190372,6.222537246543973,52.453755613361096,8.86819460889196,28.343345391797193,-0.39963121491591025,1.2466833045549777,15.06908052214915,11.68904967772124,12.96429242505062
1980-07-01,-21.324188985156894,4.362830881685843,4.592732786116242,41.26708291196003,8.799930617470444,17.2178059994064,-0.7470102004028014,-3.5320945412403297,10.950077249986542,10.712383550535263,10.874565994693992
1980-08-01,19.03992192435865,5.765787520494737,4.452936174312778,33.91977165642853,10.618612461171239,30.62922492291429,1.0190394421931117,-1.2299165213204102,6.409930110398896,12.455543072684906,10.678414797162155
1980-09-01,32.39108542983355,5.881595145013499,3.5909160534331033,28.193448199853485,9.12514449832339,36.22978054920123,0.39448289382396595,-0.94237934747769,3.462831945620792,9.248494800491937,7.045009353710171
1980-10-01,27.35831397178822,6.392116245323454,3.504038467857913,16.501328997384668,7.270549811928671,32.78073688297893,0.06033472461032119,-2.174751899715405,-2.117467607480094,8.961255733408215,5.725152642359095
1980-11-01,27.041924473289356,5.791716992051189,3.931102906559728,5.840891786602725,5.593502644473796,27.025790478206247,-0.06350678646041175,-1.8529776623659533,-3.8857042768663987,6.875940390022812,4.0421161272225845
1980-12-01,24.603817748667467,4.510163659717183,4.5073648433570135,-3.004697139389215,2.9586275555048935,26.681544501604137,1.2444255389693701,-2.452516975765244,-0.5360049877355664,4.82905100450685,1.132349203744866
1981-01-01,52.70373223480392,4.8121330521180035,4.638373970249686,2.5980165662207497,2.621544985343556,20.20664918337736,4.220373919087379,-0.3882490502545224,1.4622398634634948,7.92201561379162,1.2940645508836042
1981-02-01,43.217143657667194,4.7074256075226195,4.433491702695125,1.9641905916595874,0.7724993022284217,8.070734587771241,0.2981131990475845,2.376677166508774,-0.5290696852187722,3.610679529430424,1.4202373574950755
1981-03-01,52.50719514582936,4.99591674686852,4.993847416415174,-0.18918577646611112,1.2882108458522517,2.4876146884586987,-1.008328024983598,4.362186292568911,5.524168500364013,3.041009887177724,2.2617610572048434
1981-04-01,22.980172928201256,4.5086925932535316,4.643946801517926,-1.9013717589783141,0.2070752479801925,17.87857881131663,-1.106879483711655,4.218271038486726,12.748914277073602,1.8755199080016443,-0.05977124379261767
1981-05-01,21.235117566121346,6.094330172006234,4.622587041057241,2.835116011019892,0.5167882778806234,35.0612566510656,2.1638768294214756,8.222974958087235,12.63439585269893,0.5757342395702825,2.5357102374273417
1981-06-01,14.018880121061358,4.243289097220739,3.8396873009086736,-1.3972092222601091,0.0587433645640143,23.596683135396283,3.08702928792,8.528938142399404,12.7898762399563,-1.7491316425163461,2.0128210303897447
1981-07-01,1.119301519951378,4.0742327650829715,2.8562340667717843,2.5708884328877417,0.5073251143152291,35.16100474515622,3.987049096363531,8.117726924093922,9.426475107966226,-1.0273890396607968,2.1585849380750375
1981-08-01,-3.074040340400302,4.140937163944622,2.475710800639048,9.446092784349133,0.8952935932493009,45.08781432811043,3.759793013998671,8.726353003022219,9.055233711496676,-0.20392150028358458,1.3363131397583459
1981-09-01,-2.756931717828408,3.326431562476696,2.27528477244696,7.136750478244132,2.775949598946804,37.681190511040164,0.7642967490764327,8.654648096950222,-2.1195186361484204,-0.7210005576808136,1.476520170198782
1981-10-01,-1.9453135270529742,3.3356064381779564,1.9789738879764496,6.400283704577305,2.799394089330981,26.55258745492518,2.065284772087452,7.498918127438515,-4.921968349786866,-0.9526371495365389,0.9528751645745714
1981-11-01,3.1818503855701294,3.741000636541381,2.86798336142279,6.5480049387227695,1.3196278358758686,13.305442570558455,3.794115876763726,6.745048560007902,2.921474023904281,0.17556832348895668,0.6303764947741008
1981-12-01,-2.718687708386227,2.6885714484069414,2.6873759674999738,2.0725718573083114,0.7914579887135105,-1.8112347354558906,3.203025885908655,3.281446942588037,0.842984778341112,-0.12008846556519259,1.5291455340006657
1982-01-01,17.776778426918554,1.368854182769292,3.529706486502663,5.537138344727204,-0.05963747494441307,-12.643060456473258,3.605883049048341,2.96751398418688,-2.0756801169205374,1.2417314077392483,3.3309853513538883
1982-02-01,10.795938108011086,0.5958589934463454,3.1086620603913273,0.5020154333441482,-1.3181739097985883,-7.277766676058292,2.309546520064366,0.1621777191506446,-0.5393255210551757,1.2006793287636945,1.8034331913280042
1982-03-01,7.747557372693024,1.9340642100111545,3.829704275008253,-1.8323657166967706,-2.4768765483196287,12.41725458674911,0.9832631760734358,1.2574683307552306,7.648975364309678,1.0272313956985926,1.4238403131642912
1982-04-01,20.92004604145805,3.493433374695549,5.3515052398428296,6.29251105622366,-0.9360665693214134,19.84071220539697,6.068435268209797,3.5982248093988645,21.471908028497282,3.273015081289792,4.238521322972861
1982-05-01,7.819365734597596,1.4085391444199544,4.5990007358717815,3.9855720690759924,-0.9208700774029435,17.60473955459102,2.319968058293121,0.7441211622296215,10.320136301511553,1.464136769968114,1.3158766329099407
1982-06-01,4.802646562733287,2.545444132623903,4.047771286768706,4.814022646400275,-0.06919109231495568,14.125108672668318,0.4175023622743055,1.6185004075435963,8.706941189286702,2.080379618265308,1.0206562262236467
1982-07-01,21.1474852290373,2.779329040202498,3.1764430187204624,2.744376046438134,0.8957261110851782,29.514826263899067,-0.0768173389351432,1.3251037969499926,6.3655097024664045,-0.03716486838860433,1.2862920472217745
1982-08-01,35.40153109066537,2.22933114473501,2.614788126407144,2.841451660152252,0.8798432788385675,30.63515428996105,-1.7602585952326208,1.996655810022851,3.081377825568623,-0.34686014761371453,0.398953882846115
1982-09-01,72.68805371059534,1.3707104213530812,2.2557040072173455,4.6959924010449825,2.8831196953606497,45.454205554167146,1.8526839016290282,3.8073118267319934,0.9503799791658665,-0.6808573730458427,3.389115101518737
1982-10-01,82.51417450704554,3.025310208973785,1.5221409725398463,3.8861144182038885,3.9298378841249058,36.85007700920143,2.7004512078884915,6.533763142923313,1.5439591899262695,-0.4831264855427335,0.8517480283268242
1982-11-01,65.80270392436628,1.4550222295177555,2.468458576993796,1.5537044039370258,1.8655326166713557,28.765482928822678,3.5885313163038006,3.204455824576545,-0.3663966274682622,0.30929254991347577,0.8402712417491855
1982-12-01,41.01466288351443,0.9049831546835314,3.7402586698126035,0.27558307329154275,1.2251616961600078,16.53661267838062,3.2222532078272152,1.44493920583826,4.062056070675766,1.8458425839297377,1.1768444624733263
1983-01-01,18.322018110635582,-0.24128323502865356,3.942315691193004,-5.755893261312387,-1.702699364073748,-2.342007247896703,-0.7611398294011238,-2.48441973809625,-1.2212318155150257,2.2967293160934616,-2.587046201630635
1983-02-01,27.095603444063926,1.6797602583007745,4.44611763403226,-1.5138845402231667,-0.7181995794215155,-9.59371349732558,1.0627333938895873,-3.656772881043956,-0.41590507855080716,3.5527536199596597,0.7780077002704004
1983-03-01,44.95122599446918,3.081797762235512,4.804197519074875,-0.5491485148253687,0.7380545173218884,3.188145345934302,0.0971963357183796,-4.090881374980654,4.781746819509976,4.416252810793274,4.4189629610182095
1983-04-01,39.023370603189676,1.6868279325717062,4.814860611937331,-5.038974292128586,1.021711438263921,-0.684134553915257,1.2546947758862004,-5.251129141458382,6.761078038680019,4.697394387357775,6.917313200658157
1983-05-01,30.690418370478,1.1119486804616194,4.813048376981295,-2.2526077437192527,0.10959646228137743,11.374699051723496,0.8666146460749431,-5.99851706694135,10.356146537310863,1.5259600201653427,6.185635846553524
1983-06-01,36.34463979236739,2.080573771297214,3.4083166995227154,-3.2956018524233173,0.17647753296008517,14.868581241672132,0.9616923697307342,-5.728486409141631,9.606780399607516,2.0923716287853757,7.554273725932674
1983-07-01,42.21826424663783,3.109717067245086,3.1390081099547693,3.453993393825641,0.527298560290852,24.743929742024363,2.134392224197896,-3.880082186575617,8.838040108561422,3.501893005585977,6.472777165930992
1983-08-01,18.20003386009148,2.47787550030783,1.5528347777165692,-1.7789527311453313,-0.8426898421069353,22.79019148064539,-1.1632504538232737,-2.8785480168348627,1.0088862661098545,1.0455446405206317,3.543180004153175
1983-09-01,15.177764214330466,1.7001864656758094,1.4242257321547571,-7.918085870369566,0.36815894283880723,35.34314117094563,-3.787965950973579,-0.7733271060867466,-4.691716273335921,-1.4664745616325803,0.20716872448484835
1983-10-01,30.221039007138017,4.619144372466277,2.573805340479675,-3.4402025248989716,1.2304098669161334,49.5549224128022,1.228270226531592,1.0890170977012659,-2.481625628239456,0.30377067426413973,2.227023108251789
1983-11-01,40.68119925858343,2.8747893906493545,3.04954262572051,-5.560457801658345,0.14095807664907412,37.77893053253473,4.994430599219136,0.17449334201301525,-3.5331902305199065,0.052851561876785524,2.3469310327650135
1983-12-01,40.431533491158035,3.5954583639608053,1.5521619700654012,-6.070663942557047,-1.0516861343369968,22.868718202839347,3.6259965961007765,-1.0955863828183148,0.08193078872218251,0.30260692173880344,0.09996578367508846
1984-01-01,48.98426956310422,1.9985303827238656,1.4030572601168956,-0.5803298716227019,-1.7465081398828382,24.972657790135216,2.2218691391190077,0.11457040178683542,3.5415122611034278,0.2476011395697384,0.6163193809931542
1984-02-01,39.55743330997083,2.8750016870768356,1.6486893528121707,2.2100850964434855,-0.01753150549530247,25.54948479568141,3.0972028718211106,0.8624224852067535,3.6522059776706186,1.6934498465098713,2.180648314519164
1984-03-01,21.29823513407507,1.4368541822642662,0.7652803760249602,-2.251393601658222,-0.12290603283351587,17.668505290814068,-0.7913659990777049,0.1377344473425417,-1.151679639674093,1.2500628456575704,-0.2233125501780968
1984-04-01,-1.4326141237685306,0.49718549514491706,1.9629606837877898,-3.450360706790903,-1.247785423053454,20.10386772134551,1.1660876525424513,-0.3038769002156627,1.139055927101687,0.7526108471257444,0.7615898278827267
1984-05-01,5.417663572789792,1.2833376509631016,2.483742950735393,5.0962302344359,-1.5298397233887542,20.104306880717346,0.07066528981282261,-1.0960042568487083,2.476488340429171,2.664336298969012,1.5203733455782178
1984-06-01,5.1795138073657085,1.1728977136439038,2.409976110160999,4.273729393364519,1.236906828203825,18.92901622674978,3.616785737980422,0.6658809982724421,5.557936919936743,2.98675731503689,3.300474916560052
1984-07-01,-6.597641104965561,2.115949956844913,3.31294827232293,-0.03379500352728826,0.29277632503317363,30.410732213423387,2.021357411199638,3.2468145377323125,4.099576653058286,2.147825857841436,0.9722786505412522
1984-08-01,-15.348370268322014,2.4799567344108286,2.311089054596037,-1.9824112541940409,-0.8226603155417429,30.608115333506376,0.33498597689414567,2.2295508677632156,1.1400256174566152,1.051419978574959,0.7292235080152558
1984-09-01,15.564061853524123,2.204523358311855,1.1937416916103274,0.6414844622879912,-0.1314607283649849,37.71069195879193,4.614251083877733,2.4672129290262426,-4.649217659208084,-0.0074581435008092,2.6079929602706002
1984-10-01,40.023418997890474,1.3303824366563113,1.71950484610886,-1.2717783446012163,1.6914016215858076,33.507451963255605,8.837196806404158,3.802404073302071,-1.163564564774802,1.4783163181572085,1.7838404641520107
1984-11-01,34.90268465742773,1.8755715164298827,2.677851751260784,2.432812910703248,1.7760199086972932,34.66843887069605,10.600361146741129,1.8088493356298834,2.439936869430504,4.598348440287758,4.0561889388182095
1984-12-01,29.7344724517217,1.545327493305484,2.9140267675447786,-4.109826693286536,1.5864155053272988,31.546648091549756,12.601888451449028,-0.2608137479680721,2.049317465603096,4.518620237261249,2.35329138092499
1985-01-01,14.249962101156086,0.6518149495418903,1.4804941512562744,-4.2997381427342845,1.1126585283285166,14.573998102983666,12.466186728859789,1.666150366198412,3.3943342217093004,5.714793415556954,2.063397323770598
1985-02-01,42.869935850488844,1.816008642646965,3.1133437393045815,6.3279966374907985,2.5835056404008476,11.664541716052256,10.773378023646103,2.5048041087770407,6.5419237788481865,4.795881558381755,2.5550413360686335
1985-03-01,17.135588541167323,0.5910814200048851,2.7528603218362138,1.233618908883514,0.8247085561255183,8.515308129893768,5.865300434952694,2.9836196030122473,5.719285021219505,3.836479406403768,0.24569885808119452
1985-04-01,4.063744314749755,1.446495081229422,3.260932284049585,1.5331816144502852,2.0744306531802117,15.891183215439668,5.475019961980429,1.6403963828737815,8.68210533276202,3.3151839030697374,0.554658241293513
1985-05-01,-11.782599102981493,0.5386328404799272,1.496110048817167,1.3257486307278867,-0.30785224212079143,8.266913124208457,3.310426155064981,0.8111659126354631,9.53594321611753,2.3546301543636226,0.18569296842977678
1985-06-01,-14.918953403018918,1.7626905836535975,3.0214776131779857,1.9649663269256052,-0.5456883900959113,2.4546431540191094,3.8143414990995055,0.9610932895407913,9.137649332227653,2.3212840249311704,0.23364725153898291
1985-07-01,-10.071934901991455,1.413971392860912,2.999971549991278,-1.7282986680543218,0.27715569944803775,-1.861619686313091,2.5000631284179136,1.461031290976912,6.8583583441802745,-0.7440165252246516,0.38169088770070303
1985-08-01,2.8100807304542457,1.7044000893379252,2.552035997954957,-3.4151112060336573,-0.25770837086749765,-3.402055451411343,0.7776264588757726,0.7805592566259563,2.3872484405074204,-0.4659244283049162,0.38953421188257664
1985-09-01,-3.70740367052764,1.5773646934344843,3.287367272520507,-2.799531910301482,0.7917251337586215,6.782160712832649,0.04344798250699711,0.25713354447149683,-0.9576824895051459,1.2553138170432199,-0.5571363522657506
1985-10-01,17.79401717253205,1.4020367805353562,2.6769847804220106,1.4690156174502107,1.0307185243532153,3.783050936639384,-0.12445079854416008,2.8616763506578415,0.654640057280389,4.5625634793465295,1.117762927590178
1985-11-01,20.047137083397047,0.16404491729064752,2.5801962740621267,0.7939684831297171,-0.0755071188421077,-0.2810461864567344,0.07762850455699066,1.4821117931746208,-3.8219652517246345,2.8280605287556604,1.034559715407248
1985-12-01,23.958453107631215,1.401960561693251,2.210444193216059,-0.5883743249114417,-0.5020481373379084,4.515831884781107,1.9001439320949487,-0.2293451442620693,-2.2608937850766324,0.1953811672952206,-0.28245407630996056
1986-01-01,32.939178790404526,0.7695122218988768,1.527917055036232,-1.475847418911627,-0.5942940380409745,3.488844957449558,1.5756875758656648,0.6560521195903171,-0.7032702183539072,1.2527837358488902,0.46077690590193043
1986-02-01,16.881033758869876,0.6216432044594651,1.0228040339436237,-2.259387186164858,-0.38530530478071867,-1.208340493785414,0.775883046239116,-1.5191415288661183,2.2308935403881236,1.8778477026943605,1.0036376528256596
1986-03-01,26.921403830711284,0.13975216007588465,2.4628897806376866,-0.3670132319358572,-0.3353995181715028,1.3952718330689606,0.07520121173842398,-3.7851873731873624,1.6129118412968353,3.3831337542338247,-0.299166144602097
1986-04-01,31.719929437809128,-0.2848571275369842,3.285762161515054,0.507748197419275,0.7884612286899433,13.052951467108016,2.765591045313222,-5.276897029020635,7.364295039109862,5.828062714368386,1.3116922364336716
1986-05-01,18.073551984265436,0.014147584695288984,4.2558935045956385,-2.8261800495784968,-0.3691757937772877,17.0677316761102,1.9860221076893296,-5.972859178158675,8.146996588864312,4.714878957593221,3.9528051247797364
1986-06-01,13.096956203655054,-0.2230545938709234,3.0632043750397626,-4.582021216383083,0.6593891807530383,9.728657312901518,2.6570706810886477,-3.439535814987881,9.678931185971138,2.382771244388117,6.550173162175376
1986-07-01,-1.0958662226433091,-0.8107220915905238,2.802285569031522,-11.223106589588994,-0.08829381095291922,4.12425796797595,3.7094435592798405,-4.620018344625848,2.052605510520067,-0.32672739935870254,2.8060435554542096
1986-08-01,3.6266590032112163,0.7267495775368626,1.7764390633613356,-11.51627913360123,0.039015467584498253,6.7529589659028915,3.891444340878664,-0.8720278959202332,2.7182692123285648,0.25584799638670574,3.101744728306045
1986-09-01,-0.3221722431487706,1.930116857990397,2.38655004163685,-8.583033682475147,1.079207154976796,6.668865785788569,1.4664248038685983,2.2829069650070473,2.6876753286165638,1.450901359265341,1.4593286422690355
1986-10-01,-4.353523671767732,-0.3358979216995195,2.3899858013052864,-10.47537390759149,-0.9553865467534877,7.793129856480874,2.4265977209491965,1.2149742319660604,-0.5391162807739818,0.5800180837423561,0.5027216732079509
1986-11-01,-17.332020725304318,-0.7274737152919659,2.4404896102778633,-14.18953039372768,-1.4876042785378658,2.6511772675912084,1.1221941698855673,-1.6851818725353525,-2.1598847891724517,0.04713339868980526,-0.848750218026332
1986-12-01,-4.099218942089664,0.37239115517370003,1.4511242928467674,-13.82386848946696,-1.1563810687730225,8.85732758992279,0.07009253308510921,-0.2438328286650311,-0.11764627379420745,-1.276495099623446,0.09711194470564521
1987-01-01,11.866276687369208,-0.6473992744177863,0.8672643427580358,-16.035823582670403,-2.1530483501226954,2.337391628174572,-1.248621947732076,0.3508405080617436,-2.5173052805392047,-1.9748206165371904,-0.3219031744522951
1987-02-01,-4.863294789636598,-0.7152077547306384,2.1519636753191946,-7.494844682863587,-0.9083339975623907,4.231168830555731,0.032692461325439126,2.0175380976381696,-0.7324265185671379,-0.4696892751769006,-0.39675802535403193
1987-03-01,1.0342266680203522,-2.5022827116495012,1.9605566395105196,-2.961685768764241,-0.7386970353331108,5.002856629620723,-0.7951921616523805,3.6899898603443972,1.4200639234944674,1.0546749519623617,0.30519105483478626
1987-04-01,3.7163541757003316,-2.65255315484573,2.3420190064221007,-5.385269017247367,-3.580035450189886,-2.2551920640443086,-3.1709996245322998,1.1297434419654167,1.120066525597096,-1.5245329421596594,-0.9378646730606164
1987-05-01,5.552649459490567,-0.4261621048521391,3.146153195842995,-1.8579988282269824,-2.5884970089404717,4.2290283599512435,1.8244927487990807,2.3236665032412347,5.077707776108241,-1.1576232435929938,0.7634100687214342
1987-06-01,2.716139510962762,-0.9378515775021743,4.170824458292479,-2.2670132419183204,-1.157296684497016,1.2778595694547477,0.3289474331493807,1.5672689398496296,1.7113642070124655,-3.543162677360339,0.011502711991141723
1987-07-01,20.370691118548763,-0.9212089021357475,4.71544354385188,0.5405192416616558,-1.1051343724687506,-4.243254628527538,1.094052467483749,0.8519572250649965,1.970046344083073,-0.882942602064464,0.14105475079600893
1987-08-01,36.89157935202533,-0.1554822683101751,3.891713209918576,0.49811437995268193,-0.09289833612835352,-1.3255012308259495,1.476158100738509,0.2356813684195025,0.36471072073331356,0.277250794660322,-0.19208530169533589
1987-09-01,43.84320797117573,0.20226969850801524,3.8316014481426492,0.7054376523561672,0.9653465613675465,7.088017002865428,1.3687741663504553,-0.7019499143930297,2.293406090761195,0.015997790426954595,1.102706953027642
1987-10-01,22.215882013064004,0.12129830863362123,1.6641274834246556,-4.143696067490836,-0.0019611297718427068,5.474650300905338,-2.238042265052016,-0.9087690674061406,-2.564022952477444,-1.1427757228738358,0.381920702317295
1987-11-01,8.574021741876322,-0.627746558625466,0.46009780523398014,-5.791099307114109,-2.078964321327284,11.351592418948456,-2.1459580832980194,-0.60615591953799,-1.8255066828195652,-1.1629427166531983,-1.0711346681542935
1987-12-01,-11.482156929199363,0.3039113909117077,0.12358043890869119,-5.200956475459918,-0.08466205099117019,9.300024385151971,0.22870093426727323,-0.7568563157585046,0.2955567616958916,0.9950953578796167,0.30136771295468634
1988-01-01,-0.7161909842321847,-0.6176219583235358,1.3523316860169938,-10.641520889159878,-1.2637434715969746,3.4722397146752115,0.7316781877122196,-1.551692145457686,-2.1310359324839965,0.46899758397302804,-1.1902254675661226
1988-02-01,6.719476078998781,-0.7837172953653102,1.6026829547731527,-6.993255752233125,-0.5588025834066066,8.432098478532339,0.7791073253254908,-2.7632304452992074,0.4478349844959979,1.2054199402394197,-0.6966867944360615
1988-03-01,19.972587402900132,0.6152750853556608,2.326502455022796,0.1383876123647525,0.789398983995504,13.834419470897629,1.7817536272070598,-2.135087858400059,3.4719435429511094,3.4368070495019936,0.024062589715555305
1988-04-01,16.28872937321151,-0.26758341801801855,2.7279805097069527,-2.6131269281951006,0.5864512503083645,8.531529955433257,0.06097134900436885,-1.375339866467371,8.724548780570913,2.153338122555695,0.9569183428586143
1988-05-01,8.033868475628424,-0.648944092232199,2.553118244083999,-1.2220730488246971,-0.4568482314129234,5.426693810514848,2.9189253357798606,-1.6932187535318093,5.877499412738459,1.8729776578145163,0.3428415817216717
1988-06-01,15.490747480804572,0.283913010480612,1.193077733868913,-0.5769388125191597,-1.5566849914879555,6.850103450151622,0.8967361849975859,-0.2437046193476995,6.143067028803046,-0.42495139165898266,-0.9419679542267403
1988-07-01,30.217582300110337,0.3533117503599694,1.7549322497477622,0.852007936986567,-0.0912430576557739,2.3676306711531794,0.3453532423830836,0.9496247765849439,3.6091896071383616,-0.9266639649722421,1.2606816000491108
1988-08-01,33.53237609259787,1.8507687791243743,1.9246336436668496,1.0049219000275684,0.7676734604654918,7.07336685448378,0.22721455144061764,1.4558596735384945,0.4600221626563865,0.05541447597270732,1.1117390216224337
1988-09-01,38.439082260701326,1.0051055282780172,2.2960424093195133,2.6256012659776076,1.3343662374304976,12.170822728398434,0.5225289293221778,2.4055155743823136,2.849299261499638,0.6407609728244239,1.4737602963539018
1988-10-01,26.507664272238117,2.244897523018958,2.4210041261231012,0.15931398857036072,-0.11000992282593813,9.243079307657382,1.9125316522795046,1.6548851311013237,0.630353898292924,1.2181820485416068,0.5647670087341226
1988-11-01,1.2220925986757152,1.4532555163721828,2.9632047780370367,-0.5402249775963952,0.2781580738809666,10.252132767352805,1.0468718026092603,0.03226050658832946,0.7272376622412082,2.3801608500173757,0.16672123627292024
1988-12-01,-10.164500292864147,0.10529952756717265,2.0406575105844897,0.4596016709096489,-1.2140757907168158,11.042802651140605,-0.08334216195857636,-0.3654551965178925,1.369718837879006,-0.843888933806376,-0.9377339910692797
1989-01-01,5.1793562486878955,-1.8928203603431868,1.3552204731575141,-0.6531604562164546,-3.190512821132568,4.431821017571963,2.531601258524965,0.3875600454285255,0.9238903972742776,-0.8829670901034632,-0.8383842848733778
1989-02-01,-2.368258606249867,-1.025998646685256,2.414925721639218,-0.5878739261235069,-2.3942752020176243,1.8742045257108657,-0.32645901607943983,-0.4251727324464092,1.8947416511647077,0.250953385159562,-0.2608272465811936
1989-03-01,10.729979364971825,1.5186318532445355,2.480191329298096,-0.14073833117946322,-0.7870468175396397,15.610986565149247,1.7877583803877144,2.0590329924204944,3.702964174356296,2.6176820285052713,4.1932759427817885
1989-04-01,15.30029923135379,3.7347308796566523,3.547061247827507,0.13678811455288553,1.1579453051735484,6.934402074357806,2.2120404054904057,0.5111325546759247,6.776354334792288,2.050823570124045,4.3005184939053365
1989-05-01,12.0852607305861,3.898327730448486,3.686298908303346,-2.1387101211996793,0.7184549103327242,2.935783083423729,-0.7040231841029012,2.180456953479343,1.4500521926304657,1.0163918906809428,2.2141932598373586
1989-06-01,12.592627142332503,3.950232393989058,3.638017908184608,-1.706130230966508,0.21290531429835724,-4.1971710151058375,-1.8044311350854159,2.911215494841848,-3.064234937493083,0.6480662124038439,0.39332875766339725
1989-07-01,6.350632008914687,2.244080795314499,3.0864469702197628,-3.6411846330853166,-0.6033511922842116,-1.2084098981949438,0.37993036983974093,1.3955377208984352,0.36758560942141116,2.2584961131974417,-0.019431077858804713
1989-08-01,22.251615325959364,0.5451714663015892,1.6643495485512663,-2.6321967594708013,-0.9714592465026399,8.140729967330657,-2.4482541711181725,0.34483459424350116,-2.0604822945687147,2.155042239544656,-0.23791814185663185
1989-09-01,66.07245953437484,2.2316375183980206,2.4050760042909687,-1.2691967893162825,1.4333091229242818,11.277188024711009,0.6143058151027034,-0.13439679683274264,2.308877981081821,3.848211855677988,1.7909471412450344
1989-10-01,59.48946787206421,0.5857365946303972,2.370109488244303,0.5145950382725601,0.14938427230021745,14.708693763529979,-1.5511104055795073,0.7263708431455242,-2.9327055780814817,5.190531350066234,0.9752515669428448
1989-11-01,34.034904079666745,1.2913145857159734,0.9182597254725717,0.45401018361788203,0.7267243910172922,21.776803282067092,1.770650418311746,-0.33221618161396904,-0.932808464608641,3.585269720763197,0.2709750417056327
1989-12-01,39.40729410917993,-0.4203791474607108,2.9372502375834966,0.18929501891123834,-0.41538022007908637,16.013748456967562,0.14854023103255543,0.37138803163241363,-2.420590281148222,4.013051138736731,-1.7743848311786508
1990-01-01,45.11054848842403,0.40145122189049687,3.7059232435927374,1.325786178132688,0.05976106601838538,10.948392631909272,-0.3450622885856163,1.3443853207100673,0.4416473910731895,5.601452077290862,0.9419923544309441
1990-02-01,40.270008140851246,1.7577910970695925,2.2373903114514473,2.3953935315200567,-1.8231794910237547,12.043913276278616,-1.3558350251143523,-0.46446495452887504,2.389082028385829,6.112112501165402,1.0974177194473
1990-03-01,46.92072607895912,2.3596030657462954,2.978095491366055,5.658933421160995,-1.6138071911312863,10.759048064406613,-1.7225303038341977,-0.4684914217029714,4.7857201744751166,4.332433315062634,1.1913568799334513
1990-04-01,49.449937846027325,1.9709858311041568,3.226925774809528,2.1153697182643896,-0.004221004588945476,13.173485369363604,0.671130232632855,0.5822492528484133,8.087854251921357,4.972495868529553,1.072843630872292
1990-05-01,37.75489563858696,3.1499673750611024,4.185410584111256,4.344367383561689,-0.48901531433266143,13.669073027467817,2.5373000956978586,0.49292417035543323,11.633549688674464,5.703325899830919,0.6305555104385903
1990-06-01,9.663679532262478,3.1216504962849214,3.916375325244207,0.5842490521725665,-1.2859003663215844,5.4010375556295145,0.009417029501044283,0.7358618332263411,8.38832025752535,4.846095460999802,-0.3437039882909332
1990-07-01,1.1506611890900444,3.7764712635659077,3.5078022328923204,0.13138718907750047,-1.3958695189553225,4.15474782346395,0.40509755334856834,-0.28627787850668085,6.233739908380315,2.8362566268809317,-0.15416744119872305
1990-08-01,0.900285653269151,4.15071775401414,2.1990909116501935,2.9226758217205457,-0.0730175961722459,4.302043514893882,0.5267509309319536,0.8925806505895046,1.126935874465687,1.4319018427186379,1.191588049453543
1990-09-01,21.306961092343187,5.469749204132922,2.2912652031563034,5.039556858187737,0.9218325922452131,5.515018378517098,0.2376653937545612,1.3225903458555166,2.3900387819745816,2.6013734935552613,2.6481789071374635
1990-10-01,33.89360296022548,4.762573057824534,3.8809904149748036,14.067291941827818,0.4667820403476526,11.848606561330612,0.2511147183326017,3.6212346341217767,2.103544735000497,2.7030460014379187,1.3886383190605827
1990-11-01,35.29330226324325,5.574989805595731,2.9204945997716987,13.4099700199299,1.090584158605278,14.595749974987498,1.2018537916405236,3.684090857840925,1.8249837849761406,1.1291831707035236,1.4813874370042015
1990-12-01,21.906770418844587,5.123720895396762,3.0026501287436282,7.7564482071276615,1.4899893438728675,20.408124545028002,1.4698982613201466,1.7797079691825566,1.0718346924372923,0.5150972310968776,1.420187335056319
1991-01-01,49.79534025733423,4.5488211488636825,4.134012330765447,2.0741141638419123,1.460524037386751,13.966261237216926,0.635225315984151,2.8094255324067348,3.217837487214979,1.6780812595112806,1.953750089239719
1991-02-01,41.29044076461864,4.8069855832201895,3.4318252356235206,-0.7976569509383182,1.730126130873522,17.926607176320445,0.25206777425323423,0.6341497799244635,3.7782697242478207,1.7412612349618115,3.809508064360216
1991-03-01,20.758011466954486,3.2893815706235863,2.2808572972324086,-6.6779480026027755,0.6144211348440756,12.609263851976067,0.24701826926984438,-2.3331813818765497,1.6643925095876568,0.7090764605440683,3.2074263854761966
1991-04-01,25.665301229728186,3.278533649050363,2.849655910863371,-6.369774587155234,1.9251914629703961,14.882138896915066,-0.14400906980761619,-3.2843718561653645,4.9741631562365,-0.3203008634808384,0.9859653252146927
1991-05-01,16.95752385382613,2.40082019704759,3.7382894572672,-1.1131591028047723,1.3224748519378977,15.08890051952865,-1.4379036546847814,-2.212965048080612,6.796548421863747,0.7012397318653676,1.4261088775063726
1991-06-01,5.168118064412766,2.2673188551233174,4.531633399787726,-1.0984933565822956,0.40962606489944875,10.373993951581667,-0.18826738652192176,-2.1735824317922763,8.263858895488212,2.0430489854291345,1.616078987845185
1991-07-01,11.350072306151787,2.366444957160919,4.904085470355293,-1.3042307884857536,-0.703846305486401,12.644186969602998,0.32091779731062786,-0.7093632793578131,5.135390800540435,2.6794393182624283,2.077055436102505
1991-08-01,3.3972296788234644,1.8961984595872394,3.386383803224808,0.8871785535721273,0.13964809934068256,12.976543705252922,-0.39343044148814954,-0.22297773633060558,-0.03281440332622765,3.575207410112231,1.1156937257344524
1991-09-01,2.22540540501123,2.6362455864373153,2.1114279552941575,2.8571056458517887,1.8120938646620957,11.746923103393385,-1.7167937962974733,1.0247991434477726,-1.2640178487487645,3.437823388147141,1.520047650297002
1991-10-01,11.048076425526688,1.1171723237218458,1.1843925219841047,0.8912532175717729,1.9979484987897322,14.574087643096092,-0.3085609853322211,1.3098829903914506,-0.3408113552872294,4.225292549442408,2.5209108721879687
1991-11-01,6.9423263793074454,2.6095377135130207,0.7200026558506867,0.6706592875035255,1.7984340571675794,13.102704465464626,-0.5620548922996207,1.1226507099956962,-0.21252595148976638,4.186827630002568,2.6368213398176223
1991-12-01,6.1791054083919335,3.253215051225773,1.539319235093343,-0.16557930712134805,1.2551657909730025,2.839224559884869,0.21609922234230083,2.4533395783481318,0.5786789501130158,5.4806684100155145,1.5795647941141695
1992-01-01,20.31593315348914,1.932260566178222,2.7146664145696473,-1.800959372949663,0.08797610626171704,-0.4947648772960491,2.776804499990483,2.0289464240910355,1.201058175875815,5.517902414342441,1.0451821757485291
1992-02-01,5.979938749162443,2.6426049951643016,2.9433572372381427,-2.8355282437724725,1.2277970546429664,-0.32864258919325096,1.9882913435255176,0.3635407142438716,1.2338458889360027,6.734058418287816,2.2998556550211404
1992-03-01,13.396157368051433,1.3002408399487635,2.39273780498468,-0.4835781213651842,0.38797880503728166,3.3523079202111745,3.8110759547487376,-1.1660954173280444,0.9950843045377269,4.108572799222777,1.5082621133976488
1992-04-01,23.600225179399104,1.9446329897278787,5.431681908636822,-0.08164510711020512,-0.432115472554667,5.784197107721468,5.98790989797368,-1.2908469218271073,4.1173040524490006,2.011072691145664,1.6287306971460467
1992-05-01,-2.315836566193582,1.598097385329849,5.349929999777835,-0.0437061932962024,1.0728995056834698,9.63263883035117,4.128724090098643,-0.55333464687968,5.606802267233121,1.116549902942328,-0.16296676450523506
1992-06-01,-1.8196724524422336,2.0918277624172195,5.131804620747225,0.5090056761198269,1.1786975996912012,11.002517126164719,5.053695364447876,-0.02837762658018761,8.67104518404473,0.08912291081179191,0.3313149509632112
1992-07-01,-9.314972119278451,1.274374344990438,3.1731081099338585,-0.7184910599901997,1.271809181407658,3.9706357445973026,2.699839326461003,-1.1359415142050544,4.302871470674475,-0.3746398085866858,-0.6293299149287748
1992-08-01,-9.32905395182189,1.4198260976296844,1.759719421602341,0.7886415880109325,2.014704711975856,12.757380903918644,-0.675823406849112,0.5746228502789137,1.670136202835181,-0.1704925340177681,1.2992217896467935
1992-09-01,-7.912478565700354,2.7520703758761744,1.5126019081645108,1.0681107971708315,2.0468315977022407,8.954489306070613,0.5602582591532581,1.0236727722672576,3.1384765387510782,0.6642518651050935,1.3248444944081186
1992-10-01,3.588104508046399,3.5863872635656477,2.240099807753168,2.842494179270858,1.5044485637975527,6.285874142800026,0.6631989793471647,1.7138761788067036,0.6405588398526305,-0.1809999521276886,1.8617740610961562
1992-11-01,-15.802320543861413,3.6828608914040313,1.787790870240885,1.2106399865573252,0.2246975111225673,10.657078216672346,0.17375636136736006,1.7798425724203817,1.1901202317134647,2.3279275887874427,1.038239695852539
1992-12-01,-1.5308255206878698,1.6035755693320084,3.396687107106546,0.8252365563967032,-0.6534213702393075,5.117777587685197,-0.9881998327005448,1.272511365210672,0.11344777954532503,3.255911930461558,1.7773634843230184
1993-01-01,11.750966292426739,-0.09996227739291186,2.00288395347493,-1.6863789181086162,-1.200351174606027,6.214863659657695,-1.794330133866545,0.7484089386693071,0.35113159634781255,3.584076157410923,2.472950927573912
1993-02-01,32.46703234986529,0.501722069647947,2.676895175265992,-0.8757744355271484,-0.32671586083187876,1.1671256870434235,0.18502525462560016,-0.3012074410571479,1.45966345170838,4.334551036178588,0.8321236343027465
1993-03-01,41.75882821384036,-0.12996240071370835,2.5573496736455557,-0.2070241085381923,-0.37071463454537934,6.91825665193447,2.2375047725506363,0.13540329966204467,6.719975980404087,2.7673879342380907,1.7551516294123175
1993-04-01,31.00622171199001,1.5937532376182943,2.3938268981816933,3.7142374613752196,-1.1417981323272564,2.942078693351192,4.331063463507526,-0.7436695371879551,11.791848718587019,3.3844324822719685,2.407536327498704
1993-05-01,51.60134908006336,1.5562443943280062,2.2490842017565473,2.087329206896598,-2.224962415789424,7.97851399322451,2.732479006388452,0.011622052348609913,10.231644327520613,2.6378103907540584,1.4387363769033712
1993-06-01,50.57117071363297,1.5891675274792902,3.012607013607983,3.784728587704791,-1.9234002104637362,8.062254364446872,1.678951073462514,0.9850961533226226,8.755018547296814,2.3728089929441225,1.1479456758321192
1993-07-01,50.95331542165397,1.570395805418947,2.2463930024004846,1.9857701036505375,-1.0000318804409254,8.426963363213773,-0.34782321035175556,1.767231600759633,5.502285421634994,1.6145867709882467,1.169833348810478
1993-08-01,42.18981646040609,1.1998246980044165,1.3908701165168171,-0.7573394391845625,-0.817808650296449,3.212364514221079,-1.2888236921937803,1.778518744844309,1.2529067257422923,0.24284171839666513,1.1862796375364013
1993-09-01,32.922879405426215,1.3045365106758524,2.707663209332127,-0.4771400930235785,-0.37801112733374254,6.9838076004915735,-1.5869771497587024,0.33753753611310344,1.5704219606102185,0.0988937077630041,1.0099496352421227
1993-10-01,26.31706990215241,2.7445391637867154,2.991087380848347,-3.036722638009337,-1.6642360275404577,5.226464832353116,-2.173897505829615,-1.6610071305191774,-2.289630019976144,0.8316075531705387,0.5181023135450857
1993-11-01,21.656375554392838,1.3109293617117643,1.6809434832507382,-5.955915746082638,-2.4776054569324444,7.618371245836826,-1.8858829048152188,-2.238712035296338,-1.6612531688353158,-1.2747128579704814,0.35109985179794734
1993-12-01,8.286989323688147,1.3841129879407585,2.835590216120959,-1.2429241569833636,-3.6494404127288718,11.508160546747192,0.43462244201582934,-0.7528876075905515,-0.14210472249607164,-0.7855173903270902,0.9581007975267326
1994-01-01,4.914264563610118,-0.20598143017619108,1.4011497610879626,-3.8753245106316285,-3.683884975966933,9.451209749622322,-1.3664411039240107,-1.280117158737898,-0.4655721591847026,-0.07857853028063388,1.1099021175034096
1994-02-01,7.847942734046313,-0.0020808821250959397,2.221265072759241,-1.9039057806932647,-4.8804452424345435,7.77716790861777,-2.619277095810162,0.12001444350598334,1.4512651446222407,-0.07921050751282621,0.1960376354091906
1994-03-01,-5.262345323943691,0.9131494342435182,1.8746223753617208,-1.2034360894848959,-3.4957583021779115,10.843414735893134,-1.6460707601416402,0.03308771262521759,1.5832987632741577,-0.03619968908467186,-0.6478778150780826
1994-04-01,-11.599433301374063,2.276524079190592,2.4313918157396994,0.6201704463440905,-3.5286428148909295,1.5791781421960849,-2.5633895725726035,-2.429252663929713,2.5885073654676063,-0.02114808661359291,0.014720386083261872
1994-05-01,-19.04013952552137,0.43199224754426524,2.5145890552966215,-2.3426548362204187,-3.464288493766631,0.29913955302693296,-2.081610062980104,-2.1541192783991576,0.37429491426023276,-0.5189223110688914,-0.7695344357773379
1994-06-01,-4.621471608585665,-0.40433246776049714,3.1315320671147884,2.8826873154339836,-1.2793030886377998,2.0701963256653926,2.1617588897766993,-0.2067508023504807,3.083055279605034,-0.659222462122262,1.276220318235005
1994-07-01,1.9307903315697956,-1.2056897396799293,1.6725296924863144,1.2075560698001908,-2.66724022031935,-0.4787676464018489,0.6817583383701447,-0.002584863551231109,1.7084771578241629,0.09123828128874933,-0.9768780219668045
1994-08-01,21.00081007061553,-1.0376265327303145,0.4879042013555459,-0.34411767027783924,-2.491965080652591,1.7794393218063789,1.1263246647187515,-1.088565902398006,0.4739623263477881,-1.0947164422380986,-0.3058388842931592
1994-09-01,41.195862638598356,0.8483604754680218,3.10394935227181,2.7749536146631613,0.2510807355004907,8.386130488180228,-0.42345885539644,-0.8812625164345214,3.620200130377313,0.023431385332106203,2.039917808941972
1994-10-01,31.557993405600655,-1.7103066948395842,1.9126858712809174,-0.9954185841944252,-1.0971715278852336,9.628684220006221,1.0187300856844814,-0.9797604684002401,0.8034848893828013,-0.9225424400163931,0.5580303767134254
1994-11-01,28.475795444183404,-0.9851606591312283,3.0103062719979228,-2.663610031496262,-1.2180986065440074,12.344672341660683,-0.14500037362913787,-1.416050543727689,-0.679041031351332,-1.8383441675872092,1.7506701098683237
1994-12-01,21.79788210623616,-2.5593753235334233,1.88991720417817,-3.330705247739388,-1.7605232975175582,14.265385236884939,0.6101265059508236,1.1650322632503674,-1.3835922950899544,-1.8916093877325189,0.6819084229755319
1995-01-01,12.608990920595176,0.04536316399275364,2.001834899090774,-0.8791286657444175,-0.8841217879583141,12.892101975309572,-1.1946335265664771,1.5549985348523663,-1.3249043135746632,-1.6396494894453184,-0.8657495489762539
1995-02-01,-1.1638962697426791,-2.294783235639205,2.118407762976039,-1.2227136012985795,-2.544882296506021,13.297422940147484,-1.207554344631255,1.215931621641861,-0.5046778950088964,-1.6120392822505671,0.04010748435079137
1995-03-01,-6.266797598260894,-0.9319812217698313,0.9567265333545052,-0.2056707769625632,-3.0222640637205167,8.667918825846655,-1.2560465391824565,-0.9775838850661742,0.30864726239661877,-1.4688495848051062,-0.8525080833643344
1995-04-01,-3.444224823201381,-1.30029872861693,2.1486646580849182,4.828878037654505,-1.7802862834390254,13.085660580156329,1.0242209329481966,-0.21963411358326468,5.48557834345641,-0.2447343447392889,2.550803775571879
1995-05-01,-13.079764598462361,-1.7639627247414928,2.4557489786129434,0.1369809236616959,-2.935478003335053,8.961350015188984,0.6606868617148862,-1.021674678176634,6.032136433713077,0.4174283161927086,-0.4025314869675114
1995-06-01,-12.62433017443172,-0.3238669867214661,1.9097427889746221,-0.45750006514141717,-2.057549520752321,5.159840029622757,-0.565601283893578,-0.8553365145458294,5.796364020862086,0.19547620420099676,-0.4076494687087262
1995-07-01,-9.226637819132833,-0.42094912345791613,2.179779473070676,0.11919147781246409,-1.4234600282947092,8.860886708572849,2.236924657601854,1.118021943554087,4.426889653802036,-0.11005348998585873,1.074890958699477
1995-08-01,-11.822765871907649,-0.4480471211474324,1.9068816508276143,-0.9441905843354021,-2.0721951138733914,9.825849269765598,-0.27854670434838624,-0.4684238313953202,2.2801112560890004,0.4815459784636573,-0.11683192507255313
1995-09-01,-4.52433778151223,-1.0173626801115212,1.939718193855839,-1.713338499520674,-0.31904237677306213,11.614998790393258,-0.021133864705866756,-0.7367844000554165,1.288227612759968,-0.8827347942754038,-0.17121000675304288
1995-10-01,-2.6134332785209153,-0.04967646933870995,1.9891650396593832,2.985142470360472,-0.7923477888722985,12.51750589866208,2.3676092116309064,0.7190378912242252,1.5575053253956241,-0.5559273159519726,1.4408695816218398
1995-11-01,5.477441779018449,0.4947639240548103,0.34738422876499264,3.5327240224842313,-0.9174214360336848,16.05628125454068,0.4920554961576826,0.452236385169428,-0.35310180086534615,0.9463754860903713,2.1793307248384153
1995-12-01,5.975422353589153,0.8266798341731736,0.5007916188606423,1.72614048644229,-3.1338320789304497,9.100263146270208,-0.37700535119040524,0.30044581158407624,-0.4735601682766486,0.2568297178793699,-0.15470648128539466
1996-01-01,9.837793717804374,-0.5446624384881602,0.4663148843730198,-0.6180832149017306,-3.4418827464802213,12.817542242519693,-0.5052770051376854,0.4622431648328309,-1.784821930402856,0.2162742007654188,-0.37773465636519177
1996-02-01,17.353969997857575,0.17828459415223108,2.242129056192338,-1.176394286978109,-3.088198416277688,17.73929550073487,1.4697851594431839,0.08117860438047941,3.6422789732722407,-1.2794050471579972,0.15123504741953298
1996-03-01,10.869011698025389,0.5696669795315579,0.4691034718853384,0.3072534922540058,-1.1085808174103633,16.092508065323884,1.7527208398392986,-1.3183162475333816,4.564726670408987,-0.4622040559375762,1.832173298634281
1996-04-01,15.562776448260507,0.3422715708146953,2.132342346879515,3.36800443417755,0.24745104029745235,18.003551615004213,5.642425599652981,-1.7372574131405187,6.297499433951103,-0.6454375535496126,0.7904022375070952
1996-05-01,13.135420061463435,-0.9669477073348602,2.164959277639756,2.5686238682146865,-1.6858940573241945,12.441626579696148,1.7055005312646898,-2.315079783290823,3.826935737016086,-1.6147790544955392,0.20180806472944823
1996-06-01,8.538528224322931,-0.4055945663605236,2.682451095956214,1.9287539459085536,-0.9445982793130732,5.639910547794443,0.899998352898244,-0.9221621862941731,1.0461372474232036,-0.09834280845479881,-1.0762984234106412
1996-07-01,9.19344455151517,-0.6691001842144821,0.3698221253680316,3.6425218407880493,-2.2556600670005444,4.429638619800826,1.35513923542603,-1.783797576371466,1.58912686791912,-0.29579596898649996,-0.9594926988180035
1996-08-01,6.308974977819673,0.8701192422626534,1.710780977517313,0.9769993529062333,-2.944757257634521,9.4758041061351,-0.9699990017466575,-2.4274660585369787,2.1281471547582527,0.3862601862062469,-1.5541852601524084
1996-09-01,-5.241615657252936,0.9530290708275366,1.5856878097633054,0.6489453127229865,-1.6504026306583732,11.65953331212313,-1.2040563990422584,-2.6168118925300767,0.5123397272538028,-0.6555547089630593,0.2821078422394976
1996-10-01,-0.29948084323638113,1.770778536169967,1.0790688957371586,2.7877430554571987,-2.4597967384350774,9.59472226071442,-2.447950883398967,-0.8070516978309143,-0.0758293309093574,-2.1507839232827166,-1.1353883218891099
1996-11-01,-13.692181689928532,0.2006998784306795,0.5987658162175435,3.5652150773892117,-2.912189852368911,11.179203138658735,-0.23734210166608705,-0.6517255929620518,2.939723887076198,-0.27033704036890427,0.3202178722341813
1996-12-01,-8.324946568163114,-0.6603603231902113,0.9452551094530453,3.2816278488646162,-4.002582914752633,5.940748775882483,-0.29458483882357456,-1.0281353020490975,-0.26235714062994475,0.30960668244168943,0.04100592419130322
1997-01-01,-12.21124820686478,0.3399561975774965,0.9839690400298906,2.927132150869454,-3.361786520587401,4.446629866206791,0.8905187147071061,-0.6415594752141693,-1.4109992415397556,0.29354769135194303,-1.3168148314473385
1997-02-01,-2.461390198846374,-0.18038162360812393,1.4719454398350997,1.4072391456400766,-3.4004706565929865,1.5314120862073537,-3.822835054354776,-1.3374910359837884,-0.541428492994342,-1.5335696659556817,-0.7632727445828422
1997-03-01,-3.6127737900083616,1.7618077479682732,1.470083890757838,3.6949584348474644,-1.7747995793837106,5.757825715293336,-4.318333497960268,-1.3010167580431649,-0.7742399072097044,-1.9116269318349914,1.2355429887801037
1997-04-01,-0.9324207926572683,4.6108337084125814,2.6792751667957617,8.528242667705825,0.389201440142827,13.544494034106918,-2.211787083388792,-2.432984959298363,0.29728615289035076,-1.0809737000284905,3.458713317205138
1997-05-01,3.5920545649887003,4.005775681057077,2.942132634524114,8.742498211503772,1.7501393911521994,16.875056877902992,1.0919015987725729,-0.545348848460705,-0.09123527279868426,-0.7476944088653354,4.441166673393084
1997-06-01,4.66690916537803,2.6738288222077777,1.5740877675721965,6.374248231460896,0.7670227340031488,8.238649444387448,5.465799454175787,-1.4165645373573454,-0.6673056537245969,-2.345963184001679,2.1278626675900583
1997-07-01,17.305836348606505,3.343838125068064,0.5838350240197023,6.342783189721118,-1.0436537176804173,14.499057474793787,13.943197561990857,-0.35189679446240163,-0.16281277144634032,-1.7262431442297164,2.8770244311523
1997-08-01,20.70862984419287,1.9105126920361641,0.7363361640180468,3.117379784340116,-2.7133224327516388,18.600880487430857,25.377845723087837,-0.6200256899028425,1.4343718166739734,-1.2761129874132209,0.40293528972857473
1997-09-01,34.51670071911204,0.08594331209781814,0.26915032786828874,-1.4864249523829045,-2.985166692814161,10.86040007056721,32.55331524773236,-2.1761941847387654,-2.0855166020611904,-2.6680232975288547,-0.25657494062595987
1997-10-01,36.246296313175804,-0.513504949828306,0.7444448425983783,-2.041181644566066,-3.29592306546062,15.915262549350345,35.106633317628095,-2.293294074216842,-0.2962037694503863,-2.096437772612223,-1.1488356658242154
1997-11-01,30.654491036181298,-2.6978077670268092,0.46395298077238323,-3.8487701631604097,-3.630379637060777,9.35948712440981,27.31750446871719,-3.4345730099348266,-1.4075448944621627,-3.2169039457247877,-0.42893976360820574
1997-12-01,37.37999490891755,-2.544650760634653,1.1827257800641,-3.804563843165255,-3.7571725851394326,8.72529218953521,20.707511537029475,-3.0062658086768366,1.1186781271704973,-1.3146166009599405,1.342149083367019
1998-01-01,34.79465951314879,-2.1047931468420344,1.3423710049878839,-5.996003771484567,-3.696280869280695,12.884722342025114,7.95774309813779,-2.4495527170515423,0.23646841005540864,-0.9019527673636709,-1.0626194894797365
1998-02-01,31.7743458144775,-1.1499210195244878,0.7860684800530677,-10.128134611226344,-2.786080587189545,6.111543754193093,5.888155364212878,-4.049637789455922,1.0389976568134927,0.7478967093940483,-0.7976598167626818
1998-03-01,52.58250720094381,-0.3166077973458741,-0.3071268313545872,-4.486776173333752,-1.61442635447926,10.297160705346244,2.281686632997399,-2.15243979745129,2.14087772450101,0.5681761062868631,0.04629339670738375
1998-04-01,73.36817992822884,1.47294844110505,0.5345052196061371,0.43957804721597427,-0.13886242353739675,19.921432457990193,-1.2018196231499942,-2.3107198703239185,3.789101399395406,-0.8179172705543003,0.9497873520628062
1998-05-01,55.91852264592035,0.1332183566489391,0.4859681306443573,1.2480140227113878,0.08858963233048556,15.81408371817028,-1.3133782798870328,-3.6586154420234642,2.1820597161642183,-2.1680277729252637,-0.527390515348408
1998-06-01,43.05350160662255,-0.3854236615025215,-0.12703054257129054,-2.181137398551897,-0.8052142090011252,4.051469468097366,-3.567596630189037,-1.9088008882002114,0.8213514306866472,-3.581205321348026,-0.9120945044575279
1998-07-01,48.308092296380806,-1.5397196529954087,-0.4267115868899367,0.29516306309257345,-2.5427427725089515,6.39106399417453,0.4241950810785511,-1.5097234965872168,1.5334593338421882,-4.71313034421987,-0.519593777585655
1998-08-01,39.23186855791073,0.6513154834209729,-0.5653379764867346,-0.5595352661185728,-1.5870297165189626,4.039019033988538,-0.02311383489367813,-0.3839946912104111,0.1345934444290151,-4.025107076957017,-0.08905313530644321
1998-09-01,27.974750000006026,1.9489592669060407,-0.9465216569454871,-0.47101778753528833,-0.6781366784000937,6.786253415058042,-0.6813071897208545,-1.6460991928675845,2.1408070465579243,-4.445501138066305,1.1400455468473467
1998-10-01,8.342765576839497,2.4124665420464915,-0.05848656929945051,-4.320768574476617,-2.0428335125372854,5.333709595229436,-1.4118284622863229,-1.6061194119084163,-1.0124882015586678,-3.0650519618343672,0.08383556294933214
1998-11-01,-11.395582007311532,-0.5093889595362135,-0.1554895558251861,-3.6944021823743185,-2.8528714822805057,5.612978344735552,-1.4546995024678893,-2.1520463436736215,-2.5015558624016734,-2.7775541609646233,-1.283872881415995
1998-12-01,-10.374250012084673,0.3736694678938761,-1.0730302606111781,-2.4533564904476606,-1.0730591590844476,6.085276596992259,-1.1911671911102886,-0.5523557396061705,0.6457180690322417,-2.070972665282312,1.8300683039248327
1999-01-01,-3.948880371247668,1.3989429473619843,-0.24964923559742225,-1.7044414452369097,-0.3718914970684146,6.957329242883802,-0.6402008899693143,0.7511522504265145,0.222525728183129,-1.1450492188775385,1.7718746505241114
1999-02-01,-10.762997067756231,1.4792522006969158,-0.5596978529093928,-3.224347533907732,-2.7650923656745263,4.178899025374463,-2.578764895042454,-0.5664048536531574,-1.3945453899997062,-0.4540445166405469,1.5267838329170615
1999-03-01,-16.51662941349869,0.6566316379269246,0.9919530834293369,-3.4120989461821836,-2.4067047631792633,8.013951337816323,-0.2688700850960615,0.4888538623154126,0.02198055143551869,0.9156747703260173,1.7775669010066792
1999-04-01,-7.403877448569432,-0.3122399833046501,-0.2199507463170427,-1.0452236412494926,-0.12880306343260273,4.175492037555074,3.713721961177022,-0.655305132239949,4.069660725831028,0.13318613032143745,0.7871448824036236
1999-05-01,4.818412221507316,-0.6152633255146469,0.49349485506306223,0.3715884371277838,2.2652313860377227,6.524337729876109,1.112309565257604,-0.923237657103595,5.5619746460643,0.3360477334482752,0.9356099714342676
1999-06-01,-0.48360446890723097,-1.187007697140583,1.757622604732914,-2.074669797220352,-0.7078346314651114,9.66138089438985,-0.10230493732178303,-0.08675549086715861,2.520685994792075,-1.881475800563745,-0.3079015352817862
1999-07-01,-5.319543892446546,-0.9455181951360991,0.45951876286019555,-5.00928528678881,-2.377431087218536,4.919241791715891,-3.720184906948475,-0.26261668821816997,-0.7986272936380772,-2.057619901742658,-1.0370275182711026
1999-08-01,-9.93610362008289,0.7143409442280273,-0.3146289127664019,-1.0479291769091788,-2.744135924105958,7.804423448613591,-3.062967063691751,0.6436189749448751,-0.736380591109068,-1.8583340391881507,-0.681518568209718
1999-09-01,-1.0766576676572583,0.40847120132549364,0.1734137132446012,0.6086020727004637,-1.704482448452307,8.394023867221378,-3.2239191810824437,1.0216241358761096,1.203179663255625,-1.749641105603132,0.7552604653967805
1999-10-01,-8.718182287294212,-1.0159395752527942,-0.37982568830567587,3.9847713541947485,-2.2279091904582984,9.807905283878966,-0.38694000407893725,1.9734509672697698,-1.4626227586714435,-1.3596229054471536,-0.5119412200942932
1999-11-01,-2.8131880267635836,-1.2934188688589145,0.3048879897031256,3.87504228629048,-1.2334480628247135,17.259272596574803,-0.5387027487423026,2.355147391387934,2.2195676007460037,-1.7681550353732973,-0.046298296625884916
1999-12-01,-2.3088962681309226,-2.478685744886832,-0.18021711886535208,2.004901844246973,-4.129170828766988,10.418643681690995,-0.33193797430259764,0.7119500153634242,-0.1250239040522274,-2.0827315781970235,-1.2257396860785263
2000-01-01,6.214557677920624,-3.6708298209754666,-0.7397092088320232,3.7380730149855026,-3.520468934424443,11.634868142715206,-0.7321684892274405,-0.3376090624117545,-0.18080069079456962,-2.5688821631007954,0.5224090969709678
2000-02-01,15.060874416231087,-3.0011634879831988,0.35254166328099856,1.9708459811241568,-4.897475807924451,6.850939479343367,-2.6037908626043915,-0.24561914741517654,1.3387863058937484,-2.6876214327102517,-0.727349371366536
2000-03-01,8.398682710539674,-2.616792655422927,0.18485879596783228,2.683381723460826,-5.399978893897039,12.980802648832395,-1.9217941739195439,0.7996445544014108,1.6688533697821697,-2.5123919821409046,-1.2505609275744973
2000-04-01,19.51194313656535,0.5055858139951823,0.3961053467407325,7.9458611815812645,-1.5754099925905827,15.361349491125267,1.1269044522904323,2.683941158206288,7.302169163679096,-1.2606023325026108,0.8944530206140655
2000-05-01,16.226497476152076,0.07403716210483324,0.2932382222634793,4.081680615263593,-1.6144295267510458,10.080122898879694,1.8169095960674397,1.811715058981573,4.354518179682373,-2.8718409184270755,-0.4567183056011359
2000-06-01,12.243036645549182,-1.2994279256447108,0.5074404664338683,0.2838956834678328,-3.1911848691615425,9.256965512725259,1.4863235540647324,0.8972092956310966,0.030855250483440955,-3.21371576192357,-0.5880124773140736
2000-07-01,10.639334544479112,-0.4146850145943084,0.582328424444178,1.4286961177481032,-4.2437459064172565,9.940938894400546,1.6399563774422035,1.3853438995700955,2.5494711572415696,-1.9967183389942882,-0.00020197561012480492
2000-08-01,7.564076884264125,-0.5481102288223099,0.18702056049484206,0.7234294837044644,-3.985914285595886,4.683166621835525,-2.7010298904944463,1.0001795746266637,1.1571705839397026,-3.1994367077906034,-0.7723488204871671
2000-09-01,13.521913213558037,-0.04890694336002355,0.4517723307489483,2.594162765582581,-3.82779104757725,4.776969136887942,1.0686954492005967,-0.4482464410404958,3.2017411877486524,-1.6787396642549872,0.4842456477378505
2000-10-01,19.020486517598584,-0.3722458456551472,0.8565035018768761,2.301775566302112,-2.7536793377128497,8.718384531749763,0.040217764585371185,0.7605901439685816,0.058774658833314675,-3.6670944593199195,0.8012316205420404
2000-11-01,22.575832095793317,-1.3653088424633424,0.48367920566324685,1.6943591056934508,-3.18927704418898,0.8253227968172183,-2.072981989963324,0.561044258009165,0.19013123172405244,-5.005120715966097,-0.07752068002602641
2000-12-01,17.54304479543643,-0.5361151618544753,-0.898775232463958,-0.38123927834443805,-4.25081400958689,-2.4623461601024275,-2.668762140022487,0.31194218214683644,-0.7545890382247222,-3.534397767390036,-0.9237462742377645
2001-01-01,13.870644864176711,-1.4899248276568215,-0.9019030043092595,0.9120807557005008,-3.4894755802104918,1.9786509144809372,0.18902240422010408,-1.9774787992312142,2.2588694701492216,-3.245971233791405,-0.2982126267687093
2001-02-01,2.070828834873538,0.2512727114064397,-0.431776879972702,-1.1997428688935798,-4.426672187703922,7.8436761505257095,3.227803141103763,-2.3962512367664637,-0.8303115743576086,-1.712327104847141,0.28717368439154
2001-03-01,-6.102818336790023,-0.7417482921872178,-0.10083368929270442,-1.9352418762427703,-3.9505606920383265,7.765663153784715,2.78412111352889,-4.50708516584913,2.038928026325749,-0.4379605010327907,0.636215333907181
2001-04-01,5.346936281196662,0.16046699617284688,1.9110536994493383,5.747256797846958,-2.0791543211665164,18.686777388838408,2.7198646611879624,-1.8673190907180874,10.169061081031614,0.19184007378536805,1.9018233036962613
2001-05-01,-1.618450515370256,-0.7274776538172745,0.16303409597317042,1.618822122810073,-2.5260748798836623,15.57063533464759,-0.34224981920920783,-1.6735962810461942,5.340457682915883,-1.6532668336358363,-0.3112111016002217
2001-06-01,-6.783680103612284,-1.4279944220662344,0.3387243099050945,0.9144821761702104,-4.5364207379631125,8.366354553471226,0.018069649186166714,-2.2548345227005413,-0.8588481968715627,-2.8223306429264134,-0.4691677299387962
2001-07-01,-20.597162476823257,-1.2011835146063277,0.7127351992593294,-0.732511757635578,-6.203208672154286,12.102130277289362,-1.8123037114891503,-0.5147009867322261,-1.5602022795186912,-3.7735030011156603,-0.9517495676853613
2001-08-01,-18.553256775250787,-1.9804364462160606,0.10927569957206451,-0.20145406797298904,-4.968017701429176,11.848096854050354,-2.749201732380776,1.4778207262294671,-1.522274766423294,-3.9113711518575087,-0.4532711710417274
2001-09-01,-13.0246422188456,-0.7568777218956413,-0.2858996120441528,-0.23852821672316793,-3.562166617860413,6.494443719677804,-1.4475016904837474,-0.05383205531050095,0.8386497614988713,-4.506707770721533,0.416563512554049
2001-10-01,1.5201639947050296,-0.9892853001404589,0.17154418810325112,2.3977917550021886,-3.061839751433588,4.315676680240543,-0.47453552818153355,0.6735306960794141,-0.10785613342410727,-5.857225263818034,-0.5241982501208682
2001-11-01,-10.917761411317855,-0.322262810855829,0.43109795602151735,-5.494445560215411,-4.537772008379111,3.0145059992311047,0.7469285324274964,-0.7665624514679941,-1.0343031285040496,-6.104940948200955,-1.746054361077718
2001-12-01,2.8626383498877885,-1.0631362647554141,0.8486163978312398,-3.0220354724814484,-3.1074044142815005,8.89362873078251,0.41749764071584394,-1.1685490085981698,0.5600360844612595,-5.6686143954483725,-0.7836710309690886
2002-01-01,17.06153260246728,0.6745342969755228,-0.8000710737407335,0.4755290863607371,-1.7041793390245488,15.260069511877077,2.2011530794780967,0.32171294172941955,2.8388047724513257,-3.971074093182306,1.9421539762583748
2002-02-01,22.945288752688924,1.3662910191150601,0.20390231770918277,0.6404648083572511,-3.0259408019054135,13.148693167208975,-0.00878785265430082,1.366984056308123,1.2645538544797859,-1.7540371977396703,0.6740587095607751
2002-03-01,42.29043539462873,-0.3872667611448577,0.2073915755045732,0.8119430889812804,-3.0866946562247506,11.992245534063159,-0.13036692595913735,0.6309461507041014,2.0734458668818547,0.5755511869364618,1.3754877960701322
2002-04-01,44.67470302318495,-0.8748446771425158,-1.2614402530401847,1.9186729772145554,-2.059810049800909,20.925857220802342,-1.137270430218834,0.181596150300269,7.661021081043131,1.6124421611389792,1.2419676438887919
2002-05-01,22.95344692331571,-0.8311717966682473,-1.8668795587321263,-2.977427224777813,-3.1842398037897652,6.034863174804812,-6.143287722887017,2.5556139576077257,0.6784292623678709,-1.2465818508447875,-0.3764141508770251
2002-06-01,18.656948634002248,-0.8314160582543728,0.28690608506625814,-2.4974243011579347,-4.390108391017662,5.820782097817613,-2.823036121978305,0.8706590169259663,2.948978843234457,0.9956973033366872,0.41870084384549244
2002-07-01,4.84824214619357,-2.937664687399632,0.9028965756363068,-1.9687178196985258,-4.245196331168586,-1.4911128784519292,-1.6468835729980285,1.0418632996806423,0.7311102210679792,0.765613856105972,0.05971444898933953
2002-08-01,10.130148790009827,-1.35571766138726,-1.559853872945082,-3.906934848919491,-4.556880853895642,-3.2188960748397477,-2.1887352859742606,1.4936914398155778,-1.5472209111879636,-1.1748105718729178,0.07413564055460142
2002-09-01,10.294736554418165,1.0972376791084812,-0.30994710121789737,-4.399565222698783,-2.563440443024092,-0.15124580079081795,-0.9179058663817656,0.5762061892957782,-3.6693872140201336,-2.6892150062581166,0.5043330603270917
2002-10-01,-3.9723114060041667,0.11251572969811008,-0.1175973027071624,-7.067045133539835,-2.2029704449434853,7.323011453600316,-1.3499102640238974,-1.385350340926415,-1.6947624838340687,-3.6606308125244524,-1.3456519495672978
2002-11-01,1.9277422410730196,-0.45798165415203584,-1.0065170618536516,-1.716192204947049,-1.5953302605969313,9.926320095966616,0.8813663105433136,-1.1538822737767802,-0.4598610476692926,-1.8438881618296215,-0.782328048590891
2002-12-01,7.047752837630071,-0.26264671497817105,0.6363459117852557,-0.38582310129902453,-4.1931760840030705,10.60266886232705,2.1350706225756113,-1.2355064242574656,-0.12541805703173736,-1.3702339073285081,2.063937437893699
2003-01-01,22.613605514400604,-0.2117539213868902,0.9491846369660504,4.629030268910384,-1.601737964692397,13.854423449010454,5.798894273560229,2.5585301534020637,0.9875891357321507,-0.3716965569051567,2.826700339475501
2003-02-01,5.416691260166743,-0.5795429052417731,0.0976352592119003,3.524735835951688,-2.7082284209527607,16.66092711314255,4.364141043989939,0.8720168314175787,0.8010362999265084,-0.890926348589641,0.822018752874655
2003-03-01,5.283721973352215,-1.5294918400539927,-0.1992043861288053,1.341999379056304,-3.4007577931622457,18.730255139954437,7.964861986253339,1.5929143491477546,1.0253000791373097,0.20499732028514472,0.3323014427566022
2003-04-01,3.956561302038409,0.059029261683917866,0.42965118560885074,4.906374897206263,-1.8473207533372396,19.605746746417424,10.818682437920991,1.1034922508954317,4.594358196728365,1.1086197827140012,0.6679500376730729
2003-05-01,-12.31144572215348,-0.6292873064752484,-0.16279358761962293,2.015107269133523,-1.7850436862028936,9.593703310476016,9.162843799517987,-0.8343456312631332,1.213626135076737,1.9090769816182025,0.8282237743408771
2003-06-01,-6.940042143292914,-2.6499951712418373,0.44758270730929084,-3.0975274786790976,-3.4705347551407186,2.6265667796419336,7.686092746600906,-0.9320200610055203,-2.2270127688212398,1.9528600807452996,-0.6009981673719054
2003-07-01,9.167142166334543,-1.039434828242765,0.33238740343935724,0.35273890038163813,-2.9123741608208746,7.523925553207761,4.555986871388626,1.904144698557598,0.734050567640864,3.2631776703046924,2.3467225093712685
2003-08-01,-1.2915348109173408,0.9850567185721992,-0.21654336055967072,-1.0985533399651217,-3.0522327423327376,2.259107085974506,1.9284119908457242,2.612723223726263,1.3578131058168168,4.098307789421494,4.314863824851585
2003-09-01,-2.3960404455480386,3.254073710298659,-0.7414797285826396,-0.8205360245063673,-1.0150211017769593,2.8724227426521765,2.0024055943530783,0.9647554603200064,0.28980721061051895,3.9015482987029166,2.540157497923367
2003-10-01,-5.625692127798942,3.7550199925349332,-0.8079388187038052,-4.215682189172313,-2.6350379914062074,4.5778283436394105,1.1850233959747527,1.1284980768715087,-1.1328193614522633,2.0009279163358507,2.0994083644888875
2003-11-01,6.0719252756811954,3.9413046412571227,-0.10399684965328326,-0.24273191162973262,-2.0412161717990926,18.00702229416271,1.952009053735523,0.9528087274394821,0.7352472431069543,2.204313817015411,1.1148586352118741
2003-12-01,17.154769192015863,1.518403725288966,-0.29304396093144724,-1.5967488678866317,-3.2974942072780458,14.625367812179277,-0.8564352811579283,1.032437974230806,1.7792689423459507,0.4780252778684684,0.4235860104501441
2004-01-01,18.979125208474557,1.906637905784148,-0.35039175332576455,0.9090355176139155,-3.3576046096521566,16.683176552609382,1.3265385874068087,1.8095357692184244,3.2938440339544,0.0786978516312935,2.2477907774221606
2004-02-01,38.27555710410195,2.774120190581815,1.2044461593183655,5.013872425186577,-2.5398428387234304,22.79065583152591,3.8515772348960624,1.8136135004300407,4.242178959052353,3.485728510179033,1.3181920901547883
2004-03-01,22.89745736748486,0.648934323699411,0.7060992191209206,1.2220583967809517,-1.977594343019728,21.25340043561465,-0.6254899504736429,0.7606166302037742,2.3958418874874923,2.434228476887572,-0.9368745986742653
2004-04-01,17.935823417649203,-1.3261312830945258,0.012979436300778247,-3.552866001989912,-2.2327834985896793,21.353052483413435,-1.083154522657253,0.8942713133881384,3.793220535023451,1.9834446530737466,-0.6976298473082423
2004-05-01,17.254801288820317,-0.2623917965688207,-0.8683215343439006,-1.464764436425952,-3.479817423168573,14.027686634437984,-1.8529139513338606,1.4141158437545975,0.4298157041134232,1.7303765678956289,-2.329802055578824
2004-06-01,18.03200311645071,-1.6545038534793797,-0.5248110759663955,-0.6278788571390237,-4.022644696892424,5.979097850561246,-2.109589418200173,1.762202058032166,-0.2981815834300079,-0.7087992292331116,-0.7419555944899514
2004-07-01,25.618255957402397,-0.016855477530182128,-0.05671116016195832,2.591969873343416,-3.928919447468836,8.345467486592923,-1.4912657700195595,2.8722644982970564,2.3817720527083566,-2.2052846640293495,0.19573963095037072
2004-08-01,24.036496272836303,-0.24396992290610342,-1.3656382334492285,1.8255888020322715,-3.0079099155867937,8.324742905932695,-0.8261415600282902,3.3100985173649953,0.0577694539735063,-1.6714146813560617,-0.3571403391324921
2004-09-01,25.018452187036388,-0.0025401312628439143,-1.1561224451434118,2.6761279457173686,-0.7500259216918188,13.25849390722415,-0.01733568549379072,2.1677162721470324,0.07038265880358097,-0.10710337365363998,-0.1152626549944955
2004-10-01,25.180982243205875,-0.707224070929108,0.9050159148123598,-0.43099546833470015,-0.6849143833889109,9.018368658794046,-1.3407391157207726,0.5476146743121788,1.7940226890436861,-3.0304598747709903,1.5765163390562122
2004-11-01,28.144935493344548,-0.30159944251945703,-0.06369069786468629,2.011651036813845,-1.466846560241141,9.333443836959006,1.7558287807543138,0.8418844104064185,1.3193218554803394,-2.207232667148098,0.5355109969948799
2004-12-01,19.092154970746833,-0.417778779416377,0.4022083807456234,0.9306435564188575,-2.9976420110685247,13.150327616082492,-0.2877208858699589,0.7757066917452953,0.8631307786489657,-1.314848407540989,2.0939574876276126
2005-01-01,-0.14461511801712845,-1.4822084195803527,0.03179118728825436,-2.020102384991148,-2.8195051531388664,8.82568597460002,-0.31672702233463923,-1.5716507066004652,-0.47025413683454076,-0.21366928202072089,1.0409751828574656
2005-02-01,5.112397177382633,1.2230237249488454,0.11687246698057585,-1.4861444967175146,-2.231885066803315,4.162206792594731,1.1439938414221729,-1.484005434440931,0.16444445303233124,-0.2954690533815487,0.3579323590518584
2005-03-01,-2.0217439213561192,1.124851005046903,0.21758087178067242,-1.4147127013761889,-2.162429872032842,15.319486441132838,0.21406991713394063,2.5613852398000603,0.5541205416207902,1.3668912047418829,0.8771486003408029
2005-04-01,-5.43641906109022,-0.044795679184076675,-0.22405358788849306,1.3869495366074176,-0.451920656063443,14.811473072804617,-1.633030361047453,2.931495891659363,4.743048322254538,2.595015804991121,1.9767800904146782
2005-05-01,-4.795212488982031,-1.1432843295436754,-0.1836678499119735,2.568101213233021,-1.7224265013808164,16.499603350146984,-2.3899556896239886,3.1440575284831453,4.819654609904816,1.1145224735109025,-0.15974066026882383
2005-06-01,-20.13454854546464,-2.010441778775281,-0.066285058675156,1.5501534164123427,-4.491567738241422,14.172506657741067,-0.5906197273387903,1.983593346823664,2.3424777834921002,0.2274122330895061,0.4650626973834022
2005-07-01,-14.515691250445627,-1.1351143784298898,-0.9102332214278999,-0.6132644606264961,-3.7277627340326234,11.177314724182963,-0.5182642129037802,3.2294636451645644,-0.9568821367278986,0.7458686175480942,-0.3259849763739453
2005-08-01,-10.191646689467404,-0.7208630678936601,0.048911513887412994,-1.209878953828337,-2.1266103664066662,12.660834780903244,-1.480744550558427,1.338768388906189,-0.9295725661361729,-1.222156084323597,-0.8824025964605227
2005-09-01,0.0029051656984506735,-0.1897217745866655,1.0110236124985565,2.6925677208696897,-0.5808531376384458,17.19864411141343,0.01798544226155485,-0.26897440887945834,-0.5744252334149564,-2.5142478817691583,0.8402971418032834
2005-10-01,-2.191392401032374,-0.06706311305176982,0.06753202508673795,7.831445100667807,-0.66918533263269,18.220320261933168,2.805068497565351,0.9703409799144325,0.6513138846474931,-4.522720127963126,1.8426108573644129
2005-11-01,-0.04880380563636777,-1.3917076910471522,-0.050977914884404285,4.17465197517005,-3.5674595389571913,19.495124332962973,2.2714188888326774,-2.1513937709199595,0.04858511809653976,-4.179920027828391,-0.4730539796187685
2005-12-01,7.052192302517028,-0.3334343311998573,0.932130625628794,4.4758220499108035,-2.7339185836447193,21.270163149296735,1.5020444596650364,-3.1621229252642884,0.2154227110953002,-3.562765609559598,0.7524061582833497
2006-01-01,18.322314783545437,0.3130397747863256,0.018220404946468705,5.757871381162829,-1.5201373817886896,19.721945017584574,0.48955502806611406,-2.211253378569925,-1.2767800724745655,-2.581408077329673,1.3727394617415456
2006-02-01,17.414105797727046,-0.15796740898872486,-0.5661811231926723,6.0832922920149315,-2.8685052763347088,12.903463466017826,-4.377773480728088,-1.0346696702198912,-1.2918439263269192,-1.064954710974792,2.3438351350365423
2006-03-01,29.285520020648875,-0.9339972180308251,-1.543172048694153,0.9997026089905319,-2.3265146279823767,12.02816432746107,-2.9531280878880466,0.38173206325718567,-0.4600396844930117,-2.6611236017470468,-1.724709507197879
2006-04-01,56.614635481213156,-0.026334331780450526,0.3017719828451302,1.3226769024299898,-1.5834434948721245,6.367673883886937,-3.931236887995702,2.1104564115450017,4.972375912987701,0.25781011021824796,1.417020545622158
2006-05-01,41.849661738929484,-0.03798538950118058,0.892946586008307,1.5266968705149395,-1.430443797170927,8.576857076591466,-3.3706275996034663,1.8700785614589819,0.6030957348616823,0.8785254758238601,1.0857561686121073
2006-06-01,32.854830669181695,0.11911686577758474,0.030065160851739492,-0.3941086190696268,-3.2219250858322503,0.9090585419097295,-1.6194763418000448,2.9482114699448942,-0.8490230731018471,0.6716779202415637,0.24024435078511175
2006-07-01,25.498150808785283,-0.13567642354746212,-0.8486463795275228,-1.0914769238352164,-2.150724922170827,-2.2452224123649813,-1.2974149468985274,1.8264972088023654,-2.508899431814555,-0.7568829396650614,0.7085992308792797
2006-08-01,16.558832662233613,-0.5851226666606202,-1.7854557496899126,0.3232590715846442,-2.444731397038705,1.2524505778384878,0.2989615336988578,1.3629018645506292,-0.4231029664305339,-1.974892262890414,1.7718989698450116
2006-09-01,5.068931559517466,1.5077313015821012,-0.7949126511172242,-2.859837081358208,0.35610494330071063,10.187435522122868,3.653286113062812,-0.41294386897545365,-0.4343636724320845,-2.6093663854158144,2.2176269047928017
2006-10-01,4.286174790804097,1.5996996308158131,0.26832054797065297,-0.6314700994722102,2.391214406473125,16.68274518891252,3.388484155847948,-1.3373362460796194,0.04975539562936149,-2.4135633010340953,1.278365989022305
2006-11-01,-1.4890527071500514,-0.6149698969290789,0.16869393694098633,0.6430222313263698,1.655622253741516,20.69405444869342,2.6019226984431754,-2.937157229258105,1.115514653054035,-3.0951179561805624,-0.29576276104946686
2006-12-01,14.39692749480622,-1.0898027339256728,-0.26493582862210197,1.7008371481420141,-0.32791026249671873,20.991547072863554,-0.6116818642290127,-2.8003526700665766,1.4819066012348543,0.8748948185733703,0.13478978606813286
2007-01-01,7.880155584621377,-0.048648237182469245,1.0682829120428714,0.298669512735259,-1.510891457366089,28.6095364426877,-1.916952114106465,-3.1565732011062444,0.12827446911701657,2.451583415051818,-0.19035541053185057
2007-02-01,-5.498357258126333,1.300593345992123,0.5617766856496491,-1.1106470169020497,-2.1574596574684755,29.290133242870525,0.6523821594666401,-2.9073863946861493,0.5840152941651269,2.7092521448695237,-0.038759439184453015
2007-03-01,6.107597956861753,0.7353126362106046,-0.9900144249765663,-0.309298279401375,-1.906547218479684,23.9320143719425,1.7306791267587727,-1.096611634376778,1.0291294840841658,1.9045410372660712,-1.1383209421142197
2007-04-01,23.315659886535087,-0.15456021413065457,-0.02914329402669935,-0.8210206723409783,-2.5352722187118246,19.11012891956564,1.9160747602754498,2.023271688190576,6.109640456140113,1.7393671835299607,1.8093716458638198
2007-05-01,11.532202669242764,-0.9935106643323337,-0.29568370749821504,1.4465301690262606,-3.4929652998998613,5.490441446609623,-0.3462905418911433,3.3425943812576087,1.1402643243259547,0.7435523897443872,-0.16267620490867074
2007-06-01,-2.2757350361090403,1.102682772180053,-0.08709599908490873,-2.642977633299182,-4.076605802769997,-0.38630637173437776,-1.3484716199107751,4.485978058410883,-0.9618237682754938,-0.9776685623486543,-0.4417345257074814
2007-07-01,-8.15177931451359,0.03943243299434229,0.03052796438635852,-0.6811529603684079,-4.403294444865452,1.3815147636372132,-3.017222474625946,4.87609211256142,-1.9296479143784069,-0.7657348080765374,-0.775160528794423
2007-08-01,13.330698131399032,-0.015239809773138546,0.07747173129579465,2.576946480706823,-1.2203003810417243,8.064900398062278,-0.1336065971080984,6.132563482751252,1.5016627711108015,-0.3351792438073389,3.62612102136751
2007-09-01,9.989742687704165,0.6634200161469472,0.26883701127669113,3.574238212306767,1.1609608950063226,10.391063424726184,-1.3389182309421557,5.809278889648976,-0.4581915158467922,-0.1357761656727945,0.4534692789255388
2007-10-01,22.354213535663007,1.617944516388679,-0.38758232261931447,10.562713215854771,1.5286742286754276,9.79308347203434,0.07600513216810612,4.310694724325209,0.3446265675128046,-1.5547286652037187,1.4703379626245052
2007-11-01,11.14524596574799,1.7836118597476975,-0.0386284068816618,11.77141307541224,-0.03290620601863736,21.484684545307815,0.8513258075936179,6.74258921392607,-0.37867551765674534,-2.6580766392689057,-0.580564069312473
2007-12-01,16.495483603074064,3.6868164695874484,0.9738323322827167,11.596055602171177,0.08533020545403147,10.584080378790262,-1.1514208575643323,6.5987287909469,-0.20666461598700891,-3.414291343762951,-1.0336811612286283
2008-01-01,14.70249442258418,2.7286951727433504,0.1723861158319746,11.03491917993621,0.6873011806867559,9.941902265522643,1.0498918604275431,7.905036679715895,0.738346038298971,-4.356506389507764,0.7171202218016148
2008-02-01,-10.298350579645728,3.6573138282676325,0.1826242186039586,2.3411675103149463,-0.5437253695036759,6.807676117570651,-0.8202099540137269,7.839785715299829,0.22271771556263786,-1.285619312309855,0.2949900106096379
2008-03-01,-5.084358549713869,7.195678912633596,-0.01415590914747078,3.6212841221300494,-0.08263577413005052,11.747877759421897,-0.9292473564000971,9.14602039518335,0.35752196472492415,-0.6326434280621029,-0.6323529777351666
2008-04-01,-5.300237617144461,8.091862216093332,0.3990221915480401,10.080172972873527,1.0546641954913412,11.739555344354926,1.0479865023661148,8.47209608943955,2.965430220316577,2.4253679828446764,0.9443562684212878
2008-05-01,-13.095619060502656,5.04257250328266,0.2820598762455191,4.369720355630719,-1.859043347771582,-0.6923389783084559,-1.4147668937003317,7.229655830531193,-2.299186534241173,-0.5686493935418682,-0.6620807374719604
2008-06-01,3.0707140518111657,6.625819086200153,0.562698365675347,12.388459849256549,0.6360089664074344,13.131526034159933,-1.6734650999096843,6.297470060197451,0.525295882758769,2.9813487295255356,1.9755464569318733
2008-07-01,-14.651050058702026,3.388017137495698,-0.20465117895185436,10.175726740595039,0.4107805274831158,11.540682476301683,-2.2049398777169458,0.3939813913040524,-0.3730488494507398,2.502657856632375,1.5493156009383853
2008-08-01,-2.3738843360885653,3.244638101899344,-0.3414967174298358,3.5257204233669057,0.13659471691008207,7.10324751376271,-2.901013086752897,-4.073314152498138,-2.625523287649955,1.332390912476484,0.00635494925529656
2008-09-01,14.00799631008519,3.008729896742519,-0.20308983820452475,-0.5232665616078833,3.3805718739423014,11.667085336711025,0.8136738780785677,-7.898472667391278,2.1809293111929122,1.9758590068640913,0.8091062227210202
2008-10-01,17.867227508497763,5.276281838897859,-0.06974466715347027,-4.2986823723465335,3.3257298167406866,19.133749930415775,0.5512368579918032,-8.617693196226778,1.7000079752676527,2.606467211364489,0.2516512082583944
2008-11-01,10.303107003900067,1.3648194177721322,-0.18384582691498785,-12.08119808049851,1.3802938784922247,19.69401552014466,0.632414671041289,-11.863706660897723,1.822754852677562,2.765446011996339,-0.59124970339208
2008-12-01,5.086141592795457,-0.8833027408112812,0.18171767309130793,-13.689191184652998,-0.7626103934722899,13.902004655023688,-1.2530445559775742,-10.146431031112765,0.3595172798324171,2.0503054926893753,-1.6873164707179953
2009-01-01,13.990098758844141,0.2217407882097966,-0.58773712234958,-7.969454466401302,0.7266213414801612,16.54250507733039,-0.21047738280358175,-6.216278036119924,1.7044921118548189,1.2720910789631787,0.5805328756415662
2009-02-01,10.27761930603549,0.7467810149991152,-0.8755970528237409,-1.3593365852351411,-1.668670175456061,22.49680121797485,2.2962319318130398,-1.8852479454521784,4.815580165668351,-0.7215166500976622,0.6486676390228041
2009-03-01,-4.722322684125686,1.5650710639781558,-0.6225902329690385,-5.144047522137043,-4.053634760832658,18.011665240549732,0.4753715814403847,-1.1680807797302322,1.0704896957856391,-1.3055975664788733,-1.3889679964300825
2009-04-01,-5.251304195677221,-1.5677000676724298,0.784677705675703,-9.629505985593653,-4.143602887122814,7.520603561059147,-1.4547168108382138,2.0382440752121305,3.9179639844099796,-3.1455780739613175,-0.8345072284551236
2009-05-01,-6.539588567470986,-2.921485293748244,-0.11352334918704621,-19.852877097178123,-6.231813980050987,0.881284994605565,-0.9856174359600232,2.321469234544203,0.5725650609886372,-3.138192195756176,-0.8321329506975914
2009-06-01,-3.7180322026673878,-2.454514231904824,-0.3379966429572665,-9.381862852743595,-5.175173879157374,-1.1127286363045243,-0.5501246322472895,3.439578796880909,2.196534510088952,-3.039253594783716,-0.315420195627226
2009-07-01,-13.400462124243859,-2.6124244157248846,-0.12751323144828497,-9.320045833026796,-4.576965077162203,-5.836907700105428,0.3410965890270248,3.8181913172456206,0.5050788585643318,-1.7724863769335073,-2.5936872950563554
2009-08-01,-1.2733541930412002,-2.492188892758225,-0.4289376687462738,-7.476633566791961,-2.7154551488296974,2.2414443332843206,1.4128937466338982,2.0342435533270162,-0.10470175797985348,-2.1049079905532935,-1.3673935929769812
2009-09-01,-5.59184484715658,-1.405803646646202,-1.0501912782063751,-5.43090489863242,-4.140977418650376,10.959649792114732,-0.6503972439562631,0.442496678758463,-0.7420379343147943,-2.8387476151946487,1.1017021085693557
2009-10-01,-6.625336597124345,-2.3558475178073515,-0.6970342198894688,-3.6291026882889383,-4.587543013527807,12.255601803254848,-2.5174177906197244,-0.5624497282146521,1.1713502424904334,-4.252583133667471,1.5064966743564199
2009-11-01,-2.214029257607251,-0.8829958263784903,0.23712637327288277,0.41489081485818247,-6.462490270187942,15.41955943960535,-0.5386783114849862,-1.7414043876425964,-0.7988940691820829,-3.9946500634605187,0.09521766927399966
2009-12-01,5.940604624898896,-3.310659341898589,-0.8529756671488009,4.342652945540891,-7.180972179576958,7.265229851804719,-3.2305635712503076,1.1061516643293956,-3.0799425957776947,-3.6982931145479263,-0.4013320782724108
2010-01-01,14.790172466962872,-1.1667667729423101,-0.9307205676655386,5.896761313950165,-5.477992463898701,13.213109971517952,-1.2172463334827057,-0.3665110926114892,-5.281183801208343,-4.498741943202415,1.7829957572095978
2010-02-01,19.37302323886246,-0.5228603058188313,-0.02529270218685653,6.217400275117683,-4.8708894612240385,16.46353634153789,-2.043247586370974,-2.044895747760073,-4.357496153855308,-3.34357159003099,0.7798747914315527
2010-03-01,19.894419570200228,-1.7968343313670943,0.02049004693063594,3.5266063856769847,-7.396843771661938,15.669255344150926,1.0981624782182635,-3.48092269859373,-7.5797095661960725,-3.045094434289439,-1.3780228067645126
2010-04-01,-1.1928166601817907,-2.218575192020829,-1.0581016733378217,-2.9096038273521003,-7.417634858496196,5.049749628851416,-1.7388863489822413,-2.5629582453291277,-15.846349978514993,-4.821773438098958,-2.3010797232443423
2010-05-01,3.8191123421462407,-2.123258878524247,-0.47178633457000885,3.1867645920436445,-7.557026773864862,1.3218578706747337,-2.2311094462156973,-2.2120291477841505,-12.649784077779898,-3.741497959794671,-1.7806578775855897
2010-06-01,20.549233558640935,-0.13946281035421038,-0.22810488153439046,4.835281275441787,-8.030199271783555,-1.074234826851722,0.31236718282617204,-1.0446438728462795,-8.665129429865658,-4.322280229229243,1.8657259166696178
2010-07-01,15.29180481788444,-2.3859888125618305,-0.08690253348248511,5.36879832352723,-7.673952321770358,5.09459178290912,-0.14343626993949243,-1.9087628669244658,-7.716351676013119,-4.027438744859516,1.5329050424338035
2010-08-01,26.463174319872337,-1.5860718719317894,-0.20788932760909518,4.529298441885501,-5.201638852136391,0.2694715189588379,-0.4070782302736262,-2.3743740624190792,0.580613469316674,-4.351769796835072,6.688996013714416
2010-09-01,12.493589853119829,1.0177988558561566,-0.6565235333428507,0.3229031390771979,-4.506789580965542,10.120691874082027,1.8250316533304058,-4.077803504392445,-1.0819543563150091,-5.25058634183457,7.98508331048847
2010-10-01,9.673151924743252,-2.0093206146397513,-0.04894645628780658,-1.709857567058208,-5.149244799516321,4.274329461216595,0.812916101159253,-1.3028854782984993,-1.5006648292114448,-5.15424034225525,11.454868034427555
2010-11-01,4.274770953149613,-1.173210197194667,0.2627426163686284,0.41902537092714454,-2.4068328124029534,10.651223068773334,-0.46759587754166176,0.8829766437720217,-0.8902981648060688,-3.388258165653035,9.688892616989875
2010-12-01,9.256533169851934,-2.774773232844023,0.06719448110584025,-0.6634896657051854,-1.9184017447796329,11.78875111806667,-1.373419238340368,3.1566639439844373,0.3025380579817778,-4.185491010808146,7.732690498879343
2011-01-01,-1.7218123661214406,0.8291047149465101,0.041326281506789186,2.490553193463171,-3.6901884462373644,15.920985497960203,-1.2801334464602903,4.753422293862112,1.6073052473312828,-4.481459247885848,4.9578710871861915
2011-02-01,-4.322234643847821,2.0733034155385717,-0.38111921093904577,3.2551251683051134,-0.8924048621077532,18.29379660215271,-1.8700666901158982,3.4276242500587593,1.756660599195854,-3.193172791271312,2.0321548543443484
2011-03-01,-10.692985975906623,0.9323307198257318,-0.9071526924658624,3.809750973547054,-3.1140435456413513,18.36861645860752,-2.7629167909291326,2.7017371233576206,-0.0789216793480847,-2.7562986257658295,0.27008884851809256
2011-04-01,-8.314539941530995,-1.570579779701518,0.0933145313043866,4.771313200111564,-2.3710187076297053,13.447264420632294,-1.2698410637506399,5.274621865331984,2.764184433717219,-2.4666723835536324,2.4627405781646203
2011-05-01,-15.435674462958985,-1.11457470587127,0.38799808571799765,9.153798123198214,-7.849126834322952,3.0505360823290886,-1.7612542213837372,4.379532034261576,2.3012704182172286,-1.5812408184482152,0.7940982795445848
2011-06-01,-14.13119753367235,-1.1639584749069734,-1.0363710594334243,8.003778548726103,-8.337419439258209,-2.8677527850000786,-0.6634727226899955,4.9259726801382975,0.5748724677453936,-1.7126443542629772,-0.4612305163352488
2011-07-01,7.355546785533988,0.14499532719905517,-0.26866316338476715,6.782940156498299,-11.058493298994083,-5.834894202371757,-4.074114696075355,3.100801663336963,-1.4509976098028403,-3.3971070345487107,-2.1287640006936144
2011-08-01,20.41132536234909,0.040073193914384575,-0.6917104184659078,6.881336887993086,-11.134187220191947,-2.3427233137692696,-0.9965601661046648,2.473269573966199,1.176258070061408,-3.5682241846179323,-1.4946850291318796
2011-09-01,25.07318538518743,1.2583012890381582,0.3875384471880139,5.5208318338212905,-7.830593047480111,3.6436695337977056,-0.1104791712660429,-0.20000791129349338,0.957831533280114,-3.7397435315757583,0.8523492596800253
2011-10-01,34.52075369797663,-0.12138585792409273,0.0918213146936484,5.251462993299313,-3.138735684531195,7.718259220564121,-0.849272022319262,-1.9836935618586438,0.9222663259947126,-2.2741511534060663,0.3484910647283712
2011-11-01,32.11712490437688,-0.19168478425881474,-0.18772610393304667,4.7985082068695135,-1.8151477038625323,9.796327647220664,-1.2352763155183197,0.9702918782097143,1.6482119677469456,-2.26889125427855,0.9335756133797375
2011-12-01,27.979224737780555,-0.6016167499033607,-0.6842380970652719,1.5014051956141543,-1.604593862473223,11.867749704801184,-2.189438041390197,0.0005719796853540515,-0.2894277695383778,-1.161180776513035,-0.5953772418083361
2012-01-01,28.52015990348005,0.07035461170875124,-1.7611747670790088,1.1201809614402833,0.18865981520259822,13.209400553774756,-3.199605125287192,0.10493318873828272,1.2335389422915455,-0.31423953267351123,-1.875185897941229
2012-02-01,16.1794683618499,0.44830823760280225,-0.5103347149863797,-1.5962023628390511,-1.8907642867913559,13.736144102055007,-3.635049637082723,0.7853905423265637,-1.9374200608401253,-1.7841801523597525,-1.6397678586135314
2012-03-01,19.351802043558678,-0.46119572929426056,-0.13337343350076658,2.36723348227126,-3.6408328311265166,15.461402580746608,-1.6373658367756079,1.6027960795314016,-2.4605047965847007,-1.063498783118213,0.17548401559191973
2012-04-01,-0.18884271875251102,-0.9587477609384223,-0.3948990092481548,7.045017922554834,-3.349072203000091,10.315009631387042,0.8281077926995906,-0.07925536958065038,-0.9708907666757085,-0.4393001374818226,0.36665242639350737
2012-05-01,-18.274512083890045,-0.027868623120639313,0.16710641635079604,3.7730287495602965,-2.5660290794221936,-2.0993439982008795,0.3866286702904489,-4.899594188531438,-1.1332575957267892,-1.611797055260773,0.39651799205804394
2012-06-01,-19.958989740859863,0.3731805556197969,0.038135656200967816,0.966718857124576,-3.378949846136077,4.343042093809217,0.7744506223616199,-1.0678357212515266,-0.9907203306956944,-1.8301794418802473,0.8434930844089479
2012-07-01,-24.101570406353744,0.4166622569361955,-0.3024298735788786,-1.2691490286302098,-2.7236619583676536,1.408036743915531,1.249248710563954,-1.36468746232552,-1.2873702799321194,-1.741650684084199,-0.14661981419441616
2012-08-01,-18.123449270855417,2.155650184702953,-0.7199525549943395,6.959401597982904,-2.9238979097115845,-0.4131655680530457,1.0048294340694,2.9638129874582475,0.29774203773398256,-0.6487497381423708,-1.0506335055434093
2012-09-01,-18.900236101374617,0.38295286385823246,0.0895741628714326,2.937823691146562,-2.259681940077371,6.142048314154479,1.1519342672066983,3.1149766810567883,-0.07905545688710447,-2.372350123400956,1.746013014936807
2012-10-01,8.983488186578256,-0.4029937013933669,-0.14454467762597112,3.134049838482227,-2.4415951981693986,7.652849841857957,-2.1364789300493,2.088748447443816,-1.4399144566976645,-2.6192550214851735,-0.3250941080854517
2012-11-01,5.126581846873137,0.049152506797728535,-0.8190797473124682,-0.9263630807349585,-0.3546886870394843,10.161153904096963,-2.3791827095822526,3.418319907192796,-1.3686147228099088,-4.2612160920236235,1.3027078396822347
2012-12-01,11.82287767688149,-1.086557550754474,-0.39028872409227944,-1.294662721472605,-1.5506689855315585,12.365613997992384,-2.112760316300978,2.028741692575359,2.6106881060832023,-3.9134786949618032,-1.6673032170352258
2013-01-01,0.6544273455839686,-0.6896173236176963,-0.9508247576090234,-3.5635919254865343,-1.304513291081399,5.176322803888269,-3.205654547361746,2.1261755857934013,0.5615193755059948,-3.356642077682565,-1.0816890790239029
2013-02-01,-7.213315050986978,-0.7377188341861185,-0.3674782765959126,1.6451256393179534,2.1297199933277895,9.801768148568456,0.2566614910820846,4.151216305112811,2.6676734689245905,2.517096817508353,0.7837828498039414
2013-03-01,13.641865278283461,-1.0262955909776998,-0.17396611007291085,3.9907371981778965,1.351252931883696,8.483334930894372,0.053943668888599916,2.1661844320635026,2.3593124423468197,3.74713343345546,2.5114091207378166
2013-04-01,11.056336628134204,-1.9277392807906786,-0.42448639842904434,6.97655867541927,-1.0175113992147367,5.298901481843828,0.07630583846984251,2.021622579932405,0.24625617127517785,2.5396599996174913,2.14158647185279
2013-05-01,-1.5332548350335173,-0.4640780366251107,-1.4059511700123597,8.266554211419702,-3.4737250734213703,4.376318967054189,-0.910581617670978,0.4162709260087212,0.5369719095895107,1.4791293202387834,2.19470216939915
2013-06-01,0.055555411785746855,1.5390206584041444,-0.5051896990058289,12.36332638135039,-3.0419496677136664,0.6757438417176758,2.1783100081622635,0.0003207000970562035,1.0693933958551014,0.7396379233538468,0.4277001002600471
2013-07-01,-3.9755097277876246,1.1034521042163945,-0.34851830874436374,11.200198854156383,-0.9030980807493201,6.724337483676948,0.26415464803413613,0.17719268796729892,-1.1878617850426423,-0.2173711169988053,1.8748410532404023
2013-08-01,10.491172585128083,-0.16219018729021784,0.2030024272119224,7.972564849879802,-2.495772749855437,11.049812954285827,-1.5947900554471772,-1.9702707314415697,-2.385455956407597,0.552525494227126,-0.9007477631583285
2013-09-01,16.582376428596945,2.441786881494682,0.062183834796927684,5.666664144481302,-0.16532469310479314,6.006892735843039,-2.1013775178248437,-1.0213255391695562,1.230681271483519,0.6276866448590184,0.7656800984782635
2013-10-01,12.338745154290194,1.4654728336370226,-0.2852442881944821,4.009394677285627,2.4301158213241223,9.663681394126371,-1.0398178867627124,-0.03387838031730439,-0.7293439073571903,0.8787334704878873,3.2970617366622292
2013-11-01,12.231724575759841,0.5573398821397326,-0.3414515695411193,0.6509231199912762,2.0832697180210396,8.39602647175873,-3.095960303190246,-0.07391429899306345,-0.32772553626169554,0.26941556940738565,3.2122826695863864
2013-12-01,26.825486693435522,2.837663359858766,0.22671067825081437,-0.3211163902983145,3.5052034324129977,11.350946207896541,-0.7288925161211353,1.1435780378324978,0.7340137634582504,2.1815822051716935,3.421196802487948
2014-01-01,15.476767243021982,2.376172180880232,-0.8171787919522302,-0.36418286434084735,4.757925007351009,-4.6495708982297685,-1.1289027743688038,0.076604926362144,0.14894875297116528,1.866539160491456,1.802983662872002
2014-02-01,-2.647679482722225,0.5502635290578688,-0.4759376745821342,0.6457709571392343,4.650228263368586,-4.950593728537854,-1.173517166949864,1.9340138572733672,3.620173937714924,1.6917855715918648,0.9795043291142846
2014-03-01,-2.363565133988459,1.1572318936288895,-0.10443574217310037,3.9951362662646943,2.7676930695756496,0.5986442411714563,-0.5634786378919543,1.6616683809601511,5.011967377905464,3.811415691969053,3.0454220154798506
2014-04-01,-1.6554897180030537,4.17196973459729,0.20846435246482464,7.303655851981986,3.267682336002057,7.913075036753156,2.592211711440406,4.761783267740963,7.1107174988926545,3.263845638781987,4.5748641363394
2014-05-01,-17.39185610687511,4.792890499660544,-0.13832266203379717,10.867096740959937,0.21122103455977737,6.610140340954985,-0.058179560093911675,3.304212106903776,1.1270335625489736,3.4920755478065146,0.3834338990234656
2014-06-01,-35.34275762847818,2.8141620582999884,0.07933527409063323,7.773632883021648,-0.8474859795202256,6.865758138030003,-0.2971639214713946,4.617932526346987,1.1207854188636759,2.7053880992711328,0.4370123101366019
2014-07-01,-25.33789395381808,1.6784091020733563,-0.1650053259671509,6.338297911943073,-3.094367522478805,5.5737556740017595,-0.6102087583821287,5.012482896359138,2.2663157568008785,2.3825926760678158,-0.8251677865091978
2014-08-01,-17.390152032562014,2.2750481404071614,-0.7150260074354264,5.013632396347205,-0.9403659673200906,8.001004534030699,0.4741122990071389,2.7852883242585946,2.7881601764999004,1.8037339785811497,0.15293315287976839
2014-09-01,7.860474993055675,3.1049754541026466,0.00168489686242701,-0.34793268813976397,-1.8605894136070837,3.131660518956622,1.1051990031753078,1.2757073995336228,1.021655196547698,0.13231905841006153,-0.5751247179398007
2014-10-01,29.349537732940462,0.07495079837144303,-0.909952003526934,-3.9159127947555135,-0.08394925487464988,4.2466076707625575,-1.1560970175391034,-0.6296835657198301,1.021924307378569,0.7828453026070434,-0.18132966687442575
2014-11-01,25.71762049767159,1.5537258776550082,-0.12761988044200478,-0.7801902848977136,1.3242853371596262,6.510725400283633,2.3755932133805544,-3.8170378788040367,-0.4157965560903705,1.6320043849458301,2.3576723433268967
2014-12-01,16.917801541296797,0.7816165714830774,0.4817828772792119,-3.7560274628482944,0.41322919673386593,6.768640025457799,-0.7245787666062355,-6.265184936037201,-0.506437706113644,2.3685303837551785,1.9905651222065899
2015-01-01,11.976062517031608,2.4862002186732965,0.31949567128211953,-5.988742880286011,2.2175790469493535,3.2966830710456634,1.1197761826391712,-4.854258581175522,-0.28025385953469595,3.4011836355001606,0.33473669733122335
2015-02-01,11.538605733392046,1.2526298246866219,0.3577036728803744,-3.359313543055393,3.6651792865480495,5.985670721661492,-0.13606332111147879,-2.1192332004662475,3.16850627682129,5.376920901266693,-1.4682170518829452
2015-03-01,36.63133553826944,2.040172174734483,0.7660348774057972,4.710388877211642,4.411095407369107,14.928229500465577,3.3685164426279,2.3559447870142947,8.599029429789397,5.041979516413029,0.9382678119579282
2015-04-01,57.750561418808076,4.493902302245807,0.9179547918185946,2.3078172443889855,4.646915783849597,14.531923010421153,5.079024491795472,3.3612401404192056,9.982648479766496,2.796355471773495,4.539755503674584
2015-05-01,32.83776629489677,2.6458107637792665,-1.0526208741189098,-4.47960914101742,1.1401582835478195,5.451737292192533,1.723428913591448,0.9361570473669332,-0.7936988359813313,0.5825061316117655,0.874375973842163
2015-06-01,2.2510180457671822,0.46883157404244,-0.12421511058956014,-14.054264774350472,-0.5113954785736112,6.62521993261349,1.0159582317329665,0.3740219393148081,-1.5397277759903432,0.8952028964242658,-0.23902102597597974
2015-07-01,3.734421707993988,1.8074283930723567,-0.4905991669253833,-16.863115892858318,-0.8829955297725789,5.169539957013612,1.0034445485637775,-2.43057119321071,-0.46438042461443274,0.4792889422018405,-0.6843353161477168
2015-08-01,15.10699284673143,1.4174595447663485,0.40526111870366677,-13.4497368278235,-0.6874480836265917,6.512710624536737,-0.08264971233115403,-2.1941137657985763,-1.6008502724508702,0.6278165145303163,1.848798753835382
2015-09-01,15.417267451736734,2.380545601789329,-0.2308611821693436,-14.032083086770086,-0.0660952161725632,5.801931998936297,-2.5338742765164284,-6.322493810046524,-2.0066760387044553,-0.11545587300854976,0.6445391521554811
2015-10-01,11.747351735611232,2.9364315259098497,0.7001089547652732,-3.3300771669919556,1.9202369154413468,7.762920605434076,0.0320934094200922,-4.629374259920478,-0.3524987425252135,-0.548703067285679,-0.7995398435225809
2015-11-01,11.651292559480737,1.4949100096049008,-0.8255639561407317,-1.5209993059887097,1.252838011322499,6.84750297867528,-0.5139913534282812,-4.283898034273115,-0.7566768127717296,-0.8549652646439085,-1.2367883938099382
2015-12-01,0.4823804429490224,0.4616110739593964,-0.07713235717840838,-3.4486496552297297,-0.6697457888363658,7.070068924558484,-1.4055633975289652,-6.590318484462376,0.994326807928374,-2.8821215453529945,0.310572799287435
2016-01-01,13.724367536849684,0.379884457763616,0.10782086056600448,-6.145553520813891,-3.6201348714151997,10.63670741162349,0.8578569336781143,-6.558626887605836,1.5235600948466583,-1.9025066949538143,0.24036747823238613
2016-02-01,19.628517592834754,0.5983085090367197,0.7941211358239322,-8.23383420972317,-2.372019431152758,12.684822608686616,1.009264285722324,-4.170746533525175,6.2412053828636544,-0.9267908993894665,1.6855925971609835
2016-03-01,15.114905010505623,0.09663023976984064,-0.006336624058338458,-5.802431567225753,-1.7052670263781167,14.255468842810913,-0.49313199913363803,-2.244642674954889,2.6858367251467,-1.1681403605738225,1.6061992281476591
2016-04-01,3.9363277184958747,0.3336495526767642,-0.8505815670838341,-5.273506648004968,0.07573547239275413,9.996421111170122,3.68717967435402,-1.6894329515567748,5.996927784299203,-1.4222888328474,3.8401247775400194
2016-05-01,-11.978893558858488,-0.6851518162113095,-1.7186553435273737,-4.906226358327942,-4.777590559814204,-4.291739466562959,0.2494828251124659,-2.329785239929663,2.7072309410573183,-3.214813119644866,-0.9441561771579359
2016-06-01,-20.55872081965356,0.3592312893552503,-0.4490908973271672,-11.363757225187982,-7.252401883428085,-9.579915747067375,0.8318984393720754,1.0482289496368296,1.2857880063174463,-4.203162870702805,-0.6326102108708014
2016-07-01,-7.679660374086552,0.08002366167550434,-0.06294849387205126,-9.277016511269295,-6.955043646594547,-16.07384199529035,-1.1455927406752906,0.9046557658642413,-0.40224853743417555,-3.936843366660767,-1.2255764745502162
2016-08-01,-2.941566230025103,-0.6217229273737139,-0.08389152712823922,-9.256747777189219,-6.52366602390558,-11.108098952081107,-1.131724639693715,1.7195192281211717,-0.29234780211228895,-3.8698363989602527,-0.17269655840543408
2016-09-01,11.78100049029382,1.5330898344012134,-0.051225178077483946,-4.988460166600902,-1.3691375852448822,-3.537502601901892,-2.020283646142218,0.3025528213645359,0.13879226890099972,-2.3923668559884774,-0.6750759268429931
2016-10-01,14.8150741459865,-0.6628259423024474,-0.9067737134144078,-2.4696785898208304,1.4775794876637427,3.984561492844634,-3.0739213218089816,-2.907332826542337,-1.550285893148839,-2.2533554363828827,-1.5695660051899125
2016-11-01,18.110571672279264,1.0131586234281968,-1.3005348145918312,0.6221889009426178,2.4903791569132707,7.416228648766321,-1.7087013848092951,-2.340263316027645,-1.3400122472108364,-1.1509127725379713,-2.317325832450642
2016-12-01,12.353696178887049,0.17852455033787962,-0.15679216457321488,5.116055886717035,2.5648724331570385,9.460372884611047,-0.6910277904224387,1.0361634731105482,2.8690703697433975,-0.36879840620381543,-0.19077625923224417
2017-01-01,7.892366156340643,0.46194059966113343,-0.15442101753569482,6.5483277640444015,2.409541413290775,12.937743708968739,-1.4995566380914198,0.42764183168485914,2.264246833579051,0.15403419632398752,-0.2486179665655257
2017-02-01,-15.093653150266846,1.1189052665222938,0.32106968716226447,7.296223310497794,2.5525704715479733,7.541454723544774,-0.49742878236143184,-2.2366813293439876,-0.31188983488924293,-0.0851558830974497,-1.1498133862130544
2017-03-01,-10.154481568434193,1.047523042545997,0.36276037080760304,10.799726813531151,0.1885265088642285,14.695485431611672,0.7406201201832658,-1.0402266548174453,0.2066475171296247,0.8040295213516586,1.9861924022478092
2017-04-01,-6.603984701153905,0.8025310970736719,-0.5901861502217791,9.674477932615048,-1.4710068344927905,8.696298739067757,1.367276799202358,0.38558792975931766,4.600253391845484,0.11847877636424187,3.0328425426228875
2017-05-01,-7.313739661597026,0.6844716118796583,-0.36397291767243267,8.178171367248467,-3.3340174878724156,1.3854388139615992,0.8093561077492595,0.14096815342760038,1.2037109092723313,1.6959343434557042,-1.040182906479025
2017-06-01,-0.4352788030943202,4.095097734585234,-0.8771229539183505,5.931651005724362,-2.828043408990272,-3.303917870455919,0.8640443020582396,2.3649062676090224,-0.8149844191768523,1.0830743188234706,-0.04256977482818769
2017-07-01,8.876594586892224,1.6875832122885548,-0.00938567829340009,2.1096645226397612,-4.8427720891322785,-4.02975568045413,0.9975692679293502,0.7707593515177251,0.23221975848422005,-0.9176099993180102,0.643947489360599
2017-08-01,31.59798948260294,-0.7465812786335775,0.4122372534301171,0.8396294364709291,-5.711796639195395,-4.450564382647272,0.7729910121302126,-1.0826771229650873,-3.3709875202386996,-2.522187745144258,1.4612010458701405
2017-09-01,54.578413427429496,1.5729002492718678,0.059994456892859205,1.632361113077934,-2.443951698885485,-1.4612252030100592,-2.142837390583807,1.277113090214442,-1.851612955692815,-3.077662813520263,0.20369690100622506
2017-10-01,67.37606183351676,-0.4146801201078958,-0.3475254117174842,-0.8902598124871872,0.16887735044094043,4.9269262454119485,0.09584345428331886,0.7204041947073847,-1.6883967704042817,-3.1093089350250906,-0.9669164222632745
2017-11-01,65.61989983647027,0.8696973392733334,-1.1908035151962206,1.1419999659185862,-1.6842950240018801,6.066256646403758,1.2588511507558806,2.132374811062391,0.3928780487874093,-3.277940386441138,-1.0687493876409206
2017-12-01,47.32607466517254,0.8619568120195602,0.2357323605535182,0.5519158926220342,-4.192527031053405,2.1233678838173518,-0.329172136427772,1.9985105086978052,0.003976827207807787,-2.6751028020152674,0.6134500243713887
2018-01-01,24.91122301508841,1.5487304799599322,-0.012531405221336556,1.6822754702722307,-1.6060315468305362,2.665989182652126,0.5516329215283875,0.8084833874419246,1.050890309464151,-0.18319024365962377,0.20068410444950757
2018-02-01,19.320331326360645,1.3512608871375953,0.2573330702328551,6.471788464969663,-0.41971965038380077,5.968039685899683,2.7358727560571268,2.8606870551301995,1.3362964693542096,3.8809384406731837,1.2744269307810754
2018-03-01,4.4281805859549195,0.39654112829054,-1.3625177101433739,4.788796228156528,-0.6047019504536024,5.373179861991304,0.06204288437132277,1.5431431554041168,0.8691459456679667,0.7450870695759164,0.16338046212882773
2018-04-01,9.224140895251594,1.2818849031412292,-0.08825925299516513,7.004367412003461,0.3803690301688789,10.577895691882347,4.3733706954495375,3.0411667913427323,5.781855444394111,1.9459735779249527,0.2410556519863789
2018-05-01,14.174420125488552,0.4112368573827645,0.32931509391453595,8.276403462215924,-2.1370800660856553,3.767908021428596,2.8623863559575398,1.420902042828608,1.329791284742086,0.5794199537667808,0.20766075453658317
2018-06-01,9.311327520269913,-0.09698347379824668,-0.7347600925704718,3.595412571386561,-0.25373071228872845,-0.28561787722972554,2.08598792598508,0.88349634716743,0.055055845242137025,0.8668710295709872,-0.7232464875916236
2018-07-01,8.323006386216832,1.631338971351056,0.492883907020051,0.4640751493491848,-2.8605565320564352,3.151198367013947,2.380015512421039,1.766868485084558,-1.2106664542466916,-0.4030776077416647,-0.7149737597861545
2018-08-01,14.82386576873364,-0.515495340556182,-0.7702689665980174,3.791628523763592,-3.277590375776306,1.2600873295434383,2.0345329972228683,-0.5736648383810987,-2.8877353727336015,-1.2496264053136272,-2.0605602101176785
2018-09-01,9.606722126264629,1.792102001890104,0.2407493752462191,8.578859196003023,-0.8975451024012244,5.997170480864028,1.4265852226967866,-1.120406594066246,0.40524667234059564,-0.9030326993593576,2.4222589501661673
2018-10-01,-15.101815550936692,-0.5124102307219083,-0.9280070249959351,5.29827835599157,-1.5402467077196178,6.444038662063633,-0.20174455380222867,-2.8048457625478775,-1.4754185964360147,-2.1910050477682645,5.510833221908385
2018-11-01,-24.14639313093346,1.0298872611256762,-0.06687025356801435,4.534726931537293,1.8089031736361676,5.260791552795325,-1.540569294725998,-4.9112764069844985,0.30866915698159403,-2.6516125528347487,2.072881618171337
2018-12-01,-23.69078851582799,0.9477670116501677,-0.5289856277909113,5.8098620803520475,3.976104452588487,1.0204184852481717,-2.38891013909997,-7.306241805258843,-1.763828644530875,-3.485196127546992,-1.3982793116898335
2019-01-01,-21.373787217739732,1.054591718599056,0.043629250092539706,5.889650609968726,1.882156592777001,0.3641935194798407,-0.8108541162234246,-2.350277719327906,3.6323570544063983,-1.1219784989054773,0.55067678975918
2019-02-01,-29.356244519608737,0.23776310411080814,-0.31232702802615897,1.8291009596003107,1.4836445125865403,2.473599039599577,-0.3131612791113838,-2.1741731855302717,0.8372759381383901,0.6229899271262695,-1.6194658426572204
2019-03-01,-16.61955041129812,0.7688315407572155,0.5810698686431301,1.8060542423320385,4.012470200073267,6.301302213214086,2.1377936614562643,-0.1749219832210258,1.4489941447127421,-1.305697427255403,1.0577838272357667
2019-04-01,0.42434853302239617,2.0935034950659386,1.2330334853830092,-1.8023150225565558,3.8642534831936786,7.320901854740029,1.1873071025935786,-0.7261125199427525,5.367991382058662,-1.0290803651555294,1.4706223520101673
2019-05-01,3.148681515318003,1.9523449167907714,0.15426777749196496,-4.721628451491085,-0.6784719888829542,0.7613773263719281,-0.06061170704204244,-1.0377492362896206,0.0870048447291083,-4.877031275489401,-0.45296770655613017
2019-06-01,3.5896072621375197,1.2473183033563906,0.9155199661308426,-7.58047966233697,-2.465475097544566,-6.192762204469332,0.33438834236535797,-0.6867315263568798,-0.3719980980231554,-2.225664264992787,-0.23639279570960525
2019-07-01,-2.720750879793002,1.9502269302585233,0.13625873756031837,-4.099574647916498,-2.734775806495172,-4.624911087173373,1.1140550702483978,1.304875816184655,1.1364432687972794,-1.673258924753945,0.852328740875997
2019-08-01,-0.6429827242735087,0.32452895561003814,0.0815746584055308,-3.2925759066934575,2.0953312181527863,-7.560883388378727,-0.5539056577958661,0.603174057116334,-0.23938399863179427,-2.3532868375846903,0.11611695325023419
2019-09-01,12.301228366879968,2.0411840959881857,0.4034557833424781,-2.0442247509838865,4.384012860812657,3.7411875109813195,-0.12199200460949555,-1.0187911464459916,0.6819894080112192,-2.6488668722867885,0.06387356618313333
2019-10-01,-1.9114745714728087,3.5468037105464916,1.2389709432140208,-3.646538647597154,3.2732612836204567,8.471296888816099,-0.05300910810561277,0.38592946116806104,-2.7602778737651903,-3.53927885450549,-2.9899627198882257
2019-11-01,4.168267129563219,0.506999813675062,1.441519510878578,-1.360041669183616,1.2807956275511891,9.409511814682503,-1.4014552382569718,0.19619105656209967,-7.069254870843551,-3.9196349030046633,-5.628659038166418
2019-12-01,0.6398763499838083,-0.24042196381438785,0.8433573427119576,1.117903143424158,-2.986211939927781,3.2623086289115975,-2.249079066916451,2.1167879928877227,-5.874735001841117,-1.5525958411338934,-5.67225805289381
2020-01-01,2.6185195521426294,1.7016837778405218,0.6301443450446236,2.898762716705818,0.03671943126828481,9.901332211353818,0.28707621204506495,0.23915743015759716,-2.7909480728542775,0.034099847105530046,-2.001091987058757
2020-02-01,6.017497103240771,-0.3329011813902092,0.004960724593507493,-1.4909215109946956,-2.1827469364575087,9.056187907606073,0.06140263133832491,-2.430481099801831,-1.832681779892681,-0.35706795802968117,-1.514549643889623
2020-03-01,10.93186613299713,-1.076221555407173,-0.014029071523925296,-0.053164750576300435,-1.100252341459825,11.463900025654823,1.4806085948220016,-3.1830386475775256,-1.470138913907462,0.4710017825032793,-0.5926708241941085
2020-04-01,2.2088153635963863,-0.23163752798556914,0.24506964042649315,-7.573073806600647,0.03151270327645861,4.76688552234944,-1.71727107981026,-3.287105697268885,-10.749099697199142,-0.40878677233896354,-1.1488141991915697
2020-05-01,4.212421046795441,0.30980073837293887,1.1843482491312027,-3.6408732494510616,1.8135705055874105,-3.3850821505586737,-0.297289624562481,-3.0917458042029793,-7.324641308736062,-0.5687418742558847,1.5546914143195139
2020-06-01,5.447126076612221,0.31848239886116403,0.5054938282780235,-7.368203401128369,4.182400839729738,-4.870346334061168,-1.221377302759393,-0.6334808554071572,-4.655972480357505,-2.9559222339258753,0.04098581501573051
2020-07-01,9.912471410998535,-0.4085661491736481,0.37591993715823335,-7.393743676784013,4.727119491242355,-0.06446981877317626,0.9247134676006681,2.932674474285321,-0.21854176473134146,-3.2315575841855093,1.6195214393262063
2020-08-01,-3.2556089761639555,-0.47521110187857474,-0.16685255028570367,-6.019582565949207,4.419600517662786,-1.1219531236797877,-1.4773569239493582,1.5736627231685034,-0.01847512102084181,-4.42621785140868,0.8454241922196815
2020-09-01,-1.0421070486611939,1.6555266230887504,-0.03580594090615463,-5.368939105875654,7.605592002593138,5.3958203333965855,-0.2378570643891038,0.24036204950758133,1.742753168641741,-5.7447277302951605,2.3505513440674477
2020-10-01,-2.69709669182987,0.002606419426296469,-0.9754408136675519,-4.368805632995176,8.534992676557845,9.900473229307067,-2.886509460127243,-0.4992530535273758,-1.1775155517427862,-7.7504620174840255,3.9284498093632294
2020-11-01,-16.876712538506013,-1.8351301610950763,-0.346983345960453,-11.913742691214011,6.916124774288537,6.5106016332777585,-2.4218019311571055,-0.022557640481664976,-1.6753867786465975,-5.819302572005711,2.239960728702279
2020-12-01,-30.676371582487207,-2.1645654075783085,-0.26248510938406433,-10.9882789550403,-0.39700236242218523,0.6185244235434766,-3.010499241927022,-0.6271015483677971,-1.8040540520934627,-1.094019572730943,-2.399570368680969
2021-01-01,-7.109164307203173,0.8986013438945726,1.020854010570483,-1.2225430535371231,-2.7863908305740672,4.728745105898042,-0.9670296848928928,-1.6254862892504107,-0.31314433575815315,0.7734440402613387,2.781497662384375
2021-02-01,1.1037807631101373,0.22923037056423112,1.654708868038231,5.360055953295216,-3.7257373113138286,5.148166225002555,0.9797228924209378,-1.7662926735381745,0.8255693476632473,-0.6713749300463974,2.585988652874022
2021-03-01,6.287929284200345,-0.09623112051765759,0.5039320887262395,8.93732874762027,-2.178172451500725,1.8611287060122095,0.48007083913306303,-3.2531734942650274,1.5570520391015776,4.067238375409701,-0.14149961759936502
2021-04-01,12.793252306912848,-0.1325137774185876,0.5274970044614236,14.445514947911391,-0.6881271573431604,1.4573601823368847,-0.9357581001289219,-3.8378789415338375,1.0269615661748048,3.7208620969481245,-0.4432646731352392
2021-05-01,13.184878966371684,0.3387862464847977,0.1803923523922606,18.87397385701729,-0.8884979590650026,-4.327057770642639,-0.5140793074922669,-4.539113623728433,0.6480619675227786,3.527467096015293,0.38681478332555486
2021-06-01,17.229952916429454,0.32740383965398223,0.33634053447415546,16.358992458235008,2.266458156315707,-2.32232381867874,0.6939283994111349,-3.6891409353385214,4.2180051049876255,1.2905858053929506,-0.5983742254053652
2021-07-01,18.56014401185189,0.08652962994610647,-0.46826124302207006,7.4028091722513665,-0.7617112506283448,-7.709365659511207,-2.3382021709471843,-4.746138482244518,-0.8563639342626175,0.3657682816725085,0.03233515018230548
2021-08-01,8.676451656995084,0.7222999811246389,0.8705879187749517,3.8839988935566083,-2.7530142619274898,-3.0010181526864983,-1.1071898006966165,-6.202231483132387,-0.3659012768691241,2.710339442149099,-0.33386216034377014
2021-09-01,15.884982652040321,2.8480051411318676,0.215478570686642,10.791252567121049,-3.3525347396190384,2.1886569568665095,-0.6230117017322812,-6.251976265755502,0.278421768503506,2.37783734388983,2.218138071230058
2021-10-01,18.404595366683395,4.318170920460496,0.32393357549669055,17.05639616302669,-0.9804412484305587,3.552498699228522,-1.4835779771042183,-4.5468966265878095,0.9538239568042712,4.653260628728134,3.096100036127517
2021-11-01,6.715928073815064,2.3913875582226076,-0.5125432141213206,17.682552045133946,-2.443050400650751,6.31158067183614,-2.425970607046594,-1.1501809216083814,-0.6064041158950602,2.5031258847309488,0.3296363041250103
2021-12-01,20.83011401997726,0.27772859997713084,0.4141029647968253,14.270342412189663,-4.12142598437304,4.319855451149863,-1.8934893735802518,-1.417880688709026,-1.8846694975768514,0.27992156924040756,0.12078176306189903
2022-01-01,15.584948633469878,3.767748840693031,0.36754352833362525,20.587713028195978,2.1324671356384144,2.8771910591323575,0.04261507498132744,-1.2736933382156508,1.2751422425606052,-1.0167592555935059,2.162343406213857
2022-02-01,22.963421598318405,3.2074164807198002,0.2279776420441415,27.96753629390888,7.139868540592715,0.6225619649691225,0.5906827005277222,0.7520228464563132,-0.042455798319579685,0.7098899043087954,0.6217223924140072
2022-03-01,12.817273205158074,3.8539729988263574,-0.21859287034817676,19.88120417583997,10.872517097803932,4.739999822373477,0.02636816160693911,-0.027154374691654937,2.3404039964195107,0.24634432005197482,-0.1253500176699518
2022-04-01,3.707583454178348,4.9430517854138465,1.7584230402219276,11.41392381722352,13.175139967465672,5.648584419287204,-3.5083683599698503,-2.8397191633173122,2.897704098523178,-0.7062756871203959,0.40052846969726374
2022-05-01,-3.349204295509651,3.6693017341142316,1.0625584251550233,8.920661487104894,10.444795857478873,-1.8924857577411132,-1.4287520327484913,-2.378572854686986,-1.7639251284663544,0.9849481866352576,0.2199574800926527
2022-06-01,0.23879632059754385,6.163462684822708,2.1953618799917596,8.017324360090015,7.6134581290271655,-2.188980811285859,-0.02362050386601311,2.54755989761032,-1.0486521429906475,-0.14026020957378904,0.5284808660285023
2022-07-01,3.2573875507156345,6.045710664365242,1.19384278198868,11.87060709215983,7.743015564874707,4.294953814487101,-1.0926417647945357,3.66418551424497,0.5734187836429072,1.366267441986487,1.8581435757007796
2022-08-01,17.483776099545764,6.658498461209643,1.1952410360918844,12.245413448677212,8.284660816174217,9.658818088911403,0.8231097586612037,3.102481278369204,-0.5038483164588001,0.5615281726970949,1.7708817385182627
2022-09-01,23.244999677243072,9.914934227414555,0.4744582675519755,11.041908551784388,11.812644204541314,11.2203031051355,4.631258751910913,4.310577775477441,0.05010623692612626,2.5215750555155765,1.4384066182674076
2022-10-01,12.350787282443946,11.618811506343569,4.173831427685556,10.4858573505864,12.566645834657283,9.17237668314273,5.42191064374731,4.954030259066997,4.598123355163509,2.1543534982279837,2.9520741021811503
2022-11-01,-1.0137204290801947,10.655821134110742,1.4526603132628093,11.71047110686014,12.169505827215207,7.124930350513935,2.031035668361035,3.8807270396040394,3.015559262921016,1.5530088049856516,0.718527978825108
2022-12-01,-0.023020352904609354,8.277325883785004,0.5706178689982782,7.431731369793127,10.461006527121246,1.0927610816080175,-1.1584035587394084,2.0653902016959975,0.2678922135073236,3.1964409455589404,-0.39416087657435384
2023-01-01,4.001531664200286,5.8509962518652685,0.16917603904304102,4.043958710757252,8.634147361102968,2.2685630444067044,0.7363218272771519,-0.5631924869546054,-1.0004702989474623,5.970989805189433,0.4739958917337148
2023-02-01,7.04505946503599,9.152577940887902,1.2119475255676058,2.024077666797652,11.83141679143099,7.948495617883324,4.379505717325287,0.933749115209551,2.2111260945803934,6.873549555338329,2.270835607466502
2023-03-01,4.682873014045754,8.948567566696426,0.5192561147315722,-8.138588243626813,11.180532234533676,7.198212556711269,1.6643099916089312,-0.08390173591723737,3.5921610232217205,8.555929912622851,1.349800980338621
2023-04-01,18.109241576729744,8.728424303100102,1.224199796015455,-17.230355807721693,9.589328651171439,7.043800637189904,1.7232346464857073,2.0429275138537264,6.93578890219851,8.865567552486226,0.68014143755925
2023-05-01,2.5112708424818493,8.506224311130829,1.127295027323882,-19.694161848907726,8.47922007148479,1.0120366820493985,2.1198760701608563,0.6862433812621873,0.6661762035889893,7.359946336832699,2.1145116858617925
2023-06-01,-11.722525305398904,7.5842815186766295,0.38372781560140723,-22.371309377614494,4.77903947611571,0.6502137790809002,3.354600707325588,2.920441166081787,0.9828990051038744,4.544956626875987,2.3504697355903232
2023-07-01,1.7588421423751583,6.984536284934229,-0.3580649156635989,-22.194514808105083,3.7698207195809346,-10.031745098101467,-0.4345542043064796,2.9046919955391886,0.8426909604944797,3.2073519839321776,0.34753361475178934
2023-08-01,-0.8138648181502504,5.267837498208721,-0.05228103405914197,-16.39763544015227,5.0646681227819315,-2.331512289600795,1.5580671703475275,4.052665836288192,-0.010481811654841522,4.970990034178179,3.927934677004707
2023-09-01,1.3960742595545526,4.933063381906209,1.1550671725874526,-12.999752458130658,3.465139625347426,4.110781939537219,0.9506688869702629,2.9417111407071417,0.4527139841258787,5.95290779626982,2.465411110795287
2023-10-01,11.978190833650274,4.949708860215711,0.6099431928266927,-1.9090609411356638,1.794040199362314,7.096686204926584,2.985217224415152,2.4318981101444592,2.7071329132825497,7.194584785960522,1.7693508132823865
2023-11-01,7.529350881392702,3.74298714850012,0.49646259892975486,7.400334801631601,2.2274513232290154,11.085855386864864,3.062782423936568,2.4416424078754915,1.8774806995985358,3.75367833384054,0.7467432092267714
2023-12-01,5.10887137619477,-0.1171364516672142,1.110201313872448,12.723975025545315,-0.9129140107496028,7.974065610249738,0.6446739045891832,2.723944904949974,0.8718780154937349,4.707719186412,-1.3548545779087675
2024-01-01,9.016272912330862,0.8863819707107083,0.5551637595213474,12.556153003779713,0.6976535618182922,5.85037972842602,0.7144287008266303,1.8614385709640615,-1.4174302114378605,4.841185223715861,0.008061198889905086
2024-02-01,10.076212108269772,2.6936480387194095,1.4794769817429643,15.357970131539844,1.9290071406918727,6.511271722586315,0.2398333732816269,1.0334822400594774,0.7268341223213071,6.20765032748664,2.9770199582859718
2024-03-01,12.062004319466212,1.4005773734876321,0.34551781842955087,19.17772177397886,6.024748244862959,3.545127382878178,-0.056326412938304316,-1.8674366351439033,-1.9943258800584118,6.3680979982103025,0.8704570124001094
2024-04-01,5.865608384701261,-0.5406350929406045,-1.0938356603758734,21.98155132905879,7.406440220791534,-2.1910567066478563,-2.9898651245544983,-3.8069564055547147,-9.54991126091771,3.81527787705717,-0.8352641699106442
2024-05-01,19.024172114403598,1.7463064218414708,1.0593855531445744,33.647614179414546,11.959315333856882,0.3534252457518363,4.356907846378448,-0.38627319628474055,-2.2347720851969513,5.895690850205476,1.7542858628937665
2024-06-01,0.1035502836726323,2.8590850837173427,0.5585716352410675,28.915784226945178,7.893066687129391,0.9206181958128923,5.2905312941231415,3.343731374686392,-1.2274909101232936,3.360432871926747,1.2846983164923884
2024-07-01,-2.072460385849581,2.931853544383845,0.6581365342308718,17.604439833824287,3.262539737345051,-6.535104502315164,1.5456890726234036,1.263524060115465,-3.1005412732920377,4.30283005720181,-0.08105113156207722
2024-08-01,21.573177812710583,7.352926928535741,1.1609004740689706,5.847259112388343,4.705360692625099,-0.5452622984326467,0.6606866749894493,-1.4308445323842633,-0.5397507716897678,8.378636809527556,1.4831450301192106
2024-09-01,26.051122430521843,8.41434793207737,1.3780756516974328,4.810349759756662,3.336737900197221,6.625299742082049,2.3464827125490615,-0.3228382644446981,0.5857223203149147,7.144764600438805,2.8662041244179974
2024-10-01,22.559460930202363,10.465868249076848,2.48974384834049,15.28367194873563,3.776320152609909,6.399041309180461,2.7366725258464157,1.8801976782469865,0.7194523769824457,6.858254564458463,2.078027069298791
2024-11-01,24.656695880762413,9.189010796670708,0.9065982439999889,20.862160401397674,-0.4919357289496631,13.630649687992033,2.33790457965425,3.381200690551765,-1.8042768850239952,4.831606012910171,0.9649032008634606
2024-12-01,22.695386256151323,9.453685027049307,0.4307694830020683,14.77567448776523,-0.6603406964732557,6.636517100664705,2.0295088261034238,5.2582392173781045,0.4877920589160567,2.5724660105682347,1.007292807689339
2025-01-01,6.109255838442664,8.81733039393485,0.6905670875319245,6.862860517819726,-0.4408265279331758,1.985194746267922,-0.3984653770390878,6.416496833845962,-2.3886299012972216,1.9111914612152106,1.0067617203758203
2025-02-01,2.9386057366647265,7.801901273772444,0.9683581468375344,2.780830357221376,0.3607705257375571,4.503397508955459,-1.2163969399788925,1.9749912714646811,-5.155911340472159,3.3736769170990257,-0.5375214177604377
2025-03-01,-4.340466400989101,7.590849262617311,1.0491551878461944,6.436261815447622,2.294128215843031,4.2402743877698725,2.6100493038734243,0.43838928936357746,-3.5547434765227592,3.3880263117788516,-0.23951248814289983
2025-04-01,-5.327044198852263,6.907847057256461,1.5420598902724496,11.13053906479081,6.426672302942293,5.515878836953775,5.899328797354173,0.9644566546537234,-6.55125954723475,4.017426544451645,-0.1291218858134826
2025-05-01,-23.341746901604097,7.4462541065859895,0.981679564141821,4.3921014853405325,4.1087055250958215,1.5473222046754245,3.020049529707535,1.6834362937980245,-5.478052560762137,1.390703992391579,1.0587423260617186
2025-06-01,-9.37789636866944,5.794838909791817,0.4005301023071528,0.6448087038408659,3.032407093592859,-2.2125367280783337,1.3633961564055852,4.9570766300130416,-5.910476945553924,2.2172965428706846,0.49145355409235947
2025-07-01,-0.02103316381720788,4.995231666348921,-0.12078118721782971,-4.1562845049463135,0.639721401804735,1.2604313142611971,0.9072714429955937,4.646015798128765,-5.196279073333585,0.8649707479070372,0.6437763491971964
2025-08-01,19.181287444850966,4.4956315000213785,0.5010629376962648,-1.9723898216385436,1.8536509250413857,5.437814458525608,0.7752523423849027,4.601811501762171,-1.0525684771451722,3.6908410304752977,2.78279537856168
2025-09-01,17.731871772097975,5.133854894053535,1.0833944755058482,5.224444896731299,2.530134467553367,4.369179804462448,1.9611754480541066,3.9662687650721935,2.3053947314510737,1.3553575819034123,2.208397305376053
2025-10-01,12.048964928981661,6.076173491387031,1.9081736227985697,1.204378420846453,1.176583170959681,6.379387242026581,1.7307109690549254,2.5761007613814897,0.30187075230909954,2.9398000124540786,1.4400121783454836
2025-11-01,21.98577490210789,3.7505058888188785,1.1741933644082199,2.48225899585168,-0.1189772400783653,7.50662369863889,1.9892055793376926,0.8967264791599803,2.589360391005556,2.393665713918381,-0.23765937401779524
2025-12-01,6.249850997572423,1.5512737921218616,0.3453499057899112,-0.4926445209486019,-0.23955440140085216,-1.4470273738390347,-1.3685527022142594,-2.07338677222927,-2.8130617994552267,1.6937184689328433,-1.2711743132839644
2026-01-01,7.814809705567882,3.3105218075148812,1.2874096605132284,1.2527845677715987,-0.5891542041622024,2.0053881253858634,0.031183995151934596,0.02053832760147145,0.19432625058989572,2.2663129921945284,0.22053076806166416
2026-02-01,-10.120717016519563,2.541145025264804,0.3726610358971705,5.741056153194535,3.3357399609064338,1.2493598857800805,-0.8166216112789755,2.550439307652411,2.8278479235103617,1.1297884717906115,-0.06165825322418783
2026-03-01,-13.490284044082102,0.48270325823667903,-0.10796371064572163,10.09784713652752,5.021980063170464,3.265300579050546,-0.19486083496266815,3.8566650898434887,0.1980202712966843,-0.18998617965987563,-0.2825545184335141
2026-04-01,-9.390989231902552,-0.25980220224137796,0.6621906640899766,9.540192875187898,6.1277198189639,1.5519241033705526,-1.2944362451230091,2.7737900532579403,-7.52326089956189,2.7699088794445785,-1.5547524221076117
2026-05-01,-6.920270004807435,1.9208728809741231,2.316187516337603,21.002442483993164,6.565938153461172,0.19520198985466664,3.012342196923015,4.054065144498637,-5.798484871006153,3.1339103347050923,1.0487276359502644
2026-06-01,-1.9919318980037701,3.4429439733125413,1.451640964734917,18.620474660384062,8.791706837648661,-2.2246384782007027,8.914218573155438,6.61050320043865,-5.720945411896011,4.077283795304936,1.505830160711369
2026-07-01,1.9006912646602814,3.104764989944094,1.0852958843170182,21.500122146964173,10.401418795863488,-11.486400465183337,7.71164445157676,5.573316421423947,-3.9261613444729875,3.2992606771926702,1.0931204242243098
2026-08-01,12.572211571412765,5.610035737818492,2.1428105545034786,24.435084756946964,10.654587291288987,-8.253903416316533,11.122814783386048,2.1790311251622683,0.2804373944513969,6.1916328039191555,4.8285020206341045
