Date,Fresh food,Food excluding fresh food,Housing,"Fuel, light and water charges",Furniture and household utensils,Clothes and footwear,Medical care,Transportation and communication,Education,Culture and recreation,Miscellaneous
1970-02-01,0.0,0.6812197562248727,1.6653357601604264,0.06531159423864069,0.00253137720545783,0.2052359919114359,0.08999268624988843,0.19807750769479626,0.07433062292876785,0.1460706354295399,0.16610795863597463
1970-03-01,0.0,1.2691285601782731,1.8557675727608243,0.14319065517386428,0.09980915199373694,0.348896572565613,0.0853400776408538,0.3737106329904736,0.08614731124270467,0.40043405030564316,0.2576318346038964
1970-04-01,0.0,1.7725710673693809,2.0094887324753374,0.21339586110843728,0.1790365647604364,0.4695125648039332,0.08256759606748648,0.518574311559296,0.0959123636570321,0.6021677418539961,0.33446012078979914
1970-05-01,0.0,1.4521193046701217,1.9092583667510572,0.15493754732733178,0.12092777864674228,0.39691583963806804,0.07964304225234187,0.41845607673768725,0.08615605641120089,0.46380345715948124,0.28134989362898133
1970-06-01,0.0,1.2053139055527518,1.8349433234402133,0.12573057106329605,0.0712004024356232,0.342123284769369,0.07702283411037103,0.34290699972593147,0.078279527292697,0.35174972687277295,0.2411856744510288
1970-07-01,0.0,1.2032920830297476,1.824122979361643,0.12549519486247573,0.06962351315018284,0.34465983225428976,0.07303726961205362,0.3424539477517225,0.07484607825873385,0.3445975861523891,0.23634350629442055
1970-08-01,0.0,1.3815144810198299,1.8585135140636846,0.15778759050295177,0.09001810204749405,0.37934370879455026,0.06931267677445287,0.37475512155305557,0.07488553795339581,0.40720805474530175,0.25714560057953983
1970-09-01,0.0,1.5328782087148947,1.9002288594854486,0.19009506418395106,0.10716247954489899,0.4156370143091086,0.06607076492635536,0.4234895397107952,0.07422230447841094,0.46683268215022344,0.2759536949888042
1970-10-01,0.0,1.7020265694545,1.941661896383755,0.21133152747266276,0.125333243398567,0.4476346969419961,0.06359383576627389,0.47023723138627604,0.07530928498855506,0.5298761353631065,0.29527363522507416
1970-11-01,0.0,1.9225260101111115,2.002044548864075,0.24998259991252797,0.16339918250372892,0.5016972148018335,0.05942857444766461,0.5386121331592593,0.07789713930902696,0.6380754752072202,0.3344703868380342
1970-12-01,0.0,1.8530167710463603,1.9959293337848174,0.24247910222812796,0.1527624356406624,0.4889296640597338,0.053359287627957386,0.5282626460655975,0.07531440670942338,0.6065027588315238,0.3229623895508077
1971-01-01,0.0,1.7497496961744743,1.9742422916073807,0.2236591349425771,0.1364961214999046,0.4647237417174576,0.049136694757103486,0.5071486877249906,0.07140460656945347,0.5622084030503284,0.3066211915717089
1971-02-01,0.0,1.7525031287044688,1.991959932759229,0.21800819079800393,0.13201068028920543,0.4604315176371889,0.04775289469068453,0.5112822487211395,0.0705772020547186,0.5599465263384666,0.30474112917484064
1971-03-01,0.0,1.6374161787776056,1.9724891525296466,0.1970022916363699,0.11458615506500418,0.4373283934751075,0.04888484499272737,0.4882917851118469,0.06645016082174061,0.5190036266111905,0.2869374088807939
1971-04-01,0.0,1.7458578790223767,2.007962188196677,0.2104765767524826,0.13145446487324103,0.46068955932741534,0.0452998298280374,0.5287756363800865,0.06732436509193551,0.5659626276252117,0.29909233462064533
1971-05-01,0.0,1.5235352566826543,1.9541836310564349,0.1764679249837799,0.08904251789649854,0.4134315217347142,0.044583615344311836,0.4654738358510408,0.06260633017116304,0.47571138587688033,0.26522115368761223
1971-06-01,0.0,1.413066472630701,1.9259566910925692,0.15147955593437668,0.06345491315706378,0.38426948364740954,0.03977834156251825,0.42526101713860565,0.05843754227779352,0.4190743222232597,0.24480258869121907
1971-07-01,0.0,1.2839301411723962,1.886665185426525,0.12729589638621103,0.0354404196502902,0.3529245469316574,0.03643736762397163,0.38715805677944604,0.05494902172772197,0.35460135927783487,0.2231789268011458
1971-08-01,0.0,1.3463950256502,1.907091178715827,0.12284787868465001,0.04237483679440714,0.36424701148001515,0.03529654209188686,0.39814998789496897,0.05482816621677331,0.3766697845310797,0.23382556905710722
1971-09-01,0.0,1.471343423746609,1.953247535101738,0.13505768952206165,0.05930408355183841,0.39324662735716903,0.03535746719937298,0.4368402141085963,0.05628361450499107,0.4242426327374287,0.2539466159133754
1971-10-01,0.0,1.1781556884311544,1.877196817683197,0.09179602915555721,0.008870000364293626,0.32773815217571317,0.038013151318750535,0.3563731346015494,0.05028410942090794,0.2969534891044705,0.20882271683985199
1971-11-01,0.0,1.2460313825086855,1.8973640688466566,0.09266121306543548,0.017476675597017127,0.34062571375022965,0.03723505094257227,0.3730532482022051,0.05082125463875144,0.31843451195201034,0.21761230728178127
1971-12-01,0.0,1.2883877852768815,1.9166411050111565,0.09009601108121854,0.024459078441520878,0.34879001404554344,0.03650213184463941,0.3894222414911901,0.050352626699098485,0.33329805834921394,0.2236008825136853
1972-01-01,0.0,0.8827934173608905,1.8124544648729515,0.018904827282854926,-0.04936452489917377,0.2563785054822076,0.03921063440227836,0.28503534297792216,0.042493513640851674,0.15832126717742295,0.16070120211563554
1972-02-01,0.0,0.894072316661446,1.8174890191205118,0.012513175450474062,-0.04679005948600268,0.26595167789588625,0.0393405269155955,0.29671944453933485,0.04388089891340857,0.16017884382708905,0.1657310643725402
1972-03-01,0.0,1.2879839241822943,1.9378808505232514,0.05856525117566118,0.014577449248149191,0.3581392213005822,0.03824868490669999,0.4084638983795686,0.04994126559793097,0.323388854417732,0.2259658395605657
1972-04-01,0.0,1.5062470823919698,2.010907420806198,0.08734718025319405,0.05084566576054146,0.4143775787327233,0.03695307327301138,0.47143266379840715,0.05386505517189358,0.4159905700421094,0.26282448848487383
1972-05-01,0.0,1.3356608368911371,1.9715482889659874,0.059596315706987715,0.018793334951913876,0.37666221796942306,0.03682458359395704,0.4268422307680514,0.05013076450046616,0.3408956451084082,0.24037432783196372
1972-06-01,0.0,1.2706402406324884,1.9522139138672219,0.04524954126150364,0.0027112149974925824,0.3633069266982664,0.03660299925914173,0.41269474503642145,0.049492962171829954,0.3092096109038906,0.2314293057504981
1972-07-01,0.0,1.4142724458093425,1.9972192273169416,0.0655673571245704,0.024832459059224442,0.40046467361266325,0.0347952866973504,0.4593188834070424,0.051389258313425744,0.3665255820267688,0.25650247020443395
1972-08-01,0.0,1.585538558682853,2.0421649813911236,0.08398152141402206,0.05054435009628991,0.43888007304832544,0.030436515504898166,0.5152163432496106,0.0530735181366801,0.43557669942189736,0.2845588286874128
1972-09-01,0.0,1.9363173144998584,2.1362715815849564,0.1266634722817614,0.10686935267010667,0.5233346831584178,0.027253508928465127,0.6110106831069324,0.059036575484317094,0.5863543292270976,0.34014114563056197
1972-10-01,0.0,2.1748781350945903,2.2138071391013305,0.1587373347835678,0.1395171690321984,0.5786395934454922,0.026781880993321877,0.6786718935484435,0.06365678343227707,0.6830382518273317,0.3770350091425423
1972-11-01,0.0,2.400285203408796,2.2761076989837243,0.18805823838048952,0.1750327731837681,0.6331247292531634,0.02723864671368152,0.7440837043967541,0.06709340268312827,0.7815893720927385,0.41256730038498424
1972-12-01,0.0,2.6082825239689837,2.3367411313472113,0.2119219319698245,0.20708004363299254,0.6825507142385638,0.023127496815988156,0.8120084113975717,0.07012606382232672,0.8774661978884335,0.44691442743197796
1973-01-01,0.0,2.915916044598119,2.4353247292686193,0.25474723766404817,0.2534466594193796,0.7509927927457591,0.01933008915111534,0.9133029297955365,0.07563276046936343,1.0087826921958702,0.4930470794146855
1973-02-01,0.0,3.433542307514381,2.594554085735443,0.3257361176697465,0.33415093636264737,0.8723799323940353,0.017168124658976134,1.0607457550635226,0.08312391910938677,1.230804077936443,0.5716183337456333
1973-03-01,0.0,3.773624067172228,2.707383677578987,0.37489700299280104,0.3904761929620665,0.9535444264414896,0.01777913587292298,1.1719453986088344,0.08860595654650713,1.3897282084787328,0.6258185601213475
1973-04-01,0.0,3.82682783499369,2.733404893185441,0.3855537867083131,0.3984427337616241,0.9644183493314984,0.02212933114098625,1.181513232481409,0.08935204152255641,1.4297461447788193,0.6379875738294531
1973-05-01,0.0,3.689390812365327,2.7026265522098694,0.3613015492437294,0.37482502415552443,0.9319507903762068,0.029205882820553745,1.1474162471836014,0.08676861923105547,1.3872053713502082,0.6232926113164827
1973-06-01,0.0,3.921991331624117,2.757597911085818,0.3886641906217271,0.40579938974284707,0.969417265576102,0.03667929245820209,1.205437847387367,0.090729568241498,1.4917712888648698,0.6614540480931035
1973-07-01,0.0,3.912828816185976,2.747942229035326,0.3905625034916611,0.3998321853407525,0.9537183808953018,0.0417866617963414,1.1994706918570208,0.09011413458438144,1.4897871647475547,0.6643115109834912
1973-08-01,0.0,4.077320975880424,2.766854716449882,0.4154120282649705,0.4243711609198112,0.9743390350482557,0.046547033433877325,1.2428401576658794,0.09168648978686306,1.554049303651966,0.6955609570574376
1973-09-01,0.0,4.422852841179633,2.8467574253104093,0.4625558803534377,0.4798149249643353,1.0427341609577314,0.05040925538653512,1.356379982672258,0.09693174773901192,1.6977481743567782,0.7507798006837574
1973-10-01,0.0,4.599136071892255,2.8781883169210687,0.48920233243645816,0.5066535271522985,1.062037805805986,0.054161418957825114,1.4109620065577801,0.09895512448975058,1.7699073154155758,0.7785130721270146
1973-11-01,0.0,4.92152932992505,2.958536569387774,0.5419721270725771,0.5561721208295167,1.1228980296349251,0.05831920159514653,1.5183407453529016,0.10473497756035352,1.9111738095488549,0.8381788499993058
1973-12-01,0.0,5.23719923449165,3.0441387894364533,0.5892902069290138,0.6107378174071467,1.18409334681918,0.061692787264277155,1.6203075213132156,0.11003768060658128,2.058843973934314,0.8936348377288532
1974-01-01,0.0,5.321510860132664,3.078207270804971,0.5993300963513022,0.6272955641711995,1.1913145289800906,0.0661248233542665,1.651114040279027,0.11224829020910945,2.102986128487136,0.922087963090767
1974-02-01,0.0,5.299783152220602,3.0707435370054244,0.594283630668891,0.6225241774262411,1.170803592052578,0.07059802446900154,1.654942001717826,0.11123449319919393,2.0949768858483413,0.9270406433011974
1974-03-01,0.0,4.901980622457044,2.9631897035554626,0.5451128720398158,0.5569471339236219,1.0705771780257025,0.0759178532132718,1.5335771455187106,0.1044724131452723,1.9232833124826982,0.8754140236224737
1974-04-01,0.0,4.536669903507224,2.8689387507693827,0.5000659893203907,0.49095640302472354,0.970859625246828,0.08057881013125912,1.423827178214347,0.0991935592669439,1.765304077919655,0.8202255738235328
1974-05-01,0.0,3.9941570454975532,2.707411112493732,0.43375584260722455,0.3939737814390275,0.8339496124833896,0.08559561129142125,1.262501859572439,0.08959891801308528,1.5242924564887872,0.7364746508794162
1974-06-01,0.0,3.557569489874587,2.5947740102966224,0.38848276178325425,0.3156918797516914,0.718935475387647,0.0892839083987659,1.1373019875643475,0.08196808656443058,1.3426623579589414,0.669395028704618
1974-07-01,0.0,3.5399838276963713,2.5913480673626856,0.39545483788687297,0.3096202843679532,0.7105260407224936,0.09369388504167006,1.1322197439399817,0.08141947790962328,1.3403087965042384,0.6667046904142548
1974-08-01,0.0,3.502525590355086,2.5672765776563873,0.39758409738415723,0.29602965433701767,0.6901586654935913,0.09647485528561955,1.127020407101753,0.0805885286930351,1.3071951592009814,0.6575017362773132
1974-09-01,0.0,3.364186706745722,2.5215672228276462,0.38686131437965854,0.2671507848356185,0.6479221033620535,0.10023273037032285,1.0794994851323743,0.0775030658045178,1.2480571222728587,0.635184897464719
1974-10-01,0.0,3.052200171684195,2.43881416581482,0.3512565275801115,0.21281680849629378,0.573016183064806,0.10270387688776947,0.9861578860884403,0.072164537193879,1.105887183459604,0.5868170444291423
1974-11-01,0.0,2.808251810556694,2.384639516277729,0.320829502959854,0.17192442636396968,0.5222202217447329,0.10555461190029254,0.9258962518022109,0.06868934848676288,1.0056764912470433,0.5497713570634165
1974-12-01,0.0,2.475661608687691,2.2971436859012306,0.27599121146587396,0.11536264986298206,0.4464338199050165,0.10841119623441946,0.827464643202535,0.06316515449812957,0.8666999892244873,0.49734898766779956
1975-01-01,0.0,2.048160250241728,2.1904173018393323,0.22592316352292743,0.04378722897101183,0.35813085368501163,0.11121711529565538,0.7129778617374838,0.05710661183906453,0.6942462525975652,0.433625505018537
1975-02-01,0.0,1.8115108677824305,2.123571078245617,0.20401834136228458,0.008143555330478256,0.3147591564654392,0.11416042839149942,0.6464477479505072,0.05263580633267424,0.5959495991720885,0.39284263695237276
1975-03-01,0.0,1.8207239237167643,2.1318156064260543,0.2232177006114439,0.012259444334631902,0.3266701517432577,0.11648119182193034,0.6474011872075696,0.05210551706358203,0.609045061545672,0.39400167506639755
1975-04-01,0.0,1.884318438620587,2.16026705829285,0.24531245196823603,0.0291817275681198,0.3568022383625252,0.11966706371443434,0.6784909216135688,0.05413512591617444,0.643631162459919,0.4046015305411189
1975-05-01,0.0,1.7828518211039248,2.136480136246283,0.2446399452024599,0.01427065551754866,0.3438061563284833,0.1210515313537364,0.6501017857073452,0.05194950775610376,0.6052080505655517,0.387465128900579
1975-06-01,0.0,1.710210775336996,2.1075188041560544,0.24846927539075175,0.0013013635057988453,0.33557128788983914,0.12164655687735461,0.623878511822213,0.05006725501921894,0.5662408113794173,0.3702530176860381
1975-07-01,0.0,1.5965833713786677,2.067144753493177,0.251880563056176,-0.014322835177939537,0.32081706109378233,0.12193243586708,0.5909164099424571,0.04900780814597466,0.516687781300582,0.3502242430101114
1975-08-01,0.0,1.431172029541128,2.0104491619408487,0.24348128525991092,-0.038165980547794756,0.2979460668163268,0.12039550018493282,0.5461398114980058,0.045598168208701086,0.4494993743863265,0.3214846715665498
1975-09-01,0.0,1.5426303066494715,2.0475548823358665,0.2709538270199633,-0.013601054870506344,0.3390978515985358,0.12001442870536749,0.5857782999530334,0.0475042339743164,0.4984280339963057,0.34029561980042144
1975-10-01,0.0,1.6305263642901067,2.0761426310228828,0.2910253857687506,0.005543223627709766,0.3736763851267211,0.11923978039780478,0.6147554079660087,0.04875249365452427,0.5334243309615008,0.353219487271869
1975-11-01,0.0,1.4883238890092478,2.0397541553674547,0.27198823070229183,-0.01436837901018476,0.35203991291590686,0.11729848058453639,0.5804537600336908,0.046588376367678465,0.47593938892918974,0.32852548964209305
1975-12-01,0.0,1.5564208246911413,2.07011430056533,0.2836279462467344,0.006098362903196122,0.3791573560980187,0.11733526851259554,0.6076046789057319,0.04740945831781056,0.5063999947768707,0.3377551727133812
1976-01-01,0.0,1.6273653974076656,2.095349261453281,0.29367428765641834,0.021305475129248776,0.4039034873814137,0.11825673101180903,0.6171836885710609,0.04879875327850684,0.5308525112350359,0.349077676179797
1976-02-01,0.0,1.6597338375260855,2.117674481758624,0.2983438181330547,0.034559377828416685,0.4244363292373676,0.1188421394547804,0.6204732536444508,0.04847658981803585,0.5469211723350603,0.3518232805557649
1976-03-01,0.0,1.66977357418745,2.13176143407445,0.30222140894639377,0.04879040115118011,0.44211457415989036,0.11784501541810807,0.618906983757478,0.04887973278323916,0.5580993989656522,0.35495901008383846
1976-04-01,0.0,1.7423948298312908,2.162154794242813,0.3221775343940406,0.07143138380947084,0.475066346559473,0.11936910042146184,0.640214049995738,0.050797047913227276,0.5993395136867063,0.36780874536137653
1976-05-01,0.0,1.611134831589576,2.131680159851321,0.30434840847265765,0.05936221911559551,0.45503348725597426,0.11966608550734484,0.6030442752058331,0.04845209310480231,0.5495161352048401,0.3506328388736764
1976-06-01,0.0,1.5768162996340336,2.1121351877770205,0.30095288367743855,0.06249255042074331,0.4571690311591419,0.12107105327995271,0.5940179917411169,0.04695490058931438,0.5440745858426865,0.3457278956854512
1976-07-01,0.0,1.6147910463705446,2.1033280708706013,0.30412587165331645,0.07826622244470689,0.4705391403208854,0.1226286007057047,0.6069383487977463,0.04829431720455048,0.5656144127876463,0.35178858378797084
1976-08-01,0.0,1.6708984772911344,2.099167453404204,0.31175691169644826,0.0947144343000432,0.4892014071938186,0.12370622327934264,0.6106320589061058,0.0487686241358097,0.5907325424056884,0.3556752309332718
1976-09-01,0.0,1.8522794807789167,2.144046199614078,0.3315002709611083,0.13184958001866964,0.5414648636859974,0.12482403466748698,0.6610578977316711,0.05156449755678701,0.6709049916774381,0.38099474069262174
1976-10-01,0.0,1.7019301996900447,2.089491577769979,0.30597974802191247,0.11156766272808141,0.5095833777956126,0.12249273972454178,0.6202275969319637,0.04915193617538921,0.6171882074166051,0.35630325457195233
1976-11-01,0.0,1.5807523018814806,2.0445808396566427,0.28054694060056384,0.0982583446023295,0.4869650064702149,0.12028798023434865,0.586591859522201,0.04751300710867937,0.5778970004083221,0.33990531289348414
1976-12-01,0.0,1.5916036801862181,2.033764992338327,0.26679820073859617,0.10000752376381489,0.48825526969720956,0.12013230298147894,0.5787842690114469,0.046588453697329925,0.5804661597644394,0.3378574548655252
1977-01-01,0.0,1.4667922026368245,1.9920593763370744,0.24264266663348383,0.08098429312450274,0.46113285486615085,0.12087018485109391,0.5313679936208348,0.04442875220319497,0.53462609395712,0.31979836210135676
1977-02-01,0.0,1.3529034472669559,1.9525124719325992,0.2206294475395748,0.06282996141663011,0.4345998099439592,0.1191875896173874,0.4943091441587685,0.042304874421233755,0.4830168083431064,0.2954691405134322
1977-03-01,0.0,1.5029851163560295,1.9873201366164621,0.22993213730679418,0.08895243099456143,0.47419804847731784,0.11694679508928801,0.5330285527579328,0.04477161513748096,0.5479138038097433,0.3141559799777597
1977-04-01,0.0,1.5850685313468111,2.0153637718314634,0.24361586772255167,0.10935797203570069,0.5024435071100559,0.11349636903754541,0.5581682895297371,0.046185054734921106,0.597991058628559,0.32897100496665277
1977-05-01,0.0,1.53733938097837,1.9891966036746629,0.22299327051219536,0.10544063785791713,0.4943758373504178,0.10920320876727396,0.5399635735172816,0.045026043673056945,0.5762078461717326,0.31608266753431685
1977-06-01,0.0,1.284048141277319,1.8931021274571513,0.17374911418125727,0.06600915425783443,0.4373465829135819,0.10429189624911284,0.45520880526800017,0.040002371065719425,0.46810923852609165,0.27355328243042276
1977-07-01,0.0,1.1272674926444028,1.8335536988158225,0.14922714474173956,0.04652666709665669,0.40746588201592226,0.09779783746381718,0.4108018186436748,0.03743466930098875,0.4060352152332156,0.24482881168966764
1977-08-01,0.0,1.0529837254091414,1.792933313079569,0.13400410524117745,0.04089443909108434,0.398118241253131,0.09321956640421337,0.38152720869298157,0.03637650298609358,0.37730742007217144,0.23260203330890397
1977-09-01,0.0,0.9973753088676964,1.7517675229019458,0.12314873370770442,0.038593470573876604,0.3908472668327388,0.08993703503925629,0.36576618889275603,0.03507724652919121,0.3581705395783442,0.22087868989326753
1977-10-01,0.0,0.9054000522871942,1.7226548196706633,0.11180786949704302,0.03535135270779753,0.37862028009613147,0.0861151922416945,0.3463200553291882,0.03378173378119963,0.33038105490545966,0.20937077919986252
1977-11-01,0.0,0.8077451055197804,1.6719818508093485,0.0969768787289477,0.022040693630764836,0.35990169990549026,0.08323994573544874,0.30949227813491026,0.03200599352120856,0.29027055781260136,0.1909215494741045
1977-12-01,0.0,0.676845685808877,1.6239732520354904,0.07677569208242235,0.008627533946976233,0.3329983915474366,0.08141927969627967,0.2754817278090089,0.029912694639347318,0.24673207958536325,0.170572147174961
1978-01-01,0.0,0.5420670974819071,1.5792234387009745,0.05975286902402028,-0.007216024020230232,0.31113940239419036,0.07735647216530775,0.23561113078205403,0.028280547610118445,0.200008243972231,0.15198421463581144
1978-02-01,0.0,0.5253759535054636,1.5744417760229572,0.06360707183919032,-0.005248307740118977,0.31224315927106894,0.07412989674068196,0.23262399624492225,0.028290444911405054,0.20638296843640674,0.1500477193122523
1978-03-01,0.0,0.6983746803376605,1.6194070206117033,0.09472532817855256,0.03132905856418598,0.35970610780169165,0.07159429279034446,0.2962992961998933,0.031182304380626004,0.2909351651258185,0.17611120970270344
1978-04-01,0.0,0.8746973154583808,1.6646682186484751,0.12695043432148614,0.06872576952380244,0.41020046113091,0.06907811526685875,0.34899006731207705,0.0339443965139528,0.3697648588334478,0.20192608497414105
1978-05-01,0.0,0.8563038050105678,1.642377584110267,0.13011210272992396,0.06992954654142935,0.4102879366584967,0.06480060624136125,0.35520908738770535,0.03297057180189086,0.3686467384175392,0.20284461647992785
1978-06-01,0.0,0.7093391829586767,1.5729220064505531,0.1149334596115558,0.04998166144921144,0.3820270363292121,0.0622986101849696,0.32732917573434217,0.030960316730183467,0.3193053948368628,0.18294516936193145
1978-07-01,0.0,0.6357143674329659,1.5228168082015352,0.11077469928801204,0.04069974214146747,0.37101211746158397,0.05777626609190222,0.3209247007204745,0.02986778483172145,0.2948901866470295,0.17473656468408777
1978-08-01,0.0,0.5510559658788244,1.4701289383979232,0.10711072606112743,0.029259497906025327,0.35361271980805714,0.05581710258809196,0.3023318638928827,0.028059906664857883,0.26342989575968667,0.16162402260357328
1978-09-01,0.0,0.4842026834360075,1.4283166695048422,0.10765602500910337,0.022857585582264084,0.3450861444418737,0.05233640842216265,0.3002420246102595,0.026679958873548584,0.24250672736750462,0.15605903980412833
1978-10-01,0.0,0.33082809715012274,1.360611487602351,0.09988966784139175,0.001532987947444299,0.3150074626367383,0.050616356886476,0.2730529772430469,0.025139039115059596,0.18537933078377297,0.13798483530737018
1978-11-01,0.0,0.2902842520350433,1.3255515826717987,0.10711515052019123,-0.0011602155465959998,0.310096894760606,0.05323293855943549,0.2722867559845297,0.02367792872867129,0.17739235854513496,0.1331879940860582
1978-12-01,0.0,0.28447305601512496,1.295376040111926,0.12276918038386372,-3.3869797703180485e-05,0.3107078351596736,0.057837098996265796,0.2765108512557015,0.023924348988511892,0.17706877237605262,0.1342891926246076
1979-01-01,0.0,0.2528869886839492,1.2647816984886489,0.1301778028727417,0.0005061215354548337,0.3076332061566852,0.0589237785921049,0.2763592416420535,0.02292609432285008,0.16901250888091662,0.13285799123002223
1979-02-01,0.0,0.3247759758273172,1.2746035638102544,0.1501260633373641,0.018759735264402933,0.32822295632791565,0.05794019142353105,0.3094577364540552,0.024375847423150934,0.21107037425508662,0.14880440752416313
1979-03-01,0.0,0.42396430867776014,1.2757399045771136,0.1812191458201282,0.03443329980229888,0.34947229810798774,0.05987356076824308,0.3416980961599987,0.025330941260782197,0.2502444647200796,0.16350366899840826
1979-04-01,0.0,0.5417070653115623,1.2946153867841697,0.21256162701832107,0.06070239787960892,0.37746042870331875,0.061085463199866886,0.3794574186788078,0.026687987204854588,0.3058228252189149,0.18285400092051107
1979-05-01,0.0,0.5924793893032567,1.292530228737475,0.23416583619747813,0.0718928667428093,0.3905633615192892,0.0609567427437211,0.40262054482188836,0.027737644209927838,0.3284372490170023,0.1936585936599461
1979-06-01,0.0,0.6247753116025834,1.2819406439421972,0.2557162861398041,0.07962822254577345,0.3993204940449915,0.058912307603963335,0.41149277973657117,0.027468035932669173,0.33759966693712734,0.2019047410738723
1979-07-01,0.0,0.7744258814956048,1.2958442134288628,0.2963130220437016,0.1053176859427141,0.42982975582797983,0.06093194702186518,0.45463036652393796,0.029264854244979467,0.39872740703698595,0.22193912938133198
1979-08-01,0.0,0.8592772519217624,1.2980999079633282,0.3168226871456874,0.11593300959917446,0.4447380201696768,0.05987771728376562,0.47136987481657133,0.02952163155537528,0.43281778416822625,0.23348949419659037
1979-09-01,0.0,1.0298797002092925,1.3316576621011162,0.3480684238689683,0.14580443542638521,0.4851280619256534,0.05603303526732736,0.5180637519924536,0.03154235366849268,0.5063562743189993,0.2568201991453378
1979-10-01,0.0,1.0247304868156841,1.3203608311913433,0.34868510580960815,0.14354497721699477,0.4834005653256517,0.054365228345841496,0.5066345061749575,0.03140162053084511,0.5032861609337602,0.2537090922084445
1979-11-01,0.0,1.3299212784036256,1.3789445213355709,0.3949689134171056,0.1919197269659047,0.5521532798590199,0.05761415963398633,0.5827394088790361,0.03512778109672826,0.625449330808127,0.29288007328243904
1979-12-01,0.0,1.6204014595210186,1.4388983720390374,0.43005987231382425,0.23777135604847455,0.6174103971996268,0.06244193583096763,0.6533875931712394,0.03854119258207422,0.7468628552418395,0.3301521648399026
1980-01-01,0.0,1.8579155178613873,1.488205968420771,0.45413671956679097,0.2752677195189156,0.6684593349980543,0.06570222925088337,0.7022297933018642,0.04154328106653647,0.8369526390684028,0.3528399432613035
1980-02-01,0.0,2.0994008071594834,1.5319767433225884,0.479007163091557,0.3131874479864154,0.7226534897338354,0.07173819373981291,0.7552194722133616,0.043476110996265874,0.9274089741476075,0.37537859730998213
1980-03-01,0.0,2.2827691516117046,1.573696891254336,0.49744236571786526,0.3400001398888191,0.7692187030407786,0.07727319672355548,0.7829741461273144,0.044844127840935215,1.0010208082613872,0.39222344005018306
1980-04-01,0.0,2.367893349321889,1.575010271931445,0.4997068828825193,0.3549327365326479,0.7939045565567183,0.08011293896371102,0.7967149452808178,0.04485895856323846,1.0300761397154008,0.39677291682756577
1980-05-01,0.0,2.1625518426186874,1.5010426950543785,0.44859400540480987,0.3275485365588302,0.760975371404438,0.07977217292919503,0.7255254238131305,0.04186065895951644,0.9479171269607287,0.36577690703925264
1980-06-01,0.0,1.7616830015440017,1.3715403905047348,0.3718899330698969,0.2606326011577564,0.6748237770894783,0.07700884137221643,0.5934857072448585,0.036146902732033526,0.7853268957746895,0.3055201612721172
1980-07-01,0.0,1.5034286832917507,1.2660427301335884,0.3185761823174629,0.21706516523159874,0.6226271987331782,0.07818585399321705,0.5001386645465402,0.03202063379045391,0.6687525228688058,0.2631167134890884
1980-08-01,0.0,1.3854356045957328,1.2033700943666714,0.28366662578585033,0.1960908546050281,0.6040841777813089,0.07895346294596278,0.4476988241545896,0.029606785312265165,0.6145896165264643,0.240445622296184
1980-09-01,0.0,1.372227623787217,1.1647905354388322,0.26762547491036714,0.1948351226578683,0.6081362016802937,0.07881520885237661,0.4327334183639953,0.028609510415440575,0.5939689436627014,0.23095919203717227
1980-10-01,0.0,1.3313575303632308,1.1291185996301465,0.24266111334080856,0.1830120447183281,0.6035432377337905,0.08202432010882751,0.416720476164797,0.027928553224398425,0.5663649167960844,0.21804136311955497
1980-11-01,0.0,1.164880840660349,1.0804311261785093,0.210785002802521,0.14976674405427157,0.5769574833679741,0.08494461101277662,0.36574955571693135,0.024611673948263812,0.492194910278545,0.19226730064999564
1980-12-01,0.0,1.0218737710257537,1.036340889353769,0.1903208732579802,0.12096603660442551,0.5531194459253844,0.08599071347636492,0.326576124207687,0.0222952433976515,0.42685607293113326,0.1688697494989294
1981-01-01,0.0,1.0236770885899924,1.0297153728471644,0.19388262626225966,0.116896342206463,0.5658210713367235,0.08750655608186758,0.3348026462157414,0.021960010941260256,0.42412974532620284,0.16748761690906386
1981-02-01,0.0,0.9804798921996776,1.0058485752483945,0.19684673624932486,0.10487368691294247,0.5679850555688579,0.08828672173743896,0.33106587187129105,0.021234643709665144,0.39636893240094095,0.15816781374721497
1981-03-01,0.0,1.0033259872254363,1.003810468047539,0.21324435872760797,0.10577188683602154,0.5913580578552537,0.08860000576715697,0.3410643133759993,0.02147608834598217,0.40871799687970756,0.1626864746312771
1981-04-01,0.0,1.0107139500747053,1.0065415944304887,0.23989723117689127,0.10682657881431706,0.6114126143119261,0.09027040392831118,0.35449928375615825,0.02203128044880138,0.4124123924400681,0.16193184858966414
1981-05-01,0.0,1.0587743738276587,1.003571428519097,0.25838380846061393,0.10796143070046824,0.6315178123989672,0.0918072702246255,0.3739205129389918,0.022433284636494827,0.42139927697988583,0.1679583794411716
1981-06-01,0.0,0.9541654733573104,0.9536782378890646,0.2458052476498201,0.09173827988651866,0.623355585929604,0.09156545503763253,0.34833820965353285,0.02083561040572788,0.3784799413741906,0.1540734896374002
1981-07-01,0.0,0.8508032512649916,0.9100937779592734,0.23147656232119085,0.07115112135218979,0.6153534933517766,0.09126155981421182,0.32526855172447594,0.01963057147195587,0.3344416075453831,0.1388424300371631
1981-08-01,0.0,0.8654097829912049,0.9018790465744532,0.2436110899468188,0.07326958990829555,0.6327892407670059,0.09108632956342648,0.33345660764404383,0.019254713743523114,0.3402652071831661,0.13961834931424533
1981-09-01,0.0,0.8994669722393842,0.9010282893876117,0.24270332389155722,0.07982024927167979,0.6562113411187995,0.09274839052988157,0.35164608786135176,0.019486595599325474,0.35757075228811797,0.14823951946545955
1981-10-01,0.0,0.8414343483165234,0.8776472245855349,0.23027403169804594,0.06972014512796391,0.6553335291819706,0.09176662649729811,0.3302376073434207,0.01829245866289749,0.3346159310298241,0.13804364779233103
1981-11-01,0.0,0.7243675871177123,0.8407636692641081,0.2060421065328775,0.04691597557622318,0.6409969749267093,0.09252874385479673,0.2940338472343984,0.01620908501417788,0.2846807861431329,0.11872543230943455
1981-12-01,0.0,0.610330738078999,0.814944755056799,0.16786005364238205,0.026650409064493685,0.6250012637810327,0.09162109190908871,0.26022653678762536,0.01472677811841941,0.24122870915154698,0.10492123922066007
1982-01-01,0.0,0.470053250773144,0.778492558815478,0.13805113837682156,0.004804242938058452,0.6057427019720051,0.08909324791407208,0.2195805586183634,0.012763144761295114,0.19082304335023587,0.0878235598709933
1982-02-01,0.0,0.36965087414646197,0.7565236338833264,0.11838530028130739,-0.011404098245580318,0.592741364545264,0.08690376576055148,0.19054243426116796,0.011404048596667386,0.15654713401386045,0.07458846762163328
1982-03-01,0.0,0.440126171297181,0.7783783721052149,0.12602308529289996,-0.002927829494047125,0.6165558768537572,0.08285206097300257,0.2016515824753461,0.012655274520256703,0.1848675471369405,0.08170782347432579
1982-04-01,0.0,0.5833184983945793,0.8144297280628754,0.1439409286823196,0.02119284280297566,0.6625273873087391,0.08073756715670172,0.2338061955198306,0.014288398507033236,0.2478964289855436,0.09976666416390723
1982-05-01,0.0,0.541701221200225,0.7993506728155325,0.12607975030092794,0.013701297029334012,0.6601962936401854,0.07715204624056766,0.21641395819717152,0.014482362584364847,0.23142347802894014,0.0920650406528
1982-06-01,0.0,0.5405525421983959,0.777991527576309,0.11237142895349148,0.017633291999789205,0.668047089759005,0.07457611221856462,0.20283503501174005,0.014338533846556131,0.23196869183301239,0.09064203618660724
1982-07-01,0.0,0.5543681395333104,0.7616593821079689,0.10205682862792045,0.022221383137358466,0.6777536975060536,0.07427414602350438,0.1917305087126614,0.013923886721217683,0.23765119112906963,0.09249232770652983
1982-08-01,0.0,0.6386632277729235,0.7621246886240971,0.10715413524773541,0.03907974169612225,0.7028685738127924,0.07525922436021232,0.2072658701369891,0.01448667356727535,0.27210021101626986,0.10462189970974667
1982-09-01,0.0,0.6986277546003159,0.7603962360521874,0.1001925636108196,0.05364959803486921,0.7257709515645874,0.07857898358778143,0.20651152182246013,0.014823533076365782,0.30112494619847024,0.11392893137377491
1982-10-01,0.0,0.6198248266760229,0.731940027386367,0.06098243898302497,0.0405926105880757,0.7086149169420564,0.07917244597471432,0.1632060123371784,0.013069832830962328,0.26397892990102356,0.1024457443199357
1982-11-01,0.0,0.4607931464282702,0.6937732400488508,0.0081699424008951,0.011335969416068447,0.6763715516232143,0.07748492420438727,0.09974954028598504,0.010948105838445006,0.19955654511803922,0.08352018980381451
1982-12-01,0.0,0.3550227634862688,0.6707910728388904,-0.0290612025753883,-0.0060619278588559715,0.6585121454378653,0.07568029683007088,0.04835007334014137,0.009699653434896097,0.1601067161013346,0.07117548204282081
1983-01-01,0.0,0.3127077756979402,0.6547593352039011,-0.06497210682291064,-0.01654936673840809,0.6451947459296857,0.07343460450001227,0.012362021873630624,0.008605079771844049,0.13635560606466113,0.06430426584270366
1983-02-01,0.0,0.4271358908628251,0.6764808216099742,-0.07689897826864159,-0.0024570612720674232,0.6670500725935375,0.07325613876853734,0.020150065472951846,0.01039412070310848,0.17329312039075756,0.07808553687986847
1983-03-01,0.0,0.5117126035425623,0.6879684254076798,-0.07733206313457502,0.007982668366166863,0.6874735238820018,0.0735796230255886,0.025275748445134735,0.010987323870895245,0.20412824777943972,0.08730303751922247
1983-04-01,0.0,0.5820974122512377,0.7135133744341132,-0.06993287824860264,0.0162139464137411,0.7029416791516667,0.07634788026975292,0.03179769772224157,0.0119279343735151,0.22713627476168047,0.09631510250936262
1983-05-01,0.0,0.5024162904471097,0.682635646598662,-0.0701194970816325,0.001243228381171426,0.6830067722475246,0.07532898139254798,0.00424663591321436,0.010730509132735488,0.18938104029138625,0.08226369435952183
1983-06-01,0.0,0.5710175104949526,0.6747852618317596,-0.05472965734674277,0.010417480016011137,0.6949880890542706,0.07752367545714367,0.012649124027690957,0.011976152106734538,0.2049751160753515,0.08621473474207197
1983-07-01,0.0,0.6193132725473156,0.657435486888988,-0.05024349359206424,0.012928195060418072,0.700043474285136,0.07824581434607404,0.01942478644951682,0.012772374955104969,0.21360573187815896,0.08646493412043141
1983-08-01,0.0,0.5894228086993754,0.6235226264773837,-0.05725061487356951,0.005836401842786009,0.6890143460506212,0.07940150637889876,0.012445448561719624,0.012140753415136044,0.19546973155579078,0.07765131110706835
1983-09-01,0.0,0.6957673335332665,0.623999114103217,-0.04052030187109777,0.023230241668623017,0.711498056287454,0.08164824622548096,0.053856119839094746,0.013436470098415792,0.23316232397885858,0.08792631432738747
1983-10-01,0.0,0.7778027036177932,0.624574892645487,-0.03301019181047252,0.033713328405275154,0.7248872159498325,0.08184214074144941,0.07322580684526053,0.014418405915656107,0.2573917650834242,0.09495786989737381
1983-11-01,0.0,0.6344990109332724,0.5720000923671571,-0.060350857981464834,0.007339505560811371,0.686750548265858,0.08050988979052481,0.035560003875952706,0.012723978170018403,0.19682917276943745,0.07359950623897829
1983-12-01,0.0,0.5825186004946066,0.5420063686207679,-0.062304933525836506,-0.0031553404951567897,0.6682599142551053,0.07930568000490376,0.024779923319400016,0.01253968583905768,0.17516319704523609,0.06502567863080069
1984-01-01,0.0,0.5338610329647678,0.5324162589902065,-0.045531227274199906,-0.010276400485954098,0.6526014472002879,0.07645992120771061,0.018508616493688276,0.012539235172879287,0.15837551681075646,0.05864917515312118
1984-02-01,0.0,0.681896989747274,0.5733609109295709,0.00406429341826764,0.016870260107265195,0.6802952736889888,0.0751762197626025,0.06531649580086704,0.015022561639465293,0.2176786163536442,0.07887820937160513
1984-03-01,0.0,0.6665759225220452,0.5728372746562621,0.023190616013959085,0.021182211207266384,0.6776029692528647,0.07209856230839537,0.07106213548008887,0.015166137582191128,0.22186036290464622,0.07883931258327764
1984-04-01,0.0,0.6667886440136526,0.58093732568341,0.046550495572726995,0.025261034621139267,0.6737372195779692,0.0697122124760795,0.07622844980016868,0.01559853771432457,0.22816977226209645,0.08133043070250892
1984-05-01,0.0,0.6545380200423108,0.5777211152974989,0.048945054948330874,0.02334778380977419,0.6624185835181138,0.06781913119901495,0.0739395332868161,0.015188081905779463,0.2230703825950463,0.07804210828475204
1984-06-01,0.0,0.5191646421732006,0.5456415498337467,0.015604141490939007,0.007549672704263086,0.6243166940279713,0.06503927371106064,0.044697060771447486,0.013633400336459003,0.17050887765328104,0.06301231113697008
1984-07-01,0.0,0.5154584246651727,0.5481307665740973,0.00413893262105821,0.011654039270305862,0.615073802993675,0.06313279241416372,0.04846201106224811,0.013494319078106361,0.1719025360863744,0.06296417372050206
1984-08-01,0.0,0.5223680529059416,0.5498593493056914,-0.0014323740176170768,0.017475230942090483,0.6064398706018768,0.06101297521888223,0.053212165549565385,0.013800566636330707,0.17565902393529886,0.0658080456140345
1984-09-01,0.0,0.6083721746526582,0.5709697710626314,0.004868899265942464,0.037187251446011815,0.6177820881002161,0.06065646047087981,0.0833203163346054,0.014439377558703195,0.21550700612227286,0.0782179679351736
1984-10-01,0.0,0.4612214840001765,0.5374136484966213,-0.037704096409614266,0.01463776182500222,0.5704803399131988,0.05839475563268086,0.040596414154743604,0.012662895362148888,0.16012234401834116,0.05898667108857675
1984-11-01,0.0,0.3642160868670594,0.5265621105791725,-0.07652890436359552,-0.000693979722758727,0.53554402760153,0.05687816178363288,0.013819164784047943,0.011543515757312215,0.12493449486171296,0.04922676817951392
1984-12-01,0.0,0.3315334827180408,0.5281399386786008,-0.0978689738292248,-0.00838538328091236,0.5089061111637824,0.054704866447697405,-0.0018556794792979297,0.011173588622895145,0.113387294954827,0.044412582030391584
1985-01-01,0.0,0.28667116039103113,0.5217217339779112,-0.10516528907883413,-0.01587002071224063,0.4781637892963518,0.05312783277401112,-0.015318758242783021,0.011104805248172846,0.09951996990290624,0.038606359180457406
1985-02-01,0.0,0.26266826138830734,0.5252068811080325,-0.09005940203756371,-0.021941017923051705,0.45429690593410416,0.05175661778133338,-0.030399281759224017,0.011058778544030139,0.08827466581651969,0.03504203992652659
1985-03-01,0.0,0.30853439198023425,0.5459833624357019,-0.06449398963063138,-0.011808633871915646,0.4453643050956648,0.05081100225128356,-0.021219418512582272,0.011549790318203221,0.10956002011863557,0.03883901158820466
1985-04-01,0.0,0.38194547245476024,0.5724287877441061,-0.03633897768874851,0.004601208304830353,0.44311512275058157,0.0500835079229526,-0.0074619076305347245,0.012399185743054621,0.14263480036685316,0.04424024884637065
1985-05-01,0.0,0.33473733782773507,0.5681501217824642,-0.03747695706193634,-0.0021970798089377607,0.41469422859057525,0.047399111072258006,-0.024723903326570283,0.011594671356369646,0.12639906349901983,0.03787396904756625
1985-06-01,0.0,0.336575365215556,0.55845290317432,-0.035522135846935726,-0.0008252246377326278,0.3933963094156362,0.043035087215009385,-0.029608478992117215,0.011849616640866362,0.12795038903639888,0.03625557510606375
1985-07-01,0.0,0.3534968108934131,0.5535503503208515,-0.04652459482637436,0.0015049129584313744,0.3770109284091296,0.041841200552688376,-0.028202366046171698,0.011893759824497831,0.13387153656470355,0.037463160187962335
1985-08-01,0.0,0.3401609532912919,0.5453335859807014,-0.05476729304426581,-0.001389839141856456,0.35263364587965546,0.038632978013257754,-0.038757655959696,0.01201047446829007,0.12728554689713878,0.0331185827616783
1985-09-01,0.0,0.37595497295416036,0.5631810867433482,-0.05567971141248656,0.010078411519399595,0.34450919772030864,0.03796572671851768,-0.026848204499871846,0.013211311181382898,0.14531060623286057,0.037373109322976425
1985-10-01,0.0,0.32777808348563764,0.551310889959455,-0.07439565665411102,0.0035076753818050243,0.3180557448464308,0.0402195294363409,-0.03632110703777408,0.012549171674503945,0.12879519891536717,0.03241503688781486
1985-11-01,0.0,0.22874839465960972,0.5387915504473813,-0.10669313902129696,-0.010055319674366434,0.2841088267284009,0.039345172202755366,-0.06538283899278616,0.01137890378504498,0.09758031018737708,0.022051098930237385
1985-12-01,0.0,0.20543157249770982,0.5380838479078802,-0.11603465095025906,-0.012634476337655312,0.26419421561033285,0.04103159865823998,-0.0765123640120139,0.011422738530495144,0.09152598243162052,0.020898053383991918
1986-01-01,0.0,0.1377455646026236,0.5184088071864166,-0.13007303916320415,-0.02152607376513984,0.2383198157006039,0.04024408557637199,-0.1060973297012536,0.010920381156963959,0.07191948250875654,0.015773047053880877
1986-02-01,0.0,0.12710643441641978,0.5163957813231875,-0.1287638988075597,-0.021816058672198907,0.2249060216608414,0.03698779585316131,-0.12195241638129636,0.011264509065728831,0.06873947473375763,0.01748140040375306
1986-03-01,0.0,0.14259098894379274,0.5347842197929189,-0.13673276322221498,-0.014593741660963184,0.22010335291424082,0.036111939252014946,-0.12897198797259513,0.012172230219450594,0.0809861343289128,0.02009769526040594
1986-04-01,0.0,0.08284669351703594,0.5245250370784604,-0.1554544679938319,-0.022870296000142856,0.1996505208231252,0.03623935115959069,-0.14965276317799087,0.01245119701164815,0.06729565931326861,0.01711297680143186
1986-05-01,0.0,0.0749122066734379,0.5339221405695507,-0.17860401981658583,-0.019373228629678677,0.1951916048192105,0.03549931092872416,-0.1484866337626001,0.013332798012883472,0.07186562551159635,0.0219506290268197
1986-06-01,0.0,0.01631984365623102,0.518312518611753,-0.21526434176187606,-0.025651725705782148,0.17674593849415876,0.03616308947263537,-0.1567557038098311,0.011820583192804476,0.051791596688066446,0.01976120605666861
1986-07-01,0.0,-0.09376181471790102,0.491788464899228,-0.2586951822209227,-0.04115075271720817,0.1459340342595658,0.03812475261233611,-0.17927744901400128,0.010418408152080462,0.012828277674537768,0.007517233753816555
1986-08-01,0.0,-0.0623327880250976,0.48802358456872075,-0.26276800559228364,-0.037600485751453167,0.1465325463654359,0.03900193216535966,-0.1563592978407858,0.01028114984740589,0.0238876355671009,0.012905770390404768
1986-09-01,0.0,0.004339266656424087,0.5053483835118309,-0.25458284393559694,-0.02387497700939315,0.15821480306486224,0.04231318918387834,-0.11461016830064563,0.01137126702677187,0.0497074131301151,0.019585457464883767
1986-10-01,0.0,-0.08150836015806444,0.4860417923083391,-0.26050045461425375,-0.037651602706228623,0.13477023394559123,0.04228505477458704,-0.1188442094915385,0.010306555673194218,0.017728334783603292,0.010378962368235309
1986-11-01,0.0,-0.15424491310972707,0.4756186197726862,-0.24224880270858207,-0.04802503676222915,0.11952657411180524,0.040190703825073414,-0.12983186272265504,0.010244318993780378,-0.005553358582819299,0.0028646443355918507
1986-12-01,0.0,-0.19117473873370416,0.46214242339930667,-0.219519336722437,-0.05471737550312411,0.11035697654028505,0.03759349300568288,-0.13128750203463707,0.010417379835888748,-0.015172741554316109,0.00010745615331981506
1987-01-01,0.0,-0.25057903869880005,0.4528000779787302,-0.18276054626681282,-0.06054250749356063,0.10106280148193036,0.03548539581034674,-0.12635205591542892,0.010021863314486535,-0.028311912473942966,-0.004569713269675365
1987-02-01,0.0,-0.17397156798533528,0.4814649018532094,-0.1279718325050751,-0.046936379386794284,0.12015116023138606,0.032852874515040244,-0.09581557880811613,0.011696583182604883,0.012908271143665929,0.008215689648142796
1987-03-01,0.0,-0.13904374228048613,0.4961744644606558,-0.08208420006173453,-0.03769719497381806,0.13277484582135973,0.029069887847092902,-0.0709045931092106,0.013060013432802038,0.03453738993254292,0.015418667452682114
1987-04-01,0.0,-0.08729940943224299,0.5138835995048012,-0.04646594733331999,-0.02947875941217609,0.14651156934433618,0.026535182267469072,-0.05257419251490576,0.014254507356187683,0.05976036884966972,0.02337215567286991
1987-05-01,0.0,-0.08720470048347002,0.5058562984013837,-0.04066313753895631,-0.03251850404787286,0.1443749533040835,0.021731170564064387,-0.05458230325480884,0.01409057251366466,0.05713702459359132,0.023833379471391608
1987-06-01,0.0,-0.06636968104169522,0.4980157932548922,-0.03454985628799884,-0.026791797547254484,0.14978088161517528,0.01851430230759462,-0.051266192062332655,0.014423528571043495,0.06658027634309889,0.025849707350340468
1987-07-01,0.0,-0.0801832786641028,0.48519205763299067,-0.036810404824114615,-0.030177592803806386,0.1451862255439012,0.017771567586035892,-0.06323183224336876,0.013304862622672988,0.059673937959642084,0.024111678762479022
1987-08-01,0.0,-0.06345521940537831,0.47237922138874644,-0.03874293625995857,-0.030610197114083505,0.14645549120751675,0.01808094217706468,-0.0642428461913689,0.013271562319683263,0.060988278563010465,0.023675654649527072
1987-09-01,0.0,0.016851547047447037,0.4739698942778982,-0.03491880005817587,-0.015615537882524174,0.16486146510816987,0.01528979850231749,-0.052347953323744395,0.013857332977698273,0.08913481089233263,0.031107655090621977
1987-10-01,0.0,0.013927686821036196,0.4567966231021597,-0.04983531216057454,-0.0192720558370675,0.162032646700987,0.01308959865965904,-0.06099082053970553,0.01343976855163075,0.0821360561095276,0.026173843195387844
1987-11-01,0.0,-0.07462670849436832,0.4219962072703551,-0.08045178264523464,-0.034918862441736954,0.1427206225547879,0.011751146598443275,-0.09485626478075716,0.011763282941245224,0.04800643037461838,0.013669709960148508
1987-12-01,0.0,-0.08682262210983582,0.4175755333356195,-0.0927587406052579,-0.038447147380702755,0.13910163372749162,0.012680759081363055,-0.10116500633115477,0.010980748149192662,0.04101297123800213,0.010758189782688592
1988-01-01,0.0,-0.09684751471680346,0.41957253902413744,-0.0978431416880032,-0.03922357991792044,0.14277165744328157,0.01575871306081017,-0.10270950406778975,0.010491604831111024,0.04116639184930476,0.009269683200020987
1988-02-01,0.0,-0.043721048409925876,0.4372403062342942,-0.08997503312558983,-0.029912012029755776,0.1592975122605439,0.014723244749537567,-0.09318525139917107,0.010907716175623108,0.06652641751583055,0.015856189254008973
1988-03-01,0.0,-0.017379368584397637,0.4534141287365957,-0.09093592896082558,-0.02672212949060104,0.17126391982364564,0.013652337318807103,-0.08331359932489739,0.011606730190274292,0.07870001033944266,0.01795045443927034
1988-04-01,0.0,0.026095509082419588,0.47250069767197206,-0.08205724171835446,-0.02069197907634987,0.18483527183759468,0.014563525193865707,-0.05973771524457465,0.012148986707124252,0.1002721013864791,0.0232273231451688
1988-05-01,0.0,0.038465208649526385,0.4789000324184252,-0.07314989483810985,-0.02350899308089945,0.1900295277228558,0.017982636417223433,-0.04682617977067065,0.012083948198625655,0.1056071841819528,0.022923921179368496
1988-06-01,0.0,0.10323551344929964,0.49005810479975165,-0.05081372894760276,-0.020295016919824948,0.20449054377617748,0.019341283123059584,-0.016887810995193778,0.011892134777280076,0.12668257697495972,0.027111922084430452
1988-07-01,0.0,0.1590249854306024,0.5019395690755839,-0.03444458887390295,-0.012573908900726061,0.22222404509240112,0.018819135023369994,0.0119294453381307,0.012553154642202096,0.14913651361301372,0.03301710022176767
1988-08-01,0.0,0.19674126955766041,0.513806482363449,-0.028966678867921935,-0.011642270043548631,0.23267492318190763,0.018747596100636192,0.028788136991841164,0.012939883342361803,0.16613679458498237,0.03421045859499118
1988-09-01,0.0,0.20970009797398576,0.5259243413236692,-0.02995703185172572,-0.011745060442516383,0.24019020053830162,0.014815124860690847,0.03628867481583632,0.013154197432732655,0.17037609844502094,0.033670954417298546
1988-10-01,0.0,0.2095903640152464,0.5334432316017788,-0.03732793038081122,-0.017245053842006256,0.240189881190341,0.011676307969727493,0.04231218078208167,0.013131440872559366,0.17081519697660652,0.0327157678443523
1988-11-01,0.0,0.17728790208480424,0.5358715867735684,-0.05919540717859239,-0.026598322973069105,0.2360873826498655,0.010210094419560486,0.03612695680982553,0.013116821345209827,0.1577149171640595,0.02900895817907012
1988-12-01,0.0,0.139808767762849,0.5327748677740767,-0.050118007608621014,-0.03530793706315229,0.23045814851526664,0.010136208960858182,0.034805825254164466,0.013021202280117668,0.14654929147438733,0.026750199082644775
1989-01-01,0.0,0.09166180601217201,0.5367679950645883,-0.030883886550016462,-0.0444004217081756,0.22757510313154194,0.010663073093014046,0.0375772312690798,0.013057162670841655,0.1392930621836127,0.02397395940395219
1989-02-01,0.0,0.14825429025884984,0.5607393761244803,-0.004925576442146975,-0.03566007291401085,0.2468121732104077,0.008282217544400531,0.06030743345750662,0.014181645290796196,0.16838639473171424,0.03522868953023481
1989-03-01,0.0,0.3462529815037053,0.619915576004106,0.03475791734661026,-0.006601748340077861,0.28856338079849286,0.007719429675234179,0.12165690825452752,0.017206169248828656,0.24528458609389797,0.05990738744779715
1989-04-01,0.0,0.45125519237296496,0.6565506375982484,0.07065215473139355,0.009042240169299425,0.31259488129482027,0.007772278107796633,0.1585556126057584,0.018427880021966294,0.2885232854986923,0.07138676698975913
1989-05-01,0.0,0.47874394370035617,0.6663203529181297,0.09998476638449372,0.009949298274035904,0.3178311428546356,0.007215856959603152,0.1637316082818278,0.01850451050775805,0.2919701777031282,0.07302249081512682
1989-06-01,0.0,0.4366220011977594,0.6534163348503264,0.11226642188941609,0.0006813094812870111,0.3090978560892779,0.006109743018562918,0.15052598535502248,0.017614696549477563,0.26497590987632,0.06286832658760377
1989-07-01,0.0,0.3248975491463152,0.6164786376105363,0.08946019616573887,-0.016707280467920783,0.28463103491828523,0.004735139123841365,0.11293326617867222,0.016348099854099955,0.2213977686203942,0.048469222568702966
1989-08-01,0.0,0.2926281032112447,0.5911693855378826,0.09416097980609534,-0.02319412955184407,0.276155419221921,0.001598804246177404,0.09402814592257631,0.015389793739404467,0.20309306109938277,0.0441495637572203
1989-09-01,0.0,0.3894521089913222,0.6031638197951386,0.10606084650335766,-0.009138500788683036,0.29407179548898144,0.0020302059615093506,0.10375672163790081,0.016245144465022142,0.23163927204531748,0.052649076564637506
1989-10-01,0.0,0.3779226456317241,0.5987017473976457,0.1270115210509802,-0.01298364059667589,0.28785054535115506,-0.0007335412143203608,0.09600510530115172,0.015783614220260693,0.22505295832089361,0.05019144089491824
1989-11-01,0.0,0.3775871712864054,0.5874061536410982,0.12020269421907362,-0.021259962280195784,0.2807955517205215,-0.0014624344192546608,0.07701057537068617,0.015419045609119778,0.2127180399286453,0.04674147552075372
1989-12-01,0.0,0.32466598871940183,0.5872611141277714,0.10973995663502906,-0.03425732567857047,0.26770839580942163,-0.00156755224829376,0.05724948015124191,0.014461014392824724,0.19110806180073903,0.038719799771728444
1990-01-01,0.0,0.37198380810014553,0.5996893952945432,0.11005349476041308,-0.03467263669841526,0.2694624623041699,-0.00173676730445206,0.056825372350807465,0.014785989377667449,0.1972450165539168,0.04372712663234671
1990-02-01,0.0,0.4496365910090627,0.6115421716680232,0.115506975496138,-0.03152423451624457,0.2778982773049956,-0.0001438779439545861,0.05647865634438165,0.01576838632884791,0.21433146971270695,0.04972073266042756
1990-03-01,0.0,0.5405669412967047,0.6357677471092285,0.11831751919097962,-0.02547961872865376,0.2879170906184744,0.0013523136511669504,0.06587497227460619,0.016862546048604356,0.23373619407039192,0.05588935409576989
1990-04-01,0.0,0.5892038139954827,0.6469726321103532,0.11187827000091645,-0.02052752992319372,0.2919172278045689,0.002408575444028769,0.052609022678486383,0.01638463238190097,0.2396447205006907,0.057931694029886606
1990-05-01,0.0,0.6394549480028391,0.6615666314576809,0.1170343546636527,-0.018590507770741213,0.29405067362495985,0.002886839869588222,0.05675408290898254,0.01651283478539558,0.2446452195868324,0.0603688931775066
1990-06-01,0.0,0.6681391795876277,0.6610811056474792,0.11754640248932113,-0.01964391842670784,0.2902515231456488,0.0034397078065897917,0.05451946892680283,0.016021829622877515,0.24124271309370318,0.06104852858662613
1990-07-01,0.0,0.7577863468536987,0.6689263895030049,0.12434690534337538,-0.008614928908318047,0.30217656218915423,0.004894502536700561,0.061877561900042226,0.016993320551655804,0.2649356982616434,0.07158385521833946
1990-08-01,0.0,0.870856167950534,0.6854832269300254,0.13434075510969412,0.010028681275488775,0.32351394928790467,0.0071833677257719004,0.08313791416225957,0.018182926260191246,0.30404190648468543,0.08799629202668545
1990-09-01,0.0,0.9981878463055005,0.7114489608141542,0.14811911740782746,0.03193613775352316,0.34751079780933736,0.011286118634600648,0.10257708562862047,0.0194989230421723,0.34507122229507825,0.10433395949685927
1990-10-01,0.0,0.9847543200590401,0.7175023121566446,0.12059142498347827,0.032368648507493145,0.3423361501636536,0.014240927407863115,0.09214616953816358,0.01940395799955594,0.34069269463837,0.10460936393829928
1990-11-01,0.0,1.0015357925616866,0.7251339166218578,0.09338728129607737,0.038750611367587284,0.34348285751773666,0.015325864173805114,0.08780590981164844,0.019962996993198923,0.3506588625940029,0.10953804308560161
1990-12-01,0.0,0.9555221068772521,0.7093183509611637,0.05768813317971244,0.03885374905405774,0.33659212911206204,0.0140895334629548,0.07005987580462658,0.019944264932358034,0.34152109941774644,0.10931851853324046
1991-01-01,0.0,0.8563613224593407,0.6928386355998046,-0.01525661449654055,0.029782512571991264,0.3175027323931372,0.013461014833946211,0.03547047536426265,0.019313351891866455,0.31321822353668627,0.10428310890568167
1991-02-01,0.0,0.8933614591468049,0.7022682460530825,-0.04615734641846822,0.04081931100663856,0.32580017231471387,0.015069147269041024,0.0420727538764956,0.020433084157929993,0.33032607778434675,0.11501517927318222
1991-03-01,0.0,0.8902549643925237,0.7100815574612466,-0.05170233127054502,0.04675910346049503,0.3294164741075335,0.017426429860494523,0.04717948326524138,0.02095798094619847,0.3392089770062978,0.11835632266107302
1991-04-01,0.0,0.845809760665674,0.7202240917203816,-0.04277275873899457,0.049728741014960776,0.32477809056920437,0.017669581275920325,0.054828744086050936,0.02025922932779769,0.33261826558435126,0.11617340080058455
1991-05-01,0.0,0.7618199893496991,0.7182075325266281,-0.022430890001538417,0.04472227298005046,0.31300573826557965,0.014822085886057643,0.05601572460206173,0.018815498248569894,0.31287313400950606,0.1094364236915589
1991-06-01,0.0,0.6797588069016163,0.7059574998429217,-0.011860362006051794,0.03499749894310049,0.296252426639933,0.013384441428856964,0.051659425770081,0.017543185639269973,0.2872809589953965,0.1030178699326853
1991-07-01,0.0,0.6359586721847634,0.6964001999273389,-0.00718574508519474,0.030678293814600015,0.28734568115402204,0.012736989058867446,0.0625560796545728,0.016683137009117305,0.27162796045395066,0.09933518693569074
1991-08-01,0.0,0.5930292870571154,0.6710840306092614,-0.005415300704635197,0.027745855094656106,0.27745041055703096,0.009816038778514273,0.059618265377301735,0.015484122111156816,0.258066036466835,0.09575792913042735
1991-09-01,0.0,0.6107331094931165,0.6701748980149932,0.002620291825015513,0.035597079369423724,0.28322590232990774,0.00673845989577305,0.0656492592547275,0.01570545066811524,0.2673873958580322,0.09849929721344561
1991-10-01,0.0,0.609105687614392,0.6647318032382996,0.008500704112400656,0.0365415994425429,0.2815638154411253,0.004402003271953874,0.07528861056669067,0.015461672892429355,0.2735777412326147,0.10123952157749821
1991-11-01,0.0,0.6259314249393904,0.6612338901997141,0.015764307882449306,0.03767478700539367,0.281678749871736,0.004805984041206088,0.08259484235563273,0.01552215206369139,0.27695096045303,0.10212502862846824
1991-12-01,0.0,0.5943206590694721,0.6553710943719895,0.022115445866995244,0.029195982212755683,0.27077527326486545,0.005436124341430624,0.08185317710189469,0.015157342595325442,0.26276675941566363,0.09891559663060454
1992-01-01,0.0,0.5324501426478763,0.6504188658224989,-0.0004071984471139343,0.01941399856873344,0.25347328346239617,0.005402119003933099,0.07239085589056742,0.014659810007286007,0.2430311420264603,0.09154050953046038
1992-02-01,0.0,0.5639641576899264,0.6611385627516209,-0.011385689377778641,0.025080896413613364,0.25635255845734395,0.0059619823526322665,0.07278647739951025,0.014918835429409397,0.25237993600319636,0.09411682784424583
1992-03-01,0.0,0.5568330133787166,0.6710348271473509,-0.0001984679017107683,0.02478644259059186,0.2540088205987856,0.0073554673205458235,0.07697990531621719,0.01505772351863174,0.25078507442419373,0.09494136355784327
1992-04-01,0.0,0.557262606448767,0.6829753268639774,0.013528740473329755,0.02642813004932673,0.25016180948543276,0.0071799627039850905,0.08031972751779769,0.015441246684712535,0.2487009271535751,0.09342387400955057
1992-05-01,0.0,0.5235721650584824,0.6816238843046479,0.02141379839723822,0.023249822521233234,0.24028858230888486,0.006774391297970639,0.08121745411028851,0.01474157716642055,0.23391589534017193,0.08847011119044572
1992-06-01,0.0,0.4664019352067379,0.6685782099527802,0.035427875993656516,0.014481467228960012,0.2273724399407238,0.007497471169802326,0.07619958418851863,0.01456049004054607,0.21186421995611926,0.0811780859579588
1992-07-01,0.0,0.4256515182943814,0.6426090090402998,0.028275429828339527,0.009328106669211885,0.217961864045881,0.005115544988009781,0.07747570949854687,0.013839269963198954,0.19461190781700916,0.07736200541069224
1992-08-01,0.0,0.4399571974339974,0.6303559709451277,0.035862055894628014,0.01281627108715027,0.22039477172017155,0.005348106389220484,0.10159116491857484,0.014393307278391356,0.20229483136738574,0.08063487155084599
1992-09-01,0.0,0.4178943963857712,0.6151427679837342,0.046222370913925746,0.011713646896257838,0.2154626663019398,0.006245457718731212,0.10959639631305648,0.01447935071484007,0.1920584666641067,0.07938834446537862
1992-10-01,0.0,0.3861666375603633,0.6010048768977365,0.07187837783509049,0.004720526768541365,0.20801913486800977,0.004973053030439467,0.1131099019399047,0.014228019623271871,0.1802863044560482,0.07509621007696624
1992-11-01,0.0,0.39441853710425956,0.5932240079319648,0.06637338768058038,-0.0015393636634195964,0.20437723615850692,0.003400273714124235,0.1185565409623776,0.014562633207107519,0.17688285846426227,0.07508082771893965
1992-12-01,0.0,0.35158710696897644,0.5882091306557848,0.045723257035710216,-0.011872906330492046,0.19332773474987075,0.002077336085393614,0.11175162766212185,0.01466855192123348,0.16275487478090933,0.07327163734463094
1993-01-01,0.0,0.29568780197111777,0.5712979421002782,0.030513097587094508,-0.020511991512935118,0.18344254786827024,0.0018057780114083119,0.10147464742103439,0.014945026094465578,0.1462601063703322,0.07153172289137084
1993-02-01,0.0,0.26015897406640376,0.5668222203138591,0.02340529588218205,-0.029688790310811498,0.17535255807225056,0.002967772694266482,0.08343026703234441,0.0146347660816597,0.13591417754789042,0.067601298075378
1993-03-01,0.0,0.22011599770076964,0.5599318950124887,0.02475756237245815,-0.03790997358706722,0.16732028378870042,0.002645473357067979,0.07094833624996968,0.014957291087754038,0.12057448017201669,0.0646106785707119
1993-04-01,0.0,0.23071407168675193,0.5619874230261364,0.03698254030196532,-0.044687052674696706,0.16548973549113472,0.0014901425580108956,0.06876567049719062,0.014820159368590512,0.11678916941347961,0.06476528967565001
1993-05-01,0.0,0.21189799290043526,0.5584753952226815,0.030030891823786536,-0.051939919970092494,0.16212663635957142,0.000379824593138387,0.06413479944019886,0.014583637907691063,0.10493388967291345,0.060529354627772786
1993-06-01,0.0,0.21081826136962595,0.5535247220990783,0.04373976817307121,-0.05222773584280748,0.16173117384967264,-0.0019903751467157376,0.0702501415169421,0.013212146862230802,0.10189649372680698,0.060087128790486305
1993-07-01,0.0,0.23419355958566787,0.5508656179889343,0.022969859937163807,-0.053784358670445315,0.16086488625227746,-0.005256515868452733,0.08173153684237339,0.012343004585845098,0.09869776231076173,0.05731291781708951
1993-08-01,0.0,0.24345246145926436,0.5323509687623793,0.011750387918012743,-0.05517106088228304,0.15899055965032555,-0.008333265836163247,0.07763247310843302,0.01175808824799626,0.0935687826172992,0.0545248373878537
1993-09-01,0.0,0.3086981593625511,0.5383071390089049,0.005293816737289625,-0.051165468689996774,0.16872383622508846,-0.009110241824957475,0.08330717428058723,0.011575020081147268,0.10337684774889783,0.057213998620052324
1993-10-01,0.0,0.349467265350814,0.5336165246418543,-0.009321445679538755,-0.054639462262194,0.1712502499771567,-0.008945547851690636,0.09161861769606085,0.011046144356291952,0.10277089861667096,0.0567980784280723
1993-11-01,0.0,0.32101275870775503,0.5171626835851015,-0.0047303722720132575,-0.06532840494626205,0.1629160317906774,-0.007643624649450528,0.07913495157463839,0.01010091736343268,0.08184073284999521,0.049452938510885974
1993-12-01,0.0,0.2706859553094152,0.5025748300912882,0.0027396263865250275,-0.07687391103214114,0.1541524052039741,-0.007972043376126592,0.06763429439110069,0.009545179958183334,0.06169961970412548,0.04097085626244633
1994-01-01,0.0,0.2543758325135872,0.49596913397800163,0.011939597227161536,-0.07797518218565822,0.15382748932987278,-0.008333320157422011,0.06614492041273509,0.009224146791228838,0.05676626929992042,0.03790546795738657
1994-02-01,0.0,0.24464577388267,0.4958380185604384,0.024072451045095658,-0.08053825087352981,0.15724172897054667,-0.009361449274288686,0.059867958059062795,0.009176069681772562,0.05394107071678554,0.035727974822846974
1994-03-01,0.0,0.25583391273022005,0.4958263214398664,0.0404424320128374,-0.0734739223632015,0.16526376955783353,-0.009467729735107601,0.057288465212181325,0.009190456235813067,0.06262051928599927,0.037371098591034865
1994-04-01,0.0,0.24014264607701527,0.5012730397275409,0.06262929127191927,-0.06836762170045192,0.1714613202154915,-0.008057032715331624,0.04400833347385599,0.009500327108215571,0.0658624412407885,0.038445442159442844
1994-05-01,0.0,0.19713612564576943,0.5007431099080413,0.06202849868995031,-0.06480590160704401,0.17321486817022588,-0.007817049058071984,0.031684997108159974,0.00916059245758495,0.05714315334827954,0.03744169857702724
1994-06-01,0.0,0.05399063469978027,0.4837563471505242,0.06829673967164385,-0.07729416075215274,0.1578924653631717,-0.006524918584402261,0.001361108845555787,0.008138523763525779,0.018444302747613436,0.026085590100830693
1994-07-01,0.0,-0.010595592319300974,0.46409376971121175,0.044732376891098935,-0.08065541482666577,0.1528935469066765,-0.004322187248326591,-0.010108840531030155,0.007710747380336839,-0.004727338846699234,0.021314567352278865
1994-08-01,0.0,-5.8151191634547565e-05,0.46207946767097063,0.04724053934251897,-0.07278664438033573,0.1637501506403024,-0.0032278590680683552,-0.006538936108987268,0.007640932429143751,0.0024127994872498656,0.025553827598980203
1994-09-01,0.0,0.015743234591585033,0.47444439950648604,0.029055624773232105,-0.06479327025881809,0.17730895336377467,-0.003879906085913077,-0.0015389676061735727,0.007577798373634272,0.00593286791227076,0.03008748214589299
1994-10-01,0.0,-0.037396988578689554,0.45526854435966946,0.010922537726499164,-0.0720600000923537,0.17154498601333135,-0.0030357144317805836,-0.008577139093760722,0.006667576706994947,-0.01830589481426762,0.02457935632931227
1994-11-01,0.0,-0.09577101683310904,0.4420855315616982,-0.004812454931300031,-0.0762384195519143,0.1680459090791664,-0.004671402262379912,-0.015322858931399497,0.006029963289938682,-0.03645481017788875,0.02056466535845893
1994-12-01,0.0,-0.12795321799349585,0.42695121244961876,-0.021108042328317,-0.08196305922402097,0.1688123487427477,-0.0037138484812014386,-0.01564201450489825,0.005367101617073556,-0.05058985587823238,0.017647090113340376
1995-01-01,0.0,-0.09437673199719722,0.42986079106822017,-0.004674249428960319,-0.07447165601732796,0.18334108923991102,-0.0029824857213081404,0.002759534201284607,0.005307306189902048,-0.0378126358230634,0.019506974846475143
1995-02-01,0.0,-0.14473032050967044,0.4222999373830867,0.002197146380096407,-0.08173330324334921,0.18128649514819428,-0.004771875104130862,-0.010255060558232344,0.005293925202759128,-0.05521907771679299,0.017422370423438555
1995-03-01,0.0,-0.18264992012779332,0.40789187910665586,0.009155959367694328,-0.08621115710212313,0.1801805259269539,-0.004437265751665495,-0.033431606882338386,0.005607465482976422,-0.07479817124945717,0.012353416445452198
1995-04-01,0.0,-0.16950854143205546,0.4118051027153807,0.02715517541976939,-0.08032570296219349,0.19092400760027944,-0.0025404448408268224,-0.04446878986977161,0.006145329155146569,-0.06605763697436294,0.016284977473783456
1995-05-01,0.0,-0.21356714901591642,0.40323404298325194,0.011666582171895187,-0.08564390415556702,0.18848863383395276,-0.0026849171400335626,-0.07597434595909641,0.005755051675762127,-0.08231462148149807,0.012798608196301952
1995-06-01,0.0,-0.17744594439511058,0.40145157406959375,0.006675849224180753,-0.08191840338527417,0.19961229638180605,-0.0020745765161706755,-0.09053268511113971,0.006294348642539058,-0.07496871326604523,0.01499627115934437
1995-07-01,0.0,-0.17123276003539728,0.39211208503563777,-0.0008268125867108538,-0.08119746533095484,0.20314514054136687,-0.0018367240505425737,-0.10372160236554882,0.006430177091928055,-0.07726146444772626,0.013165937498599506
1995-08-01,0.0,-0.10367902176636401,0.3795346490339253,0.0060910171668505896,-0.07322766567044137,0.21883913099794994,-0.0013549558484516001,-0.09198954092808195,0.00737445353683832,-0.05930073603423532,0.01812630704993613
1995-09-01,0.0,-0.06420865002972716,0.36704586953694024,0.011444406029031818,-0.06919613685186857,0.22885302657922954,-0.0021399504669920395,-0.09298250734540989,0.008332568692850631,-0.05208087182032735,0.02070530438298833
1995-10-01,0.0,-0.0680595948656689,0.35176277364116976,0.012420952309967913,-0.07562147327543506,0.22921886412925715,-0.0033184091749164472,-0.10919772375563405,0.00789546589884315,-0.06278156527936697,0.019472022169463213
1995-11-01,0.0,-0.07358308361636581,0.3291394381268154,0.015588109338355392,-0.08091887796266198,0.22788093857920871,-0.005675569281070139,-0.12160693680881299,0.007326072334076747,-0.07278771282387954,0.01841575887054439
1995-12-01,0.0,-0.09246572341222281,0.3095641291877974,0.022784202390563415,-0.08851571290361424,0.2249464987210395,-0.007737104956033992,-0.1362661396229738,0.007404276456306123,-0.08126992328126015,0.014531158552583441
1996-01-01,0.0,-0.08549140667828317,0.310427384245547,0.03565265452108202,-0.08881269032742296,0.2286854790965116,-0.0075866580685399095,-0.1364766434082495,0.007413291384111573,-0.08208752376690957,0.015598404355684062
1996-02-01,0.0,-0.017629792302866588,0.32236628626244856,0.059891349501272916,-0.08651556300542683,0.24157643136431478,-0.005597572384151645,-0.14178187462963565,0.008028925650273078,-0.07036356261665883,0.01958934256428309
1996-03-01,0.0,0.016680327223200002,0.3236196187856204,0.056054696170963626,-0.08098946482178976,0.2523115943682569,-0.004001860181882551,-0.1408417916377387,0.008581157795722737,-0.061362474758385084,0.02346322709993144
1996-04-01,0.0,0.017655160568376876,0.33318267789749956,0.06762211700611212,-0.08213615230285476,0.2546612209021877,-0.004297781264069557,-0.15470828004273957,0.008350829989256684,-0.06499762031379402,0.02033435387838977
1996-05-01,0.0,0.021145234967694923,0.33743002514633447,0.06937274099142582,-0.08451751315991707,0.25585685309871464,-0.004423785603990109,-0.15507032735774168,0.007741548050532683,-0.06306391423811764,0.019138982418655706
1996-06-01,0.0,0.005653311691327666,0.32848422917943715,0.06359691553732522,-0.09135725143656771,0.25387232421264516,-0.006410133199141611,-0.15901114722471432,0.007109967755224226,-0.07560261390532078,0.013410954892926014
1996-07-01,0.0,0.013242109480837722,0.3179239194452891,0.06898697202700993,-0.09416297575762433,0.25485311069595823,-0.006430611741141887,-0.15439413952952075,0.00687895595068304,-0.07215410748929618,0.011349462701556443
1996-08-01,0.0,0.047374713387704374,0.31907047534773025,0.0716687655365252,-0.09511497841313848,0.2595826113369941,-0.006474321701200777,-0.15342209927438877,0.006874593988863144,-0.06454108272907197,0.010347504969825803
1996-09-01,0.0,0.10745947809565677,0.319670629719608,0.10191576792543991,-0.08774647087773263,0.27138244157430214,-0.006864026251246869,-0.14442199652360604,0.007499063757155674,-0.04234098094424353,0.016679285657406995
1996-10-01,0.0,0.14664809032585008,0.3170824766393504,0.15705743219877333,-0.08851486701275554,0.2784383563311554,-0.008873319524920093,-0.13234026084429365,0.007094529113618225,-0.029892352818934636,0.018963289869210382
1996-11-01,0.0,0.12398238853209828,0.30760752841351224,0.1701132625210744,-0.09159990685384459,0.27702019382547677,-0.012112278419910692,-0.1307002096778816,0.006572628976284018,-0.029627604129553703,0.017938481806045257
1996-12-01,0.0,0.06727480787735195,0.30110307063733277,0.16173682702520822,-0.10300122849684314,0.26709316822022794,-0.016600867734236018,-0.14542124504150666,0.005844723829043988,-0.04345015290697651,0.012000874455450424
1997-01-01,0.0,0.09665449689412182,0.3068333342010632,0.17418862457310064,-0.10056782714607858,0.2717647687888636,-0.01791935413819125,-0.13768393116359043,0.00573011977842459,-0.02961782584173516,0.012519152626646603
1997-02-01,0.0,0.10997350243280954,0.31186658827364855,0.16369197313021538,-0.0980594141541189,0.27598481249738205,-0.019066155045513046,-0.1322127504049661,0.0059440877475515925,-0.023289600364939482,0.014236512844714229
1997-03-01,0.0,0.15258319186066066,0.3198990407807726,0.16852558047244198,-0.09037819775742756,0.28754099981707315,-0.01766505181571208,-0.12778405195191353,0.006419676384729525,-0.007146754079101791,0.01892324923142691
1997-04-01,0.0,0.17618951722818982,0.3289489866377728,0.18448182120033194,-0.08981003807047364,0.29206671870828105,-0.017248492560470383,-0.132327382276368,0.006844841375602619,0.00316216284852056,0.021725663691241223
1997-05-01,0.0,0.14510532346745636,0.31909410137344346,0.1863767602301034,-0.09779054475309201,0.28329178476432915,-0.01665173844686598,-0.15304768419611142,0.006588849126959543,-0.013334620533815272,0.018944935924245683
1997-06-01,0.0,0.08820755502302893,0.29051055621307637,0.18342119103226945,-0.1055138324089683,0.2740230959251129,-0.017296713159834144,-0.16103755758385396,0.0056334718936109605,-0.033134960384525874,0.013615682475070995
1997-07-01,0.0,0.038739453574441834,0.25359363826378273,0.14105402195228356,-0.11101850971036556,0.26231779887460716,-0.01803705216747637,-0.16758013158995766,0.004474773067673747,-0.05586641781370541,0.007591844393505798
1997-08-01,0.0,-0.028944255024323927,0.22566787238659547,0.07438286658870821,-0.12095912674545675,0.2483486464750828,-0.019260853530331502,-0.18609380784164414,0.0037356546757597205,-0.08370875215261292,0.0012173727569563882
1997-09-01,0.0,-0.11545232864633581,0.18943097085464589,0.029387901743467233,-0.1276728075727574,0.23287328367610088,-0.020430949485462233,-0.20323823599504812,0.0029104230596340794,-0.11306665961199426,-0.006671962906200748
1997-10-01,0.0,-0.1447977201291466,0.17226989634345397,0.0026003369921517353,-0.12505631981668522,0.22805013614568814,-0.02100470185718431,-0.20729344184370158,0.0026752169785797864,-0.12029585038060847,-0.008739030837819644
1997-11-01,0.0,-0.1869803702913565,0.15094326140618786,-0.0414558610440435,-0.12522746625396086,0.220416888568357,-0.02166989881195526,-0.2156582677761601,0.002522656940324483,-0.1340375275470535,-0.010093842539384452
1997-12-01,0.0,-0.2134757291506807,0.1340583634062974,-0.05859366275571008,-0.12337732672751012,0.21674846715347973,-0.021951200603411325,-0.221337870958158,0.0027086900003866566,-0.1372753341826149,-0.011535155186309428
1998-01-01,0.0,-0.1646510451372561,0.12008438970687224,-0.05940531241363821,-0.11343087690634078,0.22222330002354979,-0.021954945301587925,-0.21420345898685372,0.0028166157254782644,-0.1254957583633176,-0.01123277054620202
1998-02-01,0.0,-0.08661056918421352,0.10879227702183017,-0.04768152238326299,-0.10007453561522711,0.2308615428095531,-0.020332312948491874,-0.20368941925910947,0.0037818050859084015,-0.10494367369567384,-0.006533442953344338
1998-03-01,0.0,-0.024653355796922682,0.08824970194431725,-0.026779241625246912,-0.08571103335036856,0.24240112883645418,-0.019940481694066103,-0.18397130431565822,0.004574405113962364,-0.0824292505125752,-0.0007299610906567623
1998-04-01,0.0,0.0450215954169067,0.06998742795215473,0.007873960384218654,-0.07280774429807135,0.2541015800347294,-0.020794623741369627,-0.16433641065580326,0.004499283208977314,-0.06703064049736424,0.0030071496568104183
1998-05-01,0.0,0.04893937176538654,0.06135595212818421,0.002497623175304659,-0.07014494342802918,0.25005035779370743,-0.0204298387293878,-0.15900855883604548,0.0034846208753767736,-0.06749342645866756,-0.0007040996820047778
1998-06-01,0.0,0.04503085732236753,0.041976495193858106,-0.0006998638296467847,-0.07130753835007841,0.24644098057992903,-0.02026126153144317,-0.1440304647370469,0.0030631466517448457,-0.07274971520859205,-0.002480288696677116
1998-07-01,0.0,0.06096990292573256,0.025138573679740747,-0.0020136327906169803,-0.07037877011002139,0.24438694161343233,-0.017795545976335866,-0.1256711711612377,0.00253121202141452,-0.07079503704853655,-0.006068452275670551
1998-08-01,0.0,0.15835542211096254,0.026505068377210297,0.0028636608995548287,-0.058437801077766964,0.25710731166781464,-0.01614012669364137,-0.09625119398105508,0.0027524341759619817,-0.04575310695602018,0.0007773219058228483
1998-09-01,0.0,0.20529128388510673,0.01894296032200156,0.008951085076602038,-0.052983911937350144,0.26190898471185275,-0.016164095325726713,-0.07911716605554346,0.0025833859004943957,-0.036525482486958555,0.003377386008078469
1998-10-01,0.0,0.22868063712556433,0.016322321156918996,-0.019092022566838014,-0.05260373516094189,0.2601850280792216,-0.013842632263967598,-0.05948830287909416,0.0023836742987381368,-0.03262256374366268,0.003943057429662853
1998-11-01,0.0,0.16898588689666874,0.004417967915339047,-0.05026200871492034,-0.059432335604501035,0.2472722827706546,-0.014807275748150796,-0.05916593160864178,0.0021210188280584245,-0.05054268882933476,-0.0022473426920314047
1998-12-01,0.0,0.13947048145367458,0.0004288856881640093,-0.06690048722139841,-0.06348378010743336,0.24140745037913536,-0.01660602677321003,-0.052212215353186875,0.0017823253363476225,-0.062071654672633106,-0.0034511725456364216
1999-01-01,0.0,0.1312367761748391,0.005466988247521761,-0.06660247047274903,-0.06583814930326361,0.23717554716729194,-0.015450785029965945,-0.03920175369606457,0.0018079518878924066,-0.0672175116321666,-0.004882821971145249
1999-02-01,0.0,0.0868883421286736,0.0040320181382800194,-0.06016524683917447,-0.07279535746119649,0.22932060063359316,-0.016024644329527986,-0.039180529058837676,0.001748154495040744,-0.0783610506149971,-0.007971094736898044
1999-03-01,0.0,0.053237784889114445,0.020399933408158988,-0.030389134727829555,-0.07167871653449691,0.22686259763420852,-0.017279975174544132,-0.029558307808324805,0.0017521773557960326,-0.08165999491066847,-0.008807544706557303
1999-04-01,0.0,0.030975066692276024,0.028110755502562874,-0.013877098441133428,-0.06919632392592526,0.22797447928515366,-0.016755547818860666,-0.017233570112840685,0.00213148418205568,-0.0775519878131205,-0.007472412713722123
1999-05-01,0.0,0.015249568873933127,0.03859638538914992,0.010190702892536856,-0.06689279431899833,0.22800134557481533,-0.017439774368275207,0.0008085346262066148,0.002328490052628162,-0.07372202546027808,-0.006302946045203744
1999-06-01,0.0,-0.03934911773959398,0.045191548721822725,0.03144549505691875,-0.07365535532093598,0.2196123353811944,-0.01880925519260731,0.009499795186753765,0.0025547010589782966,-0.0852015836150567,-0.010304990159780033
1999-07-01,0.0,-0.052476796466984076,0.03283630780993365,0.028420239807019736,-0.0769403205314527,0.21556900514979854,-0.02069355686557696,0.01997622222742068,0.0031431016726587713,-0.08897580414011161,-0.010936309287923166
1999-08-01,0.0,-0.03908006092745318,0.029993270794734846,0.06098394997482622,-0.07896935620994008,0.2155863012549557,-0.021779295651546356,0.031473373243095105,0.0030110324389341528,-0.08654977041913947,-0.008630243204900738
1999-09-01,0.0,-0.07216803365149349,0.023799041223244888,0.07257541969949446,-0.08411252768222663,0.2083905746879667,-0.023713961454808828,0.030674835418195393,0.003156363928007493,-0.0989765625315938,-0.008742895697649827
1999-10-01,0.0,-0.13218354304080393,0.011964815996347078,0.10088997521312815,-0.09475496265140124,0.19621396866419266,-0.0249599004116952,0.021090241779764686,0.0031438809558109633,-0.11857831746971965,-0.012580234215061353
1999-11-01,0.0,-0.17447329921417715,-0.0008450806140817042,0.08764294941780218,-0.10410763054444802,0.18472723999970797,-0.027339317446451367,0.013569591238983145,0.0035629384505322954,-0.1411397208797382,-0.016610105422342314
1999-12-01,0.0,-0.2130684516238746,-0.012226674798604644,0.06458719471573143,-0.11558454603482196,0.1717922531823306,-0.028714909068608248,-0.00044225116495157915,0.0038604241870041855,-0.16392297800455274,-0.019885951091197805
2000-01-01,0.0,-0.2805421267477146,-0.023143225459639576,0.06244432789948985,-0.1231474856571376,0.1596512174272533,-0.03178016764258799,-0.015901856080932864,0.004357778527512107,-0.18555578970011194,-0.022257910724987152
2000-02-01,0.0,-0.27324634921166135,-0.02235181462399373,0.05179682088593264,-0.12802249522378917,0.1566806951654822,-0.036281111985994,-0.02289836261840407,0.005703286942478307,-0.19788638154363203,-0.02328814652294777
2000-03-01,0.0,-0.32013061694540135,-0.03493622421105165,0.0854577424592318,-0.1359818745990372,0.1473819666958603,-0.03894616173139753,-0.031607539202852544,0.007153193505439052,-0.2153368357133991,-0.025974259465682926
2000-04-01,0.0,-0.2770210908639391,-0.037285187537038016,0.10516750154544818,-0.13366256510561292,0.14903741975585588,-0.039556955617865625,-0.03147848539614223,0.007504862887572307,-0.21539879280385393,-0.022634886273104504
2000-05-01,0.0,-0.2536861677135532,-0.02731643800471356,0.10171080239185636,-0.13216148463735639,0.14908707891442324,-0.04056324287255832,-0.02673768566687243,0.007443556983623995,-0.21960297127583506,-0.0203146612917878
2000-06-01,0.0,-0.2891322928043174,-0.026816971980713616,0.08128744946296163,-0.139518370022238,0.13929121807826175,-0.041550752932731805,-0.03760541644657604,0.005595468675435798,-0.23866969799556859,-0.022865794346896146
2000-07-01,0.0,-0.3074647844977897,-0.022569427787465533,0.08780782443743448,-0.14591070614127183,0.1315914014587782,-0.04014325794976223,-0.04535173102122263,0.004120065964475973,-0.25822435846323544,-0.02415500421025391
2000-08-01,0.0,-0.25256685225406855,-0.016801781389289713,0.08080389757863651,-0.1429336237775602,0.13381322795260475,-0.04118629564114687,-0.043994793101286504,0.0030150139134208524,-0.25908614164760413,-0.0209793930500783
2000-09-01,0.0,-0.22475960420103278,-0.0021001366087261015,0.09938237469926522,-0.14233654850837707,0.13512188741200193,-0.04040562855224572,-0.05294852171810557,0.0022881999084699532,-0.2646838720381036,-0.01639956356281922
2000-10-01,0.0,-0.19956107284847335,0.011654179720992183,0.10892817947242256,-0.13925588572979125,0.13535953557886482,-0.03840965344043916,-0.055131913043544686,0.0018240724845236635,-0.26324403570189225,-0.014050627025472131
2000-11-01,0.0,-0.21764636758992653,0.013330959007339035,0.12168331291049037,-0.14195834923392,0.13087968079880002,-0.03894586093219478,-0.06240848565583114,0.001237565644245397,-0.27198280593755425,-0.01453700845081914
2000-12-01,0.0,-0.23599892611843096,0.004444429307061521,0.11343025453842247,-0.14861829768051127,0.12464927410087023,-0.038434857858199764,-0.07626354618553238,0.00046597103102357615,-0.2876294402907252,-0.016783367956412148
2001-01-01,0.0,-0.25841970943393444,0.005298453353317741,0.070489773885812,-0.1517115942897792,0.12139727224345265,-0.03695552292342015,-0.08671216792271058,-0.0002251168013192744,-0.297399776605924,-0.016335391831412673
2001-02-01,0.0,-0.22902105318575772,0.01852623204982387,0.02997855586250097,-0.1484584018691878,0.12579520594460922,-0.03461613176437954,-0.08817173585768054,8.72121438905412e-05,-0.28992389024769316,-0.010777724175506459
2001-03-01,0.0,-0.211783963713625,0.033372672208167774,0.029403052067749347,-0.1445277371686075,0.1315761355695491,-0.03199390426836189,-0.08193714284290457,0.0003356291670972625,-0.2809015007911555,-0.005088684931802237
2001-04-01,0.0,-0.21656771098353558,0.05162483306703457,0.036965426742289635,-0.1390736708781983,0.1352996713045328,-0.03136250637198946,-0.07862944401553773,0.0005826237666340792,-0.2752195529786366,-0.002457128625251301
2001-05-01,0.0,-0.20680755315675442,0.04398889341071023,0.029563792984575326,-0.1411163017406259,0.13366876081321605,-0.0332813372009843,-0.07715792712075732,0.0002630778753625395,-0.2796726834624351,-0.004862483412579201
2001-06-01,0.0,-0.21031972173378877,0.04082747264890495,0.03944826140009343,-0.1468849022921411,0.13161367534062257,-0.033547702070376176,-0.07404434698664539,0.0003368295050213474,-0.2902997639473073,-0.0060727359677688955
2001-07-01,0.0,-0.2158159939616035,0.0354660870692301,0.024962483711597684,-0.15234204813531235,0.12748701314468647,-0.035106539131390196,-0.07197403877407735,0.0007142971494076911,-0.2991418289726361,-0.0076393472519991415
2001-08-01,0.0,-0.22060787024506706,0.02275216540507976,0.01463721077008769,-0.15458828994315174,0.12656393293229024,-0.03580219439522775,-0.07191944054166663,0.00038623988361751865,-0.30787266612089437,-0.007155965640212793
2001-09-01,0.0,-0.19741668854088315,0.017913487471000123,0.01574881713920518,-0.15008999725093677,0.1295586948356448,-0.03797245881576369,-0.0706695240702922,0.0004048300089179663,-0.3056484997225485,-0.00461421786608859
2001-10-01,0.0,-0.18681786344476298,0.009000225783729202,0.0227692278790499,-0.14938824741660794,0.13014470702271913,-0.03883484438464295,-0.06572545509400708,0.00028896652922464895,-0.30412165636148253,-0.00482852838638511
2001-11-01,0.0,-0.17331837445194298,-0.0025278760487344116,-0.025265152456076887,-0.15174973889623058,0.1273860485509414,-0.037356024326802226,-0.06568548273761979,0.00038263547218228946,-0.30747369695513976,-0.005244884463981352
2001-12-01,0.0,-0.15897689822081296,-0.006143050795566956,-0.04238731437620336,-0.15125832626537689,0.13158090613818807,-0.034185190379959346,-0.06304912880779537,0.0003265249644014593,-0.3001510779359847,-0.0023352893051364213
2002-01-01,0.0,-0.12381585214726781,-0.025953741390514456,-0.0753213429031876,-0.1501421109737659,0.13620274145076577,-0.03308579455325929,-0.05500982766514176,0.0002614805016387707,-0.29356379464713467,0.0018553730689760107
2002-02-01,0.0,-0.08427063138955018,-0.02937742947896906,-0.05860482500892625,-0.14874101351010488,0.14380649605607598,-0.03397212887791988,-0.043974038666668484,0.000299735341973786,-0.2837567632998862,0.005363263679247432
2002-03-01,0.0,-0.08287086025626567,-0.036828882048211095,-0.06521807062517494,-0.144362918061035,0.14827252192615997,-0.033308914710161605,-0.0334756644794028,0.00047951476872555614,-0.273120666143764,0.008998628374221445
2002-04-01,0.0,-0.1181373892785362,-0.05024487903136861,-0.061789933262515306,-0.14447493444286408,0.14855838873061172,-0.03475989323671785,-0.033773718480306476,0.00041642574565402995,-0.2782207052897838,0.007365464896856717
2002-05-01,0.0,-0.11176987128905551,-0.05573889436078402,-0.04527447136162226,-0.14242867306428297,0.14994969357390397,-0.03573571187003248,-0.025713861753805786,-6.632851136766126e-05,-0.27563004587592044,0.0065986014368728235
2002-06-01,0.0,-0.1769960207803784,-0.04891816748613556,-0.05728436654329599,-0.1467115305896059,0.14619415998907342,-0.036039525654463986,-0.03150439496968921,-0.00033349733195682453,-0.2859370655676217,0.0029302081688277453
2002-07-01,0.0,-0.21570055938958593,-0.0443082284270929,-0.09082481567206713,-0.14847060692484892,0.14252052687082473,-0.037704910124382485,-0.03558339253114726,-0.00036780241702440337,-0.29333687665055797,0.0006930845986398541
2002-08-01,0.0,-0.18124113129485683,-0.046255323262219206,-0.07574508541055822,-0.1470903004056326,0.1479843185285988,-0.037038741016947097,-0.02813929193395669,-0.0006865470109890107,-0.28977150833157495,0.0015350610789181974
2002-09-01,0.0,-0.12362719539493786,-0.03653835696038164,-0.08850905254748337,-0.14267980321529203,0.15466760888151107,-0.037485353790756924,-0.026851951782057487,-0.0009981326723301107,-0.2840213276261232,0.0034663492302889802
2002-10-01,0.0,-0.12015368900885376,-0.02965298437547332,-0.05737274446651937,-0.14297718490796607,0.1574464311976003,-0.03708645012663433,-0.019695401856753378,-0.0012756770682352155,-0.28328194621207015,0.0034086648638159654
2002-11-01,0.0,-0.11293425735437901,-0.027311313612049016,-0.014353772953036453,-0.1412398663652182,0.1611411105141105,-0.03716090604236452,-0.015384600933984596,-0.0006680282497085466,-0.27569285256155307,0.00452989403637835
2002-12-01,0.0,-0.11370168090512739,-0.012347926838402298,0.014701545000764572,-0.14003994351707957,0.1679910388802347,-0.03706423156851262,-0.009196779529016867,-0.0003578225224214322,-0.2672724941969527,0.008422963209321108
2003-01-01,0.0,-0.14172241122899737,-0.011151488596355317,0.04837691929126251,-0.1416475503469651,0.16854021855003432,-0.036470935795501244,-0.009354791491481676,-0.00032008325424847165,-0.2689033954739143,0.0076686762205100765
2003-02-01,0.0,-0.11933850899240406,-0.007999835594197122,0.05698688176007857,-0.137133373164389,0.17883664122909187,-0.03454634712094246,-0.000578939245180344,3.9492703285410235e-05,-0.2537150312986598,0.011847173606771674
2003-03-01,0.0,-0.11553376524535694,-0.0058826937542310505,0.04042590807130625,-0.13585653106635998,0.1845646362797686,-0.0337148551412859,0.003090840698254573,0.00018642107409656264,-0.2453964429199976,0.01341391105316507
2003-04-01,0.0,-0.1020732626600723,-0.006222206816126787,0.04142673430077777,-0.13520335769139855,0.1868547089146236,-0.03268280362057222,-0.002265236308616989,9.788502074480473e-05,-0.24407606471241935,0.01235463310933996
2003-05-01,0.0,-0.08031091554609879,-0.00886518892118906,0.015158831606993953,-0.13357909851920463,0.1936971875003658,-0.03275334573502095,-0.0001390494864126192,-1.912432661543857e-05,-0.238968850537926,0.012610832062423128
2003-06-01,0.0,-0.06178523927221126,-0.011002014567053912,-0.008554927371388493,-0.1346483359986041,0.19640774384788606,-0.03259834273235039,-0.0027236426040852884,-2.793242301044462e-06,-0.23537106416657766,0.012484497886100891
2003-07-01,0.0,0.06608220700086402,-0.01563596818158642,0.018864974417333327,-0.12382874215155615,0.215142427564543,-0.031393631844709946,0.018089012273322887,0.0003439266583494853,-0.20859433221639903,0.019247968696346644
2003-08-01,0.0,0.16607767809373034,-0.025722559739623493,0.0063514952315516845,-0.12048819058277063,0.22627895227729827,-0.031380708130371554,0.024417414089727005,0.0005091621985399891,-0.1966611946010417,0.023845055452273944
2003-09-01,0.0,0.2810605396844751,-0.03728691851598281,-0.008092380726168913,-0.11529105971328224,0.23749711820901487,-0.030246387957980663,0.028970127590554694,0.0007681802451600337,-0.18192215771464093,0.02511875495186085
2003-10-01,0.0,0.32120375255009465,-0.045627058045472305,-0.029464073160891502,-0.11801222779571566,0.24054950920085727,-0.03111412814141156,0.02929015132446945,0.0010387272951026913,-0.18129939933724595,0.021959030489597464
2003-11-01,0.0,0.3287334198962195,-0.041408096540548764,-0.02067932432778804,-0.1157247920672371,0.24572363430998687,-0.029774867160407496,0.031921373142624616,0.0011933844735444797,-0.17782345269611505,0.02007821739836274
2003-12-01,0.0,0.27052267076675046,-0.04433435480973859,-0.02558247137510702,-0.12087308814426392,0.24651793139603806,-0.0269695610138073,0.028285755091472187,0.0013005852350055254,-0.18235693413769832,0.015907550422220983
2004-01-01,0.0,0.19247261940798085,-0.04939203328292653,-0.04108697027330746,-0.1248545648535773,0.2405758489283888,-0.02500654538077668,0.025326794850624692,0.0016703925653550787,-0.18889640985412082,0.010892935242547115
2004-02-01,0.0,0.19160584589069352,-0.03464244207190567,-0.0232880793386998,-0.11807814679916476,0.2531119318738417,-0.022115631847774552,0.03875144682748477,0.0025074083726811802,-0.17122020492215193,0.013731994090593648
2004-03-01,0.0,0.10537151655660526,-0.04057138273985399,-0.01578119267524863,-0.1170804625805376,0.25490050322020363,-0.021880065942024282,0.0475034876860269,0.0032281988662765373,-0.17126209140052953,0.011532089657037163
2004-04-01,0.0,0.022490311472872653,-0.0485389585995533,-0.022351487091036078,-0.11604575242613627,0.256597274601128,-0.020199736503872093,0.05192277781912641,0.0044600606265032235,-0.16907188413110946,0.010081092364674287
2004-05-01,0.0,-0.0278039058544293,-0.0551361069619037,0.02150936373093402,-0.11527939830431044,0.25969246235682875,-0.018050637473867415,0.057285583098295303,0.005225591153079521,-0.17112681286582299,0.008904351207085364
2004-06-01,0.0,-0.05986423024940397,-0.05404895876950849,0.0782583505795908,-0.11345288236730378,0.2635509685193542,-0.016751881082854407,0.06291097824999828,0.004301763093232272,-0.1683814918196322,0.009288077189924936
2004-07-01,0.0,-0.0735615677633803,-0.05225968033000421,0.0736811318370292,-0.11138196885235688,0.2683544782943565,-0.015912454786023267,0.06788783300652848,0.0035345191270894833,-0.1668904740896664,0.009389116700637492
2004-08-01,0.0,-0.08038587740639425,-0.05433173064241639,0.10261269573847176,-0.10509906149513269,0.27546911669500806,-0.01255119281329584,0.0735849175137945,0.0031759743922463654,-0.15643948278591557,0.014013400770661278
2004-09-01,0.0,-0.08705718283789918,-0.042805263370429655,0.1305626279666685,-0.10006846436999553,0.281902690688026,-0.0098078099665929,0.07489094820176784,0.002786115047158331,-0.14945879931868383,0.01830622703081909
2004-10-01,0.0,-0.1317608793954217,-0.027503828197346106,0.08013575827447156,-0.0986628996059558,0.2835681865346701,-0.00931584956418972,0.07344931471410529,0.0025162618859740516,-0.15274447730845928,0.019848070595186097
2004-11-01,0.0,-0.10986660630495859,-0.02257688425707806,0.1065544164156137,-0.09720936333655575,0.2882896498381339,-0.009023902537057642,0.06877655450228581,0.002898503486987525,-0.14674504176608305,0.01994146250261969
2004-12-01,0.0,-0.08518653778768917,-0.017982449765336368,0.07680239866019312,-0.09436192786088288,0.29426804313021593,-0.008617227268318537,0.07918983671204499,0.00328624194392882,-0.13769820789946105,0.023977367417495968
2005-01-01,0.0,-0.06775058477135759,-0.0095756094427457,0.030298076101466634,-0.08970710324045017,0.3010903887952797,-0.005864100551735127,0.08709357158054826,0.004243225696963497,-0.12891972802812798,0.025182152147315784
2005-02-01,0.0,-0.028087340242821338,-0.007576310149313879,0.027479699881698606,-0.08905728307993493,0.30588133262043093,-0.005169948705435587,0.09323654402811093,0.003071539911144693,-0.12185744501776488,0.024634270977487528
2005-03-01,0.0,-0.03438499600574664,-0.003576828858320207,0.030232184153764562,-0.08779474687201821,0.3086371599970173,-0.005795879950914177,0.10089544206389245,0.003728229000393212,-0.12027399405998611,0.024728139085463938
2005-04-01,0.0,-0.10361198753386486,-0.004273678477471999,0.03621343737163153,-0.08992888413592386,0.3054090057027249,-0.007163048420542893,0.10166809130472854,0.004689891988281224,-0.12555125645476894,0.021904641019232153
2005-05-01,0.0,-0.1084207227196986,-0.007828713916681187,0.05948492074438452,-0.0932952547140474,0.30371243127361847,-0.009379404652663407,0.10181180158051877,0.005385522399246235,-0.13008470082363655,0.019028619236240753
2005-06-01,0.0,-0.13435795150412405,-0.010165492752043571,0.052777702486291295,-0.09890026315846531,0.29855813628086725,-0.012991099918915306,0.0953545456812622,0.004120004408881087,-0.13798302753810537,0.016722657350069534
2005-07-01,0.0,-0.14363845290851035,-0.011243399953145352,0.07036770742337607,-0.0986886394086818,0.29814858210381856,-0.012862425088897012,0.09993116781058778,0.003148278487403075,-0.13853685477475802,0.016634660988241148
2005-08-01,0.0,-0.10369990598023823,0.006164162457519002,0.11617068529342359,-0.09243776474597898,0.306580994045071,-0.01356750419016914,0.10628831122582291,0.0023829887369519126,-0.12711159045467857,0.019631758594874905
2005-09-01,0.0,-0.07749432262996159,0.02159541232901021,0.15713545956868694,-0.08502147147704053,0.31373517140077734,-0.014969981222836201,0.11038684480921848,0.002083083681745322,-0.11816978482341325,0.023264617659109626
2005-10-01,0.0,-0.08696791381862468,0.024487899351839065,0.16599750893702403,-0.08484218171789923,0.3127367372883878,-0.014493768701652029,0.10896821799390452,0.0017644658508324668,-0.11943488760760967,0.024455157795215073
2005-11-01,0.0,-0.10518605855695497,0.02467224873507802,0.15859852992591794,-0.08812804158019019,0.30879305118731737,-0.013941227623062415,0.09982707865449372,0.0014873054365174348,-0.12494116679459587,0.02287241757599922
2005-12-01,0.0,-0.06645504451277284,0.03190083957975097,0.17413166112064907,-0.08500399329963437,0.3143159562216546,-0.01332593224172479,0.10766038443585992,0.001415982959320639,-0.11440189074528534,0.026593674433049008
2006-01-01,0.0,-0.03251549743486709,0.026260757088261904,0.18545965297730854,-0.07980960987656555,0.3187037438325712,-0.012012408596092955,0.11274730723824578,0.0017595386225647191,-0.10338319548425079,0.028787510755056665
2006-02-01,0.0,-0.01968666271215279,0.020233018351257924,0.17692962310120916,-0.07803215098491656,0.31953952158148385,-0.010794492622371107,0.12132247396797385,0.001929985379443084,-0.10165407827065903,0.02862822639888212
2006-03-01,0.0,-0.01686158310008736,-0.003105148259769419,0.10072733935231863,-0.07591047012825144,0.3180545657013859,-0.010503067307678318,0.1258902608926083,0.002325770925738593,-0.0989057566433659,0.02675574274955933
2006-04-01,0.0,0.00420130192189423,-0.006805756403756874,0.05555646162999854,-0.07252137098123615,0.3220932738274796,-0.00991509673693259,0.12983110436466494,0.0027604080923918327,-0.08766272362560301,0.029050171709646518
2006-05-01,0.0,0.023952597358789275,-0.009811479750048037,0.08579268625834677,-0.07207056961387517,0.3225213370141444,-0.009145558272649705,0.13647033996289937,0.0030690066772401893,-0.08431178396430519,0.028388133835757955
2006-06-01,0.0,0.04689220028713186,-0.030398346181214918,0.051888465744892684,-0.0693147376973395,0.3214367529598854,-0.008369570621119694,0.13872323776074102,0.003813121986739783,-0.08390257451213579,0.02752201903454974
2006-07-01,0.0,0.05536224980258939,-0.04939947374960672,0.03223871685330943,-0.06935612259885915,0.3183588126340831,-0.008355511658651393,0.1366471416851949,0.004756675425940771,-0.08748237802304382,0.025462176624756503
2006-08-01,0.0,0.08114654376936824,-0.05395021727175199,0.06688250630367648,-0.0670939187103803,0.3189354327885664,-0.008639560540262489,0.13820593933932962,0.006122118230454384,-0.08594897937649704,0.024386107152528244
2006-09-01,0.0,0.11239397923074107,-0.049798291044814355,0.012051047724123975,-0.06326088149571774,0.31675774524167477,-0.009609675125521815,0.1333313467895975,0.005521623406873618,-0.08640557683671762,0.0233672647386136
2006-10-01,0.0,0.11481879296134437,-0.035089251279870545,-0.024506437354876464,-0.06259910284815332,0.3160280371592563,-0.010764004654948426,0.1323586766680468,0.005385345300737962,-0.09122239335639948,0.021697615409463238
2006-11-01,0.0,0.0927400418518197,-0.028553232404896205,-0.0784855477833343,-0.06677826458319136,0.308980505114086,-0.012941979699648618,0.1250202014323371,0.004857482745177501,-0.09832194930600524,0.018517635213728106
2006-12-01,0.0,0.019789445045018932,-0.028452361282726615,-0.05424548500353858,-0.0753731863445089,0.29854722642199627,-0.015686133940786155,0.11604100112928226,0.004546317778235107,-0.11547332837765625,0.012063641851668458
2007-01-01,0.0,0.02431766661743335,-0.016825874465380135,-0.044183941093708295,-0.07760566486173515,0.2968964559751687,-0.01576014664733031,0.1196296374455734,0.004931406244386828,-0.11265094683388507,0.011104244798739893
2007-02-01,0.0,0.03585033389397331,-0.0211376257489232,-0.07479706000000869,-0.07909205394402569,0.29437103854785723,-0.015730803423926965,0.12542524117967202,0.006017526288773159,-0.11435122484570195,0.010099847958015582
2007-03-01,0.0,0.05263527406384187,-0.027001696263194215,-0.051331021137461706,-0.07779601088974789,0.29546052805750633,-0.015753720770738416,0.1331904471845524,0.004975878092368549,-0.10762545073916735,0.009219889274425314
2007-04-01,0.0,0.09986517419776414,-0.01630604548748902,-0.022983164004294475,-0.07233083481105057,0.29814422598632356,-0.01679447467349989,0.14828332803282313,0.00431887170482295,-0.09430300703468997,0.010874243680591974
2007-05-01,0.0,0.1310190410905644,-0.011651973108583569,0.08263806984182581,-0.07249555684758299,0.29816950407875753,-0.019083723669821695,0.15931076865992383,0.003573755025738072,-0.09192474661587273,0.008736538114580035
2007-06-01,0.0,0.16226049790432137,-0.00715384822431396,0.10109646707216384,-0.07398944235421127,0.2951766658940076,-0.02113706429760307,0.16733008335707122,0.0030742679737855924,-0.09365792174490103,0.005363083877377455
2007-07-01,0.0,0.1766492659011154,-0.00391634125263396,0.10415894494258666,-0.07361563269469973,0.29316879789238004,-0.022543297373806573,0.17193756997058288,0.0027705129316004445,-0.09427182486781015,0.0031124801595850187
2007-08-01,0.0,0.23055578899242876,0.0011035479506714273,0.1830805588110958,-0.0673078011761081,0.29572956769132375,-0.023000783540286986,0.18029295518087302,0.0023639377190933235,-0.08656347588988267,0.005075762676190703
2007-09-01,0.0,0.30685536919007694,0.011065344591084051,0.24480773150181304,-0.06009268390843846,0.3019174545799236,-0.023574774078087564,0.18607007076785614,0.0024502384259973923,-0.07553558912893933,0.0065574467934310845
2007-10-01,0.0,0.4308452053251899,0.021645107484240103,0.39081625666649855,-0.05212252208605292,0.31026046720497324,-0.022268162991876745,0.2035399481305309,0.002444973352062213,-0.05703991877202577,0.011412093624542548
2007-11-01,0.0,0.5238930431841813,0.02871783713610579,0.479866365593122,-0.04797179446152072,0.31568149894894565,-0.022289264582353994,0.21630825785795627,0.002755374257763183,-0.048511383191980076,0.010708276248313296
2007-12-01,0.0,0.6531434574458646,0.04329115193438506,0.47318571417520483,-0.041505342542122445,0.32318700555030877,-0.02346049204603383,0.2296172877605438,0.003545585438271547,-0.031407136968455276,0.01329698752726984
2008-01-01,0.0,0.7475512484390292,0.036934770073252646,0.4163979502820241,-0.03756302093966306,0.32666527195763484,-0.023518156812324692,0.23372158859674158,0.003933484441657246,-0.02103569694816532,0.0162009046038988
2008-02-01,0.0,0.8998857889629082,0.040004135295900786,0.28594161202043633,-0.031158559534890502,0.3367810940158115,-0.025243212227036488,0.24473230418822084,0.005052476160174324,-0.0009041373732522474,0.019725338968768623
2008-03-01,0.0,1.076156380163707,0.04799488342580596,0.24853503072941663,-0.017994308018707175,0.3514778206066814,-0.025309876327696598,0.2613991990947205,0.004743362416877897,0.02933761515724659,0.025806405240149256
2008-04-01,0.0,1.1574786760725517,0.049870179924793645,0.25348996993358164,-0.014991027989226708,0.3588588406441333,-0.027090292320626777,0.26926463566290065,0.00450095149688264,0.045447763212787956,0.029760048461102254
2008-05-01,0.0,1.1329027974142813,0.05014073217788273,0.21985588392098043,-0.016630292367258305,0.3558475926581434,-0.027888127638529988,0.26785227233334774,0.003940627241650781,0.04135131134042776,0.029832944754669306
2008-06-01,0.0,1.0958001024408957,0.05547542865972047,0.1808022195574125,-0.01891542988341915,0.35520474992513107,-0.02927530762076575,0.2638666250267879,0.003543494046268612,0.039323032641541786,0.03137840484111735
2008-07-01,0.0,0.9658957737348424,0.03714507663168202,0.11843929541387904,-0.029751766132564403,0.3407309179198437,-0.030796367967670348,0.24547333803134405,0.0029673603549409547,0.01278997430340489,0.025842173061372535
2008-08-01,0.0,0.841361505332123,0.021509474089837777,0.0496394791133365,-0.04113596080275578,0.3266418131393046,-0.034000424374145785,0.22247269581302775,0.002573994115403674,-0.011729112576602668,0.01976767548775496
2008-09-01,0.0,0.6718188688200808,0.0039009852224418462,-0.1270474611997091,-0.055235927321837186,0.3063518700268232,-0.03609011042041836,0.18985732618228263,0.001971326644272105,-0.05075112696597991,0.010876030379428414
2008-10-01,0.0,0.5279722426682563,-0.013329957301814183,-0.23340942896407169,-0.06873914371972882,0.28851523676821655,-0.0396239535707031,0.1659153760759109,0.002010724133819899,-0.08511777401265572,0.002598672218715021
2008-11-01,0.0,0.29406777543269513,-0.036203375659916257,-0.27146861300795777,-0.0898080153661917,0.2623759206972661,-0.04304577948576141,0.13466606786066926,0.0012466666861861788,-0.13606520740387468,-0.008858705472037726
2008-12-01,0.0,0.09863724669695509,-0.05442331926076917,-0.2927965404720492,-0.10630377530647334,0.24113818257875053,-0.04522680661105895,0.11114383538991976,0.000767196985161757,-0.17012628949421357,-0.017451298383196763
2009-01-01,0.0,-0.008294727502221003,-0.06993388873196064,-0.2930738452449917,-0.11650471352459935,0.23032466614147296,-0.04610009298835141,0.10201839977687882,0.0007366177058881565,-0.18680449853587475,-0.01929168159288623
2009-02-01,0.0,-0.045352898709933726,-0.07177421827064698,-0.3042561354012762,-0.12233111334395219,0.22748096956578873,-0.0472629970242773,0.10435641078524546,0.0009080420249066364,-0.1903260904492697,-0.01977709001636184
2009-03-01,0.0,-0.08823256387631649,-0.06012202828855677,-0.35855775434448545,-0.12825776137532086,0.22594711920644087,-0.047831198199597885,0.10367215493977137,0.0008393152050326528,-0.19069421915322382,-0.019618546462226827
2009-04-01,0.0,-0.2177405258192418,-0.05754490108265435,-0.3995397810604663,-0.13778072239504902,0.21510676788106467,-0.04975165863337519,0.09193474876315849,0.001277799982484853,-0.2057265454920826,-0.022174618545834367
2009-05-01,0.0,-0.3034544502791229,-0.05729157484368992,-0.4627215224992467,-0.14782823573534964,0.20796822823793132,-0.05073331621871205,0.08663998991831146,0.0015706980129127548,-0.21631151221300174,-0.025488646778030186
2009-06-01,0.0,-0.3666837027132793,-0.0599277774162158,-0.5155845362955227,-0.15508338335733401,0.20210414471413388,-0.05226965421106148,0.08544706903102858,0.0004725214738665707,-0.2265601490029952,-0.026222822663501004
2009-07-01,0.0,-0.3727025908008874,-0.06211500134252693,-0.47873788040658816,-0.15828276351931708,0.20044811239375315,-0.05177047351330756,0.08272796871903301,0.00010647199733688597,-0.22433974941506135,-0.025330592369252905
2009-08-01,0.0,-0.36809003201909773,-0.06706714172923955,-0.3899760927343132,-0.15837937812704128,0.20359306484507358,-0.052783736570716375,0.08755976250036468,-0.0003740754644042839,-0.21940988233990322,-0.021915575165809123
2009-09-01,0.0,-0.3193144705393902,-0.07419623414123874,-0.2779491057744771,-0.15500722592760607,0.20858649054970463,-0.05365430048251249,0.09227877290602939,-0.0009723961647955022,-0.2104927402916699,-0.01744099445013139
2009-10-01,0.0,-0.37242943992703126,-0.09377214647551879,-0.14707117979638284,-0.16093440636446177,0.20302038974476494,-0.05323308825179035,0.08453437092119814,-0.0003805703601316902,-0.2178882932514919,-0.018981509255204823
2009-11-01,0.0,-0.36861800851831034,-0.09814461687135448,0.0266460098451976,-0.16362110456786735,0.20230916097798607,-0.05311702747952654,0.08390056628611603,-0.00016061280632056026,-0.21946789627330093,-0.018781592739086563
2009-12-01,0.0,-0.3913085656401126,-0.11001491515452032,0.23314145155813426,-0.1674179674785763,0.20146594315508567,-0.05287932596555575,0.08219895321713203,0.00010040017442525413,-0.2176243954926462,-0.017353087558817794
2010-01-01,0.0,-0.3217485873612953,-0.1041434152259551,0.32372603967562563,-0.16189157525039083,0.2110268018303046,-0.05090417647148962,0.0942532266730362,0.0005573163894139093,-0.20070807272268926,-0.011813869505733841
2010-02-01,0.0,-0.28867246743966857,-0.08791103819009635,0.38196817474664135,-0.16251478711397144,0.21388415069656797,-0.05038668902289375,0.0982957354562746,0.001002049540645776,-0.19535288009470198,-0.010626676589783588
2010-03-01,0.0,-0.32252415372601034,-0.0876622207360516,0.3410992665302919,-0.1688605267542782,0.20911405523826515,-0.05006951665632196,0.09389971512801473,0.0007464697647881959,-0.2024508975387333,-0.011861635368790955
2010-04-01,0.0,-0.3357192928452202,-0.08958787941693884,0.31811398587670253,-0.1743870861815104,0.20394634099200096,-0.049651034197971344,0.08404515654237664,0.0011011420278366393,-0.2121283873677297,-0.0156605279347519
2010-05-01,0.0,-0.3266687284959653,-0.07466453456591887,0.36109162534078254,-0.17911416589254844,0.20246120551139746,-0.050098979123733046,0.07586207784581664,0.001396159672581825,-0.21592273922411345,-0.015660963860245083
2010-06-01,0.0,-0.313945741506961,-0.07005455091186216,0.28347785159987926,-0.18149116790666572,0.19939684763091964,-0.050423546810632186,0.07445836484315821,0.0013477752059640375,-0.2227688812847709,-0.014905089797479633
2010-07-01,0.0,-0.33614108444498353,-0.06842202714291218,0.25251512653115704,-0.1874676251014287,0.19407019739770928,-0.052562140914629546,0.06335782009654614,0.0014459308814301513,-0.23007269385955598,-0.016943410999970127
2010-08-01,0.0,-0.2772735657066413,-0.06384272903321203,0.23121773678761975,-0.18293395780936256,0.19805123987632045,-0.05435697631205576,0.07248442096629418,0.002129068282533693,-0.22397813869544336,-0.014936576395379892
2010-09-01,0.0,-0.19843733879221487,-0.06542446305487856,0.13431540605997352,-0.17625987087974648,0.20552698859198043,-0.053605960066493194,0.07888929696974259,0.002910991401531052,-0.20997564876943597,-0.00983931576351383
2010-10-01,0.0,-0.20489412096454762,-0.055182819765710586,0.05429613016414024,-0.17758587991450836,0.20408178685911885,-0.05521710194814707,0.07908872997151321,0.003473083431154044,-0.2084089749199275,-0.010895930670250823
2010-11-01,0.0,-0.19695046301083052,-0.049766386361945886,-0.015140729242747362,-0.17711569394926432,0.2039043501295044,-0.057859577540837634,0.08368429162683515,0.004080567077419275,-0.20952901057083262,-0.011603418780489193
2010-12-01,0.0,-0.2089908126716664,-0.05071619519527962,0.04420240023375729,-0.17893839809560882,0.20070768572488573,-0.06095474034370625,0.0829900885107718,0.004626566359306632,-0.21110824915880372,-0.013295809853077881
2011-01-01,0.0,-0.14932304288802564,-0.04619593139517922,0.17979297374129904,-0.17605370338210377,0.2035618700410524,-0.06106272945215899,0.08632234929593548,0.005483852461853479,-0.19965552120871094,-0.012343629886862363
2011-02-01,0.0,-0.10537348334143684,-0.04929821035293988,0.2664013997774035,-0.1751671064407046,0.20469858893314843,-0.06137596271129114,0.08500908018291037,0.0057330211148472286,-0.19216448807628866,-0.012378632251105724
2011-03-01,0.0,-0.13444449491063382,-0.0598679431802691,0.3813001393115741,-0.17917525603849138,0.19968263777317757,-0.06202757915854301,0.08639488161120332,0.0051026558577774404,-0.19422483496429002,-0.015566108030031363
2011-04-01,0.0,-0.18989675025519942,-0.05643650540539669,0.42708124819347637,-0.1836077242992096,0.19386539554673293,-0.06186253656972915,0.07867309126755624,0.005464821498180103,-0.19917639337057286,-0.017337290305849205
2011-05-01,0.0,-0.25703308445773165,-0.06074372612658854,0.4563989924965771,-0.1922492282800406,0.1849573440715418,-0.06133986978287619,0.06260342290763789,0.004570091872079596,-0.20967615255193134,-0.021538142416766784
2011-06-01,0.0,-0.2572662817425888,-0.07696666672374508,0.4007682193022557,-0.19590154843676294,0.1815474346014338,-0.061676017845793685,0.05811834295041519,0.004572982834764572,-0.21013007602506148,-0.022925323708002376
2011-07-01,0.0,-0.1593358691159766,-0.07275531300652344,0.45323504765543465,-0.1907793420677114,0.18723513782154527,-0.0614626777641031,0.06493802136738147,0.005135326511237307,-0.18980902225735513,-0.019888768670547535
2011-08-01,0.0,-0.09204995027617605,-0.07678862395920227,0.4341881577984372,-0.18751499285669002,0.1916799629499508,-0.06060735135345771,0.07010903061277154,0.005741610230550528,-0.17596444931948402,-0.017929573318137344
2011-09-01,0.0,-0.03912043192563432,-0.06794575680249401,0.3334705106404588,-0.18221662736442795,0.19354361838383155,-0.060223670773395355,0.07222596926596858,0.0060838731554055826,-0.1669024427534376,-0.015098934035597207
2011-10-01,0.0,-0.030822895577603586,-0.06466797593305686,0.30328792172171437,-0.17665651708575242,0.1946668919031206,-0.06006082264023439,0.07183585473838311,0.0067834483392764135,-0.15981233795207295,-0.014020449701968023
2011-11-01,0.0,-0.029978228873001868,-0.0670568880414873,0.2461087875629705,-0.17676861723763826,0.19338146087931513,-0.05927301983849434,0.06870559603049109,0.007682136360361564,-0.15114694521270738,-0.013637379524025979
2011-12-01,0.0,-0.03907525406203813,-0.0724254429373374,0.19630305791953054,-0.17692282366035286,0.19031006797355496,-0.05754767649552729,0.06647736201437521,0.008557736986185165,-0.14442689548260312,-0.01376027419590177
2012-01-01,0.0,0.0009934668051247166,-0.08215348935200731,0.11907603392135457,-0.17288682809608547,0.19276491093636472,-0.053952475694882485,0.06784195553683316,0.01008855087974057,-0.13225630433803312,-0.013518728123121887
2012-02-01,0.0,0.00296975348927737,-0.07678291919671851,0.15858002794082768,-0.16795163593656012,0.19402633020254131,-0.05209030535979038,0.07386325623899384,0.01062054837200012,-0.11763350858107313,-0.010072395859471518
2012-03-01,0.0,0.007008029228931512,-0.07604771488159535,0.2790358302531254,-0.16157101056549367,0.19627039877527955,-0.05065245293872345,0.07577420409800602,0.01006632299620279,-0.11211228797414974,-0.008233386568629356
2012-04-01,0.0,-0.06623803169574677,-0.08867392137453149,0.26544592506394005,-0.16450861899827532,0.1875685672167618,-0.047912514475764376,0.06396216467584649,0.009588738841259478,-0.12162865901611222,-0.010687815499676501
2012-05-01,0.0,-0.08798694836945987,-0.08715164562440515,0.11960357442203462,-0.16673745992613137,0.18022938719188625,-0.046509835527514934,0.05462390610747383,0.00836737242590218,-0.12881531885846842,-0.013116058115531435
2012-06-01,0.0,-0.10276530455113668,-0.08557205453968815,0.06491552184556482,-0.16273396104840657,0.17864828973007557,-0.046151729582356846,0.05085996334503444,0.007341544107160449,-0.12822829839262528,-0.015054196573776709
2012-07-01,0.0,-0.1153425979987478,-0.08842534957956796,0.09684715204022903,-0.158896829860328,0.17728776143928854,-0.04514506666833512,0.04991905060996864,0.006829941347913334,-0.12241516467255817,-0.014766808317962017
2012-08-01,0.0,-0.13884015768860836,-0.09915321918847023,0.10015528242735672,-0.1557626485522084,0.17379651138056845,-0.04360034908039706,0.05479040475707617,0.00656527895670573,-0.12266696062704653,-0.013712492146653002
2012-09-01,0.0,-0.08177092344765632,-0.0915816225571382,0.043889733405489975,-0.14503430077777707,0.18054210135793444,-0.041226788384260415,0.06077521191153043,0.00680624377096869,-0.10789924923072469,-0.009564030538130434
2012-10-01,0.0,-0.08859583367046762,-0.09215770014266333,-0.05880631281525771,-0.13878073332368404,0.18151300959776276,-0.039938965380421576,0.0651467932152166,0.007385225445139925,-0.10061744235144143,-0.009390244551855043
2012-11-01,0.0,-0.10248741241373853,-0.10033294747024026,-0.05887514776289873,-0.1357113626159924,0.18101088118386943,-0.038492066117124954,0.05887009055503031,0.008081368494401029,-0.09643663584230308,-0.007484879567484618
2012-12-01,0.0,-0.1161188204740641,-0.0962777011077658,-0.014251559082617958,-0.12899836702508738,0.18252726348096832,-0.035940454805553974,0.06803915936966459,0.008979788536375582,-0.08588930884868438,-0.006683089797243257
2013-01-01,0.0,-0.039200032279445254,-0.09692776059928715,0.009767366343920213,-0.11671624143546,0.19173881051698666,-0.03179445725593612,0.08365305312499326,0.010636223003131407,-0.060827235284527895,-0.0011364003529630057
2013-02-01,0.0,0.00892242066214759,-0.0854617211308925,0.10529812305219471,-0.10352472704791632,0.20228909191590005,-0.02885221294430701,0.096134563321946,0.010674326206190394,-0.031687115556651144,0.0056525450798141745
2013-03-01,0.0,0.037445447962246366,-0.08050791056815917,0.18791821232135736,-0.09516865151236975,0.20812623985904893,-0.027615217425666607,0.10216453984833067,0.009814786063074472,-0.016895668919476352,0.009402502364725666
2013-04-01,0.0,0.07057054446749182,-0.08283335429315603,0.38149781654118525,-0.0896386436555314,0.21096832653471254,-0.02732484436395781,0.10421059446917963,0.009516475655653962,-0.0014498202048935727,0.012384209742086427
2013-05-01,0.0,0.14059807509589206,-0.08695131815209758,0.47390920545091003,-0.08371161312022787,0.21596593918236368,-0.02535170636828856,0.10659265326332709,0.00896404629373182,0.017025372253991797,0.01642636806605664
2013-06-01,0.0,0.18942439675057682,-0.07862485403315501,0.5548910734035862,-0.07581553539615893,0.22217200524872846,-0.025422230915514484,0.1058667266496979,0.009240812563388188,0.031443159920108286,0.01897829409910684
2013-07-01,0.0,0.2035835428111692,-0.07989095830162207,0.5146192287877084,-0.07135209595825674,0.22338686079629405,-0.026622240115226403,0.10682178499759493,0.009578596738077892,0.040755011858684326,0.020973006365656056
2013-08-01,0.0,0.24685132908738594,-0.06530680110618273,0.42859152411883794,-0.06658335861438874,0.2254492966441817,-0.029174227508078934,0.10581741655495239,0.010166007994562996,0.04968232951878279,0.020776097685044542
2013-09-01,0.0,0.32663392947890163,-0.05476469699108087,0.38894589388631284,-0.05679020299612844,0.23157489831481348,-0.02989268758353857,0.10124207707399235,0.01163935034219615,0.06724726583562188,0.024918671952588182
2013-10-01,0.0,0.3263894210563633,-0.05086316175633379,0.1586343361180103,-0.05509115927020001,0.23093162342291568,-0.03013462812639428,0.09219525040024107,0.011290438994619695,0.06615821754668424,0.0242898387450714
2013-11-01,0.0,0.3112199738537041,-0.049470219750386416,0.0271166327177381,-0.05483386148849262,0.22735838746099746,-0.031255216745345024,0.08344989939093798,0.011755929849036843,0.06365265996942662,0.023371033367693236
2013-12-01,0.0,0.34487318683416984,-0.04834094674762975,0.007832737303382867,-0.05282809840752882,0.2282658748255795,-0.031304564206999744,0.08083786521273018,0.012812442870598455,0.07245146964685083,0.02342669371178131
2014-01-01,0.0,0.3718026075763101,-0.054920061863521163,0.08679393010853792,-0.049105522143427234,0.2285681462935031,-0.029905584643643145,0.07680795951885508,0.014471250818341969,0.07860409620293506,0.02489743517612375
2014-02-01,0.0,0.35601313317990446,-0.04592015127743359,0.15021704581803025,-0.04823363359314227,0.22936086110586335,-0.029474510572290405,0.07078674371967364,0.01533483704446506,0.08248766611027447,0.025259106496605635
2014-03-01,0.0,0.365535289273773,-0.03971798609800499,0.19475950708236586,-0.048532702716282475,0.23028321214220582,-0.027729234478445487,0.06804271933182174,0.015514028549165948,0.08705525875933726,0.02504899083957149
2014-04-01,0.0,0.38311493972629895,-0.03724625896948119,0.13759493049615734,-0.04961850265315765,0.22943550827219905,-0.02809862248462467,0.06206204276385047,0.014040567178777046,0.08693796457177227,0.02307943978551849
2014-05-01,0.0,0.36292940473042723,-0.03605694838711419,0.08802779684499228,-0.05221669803639571,0.2214072818929007,-0.028082128629758882,0.04824318505751216,0.01240190715293775,0.07951287874287477,0.018964523504474244
2014-06-01,0.0,0.36303526738414005,-0.03556020685063016,-0.008478078950320047,-0.05374260064799934,0.2188726920499568,-0.027222436687033003,0.037046846436118955,0.011473685668607535,0.07674459845539079,0.017624035264025444
2014-07-01,0.0,0.3589485445954975,-0.03523536422188438,-0.05782901959717919,-0.05402112194439096,0.2180258057688763,-0.023381633411255473,0.023689251193715358,0.010634385618309731,0.07510547081767141,0.016685416042103315
2014-08-01,0.0,0.29697071161952393,-0.04527330940196017,-0.1502741780460542,-0.05642078161176533,0.2118185423555749,-0.022007661830711206,0.009905286897108088,0.009984065074930142,0.06362122978420803,0.015096047713057566
2014-09-01,0.0,0.3293711581717923,-0.0318117200478015,-0.19937981154135442,-0.050104391488609845,0.2173165847177161,-0.017084698964447403,-0.0019926218865340215,0.010052083222572387,0.0689037514303549,0.017639603823452338
2014-10-01,0.0,0.29435142442593915,-0.025515117929541108,-0.26729367123660597,-0.05048295506111704,0.21162604558533843,-0.013622084396681259,-0.00844961667185057,0.00890642370638544,0.06472015623414129,0.01667434605982135
2014-11-01,0.0,0.28086606057278846,-0.03853352713435701,-0.25160192300266887,-0.051866375660776065,0.2081171873959496,-0.012106042885834715,-0.02686388910759554,0.007868271832950833,0.05643553331176167,0.014614419536864282
2014-12-01,0.0,0.3259024923271965,-0.0301098362213411,-0.2946624712515672,-0.04469338248756888,0.21234120400026213,-0.008343500433675788,-0.02792651025052592,0.007565888977190049,0.06675001746435272,0.01631239143702891
2015-01-01,0.0,0.39188608602864283,-0.02593305846221383,-0.3626766938624516,-0.04006165121238583,0.21698223852355641,-0.0032910221381558134,-0.025113904344540094,0.0071300492169910695,0.08021362521945119,0.017251814477647495
2015-02-01,0.0,0.37084849644901796,-0.028347990243807547,-0.2591575341674476,-0.03777651258806062,0.2155164630542345,0.0002551687291093227,-0.02961180717757152,0.007196199911600164,0.07809160786797985,0.016740829250604956
2015-03-01,0.0,0.3931575029142829,-0.028255105813480084,-0.2869801172239236,-0.03470178223986147,0.218053494270515,0.004642007916778745,-0.022026576455580066,0.006442065270214051,0.08489743993141857,0.018859209345781204
2015-04-01,0.0,0.4203769525560984,-0.030391473147038224,-0.3679742553581169,-0.03121198944967042,0.21867963347904104,0.007691648622534094,-0.02292132551408553,0.005923399750706871,0.09275991220059615,0.021080341299296916
2015-05-01,0.0,0.422173519921749,-0.03795348003408075,-0.43964243455783714,-0.031727254360478074,0.2175268849756079,0.010146570286964706,-0.02510554271099985,0.005222490932555415,0.0905138077505164,0.01994277339638773
2015-06-01,0.0,0.404235429957269,-0.03151948341753892,-0.7128282353383424,-0.03260550789331909,0.21288505594092527,0.011200680780083913,-0.032076596494897705,0.004881927806705592,0.08657762015405986,0.01851506793398596
2015-07-01,0.0,0.43065707990135504,-0.022989370730538028,-0.8478344875520261,-0.02777824106399028,0.21576194174112556,0.012636279384875968,-0.03355026265623555,0.004953710403380567,0.09892973461120141,0.02114991144456268
2015-08-01,0.0,0.4192770478239555,-0.021746293750845164,-0.8430516775111769,-0.02888319576658155,0.2142191460485416,0.011318494349379607,-0.03990929298929258,0.005164408184013024,0.09505389955467708,0.02228814735762548
2015-09-01,0.0,0.46791385424305065,-0.012924541253516492,-0.7384581166981117,-0.023969024938400283,0.2171948454699033,0.01058868626934983,-0.041641307936290506,0.0055875346058962575,0.09811923346470929,0.022331958366022003
2015-10-01,0.0,0.47452803302714996,-0.010315832914758814,-0.45184533560942153,-0.021839001779221788,0.21686835473090965,0.012223626843448864,-0.04801495951863086,0.00487539331565176,0.09875410935347512,0.021931871357740856
2015-11-01,0.0,0.3609420687697027,-0.029797027294820352,-0.316062968969146,-0.03060860584115955,0.20337335647061558,0.010382497409110047,-0.05874605348716193,0.00367046757374356,0.07629648058346974,0.016541054808488397
2015-12-01,0.0,0.24901919239890136,-0.03244208072027564,-0.36693810181500064,-0.0361010277703519,0.19290103484896043,0.009291078562625878,-0.07208277085534315,0.003028195199485238,0.062347454849879205,0.013756636079231867
2016-01-01,0.0,0.17440339709675978,-0.038242337430211805,-0.5004085007229871,-0.0421247305542443,0.18256105335421857,0.009019067600977914,-0.079922929262084,0.0026543125363170605,0.047731185737757156,0.011216275590979681
2016-02-01,0.0,0.12498337445497879,-0.043691169642415525,-0.5768334860453688,-0.04416774260673084,0.17697170174436055,0.010436774825937667,-0.07896328016321968,0.0023385829641756678,0.04036977398147084,0.010463190734891627
2016-03-01,0.0,0.11034136399416736,-0.049448126022060876,-0.5719006684445748,-0.04315889666048221,0.1758303064941808,0.012167249334599247,-0.07080292357310962,0.0019699230134070994,0.04045438566029494,0.010709527185971499
2016-04-01,0.0,0.10293346244368436,-0.05836665075202049,-0.6230598374349668,-0.0428244341763062,0.1724292276421403,0.012390837406758153,-0.06513886955475702,0.0019408297619927005,0.03835236225377043,0.01033410416841185
2016-05-01,0.0,0.1091957819702154,-0.06371724343499716,-0.5623193212580426,-0.043764775682523294,0.16768772635989893,0.011933402040298682,-0.060244454630097394,0.0017624402501793556,0.03681859366761095,0.008531367826661126
2016-06-01,0.0,0.13437085352411732,-0.05531808027948201,-0.6280109396462039,-0.04421161969554733,0.16547570770528225,0.009959395897489145,-0.053459555020503924,0.0018824751101852934,0.03742419168811571,0.006097505782675741
2016-07-01,0.0,0.12415054737612963,-0.05228167269738451,-0.5649902041552146,-0.0427131298008152,0.15940636358180452,0.00585146266511797,-0.0491480683956103,0.0019353888830571967,0.03197508855429634,0.004280273862527977
2016-08-01,0.0,0.1369973589008851,-0.048994354476472685,-0.5061414955964723,-0.04157082106001607,0.15798139436717046,0.002647725295119084,-0.04495714749568351,0.0020095623900386866,0.034364573466237246,0.004424538874923986
2016-09-01,0.0,0.17795358371112446,-0.04625981972233681,-0.326232847020665,-0.037314097073630224,0.15812639191683509,-0.000494156157053549,-0.04226226144300135,0.0023762056322160783,0.03748235401698641,0.004232218179787358
2016-10-01,0.0,0.17366406837922177,-0.05081650163555293,-0.07570450280340886,-0.035611622891672884,0.1521019307347558,-0.0035976232991264943,-0.036338190435184686,0.002501676080771743,0.0320861682282887,0.0017084703768053722
2016-11-01,0.0,0.18036586051474207,-0.05590307166896554,0.19276589780618825,-0.03624996060855897,0.1483294142772077,-0.007380154735030963,-0.03238163149526691,0.003019291835077804,0.03082016869052583,-0.0008670753204473394
2016-12-01,0.0,0.1802759363322642,-0.05025149279778238,0.4424082252445245,-0.03544485227665371,0.1442132275500584,-0.00918221361160173,-0.030130258936634527,0.0034545419827057156,0.0264983691518629,-0.00017981581575888844
2017-01-01,0.0,0.19310766209445662,-0.04738197151360057,0.502387874836917,-0.03475867346750421,0.1410901993215956,-0.008988850988772619,-0.025393422029103354,0.003965549708177965,0.029177844935202486,0.00131134248934531
2017-02-01,0.0,0.2248546234917284,-0.0465927590777568,0.5476671214051624,-0.03093677817703687,0.13923821457549712,-0.007581641531626526,-0.018941347994704247,0.005178107207592745,0.031935871499612536,0.0022366633222181257
2017-03-01,0.0,0.2433588583449418,-0.04960563734449326,0.5859089367471335,-0.030526938300458037,0.13895670093591717,-0.0061036364041480275,-0.013882792912988835,0.004520598912896103,0.03438094561334601,0.004541211888021832
2017-04-01,0.0,0.23953024583000404,-0.05336756259587848,0.5860331634778242,-0.02981974434942198,0.13577706206761497,-0.007036083232548798,-0.009532868220160591,0.004175782462517485,0.03122841851773271,0.003984055060678388
2017-05-01,0.0,0.21479645842471357,-0.062071057094182605,0.4776507227286729,-0.035464204293312804,0.12649078225928717,-0.007889039532471104,-0.011637333722162614,0.0032888556950463593,0.019493956414165264,-0.002126846376381498
2017-06-01,0.0,0.23764109452025506,-0.07182876579936975,0.2827839178577549,-0.0360366729982348,0.12020352313530339,-0.010382010179570422,-0.01160757991015552,0.0017360949384773164,0.013826580498300545,-0.004174450476500558
2017-07-01,0.0,0.20451799976014973,-0.06750929457812697,0.1381244745875171,-0.0381579869384714,0.11440488596220029,-0.011894892871853142,-0.013827758500706899,0.00035125698872691543,0.007033460807782626,-0.005458101024138823
2017-08-01,0.0,0.13728893606911294,-0.06940135428363602,0.07501969761579119,-0.04120557433964244,0.10757234647531504,-0.014766745410123749,-0.019617162245748367,0.0004812779356082893,-0.003019742423799069,-0.006999849289286373
2017-09-01,0.0,0.19751828912565134,-0.056668592349999464,0.12954826002212388,-0.03529393722110323,0.11148088633934065,-0.016781341017622405,-0.009531206176228789,0.001174499485055186,0.007663253637637055,-0.005656639621775176
2017-10-01,0.0,0.22913466758855658,-0.04712300451692289,0.10427074280037606,-0.029509577994545774,0.11198351414423201,-0.02001058033519648,0.0021517395529738895,0.0007400140147550316,0.016017929405135842,-0.003981769027213663
2017-11-01,0.0,0.24303523499834545,-0.05715993220568727,0.09207514686234278,-0.02746683293763176,0.10980974085086201,-0.02195771875247794,0.004320208521351979,0.0002417055737825437,0.011616213894830162,-0.004447813822217645
2017-12-01,0.0,0.22739040106859293,-0.052006595682072845,0.13168250885255348,-0.02722827326595585,0.10783884987585911,-0.021882511957661308,0.0061084204692458234,-0.00017332711762174782,0.012224829307170372,-0.005083491117600347
2018-01-01,0.0,0.2000923625167128,-0.052619880984678305,0.1719539909805784,-0.027505626627007028,0.10400497255255772,-0.020452809870404806,0.0047890427654304875,-0.00017255692757053162,0.008219690677055302,-0.005763164128507706
2018-02-01,0.0,0.14037720055410546,-0.05627812164062206,0.2685592350580291,-0.030384243920556157,0.09842531660639658,-0.017302066012055757,-0.001373907679743901,-0.0008486171642263594,0.0030650247161540223,-0.0073909573878413876
2018-03-01,0.0,0.11455318671921544,-0.0626102695933076,0.3287867322260075,-0.02968954140493911,0.09460155512525266,-0.016186437895149917,-0.004321097338282547,-0.001112681710249852,-0.00031969659669482203,-0.009032221143157812
2018-04-01,0.0,0.11844958880738934,-0.05246913961796863,0.4108821818482271,-0.02546298072733578,0.0939545810324802,-0.014478883714265476,0.0010040481953866125,-0.0015734173463015765,0.003822426625208512,-0.009633909885491758
2018-05-01,0.0,0.09618788155562613,-0.043067818275298604,0.5069653034709594,-0.02189563130543121,0.09426936659535087,-0.013774927770487697,-0.0006401176040260899,-0.002107847633035638,0.0030902918809455303,-0.009643075013784821
2018-06-01,0.0,0.08996235635703648,-0.0540069169035047,0.40754345328229047,-0.021265082401948007,0.09176944791089287,-0.013314445820142726,-0.0033808514604403844,-0.002623528259194521,0.0031341120314032234,-0.011209321081753985
2018-07-01,0.0,0.1214363972842608,-0.04333677102300869,0.23958818820725825,-0.016112421131655147,0.09357639370683779,-0.014191605031340437,-0.0044089829652677395,-0.0019618836509848955,0.008893037467028393,-0.010033935385718012
2018-08-01,0.0,0.12248238798242857,-0.03898045612736898,0.28941556516678507,-0.011711083012342105,0.09369448225258241,-0.01503987216179622,-0.004669728060687896,-0.0015674599713637186,0.0121751559087289,-0.009450771515560044
2018-09-01,0.0,0.1996288577000742,-0.021633305772985528,0.4154334241989455,-0.000914858781651365,0.103509426120761,-0.016089241670359553,0.0032852789054626116,-0.000734813444648485,0.02939999110975932,-0.0033662267902982955
2018-10-01,0.0,0.1891237802533734,-0.011291926076357869,0.4765840592146625,0.004806710034858975,0.10467755296384562,-0.018473100897724245,0.0011018242125235072,-0.0002191870777689963,0.033721759369282005,-0.0012655687313680593
2018-11-01,0.0,0.18040912750902544,-0.0019673442186231883,0.3742986770146077,0.007004197035836558,0.10373816121030577,-0.01886830394103809,-0.0029517378498506676,8.0393086193825e-06,0.03238730015777376,0.0004298438891755288
2018-12-01,0.0,0.14288020004492294,0.004579639613169121,0.2598397510203154,0.008696404404939446,0.1009275924904583,-0.017579312969328534,-0.009088230131670948,0.000345496828650202,0.02858246076968364,3.2770915245742773e-05
2019-01-01,0.0,0.19547024652798875,0.01725805722585772,0.26008728243681445,0.014743807920943715,0.10613840017708359,-0.016379529909969957,-0.002058916646985024,0.001161776212216475,0.03955358846379979,0.0034496912003000426
2019-02-01,0.0,0.22840892004773966,0.02774453048985947,0.23564957844148493,0.01999576836911174,0.11081931152400493,-0.012257528362052655,0.009653203877159833,0.001823572724919243,0.047819164915906986,0.004963115648423959
2019-03-01,0.0,0.2930190600044616,0.044931375205070664,0.11355671160193115,0.027253553825092397,0.11834812979344166,-0.0096812049646096,0.01675159569837621,0.002385112523145542,0.06050885004030299,0.008519635610689457
2019-04-01,0.0,0.3452457985696978,0.06303414466662384,-0.0696625738228016,0.03384632327461308,0.12250403588969211,-0.0096794493022531,0.025239622774410587,0.0024038366442967595,0.07223521450754539,0.01147047761305635
2019-05-01,0.0,0.33310899146791895,0.06569910178212134,-0.16139344300942163,0.03401970267270149,0.11940798739308162,-0.01079021728166377,0.024441452587954535,0.002247967741427206,0.06485087866225264,0.009313913289292534
2019-06-01,0.0,0.31484503791451385,0.07562171026599397,-0.24701093612030545,0.03208088622350582,0.11639752473226903,-0.012008331461836361,0.022936428970822296,0.0016127984396662341,0.059049047941477195,0.008977987596090673
2019-07-01,0.0,0.286932964319653,0.0696736881122996,-0.32130426025105085,0.033881592735188634,0.11338918233852735,-0.01086147858816593,0.023648007500137867,0.0009037643870914983,0.05869795514263835,0.009497294356397568
2019-08-01,0.0,0.2540721081518004,0.07065145972913825,-0.34465039689765714,0.034831932236252486,0.11345158698971983,-0.013285986306722584,0.026775198430096743,0.0006235447867742718,0.054807826450935605,0.010349720065483157
2019-09-01,0.0,0.2587744943919953,0.07591363904730755,-0.3512303567951729,0.03693234675665674,0.11557343136799339,-0.016056427900075394,0.029638044432436332,0.0003934326183559153,0.053539260062517566,0.011706580106202524
2019-10-01,0.0,0.24765128613090526,0.08490168957847297,-0.3095581519132812,0.039953966693973754,0.11221927843749484,-0.01613529115647256,0.03312381882307234,-0.00022731879918890002,0.05449157598770346,0.011930107110689288
2019-11-01,0.0,0.21733762924855954,0.08466841191195795,-0.21542739093772056,0.039119417322873426,0.10939263703773462,-0.01722262592118326,0.03658386412244426,-0.00041612489702790956,0.0484182458750797,0.01150185074115396
2019-12-01,0.0,0.1609877385861474,0.0699738438432056,-0.16260364959022328,0.03531597414337858,0.10299764885900853,-0.01588941085211063,0.03130042355392204,-0.0013416138046793845,0.04071319058898987,0.01030527789498108
2020-01-01,0.0,0.15982868458803262,0.059753716754403434,-0.08599310861848941,0.03706984173182527,0.10048012459250585,-0.013828446431773087,0.03324748640291532,-0.0017898440480459505,0.03685253546938948,0.013070531685337854
2020-02-01,0.0,0.04854049432116568,0.04959127061667479,-0.17954374952785618,0.03207584678422583,0.09040347171798284,-0.012614094223338156,0.021342936831656095,-0.003078040270119381,0.02596997648436631,0.01299177037745456
2020-03-01,0.0,0.0050711137983283855,0.04499238034756759,-0.2387944345126617,0.03176519247804901,0.08760598796261877,-0.012443545941768771,0.023126103607490133,-0.0033118179446663502,0.02181541351558253,0.01468103655501326
2020-04-01,0.0,0.013077205993991441,0.045452700029265616,-0.43371652104166103,0.03501660900097728,0.08769969176926112,-0.01425183412017721,0.029938946767920395,-0.003535081116094695,0.026839304323181767,0.017402806798381257
2020-05-01,0.0,0.024931611943561832,0.04931314378592323,-0.4230059521956458,0.04067887939992748,0.08845084300386621,-0.013594899157949513,0.040996307806973255,-0.003382403782719541,0.03259295605883872,0.02228600278199344
2020-06-01,0.0,-0.02460371876326422,0.0354468475355386,-0.397830366768689,0.03998110429928136,0.08222884936773536,-0.013975628951787649,0.04041208475827199,-0.0031872945518408033,0.026592858345546803,0.022769346094941727
2020-07-01,0.0,-0.07412857975934195,0.02620379755399222,-0.4429960004570834,0.038646750275568936,0.07762981078592618,-0.015438861693053352,0.041958348814500904,-0.00232046279403116,0.02072385507735022,0.02367425853548717
2020-08-01,0.0,-0.07728621913500394,0.020744906367916028,-0.39911683500159933,0.040843324637728946,0.07637435193471451,-0.01826528328863486,0.04555299091090299,-0.0021052366863582245,0.026118237376668588,0.027248930572817333
2020-09-01,0.0,0.0004260644524009101,0.029025686795493902,-0.48755395984789573,0.04769573930472928,0.08260451975273428,-0.018664611529132187,0.0450740168646814,-0.0010589826588966234,0.04405404690484632,0.03173773941136321
2020-10-01,0.0,0.023794614336994542,0.03617141502194768,-0.48135043995136717,0.054052306093038946,0.08467742719653781,-0.020415269182576704,0.05326918743564001,-0.0006622132377186972,0.057065726228840194,0.034638835875726845
2020-11-01,0.0,-0.004196462209817587,0.045094597487075325,-0.49607600900578713,0.053851123462487924,0.08222315496618357,-0.01990739460479867,0.051903714544755335,-0.0006058029551328925,0.06382938766415766,0.03571975232427389
2020-12-01,0.0,0.0083168404488213,0.057233500922377535,-0.34934963547042985,0.057162197465995976,0.08401395688325614,-0.017962251251910522,0.059741192990062586,0.0004556936665571866,0.0795769075086554,0.03609278521744131
2021-01-01,0.0,0.07697976980409924,0.0750110456907731,-0.07805542516005404,0.06433212355463622,0.09056951529440135,-0.01345538279606194,0.06544469539550721,0.0015579970922340908,0.1005990857764694,0.04125224960265632
2021-02-01,0.0,0.060530354224651736,0.08565828452687423,0.25602608940137866,0.06634062989242005,0.0913040223269844,-0.009562168268659622,0.06690200808013344,0.0024638121207595596,0.113794571685993,0.04271494517163722
2021-03-01,0.0,0.09831149972437067,0.08678939310695247,0.5871077755779204,0.0698624170797939,0.09012664882383403,-0.00682120036039256,0.07193048548702158,0.003332480245668833,0.12422225456214656,0.04224168193060887
2021-04-01,0.0,0.152799724723444,0.09362508362905239,0.7952344005145573,0.07293363562293431,0.09229805246266908,-0.004831869853739429,0.0744117300865598,0.0040799669430537505,0.13160814350252825,0.04180999695218888
2021-05-01,0.0,0.21891696058166019,0.08532555509909405,0.8062032724852359,0.07712866650332327,0.0911199169727542,-0.00347631228073049,0.07328078702448387,0.0049345597366653605,0.1415541876024725,0.04110687598503407
2021-06-01,0.0,0.24921475775640445,0.08166189347068653,0.6968659324453309,0.07707048041032959,0.08920266385803444,-0.0021552227632421206,0.06753389194872414,0.005063503418036705,0.14294180716256302,0.0379886317539989
2021-07-01,0.0,0.3186419718889561,0.08235449519359452,0.6407953012553202,0.08153136042657821,0.09072495374849504,5.976246193194144e-05,0.0707673192618486,0.004832515365577531,0.1481962546237643,0.04074981611060903
2021-08-01,0.0,0.3888610052120415,0.09039524866360618,0.643352906091126,0.08369096432528703,0.09104915407552619,0.001067499151529916,0.060301666674127216,0.004627312959177276,0.1557603081215197,0.040777174287411795
2021-09-01,0.0,0.5278909461182454,0.08950548648882828,0.8598547483144534,0.08781243704078465,0.09477772964130723,4.6964413822999644e-05,0.06163659470339772,0.005288736585977901,0.16723058943008196,0.041731988178615426
2021-10-01,0.0,0.636457633875555,0.09154338203344468,1.0308644224468744,0.09282633482521238,0.09886945311392198,0.0013598544216890656,0.0638661026735965,0.005271090367722272,0.17841554885561411,0.041586999425194296
2021-11-01,0.0,0.6567644382028062,0.09348894302765855,1.103018461743543,0.0959422701458482,0.09783145975328836,0.002445161678927319,0.06406733857304404,0.005362975976782385,0.1798407657842348,0.03959673552446801
2021-12-01,0.0,0.6683679095810149,0.10160949478801974,1.07224293334953,0.09683140230108392,0.09582230111547971,0.004581990894804608,0.05875901388549451,0.005407162953387772,0.18094439369237403,0.03758581760830207
2022-01-01,0.0,0.7955605227148819,0.11624872305817269,1.1206574735961143,0.10526018293801137,0.10433112477047549,0.008736612147993759,0.0688933111839061,0.005570354749269895,0.20223072498331413,0.04073908526596596
2022-02-01,0.0,0.8816855215760513,0.1359718975097323,1.167311875042306,0.11632069949703121,0.11230448832335421,0.013007809137430071,0.07850028520287224,0.006356307353026993,0.22418345837274126,0.04375554024282777
2022-03-01,0.0,0.9876655639486981,0.14495435758383374,1.1593601201888006,0.12465553057720602,0.12012458340893506,0.013930839267763112,0.0846428247251747,0.007341790978438068,0.2434957444598787,0.04563126725647808
2022-04-01,0.0,1.0729268031537984,0.16414077609560435,0.9372069179296456,0.1325346898494309,0.12648678476121217,0.015072148790432666,0.08736716615975398,0.007155770147987361,0.25566406476550596,0.04572682591511654
2022-05-01,0.0,1.1568352577742345,0.16793793386258976,0.831382231285047,0.13677899022056528,0.12917769420932518,0.016719761263100208,0.09075435781431077,0.0066463089270301185,0.26458565775456666,0.04635725377055465
2022-06-01,0.0,1.306868340832946,0.17148081635138035,0.724627211776234,0.14305358491434084,0.13799846232701024,0.021410329110821164,0.09815404502202954,0.006503436112270243,0.283820624975813,0.04967265163639554
2022-07-01,0.0,1.4040020759822682,0.1698576662675907,0.8036478778276718,0.14779335520529827,0.14344249510474844,0.026749207007729488,0.1067324256668682,0.006718569095818785,0.30082974430354414,0.05305942722600272
2022-08-01,0.0,1.4783773530922608,0.17507334291952334,0.744972448114511,0.1535644016711657,0.15087706932517447,0.030569305144326243,0.11625697158260603,0.007078061410264446,0.31383908301442176,0.05545894605105746
2022-09-01,0.0,1.5519056401104967,0.17372428193921818,0.6927121655274509,0.15746601545428562,0.1564521812735313,0.035424207552227555,0.12269893035819454,0.007266542338267422,0.3290271960719372,0.05715520432652035
2022-10-01,0.0,1.546713612917665,0.1792116902687808,0.7308899522484309,0.15863793928140069,0.15741370693954254,0.03795859397820246,0.12786030849649183,0.007660691427329949,0.3329806106933214,0.05738463861109527
2022-11-01,0.0,1.54066118908488,0.18543104127350668,0.728467949520846,0.1587775668689777,0.1578321625120283,0.04003332215649018,0.13464409895970264,0.008597420836224706,0.3409157103798979,0.057309459816199344
2022-12-01,0.0,1.5157919341452046,0.1833207555120709,0.6466409800344644,0.15766433618269682,0.15616847151958863,0.04202664694527839,0.13832338668492516,0.009351624554116048,0.34625511940221954,0.055537922427996364
2023-01-01,0.0,1.470142230041167,0.17499357413590622,0.48137448662393323,0.15802732160655025,0.15412541150306935,0.045188048022495014,0.13277650186984757,0.010730505171345918,0.3510806062670479,0.05497669398511314
2023-02-01,0.0,1.5528644431544345,0.17951046275280413,0.22424724137214228,0.16445635663447672,0.16219005598102265,0.047067252468617815,0.1450232778655529,0.012298093346170668,0.3756090768589445,0.057434084132422125
2023-03-01,0.0,1.5938702285376363,0.16715059177541874,-0.02436999137703781,0.16593368037633027,0.16370745782942656,0.048684060823046646,0.1503759398643033,0.012642854563478183,0.3882358205665007,0.056583906685906765
2023-04-01,0.0,1.5300452487991614,0.16259700948840622,-0.20114818610658772,0.16405784843016458,0.1594973658860053,0.04926608130094881,0.1496385070223193,0.011834386984025162,0.3858138986634169,0.053736918756422336
2023-05-01,0.0,1.4258494224106084,0.1499067693042562,-0.4150326798169114,0.15567326459701775,0.14934369497870414,0.049900486267653366,0.14189925129843206,0.010259218363800424,0.37329411738659674,0.04764570623328093
2023-06-01,0.0,1.3967867616122929,0.13589464553894104,-0.6051676345756174,0.15113517762014705,0.14528194605332292,0.05055230185650551,0.14167091280645508,0.009944280074841834,0.3669286075973906,0.04585419955925657
2023-07-01,0.0,1.3608624733890462,0.13164683377243375,-0.8507872462910121,0.14674146777052466,0.13949215809429866,0.04988211465367228,0.1417318790148952,0.009314675453539943,0.3643496765920954,0.04316823742013838
2023-08-01,0.0,1.2270014018998359,0.12958359088264434,-0.932413784179828,0.14222277796074667,0.13045401569053006,0.050751978090223276,0.13371766995397005,0.008877700620442637,0.34891550649003134,0.04013363400974232
2023-09-01,0.0,1.129117223598052,0.1389007446517469,-0.8422365676331137,0.13726111429197482,0.1274904472804375,0.051067138437733826,0.12783200522708643,0.008607092915788966,0.34502765553479436,0.038044546643606146
2023-10-01,0.0,0.9937286467385635,0.13774193612556918,-0.6154432586975858,0.1313065645679508,0.11718859799313858,0.050584866134251734,0.11890846653081608,0.007784811467144916,0.3258270022204387,0.0341544764659139
2023-11-01,0.0,0.8196491916020182,0.12931356944185035,-0.47666508082361014,0.1228013084767893,0.10518131003502013,0.04919926349177521,0.10863510460807943,0.00712882386195203,0.30477761490783417,0.030748480681422684
2023-12-01,0.0,0.6480634274256751,0.1335078453720265,-0.24022372099611225,0.1157990937250022,0.09535693766203726,0.04731488934548703,0.10265104023933071,0.006869744797234689,0.28996942713953333,0.029811994840616363
2024-01-01,0.0,0.5775690909628142,0.12850974881092864,-0.07780861886330337,0.11322494071694889,0.09143337074161897,0.04641494815120147,0.10010194395638555,0.00690850724177384,0.28300675098533856,0.031257398127811004
2024-02-01,0.0,0.5984585227751599,0.13458957414322448,0.08554489742571497,0.11577847371351603,0.0953267710716455,0.044982398831466805,0.10893320817153021,0.007424484806774521,0.2889303241032973,0.035499436995592173
2024-03-01,0.0,0.6521575629982233,0.1301986508922646,0.2187555344182041,0.11983812453157631,0.0982118821690833,0.04688208744226416,0.12009807360722324,0.006442416194398681,0.2956646559462966,0.03799906455160401
2024-04-01,0.0,0.7009484204668489,0.13613090573797065,0.2357980563634833,0.12520371391568325,0.10238649805685324,0.047779785303793204,0.1340173063484646,0.005305504779247884,0.3002415123825515,0.03967724925062261
2024-05-01,0.0,0.8339107416434088,0.1566751601599688,0.22919261162265675,0.12933601959160548,0.10901673808590961,0.05095910970635623,0.14621528404646267,0.004338156559906879,0.31292524337640415,0.04345396196212398
2024-06-01,0.0,1.0087816224692316,0.16779748825371765,0.20385117281127346,0.13454502904765397,0.11749466944212014,0.053152801634195765,0.16323651903446906,0.0038593910235847307,0.32540359115723944,0.04625139450108219
2024-07-01,0.0,1.1949163505798568,0.1843925262082441,0.1524900774249512,0.13939880026349116,0.12597471736817661,0.05384192741125786,0.18048149532796542,0.004195848046220343,0.34283207014377504,0.04754855696171158
2024-08-01,0.0,1.3935941196347787,0.19690960081810605,0.06812092331819483,0.14349848769731816,0.13215931003373277,0.05398308789518008,0.19105506913951484,0.004365991794952411,0.3537330903076288,0.04862217914341541
2024-09-01,0.0,1.5239343161594237,0.1990776018817413,0.10596192829174647,0.14401602978449873,0.13701527603361824,0.053243607664490364,0.19791285915017837,0.004536157348555823,0.3518844499294004,0.04702267836406468
2024-10-01,0.0,1.6010848521068954,0.1984994370924693,0.16831925442362872,0.14225317405449223,0.13473733663151644,0.0500989062159443,0.2029070850081241,0.0041673562298372,0.34414949735522027,0.044437546199398145
2024-11-01,0.0,1.6001169523930927,0.18565156863180005,0.14732990475634222,0.13589318411209456,0.12635431939470376,0.04665054927052073,0.20320993867532455,0.003576463053633832,0.3273996508727868,0.03992116650620185
2024-12-01,0.0,1.5415569194564858,0.16661008778644865,0.07890811927477374,0.12739000611061402,0.11504934286016266,0.04189408593085568,0.20005532046231952,0.003108447535283243,0.3086563985501819,0.033197495828219736
2025-01-01,0.0,1.6027003801185986,0.16118828501353266,-0.005169575697807401,0.12681920224903998,0.11318442975502221,0.04007010570289704,0.20520230659690286,0.0029895925698577948,0.30571056356202453,0.03246856233836584
2025-02-01,0.0,1.608862992337861,0.1636536711274832,-0.023441287475872322,0.12714480673131662,0.11078818106947458,0.03824224615445027,0.20348156871432954,0.0028125076105747996,0.3011568454615072,0.02914978932869476
2025-03-01,0.0,1.621340551371574,0.17363514096623578,-0.016543706120148032,0.12986832687907288,0.11090632981404284,0.038690997072364994,0.20775695479956302,0.0024789671981076556,0.30277880577698946,0.027719585480240325
2025-04-01,0.0,1.5706657073951296,0.17763072893059045,-0.09933185537088643,0.12738904714655996,0.10495221811250488,0.037670807639591755,0.20605333116115593,0.0016090408917438944,0.29852491482099863,0.025639410461667293
2025-05-01,0.0,1.5016690806131079,0.17011057100825183,-0.2114013579375249,0.12367767147099323,0.09750694650520256,0.035906069798818364,0.20204684557674274,0.0008242778665128101,0.28352092002580337,0.024558243517724305
2025-06-01,0.0,1.3736311731620365,0.16036906923146288,-0.3424749765828551,0.11878024622390615,0.0889012299556842,0.03349739080609586,0.19719405034217247,0.0002004105650968523,0.26766173725848685,0.02286631572089287
2025-07-01,0.0,1.229343033955765,0.15845546193426385,-0.37366175849346994,0.114024096681005,0.0798591873825514,0.029160999103522295,0.1928122136561835,-0.00012771266276850976,0.25426802034160834,0.020208639147781073
2025-08-01,0.0,1.1090595087563448,0.16458225822437517,-0.3429601317170974,0.11113343878511309,0.072778345592125,0.027793741432740493,0.18656513109413453,-0.0001155775722863327,0.24479480733856063,0.019641246377351367
2025-09-01,0.0,1.0535807995928066,0.1714079971743374,-0.28641452329789907,0.10910229623355289,0.06980556923792879,0.027603061454961206,0.17199989258956855,0.00021036465741374692,0.23718371551649647,0.017480490416480407
2025-10-01,0.0,0.9881084439243941,0.17927170634397782,-0.10078981236938203,0.10818656221529455,0.066249593398259,0.027895242526180943,0.1686201918100858,0.0005408041829849158,0.23606179139763755,0.01758470493808867
2025-11-01,0.0,0.894989295761808,0.18407261146909332,-0.06585578363073433,0.10432308121862066,0.057494310852127806,0.027345561587028017,0.1531242478696938,0.0009001021273617078,0.22456171245060813,0.016938933282284085
2025-12-01,0.0,0.7072278499867607,0.17930654124744527,-0.07289054382512226,0.10026094371207188,0.04785641977988754,0.023710196800320334,0.13914496906558693,0.0008238383973235852,0.2131865457469215,0.01566872161244067
2026-01-01,0.0,0.642894138225195,0.18664188512018162,-0.01551015766491403,0.10236625657910545,0.04421154980128647,0.02263891283457612,0.13806420480762652,0.0016979968205962416,0.21314433535153826,0.016537555659680687
2026-02-01,0.0,0.5728721122743304,0.18597284226461552,0.06824157161726455,0.10478080075071683,0.043136592477104815,0.02228981764474753,0.14419028696004094,0.002199857668129235,0.21859156919807626,0.017322515005743506
2026-03-01,0.0,0.5455447017739379,0.19902640484531442,0.1966204372524487,0.10958191526406626,0.04622989015200585,0.02317495838210655,0.1546823852622678,0.0021431825397823217,0.2280185424953068,0.018687445528102694
2026-04-01,0.0,0.46807251583625475,0.22267195262128794,0.19444667433485502,0.1141683756266115,0.04659439251464258,0.024436604098063593,0.15691093729843336,0.0015408614361931087,0.22738643528354036,0.018647125090194117
2026-05-01,0.0,0.47863803109500774,0.2417041655383059,0.17141450860068685,0.1198242784062093,0.05149430107277086,0.02603402168573289,0.171070541116902,0.001307654072852674,0.23992936516122676,0.023196411989900106
2026-06-01,0.0,0.45464099412071163,0.2428717420786234,0.13401844972202692,0.12148079555689406,0.05006246152934579,0.026460024153924573,0.17937941617645348,0.0010006502774583177,0.24217750089621579,0.022467928964862424
2026-07-01,0.0,0.4567417247415332,0.2535247474745002,0.12360928598270313,0.12687570089590675,0.05334268596278104,0.028600400440215116,0.18754523649964927,0.0004853640476940197,0.25357479752826306,0.0257482994507863
2026-08-01,0.0,0.381600897990527,0.266718249431129,0.09582309057221716,0.12714204668419898,0.053245724065502945,0.029424813251332026,0.1882296322431142,0.0006122992191700188,0.25843636140599147,0.027424939964950816
