Date,Fresh food,Food excluding fresh food,Housing,"Fuel, light and water charges",Furniture and household utensils,Clothes and footwear,Medical care,Transportation and communication,Education,Culture and recreation,Miscellaneous
1970-02-01,7.228896189515682,2.7599317864836292,7.342317608311603,0.9002748485398253,0.06543537280476186,6.6134819552229995,1.8585614096745016,1.3202098302652976,2.3017332046616588,1.5519829112973431,2.8044633536278276
1970-03-01,14.113846426053493,5.141818366779667,8.181914573853197,1.973783474461578,2.5800378765977308,11.24277065349015,1.7624740588529022,2.4908252183226134,2.6676505451821444,4.254563563363943,4.349695492062079
1970-04-01,19.63837900216996,7.181493472451565,8.859657528002709,2.9415133526898636,4.628043712933801,15.12947532332053,1.7052157695849726,3.4563586336038483,2.9700366210913773,6.397959742858191,5.646816442194158
1970-05-01,15.91264124900843,5.883197294416993,8.417750738543026,2.135706203152525,3.125948302426208,12.79013353720772,1.6448168295394325,2.7890588511168852,2.6679213493798626,4.927855880105084,4.750136433611443
1970-06-01,12.9470078542331,4.8832761091086905,8.090102306246655,1.7331083728754868,1.8405099276310495,11.024509635036221,1.5907033460896822,2.28551538826156,2.4240155687580756,3.7372984895611125,4.072028763535909
1970-07-01,12.868978654499434,4.875084784360872,8.042396369247847,1.72986387584531,1.7997477930735633,11.106246814094604,1.50839203079265,2.282495743694478,2.3176948716268284,3.6613078556832725,3.9902766111476464
1970-08-01,14.699009957005646,5.59714496652886,8.19402118542169,2.174992063774577,2.3269420511312244,12.223892844402869,1.4314703963445685,2.4977868571475788,2.318916786442964,4.326536544795065,4.341486219527562
1970-09-01,16.42106129577319,6.210388431018695,8.377940442159149,2.6203280919932532,2.7701192791751037,13.393400779538842,1.3645172637565515,2.822607472435428,2.2983789993013337,4.960041030845902,4.6590303754818745
1970-10-01,17.947977409548884,6.895685551618838,8.560615025664731,2.9130579509660603,3.239828299367142,14.424487455568215,1.3133628295101736,3.1341863226059186,2.3320386006128473,5.629870129403937,4.9852162177005415
1970-11-01,20.5052542842094,7.789029306859481,8.826836782951744,3.445836070874739,4.22382187849046,16.166586796868174,1.2273403506780478,3.589913065710977,2.412174485172372,6.779475085649366,5.646989767760844
1970-12-01,20.18777770164473,7.507415691581755,8.799875342244606,3.3424055801618735,3.9488650309238578,15.75516789485752,1.1019952505658939,3.520932519871773,2.3321972005885114,6.444018776212313,5.452695906523267
1971-01-01,19.035656963954803,7.089033693949233,8.7042590974843,3.082985435928132,3.5283854881417906,14.975161283301524,1.0147887398418576,3.380205510119451,2.211125743749199,5.973396580059137,5.176801293988824
1971-02-01,18.660040590571718,7.100189104361261,8.782374605311041,3.0050911057840253,3.4124381227380405,14.836849546465032,0.986210001842974,3.4077561791713133,2.185504211597137,5.949364412375687,5.145059491020155
1971-03-01,17.9929274385317,6.63391940444412,8.696529662839225,2.715539412755616,2.9620191565194642,14.092379274305678,1.009587447685678,3.2545220416229332,2.0577056345280793,5.514351033205823,4.844472562296798
1971-04-01,19.07687338317013,7.073266168467029,8.852927129721946,2.9012730506112034,3.3980601141880253,14.84516462826971,0.9355484216731734,3.5243516605097036,2.084776374918522,6.013284764075437,5.049688760746294
1971-05-01,16.47953784332911,6.172535873077232,8.61582224283574,2.4324874670249086,2.3017234813798777,13.322331445123904,0.9207569018733748,3.1024377324492347,1.938676998779805,5.054376188748945,4.477828830308161
1971-06-01,15.107196859105901,5.724976468445787,8.491372168992685,2.0880401996835296,1.6402912571756696,12.382619989683185,0.8215166548497087,2.834414577348582,1.8095856883712318,4.4526142077868,4.133094491651066
1971-07-01,13.704346603772331,5.201786319121917,8.318139406681091,1.7546852924780572,0.9161246562439982,11.372567262446687,0.7525176562458786,2.580453875733327,1.70155963842222,3.7675967404651596,3.76801404734287
1971-08-01,14.284540316540568,5.454860042592157,8.408195798781172,1.6933724657241491,1.0953773452666746,11.73742000723976,0.7289569159517554,2.6537163863595836,1.6978172085655048,4.002071101253437,3.947765326518261
1971-09-01,15.724636539621926,5.961082964674668,8.611695078827339,1.8616762061318106,1.5329935055480766,12.671897603131988,0.7302151632424247,2.911591283801868,1.7428868382909168,4.507526884620727,4.2874765541343685
1971-10-01,12.748183156561186,4.773245790678851,8.276394213389192,1.2653443421180932,0.22928695864232235,10.560966111575258,0.7850613093709569,2.3752687572602365,1.5571052651053374,3.1550950619542437,3.5256327366335602
1971-11-01,13.20781882278678,5.048241170513927,8.365309834413537,1.2772702998673213,0.45176703835881593,10.976252217711405,0.7689916998028802,2.486443671574377,1.5737385843877607,3.383328342918171,3.674030709194338
1971-12-01,13.72978602894807,5.219846267537065,8.450300576492499,1.241910776726962,0.6322601439370885,11.239336933882335,0.7538551902864399,2.5955449325058444,1.5592269814059712,3.541251733488089,3.775138084880796
1972-01-01,9.115957085286329,3.576598581014364,7.990950924165405,0.2605898802065132,-1.2760587727276969,8.261487685090303,0.8097921618493782,1.899794005649131,1.315860509115106,1.6821443983710567,2.7131790428230156
1972-02-01,9.439957857458825,3.622294543898147,8.013147827148082,0.1724854103586227,-1.2095095821445623,8.569971603639166,0.8124747488763565,1.977669913513254,1.3588224893014291,1.7018809265803654,2.7981001055410166
1972-03-01,13.709337421357024,5.218210042130959,8.543944729942064,0.8072812070581993,0.37682287098046974,11.540603845699247,0.7899256339676192,2.722459809924996,1.546488711923542,3.43596763500384,3.8150665472214538
1972-04-01,16.3201390202859,6.102493597704086,8.865912398979226,1.2040200578399127,1.3143458380575879,13.35281698923668,0.7631681952840731,3.142154019899167,1.6679933676715508,4.419849712214178,4.437365027205717
1972-05-01,14.412212234677666,5.411370950434248,8.692381478865917,0.8214937136674103,0.4858023040469115,12.137485041268965,0.7605145800961816,2.844953551720979,1.5523567633272037,3.621975177886714,4.05833049236972
1972-06-01,13.603423456601998,5.147942873443589,8.607137934513219,0.623733417941822,0.07008412801232522,11.707126910582726,0.7559383405056379,2.7506588993204906,1.5326064808731024,3.2853148801644148,3.9073083087798413
1972-07-01,15.20846949280015,5.729862415570727,8.805562368380915,0.9038003618284943,0.6419119255304548,12.904490425755785,0.7186048087806265,3.0614142522169283,1.5913274712671373,3.8942901712319165,4.330628006691764
1972-08-01,17.254820798880797,6.423739515504777,9.003724210246315,1.1576267943314313,1.3065569147870044,14.142380274433343,0.6285858942501951,3.4339773808116494,1.6434825132634518,4.627949978270409,4.804314095232489
1972-09-01,21.205326816189594,7.844904168109115,9.41863186081821,1.7459677665703908,2.762542033757165,16.86382808091512,0.5628492945750638,4.072457896016221,1.8281354403822112,6.229944137982711,5.742731328559621
1972-10-01,23.789652770182926,8.81142280728915,9.760479254504087,2.1880836273529973,3.606478698079185,18.64596201762066,0.5531090643796039,4.5234278026558465,1.9712054918259128,7.257199172723342,6.365624349717292
1972-11-01,26.201719047744753,9.72464959945679,10.03515689535899,2.592251866583516,4.524546852060208,20.40167971185142,0.5625423547557278,4.959405197072863,2.0776243583682277,8.304292957804458,6.965529432400537
1972-12-01,28.788380965633863,10.567341566728494,10.302484318900243,2.92119626584653,5.352959577235537,21.994372381279128,0.47763740450206615,5.412131339197709,2.171534197510428,9.322972686189203,7.545424940699388
1973-01-01,32.25995732268676,11.813705202565185,10.737130655227839,3.5115132845471497,6.55152326151611,24.199835696800395,0.39921197198261493,6.087271189740646,2.3420553908095885,10.718194624789753,8.324299914262212
1973-02-01,37.96146129788904,13.910845168760961,11.439158760139165,4.490045564154723,8.637705612109865,28.111389660524424,0.354562301641416,7.069994920396702,2.5740277314645787,13.077145111988369,9.650848053371021
1973-03-01,42.0952514247674,15.288671413384938,11.936614419682353,5.167694136421725,10.093697297568795,30.726817450691343,0.3671811255752485,7.811153592267322,2.7437853239754135,14.765694861013028,10.565930930056878
1973-04-01,42.99969392905447,15.504224131328538,12.051339650538225,5.314590479364279,10.29963008627348,31.077216482292933,0.4570229270225416,7.874924327672481,2.7668887031105176,15.190880615155093,10.771384980991108
1973-05-01,41.81451418223463,14.947404097961105,11.915640676009637,4.980290273333443,9.689119084776873,30.030988609290922,0.6031704242612712,7.647663919883335,2.686890061424045,14.738890020327949,10.523284383109011
1973-06-01,44.1424311993471,15.889774839250965,12.158004519916291,5.357465231461354,10.48979752781076,31.238300520582,0.7575139751655531,8.034384693222037,2.8095454018487347,15.849890301867516,11.167578322066852
1973-07-01,43.998638520284544,15.852653312209513,12.11543347446372,5.383632152532313,10.335547010024868,30.732422922863176,0.8629932085608366,7.994612901454427,2.7904877910278345,15.828809222053557,11.215821946431689
1973-08-01,45.87968661266659,16.519086039709837,12.198816953449054,5.7261655482083595,10.969872471991032,31.396898597306784,0.9613061203086427,8.283675479838807,2.839177577773504,16.511586709327318,11.743418137819543
1973-09-01,49.70991795349467,17.91899314687757,12.551100907383923,6.376010721845513,12.403077828399589,33.60084892207591,1.0410701208728153,9.04043173573328,3.0016030212821176,18.03836990603746,12.67569871396637
1973-10-01,51.70280931428127,18.633196878378257,12.689676919764542,6.74331350924206,13.096847976894876,34.22288556236002,1.118561156055629,9.404227329327245,3.0642592088560967,18.80505209022751,13.143930002084694
1973-11-01,55.52275880154416,19.9393589390966,13.043925235927839,7.470708383418973,14.376889383228967,36.18403276824196,1.2044291824648288,10.119919222710925,3.2432390048874247,20.30599157877716,14.151289847348
1973-12-01,59.2995638800155,21.218281629885414,13.421337828997622,8.122955165518583,15.78739694812701,38.15597795277305,1.2741016902891509,10.799539748786447,3.40744330178481,21.874969292612406,15.087574216886132
1974-01-01,60.58676060507106,21.559866461285885,13.571542740598392,8.26134805018744,16.215409940413032,38.38867182616134,1.3656336979043708,11.004868812385054,3.4758973698955953,22.34397436904252,15.567959070380951
1974-02-01,60.12459817620115,21.471837611320858,13.538635800501892,8.19178603473129,16.092070965178962,37.727731656791065,1.458015860455606,11.030382624529572,3.444503979815366,22.258877130495634,15.651577039480365
1974-03-01,55.78094834930005,19.86015821329174,13.064440491620159,7.514001365815814,14.396923248838565,34.49805651828278,1.5678828821236042,10.221471617583294,3.2351083958767326,20.434653589196735,14.779945335920887
1974-04-01,51.746219535377534,18.380117953214533,12.648896403276847,6.893061454760508,12.691081832269775,31.284778818888498,1.6641426452322687,9.489975207956759,3.071642615885228,18.75614324616516,13.848177910232117
1974-05-01,45.32395373147661,16.18215104501067,11.936735377787283,5.979022255675544,10.184108953885417,26.873019017561475,1.7677514319551915,8.414723030057292,2.7745335174994024,16.19542379160237,12.434179471156634
1974-06-01,40.38414512204939,14.413335825932887,11.440128388016424,5.354964361256286,8.160544307047214,23.166827363777507,1.8439234738930257,7.580251192761543,2.5382360477287413,14.265625867011652,11.301648894601348
1974-07-01,40.23968347134425,14.342088291508766,11.4250237095902,5.451069575519758,8.003595312405887,22.895843488611895,1.9349999018519448,7.546377442678674,2.5212477499400245,14.240619559976391,11.256226897930375
1974-08-01,39.63578939061338,14.190327895602495,11.31889464723714,5.480419935035028,7.652281434407597,22.239529421585452,1.9924335022059296,7.511723252586245,2.495516452019361,13.88879115124503,11.10084995010615
1974-09-01,38.073242406864566,13.629854012261232,11.11736615739597,5.332613837850691,6.905770962586254,20.878507220235313,2.070042493623446,7.194990731779734,2.399971545997823,13.260456630413909,10.724066338214932
1974-10-01,34.186424821777635,12.365854330509547,10.752515271357016,4.841826644291563,5.501253299211864,18.464754410060625,2.121077502648788,6.572858021889418,2.234657869306061,11.749918150934285,9.907453621727342
1974-11-01,31.90563995374744,11.377508308562815,10.513664048236715,4.422411296973134,4.444196980645758,16.82791590790612,2.179951910161986,6.171207158556072,2.1270446552031745,10.685191613763894,9.28199730114963
1974-12-01,28.07618899549407,10.030033779787907,10.127902695243655,3.8043466707134828,2.982091323748074,14.385790643471374,2.238947119974335,5.515148937739049,1.955981636602956,9.208583015624885,8.396930654809491
1975-01-01,23.71157637831795,8.298030887683783,9.657355537297793,3.114193493410502,1.1318872768657235,11.540334209393896,2.296895972299983,4.7520811059361225,1.7683718970264026,7.376282831215406,7.321063048447302
1975-02-01,21.2173525043491,7.339256355775558,9.362636468457293,2.8122507727825425,0.21050856342434088,10.142733650848516,2.3576823357755163,4.308650091216511,1.6299282639694816,6.331892725665099,6.632510495718345
1975-03-01,21.457157147660418,7.376582645407455,9.398985861702538,3.0769005710548427,0.3169031105622113,10.52655108757078,2.4056115790565284,4.315004875736891,1.6135072470231417,6.47103043640055,6.652078973610268
1975-04-01,22.421788224856932,7.634233016708677,9.524425788605615,3.381461333399436,0.7543392657522001,11.497521185328953,2.47140735427245,4.522221603475515,1.6763564187967197,6.838503593681427,6.83104033390098
1975-05-01,21.581310444009397,7.2231454926134875,9.41955135981582,3.3721912959159086,0.3688923412701105,11.078738138455659,2.499999879227256,4.333004681613374,1.6086762394368992,6.430262656797926,6.541719997846149
1975-06-01,20.56549028516877,6.928843500659251,9.291863416247155,3.4249759461064535,0.033639872387591474,10.813379449098143,2.512288560919648,4.158223484253829,1.5503901192169067,6.016240432964384,6.2511214284812
1975-07-01,19.476569819553454,6.468487086837506,9.113857809094185,3.4719981712123693,-0.3702411704857411,10.337942310756947,2.5181926369093897,3.9385272076078603,1.5175831286302917,5.489745455659705,5.91296806690867
1975-08-01,17.94485641120835,5.798330333439363,8.863891976301282,3.3562199754107613,-0.9865796216461361,9.600952143763083,2.4864512869505866,3.640085925100955,1.4119997075538395,4.775876723168867,5.427747036114655
1975-09-01,19.34783287982599,6.249898625531691,9.027487805288454,3.734909833779007,-0.3515833571032885,10.927018705225663,2.4785812613322706,3.904281101646786,1.471023225588795,5.295737839429991,5.745339374266825
1975-10-01,20.426743470259964,6.606005625031141,9.15352865277884,4.011582294820111,0.14329073669356607,12.04127018420314,2.46258294513013,4.097416926590297,1.5096770218408215,5.667569280355495,5.963537906164067
1975-11-01,18.996596509464553,6.02987857049701,8.99309509221041,3.7491683682596495,-0.3714184654520931,11.344060999750486,2.4224905213132626,3.868792418327994,1.4426626417422064,5.0567986937231115,5.546619824839331
1975-12-01,20.002829225687115,6.305770300930836,9.126950278659889,3.909613742024848,0.157640927321693,12.21788785383401,2.423250278870035,4.049756478370769,1.4680883884116311,5.380438962722753,5.70244804734944
1976-01-01,20.93970974488253,6.593199107170858,9.238208982222954,4.048095562847276,0.5507404052067499,13.015302046052955,2.4422806547024103,4.113601701745951,1.511109504286958,5.6402440054658936,5.893610146406205
1976-02-01,21.387072334879917,6.724338414193875,9.336638897726338,4.112461788960905,0.8933499785126116,13.676948075285473,2.4543707209771632,4.135527038942128,1.5011333423085307,5.810971594630766,5.939965221257475
1976-03-01,21.808396697965513,6.765013964317642,9.3987470206108,4.165911678262686,1.261217838944682,14.246608166121629,2.433777755788058,4.125087666366742,1.51361712776158,5.929738906474602,5.992906926282236
1976-04-01,22.921283236348472,7.059235777461341,9.532748648918133,4.440992971626564,1.846480729720951,15.308439232532706,2.465253708894197,4.26710176291529,1.5729889952989071,6.367910159162084,6.209853856372735
1976-05-01,21.78113419327073,6.527441685862053,9.398388689772144,4.195230885651114,1.5344962931529658,14.662904537173906,2.471387151986876,4.019360852614707,1.5003747734168273,5.838542762631141,5.919866545074448
1976-06-01,21.736201619958525,6.388401667800262,9.312216642039697,4.148425940734908,1.6154144571915472,14.7317198601426,2.5004030530874894,3.959199614220891,1.454012485696301,5.780726955941391,5.83705453813654
1976-07-01,22.362644728124593,6.54225467873256,9.273386845017725,4.192163370554255,2.0231593429251697,15.162555479455943,2.5325700842082446,4.045315310017017,1.4954890612541152,6.009585023359088,5.939379422632491
1976-08-01,23.053108537225892,6.769571459610759,9.255043051762463,4.297351943871414,2.4483408893201783,15.763924489141925,2.554825534212217,4.069934321291736,1.5101765207407223,6.2764621257713475,6.004999153179936
1976-09-01,25.37338772560895,7.504428592592937,9.45290946189946,4.569500403557049,3.4082737270728165,17.44805125077621,2.577910978106302,4.406028453793958,1.5967539559286603,7.128284744744125,6.432477991852153
1976-10-01,23.84026957307934,6.895295113770045,9.212382974590906,4.217717765396479,2.8839919976476063,16.420708874431504,2.5297642342309614,4.133889708129203,1.522046218780146,6.557550380663995,6.015602313283489
1976-11-01,22.747656929109297,6.404348207246798,9.01437551499005,3.8671442245709997,2.5399499515005415,15.69185917694959,2.484230746157183,3.9097035716345268,1.4712948957817324,6.140086037733029,5.7387496754579175
1976-12-01,22.829201748078184,6.448312087678531,8.966689403808227,3.6776274191532674,2.5851657298078345,15.733436351058991,2.4810156433904496,3.8576650647745447,1.4426650363437779,6.167383046508055,5.7041749155246535
1977-01-01,21.480004826263844,5.94264389315123,8.78281304322255,3.34466020159586,2.0934206883535236,14.859449291592913,2.4962546458573476,3.541630025694249,1.375787396343752,5.680337867465053,5.399276437012455
1977-02-01,20.122754228601927,5.481228625616623,8.608454250533669,3.0412233047222275,1.6241364344048508,14.004453965598834,2.4615050823118656,3.2946284457191632,1.310019078781445,5.131995422717839,4.988517007266212
1977-03-01,21.795918389603926,6.089277886229549,8.761918155787171,3.169454405475874,2.299394760871385,15.28045937556607,2.41522738564026,3.5526978471851756,1.3864045413292052,5.821518184514446,5.30401397022439
1977-04-01,23.014993440920378,6.421835220490717,8.885560055256345,3.3580751009452463,2.8268721286974574,16.190635165128455,2.3439679425239888,3.72025714254726,1.4301733236429137,6.353582986553141,5.554141628198226
1977-05-01,22.523047479847854,6.2284626736143265,8.770191332555752,3.0738069584127983,2.7256101667222006,15.93066425125927,2.2553040484191036,3.598920574268826,1.3942832134763483,6.122138977380869,5.336542963360094
1977-06-01,19.567203545364094,5.20226439134077,8.346519312971335,2.395010553285734,1.7063176550992238,14.092965406991304,2.153873851172192,3.0340200991630493,1.2387194149496072,4.973604288613824,4.6185033043598835
1977-07-01,17.92783125881764,4.567074510669326,8.083975574573262,2.0569922798013183,1.202700964624569,13.130095910488158,2.0197562072450657,2.7380423228057893,1.1592075774501058,4.314075266215019,4.133537224430249
1977-08-01,17.394699819038337,4.266117105164088,7.904883897938053,1.8471532804559923,1.0571094903585316,12.828879476991915,1.9252041023019846,2.5429236125399144,1.1264402408251621,4.008845902092086,3.9271079107275497
1977-09-01,16.90643331846612,4.040822059026151,7.723387581512284,1.6975195427243384,0.9976301158856637,12.59458110818094,1.8574120808035381,2.437874566247767,1.0862072707464758,3.8055188513496683,3.7291782795339117
1977-10-01,16.23214107517076,3.6681883649987572,7.595032256013237,1.5411936264979147,0.9138223013938311,12.20058122835383,1.778482005111975,2.308263804329095,1.0460902289187444,3.5102589231700563,3.534885880292503
1977-11-01,15.262483732094118,3.272543656770738,7.371619632303039,1.336758745936646,0.5697455920417798,11.597397590019959,1.719101377391059,2.0628023481317483,0.9911023900142749,3.08408972175116,3.223400572222839
1977-12-01,13.989495065140769,2.7422104331800723,7.159953979910089,1.0582994545882578,0.2230192714815189,10.730470972009574,1.6815003257799481,1.8361180395722303,0.9262809832533155,2.621498633584372,2.8798339334849277
1978-01-01,12.808119842907413,2.1961609290928714,6.962656023380878,0.82365169213085,-0.18653214578760563,10.026091447843111,1.5975937595170846,1.5703758321599794,0.8757396738435163,2.1250635067800774,2.5660068534713076
1978-02-01,12.819938476189284,2.1285374956965053,6.941574096890311,0.8767791941634997,-0.13566724580925899,10.061658680082473,1.5309573602772404,1.550466229973734,0.8760461551578159,2.1927941865538516,2.5333122721039274
1978-03-01,14.97051949311436,2.829434204640111,7.139821870705115,1.3057226894084546,0.8098471544855974,11.59109487071128,1.4785911531031397,1.9748695755326542,0.9655959086947926,3.0911510944206437,2.973352016544089
1978-04-01,17.121299431655,3.5437975813616602,7.339374477013561,1.7499233384694006,1.776541378498666,13.21821441964276,1.4266261475019573,2.326059747481648,1.0511272674687615,3.9287070972221687,3.409194298104346
1978-05-01,17.237018360293668,3.469277085316064,7.241097047088825,1.793504735933673,1.8076586682302749,13.22103321286626,1.3382854885483093,2.367510245996162,1.0209716655518897,3.916827202449616,3.4247022121638824
1978-06-01,15.743259590687408,2.8738564032481273,6.934873567688342,1.584277709802618,1.2920115750742187,12.310359833283146,1.2866133637196868,2.1816873635293046,0.958721805856477,3.3925813686961304,3.088732336559202
1978-07-01,15.185374000163742,2.575568711520752,6.713964194231864,1.5269520945877821,1.0520766302005664,11.955417376597776,1.1932162826579478,2.139000786091019,0.9248902994226892,3.133172721811273,2.950143365913428
1978-08-01,14.33833059362057,2.2325789328082255,6.481668051040762,1.4764467749681922,0.7563496066223907,11.394742802213159,1.1527549314619894,2.015077347039437,0.8689072732796079,2.798910919649457,2.728759369386837
1978-09-01,13.785172354037293,1.9617258086017237,6.297321467317877,1.4839633412612185,0.5908620140717771,11.119984209439448,1.0808703803362205,2.00114832300888,0.8261756032517649,2.5766047750956673,2.634803664598394
1978-10-01,12.229762113998751,1.3403354392515785,5.9988153275057385,1.376909515606307,0.03962729759513728,10.150735017314323,1.0453472557347194,1.8199301320719694,0.7784592511739372,1.9696330657980445,2.3296500490018217
1978-11-01,12.070793733535506,1.1760738395888133,5.844239317384797,1.4765077630555292,-0.02999123823257266,9.992497898492044,1.0993858440386672,1.8148231774791679,0.7332142880683694,1.884772447570969,2.2486631683682328
1978-12-01,12.124328758524479,1.1525300353078851,5.7111980275872565,1.692287664447337,-0.0008755245305800408,10.01218471495791,1.19447262573648,1.842977268096922,0.7408449747494162,1.8813343834914151,2.267255118879155
1979-01-01,11.90809379762631,1.0245604771135874,5.576310289877446,1.79441036665382,0.013083096144501982,9.913108508874897,1.2169151246291023,1.8419667722328017,0.7099328712296575,1.7957375540082516,2.2430916056090178
1979-02-01,12.911680447339307,1.3158155367357853,5.6196140226276174,2.069383246703283,0.48493376178712433,10.576588339833311,1.196601727721644,2.062572123775892,0.7548261429128709,2.2425973089097893,2.512320969968483
1979-03-01,14.075351108123122,1.7176726910251994,5.6246240482459635,2.4979797378641964,0.8900908977941318,11.261322713731607,1.2365303686419933,2.2774579041475818,0.7844017217661564,2.6588173026717263,2.760494148836181
1979-04-01,15.519912331526081,2.194702274639574,5.707844374554749,2.9300140166549493,1.5691395288031742,12.16320641808947,1.2615590146972107,2.529128219236059,0.8264242097616654,3.2493306901055976,3.0871931053563726
1979-05-01,16.17937369769666,2.400404105183764,5.698651097734173,3.227812996657204,1.8584099308376114,12.585432602355992,1.2589006334176038,2.683513172831542,0.8589280458239319,3.4896062196825017,3.2696111221536506
1979-06-01,16.4573774660371,2.5312496094622587,5.651962557941101,3.5248709430135965,2.0583666538629704,12.867620621128157,1.216678221645325,2.742647659564055,0.8505793155218516,3.586955806725668,3.4088339409810713
1979-07-01,18.06254890609724,3.137552290702758,5.713262162202582,4.0844686789615166,2.7224318950718818,13.8507447329849,1.2583885432279802,3.030164737062604,0.9062198605520222,4.236430684152131,3.7470820796133175
1979-08-01,18.90448722417561,3.4813238742863453,5.723207319266755,4.367180131017432,2.9968349589084555,14.33114554518773,1.236616210499491,3.1417355239678684,0.9141712652120927,4.5986368359346885,3.9420912478158634
1979-09-01,20.75682543805886,4.172512166431611,5.871160479821919,4.797880854587036,3.7690027263193997,15.63266585766354,1.1572144510233917,3.452955694184195,0.9767452488798156,5.379974438122783,4.335992344309714
1979-10-01,20.65179740689259,4.151650355554072,5.8213537546610095,4.806381385728233,3.710596381366355,15.57699936619965,1.1227703010348642,3.376778429756845,0.9723872854569872,5.347354853114304,4.2834663517842415
1979-11-01,23.98154044552416,5.388117382455172,6.079644046622552,5.444371445064953,4.96106975109257,17.79247255247801,1.189868401630095,3.884026536069464,1.0877721317351252,6.6453238218765875,4.94480480810957
1979-12-01,27.086798233678355,6.564985020076605,6.343975254921197,5.928075878774367,6.1463211771758575,19.895304341203495,1.2895733766470587,4.354904973901361,1.193472343134181,7.935327898105845,5.574083596099743
1980-01-01,29.336558080452924,7.527262748166923,6.561368072512675,6.259958452866501,7.1155913899363465,21.540294704827872,1.3569061320850442,4.680443968685117,1.286435464869904,8.892521002456665,5.957129921396446
1980-02-01,31.695310110334027,8.505629743269164,6.754349535458081,6.602780198965147,8.095805466122366,23.28663588546403,1.4815630474052495,5.033626396188968,1.3462877660202044,9.853608669725904,6.33765852362999
1980-03-01,33.50239728922854,9.248538500485981,6.938289966035953,6.85689663029215,8.788905841187045,24.787143642794774,1.5958739250631537,5.21861455442785,1.3886499805670867,10.635725542688704,6.622056360738116
1980-04-01,34.29829814180414,9.593415431773487,6.944080544910584,6.888111422568933,9.17490917021495,25.58261545676099,1.6545213058771941,5.310198593066442,1.3891092309356354,10.944434940481809,6.698866894111243
1980-05-01,32.11795563839953,8.761483377167117,6.617964061291504,6.183555997669275,8.46703547585464,24.52151223711335,1.6474836828450226,4.835712079441995,1.2962634362485055,10.071505323729246,6.175549563178809
1980-06-01,27.55476746808464,7.137380954148631,6.046999890726774,5.126243771429875,6.737277788968662,21.745381164247995,1.5904143630152399,3.955651875597579,1.1193304049628254,8.34400369684451,5.158212183919716
1980-07-01,24.511289283798448,6.0910749780991615,5.581870066513951,4.391350840959335,5.611072099105822,20.06340946976696,1.614722452119473,3.333482883112059,0.9915557427849021,7.105415022857351,4.442298772235535
1980-08-01,23.00587318095354,5.613031225694092,5.305551976096915,3.9101469125380643,5.068892201059256,19.465883015861984,1.6305753890273949,2.9839651938564447,0.9168081492043467,6.52994066538418,4.05953418371518
1980-09-01,22.65044252968236,5.559519674193148,5.135458123786026,3.6890308175601527,5.036431891340069,19.596454591970492,1.62772011562934,2.8842190082920807,0.8859263853531751,6.310848499392677,3.8993712015401485
1980-10-01,21.922854345053075,5.3939362939011355,4.978183723826319,3.344914476611444,4.730808726603684,19.44845187617834,1.693995838570093,2.7774908696513956,0.8648397629650257,6.017559038071429,3.68127462082613
1980-11-01,20.0723164647326,4.719463330630403,4.763524973212736,2.9055244889464786,3.871427264896366,18.59175805202595,1.7543067394363283,2.437763704179238,0.7621287824173517,5.229511650535009,3.246121397202449
1980-12-01,18.362115663442992,4.140076497571339,4.5691350309936745,2.623440712842435,3.1269372596303553,17.823606087030804,1.7759112247607463,2.176668186744638,0.6903978469757559,4.535294371962724,2.8510917110475633
1981-01-01,18.28323967974361,4.1473825591193005,4.539923716570261,2.6725369978718216,3.021736829778193,18.23290062488234,1.8072169528940831,2.2314989211895693,0.6800169885118699,4.506327469470599,2.827756644925733
1981-02-01,17.719141107877213,3.9723710238325136,4.434697123557824,2.7133951900621716,2.7109546478345212,18.302632403101743,1.8233292153569693,2.2065928817283504,0.6575551581551409,4.211372175156764,2.6704068909159977
1981-03-01,18.040126745465628,4.064930969844712,4.425711289741931,2.939424997864897,2.7341728575478608,19.05579917185821,1.8297992701154686,2.2732336675271467,0.6650317689327869,4.3425794981426336,2.746697147932492
1981-04-01,18.33342374489176,4.09486297536677,4.437752583643002,3.3068162855397203,2.7614363418856196,19.7020330317722,1.8642969353200818,2.362779321506894,0.6822239307588694,4.381832006084369,2.7339565116813738
1981-05-01,18.66488196754481,4.289577661744513,4.424657385670002,3.5616408807457685,2.7907719367896036,20.34989875705984,1.8960368522976432,2.4922240928058095,0.6946724526569541,4.477316572099879,2.835704706417781
1981-06-01,17.61734901829786,3.8657593169020426,4.204682734995085,3.3882541787245417,2.3714081535929106,20.0868808674254,1.8910427978522586,2.3217150397015516,0.6451986330885014,4.021303799728491,2.6012808718008382
1981-07-01,16.525523959118736,3.446991834503893,4.0125227182304,3.190743228878909,1.8392360257962161,19.82902309903591,1.8847666441072106,2.167953062719655,0.6078832169452629,3.553401805988721,2.3441291444751418
1981-08-01,16.73844862592813,3.5061695533429074,3.9763046964132833,3.3580092426336496,1.8939978287567016,20.390869000588133,1.8811477257763045,2.2225274161713946,0.5962443502214977,3.615276850849714,2.357229282456606
1981-09-01,17.36026568535198,3.6441507529564285,3.9725537834606053,3.3454963196612884,2.0633304895059026,21.145617895201383,1.915473208229425,2.3437624360874745,0.6034248385051805,3.799146183618696,2.502783751688606
1981-10-01,16.489397498192417,3.4090341375703037,3.869468743251761,3.174167181589961,1.8022457019104343,21.117331465758717,1.895197463383901,2.2010724014654457,0.5664470152448635,3.555253972018496,2.330643002380834
1981-11-01,15.256722190869038,2.934743319635434,3.70685242036228,2.840146966462619,1.2127644768666652,20.65535332057958,1.9109369858863956,1.959770092360546,0.5019329547402109,3.024699070895439,2.004486279824282
1981-12-01,14.247545969806197,2.4727280571354933,3.5930191184258886,2.3138339544523676,0.6889054103729071,20.139910848537244,1.8921918305853889,1.7344404014426251,0.4560316173501575,2.5630259854528323,1.7714248783010063
1982-01-01,12.938893124549272,1.904400006450361,3.432304619447917,1.9029388141839696,0.12418829837714451,19.51932695474091,1.839985884806977,1.463530187737336,0.39522545265266007,2.027471856273084,1.482758305296508
1982-02-01,12.032055486012174,1.4976242073659198,3.3354455786323447,1.63185892983515,-0.2947926601348667,19.100374559185354,1.7947679097994862,1.269987681700227,0.3531394772203026,1.6632944471531537,1.2593052480197253
1982-03-01,12.642287524472366,1.7831517643558281,3.4318011803736734,1.7371404778458572,-0.07568355045572939,19.867768455147907,1.711090641397676,1.3440314580427213,0.391885126609235,1.964195426180542,1.3795040196756176
1982-04-01,14.406946996670307,2.363289159851759,3.5907484101058573,1.9841254723420776,0.547828891962632,21.349144855148765,1.6674213525728077,1.558345726854679,0.4424566886328076,2.6338697057478173,1.6843982423174326
1982-05-01,14.070610113846914,2.194678597480338,3.5242661934214556,1.7379215655243094,0.3541745880820222,21.2740281771756,1.5933718815990952,1.4424244243761506,0.4484630093081177,2.4588465855422514,1.5543688260408008
1982-06-01,14.011149055306849,2.190024775184896,3.4300956171688153,1.5489619011850015,0.4558155273317891,21.527010599909488,1.5401727632410918,1.3519193080585197,0.4440091870669648,2.4646394165546948,1.5303437046061794
1982-07-01,14.255829513503752,2.2459980582341066,3.35808863688146,1.4067823180022294,0.5744163638257598,21.839794310912946,1.5339364484853921,1.277906337322477,0.4311691620677981,2.52501528727646,1.5615828746240539
1982-08-01,15.230193707250814,2.587515889082442,3.3601401320263795,1.4770451403787188,1.0102000845571557,22.649090866138742,1.5542806415349024,1.3814513440615768,0.44859650385072825,2.8910319751525573,1.766371016369627
1982-09-01,16.046015855967447,2.8304595238494574,3.3525195379951542,1.381084722874233,1.3868266810130954,23.387092327688222,1.6228415062771573,1.3764235240335716,0.4590277458722368,3.199416291242115,1.923505144361783
1982-10-01,15.210033493020294,2.511192938200934,3.227058638787228,0.8406004578364825,1.0493073103535564,22.83425983304346,1.635097905507024,1.0877872220501636,0.4047224013611769,2.804744341285284,1.7296301636576914
1982-11-01,13.4894350134557,1.866883102258968,3.0587846597945867,0.11261696706820448,0.29303154948401255,21.795256329194864,1.6002465973506426,0.6648423901461551,0.3390206854669873,2.120264260848842,1.4101028843906966
1982-12-01,12.371465650596008,1.4383590624279625,2.957458323676879,-0.4005884414847719,-0.15669909190324355,21.21975853547079,1.5629767820299465,0.32225891198135104,0.3003609213151115,1.7011145781800008,1.2016825244558536
1983-01-01,11.79048236124888,1.2669217563685018,2.8867758148728444,-0.8955952509072701,-0.4277963710329774,20.790621421080797,1.5165979341860294,0.08239432628902439,0.26646618929316357,1.4487618942003324,1.0856731882005526
1983-02-01,12.748539086072068,1.7305222163157086,2.982543921181117,-1.0599988688181423,-0.06351432729789297,21.49488292595008,1.51291219554114,0.1343025506907631,0.3218658987767824,1.8412185358198248,1.318347588075881
1983-03-01,13.48581259421615,2.073181036157753,3.0331917470784457,-1.065968642127587,0.2063496816636756,22.153003976267215,1.5195929090729399,0.16846582912379982,0.34023511693487263,2.1688380510919103,1.4739701299900823
1983-04-01,14.145393895892447,2.35834198321713,3.145817160840134,-0.9639760307055266,0.4191258520982424,22.651446597387302,1.576763955970788,0.21193538631045006,0.3693622026665286,2.4132955671018976,1.6261242243086351
1983-05-01,13.19137099860703,2.035517433810943,3.0096799984645144,-0.9665484413716442,0.032137096134078336,22.00906829979082,1.5557212889225411,0.028304326641780217,0.33228255328105694,2.0121507474219307,1.3888889976121497
1983-06-01,13.740157398784898,2.3134522501040578,2.975068348558855,-0.7544102169431419,0.2692888626254959,22.3951517628484,1.6010469021970783,0.08430789583304765,0.3708553202166271,2.177835924754263,1.4555959034856276
1983-07-01,14.059607844849612,2.5091203992185793,2.8985747302087126,-0.6925715734090268,0.33419012450897656,22.55805544601649,1.6159607749496308,0.12946848089875262,0.3955112762168991,2.2695351783416897,1.459820114013958
1983-08-01,13.398813430587834,2.3880205037254747,2.7490559375993775,-0.7891598610468611,0.15086930924308026,22.20265510964527,1.6398285435782058,0.08295037495403124,0.3759523889905775,2.0768423588928715,1.3110163904799403
1983-09-01,14.515376166517534,2.818870654099956,2.751156729264934,-0.558544146028639,0.6004950667382405,22.927165516191913,1.6862290251111247,0.3589573579503733,0.4160757459089924,2.4773216143645485,1.4844931475626209
1983-10-01,15.108069494717226,3.1512333365432035,2.7536952857713954,-0.455022508313866,0.8714798442255697,23.358615014879017,1.6902334045773162,0.48805859459408285,0.4464825175238967,2.7347565083389105,1.603209553910375
1983-11-01,13.342692417815073,2.5706447482845682,2.521897656085078,-0.8318945535150754,0.18972410810164242,22.129706960247262,1.6627192775013095,0.23701159827617416,0.3940126141198603,2.091286258081019,1.2426082397692828
1983-12-01,12.763878138267632,2.3600484088020384,2.389657989304169,-0.8588301242242614,-0.08156464440834044,21.533868612246803,1.6378495027454698,0.16516109648299881,0.38830579019154066,1.8610878750749877,1.097853072558113
1984-01-01,12.33281146944757,2.162914420758618,2.347376046833104,-0.6276162634820688,-0.2656419973442178,21.029293423708836,1.5790778658257922,0.1233621006440987,0.38829183479514884,1.682720794192367,0.9901961578968327
1984-02-01,14.009061135545315,2.7626755682196524,2.527897384387055,0.05602345470519113,0.43609137233759054,21.921693533691176,1.5525664006518731,0.43534210844198806,0.46519089417251763,2.312809085428172,1.3317305769029009
1984-03-01,14.072653148808758,2.70060294033215,2.5255887185180796,0.319666493566622,0.5475540682709095,21.834937275003583,1.4890055090400447,0.47363747107023196,0.4696368883232642,2.357239638957614,1.331073867746193
1984-04-01,14.136280975745194,2.7014647720699863,2.5613011248133257,0.641666167236141,0.6529904805590938,21.710368160784263,1.4397217517354788,0.5080715622044922,0.48302665559032204,2.424276353587816,1.3731323550836527
1984-05-01,13.953767111125174,2.6518319095556415,2.5471211385826598,0.6746735008393372,0.6035334972850249,21.345638784409132,1.400625154516903,0.4928156650723412,0.47031641953485537,2.370095952454929,1.3176143667148836
1984-06-01,12.691075072109443,2.103372641880963,2.4056851807378568,0.2150922249121551,0.19515686832142468,20.117851415068493,1.3432145352010143,0.2979111545837601,0.4221739171612416,1.811636292018663,1.0638606293290227
1984-07-01,12.855097737517212,2.0883570651679295,2.416659916488334,0.057052304142580265,0.30125356374767387,19.82001041505623,1.3038411959405343,0.3230049900334362,0.4178671060801184,1.82644374504292,1.0630479071600702
1984-08-01,12.90344338236065,2.116351119128085,2.424281084382059,-0.01974427843624222,0.45172969444440625,19.541792371797943,1.260061966773236,0.35466532705210435,0.4273504138453048,1.8663559760733595,1.1110620695958526
1984-09-01,13.99123300171996,2.4647930238267737,2.517355060869499,0.06711438604891184,0.9612797558213375,19.90728163154655,1.2526990956308275,0.5553396847826461,0.44713192856413586,2.2897359882298476,1.3205834715611475
1984-10-01,12.315335639664177,1.8686184930330125,2.3694090937695407,-0.5197247147339413,0.3783819337478379,18.38303992729258,1.2059895516943513,0.270579863732917,0.3921211147409036,1.701280622916248,0.9958942291437243
1984-11-01,11.411931112408489,1.4756054064897917,2.3215656259028146,-1.0548976577284768,-0.017939176263321643,17.257259459142723,1.1746683086084024,0.09210635476122467,0.3574582382096154,1.3274139630238957,0.8311141050112227
1984-12-01,10.954670329758157,1.3431932777579256,2.3285221299991443,-1.3490556557066102,-0.21675974639981732,16.398884775223717,1.129784629594984,-0.012368321466188749,0.34600301914856857,1.204726354551994,0.7498343834155576
1985-01-01,10.340249032129512,1.1614355582050657,2.300224834934105,-1.4496302808220172,-0.41023547161828056,15.408250583635898,1.0972151614547423,-0.10210132111890971,0.3438730628628703,1.0573876958085804,0.6518057318124045
1985-02-01,10.049112850751314,1.064188871919142,2.315590539408368,-1.2414061465519413,-0.5671690036614607,14.639169093719893,1.0688963349372025,-0.20261477983341192,0.3424477930473875,0.9379076940745379,0.5916279846992436
1985-03-01,10.367428300161151,1.2500134763686366,2.407192202172283,-0.8890047383362443,-0.30524978974201766,14.35132682050048,1.0493671420019082,-0.14142991417273632,0.35765253720212276,1.1640620203061651,0.6557336902137856
1985-04-01,11.179196770088918,1.547435229966267,2.5237877359657093,-0.5009075037319293,0.11893991149552374,14.278849635993618,1.0343426667835716,-0.04973448990252205,0.3839550431711868,1.515477577506978,0.7469248172323992
1985-05-01,10.631905233177925,1.356173555378668,2.50492347736886,-0.5165937569888125,-0.056793881239700666,13.363020648456121,0.9789035349734694,-0.1647877166576672,0.3590423301533583,1.3429748284287615,0.639440512799912
1985-06-01,10.617869283459328,1.363620242245453,2.462169300918961,-0.48964790772923483,-0.021331819572872668,12.676720926680034,0.8887761405154423,-0.19734398660158237,0.366937004024992,1.3594574754494408,0.6121165571150212
1985-07-01,10.518041884439619,1.4321767328240345,2.440554380370908,-0.641309143482985,0.038901567202768494,12.148721814015882,0.8641195626247288,-0.18797207883020173,0.3683039484621643,1.4223689549002994,0.6325046717868414
1985-08-01,10.220996362959394,1.378147094135805,2.404327395434117,-0.7549289988268522,-0.03592694213645614,11.363193327396344,0.7978621937883686,-0.25832432461172017,0.37191815160619424,1.352393607781529,0.5591535314858884
1985-09-01,10.69240309370961,1.5231649855443452,2.483015442762971,-0.7675060506938377,0.2605240394951108,11.10139279817352,0.7840818794246469,-0.17894643323319137,0.40910344115437025,1.5439076926069832,0.6309843090487206
1985-10-01,10.196078129638684,1.3279784434585162,2.430680798335407,-1.0254923234851143,0.09067239990611539,10.248962229805045,0.8306282259214539,-0.24208444015396488,0.3885995299929891,1.368433478679648,0.5472753009841815
1985-11-01,9.20764213401243,0.9267640284345411,2.375484141214999,-1.4706906284000665,-0.25992712194160017,9.15506379455445,0.8125706850219695,-0.43578429360052573,0.3523608392168014,1.0367790449090968,0.37229702516902335
1985-12-01,9.04171657682623,0.8322969521990561,2.372363943509807,-1.5994568656205277,-0.3265975799912015,8.513339504150945,0.8473993723412321,-0.5099638837395937,0.35371823251104606,0.9724525415794127,0.35282972206047225
1986-01-01,8.355110738551218,0.558070077563077,2.285618434652462,-1.7929662718673451,-0.5564428165062714,7.679568218171736,0.8311353681808328,-0.7071511514185573,0.3381621588269678,0.7641358409560655,0.2663023060478221
1986-02-01,8.159911454313068,0.5149661110190584,2.2767431822288007,-1.7749206836508218,-0.5639388429618515,7.247324906426844,0.7638852985310168,-0.8128271645020497,0.34881847520163284,0.730348641290109,0.2951450803742671
1986-03-01,8.37818095762545,0.577701100498031,2.3578161759130634,-1.8847659306941664,-0.3772440251664496,7.092564706733105,0.745796792151963,-0.859613432801442,0.37692710442834354,0.8604679247194241,0.3393169738104369
1986-04-01,7.897674937984222,0.33564972353393735,2.312584349579137,-2.142831594595889,-0.5911905747187675,6.4334968955366705,0.7484281488146115,-0.9974532261299175,0.38556563190596743,0.7150082763147856,0.288924845655799
1986-05-01,8.144007527012926,0.30350350016185185,2.3540153451058954,-2.4619320468807357,-0.5007923888552327,6.2898137127912666,0.7331445710927958,-0.9896808367482186,0.4128654205778709,0.7635636168468144,0.37060075387298685
1986-06-01,7.674738572738849,0.06611912653103799,2.2851939068700498,-2.967269057429329,-0.6630897327448146,5.695424394150532,0.7468531649540535,-1.044795158866648,0.36603794992297134,0.550279477954732,0.33363589959507794
1986-07-01,6.672081677478744,-0.3798718554969519,2.1682517074192234,-3.565932951214557,-1.0637351238848947,4.702547994822518,0.7873661395318432,-1.1949052332476828,0.3226179875600139,0.13629890548304946,0.12691629441689445
1986-08-01,6.80799896769344,-0.252538540520284,2.1516526840840093,-3.622073985383527,-0.9719617437818721,4.721834324550992,0.8054819679901486,-1.0421530665705565,0.31836762633557225,0.25380325129976045,0.21789299204828502
1986-09-01,7.717661456517651,0.017580347407217645,2.2280361854676594,-3.509247231471771,-0.6171612898885231,5.0982809368551285,0.87386724204502,-0.7638902195397911,0.3521243582160969,0.528135278633386,0.33066866979369053
1986-10-01,6.838251124527784,-0.33022752497820795,2.142915137844076,-3.5908173741018747,-0.9732831023629497,4.34280801334771,0.8732862000784807,-0.7921106008794933,0.31915434694283645,0.1883614221914065,0.17523193861040148
1986-11-01,6.201763868223848,-0.6249164600775533,2.09696029493863,-3.3392310616480483,-1.2414333895886103,3.8515994865031367,0.8300329090024405,-0.8653445989042342,0.3172271166047832,-0.05900376619501593,0.04836487141444512
1986-12-01,6.064622210666294,-0.7745360192250226,2.037544940814608,-3.025921200104946,-1.4144284215032672,3.556120279804955,0.7763943745519333,-0.8750466057164383,0.3225861445667751,-0.1612085518802885,0.001814222789695813
1987-01-01,5.766389384106793,-1.0152099195770194,1.9963553687622908,-2.5192268697074,-1.5650064083040212,3.256626714058277,0.732857191049983,-0.8421512782299723,0.3103385207149453,-0.3008106606539732,-0.07715219370961457
1987-02-01,6.851073738865959,-0.7048381319531575,2.122736033915644,-1.76400260120596,-1.2132919095023385,3.8717260198312333,0.6784894119171645,-0.6386220753036942,0.3621981470313918,0.1371488264595498,0.13870858887315218
1987-03-01,7.439710989611437,-0.5633295871484885,2.1875891903342697,-1.131473540640811,-0.9744616493690207,4.278509041075022,0.6003618070267307,-0.47258743268305037,0.40441833240675695,0.36695560896615137,0.26031918150041145
1987-04-01,8.13150981616192,-0.35368970560765867,2.2656671954868592,-0.6405007286288957,-0.762017453502648,4.721158365382109,0.5480141533285801,-0.35041316191935445,0.44140721017868306,0.6349467225550057,0.3946009247124225
1987-05-01,8.109231092485885,-0.3533059964803258,2.230275537150546,-0.5605130362501451,-0.8405939781862218,4.652308494090777,0.4487999712029333,-0.3637974556230409,0.4363307792869653,0.607074005742956,0.4023879401654857
1987-06-01,8.338943183803888,-0.2688938344666676,2.195707445614701,-0.47624571103101976,-0.6925602619927309,4.826508004633073,0.38236404790045475,-0.34169518542835764,0.44664114643801855,0.7074074184046952,0.43643036469375596
1987-07-01,8.210922989519887,-0.324859015768885,2.1391687330538476,-0.5074057985268552,-0.7800820957105145,4.678450762163928,0.3670248225851741,-0.42144758122668324,0.41200036909977056,0.6340284047566567,0.4070865721251119
1987-08-01,8.197346369282927,-0.25708602173508427,2.08267807488203,-0.5340443987016696,-0.7912647927257586,4.719351315154302,0.3734141382060383,-0.4281861078177072,0.410969186928861,0.6479931153917105,0.399725012473707
1987-09-01,8.906569917478373,0.0682732993614481,2.0896912105165866,-0.4813313439984557,-0.4036571636525599,5.3124615933593216,0.3157704324904681,-0.3489052511644255,0.4291082488759369,0.9470466319245219,0.5252022807054684
1987-10-01,8.687016605324647,0.05642740865677118,2.0139757816148567,-0.6869450766025265,-0.4981771012608207,5.221306336835994,0.27033111190188,-0.4065109752720361,0.41617788630536934,0.8726857051623909,0.44190287249228166
1987-11-01,7.818277478316713,-0.30234681688571796,1.8605438359069169,-1.1089718032460174,-0.9026425523887887,4.598999683796148,0.24268891725989042,-0.6322281347499683,0.3642635817493616,0.510062541692252,0.23079087210969546
1987-12-01,7.599967237384419,-0.35175802280709473,1.8410534767564677,-1.278614649092993,-0.9938477034207531,4.482382139852853,0.26188760949482237,-0.6742766374213137,0.3400314921515588,0.4357578805331636,0.18163457816637837
1988-01-01,7.60730227115466,-0.39237343289940185,1.8498580976512302,-1.348699577627414,-1.0139182612266167,4.6006442214378955,0.3254546250528402,-0.6845708960600575,0.32488460688805404,0.4373879560530125,0.1565035597792738
1988-02-01,8.14564696294288,-0.17713389863154733,1.9277537156941575,-1.2402431798484914,-0.7732169090752277,5.133169932989318,0.3040697600769437,-0.6210906344928769,0.3377699731174979,0.7068351748507654,0.267706027189867
1988-03-01,8.433664622484866,-0.07041174503057185,1.9990626640715794,-1.253488459842248,-0.6907593627629075,5.518772963677853,0.2819529936259169,-0.5552949151247999,0.3594157458105151,0.8361781326312939,0.30306429667360324
1988-04-01,9.003842129101841,0.10572480369648507,2.083213653036692,-1.1311019386490622,-0.5348817086643556,5.956093390842314,0.30077117421500155,-0.39815888144653033,0.37620734234366715,1.065379002248244,0.3921556624884661
1988-05-01,9.086086546339907,0.15584009573337848,2.1114277521477547,-1.008320364305566,-0.6077007105841419,6.123472013120269,0.3713838922026871,-0.3121019825343527,0.3741933501464491,1.1220636144879548,0.3870332125980891
1988-06-01,9.668626730603332,0.4182541279214257,2.1606227032682037,-0.7004318707164805,-0.5246203510738765,6.589460789416888,0.39944315392798746,-0.1125592418189687,0.36825362700658015,1.3459871249693174,0.4577408124003707
1988-07-01,10.238237287381976,0.6442827121856607,2.2130070250680096,-0.47479467302794964,-0.3250319291641539,7.160901450801357,0.3886595630756903,0.07951115292342925,0.3887228671673958,1.5845574977970776,0.5574401634657796
1988-08-01,10.65001687132811,0.7970885732592987,2.2653271928529164,-0.3992854979964876,-0.30094933262051404,7.4976683746604635,0.3871821154449624,0.1918763109146856,0.4006983660301765,1.765183435913679,0.5775880832459788
1988-09-01,10.641226951860979,0.8495906948360508,2.318753757841883,-0.4129368242715308,-0.30360643487406325,7.7398391105149,0.30596730126636784,0.24186827558930593,0.40733484825777977,1.8102255289204585,0.5684794306089074
1988-10-01,10.565605915567227,0.8491461125437523,2.3519038779585673,-0.5145395279603786,-0.44577968260000156,7.739828819912578,0.2411433229112799,0.28201564962407977,0.4066301652064225,1.8148908979413614,0.5523526552171536
1988-11-01,10.110008303272451,0.7182741132383254,2.36261028045325,-0.8159674687657679,-0.6875589998881473,7.607630759445332,0.2108625519260086,0.2407904061040168,0.406177454732448,1.6757020024970488,0.4897691887142675
1988-12-01,9.782643557271852,0.5664290541368566,2.348957121143339,-0.6908418365061818,-0.9127000194649291,7.426235488449393,0.20933664278824937,0.23198490927019713,0.4032165004386539,1.5570685741330519,0.45163370644950335
1989-01-01,9.451075400008731,0.37136376287944917,2.3665624650738195,-0.4257128708961659,-1.1477381327835898,7.3333328331023715,0.22021763084373985,0.25045665554330376,0.40433005528483523,1.4799720117293806,0.404761404220785
1989-02-01,10.241406134823135,0.6006457159074248,2.4722501572870934,-0.06789564145720493,-0.921802629944778,7.953224181851956,0.17104734346754785,0.401956120183767,0.4391509525467171,1.7890851665709948,0.5947792603988988
1989-03-01,12.173588715097633,1.4028286776541266,2.733152772101109,0.47911368784603997,-0.1706532961049092,9.298606419250763,0.15942444544046713,0.8108575681636071,0.5328088145179461,2.6061191895478473,1.011439030908328
1989-04-01,13.234960306229258,1.8282405022246737,2.8946735081947965,0.9738907561712192,0.23373930807016496,10.072992497487842,0.16051589032799524,1.056791762184303,0.5706404933364946,3.065525163826183,1.2052497279524679
1989-05-01,13.43213305393304,1.9396099654059018,2.9377473162144154,1.3782203828035562,0.25718649923197257,10.241724701893833,0.14902448011841873,1.0912903806921985,0.5730134444391008,3.102147978416108,1.2328662706068312
1989-06-01,12.82196359819244,1.7689547738042992,2.880854645472705,1.547514451925676,0.01761165416490007,9.960305083947851,0.12618061612027187,1.0032733543996004,0.5454593321090002,2.8153371334643262,1.061429683843314
1989-07-01,11.709163129480409,1.3163080856738114,2.717999615668945,1.2331465108503505,-0.431878395529119,9.171891322750188,0.09779180077561471,0.7527134701370612,0.5062377090982634,2.3523246303940395,0.8183241765715096
1989-08-01,11.262325286735479,1.1855698492169453,2.6064133688640716,1.2979435400635282,-0.5995615789043829,8.898774843787288,0.03301908185425167,0.6267086253926364,0.476562658392194,2.1578393172757218,0.7453937466483582
1989-09-01,12.173493778166701,1.5778480366964316,2.6592957652886238,1.4619749163208184,-0.2362276173992539,9.476108429586025,0.04192854565175371,0.6915507240404127,0.5030495770969164,2.461139370979879,0.8888942290324067
1989-10-01,11.964571110195674,1.5311369245824884,2.639622883988989,1.7507653764993116,-0.3356233756765891,9.275636157923275,-0.015149357688423102,0.6398852916179203,0.48875776239840263,2.3911605807960044,0.8474010385260997
1989-11-01,11.583994365845435,1.5297777650737774,2.5898216133268828,1.6569104397719827,-0.5495639111470072,9.048297509200578,-0.030202723010836034,0.5132845209029128,0.4774684761718553,2.26010355827589,0.7891539711213842
1989-12-01,11.036701695350708,1.3153699288207694,2.589182146981371,1.5126888876327018,-0.8855420173011996,8.626579716638158,-0.03237365432383564,0.3815745025917106,0.4478019380108346,2.030500142987142,0.6537209921265157
1990-01-01,11.305909464673032,1.507075986348696,2.6439773359365675,1.5170107923669547,-0.8962776877318557,8.683102390869124,-0.03586834468609949,0.3787477743390082,0.4578651620741355,2.0957045482143055,0.7382615812443141
1990-02-01,11.604069223193935,1.8216828102125753,2.6962351753202585,1.5921832269186271,-0.8148923967189329,8.954936340489592,-0.0029714191839410277,0.37643687147416105,0.4882862132317102,2.277246055438844,0.8394538937612127
1990-03-01,12.17996444528113,2.190083112496396,2.803043588007144,1.6309246147025913,-0.6586408168794053,9.277780498789237,0.02792846919644023,0.43906441966845183,0.522168127023556,2.4834189149804144,0.9436010574484918
1990-04-01,12.323401830033681,2.3871332563448435,2.8524449318147975,1.5421640484222394,-0.5306307453464435,9.406680088243647,0.0497427686526809,0.3506453090464262,0.5073689808268806,2.54619629678482,0.9780826533209279
1990-05-01,12.470588228233591,2.5907235086627303,2.9167885800730025,1.6132370851918285,-0.4805592797412661,9.475427803028927,0.059620058041473245,0.3782726218444786,0.5113389156587702,2.5993259974041716,1.019230806312033
1990-06-01,12.462118581257037,2.7069364073614333,2.9146479398544853,1.620295307917405,-0.507789642265297,9.353004767448779,0.07103808605215223,0.3633786574541975,0.4961343762415348,2.5631747756518566,1.030705347413827
1990-07-01,13.020168022847301,3.0701379502482338,2.9492371002944675,1.714035504406226,-0.2226934348570765,9.73727474755824,0.10108303144775718,0.41242121048472447,0.5262177098756344,2.8149098899007576,1.2085772428953023
1990-08-01,13.984546054283461,3.5282353417075605,3.022234727491673,1.8517937644760636,0.25923852699110306,10.42484627550977,0.1483535007450396,0.5541239529017514,0.5630552184542335,3.2304086430164913,1.4856746074689606
1990-09-01,15.202526425996759,4.044114018605731,3.1367153443564706,2.041718894549523,0.8255399769502392,11.198115735708539,0.23308499205181848,0.6836883116256398,0.6038065719470798,3.666340182663057,1.761509613088835
1990-10-01,15.017376006908876,3.989688679714166,3.1634040333371134,1.6622688226766849,0.8367202555618481,11.031368965268125,0.29410876840297817,0.6141650319683027,0.6008658702112465,3.6198188535822924,1.7661593702093683
1990-11-01,15.19516557246148,4.05767807514909,3.1970511003040807,1.287278644847882,1.0016921602135989,11.068320224759795,0.3165152737440648,0.5852366916254967,0.618177155434859,3.7257081879634137,1.8493721203021596
1990-12-01,14.88456948438644,3.8712556577525277,3.127321674554684,0.7951907462424821,1.0043582397492223,10.846274824511788,0.29098212605691387,0.46695729273285785,0.6175970956327161,3.628620554604874,1.8456658044376222
1991-01-01,14.055504741617085,3.46951011472206,3.0546640717022635,-0.21030180728580866,0.7698693853325926,10.23114207142635,0.2780017326736867,0.23641488024090707,0.5980601479073464,3.3279059066620738,1.760651083367328
1991-02-01,14.460179720220665,3.619414536041077,3.096238387541102,-0.6362468799039316,1.0551674509804343,10.4985170512475,0.3112134636494004,0.2804198412051261,0.6327339449990157,3.509674797878696,1.9418446775898028
1991-03-01,14.649353853003472,3.6068287096046885,3.1306865842974476,-0.7126806349829893,1.2087093777873137,10.615048008750188,0.35989691381342315,0.31445679178063046,0.648987977576351,3.6040545324140085,1.9982544623316059
1991-04-01,14.56370930984438,3.426760927656831,3.17540411794158,-0.5895926955124999,1.2854736545819856,10.465581701469247,0.3649185645302745,0.36544001267947296,0.6273503302849319,3.5340290172235362,1.9613993687416043
1991-05-01,13.916603408693181,3.0864800748538324,3.166513287377134,-0.30919419950096705,1.1560578956057448,10.086231867137329,0.306111062872534,0.373351377093374,0.5826435374083918,3.324239371992211,1.847656441722091
1991-06-01,13.189695692230266,2.7540128147584966,3.112503980168535,-0.16348683159702343,0.9046752833352834,9.54637663465816,0.27642031109781473,0.34431613423068685,0.543244914550868,3.0523255943323075,1.7392895762939302
1991-07-01,12.86982041448302,2.576558501443774,3.0703666928197433,-0.09905049239162668,0.7930250728513222,9.259367518945865,0.26304889126794717,0.41694361093274024,0.5166125198305485,2.8860143697973486,1.677113449436979
1991-08-01,12.477860053222091,2.4026319916716736,2.9587499484935345,-0.07464614940877806,0.7172223752316509,8.940504375470091,0.2027243727224297,0.39736273406547296,0.47948364488267614,2.7419205605904335,1.616717255878752
1991-09-01,12.563880592797236,2.474358247166901,2.9547416635489165,0.036118898235381364,0.9201742649324581,9.126612622209494,0.1391651037968497,0.4375600159068605,0.4863373381334276,2.840958881623666,1.6630008077974054
1991-10-01,12.659963904949326,2.4677648192281665,2.9307435416213745,0.11717628694394353,0.9445898372038992,9.07305387968777,0.09091175902668983,0.5018074234370633,0.4787884790125714,2.9067305557738403,1.7092650498771302
1991-11-01,12.685066939322393,2.5359335516378554,2.915321553389359,0.2173000070913994,0.9738824098291823,9.076757502896344,0.09925491555718749,0.5505043155891021,0.48066128608991343,2.9425706037804065,1.7242153996027976
1991-12-01,12.274835552261095,2.4078639284035583,2.889473006766129,0.30484602175765585,0.7547077442167835,8.725406138463871,0.11226880027917488,0.545561029649439,0.4693645414424542,2.791865175850523,1.6700293479657753
1992-01-01,11.588775395665717,2.1571982608891362,2.8676390704818293,-0.005612947051356176,0.5018462800554553,8.167870414430336,0.11156650978614122,0.48249354851185056,0.4539578727886873,2.582176617695925,1.5455129691479803
1992-02-01,11.849532119336747,2.2848759024130354,2.9149012631287183,-0.15694379994228874,0.6483339596974758,8.2606515735529,0.1231290095618905,0.4851304122893144,0.4619788928132909,2.681506427896776,1.589009923524053
1992-03-01,11.704585145623138,2.2559843858669226,2.958533014795587,-0.00273574182709152,0.6407224130494071,8.185127451828492,0.1519077636390182,0.5130801013911976,0.46627972219018765,2.664561215676551,1.6029308711507047
1992-04-01,11.753055514671672,2.2577248632363043,3.011177618615889,0.186484267036245,0.6831595617523359,8.061162165122443,0.14828317900717647,0.5353404082436989,0.4781559580044779,2.642417401903745,1.5773105224169837
1992-05-01,11.388561883067531,2.121229526387888,3.0052192282796177,0.29517429996112776,0.6010012261472855,7.743009344246398,0.13990717207264824,0.5413238613176498,0.4564898868875223,2.4853282193318114,1.493674275226749
1992-06-01,10.930711613087068,1.889606862531499,2.947702007550033,0.4883486012871924,0.3743417633862889,7.326802256554949,0.15484047834341672,0.5078791695158901,0.450882315820057,2.2510318238866462,1.3705602612675767
1992-07-01,10.434378905529766,1.7245083463461484,2.833206104864849,0.3897571113192387,0.24112887488534884,7.023557814441425,0.10564807986471875,0.5163846944417466,0.4285489068630331,2.0677280849693043,1.3061319332260852
1992-08-01,10.727357132764427,1.7824671742043767,2.779183547063755,0.4943334688921374,0.3312969219863426,7.101955325778458,0.1104510217890196,0.6771170344099048,0.4457053093624718,2.1493582224978027,1.36138896742699
1992-09-01,10.629248164474912,1.6930807091827087,2.7121098850104666,0.6371431972956874,0.30279440373697486,6.943024185675075,0.12898344504970222,0.7304728409501782,0.44836974330522233,2.040598080210617,1.3403433802124796
1992-10-01,10.271146409011555,1.564537094151051,2.6497771776078984,0.9907933878069307,0.12202425946965723,6.7031653755172815,0.10270528457140132,0.7538907682112819,0.44058698707323485,1.915520274379203,1.2678776555115474
1992-11-01,10.10371184581777,1.5979693010739389,2.6154720167015792,0.9149109317845562,-0.03979210801961347,6.585809588290447,0.07022367895379639,0.7901932563789689,0.4509486814368544,1.8793590705667975,1.2676179493557904
1992-12-01,9.678435036265423,1.4244396516315665,2.593361867739864,0.6302632600295295,-0.30691121431317897,6.229752750989899,0.042901893966318314,0.7448377107763688,0.45422857620556134,1.7292509452534928,1.237072705490599
1993-01-01,9.231851501535209,1.1979660837466595,2.5188019378572486,0.42060180323159335,-0.5302290819096895,5.911214543063469,0.037293578692861956,0.6763404316171848,0.46278991687089577,1.553996017226761,1.2076970731447174
1993-02-01,8.820011629638595,1.0540226050458483,2.4990688776128906,0.3226257060633005,-0.7674466918331091,5.650524392980037,0.061291511922795215,0.5560725190841722,0.4531823588360544,1.4440717693674197,1.1413382276615962
1993-03-01,8.533220940889805,0.8917902530228033,2.4686900447087243,0.34126575801595266,-0.9799619153320782,5.391694055577114,0.05463526978310078,0.47287898584882326,0.46316971649041533,1.281089331988262,1.0908464699255267
1993-04-01,8.405983072983126,0.9347278821830509,2.4777526853425442,0.5097785662269383,-1.1551474608407675,5.332706847625113,0.030774961484563212,0.4583312625028574,0.45892327513187176,1.2408708610141055,1.0934568275593417
1993-05-01,8.076479740213312,0.8584953691579984,2.462268466364563,0.41395493255590743,-1.3426319946962628,5.224335040063124,0.007844274470173399,0.4274659635434632,0.45159911614171966,1.114909941408991,1.021939937533901
1993-06-01,7.987751616212066,0.8541208844993862,2.4404413878149946,0.6029222472092317,-1.3500719522378049,5.211591738321433,-0.04110594530081249,0.46822543603032113,0.4091293189726951,1.0826379752513922,1.014473671830069
1993-07-01,7.960765291248659,0.9488248738882257,2.42871763372449,0.3166235247657849,-1.390310204689186,5.183676666797922,-0.1085594613246697,0.5447502830470359,0.38221532904085587,1.0486518391540596,0.9676356209984788
1993-08-01,7.820546911050901,0.986336906320292,2.3470881880115417,0.16197091537101765,-1.4261560580867552,5.123278755862531,-0.17210161119811146,0.5174295422955395,0.3641027221000266,0.9941570475538366,0.9205634069097229
1993-09-01,8.240446016191584,1.2506769726925693,2.373348414162545,0.0729715775111387,-1.3226126518172456,5.436921837628457,-0.1881479995124555,0.5552520914505883,0.3584338058209759,1.0983665584686777,0.9659655308634898
1993-10-01,8.184083865309741,1.4158512068443807,2.352667911596698,-0.12848963794477447,-1.4124143866309864,5.518332469385194,-0.18474668018446297,0.6106488370402459,0.3420565608972307,1.0919284219084708,0.9589433932969326
1993-11-01,7.628261016944501,1.3005690286114813,2.2801243862575684,-0.06520488789728796,-1.688720481160357,5.24977235439836,-0.15785889271110798,0.5274437375665273,0.31278652023725073,0.8695479310933243,0.8349326240708712
1993-12-01,7.093114405024229,1.0966722050946074,2.215807834522213,0.03776384207025385,-1.9871684933018374,4.967375072353966,-0.16464151468907262,0.45079050800543785,0.2955774724944278,0.6555510293548203,0.6917264283922113
1994-01-01,6.944738061056709,1.030592462200602,2.1866839064543573,0.16457903394662388,-2.0156360359241496,4.956905050744589,-0.1721027330603368,0.4408636556835208,0.28563631135435524,0.6031347753948563,0.6399723207818757
1994-02-01,6.818391603992973,0.9911715589539951,2.1861058302116407,0.33182197542781805,-2.081890624435685,5.066924799445136,-0.19333602634669533,0.3990269650871707,0.2841475483807729,0.5731173806655656,0.6032088824208318
1994-03-01,6.979807344298623,1.0364998098668363,2.186054258644875,0.557470764255182,-1.8992797639554757,5.325425368346238,-0.19553096875048098,0.3818343425971948,0.28459304456835927,0.665335476515512,0.6309503611025151
1994-04-01,7.046250452622665,0.9729273353303305,2.210068356310833,0.8633011698958831,-1.7672833602587819,5.525133952884804,-0.16639674517126535,0.2933207063333037,0.29418855242317477,0.6997805068859012,0.6490889090176624
1994-05-01,6.976408470456363,0.7986883152789634,2.2077319427551028,0.8550196624998202,-1.6752139200995444,5.581639917790113,-0.16144051613842134,0.2111842234938383,0.283668278338024,0.6071391230234805,0.632142327309963
1994-06-01,6.033272623389863,0.21874067438402478,2.1328388129212037,0.9414229997049406,-1.9980318277115672,5.0878939937377705,-0.13475497162696431,0.009071950161714443,0.25201874604746816,0.19596849559060514,0.44041286219077536
1994-07-01,5.607294265555582,-0.0429275747971809,2.0461482535690485,0.6166046672098298,-2.0849192789310327,4.926809884173165,-0.0892633697234144,-0.06737660826293249,0.2387721584828834,-0.05022740596982156,0.35986188457650636
1994-08-01,5.901971774178316,-0.00023559698723873979,2.0372673745941707,0.6511779401085873,-1.8815138257411466,5.276650826878404,-0.06666290950712878,-0.043582776414287955,0.236610258245656,0.02563570399750248,0.43143491518860105
1994-09-01,6.184865148732537,0.06378302034599403,2.091783261968578,0.400511555366007,-1.674887403380342,5.713566868314291,-0.08012921966142805,-0.010257399670339153,0.23465523962499435,0.06303600711910429,0.5079783158735064
1994-10-01,5.854162056520009,-0.15151224924695164,2.0072386180192154,0.15055957693307748,-1.8627302798602565,5.527829982168605,-0.0626946691871457,-0.05716763846091738,0.20646917914069082,-0.19449792796618826,0.41498254898418585
1994-11-01,5.382172141622354,-0.388012049219405,1.9491158842662228,-0.06633634019941881,-1.970741221288312,5.415076454151828,-0.09647548412786965,-0.10212865268969397,0.18672474655087348,-0.38732796817306214,0.34720100620710004
1994-12-01,5.210485957528874,-0.5183968173209366,1.8823900141055274,-0.2909596654563812,-2.1187215105591397,5.439774046604567,-0.07669973812508357,-0.10425586203527118,0.16619847268938084,-0.5375111265664698,0.29794248227136216
1995-01-01,5.516724473255542,-0.3823631657234677,1.8952180880802711,-0.06443127358549375,-1.9250708919931538,5.907945161306371,-0.06159537066308432,0.018392619242275254,0.1643468385339738,-0.4017547021407449,0.3293436181283089
1995-02-01,5.230623372876428,-0.5863685079484758,1.8618829550252558,0.03028613292356047,-2.112782384530445,5.8417383482404635,-0.09855048548831499,-0.06835118190100264,0.16393248088157625,-0.5866960511402806,0.29414845493911745
1995-03-01,4.8073659434625995,-0.7399980927637506,1.7983591044508662,0.1262085243681132,-2.2285336190688465,5.806099825876114,-0.09164001247408073,-0.22282558257768126,0.17364161616847773,-0.7947215621680918,0.20856739194115229
1995-04-01,5.1356440757836275,-0.6867563767841965,1.8156121601378667,0.37431518435728944,-2.076396322050731,6.152295546817048,-0.05246618299021235,-0.2963897022398606,0.19029718321520747,-0.7018544380492377,0.2749454205259815
1995-05-01,4.7177980604563015,-0.8652578815156101,1.7778231182529816,0.16081571151675142,-2.2138702935271337,6.073818568642698,-0.055449877013157775,-0.5063779302884006,0.17821179232333112,-0.8745829407363492,0.21608373228298794
1995-06-01,4.933754246075075,-0.7189144146856014,1.7699643709636301,0.09202193300034693,-2.1175671699693592,6.432265159082659,-0.04284490234756791,-0.6034109689435445,0.1949117429855683,-0.7965335505573017,0.2531877054705966
1995-07-01,4.871991566543085,-0.6937419723819827,1.7287873924664878,-0.011397035778243886,-2.09893112858769,6.546106795153746,-0.037932687452850625,-0.6913166499694571,0.19911782709703832,-0.8208937557646117,0.22228549152117572
1995-08-01,5.3209246416752976,-0.4200509823001348,1.6733345930779193,0.0839604303227313,-1.8929140992644595,7.051826682408429,-0.027983036807594328,-0.6131210839040472,0.22835843294683314,-0.630063179240992,0.3060332826650136
1995-09-01,5.597029780095131,-0.26013851266778143,1.6182726723525749,0.15775316809399198,-1.7887002386641226,7.374512372727592,-0.04419502875514246,-0.6197393215855287,0.25802757039771285,-0.5533529913998676,0.34957546793440974
1995-10-01,5.383202402233605,-0.27574044576439316,1.5508908585529237,0.17121417858394464,-1.954793337458558,7.386301045918475,-0.06853298296801488,-0.7278156415766022,0.2444921797985844,-0.6670465708015374,0.32875349889142175
1995-11-01,5.030437635598208,-0.2981186167379034,1.4511465795435163,0.2148712328523649,-2.09172972523159,7.343188011015243,-0.11721390352145523,-0.8105245026145063,0.2268602533744044,-0.7733606835000768,0.31092020698942663
1995-12-01,4.842788077563012,-0.3746207987563932,1.364840779266192,0.31406436476373045,-2.2881057238088323,7.248629230803516,-0.1597894817136202,-0.9082298094125292,0.22928193393867569,-0.8634831481636358,0.2453350338004215
1996-01-01,4.908520228414675,-0.34636466222025514,1.3686467942228207,0.49144701676903757,-2.2957825048115303,7.369113357460931,-0.1566823983388033,-0.909632841840912,0.2295610915435745,-0.8721700548664441,0.2633537474652379
1996-02-01,5.224838225740612,-0.07142632567709045,1.4212843539267923,0.825560549082478,-2.236402424130258,7.784508724592961,-0.1156030834789848,-0.9449928304222324,0.24862491445421264,-0.7476043794697623,0.33073426339305856
1996-03-01,5.50043574609993,0.06757960979784194,1.4268101858185351,0.7726749544785038,-2.0935543752411516,8.130436386460309,-0.08264785963058316,-0.9387270669763395,0.26572541779697534,-0.6519689049060514,0.3961385179852191
1996-04-01,5.3877240773798185,0.07152910408554092,1.4689728649528082,0.9321237960166346,-2.123195916870057,8.206150263636246,-0.0887593285352306,-1.0311488392239456,0.25859305243784403,-0.6905918886801896,0.34331257057115777
1996-05-01,5.39796639052399,0.08566898653001154,1.4876990421236693,0.9562549286524393,-2.184753410209481,8.244678067084227,-0.09136161560306592,-1.0335619270593575,0.23972593665024178,-0.6700464944871916,0.32313066309167626
1996-06-01,5.07734095444037,0.02290414288960263,1.448257821428459,0.8766391966143675,-2.3615586777352613,8.180729020645515,-0.13238438245655462,-1.0598279538699256,0.22016832661225483,-0.8032686685139198,0.2264222126574335
1996-07-01,5.013934073031846,0.053649822311077955,1.4016983527824542,0.9509373720982094,-2.4340858445833655,8.212333680475924,-0.13280731269093415,-1.0290550558435778,0.21301478046626304,-0.7666287031202521,0.19161726199787016
1996-08-01,5.043208843158854,0.19193656108692708,1.406753416027236,0.9879040282293121,-2.458694839457926,8.364736126340311,-0.13371002654879469,-1.0225762934885092,0.21287970730310735,-0.6857412318197601,0.17470083148125265
1996-09-01,5.629293169967637,0.4353673343220572,1.4093994434036725,1.4048378944425077,-2.2682210386532082,8.744971403897313,-0.14175834545194477,-0.9625895526249818,0.23221713169633135,-0.4498678237401803,0.28160267439923614
1996-10-01,5.910157494995605,0.5941382677454683,1.3979885061087507,2.1649273399783318,-2.2880838577733904,8.972339734799903,-0.18325499473295487,-0.8820633667085471,0.219690251323508,-0.31760264899946866,0.32016437947425697
1996-11-01,5.8059509216047465,0.5023091769536787,1.356214300053324,2.3448928698814018,-2.3678312504906662,8.926641160911718,-0.25014714186851117,-0.8711322332485507,0.20352901348791463,-0.31478972605640543,0.30286215818847645
1996-12-01,5.2764688987754615,0.2725609159065425,1.327536722831322,2.229429539285148,-2.662552136247271,8.606754750648552,-0.34284710706699106,-0.9692496612438926,0.18098859365513442,-0.461652642275334,0.20261529247708193
1997-01-01,5.501810645834002,0.3915914297068799,1.3528009464616315,2.4010688979955983,-2.5996494111110966,8.757291436611574,-0.37007696375520327,-0.9176795563877038,0.1774397474554707,-0.314685832925856,0.2113655784359279
1997-02-01,5.553452279223832,0.4455527930036327,1.374992117088202,2.2563798669272375,-2.5348076566213695,8.8932772481479,-0.3937611096535666,-0.8812134946689562,0.18406551164078647,-0.24744919929348658,0.24036041911724532
1997-03-01,5.930145812409959,0.6181840697531897,1.4104064875063944,2.323007778382345,-2.336250421679119,9.26566142695672,-0.36482502048463583,-0.8516956998367955,0.1987926606248772,-0.07593340146288906,0.31948835827550315
1997-04-01,6.117554998620726,0.7138240554532107,1.4503068958262868,2.542953446100669,-2.3215636571588774,9.411497252060588,-0.3562220885254187,-0.8819775295422124,0.21195838342381154,0.03359759947104857,0.36680257921207815
1997-05-01,5.810076610496205,0.5878878158865696,1.4068575810783674,2.5690738611342745,-2.5278574599244665,9.12873560408589,-0.3438977073692664,-1.0200807730596935,0.20403128910358181,-0.14167873738797182,0.319854502894768
1997-06-01,5.265676680460875,0.3573690174007501,1.2808352665640164,2.52833339777632,-2.72750222481808,8.830063300968682,-0.35721795773283405,-1.0733342166830147,0.17444693457605986,-0.3520549639020666,0.2298787056895385
1997-07-01,4.8722061119409075,0.15695118694680787,1.1180718508083962,1.9443314732913832,-2.869796550061359,8.452874241179156,-0.3725077059003666,-1.116941240108437,0.13856649315398267,-0.593573961715882,0.1281759740042992
1997-08-01,4.21543607725151,-0.11726637219157529,0.9949496267915965,1.025316021339568,-3.1267586417631033,8.002735177053015,-0.3977820929743765,-1.240337064633282,0.11567884230683476,-0.8893954112327171,0.02055336368362104
1997-09-01,3.431664847399391,-0.4677500156783364,0.8351843430850503,0.405091762028222,-3.300305360473934,7.504060302005948,-0.42194733660077066,-1.3546066899219673,0.09012459645861584,-1.2013196426459969,-0.11264526769731698
1997-10-01,3.223454185186608,-0.5866415745330682,0.7595226881951477,0.03584383475938607,-3.2326699044113076,7.3486401982381455,-0.43379667748866074,-1.3816351127219493,0.08284116971779837,-1.278128924007751,-0.14754435568375487
1997-11-01,3.042120379220469,-0.7575427205391317,0.6654954469793355,-0.5714401777752572,-3.2370939905977494,7.102668014498494,-0.4475345648825023,-1.4373876590509636,0.07811697271902979,-1.424132589098775,-0.17041815293769208
1997-12-01,2.8634712031382987,-0.8648874979651119,0.5910514298237811,-0.8076728409055044,-3.1892684158895994,6.984457565125103,-0.4533441109229529,-1.4752428806767992,0.08387770032547362,-1.458533894697944,-0.19475237829699404
1998-01-01,3.2551220066305344,-0.6670764448617321,0.5294414196349115,-0.8188608662687917,-2.9321555483450887,7.160877441857517,-0.45342144778011234,-1.4276911877698426,0.08721974449640169,-1.3333773201398815,-0.1896471043002218
1998-02-01,3.8163629750758234,-0.3508988997348498,0.4796554967082122,-0.657256584258106,-2.586897966896026,7.439234382362965,-0.4199102592688639,-1.3576138793166501,0.11710794282103024,-1.115013895472607,-0.11030658305678512
1998-03-01,4.438241995837211,-0.09988198328904108,0.38908510584771905,-0.36913319877157413,-2.215605563908194,7.811083604562677,-0.4118180188999307,-1.2261903295880443,0.14165171402466825,-0.8758008603876682,-0.012324208575745697
1998-04-01,4.962176087782305,0.18240300744934507,0.3085683601510142,0.10853706106774356,-1.8820592525468405,8.188116512616894,-0.4294580684823007,-1.0953214594793996,0.13932547786131433,-0.7121924833099399,0.050770842533085316
1998-05-01,4.902665782817278,0.19827570547035483,0.27051294907766427,0.034427996316259535,-1.8132266158065016,8.057570768967999,-0.4219243968657596,-1.0598107019557383,0.10790529203822524,-0.7171095284191025,-0.011887580653560298
1998-06-01,4.822229368483588,0.1824405316506783,0.1850706429119024,-0.009647135559600062,-1.8432793602102957,7.941262947661407,-0.4184428797813494,-0.959979947327074,0.09485385809057376,-0.7729569634134023,-0.041875650109529663
1998-07-01,4.742856270848219,0.24701687167158903,0.11083374091409558,-0.02775652587752936,-1.8192709682937054,7.875074022835236,-0.36752003294875746,-0.8376131014514856,0.07838189064165207,-0.7521887433493799,-0.10245596996140341
1998-08-01,5.4128578585085805,0.6415700059377117,0.11685849479191333,0.039473571464143764,-1.51060035271298,8.28497258416905,-0.33333171694379043,-0.6415255015443599,0.08523228901940623,-0.48612125171972065,0.01312381909183366
1998-09-01,5.719877176411913,0.8317285790747201,0.08351783133053098,0.123384474924321,-1.3696188868257295,8.439700698550325,-0.3338267257772062,-0.5273251949948907,0.0799975147971127,-0.38807885294641664,0.05702168257614185
1998-10-01,5.775155793841426,0.9264895117748628,0.07196366576996971,-0.26317023684762453,-1.3597914264842403,8.384148278259381,-0.2858830334577023,-0.39649651876573355,0.07381321541946498,-0.3466108112968057,0.06657212666717162
1998-11-01,5.273785988463851,0.6846388649939373,0.01947842855102369,-0.6928267914850712,-1.5363087842275482,7.96805065671038,-0.30580519856363686,-0.39434787642264574,0.06567978676746924,-0.5370099823518906,-0.03794273480091043
1998-12-01,4.931018562767994,0.5650585020806498,0.0018909189458923836,-0.9221766319225972,-1.6410374595413608,7.779063516440863,-0.34295365340033956,-0.3480005416638071,0.055191753365399734,-0.6595038560939591,-0.05826744853625368
1999-01-01,4.811947240169857,0.531700008419913,0.024103466120456565,-0.9180686785587224,-1.701897226200015,7.6426955467338065,-0.3190951843145674,-0.26128428813294824,0.055985308999504005,-0.7141779666137893,-0.08243852608155496
1999-02-01,4.437526510989553,0.35202428456380574,0.017776810227670414,-0.8293360331641221,-1.8817390563757481,7.3895793818933075,-0.330946733514769,-0.2611428234354322,0.05413361397455084,-0.8325767263773223,-0.13457900067820586
1999-03-01,4.392852413357925,0.2156905365923385,0.08994149639630683,-0.41889306153495764,-1.8528742095366035,7.310373204015261,-0.35687227882455785,-0.19700958977475613,0.05425818648334107,-0.8676276122528308,-0.14870110118630553
1999-04-01,4.569743453435857,0.12549411606354344,0.12393782686172955,-0.19128613905235547,-1.788705074474691,7.346202247285812,-0.34604161595552774,-0.1148637669078276,0.06600385848710363,-0.8239805315364741,-0.1261595638818345
1999-05-01,4.591328120868138,0.061782955471781864,0.17016803868586639,0.14047174334117007,-1.7291594965690826,7.347067981021043,-0.360172509400418,0.005388978153302429,0.0721043717875843,-0.783287642749865,-0.10641501676873359
1999-06-01,4.219518278440154,-0.15942121441313986,0.19924552865852502,0.43345425310225205,-1.9039697537376505,7.076742259781881,-0.38845552124790605,0.06331724958082541,0.0791092556976116,-0.905256565751192,-0.17398303789845926
1999-07-01,4.129778778604207,-0.21260742557538448,0.14477236770655208,0.39175321604066116,-1.9888851597614468,6.946450826611214,-0.4273707989166047,0.13314386506135228,0.097329757245803,-0.9453572043301104,-0.18464183699430364
1999-08-01,4.174985865361803,-0.15833114260971404,0.13223766975725387,0.8406212858063228,-2.0413351485539986,6.94700817270966,-0.44979386786452236,0.20977372560223584,0.09324008156974292,-0.9195808881930038,-0.14570765302149657
1999-09-01,3.9284184318362834,-0.29238560423815363,0.10492786116448462,1.000401624540661,-2.1742846520741654,6.715134575090213,-0.4897492837143855,0.2044513773026214,0.09774043823167486,-1.0516140579266755,-0.1476096075708388
1999-10-01,3.3662017676226057,-0.5355357926053959,0.052751812140108434,1.3906980561875204,-2.4493885355479144,6.322758152884308,-0.5154808643636072,0.14056893609151924,0.09735388864463378,-1.2598803436585815,-0.2123968419448965
1999-11-01,2.8861552030527187,-0.7068708738901002,-0.00372588544703871,1.2080970298228262,-2.6911523110062445,5.952612195347319,-0.5646214430328591,0.09044291779958644,0.11033048580280329,-1.4995925379970836,-0.28043467838250447
1999-12-01,2.329158858907927,-0.863237431034608,-0.0539063243656322,0.8902895055333976,-2.9878272759787365,5.535797868040208,-0.5930306572807058,-0.0029476559060657714,0.11954247368304434,-1.7416619013391899,-0.33574201709093404
2000-01-01,1.9503680609066825,-1.1366040488161437,-0.1020364276505224,0.8607515786014052,-3.1833270903166087,5.1445676547812695,-0.6563354827467831,-0.1059877366281255,0.13494362269704818,-1.9715079205345822,-0.37578870674910214
2000-02-01,1.733889304901127,-1.1070455280233031,-0.09854716749471373,0.7139831085357071,-3.3093446856922974,5.048846162693815,-0.7492906084613187,-0.15262027363741246,0.176608837837883,-2.1025189739954717,-0.393182566529824
2000-03-01,1.3864881066202983,-1.296995070181977,-0.1540307128023337,1.1779754735112946,-3.5150923536380123,4.749205868768662,-0.8043301768759799,-0.21066795746641936,0.22150686166881187,-2.2879279481278525,-0.438533225062176
2000-04-01,1.454559270431596,-1.1223387272834349,-0.16438708369297406,1.449660778133698,-3.455138870204319,4.802550844170073,-0.8169445124843484,-0.20980779870213084,0.23239670843754764,-2.288586234752928,-0.382153327195891
2000-05-01,1.5169810165131135,-1.0277983156917263,-0.12043575149016171,1.4020125872845077,-3.4163363717704494,4.804151050576552,-0.8377267197564582,-0.17820981224349225,0.23049830063199417,-2.3332551247414726,-0.3429800931997129
2000-06-01,1.1144752272613707,-1.171406727590722,-0.11823365010586495,1.1204908884334035,-3.6065097433263356,4.488491266576356,-0.8581211336359089,-0.25064451305843183,0.17327012122900098,-2.5358368000822145,-0.38605183534880017
2000-07-01,0.826031155336951,-1.2456800088452946,-0.09950660462456046,1.210369717162001,-3.771749793738606,4.240373975855463,-0.8290530396755407,-0.30227460861442734,0.12758257985969917,-2.7436027127367106,-0.40781805201061494
2000-08-01,1.0994765343030313,-1.0232634584925548,-0.07407756339400294,1.1138254624168331,-3.694793070765856,4.311969651095988,-0.8505942302191873,-0.29323045816136467,0.09336337250514021,-2.7527590552928354,-0.3542030103400272
2000-09-01,1.096116430653707,-0.9106036198796619,-0.009259315971587634,1.3699168328825548,-3.6793588467603366,4.35413962157558,-0.8344716119743474,-0.3529081099807024,0.070856741147943,-2.812234266601104,-0.27688002071115736
2000-10-01,1.271950229449194,-0.8085128818804608,0.051382244363518535,1.501499104706208,-3.5997245998500436,4.361797546721175,-0.793250014175015,-0.3674606693535828,0.05648450180972274,-2.7969361789170613,-0.23722203867897868
2000-11-01,1.1038884115617658,-0.8817846555904192,0.05877501546345015,1.6773197374426223,-3.669582504275609,4.2174396372041985,-0.80432396466237,-0.4159598796131442,0.03832264313239958,-2.8897845603293772,-0.24543379984004526
2000-12-01,0.7383968846539626,-0.9561392367417625,0.01959509447932012,1.563557074587458,-3.841740256397097,4.016672306451413,-0.7937705448998462,-0.5083054837309854,0.014429328751155837,-3.0560281661303037,-0.2833599351332686
2001-01-01,0.559012239107912,-1.0469760511248924,0.023360410725303156,0.9716524492845806,-3.9217010841973714,3.9118804743654323,-0.7632187863477102,-0.5779467736012169,-0.006971000593125054,-3.159836812914282,-0.27579658515186
2001-02-01,0.676415888924964,-0.927868692423357,0.08168051335304591,0.41323351777237927,-3.8376069956561407,4.053598576058907,-0.7149048364979025,-0.5876749651466014,0.002700624312471596,-3.0804064206204673,-0.18196438469246506
2001-03-01,0.9797519335074472,-0.858033384938679,0.14713715074900985,0.4053005986989144,-3.7360004435000893,4.239882051013203,-0.6607496486201558,-0.5461206711654135,0.010393143067037543,-2.9845446191403866,-0.08591418813756203
2001-04-01,1.1074237872837371,-0.8774145259406616,0.22760930853830974,0.5095426677233937,-3.5950143983364793,4.359868492784923,-0.6477097915690069,-0.5240744703712512,0.018041614837155995,-2.9241746078648054,-0.04148462988319937
2001-05-01,0.9936564856488512,-0.8378716771300082,0.19394312809837602,0.4075163003095795,-3.6478158187242746,4.307314372016663,-0.6873381778198724,-0.5142666376066956,0.008146508898682202,-2.9714885829995703,-0.08209514252165523
2001-06-01,0.8719939564442207,-0.8521010731606868,0.1800047044591402,0.5437668146235055,-3.7969324840858416,4.241091724795494,-0.6928392411592873,-0.49351426068004806,0.01043031291101058,-3.0844000334153443,-0.10252829315173506
2001-07-01,0.6468555172501425,-0.8743689775925506,0.1563668311315403,0.3440904559843154,-3.9379981348027533,4.108115019715902,-0.7250329062925432,-0.4797154135230919,0.02211903253336702,-3.178345909528889,-0.12897798269148741
2001-08-01,0.5014760327163905,-0.8937830529342858,0.10031227856708157,0.20176375822242454,-3.9960628395763864,4.078369874768128,-0.7393998296691305,-0.4793515098977757,0.011960362096508456,-3.2711100028428595,-0.12081686851487398
2001-09-01,0.7917321715378152,-0.799825003469898,0.0789789768712606,0.21708647798235767,-3.8797832670711947,4.17487246002896,-0.7842209131247064,-0.47102066995676817,0.01253602670144345,-3.247478502699358,-0.07790358160658109
2001-10-01,0.7680028127845675,-0.7568843312200664,0.039681196928293375,0.3138579515496305,-3.8616432356582617,4.1937559949716485,-0.8020312108874446,-0.4380678701161188,0.008948180832408822,-3.2312559758538075,-0.08152186700003206
2001-11-01,0.6799703826434653,-0.7021917471719448,-0.011145181211063317,-0.3482625338714073,-3.9226871113047714,4.104861557627549,-0.7714900857595256,-0.43780144967062995,0.011848747352048696,-3.2668710035014454,-0.08855136378794815
2001-12-01,0.8095289725740811,-0.6440878889768381,-0.027084165910602226,-0.5842796133656385,-3.9099842361143216,4.2400357768256995,-0.7060048796203948,-0.42022984139102826,0.010111220962510284,-3.189069058228527,-0.03942757066039637
2002-01-01,0.9853250477418034,-0.5016344621382324,-0.11442774302449539,-1.0382522638509515,-3.8811303918198163,4.388968837518753,-0.6832997605422936,-0.36664695598160546,0.00809704438465847,-3.1190799665393807,0.03132496372828408
2002-02-01,1.3789421559045183,-0.3414187449993581,-0.12952248003705155,-0.8078267047935428,-3.844912425302304,4.633990645856654,-0.7016046566458491,-0.2930921274194082,0.009281649501213417,-3.0148814394587697,0.0905500047547696
2002-03-01,1.6014997088445124,-0.3357476340116743,-0.1623752732788024,-0.8989856906509499,-3.7317399169669034,4.7779029354520635,-0.6879077184844278,-0.22311923163162595,0.01484872616174595,-2.9018741879967713,0.15192723886111303
2002-04-01,1.5244030310978074,-0.4786284203630641,-0.22152521363257444,-0.8517312042014953,-3.7346355082242724,4.787114647955466,-0.717873850268022,-0.22510579651989812,0.012895102022304011,-2.9560614897654984,0.12435392352834107
2002-05-01,1.5661496254251541,-0.45283070216774374,-0.24574783975910083,-0.6240770620125266,-3.681740240037948,4.831947766111945,-0.7380268085838112,-0.17138590573223936,-0.002053938619309442,-2.928536045466004,0.11140667832455048
2002-06-01,1.2199269414930207,-0.7170915690114382,-0.2156758601431757,-0.7896251043119381,-3.792450875432367,4.7109302322759286,-0.7443012804214852,-0.2099804890499285,-0.010327128340720599,-3.03804688849675,0.049471810354296805
2002-07-01,0.9959008208829798,-0.8739012995170704,-0.19535104785235471,-1.2519568405275785,-3.837922492835133,4.592551842056091,-0.7786954010666569,-0.23716748640736024,-0.011389424743973652,-3.1166689901517084,0.011701608844095213
2002-08-01,1.0773051943652616,-0.7342904469637936,-0.20393561622289352,-1.0440932592529175,-3.8022419662525966,4.768615929057847,-0.7649374364254107,-0.1875516824714702,-0.02125971759000317,-3.0787873811118702,0.025917015516643188
2002-09-01,1.3054571935182708,-0.500870127629827,-0.16109437394363113,-1.2200356583769625,-3.688231882223223,4.983976888599361,-0.7741610444880234,-0.17897140930864708,-0.030908325855974028,-3.01769240356563,0.058523682230817
2002-10-01,1.269546941648175,-0.4867973697599821,-0.1307373771269122,-0.7908433324438908,-3.6959191134598326,5.073521081472498,-0.7659227421635727,-0.13127216434071837,-0.03950280719692477,-3.0098365650792243,0.05754977530197841
2002-11-01,1.3610839575634286,-0.45754816093792666,-0.12041315849756953,-0.19785676527896806,-3.6510099287361077,5.192577660011705,-0.7674604325855905,-0.1025401703814387,-0.020686262854001623,-2.929203358937535,0.07647991056636215
2002-12-01,1.513173446836713,-0.46065734359455446,-0.05444091385091668,0.20265056079482735,-3.619992268177415,5.413308328263506,-0.7654638764887671,-0.06129761466758246,-0.011080385832666587,-2.8397380653114026,0.1422080666301115
2003-01-01,1.4861886343211834,-0.5741820962087547,-0.049165923796663194,0.6668421464132239,-3.661548442425265,5.4310049798233475,-0.753210918229692,-0.06235078293778801,-0.009911746000916771,-2.857066194982464,0.12947315473540422
2003-02-01,1.7264690570209815,-0.4834947038896119,-0.03527056534305918,0.7855244837211225,-3.544858260412193,5.7627947646320505,-0.7134636188758403,-0.0038586979991244164,0.001222936966114111,-2.695691654636015,0.20002030304321808
2003-03-01,1.8102604200487242,-0.46807995246623446,-0.02593627481573714,0.5572429932271946,-3.511852259363751,5.947372486865117,-0.6962913466586028,0.020600815918520088,0.005772742907158932,-2.6073076548551146,0.22647212262638358
2003-04-01,1.7947118927031183,-0.41354532012813655,-0.02743315778206984,0.5710386859009937,-3.4949679154561757,6.021167311572565,-0.6749770464734951,-0.015098065789064807,0.003031122215983925,-2.5932787954023926,0.20858793333672976
2003-05-01,1.922904202207414,-0.325376130964869,-0.03908583138260659,0.2089539382419955,-3.4529812829484214,6.241657919649404,-0.6764339076600496,-0.0009267811423502859,-0.0005922067628806749,-2.5390152598201663,0.21291343694931797
2003-06-01,1.9872972951946835,-0.2503201709061743,-0.04850690606367506,-0.11792371681212657,-3.4806207643068214,6.329002324137074,-0.673232729751578,-0.018153397535591254,-8.649595953394429e-05,-2.500789212877798,0.210780489372839
2003-07-01,2.7119495527194353,0.2677291460737828,-0.06893759639894032,0.26004053620581036,-3.2009373747861973,6.932704879146954,-0.6483526060561258,0.1205653892809854,0.010650084424154022,-2.216289660419066,0.3249707195485879
2003-08-01,3.1207031499310585,0.672856385340908,-0.11340848363749242,0.08755093906747091,-3.114585077386301,7.291565937315952,-0.648085700847048,0.16274492993210687,0.01576679291469315,-2.089501510270108,0.40258507015715533
2003-09-01,3.535009356660064,1.1387043759567108,-0.16439471542555917,-0.11154783339017062,-2.980240738965745,7.65305778515968,-0.6246593115872914,0.19308929960902882,0.023787584548355313,-1.9329010182587671,0.4240894194939244
2003-10-01,3.5334535425263565,1.3013428317369469,-0.20116565062558595,-0.40614173197741865,-3.0505821513615494,7.751417398192592,-0.6425801947807357,0.19522229534564456,0.03216538502600017,-1.926284285492855,0.3707425989397169
2003-11-01,3.6865711172565767,1.3318489467759207,-0.18256462368108267,-0.28505008634578344,-2.9914525955856632,7.918147330523667,-0.6149212940355648,0.2127596974987929,0.036954522381944147,-1.8893527710118438,0.3389881217147533
2003-12-01,3.5036769297059562,1.0960106649742223,-0.19546623675535554,-0.3526365542134136,-3.124534568664667,7.94374259476929,-0.5569850998440032,0.18852787660160633,0.04027411722048551,-1.9375204653970357,0.26857317717613444
2004-01-01,3.29175536103832,0.77979432551351,-0.21776509239710856,-0.5663552753682105,-3.2274545966342942,7.752266164099161,-0.5164441930862278,0.16880605940593457,0.051725626410830464,-2.0070016073862296,0.1839095366171598
2004-02-01,3.7024075960200236,0.7762826308508353,-0.15273545341689232,-0.3210099576321068,-3.052286138644168,8.15622629592978,-0.4567400042788825,0.25828294001698215,0.07764478328908575,-1.8191940585908495,0.23184243858959402
2004-03-01,3.531744772947907,0.4269080502688195,-0.1788756267719148,-0.21753275220284923,-3.0264962884999305,8.21386084732902,-0.45187501224334337,0.3166163192623148,0.09996488969129913,-1.819639097379551,0.1947006218093812
2004-04-01,3.542284545684632,0.09111850464508348,-0.21400396180784365,-0.30809968566985585,-2.999749328563599,8.268537255718075,-0.41717224272474185,0.34607140653806046,0.13811090549670876,-1.7963684088914544,0.17020288692623398
2004-05-01,3.535890703645205,-0.11264629784269883,-0.2430902036002274,0.29649160154167536,-2.979939294897333,8.368275942776371,-0.3727882745470996,0.38181513296997077,0.16181643846246077,-1.8182017792388276,0.150335521868814
2004-06-01,3.530833055762,-0.24253728760644577,-0.23829706367804226,1.0787368695608186,-2.9327243831828005,8.492611643558282,-0.3459658892012249,0.41930905171337657,0.133209040367784,-1.7890330737205424,0.1568141124525847
2004-07-01,3.6220401900753423,-0.29803144620882605,-0.2304082937934161,1.0156430964225218,-2.879191864360715,8.647398944376471,-0.3286297546044175,0.45248037262628793,0.10945044877573536,-1.7731911898912323,0.15852000064354632
2004-08-01,3.798810324231267,-0.32567983563448977,-0.2395437797765346,1.4144445590574901,-2.7167805159724416,8.876659573774019,-0.25921176020239656,0.49045210933621197,0.0983476988050283,-1.662150665819833,0.23659353377008
2004-09-01,4.046684251833898,-0.3527083352478706,-0.18872460826929277,1.7997149126105976,-2.5867410269527173,9.08397372522547,-0.20255442833114812,0.49915695711502833,0.08627525592241284,-1.5879817446094813,0.3090709396027975
2004-10-01,4.03666816960976,-0.5338233894943263,-0.12126193822313519,1.104615627350447,-2.5504075820050915,9.137642317296944,-0.1923942846895239,0.4895483007652911,0.07791894250800747,-1.6228916775824027,0.33510246638093527
2004-11-01,4.1049048855918375,-0.44511970805797163,-0.0995394795375009,1.468778433876622,-2.512834087439222,9.28978576966557,-0.18636488940299803,0.45840380567389455,0.089755493186439,-1.559148397409646,0.33667923719958637
2004-12-01,4.2455049753077185,-0.34512949936102855,-0.07928302550825486,1.058667586166393,-2.4392286992393,9.482432272796817,-0.17796608509740433,0.5278095534473052,0.10176226032898429,-1.463026877016068,0.40481894299960497
2005-01-01,4.420202398695952,-0.2744885050010184,-0.04221801242952576,0.4176378817768647,-2.3189028214040723,9.702274121821347,-0.1211075193115415,0.5804888737328093,0.13139636258576948,-1.369756585506667,0.42515977827044626
2005-02-01,4.452617379164778,-0.11379461976195848,-0.03340327923419986,0.37878852809076613,-2.302105157125637,9.856656500082744,-0.106771645056113,0.621432505883196,0.09511376501849605,-1.2947206789769377,0.4159096937137312
2005-03-01,4.4537859790906555,-0.13930929422875682,-0.015769921079357374,0.41672960715994556,-2.269468959222607,9.9454597088037,-0.11969860286161407,0.6724799599506119,0.1154488977310371,-1.2778967032331239,0.41749450440586144
2005-04-01,4.209403970758704,-0.41977939606475867,-0.018842269221662655,0.49917701787722524,-2.324635793773818,9.841436335636331,-0.14793385912588441,0.6776297577997981,0.14522789787526033,-1.3339669806783516,0.36982432098533535
2005-05-01,4.047035327305444,-0.43926177450562087,-0.034516105049797935,0.819958211674927,-2.4116555051402466,9.786766273781732,-0.19370684729597448,0.6785876036502252,0.166768893389653,-1.382134281170404,0.32126735983267485
2005-06-01,3.724961184710458,-0.544345312558213,-0.04481875560235576,0.7275038783851123,-2.5565433615780586,9.620675343000126,-0.2682968803873378,0.6355492354177625,0.12758067371992662,-1.4660530513780676,0.2823349350546299
2005-07-01,3.6769903043330587,-0.5819448545362889,-0.049571152813842445,0.969969848097726,-2.5510729485034807,9.60747795430445,-0.2656394413949693,0.6660529589089486,0.0974900632666844,-1.4719373990744296,0.2808492592686725
2005-08-01,4.165862336750953,-0.420135593771221,0.02717724535499985,1.6013320043170536,-2.3894896360568385,9.879202244440387,-0.2802009892606881,0.7084240656886822,0.07379198621049264,-1.3505453415286,0.33145038924505216
2005-09-01,4.441311915168756,-0.31396482903506184,0.09521225688852476,2.1660028929402495,-2.1977805877822005,10.10973696890941,-0.30916545070183143,0.735741272924592,0.06450508134388841,-1.2555397334879599,0.39278531984201664
2005-10-01,4.352082085892478,-0.3523466657548875,0.10796497553397272,2.288160072623852,-2.193145999067333,10.077563635546824,-0.299330537982157,0.7262859587455524,0.054638713861509106,-1.2689812982236361,0.4128856582613686
2005-11-01,4.2567418646974495,-0.4261566753657646,0.10877775560812805,2.1861702990434675,-2.2780845315822162,9.95048311412567,-0.2879192603692736,0.6653591924702515,0.04605612295199866,-1.3274848515073279,0.3861636578253076
2005-12-01,4.564556320707316,-0.2692396808034464,0.14064797127983708,2.4002836964685805,-2.1973287819225074,10.12845205829001,-0.27521195826552647,0.7175690946261707,0.04384754043870652,-1.2155063126457968,0.4489910417190748
2006-01-01,4.831596516304806,-0.13173510325233873,0.11578134799565269,2.5564321762584186,-2.0630554642018044,10.269843214479955,-0.24808459425188345,0.7514740319795749,0.05448613657284988,-1.0984340023923949,0.48603040828194616
2006-02-01,4.933735546369976,-0.07975964538984501,0.08920558272010079,2.438851654082125,-2.017108663002276,10.296775142985926,-0.2229317543566483,0.8086285244027869,0.05976421638000816,-1.0800623402220133,0.48334115038385433
2006-03-01,5.011025384002755,-0.06831395998592316,-0.013690323170582039,1.3884562340935376,-1.9622638229961025,10.248924233280146,-0.2169131336635591,0.8390733602180251,0.0720201708969849,-1.050861753890852,0.45172730227016267
2006-04-01,5.232028912528392,0.017021389372364304,-0.03000597613803105,0.7658071382640395,-1.8746565846599508,10.37906672469003,-0.204770153402053,0.8653395443592482,0.08547921051010023,-0.9314058819874491,0.4904650123046857
2006-05-01,5.377664461000128,0.09704289139486444,-0.04325794368664174,1.1825924405526407,-1.8630034989520756,10.392860543865396,-0.1888773675260439,0.9095908286380368,0.0950353205179198,-0.8958025516135539,0.47928757703138236
2006-06-01,5.358738448126099,0.1899816805487513,-0.13402361119560968,0.7152463691019436,-1.7917660364131183,10.357911132678007,-0.1728513907092955,0.9246066568050413,0.11807770666358225,-0.8914547504621402,0.4646646339769426
2006-07-01,5.29206423438894,0.2242977124565,-0.2177978967545402,0.44438826322601066,-1.792835824216211,10.258728223216732,-0.17256103994644473,0.9107692328622158,0.14729592381027423,-0.9294897316778648,0.4298875372023485
2006-08-01,5.379980386277061,0.3287616418429812,-0.23786172117535154,0.9219287774923475,-1.7343585042483154,10.277309111252874,-0.17842731988343502,0.92115880212898,0.18957843024409216,-0.9131975557134832,0.4117198502016594
2006-09-01,5.36586121520211,0.455359247957432,-0.21955624682372993,0.16611530144157938,-1.6352755945281863,10.207135760266286,-0.19846247614178714,0.8886690708233425,0.17098341758036328,-0.9180488487438743,0.39451834922356893
2006-10-01,5.331540377943018,0.4651832738026026,-0.1547053955713082,-0.33780417451300154,-1.61816880679847,10.183621798652101,-0.22230210585883742,0.8821861103346877,0.1667634093307157,-0.9692269442140415,0.366329029485596
2006-11-01,4.96720735529596,0.3757321878113109,-0.12588866826500322,-1.0818686248115248,-1.7261989358341585,9.956523590508851,-0.26728243190526535,0.8332743118266489,0.15041753835913207,-1.044658871234736,0.3126402237388135
2006-12-01,4.68309967671098,0.0801760634766284,-0.1254439364372278,-0.7477362383329638,-1.948375191694792,9.620323785974943,-0.32395569489255804,0.7734268882298223,0.1407819573789334,-1.2268902084649032,0.2036750181154054
2007-01-01,4.613442368906955,0.0985219533891663,-0.07418378762880834,-0.609044861631886,-2.0060841193640284,9.567129702127207,-0.32548423199863535,0.7973455703515434,0.15270666450970866,-1.1969027444396176,0.1874771556011045
2007-02-01,4.599288521250328,0.14524604603124064,-0.09319391647439841,-1.0310253891014731,-2.044506849695528,9.485751175732396,-0.3248782251671304,0.8359739492680874,0.1863396205096652,-1.21496799356402,0.17051954468684422
2007-03-01,4.631300035434235,0.21324949056691858,-0.11904808307751348,-0.7075623833506457,-2.011004509449736,9.52085865929492,-0.3253515224779543,0.8877299584232224,0.15408378641638615,-1.1435074536143397,0.15566287014156432
2007-04-01,4.941124575038314,0.4045993471454029,-0.07189190778752463,-0.3168069120672381,-1.8697312794537555,9.607337583679495,-0.3468455473953737,0.9883257802043208,0.1337388281972451,-1.001958093571723,0.18359395992260696
2007-05-01,4.884925682933025,0.5308178643325885,-0.05137251560519239,1.1391082498864695,-1.8739892967284704,9.608152139677287,-0.3941239432184016,1.0618249658917613,0.1106654334909952,-0.9766893630170478,0.1475022700965643
2007-06-01,4.87851373239731,0.6573912482200055,-0.03154068209014447,1.3935444026790609,-1.912605807473329,9.511711543925022,-0.4365302743408489,1.1152746392967703,0.09519824261490976,-0.9951041400502797,0.0905469690919428
2007-07-01,4.874041302884281,0.7156867069171564,-0.01726680110238034,1.4357585276455633,-1.9029429352726073,9.447010422676447,-0.46557230694761453,1.1459840781965491,0.0857921184747828,-1.0016267868036488,0.05254917716242069
2007-08-01,5.033895438940893,0.9340866068305367,0.004865445001343428,2.5236380197978803,-1.739887304480507,9.529528136548496,-0.47502047623683247,1.2016737010045815,0.07320204953755853,-0.9197265071692078,0.08569601681930403
2007-09-01,5.396273189407431,1.2432109896138985,0.04878612252061735,3.3745041132188405,-1.553378597985835,9.728925317801068,-0.4868747358164635,1.2401788542512888,0.07587445015576982,-0.8025565383361354,0.11071184894785027
2007-10-01,5.933470792833665,1.7455503402025982,0.0954313584186913,5.387129963352986,-1.3473522068823593,9.997768822948906,-0.45989013247279653,1.3566176367064373,0.07571141108756216,-0.6060422680825149,0.19267468350711492
2007-11-01,6.131389263541461,2.122529549956804,0.126614395920221,6.614623707165776,-1.240057091426358,10.172455023373846,-0.4603259301290068,1.4417199192129022,0.08532333203289921,-0.5154276045692107,0.18079186912850304
2007-12-01,6.5538806590561265,2.6461819007251535,0.1908668478369241,6.522535579268655,-1.0729011688883872,10.414310908448535,-0.4845145420780027,1.5304261651323752,0.10979312982558051,-0.3336970481745454,0.22449805861257716
2008-01-01,6.874977629851324,3.02867090060044,0.16284212418621166,5.73975579669214,-0.9709932891709746,10.526393842372892,-0.4857054556265604,1.5577818117849138,0.12180486847337377,-0.22350174691018032,0.27352598653520843
2008-02-01,7.37610891143908,3.6458475704333186,0.17637468312100432,3.941506013653994,-0.805439803609266,10.852363990303221,-0.5213319221421919,1.6311695231475007,0.1564557336587823,-0.009606350712629164,0.3330303420140755
2008-03-01,8.102698804713457,4.360000093509518,0.2116051826402928,3.4258823376629186,-0.46514768760227554,11.32594825398104,-0.5227086931894913,1.7422563333140724,0.14688367117728682,0.311708628146741,0.43569927882548554
2008-04-01,8.497499269175776,4.689473787391288,0.21987319851716072,3.4941827243485424,-0.3875137625031485,11.563792709888617,-0.5594784863306694,1.7946803909341815,0.13937713831450738,0.4828770112180315,0.502450129402012
2008-05-01,8.427352858178704,4.589905699311155,0.22106603939606734,3.0305602688909272,-0.4298882752667109,11.46675888052676,-0.5759556690320817,1.785266823622667,0.12202605348799597,0.43935270337778976,0.5036808650368536
2008-06-01,8.30816276470044,4.439585767621666,0.24458624285931488,2.4922326996484827,-0.48895842291508884,11.446044049881177,-0.6046042102712821,1.7587020166674099,0.10972836746751805,0.4178024864518295,0.5297734509221356
2008-07-01,7.625920852882227,3.913284111333084,0.16376934714271063,1.6326032151395358,-0.7690745987152612,10.979642295011576,-0.6360176970816784,1.6361086006613292,0.09188772527454211,0.13589193677733735,0.43630316044972267
2008-08-01,6.927301139905137,3.408739017432885,0.0948333628169519,0.6842456544096287,-1.0633527571500592,10.525637910285774,-0.7021890254378534,1.4828066214894964,0.0797066873730633,-0.12462040868132496,0.3337451254416266
2008-09-01,5.978637774524866,2.72184450593642,0.01719909772773926,-1.7512607864235463,-1.427832836895378,9.871818999688443,-0.7453459752498979,1.2654213559671093,0.061044396179804256,-0.5392246124531744,0.18362412543335016
2008-10-01,5.052686886810365,2.139056246689583,-0.058770599032668194,-3.2173864496493136,-1.7768870976173021,9.29705503602349,-0.8183281783672087,1.1058454492727638,0.062264384743055914,-0.9043660988182152,0.04387436378920517
2008-11-01,3.8086590795898285,1.1914026177028711,-0.15961747111136076,-3.7420058001656002,-2.321511370834865,8.454747146714778,-0.8889969611468692,0.8975651433719041,0.03860446736051335,-1.4456764433999105,-0.149564867697625
2008-12-01,2.838627834237997,0.39962445305284,-0.23994758586857917,-4.035996429107303,-2.7479220215521534,7.770386686795233,-0.9340403198624375,0.7407867039666666,0.023757136771952066,-1.8075713389006638,-0.29463685660092404
2009-01-01,2.352930624946558,-0.03360572250644284,-0.30833231047948817,-4.039818882308307,-3.011613340973943,7.421934180173963,-0.9520757450515843,0.6799646048702219,0.0228102142290572,-1.9847753015423457,-0.3257087408778058
2009-02-01,2.247968357140758,-0.183745268123726,-0.3164461601308588,-4.193958965614088,-3.162224100787591,7.3302994926405365,-0.9760924585690038,0.6955477225721578,0.02811856537188932,-2.0221917915444605,-0.3339040744810735
2009-03-01,2.141798961659202,-0.3574703396664377,-0.26507268834961795,-4.942468971217994,-3.315426248053144,7.280873017395704,-0.987827154146933,0.6909870770747228,0.025990360372096094,-2.026103114693119,-0.3312273238233886
2009-04-01,1.7264683505092633,-0.8821661335021673,-0.2537103631564488,-5.507377672723189,-3.561592051864444,6.931555788916646,-1.0274891955834355,0.6127558876957784,0.039568545677600805,-2.1858197718182772,-0.37438245345458243
2009-05-01,1.3835557488303323,-1.2294323166969363,-0.25259347024542605,-6.378293983484864,-3.821317382315336,6.7015249708480535,-1.0477627420420357,0.5774656987328706,0.04863846996522547,-2.2982837685634805,-0.4303344427897179
2009-06-01,1.195531153368809,-1.4856028432179258,-0.26421625348852923,-7.106973818873792,-4.008860861957384,6.51256196193639,-1.0794917482955966,0.5695147410474259,0.014632170745516732,-2.4071743002941757,-0.44272981133694334
2009-07-01,1.2380754317572604,-1.5099881027475885,-0.273859529716458,-6.599068324660886,-4.091563919088555,6.459198320568699,-1.0691824885105996,0.5513916184215837,0.003297027819500619,-2.3835828220576945,-0.42766595055770756
2009-08-01,1.306175082536519,-1.4913005243522797,-0.29569307729889166,-5.37554888857424,-4.094061378914452,6.560540614837521,-1.090108762576023,0.5835960909140272,-0.011583676868868714,-2.331203578049384,-0.37000892630846444
2009-09-01,1.6857581682335259,-1.2936884890269365,-0.3271246132090194,-3.8313348804285017,-4.006892214299755,6.721447727107453,-1.1080879624259614,0.6150488489741814,-0.03011136530821698,-2.236460017608416,-0.2944628914103494
2009-10-01,1.4779016736482795,-1.508881444033756,-0.41343307380251715,-2.0272738042800174,-4.160108124094044,6.542086851407317,-1.099388935539162,0.5634315010537194,-0.011784798782927104,-2.315036877218059,-0.3204719842438694
2009-11-01,1.5670161538969452,-1.493439597844171,-0.43271090782685395,0.36729669145609933,-4.229558500029594,6.519168363420292,-1.0969920066164318,0.5592071187932539,-0.004973560221016887,-2.331819969105571,-0.31709671825515606
2009-12-01,1.6211333160833667,-1.5853693889009237,-0.4850459997557054,3.2136925677076036,-4.327706314395283,6.491996687516191,-1.0920829092297777,0.5478656680292325,0.003109006841633642,-2.3122329953094614,-0.2929787261888588
2010-01-01,2.153304191141328,-1.3035502059360575,-0.45915907752414786,4.462338038671602,-4.1848506645391605,6.800083810715727,-1.0512914095981731,0.628208815004364,0.017257942803001435,-2.132499102978807,-0.19945801733666257
2010-02-01,2.4272595194200686,-1.1695437654136436,-0.3875919674035693,5.265165315220807,-4.200960511993669,6.892158426823823,-1.0406040721929914,0.6551526103735408,0.031029616187000765,-2.075600826190308,-0.17941419129840808
2010-03-01,2.2808041110756077,-1.3066923788442053,-0.3864949533252118,4.701815873465888,-4.364996056830746,6.738447862003448,-1.0340537140995727,0.6258526190774204,0.023115294560836937,-2.1510164067745445,-0.200264466429157
2010-04-01,2.1655952833283187,-1.3601519028075109,-0.39498501159365046,4.384979784861994,-4.507856028734144,6.571924511985166,-1.025411063456203,0.5601708298167689,0.03409812898983705,-2.2538385708233966,-0.2644026032956425
2010-05-01,2.036966485623031,-1.3234839406633263,-0.32918930823110765,4.9773966185064005,-4.630049679882889,6.524067814870017,-1.0346621836013274,0.5056296501403805,0.043233689571938134,-2.294153102373426,-0.2644099631902591
2010-06-01,2.0066344533012677,-1.2719373202238877,-0.3088642993248264,3.907544791832476,-4.691494498385671,6.4253225833044425,-1.0413652725170535,0.49627373827260646,0.041735408930448956,-2.366892537340693,-0.2516482561270288
2010-07-01,1.79699749408225,-1.3618607728642307,-0.30166664687449174,3.480745186853116,-4.845984198201185,6.253677713069777,-1.085532289174497,0.4222873050509304,0.04477491228107818,-2.444494666406893,-0.28606200223677825
2010-08-01,2.151431961503589,-1.1233616179692876,-0.28147692781067934,3.187175499125099,-4.728790202462629,6.381961998638132,-1.1225998770572656,0.48311717072005367,0.06592904738059358,-2.3797407517076974,-0.25217985624219974
2010-09-01,2.4045822089765716,-0.8039601229314115,-0.28845065277160187,1.8514443454768208,-4.556266974620799,6.622858971787625,-1.1070896187217674,0.5258064208009454,0.09014219581893756,-2.2309659824539594,-0.16612088132405117
2010-10-01,2.378040011474247,-0.8301194910251628,-0.2432961562075814,0.7484343466064097,-4.590543926844691,6.576289091461462,-1.1403635018730882,0.5271356651582733,0.10754802181206505,-2.214320261465182,-0.18396010955353487
2010-11-01,2.2659397714387577,-0.7979361113050654,-0.21941558190773114,-0.20870440975596954,-4.57838975485603,6.570571407157797,-1.19493686074521,0.5577656228124995,0.12635945140599703,-2.2262205053789357,-0.1959048983197319
2010-12-01,2.2153873706587275,-0.8467170567278355,-0.22360320478135773,0.6092993080239164,-4.6255061328781135,6.467562757651661,-1.2588592791303899,0.5531386775894216,0.14326694696197945,-2.242999725200806,-0.22447817549474836
2011-01-01,2.453081530153961,-0.6049757200304651,-0.20367376275070473,2.478320948835586,-4.5509376040949885,6.5595353999550365,-1.261089509141283,0.5753485867142838,0.1698137968386184,-2.121315869893314,-0.20840216177910165
2011-02-01,2.5504678905262654,-0.42691601861078876,-0.21735143542331126,3.672157794205315,-4.528019328121367,6.5961647933232435,-1.2675585153673343,0.5665954939831748,0.1775295906737669,-2.041724544947723,-0.20899311990426866
2011-03-01,2.3107170751236055,-0.5446959393513355,-0.2639524496510802,5.255956911917606,-4.631628842587624,6.434531825461242,-1.281015933222477,0.5758320231061435,0.1580096056918966,-2.063615482521313,-0.26280847641083693
2011-04-01,2.129103555396935,-0.7693583052900488,-0.24882354495870507,5.887017619363256,-4.746206872467969,6.247078220781831,-1.2776074141604896,0.5243653844273171,0.16922448116658784,-2.1162251943107067,-0.2927120152052177
2011-05-01,1.6091080195954455,-1.0413582012126081,-0.26781369895686635,6.291142309928346,-4.969587265307226,5.960027021142363,-1.2668131111938452,0.41725915926945284,0.14151814953038416,-2.2277838712089544,-0.3636365867659146
2011-06-01,1.5068318389618924,-1.0423029897233902,-0.33933920465646233,5.524310838495051,-5.0639986910489885,5.850146806958318,-1.2737553622112279,0.3873655750964588,0.14160767151396586,-2.2326067534485166,-0.3870568920183194
2011-07-01,1.9608922960710964,-0.6455422437205627,-0.32077171977292984,6.247529533424374,-4.931591129418443,6.033426173615912,-1.2693493859092655,0.4328195319344037,0.15902129004114027,-2.016698004271837,-0.33578958734643016
2011-08-01,2.1409994251488906,-0.37293631223988255,-0.33855422990457856,5.984981419554907,-4.847208641052992,6.176655294916998,-1.2516848764280533,0.4672849152967372,0.17779556251732198,-1.869601084000342,-0.3027117528251264
2011-09-01,2.5256239885084524,-0.15849470392765008,-0.2995668132010516,4.5966587856114405,-4.710247416746104,6.236709340349937,-1.2437609667253766,0.4813945598118814,0.188394127520853,-1.773318355502509,-0.2549210015546215
2011-10-01,2.515690390952978,-0.1248776015063372,-0.28511536817140964,4.180612814231887,-4.566520164981221,6.272905472818765,-1.240397768352899,0.47879440071132745,0.2100572774639914,-1.6979868457937484,-0.23671254353754895
2011-11-01,2.552805856398674,-0.12145547161989112,-0.2956478696993585,3.3924382650651506,-4.569417921670468,6.231484010620801,-1.2241277807932232,0.45793085913345066,0.23788618535227427,-1.6059180914433058,-0.23024502515535933
2011-12-01,2.6265654151688205,-0.15831166780656702,-0.31931735190587196,2.7059009628623034,-4.573404113352001,6.132512083862408,-1.1884953678794312,0.44307941796558015,0.2650001655002961,-1.5345183723038558,-0.23231990228022414
2012-01-01,2.8255172323281252,0.0040249869285572115,-0.3622074454195204,1.641380212088691,-4.4690747886599755,6.211616433378522,-1.114245984440034,0.45217459390772297,0.31240357785068795,-1.4052073070016808,-0.22824178877569037
2012-02-01,2.942791481704419,0.012031825234339877,-0.3385290781129472,2.1859152620623767,-4.341501490565403,6.252264145688308,-1.0757877711422053,0.49230726959861726,0.32887749189152704,-1.2498418629926398,-0.17005606054689565
2012-03-01,3.170806348715229,0.02839272122218031,-0.3352876275191551,3.846314620654178,-4.176564159620391,6.324576545057769,-1.0460927244227238,0.5050439613005322,0.3117152658792238,-1.1911795589213936,-0.13900737266042024
2012-04-01,2.713274179570857,-0.2683604629500127,-0.39095545167632845,3.658987240600332,-4.252500492830247,6.044170533160591,-0.9895065272066705,0.42631533258290666,0.2969263233930731,-1.2922898552602828,-0.18044642258752525
2012-05-01,2.5712379610790523,-0.35647523927712504,-0.3842438729591443,1.6486519905513788,-4.3101153898603375,5.807674321123901,-0.9605378957321049,0.3640747435175353,0.2591053080091371,-1.3686472506522118,-0.22144335907270873
2012-06-01,2.4726918060123437,-0.41634909731644276,-0.3772795960170985,0.8948152663960436,-4.206626095170261,5.756725365067275,-0.9531421626122185,0.33898762336260546,0.227339354617453,-1.3624102288929012,-0.25416568210310225
2012-07-01,2.505049016177197,-0.4673054468010216,-0.38985952068706375,1.3349705538644843,-4.107437357414645,5.7128839841433425,-0.932352197088175,0.3327163295811343,0.21149698693429644,-1.3006463831473105,-0.24931359772187398
2012-08-01,2.517152705022432,-0.562504773156781,-0.437157745953977,1.3805708277199853,-4.0264196719064,5.600382667734473,-0.9004501324046605,0.36518447655330033,0.20330141168058863,-1.3033216848419367,-0.23151317991014747
2012-09-01,2.9970904645154794,-0.3312912885615253,-0.40377524820234856,0.6049894135137126,-3.749094967122989,5.817751157428494,-0.8514305009524971,0.40507391846675067,0.21076316421662886,-1.1464165296157305,-0.16147313697319315
2012-10-01,3.1595541190847887,-0.35894211120973996,-0.4063151231639883,-0.810604073902998,-3.587442046793285,5.8490375027935535,-0.8248339158613511,0.4342110207965277,0.2286919974729792,-1.0690482084142634,-0.1585390425812954
2012-11-01,3.1266266122795967,-0.4152232295825571,-0.4423590632759739,-0.8115529157247937,-3.5080996966683093,5.832857021126765,-0.7949520304936619,0.392376061087733,0.25024886742164415,-1.0246276427164211,-0.12637004647880973
2012-12-01,3.302024166776186,-0.47045027791232197,-0.42447984186877286,-0.19644781824923474,-3.3345706911212485,5.881720609163558,-0.7422552335227788,0.4534889805925111,0.2780694770286438,-0.9125635635411278,-0.11283312719799818
2013-01-01,3.9134003329875626,-0.15881720124909537,-0.42734589648984667,0.13463634379794875,-3.0170812766399266,6.17855158668861,-0.6566305969947815,0.557557414532345,0.3293628748672661,-0.6462820499510127,-0.01918627602858433
2013-02-01,4.492777574545249,0.03614879364965243,-0.3767931458071376,1.4514613046492904,-2.6760844232483425,6.518521662133992,-0.5958663064362812,0.6407481445165071,0.33054278436121565,-0.3366717869584999,0.09543405181330628
2013-03-01,4.84983999043614,0.15170858030137235,-0.35495223456681624,2.590321704861905,-2.4600822736381085,6.7066167044920615,-0.5703194288989057,0.6809386455938344,0.3039261355266497,-0.17951444765648017,0.15874599586200255
2013-04-01,5.196061282570767,0.2859134472914391,-0.36520490962348906,5.258681754880369,-2.317133160821066,6.7981995149417624,-0.5643225397139063,0.694575839716181,0.2946886107622743,-0.015404165086512656,0.2090872867894018
2013-05-01,5.63074517579747,0.5696268979719246,-0.383360646907954,6.5325084027198095,-2.163921125938794,6.959241546393523,-0.5235725822725825,0.7104525410787051,0.27758200038468084,0.180892529966551,0.2773325712551459
2013-06-01,5.992922593839586,0.767444585906616,-0.346650005379667,7.648787062817711,-1.959809787472199,7.159224529692752,-0.5250290806545167,0.7056141550220654,0.2861523861516466,0.3340797876978969,0.3204177015500898
2013-07-01,6.263607353992974,0.8248097414603158,-0.35223214676323317,7.093667727045494,-1.84443116156813,7.198371782409978,-0.5498121033953421,0.7119797309728361,0.2966122615066211,0.4330170931919377,0.3540951815366366
2013-08-01,6.481443264151421,1.0001072685553627,-0.2879318916794516,5.907835721352777,-1.7211606725903503,7.264831286597216,-0.6025166673324747,0.7052854974547729,0.3148021264716907,0.527868768283603,0.35077069796991966
2013-09-01,6.912791203953427,1.3233429539810486,-0.24145268999251368,5.361348314806884,-1.4680104161077288,7.462221401928883,-0.6173545639025726,0.6747903229654433,0.3604258663215675,0.7144941014424361,0.4207113427072856
2013-10-01,6.856488045051569,1.3223523388950063,-0.22425116730932093,2.1866638624687447,-1.4240906243919733,7.441492645485178,-0.6223512072424404,0.6144921616729657,0.34962142526408313,0.7029230945180218,0.41009451434754485
2013-11-01,6.718565706184979,1.26089399283937,-0.21810980959498283,0.37378390004800205,-1.417439550726792,7.326349432368359,-0.6454940075086663,0.5562033710577667,0.36403588479451165,0.6763018469843164,0.3945819764105746
2013-12-01,6.895939320470671,1.3972385004279473,-0.21313094512147127,0.10796882960304863,-1.3655911518876485,7.355592116628371,-0.6465131490824846,0.5387938567762546,0.39675202529041775,0.7697881402352766,0.3955217110056364
2014-01-01,6.971136682984757,1.5063418604210628,-0.24213767993023147,1.1963938898372608,-1.269363625973908,7.365332449598594,-0.6176209186388013,0.5119340624764712,0.44811892069686254,0.8351590564810883,0.4203527941956264
2014-02-01,6.97571205197933,1.4423715015459684,-0.20245787268037385,2.0706373768459674,-1.2468255576808498,7.3908767269855975,-0.6087182214629132,0.4718019526738956,0.4748608611439493,0.8764215190786905,0.42645902759153764
2014-03-01,7.003443813975004,1.4809500968365183,-0.17511307669629622,2.684624189383701,-1.2545564085097498,7.420598375115738,-0.5726741501898253,0.4535127081579976,0.48040973212218097,0.9249516409356071,0.42291156565765725
2014-04-01,6.960202925593091,1.552173275019245,-0.164215451092584,1.8966503062175746,-1.2826240246309766,7.393282141761884,-0.580302884502466,0.4136507970881199,0.4347823065958195,0.9237054043175488,0.3896588919173489
2014-05-01,6.821189205082222,1.4703924705824845,-0.15897188625745234,1.213401883628087,-1.349786628116238,7.134582243184415,-0.5799622474637494,0.321546489035861,0.3840393147573067,0.8448147615303907,0.32018520740398204
2014-06-01,6.64768871722408,1.4708213684532723,-0.15678179689688088,-0.11686441483910892,-1.3892307718174473,7.052908146774296,-0.5622075794397086,0.24692157839876774,0.3552958692219364,0.8154021168381669,0.29755323854964
2014-07-01,6.619259802995145,1.4542641913839711,-0.15534959456866054,-0.7971327674046476,-1.3964304672339012,7.025618259236106,-0.4828859251144898,0.15789163879099322,0.3293059781336299,0.7979865830746902,0.28170617599762826
2014-08-01,6.3622078520037535,1.2031637355843636,-0.19960600424296984,-2.0714249048267286,-1.4584609795576435,6.825596692878001,-0.45451016855024756,0.06601989940881964,0.3091680547665019,0.6759679050512598,0.2548722706819069
2014-09-01,6.587304095956995,1.3344327152619737,-0.140255051170673,-2.748311869121319,-1.2951841112987932,7.002764467459972,-0.3528393641129612,-0.013281058678592757,0.31127431491580493,0.7320940614089002,0.2978160884139092
2014-10-01,6.446542292605738,1.19255180908422,-0.11249389110227825,-3.6844571349602626,-1.3049698707833541,6.819393716954817,-0.2813281993683385,-0.05631768655600735,0.2757976507127996,0.6876438662467033,0.28151927730902826
2014-11-01,6.288755541509245,1.1379164524162582,-0.16989090221763298,-3.468157312098569,-1.3407308954498078,6.706324999802255,-0.25001836337011035,-0.1790509729840276,0.24365008428037394,0.5996207453486118,0.24674076042014548
2014-12-01,6.505797301609849,1.3203795686324011,-0.13275159638080095,-4.061716985610309,-1.1553110846832282,6.842438833107078,-0.17231297979675,-0.18613346758460608,0.23428645147062332,0.7092108973774245,0.27540826081329156
2015-01-01,6.815451859783288,1.5877091872744766,-0.11433655382872716,-4.999245684356131,-1.0355821631816764,6.9919905651766605,-0.06796737600849695,-0.16738711920331395,0.22079017216561692,0.8522601084586106,0.2912688945397112
2015-02-01,6.862625583226789,1.5024763212848455,-0.1249837737870368,-3.5723061508505802,-0.9765119868875685,6.944757721042031,0.005269836612737645,-0.19736616934814888,0.22283860448454287,0.8297139296371419,0.28264173810931703
2015-03-01,7.021679397065068,1.5928602766909021,-0.12457425457496774,-3.9558210847478206,-0.8970310915967625,7.026510487759229,0.09586842150229954,-0.14680971657091846,0.19948595820674309,0.9020250757381766,0.31840714871794373
2015-04-01,7.179691677414732,1.7031386759747869,-0.13399330859774006,-5.072268880753912,-0.8068209515413137,7.046687067502764,0.15885070112167726,-0.15277332403148713,0.18342488403134125,0.98556289678229,0.35590735772874516
2015-05-01,7.053541686915215,1.7104173893909922,-0.16733352601765378,-6.060164826738649,-0.820140401309296,7.009541139269791,0.2095506286315119,-0.16733138793465363,0.16172043656928484,0.9616983074809434,0.33670136951379426
2015-06-01,6.930453301311184,1.6377420093401698,-0.13896660579677203,-9.825840864629512,-0.8428430025710301,6.859963805030331,0.23132049866966448,-0.21379427935486828,0.15117450779638714,0.9198767882728075,0.3125968793860535
2015-07-01,7.164424491997599,1.7447881583481482,-0.1013580958007965,-11.686808043282372,-0.7180595432256014,6.952667975237826,0.2609689987626638,-0.22361643723321412,0.15339733843836845,1.0511165169116257,0.3570819367465512
2015-08-01,7.014076679020765,1.698682460481026,-0.09587747969032129,-11.620880337255366,-0.7466223045321914,6.902953247433636,0.23375362698879232,-0.26600012054163275,0.15992183747687372,1.0099362361724862,0.37629920322902777
2015-09-01,7.124047596855454,1.8957323358002627,-0.056983155646584,-10.179130932468777,-0.6195924018076906,6.998841567235923,0.21868136733598453,-0.27754420338982966,0.1730244336430816,1.042505039832446,0.3770388810177531
2015-10-01,7.133904206063888,1.9225293893221447,-0.045481592040717125,-6.228373320560132,-0.5645319156805695,6.988320797507514,0.2524467496659881,-0.32002533904031005,0.15097215976751907,1.0492505196974569,0.37028406106691625
2015-11-01,6.534124307444701,1.462340866620172,-0.13137244957799102,-4.356707944963917,-0.7912236587782818,6.553460777834484,0.2144230806383041,-0.3915493394764663,0.11366024874049196,0.8106409184123281,0.2792688708095922
2015-12-01,6.1142183586127175,1.0088902711144194,-0.14303425544636103,-5.057986225660781,-0.9332011861743814,6.216002862051395,0.191882705032287,-0.48044012560283744,0.09377154618402372,0.6624341997647457,0.2322584785834865
2016-01-01,5.713455015736063,0.7065876685455108,-0.1686070726480941,-6.8977827359463415,-1.0889121708823248,5.882809447017625,0.1862650365595006,-0.5326957013109335,0.08219383962711475,0.5071381005711553,0.1893686137461228
2016-02-01,5.401141698362083,0.5063646272560751,-0.1926304904197421,-7.951247942053021,-1.141723444923524,5.702699342211329,0.21554403742419798,-0.5262995274663087,0.07241691039852623,0.42892398713772195,0.176653997911854
2016-03-01,5.287007555705339,0.447043167889181,-0.21801240030707913,-7.883252486266062,-1.115645067330086,5.6659192588519804,0.2512824210223189,-0.471909793295514,0.06100093113616849,0.42982297603610686,0.18081298918108152
2016-04-01,5.142024507622653,0.4170303815988634,-0.25733338453829313,-8.58844600743415,-1.1069993082965934,5.556323600669538,0.2559000425190723,-0.4341582086698397,0.060100025154575076,0.40748923047198415,0.17447458069361257
2016-05-01,5.082791587087888,0.44240189286296827,-0.2809236729419592,-7.751180287023077,-1.1313068658152599,5.403534448636684,0.24645292237020633,-0.4015363589094462,0.054575988808241105,0.39119312394376665,0.14403830269580406
2016-06-01,4.9733121883141145,0.5443975845229702,-0.24389250781170332,-8.656693503844055,-1.1428576550515541,5.332254819168783,0.20568503564106932,-0.3563142069034221,0.058293006264927186,0.3976275299842077,0.10294649128476147
2016-07-01,4.859280006362235,0.5029904650909935,-0.23050525618990564,-7.787996547960351,-1.10412212219831,5.136677535346267,0.12084651711963817,-0.32757764265902334,0.05993154208239103,0.33973146538014953,0.0722654789663463
2016-08-01,4.8342485588608355,0.5550387551738087,-0.21601176182382092,-6.976808078254596,-1.0745937697460684,5.090759623483139,0.05468177761982809,-0.29964466311814136,0.062228410011092625,0.3651194548225859,0.07470115961523033
2016-09-01,4.999656912027684,0.7209710929770526,-0.20395544071660004,-4.496892632372495,-0.9645586788178664,5.0954319943929764,-0.010205491158498638,-0.2816829313718099,0.07358193957310431,0.3982454977244256,0.07145413673875936
2016-10-01,4.832400814747576,0.7035923108660724,-0.22404544697675435,-1.043533856272013,-0.9205502108002712,4.901301009147389,-0.07429941375164426,-0.24219830300219175,0.07746727627909594,0.340911673539864,0.02884475013632317
2016-11-01,4.609087297626698,0.7307443260156783,-0.24647168294411131,2.6571436737098617,-0.9370510572129366,4.7797362227499685,-0.15241761702576245,-0.21582737342369568,0.09349584326802057,0.3274605809055332,-0.014639159863247098
2016-12-01,4.4837366539993155,0.7303800021578829,-0.2215543731418811,6.098289325467807,-0.9162392383607904,4.647097076999756,-0.1896343868047617,-0.20082171115498523,0.10697386454182478,0.2815419812476777,-0.003035898278682961
2017-01-01,4.458678754796285,0.7823671729392677,-0.20890290840047457,6.925067029820882,-0.8985017134709332,4.546461264332438,-0.18564099218749552,-0.16925013736821337,0.12279780631997023,0.3100110887773977,0.022139890139060064
2017-02-01,4.584825195861602,0.9109885863436019,-0.20542334079433852,7.549209914731618,-0.7997068192871314,4.48678329271742,-0.1565787950094001,-0.1262463068730412,0.16034604349321646,0.33931478889673666,0.03776243097003369
2017-03-01,4.620589950363039,0.985957677432445,-0.21870685375236654,8.076346710521424,-0.7891125763365463,4.477711855694256,-0.12605450011720287,-0.09253044370643992,0.13998554314204834,0.3652934069140472,0.07667099412693677
2017-04-01,4.511478764864862,0.9704462227490642,-0.2352928484059233,8.078059089501924,-0.770831816072314,4.375251833532468,-0.1453117282771324,-0.06353768522911549,0.1293079052846255,0.3317981861572801,0.06726430514382484
2017-05-01,4.130678715455116,0.8702383743474162,-0.2736657834244961,6.584082613084961,-0.9167394824263058,4.07601268268202,-0.16292728937698026,-0.07756419472800422,0.10184319813764126,0.20712093939615595,-0.035908350029330016
2017-06-01,3.9554940925382365,0.9627924095682083,-0.3166866553452248,3.8979793984001097,-0.9315376338218639,3.8734133511660307,-0.21441301819814657,-0.07736588207980513,0.0537601759394339,0.14690575276774598,-0.07047882280304292
2017-07-01,3.82437205204027,0.8285956525602584,-0.2976424899792742,1.9039497027826333,-0.9863729891438755,3.68655927185936,-0.24565761713625878,-0.09216363289110274,0.010877076532736781,0.07472967409814343,-0.09215117943951869
2017-08-01,3.640004382580176,0.5562200672063083,-0.30598441334636606,1.034094293607088,-1.0651522470595896,3.4663889392387377,-0.30496815140661604,-0.13075068815310345,0.014903324651566706,-0.03208439960895798,-0.11818109724496914
2017-09-01,3.899227641108775,0.8002366337564022,-0.24984679570536053,1.785732556823939,-0.9123381275739404,3.5923369156207636,-0.3465743063979213,-0.06352660751129363,0.03636972699933155,0.08142114707433346,-0.09550318151048523
2017-10-01,3.9693005649549065,0.9283289961635548,-0.20776114588917483,1.4372995832676425,-0.7628141049943051,3.6085334895592993,-0.41326572131558903,0.014341596595530144,0.022915384838210644,0.170188571015901,-0.06722570917810691
2017-11-01,4.022169594193073,0.9846465317221836,-0.2520130695345698,1.2691917853497345,-0.7100097327118748,3.5384862706648095,-0.4534787260880573,0.028794696707679892,0.0074846910062926555,0.12342087378299527,-0.07509411933419077
2017-12-01,4.0157719487009835,0.9212621773161024,-0.22929246603582276,1.8151516908224248,-0.7038430338024282,3.4749766894383436,-0.4519255282403636,0.04071333916073884,-0.0053672734894283924,0.12988733924832707,-0.08582649901228252
2018-01-01,3.831094192804088,0.8106653785304851,-0.2319963865207855,2.370266029951999,-0.7110125384261989,3.351434623253706,-0.4223988051539159,0.031919531955259636,-0.005343423668924624,0.08733322361080181,-0.09730167495925102
2018-02-01,3.654054263494632,0.5687320345110054,-0.24812524499253882,3.701902050995938,-0.7854239676511666,3.1716369494996157,-0.3573285067672652,-0.009157255893332994,-0.026278406233962208,0.03256551851223788,-0.12478432287432226
2018-03-01,3.324289989104309,0.4641071818313385,-0.2760431234910817,4.532096161596216,-0.7674661074003133,3.048420854110584,-0.33428815257813127,-0.02880062077681171,-0.03445546852413902,-0.003396737841327574,-0.15249439825674072
2018-04-01,3.3835212509085917,0.4798932829797651,-0.23133178120960984,5.663724769594974,-0.6582107293299793,3.0275728953865904,-0.2990231278548126,0.006692099032526155,-0.04872267725031165,0.0406128225879675,-0.16265293636666917
2018-05-01,3.412370198177857,0.3897009582503387,-0.18988218954946787,6.98816369616709,-0.5659957726479472,3.037716479951954,-0.2844847758427012,-0.004266458939211071,-0.06527192556929157,0.03283397909542107,-0.162807674686496
2018-06-01,3.2830124122546027,0.3644785175824985,-0.23811170482102945,5.617702721150842,-0.5496962648218922,2.957159619748202,-0.2749747365447702,-0.022533771676981996,-0.08124056909012008,0.033299562917116866,-0.18925119814228245
2018-07-01,3.4384633912382196,0.49199420574386515,-0.19106797835107583,3.30255634339741,-0.4165014527522739,3.0153862655925847,-0.29309014489635293,-0.029386388792752516,-0.060751983035071205,0.0944874521683906,-0.1694067178538026
2018-08-01,3.459174523350632,0.49623199090769776,-0.17186137249369346,3.9893920387789663,-0.30272812807505756,3.019191526351807,-0.3106088635773657,-0.031124285448326183,-0.04853820028554536,0.1293595653716644,-0.1595609421519778
2018-09-01,3.999095195958101,0.8087875092160097,-0.09537932572088607,5.7264604762597004,-0.023648836416791608,3.335466238010259,-0.33228082109277246,0.02189676938402281,-0.02275434320522338,0.3123713651307417,-0.05683327729094878
2018-10-01,3.9831543737962307,0.766226651431593,-0.04978510018556768,6.569379399287884,0.12425207211996703,3.373107714664536,-0.381513141525723,0.007343787659319735,-0.006787379885368858,0.35828963245149886,-0.021367074508435446
2018-11-01,4.0509595124210644,0.7309196203340492,-0.00867384610573399,5.1594466294411525,0.18105647915679957,3.342836950004495,-0.3896750172947102,-0.019673679112236636,0.0002489464350310688,0.34411116402768527,0.0072572166010145414
2018-12-01,3.93015524865248,0.578872826514077,0.020191224722306916,3.581710035123299,0.2247995530145678,3.25226976761357,-0.36305431090990453,-0.06057412019759817,0.010698706552904329,0.30368520371620755,0.0005532837296070708
2019-01-01,4.217926997372258,0.7919390795329517,0.07608924307399592,3.5851220833376374,0.38112319483190704,3.420181751699211,-0.33827595850120723,-0.013722921035712855,0.03597573622660663,0.42025211429929055,0.058242438423890264
2019-02-01,4.414399040858696,0.9253886620223915,0.12232317327432488,3.2482653503252923,0.5168848620938128,3.5710184662469278,-0.25314689605378915,0.06433973650263322,0.0564690261789461,0.5080728687443545,0.08379415453732114
2019-03-01,4.641986519432098,1.187153793415394,0.19809844670726673,1.5653001971528189,0.7044965289860959,3.8136255416694462,-0.19993973617378163,0.11165135088281986,0.07385775169191694,0.6428992450717621,0.1438402232658985
2019-04-01,4.935059852408434,1.398748120434565,0.277911951080681,-0.9602500724153564,0.8749177233521905,3.947544596115871,-0.1999034776016667,0.16822504728960774,0.07443756563244003,0.7674904554220674,0.19366040241890053
2019-05-01,4.827197876738624,1.34957638194558,0.28966151055247646,-2.2246962297341106,0.8793995309335024,3.8477781727213602,-0.22284345847858325,0.16290514934335726,0.06961090583634431,0.6890327763035091,0.1572503130685703
2019-06-01,4.7512240386742235,1.2755807799415422,0.33340941096656584,-3.4048737547401924,0.8292816832735057,3.7507696495148255,-0.2480003918049165,0.15287399034280597,0.049942158086900085,0.6273890235642607,0.15157875281424654
2019-07-01,4.644386414062401,1.1624962452709164,0.3071851090339089,-4.428955495647319,0.875829428765516,3.653829449353791,-0.22431517267878104,0.15761674473395898,0.027986103398497074,0.6236587048559514,0.16034640483123103
2019-08-01,4.714704946909879,1.0293619363493403,0.3114960173389886,-4.750765732842211,0.9003954315758151,3.655840363866103,-0.2743869804105227,0.17845983921195283,0.019308781276963352,0.5823265559643118,0.17473822977719727
2019-09-01,4.672549721122132,1.0484134467291315,0.33469649906176485,-4.841465898244534,0.9546905429052741,3.7242142361913775,-0.3316031392755332,0.19754104373037845,0.01218309339792048,0.5688481908508756,0.19764660991410965
2019-10-01,4.5979001714878756,1.0033482592225529,0.3743240163817634,-4.267043571309976,1.0327985493479095,3.6161307091534747,-0.33323185168638453,0.22077413904827548,-0.007039187989024705,0.5789664328760344,0.2014205006883809
2019-11-01,4.421011210513745,0.8805338158221084,0.37329551584784465,-2.969516576783268,1.0112256880990254,3.5250456040649514,-0.3556878813628107,0.24383574695396723,-0.012885785898679138,0.5144380317929411,0.19419008678057065
2019-12-01,4.116733781282888,0.6522347199973976,0.3085084690199183,-2.241378084754402,0.9129077756775295,3.3189748338750915,-0.32815384297113,0.2086209956307975,-0.04154461405526377,0.4325727472376418,0.17398789584044777
2020-01-01,4.130559676432233,0.6475388638622566,0.2634488354742687,-1.185355123228279,0.9582447484735066,3.2378506550539807,-0.2855900625355139,0.22159839797849878,-0.055424578918185766,0.39155375150031846,0.22067471917039555
2020-02-01,3.7939547771580546,0.19665967110382787,0.21864351212411418,-2.4748855665941125,0.8291514152173257,2.9131426867583348,-0.26051082280615234,0.1422531782624197,-0.0953150561082882,0.27592787278571307,0.2193449622854376
2020-03-01,3.6916647763920736,0.02054539381306808,0.19836741296780602,-3.2916150014272576,0.8211210907385177,2.8229971515438614,-0.25698859819190983,0.15413819405172338,-0.10255425059921841,0.23178614154383448,0.24786548067834935
2020-04-01,3.8607497676093296,0.05298172310977001,0.2003969216021839,-5.978480235274807,0.905169272835857,2.826016643537411,-0.2943340177588771,0.19954659310283898,-0.10946785141145912,0.2851643763867907,0.29381815487410046
2020-05-01,3.9967588982217124,0.10100932579030629,0.2174172756043542,-5.830842501760152,1.0515373343313237,2.850221584831763,-0.28076676001448575,0.2732452018466605,-0.10474002223443793,0.34629623321097247,0.37626299554928433
2020-06-01,3.8018986431314805,-0.09968088103719222,0.15628200573453732,-5.48381458701748,1.0335000486410622,2.649725354834149,-0.2886297290159447,0.2693512866770926,-0.09869824056283863,0.28254591755197633,0.384423463112161
2020-07-01,3.5812225939174347,-0.3003286702935244,0.11553021846283751,-6.10639139749086,0.9990073808525946,2.501526891256208,-0.31884893926084434,0.2796573180431816,-0.07185579849535138,0.22018846458544172,0.3997014413534877
2020-08-01,3.6215013102243687,-0.3131217069069033,0.09146245156787625,-5.501547655809261,1.0557881964384432,2.4610712461196753,-0.3772212173194397,0.30361602939403215,-0.06519107460334764,0.2775031269125278,0.4600539784158474
2020-09-01,4.080516273376677,0.0017261813306598262,0.12797167775425805,-6.720591840910355,1.2329211450093727,2.6618308792558794,-0.3854682881482925,0.3004236111754122,-0.03279261565558435,0.46806894328048076,0.5358402320819389
2020-10-01,4.174192710378998,0.09640283015237738,0.15947655949429024,-6.63508063879738,1.3972365685087251,2.7286278179739085,-0.42162350133093407,0.3550453846134707,-0.020506194321609952,0.6063164692033784,0.5848205385432155
2020-11-01,4.176761002065778,-0.017001781492417045,0.1988180792665989,-6.838062354443318,1.3920360553637203,2.649541859621843,-0.41113469240048445,0.34594434757758263,-0.018759385060553132,0.6781795574589029,0.6030700588743092
2020-12-01,4.355544540834636,0.03369531213395627,0.25233742747901444,-4.815541464374615,1.4776263661781528,2.707248288468149,-0.37096289041732866,0.3981820610282697,0.014111078343495884,0.8454950594563277,0.6093681139896481
2021-01-01,4.845595726549272,0.31188014096348793,0.33071704503611565,-1.075939683954373,1.6629668936906885,2.918493240460916,-0.2778854177962703,0.4361965737825998,0.048245171352837,1.068853172015724,0.6964772983508465
2021-02-01,5.009173145276109,0.2452360595023364,0.3776597763797779,3.5291413652509114,1.7148862049297424,2.942161842447981,-0.19748134740190454,0.44590973381982296,0.07629477522117338,1.2090536207754887,0.7211725396529833
2021-03-01,5.189327458051066,0.3983047035655839,0.38264673375083724,8.0928718690234,1.8059233909516346,2.904222403341205,-0.14087388971011108,0.47942512575452817,0.1031940825073635,1.3198464956105183,0.7131822577484791
2021-04-01,5.457173578964236,0.6190613430931848,0.41278468676071445,10.961752470181354,1.8853135070915732,2.9741932629803762,-0.09978951869259056,0.4959629121479759,0.12634086755533144,1.3983206761773699,0.7058939573429361
2021-05-01,5.597343016858641,0.8869324070370338,0.37619280185437737,11.112950732406793,1.9937538489710411,2.936229269770442,-0.07179405485244364,0.488425043939721,0.1528043160240125,1.5039961970151574,0.6940229007015479
2021-06-01,5.579396260563875,1.0096825955318716,0.3600400427960114,9.60581163418622,1.9922497551999174,2.8744481038077687,-0.04451043772480806,0.4501213139462496,0.15679720537767977,1.518739487740974,0.6413764065455143
2021-07-01,5.7213254141409005,1.2909638904157832,0.3630936623406757,8.83291702656609,2.107562220790263,2.9235020569054497,0.0012342359154101316,0.4716724863833175,0.14964439474221775,1.574567359264321,0.6879945240897418
2021-08-01,5.796005052256492,1.5754532058145614,0.39854463096773024,8.86817182830568,2.163387360527614,2.9339490208747288,0.022046377439880395,0.4019176838958961,0.14329006628541774,1.6549345167983072,0.6884564225134866
2021-09-01,6.183408300897427,2.138726877304071,0.3946217484839889,11.852498967894668,2.2699262449979996,3.054097865106783,0.0009699260106208806,0.41081513584513574,0.16377180939705152,1.7768048744257232,0.7045769057787324
2021-10-01,6.381016714808693,2.5785800227194997,0.4036066491263046,14.209748247645436,2.3995340608626687,3.185948712026349,0.028084203908622263,0.4256750680664487,0.16322537395906775,1.8956437214050224,0.7021290059369866
2021-11-01,6.426800359600292,2.6608521445018622,0.41218445492835176,15.20434143675049,2.480080092841516,3.1525006296687765,0.05049836076956601,0.42701632894833685,0.1660707174940856,1.9107864796439156,0.6685266293894103
2021-12-01,6.4204583388454965,2.707863096837924,0.4479872471373908,14.780122207582433,2.503063903363752,3.087757919228096,0.09462892832109833,0.39163572205206487,0.1674390180310486,1.9225123932666373,0.634575543304486
2022-01-01,6.9613091410523875,3.2231783571284582,0.5125303057033598,15.44748293266839,2.720945458936641,3.3619444845493107,0.18043166468513752,0.45918200265657155,0.17249243962917266,2.1486770998868705,0.6878133511898875
2022-02-01,7.388827323170924,3.5721099901231756,0.599488031905995,16.09058137001807,3.0068566312788154,3.618876494808755,0.2686419651937978,0.5232136117299505,0.19683036569622103,2.3819222485539484,0.7387412989531628
2022-03-01,7.718035702044625,4.00148345588713,0.6390909013968163,15.980971966361377,3.222309617827027,3.870869613827248,0.2877047163093746,0.5641543583826805,0.22734699927041815,2.587112962602567,0.7704099060108188
2022-04-01,8.065497577396686,4.3469156047449236,0.723682118285018,12.918744763856935,3.4259836191787465,4.075883868134733,0.3112754521515919,0.5823124137055116,0.221586650367955,2.7163999005144346,0.7720232589077785
2022-05-01,8.267177172423661,4.686867006543693,0.7404234499738233,11.460025146745298,3.5356975632253977,4.162595175018538,0.3453025391005835,0.6048884435202079,0.20581059788029432,2.8111907516657006,0.7826670103101838
2022-06-01,8.64802574915226,5.294719422998254,0.756043704521843,9.9884815389137,3.697894031654024,4.4468337738832515,0.4421738378084267,0.6542082270040109,0.20138637689547323,3.015559962075131,0.8386421236870393
2022-07-01,8.964116731377057,5.688252465351773,0.7488873798176925,11.077726396435263,3.820415730644214,4.622261154840636,0.5524342694462285,0.7113841405485406,0.2080482170918906,3.196279806657375,0.8958223341116925
2022-08-01,9.246371175043627,5.98958061907701,0.7718828354110173,10.268926454957608,3.9695956221884066,4.861831329611789,0.6313283137703805,0.7748663566421785,0.21918030995452156,3.3345024638477745,0.9363343159966393
2022-09-01,9.526212554397297,6.287477229815252,0.765934945245357,9.54855484959143,4.070451216482372,5.041482578524878,0.7315935090775422,0.8178027677505013,0.2250168386063215,3.495874336098486,0.9649728846172362
2022-10-01,9.5464403324451,6.266441960719132,0.7901284416957438,10.074809055425547,4.100745110399375,5.07246658178096,0.7839345714994419,0.8522039586539928,0.23722211834347334,3.537878890371963,0.9688465102306019
2022-11-01,9.662800181222792,6.241920832597504,0.8175490084587311,10.041423434324763,4.104354443385084,5.085950807193486,0.8267826060277434,0.8974187180692343,0.26622902154543326,3.6221883689799883,0.9675772382644248
2022-12-01,9.677660108117136,6.141164143457212,0.808244945773338,8.913495638049332,4.075577750280069,5.032340374368843,0.8679494684003393,0.9219416024680915,0.28958380685664187,3.678918946858986,0.9376677039736289
2023-01-01,9.743068023341522,5.956216381374523,0.771531141921598,6.635412105434424,4.084960819101789,4.966505232945313,0.9332398635142588,0.8849709643303261,0.3322824306120741,3.7301891637022333,0.9281922723687597
2023-02-01,10.18844808216426,6.291361778044747,0.791445703068977,3.091092073546983,4.251149525755309,5.2263786607661435,0.97204987141595,0.9665971633205712,0.3808246008651991,3.9908012099697094,0.9696813176275555
2023-03-01,10.371462934027015,6.457494908322705,0.7369521285690372,-0.3359233617191242,4.289337919643462,5.275275102612326,1.0054407806064676,1.0022732835983277,0.39150052836706806,4.124958841322735,0.9553274509470409
2023-04-01,10.236899833872295,6.198910818912147,0.7168757882857979,-2.772687681141158,4.240848203274133,5.139609974686513,1.0174608774048406,0.9973582071796167,0.3664654001897788,4.099226212755539,0.907260679300311
2023-05-01,9.896518585005534,5.776766025486973,0.6609256452655023,-5.720936494001347,4.024109122369155,4.812420193307007,1.030562837556901,0.9457751596921844,0.31768849272881416,3.966205044348436,0.8044204394912997
2023-06-01,9.766592412490795,5.659019937526209,0.5991474348210187,-8.341814449790828,3.906800879049385,4.681535239968769,1.0440243681561876,0.9442532568509974,0.3079360664938019,3.898572269386563,0.774173756211713
2023-07-01,9.616273742333501,5.513474268792831,0.580419209632955,-11.727509766422099,3.7932247429499855,4.494966315897704,1.030183420359776,0.9446596037837377,0.2884396354730669,3.871171438015744,0.7288256437537384
2023-08-01,9.30090356866876,4.971142043692371,0.5713225547947348,-12.852674752690447,3.6764179108214545,4.203723093208707,1.0481481537423463,0.8912439600432214,0.274908207330652,3.707185239297425,0.6775912891380129
2023-09-01,9.158268022929295,4.574568614016696,0.6124010590908526,-11.609644615166951,3.548160331825357,4.10822568059273,1.054656958892536,0.8520153140424338,0.26652852861013954,3.6658772910814443,0.6423204387286401
2023-10-01,8.795955315905305,4.02604776830309,0.6072919751151402,-8.48345677314701,3.3942369338284424,3.7762610298877073,1.044696897363561,0.7925388815858958,0.24106563809010345,3.461872661800572,0.5766429158335049
2023-11-01,8.113190845438758,3.320772536316856,0.5701320542201405,-6.570496225749926,3.174378509755896,3.3893406778451185,1.0160809319138902,0.7240657189430764,0.22075222763791452,3.2382254564168487,0.5191382036050578
2023-12-01,7.720244058981355,2.625600383232605,0.5886242446558297,-3.311316720354939,2.9933732720717234,3.0727621440071013,0.9771641575000818,0.6841812277835084,0.21272954650871073,3.0808902446126183,0.5033271597315474
2024-01-01,7.716235560783202,2.339995689309581,0.5665880803780295,-1.072537631010848,2.926832157071044,2.946329938882507,0.9585782474181102,0.6671912019587571,0.21392987017309223,3.0069126489348044,0.527730448914301
2024-02-01,7.844587374474067,2.4246283006418974,0.5933934908307987,1.1791768440361579,2.9928402507045693,3.071790062066948,0.9289927222597518,0.7260526141715404,0.2299077087465786,3.0698498999836428,0.5993503920347185
2024-03-01,8.149886439117427,2.642187592868843,0.5740342998054635,3.0153927171950796,3.0977810569045228,3.1647592825434043,0.9682257765173194,0.800467752333027,0.19949682497761428,3.1414013648527197,0.641552547404746
2024-04-01,8.297369412528301,2.8398615992184193,0.6001890850761668,3.250312015091278,3.236479999483809,3.2992812374238505,0.986765356482211,0.8932410717704473,0.1642910557817978,3.190029913332987,0.669885973013393
2024-05-01,8.804095930258345,3.3785525770806295,0.690766880017494,3.159260558869627,3.3432989128659023,3.512932714353313,1.0524259105747098,0.9745420243807119,0.1343360059087289,3.3247930277403808,0.7336496390265161
2024-06-01,9.120192740741848,4.087034235328751,0.739804237745454,2.8099464707103516,3.4779503093330737,3.7861238126579053,1.0977308273595678,1.0879905527671179,0.11951048058982516,3.4573739702421555,0.7808797483131358
2024-07-01,9.520053533111877,4.8411508738829365,0.812970287679061,2.101969534780589,3.6034188994477923,4.059383114869389,1.1119629014205992,1.202930343207363,0.1299292591554796,3.642549460699,0.8027802316759417
2024-08-01,9.97371784793979,5.646085089415765,0.868156959046573,0.9389994936978174,3.709394640651856,4.258674143763142,1.1148781986399787,1.2734044533145652,0.1351979559669877,3.7583714872155456,0.8209066001471166
2024-09-01,10.113306455291212,6.174152644940596,0.8777154833785277,1.4606113976528974,3.722772954774223,4.415151783071541,1.0996061862437625,1.3191124283963367,0.14046732799140832,3.7387299058141377,0.7939016248489807
2024-10-01,9.979920784075613,6.486724637399645,0.8751664061207567,2.3201637174692626,3.6772036411036746,4.341747937135041,1.034660677883382,1.3523995297384257,0.1290469773011616,3.656546966173175,0.7502558629021974
2024-11-01,9.49503552808212,6.4828032344135424,0.8185212940149817,2.0308401476966216,3.512799730055555,4.071615331690728,0.9634439666969745,1.3544180849657361,0.11074929068848963,3.478581864350022,0.6740041200919961
2024-12-01,9.001915645823292,6.245549844677854,0.7345690944383129,1.0876934785742862,3.2929950240036585,3.707326117020867,0.8652117705262117,1.3333921844280516,0.09625665203649245,3.2794370655252867,0.5604858505695445
2025-01-01,8.876454658680933,6.493269877860907,0.7106648470662762,-0.07125900129391151,3.27823990832988,3.6472315446506007,0.8275422730930528,1.3676974509381,0.09257617137213912,3.248137923519929,0.5481789913659628
2025-02-01,8.680351862132698,6.518237429368765,0.7215345156993463,-0.3231218251205053,3.286656690561598,3.5700153249490643,0.7897926585342094,1.3562285310474902,0.08709253199488758,3.1997552170705044,0.4921468941620668
2025-03-01,8.63799109338564,6.568789709275784,0.7655419306045811,-0.22804346908426704,3.357058903169608,3.5738225255426705,0.7990604243199357,1.3847244809591874,0.07676406961663076,3.2169883501025374,0.4680002228397254
2025-04-01,8.46023142904502,6.363482814712497,0.7831581234277107,-1.3692204591186812,3.2929702350586334,3.381958467339391,0.7779911042526907,1.3733696295140505,0.04982580129503995,3.1717912709578746,0.4328798429577183
2025-05-01,8.177640869636297,6.0839460254814615,0.7500024143800939,-2.914020515299546,3.1970322411375296,3.1420435821964583,0.7415451019637236,1.346665932991836,0.02552471189483217,3.0123756330723963,0.41462609341831946
2025-06-01,7.8104934482251815,5.565206092559713,0.7070529973687003,-4.72077907860035,3.0704352068687326,2.8647347603765354,0.6918001947860778,1.3143214833493457,0.006205943581160278,2.843873725966713,0.3860606379027498
2025-07-01,7.3495924309857195,4.980629062652628,0.6986160725816744,-5.150667151129012,2.9474901089260315,2.5733658594404036,0.6022434695511321,1.2851160276932025,-0.003954769447200012,2.701567096625208,0.34119008133043505
2025-08-01,7.2019539984701435,4.493305667295025,0.7256285738199167,-4.727466604300647,2.872767433593058,2.3451942849878007,0.5740063710724804,1.2434784894139754,-0.0035789924174397733,2.600915349252604,0.3316105750572247
2025-09-01,7.001429688617847,4.268536124875903,0.7557226512311999,-3.948024766314278,2.8202629827374537,2.249400157494441,0.5700683794082011,1.1463994657647305,0.006514183495011402,2.5200484151872935,0.2951297167157201
2025-10-01,6.900260242544609,4.003277764568508,0.7903930472463137,-1.3893173811322868,2.796591521706066,2.1348131309702953,0.5761026082576264,1.1238733635113467,0.016746623345121142,2.508128106528944,0.2968892098138607
2025-11-01,6.586922100174755,3.6260096442655456,0.8115598119788341,-0.9077761203776245,2.6967216489757613,1.8526847255554009,0.5647503992758156,1.02059107892774,0.027872697315082004,2.3859411525811103,0.28598640323922564
2025-12-01,6.114177106525744,2.8653024308658024,0.7905466312449472,-1.004745391183904,2.5917165625934846,1.5421153264016152,0.4896715347122761,0.9274175454357992,0.025511103226084242,2.2650813761765916,0.26454094024829844
2026-01-01,6.076054041022857,2.6046572361092823,0.8228875115456407,-0.21379672331360786,2.6461382947746777,1.4246637936167899,0.467546991924359,0.9202141248447183,0.05258042391386537,2.2646328958087114,0.2792097933597174
2026-02-01,6.144136787063276,2.3209660873869624,0.8199377609568075,0.9406625464901702,2.7085535672525625,1.390024592178974,0.460337352173004,0.9610451811961143,0.06812112209950187,2.322509099460509,0.2924625582374388
2026-03-01,6.3054199645944315,2.210250289447856,0.8774897601874191,2.7102758159676883,2.8326609967506293,1.4897023736663413,0.4786175978811751,1.03097624747373,0.06636611158493153,2.422669555527091,0.3155071953616193
2026-04-01,6.371401513998249,1.8963751462448757,0.9817408823617122,2.6803120077922586,2.9512196781791964,1.501448022056193,0.5046735601829095,1.0458298082825468,0.04771454606087642,2.4159534925217887,0.31482645019175887
2026-05-01,6.720376480601045,1.9391808651582663,1.065652220464663,2.3628296409997995,3.0974231385455604,1.659341657230124,0.5376640042655938,1.1402052291536942,0.040493011912202864,2.5492206120254908,0.3916337777884119
2026-06-01,6.836853181985278,1.8419579286218806,1.0707999618367685,1.8473510091360938,3.1402436305207715,1.6132023573196936,0.5464619608640738,1.1955848563497717,0.030986286393522244,2.5731067834843864,0.3793345239523247
2026-07-01,7.005241967016023,1.8504689460465296,1.1177681174308394,1.7038679351415276,3.2797003821038877,1.7189036278306038,0.5906657837929283,1.2500110069426715,0.015029855810530731,2.6942016877128037,0.4347182568549541
2026-08-01,6.994689780637215,1.546039201727277,1.1759370969536938,1.3208545796066637,3.2865853441373227,1.71577914780144,0.6076918544685891,1.2545725848766305,0.01896054934589529,2.7458552184736416,0.46302561140794507
