iteration,log_likelihood,change_in_log_likelihood,beta1,beta2,beta3,beta4,eps1,eps2,eps3,eps4,eps5,eps6,eps7,g_star,gamma,lambda1,lambda2,lambda3,phi1,phi2,psi,rho1,rho2
0,-137.51531894004103,,0.8400235367652991,-0.021113674108915625,-0.5,-0.5546364853919914,0.006477224910711475,0.09231538417879785,0.3426063320673652,5.548545236122983,0.01130947341163598,0.00200347415242383,0.07289732649181299,0.0025323475067260404,0.005,8.937905068239166,0.0,-4.52227293029671,0.6571116593646907,-0.04735376808593485,0.013012108459479843,0.8584798625057086,-0.17440517138465195
1,-44.908289781864625,92.6070291581764,0.9061452981599787,0.07136944360361641,-0.3928570895005017,-0.35809200229301485,0.006279248539343336,0.08948970774574334,0.4851796786171471,6.909304733076862,0.014024490883753255,0.005003369294752009,0.13189029485496492,0.001842581423224114,0.0012260191326835912,11.725521607430728,-0.017026758557133873,-7.445061949189496,0.6920980545622933,-0.01529190207583666,-0.006226689546141462,0.8873019218842876,-0.1384539747652766
2,-19.588600544265304,25.31968923759932,0.9659761774920979,0.11772744776881618,-0.31018950820119073,-0.413900871609446,0.006285825318977554,0.08817844433611177,0.4419974776035466,6.384759134414125,0.013010414310225538,0.004109860211032306,0.1123959374639179,0.0018115377040065406,0.002333151388403284,10.916552812989327,-0.01230072851047572,-5.384859026159374,0.7158547204307483,0.006064592257100809,-0.0003610754258343596,0.8680909897692465,-0.15516529995581282
3,-8.521860089780558,11.066740454484746,0.9747148944051904,0.10771097881349276,-0.19851789987135313,-0.4839963186843376,0.006237665498265785,0.08412877249214784,0.3856412577789361,5.652484877155869,0.011667734161544246,0.003004040602457078,0.08757694345221641,0.0015048160075850168,0.0037091632665859275,9.884002383191042,-0.0063653099825448055,-3.617524264301404,0.7797808536765534,0.056611436669932305,0.006970030611872753,0.9038557125375598,-0.1266431537986375
4,1.5077619734942012,10.02962206327476,0.9208841719164037,0.0477693615998252,-0.12199632978270658,-0.4748040442805905,0.006124709744817218,0.07980903412418339,0.3861029711363802,5.552981832438028,0.011417313887726124,0.0030822075765094916,0.08988000189157042,0.0016316201377068584,0.003567377268855482,9.928980200137334,-0.007404780768366431,-4.719592645508781,0.806379619806736,0.06267545623153194,0.006390923361883392,0.9343297257301042,-0.11447102687515641
5,6.525290332342051,5.01752835884785,0.8669771202188746,-0.016105859744238712,-0.016021125437048797,-0.46985457694884464,0.006006089488839371,0.07365489993337229,0.37833791412823187,5.4015150921446695,0.010984312271426835,0.0030725986279247336,0.09027252509264377,0.0016826667363337739,0.0035466793043069556,9.865929272213418,-0.008192292967612544,-5.22185154268667,0.8267618061152278,0.052769992189997963,0.006460534971333835,0.9416090327256482,-0.12981757669231087
6,10.13354430302214,3.6082539706800887,0.8390659812274636,-0.06371898047484685,0.08280264698776951,-0.45188079874773074,0.005937714377718738,0.06597701368638131,0.3705945375870074,5.392433745166464,0.010649057703904365,0.0032138776589917136,0.09459811343852577,0.0017503833286902316,0.0033647204634310547,9.910848766000482,-0.01009296229441385,-5.388097090202308,0.8245027237735515,0.005843126267221652,0.005674856137826988,0.9405260723278396,-0.1554578336679447
7,12.624377505099073,2.4908332020769333,0.8478408250286593,-0.09938393137294854,0.14154948809487075,-0.4342702595194438,0.005949693992669718,0.05658374416460488,0.35589796857817635,5.394905972227342,0.010211461034430212,0.003291072410864567,0.09784786946974827,0.0016838142911966795,0.0033116636595722664,9.87247993669364,-0.011850377744200221,-5.062761369470431,0.8369800885480997,-0.045673092155559016,0.005567606336174429,0.969175510100127,-0.15508528835891744
8,16.187733535216836,3.563356030117763,0.9089062333012885,-0.14193246072804017,0.14392609296834402,-0.3889710423896584,0.0060704067412164055,0.039967052353013593,0.34097599887211943,5.499219953062759,0.009784891285498195,0.003635152265608712,0.10756281602939498,0.0016798058868474008,0.003050431249445532,9.975111843747941,-0.015923445293473462,-4.6895307681543965,0.8875378988159952,-0.1288677119440539,0.004474649727864713,0.994591097686475,-0.19168838153192497
9,18.916312516123902,2.7285789809070664,0.9815333345508155,-0.18605040370332568,0.11767164964746145,-0.34619886283220463,0.006214355841848014,0.022256407077140845,0.323760656530057,5.517172326844665,0.009276744113155874,0.003896172337240871,0.11451997986459145,0.0016544122545830778,0.0029199331731532595,9.99035134897154,-0.019639925186930918,-4.581814143574431,0.9625487970951356,-0.20534797210276157,0.00408522789421787,1.0431617511095355,-0.2203718199059755
10,21.199282034109437,2.282969517985535,1.031610905443176,-0.22202745725513753,0.06387688043607517,-0.27692576305430777,0.006396813995486354,0.0003619790993917044,0.3332178923202235,5.4158530791112645,0.008652966843905284,0.0042763437520971,0.11668733653744004,0.0016000919112650397,0.002634104095399118,10.061690110816956,-0.02497917513429561,-4.472975841910925,1.0629205746355317,-0.32106505470460933,0.002810091502240938,1.1170339722836462,-0.27758539885049
11,22.24360035517185,1.0443183210624127,1.0492747682908394,-0.22489353720371225,0.0648148695109162,-0.2535343393217368,0.006447087801962033,1e-05,0.33422367600750397,5.242959299422618,0.008231202241004584,0.004283330140498113,0.11310462693592438,0.0016951439094717896,0.0026604136678033585,9.96548881177609,-0.02651716274126656,-4.721863263046543,1.1251492807614756,-0.35660415703889375,0.0030526639540315774,1.1550171591367815,-0.30833050592581973
12,22.590257232305497,0.3466568771336469,1.045067140267334,-0.2240837744257748,0.0708743279651868,-0.23565734524726278,0.006473831571886552,1e-05,0.3395881111378138,5.16034757775229,0.00799434583728113,0.004307656441609976,0.110996336266993,0.0017214245414238015,0.0026236283897958573,9.934581810127172,-0.027611986539348897,-4.659581153298296,1.1582203456259768,-0.38156198856640755,0.002912443626033827,1.1726094541069454,-0.33124474859305497
13,22.921502966643004,0.33124573433750726,1.0360061997900742,-0.21689499805288723,0.07913966568939654,-0.20474437921240135,0.0065228697215995056,1e-05,0.3465428367048306,5.166364424380835,0.007756692397042206,0.004376943795444992,0.11090360266184103,0.0017085084843378243,0.002493072876452327,9.945481855273098,-0.029441754519097012,-4.391830558723882,1.20377872044429,-0.41528295310910285,0.0023533093096060006,1.2001406801456989,-0.3546209712665151
14,23.1675864838624,0.2460835172193967,1.0262572584792782,-0.21631522624394203,0.08250985700170249,-0.1710463914249643,0.00657893863013185,1e-05,0.34681470425429134,5.175686672464361,0.007456219290107876,0.004405512186784415,0.11111488435202602,0.0016904525034494708,0.0023914316934268796,9.926605274597893,-0.03134607615649143,-4.187564726430725,1.2511768819093305,-0.45845183068744666,0.002042199791273456,1.2257662411229795,-0.38554623979997926
15,23.361974034577813,0.1943875507154118,1.0217985474460038,-0.21088638455778624,0.07743096824357687,-0.13553715585322718,0.0066504483989283086,1e-05,0.34297447319766866,5.21375483784488,0.007185977594862705,0.004386133700177104,0.11198322018808259,0.001668611328012043,0.002315942907688446,9.891173710979405,-0.03314608593509915,-3.9312325744671153,1.2982636244831127,-0.5015551444995826,0.001974153567852531,1.25367772888582,-0.41017695585195524
16,23.425139981082232,0.06316594650441942,1.0123662582908513,-0.20477312493319685,0.07814662859171505,-0.10907468830951161,0.0067031271485464596,1e-05,0.3378486605587359,5.265873722348903,0.007089328432132279,0.0043145323768323425,0.11369223643169742,0.001636777140402198,0.0022677238268906416,9.86292797081047,-0.0341701341417254,-4.018050528415489,1.3212149682295573,-0.5261807573732235,0.002111992617761839,1.2660693311119038,-0.4224410286646473
17,23.49907780438005,0.07393782329781828,1.0152946290836058,-0.1996196451370298,0.06913463301875727,-0.11103641280974244,0.00670344753827736,1e-05,0.33696205158093673,5.272258171228538,0.007168113600153723,0.004278088838459036,0.11379741081314075,0.0016481187995600597,0.002289057661800266,9.862776823740555,-0.03384694072684417,-3.936682000393042,1.314289644174325,-0.5178153694354838,0.0022911939522549675,1.2593636778281903,-0.4166263689764577
18,23.54242443678954,0.043346632409487995,1.0133738305273983,-0.19499451359302467,0.0638404409494093,-0.1072939640480673,0.006708277303704408,1e-05,0.33726039797570234,5.259983944178684,0.007203736731292807,0.0042321686917422205,0.11347374772998774,0.0016645265078291485,0.002299402962709031,9.853099933714537,-0.03377103370123862,-3.9204205971887656,1.3136007540416461,-0.5143971433715387,0.002475986224028018,1.2578142800253607,-0.41370915049026646
19,23.62724614459539,0.08482170780585108,1.0031580515910368,-0.17977753096214322,0.056096737449187715,-0.08881683904031527,0.006726083841118096,1e-05,0.337720683624058,5.243627458329709,0.007292657518889578,0.0040881342621456665,0.11317068760679692,0.001690157054319848,0.0022997199070721275,9.826795030957037,-0.033845109347201724,-3.921369821047458,1.3129068024161632,-0.5105058496267827,0.0029683597585661715,1.2521758491074322,-0.41024523952079067
20,23.68864629381902,0.061400149223629796,0.9717117351558138,-0.1608532192567868,0.06193396297475343,-0.04073889757940498,0.006727044349878122,1e-05,0.338170483672097,5.227465562966179,0.007370402616391335,0.003821952744720446,0.11259402526246487,0.0016703800789308627,0.0022499928760223477,9.77133562987496,-0.034508353478873995,-3.8543981964744956,1.3144285665967959,-0.5039091238525896,0.0038165834104995533,1.2491083112245276,-0.4005017765705991
21,23.771255188978184,0.08260889515916503,0.9692473486638553,-0.15576809154060703,0.06432928175812476,-0.032033547517953787,0.006733745354511184,1e-05,0.33853482111157646,5.229988814289818,0.0073759840964348405,0.003790812114144617,0.1126525938808391,0.001680412912704885,0.002233906972257219,9.765411642857835,-0.03471258412621845,-3.890593967613043,1.3150213803999742,-0.5063033661090232,0.0038984989153356166,1.2456253156599244,-0.40507214356337456
22,23.7894740671353,0.018218878157114204,0.9658366390659103,-0.15567382583645542,0.0691262927848559,-0.023798490347693924,0.006735297919743735,1e-05,0.33899893842592094,5.23357216491791,0.0073426403314868485,0.00378532571275038,0.1126271193013936,0.0016768975781576829,0.0022110295242815333,9.760465509389038,-0.03502490178186741,-3.904369454448071,1.3183816890344329,-0.510317966356182,0.003888255071070291,1.2472035723538897,-0.4087566069072144
23,23.804397364527922,0.01492329739262388,0.9627529946318685,-0.15488006766896759,0.07101087133988376,-0.012858114970465214,0.006739896508584746,1e-05,0.33970705077725744,5.242781122234369,0.007322793071538355,0.003773778047981884,0.112544630126788,0.0016799220386027936,0.0021862929754228318,9.75282490467693,-0.035369307250295905,-3.9088209619121317,1.3205557267293442,-0.512760739954482,0.003920823330715291,1.2486323347887003,-0.41095090200164824
24,23.845862514737725,0.04146515020980246,0.9567117142111314,-0.15152997747728694,0.0737434659019965,0.02497060963709746,0.006754612344305112,1e-05,0.34161737739729153,5.275887672013604,0.007282754067155794,0.003738219982269985,0.11216663350129175,0.001678440776502123,0.0021079152723502614,9.723437594938396,-0.03648910141051982,-3.9118098633210567,1.3255902906143373,-0.515279289945755,0.004081775164659687,1.2522128037803693,-0.41532201388187284
25,23.87399971064392,0.02813719590619357,0.9523485542114377,-0.15252460146474878,0.07121720743448927,0.05838647087160778,0.006763391881468426,1e-05,0.34294503204885174,5.303485543635821,0.0072861498471956,0.0037193919238554234,0.11186890264529877,0.001684708371858919,0.0020410719635702984,9.69658995569979,-0.03741578978911878,-3.919476415042895,1.3225351743664118,-0.5131504577800473,0.004239461481798528,1.2504455738659306,-0.4175494114269867
26,23.929072011943493,0.05507230129957463,0.9511473315401932,-0.15032915847548262,0.07043405736377115,0.10269226268061293,0.006775247256807998,1e-05,0.3441778988114235,5.34361464464439,0.0072814755924486005,0.0036979554522976986,0.11149538967621644,0.001683588411830607,0.0019527164293887801,9.660323291144474,-0.03867655092745406,-3.9211161563406325,1.3226287884657815,-0.5090526747265551,0.0044383707118903805,1.2519409717951826,-0.41864068641943725
27,24.035213714005454,0.1061417020619615,0.9530459615318477,-0.14997227646408498,0.06697939751712641,0.19490392462207462,0.00678464752696964,1e-05,0.34488465666776197,5.400788242747286,0.007318672030001733,0.0036846516201789956,0.11092163041259383,0.0016909685133478858,0.0017670081370329239,9.58222716969389,-0.04132706418739727,-3.923938454603551,1.316457402485736,-0.4954583365285107,0.004799203386043445,1.2515945602723348,-0.41795410576947717
28,24.184243483753455,0.14902976974800097,0.9578197410280948,-0.15351261976511213,0.06342900964947744,0.33413228261237354,0.006777529971273403,1e-05,0.3438715190962796,5.4388351571809315,0.007409448497826875,0.00369949420457491,0.11042671035547047,0.0016957567127019247,0.0014768016846764085,9.46339662404451,-0.045474483421874476,-3.9430771172867782,1.3033374297894555,-0.4758475890644084,0.005203336740566861,1.249690333535145,-0.41611803924933316
29,24.43770177384927,0.2534582900958142,0.961425188951608,-0.16174485760438764,0.06290943138560195,0.6026173266296483,0.006729487845418153,1e-05,0.340518970425252,5.432818966136958,0.007599216480629517,0.003754666963004503,0.10999505090416165,0.001718500454222216,0.0008970754196010984,9.235907414587233,-0.053794593837381506,-3.9890649776744103,1.2826693808455085,-0.4466360864955793,0.005691435354978247,1.2479493904072412,-0.41574479156966176
30,24.513174476372665,0.07547270252339544,0.958973529427273,-0.15934952696707255,0.060326289928081304,0.7329041633144123,0.006697490925700405,1e-05,0.33960428137893134,5.4154746193688705,0.00769021667749427,0.003775108373199462,0.11000680357212789,0.0016230218035765385,0.0006071380221243035,9.134423261945505,-0.05810560654161759,-3.909576696174824,1.2789838571496273,-0.4423129411084762,0.005683721156717072,1.2502167845368428,-0.41871502171943864
31,24.644258740954005,0.13108426458133948,0.9609447157306251,-0.1648074140124358,0.054826306271857736,0.9141017078289291,0.006630594513963665,1e-05,0.3351719144432101,5.341509303310506,0.007909383930397473,0.003841309390422869,0.11034258176022452,0.0016526001462108834,0.00020475590921938805,8.984541395466563,-0.06398722317360052,-4.035895309539835,1.263677561810806,-0.42372861062810946,0.005716081510208165,1.2486298653456176,-0.4163804454100837
32,24.670694983080075,0.026436242126070653,0.9584382343257775,-0.16403801978645371,0.056304544469748204,0.9375434790270312,0.006608085883149445,1e-05,0.3340862713376905,5.298900745330389,0.007947747488296068,0.0038538368781517196,0.11063373124222056,0.0017254610017013465,0.00014360029137245396,8.971269258564343,-0.06493448001915651,-3.9786029558402385,1.264823250583994,-0.4251859027417372,0.00555913660824795,1.2469685379684956,-0.4190815115908098
33,24.693157143719578,0.02246216063950257,0.955850112703913,-0.1628627297975183,0.05558210640494055,0.9070735783653282,0.0066088723933121,1e-05,0.33441381129535197,5.291668795615846,0.007927307146832048,0.003847330282110682,0.11076133721520712,0.0017056844983013447,0.00020587339452375763,9.000507263355592,-0.06409015974246264,-3.956337061870652,1.2697873952803043,-0.4305109160989683,0.005419755603653974,1.2497323748358107,-0.41833653726323866
34,24.6987863030546,0.005629159335022393,0.9536923148327306,-0.1611398313414984,0.05520753026411856,0.8975089324943747,0.006609936833551981,1e-05,0.33478029122127817,5.290795364906601,0.007915768046213677,0.003838227569735217,0.11079915486908516,0.0017003545631483017,0.00022427666616125507,9.013122386052848,-0.06387499538889405,-3.945185095546103,1.273594700425497,-0.4337879893084516,0.005342096251060072,1.2511382253916,-0.4193798103551813
35,24.70825145315736,0.009465150102759168,0.950942162314524,-0.15831697894970265,0.05327671893133476,0.9032779251460884,0.0066108554780812,1e-05,0.3350918136806384,5.296329731616134,0.007912096699522001,0.0038217505192860465,0.11078555313756451,0.0016969711628829994,0.00020833092435146219,9.021794251364819,-0.06424179703491374,-3.934534651696302,1.2790472972360665,-0.4367722896297191,0.005229454688787744,1.2529982130441883,-0.4219496029373175
36,24.71861778544193,0.010366332284569069,0.9477503858023366,-0.15628445513682157,0.04810482029119527,0.9484556955200362,0.006613920948616142,1e-05,0.3348718735635815,5.31754317992176,0.007925038681125825,0.0037918912614266355,0.11058598614293191,0.0017144214354127896,0.00010494792718774033,9.021629332766715,-0.06609675968802772,-3.878178699576184,1.284666481396936,-0.4383251548485728,0.005070748123187826,1.256208613499552,-0.42579982315597525
37,24.72832666580799,0.009708880366062544,0.9499942267350996,-0.1548546381080389,0.045109231962250355,0.9793502824475526,0.0066176065926913585,1e-05,0.33394629437337947,5.332888659532404,0.007944304106733585,0.0037720137848350245,0.110440257852594,0.001709265752372511,3.267372893312564e-05,9.03527844263989,-0.06750911519135297,-3.8949401512895414,1.2880976526315848,-0.4374550628643087,0.004911627091946643,1.2581330437560196,-0.42855695394205634
38,24.734977844002486,0.006651178194495344,0.9520463366669344,-0.15742805546902217,0.044848883918951095,0.9872206108125575,0.006619894953450726,1e-05,0.33347959734314325,5.336939155170006,0.007950852479296342,0.00377423291763812,0.11037476820675396,0.001712341513027887,1.647625703064068e-05,9.035929459486406,-0.06780188234974406,-3.9024097145652865,1.2850066977884962,-0.4352647057807922,0.004939955047292274,1.257054366622546,-0.42818300022241707
39,24.7441063368246,0.009128492822114254,0.9565525159526589,-0.16283487587239528,0.04456470886715147,1.0064446355965078,0.0066251035369580295,1e-05,0.3323451328645082,5.343750012604929,0.007964358149271308,0.0037707987909524694,0.11023978783128568,0.0017174352046245651,-2.6993557602419133e-05,9.053114316521135,-0.06871737177878494,-3.9055400928746202,1.2806909741965575,-0.43131262383852154,0.00491246020225843,1.256064792268163,-0.4277193310923845
40,24.755289534139887,0.01118319731528672,0.9604092558037917,-0.1689179527601192,0.04488082582553215,1.021509524895222,0.00663237121727274,1e-05,0.3315102167438422,5.3493524981438885,0.00796785867185019,0.0037525563978442495,0.11012279638677552,0.0017149981344498034,-6.647458467221407e-05,9.102825408380188,-0.06983380263051811,-3.911401653655549,1.2793996945200412,-0.4294942590861209,0.004764656787146694,1.2560009073677778,-0.42885295508170357
41,24.772677833934758,0.01738829979487022,0.9694649069985893,-0.1824822580745037,0.0484976343923321,1.0482616325163499,0.006640254449016766,1e-05,0.3302383914035481,5.34304916412315,0.007975711750167291,0.0037181623986944252,0.11002276169620334,0.0017235060280767112,-0.000143320533713207,9.229735156850984,-0.07224467119746152,-3.889829418972403,1.2764493438016886,-0.4255121042784485,0.0044119875489068115,1.2571443420165285,-0.4285071198896385
42,24.782774772441808,0.010096938507050623,0.972666547636491,-0.1878322491335012,0.04754058141206768,1.0620668576912666,0.006644328457196962,1e-05,0.330922017767938,5.345683769666124,0.007967139478760585,0.003673824794187731,0.11004809572395034,0.001683556111715374,-0.00019380528734766695,9.364112596990195,-0.07428057782644659,-3.8945543422437865,1.2803380740707015,-0.429222308558351,0.003989988676698308,1.2594500957582273,-0.43253499967818165
43,24.792024066187373,0.009249293745565268,0.9723097116364832,-0.18788189311177497,0.048017541021148004,1.0643210183174616,0.006638720229892698,1e-05,0.3317424291129934,5.34003353585391,0.007968495648138927,0.0036776847891850655,0.1101374541763593,0.0017077878802573315,-0.00020218076570760896,9.382806327821868,-0.0745699339160378,-3.9165294132334183,1.280142945013901,-0.42840138886859963,0.003992313712589273,1.2599067559112787,-0.43145831114090016
44,24.798515996793782,0.006491930606408403,0.9713363966844639,-0.1858357994577031,0.0489162793706302,1.0557390202476324,0.006631800875498715,1e-05,0.3328924077468492,5.330706769016987,0.007962397162889542,0.0036830475159610825,0.110288993387586,0.0017180776318797253,-0.00018762461814462506,9.405957340247712,-0.07449277377474475,-3.9007705383049363,1.2811017423003026,-0.4296368049975034,0.003980110042144591,1.2599152425608775,-0.43083984310951834
45,24.80251338332606,0.003997386532276437,0.9715598733564216,-0.18539262296141706,0.04859431248307414,1.0518935706361239,0.0066271659927202185,1e-05,0.33364693910316773,5.325946813633432,0.007960563127193425,0.003687286101387682,0.110399869899631,0.001713080462334262,-0.00018505436774589974,9.443013897933488,-0.07474875959959283,-3.9003496833470424,1.2808685909696111,-0.4300815939107296,0.003941668371965651,1.2599182009081715,-0.430044506646874
46,24.814687742101952,0.012174358775894234,0.9733121953222141,-0.18596532858389647,0.046669978686210305,1.0577783585217309,0.006616721445514934,1e-05,0.334598090580987,5.317751515693417,0.007968702134480496,0.0037025448811706754,0.11062277400946444,0.0017141199745664296,-0.00022176322693563094,9.579414437731073,-0.07649235599368122,-3.9093050886868292,1.2787312749157649,-0.4285351045925155,0.0037796313849173782,1.2581997466350026,-0.42885881086114963
47,24.83296657932601,0.018278837224055877,0.9752244409834686,-0.18688496406605382,0.042320529066829454,1.075657375155726,0.0066037477972080635,1e-05,0.33489414381055777,5.313834268406089,0.007992081804512363,0.0037364106690063415,0.11083355616620312,0.001707159810915649,-0.000296931014423669,9.773320966924002,-0.07935826537255408,-3.9302327887664896,1.273654496046519,-0.42401994079439626,0.0035908603926972957,1.2555506941628243,-0.4257799187495803
48,24.878246602395244,0.0452800230692354,0.9746026186499425,-0.18579275552934676,0.03857914774381401,1.121089649023973,0.006573531799505221,1e-05,0.333832614664496,5.308208658243313,0.00805276025293708,0.0038453031897643115,0.11106470201668564,0.0016939724144803385,-0.0004982828882923724,10.263733044391634,-0.08666749673589427,-4.020569583563449,1.2591403663689456,-0.4119537919219633,0.003197654594426635,1.2484854537418113,-0.41795159904803664
49,24.892628497008467,0.014381894613222812,0.9504595340168732,-0.17843173244546706,0.028320991222527785,1.208949529994602,0.006491840365050072,1e-05,0.33109064626326706,5.284735610944303,0.008172493602565133,0.004142010173414644,0.11154531475541263,0.0016913996602351304,-0.0009608128089902121,11.487008095102771,-0.10403283906222133,-4.089555194869272,1.2295306047479961,-0.389124423387894,0.002293449463728671,1.2315134364427234,-0.39882232290304376
50,24.98215925322319,0.0895307562147245,0.9534854669496715,-0.1780965665172302,0.03197172561880406,1.227096124624862,0.00651144570012901,1e-05,0.3279736511890108,5.310535232363075,0.008181200727243295,0.004126579989896847,0.11104324941094486,0.0016775518376387244,-0.0009917313881269122,11.414019435319773,-0.10392944621800358,-4.151106178299369,1.2309245647666722,-0.3852288325383997,0.0023713633100957343,1.232382076399631,-0.401804654699308
51,25.01319108443142,0.031031831208228056,0.9471369864048251,-0.17506947852819113,0.033503826914826236,1.2530976420855595,0.006516448327815585,1e-05,0.3245508368788289,5.329832256238704,0.008199631486897079,0.004161256910313091,0.11059769900881489,0.0016762808915148023,-0.001083630335699967,11.516603655962443,-0.10616827899440638,-4.1836460635867585,1.2293601825513218,-0.3801813964648756,0.0023588371726454525,1.231362373015805,-0.4019623817045347
52,25.037850378724833,0.02465929429341429,0.9391814837625142,-0.17316963573922292,0.03223277196350116,1.2985335148092163,0.006514749853612947,1e-05,0.3208898807401832,5.346733122047299,0.008225086645512395,0.004211204096078898,0.11017986048602857,0.0016796708103809397,-0.0012614845745458376,11.811942143167071,-0.11133804894586508,-4.187508720944697,1.2264761352115408,-0.3731712673275135,0.002168347848330778,1.2304499996818579,-0.4014978383919863
53,25.072892311431097,0.03504193270626388,0.922860231372071,-0.16905237932352113,0.029035478870329593,1.3784275761484723,0.006508445659533218,1e-05,0.3162772978627128,5.365008974618554,0.00825340038971421,0.004284100986592508,0.10964980415051491,0.0017097910981704538,-0.0015841376074216173,12.326414164884078,-0.12035474710255707,-4.24490815625369,1.2224461273168739,-0.36483596587593686,0.002016602348512531,1.230279805903294,-0.4061376342767988
54,25.127762293260105,0.054869981829007486,0.9067281228522464,-0.1651511438184679,0.022633957404326124,1.4805433629417777,0.0064996535274511125,1e-05,0.311536732585377,5.380725034365755,0.008284337494029967,0.0043673932918496736,0.1092468553162823,0.0017208963483232509,-0.0020068055826451005,13.045425601154344,-0.13252954721348062,-4.228746780702155,1.218445344470882,-0.35303318477738393,0.0017607985125518517,1.2328497397051155,-0.40911388373606655
55,25.213603722333,0.0858414290728966,0.8668667030036764,-0.15296326384492678,0.007148644988605792,1.7115517378086942,0.006492939303533827,1e-05,0.30201601421595153,5.412041080822515,0.008318774290413212,0.004518496259654845,0.10870047611653032,0.0017070449263717799,-0.0029775201361541483,14.606772925249645,-0.1593618756573945,-4.147272089437328,1.2128696118966165,-0.33327737361826304,0.0015176169837120687,1.2430588192837186,-0.425088615940581
56,25.27479035809054,0.06118663575754013,0.8433694244903259,-0.14549815957594184,-0.0022532741424454907,1.820590391955157,0.006491909786773359,1e-05,0.3007106958755539,5.404190465743994,0.00829019571266279,0.004547789316884609,0.10909958609303044,0.0017045885323187125,-0.003478509140627742,15.408026123996407,-0.17273782802405407,-4.165549485839375,1.2175921342921256,-0.33039168916861106,0.0016114182304186233,1.259389784064217,-0.4373209998892806
57,25.31975404088917,0.0449636827986275,0.8456569988563387,-0.14358644591368633,0.00023927719017529303,1.7847476111572793,0.006505216894315685,1e-05,0.3033381444580217,5.393020230096875,0.008246160995733103,0.004486890868531631,0.10949037349474502,0.001695520354072805,-0.003344917643636286,15.110201956226803,-0.16797165276241346,-4.131717786799435,1.2236442194574542,-0.33964407636628696,0.001964671515365174,1.2631710249981138,-0.4431273850128337
58,25.353896182729923,0.03414214184075348,0.8398105529891667,-0.13626639968098453,0.0005905950264104025,1.7971548657562033,0.006513485702860988,1e-05,0.3041470379099117,5.383285989347905,0.008216164306433587,0.00447978784937138,0.110038695519626,0.0016792832703436604,-0.003428280478165629,15.177904895820355,-0.16927904157483334,-4.1210755555009895,1.2262582685027834,-0.342845280340761,0.0022608720431929828,1.2691012634084895,-0.44958278442652205
59,25.378427094000862,0.02453091127093998,0.8353550390628046,-0.12800099031447237,0.00233249767209762,1.799903133379876,0.006520680327446536,1e-05,0.30470357092414924,5.373093570574348,0.008192983817957215,0.00448671766294821,0.11064237377626357,0.0016686124889268553,-0.0034761745099500057,15.197485707092833,-0.1696851359203516,-4.124815822180125,1.2269803275863385,-0.3451631217870841,0.0025137268908942017,1.2738343330923343,-0.4521147593206854
60,25.400892908859944,0.022465814859081945,0.8241736409176511,-0.11757184179271804,0.0012673798439800559,1.8437875739388552,0.006530295308839611,1e-05,0.30230917776591354,5.372139728735142,0.00818088286834872,0.0045357360973019055,0.11109091987308824,0.0016769476997204906,-0.003697659052235503,15.46570419534272,-0.17457619277192424,-4.119169472729412,1.2239938929329819,-0.3431517242597586,0.0026663236816329063,1.2791972504841453,-0.45448221397190647
61,25.41707223887766,0.01617933001771732,0.8119587625496704,-0.1090616770774269,-0.0012857057393219527,1.8786381496887123,0.006543857720638166,1e-05,0.29972039525172944,5.368131759917647,0.00816055215902883,0.0045890512997999,0.11157824887129726,0.001673265415269871,-0.0038936574212937,15.620434632667862,-0.17786165487428837,-4.096503967071381,1.2212901499067952,-0.34075269945046516,0.002900125993150018,1.2824808628035793,-0.4565399632833533
62,25.426712604137787,0.00964036526012535,0.7951664951326,-0.10026753154899831,-0.006099895837146331,1.950432238201444,0.006548735420387344,1e-05,0.29481300870334076,5.372559708652442,0.008165922192247047,0.004688210758476432,0.11172394172039607,0.0016927806543132627,-0.004245738422132748,16.020494571045315,-0.18538982710036814,-4.12382237026392,1.218053153315657,-0.33013656802888114,0.002933483375790342,1.2833834268933146,-0.45866717866253703
63,25.435319928445843,0.008607324308055553,0.795603042345242,-0.10170640080095057,-0.007312306380951995,1.941485704771879,0.006546049360717645,1e-05,0.29536498809131667,5.369539593744593,0.008162986992208698,0.004692914610868783,0.11177980538702066,0.0016925167830428645,-0.004229133207857323,15.938157066059135,-0.1841258057694672,-4.116645152309867,1.2182681963217081,-0.33035313001762395,0.002971623757590981,1.2818888702644484,-0.45844167354914755
64,25.442717095938075,0.007397167492232626,0.7927702917195341,-0.10229773082699756,-0.010454561089720826,1.9500924614052804,0.006537318500523476,1e-05,0.295280991821895,5.369218165667285,0.008167368774819932,0.004724634605349749,0.11179000622344495,0.0016926583724376583,-0.004310026932554978,15.957541028376792,-0.1847355377214061,-4.114622168619962,1.2179991398195351,-0.3277155377806268,0.0029913682319995644,1.279986794535725,-0.45922066783040644
65,25.44901374867717,0.006296652739095521,0.7907819609521246,-0.10158011421044431,-0.012554562382519906,1.95884833504281,0.006526016225272164,1e-05,0.29521472010959915,5.371533292992997,0.008175325988239404,0.004760919527144365,0.11179226204915185,0.001690541296195171,-0.004403176299509062,15.979165215302354,-0.18538717817546838,-4.12082231411803,1.2170858064266543,-0.32544245932469534,0.003009382551103106,1.2790376737575562,-0.45937703947926495
66,25.45979818548519,0.010784436808020104,0.7799205916870304,-0.09698952969525948,-0.02021233186653193,2.0251905144970643,0.006484420159876899,1e-05,0.2941493877867866,5.382582298086625,0.008204033874485235,0.004891175518099234,0.11171905233743525,0.001687725907119757,-0.004903743415592719,16.332234136586916,-0.1921961415163669,-4.087224213239143,1.2136817612545236,-0.317506077600776,0.0030309501033226774,1.2815264391435748,-0.4626085312722396
67,25.46617024148488,0.006372055999687376,0.7777006833180242,-0.09555476061185325,-0.02160863338423718,2.037157443607221,0.006472961038333858,1e-05,0.29438577863795884,5.385837788494743,0.008206135501322742,0.004916573615474153,0.11172781277503784,0.0016874258546269877,-0.0050400451270367795,16.366218810069874,-0.19311993126240484,-4.118077987975211,1.2139513946826528,-0.3177420354523566,0.0031043704147484482,1.284243167187103,-0.4648922375274892
68,25.472035972880953,0.005865731396074381,0.778754090227237,-0.09447551913564813,-0.02029326867950667,2.0345809649293276,0.006473441511660247,1e-05,0.29433483692969253,5.387080005300234,0.00820525681943637,0.004915926671585129,0.1117428816174096,0.0016875907189563722,-0.005046954279061668,16.34248933384767,-0.19276500814557934,-4.125571011430721,1.2135125749990914,-0.3189061278554821,0.0031225724169116928,1.2849026060208515,-0.46510314515576423
69,25.480548958544006,0.00851298566305303,0.7834773705829269,-0.09459403772279538,-0.017596951921957444,2.0269815229997388,0.00646791493739468,1e-05,0.2944431909021638,5.392389550313089,0.008210831331518547,0.004917022575968508,0.11161875908153339,0.0016864185794256542,-0.005089230801505406,16.266596457729484,-0.1916343975803883,-4.128836001581415,1.2128601701460044,-0.3209324030699151,0.00311196100900514,1.2862351395487783,-0.46456881979727577
70,25.488680353080845,0.00813139453683931,0.785509162611908,-0.09490141251685295,-0.01729125130352502,2.026818470365011,0.006459711258892549,1e-05,0.29445952096506317,5.394075908629233,0.008213004716559932,0.004939751575357744,0.1116173047456463,0.001682335786865069,-0.00523296779897827,16.18641151927718,-0.19080893537074775,-4.123437245261413,1.2128883840863016,-0.32132412470117244,0.003185613414066132,1.2873182109797954,-0.4656970650587902
71,25.506295365411717,0.017615012330871593,0.793930889732363,-0.09991948503111502,-0.015442542519665108,2.015127726818762,0.006448745969607455,1e-05,0.2948033227224775,5.3942715258036875,0.00821601741591568,0.00495700544117097,0.11153068408862427,0.0016784685920798854,-0.005523493911567736,15.939499634717286,-0.18769602856320086,-4.090110761859093,1.2147729095420137,-0.32343054450248204,0.0033056301775694144,1.2903208575363698,-0.46737384756861794
72,25.518221391111407,0.011926025699690257,0.7888958257076978,-0.10134504421017984,-0.020156658268019025,2.0646066240740337,0.00643838009303734,1e-05,0.2924521426723768,5.398142981214282,0.008234357142294025,0.0050344395191231055,0.11150516635992694,0.0016930956099206094,-0.006144673808712783,16.05695550330316,-0.1911938531700984,-4.089345336736302,1.2137157715671067,-0.3188209461964884,0.003386834456394216,1.2928106275564237,-0.47407800157267116
73,25.537291667669216,0.019070276557808796,0.792511325598283,-0.10687676695885785,-0.019961991035954647,2.071456426740875,0.006446933208954469,1e-05,0.2915714323988402,5.3943520840283785,0.008234123418421278,0.005025487247475647,0.1114912905842622,0.001699812899285812,-0.006459908082950308,15.972015161172932,-0.1905725426701266,-4.046400696423731,1.215795917212305,-0.31942023374454753,0.00343684819197274,1.2965861402335224,-0.47640642261611926
74,25.55427886621679,0.016987198547575133,0.7923208495323592,-0.11253401364887136,-0.021913672229333898,2.095026598466926,0.006465388445767371,1e-05,0.29032566400891086,5.3880748916116055,0.008232122561058396,0.0049969751647284694,0.11155920916740672,0.0017076286567839474,-0.006836153689935093,16.014379063856357,-0.19199748980846196,-4.002062473534639,1.2188798407893298,-0.31888430291965736,0.0034548709134578103,1.3012020743857384,-0.48072412133242887
75,25.563564067592434,0.009285201375643481,0.7920320797478987,-0.11505331082256903,-0.023183465330840952,2.107326082030612,0.006479298247690509,1e-05,0.29013590324514904,5.384775951100291,0.008228023891443722,0.004957739151085645,0.11164844452971268,0.0017068269659113327,-0.007010470217004195,16.05788385674742,-0.1929307112217507,-3.9821420666232905,1.2207936114648843,-0.3199488466334023,0.003446570061679491,1.3040391907427584,-0.4836503399305445
76,25.579187279684785,0.015623212092350514,0.7926679105985046,-0.11670459500623855,-0.02619491103039521,2.128004290480978,0.006494879339607366,1e-05,0.29062510317654655,5.382383068108742,0.008226551449869614,0.004893040255430542,0.11188630578032839,0.001698381340749838,-0.0073799834339258455,16.10122760889867,-0.19415878322076083,-3.9638282341925937,1.2245064036824727,-0.3204420089342126,0.00342765417560871,1.308115172962522,-0.4880448967405236
77,25.59194889253167,0.012761612846883708,0.7953056428504467,-0.11726549377016433,-0.02825132444366766,2.13608628179271,0.006509487237742162,1e-05,0.29146384601577074,5.383211463948171,0.008224774071282458,0.0048200688509462,0.11213403264787364,0.001689451392101516,-0.0077089071516808,16.06290058365858,-0.19395488531809996,-3.9393297977692043,1.2240655653755161,-0.32472741220359563,0.0033866292549453304,1.311077699348175,-0.48967286564144796
78,25.604548279409357,0.0125993868776888,0.7958839304722221,-0.11429450647616622,-0.03035711253129038,2.145283797776086,0.006504492649137371,1e-05,0.2921203064907489,5.3875952888056595,0.008233855090526338,0.004808377343278674,0.1122483496456585,0.0016868315736924067,-0.007946643697577315,16.052140534401527,-0.1941714681849529,-3.9524686227122348,1.2237368912345175,-0.32386783385926554,0.003360107128430549,1.3110427258271917,-0.48942745183805986
79,25.614196069463908,0.009647790054550853,0.7959973492851815,-0.10915737786498414,-0.03284246897309796,2.1528287608496726,0.006490530657376343,1e-05,0.2928390502468719,5.394412280510416,0.008249567183591981,0.0048137066983549946,0.11228551988364657,0.0016891651238360981,-0.008201305835868221,16.02090042841465,-0.19409030784430814,-3.959840989566727,1.2215306308386882,-0.3220683098141519,0.0033220414043730636,1.3086973872084848,-0.48657630069072044
80,25.61613006721553,0.0019339977516210638,0.7924397409696637,-0.10501110436523778,-0.03623220740672174,2.1704876591844973,0.006476096112979245,1e-05,0.29274265574755065,5.400254082871257,0.008265476542566184,0.004842632029276122,0.11227569546741761,0.001691696872293134,-0.008463908538784213,16.059792092700945,-0.19524463815249637,-3.998696306398046,1.2190828172616164,-0.3194346372692281,0.0033193766107884586,1.3074045498256266,-0.48493921193827466
81,25.619710892292886,0.0035808250773570194,0.7928105799934855,-0.1054382524468496,-0.035961079957070805,2.168994656689894,0.006477310279727656,1e-05,0.29260234786589284,5.399159984174098,0.008265813858755357,0.004839998689451762,0.11223373793936804,0.001694193145388225,-0.008468574091676801,16.047649830150444,-0.19503591846985427,-3.97902184421659,1.2190495828466668,-0.3193167528075019,0.003315580270714047,1.3067617801665141,-0.48428234757070376
82,25.622900432707056,0.0031895404141693007,0.7919070053260441,-0.10556594841882483,-0.036587119135764644,2.1726777901491676,0.006476932210790924,1e-05,0.2922568080792502,5.398031421101645,0.008270365851867486,0.004841003028496679,0.11214950905995356,0.001697692086900516,-0.008546968075584244,16.051072178536778,-0.19519487024035836,-3.9623624550517174,1.2186726636748144,-0.31838629089441484,0.003313188468224937,1.3055243599797755,-0.4830743452406053
83,25.626215306272563,0.0033148735655075257,0.7899774960822776,-0.10551824709246545,-0.03812142224780773,2.1821544937181145,0.00647418052354989,1e-05,0.2917111806039971,5.39741200839357,0.008281201024086434,0.004847186638098211,0.11201557735550596,0.0017000212860070157,-0.008721184344394648,16.066033625519374,-0.19570152520127945,-3.959586661212895,1.2179395180817802,-0.31668849446091907,0.0033180965184643526,1.303440401662997,-0.48183644438269135
84,25.63126762016524,0.005052313892676352,0.7902233675375498,-0.10714646461901266,-0.03826259118101156,2.1800065974244403,0.006477624546653059,1e-05,0.29153731622748186,5.395594958193378,0.008297306401625425,0.0048200460221058065,0.11175314658707165,0.0016904170225975107,-0.008814536424979421,16.043344503768843,-0.19518647707018497,-3.964198002369113,1.2180705706258808,-0.3161161461200325,0.0033162698120146016,1.299543207784273,-0.47818602352620926
85,25.63600115947758,0.00473353931234044,0.7890132804883827,-0.10643896831861434,-0.03910852427576357,2.181483731533054,0.006471488633182058,1e-05,0.29123647084784765,5.398121565203844,0.008329389268092619,0.0048109936614630705,0.11134132811688127,0.0016827644831511057,-0.00897521941981205,16.033872217877605,-0.1949091036691576,-4.00975465262233,1.215927938218559,-0.31433629198240964,0.0033194300053383486,1.29151561973202,-0.4728042523567311
86,25.63905666843566,0.0030555089580808215,0.7912516722568224,-0.10659780273027764,-0.03834528951048405,2.173976057178375,0.006473779490498955,1e-05,0.2917785461537676,5.400468202599406,0.008337451314018923,0.004784698743525777,0.1112804967088819,0.0016799427468423191,-0.008964511243390746,16.001931267214005,-0.19412428863596093,-4.027071592293197,1.2160445711132353,-0.3151045210638122,0.003311356868856901,1.289899564493126,-0.4703187201627707
87,25.640813254633187,0.0017565861975263886,0.7940171820945019,-0.10680044600653253,-0.03695620790502855,2.1637435813873767,0.006476225556421241,1e-05,0.292390567401837,5.403511877326022,0.00834261273324298,0.004761246038353574,0.11124826677134719,0.0016815333728348533,-0.008895921436015546,15.969262043796705,-0.19323206399959886,-4.0461286881961165,1.216071891089399,-0.31626515168284164,0.003306578004110038,1.2884423181848643,-0.4681918018799137
88,25.64188417088514,0.0010709162519546567,0.7954736607587225,-0.10736420764800671,-0.0361686000823145,2.158874513077672,0.006477624484032325,1e-05,0.29266122721896737,5.405701050839909,0.00834493807170006,0.004750120333988949,0.11122895085712912,0.0016884789940447246,-0.00887297515689378,15.956592139939538,-0.19281150137219752,-4.053938942408388,1.215719523090826,-0.31684619953272586,0.003311225174902764,1.2872257918204366,-0.4667768305739986
89,25.64320102548069,0.001316854595547312,0.7967079914935291,-0.10829015547118907,-0.03516178271489059,2.1567921871913414,0.006476866382277957,1e-05,0.2928523992931892,5.409641143142727,0.008347408268442522,0.004747814713743668,0.11120170225304647,0.0016999119935685641,-0.008897628765585296,15.965576610744176,-0.19267601178855767,-4.06700850798839,1.215029781903219,-0.3160322366014055,0.0033377673138482683,1.2846185011689928,-0.46437479512302743
90,25.644152313857262,0.0009512883765729896,0.7968807617688836,-0.10918839510824127,-0.03481799780464076,2.1568861358801774,0.006475556071488819,1e-05,0.29294996691367736,5.412064905799373,0.008345259696784528,0.004753153991255244,0.1112168866078013,0.0017043873676509417,-0.008914015819812793,15.982116300450706,-0.19278064193425995,-4.073912037206541,1.2140046784977991,-0.3157493469800275,0.0033613997205859942,1.2833765934187633,-0.4632265421888713
91,25.644885908574324,0.0007335947170616919,0.796453533550741,-0.10956299545358072,-0.034799041422657086,2.1598555307524685,0.006473678862172226,1e-05,0.2929169409456843,5.413027342140362,0.008341126857500346,0.004764044054950733,0.11124915378401884,0.0017020787973223617,-0.008951429930863062,16.00772404588789,-0.19313634469379562,-4.076134409690408,1.213300098801938,-0.3149333886315395,0.0033826028769650012,1.2828150763631776,-0.46283947895185484
92,25.645741041049813,0.0008551324754897394,0.7949459466701863,-0.10918421936168174,-0.035040384288213454,2.1676123640697202,0.006467972524661179,1e-05,0.2926197123057966,5.414067100094833,0.008334387951108795,0.004794943565331419,0.11127647325750414,0.0016982485607672827,-0.009051771623990363,16.066968584463943,-0.19401119919921575,-4.0941152159798015,1.21132652957098,-0.3126934962542224,0.003419984362262895,1.2815625255208476,-0.46165547906591997
93,25.646217304875634,0.0004762638258206664,0.7952638777553341,-0.10916082928177098,-0.03480347096579942,2.167771628156864,0.006469221384159028,1e-05,0.29261458005077745,5.412503774312391,0.008328830325027504,0.004796546239042476,0.11129806803806475,0.0016881946345953175,-0.009072916520316205,16.081594367951904,-0.19411904835578117,-4.089188837725063,1.2109379661577047,-0.3124453075984338,0.0034273001007801237,1.2815435295423054,-0.4614208713221488
94,25.646520638672474,0.00030333379683966655,0.7954289524216871,-0.10890259683359185,-0.034749869845349786,2.167024516560347,0.006469969156721014,1e-05,0.2925925965941898,5.411666106914176,0.00832795882030614,0.0047960564470415105,0.11129795705124985,0.0016877219150749463,-0.009069962465464156,16.081917666136786,-0.19408101638942082,-4.092315211179011,1.2108675283642008,-0.31254580007621596,0.003423670054057061,1.2817172266225079,-0.4614748366591461
95,25.647362574508165,0.0008419358356910323,0.7959426562507176,-0.1081619858760896,-0.03467258038320686,2.164749350022607,0.00647329015926357,1e-05,0.2924772113885482,5.408023196749573,0.008323104496693438,0.004795713206511469,0.11130296743307891,0.0016872044300229058,-0.009079537510147126,16.093656992057518,-0.194033434876318,-4.100972234871675,1.2103999791335058,-0.3127148260762556,0.0034147191864004438,1.2821950027253073,-0.4615700307600982
96,25.648309987380564,0.0009474128723994113,0.796168972172647,-0.10766835965939456,-0.034871401684011656,2.162849335275927,0.0064769750690138695,1e-05,0.2923393286914391,5.403937008181057,0.008317582651301104,0.004796174503591562,0.11131085259305971,0.0016880557506873948,-0.00911054815353187,16.115840487033065,-0.19407077958296937,-4.1055278443392655,1.209939007461913,-0.3126412317101508,0.003407030844625383,1.2826131773600686,-0.4616765206831712
97,25.650954338115028,0.002644350734463785,0.7956390386244725,-0.10652138063368567,-0.036018136678820256,2.1591738782044936,0.006485739811578767,1e-05,0.2918505027399531,5.393048579135504,0.008300427726350186,0.004806585369167211,0.11135171411846807,0.0016912242061820886,-0.009259575898738513,16.21622121456986,-0.19453096220159832,-4.120133209401414,1.2082281219774174,-0.3117432215644001,0.003389500930223925,1.2832930204682316,-0.4625992402897001
98,25.652616004448458,0.0016616663334296788,0.7972594473194295,-0.10633996803010494,-0.03714681322162945,2.1411117734916405,0.006508763020157004,1e-05,0.29155616597170475,5.375180667173058,0.008273570459235699,0.004785746799137331,0.11141760058791904,0.0016942435904599902,-0.009477757320312148,16.36414375264676,-0.19436802662268488,-4.122770398123298,1.2072459105407438,-0.3113945475611338,0.003339968759598166,1.2853985448772722,-0.4622606245669232
99,25.656429719950683,0.0038137155022255342,0.7953268641139483,-0.10644273988123411,-0.03790225596686484,2.1457989926016916,0.006503441263435284,1e-05,0.2913971760088424,5.378129652123132,0.008274530653140686,0.004802129624633271,0.11143356251173153,0.0016960248388859349,-0.009539831402365313,16.399909831836364,-0.1949016220095862,-4.121283633983551,1.2066935622802593,-0.31055206139551966,0.0033484008418715517,1.284728239718857,-0.46312400990824376
100,25.659852674193253,0.0034229542425698867,0.7927813355594141,-0.10691782282477284,-0.0392450056014671,2.147208890380977,0.0064999400233403904,1e-05,0.2911924592078623,5.3808659676542705,0.008273460884796928,0.004815858552635857,0.11146812639101172,0.00169860581662855,-0.009684830351950655,16.4849516107691,-0.19553770566248535,-4.112224929890182,1.2063101653718185,-0.30927018077501867,0.0033434297609327467,1.2843331121971757,-0.4641306831611458
101,25.662678137931344,0.0028254637380911163,0.7905319689138353,-0.10695855545180676,-0.040507347445393756,2.1445058555915653,0.006498205552878261,1e-05,0.2909250223430551,5.383262384363496,0.008271590204398608,0.004825097905496044,0.1115030919202773,0.0017006217339679767,-0.009863483408869679,16.592258104843857,-0.1960570074326034,-4.1048021994915,1.2059505382403946,-0.3080561742006841,0.0033224691495233128,1.2843987393171699,-0.4648233957369021
102,25.668416867966585,0.00573873003524028,0.7862198185754519,-0.10567782479959098,-0.04263308550300464,2.1352359692206258,0.006492108435060518,1e-05,0.2902130447781732,5.391502637658697,0.00827228741841706,0.004840548622487169,0.11158026343754662,0.0016952716029789234,-0.010203304294466918,16.80414016032764,-0.19685827910169562,-4.092803779713316,1.204976906387461,-0.3072750576396638,0.003252336029426473,1.2859085129801233,-0.466411408232508
103,25.670703266868408,0.002286398901823361,0.7847933123516779,-0.10411286208868836,-0.04348587258201948,2.125869610112173,0.006489519264661461,1e-05,0.28979000285716977,5.396547260057948,0.008279275202518074,0.004840177729336895,0.11161098643683298,0.0017039041553769355,-0.010367850786832444,16.908652035370004,-0.19694584117609923,-4.083413401210494,1.2057671348971057,-0.30703493493186673,0.003192416074358651,1.286970930176283,-0.467496086497072
104,25.67369638900773,0.0029931221393226792,0.782035282666711,-0.10216135566304821,-0.0447599586514734,2.1185806991916762,0.006482897235106622,1e-05,0.2891486276613433,5.403116594095221,0.008284190868386655,0.004852334438084478,0.11166572351383984,0.0016982351909479564,-0.0105614269036583,17.034911662963385,-0.19732965108129147,-4.086221317549615,1.20512402165181,-0.30739888069436183,0.0031315243862342808,1.2887359013611681,-0.4685501524791776
105,25.67454974480022,0.0008533557924899071,0.7821709807476568,-0.10108501594113964,-0.04479452963068664,2.1152394404176564,0.00648289430370871,1e-05,0.2889388618807888,5.40245827930243,0.008283965773016952,0.004853152001102063,0.11168588122202235,0.0016922222877155566,-0.010583615174314833,17.054621196180392,-0.197261705627931,-4.085876774272439,1.204857144049322,-0.3080198476770801,0.003112298969500881,1.2894954365301572,-0.4685743709369022
106,25.67536653504881,0.0008167902485887168,0.7811202906167004,-0.09975767450397159,-0.045383253344241224,2.118238831802601,0.006476116588378,1e-05,0.28857020648754006,5.402638512845922,0.008288442385619339,0.004872494434202627,0.11173567185880823,0.0016844777150872036,-0.01060154325599696,17.069122382365165,-0.19755442892358102,-4.09107267383985,1.204953966989858,-0.3077268427523897,0.0031112301206292284,1.2895292705804506,-0.4685593041541148
107,25.675879259203064,0.0005127241542552952,0.7806400952758021,-0.09868615055645469,-0.04636433252794355,2.1165530227636986,0.0064758330150674025,1e-05,0.2881619364579745,5.397678652522114,0.00828605555418617,0.004885866906252707,0.11181097471855582,0.001678712181383432,-0.010671527077375323,17.11797660275571,-0.19776382228277314,-4.082032255120228,1.2046986659644436,-0.30768361416472695,0.003102203986996373,1.2896449887233032,-0.4682024172412753
108,25.67618481565821,0.0003055564551459611,0.7801106642748795,-0.0985507033135639,-0.04678464686540038,2.1173486048340617,0.006474329887817563,1e-05,0.2880431780704783,5.397285324470049,0.008287635927900768,0.004892900710251513,0.11183642276712213,0.0016813206993137562,-0.010692409827342327,17.130781200773573,-0.1978858550759032,-4.085622719879228,1.2048239152531837,-0.30756363103218,0.00310365221301046,1.2893391444608484,-0.468227611620998
109,25.676487927731063,0.0003031120728529402,0.779546404050035,-0.09838777200198914,-0.04724323877678402,2.1164760903370947,0.0064739341865019,1e-05,0.28788529312516764,5.3961638255832325,0.00828860595327376,0.004901019075435109,0.11187754856757602,0.0016855234382317974,-0.010726770450589012,17.153381535238058,-0.19794396448803286,-4.088872686545349,1.2050988871661406,-0.30782054676030796,0.0031015382793074435,1.28884671545029,-0.4680758929898802
110,25.67670955622099,0.00022162848992834938,0.7793565703294962,-0.09837037722175199,-0.04727199370822493,2.1146694736223566,0.006474645059844371,1e-05,0.2878351854592032,5.395484722187902,0.00828790436135441,0.004905070291363083,0.1118995760607534,0.0016879728857299822,-0.010739387646700578,17.16356390338542,-0.197852138787534,-4.090531628064084,1.2055431074553513,-0.30831339808651465,0.0030992383390014873,1.2884184028910326,-0.4677254670381738
111,25.676875245863144,0.0001656896421522447,0.7790531235377841,-0.09818889094111098,-0.047170142003819776,2.112061871253856,0.006474656331004445,1e-05,0.2877753110304453,5.395842835560708,0.00828616507554343,0.004910054612076381,0.11191850505558776,0.0016869867895771627,-0.010756478936887678,17.178178946286465,-0.19772860209621984,-4.092072347800034,1.2059355326351908,-0.3091193817298792,0.00309310884208269,1.28791856798283,-0.46752988875961876
112,25.677374920734415,0.0004996748712713384,0.7793690414959248,-0.0984034371925367,-0.046524408924794425,2.106431744912041,0.006478185064313467,1e-05,0.2878494146590305,5.394737605487665,0.008281789770981022,0.004912407174806815,0.11193737993390347,0.0016904525496599457,-0.010740793420289926,17.17577068408473,-0.19723444009383717,-4.0953184131838,1.2073070556371277,-0.3107450977386459,0.0030891598826245275,1.2869327305921903,-0.46639150952884056
113,25.677945685279553,0.0005707645451380472,0.7802396883340689,-0.09879832840902426,-0.045363790904593124,2.0976317406735454,0.0064830131715905605,1e-05,0.2880821765335528,5.394314964350687,0.008272286545389121,0.004909790907693163,0.11192921599583017,0.0016903683608210987,-0.010700341991761078,17.16184683170152,-0.19641377587410458,-4.09942149256805,1.209228622015532,-0.31309621760741285,0.0030819492166014218,1.2857552720535996,-0.4649320942678138
114,25.678443130430765,0.0004974451512111955,0.7815341280514415,-0.09925879247930935,-0.04428744646312415,2.0880785559629134,0.006486746348328226,1e-05,0.28842804687488555,5.394440192496285,0.008257596626937242,0.004902806842198209,0.11188785294092857,0.0016860712400222251,-0.010642099900324399,17.138196829667297,-0.19546738207425549,-4.104384562590425,1.2111239243028267,-0.31551209840813954,0.0030750813149855592,1.2846933050170386,-0.46359516097387626
115,25.678551443502283,0.00010831307151804026,0.7822545735959883,-0.09938309944989265,-0.043875642165077465,2.0848428885410204,0.00648770824937005,1e-05,0.2886023890035637,5.394896426649697,0.008251888269765226,0.004897809049693457,0.11185892066603896,0.0016866991445198265,-0.010610666768736652,17.12253075580303,-0.19509267147823575,-4.105438613409314,1.211904832250172,-0.3161766150113879,0.003073200223135688,1.2843499579199265,-0.4632657691665363
116,25.67871508790192,0.00016364439963822974,0.7827832507339416,-0.09944877552255714,-0.043735670283213894,2.0814448144109807,0.006487419397009325,1e-05,0.2887512379212423,5.395601188098597,0.00824392548434218,0.004893752272122301,0.11182567275690554,0.0016823327993242157,-0.010587580911748842,17.113095729583385,-0.1947496488257288,-4.107216493968677,1.212363657235383,-0.3169334443333602,0.0030693246982894697,1.2842155112945488,-0.46301682441750713
117,25.6787984734047,8.33855027799757e-05,0.7828649845844854,-0.09938753617597074,-0.043972963056854525,2.0804481221728808,0.006486129409994184,1e-05,0.28880420442590776,5.396244689270713,0.008239865718976872,0.004892648334316111,0.11180746210200035,0.0016821324868662448,-0.010581438478011462,17.110935523221904,-0.19463833052293658,-4.106289349436168,1.2124472965047457,-0.3170407076829047,0.003067001981906399,1.2842709531165695,-0.46310400029962107
118,25.67884435792831,4.588452360820838e-05,0.7825514311103847,-0.09902738165773783,-0.04452957754114699,2.07934845178217,0.006483790457015754,1e-05,0.28878245184122336,5.397328438442676,0.008235690411630804,0.004895015002860288,0.11179954550398626,0.0016829974613269284,-0.010592149793283443,17.11972078517983,-0.19456229512427944,-4.1086400127333444,1.2125372049773002,-0.3169855528617428,0.003060654547499454,1.2844462000625265,-0.46347174107722605
119,25.67887744729279,3.308936448220834e-05,0.7824651100349292,-0.0989757919633713,-0.04470949589435651,2.0791169164095424,0.0064838783619566255,1e-05,0.28877659632559133,5.397105174393642,0.008234689869948027,0.004895744083129999,0.11180127955375868,0.0016839535562349686,-0.010592939036393094,17.120774793779137,-0.19452729928729598,-4.104324203434775,1.2125424755446288,-0.316944738100683,0.003059698094509048,1.2845150198666468,-0.4635102626577242
120,25.67888971324487,1.2265952079815179e-05,0.7824219581815804,-0.09895763870008668,-0.04466282307655466,2.0789739666150022,0.006484398496352843,1e-05,0.2887626087527237,5.396895596777779,0.008235175590447334,0.0048963561641201985,0.11180716547343353,0.0016840891390126104,-0.010594306600680814,17.121857393473633,-0.19451596903208132,-4.104490254585146,1.2125829688623124,-0.3169761259507609,0.0030593219085021514,1.284509923150476,-0.46349676587004845
121,25.678926135701296,3.6422456425100336e-05,0.7822225206261139,-0.09876670339999337,-0.044643148596842194,2.077459493190587,0.006486142724987367,1e-05,0.2887149644568151,5.396177405348866,0.008234548614186725,0.0048990511101474924,0.11182593460511257,0.001684011877683233,-0.010598531125475288,17.12718054313748,-0.19436852093550963,-4.103989021037299,1.2128089657806276,-0.31716776974378685,0.0030551394615437005,1.284616684116061,-0.46357613790138086
122,25.67895097065344,2.483495214278264e-05,0.782067308065659,-0.09859531345070907,-0.04467877520994592,2.0759208897317696,0.006487276335755527,1e-05,0.28868017885172925,5.395640546853705,0.008233291428361043,0.0049010617501638746,0.11183928819774938,0.0016836097184657292,-0.010600371639751872,17.131342041303924,-0.19419680124209365,-4.10260810967385,1.2129472988052636,-0.31733783148333516,0.0030513083124457806,1.284814234231115,-0.46377278205924133
123,25.678962550715788,1.1580062349025866e-05,0.7820541083652456,-0.09852792831234078,-0.04472177955942589,2.075073941157534,0.006487814831871253,1e-05,0.2886773406444692,5.395306397436316,0.008232349227182075,0.004901237534639039,0.1118429644948831,0.0016836656116935018,-0.010596591326379625,17.130831484734035,-0.19406535788435408,-4.101034817701101,1.2130189859850027,-0.31733346199199414,0.0030497449141291843,1.2850779364229206,-0.46393573077314
124,25.678988658912857,2.6108197069163452e-05,0.7819946388441825,-0.09840104535140927,-0.04478169390431758,2.073563324579392,0.006488432085210962,1e-05,0.2886633011466577,5.394882319891888,0.008230715337560635,0.004902019736991928,0.11185026033466533,0.0016830470289762012,-0.010593257025606172,17.13205752032342,-0.19385536197609493,-4.098873255978931,1.213073758897343,-0.3174363180430833,0.0030467872785610935,1.2854170338456048,-0.46427543948629696
125,25.679020200873286,3.1541960428427274e-05,0.7820773367170204,-0.09843080762108065,-0.04476991543922017,2.07234461188862,0.006488720491206547,1e-05,0.2886774632947558,5.3944206966144606,0.008230022825350817,0.0049011235251689095,0.11185479658437135,0.0016828842307891067,-0.010582358892321966,17.128382279203837,-0.19361768248498487,-4.096255289954066,1.2130478375579463,-0.3174593910163181,0.0030463982196227363,1.2858482393813915,-0.46470335958621006
126,25.67905840120967,3.820033638390896e-05,0.7823309830663995,-0.09866485965451544,-0.04464519204253192,2.07118420821716,0.006488621738406121,1e-05,0.2887252976901967,5.393788249413517,0.008230834009741709,0.004898226812906171,0.11186046426478365,0.0016830928306535797,-0.010560281765150527,17.118333968046375,-0.19328625326785828,-4.092644827795567,1.2129326302213062,-0.3173738083506941,0.0030491937752708635,1.286489222603668,-0.46533331188532157
127,25.679085747373023,2.7346163353314523e-05,0.7824850221947601,-0.09890852374662532,-0.04450485944407589,2.070492344827658,0.006487593259234315,1e-05,0.288766510039326,5.393636546618048,0.008233342520119879,0.004896491550138568,0.11187215370237641,0.0016834837225580491,-0.010544339234841023,17.11106476581788,-0.1930339449101596,-4.0902679392868775,1.2128761956712926,-0.3172297387287215,0.003052743593441154,1.2868585141490396,-0.4657278508675054
128,25.679090417380635,4.670007612617155e-06,0.7824824124272949,-0.09898503335241146,-0.04446174266013155,2.070327936100784,0.00648737185027504,1e-05,0.28877038293134083,5.393603208948745,0.008234260622841893,0.004896420555655443,0.11187683565242545,0.0016834320323363947,-0.010541699362381097,17.11004670478242,-0.19297761716101478,-4.0899800504838435,1.2128294741953776,-0.317245969089672,0.003053697983632083,1.286911799915962,-0.4657645892094849
129,25.679099902314274,9.48493363850389e-06,0.7825413966088861,-0.09912469157660937,-0.044377236971015824,2.0703392391888777,0.006486288382267509,1e-05,0.28879196132316115,5.393810882650863,0.008236405190558457,0.0048958199850801225,0.11188319173551274,0.0016837325348454668,-0.010535809735318827,17.106991002901765,-0.1928971416642842,-4.089384928638054,1.212797940354387,-0.31712828354023737,0.0030563268240755303,1.2869591868819794,-0.46583148661260004
130,25.679107307781898,7.405467624010953e-06,0.7825629915853258,-0.09912298845527748,-0.04434134399324606,2.0702641130224815,0.006485561128387918,1e-05,0.28879435290311867,5.39405728914652,0.008237405983930027,0.004895948454669757,0.11188363049444733,0.0016838063222032811,-0.010533621170707498,17.1061644390683,-0.19283633085539614,-4.089344098764266,1.212732858779813,-0.3170707066980169,0.00305750413623203,1.2869485862777632,-0.4658043924131561
131,25.67912812763603,2.0819854132270166e-05,0.7825672348467211,-0.09903234252938074,-0.0442858226318328,2.0695842242049944,0.006483329520147981,1e-05,0.28879544200907553,5.394744300733648,0.008240198535360737,0.004897119678301288,0.11188089709784871,0.0016838904453054238,-0.010525864643012747,17.104222553836422,-0.19253972452235785,-4.090100130677976,1.2124601858051205,-0.3168267759026728,0.0030607528080586668,1.2868787186027855,-0.4657225208355494
132,25.67913609436688,7.9667308483522e-06,0.78258079822374,-0.09901489186537475,-0.044263286476592,2.0692454495862784,0.006482449138490673,1e-05,0.2888019698490275,5.394933556753086,0.008241661709738012,0.004897475659400874,0.11187669475731261,0.001684051164329537,-0.010519403155709005,17.10187555515845,-0.19234970571811635,-4.088676850141638,1.2122529094879708,-0.31664977871788863,0.0030631027418231063,1.2868361794010126,-0.465650688135056
133,25.67914857793769,1.248357080996243e-05,0.7825510870897674,-0.09892045858934631,-0.044273945968679576,2.068541548888924,0.006481812438340592,1e-05,0.2887998978716864,5.395031435350155,0.008242462292367008,0.004898322340226452,0.11187162456535991,0.0016839309708532935,-0.010513548539330354,17.100662531354107,-0.19211055668494595,-4.089262078581578,1.2120529479151014,-0.31648009085399154,0.003064305431963088,1.2868151975737532,-0.46565080480847476
134,25.679165167053853,1.658911616431169e-05,0.7825136419972895,-0.09886532723433399,-0.04424845393329876,2.06747783954128,0.006481564959581337,1e-05,0.28880961648556963,5.394809079762956,0.008244146637315505,0.0048990897356736415,0.11186352822396745,0.0016837297403452698,-0.010499855354635736,17.096352518486693,-0.1916578411693648,-4.089941044500657,1.211649633831099,-0.31609714655275817,0.00306742523513991,1.286745072236973,-0.4656758211252745
135,25.67916812663863,2.9595847763630445e-06,0.7825136900574193,-0.09883716353951724,-0.04426322876178863,2.0670378283860003,0.006481858054848576,1e-05,0.2888138339708284,5.39460453895828,0.008243952767936682,0.004899081861925304,0.111860488517392,0.0016836854221081194,-0.010495035732062025,17.094808798178462,-0.19151107496039074,-4.089652019933917,1.2115656643994723,-0.3159760005585072,0.0030677049571577785,1.2868139155698666,-0.46571860521537656
136,25.67917144584156,3.319202932061671e-06,0.782507984341001,-0.09887290047410688,-0.044249549655993,2.066939661421232,0.0064824604313365565,1e-05,0.28881960646581917,5.394323364360995,0.008243965229780178,0.004898862121178661,0.11186029762983236,0.0016836362412594918,-0.010492205737247146,17.09357197778895,-0.19144219470992913,-4.089561356197003,1.2115079802578077,-0.31590639022719263,0.003068101877150568,1.2868009394928037,-0.46574906073613787
137,25.67917291344289,1.4676013293524193e-06,0.7825122460734119,-0.09890718122493161,-0.04422838475013097,2.067032981169528,0.006482911322611093,1e-05,0.2888229842017537,5.39418380351944,0.008243997354383971,0.00489862311376663,0.11186142262535244,0.0016836744771243936,-0.010491399577645942,17.09300410435478,-0.1914298920937503,-4.089554364067861,1.2114917943407106,-0.31587654273043847,0.0030682922295633816,1.2867746249528975,-0.46573483741706734
138,25.679174877806254,1.9643633635268998e-06,0.7825370742288419,-0.09894128484128942,-0.044179686692914936,2.0672172409076457,0.006483377366600608,1e-05,0.28882602409832525,5.394131068142362,0.008244252831043018,0.004898304685211708,0.11186401544191811,0.0016837872242286315,-0.010490339812717731,17.092289888314248,-0.1913964494159632,-4.089861265848114,1.2114481098455687,-0.3158373206478149,0.0030686359173796567,1.2867163218218454,-0.46567360586218315
139,25.679177408363252,2.5305569977263076e-06,0.7826136513467757,-0.09899659268012241,-0.04411281806323551,2.067293162647302,0.006483622178227121,1e-05,0.28883720669861634,5.394171710746592,0.00824476688971577,0.004897576724966819,0.11186745477012457,0.0016838086973784035,-0.01048536543489764,17.09016200273713,-0.19122477612764355,-4.0902350414475315,1.2113307946810523,-0.3157484335353369,0.003069277166920885,1.2866717267220615,-0.46561814620101777
140,25.6791778674464,4.5908314660891847e-07,0.7826408943809917,-0.09899173059070841,-0.044099575224133054,2.0672634493584066,0.006483698462716001,1e-05,0.288839827730013,5.394171315830411,0.008244696343506773,0.0048973811368521955,0.11186761935973683,0.0016838185353688605,-0.010484039190576203,17.089714989166573,-0.1911690951684004,-4.090247084668054,1.2113184742681542,-0.3157239175084816,0.0030691032627949274,1.2866731255615411,-0.46561856748690794
141,25.67917936975636,1.5023099599886791e-06,0.7827098001407036,-0.0990226846323898,-0.04406802198040144,2.0672888310878963,0.0064835708114989975,1e-05,0.2888484951414629,5.394299263749555,0.008244875158083378,0.004896785546314432,0.1118695870403465,0.001683777718560979,-0.01048069296352109,17.088439937225587,-0.19103597402966088,-4.090488688747666,1.2112608298251284,-0.31569710574467585,0.003069076716605533,1.2866722874608154,-0.46559891968913975
142,25.67918066593474,1.296178382403923e-06,0.7827651598976739,-0.09904659013163748,-0.04405029509389096,2.067252008879167,0.006483355437765834,1e-05,0.28885840247149375,5.394385774051351,0.008244961070695458,0.004896267094137783,0.11186904880794919,0.001683768770727794,-0.010477296535841004,17.08730676968783,-0.1908845974170172,-4.090603920761325,1.2112215944041285,-0.3156763638467314,0.0030686729494367048,1.2866763950240536,-0.465593422149347
143,25.67918340668254,2.7407477993790508e-06,0.7828497755711671,-0.0991004291099001,-0.04401775365270921,2.0672534261084863,0.00648296224702529,1e-05,0.2888791899843618,5.394492689872124,0.008245154231431753,0.004895334089810377,0.11186516894699394,0.0016838016523503972,-0.010471498443195604,17.085551844939488,-0.1905761446329316,-4.090837886346358,1.2111934465839498,-0.31566610422618474,0.0030671475645681883,1.286654327025888,-0.4655651561208318
144,25.679187473796198,4.0671136574133016e-06,0.7829150149644168,-0.09912943029989872,-0.04399522677823968,2.0672600409309054,0.006482843191472075,1e-05,0.2888964407412338,5.394478597026059,0.008245156361488978,0.004894595583462335,0.11185697918997745,0.001683830281757977,-0.010466163746025783,17.084417966610566,-0.19018931004544165,-4.090795869849837,1.2112225873433091,-0.3157238392290341,0.003064031287628683,1.2866144110058984,-0.46551051509748825
145,25.679190323393374,2.8495971768904838e-06,0.7829757012875328,-0.09917734495711551,-0.04396493686551456,2.0673744288389866,0.0064829672779325226,1e-05,0.28891518162161234,5.394362809765765,0.00824509199300302,0.004893768304524705,0.11184831039651816,0.0016838329775159483,-0.010460969936710054,17.083468434964093,-0.18974407994601036,-4.091830350836336,1.2113172305303883,-0.31581723878847684,0.003059863612896287,1.2865393926624855,-0.4654557122303444
146,25.679193118343253,2.7949498786483673e-06,0.7830059804734639,-0.09919621818970242,-0.04394602632007511,2.067518109338561,0.006483217519615723,1e-05,0.2889219512973092,5.394279081348445,0.008245037494109077,0.004893462894413565,0.1118426513739903,0.0016838312769576224,-0.010458329831824662,17.08334065254459,-0.18941568814071097,-4.091602403422118,1.2114038802806815,-0.31592506764323813,0.0030565380049812196,1.286457606618901,-0.46536620263242456
147,25.67919444200391,1.3236606584143829e-06,0.7829754333233789,-0.09917802757300098,-0.04395876022943903,2.06758424380594,0.006483594506700317,1e-05,0.28891448183494384,5.394158279358829,0.008244773581887481,0.004893820805197778,0.11184176624455096,0.0016838061312821316,-0.010459772849753775,17.084274569997653,-0.18936049608778088,-4.091488589666612,1.211495658289203,-0.31599286498521495,0.003055133338748728,1.286430160654864,-0.4653234127559758
148,25.67919588522679,1.4432228780947298e-06,0.7829433511749551,-0.09917351481325781,-0.04396611773432893,2.067709428632783,0.006484087160683695,1e-05,0.28890366536299544,5.394048785236798,0.008244572659906926,0.004894275938739584,0.1118444803707182,0.0016837147490941088,-0.010461376481326865,17.085206805422857,-0.1892961448141825,-4.091616182541443,1.2115808085645976,-0.31608156665912557,0.0030539918150406815,1.2863684443690617,-0.4652883825256851
149,25.679197322840373,1.4376135837324e-06,0.7829459070949975,-0.09917150084542815,-0.04396859310454859,2.067725663672979,0.006484296775911351,1e-05,0.28889862909967756,5.39403973942076,0.008244346124805336,0.004894430618109192,0.1118478752993287,0.001683657438212305,-0.010461148749662167,17.085332608663023,-0.18921928680724545,-4.091766166017998,1.2116117316469863,-0.31610894896418934,0.0030535560655535646,1.286354998458229,-0.46527350127934447
150,25.679201365170854,4.042330481013323e-06,0.7830028271241462,-0.09918440674532397,-0.04396298840795303,2.067732851525827,0.006484688608833713,1e-05,0.2888902278786106,5.394133257367027,0.008243411424026346,0.004894635921901081,0.11185961984926834,0.0016835456944598135,-0.01045692423369435,17.084839469421947,-0.18874412181225195,-4.092284963793311,1.2116981068788801,-0.31620478318383716,0.003051513584349182,1.286308366511166,-0.46521532554826867
151,25.679203544910173,2.179739318819429e-06,0.7830471132833706,-0.09920333479166656,-0.04395004682198027,2.067716725552883,0.006484642072569844,1e-05,0.2888931040966756,5.394219350633773,0.008242723374276206,0.004894634018430613,0.11186263992505388,0.0016835711729261092,-0.010452776626450673,17.08428081695127,-0.18832190915324365,-4.092565241662652,1.2117596250512075,-0.31628113378201494,0.0030495887939405637,1.2862737467448513,-0.4651761822014035
152,25.679205306551914,1.761641740927189e-06,0.7831193866613824,-0.09921444560816747,-0.043919199085283,2.0676365394544742,0.0064844636473264505,1e-05,0.2889001586024203,5.394344305768506,0.008241750272334961,0.004894627695044107,0.11186553920658092,0.0016835927317808636,-0.01044687521302749,17.083402914330705,-0.18775389900759795,-4.0927562725053654,1.2118415463781957,-0.3163466025370898,0.003047544967832113,1.2862471835209488,-0.46515135752564396
153,25.67920789680481,2.590252897505252e-06,0.7831595710709904,-0.09924710553753699,-0.043896345422805405,2.0675642756403256,0.006484106266460886,1e-05,0.2889111780713042,5.394460470613658,0.008240817346428128,0.00489469550655876,0.11186417803231288,0.0016836867845197367,-0.010441004166439448,17.082683088968057,-0.18715111778336468,-4.092876646965275,1.2119066633167777,-0.3164548809245886,0.003045316133740438,1.2862200340084802,-0.465112623710282
154,25.679209810025043,1.913220231131163e-06,0.783141554372995,-0.09924765571268455,-0.043887876708764664,2.0674813961403125,0.0064838775778242284,1e-05,0.28891450221438714,5.394474852137009,0.008240371670657509,0.004895074860838709,0.11186231016918893,0.0016837368423782129,-0.010440171253791606,17.082883045413443,-0.18698636016156092,-4.092717697340732,1.211933904908913,-0.31648177257358406,0.0030455977918204327,1.286235683938764,-0.46513221386280107
155,25.679215057300983,5.24727593997909e-06,0.7830934141012402,-0.09925513469645084,-0.0438391286746673,2.067231832029884,0.006483552001911977,1e-05,0.2889236314290802,5.394420436462789,0.008239402234855808,0.004896297155561878,0.11185800362722814,0.0016836846730845115,-0.010437297404040936,17.08342589020704,-0.1864181483923991,-4.092419010348046,1.212017632535248,-0.3165557621090864,0.0030476230460829198,1.2862976371677715,-0.4652019273514171
156,25.679221485470634,6.428169651684357e-06,0.7830988508738943,-0.09925785021486307,-0.043763608098555756,2.066982668947674,0.0064838554495013495,1e-05,0.28893109423516794,5.394219967725022,0.0082390405329744,0.00489713616391884,0.111857692271701,0.00168407261367543,-0.010429978653236962,17.083114218947962,-0.18538740177783036,-4.092255108502297,1.2120896090572988,-0.3166561780884426,0.003050709095808225,1.2863707930922343,-0.46525549168152985
157,25.679228061184993,6.575714358802998e-06,0.7830965608836465,-0.0992917137719935,-0.043590277282415116,2.0664343270620233,0.00648435602187304,1e-05,0.2889511447640961,5.393805986648342,0.008238395988916066,0.004897863830162052,0.1118640431384248,0.0016831036373188505,-0.010409529908435378,17.08080616267425,-0.18286377098391568,-4.091842020904516,1.2121945666073026,-0.3167619004942687,0.003057127696198489,1.2865041725270363,-0.4653771728780689
158,25.679232814682756,4.753497762521874e-06,0.7830488889500044,-0.09922980418238844,-0.04356772179050911,2.06633445327008,0.006484487238672752,1e-05,0.28894545948825334,5.393708198209514,0.008239249621367899,0.004897251957622999,0.11186515768271857,0.0016838219008675518,-0.010407270012044974,17.080002318590093,-0.18261131315678988,-4.091874273628918,1.212070962150507,-0.31666457812069,0.003059886152558892,1.2865550987018324,-0.4654557787171172
159,25.67923614144631,3.326763554412082e-06,0.7830264477464687,-0.09918684286439411,-0.043557390663002495,2.0662869806192625,0.006484455589424505,1e-05,0.2889443966799468,5.393682125802911,0.008240117348978431,0.004896144483290547,0.1118664288628615,0.0016841205498771212,-0.010404126965989675,17.07866610121259,-0.18240054558067803,-4.0916264482455365,1.2119562917907862,-0.31652957377641444,0.003061238310689634,1.2866005063181247,-0.46547482027168363
160,25.679238080052542,1.9386062319881603e-06,0.7829770144199558,-0.09915328590216672,-0.04355039163771156,2.066232784490432,0.0064845228729970925,1e-05,0.28894162577228455,5.393638696530216,0.008240851671479497,0.004895196810210233,0.11186994957725441,0.0016839108950282746,-0.010400284273377181,17.077367969345314,-0.1820369689758369,-4.090790544481042,1.2118436184438912,-0.3164222070568761,0.003062664456185332,1.2866192683469786,-0.4655014556441823
161,25.679239231235975,1.1511834330235615e-06,0.7829639648290274,-0.09914765986645781,-0.043530416969089145,2.066130687729652,0.006484386236596897,1e-05,0.28894631578426927,5.39366395312248,0.00824056827719484,0.004895129333050065,0.11187029011328867,0.001683847642766195,-0.010395796672691969,17.076691740545176,-0.18151336102305107,-4.09083629578441,1.2118570822026653,-0.31643188759272756,0.0030625912758641067,1.286629321289133,-0.46551176513750103
162,25.679240534061535,1.3028255594349503e-06,0.7829227952286109,-0.09912973782381808,-0.0435177774818063,2.0660075258085047,0.006484136033831215,1e-05,0.28895203683562554,5.393718269985226,0.008240240256751023,0.004895218936776042,0.11186836744835729,0.0016837982498242564,-0.010391718376134259,17.076203463826005,-0.18095907733754374,-4.090781517537308,1.2118751985735663,-0.31643832865575333,0.0030623683831897375,1.2866402386842113,-0.4655305154535563
163,25.679241826203864,1.292142329134549e-06,0.7828987873933103,-0.09910691647549069,-0.04351379414154954,2.0659184919335227,0.0064840074262449456,1e-05,0.28895728101941537,5.393779759954751,0.008240031255159848,0.0048954122688066055,0.1118657003217136,0.0016837903267551966,-0.010388603914964828,17.075919078875135,-0.18047799419240212,-4.090644315526061,1.2119053113278984,-0.316455721159595,0.0030617878326052884,1.2866411201904322,-0.4655380453568536
164,25.679243112217197,1.2860133331571433e-06,0.782830269640768,-0.09906085123424963,-0.04355012088233768,2.0658712931042396,0.006483981296099267,1e-05,0.2889581635374558,5.393867701379707,0.00824034325164394,0.0048954863498791605,0.11186143283748634,0.001683814886524348,-0.010387422608709413,17.07578606325274,-0.18010507660799932,-4.090606808255802,1.211880793232731,-0.31644519704508345,0.0030608261887875143,1.286635535409377,-0.4655426613261559
165,25.679245524136412,2.4119192154614666e-06,0.7828088978820474,-0.09901158149320691,-0.04356169315282274,2.0658026361702024,0.006484121248227795,1e-05,0.2889618505920027,5.39391999931698,0.008240664314412423,0.004895603005521737,0.11185807393726344,0.0016837455792152853,-0.010383817927059875,17.075341357121353,-0.17944450188518296,-4.090435322254879,1.2119006981800913,-0.3164484165061649,0.0030598568426943706,1.2866249922520256,-0.46554077504755964
166,25.67924741451538,1.890378968028017e-06,0.7827867377856147,-0.09894841427980786,-0.04357279264512017,2.0657228604241253,0.006484531051977643,1e-05,0.28896221036447484,5.393898458656147,0.008241452334225716,0.00489566427972848,0.11185600512997736,0.0016836733312729452,-0.01037926830019896,17.074700204811524,-0.17856503782130362,-4.090220336427177,1.2118957377572088,-0.3164394217237237,0.003059539286235586,1.2866240400788918,-0.46554252578748334
167,25.679249094301504,1.6797861235318123e-06,0.7828013844947302,-0.09894148960161925,-0.04359842326025879,2.065806190709575,0.006484723074721448,1e-05,0.28895557255715476,5.393876177753266,0.008241826142117086,0.004895851010187107,0.11185643745708561,0.001683635949252706,-0.010381855120190445,17.075189237548905,-0.17865332944911455,-4.0903428925472625,1.2118993903461994,-0.316442874986162,0.003058638233073235,1.2866002553220526,-0.4655132694957117
168,25.67925562139342,6.52709191584222e-06,0.7828017133502282,-0.09890921080248948,-0.04364741991792654,2.0659292338784367,0.006484759248013379,1e-05,0.2889334164464304,5.393802925844993,0.008242801454029999,0.004896329167757325,0.11186012669834669,0.0016835262122966096,-0.010384947467104663,17.075977501004452,-0.17800263206800768,-4.090600209903837,1.2118730963681341,-0.31641532946932516,0.0030559392045919854,1.2865356849528444,-0.4654488265212336
169,25.679268313634644,1.2692241224243617e-05,0.7828488623015867,-0.09893054189069243,-0.04373554345943317,2.0662094724675746,0.006484312946552959,1e-05,0.2888949549646874,5.393715368661857,0.008243925153366543,0.004897999551849923,0.11186718782850331,0.0016834680600029187,-0.01039259680289397,17.07852914856789,-0.17605154568570022,-4.090364316770863,1.2118503107426895,-0.31639816686499733,0.0030490383352291452,1.286393283823526,-0.46527516544007036
170,25.679276592349208,8.278714563658696e-06,0.7828966110848111,-0.09895541223388125,-0.043781405267686,2.066428502333173,0.006483823566826256,1e-05,0.2888611540928115,5.393637418605028,0.008244706749451417,0.004899098473579119,0.11187637091218366,0.0016833747805013411,-0.010397875962330036,17.080350318294034,-0.17421663778807003,-4.0915897932797085,1.2117809936045525,-0.3163753649546259,0.003043492183281327,1.286242156034852,-0.46520338042771486
171,25.679290600194868,1.400784566030211e-05,0.7829105583989024,-0.09900393812116179,-0.04376148946031083,2.066411184865662,0.0064827908415125025,1e-05,0.2888480291802654,5.393619591913509,0.008244512203416082,0.004900231242462414,0.11188123231777945,0.0016834430577357374,-0.010396403869410277,17.081384230051253,-0.17164694250006968,-4.091952974958178,1.2117556818082107,-0.31633083343788254,0.0030398723752647935,1.2861962049317766,-0.46514964903499934
172,25.67932082615801,3.0225963140395606e-05,0.7829202730165516,-0.09913872507499787,-0.043623423027889345,2.0661134822695737,0.00648036625928091,1e-05,0.28883730100561605,5.39350977389727,0.008243864362019675,0.004902217904298403,0.1118919439738429,0.0016836835307464438,-0.01038346152320077,17.082229077936177,-0.16425246620868938,-4.091702117227535,1.2115820616475972,-0.3161598994872353,0.003035570314026718,1.2861779400887416,-0.4651415928400224
173,25.679360388777024,3.956261901549851e-05,0.7829802458113294,-0.09925199510034545,-0.04344786425635588,2.065759843804815,0.006478764615541438,1e-05,0.28883628895606195,5.3933515534157275,0.008244316285746707,0.004903892064930845,0.11190021075548418,0.001683590450195913,-0.010364926453580739,17.08272304926866,-0.1540328612221149,-4.092337526667852,1.2112597901765685,-0.31584762115679554,0.003032548658885062,1.2862311965017947,-0.4651968193212338
174,25.679442090177016,8.170139999208459e-05,0.7831567885711768,-0.09953680674019193,-0.042985547245734425,2.0647753715893886,0.00647560706660685,1e-05,0.2888455239079782,5.392821399595321,0.008246984056499205,0.004908349650503588,0.11191459395005142,0.0016834492357856356,-0.01031268274459967,17.0846597849152,-0.12324185123883868,-4.091349742230218,1.2101323777568347,-0.31487061695393126,0.0030268759491410935,1.286455825236771,-0.4654282127439755
175,25.67947046006774,2.836989072463325e-05,0.783721419062937,-0.09972022548855912,-0.042946026716676806,2.0650487496891894,0.006475490985182538,1e-05,0.28880976948195436,5.391605744430703,0.008250780835844636,0.0049101326586765415,0.11193152254461954,0.0016846657339767057,-0.010304136147146379,17.094321902590522,-0.0933305935537068,-4.0961903758367875,1.2091934212354267,-0.31367980358998493,0.003020338288491192,1.286769655852359,-0.46568155213092216
176,25.6796104114472,0.0001399513794595464,0.7837015952633792,-0.09975952857767256,-0.04295771905602113,2.0650096530300415,0.0064768529063306424,1e-05,0.2888351083403347,5.391613965592387,0.008251533677930686,0.004909673313819187,0.11192252196258684,0.0016842938818700348,-0.010301545858179828,17.094061260781444,-0.0921689808926492,-4.093441964165014,1.2089600802685248,-0.3137189282147248,0.0030238314042361335,1.2868490855654633,-0.46575984411203386
177,25.67972810750367,0.00011769605647060644,0.7839828070134972,-0.09990834101490702,-0.04303238597268724,2.0653264932097257,0.006479330613429737,1e-05,0.28884746082471313,5.390909660993213,0.008254986413401043,0.004909663164335001,0.11191697325654304,0.0016843005580585374,-0.010301085592825212,17.100301539381352,-0.07457432955058813,-4.09101465754137,1.2080991827650347,-0.31317209639506777,0.0030249387181700213,1.2871261403978747,-0.46600430975858564
178,25.679797615241633,6.950773796177145e-05,0.7842020725042468,-0.09998020056840766,-0.0431930467167317,2.0659298709008516,0.006481253756514915,1e-05,0.2888374567969233,5.390248520077322,0.008257433378411113,0.004908917692972268,0.11191575334213746,0.0016843221961055186,-0.01031398667474498,17.1073083329174,-0.061782935877841394,-4.090610293457242,1.2075664720839052,-0.3127585487433003,0.0030239826767119444,1.2873367004408471,-0.4661778413285478
179,25.67995147045511,0.0001538552134761062,0.7845318417178232,-0.10006794570709013,-0.0433515889838961,2.0675964622130687,0.006482296705795602,1e-05,0.28880818385772267,5.388840045569591,0.008261969828780807,0.004908126635115485,0.11191421895225401,0.0016828580122523692,-0.010346777703115779,17.130246698375714,-0.017585814965924852,-4.085113072955065,1.2063726403929997,-0.3115455838047107,0.003011889132723207,1.287897069529436,-0.4667127222619862
180,25.680162711403273,0.00021124094816471484,0.7846866817566196,-0.10019778568285684,-0.04356873036519689,2.068924807153588,0.006482643224678878,1e-05,0.28875296488130703,5.387793965556808,0.008265605856518662,0.004907815176475883,0.11192522471346647,0.0016819341003849794,-0.0103743979236507,17.146556421118035,0.012230751232168293,-4.086038951489387,1.2054956629685556,-0.3108073697417381,0.00300000417363196,1.2882257669932942,-0.46696977258294603
181,25.680705074889822,0.0005423634865486804,0.784750780157296,-0.10051748871765455,-0.04414381875947805,2.0735382088410748,0.006478375218743035,1e-05,0.28852783052043807,5.385097334791768,0.008273852638565275,0.004908571026142221,0.11197455799975367,0.0016785006614985743,-0.010476928774547705,17.203173703044932,0.1093677386600034,-4.087251527296895,1.2032596999083707,-0.30882452568292784,0.0029472107642769057,1.2890131198384165,-0.4676730742295624
182,25.681026752402303,0.0003216775124812443,0.7845538355550238,-0.1007367194740938,-0.04434628605596862,2.076891239835225,0.0064721347581147195,1e-05,0.28835523618595554,5.383456685545784,0.008279453149747635,0.004911035695351979,0.11201594793264427,0.0016769781785921374,-0.010543415951580027,17.249636253060608,0.19654169612140637,-4.083431887313748,1.2014793748621515,-0.3072321259610877,0.0029013453090710574,1.289720193827871,-0.46826146428741366
183,25.68123927544965,0.00021252304734531435,0.784140013728925,-0.10084834625933665,-0.04448718174653854,2.08131608907343,0.006461751109968814,1e-05,0.28807563929438834,5.381914590703322,0.008286551380922375,0.004916306983143715,0.11209470097090313,0.0016791637286036416,-0.010622831624356182,17.3140834382017,0.3232864181738287,-4.083700795163493,1.1992243409107843,-0.3053971604803837,0.0028368810262908413,1.290442259866353,-0.4693780541383275
184,25.68160308025785,0.000363804808202417,0.7836369526646099,-0.10074797949238502,-0.04445881380596276,2.082403911791012,0.006459518834350943,1e-05,0.2880481010389437,5.382367988464032,0.008287224692263026,0.004917729256017792,0.11209709506449023,0.0016807425372874008,-0.010639862463066273,17.332551152177302,0.36147879186427445,-4.0724373684180435,1.1989302318636463,-0.30523306923475724,0.0028255899772039106,1.291039726966743,-0.4695457389784175
185,25.681904054730374,0.00030097447252330767,0.7832815549709309,-0.10044248478361639,-0.04433710668338024,2.081749158017328,0.006459594461044411,1e-05,0.28806089834477305,5.383629779295886,0.008284732259115855,0.0049189479090342115,0.11209712954926572,0.0016836813926106038,-0.010620675505437945,17.327068843067426,0.3554500674486806,-4.069493558852283,1.1997622163932162,-0.3059859488877092,0.0028352758302653464,1.2910420163483818,-0.46948434044055004
186,25.683145587210213,0.0012415324798382699,0.781835441147766,-0.09931580314152894,-0.04431605239533378,2.0832947455267474,0.006458735686456959,1e-05,0.28790941045005713,5.385733877174212,0.008283155349423185,0.004926725118561923,0.1121418997716902,0.001689009969424368,-0.010618838539128726,17.36446530425523,0.44850634615146145,-4.057764057463252,1.2009374053289192,-0.3071314180424268,0.0028347469804856167,1.2921441646824587,-0.47039290648548
187,25.686353811321776,0.003208224111563851,0.7774598018795297,-0.0961049610144225,-0.04492738040691339,2.0935515727411196,0.006454109412741042,1e-05,0.2871221885742921,5.386452777242955,0.008287407386783852,0.004955844506213135,0.11235971164359809,0.0016979152723355236,-0.010706773853361481,17.559427285784647,0.8964736461903247,-4.023347815135248,1.2014923660965406,-0.30804654833652767,0.002781717045856052,1.2969212855190446,-0.4746728698000517
188,25.689890643676048,0.0035368323542712687,0.7719510859511431,-0.09203189601478116,-0.046042530095377614,2.103965627315988,0.006457818833975938,1e-05,0.2861504313124692,5.38403820280216,0.008281266822792956,0.004991539388833136,0.11263160142469045,0.0016988288768093427,-0.010767616357775005,17.765801954010175,1.385710328495359,-3.9919262515776905,1.2038798720566577,-0.31123978016976617,0.002764374975869469,1.3018862406320517,-0.4795356879902991
189,25.693614471997513,0.003723828321465561,0.7666396161503852,-0.08791312828115982,-0.04716033600102091,2.1162315566417957,0.006460596222861703,1e-05,0.28494627691206975,5.3740907662898385,0.008265529818216858,0.00503072176031362,0.11295533687999504,0.0016893005345417168,-0.01086058733250577,17.99762823658725,1.925561703601587,-3.9828076526238294,1.2066015369983374,-0.3128532709980464,0.002733922416015551,1.3071363039073725,-0.48436681125662917
190,25.69790812583041,0.004293653832895927,0.7648598408384285,-0.0868822834521897,-0.04823107118034054,2.1166750424301286,0.0064780287159565,1e-05,0.2846093286554779,5.364528307429288,0.008237135639419165,0.0050408873662260495,0.11303424809103671,0.0016752926327243706,-0.010818709224225533,18.017925406026016,1.998105650222807,-3.9936083509103906,1.2093600365438426,-0.3164023508470987,0.0028062645840110207,1.3073503182023465,-0.4851816436356326
191,25.699590955696003,0.0016828298655937601,0.7640342959519453,-0.08706372240996763,-0.04946859626138144,2.1272128515464304,0.006474987539167514,1e-05,0.2838725261690618,5.349363698957907,0.00822822612691851,0.005051571539583063,0.11319635726460393,0.001660195545619867,-0.011005827311221088,18.16376729280931,2.2855100665394197,-3.98768778092084,1.2055228676802165,-0.3131756959650917,0.002725312931522709,1.3091053219996487,-0.48715820225423623
192,25.700141617356707,0.0005506616607036108,0.7651447491395019,-0.08841176208526805,-0.04914965647848181,2.1266512769184986,0.006470335015547304,1e-05,0.28395261921506265,5.346804589660618,0.008219633613652428,0.0050445496409254895,0.1131654135341413,0.001665897037114736,-0.011028682170298572,18.13765583668823,2.2128536385057234,-4.00690845770859,1.2040604335283647,-0.31163418620994177,0.0027097294439752426,1.3081410349388323,-0.4856698760231301
193,25.700906980682873,0.0007653633261668347,0.7648144577941913,-0.08774571150573712,-0.04908488724401821,2.1257291314161026,0.006474672118236641,1e-05,0.2839699267533916,5.3478592892817645,0.008216451418844141,0.005046579424270681,0.11316338247753446,0.0016658868978373532,-0.010996871183897866,18.13109676833626,2.2097895542352015,-4.000499034606938,1.2054910832622094,-0.31282563817352316,0.00273532815931759,1.3081627005452572,-0.48586539467807
194,25.701477609276246,0.0005706285933726463,0.764407032905671,-0.08722601989965355,-0.04893450378489811,2.1255948040474615,0.00647743179744295,1e-05,0.2839254869147415,5.347576892594316,0.008206920855980538,0.005049268245894294,0.11317479861452173,0.0016694207448874232,-0.010980304192648288,18.133385738492102,2.223493694990706,-3.9971082766582517,1.2065772611763097,-0.3138052798086372,0.0027541511719197365,1.3081297659518214,-0.4858848378226288
195,25.702156971764722,0.0006793624884764426,0.7635429840469725,-0.08645436493872845,-0.048684816990171506,2.126843960547454,0.006480848094532379,1e-05,0.2837435997192373,5.344901273302984,0.008184344411160033,0.005055637249857087,0.1132187378994847,0.0016763792076691375,-0.010977334792386592,18.156738923191465,2.2860614469183584,-3.9959362969851133,1.2079305210852667,-0.31509252265747406,0.002775746516391724,1.3082039766477034,-0.48593893476254796
196,25.70258503231559,0.00042806055086686,0.7634902629089714,-0.08640523117812869,-0.048329479489169436,2.1273880135850347,0.006482693832481786,1e-05,0.28372415738581364,5.3438937964697155,0.008168669169506586,0.00505735716943206,0.11322375862716956,0.0016792146479908017,-0.010979998285537527,18.161900938526003,2.3009363533232925,-4.001290292457418,1.2083013611178732,-0.3155120549403846,0.002788258726498983,1.3078302769966008,-0.4855330813685535
197,25.70287216588197,0.0002871335663812147,0.7624488882912012,-0.08577888825194942,-0.0482460664874663,2.130737555416369,0.006484937716820217,1e-05,0.28356875657179836,5.3436385041678856,0.00815520055494999,0.0050657115123152845,0.11327010504322199,0.0016800344965477501,-0.011011273675230058,18.21658836398145,2.4275305814398154,-3.995021865699032,1.2085857996426685,-0.3161937166771262,0.0027897434605348493,1.3087280702143829,-0.48590522666656716
198,25.703613186814128,0.0007410209321569994,0.7628189225703735,-0.08606258093313593,-0.04749415962354208,2.132063434618849,0.006488071390350029,1e-05,0.28371864818471626,5.34543642035902,0.00813528437807967,0.005067147725002814,0.11324175300534489,0.001679135432675517,-0.011027099360899984,18.22702942220549,2.453581783727318,-4.0098047406283115,1.2086585249888737,-0.3164855256085137,0.002806657909171518,1.3079095462305674,-0.4851193268921185
199,25.70413071943196,0.0005175326178310513,0.7637779045479335,-0.08681263938489667,-0.047009468095868465,2.1323196518683214,0.006490834688822471,1e-05,0.28403576434380334,5.349240250691155,0.00812915739260232,0.0050643476195677255,0.11317134598340149,0.00167520521995767,-0.011034169348907224,18.217679620767782,2.4339266146677585,-4.0206738220679314,1.2085869012740216,-0.31647871012774587,0.0028240937147864503,1.306712701050446,-0.4839127378629403
200,25.70451605867349,0.0003853392415322787,0.7640372349033382,-0.08706181668225563,-0.04687256879336886,2.1354268230356266,0.006491742876112157,1e-05,0.2841575555512623,5.351962247833644,0.008129549349265996,0.005066336889733068,0.11314314978266114,0.0016738772407114996,-0.011076893785078938,18.253582364356824,2.5140359804993233,-4.0294684956961495,1.2082390308180988,-0.3164968794641057,0.0028234171194471964,1.3062318569086198,-0.4835137357562428
201,25.704784270415168,0.00026821174167679374,0.7645550448641856,-0.0875164165529735,-0.04693686090135219,2.137283995360402,0.006490363995025473,1e-05,0.28422737632830547,5.35280334062116,0.008136132297175531,0.005065006521459566,0.11311286994386323,0.00167397017988739,-0.011109511726974487,18.268911061747804,2.5460086507906285,-4.033427714614688,1.2077962124758115,-0.31601334581305035,0.0028161852021476876,1.305557666142058,-0.482737432592523
202,25.70508733967558,0.0003030692604113483,0.7650088979320387,-0.08800549732304006,-0.04718976087019506,2.139242279309967,0.006489760541644514,1e-05,0.2842451987321455,5.352623903397919,0.008143982884754795,0.005062657881883528,0.11306997778542216,0.001675751891064203,-0.01113801426298725,18.2790365858752,2.573668361236502,-4.03998315738366,1.2076488481926964,-0.31631985939067797,0.0028180384479329396,1.30402172850671,-0.48140147720311205
203,25.705302332714073,0.0002149930384938159,0.764553208943952,-0.08733580681417169,-0.047215626914711845,2.1407712425309513,0.006491684417808284,1e-05,0.2840794954436567,5.351229130750074,0.008143535078824034,0.005064695702433104,0.11307348301452835,0.0016783236065157547,-0.011142671564602287,18.294454834811877,2.6224612202606754,-4.043505707157293,1.2088785300977256,-0.317367172185748,0.0028306170530658483,1.3034494788612134,-0.48064463687891207
204,25.705461427557395,0.0001590948433225492,0.7642199719285525,-0.087022360579953,-0.04709324280911695,2.1423606616665594,0.006491229898130423,1e-05,0.28392663220672576,5.34928410333589,0.008139866475265852,0.0050658882740290114,0.11308722091075506,0.0016780381523785477,-0.011160664909812526,18.310106937267467,2.6630148886313503,-4.044402864700513,1.2089674509959678,-0.3175748344928018,0.002826483308396933,1.3030115073393185,-0.4802542184057339
205,25.705646449928388,0.0001850223709922716,0.7636437512640223,-0.08660732753242749,-0.04697727294962801,2.143883304231137,0.006490782630991648,1e-05,0.2837345621779974,5.347038958143999,0.008135949656224556,0.0050669783398099065,0.11310531615978697,0.0016769428966664688,-0.011175775048638877,18.32367941844137,2.701730115850599,-4.048330575685168,1.2090976941622718,-0.3179586442356389,0.002821491464751357,1.3026022070934749,-0.4797932693267938
206,25.705774540244285,0.0001280903158971114,0.7632988769627304,-0.08638796737883006,-0.04689863529917436,2.1452512658629774,0.006490298467945716,1e-05,0.28366639391556436,5.346866772953249,0.008135321645116664,0.0050667599965292945,0.113105838300104,0.0016752093235291603,-0.011192491179355214,18.332538451480605,2.7284913161029034,-4.052434442676486,1.209040586319018,-0.3180129271072761,0.0028133461130943815,1.3021265239919628,-0.47931393306567344
207,25.70592101896265,0.00014647871836359627,0.7629884025551933,-0.08617967102507539,-0.04687171043099565,2.1464256858074373,0.006490135297750753,1e-05,0.28367202537498076,5.348195328205962,0.008136144267698231,0.0050650344468062105,0.11309257647386516,0.0016730784934219157,-0.0112067016338353,18.332890217375216,2.7398137961801483,-4.056625518124272,1.2090096509326516,-0.31798206822987907,0.002803179510427816,1.3013919632777213,-0.4786409305671722
208,25.706069132780293,0.0001481138176444574,0.7625036433358447,-0.08576537833816283,-0.046998379947563,2.14813709818706,0.006491167676314928,1e-05,0.28369416211860204,5.350566085578135,0.008135538376398214,0.005064206025773545,0.11307861274276143,0.0016728818673049084,-0.011222239722759183,18.33763727525036,2.7669910812312573,-4.05917014148561,1.2092734630950814,-0.31824617773719427,0.002794946999872963,1.300677060838221,-0.4779340266734666
209,25.70620452504071,0.00013539226041814345,0.7621123682868471,-0.08526319754807793,-0.04738785894879526,2.1496513974686913,0.006492325700719833,1e-05,0.28372943491726144,5.353099806445774,0.008135261851270946,0.005062644869580011,0.11306258348573842,0.0016736862597449692,-0.011232136484849676,18.333947956454367,2.7814260120604493,-4.061798732894818,1.209745650152486,-0.3184577898557407,0.00278477351891261,1.299919208847454,-0.47746937200851414
210,25.70629465674761,9.013170689797789e-05,0.7620367401145973,-0.08512593181233039,-0.04770900470942334,2.149681022944968,0.006493495632632143,1e-05,0.283783766860884,5.354517893256673,0.008134265347204421,0.0050624507716856264,0.1130570304317916,0.001675206677078591,-0.011225890423300702,18.32727564343228,2.7760946918462186,-4.058886340353799,1.2100511931634579,-0.3186575325951079,0.0027849776464394876,1.3000297642498428,-0.4775639416373771
211,25.70639692260507,0.00010226585746053729,0.7621279024108935,-0.08504539414572408,-0.04804223947875698,2.149787556218751,0.006494389058593004,1e-05,0.2838118084707912,5.355034440549371,0.008132787695893012,0.005062605922784466,0.11305477842918782,0.001676397589501709,-0.011219301534164054,18.320517991139212,2.772159520118195,-4.055172464764209,1.2103542396944043,-0.3188636562135872,0.0027855996656397717,1.300359214132424,-0.4778838682540646
212,25.706602118477498,0.00020519587242873172,0.7624437016620451,-0.08506123723076672,-0.04860052800326658,2.1511933675807198,0.006495196590799893,1e-05,0.2838349311686506,5.355110860740072,0.008130275317905255,0.005062433280220404,0.11304567423516113,0.0016773806157853292,-0.011222040613808349,18.31256777164986,2.7823756206428607,-4.050909854880974,1.2107976422410562,-0.31915670369751414,0.002781515073618411,1.3007760634420182,-0.47823333681734953
213,25.70700420013273,0.0004020816552312567,0.7632580060848027,-0.08536886188729277,-0.049350178449771215,2.15443745339449,0.006496348345974639,1e-05,0.28388750272753205,5.354810527644686,0.008127394725614953,0.005061406530151331,0.11302723217282025,0.0016782660111294035,-0.011232178297657176,18.293930987435164,2.8025177826320697,-4.046153031147367,1.2115278049913882,-0.31974319805278484,0.002771916002777291,1.3016072500989644,-0.4790184618644808
214,25.707266208836177,0.0002620087034479468,0.7637269135722741,-0.08563738766617121,-0.04961900095234841,2.159378203422256,0.006496471527104231,1e-05,0.2838631871171951,5.353557660641179,0.00812495081514052,0.005059879799717333,0.11302190679480228,0.0016777924114044441,-0.011263195944096924,18.28481325853716,2.8532395835351045,-4.039470505829333,1.2124387290887366,-0.3200844014343198,0.0027560445164844876,1.3018785604764351,-0.4789129096204031
215,25.707884492208276,0.0006182833720984604,0.7647669035134202,-0.08643446371902215,-0.05005707975611215,2.166703873150307,0.006496700863252217,1e-05,0.2838643576296287,5.351555986627087,0.00812200193664555,0.005057577513842774,0.11300611120770697,0.0016763934432480376,-0.011307131850651244,18.266515755609074,2.921821684483758,-4.035731845740811,1.2132101684056602,-0.3210742439171187,0.002733687492545882,1.3024895426580618,-0.4795684223766392
216,25.708219904849965,0.0003354126416894587,0.7662210869134373,-0.08787742815882962,-0.050218190701995,2.1747901210197362,0.006496949336303243,1e-05,0.2839853942110462,5.350475667016702,0.00812399166119219,0.005052748182612976,0.11298755029284771,0.001676086504643726,-0.011351111057016373,18.228529113215057,2.9723864698213505,-4.0445948186964165,1.2142794750604917,-0.32195856611913237,0.002711616779315695,1.303278780143236,-0.48032472853392894
217,25.708648856767464,0.0004289519174989209,0.7660680775368682,-0.08809735680053762,-0.04947460962000268,2.175777638302923,0.006495598600942117,1e-05,0.2839317404311221,5.349343452233764,0.008125373809638722,0.005052532602325958,0.11300196398057552,0.0016737205412084774,-0.011367510076596503,18.237768205752175,2.9927973649354382,-4.042540047559402,1.2139183670407512,-0.32185332015516505,0.0027097630232168247,1.3027789439250042,-0.47989933968880183
218,25.70878317716227,0.00013432039480676394,0.765898448629705,-0.08829074536384346,-0.0489191109360784,2.176692609475476,0.006495171132028419,1e-05,0.2839413516396848,5.349633294652241,0.008127110359802982,0.005051882571839457,0.11301213552224856,0.0016728915906689308,-0.011377828985242129,18.23967021756671,3.004890995392679,-4.042668710781306,1.213834275895714,-0.32184532398842003,0.002709537425100327,1.3024245704253798,-0.4795228402683084
219,25.70895909714571,0.00017591998343746695,0.7662866453701014,-0.08897134059595586,-0.04833836231286974,2.1782429031145627,0.006494964203686337,1e-05,0.28404728075961283,5.350399771141523,0.008129890394527555,0.0050506178298531665,0.11303313573211725,0.0016741926431025796,-0.011382240416237786,18.22586170877282,3.007775159390867,-4.041165029280943,1.213999643308543,-0.32193626976430184,0.0027173001823394194,1.302672874300438,-0.47979210653629156
220,25.709055003776726,9.590663101732844e-05,0.7663478001652886,-0.08975734352147514,-0.04751604343288729,2.177955325671678,0.0064942957471299904,1e-05,0.2841819745818655,5.351974545298094,0.008132878800433395,0.005050426643912008,0.11308681947313037,0.001676015808881839,-0.011367019826306177,18.21027444833522,2.991211741304607,-4.033726778014401,1.2138109104102275,-0.32197192448811607,0.002745974517372904,1.3033140613778804,-0.4801025108610882
221,25.709203979653697,0.00014897587697149106,0.7667254310384206,-0.08982779544282082,-0.04773805035693789,2.178379745392919,0.006494676706924104,1e-05,0.28423642481683054,5.352443044759491,0.008132967694520363,0.005049859292473673,0.11308611972752461,0.001677327331351191,-0.01136145159143381,18.198154994156056,2.9838598912684513,-4.034074665983022,1.2141595147299307,-0.32199769430760966,0.002749658599818118,1.303631983423761,-0.4805994183931403
222,25.70928228299075,7.830333705172166e-05,0.7668488542885492,-0.0897655229213353,-0.047977426239725826,2.178458595813242,0.006494763524416505,1e-05,0.2842572471100456,5.352749759564741,0.008132440909820817,0.005049665764150025,0.11308793099461784,0.0016777492725841194,-0.011355008766407071,18.190449041128865,2.978576064070989,-4.0332899808406575,1.2143247548444513,-0.3220125031182233,0.002755614463392853,1.3038528156434301,-0.48088133775401637
223,25.709541582228137,0.00025929923738843286,0.7669788698221383,-0.08962684925556677,-0.04828626386508087,2.17905971812735,0.00649416970041392,1e-05,0.28431838537485843,5.353755589438966,0.008132355246160215,0.0050484582715640885,0.11310406696848097,0.0016777735683877041,-0.01133627872779872,18.164350987899766,2.9660471194426528,-4.030741181662828,1.2146044164112932,-0.32195649739964904,0.002784626067309372,1.304306957090409,-0.4814539927587665
224,25.710051600063004,0.000510017834866261,0.766958650213291,-0.08924798603982435,-0.04868836329587852,2.1825253948204133,0.006492582962473321,1e-05,0.2843829328236882,5.354380288708152,0.008133369050207674,0.005044583654185414,0.11310554586676197,0.0016773068292826004,-0.011318375340764209,18.112602646559885,2.969671015021445,-4.026737017782326,1.2149023584191008,-0.32187335817443397,0.0028393643092502648,1.3046476388920605,-0.4819640228180419
225,25.710404516161404,0.0003529160984001578,0.7654329532370648,-0.08809322234894046,-0.04775554466343599,2.1814684114186567,0.0064907787920186815,1e-05,0.2845786434486495,5.357481509931708,0.008144484584897497,0.005039844497722691,0.11309639876910155,0.0016791431085237504,-0.011244058716254153,18.040438802474103,2.91357759242727,-4.029738628258896,1.213722966244068,-0.32082447271382153,0.002969827421416188,1.3042238105005326,-0.4821448828777201
226,25.710605874337023,0.00020135817561950375,0.7652672671944747,-0.08743046034413388,-0.04778679466895641,2.185580292777745,0.00648922616920023,1e-05,0.2845523213529354,5.355358875657494,0.008148457369673533,0.005035404303396378,0.11303414569233405,0.001676884434840896,-0.011246404973071243,18.004335444169328,2.9385903686121497,-4.023735615998914,1.2138395590302062,-0.32002814110855465,0.0030078060063835317,1.3040701967280313,-0.48133375705284764
227,25.7109129819649,0.00030710762787578005,0.7653616894396464,-0.087806126685133,-0.04780707708237337,2.1849772401068264,0.006490099562693819,1e-05,0.2844998405866166,5.35471518247712,0.008146578881692186,0.005037191395938085,0.11303091190119344,0.0016770665269112157,-0.011267805821441114,18.033524699166122,2.951549543044533,-4.026373868641025,1.2136545996231487,-0.32047818147168844,0.0029678286666096447,1.3037524970412822,-0.48116760012665305
228,25.711008798890838,9.581692593840785e-05,0.7653938984557946,-0.08800057737247396,-0.04768786078875995,2.1864446555435784,0.006490200659488759,1e-05,0.2845085938898586,5.354134361373822,0.00814826768960712,0.005036148940254123,0.11300967626553907,0.0016771867774201558,-0.011280346824309083,18.032102772760407,2.966606608537205,-4.027954122225469,1.2135216123695725,-0.32056118812184814,0.002961674122763699,1.303508634159169,-0.4809411860676662
229,25.711064228654983,5.542976414574241e-05,0.7655916417711872,-0.08830097693283054,-0.047465646133686326,2.1898382721820657,0.006490096029757327,1e-05,0.2845643358574176,5.35326171290364,0.008152652728888465,0.005033271826160923,0.11296787586664775,0.0016775323734884535,-0.011296909768585843,18.015920852488968,2.99268470336179,-4.024759910995651,1.2133539581655075,-0.3205242456728617,0.002965024303706301,1.303209722683052,-0.4806280051080661
230,25.71111583758414,5.1608929155122496e-05,0.7656636538125257,-0.08836136861658829,-0.04754315602559265,2.1915654836785317,0.006490190397834904,1e-05,0.2846007350834184,5.3530861871701205,0.008155080606257265,0.005031557242524406,0.11294048826326882,0.001677829328264871,-0.011302378967452743,18.004360918954635,3.003620618106502,-4.0278769374209,1.2133161079348647,-0.3204746909687322,0.0029682321925930183,1.303116073221791,-0.48050984118611806
231,25.711139990553022,2.415296888358398e-05,0.7657355314774428,-0.08835367094287548,-0.047586632170664014,2.1915562864435874,0.006490245717130308,1e-05,0.2846198104190279,5.353348063284457,0.008155480016906578,0.00503139869412318,0.11294019235370177,0.0016780350087495935,-0.011299348469380256,18.001028631859292,3.000873061684598,-4.027420248626955,1.2133592539604792,-0.3204200426853816,0.002970805534689916,1.3031916215194168,-0.48059550613107815
232,25.711194874000647,5.488344762483166e-05,0.7661076884452204,-0.08854481590740705,-0.04765972387690202,2.1925782382519126,0.006490512159385915,1e-05,0.28472323185626636,5.354303959418272,0.008159004649900567,0.005029883851768955,0.11292525872903035,0.0016790069938070276,-0.01129520259090298,17.98552304236641,2.9999393638211584,-4.025729480735245,1.2133752401354154,-0.3202246069265757,0.0029770724834608173,1.3033527797144469,-0.4807746991005711
233,25.71123104847174,3.617447109149907e-05,0.7663535161573889,-0.08873235988904535,-0.04765699410992804,2.192908847101343,0.0064905438476231744,1e-05,0.28479144104635395,5.355161569338261,0.008161750478744121,0.005029016996282754,0.11291769661948906,0.0016792742948868794,-0.011293012820334423,17.97921875406038,2.9986265674700467,-4.025376582116777,1.213238115632611,-0.3200588494472852,0.002976850896534439,1.303383391667413,-0.4808122029798027
234,25.711320984065058,8.993559331926804e-05,0.7672577352464738,-0.08929597378832207,-0.04773071492094096,2.19461432011827,0.006489065685235083,1e-05,0.2848900166049809,5.356303401272169,0.008169240283972602,0.005025767802094176,0.11288667668854023,0.0016777395563878756,-0.01130117904683733,17.970612811275753,3.012426451979272,-4.028707167856998,1.2125417057613963,-0.31937744659070855,0.0029539072612791333,1.30305563531675,-0.4805644675332001
235,25.711415796507687,9.481244262943278e-05,0.7680340317797124,-0.08985723117081149,-0.047731898498354325,2.1944138245527296,0.006486115029020547,1e-05,0.28506345672540195,5.359395636628882,0.008179565570058766,0.005021757032603836,0.1128860645802478,0.0016766734544389752,-0.011276240425391102,17.94504709970144,2.9955734410732364,-4.0252114038737545,1.2112429394580062,-0.31814571380156137,0.0029611512290540344,1.3030287965577692,-0.4803622835840385
236,25.711495102503157,7.930599547023576e-05,0.76787895214386,-0.08973594735554519,-0.04770136558353852,2.193487986705329,0.00648523072728064,1e-05,0.2849826653071005,5.358710465217605,0.008177969254619432,0.00502224554905906,0.11289862294278859,0.001676344795414544,-0.011275311788246216,17.95422792866728,2.994203366908542,-4.027798617065617,1.2109879477831837,-0.31801626314238407,0.0029542294976657468,1.3028133423015138,-0.4802240108382705
237,25.71158871514231,9.361263915153017e-05,0.7678651386287534,-0.08975440887422839,-0.04756835159810408,2.192422201122234,0.006483091180095205,1e-05,0.28489524293103413,5.35763555106683,0.008179156098020935,0.005021232810779451,0.11291010483619408,0.0016769523791111442,-0.011267187903914979,17.957826955175832,2.9909751821077943,-4.031055568792406,1.2101145279730392,-0.31730393952343433,0.002944906577772039,1.3023946467001013,-0.47989696365991213
238,25.711652987264543,6.427212223414358e-05,0.7680557742573211,-0.08991648942600539,-0.04750701903081775,2.191086615535337,0.006482407237918684,1e-05,0.284912761724069,5.357311299944987,0.008182855236791822,0.005019873415816457,0.11291292281651191,0.001678307994971252,-0.011245281214381626,17.948662066026284,2.9749784939698642,-4.031319684228876,1.2093063596428635,-0.31647876142374115,0.002945038495693396,1.30234463751886,-0.4799369395253713
239,25.711683036356355,3.0049091812145434e-05,0.7681243316902326,-0.09002639434063789,-0.04729094468932623,2.1903584279170496,0.00648259458580977,1e-05,0.28488028026493506,5.355920757832688,0.00818397368125537,0.005019747831178506,0.11290845458948384,0.0016783555408888845,-0.01123932477301429,17.950944528602793,2.9723725274264043,-4.030985164409081,1.2089843644288525,-0.3160898259660595,0.0029358788805963145,1.3023451929932752,-0.4798394393915413
240,25.711736510336,5.347397964428069e-05,0.7684369013615283,-0.0902872780214311,-0.0472052552707008,2.1894294410177153,0.006483068571644263,1e-05,0.28497671724019347,5.3557426032534785,0.008190142061822532,0.005017767285509276,0.11289289045010903,0.0016796670486813484,-0.011209562475135637,17.929255974174406,2.9521188899836246,-4.028492085882097,1.2082230235560096,-0.3152792063108925,0.002944771125328021,1.302538601294506,-0.4801220685774997
241,25.711746349040062,9.838704063014347e-06,0.7685078123808414,-0.09032847460320743,-0.04722994168341698,2.1891680054116947,0.006483256715408462,1e-05,0.2850012598434388,5.355684867810431,0.008191452660337854,0.005017372608679799,0.11288805737857227,0.0016798548244356067,-0.01120106936889846,17.92310808084008,2.946231336267405,-4.028959134629829,1.2081058523083599,-0.3151255187409283,0.002947583035612541,1.3026644622075765,-0.4802449501329482
242,25.711766202981956,1.9853941893188676e-05,0.7685816840693037,-0.09037961057949057,-0.04718781895893414,2.1889267444399407,0.006484063812494799,1e-05,0.2850461820751358,5.355529272372852,0.008193106289557538,0.005017112402712214,0.11287799827758793,0.0016798164147835833,-0.011190639321566886,17.914767135289594,2.9389505473978703,-4.026890707117154,1.2080647585855382,-0.315049348351421,0.0029531279925003053,1.3028744376985508,-0.48046479988918694
243,25.711790645579512,2.4442597556628698e-05,0.7686228660783405,-0.09037905836329467,-0.047119583584685994,2.188334563692595,0.006484666991757097,1e-05,0.28507813304902174,5.355142853039978,0.00819428999522805,0.005017178275369376,0.11286869035552505,0.0016790470432443646,-0.011176715914945946,17.9069706830308,2.92939573147967,-4.024709041572587,1.2080679973747697,-0.3150506207545951,0.002958314182034171,1.303180116305932,-0.4807561788285495
244,25.711830353730306,3.9708150794126595e-05,0.7686502748721149,-0.09037102093657737,-0.04704516191459249,2.187719166179192,0.006484217543776487,1e-05,0.28507826476589954,5.354678053915611,0.008194109266571499,0.005017690210612171,0.11286487672738409,0.001678151705212717,-0.011167701060252538,17.905749681503952,2.925243582836141,-4.023160691283359,1.2082076768938272,-0.3152757280934613,0.0029548600095916765,1.303452434185211,-0.48098371831327996
245,25.71189210345011,6.174971980499322e-05,0.7690439629952258,-0.09043171300718557,-0.046878779180647395,2.185012845265994,0.00648062851087422,1e-05,0.2851184380761367,5.354419446329521,0.008196178096533752,0.005017853076568331,0.11286975343494941,0.0016763273435066264,-0.011122872016922596,17.893058471252182,2.9015319359482556,-4.019411603317867,1.208325106099989,-0.3153835262286936,0.0029439010251461973,1.304233304579334,-0.4817253301872133
246,25.71191756765683,2.546420671833971e-05,0.7691477208075339,-0.09064167603405544,-0.04679927725157291,2.18321951767843,0.00647815284305024,1e-05,0.28513551076719346,5.354336877431884,0.008196888619332338,0.0050179500396553625,0.1128816248962097,0.0016759384920991575,-0.01109737032603884,17.88909174255639,2.889107799598115,-4.014399360206934,1.2082270346245483,-0.3155381748674986,0.002933565440298438,1.3046231476802368,-0.4819147931935539
247,25.711956258476064,3.869081923468798e-05,0.7691252399187254,-0.09061498114621272,-0.046867890419348426,2.183881162992157,0.006478017840066258,1e-05,0.28510985326521776,5.354723343438986,0.0081959093871282,0.005017755497239667,0.11288992807997839,0.0016768151959791044,-0.011110842833839799,17.895408249501635,2.8980404617914854,-4.01761944725264,1.2082484096906911,-0.31546293515505053,0.0029304235556615733,1.3042814196972923,-0.4816661830546417
248,25.711984423116085,2.816464002108887e-05,0.7691498870078624,-0.09067870358387893,-0.046898189483086085,2.1838991656252142,0.0064776489523993295,1e-05,0.2851030220536306,5.355036244410945,0.00819494925200418,0.005017697472824817,0.11290206788435508,0.0016777258300744507,-0.011113964104270768,17.899510666207906,2.902580648875425,-4.019002587981654,1.2083885501872142,-0.3155312197108009,0.0029235355294024643,1.3041116445293148,-0.48155134868310623
249,25.7120269582406,4.253512451413144e-05,0.7692172640180255,-0.09084400716708035,-0.04688325618071297,2.183216272402813,0.006478163191822288,1e-05,0.2851154437044615,5.355186248180476,0.00819334228854746,0.005017789650221315,0.11292042303064904,0.001678874193681527,-0.011106698707457991,17.90223591131537,2.9033778095810345,-4.0192840827527485,1.208723517736936,-0.3157778461265225,0.002912415553160646,1.3040336644376946,-0.4815419955324858
250,25.712084448540452,5.749029985224752e-05,0.7694077726331333,-0.09105353295693236,-0.04676869462060781,2.1815861077601766,0.006480581398087564,1e-05,0.28514655795291854,5.3550554182878605,0.008190674858606885,0.005017842884043445,0.11294015768598056,0.0016795611052176124,-0.011084525443674212,17.90179332693834,2.8980424037334753,-4.018422557414382,1.2092283521264136,-0.31619382034638893,0.0028989637469901135,1.3040665343739761,-0.48157631112028165
251,25.71211044276473,2.5994224277070543e-05,0.7695685168587624,-0.09121280716458907,-0.046733616857535056,2.180240583187568,0.006482022275284803,1e-05,0.2851679569128676,5.355045979546805,0.008188777884856873,0.0050175008522415025,0.11295233207819873,0.001679928461553189,-0.011065755596378147,17.900228559582047,2.892292422997529,-4.019349996964156,1.2093500454473398,-0.31647343615477813,0.002890055025848619,1.3039781958724415,-0.48160349277111003
252,25.712156609037415,4.6166272685610465e-05,0.7697906061118519,-0.09133275968559174,-0.04658570392392247,2.178621933051081,0.006485702878515412,1e-05,0.2852090004297352,5.3546333146925456,0.008186254418557115,0.005017244837123701,0.11295522290329085,0.001679604586902606,-0.011040461692075317,17.895535339127097,2.8835448920753293,-4.018757513431653,1.2097163982583619,-0.3168273503913719,0.0028842865621286,1.3040624265735838,-0.48160003837906545
253,25.71216988207608,1.3273038664607384e-05,0.770012258135409,-0.09136107183475656,-0.04639895534677338,2.1773974166874157,0.0064892778813688805,1e-05,0.2852270913937436,5.354280964678718,0.008182388646320767,0.005016813147759377,0.1129533430259126,0.0016789780666910598,-0.011024422290577008,17.89574034474643,2.880833376030604,-4.016180614276005,1.2099964460861443,-0.3172098289447163,0.0028784802141033905,1.3038687036707926,-0.48130914993398916
254,25.712210447546124,4.056547004438471e-05,0.7700444704432162,-0.09129924970568352,-0.046386723232174125,2.1772995047543278,0.006489538831588031,1e-05,0.28522855394160657,5.354123221157118,0.008182094763324129,0.005016627790993647,0.11294328987468075,0.0016781967386504419,-0.011021762349961984,17.893971048642964,2.879233959320197,-4.018569466908622,1.2099533969037166,-0.31723753509533364,0.002880966888111046,1.3039051960522587,-0.4812929684676602
255,25.712230288687458,1.984114133435355e-05,0.7700933307496681,-0.09122377801863447,-0.0463678799197204,2.177284705279455,0.006489477821942606,1e-05,0.2852228426656998,5.354099866604947,0.008181128856028683,0.00501629473893152,0.11293467755894496,0.0016775685603855354,-0.011022161872559402,17.894646329830465,2.8804102449971074,-4.0206615779693475,1.2099010005775797,-0.3172821636425064,0.0028816347924812305,1.3037882368089684,-0.48114922277227345
256,25.712260207230777,2.9918543319240598e-05,0.7701821130919262,-0.09112322034422508,-0.04631170038645557,2.177210720560537,0.006489292362130147,1e-05,0.2852189316044467,5.354164993036125,0.008178375496532919,0.005015592508858035,0.11292226414070272,0.0016769710352224738,-0.011024184910414318,17.898539423514627,2.8854691757181294,-4.024031531692691,1.209936336313552,-0.31745591534128864,0.0028797398800051405,1.3034302930852575,-0.48074889223187933
257,25.7123139404954,5.3733264621769194e-05,0.7703808395286911,-0.09107950247875615,-0.04602859362447897,2.1755117973358895,0.006487774762840776,1e-05,0.28530266048300534,5.353869914498793,0.008174637422740931,0.005014375425152312,0.11289390157107214,0.0016764455347791293,-0.011000709466659025,17.897049472440493,2.881206934606557,-4.027363357419855,1.210345871980071,-0.3179862893928045,0.002875898651392298,1.3031076526313699,-0.4804494970036168
258,25.71233667786472,2.2737369320680045e-05,0.7706298132823214,-0.09118572349910274,-0.045650849467754474,2.1727154077047732,0.006486142247897366,1e-05,0.28542447798567583,5.353664201156691,0.008167270883686474,0.005012320815685145,0.11286497054452962,0.0016767687810187843,-0.010966030129375451,17.89938995699349,2.8786503148729463,-4.029469338108347,1.2109818101728063,-0.31896489916723797,0.002864121488302371,1.3024512346919743,-0.47958858412027006
259,25.712366077541716,2.9399676996888502e-05,0.7705296091241163,-0.09117970372541541,-0.04570467646619907,2.173186867521435,0.0064859481335269075,1e-05,0.285422633052433,5.353648973034133,0.00817062082926771,0.005012945637702948,0.11287220194460164,0.001677160725089317,-0.010969337825101932,17.895650672870126,2.8754234639698195,-4.027522245356618,1.2109101639681465,-0.3186968704326372,0.0028697057364434407,1.3027486705915772,-0.4800006091779982
260,25.712371833802717,5.756261000300356e-06,0.7704795613038787,-0.09118111443383686,-0.045724565897583676,2.173353507246971,0.006485881380947031,1e-05,0.2854248272158727,5.353684703361322,0.008171767049587391,0.005013065917299728,0.11287498621919217,0.0016774580930761925,-0.010970806145974206,17.89462424697479,2.8748118618387277,-4.026692117601692,1.2108835754037852,-0.3186171129033171,0.0028721567494707024,1.3028125698872577,-0.48008688256243776
261,25.712384465983785,1.2632181068283899e-05,0.7704102090087821,-0.09117991517361133,-0.04571520688236211,2.1732914878123943,0.006486102356059707,1e-05,0.28544547640765644,5.353757360022584,0.008173409186050204,0.005012952379914849,0.11287898539460883,0.0016781110495452743,-0.010968231147046767,17.892032271976795,2.8727228668853284,-4.0257811654684525,1.2109169191232467,-0.31858286972217237,0.0028770831741365245,1.302845568406571,-0.4801551220536799
262,25.71240280322833,1.8337244544142095e-05,0.7703348684116031,-0.09114285529838394,-0.04567812318116053,2.1729989493139854,0.006486733722037904,1e-05,0.2854718425326338,5.3539697183951604,0.008174683667093185,0.005012354826062386,0.11288459569564852,0.0016787165823127501,-0.010962959434169903,17.889456940642297,2.871276857666597,-4.026163862446296,1.2109753777294194,-0.31865998026568404,0.0028835271760834875,1.3027145641012297,-0.48007857330005144
263,25.712414375162787,1.1571934457776933e-05,0.7702937262190592,-0.091048866942404,-0.04559283380455347,2.1725965991393554,0.006487674005519511,1e-05,0.2854901077723738,5.3541928944134725,0.008175401441350944,0.005011569976330015,0.11288969651430852,0.0016788477252793774,-0.010956680670108306,17.887168705765568,2.870311291880521,-4.02698644272814,1.2110920615690175,-0.3187184617754628,0.0028898926221051723,1.30256332499491,-0.4798836470737587
264,25.71242782171467,1.3446551882623226e-05,0.77028353780445,-0.09097248563892488,-0.045513118880336836,2.172092477040803,0.006488327085024767,1e-05,0.2855046936501869,5.354363692704796,0.008174734907515196,0.0050106905863917355,0.11288971388644449,0.001678641465577822,-0.010950079678982488,17.88635427485419,2.870470032388042,-4.028541682490926,1.2111512271706724,-0.3189163437947057,0.002893336286824533,1.3023026890587799,-0.47964315181122585
265,25.712435870576925,8.048862255805034e-06,0.7702498151134811,-0.09089814254765224,-0.04546020871301887,2.1718590926250227,0.006488480130472569,1e-05,0.28550201703417233,5.354423542754379,0.008174325164692652,0.005010185509856582,0.11288804867620644,0.0016781554219757989,-0.01094685130059321,17.885360115605366,2.8704900909283735,-4.029407369098902,1.211140909609066,-0.31898542192076995,0.0028961458900561023,1.3022008101621998,-0.4795339147702807
266,25.71244192590265,6.055325723508531e-06,0.7701918739906323,-0.0907624243478492,-0.04537353072256347,2.1716007595109446,0.006488459018059448,1e-05,0.28548671107380663,5.354491570298819,0.00817322537136039,0.00500942827838105,0.11288447395387163,0.0016775082488241656,-0.010943858488024809,17.8844294243343,2.8715946378426844,-4.029369565674081,1.2111049233805118,-0.31902835835378923,0.0029000101091906086,1.3020430603882136,-0.4793398945746484
267,25.712450272870832,8.346968183303716e-06,0.7700355402473332,-0.09066137594409583,-0.04538615392106598,2.171910412328817,0.0064878268086612425,1e-05,0.2854618143540324,5.3544640306098135,0.008174405728511374,0.005009372885280843,0.11288230351287612,0.0016770629929470822,-0.01094650935303729,17.881338473858158,2.8709727240464695,-4.029669840524797,1.210935251511079,-0.31884158102092086,0.002906656425786847,1.3021918402612027,-0.4795056519499695
268,25.712456523760963,6.250890130843345e-06,0.7699855390154591,-0.09065682293744295,-0.04538664470498631,2.171937176966634,0.006487340638898579,1e-05,0.2854658030794439,5.35441598469567,0.008174928319491155,0.00500942324238102,0.11288087438896943,0.0016773743877793069,-0.010946063850815695,17.879922251231093,2.870022634953978,-4.028879260496156,1.2109232450850966,-0.3187699020523036,0.002908521476779262,1.302270237109225,-0.47959641236690403
269,25.712466965446495,1.0441685532214251e-05,0.7698157199210441,-0.09060954092945206,-0.04539640806290876,2.171881954019801,0.006486053497568732,1e-05,0.2854752910590672,5.354310258811105,0.00817613095834865,0.00500928988521515,0.11287594472724749,0.0016781760380174089,-0.010942906784115707,17.87483001246715,2.867389376368969,-4.026596097875753,1.2108489392183803,-0.3185796001382175,0.002915849687974691,1.3024680847047385,-0.47981638096776824
270,25.712469285652574,2.3202060788207746e-06,0.7698026964971881,-0.0905705103302038,-0.04538136853139241,2.171707966431612,0.006485917471009982,1e-05,0.28548217106447726,5.354292317884235,0.008176211370626274,0.0050091162555140145,0.11287410756821946,0.001678301025512077,-0.01093978983698433,17.872896001627826,2.8663648928329257,-4.026567929378578,1.2108584385792474,-0.3185447853602036,0.0029180827369329025,1.3024892089818274,-0.47987549000401664
271,25.71247350185036,4.21619778734339e-06,0.7697996287510999,-0.09056048363332139,-0.045387369685214854,2.1715501351718003,0.006485843705103366,1e-05,0.28548730494277225,5.35427992916974,0.008175927664426466,0.005008977606151503,0.11287249609719366,0.0016784223309074143,-0.010937444830354833,17.871849694410994,2.8660058273175832,-4.02635031570915,1.2108544031668396,-0.3185416512910472,0.0029189092707947307,1.3024995850361136,-0.4798822406907523
272,25.71249464572826,2.1143877898310848e-05,0.7698765144849947,-0.09048787671211517,-0.04544120238658002,2.169937947776007,0.006485943367691481,1e-05,0.2855454469820961,5.3542122096741345,0.008173371863544242,0.0050077789623825435,0.1128609323271283,0.0016792350045805977,-0.01091366768303836,17.862145629305424,2.862228422224598,-4.025389967419887,1.2108720382974596,-0.3185511190629756,0.0029246302221014766,1.3025889055585997,-0.47997826832233625
273,25.71250887956811,1.4233839848998286e-05,0.7699786881821948,-0.09051930509357667,-0.04542850113709474,2.169463091325948,0.006486661593897634,1e-05,0.285563556013175,5.354264418476591,0.008172946289234352,0.005007639726456772,0.11286319653642002,0.0016788298515202557,-0.010907201303502572,17.860121317062514,2.8616220651739837,-4.025143930790867,1.210878716374894,-0.31859175288552544,0.0029233682213600383,1.3026334226711263,-0.4800089883948181
274,25.712540688277794,3.180870968577665e-05,0.7706331865070302,-0.09067557418758485,-0.045002698214032175,2.1654723440191983,0.0064906602979568385,1e-05,0.2857012317102395,5.354565085984058,0.0081708133238128,0.005005559602699146,0.11288235207105152,0.0016774184399267567,-0.010852761368959215,17.84367977876598,2.8566140958141975,-4.025108994218406,1.2111684953306432,-0.3189789135236507,0.002918751764493927,1.3027392226624748,-0.4799086889607193
275,25.712568806642643,2.811836484895025e-05,0.7707642792721192,-0.09091399240573449,-0.04498150335110945,2.164710749383212,0.006491121429171975,1e-05,0.28574084474036177,5.354484245241279,0.008173318194636353,0.005005957836208548,0.11289556881630916,0.0016770815590092967,-0.010840243314831943,17.834476076241796,2.8532939013455585,-4.021609594908892,1.2109147173248112,-0.3189134435920869,0.002917644561757729,1.3031796990807487,-0.4804951093386539
276,25.71258495924578,1.6152603137697952e-05,0.7706203214223948,-0.09085278100980052,-0.04495163002109944,2.1651985173665795,0.0064899574244189455,1e-05,0.2857195452357274,5.354388428017211,0.008174150952577312,0.005005973494718992,0.1128923177759602,0.0016775799493762076,-0.010846536723215502,17.83582399539795,2.85359351840727,-4.021713593112687,1.2109337986071798,-0.318826310408487,0.00292071630550006,1.3031455802588712,-0.4804456505449563
277,25.71259795643377,1.2997187987195957e-05,0.7705993450592598,-0.09087403810292435,-0.044835873542211364,2.164859500931179,0.0064889927904674466,1e-05,0.2857229447905096,5.35421196925393,0.008175313490582196,0.005005618993820028,0.11289372846394058,0.0016779669754176712,-0.010841177396636951,17.83218036998706,2.8525801451218102,-4.020936942949663,1.2109366262991255,-0.31877878858098835,0.002923104782165108,1.3032067132857694,-0.480493182676342
278,25.712617974124463,2.001769069437387e-05,0.7707125356451638,-0.09100927714957886,-0.044641461972253986,2.1638015981330674,0.006487489537400958,1e-05,0.28574057893926275,5.353777146221363,0.008177082994846338,0.005004857498183194,0.11289786974700478,0.0016784644374121752,-0.010826139818900826,17.824348745162887,2.8510406432706916,-4.019523045143583,1.2109363978344412,-0.3187608911680732,0.0029235831678893977,1.3033185153978797,-0.4805985620918538
279,25.712643317579513,2.53434550501197e-05,0.7712582181743989,-0.09137367612406512,-0.044454389104022586,2.161961081705711,0.006486114961667977,1e-05,0.2857776618264803,5.353028479770165,0.008177094742768936,0.0050037497747644575,0.11289990505111691,0.0016788609203345825,-0.010804772705198919,17.819322469018413,2.8534975171627646,-4.018378657491171,1.2110856602867786,-0.31895612320596417,0.0029088846273442486,1.3031768349337454,-0.4804298825554139
280,25.71266359340993,2.0275830415528162e-05,0.7715820032751792,-0.09171608235520033,-0.04438579229484678,2.1609412634991227,0.006484300819258048,1e-05,0.28579727735919247,5.352338767723605,0.008178805362129204,0.005003340899288352,0.11290054533201009,0.001679134795856309,-0.010792665636583433,17.814077713818588,2.8546471362549646,-4.019280976878265,1.2110636466229558,-0.3189824060438035,0.002898558831969734,1.303267772621324,-0.48056191753853217
281,25.712671335602707,7.74219277843713e-06,0.7716751922142284,-0.09173012561485917,-0.044462289814528544,2.1609204323075812,0.00648498589676857,1e-05,0.2858055179136619,5.352447083573271,0.008177706680087498,0.005003449382104488,0.11289697959620451,0.001678733220433403,-0.01079348987219736,17.815942651592493,2.8557424196644274,-4.019672747553881,1.2110715749185677,-0.31902906860372915,0.0028944810392156723,1.3032193896795552,-0.48051254840311847
282,25.71267784946172,6.513859013068668e-06,0.7717870405955429,-0.09180984579343392,-0.04454036907063568,2.1611377726261645,0.006485192438924019,1e-05,0.28581011510353277,5.352563346754797,0.008177555866061158,0.005003711827045203,0.11289036181305989,0.001678180827888141,-0.010798558767615395,17.818802503269918,2.8583006394689514,-4.019249973850101,1.2110148450210414,-0.31904560959691824,0.0028865111003287254,1.3032104909902156,-0.4804360031635474
283,25.712683803501953,5.95404023329138e-06,0.7718951881501286,-0.09181602580211923,-0.044560991112950636,2.161073401943134,0.0064856127596067984,1e-05,0.28582229956649435,5.3527198851313775,0.00817738618933272,0.005003718717888683,0.11288509720987672,0.001677648932937575,-0.010798859197463657,17.819348667355978,2.859472279479495,-4.019943036629961,1.210996757928492,-0.3190427789102786,0.0028818086445610257,1.3031929096995392,-0.48043901263252786
284,25.712688513223974,4.709722020379559e-06,0.7718869788380113,-0.09180365340332763,-0.044543211522894,2.161152522544274,0.00648534875297173,1e-05,0.28582351903012515,5.352791677031258,0.008178046931778976,0.005003652041808735,0.11288180734344669,0.0016775905680568035,-0.010800215873949309,17.818913159259175,2.859933004222548,-4.01987841363646,1.2109572497314345,-0.31899447949281423,0.0028810396614485103,1.3032100059389076,-0.48044916166548496
285,25.712701440334286,1.2927110311977685e-05,0.7718881653059196,-0.09177760201938197,-0.04452888731317175,2.1615728314920193,0.006484144472792979,1e-05,0.285828354520571,5.353099354193107,0.00818049603484754,0.005003154998237759,0.11286397249413299,0.0016776687074898735,-0.010808670722892582,17.818789707399354,2.8637991663815736,-4.02006006679723,1.2107797978592365,-0.3188063154926815,0.002874477136332452,1.303153765397425,-0.48036356039596734
286,25.71271339617076,1.1955836473731551e-05,0.7719664050613857,-0.09175360418279768,-0.04448027801124303,2.1607490692580353,0.006484759838944033,1e-05,0.2858641181468337,5.353286806746032,0.008180917908471572,0.0050020339284155245,0.11286405151082793,0.0016779605597329647,-0.010798078435103045,17.812983645078813,2.863681560356789,-4.020255649325804,1.210765329519072,-0.31873968027925215,0.0028753863758013494,1.3031132021650966,-0.4802991583348919
287,25.712738195294197,2.4799123437446724e-05,0.7720259727965665,-0.09175824497372294,-0.04440464455538683,2.159566704839072,0.006484931597603455,1e-05,0.285920955728234,5.353543935249819,0.008183183841087965,0.005000115656140046,0.11286201973392547,0.0016786441007146918,-0.01078291033706781,17.801600531968493,2.8637488835484914,-4.019284494063611,1.2105905007013367,-0.318562730948366,0.0028773531364275147,1.3030928055879232,-0.4803117455194401
288,25.712788219847916,5.0024553718941434e-05,0.7723346606965731,-0.09188641098677977,-0.04433283195037433,2.157551541330205,0.006483574051144068,1e-05,0.2860175572626766,5.353653923654608,0.00819153088046752,0.004995239567908639,0.1128562090584072,0.0016772558674131722,-0.010759290849260455,17.772866473784614,2.8672122934348736,-4.016426835566583,1.2099377672749247,-0.31790407570690077,0.002883876229311057,1.3031161538909544,-0.480423003989973
289,25.712823801286415,3.5581438499576734e-05,0.7728666385997365,-0.09202026393350873,-0.044436637072114045,2.156723303968536,0.006484333188216915,1e-05,0.28608925158970194,5.353913538124569,0.00819396513368679,0.004992448186999322,0.11284421026785157,0.0016791876075731749,-0.01075298329195973,17.75820270778627,2.872922581185623,-4.015738835206903,1.2094428203572467,-0.3175773620427594,0.0028847886040809763,1.3031076550040486,-0.48039425337045116
290,25.712850080262594,2.6278976179128222e-05,0.7730146006620486,-0.0921542339371885,-0.04449463740405579,2.157258300732026,0.006483753660266042,1e-05,0.28608816006724147,5.353658488138095,0.008194813089368647,0.004991976921925367,0.11284176812486486,0.001678679992047293,-0.010761903056966051,17.75588438739563,2.8760053396230654,-4.015623605689475,1.2092719458604977,-0.3174184667646224,0.002888623544943092,1.3031241822539976,-0.48041062341729196
291,25.712889664762592,3.958449999785785e-05,0.7734467486190851,-0.0925861378468784,-0.04456961476529612,2.1594052407788364,0.006482292392725857,1e-05,0.28609355269398795,5.353105674647871,0.008195968700082693,0.0049911788047449996,0.11283124499464517,0.0016779662563203598,-0.01079733192401001,17.754136980710133,2.887575573591795,-4.01490946307353,1.2089194504563665,-0.3170054575498419,0.0028962703298714156,1.303065596917713,-0.4803410645813372
292,25.71290423021057,1.4565447976622181e-05,0.7735722059855313,-0.09273674571426063,-0.04459678857735761,2.1599337278278696,0.006482062858967206,1e-05,0.2861045828429038,5.353022654411447,0.008196227899415553,0.00499087944682366,0.11282709246342354,0.0016778620309024382,-0.010806489709215108,17.752768697752877,2.8910468521740738,-4.016906862402118,1.208792661029248,-0.31691319091015824,0.002898063269555158,1.303073107465149,-0.4803571885635748
293,25.712914194115584,9.963905014842567e-06,0.7735981117751721,-0.09276412268187875,-0.044545987913960056,2.159946034851372,0.006482307032983458,1e-05,0.2861197457619946,5.353111318380382,0.008195832673385334,0.004990692130422691,0.11282663415980494,0.001678229043986592,-0.010807329161895765,17.75219065231336,2.8920849366526893,-4.017434935865313,1.2088301555757126,-0.31690769684319103,0.0028986217439133438,1.3030306922149117,-0.4803179650269716
294,25.712930661477163,1.646736157923101e-05,0.7735515648741494,-0.09278296286325481,-0.044351206347953705,2.159554222260464,0.00648326578932267,1e-05,0.28616347472967885,5.3534581580677685,0.008194584887521143,0.004990327267303901,0.11283132376092526,0.0016790952799938536,-0.01080222052311028,17.74972042378559,2.8924641834874296,-4.017824423418659,1.209010758043956,-0.31700928957805175,0.002901068723273679,1.3029582443517784,-0.4802463775024218
295,25.712944009987574,1.3348510410793324e-05,0.773653472247498,-0.09286796906541273,-0.04423426572710914,2.159688720590179,0.006483753141386221,1e-05,0.2862013289439632,5.353754589029828,0.008194280903381139,0.004989648202899164,0.1128299801875637,0.0016792494676989395,-0.010806301410154786,17.746258479566396,2.8963881780736056,-4.0185802502695,1.209021240266733,-0.31704512833935083,0.0029036594239934435,1.30287636315992,-0.48018905328678796
296,25.712962430169522,1.842018194864181e-05,0.7738584575935338,-0.09306514265080895,-0.04401479960128291,2.1599928180082375,0.006484519872416851,1e-05,0.28628141528465806,5.354402084964546,0.008194237127055373,0.00498804284317939,0.11282531493539538,0.0016794860725773335,-0.010815675399337272,17.737925830158222,2.905577344918145,-4.018643660284024,1.2090129656625381,-0.3171310820690191,0.0029087148086397595,1.3027433778358024,-0.4800024609328749
297,25.71298625096727,2.3820797746765265e-05,0.7738782176095603,-0.09303816870670106,-0.04397629920650635,2.1602687648277277,0.0064847933894009654,1e-05,0.2862995551050342,5.354647689094723,0.008193470739501949,0.004987823116591861,0.11282455792134988,0.0016792386996070212,-0.010821373089993161,17.735337066006032,2.9107734933473117,-4.019367151609866,1.2093092275585555,-0.31750304190588513,0.0029113876141681834,1.3026375704433224,-0.479982728448279
298,25.713023477670045,3.722670277639395e-05,0.7738556154192012,-0.09296243267174321,-0.04397735374554208,2.160231839848671,0.006484944020918904,1e-05,0.28631480484425625,5.354859251555467,0.00819317526367248,0.00498743927804222,0.11282457090547722,0.0016790273730014286,-0.010822349393662167,17.731054552255536,2.915354899612081,-4.018734074047536,1.2096710849126926,-0.31791963586689126,0.0029138843432980326,1.3025867174990196,-0.4799216280667686
299,25.713128770530524,0.00010529286047855635,0.7742184263839138,-0.09265385784468932,-0.04408261414353344,2.15964836885659,0.006486238483974376,1e-05,0.28641624474135485,5.355432035328571,0.008191924631473835,0.00498377823517691,0.11281596339191374,0.0016789454768040963,-0.010824620921544485,17.70097851749149,2.9417101399942913,-4.016624736950053,1.2112783275374086,-0.3195287775795473,0.0029285070770294673,1.3024238867241666,-0.4795941797962842
300,25.713156519396037,2.7748865512933207e-05,0.7740050454803493,-0.09264458753411628,-0.04427987924856989,2.159318652548735,0.006485951403174262,1e-05,0.2864206654461382,5.354634679069692,0.00818926349712247,0.00498370225314724,0.1128084611766612,0.0016796382721237376,-0.010820742595773664,17.697440967024704,2.9463244990749216,-4.014507302926898,1.211837975406381,-0.3200824227374849,0.002926006155871566,1.3023833979533062,-0.4796409315305427
301,25.713172085429733,1.5566033695790793e-05,0.7740823600897618,-0.09270086394247747,-0.04426596067859986,2.159519705749416,0.0064858229535209415,1e-05,0.2864223851119408,5.3543967690960015,0.008188752343489059,0.004983489648782728,0.11280595436650508,0.0016792256017591541,-0.010824333254710872,17.696416813706165,2.9483745902033682,-4.014808211639919,1.2118493411696407,-0.32000550356866914,0.002926714894979339,1.3024057053952411,-0.4796527683348191
302,25.713185297228172,1.3211798439272116e-05,0.7741573122339901,-0.09279088644189963,-0.0442502500787592,2.1597635603870047,0.006485633014811532,1e-05,0.2864264776779321,5.353863735007087,0.008187068125489092,0.004983156232771414,0.11280058567134739,0.0016787301699254784,-0.010829020815665166,17.694253405630523,2.95269677615277,-4.014736398971071,1.2119690961379013,-0.32000052777723625,0.002926742937519359,1.3024444592641358,-0.47969840501325955
303,25.713192874366186,7.577138013914464e-06,0.7741791368245827,-0.0928086652690849,-0.0442415549795223,2.1598286124500143,0.006485542721652235,1e-05,0.286419895083246,5.3536001219813105,0.008186150674115296,0.004983135430557131,0.11279933244504062,0.0016785894857464815,-0.010829905892637364,17.693496252228393,2.9544201953606923,-4.0142824622132425,1.2120184037685164,-0.32003299046026357,0.0029257826497304947,1.302522822732444,-0.47976945849606684
304,25.713195271727255,2.397361068773307e-06,0.774302266810399,-0.09291874070822499,-0.04418459369456063,2.1601609803411623,0.006485837762033265,1e-05,0.2864160009175501,5.352875112109466,0.008181864588235364,0.004982877784219861,0.11279953836728507,0.0016782536609156464,-0.010834928629321417,17.687845075032055,2.9653878971391148,-4.014701277288274,1.2123820357806374,-0.3204262916349132,0.0029231425020874876,1.3029140203902272,-0.4801150382653252
305,25.713218536500698,2.326477344283262e-05,0.7743650480049161,-0.09288106360197088,-0.04417974803012341,2.1599772832345887,0.006485825200721976,1e-05,0.2864115253316515,5.352811236545799,0.00818195347402318,0.004982659088084484,0.1128006764758439,0.0016784325075023827,-0.01083195854571972,17.685487386283437,2.9665555308886056,-4.0113211703661245,1.2123824119283553,-0.3204420716070059,0.002921912527443776,1.3030325525285427,-0.4801887144991001
306,25.71322465634716,6.119846460705958e-06,0.7743110467335584,-0.092849612912696,-0.04420009372950313,2.1598357523072633,0.006485864147449829,1e-05,0.28640119733251757,5.353069960939631,0.008183229654685658,0.004983134972230033,0.11280576160903602,0.0016786927973888362,-0.010828150461039986,17.688959324507714,2.9617669671261107,-4.011405326848797,1.212193436027383,-0.32028875723420097,0.0029207855182228582,1.3030443496873543,-0.48020256150630986
307,25.713248121061767,2.3464714608678605e-05,0.7742820683231791,-0.092916277051414,-0.04429215305046978,2.159440328687316,0.006486635386790895,1e-05,0.28640009350152157,5.35296502086371,0.008182473860992965,0.004984099097539544,0.11282932217392015,0.0016791213083084341,-0.010816552363337456,17.68950319254055,2.9623964372406966,-4.008952948859493,1.2124126177928745,-0.3203966187055649,0.002914759986940034,1.3035493778290335,-0.4807745449572315
308,25.713254359208236,6.238146468717787e-06,0.7742837006055475,-0.0929704692404463,-0.044303358088599816,2.1593374547796467,0.006486788596539195,1e-05,0.2863995868802664,5.352973029557317,0.008182666383811304,0.004984389517353781,0.11283682247716897,0.0016790391514906675,-0.010812983338419206,17.69018403941534,2.961807515719711,-4.00749894132232,1.2123808374361644,-0.32031531008853137,0.0029129944356895534,1.3037457109036727,-0.4809007728204616
309,25.71325903889779,4.679689553199751e-06,0.7743650657801301,-0.0929821404270055,-0.04430737135545934,2.159244982816523,0.006487170467795222,1e-05,0.2864211835656009,5.3531302720443374,0.00818264483673285,0.004983987215234077,0.1128413180906973,0.001678897005265473,-0.010811968758853678,17.685945081430162,2.9659453697985727,-4.006805885187987,1.2125917648414313,-0.3204995328310445,0.0029146050995886756,1.3038247893850288,-0.4809637564805092
310,25.713266640442292,7.6015445031885065e-06,0.7745145549891431,-0.09316772131232127,-0.04421045244138412,2.1593945466042945,0.006487093621247714,1e-05,0.28644183905940207,5.3534072077195045,0.008184150447053956,0.004983863589922629,0.11284885442675718,0.001677742894801865,-0.010811997606859858,17.685131011003353,2.9674133374386185,-4.00655012613619,1.2123395348118762,-0.32029561871553286,0.0029171959598805674,1.30395451443499,-0.48110011360445337
311,25.713274812194495,8.17175220291233e-06,0.7745440789544855,-0.09319357496367457,-0.044199499890521174,2.1593539850071837,0.006486801248631367,1e-05,0.2864538715926014,5.35336985795435,0.008184632296866678,0.004983490853832906,0.11284583209957524,0.0016781057291255013,-0.010811659469515214,17.682712006398937,2.9695474489570457,-4.006444271547711,1.21238553898363,-0.32033176499276655,0.0029192236321875192,1.3039110122796755,-0.48106159396138587
312,25.713308604499225,3.379230473044004e-05,0.7748928410642922,-0.0935064245020888,-0.044010291125519865,2.15916411672331,0.00648484584807563,1e-05,0.28654564175735714,5.353016080095857,0.008187847639289161,0.004980864375832915,0.11283151253808604,0.001680158564460715,-0.01080643966171254,17.662978242297342,2.9898748196930134,-4.004446480680457,1.2125769648510762,-0.32050843092230275,0.002933250670213046,1.3039547601043007,-0.4810924663663747
313,25.713329471751912,2.086725268668488e-05,0.7749722228150215,-0.09354118400527059,-0.043954573825088175,2.1590663941701913,0.006484350726598959,1e-05,0.2865610274893927,5.352913577438423,0.008189387592578515,0.0049803218426208605,0.11282723170145095,0.0016803320645133188,-0.010801140433219544,17.658504883249307,2.9951068267683385,-4.004197557348136,1.212419121417692,-0.32033242365301584,0.0029360773533279824,1.3040150946748126,-0.4811536263958036
314,25.713461996368135,0.00013252461622315082,0.775437912851574,-0.09381938030211207,-0.043709646673453395,2.1580114491668594,0.006481277580077869,1e-05,0.28667179378178487,5.351500662940771,0.008199674298675354,0.004976294066311619,0.11279900304198734,0.001680601122584545,-0.010744875110813177,17.61870989415482,3.045758787411711,-3.998779618737215,1.2109943060562534,-0.3189698599772389,0.0029524564601825587,1.3049105316919039,-0.48207408683878755
315,25.713502164871073,4.016850293808716e-05,0.7753294031888321,-0.09378144832111474,-0.043632723225929704,2.15775061888036,0.006480896924099104,1e-05,0.28670820795418267,5.351711909739976,0.008203161616823914,0.004975883449723069,0.11279864681819562,0.0016799120031904763,-0.010723571118556032,17.6132396617456,3.057065544603492,-3.9990789205164856,1.2104614633602486,-0.3181281108867335,0.0029564778842420102,1.3047974544610228,-0.4820963283365652
316,25.713540159235578,3.799436450435678e-05,0.7753164699957853,-0.09369098790782808,-0.0436650592230791,2.157355645211981,0.006481389173715116,1e-05,0.28674402060511595,5.3518339797560746,0.008204136426617124,0.00497495450052483,0.11280043426363791,0.001679458038574804,-0.010705614404875866,17.60150283541772,3.0734624155382613,-3.9976564211006895,1.210386124541325,-0.3180464127821144,0.0029592272891232323,1.3049173420927893,-0.4822392624512998
317,25.71355352155367,1.3362318092902115e-05,0.7753065272023323,-0.09338733516179054,-0.04369862785296613,2.156543257248374,0.006483149131850262,1e-05,0.2867978205464696,5.3526669889146925,0.008204251224179022,0.004973530415225579,0.11281508074066293,0.0016791331554724211,-0.010669930600417946,17.580191186285653,3.104953935894174,-3.9906586701227074,1.210456196085282,-0.3181991735424579,0.002961507503104595,1.3050983359800052,-0.48238036606517415
318,25.713605717377206,5.2195823535328145e-05,0.7751401746964105,-0.09324094819952948,-0.0437163332015142,2.1568124027668487,0.006483947490385029,1e-05,0.28680290413489734,5.353393097940615,0.008202806279455426,0.004973481069986794,0.11281416706400334,0.0016782641024198728,-0.010675572524139636,17.58166806514178,3.105743673720668,-3.9968065999741453,1.2106320148383676,-0.3184097541259538,0.0029634913813658555,1.304616429921066,-0.4819333927976266
319,25.713617872451515,1.2155074308850544e-05,0.7751142442740322,-0.09328847060951741,-0.04366706922262056,2.157050663947309,0.0064836439518409505,1e-05,0.2867890102592613,5.353452091395971,0.00820217389147455,0.0049739253160727675,0.11281365493083373,0.001678643993068886,-0.010682911389845352,17.587189312393086,3.0996155521036908,-3.99776315681267,1.2106522815486518,-0.3184264960644239,0.002962717549364618,1.3044636106840566,-0.48178375855428074
320,25.713651536262127,3.3663810611983536e-05,0.7751101901455314,-0.09337910075912656,-0.0434821965046952,2.1575245434610886,0.006483587694413581,1e-05,0.2867559330435162,5.354113882604633,0.008200549140055927,0.004975203984428295,0.11282542980560409,0.0016793258005729332,-0.010687573631193843,17.598088971898317,3.0933709380133663,-3.999071500889893,1.2106111030226525,-0.31843025713455053,0.002959062858134155,1.3042397167387352,-0.4814524548699988
321,25.713660272274737,8.73601261019985e-06,0.7752462654295551,-0.0936428547146015,-0.04302127223254058,2.1584701501627888,0.006482822159455598,1e-05,0.28673777411358076,5.3553439366199544,0.008198157848715325,0.00497649547984451,0.11284036409451151,0.0016810630557258764,-0.010688569794017761,17.609304000702796,3.0975174813434188,-4.0060772691129785,1.2106306546216423,-0.31867211582545896,0.0029583110981903087,1.30342083672601,-0.4808624840975323
322,25.71372793169111,6.765941637354445e-05,0.7753791776156492,-0.09365272252316373,-0.04296635534884139,2.1579098358687254,0.0064829521990697955,1e-05,0.28679122421834896,5.355477384531051,0.008200664436549219,0.004975139876467357,0.11284477496710742,0.0016809370732384311,-0.010659990839824154,17.592119433611806,3.1222607594559113,-4.00211374423888,1.2104300867619568,-0.3184140806152188,0.0029628176743350014,1.3038017979118393,-0.4810559507315344
323,25.713758356494765,3.0424803654227617e-05,0.7755045662524439,-0.09370122798492266,-0.042927544886231475,2.157672996631193,0.006483062034396156,1e-05,0.2868196739414892,5.3554311691725704,0.008201423424966053,0.004974484218324725,0.11284732501580473,0.0016807496460469857,-0.010642881911771394,17.582619518114576,3.138482855635076,-4.0010285672514785,1.210397239548927,-0.31841277247934613,0.0029644124542967916,1.3039804969288125,-0.48120432552429304
324,25.71383136296825,7.30064734852931e-05,0.7760079312680439,-0.09399837943235799,-0.04264336359177633,2.157195898280571,0.006483063699295988,1e-05,0.2869072624072511,5.35535144562602,0.008203274791017571,0.004972969985497935,0.11285920099987941,0.001680443427237821,-0.010581492389054157,17.555546070358673,3.1956156315372737,-3.9990514174853002,1.2102768880582264,-0.31839489135229404,0.0029678638210787972,1.304380081881806,-0.48156659378543554
325,25.713918445833666,8.708286541647681e-05,0.7763131267396534,-0.09422964802459004,-0.04255491651396497,2.1576099796072223,0.00648270161458312,1e-05,0.2869190398352045,5.354392287557811,0.008201649391805559,0.004973115637828925,0.11284532375276973,0.0016796843177597758,-0.010575024561989294,17.55558501844628,3.207954036729479,-4.000459316461451,1.21063233514558,-0.3187851988024709,0.002965758549827756,1.3042933331086233,-0.4814472731427841
326,25.714039073069205,0.00012062723553896149,0.7778522015573257,-0.09518737969143456,-0.0416002151317162,2.1591189140549054,0.006482806660609677,1e-05,0.2871222905835914,5.351093214842227,0.00819245349654668,0.004972190926416323,0.11279850589355692,0.0016801250168061842,-0.010471878969909205,17.52821393501361,3.3344495278171897,-4.0054338271346195,1.2126776628262357,-0.3206976802028687,0.0029524037143709527,1.3038151338049082,-0.48084510303104255
327,25.714059737251777,2.0664182571294987e-05,0.7775685397881605,-0.09550111636664857,-0.041616511092755236,2.1598165868891206,0.006481955252155662,1e-05,0.28709475829474196,5.350861096613771,0.008189758659361062,0.004973522821982261,0.11279054605066846,0.0016814277261589297,-0.010494022471873197,17.547030193627524,3.3141900457491182,-4.005504252224674,1.2125342847748264,-0.32109798398250683,0.002945682165258905,1.303439036422949,-0.48055195076552965
328,25.714148828222513,8.909097073583894e-05,0.7772232302379625,-0.09491564476004041,-0.04185309946780192,2.1593262725060933,0.006483648016221369,1e-05,0.28708014742360555,5.3519370254700505,0.008190847776857316,0.004973072453338895,0.11279872143569039,0.0016799166002895648,-0.010506526868243476,17.545774847383896,3.299105599517988,-4.005636119792046,1.2124599216667904,-0.3207455192250887,0.0029482634153079035,1.3034524812558244,-0.4805841215978455
329,25.714168200555104,1.9372332591416352e-05,0.777254218054294,-0.09480525547819388,-0.04184717530092103,2.159291087204595,0.00648457585751002,1e-05,0.2871059416815578,5.351886422806795,0.008189881937997754,0.004972744906672827,0.11279606011107363,0.001679337273061149,-0.010493728720141909,17.54202858789974,3.311616535296496,-4.004180634365012,1.2126244978486687,-0.32088728188450555,0.0029446363602966276,1.303512449338013,-0.48061590666710335
330,25.71420274403723,3.454348212628133e-05,0.7771333227276609,-0.09461065999837324,-0.04172759962075052,2.159730328912205,0.006486387347806078,1e-05,0.28713001172363345,5.352525407228397,0.00818611840362515,0.0049731046712955425,0.11279766639994022,0.001679336041524111,-0.010481056881325381,17.547076946349637,3.3250260266380347,-4.006790152350858,1.2129748404661576,-0.32126354921381695,0.0029339177379693344,1.3032460731851772,-0.4803099331055082
331,25.71423597469032,3.3230653091465e-05,0.7768951375093928,-0.09438230280062694,-0.04187715527884391,2.1599616775762893,0.006487977061400906,1e-05,0.28715883308671075,5.35219823582907,0.008183189180029025,0.00497262685183069,0.11278718825633578,0.0016789531478931244,-0.01046727568915616,17.551947917488366,3.3371955399078614,-4.006237218318208,1.213279664097625,-0.3216383356349672,0.002918841491977346,1.3032839706411723,-0.4803879136602232
332,25.714257475358494,2.150066817208085e-05,0.7767418435034352,-0.09433433746140407,-0.04199487503074199,2.1601665321689536,0.006487789365762453,1e-05,0.28712808699550324,5.352135699982112,0.008182576791268825,0.0049726588683952225,0.11278652752892337,0.0016792545240862072,-0.010476608531083476,17.560179467171622,3.3282513765078967,-4.007161365287279,1.2133402230892119,-0.3216950949235724,0.0029144955086212974,1.3032450221017555,-0.48032032672801983
333,25.714268730470902,1.1255112408292689e-05,0.776531171458173,-0.09426974017434449,-0.042182068046150774,2.160442936904299,0.006487212578090266,1e-05,0.2870678972700352,5.352032654676984,0.008182254359831241,0.004972842150560138,0.11278627312542547,0.0016795960799989263,-0.010497083746019454,17.573638079519515,3.3083940796121087,-4.008210087145438,1.2133567825248306,-0.3216984031967657,0.0029101073201005753,1.303177799317407,-0.48024603645984826
334,25.71428424847113,1.5518000228809115e-05,0.7765828497304109,-0.09434278808298938,-0.04213104056178542,2.1607422501502818,0.006486798337695919,1e-05,0.28704340868719375,5.3521035505451735,0.008181718718296333,0.004972777058140194,0.11279230498207843,0.0016799183628219833,-0.01049241647319409,17.57828429337612,3.3135959065554474,-4.009585673944647,1.2134091985443034,-0.3218003263788181,0.002906284083176726,1.3030898229673553,-0.4801911686897975
335,25.714310309618682,2.6061147551104114e-05,0.7766989327999569,-0.09440324612987663,-0.04210030385997363,2.1611190809999905,0.006486348915947892,1e-05,0.28699331776133263,5.352178357686239,0.008181596400473046,0.004972039841766302,0.11280692127132125,0.0016796543183499847,-0.010475574847650205,17.58345232581502,3.3299066070836902,-4.009427949857653,1.213479577529849,-0.3218931517794517,0.0028987858431379107,1.3031483683195537,-0.4801845405611118
336,25.714327513055352,1.7203436669888106e-05,0.776444428503457,-0.09431659953056684,-0.04208364977548719,2.1612748166839384,0.006486534179421513,1e-05,0.28693295465528723,5.352431828831634,0.008183078384561455,0.0049715942580691634,0.11282283692925697,0.001679442917471259,-0.010475689148191018,17.593943340823117,3.3263689912272665,-4.0086523720176,1.2131796157068206,-0.3215568503268036,0.002893842799767485,1.3032017911366303,-0.48032455226377996
337,25.71433736273063,9.849675279838266e-06,0.7764168147709509,-0.09428488587042981,-0.042117391989218086,2.1611718715188553,0.006486599957734711,1e-05,0.28692292382426565,5.352375398917949,0.008183968886096845,0.004971318756526775,0.11282518389179941,0.0016790850896026353,-0.010474770999935634,17.593402666307117,3.3264145423312748,-4.007825495181564,1.2130974688765612,-0.321430637525855,0.0028945046832165072,1.3033192049013338,-0.4803979512609251
338,25.714346578102045,9.215371413517914e-06,0.776245949106883,-0.09421261133304552,-0.042206558198969575,2.1608938740018684,0.006486624328334562,1e-05,0.2868963771689374,5.352229971860928,0.00818644257301465,0.004971024759967585,0.11282806198870876,0.00167860910147483,-0.010483581857033084,17.594736446173894,3.3155038531039605,-4.006543084180883,1.2127802035204271,-0.32103050405511746,0.002898178623901771,1.3035314736976498,-0.48058801958545827
339,25.714351826857445,5.248755400089067e-06,0.776173373704557,-0.09419782377002102,-0.04220092995217997,2.160875292103396,0.006486720341999317,1e-05,0.28688500461784133,5.352219318142223,0.008187195848395262,0.004970933772948173,0.11283074735875516,0.0016785693738183391,-0.01048343598647618,17.596449939535578,3.3147595253334163,-4.006629129701116,1.2126339789012108,-0.32089305464328327,0.0028982775664100646,1.303581436702289,-0.48065279953783185
340,25.71436525508965,1.3428232204404367e-05,0.7760817073136799,-0.09423802355139156,-0.04201962595993355,2.1608191454855663,0.006487253685903978,1e-05,0.2868819662192081,5.352152038183842,0.008189685185768167,0.004970593164940402,0.11283995080209037,0.00167886325756738,-0.010462274175573327,17.595925431482293,3.3330610011711737,-4.00706194355316,1.2120667491216708,-0.32043808044149436,0.0028998363859098803,1.303761613882152,-0.48087485210288045
341,25.714379331911417,1.4076821766906278e-05,0.776002778996799,-0.09417852378656591,-0.04206623996726732,2.160776710477662,0.006487177448405705,1e-05,0.28689077224299164,5.3518394421567095,0.008190013235258854,0.004970822033214444,0.11283130031421239,0.0016794772471590577,-0.010464499194221337,17.59734089885548,3.3313362657133228,-4.006502046701222,1.2119512385220932,-0.32028311437038076,0.0029013947481383805,1.3037826725914932,-0.4808904010580267
342,25.714397876139422,1.854422800562361e-05,0.7759269819823842,-0.09406070116032944,-0.04216431231264246,2.1608867905861984,0.00648640358080144,1e-05,0.2869050299221338,5.351248326074172,0.00818951650984612,0.004971742737834769,0.11280968480217446,0.0016803152419554218,-0.010470950119915013,17.602775435004094,3.3280396482483066,-4.0076074181671615,1.2118659294880398,-0.32011114643835936,0.0029035300173649563,1.3036954299042343,-0.4808029521509505
343,25.71441284001439,1.496387496757734e-05,0.7758943826696345,-0.09400049257644298,-0.042236301848059016,2.1610213904638393,0.006485641982953769,1e-05,0.2869102139961924,5.350785320785592,0.008189407772119614,0.004972469878390788,0.11279522418663374,0.0016800943817676906,-0.01046524659714165,17.606568083650696,3.336784315698543,-4.007539267181201,1.2116263089534773,-0.3199762402869627,0.002905314838163532,1.3036719941572736,-0.4807579053097573
344,25.71442878801779,1.5948003401433652e-05,0.7758972441716523,-0.09395916950862762,-0.04215840740507561,2.1611839867324893,0.006485271481419327,1e-05,0.28690810324084554,5.350730073118536,0.008189531784400511,0.004973051563349868,0.11279262691986336,0.0016797412236751069,-0.010454612787266724,17.609434936131127,3.349377720613366,-4.009229336386018,1.2114350351095426,-0.31980575986471005,0.002905868519441979,1.3036406159963627,-0.480738901805453
345,25.714443204160425,1.4416142633422169e-05,0.775902191923304,-0.09391683844835812,-0.04202015244224822,2.161534589600518,0.006484675571228928,1e-05,0.286897124849567,5.3509226496515545,0.008189070924034583,0.004974206193020498,0.11279390264180317,0.001678850717379571,-0.010436068776744826,17.614546636990546,3.3723290759317575,-4.011507833567093,1.211202671758958,-0.31965881049719463,0.0029055513664296246,1.3035334498576003,-0.48062075310582264
346,25.71446648899279,2.328483236624379e-05,0.775802536134553,-0.09385323327584144,-0.042002545379745945,2.1615937964024785,0.006484781968058208,1e-05,0.2868801548676439,5.351235482550952,0.008188850045931536,0.00497536671650718,0.1127986014808216,0.0016787605891630621,-0.010437855392412805,17.61653059095544,3.375372134545602,-4.011595967510086,1.2111684677449477,-0.31960284291169705,0.00290779604973302,1.3034429238072738,-0.4805144586323825
347,25.714520030486014,5.3541493223008274e-05,0.7753735383382973,-0.0936060733127207,-0.04203555031798784,2.161914803130076,0.006485232022228871,1e-05,0.2868158619202077,5.352528185395307,0.00818610574411787,0.004980889724124733,0.1128133108779023,0.001679205452315217,-0.010455299496558677,17.624043840176647,3.3824439602532004,-4.0138958183442135,1.2113778654679859,-0.3197471122714612,0.0029166702850189886,1.3028735243773573,-0.4799300317632146
348,25.71453422188957,1.4191403554519866e-05,0.7751465161423794,-0.09345420593769938,-0.042068917050911855,2.161824017494822,0.006485278220756115,1e-05,0.2867749684834693,5.352754152310535,0.00818748465246891,0.004982384186948799,0.11282022340625497,0.0016787272894874905,-0.010461095385993355,17.627223583371403,3.3828705803292887,-4.012797204382064,1.2110972309041896,-0.31941900686820063,0.0029225901655326094,1.3028372274241284,-0.47997107437318137
349,25.714544158621393,9.936731824922163e-06,0.7750174373836228,-0.09338326573850264,-0.04209180049670496,2.1618666918623535,0.006485132673855454,1e-05,0.2867543299224776,5.352740839478253,0.008188027539904424,0.004983151305492665,0.112820737795246,0.0016786251684171875,-0.010461659213846576,17.63062775593967,3.385524695678335,-4.013600789258302,1.2109217015783171,-0.319252499739761,0.0029244693653167775,1.302817606476968,-0.4799795015752481
350,25.714566624048246,2.246542685213626e-05,0.7746546851653021,-0.09315365672680939,-0.04224986928337193,2.161974061045119,0.0064845759378073025,1e-05,0.2866848988359557,5.352652315077332,0.008189028311798775,0.004985261530211832,0.11281984588404466,0.001678630055455939,-0.01047428565798744,17.640703605073213,3.383345596116639,-4.015831385748767,1.2106303702459422,-0.31898412123493236,0.0029287903293577877,1.3027253274045394,-0.4800031634805264
351,25.714579465389125,1.2841340879532481e-05,0.7744653452516084,-0.09301077724279307,-0.04235063521030039,2.1620207969619747,0.00648419655812975,1e-05,0.28663507472475713,5.352566688262662,0.008189810279497835,0.004986343765711674,0.11282063712493927,0.0016785023288866344,-0.010482597154175731,17.64615405751727,3.381898436805848,-4.016374633005057,1.2105099734536098,-0.3188563280229133,0.0029310690698650184,1.3027331661476829,-0.480031492311901
352,25.7146196029056,4.013751647491404e-05,0.7739492477966207,-0.09259137820355591,-0.04264718153730135,2.1623243819188387,0.006483007544528996,1e-05,0.28647708555748785,5.352389456534739,0.008190872609188361,0.0049896105591471975,0.11282509376629211,0.0016787128877835753,-0.010510774795914321,17.663293010974954,3.378614494071864,-4.017600098193851,1.2104650565760406,-0.3188084356377032,0.0029342702719184033,1.302727992442421,-0.4800645855153116
353,25.714673111958703,5.3509053103084625e-05,0.7733968674993691,-0.0922285156249729,-0.042869365541185214,2.1627368658346877,0.006482026400421325,1e-05,0.28634674644158403,5.351847968002527,0.008192083440591072,0.004992381930641528,0.11282836539395498,0.0016785001772831986,-0.010531759528823119,17.682492100774738,3.3850658148516835,-4.017278146073616,1.2103629728790577,-0.31860940211762806,0.002935069376088639,1.3029126379453178,-0.4802304607132722
354,25.71479428464447,0.0001211726857661688,0.7721180052864063,-0.09147214517449616,-0.04333149415765432,2.1645410047578637,0.006480167042630555,1e-05,0.28604802913943883,5.351012990718002,0.008188951718783224,0.005000055879132136,0.1128434837345933,0.0016790504779071807,-0.010584088828510823,17.73590997495593,3.417295587078801,-4.017171969462582,1.2108989633853695,-0.31918095423719933,0.002924629914773625,1.3031073354064207,-0.4804047586133125
355,25.714838026182292,4.374153782293888e-05,0.771786821557886,-0.0912734868649058,-0.043419197554206604,2.164982853853692,0.006481572138710894,1e-05,0.2859797761865337,5.351064657018308,0.008187253213361943,0.005001441575487019,0.11286502550621683,0.0016787118378224762,-0.010607716496568066,17.74955404860989,3.4233032146332754,-4.0167746263536195,1.2113584520308467,-0.3193390197750725,0.002919235801419195,1.3033770731473298,-0.4806752860069586
356,25.71493056797673,9.254179443729527e-05,0.7715555525145597,-0.09131033085695119,-0.04345141045928044,2.1655685939313036,0.0064829769594794565,1e-05,0.2859650511848721,5.350917238123877,0.008184419842400622,0.005001780306029781,0.11288215888047014,0.0016782165121878006,-0.010616258882848895,17.761466794992465,3.4406976818534374,-4.013303368527373,1.211703910459009,-0.31970712371361987,0.0029097225656111677,1.3037066938394346,-0.4809264947938775
357,25.715005337463595,7.476948686502283e-05,0.7712521453704891,-0.0914050093653701,-0.04342500649793089,2.1669567786606865,0.0064864556242015484,1e-05,0.28596847210163895,5.351288638782251,0.008175415434875469,0.005003680806921041,0.11291862524145078,0.0016782749961805395,-0.010628444239708323,17.784076952865806,3.483037922297103,-4.010528013690441,1.2126037972148485,-0.3206428085245611,0.0028909812096612666,1.3039823823770873,-0.481130292889534
358,25.715043734440265,3.839697667018527e-05,0.7714878245787125,-0.09151198026484508,-0.043437299638327806,2.1668082235536574,0.006487635264175081,1e-05,0.28600279880231416,5.351426663330586,0.008174338797883117,0.005002481170303232,0.11292395888558993,0.0016779935493322626,-0.010624291076777316,17.779274441381574,3.4837343789137565,-4.010892587943091,1.212483174426331,-0.3205358343945404,0.002891600604085908,1.3040649983606867,-0.48122855313572666
359,25.71506760164886,2.386720859703928e-05,0.7717039939583504,-0.09163051305261358,-0.0435043072404309,2.166833811576865,0.0064888604495961675,1e-05,0.28602543198819447,5.351544561801802,0.00817186607874278,0.0050015703247320836,0.11293060570928998,0.0016782054717694836,-0.010624904559579621,17.777748918515105,3.4873274745099554,-4.01219926651852,1.212499529192885,-0.32055828797899777,0.002890236387401325,1.3041905853312037,-0.4812641495668562
360,25.715106901533602,3.929988474027368e-05,0.771762333294678,-0.09156029425800788,-0.04372604559185812,2.1670541943988986,0.0064905049754008706,1e-05,0.2859885459082316,5.351435911233564,0.008169067146596818,0.005001801188868801,0.11294378699469468,0.0016777758859356099,-0.010633938200065507,17.78628369762961,3.4990377674214383,-4.013183444336374,1.2122038556388506,-0.32030450437699115,0.0028908461779266954,1.304403759263777,-0.4815567573500221
361,25.715117279510544,1.0377976941811085e-05,0.7716666925443169,-0.09148406950455325,-0.04380180787337487,2.167210195345393,0.006490382632046653,1e-05,0.28595728460827574,5.3511994269423555,0.00816870863841785,0.005002460433601983,0.11294394576022691,0.0016777515466386093,-0.010638401185767327,17.792547489142464,3.5050852469073654,-4.013181325653558,1.212063731330021,-0.32014872916221054,0.0028914341477888866,1.3044681392996982,-0.48162305076468925
362,25.71513991053574,2.2631025196062637e-05,0.7712790308076644,-0.09127541766904854,-0.04396611495225159,2.1678910011441164,0.006489644214220399,1e-05,0.28585821727600336,5.350458287308493,0.008167133437954987,0.0050049608948492036,0.11294332917067532,0.001677979600251882,-0.010653582501118966,17.815134829443437,3.5293145314542347,-4.0136574200029225,1.2117528658079724,-0.31979985929154436,0.0028908597231325638,1.3046201468798688,-0.48176732771969494
363,25.71516441079122,2.450025548128565e-05,0.7718457585643393,-0.09163854226075174,-0.04371095109686821,2.1674567158755833,0.006489433311789496,1e-05,0.28594293627655865,5.350598065853552,0.008167427411930286,0.005002109455103957,0.11293137605713605,0.0016788989879788882,-0.010643444756575892,17.801546131863695,3.5304993015067097,-4.013244599905508,1.211370304518978,-0.3193702428263041,0.0028943808654228625,1.3044878493805325,-0.48157722405835907
364,25.715209103192425,4.4692401203860754e-05,0.7717684356390029,-0.09171838364273534,-0.04362210097731274,2.167693519410637,0.006488486452814595,1e-05,0.2859152455586283,5.35040267546351,0.00816783791514682,0.0050023557168144715,0.11292603240897431,0.001679170499447992,-0.010652411062885421,17.80863398801293,3.543382255856563,-4.014697913145736,1.2111605705586077,-0.31921558371548225,0.0028935347927985912,1.304429086695774,-0.48153994345113116
365,25.715319266487846,0.00011016329542101744,0.7718194894989632,-0.0921295498256153,-0.043296777370387944,2.1681558367495564,0.0064868264773078645,1e-05,0.2858874422057237,5.35049948063659,0.008170633068956738,0.005001490674853409,0.11291731714209473,0.0016789291656483835,-0.01068057407879024,17.819615576302144,3.5777197327767083,-4.018209957810357,1.2107301758512474,-0.3189578757053635,0.002889393467901274,1.3041347994985406,-0.48125994280557477
366,25.715384241640578,6.497515273196086e-05,0.7719617632161011,-0.09243864054991785,-0.04317438273555084,2.168708189891406,0.006486449928881186,1e-05,0.2858698647630343,5.350749313359317,0.008172212190595295,0.005000905661889195,0.11291659857070598,0.0016786767438549826,-0.010707816918096231,17.831295692497545,3.615778983930209,-4.020587959210206,1.2103716697285223,-0.31876574817957337,0.0028844363146815254,1.3038690982253371,-0.4809783417439585
367,25.71547668904597,9.244740539315899e-05,0.7721490111407004,-0.09262040852311262,-0.04321242620686341,2.1698016120901116,0.006486951496472072,1e-05,0.2858538487188862,5.3512462078873995,0.008173658708336565,0.0050007476754630065,0.11292375909057238,0.0016787046954154959,-0.010751091535129135,17.850186606812464,3.6757296897376635,-4.024910277486787,1.2105116600436876,-0.3189244934532167,0.002869766715146939,1.3034528192674264,-0.4805463348048038
368,25.715563230399646,8.654135367436311e-05,0.7728938097371948,-0.09304760182372128,-0.043588956740835134,2.1705081025930384,0.006488966740907946,1e-05,0.28594487503632715,5.351988416939038,0.008176205557444532,0.004997481166159789,0.11292490725716363,0.0016784897240780762,-0.010788688090609146,17.851455819369242,3.7456614887259647,-4.02372766051906,1.2102732958190796,-0.3191962737775072,0.0028533233982561213,1.3027954987527075,-0.4797764927534029
369,25.715663143822972,9.991342332682507e-05,0.7729460722805725,-0.09280074382409115,-0.0437488276354973,2.170494511764165,0.006489428092578402,1e-05,0.2859549153553646,5.351982184151981,0.008176602790008822,0.004997545477190384,0.1129250256717578,0.0016783199604351903,-0.010787580658837207,17.84805139348292,3.745327600735917,-4.0249912851700795,1.2106265841725066,-0.31933383143981925,0.002850201980723633,1.3027453328844416,-0.47975922003500815
370,25.715720015852025,5.687202905235722e-05,0.7731277145013721,-0.09253838700305686,-0.044154119799304115,2.1706572049308575,0.006490435970758778,1e-05,0.2859605885133378,5.351743245750532,0.008176266614164304,0.0049970907446242295,0.11292259416290625,0.0016780405360255837,-0.01079504121025286,17.84727847030806,3.7653069521264078,-4.026463119369093,1.2107114814784063,-0.31928572609598327,0.0028447911507593023,1.302695615239668,-0.47966034390453766
371,25.7157402221905,2.0206338476214114e-05,0.7730842422180518,-0.09236752808558607,-0.04427626113486161,2.1707498374327017,0.006490323335152842,1e-05,0.2859497721947646,5.351528127349157,0.008176062651294874,0.004997256900847376,0.11291825574571708,0.0016778642383595255,-0.010797988529110899,17.84732122427798,3.7724294543057635,-4.026422784213293,1.2108095188164778,-0.31936659913294446,0.002841751757901568,1.3026137135648423,-0.47968885617463397
372,25.715770662636803,3.0440446302293367e-05,0.7731079894763082,-0.0922811833474606,-0.04440050713209857,2.1707049082966083,0.0064901639302013675,1e-05,0.2859486066207891,5.35125498788552,0.008175857198168596,0.004996873431414856,0.11291112270226929,0.001677733993785148,-0.01079832494918198,17.844625393041632,3.778249691120286,-4.026458266517309,1.2107374578956913,-0.3192982192220444,0.0028406118346569593,1.3026015281349634,-0.4796668917197256
373,25.715872924730498,0.00010226209369434969,0.7730572678385437,-0.09205075663209356,-0.04471348887055615,2.1708699304802574,0.006488375073162054,1e-05,0.2859206856297346,5.350266196006537,0.008175922565363765,0.0049954602752747095,0.11287638742191215,0.0016772418883089035,-0.010815863323203003,17.83930929957091,3.823310196341066,-4.026354600689385,1.2104858030251768,-0.31909248861227835,0.00283109439954568,1.3023788639551912,-0.4794186404763956
374,25.715921568247424,4.864351692646096e-05,0.7728938663902186,-0.09199024850362195,-0.04474966569059732,2.1711408133730092,0.006487103991621166,1e-05,0.28589080678963785,5.350123405294607,0.00817656440858888,0.004995194585942359,0.11286076815470525,0.0016771313331711826,-0.010833703902209044,17.839387421398225,3.85727233516953,-4.026285733532793,1.210472827133471,-0.3190817181394569,0.002824509685326067,1.3022087618535894,-0.47926226817311385
375,25.715993196652576,7.162840515206881e-05,0.7727106499704782,-0.09200768715170077,-0.0446918380418759,2.171256505447064,0.006485996292400959,1e-05,0.2858595185865246,5.35055556815763,0.008177967790020522,0.004995273266385419,0.11285270612567987,0.0016773402750375206,-0.01084972864766972,17.836237224588302,3.891249702897762,-4.025020305785596,1.2104228969805046,-0.31896104832305094,0.0028239051694067406,1.302158502768342,-0.47924681377331363
376,25.71613339792119,0.00014020126861424842,0.772512206266334,-0.09213811544903776,-0.044763768807823255,2.171167633638982,0.006484561190915802,1e-05,0.2858320921745415,5.35203597498338,0.008183273405398536,0.004995574475513847,0.11285107392602096,0.0016776211700710066,-0.010881263928159022,17.81865173989442,3.9752841439050006,-4.024369579370084,1.2101352930729328,-0.31866799181045596,0.0028351608606915196,1.3022786262588164,-0.47961210678144933
377,25.7163020880014,0.00016869008020847787,0.7725453840933892,-0.092312878781373,-0.04478888592383994,2.170869567961527,0.006483485706415525,1e-05,0.28581361258949495,5.353707333069782,0.008188866931454389,0.004995695806222037,0.11285495394913146,0.0016782170419993437,-0.010911786170462179,17.797006458324145,4.06723016157773,-4.015477296819278,1.2096634230107255,-0.3178511241505654,0.002855574122731075,1.3026741641283095,-0.4800056309348117
378,25.716412777855282,0.00011068985388362762,0.7725867053142091,-0.09231456200682818,-0.0448498962276226,2.1704309790821465,0.006483743327588145,1e-05,0.28582946902135675,5.3543627031772845,0.008191857652361608,0.004997026122930303,0.1128753516142373,0.0016783954145595963,-0.010910564738330087,17.784123099295797,4.0864453538971945,-4.012298149465422,1.2095888898643614,-0.31756893395752916,0.002876536142162529,1.303216941086931,-0.4805951810751188
379,25.716517277598324,0.00010449974304194143,0.7727866823126892,-0.09227388582302035,-0.04496898563603664,2.169854593668995,0.006483717606056759,1e-05,0.28589015890473085,5.353673360774373,0.008194971909333961,0.004998736790783698,0.11290116293047002,0.0016783419350303438,-0.010900495497359332,17.770923536279003,4.092528725815469,-4.008448668364009,1.209513804937604,-0.31743781418550365,0.0029053924093255337,1.30403329807148,-0.48137585532560107
380,25.71657540513126,5.8127532934548753e-05,0.7726407039850239,-0.09213121824501515,-0.044970643607138185,2.17001609507574,0.006481988345358233,1e-05,0.2859330676029318,5.351974049795226,0.008196464177845208,0.005000266868581816,0.11290769909116061,0.0016783283794664294,-0.01091221747423944,17.7690146406241,4.12481667313619,-4.005619574947014,1.2098733250711757,-0.3178480006905048,0.002916131847851982,1.3044799952349226,-0.48174870492702787
381,25.71659072023038,1.5315099119561637e-05,0.7726730234781065,-0.0920246672319603,-0.04501140466245096,2.1701704805474127,0.006481288061450633,1e-05,0.2859408876926031,5.351122504323998,0.008195844074690125,0.005000129790281313,0.11290391965433566,0.0016783129372604489,-0.010922675132249123,17.76779598713621,4.152739040810459,-4.006104481107371,1.210029825285108,-0.31793896581371756,0.002919121403944168,1.3046411834990224,-0.4818585709118241
382,25.71661351201089,2.2791780512676496e-05,0.7726372613738103,-0.09201665658752982,-0.04498431975786009,2.1703907711508665,0.006481191930235236,1e-05,0.28595284211062894,5.350383647389135,0.008193920498087353,0.0050000640909760394,0.11290372136180933,0.0016783164134920115,-0.010924962275778325,17.77286468730386,4.153838763309991,-4.00575328018461,1.2102097855497311,-0.31825375491148805,0.002917277286372421,1.3046633275146458,-0.48183177281718265
383,25.716635147420945,2.163541005373304e-05,0.7726458718164457,-0.09203500141667045,-0.04495414225833472,2.170703545924323,0.006481478919650965,1e-05,0.28596233314979413,5.349633105897407,0.008190297231892678,0.004999452467907809,0.11290340152035437,0.0016783780196541873,-0.010931374139022697,17.778536270086313,4.166438421439374,-4.0058111428962135,1.2104434769246832,-0.3185968955638754,0.0029164142528938664,1.3047364771659706,-0.4818218519679022
384,25.716642424316518,7.276895573227193e-06,0.7726707288906672,-0.09202230274185393,-0.04493724920289606,2.1708615064269576,0.006481822167551159,1e-05,0.28596282107414184,5.3493631032919655,0.0081881367530641,0.004998953553183487,0.11290204145798635,0.001678356647848408,-0.010934094980610345,17.78152469263744,4.172034964749915,-4.006293326869874,1.2105609945543818,-0.31874559622765974,0.0029150691487954427,1.3047101020471723,-0.48183495592368514
385,25.716656898578357,1.4474261838870461e-05,0.772727957801102,-0.09208524932363644,-0.04492541425431579,2.170986946413589,0.006482754432291299,1e-05,0.28595821751024164,5.349501847292939,0.00818519554667162,0.004998107607790232,0.11290300675167086,0.0016784211717566426,-0.01093621564083282,17.784039024379442,4.17838008700236,-4.006840360073072,1.2106302289586666,-0.31881671346354773,0.002914889523316703,1.3047297520162313,-0.48181642153570436
386,25.71667068398596,1.3785407602995292e-05,0.772759440300323,-0.09223928161088783,-0.04492289292759083,2.1712122037843993,0.006484357425203674,1e-05,0.28595156259804844,5.350156644428589,0.008181008334994098,0.004996787516626471,0.11290950714066728,0.0016786389864974704,-0.010951995333311296,17.782626110816643,4.226124571162356,-4.005394849599786,1.2107709371590873,-0.3189114898370437,0.0029227635298620437,1.3049523175974633,-0.4820310636253425
387,25.716687945967458,1.7261981497540546e-05,0.7727058294920032,-0.09219169001837099,-0.04492919481176455,2.1714594667291736,0.006485383828673688,1e-05,0.2859609769040024,5.350149445920531,0.008179560307754609,0.004996428166806978,0.11291260667848335,0.0016784948814320163,-0.010957902373184763,17.78612692640702,4.2427084933029455,-4.005195591893173,1.2111538750235549,-0.31917339097499675,0.002922761146493614,1.3050054138882052,-0.482046569313145
388,25.716703441159613,1.5495192155157156e-05,0.7725538795308597,-0.09210360265742072,-0.044962361926858235,2.1714990616269754,0.006485941026312553,1e-05,0.285965498568943,5.350501034034044,0.008181477042986742,0.004996987422261968,0.11291651768675236,0.0016782856643158782,-0.010955670100902455,17.787673563044596,4.238822224371545,-4.006333140418587,1.211393115477767,-0.31935853036338213,0.0029210808340312325,1.3049454143683752,-0.48205498118777707
389,25.716711917240907,8.476081294617188e-06,0.7724980055370756,-0.09206338328991333,-0.044991178201111676,2.171497341875349,0.006486088882632764,1e-05,0.2859561467237425,5.350846173763456,0.008182491362845918,0.004997186788768825,0.11291807726818377,0.001678351554245275,-0.010956668932332714,17.786889202811224,4.244120135469441,-4.005420054619666,1.2114345793186292,-0.3193952985622421,0.0029215731349187288,1.304932604257544,-0.48205709087387305
390,25.716718519634625,6.602393717969335e-06,0.7722977668693569,-0.09194430752522333,-0.04511374618209452,2.1717480381921175,0.006487266304989743,1e-05,0.28592131981460583,5.351939007784244,0.008183080010415325,0.004997075023725682,0.11292487092979445,0.001678648034689688,-0.01097207656626538,17.785223385588267,4.29651404013085,-4.002423894364788,1.2117743986482643,-0.31974278200267503,0.0029265716406071114,1.3050156079296151,-0.4821846307760071
391,25.71672614877012,7.629135495790251e-06,0.7722891603997621,-0.09190278130830784,-0.04513585271639138,2.171870753817457,0.006487380664568684,1e-05,0.28591807411066106,5.351725945378659,0.008182076976312035,0.004996833144984934,0.11292396290364665,0.0016786324365302685,-0.010975185791641709,17.78685484208616,4.305632944102287,-4.00277887949008,1.2118919663161964,-0.31987102998617467,0.0029261017261976515,1.3050293680011662,-0.4821705744932781
392,25.716730547151307,4.39838118637681e-06,0.7723893349142594,-0.09179780918905847,-0.04514540896215436,2.1720493865706536,0.006486600716136031,1e-05,0.2859196979373337,5.350247596202883,0.008178969404984276,0.004996259377263314,0.11291381686619742,0.001678318696043986,-0.01097026480312304,17.79390944079079,4.289339869983562,-4.006622009107127,1.2119770460939023,-0.3200117652997771,0.002918318735090739,1.3049119358934596,-0.4819348642954048
393,25.71674290819761,1.2361046302089562e-05,0.7723106092500801,-0.09178873934581344,-0.04518633641006727,2.1720541539275975,0.006487085715026544,1e-05,0.28590284680285777,5.351020451144862,0.008179905214948477,0.0049963204058953445,0.11291775582626169,0.0016784776614027733,-0.010975388264903477,17.791236570133535,4.308759050161705,-4.004941206867263,1.2120104049574938,-0.3200317970510042,0.0029214752880980404,1.3049381061580434,-0.4820113486067179
394,25.716748203378472,5.295180862674442e-06,0.772267104486609,-0.09174870351301222,-0.04521798641967315,2.172100667615032,0.006487152310875559,1e-05,0.28588958143804566,5.35119751249184,0.008179926307722733,0.004996285344372809,0.11291800916296027,0.0016784862513489728,-0.010977257774966701,17.791258138136847,4.318042629776674,-4.004718598631963,1.2120541221059935,-0.32007792918219874,0.002921365477218158,1.3049038308143643,-0.48198734336990423
395,25.71675979808561,1.1594707139295224e-05,0.7720528544975763,-0.09153414991699056,-0.04537748174600931,2.172429135246395,0.006487587781297591,1e-05,0.2858254819157145,5.351849684951877,0.008178963908182017,0.004995886245136318,0.11291856205660727,0.0016784635246398988,-0.010988551711889788,17.792893892457336,4.3703625319600645,-4.004166001968894,1.212360368440159,-0.3203883147078246,0.0029203233871304152,1.3047349241173296,-0.4818591488339795
396,25.716773789678356,1.3991592744844183e-05,0.7720708444729001,-0.09159656997082691,-0.045315501577941224,2.172318951510932,0.006486965712860775,1e-05,0.2858432008887178,5.351528548592936,0.008179478734170735,0.004996247184582752,0.11291709104747956,0.0016783129661661045,-0.010983087977010055,17.79272094921756,4.355863827130097,-4.004890674760886,1.2122128024257701,-0.3202211802708679,0.002918948118695462,1.304670154597506,-0.4818044136971999
397,25.716802137633,2.8347954643237472e-05,0.7720543810930254,-0.09163273234028643,-0.04518326902383454,2.172295853165185,0.006485307642656575,1e-05,0.28586567173524097,5.350554618931472,0.008178954175362378,0.0049969165341251925,0.11291045473449464,0.0016778478839981177,-0.010974169625161994,17.795523285512232,4.350465505038049,-4.007698566240306,1.2119799370580986,-0.31994381090283547,0.0029126447320488255,1.3042938748119541,-0.48152792533833666
398,25.716817863998386,1.572636538682559e-05,0.7719171166167084,-0.09161466704971848,-0.045167260414595414,2.172255142533792,0.006484451746699539,1e-05,0.2858606663248079,5.350639664178141,0.008180628199051295,0.004997798545488185,0.11290859905060663,0.0016776761604154306,-0.010968743873230205,17.79585791734085,4.356108728304361,-4.0085904107310055,1.2118504874649154,-0.31978450505211253,0.002908817066615474,1.3040367343102455,-0.48124898288011736
399,25.71682868472643,1.0820728043370309e-05,0.7718819739376642,-0.09157715105589898,-0.045166151243991357,2.172341728973861,0.006484338968369588,1e-05,0.2858528616141263,5.350655704002726,0.008180237684840648,0.004997886988505083,0.11290733528918401,0.0016776580532785325,-0.01096980723299232,17.79693020338745,4.370791081132535,-4.009153515003349,1.2118564723316678,-0.3197987291123131,0.0029074442576013577,1.3039111211904177,-0.4811556849435809
400,25.716858909228826,3.022450239598129e-05,0.7718361801017563,-0.09151030681086633,-0.04515431897543932,2.172516841807283,0.006484441657094354,1e-05,0.28584084658603914,5.350997287514298,0.00818009215205539,0.0049983279025438455,0.11290543286664467,0.001677843150413271,-0.010972003187206907,17.7987162723438,4.406983822075149,-4.010214859262376,1.2118235968065185,-0.31981941313353,0.002905419672472604,1.3036645903620625,-0.48094301553149665
401,25.716913405486856,5.449625803066738e-05,0.7718485337320685,-0.09142199798236518,-0.04510494763346355,2.1728417664483173,0.006484887947112647,1e-05,0.2858355310394192,5.351568926163413,0.008180062663178882,0.00499936593036951,0.11290107544060216,0.0016782645182751772,-0.010974493572687585,17.802697157159372,4.472041501330916,-4.012315360468827,1.2117160398849507,-0.31985172540004553,0.0029020273581672968,1.303262761822824,-0.4805344718979094
402,25.716966319915652,5.29144287959582e-05,0.7718870771170733,-0.09127494262592344,-0.04501272033446622,2.173578249812428,0.006486152454751745,1e-05,0.285825070713539,5.3529145225343715,0.00817965136366681,0.005001438058999299,0.11289326546342596,0.001679017310399234,-0.010982925888413167,17.810811105718397,4.621151542177396,-4.016740447587273,1.2115375758281761,-0.3199416760955976,0.0028967871312622065,1.3024754384382993,-0.4797345639057805
403,25.717012041457515,4.572154186277544e-05,0.7720807222677719,-0.09145781340125068,-0.0449693260164249,2.1735677926304335,0.006486211367229571,1e-05,0.2858457883225509,5.352816950091021,0.008179254056002085,0.00500159068532202,0.11289165992573058,0.001678653049456335,-0.010982496396004397,17.810262369224528,4.635404860319519,-4.017875288470357,1.211346706352117,-0.3197499565116943,0.002899814673513913,1.3025480114544896,-0.4798062188111511
404,25.717089963367727,7.792191021138706e-05,0.773076677500832,-0.09224794662947125,-0.04473495720301504,2.1740980582019276,0.006487624337476737,1e-05,0.2859364463293689,5.35327298160723,0.008177340292033758,0.005003627067327538,0.11287928173253431,0.0016774332312181376,-0.010989196545700604,17.813291945937785,4.821807530963886,-4.0230603714172055,1.2104499145169474,-0.3188988124888607,0.0029127907200782468,1.302491608881831,-0.47963100849913864
405,25.71712888728675,3.892391902482473e-05,0.7728400833753816,-0.09215107387774137,-0.04483392388892265,2.1738659477024895,0.006486675175864249,1e-05,0.2859188845684281,5.352678402403148,0.008179215752875868,0.005002893580047877,0.11288318737417372,0.001677935589683339,-0.010986067958754292,17.810791241543026,4.769489675289282,-4.019179195287073,1.210665789702446,-0.31902871005747474,0.002911887704183327,1.3027386722015233,-0.4798919951454692
406,25.71717893748989,5.005020313930686e-05,0.772470101866128,-0.09185793395870304,-0.04499612366965591,2.174052911398176,0.006485385208044817,1e-05,0.28586227607426556,5.351582085300705,0.008180085283974813,0.005001582538145762,0.11288439518071142,0.0016792282710395596,-0.010991197013991412,17.81279564681252,4.779761598684809,-4.018463850175198,1.2111195881554122,-0.31945506175942345,0.0029077496865136487,1.3029444468199185,-0.4801485877629441
407,25.717257277167604,7.833967771375683e-05,0.7723404800883741,-0.09197194164704331,-0.04512150542108789,2.1740923493628217,0.006483631396512155,1e-05,0.28584358546639654,5.350576575387429,0.008185383309255945,0.005001307003427284,0.11288935902701863,0.0016788221923149606,-0.010990840337862722,17.81079319965698,4.833567492726716,-4.01193464258105,1.2111344299345346,-0.31935433856824574,0.0029113248389550928,1.3035372306132789,-0.4807193997415539
408,25.71736052273051,0.00010324556290441933,0.7723018331854833,-0.0920499836573945,-0.04515506163975328,2.1746340329030307,0.006482077996425615,1e-05,0.28581520849446457,5.349871334756484,0.008190249788049157,0.005001850676623525,0.11289317693351093,0.001678190992356357,-0.010996121675960355,17.813513485649604,5.007410303597172,-4.008972482030234,1.2110059644827416,-0.3191074351019618,0.0029134864292475354,1.3039669667543683,-0.48111547935725973
409,25.717449395982406,8.887325189732564e-05,0.7721837148518625,-0.09221719558704171,-0.04523133018500528,2.1756998537127705,0.006480283287737709,1e-05,0.28577204043065224,5.3492115955077235,0.0081946530830245,0.005003185698162903,0.11289726671135557,0.0016772384611036398,-0.011006545490009456,17.820933450728333,5.314517794904298,-4.007512427592284,1.2105680958360905,-0.3187994655485948,0.0029139190464985126,1.3042847248387432,-0.4813544486522262
410,25.717531870422476,8.247444007025706e-05,0.7723588390768397,-0.09228922992400272,-0.04515473309098029,2.1770477472108434,0.006479354271168523,1e-05,0.28574010040314934,5.348532535499113,0.00819674501758664,0.0050043967116045465,0.11290245613645514,0.0016764049795284519,-0.011022207242214206,17.831300362695277,5.673278946266548,-4.008593393197434,1.2102014747837242,-0.31839569605076873,0.0029158322770991584,1.3045830504401776,-0.4818198359138424
411,25.71759741728644,6.554686396498255e-05,0.7722782765315224,-0.092125929415093,-0.04511946195747826,2.1771155749388007,0.006480282201115912,1e-05,0.28573586651018257,5.349281735781838,0.008194113702780404,0.005004843481568356,0.11290077273244717,0.0016769598995382924,-0.01102186768110564,17.833821036707327,5.659727330654193,-4.012058008051474,1.2102105514069976,-0.31849796676944486,0.0029106543859770875,1.304183675527524,-0.48129702315638795
412,25.717636233353034,3.881606659206227e-05,0.7721733466455822,-0.09198570549086477,-0.045094740595441066,2.177718903029224,0.006480743803319156,1e-05,0.28571317425731774,5.349786352131657,0.008192415518400668,0.00500579192860142,0.11290305142139688,0.0016772427977078078,-0.011027257790513993,17.840366885350775,5.79204306502735,-4.014924532330296,1.2100511711528446,-0.3184570393390553,0.0029055356053926213,1.3039099547265813,-0.4809603778556079
413,25.717646067202274,9.833849240692416e-06,0.7720792625979714,-0.09187027167904015,-0.04507595817088352,2.1783064805158943,0.006481050691645506,1e-05,0.2856910099305484,5.350179495227897,0.0081911864394553,0.00500667830334612,0.11290536322825116,0.0016774444841630215,-0.011032631320809986,17.846487026504676,5.924981871986461,-4.017290972945689,1.2098944475335183,-0.31840280503978063,0.002901176381282007,1.303695230935721,-0.48069225038437313
414,25.71768335167187,3.728446959527787e-05,0.7719306357106753,-0.09175677589078234,-0.04514363143859999,2.1784107847459375,0.00648147808763818,1e-05,0.28567533083216,5.3504092979713995,0.008189833776586074,0.005006678064971965,0.11291119768026137,0.0016781332604431584,-0.011032810020854676,17.84777348190582,5.948056911054249,-4.01614794744284,1.209920957506736,-0.31838326553594337,0.0028988092739783617,1.3036659824124668,-0.48069194557013384
415,25.717738571032477,5.521936060759458e-05,0.7716405472271326,-0.09157633277073812,-0.045329244576933485,2.178422356021998,0.00648244075709274,1e-05,0.2856498623841448,5.35068284041143,0.008187429765673312,0.005006242130596044,0.11292793004491009,0.0016793344216935316,-0.011030567506580696,17.847814505491975,5.96487030059208,-4.0127992349001325,1.2100518587845037,-0.3182244603924866,0.002896687832062202,1.303896241811272,-0.4810175568278476
416,25.71776867917381,3.0108141331197658e-05,0.7714984740335841,-0.0915633984903772,-0.045461078143114494,2.1784824982383286,0.006483007480996613,1e-05,0.2856370103773515,5.350832341774644,0.008186621369019109,0.00500619888792906,0.11293923502398828,0.0016793765198344019,-0.011029018039416607,17.847753480041327,6.005361001856262,-4.011092249702989,1.2099981806254811,-0.3180455160648512,0.002897115676831232,1.3041472530472578,-0.4813418269411528
417,25.717789901894655,2.1222720846481025e-05,0.7710925344089157,-0.09141774949580751,-0.04589264564468285,2.1792846815227014,0.00648525718879168,1e-05,0.28555340995853,5.351261660881765,0.008183315514957415,0.005006569521904151,0.11298053822936782,0.0016789239050376999,-0.011029032043424172,17.852505142967424,6.310053667384153,-4.007260714326482,1.2096767490899927,-0.3172598131219061,0.0028998400212913978,1.3053690485649267,-0.48263829603451086
418,25.717821523568176,3.162167352144252e-05,0.7710612026377885,-0.09143047463041275,-0.045871689840307685,2.179181856747308,0.006484697754511912,1e-05,0.2855466869996385,5.351261527553174,0.008185057164546258,0.005006904890569229,0.11297258677614719,0.0016782551731625987,-0.011026768200332538,17.851735244757553,6.288096108826779,-4.005651340735044,1.2095592711534755,-0.3174628296209047,0.002899571240154167,1.3052066705729937,-0.4824627571210519
419,25.717833929437184,1.2405869007636738e-05,0.771306624600653,-0.09149598472203119,-0.045688665832535384,2.1788830281880145,0.006483829728656905,1e-05,0.2855733859626884,5.350887819100391,0.008186735047180798,0.005006679324057168,0.11295614484512638,0.001678014007951226,-0.01102656679049793,17.84951852793354,6.188069885172901,-4.00743225748095,1.2096951593057035,-0.31770366696291924,0.002901153948768755,1.3049704026956677,-0.4821538893000037
420,25.71784834726668,1.4417829497404e-05,0.7712886191425061,-0.09143928512317857,-0.045674782937465845,2.1788763306273835,0.00648397707138614,1e-05,0.2855651276611438,5.350825262396336,0.008186598081333561,0.005006850382295167,0.11295537752362245,0.001678102310381344,-0.011024322750635338,17.849676944371755,6.202332205138834,-4.007454132541967,1.2097373596688183,-0.3176928706012406,0.0029024157866489094,1.305044726909471,-0.48222753460867734
421,25.717861913601247,1.356633456595091e-05,0.7711982090174407,-0.09125455170596981,-0.045656581096808084,2.178949472162826,0.006484542366747193,1e-05,0.28553416135544946,5.350698935281225,0.008185951991936983,0.005007476268547848,0.11295541137658463,0.0016783610624802965,-0.01101802082463149,17.850938298945003,6.27267266450363,-4.007431781714035,1.2098274555725916,-0.3176190562608079,0.002905874346886727,1.3053023518213687,-0.4824854445274053
422,25.71788748838511,2.557478386222556e-05,0.771114821882162,-0.09120941589531806,-0.04565661022662414,2.178809379563781,0.006484242580315146,1e-05,0.2855188798029932,5.35036016898742,0.008187176514577598,0.005007813163015488,0.11295053420450368,0.0016783116337141962,-0.011011751145316178,17.849869104021188,6.2780089906121885,-4.00575974898901,1.2099030080934425,-0.31769137124092534,0.0029093077642247966,1.3054585612400622,-0.4826021428701538
423,25.717921463856143,3.3975471033897975e-05,0.7706732197165376,-0.09093790009162701,-0.04559531602570121,2.1783569491917367,0.00648295645018936,1e-05,0.2854511994767519,5.3490548835409655,0.00819183593410984,0.0050098864389785305,0.11293209206253674,0.0016782032129508007,-0.010982942992456664,17.847386165929795,6.354261519938645,-4.002201845602732,1.2101878315790924,-0.3180283047648172,0.002923703944003853,1.3059248902951768,-0.48314082454327123
424,25.717940100283066,1.863642692256917e-05,0.7704509573984807,-0.09074817708750449,-0.045571182900055074,2.1783008088751563,0.006483010470889773,1e-05,0.2854308799807303,5.349021456911187,0.008191097165884665,0.0050104416372389275,0.11292968936637138,0.0016791002734534949,-0.010976040748846713,17.848370515560873,6.369247948423261,-4.002837688529707,1.2103657167544588,-0.3181740595620077,0.0029242067414879773,1.3058772921079966,-0.4830051694794829
425,25.717962171961908,2.20716788419395e-05,0.770393332605809,-0.0907639098470224,-0.04560002308360251,2.178349119170804,0.006483265933397693,1e-05,0.28544880787841453,5.349479865960531,0.008189418976730976,0.005010167882279258,0.11293694753231553,0.001679520171886489,-0.010979692247638307,17.849149168405734,6.343944937695155,-4.00401615054219,1.2103461381072036,-0.3181712380372669,0.002919642235019866,1.3056034575358695,-0.482778332000861
426,25.71798719615921,2.5024197302769835e-05,0.7703176138399739,-0.09079042561428398,-0.04560210859927822,2.1783088419532777,0.006483426176584346,1e-05,0.2854773456879988,5.349970123865397,0.00818754967811634,0.005010154579096513,0.11294807037028183,0.0016787632401445596,-0.010978591297199443,17.84952624363147,6.323743537045984,-4.004761667184267,1.2103576733589816,-0.3181799091646702,0.0029172682225180376,1.3053419099971009,-0.482585000835504
427,25.71802694405733,3.974789811778123e-05,0.7700488499949406,-0.09062873818194213,-0.045536705607632025,2.1781310785531485,0.006483536242207721,1e-05,0.2854921171023377,5.350325765620896,0.008184898859174793,0.00501119917105108,0.11296362535690455,0.0016775441826095616,-0.010961951500417759,17.850480029923673,6.363431783507959,-4.004358703392806,1.2105549995620306,-0.3183067293006413,0.0029209188033425945,1.3052111994095945,-0.48251436971658085
428,25.71803832757337,1.1383516042684505e-05,0.7692513650348398,-0.09005367408974553,-0.04527857616139386,2.1775853722698844,0.0064837883578791515,1e-05,0.28550321521226146,5.350839149475352,0.008178402767424266,0.0050149994770571004,0.11299885266559212,0.0016745197152465152,-0.01090510032901047,17.853627579700063,6.537915545837036,-4.005220347671459,1.211176552737892,-0.31879316508967687,0.0029374679405090023,1.3051091119223128,-0.4825422230599559
429,25.718096134365766,5.780679239464348e-05,0.7697442701174524,-0.09026748395816207,-0.04520997296463967,2.1776363890259467,0.006484561290659562,1e-05,0.2855252990588015,5.350852713626671,0.008177467636762662,0.005013916754903949,0.11298798884406969,0.0016767599052979996,-0.010915698194941115,17.853488351207766,6.477429890384071,-4.008648754113439,1.210939157562509,-0.3188871178675125,0.0029347543055981023,1.3050352562259742,-0.48235498710771074
430,25.718112061226424,1.5926860658765918e-05,0.7700097568024394,-0.09035635889496624,-0.045167770475876785,2.1776823877322484,0.006484911443937972,1e-05,0.28552377667044987,5.350554307570183,0.008177652394519806,0.005013345604229858,0.11297734446754036,0.0016782818442148482,-0.010920667231721144,17.85346503011317,6.461083693327117,-4.007836998044395,1.2108815683701648,-0.3188899807047788,0.0029341489123846393,1.3051200829278438,-0.4823015994690348
431,25.718127209590385,1.514836396054875e-05,0.7701191067014311,-0.09047495158386606,-0.04512025046289574,2.1776251923911643,0.0064851839028033514,1e-05,0.2855320819092473,5.350187982122606,0.008177557375478659,0.0050134604906786956,0.11297586497470312,0.0016780988111157124,-0.010914139749103824,17.853342669243574,6.497703694164364,-4.007384598279876,1.2108787971754857,-0.31885588932491987,0.002937942464924809,1.3053199026380864,-0.4824618115911639
432,25.718136753113278,9.543522892840883e-06,0.7701228800310622,-0.09052898838158868,-0.04501962453016071,2.1775018716193246,0.006485639606096565,1e-05,0.2855392280800986,5.349757817466937,0.008176419374879089,0.005014084127483462,0.11297721692799184,0.0016780205568823956,-0.010898190332828414,17.85397568894018,6.572750620535146,-4.00690805702274,1.2109705305348786,-0.31888051514603993,0.002943995323092075,1.3055319025645855,-0.48265193867122425
433,25.71814893365392,1.2180540643669246e-05,0.770128641543073,-0.09060074746859077,-0.04488115623337325,2.177437087583259,0.006486024043879969,1e-05,0.28555188802763076,5.349575031862183,0.008174987974811967,0.005013669596294546,0.11297437295391431,0.0016789350311300312,-0.010891453083102114,17.854890340773096,6.589677727748463,-4.0092583587839785,1.211037565752172,-0.3188913258574792,0.002940409344121224,1.3053775080436931,-0.48259165071919813
434,25.718164315123133,1.5381469211206422e-05,0.7700736804029599,-0.09068991605247138,-0.044772669961649886,2.1773191274717734,0.00648630490706722,1e-05,0.28556366711562553,5.349343351730723,0.00817369374833939,0.005013609024007703,0.11297444066813685,0.0016789060722369044,-0.010879353393759401,17.855589842280914,6.631566788438298,-4.009357957167406,1.2110733043558877,-0.31895223723856947,0.0029397659262153787,1.3053501747298377,-0.48260023367433114
435,25.718184020008067,1.9704884934412803e-05,0.7699870288339513,-0.09073275971828229,-0.04462323753386174,2.17715692645581,0.006486547117640419,1e-05,0.2855725830912719,5.3492608749720825,0.008172022223921273,0.005013223547988034,0.1129753353693038,0.0016787259744244357,-0.01086258402266192,17.856847343038833,6.686170181349925,-4.009207264475394,1.2111352030943467,-0.31905705111141175,0.0029352063207632685,1.3052463353483659,-0.48247954815462774
436,25.718191107736395,7.0877283278036884e-06,0.7700920269754913,-0.09079317252733467,-0.04459746701802298,2.1771329720079833,0.006486533090495731,1e-05,0.28557104358588115,5.349124166553977,0.008172639074278173,0.0050127428657993425,0.11297126884446794,0.0016784857533482052,-0.010860428457496955,17.856785615848285,6.699611672000053,-4.008530688492385,1.2110686244832183,-0.319072226815307,0.002933019372006389,1.3052739271694733,-0.48252438446998797
437,25.718206725440464,1.5617704068660032e-05,0.7701516191387601,-0.09086050948944273,-0.0445125370154748,2.1770507803405588,0.006486554210258787,1e-05,0.28557348182262887,5.349101630270282,0.00817256101823805,0.005011776219386323,0.1129682079991784,0.0016781808355519217,-0.010852656757488557,17.857387266211667,6.726718779886582,-4.00853689772689,1.2110373334088393,-0.3191076291159241,0.0029256673187521795,1.3051938952690838,-0.48241302697601746
438,25.71824216694167,3.544150120760037e-05,0.770356048760312,-0.0909259987380706,-0.04443541733122314,2.1768820190104403,0.006486421732369737,1e-05,0.2855733227932531,5.349159787404338,0.008173782622692615,0.005009598340953786,0.11296237542419996,0.0016775202140769832,-0.010836944959680414,17.85854158950212,6.787893458690578,-4.009897880677326,1.2109953495944188,-0.3191645678829342,0.0029087399737099968,1.3050485553266615,-0.48219157094119636
439,25.718254534286576,1.2367344904617994e-05,0.7706485027371106,-0.09103013313963543,-0.04438588512624694,2.1766522822422476,0.006486531184238709,1e-05,0.2855881404028279,5.3490924964624185,0.008174871810045328,0.005007609209957326,0.11295959236135625,0.0016773711932628731,-0.010815547532142207,17.859720188998693,6.876829488877849,-4.011166770818261,1.2109767370797437,-0.31920165971634595,0.0028938994577494266,1.304963027180909,-0.4820580215726211
440,25.71825984744909,5.313162514397618e-06,0.7707468632154018,-0.09106694599160306,-0.04453196973570924,2.1766094356409162,0.006486579167636469,1e-05,0.2856076584528024,5.349199350376544,0.008175646468602762,0.005007482089364177,0.11296410041491511,0.0016782819319658693,-0.010815036846326289,17.859318068747676,6.8846429024739075,-4.011514485472852,1.210913944416158,-0.3191724591616052,0.0028916088884065917,1.3049397772933573,-0.482032838910283
441,25.718259847449254,1.6342482922482304e-13,0.7707468633481448,-0.09106694605283927,-0.04453196977235454,2.176609435510866,0.006486579167827233,1e-05,0.28560765847326125,5.349199350330258,0.008175646468881024,0.0050074820889411155,0.11296410041796115,0.0016782819324330765,-0.010815036835669256,17.859318068990238,6.884642950733053,-4.011514485761488,1.2109139444030503,-0.3191724591535488,0.002891608884370777,1.3049397772842986,-0.48203283889931264
