period,0001,0002,0003,0004,1001,1002,0005,1021,1022,1023,0006,1031,1041,1042,1051,1052,0007,1071,1081,1090,0008,0009,1101,1102,1103,1104,1106,1107,1108,1110,1111,1112,1113,1114,1131,1132,1133,0010,1141,1142,1143,1144,1150,1167,1168,0011,1151,1152,1153,0012,1161,1165,1166,1173,0013,0014,1201,1203,1211,1214,1221,0015,1252,1261,1271,1292,0016,0017,0018,1303,0019,1311,1333,1321,1331,1332,0020,1341,0021,0022,1401,1402,1403,1405,1406,1409,1407,1410,1411,1412,1413,1414,1415,1416,1417,1419,1420,1421,1430,1432,1433,1434,1435,1436,1437,1438,1442,1443,1444,0023,0024,1453,1461,1462,1463,1464,0025,1471,1472,1473,0026,1481,1482,1483,1487,1485,1491,0027,0028,1502,1511,1515,1517,1521,1533,1541,1551,1561,1563,1571,1581,1582,1572,1583,1584,0029,1594,0030,0031,1601,1602,0032,1611,1621,1631,1632,1633,1641,1642,1643,1645,1644,1652,1653,1654,1656,1655,1659,1657,1658,1660,0033,1701,1702,1703,1711,1712,1784,1714,1713,1715,1741,1721,1783,1732,1761,1782,1772,1781,1785,0034,0035,1795,1798,1791,1797,1862,1793,1792,1794,1796,1799,1863,1790,0036,1801,1811,1821,1831,1842,1881,1843,1844,1851,1852,1853,1871,1891,1812,1802,1813,1814,1892,1893,1894,0037,0038,1902,1911,1914,0039,1921,1922,1923,1924,0040,1930,1931,1941,1951,1953,1952,1972,1982,1984,1981,1983,1985,0041,2003,2011,2021,2026,2033,2041,2042,2012,0042,0043,2101,2103,2102,2112,2123,2121,2132,2133,2136,2142,2146,2164,2134,2141,2145,2135,2161,2144,2163,2162,2165,2171,2172,0044,2182,2183,0045,0046,0047,3000,0048,3016,3017,0050,3030,0051,0052,3101,3103,3104,3105,3106,3121,0053,3151,3176,3175,3178,3162,3174,3171,3172,3179,3185,3180,0054,0056,3500,0057,3600,3612,0058,3701,0059,3810,4610,0060,0061,0062,4003,4002,4011,4021,4032,4042,4043,0063,4063,4072,4075,0064,4092,4093,4083,0066,4115,4121,4141,4142,0070,4201,4211,4251,4271,4272,0073,0074,4301,4302,0075,4326,4331,4334,4342,0076,4352,4361,4362,4372,4373,0077,0078,4412,4413,0079,4431,4441,0080,4401,4402,4451,4442,4471,4403,4472,0081,0174,4501,0175,4521,4515,0176,4701,0082,0083,0084,5011,0085,0086,5101,5103,5102,5104,5111,5122,5121,5123,5131,5141,0087,5166,5167,5162,5168,5161,5163,5183,5169,5172,5181,5179,5182,5184,0088,5195,5196,5193,0089,0090,0091,5202,5211,5212,5221,0092,5231,5232,5233,5234,5241,5242,0093,5243,5244,0094,0095,5301,5311,5331,0096,5341,5351,5361,0097,5372,0098,5601,5611,5641,5631,5671,5652,0103,5501,5572,5521,5541,5571,0106,5711,5712,5721,5731,0107,0108,6001,6002,6012,6021,6022,6031,6051,6061,6062,6091,6003,6090,6096,0109,6141,6142,6101,6095,6181,6102,6182,6121,6161,6171,6172,6173,0110,6200,6221,6222,6223,0111,0112,0179,7527,7528,7530,7029,7030,0180,7008,7009,7010,0181,7050,7057,7060,7070,0182,7363,7364,0113,0114,7105,7106,7113,7115,0115,7201,7202,0116,7301,7311,7312,7313,7315,7316,7331,7335,7341,7342,7343,7351,7344,7353,7347,7350,7370,7390,0117,7401,7402,7410,7430,7433,7446,0118,0119,8001,8002,8010,8020,8030,8040,8060,8070,8077,0120,8110,8100,0121,8203,8201,8204,8205,0122,0123,9013,9034,9078,9079,9080,9081,9043,9051,9061,9062,0128,0129,9111,9121,9129,0130,9142,9141,9143,9144,9145,9149,9140,0131,9154,9156,9151,9152,9153,0132,9181,9182,9183,0133,9199,9172,9174,9193,9196,9185,9184,9190,9189,9195,9128,0134,0135,9204,9205,0136,9226,9230,0137,9261,9263,0138,0139,9300,0177,9305,0140,9328,9329,9326,9319,9313,9343,9320,0141,0142,9330,9368,9367,0143,9341,9342,9350,9353,9357,9361,9359,9362,9374,9372,9395,0144,9381,9397,9403,9404,9396,9188,9187,0145,0146,9504,9511,9521,9531,9532,9505,0147,0148,9602,9604,9611,0149,9621,9626,9627,9628,9622,9624,9623,0150,9631,9641,9650,9652,9660,9661,9690,9692,9670,9672,9680,9682,9625,9693,9694,0151,0152,9721,9722,9711,9731,0153,9741,9751,0154,9701,9761,0155,9799,9798,0156,9960,9928,9921,9951,9914,9901,9912,9931,0157,0158,0159,0160,0161,0172,0163,0164,0165,0166,0167,0178,0168,0162,0173,0169
1970,,,,,,,,,,,,,,,,,,,,,,,,,,,,,,,,,,,,,,,,,,,,,,,,,,,,,,,,,,,,,,,,,,,,,,,,,,,,,,,,,,,,,,,,,,,,,,,,,,,,,,,,,,,,,,,,,,,,,,,,,,,,,,,,,,,,,,,,,,,,,,,,,,,,,,,,,,,,,,,,,,,,,,,,,,,,,,,,,,,,,,,,,,,,,,,,,,,,,,,,,,,,,,,,,,,,,,,,,,,,,,,,,,,,,,,,,,,,,,,,,,,,,,,,,,,,,,,,,,,,,,,,,,,,,,,,,,,,,,,,,,,,,,,,,,,,,,,,,,,,,,,,,,,,,,,,,,,,,,,,,,,,,,,,,,,,,,,,,,,,,,,,,,,,,,,,,,,,,,,,,,,,,,,,,,,,,,,,,,,,,,,,,,,,,,,,,,,,,,,,,,,,,,,,,,,,,,,,,,,,,,,,,,,,,,,,,,,,,,,,,,,,,,,,,,,,,,,,,,,,,,,,,,,,,,,,,,,,,,,,,,,,,,,,,,,,,,,,,,,,,,,,,,,,,,,,,,,,,,,,,,,,,,,,,,,,,,,,,,,,,,,,,,,,,,,,,,,,,,,,,,,,,,,,,,,,,,,,,,,,,,,,,,,,,,,,,,,,,,,,,,,,,,,,,,,,,,,,,,,,,,,,,,,,,,,,,,,,,,,,,,,,,,,,,,,,,,,,,,,,,,,,,,,,,,,,,,,,,,,,,,,,,,,,,,,,,,,,,,,,,,,,,,,,,,,,,,,,,,,,,,,,,,,,,,,,,,,,,,,,,,7.7,,,,,,,,,
1971,6.3,6.0,2.7,0.5,,,10.8,9.9,14.9,,9.8,,10.8,,8.6,,6.2,7.3,,,15.0,18.8,18.7,13.4,4.3,33.9,-1.4,9.4,15.3,16.0,8.9,46.7,27.5,,8.7,15.5,,10.0,-0.4,10.4,1.4,,,,,6.4,8.9,5.6,7.5,15.0,11.1,,,,3.8,3.9,4.7,,3.2,,3.8,3.3,,2.4,,,5.6,9.2,9.7,,7.0,11.7,,5.5,0.2,,0.1,0.1,2.0,-4.4,-16.4,-1.8,1.4,-4.8,-15.2,,,,2.4,-34.1,6.2,-14.5,-8.0,-3.1,9.3,5.8,,,,,-12.7,5.4,-1.4,-1.2,-5.8,,,,,13.0,-0.2,17.3,-13.7,16.3,27.8,,15.5,14.3,18.4,13.3,26.3,36.0,1.1,28.8,,27.4,,-4.5,-4.7,7.6,-8.5,,,4.6,,13.6,9.8,0.2,,-1.6,-16.6,,,,,1.1,,6.3,2.1,1.6,3.9,7.0,0.0,8.8,11.3,3.4,4.4,13.6,7.1,3.8,,,9.6,5.1,,,,,,,,8.5,10.1,,,7.9,,,,17.3,,3.8,6.6,,13.3,0.1,5.7,6.5,25.4,,9.7,,,,,,,,,,,,,,9.7,17.8,5.0,9.6,,,,,,,,,,,,,,,,,,3.1,7.7,8.4,0.1,,3.5,3.5,,,,1.1,,4.2,,0.0,,,,,,,,,5.4,7.4,7.9,6.0,,0.0,,,,11.0,11.0,13.3,,12.3,,,12.3,,10.3,,,,,,,,,,,,11.5,,7.6,,,,,8.9,9.0,8.8,8.8,9.2,9.2,9.2,9.2,9.2,8.6,2.2,,,,,,0.4,10.1,13.8,15.3,13.2,,,,15.0,11.3,,,-1.8,3.5,-0.1,-0.1,2.8,-0.7,7.3,14.6,8.8,,1.4,,4.6,1.7,0.9,,0.3,9.9,-3.0,-3.1,,,-1.8,,-0.7,,6.2,,,,7.8,,4.8,10.6,,5.4,,2.2,8.2,,,7.6,8.3,12.8,7.6,7.9,,7.5,,14.7,7.0,-1.5,15.0,,,,5.7,6.4,,,6.6,-0.2,-0.3,1.1,,,1.3,,,,,8.6,18.5,18.5,5.3,,,,,9.7,11.1,14.6,17.4,9.9,9.7,13.2,,10.1,,,8.7,5.5,,3.3,8.6,11.5,,,7.7,,24.1,,,,10.5,,,10.5,,,,,,8.9,8.5,5.3,4.7,,,,9.5,,,,,11.6,6.3,,,,9.3,10.8,12.5,7.4,,4.8,,0.4,7.3,11.9,9.4,7.7,4.8,6.1,15.7,7.2,5.9,,8.0,10.5,,7.3,5.9,,10.6,13.7,6.4,14.6,,1.7,3.1,0.1,,,-0.1,,,26.7,16.9,,,,,,6.5,,,4.6,,,,,,,,,,0.8,0.8,,,,3.8,4.3,0.0,,,,,,17.2,,,,,4.4,,4.7,0.0,,,,4.1,1.3,,,,,4.3,4.3,,6.4,7.2,4.4,,,,,2.9,17.9,9.2,,,0.0,,,,,0.0,,2.4,,,0.3,,,,8.2,6.5,4.9,4.2,11.0,-0.4,9.7,0.0,3.0,,,14.7,,14.7,,,,,,7.1,-2.0,,,,,,,3.1,8.9,,,5.1,6.3,-2.1,7.0,,2.8,,6.5,,,1.7,,,4.2,,,4.2,,,9.5,10.5,8.5,,2.0,,,,,,,,,,,,14.6,15.0,,,10.5,,17.6,16.2,0.0,,9.3,8.4,8.4,,,14.5,,,,,,,16.7,3.1,0.0,0.0,,,7.8,10.3,,4.6,,,7.5,,,,,,2.9,,,,,,,,4.7,13.7,,15.5,16.0,,,,3.1,1.3,,,0.7,0.0,0.0,,,,0.0,,0.0,4.1,6.5,26.1,0.0,,,6.3,,,0.0,,-0.1,,,,,5.1,8.8,7.7,,13.4,6.1,1.9,0.7,-0.1,4.1,2.7,6.7,0.0,0.0,,0.8,,,,,,1.5,,,3.2,18.8,-4.4,-4.7,6.6,6.7,6.1,8.5,8.4,6.4,4.5,6.7,6.7,,,
1972,4.9,3.9,3.9,3.6,,,6.0,6.6,3.1,,3.0,,5.2,,0.4,,2.7,2.8,,,4.8,3.9,5.4,14.0,-6.9,-6.3,1.3,2.5,-16.0,14.6,7.3,-2.7,1.4,,17.5,4.9,,4.5,3.8,5.4,5.2,,,,,4.5,7.7,5.5,3.8,12.7,14.7,,,,5.2,5.6,7.2,,6.8,,1.6,3.9,,2.4,,,3.9,3.8,4.0,,2.9,0.5,,4.9,5.7,,4.0,4.0,0.5,-5.0,-21.4,-3.8,-24.9,-9.5,10.6,,,,-9.2,15.5,-13.5,-10.3,-6.4,17.1,-34.4,-5.5,,,,,37.7,-4.6,10.4,6.0,20.8,,,,,8.4,6.8,2.0,5.2,6.5,16.7,,6.8,6.0,8.8,3.8,11.0,19.9,2.9,4.9,,14.9,,0.2,0.2,9.9,-3.4,,,15.5,,6.3,16.5,0.3,,-3.5,-14.1,,,,,-0.1,,2.6,5.1,5.6,3.6,2.2,0.0,0.3,2.7,3.9,8.6,5.6,0.7,0.2,,,-0.1,1.2,,,,,,,,6.1,7.7,,,4.5,,,,10.1,,3.2,7.7,,8.6,-0.4,11.5,2.4,-0.5,,6.7,,,,,,,,,,,,,,6.7,30.6,3.8,3.4,,,,,,,,,,,,,,,,,,1.1,4.7,6.5,-1.1,,-1.2,-1.2,,,,-0.2,,0.1,,0.1,,,,,,,,,0.0,0.0,0.3,0.0,,0.0,,,,7.7,7.7,11.9,,10.5,,,7.4,,7.6,,,,,,,,,,,,9.3,,3.6,,,,,9.5,9.6,8.5,8.5,5.9,5.9,5.9,10.3,10.3,8.1,11.0,,,,,,2.8,7.5,6.2,13.6,8.4,,,,10.9,11.1,,,0.2,1.7,-0.3,-0.3,3.7,4.2,3.2,1.5,-5.0,,3.7,,1.6,-0.6,-3.3,,0.5,1.3,-2.5,-10.3,,,1.9,,0.8,,3.8,,,,3.5,,-0.3,9.7,,2.4,,-2.1,4.3,,,4.0,5.3,9.4,2.4,2.2,,1.4,,7.5,4.4,-0.9,4.3,,,,1.7,1.8,,,2.1,-0.4,-0.2,0.4,,,0.5,,,,,9.2,9.7,9.7,9.1,,,,,5.7,6.6,11.2,15.5,4.7,6.2,7.4,,7.5,,,6.4,4.4,,8.0,5.6,3.0,,,10.1,,2.4,,,,2.1,,,4.9,,4.5,,,,4.0,3.3,3.9,3.2,,,,5.7,,,,,6.7,3.6,,,,4.7,4.7,5.0,4.9,,4.2,,2.7,4.9,5.1,3.2,6.6,5.7,6.1,13.6,3.9,4.8,,4.3,7.2,,3.7,1.4,,8.4,9.7,5.1,17.3,,9.2,3.5,-0.3,,,-0.3,,,7.8,0.1,,,,,,8.5,,,10.9,,,,,,,,,,11.5,11.5,,,,3.7,5.2,0.0,,,,,,3.4,,,,,7.5,,17.5,3.9,,,,1.5,0.2,,,,,1.6,1.6,,2.4,2.0,1.8,,,,,3.7,4.2,6.5,,,0.0,,,,,0.0,,4.6,,,0.4,,,,7.4,9.1,6.5,5.3,13.7,4.6,12.4,11.6,5.9,,,1.1,,1.1,,,,,,4.9,-0.6,,,,,,,4.6,2.2,,,7.0,7.9,-0.3,7.0,,4.5,,5.3,,,0.1,,,6.1,,,2.3,4.8,,9.7,11.8,7.6,,9.1,,,,,,,,,,,,5.9,4.6,,,11.0,,9.2,6.4,16.7,,5.9,3.0,3.0,,,12.1,,,,,,,9.0,1.6,0.0,0.0,,,8.1,10.4,,6.9,,,7.6,,,,,,-2.1,,,,,,,,3.9,13.2,,14.0,14.4,,,,0.3,2.5,,,-0.2,0.1,0.0,,,,0.2,,0.1,0.3,0.1,1.9,0.0,,,0.1,,,0.0,,0.0,,,,,3.0,4.6,3.5,,7.8,3.1,2.5,2.3,0.0,0.1,-0.4,1.2,0.0,0.0,,1.1,,,,,,2.1,,,-0.1,3.9,-5.0,0.2,5.3,4.9,4.5,8.1,8.0,5.0,1.5,5.6,5.6,,,
1973,11.7,13.0,8.6,8.3,,,10.2,9.4,13.8,,9.5,,10.0,,9.0,,4.4,3.6,,,13.8,12.4,11.5,26.9,-6.0,10.4,34.7,19.8,-27.0,14.7,3.9,4.6,6.7,,21.9,13.3,,16.4,33.8,20.5,3.0,,,,,19.0,22.5,32.7,12.1,9.4,5.9,,,,20.0,20.7,38.1,,13.9,,11.0,16.7,,17.7,,,11.2,11.2,12.4,,6.1,5.1,,4.2,9.6,,11.3,11.3,26.1,30.2,60.9,44.9,39.8,40.4,13.2,,,,29.1,37.7,69.4,61.3,42.0,22.6,56.5,-2.1,,,,,15.0,22.1,3.3,8.3,4.3,,,,,21.0,13.2,15.2,16.3,6.2,14.0,,41.3,38.7,39.5,64.3,14.3,22.0,6.3,9.8,,15.8,,1.7,1.7,7.6,-13.6,,,10.1,,-0.8,9.4,19.4,,-0.8,3.1,,,,,2.0,,11.0,3.3,4.2,0.2,12.4,0.0,20.5,30.4,8.3,4.9,6.4,2.2,5.1,,,3.3,1.3,,,,,,,,8.7,9.6,,,11.7,,,,13.8,,7.8,5.9,,10.5,0.1,1.8,16.2,-0.6,,19.6,,,,,,,,,,,,,,19.6,17.6,17.2,19.9,,,,,,,,,,,,,,,,,,3.2,8.8,10.5,0.1,,-0.1,-0.1,,,,1.0,,1.9,,1.4,,,,,,,,,4.8,8.4,10.5,2.5,,0.0,,,,14.5,14.5,19.7,,18.7,,,14.3,,15.6,,,,,,,,,,,,16.2,,4.8,,,,,11.4,9.5,8.8,8.8,8.1,8.1,8.1,9.9,9.9,20.1,30.4,,,,,,41.6,17.7,15.6,30.5,22.2,,,,29.5,19.2,,,-1.7,5.1,-0.2,-0.2,10.5,9.1,12.4,9.5,11.2,,2.6,,10.4,8.9,1.8,,2.9,4.1,2.5,-3.7,,,8.6,,12.3,,24.3,,,,7.0,,-4.2,15.0,,16.0,,6.9,38.0,,,12.3,13.5,18.4,12.0,9.9,,10.8,,18.7,13.3,2.4,35.6,,,,9.7,28.5,,,0.6,0.2,0.8,0.8,,,0.6,,,,,9.4,12.3,12.3,8.2,,,,,22.8,25.3,28.3,33.6,24.2,17.1,15.8,,20.9,,,12.5,16.5,,14.6,19.8,42.1,,,34.9,,62.6,,,,39.7,,,31.1,,15.3,,,,18.5,21.9,20.4,12.8,,,,23.6,,,,,27.5,18.3,,,,15.7,17.7,17.8,17.7,,10.4,,13.4,9.0,18.1,16.8,18.3,19.0,20.2,28.8,7.4,16.8,,11.7,12.5,,7.0,10.6,,14.3,13.9,7.2,30.3,,-1.2,3.1,-0.1,7.0,0.3,0.0,,,2.3,7.5,,,,,,5.4,,,6.6,,,,,,,,,,-3.1,-3.1,,,,6.6,7.7,0.0,,,,,,3.6,,,,,26.8,,8.8,5.2,,,,7.9,3.0,,,,,4.2,4.2,,11.8,13.4,15.1,,,,,13.2,10.4,6.4,,,40.6,,,,,-0.2,,1.7,,,1.9,,,,11.4,11.8,8.2,4.1,12.7,7.7,13.1,72.3,8.3,,,10.1,,10.1,,,,,,9.6,2.8,,,,,,,3.2,10.2,,,12.4,8.8,1.2,12.0,,16.3,,24.4,,,18.2,,,11.0,,,9.9,10.0,,15.6,15.4,15.7,,8.5,,,,,,,,,,,,12.3,10.9,,,8.1,,11.1,18.0,2.8,,10.2,11.6,11.6,,,13.1,,,,,,,13.3,1.2,0.0,0.0,,,1.2,14.7,,3.8,,,-3.4,,,,,,2.6,,,,,,,,7.0,19.8,,19.6,20.8,,,,-4.5,1.6,,,0.2,1.3,3.6,,,,0.1,,0.3,-6.5,0.0,0.0,-16.1,,,0.0,,,0.0,,0.0,,,,,13.8,19.5,22.0,,20.0,9.5,9.9,16.1,-0.5,7.6,3.4,15.0,0.0,0.0,,11.0,,,,,,2.4,,,15.1,12.4,30.2,1.7,11.4,12.6,11.7,13.6,8.5,11.4,7.2,11.5,10.9,,,
1974,23.2,27.7,23.9,13.8,,,45.0,45.3,44.0,,65.1,,70.6,,58.1,,49.1,47.3,,,31.4,30.8,21.6,35.3,11.5,17.3,21.0,26.1,5.8,26.5,22.1,62.5,21.5,,39.2,22.5,,26.4,22.5,10.3,26.5,,,,,37.2,45.4,38.8,28.0,42.7,18.0,,,,18.9,17.8,22.4,,11.6,,23.7,23.4,,26.6,,,30.8,33.1,35.3,,22.9,29.2,,13.7,19.8,,26.8,26.8,31.1,35.0,49.7,39.4,38.6,50.5,29.5,,,,75.9,28.4,50.9,21.1,35.4,15.5,26.6,16.2,,,,,9.4,23.9,41.7,31.4,42.2,,,,,25.7,10.8,34.7,-6.2,11.9,39.7,,23.0,22.1,26.0,19.0,40.9,33.6,18.4,44.3,,48.0,,24.0,24.2,22.1,23.2,,,9.2,,24.3,22.4,29.6,,47.8,29.3,,,,,17.1,,34.3,39.4,42.1,29.5,33.5,0.0,32.9,27.5,45.3,26.2,35.9,41.7,42.4,,,47.6,19.0,,,,,,,,42.2,36.4,,,32.2,,,,27.0,,51.5,62.9,,62.3,50.8,32.1,33.8,44.7,,39.3,,,,,,,,,,,,,,39.3,11.2,40.3,47.8,,,,,,,,,,,,,,,,,,20.9,17.2,16.7,22.1,,20.5,20.5,,,,22.8,,17.7,,21.1,,,,,,,,,16.0,22.9,26.2,11.4,,8.8,,,,24.7,24.7,34.4,,31.8,,,22.6,,26.2,,,,,,,,,,,,25.9,,15.1,,,,,14.3,7.7,8.0,8.0,5.3,5.3,5.3,7.8,7.8,41.4,38.7,,,,,,38.2,42.1,36.9,63.7,50.0,,,,38.6,28.8,,,24.3,25.4,14.2,14.2,30.4,19.3,43.8,49.9,46.3,,4.2,,36.5,39.7,40.9,,61.4,45.4,19.7,53.9,,,30.1,,33.4,,42.3,,,,28.1,,7.6,26.2,,24.9,,19.8,25.1,,,41.2,41.7,50.6,40.0,43.0,,40.6,,69.5,39.7,30.9,26.9,,,,42.2,62.0,,,29.3,21.3,30.3,34.3,,,11.3,,,,,19.9,20.4,20.4,19.7,,,,,22.7,20.7,18.8,18.4,21.6,23.9,24.8,,22.3,,,21.8,16.3,,22.9,35.4,18.7,,,13.7,,19.8,,,,27.2,,,16.5,,21.6,,,,27.0,22.2,23.5,22.2,,,22.7,20.6,,,,,23.4,16.0,,,,31.3,35.7,40.9,30.5,,21.5,,26.4,18.8,33.5,40.8,33.1,21.3,21.0,45.7,43.4,46.0,,22.1,46.8,,15.4,17.0,,27.3,34.4,22.0,40.5,,8.2,5.7,6.2,2.7,8.3,0.0,,,13.7,14.1,,,,,,39.4,,,43.0,,,,,,,,,,6.2,6.2,,,,18.6,13.9,5.5,,,,,,13.9,,,,,17.2,,27.6,9.9,,,,32.4,20.5,,,,,32.5,32.5,,40.2,50.8,56.3,,,,,32.5,35.5,35.0,,,15.6,,,,,-2.3,,1.3,,,0.7,,,,17.7,17.2,11.2,9.6,22.6,6.5,22.2,26.0,9.8,,,19.4,,19.4,,,,,,22.5,17.8,,,,,,,21.0,28.3,,,29.3,43.8,8.6,48.0,,30.4,,17.7,,,31.3,,,28.5,,,29.1,19.3,,26.7,26.8,26.7,,4.9,,,,,,,,,,,,36.4,39.5,,,28.6,,27.1,33.7,11.6,,14.7,8.4,8.4,,,24.0,,,,,,,26.1,10.9,0.0,0.0,,,7.0,26.2,,19.2,,,-2.0,,,,,,25.9,,,,,,,,18.1,37.7,,38.2,35.9,,,,11.4,18.0,,,22.3,39.4,72.6,,,,21.1,,26.3,2.4,0.1,0.3,-1.8,,,12.8,,,0.0,,0.3,,,,,24.8,22.4,19.3,,27.5,26.0,30.7,54.3,0.1,12.9,10.0,17.9,0.0,0.0,,11.7,,,,,,6.1,,,30.6,30.8,35.0,24.2,22.5,26.9,24.5,23.6,7.6,23.8,33.1,22.0,19.4,,,
1975,11.7,13.0,20.6,29.3,,,3.2,1.9,9.0,,0.4,,3.7,,-4.2,,0.8,-0.7,,,12.7,13.8,19.8,4.5,-7.0,17.1,13.6,4.9,36.9,19.4,23.7,9.0,20.3,,24.4,20.4,,12.5,10.0,1.0,57.9,,,,,9.9,13.5,6.3,8.0,8.5,4.5,,,,14.1,14.9,8.6,,22.4,,7.1,10.4,,11.8,,,8.5,8.8,7.8,,13.8,9.3,,24.9,13.2,,8.0,8.0,2.1,-1.5,-31.4,2.8,-2.7,5.1,-11.6,,,,-6.9,-2.4,-13.6,-0.7,3.7,44.3,-21.5,28.0,,,,,14.7,4.0,-2.7,13.0,1.1,,,,,7.4,1.5,-11.4,0.3,0.5,13.3,,5.9,5.2,9.0,-0.3,12.4,0.5,4.8,17.1,,18.5,,18.7,19.5,49.1,15.2,,,30.9,,25.7,13.2,-0.6,,19.3,5.6,,,,,0.9,,14.5,25.1,23.7,30.2,12.5,0.0,1.7,-0.1,29.6,19.8,11.4,21.4,23.6,,,16.4,7.6,,,,,,,,13.9,14.9,,,14.7,,,,14.4,,7.0,5.4,,17.5,12.3,24.5,13.5,12.8,,12.2,,,,,,,,,,,,,,12.2,8.7,14.7,13.8,,,,,,,,,,,,,,,,,,13.5,11.1,13.0,4.5,,11.0,11.0,,,,15.0,,8.2,,16.2,,,,,,,,,8.0,9.2,8.0,6.8,,5.7,,,,16.3,16.3,18.2,,14.8,,,17.4,,16.4,,,,,,,,,,,,15.9,,10.8,,,,,10.3,10.7,9.9,9.9,8.1,8.1,8.1,11.1,11.1,9.2,-0.7,,,,,,-1.2,11.6,8.4,15.7,9.1,,,,11.0,17.1,,,11.5,13.8,4.8,4.8,19.7,29.4,9.9,17.3,17.3,,17.9,,3.8,5.2,6.1,,4.6,6.6,13.4,-1.7,,,12.2,,14.9,,0.4,,,,4.6,,2.4,6.1,,1.2,,0.5,-0.9,,,7.0,6.9,8.6,6.7,5.7,,7.1,,7.6,8.0,4.9,-1.1,,,,-4.0,-22.5,,,9.9,12.7,8.1,10.0,,,13.2,,,,,18.6,20.7,20.7,17.7,,,,,6.1,8.0,7.2,9.4,8.3,7.5,8.1,,9.1,,,1.6,7.5,,13.9,5.5,11.8,,,9.5,,17.3,,,,5.6,,,5.7,,5.0,,,,2.3,4.6,3.6,3.5,,,3.1,5.9,,,,,6.7,4.3,,,,0.3,-1.7,-1.6,-1.9,,3.6,,0.5,5.3,1.1,-4.1,6.0,5.0,6.2,9.7,1.9,9.2,,6.3,13.8,,5.5,4.6,,11.6,13.6,8.6,13.4,,12.9,13.4,15.8,7.1,16.7,16.9,,,16.9,8.9,,,,,,11.7,,,14.0,,,,,,,,,,13.0,13.0,,,,12.4,21.0,16.4,,,,,,19.4,,,,,24.7,,25.8,19.6,,,,8.4,4.2,,,,,5.9,5.9,,11.1,11.8,1.7,,,,,12.4,16.4,7.6,,,23.1,,,,,0.0,,2.1,,,0.1,,,,25.7,26.0,11.1,10.5,38.1,2.6,37.9,41.7,20.9,,,24.6,,24.6,,,,,,13.5,3.5,,,,,,,2.9,7.7,,,7.8,3.7,12.0,-0.1,,6.0,,4.7,,,2.4,,,4.7,,,2.1,4.3,,19.9,18.8,21.0,,4.6,,,,,,,,,,,,15.9,22.0,,,9.7,,10.4,4.2,14.5,,19.1,21.6,21.6,,,22.2,,,,,,,22.2,5.4,0.0,0.0,,,7.0,15.5,,21.0,,,0.1,,,,,,8.7,,,,,,,,11.7,22.9,,21.5,20.6,,,,6.2,8.2,,,7.1,2.6,-0.2,,,,10.0,,1.4,7.6,-0.4,6.9,12.5,,,10.3,,,0.0,,-0.3,,,,,12.8,7.0,5.7,,9.3,7.8,20.9,29.0,7.1,3.2,2.1,5.2,0.0,0.0,,1.8,,,,,,3.9,,,9.5,13.8,-1.5,19.5,11.9,13.9,11.8,9.3,9.6,12.0,13.1,11.9,10.7,,,
1976,9.4,9.1,11.9,14.7,13.5,13.2,11.3,11.3,11.2,,2.0,9.0,3.8,,-2.4,,3.3,11.6,0.2,,11.2,16.1,7.4,20.2,-0.8,4.7,6.9,24.9,34.9,8.0,4.8,13.2,18.6,34.2,23.1,7.9,,5.4,7.0,6.2,-10.9,,,,,2.8,5.4,2.7,1.0,2.4,6.4,,,,10.6,11.8,14.8,,9.6,,10.7,5.7,,4.7,14.7,,2.6,8.7,10.3,9.4,1.4,-0.4,,8.1,-0.6,,-7.5,-7.5,13.3,19.7,82.4,20.5,16.4,8.8,37.8,,24.5,,-4.1,3.4,-8.6,23.9,0.2,-7.5,56.9,13.4,,,,,26.9,20.5,17.8,4.4,19.9,8.4,,,,3.4,4.7,9.2,1.5,5.9,4.5,,0.7,0.9,0.7,-0.5,4.1,-3.1,5.3,7.5,,5.9,4.2,7.3,7.4,3.0,8.3,,,7.7,,9.5,24.7,16.9,,2.3,7.4,,,,,4.0,,-0.2,-0.8,-0.6,-1.5,0.0,58.0,0.4,4.2,-9.6,0.5,3.3,5.9,-3.0,,,0.7,5.3,,,,,,,,5.0,6.9,8.0,,5.8,5.9,,,4.3,,1.5,0.3,,4.2,-4.1,10.3,13.6,-1.1,,6.1,,,,,,,,,,,,,,6.1,4.7,7.3,6.6,11.1,,,,,-0.5,,,,,,,,,,,,7.2,8.0,9.4,-0.8,,8.6,8.6,,,,6.6,,1.2,,0.6,,,18.6,,,,,,9.8,5.8,1.3,14.3,,4.4,,,,9.7,9.7,10.9,,10.2,,,9.5,10.4,9.7,,,,,,8.2,,,7.3,,,8.9,,13.5,,9.9,9.2,10.9,9.9,10.3,10.2,10.2,10.1,10.1,10.1,10.3,10.3,8.5,7.0,,,,,,2.9,8.9,19.4,9.3,7.2,,,,8.4,11.7,,,5.3,10.0,7.5,7.5,5.4,5.0,5.9,11.3,12.3,,35.5,,1.4,-0.3,-0.4,,-0.5,-0.7,-0.2,-3.3,-2.5,,-1.1,,-2.4,,1.0,,,,3.6,,-0.1,0.1,,2.2,,1.6,2.9,5.1,,0.9,1.0,2.2,-1.6,1.0,,4.3,,-0.7,0.8,-1.2,5.5,,,,1.4,-2.2,,-1.7,2.9,4.3,1.2,2.9,3.8,,3.0,,,,,17.5,12.7,12.7,18.8,,,,,8.2,10.6,12.3,14.7,10.1,7.2,9.9,,5.9,,10.4,7.9,5.6,5.1,8.7,6.2,14.4,,,13.7,,18.6,,,,15.3,13.2,,15.3,,7.7,,,4.3,6.6,9.6,6.5,4.5,8.8,,9.4,12.4,11.4,,,,10.0,15.7,6.4,,,3.1,0.8,1.5,0.9,,6.5,,1.5,9.7,2.7,2.6,5.4,6.3,9.8,5.7,1.8,3.8,,5.9,7.0,,3.5,2.4,,7.2,9.3,5.4,9.9,,8.2,5.8,3.0,11.0,8.2,8.3,1.1,,2.7,14.0,,,,,,3.0,,,0.8,,,,,4.7,,,,,10.1,6.3,,,,9.9,17.3,17.9,9.2,36.7,36.7,9.3,8.3,27.3,26.4,26.6,28.7,,24.3,,2.6,2.4,12.7,,,5.5,6.5,,,,,-0.5,-0.5,,5.2,6.4,1.2,,,,,5.5,7.8,3.1,,,6.3,,,,,0.0,,10.7,,,4.1,,,,17.9,24.7,10.3,7.9,24.0,55.8,26.4,17.1,22.3,,,0.9,,0.9,,,,,,6.4,-0.8,,,,,,,1.4,0.0,-2.3,,5.6,0.3,1.0,3.9,,4.4,,10.6,6.0,,3.6,,,2.2,,,1.0,2.9,,17.2,17.7,16.5,,5.9,,,,,,,,,,,,3.5,0.0,,,5.3,,4.7,8.7,9.0,,10.7,10.3,10.3,,,13.0,,,,,,,9.5,8.8,29.8,30.7,,,8.5,13.0,,16.3,,,1.7,,,,,,-2.1,,,,,,,,21.1,15.2,,14.3,13.0,,,,4.3,2.3,,,-0.2,0.0,-1.9,,,,2.3,,-0.4,5.5,4.0,10.7,4.6,,,6.6,,,7.6,,0.0,,,,,4.3,5.2,5.1,,6.5,3.9,3.2,2.4,1.2,2.5,0.7,6.2,49.0,49.0,,93.7,,,,,,33.3,,,14.7,16.1,19.7,7.4,9.0,7.6,9.3,9.4,10.2,8.8,7.0,9.1,9.8,14.5,,
1977,8.1,6.7,8.8,10.0,9.2,9.5,7.2,8.4,3.8,,5.1,7.9,7.7,,2.2,,5.3,9.9,3.4,,18.8,18.1,10.1,47.3,9.3,25.0,24.5,11.9,56.6,11.0,9.0,24.4,6.2,8.5,23.1,15.3,,23.9,22.4,47.6,14.7,,,,,15.0,20.9,18.4,11.3,13.9,9.2,,,,-0.4,-0.8,3.4,,-3.1,,0.4,1.7,,2.5,-1.2,,4.0,2.0,1.2,0.5,6.3,14.7,,3.4,-0.7,,7.9,7.9,0.3,-3.7,-16.7,-7.6,-13.3,18.5,-5.7,,9.2,,16.1,5.8,-5.9,-8.2,-10.3,-0.1,-10.8,7.1,,,,,-10.0,-10.2,-1.5,-0.5,-14.2,9.2,,,,7.4,11.1,19.1,7.5,6.0,3.8,,5.2,5.2,6.2,2.8,6.0,-1.4,15.3,7.3,,8.7,2.0,13.0,13.1,31.5,19.5,,,0.2,,8.5,-0.5,-2.5,,13.0,0.5,,,,,12.4,,1.0,-2.2,-1.1,-5.1,1.8,25.3,9.0,4.4,-9.3,0.0,0.2,1.6,-2.4,,,5.7,7.3,,,,,,,,4.0,8.2,8.9,,5.9,3.7,,,4.0,,1.9,1.3,,1.1,6.2,0.4,4.8,-0.6,,4.7,,,,,,,,,,,,,,4.7,1.4,6.2,5.4,1.6,,,,,-0.3,,,,,,,,,,,,8.3,8.0,8.1,8.2,,47.3,47.3,,,,0.9,,0.6,,0.4,,,2.1,,,,,,1.5,3.6,4.3,0.0,,0.0,,,,7.3,7.2,10.0,,9.6,,,8.3,8.4,7.9,,,,,,5.7,,,5.7,,,10.6,,3.2,,7.6,8.2,6.9,9.5,9.8,9.1,9.1,24.2,24.2,24.2,9.7,9.7,7.6,3.5,,,,,,9.1,8.5,14.5,14.3,5.2,,,,10.3,9.8,,,6.3,9.4,11.2,11.2,10.3,14.4,6.0,3.1,2.8,,7.3,,3.9,1.3,0.6,,-0.1,-0.4,-0.1,0.7,-1.9,,0.5,,-0.7,,4.4,,,,4.7,,0.8,5.0,,7.1,,4.7,8.1,7.5,,5.3,5.9,6.5,5.0,5.0,,10.2,,1.2,4.8,-0.1,7.3,,,,4.3,5.4,,4.8,4.3,4.9,5.4,3.4,6.2,,1.4,,,,,11.7,10.1,10.1,12.1,,,,,6.1,5.8,9.1,10.7,4.9,7.3,6.6,,5.2,,8.8,8.2,8.8,10.2,8.7,6.4,1.7,,,6.9,,-9.3,,,,7.8,6.6,,4.2,,6.4,,,6.4,6.1,6.4,5.9,5.6,-2.3,,7.0,6.9,10.6,,,,6.7,4.6,5.1,,,5.8,3.9,3.7,3.6,,9.0,,3.7,12.0,4.7,7.1,7.7,9.5,12.6,4.5,6.1,3.4,,6.2,10.1,,7.0,6.2,,7.3,9.6,5.8,9.1,,5.1,7.4,12.6,1.6,0.6,0.6,12.9,,1.0,14.6,,,,,,6.3,,,0.0,,,,,3.9,,,,,4.1,2.0,,,,18.4,19.2,38.8,41.8,34.2,34.2,42.6,38.5,3.7,3.3,4.1,4.5,,13.9,,9.1,0.0,0.0,,,2.2,1.9,,,,,0.7,0.7,,2.6,2.7,-1.4,,,,,5.6,6.5,0.4,,,0.0,,,,,0.0,,52.2,,,59.4,,,,14.2,18.3,9.3,9.7,14.9,42.2,15.3,43.0,19.5,,,0.9,,0.9,13.7,,13.7,,,6.4,0.2,,,,,,,-0.3,0.0,5.5,,5.8,3.2,0.3,5.4,,8.4,,14.0,5.2,,8.8,,,6.0,,,1.4,5.4,,5.2,3.8,6.8,,4.2,,,,,,,,,,,,2.5,0.2,,,6.4,,6.3,4.7,11.7,3.9,10.2,10.8,10.8,,,11.9,,,,,,,7.4,7.4,16.4,16.8,,,8.9,10.3,,15.2,,,5.2,,,,,,-2.9,,,,,,,,6.0,11.8,,10.6,10.6,,,,9.6,6.1,,,-0.8,0.0,-0.3,,,,0.7,,-0.4,12.2,7.1,1.2,0.6,,,18.9,,,35.8,,12.0,,,,,4.9,8.4,9.3,,9.6,2.2,0.2,-3.8,0.5,3.1,1.9,5.6,0.0,0.0,,28.6,,,,,,31.9,,,9.1,18.1,-3.7,13.1,8.1,6.0,8.1,9.0,10.2,8.0,7.7,8.1,8.9,12.0,,
1978,4.2,3.5,5.2,5.9,5.2,5.6,0.8,1.2,-0.3,,6.4,2.0,3.0,,10.9,,6.9,0.5,9.6,,7.6,2.3,-3.3,8.1,-5.2,-18.0,11.0,-5.9,-21.1,3.9,2.4,9.4,-0.4,2.6,16.5,-3.9,,19.3,12.7,51.5,22.5,,,,,15.1,16.4,20.1,12.0,6.4,7.8,,,,-0.2,-0.6,1.7,,0.1,,-4.2,1.9,,2.2,0.1,,-3.2,2.7,2.4,1.9,3.8,6.0,,6.8,-0.8,,-13.8,-13.8,4.4,3.6,2.5,1.3,0.3,-12.9,-4.5,,-1.0,,-7.6,6.1,46.6,7.3,1.3,13.2,-13.4,-7.5,,,,,-2.5,18.2,0.6,9.5,16.1,-3.3,,,,5.6,10.4,9.2,19.3,-1.1,2.1,,2.2,2.5,1.8,1.6,3.4,-1.9,4.3,2.9,,6.5,2.9,-0.5,-0.7,-17.7,-1.5,,,14.2,,3.5,5.2,11.3,,-0.5,-6.1,,,,,3.7,,0.5,-1.4,-1.7,-0.7,1.1,-0.6,1.0,5.5,-3.2,-0.7,-0.2,0.3,-1.9,,,4.1,2.8,,,,,,,,2.1,3.4,3.1,,1.4,1.5,,,2.0,,-0.3,0.3,,-0.2,14.2,-0.4,1.7,-0.7,,3.5,,,,,,,,,,,,,,3.5,3.5,2.9,1.2,2.3,,,,,2.5,,,,,,,,,,,,4.6,9.3,9.0,24.2,,12.7,12.7,,,,0.0,,-0.1,,0.1,,,0.0,,,,,,5.7,4.7,1.7,6.8,,5.5,,,,4.4,4.5,5.4,,5.7,,,5.4,4.5,4.6,,,,,,3.7,,,3.4,,,5.2,,4.6,,4.1,4.1,3.7,7.8,8.7,7.7,7.7,13.6,13.6,13.6,8.8,8.8,4.5,1.5,,,,,,-1.5,5.1,2.0,6.2,4.9,,,,4.5,6.8,,,4.5,-0.5,-1.8,-1.8,-0.1,0.0,-0.2,-4.3,-5.5,,6.6,,1.9,1.9,2.1,,2.1,-0.2,0.6,2.7,-2.3,,1.9,,-1.3,,1.0,,,,0.3,,-1.8,7.4,,1.8,,0.8,1.9,2.7,,4.0,4.6,4.1,3.3,2.8,,4.9,,2.0,4.2,-1.4,4.2,,,,-0.8,-2.2,,-3.4,0.1,-0.1,0.3,-0.5,-0.2,,-1.3,,,,,8.1,7.9,7.9,8.2,,,,,3.6,3.9,6.0,7.2,3.3,1.2,-0.3,,0.4,,2.3,3.2,2.1,2.3,4.0,2.1,6.2,,,3.6,,15.8,,,,2.0,4.2,,3.7,,1.7,,,5.5,2.5,3.3,2.6,2.2,1.2,,3.4,4.3,6.9,,,,4.1,1.9,-0.4,,,1.6,0.9,1.5,0.4,,4.0,,0.9,5.7,-0.2,-0.5,4.1,4.0,7.8,1.7,3.2,2.9,,3.8,6.4,,4.7,4.7,,3.2,3.3,1.7,8.3,,9.7,2.8,4.9,0.6,12.1,0.5,2.9,,4.1,-0.2,,,,,,2.9,,,-0.4,,,,,2.2,,,,,13.4,12.2,,,,1.2,5.9,5.7,9.2,0.3,0.3,10.4,6.7,4.6,3.6,5.8,6.0,,8.5,,6.9,0.0,0.0,,,-3.4,1.7,,,,,0.9,0.9,,-7.0,-11.3,-1.3,,,,,2.5,4.4,1.5,,,3.4,,,,,-1.6,,3.0,,,3.4,,,,12.2,14.9,7.5,5.8,9.9,38.5,9.3,34.6,16.1,,,3.8,,3.8,8.9,,8.9,,,4.6,0.7,,,,,,,-1.7,0.0,2.5,,4.4,1.3,-0.2,1.1,,3.9,,9.8,5.7,,2.7,,,3.4,,,0.6,3.1,,9.9,13.4,6.4,,0.9,,,,,,,,,,,,5.7,8.8,,,3.8,,-0.7,1.7,2.4,4.0,5.3,4.1,4.1,,,8.9,,,,,,,7.7,3.4,0.0,0.0,,,7.4,6.0,,16.7,,,4.2,,,,,,-2.6,,,,,,,,2.9,6.5,,6.3,4.3,,,,2.6,2.7,,,-0.2,-0.1,-0.2,,,,0.1,,-0.1,3.1,0.6,0.4,0.8,,,5.0,,,5.7,,5.8,,,,,3.6,5.2,4.9,,7.1,3.7,1.2,-0.6,0.4,2.6,1.5,4.7,0.0,0.0,,2.2,,,,,,9.6,,,1.8,2.3,3.6,-0.7,4.4,4.0,3.8,6.5,8.2,4.0,-4.1,4.9,5.4,9.4,,
1979,3.7,2.2,1.6,2.1,0.2,0.5,0.4,0.5,-0.1,,0.1,-0.8,0.7,,0.3,,0.2,-0.2,0.1,,3.9,4.3,7.7,6.0,2.0,11.7,2.4,6.4,-24.2,2.7,-6.6,5.5,16.7,4.8,12.0,3.3,,5.8,5.1,12.3,-0.6,,,,,1.6,1.4,1.7,1.7,-3.0,-1.2,,,,-0.9,-1.2,2.9,,-2.4,,-3.0,0.2,,-1.1,-1.4,,1.4,2.4,2.9,2.1,0.1,1.0,,0.2,-0.9,,-0.9,-0.9,4.6,5.5,-23.4,18.8,37.9,-3.5,4.0,,-3.0,,17.5,-0.8,2.0,8.1,28.6,-13.6,5.9,-3.3,,,,,49.6,4.4,17.6,6.8,11.8,-1.5,,,,3.2,3.8,1.8,7.6,0.3,2.3,,0.3,-0.1,1.0,-0.1,4.5,8.0,6.2,3.4,,4.4,-0.5,3.3,3.4,25.3,-0.2,,,-3.5,,9.4,1.5,3.9,,-3.9,3.8,,,,,1.1,,-0.5,-2.8,-3.3,-1.3,0.0,-0.1,0.1,0.0,0.1,-0.7,-0.5,-0.4,-0.4,,,0.3,0.0,,,,,,,,0.4,0.3,1.9,,0.4,0.7,,,1.0,,-0.7,-0.2,,-0.6,0.7,0.1,-0.9,-0.7,,1.2,,,,,,,,,,,,,,1.2,0.5,3.5,0.9,0.4,,,,,0.1,,,,,,,,,,,,-1.3,4.3,5.5,1.9,,-13.7,-13.7,,,,0.0,,-0.1,,0.0,,,0.0,,,,,,2.0,0.1,1.9,3.2,,2.6,,,,2.9,2.9,4.2,,4.4,,,3.7,2.0,3.2,,,,,,1.8,,,2.3,,,1.4,,3.6,,3.2,3.3,3.3,5.7,5.5,4.7,4.7,12.8,12.8,12.8,5.5,5.5,6.6,7.7,,,,,,15.9,6.4,1.6,7.5,9.1,,,,7.0,7.4,,,2.8,4.5,0.0,0.0,2.2,0.5,4.1,22.2,25.7,,8.2,,1.7,1.1,0.4,,2.2,-0.7,-0.7,2.1,-0.1,,-1.1,,3.3,,5.5,,,,1.4,,-0.2,9.4,,2.1,,0.9,3.1,1.6,,3.0,3.6,3.5,2.6,3.3,,4.2,,1.4,2.3,-1.4,1.9,,,,0.5,1.6,,1.6,0.5,-0.1,1.0,-0.5,0.2,,-1.5,,,,,5.1,6.6,6.6,4.8,,,,,4.8,6.1,9.9,11.2,4.9,2.7,1.5,,1.7,,6.0,3.5,4.6,1.4,1.5,2.9,8.4,,,6.0,,14.2,,,,9.0,6.2,,9.2,,2.7,,,3.0,3.5,5.0,2.4,2.1,0.6,,2.5,7.9,11.1,,,,6.6,5.2,-3.1,,,1.6,0.2,0.2,-0.1,,4.4,,0.0,6.6,0.2,0.4,3.6,4.6,7.0,0.4,1.2,1.4,,2.7,4.3,,1.1,3.5,,3.3,3.9,2.0,4.6,,2.2,3.5,7.4,7.8,4.6,-0.2,-0.3,,13.7,-0.2,,,,,,0.4,,,-0.4,,,,,0.8,,,,,2.2,0.7,,,,6.0,10.3,13.8,16.1,8.4,8.4,34.5,17.2,10.8,10.9,12.2,10.6,,9.6,,3.0,0.0,8.3,,,7.1,1.9,,,,,0.0,0.0,,11.3,16.6,-1.3,,,,,3.7,3.3,1.5,,,36.5,,,,,-1.7,,0.1,,,0.1,,,,9.1,10.8,5.3,6.5,6.3,24.6,4.0,31.2,14.0,,,1.8,,1.8,8.7,,8.7,,,3.2,0.2,,,,,,,-1.5,0.0,-1.8,,1.4,1.1,-0.3,-0.2,,3.4,,7.9,0.4,,4.0,,,0.9,,,1.0,1.1,,0.6,2.6,-1.5,,-0.1,,,,,,,,,,,,5.3,6.5,,,2.9,,7.1,4.1,11.6,3.2,3.8,3.1,3.1,,,7.3,,,,,,,5.8,0.9,0.0,0.0,,,2.8,1.4,,8.8,,,1.0,,,,,,-3.3,,,,,,,,2.9,5.7,,6.9,3.6,,,,1.0,0.4,,,-0.9,-0.1,-0.1,,,,-0.1,,-0.4,1.3,0.4,0.3,0.0,,,4.1,,,0.0,,2.9,,,,,6.3,6.9,8.7,,5.0,2.4,6.2,13.8,0.1,2.3,1.2,4.3,0.0,0.0,,0.5,,,,,,2.1,,,4.5,4.3,5.5,3.4,3.7,1.4,3.6,5.9,5.3,3.5,7.1,3.5,4.4,7.5,,
1980,7.7,6.0,5.2,2.7,1.5,1.6,10.4,9.1,14.6,,12.8,15.6,12.2,,11.6,,4.5,9.9,2.2,,2.8,5.3,9.3,6.6,6.3,13.7,-6.9,8.6,6.5,2.5,6.0,-7.8,35.2,2.3,21.7,4.7,,-5.5,-8.8,-7.7,-8.7,,,,,6.8,8.0,6.1,6.4,6.2,7.4,,,,2.6,1.7,6.8,,-1.4,,1.3,5.7,,7.7,1.1,,7.2,0.9,-0.1,-0.6,5.5,7.8,,0.3,6.3,,21.2,21.2,17.1,23.1,129.1,23.2,62.4,55.7,38.8,,5.5,,18.0,22.1,-35.5,29.4,-4.9,47.1,7.4,30.2,,,,,-1.7,9.2,9.0,0.0,24.5,2.0,,,,7.8,5.7,0.6,6.9,14.6,7.0,,10.1,10.3,11.6,4.7,8.1,5.2,15.3,6.3,,11.0,2.6,1.2,1.2,7.3,2.0,,,9.2,,2.8,8.1,-8.0,,0.0,11.5,,,,,2.4,,6.3,0.4,0.4,0.7,7.8,0.0,10.9,4.6,16.2,4.2,7.6,8.8,0.1,,,5.2,4.0,,,,,,,,5.4,8.3,6.7,,7.0,5.9,,,4.6,,6.7,8.2,,2.0,1.4,-0.2,4.1,8.0,,4.8,,,,,,,,,,,,,,4.8,0.4,8.5,7.9,0.9,,,,,5.6,,,,,,,,,,,,2.6,4.7,4.6,2.1,,3.6,3.6,,,,1.2,,1.3,,8.5,,,0.0,,,,,,8.2,8.5,12.7,8.2,,7.8,,,,6.3,6.6,10.3,,9.5,,,7.1,7.4,8.3,,,,,,4.6,,,3.9,,,4.0,,5.9,,4.0,4.3,3.4,6.1,4.6,4.2,4.2,6.9,6.9,6.9,4.7,4.7,12.7,18.3,,,,,,27.5,11.5,4.7,15.4,16.8,,,,11.4,10.1,,,5.5,33.6,34.4,34.4,34.5,35.3,33.4,58.0,64.3,,4.6,,7.2,4.3,1.0,,0.6,2.0,0.4,1.7,2.9,,3.0,,2.3,,14.7,,,,6.0,,7.1,14.5,,5.6,,5.6,5.0,5.6,,9.5,12.6,10.3,12.5,11.4,,16.0,,7.4,5.2,-0.9,4.2,,,,13.6,22.4,,24.0,10.7,8.2,13.5,8.8,12.3,,3.8,,,,,7.0,7.2,7.2,6.9,,,,,5.5,4.8,5.3,5.2,4.6,6.4,7.0,,5.6,,5.2,10.2,6.8,6.7,6.4,5.9,4.3,,,0.8,,7.8,,,,4.1,8.5,,0.4,,1.4,,,6.3,4.7,5.6,5.6,6.7,0.6,,4.4,5.8,6.4,,,,5.4,5.2,2.0,,,3.6,1.8,1.9,1.1,,6.2,,2.8,7.9,2.7,1.9,8.7,9.2,10.1,3.5,11.5,6.3,,3.9,2.8,,2.1,3.3,,7.7,10.8,7.5,9.7,,1.7,3.2,5.5,2.3,12.6,0.0,0.2,,4.6,0.1,,,,,,2.2,,,3.9,,,,,2.4,,,,,1.1,0.1,,,,6.4,6.9,6.7,8.7,1.5,1.5,18.3,10.2,1.4,1.5,2.0,1.1,,6.7,,11.0,22.1,10.7,,,10.3,0.8,,,,,2.2,2.2,,16.7,24.9,4.4,,,,,0.6,11.2,5.2,,,0.0,,,,,0.0,,-0.1,,,-0.2,,,,9.3,10.5,5.0,7.0,5.2,23.8,4.2,18.0,11.7,,,2.6,,2.6,10.4,,10.4,,,7.3,-0.3,,,,,,,-1.7,0.0,7.5,,8.0,9.8,0.0,10.0,,8.6,,11.2,13.5,,5.0,,,3.6,,,-0.2,6.1,,12.8,11.2,14.6,,6.5,,,,,,,,,,,,10.6,16.2,,,3.8,,6.8,4.5,9.4,6.3,7.4,7.7,7.7,,,7.4,,,,,,,6.7,6.9,15.9,15.9,,,6.2,6.3,,4.5,,,6.8,,,,,,0.4,,,,,,,,12.1,9.0,,9.4,6.1,,,,0.7,3.1,,,1.2,2.4,6.9,,,,1.4,,0.0,0.2,0.2,0.1,0.0,,,0.2,,,0.0,,1.6,,,,,24.4,12.9,15.0,,10.5,7.0,50.6,110.1,0.4,4.3,4.2,4.5,14.5,14.5,,1.1,,,,,,4.1,,,9.9,5.3,23.1,1.2,7.5,5.0,8.0,8.2,4.3,7.8,34.6,5.9,6.5,8.1,,
1981,4.9,5.3,5.0,3.9,4.7,4.0,6.7,6.5,7.1,,6.7,4.9,9.2,,5.7,,9.1,7.0,10.2,,3.7,2.8,1.1,13.6,8.6,18.0,4.2,10.6,29.7,-0.2,4.8,-0.2,-12.9,-3.1,3.1,0.3,4.6,4.2,4.4,1.4,8.0,15.9,,,,6.7,7.5,6.7,4.4,5.1,7.2,,,,4.2,4.1,2.3,1.2,6.1,,4.5,4.1,2.0,5.6,3.6,,3.6,1.1,0.0,-0.5,4.3,7.6,,0.5,3.4,,8.8,8.8,5.7,6.0,-28.0,8.1,-36.5,9.9,1.2,,1.5,,8.7,22.5,61.7,-9.8,12.8,-0.4,72.4,12.6,74.4,,,-1.8,-9.6,-2.5,-3.2,9.3,-11.8,11.5,,,,5.1,4.2,-1.8,-0.6,9.1,15.7,,4.0,3.3,4.0,7.7,6.7,1.4,9.2,4.5,,16.9,9.5,11.4,11.9,-3.2,15.7,26.5,,4.5,,1.4,12.3,31.9,,11.2,9.7,,,,,0.9,,4.7,0.4,0.1,0.9,5.5,16.6,3.5,9.5,5.6,4.7,3.7,5.4,0.8,,,9.7,6.8,0.3,,,,,,,6.3,6.4,7.7,,7.6,3.6,,,7.7,,6.9,5.7,6.9,12.3,8.2,1.9,12.4,14.1,,4.4,,,,,,,,,,,,,,4.4,-1.4,7.9,7.0,6.5,,,,,6.1,,,,,,,,,,,,4.7,4.5,4.7,2.2,,-2.1,-2.1,,,,6.9,,11.4,1.9,7.3,,,0.0,,,,,,7.9,2.9,10.0,10.4,,9.7,5.2,,,5.2,5.2,6.6,,5.6,4.8,,4.1,5.1,5.5,,4.2,,,,4.1,,,3.6,,,3.6,,8.6,,5.1,5.4,4.0,4.5,4.8,4.3,4.3,6.5,6.5,6.5,4.8,4.8,3.2,3.5,4.2,,,,,1.9,3.1,3.0,7.0,4.4,,,6.7,5.7,5.1,,,-1.6,7.7,8.5,8.5,6.7,9.5,3.7,6.0,5.8,,10.1,,4.5,3.6,3.0,4.0,3.4,2.2,5.4,2.8,-1.9,,2.7,,5.1,,5.2,4.1,,,4.1,,6.1,4.6,,4.0,2.9,3.9,6.7,6.4,,6.2,9.0,6.6,10.2,5.8,,5.9,,7.5,4.2,-0.7,3.3,,,,4.2,-2.1,-0.2,-4.5,9.9,7.3,11.3,5.5,7.0,,4.5,,,,,7.3,5.6,5.6,7.8,,,,,4.0,3.9,5.4,5.5,3.6,4.6,1.8,,3.2,,5.1,5.4,5.9,7.4,7.8,6.0,3.2,,,7.2,,0.3,,5.3,,2.3,3.7,,17.1,,2.4,,,3.4,3.7,3.4,4.1,5.0,-1.1,,5.0,3.5,5.6,,,,3.4,1.3,1.2,,,4.2,3.2,4.3,3.4,0.0,5.2,5.2,3.9,5.8,4.2,4.9,4.6,3.1,5.4,2.8,5.5,3.6,,3.7,4.3,,4.2,3.1,,4.1,4.8,3.8,5.8,,2.8,5.4,9.5,6.8,3.1,-0.1,0.3,4.9,10.8,3.8,,,,,,4.6,,,4.1,,,,,3.0,,,,,1.5,0.0,,,,3.4,7.4,8.1,8.3,7.1,7.1,17.6,8.1,10.8,10.8,10.9,10.7,,9.0,,3.4,3.5,0.0,,,2.2,2.3,0.7,2.5,,,1.7,1.7,,2.3,2.6,2.0,,,,,1.9,4.4,2.7,,,8.3,,,,,0.0,,-0.4,83.3,18.3,-3.8,,,,7.5,7.2,4.2,5.2,3.1,14.6,3.4,15.9,9.7,,,10.1,,10.1,8.1,,8.1,,,5.0,-2.1,,,,,,,-2.7,0.0,1.4,,4.8,5.4,-0.2,9.1,,3.7,2.6,4.5,4.1,,3.0,,,4.8,,,1.3,9.5,3.5,5.1,3.2,7.0,,6.2,,,,,,,,,,,,7.6,10.4,,,4.5,,4.6,4.6,8.6,2.2,5.9,4.6,4.6,,,6.4,,,,,4.1,,5.7,6.0,6.9,6.9,,,6.8,7.5,,6.4,,,6.4,,,,,,-1.9,,,,,,,,4.5,5.4,,5.5,3.7,5.4,,,2.5,9.4,,,9.7,2.9,3.9,,,,4.8,,-0.2,1.9,1.5,14.2,1.2,,,4.5,0.0,,0.0,,0.2,,,,,3.2,4.5,3.9,,6.7,3.2,1.7,4.6,-0.6,2.2,1.9,3.0,6.1,6.1,,2.2,,,,,,4.5,,,6.2,2.8,6.0,11.9,4.8,5.1,4.9,4.0,4.8,4.9,6.0,4.7,4.6,6.9,5.6,
1982,2.8,1.8,4.1,3.9,4.6,4.0,5.4,5.0,6.4,,1.8,2.2,3.5,,0.3,,7.0,2.4,9.3,,6.3,7.9,9.0,-5.6,3.7,0.2,2.9,28.1,43.3,0.7,5.1,14.0,-9.1,11.2,-3.3,2.0,-3.8,4.0,3.6,3.7,7.2,3.0,,,,1.2,2.4,0.8,0.8,6.5,2.0,,,,1.3,1.2,1.0,-2.3,2.4,,0.0,2.5,2.3,2.1,4.0,,-4.7,0.2,-0.6,-1.2,2.3,1.4,,2.2,3.2,,-14.1,-14.1,-5.3,-9.9,-3.6,-24.5,-0.6,-15.5,-21.1,,-2.0,,-7.8,-14.9,13.5,-11.8,-17.6,-20.6,-37.3,-0.4,17.8,,,5.2,-8.4,-2.5,9.3,-7.2,-4.0,2.1,,,,2.8,2.1,-0.3,-0.7,1.1,4.2,,2.6,2.8,2.6,1.4,3.3,1.1,10.2,0.0,,4.9,8.8,-3.3,-3.5,-3.0,7.0,-10.9,,-7.5,,-15.8,-7.7,-19.5,,-0.2,-5.3,,,,,0.8,,0.2,-0.8,-1.1,0.1,0.4,7.2,0.0,0.1,-6.4,0.0,0.0,0.0,11.2,,,0.7,0.2,0.5,,,,,,,3.4,4.8,5.2,,4.3,2.4,,,2.4,,0.5,0.1,0.9,-0.8,0.7,9.5,1.3,0.7,,4.0,,,,,,,,,,,,,,4.0,3.7,4.6,3.7,3.8,,,,,3.3,,,,,,,,,,,,2.5,3.2,4.1,1.0,,-1.2,-1.2,,,,3.3,,3.0,2.5,0.6,,,0.0,,,,,,2.4,0.6,0.7,3.3,,2.9,0.1,,,3.3,3.3,4.7,,3.7,2.9,,3.2,3.4,3.0,,2.2,,,,2.7,,,3.2,,,2.7,,4.1,,3.7,3.9,2.7,3.5,3.9,3.6,3.6,5.8,5.8,5.8,3.9,3.9,1.4,1.4,1.7,,,,,1.1,1.4,3.6,3.7,1.9,,,5.2,2.5,3.2,,,-2.3,3.5,0.5,0.5,0.4,0.5,0.2,10.5,10.8,,14.4,,0.8,0.0,-0.4,-7.1,1.9,0.3,1.4,0.5,-2.4,,0.5,,1.3,,0.4,0.5,,,-1.2,,-2.4,-1.3,,1.5,0.0,2.0,1.7,2.1,,2.0,3.7,4.2,3.6,0.8,,0.5,,2.0,1.5,-0.9,2.2,,,,-0.1,-1.3,1.7,-4.6,0.3,0.5,0.3,1.3,-0.9,,1.6,,,,,4.7,5.1,5.1,4.5,,,,,2.9,3.6,3.0,2.8,3.7,2.9,1.5,,0.6,,3.3,3.4,4.7,2.4,4.4,3.2,4.9,,,0.9,,6.9,,1.1,,4.3,11.9,,8.8,,2.1,,,3.0,2.7,3.2,2.8,4.4,-2.2,,3.0,4.1,5.4,,,,2.7,2.0,0.8,,,2.0,0.1,0.6,-0.1,-0.5,4.7,3.3,0.1,7.0,0.7,0.4,1.3,2.2,2.0,0.5,0.4,1.4,,2.2,3.7,,2.1,2.1,,2.2,2.0,1.8,3.1,,2.9,4.0,2.4,6.3,6.4,-0.2,0.1,2.9,3.2,9.6,,,,,,3.3,,,1.9,,,,,2.1,,,,,2.5,0.5,,,,5.1,8.7,7.4,7.6,6.1,6.1,18.4,7.9,7.0,7.2,6.1,6.9,,10.6,,11.4,12.2,9.1,,,5.0,2.9,0.6,3.5,,,0.5,0.5,,6.0,9.0,0.3,,,,,1.4,3.3,3.2,,,0.0,,,,,0.0,,-1.1,9.1,1.4,-1.9,,,,6.1,6.5,6.1,5.7,4.7,8.3,4.4,11.0,9.1,,,1.9,,1.9,5.5,,5.5,,,1.9,-2.8,,,,,,,-3.0,0.0,-1.5,,1.6,1.7,-0.1,1.6,,3.9,2.3,4.4,6.9,,4.4,,,1.0,,,2.5,0.4,0.1,-0.4,-1.0,0.1,,-0.7,,,,,,,,,,,,1.4,0.3,,,2.7,,1.9,2.8,4.4,1.7,3.4,2.2,2.2,,,5.6,,,,,4.0,,5.2,2.5,0.0,0.0,,,3.6,1.7,,7.5,,,1.5,,,,,,-4.5,,,,,,,,1.8,3.4,,3.6,2.0,4.3,,,3.2,2.0,,,1.9,0.4,0.7,,,,0.9,,-0.4,4.2,4.1,16.3,1.9,,,10.4,2.1,,0.0,,2.6,,,,,0.2,2.7,3.0,,2.5,1.5,-4.0,-8.5,-2.2,1.3,0.6,2.7,0.0,0.0,,5.2,,,,,,10.0,,,-1.5,7.9,-9.9,-3.5,3.1,2.6,2.7,3.0,4.1,2.9,4.0,3.0,3.2,5.2,3.1,
1983,1.9,2.1,2.6,1.9,3.3,3.1,2.0,2.5,0.8,,5.6,6.7,5.4,,5.2,,3.5,5.4,2.6,,0.2,-0.5,-4.0,-8.2,7.5,-3.8,-6.6,3.0,-28.1,-1.7,-5.5,0.4,2.5,11.7,8.7,1.8,1.0,-0.9,-3.1,-1.1,-5.0,-5.7,,,,1.1,2.2,0.7,0.9,4.4,1.2,,,,1.7,1.5,0.9,0.0,3.1,,-0.3,2.2,3.0,1.5,2.7,,-1.8,1.2,-0.2,-0.6,5.4,3.5,,6.8,6.3,,-8.3,-8.3,7.3,8.9,-5.9,24.6,17.4,38.9,15.3,,0.6,,4.2,-6.0,-18.8,14.3,17.4,35.5,-2.5,9.6,-13.5,,,3.4,30.0,13.2,-1.8,10.8,22.1,10.2,,,,4.7,4.0,18.0,4.2,1.7,1.1,,2.2,2.4,1.6,1.7,7.3,34.3,4.2,0.7,,1.4,0.8,-0.3,-0.4,-1.2,-7.4,-3.1,,-0.3,,11.9,-3.3,19.0,,-1.4,22.3,,,,,1.2,,0.3,-0.2,-0.2,-0.3,0.4,0.0,-0.3,-0.3,-5.7,-0.9,-0.7,-0.4,1.0,,,-0.2,7.8,11.2,,,,,,,1.1,2.9,1.6,,1.6,1.6,,,1.6,,0.5,-0.1,-1.1,-4.8,-0.2,3.0,1.2,0.3,,2.4,,,,,,,,,,,,,,2.4,4.3,2.6,1.6,2.7,,,,,-0.1,,,,,,,,,,,,0.8,2.9,2.8,1.0,,0.1,0.1,,,,0.3,,0.2,2.5,0.0,,,0.1,,,,,,2.6,6.0,0.5,1.8,,1.1,0.0,,,2.7,2.7,4.2,,3.8,3.0,,3.0,3.6,3.0,,2.8,,,,1.7,,,1.3,,,2.1,,2.0,,1.7,1.7,1.5,3.1,3.5,3.1,3.1,6.7,6.7,6.7,3.3,3.3,1.9,-0.5,0.1,,,,,0.1,2.6,4.4,3.5,1.9,,,3.2,2.2,2.8,,,2.1,-0.3,0.0,0.0,0.4,0.2,0.7,-5.5,-5.8,,2.7,,0.7,-0.8,-1.0,-9.3,2.2,0.4,-0.6,9.1,-5.3,,-1.8,,-0.5,,0.5,1.5,,,0.6,,-0.5,-0.5,,1.5,0.2,2.1,1.5,1.5,,1.4,2.1,2.5,2.0,0.5,,0.3,,0.0,1.8,0.3,2.1,,,,0.8,1.7,2.9,0.8,0.1,0.5,-0.2,0.5,-0.4,,1.0,,,,,3.8,2.9,2.9,4.1,,,,,2.3,2.9,5.2,5.4,2.3,2.3,3.0,,1.9,,5.2,4.3,3.2,1.8,-1.8,2.7,2.8,,,2.3,,1.1,,4.0,,1.0,2.8,,5.4,,0.6,,,2.7,2.1,2.1,2.1,3.1,1.1,,1.1,2.3,3.2,,,,4.0,0.8,1.1,,,1.9,0.2,0.4,-0.3,1.4,4.3,4.0,0.1,6.0,0.2,0.1,1.7,1.5,1.5,0.3,1.2,0.3,,1.8,3.0,,1.1,2.2,,1.3,1.5,1.1,2.4,,1.3,3.1,12.2,3.7,1.8,0.2,-0.1,0.2,8.3,1.8,,,,,,4.0,,,8.9,,,,,2.1,,,,,-0.1,-1.0,,,,-0.8,2.2,2.2,2.1,1.5,1.5,9.4,2.2,1.3,1.3,2.1,1.3,,5.0,,0.5,0.9,6.3,,,-3.2,0.9,0.3,0.6,,,-0.3,-0.3,,-4.7,-7.7,-0.2,,,,,-1.1,7.2,2.5,,,0.0,,,,,0.0,,-0.7,0.0,0.0,-1.0,,,,4.9,5.5,5.1,4.6,4.1,4.1,4.6,10.9,8.4,,,0.1,,0.1,3.7,,3.7,,,2.4,-2.3,,,,,,,-2.9,7.4,-0.3,,2.9,1.3,0.1,0.6,,3.0,8.2,3.0,3.3,,1.3,,,1.8,,,5.0,0.3,0.3,8.4,9.7,7.3,,-0.1,,,,,,,,,,,,1.6,0.1,,,1.2,,-0.8,4.3,8.4,1.0,3.5,3.6,3.6,,,4.9,,,,,2.9,,4.1,2.6,0.0,0.0,,,3.8,1.1,,6.8,,,3.0,,,,,,-4.2,,,,,,,,3.9,2.3,,2.7,1.2,2.3,,,2.1,0.4,,,0.3,0.6,0.3,,,,-0.2,,1.9,2.5,11.7,0.2,2.5,,,1.2,0.7,,4.8,,0.5,,,,,1.3,1.5,2.1,,0.4,0.7,0.8,2.1,-0.2,1.4,0.6,3.1,8.0,8.0,,20.4,,,,,,5.7,,,2.7,-0.5,8.9,-0.4,1.9,1.9,1.9,3.0,3.8,1.8,-2.8,2.3,2.5,4.2,2.5,
1984,2.3,2.8,3.7,3.6,3.5,3.7,2.6,3.4,0.8,,5.8,3.4,6.4,,6.9,,1.2,3.5,0.1,,0.1,0.4,1.9,8.7,0.0,-12.0,-2.9,3.2,-14.7,0.1,3.1,2.2,0.4,-3.7,9.1,-3.4,3.0,-1.1,-2.8,-3.8,-6.5,3.3,,,,0.9,0.9,0.6,1.2,0.6,0.8,,,,0.2,0.3,0.9,0.1,0.1,,-0.3,-0.2,-0.1,-0.6,0.4,,1.1,-0.1,-0.1,-0.3,-0.3,-0.8,,0.2,0.0,,4.0,4.0,5.9,5.3,25.0,4.9,-2.3,-3.6,-8.7,,2.2,,22.4,27.4,13.1,10.3,10.0,5.9,50.2,-20.5,3.0,,,1.1,-13.2,-4.8,-5.8,-3.2,-11.8,8.4,,,,6.9,3.1,13.4,0.9,2.1,0.2,,8.3,8.8,10.3,1.8,8.8,27.3,8.2,3.1,,1.2,5.5,6.5,6.8,-14.0,21.8,-8.2,,13.4,,3.9,9.5,12.0,,1.1,-10.3,,,,,-0.3,,2.7,5.4,7.7,0.5,2.2,0.0,0.0,0.2,4.9,-0.1,0.2,0.7,0.4,,,0.4,23.1,2.8,,,,,,,0.9,1.2,1.0,,0.6,1.9,,,3.6,,-0.2,0.1,1.2,-0.2,0.0,-0.2,2.2,0.0,,1.6,,,,,,,,,,,,,,1.6,2.0,3.8,1.2,1.0,,,,,-0.5,,,,,,,,,,,,0.6,2.3,1.2,7.1,,0.0,0.0,,,,0.0,,0.0,1.0,0.0,,,0.0,,,,,,9.5,5.9,8.4,11.7,,11.8,9.7,,,3.0,3.1,3.4,,3.7,4.8,,2.3,1.8,2.8,,2.6,,,,2.0,,,1.3,,,1.4,,7.4,,1.7,1.6,1.9,2.2,2.3,2.1,2.1,7.4,7.4,7.4,2.0,2.0,1.7,0.5,0.6,,,,,-0.1,2.1,0.9,2.6,1.2,,,2.4,1.7,2.3,,,2.0,-0.2,0.0,0.0,0.3,0.0,0.5,-7.4,-8.0,,6.0,,0.8,-0.1,-1.3,-1.8,-2.1,2.4,-3.6,2.4,-4.4,,1.9,,2.0,,0.2,2.1,,,0.1,,-0.3,1.1,,0.7,-2.0,0.7,2.4,1.7,,2.5,2.4,2.9,3.0,2.8,,3.9,,0.8,2.1,0.8,2.8,,,,0.2,0.2,0.0,0.3,-0.1,0.1,-0.1,0.5,-0.4,,1.1,,,,,3.8,2.5,2.5,4.2,,,,,2.6,3.5,4.4,4.3,3.3,1.3,0.2,,0.9,,0.6,1.1,2.5,1.6,2.4,1.4,6.1,,,5.7,,6.0,,2.8,,5.1,7.5,,10.3,,-0.6,,,2.0,2.2,2.6,2.2,1.7,-1.4,,3.4,2.3,2.5,,,,4.5,-0.6,5.6,,,1.7,1.0,0.4,-0.3,5.1,3.0,2.9,0.6,4.1,0.2,0.3,1.5,2.2,1.6,0.8,0.2,0.9,,1.3,0.4,,1.3,1.0,,1.0,1.2,0.7,1.4,,3.5,8.0,41.0,11.7,0.0,1.5,-0.1,0.1,2.3,0.0,,,,,,3.2,,,2.9,,,,,0.8,,,,,2.0,0.9,,,,0.9,5.6,5.3,5.8,4.2,4.2,5.4,5.5,9.4,9.2,10.0,9.7,,4.7,,6.7,0.0,0.1,,,-1.6,2.1,1.3,1.4,,,-0.2,-0.2,,-3.3,-5.1,-0.7,,,,,-2.3,6.3,0.5,,,0.0,,,,,0.0,,-2.2,0.0,0.0,-2.5,,,,4.3,4.5,4.5,2.8,3.2,4.4,4.3,6.7,6.5,,,1.2,,1.2,4.2,,4.2,,,2.0,-2.3,,,,,,,-0.9,2.2,-3.1,,1.2,0.7,0.5,0.5,,1.4,0.0,2.3,-0.4,,0.5,,,0.8,,,2.2,0.4,0.1,1.6,6.5,-3.2,,1.1,,,,,,,,,,,,0.6,0.1,,,3.1,,0.8,0.3,0.0,0.9,3.8,3.2,3.2,,,3.4,,,,,3.6,,2.9,4.1,11.6,11.6,,,3.7,0.8,,6.1,,,3.0,,,,,,-3.5,,,,,,,,2.3,1.9,,3.0,0.7,1.5,,,1.6,0.1,,,-0.3,0.3,0.4,,,,0.2,,0.3,2.0,0.9,0.0,1.7,,,0.1,1.0,,3.9,,8.1,,,,,0.7,0.7,0.0,,2.3,1.6,0.0,0.2,-0.5,2.1,0.8,4.9,3.7,3.7,,13.8,,,,,,19.0,,,3.7,0.4,5.3,6.8,2.1,2.6,2.2,2.6,3.4,2.2,-2.2,2.4,2.6,3.6,2.7,
1985,2.0,1.7,2.2,3.1,2.4,2.5,1.1,0.8,2.1,,0.7,0.1,1.8,,0.2,,0.0,0.3,-0.2,,2.4,2.3,4.4,-4.4,3.7,17.5,4.3,1.8,-9.7,0.8,0.4,8.6,0.5,-2.8,-1.5,2.8,1.9,4.0,7.9,-0.8,2.6,1.9,,,,1.5,1.1,1.6,2.2,0.3,0.6,,,,-0.6,-0.7,1.9,-1.0,-1.1,,-1.7,-0.2,-0.5,0.1,-0.5,,1.1,0.2,-0.4,-1.1,2.0,6.3,,0.0,-0.4,,3.0,3.0,-2.1,-3.8,-10.2,0.9,-6.8,-11.2,15.7,,-0.1,,-12.9,-23.3,2.0,-8.0,-19.8,-25.1,-37.1,-3.3,-25.6,,,19.1,-1.4,11.4,25.2,14.9,18.4,-8.5,,,,0.7,-1.1,-3.9,0.1,0.9,0.2,,0.8,0.3,1.2,1.5,1.8,2.9,2.2,2.2,,0.0,-1.7,11.5,11.6,38.7,15.0,1.4,,3.8,,8.8,3.2,-1.9,,7.2,13.2,,,,,9.4,,1.9,6.6,8.2,3.1,1.0,0.0,-0.5,5.1,-0.3,-0.4,0.0,0.1,3.0,,,-0.3,0.0,-0.1,,,,,,,0.7,1.6,0.3,,0.6,1.5,,,2.1,,1.9,-0.9,1.1,0.8,0.3,-0.3,-0.8,0.1,,0.8,,,,,,,,,,,,,,0.8,-1.1,2.3,1.3,0.6,,,,,-0.5,,,,,,,,,,,,1.6,2.6,2.6,6.8,,5.3,5.3,,,,0.1,,0.0,1.3,0.0,,,0.2,,,,,,2.2,0.8,1.3,2.8,,3.0,3.1,,,2.2,2.2,2.5,,2.0,2.1,,2.2,1.8,2.1,,1.3,,,,1.6,,,1.4,,,2.0,,3.6,,1.5,1.5,1.5,2.5,2.7,2.7,2.7,5.0,5.0,5.0,2.4,2.4,1.8,1.0,1.7,,,,,0.5,2.0,1.1,3.0,1.2,,,3.0,1.0,1.8,,,2.1,-0.4,0.0,0.0,0.1,0.1,0.3,-7.8,-8.4,,3.8,,0.7,-0.7,-1.3,-2.7,-2.6,-0.2,-2.0,-4.1,1.2,,-0.5,,0.3,,0.3,0.1,,,0.3,,0.2,2.4,,0.4,0.2,0.1,2.0,3.6,,2.4,3.2,4.2,3.3,2.4,,3.8,,0.6,1.5,-0.8,1.6,,,,0.1,-0.1,-0.2,-0.4,0.1,0.0,0.1,0.7,0.1,,1.2,,,,,3.5,3.1,3.1,3.6,,,,,3.4,4.8,2.2,1.9,5.5,2.8,2.9,,3.1,,3.0,2.7,3.6,1.9,7.2,2.0,7.8,,,12.8,,6.7,,8.7,,6.4,2.0,,11.6,,3.8,,,1.8,2.3,2.8,2.5,1.8,1.8,,3.2,2.8,3.7,,,,2.2,1.4,3.9,,,1.5,1.0,0.1,0.2,4.2,2.7,2.3,0.7,3.6,0.6,0.4,1.7,1.6,2.5,1.4,0.5,1.3,,2.1,0.6,,4.9,0.4,,1.2,1.1,0.8,2.3,,5.9,1.4,2.1,1.2,-0.7,-0.1,-0.8,0.0,0.6,5.9,,,,,,2.2,,,0.2,,,,,2.0,,,,,8.7,9.4,,,,2.1,4.4,5.4,6.1,3.7,3.7,7.3,6.1,3.5,3.3,3.4,3.7,,6.0,,3.0,0.0,2.2,,,1.6,1.8,1.1,2.1,,,-0.4,-0.4,,1.4,-3.3,-2.0,,,,,-0.4,4.1,0.5,,,0.0,,,,,22.5,,-1.2,0.0,0.0,-1.4,,,,4.5,4.3,2.8,3.2,2.8,4.0,3.7,9.5,5.9,,,0.6,,0.6,6.3,,6.3,,,2.1,-1.9,,,,,,,-5.0,0.0,-0.9,,2.0,0.5,5.7,0.2,,1.6,0.0,2.2,3.2,,1.5,,,4.0,,,10.1,0.1,1.3,4.2,2.8,5.8,,0.6,,,,,,,,,,,,1.3,0.3,,,1.2,,1.2,2.9,4.8,0.3,3.1,2.3,2.3,,,3.4,,,,,2.4,,2.7,3.0,3.4,3.4,,,3.4,0.4,,6.2,,,2.8,,,,,,-3.3,,,,,,,,1.3,1.8,,2.8,0.6,1.7,,,2.5,-0.3,,,-0.6,0.9,3.4,,,,-0.3,,-0.2,3.2,0.5,0.0,4.5,,,-0.1,4.7,,5.9,,2.5,,,,,0.7,1.8,0.6,,4.7,1.9,-1.6,-1.3,-2.5,1.3,-0.2,4.2,0.0,0.0,,5.6,,,,,,11.6,,,2.4,2.3,-3.8,11.6,2.0,1.5,2.1,2.7,3.2,2.0,-1.8,2.4,2.7,3.7,2.6,
1986,0.6,0.2,1.0,0.7,0.1,0.2,3.0,0.7,7.3,,-0.1,-0.3,0.4,-0.1,-0.2,-0.1,-0.5,0.0,-0.8,,1.2,0.9,-3.9,-1.9,-0.2,-9.6,-5.1,2.4,32.4,-1.7,2.7,10.6,6.9,-6.6,1.7,-1.8,-4.0,-0.9,-2.5,2.8,-3.9,-4.2,,,,7.8,7.7,8.9,8.8,0.8,-0.2,,,0.1,-1.2,-1.4,1.1,-6.0,-1.8,,-1.9,-0.6,-0.4,-0.4,-1.0,,1.0,-0.3,-0.4,-0.7,-0.2,2.0,-0.9,0.0,-0.7,,4.2,4.2,-1.3,-2.3,-0.5,-11.3,10.1,8.7,-12.1,,-0.1,,1.8,15.3,-9.2,-6.4,25.5,17.9,0.3,8.0,-9.8,,,-11.3,6.7,-11.1,-7.1,-4.3,-20.0,-1.0,,,,0.3,-0.6,-3.5,-0.1,1.3,0.2,,1.0,0.2,-0.2,7.6,0.4,-2.8,4.5,1.8,,-0.3,-3.8,-7.2,-7.6,-13.2,-8.8,-10.5,,-6.3,,-5.1,-3.1,-2.8,0.2,-2.4,-12.7,,,,,4.3,,-0.5,-3.0,-5.7,4.0,-0.1,0.0,-0.4,0.4,-1.3,-0.2,-0.4,-0.2,1.3,,,0.2,-0.3,-0.9,0.2,0.0,,,,,0.8,0.8,1.4,,0.6,2.3,,0.7,2.6,,2.0,2.4,-3.1,-0.2,-0.4,-0.5,-1.7,-0.1,,0.8,1.0,,,1.0,,,,,,,,,,0.7,-0.3,2.1,1.4,-0.5,,1.4,,,0.0,,,2.4,,,,,,,,,0.8,-0.4,1.1,-7.4,,4.4,2.8,11.1,,,0.0,,0.0,-0.1,0.1,,,0.1,,,,,,0.0,0.0,0.0,0.0,,0.0,0.2,,,1.7,1.7,1.7,,1.5,1.4,,1.8,1.8,1.5,,1.0,,,,1.6,,,0.9,,,3.8,,1.2,,0.9,0.8,0.9,2.5,2.6,2.4,2.4,3.1,3.1,3.1,2.7,2.7,1.6,0.0,0.0,,,,,-0.6,1.9,1.9,2.6,0.8,,,3.4,1.5,1.9,,,1.7,-5.0,-5.0,-5.0,-4.4,-5.3,-3.0,-16.8,-17.4,2.4,1.8,5.2,0.0,-1.3,-2.0,0.7,0.6,-0.7,-3.9,-4.9,-0.8,,-1.8,-3.4,1.7,,0.2,1.4,,,1.0,,0.1,2.7,,1.0,3.3,1.8,1.2,1.3,,0.5,2.3,2.9,1.9,-0.9,,0.0,,0.9,0.5,-0.5,0.7,,,,-0.2,-0.3,-0.3,-0.3,-0.1,0.1,-0.2,-0.3,0.9,,-1.3,-0.2,,,,2.9,2.9,2.9,2.9,,,,,2.2,2.8,1.0,0.5,3.2,1.7,0.9,,1.1,,1.6,2.3,2.4,1.8,4.2,1.9,4.4,3.8,,2.3,,3.2,4.3,5.1,2.9,3.5,2.0,0.0,10.2,3.0,2.2,,,1.5,2.2,2.8,1.6,1.5,1.6,1.5,2.0,3.8,4.8,4.9,0.8,1.6,2.7,5.5,1.7,1.3,2.2,0.8,0.5,-0.1,-0.2,2.4,1.4,1.6,-0.2,2.5,0.1,0.1,1.0,1.3,1.8,1.5,-0.2,-0.2,,1.5,0.1,,3.4,0.6,1.2,1.0,0.8,1.1,1.0,,1.9,1.4,1.5,4.7,-0.3,-0.3,-0.5,-0.1,0.5,10.7,,-0.3,,,,0.8,,,-0.3,,,,,1.0,,,,,2.5,1.7,1.5,,,-0.7,2.7,3.0,3.4,1.9,1.9,5.6,2.8,1.3,1.3,1.9,1.3,,4.2,,0.8,0.0,6.9,,,-3.0,1.1,0.0,0.8,,,-0.3,-0.3,,-4.7,-12.0,-0.9,,,,,-0.4,2.6,0.6,1.5,1.4,0.0,,,,,9.1,6.5,-0.4,0.0,0.0,-0.4,,0.4,,3.6,4.0,4.0,2.6,2.7,4.3,3.3,6.5,5.4,,,0.1,,0.1,2.8,,2.8,,,1.5,-4.1,,,,,,,-1.5,0.0,1.2,,1.0,0.8,8.3,0.0,,1.3,0.1,1.9,0.9,-1.3,1.3,,,3.7,,,2.5,-0.1,8.6,0.0,1.1,-1.0,,-0.1,,,,0.1,,,,,,,,4.1,5.7,,,0.6,,2.6,3.0,6.5,0.3,2.2,3.0,3.0,,,2.6,,,3.1,,1.4,,2.1,1.7,0.0,0.0,,,2.4,0.0,,6.0,0.7,,2.1,,,,7.0,,-3.3,,,,,,,,2.0,1.0,,1.5,0.6,1.0,,,0.5,-0.6,-0.7,,-0.5,0.3,0.7,,,,0.4,,-0.3,0.7,0.1,0.0,0.0,,,0.1,0.0,,2.6,,1.7,,,,,-1.4,0.9,-0.7,,4.2,2.0,-4.4,-6.6,-0.6,0.9,0.3,2.3,7.4,7.4,,2.7,,,,,,5.3,,,-2.5,0.9,-2.3,-7.6,0.8,0.8,0.4,2.1,2.5,0.6,-7.9,1.6,1.9,3.0,1.7,
1987,0.1,-0.9,-0.1,0.0,0.0,-0.1,-0.5,-0.9,0.1,,0.0,-0.1,0.2,-0.6,-0.2,0.3,0.4,-0.9,1.2,,-1.6,-2.8,-1.0,-1.5,2.4,10.0,-0.7,2.7,8.2,-1.9,-10.3,-7.6,-2.3,-8.8,1.5,-5.4,-1.3,-1.6,-2.9,-3.6,4.6,-0.7,,,,2.4,1.9,2.7,3.1,1.1,-0.5,,,2.7,-1.9,-2.1,1.1,-16.0,-1.7,,-3.4,-0.6,-0.5,-0.5,-1.4,,-9.6,-1.1,-1.0,-1.6,-1.0,1.2,-0.9,-2.5,-1.9,,-29.4,-29.4,-0.8,-0.7,-7.5,-1.2,-6.3,-13.2,-2.2,,-2.0,,-4.6,1.6,-0.9,-3.2,-9.7,-5.8,-3.1,3.7,17.8,,,10.0,-5.1,3.7,-4.6,2.3,14.1,3.4,,,,-0.7,-0.8,-3.8,-0.8,0.1,0.1,,-0.6,-0.6,-1.4,1.3,-0.8,-3.5,0.4,0.7,,-0.2,-4.7,-5.0,-5.2,-11.2,-7.8,-0.6,,0.5,,1.4,1.7,-6.9,-2.7,-3.4,-10.3,,,,,-1.2,,-2.3,-9.3,-9.9,-8.0,-1.0,0.0,-0.2,-0.6,-2.2,0.0,-0.4,-1.2,-5.9,,,0.2,0.3,-0.2,0.4,-0.2,,,,,0.3,0.4,1.5,,0.8,1.4,,-0.4,0.7,,-0.6,1.0,-0.8,-0.3,-6.2,0.3,-1.7,0.0,,1.0,1.1,,,1.1,,,,,,,,,,1.1,1.3,1.6,2.0,0.5,,2.4,,,0.2,,,0.3,,,,,,,,,-1.8,-0.4,0.7,-6.3,,-8.2,-8.1,-9.0,,,0.0,,0.0,0.3,0.0,,,0.0,,,,,,-0.1,0.0,0.0,0.0,,0.0,0.0,,,0.9,1.0,1.2,,1.4,1.1,,1.0,0.9,1.1,,0.3,,,,1.0,,,1.4,,,1.3,,0.4,,0.6,0.8,0.6,2.8,3.1,3.1,3.1,3.4,3.4,3.4,3.0,3.0,1.2,0.5,0.2,,,,,0.2,1.4,3.9,1.8,0.7,,,2.4,1.1,2.4,,,0.3,-7.4,-7.1,-7.1,-7.0,-8.1,-5.7,-24.5,-25.5,1.4,1.0,3.0,-0.6,-2.0,-2.3,-2.0,-1.8,1.7,-3.9,-4.1,1.2,,-3.9,-3.1,3.2,,0.7,1.1,,,1.0,,0.5,1.3,,-1.4,-0.2,-2.0,1.0,-0.3,,0.3,1.9,1.9,2.1,-1.0,,-0.7,,0.0,0.4,0.5,0.4,,,,-0.5,-1.2,-2.2,-0.5,-0.3,-0.5,-0.2,-0.1,-0.3,,0.4,-0.6,,,,2.0,3.0,3.0,1.7,,,,,1.1,1.1,1.2,1.1,1.0,0.6,1.3,,-0.2,,1.3,1.1,0.2,3.7,-0.6,0.9,1.5,-0.9,,2.2,,0.4,1.2,1.7,0.8,0.5,-0.3,1.4,1.4,1.2,-0.4,,,0.8,1.7,2.2,1.9,1.7,0.4,3.9,2.0,2.9,3.4,1.9,0.6,2.4,4.4,0.5,0.9,-0.8,-0.3,0.5,-0.2,-0.3,-0.1,0.0,1.3,0.6,0.1,2.3,0.1,0.1,1.0,1.3,1.6,3.1,-0.5,-0.2,,1.0,0.6,,2.9,-0.7,0.3,0.9,0.7,0.7,0.8,,1.9,2.1,7.7,8.7,-0.2,0.0,-0.4,-0.1,5.1,0.7,,0.4,,,,0.4,,,-0.2,,,,,1.0,,,,,2.2,2.2,1.4,,,0.7,2.0,3.1,3.4,2.0,2.0,3.2,2.7,2.0,2.0,2.3,1.9,,2.8,,0.2,0.0,0.0,,,0.4,1.2,1.5,1.2,,,0.4,0.4,,0.0,-3.1,-0.8,,,,,0.0,3.8,-1.3,3.3,0.9,15.4,,,,,0.0,8.0,-0.5,0.0,0.0,-0.6,,-0.1,,3.4,3.8,4.8,2.3,2.6,3.9,3.0,7.2,5.1,,,1.8,,1.8,2.5,,2.5,,,0.5,-7.6,,,,,,,-1.1,1.4,-2.9,,0.1,0.4,1.4,0.1,,0.5,0.1,1.2,0.6,1.1,0.2,,,0.1,,,0.1,-0.3,0.6,-0.1,-1.3,0.9,,-0.4,,,,0.2,,,,,,,,1.9,2.4,,,2.4,,1.8,0.8,0.0,0.8,1.9,2.3,2.3,,,2.3,,,1.8,,2.5,,1.8,1.6,0.0,0.0,,,2.2,0.0,,5.8,1.2,,2.3,,,,3.0,,-3.1,,,,,,,,1.2,1.0,,1.0,0.5,0.9,,,0.3,-0.4,-0.3,,-0.5,-0.2,0.1,,,,-0.1,,-0.7,0.4,-0.1,0.0,0.0,,,-0.2,0.5,,1.6,,0.9,,,,,-0.6,1.0,0.8,,0.9,1.9,-2.6,-3.9,-1.2,0.8,-0.3,2.6,3.4,3.4,,2.2,,,,,,4.6,,,-2.6,-2.8,-0.7,-5.2,0.3,-0.6,-0.2,2.4,3.1,0.0,-7.5,0.9,1.5,2.8,0.9,
1988,0.7,0.7,-1.2,-1.7,-1.1,-1.5,-0.6,-0.8,-0.1,,-0.1,-0.2,0.5,-0.4,-0.4,0.3,-0.1,-1.5,0.6,,-0.8,-3.3,-0.4,-9.3,2.7,-3.6,8.6,2.4,-13.3,-1.6,1.0,-12.6,0.5,-7.2,1.8,3.6,-0.7,4.2,5.9,0.5,22.7,-4.1,,,,0.4,-0.4,0.2,1.0,1.3,0.6,,,2.5,-0.9,-1.0,1.0,-6.1,-0.7,,-3.0,-0.5,-0.4,-0.1,-1.7,,-1.0,-0.4,-0.5,-0.8,-0.1,5.2,-1.6,-1.6,-1.1,,-2.9,-2.9,9.5,14.9,33.9,32.9,48.0,28.6,29.2,,-1.3,,15.8,-0.1,-2.9,14.2,7.1,14.1,26.3,12.4,12.5,,,8.6,7.1,8.5,15.2,6.5,8.1,-0.8,,,,0.7,1.4,0.9,0.9,1.6,5.9,,-0.4,-0.4,-1.0,0.9,1.2,-2.0,7.6,-0.1,,4.3,-3.2,0.8,1.0,-4.8,1.0,-11.5,,6.7,,1.7,8.4,6.1,7.5,1.8,3.2,,,,,-4.2,,-1.1,-2.3,-2.8,-0.9,-0.9,0.0,-0.1,-0.5,-1.3,-1.1,-0.2,-1.5,-3.9,,,-0.1,-0.2,-1.5,0.1,0.1,,,,,-0.3,0.7,1.1,,1.1,0.6,,-1.1,-2.0,,0.0,-0.2,-1.0,-0.3,-9.2,-0.1,-2.9,-0.1,,0.1,0.3,,,0.3,,,,,,,,,,-0.1,-1.5,1.8,0.9,-1.1,,1.3,,,0.2,,,-1.0,,,,,,,,,-2.0,-0.3,0.8,-4.8,,-9.1,-10.1,-5.4,,,-0.2,,0.0,-0.7,-0.1,,,0.1,,,,,,0.0,0.0,0.0,0.0,,0.0,0.0,,,0.8,0.9,1.3,,1.1,1.0,,1.0,0.9,0.9,,0.5,,,,0.8,,,1.6,,,0.6,,0.4,,0.2,0.2,0.1,2.1,2.3,2.5,2.5,3.5,3.5,3.5,2.1,2.1,1.8,0.7,1.2,,,,,2.8,1.9,2.8,2.8,1.6,,,2.6,1.3,4.0,,,0.4,-2.4,-2.4,-2.4,-2.2,-2.0,-2.7,-12.4,-13.0,1.8,1.8,2.0,-0.5,-1.7,-3.2,-5.0,-3.3,2.1,-5.2,-4.5,-5.4,,-1.9,-3.6,1.7,,1.2,0.9,,,1.1,,0.8,0.9,,-0.7,-2.1,-0.8,0.6,0.7,,0.5,1.2,2.3,0.7,-0.1,,0.5,,-0.2,0.7,0.3,1.2,,,,-1.1,-1.0,-1.9,-0.5,-1.5,-3.4,-0.8,-0.3,-1.4,,0.2,0.0,,,,2.0,2.4,2.4,1.9,,,,,1.2,1.4,1.0,0.4,1.5,0.7,0.8,,0.0,,1.9,1.8,0.6,2.8,-1.4,-0.2,2.3,0.2,,4.0,,3.0,1.0,2.7,2.4,1.8,-2.1,1.9,1.9,0.4,0.8,,,2.0,1.2,1.3,1.7,1.6,5.3,0.8,1.0,1.2,1.1,0.1,1.9,6.7,1.2,1.0,0.7,-1.9,2.0,0.9,0.0,0.1,0.5,-0.3,1.9,0.6,0.1,3.6,0.1,0.1,0.8,1.3,1.5,1.3,-0.7,0.5,,0.7,0.1,,2.3,0.2,1.1,1.0,0.9,0.8,0.8,,0.4,0.8,-0.3,1.7,-0.5,-0.5,0.4,0.1,2.2,0.4,,0.3,,,,0.6,,,-0.3,,,,,1.1,,,,,0.1,-0.5,2.0,,,-0.5,0.7,0.0,0.0,0.0,0.0,0.0,0.0,2.6,2.5,3.1,2.9,,1.3,,0.0,0.0,0.0,,,-1.0,0.5,1.0,0.9,,,-1.9,-1.9,,-1.6,-4.3,-0.7,,,,,0.1,8.2,1.5,2.7,1.4,0.0,,,,,0.0,0.4,-1.3,0.0,0.0,-1.6,,0.5,,3.4,3.7,4.5,3.6,2.4,3.9,2.9,6.7,4.9,,,0.3,,0.3,2.8,,2.8,,,0.6,-8.6,,,,,,,-11.2,1.9,2.7,,1.7,0.3,0.5,0.2,,0.4,-0.1,0.3,0.7,-0.7,0.9,,,0.9,,,2.3,0.0,0.3,10.1,9.6,10.8,,-0.4,,,,0.6,,,,,,,,0.7,0.1,,,0.8,,1.8,1.5,0.0,2.0,1.8,2.9,2.9,,,2.1,,,1.8,,1.3,,1.5,1.4,0.0,0.0,,,1.8,0.1,,4.9,0.9,,2.3,,,,2.9,,-2.7,,,,,,,,0.4,0.9,,0.9,0.4,1.2,,,-0.1,0.2,0.9,,-0.4,-0.6,-0.1,,,,-0.6,,-0.9,0.0,0.1,0.0,0.0,,,-0.1,0.5,,0.0,,0.4,,,,,0.6,1.1,0.2,,2.7,2.2,-0.1,0.2,-0.8,1.0,0.0,2.8,0.0,0.0,,2.5,,,,,,4.6,,,4.5,-3.3,14.9,1.0,0.4,0.0,0.5,2.3,2.6,0.3,-3.6,0.7,1.1,2.7,0.6,
1989,2.3,2.2,1.7,1.5,2.2,1.6,2.2,2.5,1.5,,2.0,2.0,1.4,1.9,1.7,2.7,1.5,0.3,2.3,,1.7,0.5,5.5,-1.3,2.6,10.5,-1.5,-4.8,-18.4,2.8,6.0,-7.4,3.2,-3.2,3.4,8.7,-3.5,4.0,4.0,10.4,-2.6,-4.8,,,,1.6,1.4,1.4,1.9,3.2,2.6,,,2.4,1.4,1.3,3.0,0.3,1.1,,-0.5,1.2,1.0,1.2,0.2,,4.8,2.7,2.2,1.2,3.5,11.1,0.4,2.4,2.6,,11.6,11.6,-0.3,-2.5,-23.2,-13.1,-15.2,14.8,-19.4,,1.3,,6.5,-5.3,12.2,-1.8,3.3,4.4,-0.5,2.6,12.5,,,-0.7,-9.9,2.8,4.3,7.1,-11.1,-1.2,,,,3.8,3.7,0.4,2.3,5.8,7.2,,3.5,4.1,2.6,2.7,4.0,0.8,8.5,3.6,,6.1,3.7,8.9,9.3,8.6,16.6,5.1,,5.1,,16.5,7.2,11.4,1.6,7.9,5.2,,,,,0.3,,1.4,2.8,3.0,2.2,1.0,2.0,0.9,1.6,-3.0,1.3,1.8,0.1,1.6,,,2.0,2.6,0.2,1.7,3.4,,,,,1.8,2.5,3.6,,3.3,2.9,,1.3,1.2,,3.2,1.6,0.8,1.5,-7.3,1.3,-0.2,1.4,,2.8,2.7,,,2.7,,,,,,,,,,2.9,3.8,3.7,3.1,3.2,,1.7,,,2.2,,,1.8,,,,,,,,,1.6,2.3,3.2,0.0,,-0.3,-1.2,2.3,,,2.0,,1.1,1.8,0.8,,,5.7,,,,,,-1.2,3.8,7.8,-2.4,,0.4,0.8,,,3.7,3.8,5.3,,4.5,5.1,,4.8,4.2,4.3,,4.4,,,,4.7,,,5.0,,,2.7,,2.0,,1.3,1.2,1.4,3.0,2.8,2.5,2.5,5.3,5.3,5.3,2.8,2.8,3.7,2.9,3.2,,,,,4.9,3.9,3.3,5.2,6.3,,,4.9,4.3,6.2,,,1.1,-0.3,-2.3,-2.3,0.6,0.7,0.6,-1.5,-1.9,2.4,2.6,1.8,0.5,-2.3,-5.6,-14.2,0.0,3.2,-12.2,-4.7,-13.4,,-2.1,-4.7,0.6,,2.5,3.6,,,1.7,,1.0,3.6,,1.4,1.2,1.9,2.2,3.2,,3.1,3.6,4.6,3.4,3.6,,5.5,,1.8,2.3,1.6,1.5,,,,-0.3,1.1,0.6,1.7,-2.3,-5.2,-1.4,0.6,0.8,,2.1,-1.6,,,,3.6,2.8,2.8,3.9,,,,,4.4,5.2,4.6,4.0,5.4,4.6,3.7,,4.6,,6.8,4.3,5.2,8.3,3.6,1.7,6.0,7.7,,6.6,,4.9,6.6,9.7,5.1,4.4,2.9,2.7,8.8,2.5,4.6,,,5.2,4.2,4.5,4.1,4.1,6.3,5.0,2.9,4.8,6.6,5.6,0.5,12.3,4.5,1.4,4.3,0.8,9.0,3.5,2.6,2.0,1.9,4.9,4.8,6.2,2.2,5.7,2.2,2.2,2.8,3.5,3.1,4.6,0.8,2.0,,2.9,5.0,,5.2,2.4,3.8,2.4,2.6,2.2,1.8,,1.5,1.9,1.7,1.9,1.6,1.6,2.8,1.6,2.8,1.6,,1.9,,,,3.1,,,1.1,,,,,4.7,,,,,1.0,0.3,2.6,,,1.1,2.5,2.0,2.2,1.6,1.6,2.3,2.2,4.1,3.8,4.3,4.2,,4.1,,2.5,-4.9,4.0,,,0.3,-4.5,-2.7,-4.5,,,-0.5,-0.5,,2.5,3.1,1.8,,,,,2.6,4.6,2.1,5.8,5.4,0.0,,,,,0.0,1.0,0.7,1.9,2.5,0.2,,8.1,,4.0,4.0,3.1,2.8,3.5,2.4,5.0,6.7,5.2,,,2.3,,2.3,4.2,,4.2,,,3.2,-7.0,,,,,,,-14.0,-4.5,1.5,,2.0,3.9,2.0,7.8,,1.9,-9.3,3.2,2.3,3.1,4.2,,,2.0,,,1.6,2.0,2.3,3.3,5.9,0.7,,0.2,,,,1.7,,,,,,,,8.1,12.2,,,3.5,,5.4,2.8,1.6,4.1,4.0,5.3,5.3,,,3.7,,,3.6,,3.9,,3.8,3.5,2.3,2.3,,,4.0,4.7,,7.6,2.0,,2.7,,,,6.6,,0.0,,,,,,,,1.4,3.5,,4.9,2.8,3.1,,,0.9,2.0,3.0,,0.9,1.2,1.6,,,,1.4,,0.7,0.8,2.0,2.2,0.5,,,0.9,-0.1,,0.8,,0.5,,,,,1.0,2.2,3.1,,-0.4,3.7,-1.3,-1.7,-1.8,3.9,2.9,5.8,0.0,0.0,,0.5,,,,,,0.9,,,1.2,0.5,-2.5,9.3,2.4,2.4,2.3,3.3,3.0,2.3,0.0,2.6,2.5,3.5,3.0,
1990,3.1,4.0,1.7,1.2,1.6,1.1,1.4,1.4,1.7,,4.3,4.4,3.5,2.7,5.8,3.2,1.0,-0.4,1.7,,3.6,5.1,4.9,6.7,9.5,22.7,-1.6,11.6,14.2,2.0,-1.5,5.8,3.2,-1.4,5.1,16.5,4.6,1.2,-1.2,2.2,7.4,4.8,,,,2.5,2.5,1.9,2.7,1.9,1.4,,,3.9,2.7,2.5,2.7,8.3,2.7,,1.6,3.6,2.6,5.2,2.9,,5.3,2.3,0.8,0.2,5.9,6.9,2.2,0.2,12.4,,14.5,14.5,11.5,15.8,30.5,33.9,24.2,0.6,31.4,,0.9,,-4.8,14.3,38.4,17.9,29.5,-10.6,7.7,2.0,-5.6,,,20.2,8.6,19.4,6.6,10.3,26.0,11.8,,,,4.1,3.2,2.6,1.0,7.0,4.8,,4.4,4.2,4.7,4.8,4.8,7.6,4.9,4.0,,3.7,0.3,11.5,11.9,5.3,16.4,0.6,,23.7,,5.3,12.5,17.8,3.3,8.5,3.6,,,,,2.6,,2.8,3.8,3.5,4.9,2.6,0.6,2.8,2.1,-1.3,2.8,4.6,5.5,5.0,,,4.6,0.8,3.6,2.4,2.8,,,,,2.8,3.2,1.9,,2.0,4.2,,7.3,2.4,,2.2,0.7,13.9,1.4,-0.1,0.4,-1.2,5.3,,2.5,1.8,,,1.8,,,,,,,,,,2.7,1.5,3.6,3.6,1.3,,2.9,,,1.3,,,3.7,,,,,,,,,0.7,1.4,1.8,0.7,,0.3,0.0,1.9,,,0.7,,0.3,0.6,0.2,,,1.6,,,,,,2.2,1.2,2.5,4.6,,0.1,0.3,,,2.4,2.5,3.1,,2.9,3.3,,2.9,2.2,3.1,,2.5,,,,2.5,,,2.4,,,2.1,,2.4,,1.2,1.3,1.2,3.1,2.8,2.3,2.3,3.4,3.4,3.4,3.0,3.0,4.3,2.1,2.0,,,,,7.8,4.8,2.0,5.3,6.9,,,6.0,4.3,6.6,,,2.6,2.3,-1.0,-1.0,2.4,0.2,5.1,24.2,25.9,1.6,1.3,2.0,0.1,-1.3,-3.0,-0.5,-2.3,1.4,-6.9,-3.5,-4.1,,-4.2,-10.2,0.3,,3.6,3.3,,,0.8,,0.2,1.1,,-0.1,3.3,-1.1,2.0,0.4,,2.1,3.9,4.2,4.3,1.4,,1.6,,2.9,1.3,0.7,0.7,,,,-0.5,1.2,0.7,1.3,-1.8,-2.5,-1.6,-0.7,1.2,,0.9,-4.6,,,,2.8,3.8,3.8,2.5,,,,,4.8,5.5,4.1,3.3,5.7,4.7,3.7,,3.9,,7.4,4.8,6.5,8.5,4.1,3.3,6.5,6.0,,7.2,,9.7,3.8,9.6,5.0,3.3,8.4,3.3,5.8,3.0,4.8,,,5.4,4.9,6.2,5.4,3.1,4.9,4.0,7.0,6.8,8.0,9.3,5.5,11.9,3.9,7.7,5.8,5.4,5.1,2.6,1.9,0.6,0.8,4.5,3.8,4.7,1.7,4.8,0.7,0.7,3.5,4.7,3.3,3.1,3.4,3.0,,3.2,4.5,,4.3,2.0,3.7,2.6,2.6,2.3,1.9,,0.5,0.8,0.5,1.4,0.4,0.3,0.6,1.9,2.0,0.9,,0.9,,,,-3.2,,,-14.0,,,,,1.3,,,,,1.5,0.7,3.6,,,1.4,1.4,0.6,0.6,0.6,0.6,0.7,0.7,1.6,1.6,1.9,1.6,,3.4,,2.4,-1.8,2.7,,,2.2,-1.0,-1.4,-1.1,,,0.9,0.9,,3.4,5.2,0.2,,,,,1.4,4.8,2.0,2.3,6.5,5.0,,,,,0.0,2.7,-0.6,0.6,0.8,-0.9,,2.3,,5.0,5.1,3.7,3.8,7.0,2.5,5.5,8.0,7.2,,,1.7,,1.7,5.2,,5.2,,,3.4,-0.9,,,,,,,-8.1,10.3,5.2,,2.1,2.0,1.9,3.0,,1.2,-4.4,2.2,0.6,1.7,2.2,,,1.7,,,3.5,0.8,0.8,8.5,8.7,8.0,,-0.6,,,,0.5,,,,,,,,2.8,1.5,,,3.7,,3.6,5.1,6.1,5.4,4.8,6.5,6.5,,,3.1,,,3.3,,2.7,,2.7,5.1,22.6,22.6,,,3.2,1.7,,4.5,3.0,,2.5,,,,4.5,,-1.2,,,,,,,,1.1,2.2,,2.1,1.7,1.9,,,-0.1,0.1,-0.2,,0.3,0.4,0.5,,,,0.7,,-0.2,-0.3,0.4,0.7,0.1,,,-2.1,0.0,,0.2,,0.1,,,,,2.8,4.8,5.3,,5.4,2.4,0.2,0.3,0.0,4.0,2.7,6.4,0.0,0.0,,0.0,,,,,,0.0,,,10.9,5.1,15.8,11.9,2.7,2.4,3.1,3.4,2.6,2.6,3.4,2.5,2.6,4.3,3.0,
1991,3.3,4.8,2.5,-0.1,-0.2,0.0,3.9,2.0,7.3,,8.9,10.8,9.9,8.1,8.0,7.7,4.0,-0.3,4.9,,4.0,2.6,1.5,2.9,15.5,-10.0,-3.2,30.8,-3.3,-1.5,3.4,2.3,6.0,0.5,3.9,16.2,5.7,2.5,-2.4,4.9,6.4,6.0,1.7,,,13.8,14.6,14.3,13.6,5.8,1.4,5.9,6.1,9.2,2.9,2.7,3.0,7.8,2.5,,1.6,3.7,2.8,5.1,3.0,,4.9,2.6,2.9,1.6,1.9,3.1,0.9,0.0,3.7,,12.3,12.3,13.2,15.8,36.9,21.9,35.0,12.6,16.4,10.0,11.4,,15.0,27.3,4.2,17.7,5.9,48.0,5.0,2.6,-23.3,,,15.9,32.8,7.2,19.0,10.6,31.5,8.1,5.6,,,8.6,3.9,4.3,2.3,6.1,7.9,,11.0,10.3,8.8,16.4,9.8,8.4,2.4,12.9,,6.3,0.1,11.6,11.3,12.2,20.4,28.3,,6.8,,15.2,9.8,9.9,6.5,3.5,6.7,-11.9,,,,20.4,,6.5,7.1,7.5,6.3,6.4,0.0,9.7,10.7,0.5,6.2,8.2,8.3,5.6,,,7.1,0.2,8.0,7.2,7.2,,,,,3.6,4.5,3.1,,4.5,4.4,0.2,8.1,3.9,,4.6,1.8,5.7,5.2,0.1,0.3,-0.5,12.0,,5.0,4.6,,,4.2,,,,6.6,,,,,,5.1,0.6,6.6,5.2,2.8,,6.9,,,11.9,,,7.2,,,,,,,,,1.9,2.0,2.2,0.4,,3.0,0.9,6.0,,,1.5,,0.2,0.2,0.0,,,6.9,,,,,,2.1,4.5,4.1,1.1,,0.0,0.0,10.0,,2.8,2.8,5.5,,4.1,4.0,,2.8,3.0,3.3,,2.4,,,3.2,2.4,,1.0,2.4,,,3.4,,2.5,,2.1,2.4,1.6,3.1,2.9,2.7,2.7,1.7,1.7,1.7,2.9,2.9,5.1,1.9,1.2,,,,,2.2,5.8,3.1,8.0,9.8,,,6.5,5.0,6.2,,,2.9,2.3,0.0,0.0,4.1,0.0,9.5,11.8,11.8,0.9,0.8,1.3,0.8,-2.1,-2.2,1.0,-5.2,2.9,-3.2,-2.8,-2.9,,-7.4,-11.5,-0.6,,4.6,4.9,,4.6,1.3,-0.1,0.3,2.6,,0.2,2.2,-1.1,1.3,-0.2,,4.6,7.8,7.9,8.0,3.8,,5.9,,8.6,2.4,0.4,2.0,,,,1.8,3.4,1.5,4.9,1.7,1.3,2.2,0.2,0.2,,1.7,-1.4,,,,3.0,4.6,4.6,1.8,,,5.4,5.4,4.7,5.2,3.0,2.0,5.5,2.7,1.8,,2.2,,3.6,3.1,2.9,4.1,3.6,5.1,7.6,12.8,,5.1,,9.5,6.7,6.6,5.7,2.7,8.3,3.0,13.5,5.9,3.6,,,4.1,4.4,4.8,2.8,2.2,1.2,2.5,3.9,5.8,4.5,9.7,5.8,4.8,4.8,5.5,5.4,4.9,5.7,3.3,2.5,1.6,2.6,3.9,4.8,3.4,2.6,6.9,0.4,0.4,5.2,5.8,4.2,5.4,5.6,8.3,,3.2,10.2,,3.9,2.1,2.0,3.7,4.6,3.6,3.4,,0.3,2.0,-0.1,7.2,-0.1,-0.3,0.1,10.1,0.4,4.0,,0.2,,,,-0.5,-3.1,,-4.8,-2.4,,,,1.6,0.0,1.5,,,0.5,0.2,4.9,,,0.7,1.0,0.0,0.0,0.0,0.0,0.0,0.0,1.8,1.6,1.8,2.3,,1.4,,5.5,-0.3,0.0,,,1.4,0.9,0.4,1.0,,,4.8,4.8,,1.6,1.8,3.0,,,,,2.8,4.0,3.1,3.6,3.0,1.6,,,,,-5.4,3.1,-1.8,0.0,0.0,-2.9,,10.4,,4.8,4.6,4.0,4.4,4.0,2.4,4.6,5.9,5.9,,,7.5,,7.5,5.3,,5.3,,,2.9,-0.9,,,,,,,-4.4,1.0,7.2,,3.7,6.3,9.7,7.2,,2.8,0.0,4.9,-1.1,-0.2,3.8,,,0.1,,,0.1,0.0,0.1,10.8,5.9,12.9,,1.6,,-0.7,,0.5,,,,,,0.7,,2.4,0.5,,,2.3,,2.2,6.2,4.9,7.2,3.5,5.4,5.4,,,3.0,,,2.3,,2.9,,3.3,2.9,5.8,5.8,,,2.8,1.3,,5.2,2.6,,3.8,,,,2.7,,-0.3,,,,,,,,1.9,2.9,,2.4,2.6,4.2,,,0.5,-0.7,-2.2,,0.4,0.4,0.1,,,,0.6,,0.3,0.6,0.0,0.0,1.0,,,-1.6,0.3,,2.7,,4.0,,,,,3.8,7.4,7.1,,11.1,2.7,-0.3,-1.4,-1.5,3.2,2.4,4.6,0.1,0.2,0.0,0.0,,,,,,0.0,,,9.8,2.6,15.8,11.3,2.9,3.7,3.3,3.6,2.5,2.9,2.4,2.9,2.6,4.6,2.4,
1992,1.6,0.6,2.8,3.9,4.1,4.2,1.5,1.8,1.0,,0.9,0.5,3.1,0.3,0.3,0.9,3.8,0.8,4.6,,1.6,-1.5,0.7,-8.0,-1.6,9.7,3.5,4.0,-8.3,-2.0,4.4,-10.9,0.2,-2.5,3.2,3.4,-3.7,2.5,-1.4,8.6,-2.9,-0.8,6.9,,,14.9,14.7,15.9,15.0,3.4,1.1,5.6,4.1,1.3,1.2,1.5,1.6,3.5,1.4,,1.2,-0.1,-0.6,-0.1,0.2,,-5.0,1.5,1.9,0.6,0.3,5.9,-1.2,0.0,0.3,,-24.1,-24.1,-8.6,-15.5,-39.7,-22.7,-37.3,-5.1,-36.3,-20.2,3.0,,18.2,-15.9,-18.0,-25.1,-13.1,13.0,-18.5,10.6,2.9,,,-12.8,-19.6,-14.5,-8.8,-6.5,-20.2,-2.2,-10.8,,,4.4,4.8,7.7,0.4,6.2,13.9,,4.1,3.6,3.5,6.6,4.6,1.0,6.7,12.2,,6.5,0.1,1.6,1.2,19.3,-5.6,-22.4,,1.3,,-15.4,0.6,-8.1,1.7,9.8,2.3,14.3,,,,8.2,,0.7,0.3,0.1,0.3,0.8,24.8,0.3,0.5,0.1,0.1,0.7,-0.1,0.2,,,0.5,-0.1,0.2,1.0,-0.3,,,,,1.9,2.6,2.6,,3.7,2.7,0.1,1.7,2.7,,3.4,6.1,-0.4,0.7,0.1,0.5,0.2,0.6,,2.6,2.4,,,2.5,,,,2.2,,,,,,2.7,-0.3,5.3,4.3,2.2,,5.1,,,2.0,,,-0.7,,,,,,,,,4.3,2.2,2.5,-0.3,,0.3,-0.1,0.9,,,6.1,,6.3,7.9,7.0,,,5.1,,,,,,0.3,2.2,2.3,0.0,,0.0,0.2,2.2,,2.4,2.4,3.9,,3.3,3.8,,2.9,2.7,2.8,,2.1,,,3.8,2.6,,-1.4,3.0,,,3.0,,1.6,,3.5,3.9,2.8,3.1,2.7,2.9,2.9,2.7,2.7,2.7,2.7,2.7,5.0,2.7,3.1,,,,,0.7,5.7,10.3,8.7,4.6,,,7.0,3.0,6.4,,,2.5,0.1,0.0,0.0,0.3,0.1,0.4,-3.7,-3.7,1.7,1.5,2.6,1.2,-0.2,-1.6,-5.6,-6.5,5.5,-1.0,-1.6,-0.4,,0.1,-0.6,-0.6,,1.8,1.8,,2.5,3.2,3.0,2.5,2.9,,0.3,4.1,-1.8,2.4,2.3,,3.0,5.8,6.1,5.0,0.9,,1.2,,6.6,2.1,0.6,1.4,,,,-0.1,-0.2,-1.5,0.8,-1.0,-1.5,-1.0,1.0,0.1,,2.3,0.2,,,,2.8,4.7,4.7,3.5,,,0.0,0.0,3.1,2.9,2.8,2.1,3.0,1.7,0.5,,0.6,,2.0,2.4,2.5,4.0,0.4,8.5,3.9,7.4,,2.0,,1.8,3.9,3.5,1.2,2.3,6.1,2.4,4.1,6.9,2.4,,,3.7,3.6,3.1,2.1,2.9,0.0,2.4,2.2,3.6,3.1,3.0,6.5,4.1,3.3,2.8,5.3,3.3,5.6,4.8,4.8,4.4,7.1,3.4,6.4,5.6,6.8,6.3,0.9,0.9,2.1,2.0,1.3,1.8,1.3,6.0,,3.6,7.5,,2.9,2.8,4.7,3.5,3.6,3.4,2.9,,3.1,0.4,-0.9,2.1,-0.8,-1.0,-0.7,0.8,0.5,2.7,,0.2,,,,0.7,-1.3,,-0.6,-1.1,,,,2.1,-0.1,0.2,,,4.6,4.0,2.6,,,0.5,2.3,0.0,0.0,0.0,0.0,0.0,0.0,7.6,6.4,7.7,10.0,,3.8,,2.6,0.0,0.0,,,0.4,-0.6,1.4,-0.4,,,2.4,2.4,,0.7,-2.9,3.0,,,,,4.7,2.8,3.5,10.4,4.0,0.0,,,,,-1.9,3.0,-2.0,0.0,0.0,-2.6,,1.0,,4.4,4.4,4.9,4.1,3.3,3.1,4.0,6.0,4.7,,,0.7,,0.7,4.4,,4.4,,,3.2,-0.7,,,,,,,-0.2,2.1,11.6,,1.5,2.4,1.6,2.1,,3.2,0.3,4.8,2.5,11.5,3.5,,,1.1,,,0.3,3.1,0.3,-3.2,-4.0,-2.9,,2.4,,-0.2,,-0.2,,,,,,0.5,,9.7,14.1,,,0.7,,0.8,5.2,1.3,9.4,2.9,3.4,3.4,,,3.5,,,2.2,,5.0,,3.8,2.4,0.0,0.0,,,3.1,2.5,,3.8,2.4,,3.4,,,,4.6,,-0.1,,,,,,,,1.7,4.3,,4.9,3.3,5.8,,,0.5,-1.9,-3.1,,-1.3,0.0,0.2,,,,0.0,,-0.3,0.8,-0.3,-0.1,1.5,,,-0.3,2.7,,0.5,,0.8,,,,,1.4,3.1,3.0,,3.0,3.3,-1.6,-1.6,3.8,3.6,3.1,4.6,0.4,0.4,0.0,0.7,,,,,,1.5,,,-6.5,-1.5,-15.5,1.2,2.2,2.1,1.6,3.8,2.8,2.1,-1.1,2.5,2.5,4.2,2.8,
1993,1.3,1.0,2.2,3.0,2.5,2.6,0.6,0.5,0.9,,0.4,1.0,1.2,-0.2,-0.1,-0.6,7.0,0.2,8.5,,-0.6,-1.5,1.5,-0.4,-0.6,-13.0,-5.4,-1.9,1.0,-4.1,2.9,-1.6,-4.0,-2.1,1.0,0.6,-8.3,0.6,-2.7,4.0,4.3,-4.2,10.5,,,1.3,0.5,1.7,1.8,-0.3,1.0,-1.3,1.2,-0.3,-0.8,-0.6,0.4,-6.6,-0.6,,-0.2,-1.5,-0.6,-3.4,-0.1,,-0.5,-0.2,-0.1,-0.3,-0.4,3.2,-1.3,-0.4,-0.4,,-1.9,-1.9,7.9,11.5,51.8,4.2,20.1,3.6,45.7,1.1,1.7,,-1.9,3.1,30.9,12.8,-6.4,-23.3,16.2,21.9,35.2,,,14.9,9.7,14.2,19.9,3.3,15.0,-1.3,5.7,,,2.7,4.8,2.7,0.7,2.8,4.1,,1.4,0.5,1.4,3.3,2.3,-0.2,4.7,3.0,,0.9,1.0,-11.4,-11.8,-22.6,-14.1,-19.2,,-11.5,,9.1,-3.7,-5.4,-7.0,-4.4,-18.9,-8.6,,,,-1.8,,-0.3,-1.6,-1.4,-1.8,-0.1,14.3,-0.4,-0.7,-0.8,-0.6,0.0,-1.2,-0.1,,,-0.6,0.0,-0.3,-0.2,-0.7,,,,,1.0,3.6,2.2,,2.0,1.7,-0.2,0.2,-1.1,,1.9,0.3,-0.6,0.6,0.0,-0.3,-2.1,5.0,,1.5,1.6,,,1.8,,,,0.4,,,,,,1.5,1.6,1.9,3.0,-0.1,,0.9,,,2.2,,,-0.9,,,,,,,,,1.6,1.5,1.8,-1.4,,-0.5,-0.2,-0.8,,,2.3,,2.5,4.4,2.2,,,0.1,,,,,,-0.1,0.5,0.5,0.0,,0.0,0.0,-2.8,,1.9,1.8,2.5,,2.3,2.3,,2.0,2.6,1.9,,1.5,,,2.1,2.1,,1.1,2.1,,,1.8,,1.3,,1.8,1.9,1.6,2.6,2.4,2.4,2.4,3.3,3.3,3.3,2.4,2.4,4.1,2.1,1.0,,,,,5.2,4.5,4.0,8.7,1.7,,,5.4,3.8,5.0,,,2.0,0.7,-0.3,-0.3,0.2,-0.1,0.6,0.8,0.8,3.6,3.3,4.5,-0.3,-1.1,-2.7,-3.9,-4.3,-1.1,-2.6,-1.6,-5.2,,-0.3,-1.7,3.3,,0.2,1.3,,-1.9,0.4,1.1,-2.0,1.2,,-0.7,0.8,-2.1,0.8,2.1,,1.1,2.9,3.5,2.9,-0.3,,0.3,,0.7,0.7,0.1,1.1,,,,-1.7,-2.5,-3.9,-1.8,-2.2,-2.1,-2.5,0.0,-1.4,,2.0,-0.8,,,,2.5,3.5,3.5,3.1,,,0.0,0.0,0.0,-0.8,1.5,0.6,-1.2,-1.8,-2.2,,-3.5,,-3.9,1.6,-1.3,2.1,-1.1,2.0,-0.9,-0.7,,-2.6,,-0.7,-3.5,-1.4,1.2,1.0,-3.1,1.5,-4.1,1.1,-0.3,,,1.7,0.0,-0.6,-1.0,0.1,-0.2,0.0,-3.0,-0.5,-2.1,2.0,0.3,0.5,-1.0,-1.6,-0.2,-0.4,0.4,1.8,-0.1,0.1,0.4,-0.8,3.6,5.3,0.3,5.1,0.3,0.3,0.7,1.1,0.2,0.8,0.6,2.2,,1.1,2.5,,1.2,2.2,0.2,2.5,2.7,2.6,2.2,,0.4,0.0,0.0,0.1,-0.1,-0.2,-0.7,-0.1,0.9,0.1,,0.1,,,,-0.6,-1.7,,-1.1,-5.4,,,,1.4,-0.3,-2.6,,,2.0,1.4,2.0,,,0.3,1.1,0.0,0.0,0.0,0.0,0.0,0.0,0.7,0.7,0.7,0.8,,1.8,,6.9,0.0,0.0,,,0.8,0.3,1.0,1.3,,,-4.8,-4.8,,1.1,0.3,0.3,,,,,3.6,5.1,2.0,4.5,4.1,9.4,,,,,-12.7,6.1,-2.4,0.0,0.0,-3.0,,0.0,,4.2,4.4,3.6,3.5,3.3,3.6,4.0,4.9,4.5,,,3.8,,3.8,4.0,,4.0,,,1.6,-3.0,,,,,,,-6.5,2.0,-0.3,,2.0,1.7,0.5,-0.2,,2.2,-0.3,3.4,1.0,3.9,3.1,,,4.3,,,2.0,11.4,0.1,3.5,1.2,4.3,,0.0,,-0.4,,-2.4,,,,,,2.7,,1.4,0.9,,,-10.2,,3.9,7.9,5.0,11.1,2.4,2.6,2.6,,,3.1,,,3.9,,1.9,,3.5,2.1,0.0,0.0,,,2.7,4.2,,4.2,1.4,,3.6,,,,3.4,,-0.7,,,,,,,,1.4,2.9,,2.9,2.6,3.3,,,0.7,-1.5,-2.1,,-1.5,-0.1,0.9,,,,-0.3,,-0.5,1.1,-0.2,0.0,2.7,,,0.3,2.2,,0.3,,2.1,,,,,0.3,0.3,0.6,,-0.4,0.1,-0.2,-0.1,-0.5,1.8,1.2,2.7,0.2,0.2,0.0,18.7,,,,,,4.1,,,0.4,-1.5,11.5,-11.8,1.3,1.2,1.1,3.2,2.6,1.2,0.1,1.3,1.4,3.7,1.4,
1994,0.7,0.8,5.5,9.5,17.5,7.4,0.1,-0.1,0.2,,-0.3,-0.2,0.3,-0.6,-0.4,-0.2,7.3,-1.4,9.0,,-1.7,-1.4,-0.3,-7.0,-0.9,6.2,-6.4,-13.0,-1.7,-1.2,-0.1,2.9,-4.4,-1.6,-0.6,0.6,-2.9,-3.5,-8.2,-3.0,5.4,-3.4,5.0,,,-1.0,-2.0,-1.7,0.0,-0.3,1.1,0.4,-0.4,-1.7,-1.3,-1.3,-0.1,-9.7,-1.5,,-1.3,-1.0,-1.3,-1.2,0.6,,-0.2,-0.5,-0.5,-1.0,-0.6,0.1,-0.9,-1.0,-0.3,,1.1,1.1,-0.1,-1.6,-13.7,9.8,13.9,40.6,-9.9,-1.8,0.4,,-5.9,-3.2,-8.4,5.0,13.2,-1.4,11.2,-12.1,17.7,,,-6.2,-19.7,-16.7,-27.5,-1.6,-16.4,-5.0,-1.2,,,2.3,5.1,0.1,0.4,1.1,0.5,,0.9,0.4,-0.1,3.4,1.4,-0.8,3.7,1.4,,1.0,4.3,4.3,5.0,2.1,16.4,-3.2,,6.2,,-2.1,7.6,10.9,-8.1,3.9,-7.3,-1.4,,,,-8.7,,-0.9,-2.8,-3.1,-2.1,-0.7,0.1,0.5,-1.2,-2.9,0.5,-1.1,-2.5,-1.9,,,-0.7,-1.0,0.6,1.7,-0.5,,,,,0.4,4.4,2.0,,1.2,-0.3,-0.4,-1.2,-3.1,,0.6,-0.2,-1.1,0.0,-0.1,-0.7,-1.9,4.6,,0.8,1.8,,,2.4,,,,-0.8,,,,,,0.4,1.9,1.0,1.2,-0.9,,0.3,,,-0.7,,,-0.9,,,,,,,,,0.5,1.2,1.6,-0.8,,-0.2,0.4,-1.0,,,0.4,,0.4,1.1,-0.1,,,0.1,,,,,,2.0,3.3,3.6,2.1,,0.0,0.0,-6.6,,1.1,1.2,2.0,,1.5,2.2,,2.9,1.6,2.0,,0.0,,,1.1,-0.5,,-2.4,0.9,,,1.3,,1.6,,1.1,1.2,1.0,2.3,2.2,1.8,1.8,3.2,3.2,3.2,2.3,2.3,2.4,0.5,0.4,,,,,4.0,2.9,2.9,4.6,2.9,,,3.2,3.2,3.9,,,1.0,-0.3,-1.3,-1.3,-0.9,-1.2,-0.5,-3.7,-3.7,4.1,4.1,4.3,-2.1,-4.0,-5.1,-3.4,-4.5,-4.5,-8.8,-1.7,-6.1,,-5.7,-8.2,-1.9,,-0.9,-1.1,,-1.7,-0.6,-1.2,0.0,-1.7,,-3.3,-0.8,-4.9,-0.5,-2.5,,0.5,1.7,1.9,2.4,-1.1,,-0.3,,-1.2,0.4,0.0,0.5,,,,-3.2,-5.2,-6.5,-4.5,-3.2,-3.0,-3.9,-1.0,-1.3,,-0.2,-1.7,,,,1.6,1.8,1.8,2.2,,,0.0,0.0,-1.2,-2.2,0.4,0.6,-2.7,-3.7,-4.7,,-5.7,,-4.5,-2.3,-1.7,1.3,-2.8,1.4,-2.3,-1.7,,-2.3,,-1.8,2.5,-3.1,-1.0,-3.3,-2.8,1.1,-3.8,2.5,-1.6,,,1.1,-0.4,-0.9,-2.7,0.0,-2.2,-2.1,-4.7,0.1,1.1,1.0,2.8,2.1,-2.1,-1.1,-2.2,-4.7,-0.7,1.5,-0.7,-0.3,-0.3,-2.1,3.5,5.0,0.9,4.4,0.2,0.2,-0.9,-0.5,-1.8,-0.7,-0.1,-0.4,,0.3,1.7,,0.8,1.3,3.0,1.4,1.5,1.4,1.4,,0.3,0.2,4.3,-0.4,-0.1,-0.4,-1.5,-0.3,0.1,-0.5,,0.0,,,,-1.8,-1.8,,-1.2,-12.5,,,,-0.4,-1.5,-2.1,,,1.7,1.2,1.5,,,-0.6,0.6,0.0,0.0,0.0,0.0,0.0,0.0,0.4,0.3,0.2,0.4,,3.3,,1.7,0.0,0.0,,,-0.5,-0.1,-0.3,1.1,,,1.1,1.1,,-0.6,-2.8,-0.4,,,,,2.2,4.0,1.6,1.3,0.9,8.6,,,,,-4.8,1.9,-3.2,20.2,26.6,-5.3,,0.0,,3.2,3.8,2.7,3.3,2.6,3.6,3.4,5.5,4.1,,,1.9,,1.9,1.7,,1.7,,,1.2,-5.9,,,,,,,-8.2,6.0,-1.7,,0.0,1.3,0.4,0.3,,0.7,-0.7,2.2,3.0,1.0,1.0,,,-0.7,,,-1.6,0.7,-1.0,-2.1,-2.3,-2.0,,0.2,,0.1,,-1.1,,,,,,1.0,,5.4,5.2,,,1.4,,2.1,7.3,0.4,14.9,1.6,0.0,0.0,,,4.8,,,3.4,,1.1,,18.6,0.9,0.0,0.0,,,1.3,1.0,,3.5,0.6,,1.7,,,,1.7,,-0.8,,,,,,,,0.8,2.0,,2.2,1.7,2.1,,,1.0,-0.8,-1.5,,-0.3,-0.1,1.5,,,,-0.3,,-1.3,1.3,-0.5,0.1,3.3,,,0.5,1.1,,0.7,,3.2,,,,,-0.7,-0.2,-0.5,,0.6,-0.9,-1.5,-2.0,-0.8,0.2,-0.4,1.4,0.2,0.3,0.0,2.9,,,,,,6.6,,,0.1,-1.4,-1.6,5.0,0.8,1.0,0.5,2.3,2.1,0.6,-1.8,0.9,0.8,2.7,0.7,
1995,-0.1,-1.2,-7.4,-12.4,-17.3,-10.5,-0.2,-0.5,0.5,,-0.8,-1.9,0.3,-1.9,-0.3,-1.3,-4.6,-2.1,-5.0,,-1.3,-1.4,-0.8,-1.3,15.3,-4.8,-4.6,3.3,6.9,-1.8,-11.7,0.7,0.3,-1.1,0.6,0.0,-2.3,-1.8,-2.8,-3.0,-1.1,0.0,-1.2,,,-1.1,-2.7,-0.8,-0.5,-0.1,0.5,0.3,1.2,-0.8,-0.3,-0.4,-1.4,-1.7,0.1,,-1.3,-0.2,0.0,0.2,-1.9,,0.1,-1.0,-0.7,-1.0,-1.6,1.4,-3.3,-0.5,-0.5,,4.6,4.6,-3.4,-5.3,-5.8,-10.2,-3.9,-37.2,-11.1,-10.3,0.3,,-15.2,9.9,2.3,-6.6,9.8,-10.6,8.0,-27.7,-31.1,,,-0.8,18.2,6.1,10.7,-0.2,-11.8,-0.7,-7.4,,,-0.4,-1.7,-2.6,0.1,0.2,-1.6,,-0.2,-0.2,-0.9,0.7,0.5,-1.8,-1.1,0.5,,-0.1,-6.7,3.2,3.5,-3.1,10.6,-3.0,,12.8,,1.5,0.4,1.4,12.8,1.9,-1.6,-6.7,,,,-3.3,,-1.8,-2.9,-3.7,-0.9,-1.6,0.0,-1.0,-1.1,-3.5,-0.6,-0.5,-10.7,-4.1,,,-1.4,-0.2,-3.8,-0.1,0.9,,,,,-0.3,3.8,0.4,,0.3,0.4,-0.5,-0.6,-3.3,,-1.2,-0.1,-0.5,0.1,-0.4,-2.1,-7.7,-0.3,,-0.4,0.2,,,0.1,,,,0.0,,,,,,-0.5,2.5,-1.0,-0.2,-0.8,,-2.1,,,-2.4,,,0.0,,,,,,,,,1.4,1.0,1.7,-2.5,,8.0,8.7,6.9,,,-0.3,,-0.5,0.2,-0.9,,,0.2,,,,,,0.8,1.6,2.1,0.8,,-0.1,-2.0,-5.1,,-0.1,-0.1,0.7,,0.9,0.7,,1.0,0.4,0.6,,0.0,,,0.0,-0.7,,-10.8,0.6,,,0.9,,0.8,,0.8,0.9,0.7,2.0,1.9,1.6,1.6,3.1,3.1,3.1,1.8,1.8,2.8,-0.3,0.1,,,,,1.2,3.5,0.8,2.6,1.7,,,2.7,1.5,3.6,,,6.0,0.2,-0.2,-0.2,0.3,0.2,0.5,-4.3,-4.3,2.4,2.5,2.4,-1.8,-3.2,-3.8,-3.7,-4.2,-3.7,-4.9,-5.2,-0.7,,-3.7,-4.3,-2.7,,-1.5,-3.6,,-1.3,-0.9,-0.9,-0.5,-1.3,,-2.9,-1.4,-4.0,-1.2,-6.1,,0.4,1.1,1.5,0.8,-0.6,,-0.3,,-0.3,0.4,-0.2,0.7,,,,-3.8,-4.9,-6.0,-4.6,-5.0,-3.7,-6.3,-1.4,-2.4,,-0.5,-1.9,,,,1.5,0.9,0.9,2.1,,,0.0,0.0,-0.5,-1.0,-0.3,-1.1,-1.1,-1.6,-4.7,,-1.7,,-2.2,-0.4,-1.4,0.6,3.5,0.1,-1.0,-0.6,,0.5,,-2.5,-6.7,-0.1,3.3,-2.1,-0.3,0.6,-1.0,1.1,-0.9,,,0.3,0.0,-0.6,-1.0,-0.9,0.0,-1.2,-2.3,-0.4,0.0,-0.9,-0.7,0.4,-2.1,3.6,0.5,0.0,-0.8,1.1,-0.4,-0.3,-0.1,-1.1,2.4,3.4,0.8,3.0,0.1,0.1,-0.2,0.3,-0.3,0.2,-0.2,0.0,,0.0,1.1,,-0.8,-0.2,0.0,0.5,0.3,0.6,0.9,,0.1,0.8,-0.4,-0.4,-0.3,11.6,-2.2,-1.6,-0.1,-0.7,,0.0,,,,-2.0,-2.4,,-1.7,-5.8,,,,0.3,-2.8,-9.9,,,0.9,0.4,1.2,,,0.1,1.8,0.0,0.0,0.0,0.0,0.0,0.0,4.1,3.7,4.3,4.7,,1.7,,3.4,0.0,5.0,,,-2.2,-0.9,-1.8,-0.5,,,-2.1,-2.1,,-2.7,-5.9,-2.3,,,,,-3.2,2.9,0.5,0.8,1.3,0.0,,,,,0.0,0.0,4.0,1.5,1.9,4.6,,-0.1,,2.9,3.2,2.5,2.8,2.4,1.7,3.5,4.3,3.6,,,0.0,,0.0,2.7,,2.7,,,-0.7,-9.9,,,,,,,-8.7,1.9,-0.3,,-1.3,0.4,0.4,0.2,,-1.3,-0.7,0.8,3.6,-1.8,-2.4,,,-2.0,,,-5.1,0.3,-0.5,-3.6,-2.7,-3.9,,-0.6,,-0.2,,-1.8,,,,,,-0.7,,1.3,0.2,,,1.4,,1.7,3.1,0.0,6.1,0.5,-1.5,-1.5,,,2.5,,,1.2,,0.7,,8.3,0.3,0.0,0.0,,,0.5,0.0,,6.4,-0.4,,0.7,,,,-0.4,,-1.7,,,,,,,,0.3,1.9,,2.6,1.5,1.3,,,-0.2,-1.1,-0.1,,-2.1,-0.4,0.4,,,,0.0,,-1.8,-0.1,-0.4,0.0,-0.8,,,0.1,0.4,,0.0,,0.7,,,,,-0.8,-1.2,-1.2,,-1.0,-0.9,-1.0,-1.5,-0.6,1.0,-0.4,3.3,0.0,0.0,0.0,1.2,,,,,,2.8,,,-1.7,-1.4,-5.3,3.5,0.0,-1.1,-0.3,2.3,1.9,-0.3,-1.9,0.2,0.7,2.4,-0.6,
1996,0.1,-0.1,-1.3,-2.5,-2.0,-3.0,0.2,0.0,0.5,,0.0,1.0,0.2,-0.5,-0.2,-0.5,-2.7,-0.8,-3.2,,1.9,3.6,0.6,5.0,28.8,16.8,-0.3,5.5,34.8,-0.8,8.1,1.4,8.9,-0.7,1.4,1.8,-5.8,-1.3,-5.0,-2.8,0.6,4.8,-2.4,,,-0.7,-0.9,-1.3,-0.3,0.2,0.2,-0.2,2.7,-0.5,1.3,1.7,0.5,3.0,1.7,,1.2,-0.2,-0.6,0.1,-0.2,,0.4,-1.2,-0.8,-0.9,-2.2,0.6,-2.5,-0.3,-4.7,-2.0,7.1,7.1,-1.8,-2.6,-16.8,6.0,-19.7,0.6,-0.4,-1.9,0.8,,12.2,3.0,-0.7,-6.3,-15.1,4.9,-15.2,15.6,-1.5,,,-0.4,3.4,-2.2,2.5,-6.8,13.5,5.2,-3.2,1.9,,-0.5,-0.9,-3.7,-0.3,-0.2,1.7,,-0.2,-0.5,-0.5,1.1,-0.5,-0.4,-0.7,0.8,-0.8,0.1,-2.4,-0.3,-0.1,-1.8,0.0,5.4,,-5.1,,16.3,4.9,-2.4,-5.3,-1.6,8.4,2.7,,,,-3.5,,-1.6,-4.7,-3.7,-7.6,-1.2,0.0,-0.9,-0.7,-1.6,0.0,-0.9,-2.3,-4.4,,,-0.6,-1.1,-2.0,-0.1,-0.3,,,,,0.0,2.7,1.6,,0.7,-0.5,-0.5,-0.8,-1.7,,-1.1,-0.1,-0.2,-0.2,0.4,-0.6,-2.1,-0.1,,0.5,0.6,,,0.7,,,,-0.9,,,,,,0.5,3.6,0.7,0.3,0.9,,-1.8,,,0.7,,,-0.5,-0.3,,,,,,,,-0.4,0.7,3.1,-10.7,-0.7,-2.3,-4.3,0.8,,,-0.3,-1.1,0.0,-0.4,0.2,,,0.1,,,0.0,,,-0.4,-0.1,0.0,-0.2,,-0.1,-10.8,-3.5,,-0.3,-0.4,0.4,,0.7,0.5,,0.4,0.1,0.4,,0.4,,,0.1,0.3,,-8.9,0.1,-0.3,,0.6,,0.3,,0.4,0.4,0.4,1.4,1.4,1.0,1.0,2.5,2.5,2.5,1.5,1.5,1.7,-1.1,-1.4,,,,,-0.5,2.2,0.7,3.9,2.3,,,2.2,0.9,3.3,,,0.5,-0.2,-2.9,-2.9,0.8,1.2,0.3,3.4,3.4,3.5,2.9,4.8,-2.0,-4.2,-5.9,-7.8,-8.8,-2.5,-7.0,-7.1,-3.3,,-4.6,-4.5,-4.3,,-0.9,0.9,,-1.3,-1.0,-1.0,-2.5,-0.2,,-2.0,-2.2,-3.2,0.0,-2.3,,0.0,1.8,3.5,3.0,-0.6,,-0.4,,0.0,-0.8,-0.4,0.9,,,,-2.7,-0.7,-1.3,-0.2,-7.1,-3.7,-9.3,-0.4,-0.6,,0.5,-1.4,0.1,,,2.0,0.5,0.5,3.3,,,0.0,0.0,1.1,1.4,1.8,1.4,1.4,2.0,-0.5,,2.4,,4.2,1.8,3.7,1.0,3.0,0.0,1.0,1.3,,1.8,,0.8,-0.1,3.7,4.3,-0.3,0.2,2.4,1.7,0.2,1.3,,,0.7,1.4,1.3,1.1,0.7,0.9,0.2,1.2,1.4,0.1,-0.4,2.5,2.5,1.9,1.9,1.6,2.0,0.9,1.5,-0.2,-0.2,0.4,-1.4,3.1,3.6,1.7,3.8,0.1,0.1,0.1,0.4,0.5,-0.1,-0.2,0.8,,0.2,0.1,,1.5,1.1,0.9,0.5,0.3,0.5,0.6,,0.7,0.7,-0.5,-0.1,0.0,10.2,-1.9,-1.2,-0.3,-0.2,,-0.1,,,,-1.3,-2.3,,-2.1,-2.5,-0.7,,,0.6,-3.5,-5.9,,,1.5,1.1,1.2,,,-0.7,2.9,1.3,1.7,0.0,0.0,1.8,1.2,7.5,6.8,8.6,8.7,,1.0,,3.2,-0.2,1.6,,,-2.6,-0.7,0.3,-1.3,-0.5,-1.9,-0.8,-0.8,,-3.3,-6.3,-8.1,,,,,-8.0,1.7,-1.1,1.1,0.2,2.0,,,,,0.0,0.0,-0.9,0.0,0.0,-0.5,,0.0,,2.4,2.5,2.6,1.8,2.2,2.1,2.5,4.4,2.5,2.0,,0.7,3.0,0.0,2.2,,2.2,,,-1.1,-11.1,,,,,,,-6.6,0.0,-2.6,,-1.2,0.5,0.1,0.3,,-1.4,-0.3,0.5,-0.6,1.4,-2.5,,,-6.1,-16.6,,-5.0,-0.1,0.1,-2.0,-1.4,-3.9,1.1,0.6,,0.1,,0.0,-0.5,,,,,-0.9,,0.7,0.0,0.0,0.0,1.2,,-0.2,2.8,6.9,0.9,0.3,1.8,1.8,,,1.0,,,0.9,,1.2,,0.7,-0.7,0.0,0.0,,,-0.8,0.2,,2.7,-0.2,-2.8,0.9,,,0.3,-0.4,-1.8,-1.9,,,,,,,,0.4,1.5,,1.7,1.2,1.4,,,-0.3,-1.5,-1.7,,-1.5,0.2,-0.9,,,,-0.3,3.1,-1.6,-0.4,-0.4,-0.4,-1.3,,,-0.3,0.4,,-0.9,,2.9,,,,,-0.3,-0.9,-1.0,,1.7,-2.6,0.2,-0.7,0.3,1.3,0.9,1.7,0.0,0.0,0.0,7.2,,,,,,2.1,,,0.4,3.6,-2.6,-0.1,0.2,-0.2,0.0,1.4,1.2,-0.1,-2.5,0.4,0.5,2.1,-0.6,
1997,1.8,1.8,0.4,-0.8,-0.5,-2.2,1.7,1.5,2.0,,1.9,2.1,3.2,1.1,1.3,1.7,0.9,0.7,1.0,,2.3,2.4,2.0,-2.1,4.1,-7.7,4.4,6.7,-0.5,-0.4,11.2,-3.0,7.8,4.9,3.2,4.2,5.0,1.8,0.8,0.1,2.3,3.3,1.3,,,0.8,2.2,-0.6,0.7,3.6,3.0,5.6,4.3,2.2,4.1,4.3,4.0,4.5,5.3,,3.4,3.6,2.2,4.7,5.1,,1.4,0.9,1.2,0.9,0.5,1.2,-0.1,1.7,0.6,1.1,3.3,3.3,1.1,0.3,10.9,-4.1,6.4,8.5,0.6,4.1,1.5,,-2.8,-10.8,-13.5,-1.4,-13.9,-10.7,-2.8,13.4,4.3,,,1.7,-9.0,3.5,0.9,9.4,-0.3,-2.5,-0.2,1.4,,2.3,1.7,2.0,1.9,1.3,1.0,,2.1,2.0,1.6,2.8,2.8,1.7,3.7,1.2,5.0,1.4,5.1,-2.3,-2.5,3.2,-10.8,2.2,,-4.3,,-21.9,-4.2,-5.4,-6.1,0.9,6.3,14.5,,,,1.1,,0.9,-2.6,-1.5,-6.1,1.3,1.4,1.4,0.9,0.4,2.1,-0.3,1.6,0.2,,,2.1,1.4,2.7,1.6,1.9,,,,,1.5,1.9,1.6,,1.5,2.5,0.4,1.4,0.9,,2.0,1.6,-0.5,1.6,1.9,1.0,-0.3,1.3,,2.4,1.9,,,2.0,,,,2.0,,,,,,2.7,6.1,3.0,2.7,2.6,,2.0,,,1.3,,,0.0,1.7,,,,,,,,1.7,2.2,3.3,-1.6,0.9,2.4,1.6,3.4,,,1.2,2.2,0.1,0.1,-0.4,,,2.4,,,1.1,,,0.9,1.2,2.8,1.0,,-3.2,-2.2,0.9,,2.5,2.6,4.3,,3.7,2.0,,2.8,3.0,3.0,,2.7,,,2.9,2.8,,1.3,1.8,1.9,,2.8,,2.2,,2.2,2.0,2.4,1.6,1.4,0.8,0.8,0.6,0.6,0.6,1.5,1.5,2.2,1.3,1.4,,,,,1.3,2.3,2.7,4.2,2.2,,,3.0,3.3,2.1,,,0.7,4.7,3.5,3.5,5.7,4.7,6.7,7.0,7.0,4.8,4.9,4.9,-0.9,-2.6,-4.6,-9.2,-9.8,0.8,-4.4,-4.1,-4.2,,-3.5,-2.8,-4.5,,1.8,3.9,,2.0,-0.5,-0.3,-0.4,-1.4,,-0.2,0.7,-1.7,2.1,0.7,,0.6,3.9,4.5,3.1,1.3,,1.3,,2.1,-2.0,0.4,2.9,,,,-2.0,-2.7,-3.7,-1.9,-4.3,-2.2,-5.8,0.2,0.3,,1.4,-0.9,0.5,,,3.0,0.8,0.8,4.3,,,1.4,1.4,2.3,2.3,0.9,0.7,2.5,3.0,5.0,,2.2,,2.1,1.8,2.8,2.0,4.2,2.7,2.1,6.0,,3.5,,2.7,-2.5,1.6,2.5,1.6,2.0,2.9,-1.2,0.5,2.7,,,0.7,2.7,2.5,1.4,2.3,0.8,0.7,1.1,3.2,3.3,4.0,2.8,6.5,2.2,1.6,2.1,1.6,2.9,3.3,2.2,1.6,2.1,3.2,4.1,2.7,3.0,5.4,2.5,2.5,2.3,2.0,2.5,2.2,2.3,2.9,,2.3,2.8,,2.3,3.1,2.5,1.8,1.4,1.9,3.3,,4.6,1.1,0.3,1.4,0.9,1.3,1.0,-0.2,0.9,1.6,,1.3,,,,-0.3,-1.8,,-1.3,-3.3,0.7,,,1.3,-1.6,0.9,,,8.9,10.8,1.4,,,0.0,1.6,1.4,1.4,1.3,1.3,1.5,1.5,1.8,1.7,1.7,1.7,,2.1,,2.5,0.3,1.0,,,-0.6,1.5,1.2,1.3,1.4,1.9,0.1,0.1,,-1.6,-2.0,-6.0,,,,,0.3,2.2,0.4,1.5,0.6,0.6,,,,,-7.2,0.0,-0.6,0.0,0.0,0.0,,1.4,,2.1,2.0,1.9,1.2,2.0,1.7,2.1,3.6,2.0,2.0,,2.1,0.6,2.6,2.3,,2.3,,,1.5,-6.0,,,,,,,-5.0,2.4,3.7,,1.8,1.9,1.4,1.9,,1.1,1.8,1.7,3.3,3.2,0.4,,,-3.3,-15.2,,-0.9,1.7,1.8,3.6,2.0,5.5,1.4,3.0,,1.4,,2.0,0.0,,,,,1.8,,2.2,2.0,2.2,1.9,3.5,,3.0,2.6,4.5,1.5,2.4,4.0,4.0,,,2.5,,,2.3,,3.3,,2.3,1.6,1.4,1.4,,,1.9,1.1,,3.4,0.9,1.5,3.8,,,2.2,3.1,0.7,0.6,,,,,,,,1.6,2.4,,2.3,2.5,2.4,,,0.0,1.4,2.3,,1.4,-0.3,0.4,,,,0.1,-1.6,0.3,-0.1,0.9,-0.4,-0.5,,,0.3,1.6,,-1.8,,-0.2,,,,,2.4,1.9,2.4,,2.4,-1.4,3.4,4.2,1.5,2.7,1.9,3.6,1.7,1.4,3.1,2.6,,,,,,5.3,,,0.4,2.4,0.3,-2.5,1.7,2.0,1.6,1.4,0.8,1.8,2.9,1.6,1.6,2.1,1.5,
1998,0.6,1.4,-1.9,-3.9,-3.9,-4.7,-0.3,0.8,-2.0,,0.4,-0.1,1.5,-0.1,-0.2,1.0,-1.0,-0.3,-1.3,,1.3,1.6,-0.7,-1.9,7.3,2.3,1.1,-2.3,-1.3,-3.6,-3.1,9.9,-1.6,8.5,1.5,-1.5,1.1,0.1,1.9,-1.2,0.6,-1.7,0.3,,,0.5,0.9,-0.2,0.7,2.8,1.0,4.3,0.4,4.2,0.9,1.0,1.3,-0.2,1.4,,1.2,0.1,0.5,-1.0,2.2,,-1.5,0.1,0.0,-0.2,0.5,1.5,-0.8,-0.2,4.8,1.5,-7.7,-7.7,10.5,16.7,30.4,44.5,52.3,27.3,42.4,15.6,-0.8,,0.7,9.0,-8.6,26.5,38.6,21.7,18.9,-6.4,-8.2,,,4.5,5.1,12.1,1.2,4.9,20.3,0.6,-2.1,-4.5,,0.9,0.5,1.3,0.6,1.2,-0.1,,0.7,1.2,-0.1,0.6,1.2,0.2,0.5,0.6,1.3,0.4,0.7,0.3,0.4,-8.4,1.3,-0.9,,-2.4,,14.0,-4.8,1.5,-0.1,5.5,10.7,2.4,,,,-1.4,,-0.3,-1.4,-1.5,-1.6,-0.1,0.4,-0.2,-0.4,-0.2,0.4,-0.5,-0.8,-0.7,,,-0.1,1.6,-0.3,-0.4,-0.4,,,,,0.6,5.4,1.1,,0.9,-0.3,-0.2,-0.2,-0.9,,0.2,1.6,-0.6,0.4,0.5,0.4,0.9,0.5,,0.8,1.2,,,1.2,,,,1.5,,,,,,0.5,-3.5,3.0,1.5,1.6,,1.8,,,1.7,,,-0.3,0.8,,,,,,,,2.3,2.0,1.6,0.3,3.1,4.9,6.4,2.9,,,1.5,-1.0,2.7,2.5,3.6,,,0.9,,,0.9,,,-0.4,0.2,8.7,0.2,,-17.9,-2.3,0.4,,0.8,0.6,2.0,,2.1,1.3,,1.6,1.3,2.0,,0.9,,,1.1,1.6,,-9.5,0.8,0.8,,1.5,,1.0,,2.0,2.1,2.0,0.6,0.7,0.5,0.5,-3.7,-3.7,-3.7,0.9,0.9,0.4,-1.4,-2.2,,,,,-0.5,0.8,0.8,1.8,0.7,,,1.8,1.5,0.5,,,-0.2,-1.5,-3.9,-3.9,0.3,0.0,0.7,-8.4,-8.4,3.0,2.7,4.0,-1.5,-3.9,-5.1,-13.7,-1.2,1.6,-6.6,-3.3,-13.2,,-4.9,-5.2,-5.0,,-0.6,1.0,,-0.3,-1.2,-2.6,-1.0,-0.9,,-1.3,-1.9,-2.3,0.0,1.4,,0.3,2.7,2.3,1.7,0.1,,0.4,,-0.2,-1.2,-0.8,1.3,,,,-1.9,-2.5,-3.7,-1.5,-3.6,-1.1,-5.5,-0.3,-0.8,,0.8,-1.4,0.6,,,2.3,0.9,0.9,3.4,,,0.4,0.4,1.4,1.7,0.3,-0.2,1.8,1.0,2.6,,-0.2,,0.4,0.1,-0.2,1.6,4.2,1.6,2.3,3.4,,2.9,,0.3,5.6,4.5,1.0,3.0,2.5,1.1,-1.9,2.1,2.2,,,2.0,1.1,1.1,1.8,2.1,2.3,-0.1,2.6,0.4,1.3,-0.9,-0.2,-0.7,1.0,1.1,2.4,2.4,2.8,1.0,1.3,0.7,0.9,3.9,0.8,0.1,1.2,0.7,1.1,1.1,1.1,1.1,0.1,2.8,1.5,2.8,,1.1,1.5,,-0.7,1.0,1.0,0.7,0.5,0.8,1.8,,7.1,0.0,-1.6,0.2,-0.2,-0.1,-0.1,0.3,0.2,2.3,,0.1,,,,-1.1,-5.3,,-1.8,-2.3,-1.8,,,1.8,-3.8,-1.8,,,14.6,17.8,1.2,,,-1.6,0.8,0.5,0.5,0.5,0.5,0.5,0.5,0.9,0.5,2.7,1.4,,1.9,,0.6,1.5,0.3,,,-2.8,0.4,-0.3,0.5,0.5,0.7,-1.4,-1.4,,-4.1,-8.9,-2.9,,,,,-1.8,1.9,0.7,0.6,0.3,0.0,,,,,-3.9,-1.6,-2.1,0.0,0.0,-2.3,,0.5,,1.9,2.0,1.6,1.1,2.4,1.4,2.1,3.1,1.9,2.0,,1.8,2.8,1.5,1.6,,1.6,,,0.1,-2.6,,,,,,,-4.1,3.2,14.0,,0.4,0.2,0.8,-0.2,,0.1,1.8,1.7,0.3,0.2,-0.2,,,-1.9,-5.4,,-3.3,0.6,0.5,1.0,1.3,2.0,-1.2,1.4,,0.8,,-0.4,-0.3,,,,,-0.2,,1.1,0.5,0.6,0.4,2.5,,2.6,1.9,3.7,0.8,0.2,-0.6,-0.6,,,1.4,,,1.4,,1.3,,1.6,0.0,0.5,0.5,,,-0.1,0.8,,1.7,0.0,-1.0,0.9,,,0.0,1.3,-1.9,0.0,,,,,,,,0.7,1.4,,1.3,1.4,1.4,,,-0.2,-1.8,-7.3,,0.8,-1.0,0.1,,,,-2.6,0.4,-0.9,0.4,-0.2,-1.2,0.3,,,-0.3,3.2,,0.5,,0.6,,,,,0.7,0.3,0.0,,4.7,-1.3,0.9,0.8,0.3,1.6,0.2,3.2,1.0,1.2,0.0,3.0,,,,,,6.0,,,6.9,1.6,16.7,0.4,0.3,0.3,0.7,0.1,-0.1,0.3,-4.3,0.7,0.7,2.0,0.1,
1999,-0.3,-0.5,0.6,1.6,1.8,1.3,0.0,0.5,-1.0,,-0.4,-0.5,0.3,0.0,-0.4,-1.3,-0.8,-0.8,-0.7,,-0.3,-1.2,0.4,-3.2,-7.2,1.6,3.3,-2.5,10.3,-7.8,-0.7,-3.8,-4.1,-3.5,0.1,0.2,0.0,1.3,6.1,1.0,-0.5,-1.9,-2.2,,,-0.8,-1.0,-1.0,-0.6,3.0,0.8,4.4,0.7,4.2,-0.8,-0.7,0.0,-2.7,-0.6,,0.6,-0.5,-0.2,-1.5,1.2,,1.3,-0.2,-0.2,-0.4,-0.2,0.9,-0.7,-0.3,0.4,-0.4,7.1,7.1,-7.7,-12.2,-14.0,-27.6,-24.4,-9.6,-32.4,-18.6,-0.1,,1.5,8.2,0.1,-15.4,-9.0,-1.0,-12.2,-10.2,-0.8,,,-1.4,-7.6,-14.4,-11.2,-4.1,-22.0,-5.7,-11.8,-10.3,,0.5,-0.2,-0.6,-0.4,0.3,0.6,,-0.2,-0.2,-0.7,0.5,1.5,0.0,1.7,0.2,4.1,-0.4,0.0,3.0,3.1,12.1,-0.2,37.6,,4.1,,-9.9,4.0,-4.4,0.9,-2.5,-1.6,1.7,,,,0.4,,-0.4,-0.7,-0.4,-0.8,-0.4,0.0,-0.2,-1.1,-1.5,-0.5,0.4,-0.8,-1.6,,,-0.3,-0.1,1.2,0.3,-0.1,,,,,1.5,-1.6,-0.8,,1.1,0.3,-2.2,0.6,1.1,,-0.5,23.1,5.7,-0.4,-0.6,0.0,-1.0,0.0,,-0.1,0.4,,,0.4,,,,0.5,,,,,,-0.4,-5.2,1.0,-0.4,1.7,,0.8,,,-0.4,,,0.0,0.3,,,,,,,,1.3,1.6,0.4,5.0,3.2,0.5,0.7,0.1,,,1.5,-0.8,2.7,3.8,3.5,,,0.0,,,1.0,,,0.0,-0.1,2.4,-0.3,,-2.8,-0.9,1.6,,0.3,0.3,0.5,,0.4,0.6,,0.1,0.3,0.7,,0.3,,,-0.3,-0.1,,0.8,0.2,-0.9,,0.1,,0.0,,1.9,2.1,1.6,-0.1,0.0,-0.1,-0.1,-0.9,-0.9,-0.9,0.1,0.1,-0.8,-1.2,-1.2,,,,,-1.4,-0.8,0.2,0.7,-0.9,,,1.1,-0.1,-1.1,,,-1.4,-1.6,-2.0,-2.0,-1.7,-3.2,-0.1,-6.5,-6.5,1.3,1.0,1.7,-1.2,-2.5,-6.2,-7.5,-6.6,-1.2,-9.4,-4.5,-7.1,,0.7,2.2,-0.7,,-0.4,0.2,,1.3,-0.9,-2.8,-0.1,-0.7,,-0.4,-1.3,-0.8,-0.1,2.1,,-0.9,-0.5,1.3,2.1,-0.9,,-1.2,,1.0,-1.1,-1.4,0.8,,,,-1.2,-0.5,-0.7,-0.4,-2.6,-1.7,-3.3,-0.4,-0.7,,-0.4,-0.3,-0.3,,,0.9,0.8,0.8,1.3,,,0.0,0.0,-0.2,-0.1,-0.1,-0.6,-0.1,-0.4,-3.2,,1.5,,0.8,-0.3,-0.4,1.1,-2.0,-1.5,-0.2,-3.1,,-0.6,,-5.1,4.5,0.0,0.6,1.1,2.3,1.1,-3.3,-0.7,0.9,,,1.5,-0.2,-0.6,0.7,1.2,1.6,2.1,-1.5,-1.4,0.4,-2.7,-1.2,-1.2,-1.1,-3.2,0.5,-1.5,1.8,0.9,-0.1,0.1,0.4,-1.3,1.5,0.0,1.3,2.2,0.3,0.3,0.0,-0.6,-0.6,1.2,1.9,1.3,,-0.5,1.1,,-0.5,1.7,-0.1,-0.2,-0.4,-0.2,1.1,,-0.7,-0.1,-0.6,-0.2,-1.1,-0.4,0.0,-0.2,-0.4,-0.1,,-0.1,,,,-1.3,-4.3,,-2.8,0.4,-3.3,,,0.9,-4.6,-1.1,,,-0.9,-1.3,0.1,,,-0.2,0.2,0.0,0.0,0.0,0.0,0.0,0.0,0.3,0.3,0.2,0.2,,0.4,,-0.1,0.5,0.8,,,-0.4,-0.1,-0.7,0.0,0.0,0.3,-3.1,-3.1,,-0.4,0.5,-2.3,,,,,-1.2,0.5,-0.6,-0.2,-1.3,0.0,,,,,0.0,-0.8,-0.2,0.0,0.0,-0.3,,0.0,,1.4,1.8,1.9,1.0,2.2,1.4,1.9,2.0,1.9,1.7,,0.4,2.0,0.0,0.6,,0.6,,,-0.8,-3.3,,,,,,,-8.6,0.0,0.6,,-0.9,0.0,-0.3,-0.3,,0.4,0.1,1.3,-3.0,-0.1,-0.2,,,-3.1,-16.1,,0.1,0.4,0.3,-2.3,-2.7,-2.1,-2.6,-0.8,,0.0,,-1.3,-1.0,,,,,-0.8,,0.3,0.0,0.0,0.0,0.1,,1.2,1.5,2.4,1.0,-0.7,-0.5,-0.5,,,0.1,,,0.2,,0.8,,-2.1,-1.1,0.0,0.0,,,-1.4,-0.3,,0.8,-1.4,-3.9,-0.5,,,-0.1,1.0,-2.4,-0.4,,,,,,,,1.0,0.4,,0.2,0.5,0.6,,,-0.8,-5.2,-10.1,,-0.4,-1.1,-0.7,,,,-0.5,-2.2,-0.9,-0.1,-0.6,-1.1,-0.6,,,-0.5,0.4,,1.7,,-0.3,,,,,-1.4,-2.0,-2.6,,1.3,-1.6,-1.0,-1.9,-0.2,1.2,0.6,1.9,7.1,7.9,4.1,1.3,,,,,,2.6,,,-4.7,-1.2,-12.2,3.1,0.0,0.5,-0.4,-0.5,-0.3,-0.2,-1.7,0.0,-0.1,1.3,-0.5,
2000,-0.7,-1.9,-2.1,-4.1,-4.9,-3.9,-0.2,0.2,-1.3,,0.0,-0.4,0.8,-0.9,0.3,-0.2,-1.1,-1.0,-1.3,,-2.1,-2.8,-1.9,-4.1,4.6,-14.8,-1.7,3.3,1.0,-5.1,0.5,-7.1,-8.8,-2.1,0.1,-2.4,0.4,-0.8,-4.1,8.4,-7.5,-2.4,-8.0,,,-1.6,-1.7,-1.7,-1.5,-1.5,-1.8,-3.0,0.1,-0.1,-1.4,-1.6,-0.3,-5.7,-0.6,,-1.1,-1.1,-1.9,-0.8,0.0,,-0.7,-1.1,-0.9,-1.3,-1.6,-0.7,-2.2,-0.8,-0.5,-1.5,0.7,0.7,-6.1,-9.7,-24.6,-2.5,-24.2,-21.5,3.5,-5.3,-0.3,,-5.6,-6.5,2.9,-12.8,-15.9,-16.7,-6.4,-7.7,-2.4,,,-10.7,-9.3,-2.2,-8.8,-13.1,-6.7,-4.2,-2.9,-4.2,,-0.5,0.4,-1.2,-0.4,0.5,4.5,,-0.5,-0.5,-1.1,0.1,-1.0,-1.0,-1.5,0.2,-1.9,3.8,-0.1,-7.5,-7.8,-4.0,-5.9,-31.5,,-16.2,,-5.1,-5.6,-8.1,-11.2,-1.2,-9.6,-2.6,,,,-0.4,,-1.5,-2.1,-2.7,-0.5,-1.5,0.2,-1.5,-2.1,-3.4,-0.4,-1.1,-2.1,-1.2,,,-1.7,-2.6,-1.2,-0.2,-0.4,,,,,0.2,5.0,-0.4,,-0.3,0.4,-3.1,0.5,1.0,,0.1,-0.5,0.2,-0.9,-0.3,-0.1,-3.7,-0.1,,-0.8,-0.1,,,-0.3,,,,0.5,,,,,,-1.1,-5.4,0.3,-0.4,0.8,,-1.9,,,0.1,,,-0.4,-2.5,,,,,,,,-0.2,0.1,0.3,-0.4,-0.2,-0.6,-0.8,-0.1,,,-0.3,-0.4,-0.4,0.8,0.0,,,0.1,,,-0.2,,,-0.6,-0.2,0.1,-0.7,,-0.4,-0.6,-4.0,,-1.0,-1.3,0.3,,0.6,-0.3,,0.1,0.3,0.3,,-0.3,,,-0.2,-0.2,,-20.2,0.7,-0.2,,0.0,,-0.1,,1.3,1.3,1.1,0.2,0.4,-0.2,-0.2,0.1,0.1,0.1,0.5,0.5,-0.9,-0.7,-0.9,,,,,-1.1,-0.9,-0.4,0.4,-0.5,,,0.4,-0.9,-1.9,,,-0.1,1.6,0.6,0.6,1.5,2.0,1.0,7.9,7.9,1.7,0.9,3.4,-3.0,-6.6,-7.3,-9.9,-11.3,-3.5,-8.2,-6.4,-8.2,,-10.4,-13.2,-4.3,,-1.6,-1.4,,-2.0,-1.6,-2.7,-0.4,-2.2,,-1.6,0.0,-3.5,0.3,-0.4,,-1.8,-0.7,0.9,-1.0,-1.6,,-1.5,,2.1,-2.6,-2.2,-0.3,,,,-1.4,-2.2,-3.3,-1.4,-2.6,-1.6,-3.3,-0.3,-0.8,,0.0,-0.3,0.2,,,0.8,0.9,0.9,1.2,,,0.0,0.0,-1.1,-1.7,-0.4,-0.3,-1.8,-1.8,-3.2,,-1.0,,0.6,-2.1,-1.9,-0.3,-4.6,-0.7,-1.9,-3.2,,-1.0,,2.7,-5.1,-0.1,-1.7,-0.5,0.0,-1.9,-5.6,1.4,-1.8,,,1.4,-0.7,-1.5,-0.8,-0.2,0.5,0.6,-3.0,-1.9,-4.4,-1.1,-2.7,0.6,-0.9,-3.4,-2.3,-4.2,-0.6,1.5,2.1,3.0,5.0,-4.9,1.4,-0.4,1.0,2.5,0.9,0.9,-0.5,-0.4,-1.6,-0.3,2.3,0.9,,-1.0,0.8,,-0.8,-0.4,-1.7,-0.1,-0.3,0.0,1.0,,-0.8,-0.2,-0.7,-0.4,-2.1,-0.3,-0.2,-0.6,-0.4,0.2,,-0.6,,,,-2.5,-4.7,,-1.2,-4.6,-3.4,,,-0.8,-5.4,-3.6,,,-0.5,-1.3,0.2,,,0.3,0.1,0.0,0.0,0.0,0.0,0.0,0.0,0.1,0.1,0.1,0.1,,0.0,,0.0,0.3,0.0,,,1.6,-0.1,-0.4,0.0,0.0,-0.1,-5.7,-5.7,,2.4,8.3,-1.0,,,,,-1.1,1.1,-0.7,-1.4,-0.7,1.8,,,,,0.0,0.0,-2.9,0.0,0.0,-3.3,,-0.1,,1.1,1.5,1.0,1.0,1.4,1.7,1.5,1.7,1.7,0.9,,0.3,1.2,0.0,0.4,,0.4,,,-0.9,-6.5,,,,,,,-3.6,0.0,-1.4,,-1.1,-0.1,0.0,-0.6,,-0.5,-0.5,0.6,-1.3,-0.6,0.0,,,-0.9,-5.0,,0.0,0.0,-0.3,-4.8,-4.2,-6.5,-1.4,-0.6,,0.7,,-0.1,3.9,,,,,-0.6,,0.2,0.0,0.0,0.0,0.1,,0.0,0.9,2.7,0.0,-0.4,0.0,0.0,,,0.6,,,0.9,,0.4,,-0.1,-1.1,0.0,0.0,,,-1.5,-0.3,,0.8,-0.5,-3.6,-0.4,,,0.6,-1.2,-3.6,-0.3,,,,,,,,-0.4,0.4,,0.2,0.4,0.4,,,-0.6,-3.1,-6.0,,0.1,-1.7,-1.1,,,,0.9,-5.8,-2.3,0.0,-0.8,-0.6,0.0,,,-0.8,1.9,,1.5,,-0.4,,,,,-1.2,-1.7,-1.7,,0.2,-2.7,-0.7,-0.6,-1.1,-0.1,-1.2,1.2,0.0,0.0,0.0,1.0,,,,,,2.1,,,-6.5,-2.8,-9.7,-7.8,-0.4,-1.0,-0.9,-0.4,-0.1,-0.5,3.1,-0.6,-0.4,1.0,-0.9,
2001,-0.7,-0.6,-1.8,-3.1,-3.7,-3.0,-0.5,0.0,-1.3,,-1.2,-1.3,0.1,-2.1,-2.9,0.1,-1.7,-1.2,-1.9,,-0.6,-0.8,-1.7,5.7,7.4,15.1,-5.2,4.9,-13.7,3.0,-6.2,-2.1,-2.7,-1.4,-0.8,-2.0,-1.6,0.9,-4.0,8.6,-2.5,-0.7,-5.1,,,-2.1,-1.1,-3.6,-1.9,-0.6,-0.7,-2.6,1.6,1.4,-0.3,-0.3,-0.1,-3.9,0.0,,0.9,-0.2,-0.9,-0.4,2.3,,-1.7,-1.1,-0.8,-1.4,-1.6,-0.8,-1.8,-2.5,-2.9,-0.8,-4.1,-4.1,2.0,3.4,14.6,7.1,19.4,7.9,2.7,-0.5,-1.0,-5.0,-8.6,-1.6,-1.0,5.0,0.5,0.6,4.3,-5.7,4.6,,11.3,2.5,14.3,-0.2,3.0,3.5,15.3,-2.0,-1.4,-2.7,,0.0,0.4,-0.7,0.1,-0.9,3.9,,-0.5,-0.9,-0.4,0.3,0.2,-0.8,-0.2,0.0,1.7,0.6,-0.7,-0.9,-0.8,2.5,3.5,2.3,,-6.4,,-8.6,0.1,1.6,-1.5,-0.7,-3.8,-1.7,-11.6,,,-4.4,,-1.3,-2.1,-1.9,-2.7,-1.2,0.0,-1.6,-2.2,-3.9,-0.3,-0.7,-1.3,-2.6,,-0.9,-1.9,-0.5,-0.4,0.7,0.3,,,,,-1.3,-0.1,-3.1,0.1,-1.1,-0.2,-4.1,0.6,-2.5,,0.0,-0.5,0.1,-1.9,-8.1,-0.5,-3.1,-0.3,,-1.1,-0.2,,,0.1,,,-2.5,0.1,-0.6,,,,,-1.6,-5.5,0.6,0.5,0.4,-0.5,-1.3,,,-0.2,,,1.0,-9.4,-1.3,,,,,,,-1.7,-1.8,0.4,0.9,-6.3,-1.8,-2.2,-3.8,-0.3,,-1.6,-1.9,-1.8,-1.6,-2.0,,,0.1,-1.9,,-1.3,,,-0.7,-0.8,0.5,-0.8,-0.5,-0.7,-1.2,-2.4,,-0.6,-0.6,0.3,,0.0,0.4,,-0.1,-0.1,0.3,-7.6,-0.3,,,-0.3,-0.2,,-10.1,0.9,-0.9,,-0.4,,0.2,,0.5,0.5,0.6,0.2,0.4,-0.2,-0.2,0.4,-0.7,1.7,0.5,0.5,-0.8,-3.2,-3.3,-8.3,-0.5,,,-0.7,-0.3,-0.4,1.0,-0.1,,,0.3,0.0,-0.6,,,-0.6,0.6,-1.4,-1.4,1.9,2.4,1.3,6.5,6.5,1.8,1.4,2.7,-3.6,-7.6,-9.9,-8.9,-6.6,-3.4,-14.8,-10.5,-13.3,,-7.9,-9.3,-3.9,,-1.7,-3.2,,-0.6,-1.1,-3.8,2.6,-3.4,,-3.7,-2.5,-5.3,-2.2,-1.3,,-0.9,-0.8,-0.4,-0.7,-0.7,,-2.6,,1.0,-1.0,-1.1,-1.4,,,,-3.2,-4.5,-6.2,-3.2,-4.0,-2.5,-4.9,-1.6,-1.7,,-1.8,-2.4,0.3,,,0.4,0.6,0.6,0.6,0.3,,0.0,0.0,-2.2,-3.1,-3.4,-3.3,-3.0,-2.4,-2.2,,-4.3,,0.8,-3.1,-3.6,-1.2,-4.0,2.0,-3.0,-3.2,,-5.5,,3.5,-5.0,-7.4,-3.5,-2.5,-2.3,-1.7,-0.7,-0.4,-5.0,,,-1.7,-2.4,-3.2,-2.1,-2.1,-1.5,-0.4,-3.8,-3.4,-3.9,-1.4,-1.6,-3.4,-4.9,-1.7,-5.4,-6.8,-4.6,-0.6,-0.6,-0.1,0.5,-4.0,-0.8,-1.3,0.0,-1.5,-0.1,-0.1,-1.1,-0.8,-2.1,0.1,0.2,0.0,,0.2,0.7,11.8,-1.0,-0.1,-3.0,-0.1,0.1,-0.1,0.5,-1.0,0.7,-0.8,-0.8,-0.6,-2.1,-0.1,-0.4,-0.7,0.1,-0.3,-5.1,-0.8,,,,-2.4,-6.4,,-1.8,-1.4,-2.1,,,-1.2,-4.3,-0.6,,,2.8,3.1,0.0,0.1,,-0.9,0.3,0.0,0.0,0.0,0.0,0.0,0.0,0.1,0.1,0.1,0.1,,0.0,,0.0,2.5,0.0,0.0,0.2,0.8,-0.6,-0.5,-0.8,-0.2,-2.5,-2.3,-2.3,,1.4,1.0,0.2,,,,,-0.5,-0.7,-2.0,-0.2,-0.4,0.6,0.0,,,,0.0,4.1,-6.1,0.0,0.0,-7.8,-3.5,0.0,,1.1,1.2,0.8,1.3,1.1,1.5,1.4,1.4,1.2,0.6,,1.6,1.6,1.5,0.5,,0.5,,,-3.0,-21.3,,,-37.4,-38.0,,,-4.2,0.0,-1.6,,-1.1,-0.8,0.1,-0.7,,-0.8,-5.5,1.0,0.3,4.4,-1.1,0.1,,-1.9,-4.0,,-0.6,-0.6,-0.9,0.0,0.4,-0.4,0.2,-1.7,,0.8,,-2.3,-0.4,,,-3.1,,-1.2,,0.2,0.0,0.0,0.0,0.4,,1.5,0.6,3.1,0.0,-1.0,-1.9,-1.9,-1.0,-1.0,0.5,1.3,0.4,0.4,,0.4,,-0.1,-1.4,-0.8,0.0,,-2.3,-2.0,-0.1,,1.3,-1.1,-7.2,0.0,0.3,,2.0,-0.3,-1.5,-0.3,,,,,0.4,,,-0.2,0.3,,0.1,0.3,0.3,0.2,,-0.8,-3.7,-3.3,,0.4,-0.6,-0.8,,,,0.9,-1.7,-2.2,-0.6,-0.7,-0.8,0.0,-0.8,,-1.3,0.0,-1.1,0.0,-0.7,0.0,-1.2,-0.7,,,-0.1,0.4,-4.4,6.5,0.2,-3.9,0.3,1.7,-1.0,-3.7,-6.1,-0.6,0.0,0.0,0.0,0.2,,,0.2,,0.0,1.0,0.0,,0.8,-0.8,3.4,-0.8,-0.8,-0.9,-0.9,-0.5,-0.1,-1.0,0.5,-0.9,-0.9,0.9,-2.6,
2002,-0.9,-0.8,-0.9,-0.4,-0.9,0.1,-0.8,0.0,-1.9,,-1.6,-1.2,1.1,-1.2,-4.4,-0.9,-2.5,-0.8,-3.0,,-0.4,-0.1,-2.2,-0.6,17.0,5.0,-0.1,-2.2,1.4,-1.9,-4.7,1.5,4.8,-2.9,2.2,4.3,-4.0,0.2,-5.0,2.5,8.4,-2.0,-3.9,,,-2.7,-2.2,-2.2,-3.5,-0.6,-2.9,-0.3,-0.5,-0.2,0.6,0.7,-0.7,-5.7,2.5,,5.6,0.1,0.1,-0.8,2.7,,-0.3,-0.7,-0.4,-0.9,-1.1,-0.7,-1.0,0.2,-6.4,0.2,1.6,1.6,-1.9,-2.4,-11.6,-7.0,-10.5,-1.7,-11.2,3.5,-1.0,1.1,8.2,-13.2,4.4,-3.9,-2.8,10.0,-11.5,5.4,22.5,,4.9,2.8,5.0,-2.1,3.2,0.3,-8.2,3.5,-4.2,-2.3,,-1.1,0.3,-1.3,0.2,0.5,0.8,,-1.6,-2.0,-0.4,-1.9,-1.5,-1.7,-2.0,-0.2,-2.7,0.3,-2.3,-3.4,-3.4,-14.4,-7.0,1.7,,-2.4,,5.6,-4.7,-5.0,0.1,-6.0,15.0,2.0,-8.5,,,-2.3,,-1.5,-2.2,-2.3,-2.0,-1.4,-0.1,-0.6,-2.0,-3.4,-0.9,-0.9,-1.7,-2.1,,-0.9,-1.9,-3.3,-0.8,-1.8,-0.1,,,,,-2.2,0.3,-3.8,-1.2,-0.4,1.4,-6.6,0.1,-0.2,,0.7,-1.1,0.2,-0.9,-25.2,-0.9,-3.9,0.0,,-0.4,-0.5,,,-0.1,,,-1.8,-0.9,-2.3,,,,,-0.4,-1.5,1.3,0.2,0.4,0.0,-3.5,,,0.3,,,-2.1,0.9,-0.3,,,,,,,-1.6,-1.6,-0.9,0.6,-3.6,-2.1,-1.3,-6.0,-0.6,,-1.4,-0.7,-1.8,-1.9,-2.2,,,-0.1,-1.8,,-1.8,,,-0.9,-0.2,-0.3,-0.9,-3.6,-0.4,-1.2,0.7,,0.3,0.2,-0.1,,0.0,0.1,,-0.2,0.1,-0.1,-6.5,-0.7,,,-0.4,-1.0,,12.7,0.0,-1.2,,-0.1,,0.2,,0.1,0.0,0.3,-0.1,0.0,-0.3,-0.3,-0.5,-1.3,0.6,0.2,0.2,-1.0,-2.1,-2.3,-3.8,-1.0,,,-2.0,-0.6,-0.5,-0.2,-0.4,,,0.1,-0.2,-0.9,,,-0.8,-1.2,-2.2,-2.2,-0.7,-1.4,0.0,-6.4,-6.4,1.5,1.2,2.2,-3.6,-7.7,-10.4,-12.0,-7.7,-2.3,-14.6,-14.6,-12.7,,-7.6,-8.4,-8.0,,-1.7,-2.0,,-0.6,-2.6,-4.4,-0.3,-4.9,,-3.2,-0.9,-4.3,-1.1,-4.0,,-1.6,-0.7,-1.2,-0.3,-0.6,,-2.2,,0.4,-2.5,-2.1,-1.3,,,,-2.8,-2.7,-3.7,-2.1,-3.2,-2.9,-3.7,-2.2,-2.3,,-1.6,-3.6,0.5,,,0.7,0.0,0.0,1.0,1.4,,0.0,0.0,-2.2,-3.2,-4.5,-5.6,-3.2,-3.1,-3.7,,-3.6,,-2.2,-1.7,-3.7,-0.2,-5.1,-1.7,-2.7,-0.8,,-2.5,,-4.1,-0.1,-6.4,-1.8,0.2,-2.9,-0.7,-7.2,-0.1,-5.5,,,-3.1,-2.6,-3.3,-1.4,-3.3,-0.4,-0.1,-2.1,-4.1,-4.8,-8.2,-1.4,-2.8,-4.3,-2.8,-4.9,-5.0,-4.8,-0.7,-1.3,-0.8,0.1,-4.5,-0.2,-2.1,0.6,-0.1,-0.8,-0.8,-1.0,-0.6,-1.7,0.2,-0.3,-0.4,,0.4,-0.2,7.7,0.1,-0.1,-1.0,-0.2,-0.4,-0.4,0.4,1.4,-1.2,-0.9,-1.6,-0.6,-2.7,-0.3,-0.9,-0.4,-0.4,-0.1,-2.8,-0.6,,,,-3.4,-8.3,,-6.7,-3.2,-1.3,,,-1.1,-1.1,-3.1,,,-0.6,-0.8,0.2,-0.3,,-0.6,-0.2,0.0,0.0,-0.2,0.0,0.0,0.0,0.0,0.0,0.1,0.0,,-0.1,,0.0,-1.3,0.3,0.0,1.1,-0.4,-0.6,-1.0,-1.5,0.0,-1.1,-1.7,-1.7,,-0.4,-3.4,-0.2,,,,,-0.2,-1.5,0.1,-0.4,-0.4,0.0,0.0,,,,1.1,3.0,-1.5,0.0,0.0,-1.4,-1.1,0.0,,1.0,1.1,0.4,0.8,1.1,1.6,1.3,1.4,0.8,0.4,,1.1,0.4,1.5,1.3,,1.3,,,-2.2,-15.2,,,-25.2,-27.4,,,-7.7,0.0,-7.5,,-2.0,-0.6,-0.1,-0.2,,-1.5,-2.9,1.0,-0.9,3.4,-1.8,-5.1,,-7.7,-21.6,,0.0,-0.5,0.0,0.3,1.0,-0.1,0.6,-1.8,,0.3,,-1.7,-1.7,,,-2.4,,-2.0,,0.1,0.0,0.0,0.0,-0.3,,1.3,0.6,2.7,0.0,-0.9,-1.1,-1.1,0.4,0.4,0.1,0.1,0.2,0.3,,0.1,,0.0,-1.5,-2.8,0.0,,-8.0,-1.2,-0.1,,-0.1,-0.6,-3.6,-0.4,-0.6,,2.3,-0.8,-1.9,-0.7,,,,,-0.1,,,0.2,0.0,,-0.1,0.3,0.2,0.1,,-1.2,-1.9,-9.6,,4.0,-1.7,0.2,,,,-2.2,-1.8,-1.5,-1.1,-1.1,-1.1,-0.5,-1.6,,-0.9,-0.5,-1.6,-0.4,-1.1,-0.6,-1.9,-4.0,,,2.2,3.7,-3.9,13.0,-0.6,-2.2,0.4,1.4,-0.5,-1.9,-4.3,0.9,0.0,0.0,0.0,0.2,,,0.2,,0.0,0.4,0.0,,-1.8,-0.1,-2.4,-3.4,-0.9,-0.6,-1.1,-0.5,-0.3,-1.0,-2.4,-0.7,-0.8,0.8,-2.0,
2003,-0.3,-0.2,1.4,3.8,5.7,3.3,0.0,0.3,-0.5,,-0.7,-0.9,-0.9,-0.7,-1.6,0.5,-1.1,-1.6,-1.1,,-1.9,-2.6,-1.1,-6.7,-0.1,-15.6,-0.5,3.9,-14.3,-7.4,-1.0,-1.3,5.3,-3.8,6.2,2.8,-6.6,-0.1,-2.2,-0.4,2.5,3.7,-4.7,,,-2.2,-2.5,-2.4,-1.7,-1.4,-1.7,-0.3,-4.2,-1.1,0.8,1.3,3.5,-1.1,0.7,,0.0,-1.2,-1.0,-1.7,0.1,,-1.0,-0.1,0.1,-0.3,-0.6,-0.6,-0.9,-1.2,-2.2,1.6,-4.6,-4.6,2.1,4.0,13.5,3.7,3.2,3.1,8.2,-7.4,0.4,0.6,10.7,14.6,-1.5,3.8,8.9,9.9,21.1,13.4,-9.3,,-2.4,0.4,-10.5,3.5,4.2,-1.2,11.4,-1.1,-3.3,2.6,,-0.8,0.5,1.2,-1.3,3.9,-1.1,,-1.2,-0.8,-1.4,-2.1,-1.2,-2.2,-1.4,-1.6,-0.1,-0.7,-3.6,0.5,0.8,-3.1,1.9,0.8,,2.5,,-3.3,-1.6,3.6,7.3,-0.5,-3.1,4.1,8.7,,,-3.4,,-2.3,-2.2,-2.4,-1.6,-2.3,-0.1,-1.1,-0.9,-3.8,-0.8,-2.4,-2.9,-2.2,,-0.7,-2.5,-10.6,-1.6,0.6,-2.0,,,,,-0.3,0.7,-1.4,-0.3,-0.5,0.8,-2.1,0.8,-2.3,,-0.8,-1.9,2.2,0.2,-1.0,-1.2,-2.7,-0.1,,-0.6,-0.5,,,-0.5,,,-1.0,-0.9,-1.1,,,,,-0.6,-0.6,0.7,-0.2,0.8,-0.9,-2.8,,,-1.6,,,-0.9,0.7,-1.2,,,,,,,-2.6,-2.1,-0.3,-5.2,-4.2,-2.9,-2.5,-6.1,-1.3,,-2.7,0.0,-3.8,-3.7,-4.3,,,0.1,-4.3,,-3.4,,,-0.8,-1.3,-0.3,-1.0,0.8,-1.1,-1.9,0.0,,-0.1,-0.1,0.0,,0.2,-0.6,,0.2,-0.1,0.2,0.0,-0.4,,,-0.3,0.0,,-4.1,0.0,-0.2,,0.2,,0.3,,0.2,0.2,0.2,-0.1,0.1,-0.2,-0.2,-0.4,-1.6,1.2,0.1,0.1,-0.9,-2.3,-1.9,-5.3,-1.3,,,-1.7,-0.6,-0.6,0.5,-0.9,,,-0.1,0.4,-1.2,,,-0.7,-0.5,-2.1,-2.1,0.0,-0.2,0.2,5.1,5.1,0.6,0.3,0.9,-3.0,-7.6,-11.8,-14.2,-6.5,-6.4,-18.1,-9.2,-15.9,,-5.9,-6.9,-4.6,,-1.8,-1.2,,-2.6,-3.4,-5.0,-3.8,-3.4,,-2.3,0.1,-2.4,-2.1,-4.0,,-1.4,-0.1,-0.2,1.1,-0.6,,-1.0,,0.1,-2.6,-2.2,-0.7,,,,0.7,8.0,14.8,3.2,-3.2,-2.5,-3.6,-0.8,-2.0,,-0.2,-2.6,-1.1,,,0.3,0.5,0.5,0.5,0.0,,0.0,0.0,-1.9,-2.6,-2.2,-2.3,-2.6,-1.7,-2.5,,-3.1,,-1.4,-1.2,-0.6,-0.9,-1.2,1.6,-2.4,1.8,,0.2,,-8.4,-1.5,-5.2,-1.7,-0.4,-1.2,-0.9,-7.4,0.1,-5.3,,,-2.9,-2.1,-3.0,0.2,-1.3,0.8,1.7,0.1,-5.1,-4.6,-11.2,-6.2,-3.8,-4.3,-3.0,-0.1,0.3,1.4,-0.2,-1.1,-0.7,-0.4,-2.4,0.5,1.0,0.1,0.7,-1.4,-1.4,-0.9,-0.2,-1.8,-1.5,-0.3,-0.5,,0.2,0.0,10.5,0.2,-1.3,-1.3,-0.2,-0.7,-0.4,0.5,2.8,3.4,-0.6,-0.7,-0.8,-0.9,-0.3,-0.6,-0.5,-0.6,-0.3,-2.6,-0.3,,,,-2.7,-4.9,,-5.7,-5.3,-3.3,,,-0.2,-1.1,-3.2,,,7.7,9.2,0.9,-0.1,,0.1,0.2,-0.2,0.0,-1.0,-0.9,0.0,0.0,0.1,0.0,0.2,0.2,,0.0,,-0.1,1.4,0.2,0.0,1.1,0.0,-0.2,-0.9,-0.1,-0.4,1.0,-3.5,-3.5,,0.2,2.6,-2.2,,,,,-0.5,-0.2,0.2,-0.2,-1.5,0.0,-11.7,,,,0.4,-0.4,-0.1,0.0,0.0,0.0,0.0,0.0,,0.6,0.9,0.1,0.5,0.8,1.2,1.2,3.6,0.7,0.4,,-0.4,-6.2,2.7,-0.3,,-0.3,,,-1.5,-13.8,,,-26.1,-29.1,,,-12.9,0.0,2.1,,-2.0,-0.3,-0.3,-1.5,,-1.7,-1.6,0.1,-0.2,0.6,-2.5,-2.4,,-5.2,-15.5,,-0.1,-0.6,-1.3,0.2,-1.8,1.2,0.2,-2.3,,0.0,,-1.9,-1.8,,,-5.0,,-0.5,,0.2,0.0,0.0,0.0,0.4,,1.3,0.5,0.5,0.5,0.0,0.9,0.9,0.3,0.3,0.2,0.1,0.6,0.2,,0.2,,0.1,-0.4,0.0,0.0,,0.0,-0.4,0.0,,-2.1,-0.5,-1.5,0.0,0.0,,1.2,0.1,-0.9,-0.7,,,,,-0.9,,,0.9,0.0,,-0.1,0.1,0.0,0.1,,-1.5,-4.6,-9.0,,-1.9,-1.5,-0.8,,,,-2.1,-2.1,-0.6,-1.2,-1.0,-1.0,-1.3,-0.7,,-0.7,-0.9,-1.2,-1.0,0.2,-1.0,-1.7,-3.9,,,3.9,5.4,-3.3,14.7,0.9,-1.9,2.5,3.4,0.0,-1.3,-2.4,0.3,4.1,4.2,4.0,-0.3,,,0.0,,-3.5,0.1,0.0,,0.7,-2.6,4.0,0.8,-0.3,-0.4,-0.3,-0.6,-0.3,-0.4,0.1,-0.4,-0.3,0.5,-1.4,
2004,0.0,0.9,3.7,9.7,7.6,9.9,-1.0,-1.3,-0.6,,-1.2,-1.0,-1.2,0.1,-1.0,-2.1,3.4,-0.3,4.5,,-1.2,-1.3,-5.1,1.6,-3.2,12.5,-1.1,-2.7,1.5,-4.1,-3.3,2.2,0.2,-5.8,0.8,-2.7,5.0,-0.9,-1.0,-0.8,-2.4,-0.6,2.6,,,-1.3,-1.6,-2.6,-0.3,-0.9,-1.7,-2.5,1.8,0.0,2.9,3.8,4.4,14.2,1.6,,-0.4,-0.1,-0.8,0.5,0.1,,0.4,-0.5,-0.3,-0.8,-0.6,-0.5,-1.1,1.0,-0.2,0.6,4.1,4.1,3.1,5.3,7.2,26.6,31.0,9.6,16.4,10.5,-1.4,2.3,-8.9,3.4,-5.7,14.9,-5.6,-3.0,-1.2,11.6,0.1,,0.5,8.4,8.8,2.3,-2.3,5.9,-4.8,-2.5,0.3,-0.7,,-0.3,1.7,5.6,0.3,1.1,1.1,,-1.0,-0.8,-1.4,-0.9,-1.1,-2.3,-2.2,-1.7,-1.1,0.2,-1.1,3.7,3.8,13.3,5.7,-3.7,,1.3,,20.4,7.7,4.7,0.6,-1.0,0.6,4.3,5.5,,,-2.1,,-1.3,0.4,0.5,0.1,-1.5,0.0,-1.2,-0.7,-1.3,-1.7,-0.9,-2.8,-1.4,,-0.7,-1.6,-1.4,-3.3,-0.2,-1.8,,,,,0.4,1.3,-0.2,1.1,-0.9,0.8,-3.0,-1.5,-0.7,,0.1,-0.4,4.6,0.1,0.1,-0.5,-0.4,0.5,,-0.1,0.6,,,0.6,,,2.9,-0.6,-0.4,,,,,-0.6,0.6,1.2,0.1,1.6,0.3,-3.2,,,-4.1,,,-0.8,-1.4,-0.5,,,,,,,-2.3,-1.5,-0.1,-0.6,-4.5,-3.6,-6.8,-2.2,-1.4,,-2.4,0.2,-4.4,-0.3,-3.4,,,-0.3,-4.0,,-4.4,,,-0.9,-2.1,-0.6,-1.0,0.5,-1.3,0.5,-1.0,,0.9,1.0,0.7,,0.9,0.3,,0.5,0.6,0.6,24.9,0.1,,,0.2,1.3,,1.8,-0.1,-0.1,,0.1,,0.3,,0.2,0.2,0.2,-0.2,-0.2,-0.4,-0.4,-0.5,-2.0,1.2,-0.2,-0.2,-0.6,-2.1,-0.5,-9.7,-0.9,,,0.5,-0.3,-0.3,0.5,-0.3,,,0.0,0.4,-0.9,,,-0.2,0.1,-0.5,-0.5,-0.2,-0.6,0.3,3.6,3.6,0.6,0.4,1.2,-3.3,-8.4,-10.0,-10.5,-6.8,-4.1,-16.4,-5.9,-15.9,,-11.1,-10.9,-15.8,,-1.7,-3.9,,-0.1,-3.8,-3.9,-5.4,-2.8,,-1.9,-1.3,-1.8,-1.4,-1.1,,-1.1,2.4,0.7,0.4,-0.9,,-1.5,,-0.8,-3.2,-4.4,-1.6,,,,-1.5,0.4,2.6,-1.4,-3.6,-1.4,-5.1,-1.0,-1.9,,-0.5,-3.6,1.0,,,0.5,0.3,0.3,0.8,0.0,,0.0,0.0,-0.2,-0.5,0.1,0.2,-0.5,-0.4,0.1,,-0.7,,-0.4,-0.3,-1.2,-1.4,0.0,-0.3,-0.5,-0.7,,-0.1,,0.3,-1.2,-1.9,1.4,1.2,2.2,1.1,-4.1,0.0,-1.5,,,0.4,0.4,0.7,0.5,-0.4,2.4,0.4,0.1,0.7,1.9,-3.7,-0.3,1.6,1.3,1.5,0.8,2.5,0.9,0.1,-0.2,0.2,-0.2,-1.3,0.7,0.1,0.5,1.2,-1.4,-1.4,-0.8,-0.1,-1.0,-0.4,-1.1,-1.3,,-0.4,0.8,1.4,-0.6,-0.7,-1.6,0.2,0.0,0.1,1.1,1.0,0.0,-0.5,-0.6,-0.9,-0.4,-0.3,-0.5,-0.8,-0.5,0.3,-0.8,-0.4,,,,-2.0,-8.6,,-2.1,-1.9,-1.5,,,0.8,-0.2,-7.3,,,0.9,0.9,0.3,-0.2,,-0.2,0.2,-0.2,0.0,0.0,-2.6,0.0,0.0,0.0,0.0,0.0,0.0,,0.0,,0.0,3.2,0.1,0.0,0.6,0.1,-0.4,-0.8,0.3,-0.5,-0.4,-1.9,-1.9,,0.3,6.3,0.1,,,,,-0.6,0.7,-0.2,-0.2,-0.3,0.0,-4.3,,,,0.0,-5.1,-1.2,0.0,0.0,-1.2,-0.6,0.0,,0.7,0.7,0.3,1.3,0.5,1.2,0.8,1.1,0.4,0.4,,-0.4,-2.2,0.5,0.5,,0.5,,,-1.4,-12.3,,,-27.2,-28.5,,-18.6,-18.2,0.0,-0.8,,-1.8,-0.4,-0.3,-0.3,,-1.6,-3.9,-0.5,0.0,-1.0,-1.4,-3.1,,-6.2,-20.3,,-0.4,-0.9,-1.7,0.6,3.6,0.4,-2.1,-2.0,,0.0,,-1.8,0.3,,,-5.8,,-1.7,,0.5,0.0,0.0,0.0,1.7,,2.9,1.1,1.0,1.3,-0.5,0.1,0.1,-3.8,-3.8,0.5,1.9,0.3,0.0,,0.6,,0.1,-0.3,0.0,0.0,,0.0,-0.5,0.0,,-0.2,-0.2,-2.6,0.4,-0.9,,0.6,1.0,0.7,-0.3,,-0.4,,,0.1,,,0.6,0.2,,0.2,0.3,0.1,0.1,,-1.0,-4.7,-5.3,,-3.3,-1.7,0.2,,,,-2.8,-3.9,1.8,-0.5,-0.6,-0.6,-1.5,-0.9,,-0.9,-1.4,-0.8,3.4,-0.2,-1.4,-0.8,-1.9,,,0.9,0.6,-2.0,2.5,1.6,-1.2,2.3,3.3,0.3,-0.8,-1.6,0.0,3.9,3.9,3.8,0.0,,,0.2,,-1.2,0.6,0.0,,2.5,-1.3,5.3,3.8,-0.1,0.7,0.0,-0.5,-0.4,-0.2,1.5,-0.2,-0.6,0.6,-1.2,
2005,-0.3,-0.9,-6.6,-13.3,-12.1,-14.1,-1.1,-1.5,-0.6,,-0.8,-0.5,-1.0,-0.6,0.0,-2.2,-0.8,-1.0,-0.7,,-0.6,-1.8,-2.9,-3.5,2.8,-12.7,0.0,-1.4,-12.2,-1.9,-1.1,5.6,0.7,-4.6,0.5,-1.1,9.2,1.3,-0.2,0.3,6.8,-2.9,7.3,,,0.2,-0.9,0.2,1.1,1.1,-0.2,3.3,0.6,-0.5,1.9,1.7,2.5,1.2,0.8,,0.8,2.2,1.5,2.7,3.0,,2.2,-0.8,-0.4,-0.6,-1.5,-0.5,-1.8,-0.1,-1.8,-1.7,14.0,14.0,-4.2,-6.5,-5.4,-15.0,-22.8,-9.9,-22.9,5.6,-0.7,-2.8,-2.7,3.6,-0.3,-16.8,11.8,-8.6,5.1,-11.0,-22.8,,-8.6,-4.1,-6.6,-8.7,-7.2,-3.5,1.4,-1.9,-6.2,-10.5,,-0.3,-0.5,2.0,-0.5,0.4,0.1,,-0.3,0.3,-0.5,-1.5,0.0,-1.3,-1.8,0.0,2.2,-0.1,-1.2,-0.8,-0.7,4.6,-1.2,2.5,,-5.8,,-22.6,-9.9,-3.6,-0.2,5.2,-2.9,5.2,-4.9,,,-1.7,,-0.7,-0.1,0.2,-1.2,-0.9,-0.2,-0.9,-2.0,-1.7,-0.2,-1.7,-0.8,-0.2,,0.0,-0.5,-0.5,-1.1,-0.7,-0.8,,,,,0.1,-0.4,-0.3,1.6,-0.5,0.5,0.1,-1.4,-0.5,,-1.1,3.0,0.4,-0.1,-0.7,-0.4,-0.3,0.3,,0.5,0.6,,,0.7,,,1.4,0.1,-0.8,,,,,0.5,7.4,1.1,-0.1,0.8,-0.3,-1.3,,,2.3,,,-0.7,-7.4,-1.1,,,,,,,-1.8,-1.7,-0.2,0.9,-5.9,-2.8,-4.9,-2.0,-1.8,,-1.4,0.1,-2.3,-1.1,-1.2,,,-0.1,-4.1,,-2.6,,,-0.1,-0.8,-0.4,0.1,-0.2,-1.0,-0.8,3.1,,0.1,0.0,0.5,,0.5,0.5,,0.4,0.2,0.2,-4.7,0.1,,,-0.3,0.2,,-2.4,0.5,0.1,,0.0,,0.5,,0.4,0.3,0.6,-0.1,0.0,-0.4,-0.4,-0.1,-0.4,0.4,0.2,0.2,-0.4,-0.9,0.2,-5.7,-0.5,,,-0.8,-0.3,0.1,-0.1,-0.3,,,-0.3,0.3,-0.7,,,-0.2,0.8,-2.4,-2.4,0.8,0.1,1.5,23.5,23.5,0.5,0.1,1.3,-2.3,-4.2,-6.1,-3.6,-4.3,-2.8,-9.8,-5.1,-10.8,,-4.4,-9.3,-0.4,,-0.9,-0.4,,-0.8,-2.9,-2.7,-5.7,-0.9,,-1.9,0.2,-2.9,-1.8,-2.6,,-0.9,0.6,0.0,-0.5,0.1,,1.7,,-0.7,-2.3,-3.6,-0.8,,,,-3.0,-5.3,-6.4,-4.3,-2.8,-1.5,-3.7,-1.4,-1.8,,-0.9,-3.1,0.3,,,0.5,0.5,0.5,0.6,0.0,,0.0,0.0,0.7,1.5,0.0,0.6,1.6,1.9,1.0,,1.9,,6.8,2.2,1.6,1.7,0.6,-1.5,2.3,-1.0,,0.0,,3.8,2.6,1.1,1.1,4.8,6.0,2.2,4.0,-1.1,-1.6,,,-1.0,1.2,1.3,0.5,-1.9,0.7,-2.3,4.6,1.9,0.1,3.7,1.7,1.4,2.6,0.7,0.4,2.0,-0.8,0.9,0.7,0.9,1.3,0.2,1.4,0.4,1.6,1.8,-0.6,-0.6,-1.5,-1.9,-1.8,-1.9,-0.2,-0.9,,-1.5,0.1,-11.4,1.8,-0.9,-0.8,0.4,0.1,0.4,1.0,0.8,-0.4,-0.4,-0.3,-0.6,-1.1,-0.2,-0.3,-0.3,-0.2,0.5,-1.3,-0.5,,,,-1.4,-3.1,,0.7,-4.4,-2.6,,,0.0,-1.2,-6.0,,,-0.1,-0.4,0.5,-0.2,,0.3,0.0,0.0,0.0,0.0,0.0,0.0,0.0,0.2,0.0,0.2,0.4,,-0.1,,0.0,-0.1,0.0,0.0,0.1,2.9,0.5,1.4,1.3,0.6,-1.1,-0.9,-0.9,,3.8,10.9,0.3,,,,,-0.1,0.8,0.4,-0.3,-1.1,-3.9,0.0,,,,5.8,0.0,-6.8,0.0,0.0,-10.9,-0.1,0.0,,0.7,0.7,0.5,0.2,0.7,1.3,0.7,1.9,0.3,0.3,,-0.1,-0.1,0.0,0.7,,0.7,,,-0.9,-12.3,,,-29.8,-28.5,,-28.6,-10.3,0.0,-2.9,,-0.9,-0.1,0.0,1.1,,-1.2,-3.8,0.6,-0.4,-2.1,-1.1,-2.0,,-1.4,-5.7,,0.3,-0.2,-0.2,-0.8,-1.4,-0.6,-0.5,-0.6,,0.0,,-1.4,0.7,,,-1.4,,-1.7,,0.4,0.0,0.0,0.0,1.3,,1.0,1.0,0.8,1.2,-0.1,-0.3,-0.3,0.7,0.7,0.4,0.4,0.6,0.2,,0.9,,-0.4,-0.4,0.0,0.0,,0.0,-0.7,-0.1,,-1.2,0.0,-2.6,0.2,0.2,,0.0,1.1,-1.1,-0.2,,-0.3,,,0.0,,,0.3,0.2,,0.1,0.3,0.3,0.0,,-0.9,-4.3,-4.5,,-2.2,-2.4,-1.2,,,,-3.7,-2.2,-1.2,-0.3,-0.4,-0.5,-0.6,-0.2,,-0.2,-1.5,-0.1,3.2,-0.7,-0.9,-0.4,-2.3,,,1.4,1.4,-1.8,4.2,0.2,-1.6,1.8,3.1,0.0,-0.1,0.1,-0.4,0.0,0.0,0.0,1.5,,,0.2,,14.8,1.2,0.0,,-3.4,-1.8,-6.5,-0.7,-0.1,-0.5,-0.4,-0.3,-0.3,-0.1,3.6,-0.5,-0.4,0.5,-0.8,
2006,0.3,0.5,-1.7,-3.1,-2.3,-3.4,-0.1,-0.6,-0.2,0.9,-1.2,-2.7,-0.8,-2.4,-1.9,0.9,-3.1,0.4,-4.1,,2.2,2.8,3.3,3.3,-3.3,7.2,9.2,-1.3,5.1,2.3,2.4,1.6,1.3,-0.5,2.4,2.3,0.8,0.1,0.8,-0.3,-2.1,0.9,0.8,,,3.6,2.7,4.2,4.1,1.2,-0.3,4.3,-0.7,-1.2,0.8,0.5,1.3,-1.3,0.0,,0.4,2.2,1.6,2.6,2.6,,-2.2,-0.7,-0.6,-1.0,-0.9,-1.5,-1.9,-0.1,7.7,-0.1,-7.4,-7.4,3.3,5.8,7.0,-0.6,3.2,6.5,5.9,-5.9,-0.9,4.5,12.3,-2.6,23.8,7.0,6.0,15.6,-0.6,7.6,-6.9,,16.6,5.9,21.7,13.8,13.2,4.1,13.2,4.8,8.6,3.4,,-0.5,0.2,1.6,0.0,2.0,0.7,3.5,-0.4,0.2,0.6,-2.1,-1.0,-0.6,-2.2,-1.7,0.2,-0.4,-0.7,3.7,4.0,-7.5,10.8,1.9,,20.7,,21.5,10.1,12.2,5.7,-2.0,-1.1,-5.2,5.1,,,-1.4,,-1.3,-0.8,-1.1,0.4,-1.3,-0.2,-1.6,-1.7,5.1,-0.8,-2.9,-3.5,-4.2,,-0.6,-2.1,-1.5,-2.0,-0.1,-1.2,,0.1,,,0.0,2.2,0.3,-0.2,1.4,0.5,-1.2,-0.6,0.9,,-0.4,0.3,-0.5,0.7,-0.2,-1.0,-1.3,-0.3,,0.5,-0.4,-1.5,,0.8,,,-0.6,-0.8,-0.6,0.1,,,,1.2,6.3,0.9,-0.3,0.1,0.5,-1.2,,,5.2,2.1,,0.5,-0.7,0.0,,,,,,,-2.1,-1.1,0.5,-1.2,-3.1,-1.9,-3.2,3.0,-2.7,,-2.7,-0.6,-3.5,-2.8,-3.7,,,0.0,-5.6,,-3.8,,,-0.9,-1.8,-0.3,-0.9,-1.0,-1.3,0.6,1.6,-1.5,0.5,0.5,0.4,,0.3,0.4,3.4,0.4,0.0,0.1,-1.3,0.2,,,0.1,0.0,0.9,3.4,0.4,0.1,0.1,0.2,,0.4,,0.2,0.2,0.3,0.0,0.0,-0.2,-0.2,0.6,0.8,0.4,0.0,0.0,0.0,-0.7,0.0,-4.4,0.1,-0.3,,-0.2,0.3,0.1,0.1,0.2,,,1.0,0.1,0.4,,,0.1,3.6,0.7,0.7,4.8,3.8,6.0,24.6,24.6,0.8,0.8,0.6,-2.1,-5.2,-8.0,-11.8,-3.1,-3.2,-12.0,-6.6,-9.7,,-4.0,-5.5,-4.0,,0.6,2.8,,-2.0,-2.4,-2.5,-3.1,-1.9,,-0.6,-2.4,-0.1,-0.4,-0.5,,0.3,0.5,0.9,0.5,0.9,,0.9,,0.4,-0.3,-1.0,0.0,,,,-1.2,-2.4,-4.2,-1.0,-0.8,0.6,-1.9,-0.8,-1.5,-0.1,-0.8,1.5,-0.9,-1.1,,0.3,0.6,0.6,0.4,0.0,,0.0,0.0,0.8,1.1,-0.6,-0.7,1.3,0.8,0.4,,2.0,,-0.1,3.1,1.1,-0.4,0.2,-2.3,2.1,-0.1,,0.4,,1.1,0.5,3.0,3.1,0.9,3.9,1.2,4.0,0.3,-0.9,,,-0.6,0.7,0.9,1.6,-0.7,3.6,1.9,1.4,0.4,3.8,2.3,2.1,-0.9,-1.4,1.1,1.2,2.9,-0.4,0.4,0.8,0.9,1.1,0.5,0.0,0.0,0.0,-0.1,0.8,0.8,0.6,0.5,1.7,-1.6,-2.1,-0.4,,-0.6,-1.4,-1.1,-0.8,-0.5,1.3,1.1,1.0,1.4,0.7,0.8,-0.6,-0.5,-0.6,-0.6,-1.3,-0.4,-1.2,-0.4,-0.1,0.0,-1.2,-0.9,-0.8,1.1,,-0.6,-0.4,,-1.5,-3.8,3.5,,,-1.3,0.0,-1.6,,,-0.6,-0.9,0.6,-0.2,,0.3,-0.3,0.0,0.0,0.0,0.0,0.0,0.0,0.2,0.2,0.2,0.3,,-0.4,,0.0,-2.7,-0.3,0.0,-1.5,2.4,-0.1,0.5,0.5,0.1,-0.9,-0.2,-0.2,,3.2,8.9,1.4,1.2,-8.1,,,-0.6,0.1,-0.3,-0.2,-1.4,-1.3,0.0,,,,4.1,-0.5,-3.6,0.0,0.0,0.0,-5.8,-0.4,-14.3,0.7,0.7,0.2,0.8,0.6,1.0,0.6,0.6,0.6,0.2,1.5,0.3,-0.8,1.0,0.7,0.4,0.9,0.7,,-1.5,-18.6,-25.6,-19.6,-15.9,-21.7,,-37.0,-21.9,-0.9,-0.2,,0.1,0.0,-0.2,0.2,,-1.2,-8.5,-0.7,0.0,-0.8,-0.2,-1.1,,-1.1,-5.4,,0.1,0.1,2.0,1.7,2.6,0.8,2.5,0.6,,0.0,-3.0,1.5,5.0,,,-0.2,,-0.1,0.1,0.5,0.0,0.1,0.0,1.2,,0.6,1.3,0.8,1.8,0.7,0.7,0.7,7.6,7.6,0.3,0.6,0.2,0.1,0.9,0.2,,-0.2,-0.2,-0.1,0.0,-0.2,0.0,-0.4,-0.2,,-0.6,-0.2,-1.8,0.1,0.5,-0.5,-0.1,1.5,-1.1,-0.1,,-0.1,,,-0.6,,,0.9,0.0,-1.6,0.0,0.3,0.3,0.3,0.0,-1.0,-3.5,-7.8,,1.7,-1.7,-1.1,-1.6,,,-2.4,-2.3,-0.9,-0.5,-0.2,-0.1,-0.8,-0.4,,-0.1,-0.3,-0.1,-0.4,-0.9,1.1,-0.5,-2.3,,,3.8,3.5,-0.7,9.2,3.5,-3.5,6.3,14.2,0.5,0.0,0.0,0.0,4.6,4.7,4.2,0.4,,0.0,-0.5,,8.8,2.7,5.0,,4.3,2.8,5.8,4.0,0.1,-0.2,0.3,0.0,0.0,0.1,5.8,-0.4,-0.4,0.6,-1.5,-2.7
2007,0.0,0.3,-0.5,-1.8,-1.7,-1.7,0.7,0.6,0.4,1.1,-0.5,0.1,-0.4,-1.2,-0.6,-0.5,-0.4,0.9,-0.7,,0.9,1.3,2.3,-2.3,-6.5,1.1,4.0,-1.9,-5.7,17.2,1.9,-3.8,3.9,3.1,1.0,0.1,-2.4,0.1,1.1,-1.0,0.7,2.4,0.8,,,0.4,0.9,1.3,-0.6,0.6,1.4,-1.1,1.5,2.1,1.9,1.5,2.1,2.5,0.5,,0.9,3.0,2.8,3.2,3.1,,-0.3,-0.6,-0.4,-0.6,-0.8,-1.5,-2.2,0.4,1.6,3.2,0.2,0.2,-1.5,-2.6,-14.2,2.1,-7.2,-3.0,6.1,2.6,-1.6,3.2,0.2,-4.3,5.5,-10.3,-17.1,-4.4,-6.2,6.7,8.6,,-3.4,3.9,-8.5,-1.7,-4.1,1.6,-1.0,2.8,-4.8,-2.3,,-0.1,0.5,2.7,-0.8,1.9,0.0,2.9,-0.4,-0.5,0.9,-1.6,-0.3,-0.3,-0.4,-1.4,-0.9,-0.4,5.6,4.9,5.1,4.6,10.5,31.2,,1.0,,-0.8,1.3,-3.4,-4.0,1.2,10.0,7.3,8.9,,,-0.9,,0.5,-0.5,-0.3,-1.0,0.5,-0.1,-1.4,-0.2,2.1,0.3,-0.8,0.5,6.2,,1.3,0.2,-0.2,0.8,-1.2,-0.5,,-1.2,,,0.4,2.4,0.5,-0.3,3.5,0.8,0.1,-0.7,-0.7,,-0.1,-2.4,5.6,1.7,-0.6,-0.4,0.1,0.4,,0.6,-0.4,-0.5,,-0.2,,,-0.3,0.2,-1.5,-1.6,,,,1.2,1.0,0.7,0.2,0.0,-0.5,-1.6,,,7.6,4.6,,-0.6,-1.9,3.9,,,,,,,-1.0,-0.6,0.0,-0.2,-1.7,-1.4,-1.5,3.7,-3.3,,-1.1,2.6,-2.4,-0.5,-2.4,,,0.0,-3.0,,-1.4,,,-1.1,-2.9,-0.7,-1.2,-1.1,-2.0,-1.1,-0.2,5.2,0.7,0.8,0.5,,0.2,0.3,5.5,0.5,0.5,0.4,1.2,0.2,,,-0.2,0.3,2.1,1.4,0.1,0.0,1.0,0.7,,0.1,,0.1,0.1,0.1,-0.2,-0.2,-0.2,-0.2,0.3,0.2,0.4,-0.2,-0.2,0.1,0.9,3.7,-4.5,2.0,0.4,,4.0,-0.2,0.1,1.2,0.4,,,-0.5,0.3,-0.1,,,-2.0,0.8,0.4,0.4,1.6,1.7,1.6,1.5,1.5,0.0,-0.1,0.5,-1.6,-6.1,-7.6,-7.7,-4.1,-1.2,-12.2,-6.1,-9.3,,-8.3,-12.3,-2.0,,0.8,1.3,,-0.1,-2.2,-2.5,-2.8,-1.8,,-0.3,0.5,-0.6,0.5,-1.1,,1.0,0.7,0.3,1.9,1.2,,1.5,,2.1,1.3,2.8,-0.2,,,,1.4,2.3,0.9,3.2,3.1,7.2,0.2,-0.6,-0.9,-1.8,-0.4,-2.4,-0.2,0.4,,0.3,1.3,1.3,0.2,-2.5,,0.0,0.0,0.6,0.4,-0.3,-0.4,0.4,0.6,0.8,,0.4,,2.3,0.4,0.0,0.2,-1.1,0.6,0.5,0.9,,3.4,,0.2,1.4,1.5,1.4,3.7,0.2,0.5,-4.3,-3.4,-0.7,,,1.9,0.7,1.1,0.3,-0.4,0.9,0.6,-0.4,1.7,4.4,3.3,-2.3,1.7,2.0,2.3,0.4,0.2,0.6,-0.4,-0.1,0.4,0.7,-1.8,-0.4,-0.5,1.0,-4.3,-0.7,-0.7,1.4,0.9,2.8,-1.4,0.4,-0.3,,-0.4,-1.7,2.1,-0.8,-0.3,0.6,1.0,0.8,1.0,1.1,0.6,0.3,-1.0,-0.2,-0.4,-0.7,0.0,-2.2,0.1,-0.1,0.0,0.1,-0.7,-0.8,-3.7,,-0.4,-0.2,,-0.6,-1.6,-4.7,,,-0.7,0.1,-0.8,,,1.2,1.0,-0.2,0.6,,0.1,0.1,0.0,0.0,0.0,0.0,0.0,0.0,0.2,0.1,0.2,0.2,,0.0,,0.7,0.4,0.0,0.0,0.2,1.0,0.2,-0.2,0.1,-0.1,0.7,5.1,5.1,,1.2,3.1,3.2,8.1,-9.2,,,-0.6,0.6,0.2,0.0,-0.6,3.2,0.0,,,,1.2,-0.2,-2.1,0.0,0.0,0.2,-3.7,0.4,-5.1,0.7,0.7,0.6,0.5,0.4,1.0,0.5,0.0,0.5,0.2,1.3,1.4,-0.3,2.7,1.0,1.8,0.4,1.0,,-1.3,-16.7,-21.6,-13.1,-18.8,-26.7,,-20.2,-30.6,-2.8,1.8,,-1.2,0.3,0.0,-0.7,,-1.2,-3.1,0.1,1.4,2.9,-1.9,-4.0,,-4.8,-14.0,,-0.6,-1.1,0.5,0.5,1.0,0.1,0.9,-1.3,,0.0,-0.9,-3.1,-3.5,,,-2.4,,0.8,0.8,0.2,0.0,0.0,0.0,1.0,,2.5,0.5,-0.1,0.4,0.9,1.0,1.0,4.0,4.0,0.5,0.5,0.3,0.2,0.5,0.6,,0.3,0.5,0.2,0.0,0.6,0.0,0.7,0.0,,0.7,-0.1,0.4,0.6,0.0,0.3,-0.2,3.4,2.1,0.3,,0.2,,,-0.4,,,0.8,-0.3,-4.6,0.0,0.1,0.1,0.4,-0.1,-0.1,-1.5,-2.5,,-0.3,0.3,-0.8,-2.0,,,1.4,1.6,1.0,-0.2,-0.2,-0.2,0.0,-0.5,,-0.1,-1.1,-0.4,-0.4,0.1,0.6,0.6,0.1,,,2.0,1.2,-1.0,3.0,3.2,-0.3,4.7,10.8,-0.1,-0.5,-0.9,0.1,4.3,4.5,4.0,0.4,,0.5,0.2,,-1.2,1.0,1.6,,0.7,1.3,-2.6,5.1,0.0,0.3,0.1,0.0,-0.2,0.1,1.7,-0.1,-0.3,0.7,-1.1,-1.5
2008,1.4,2.6,6.4,-1.3,-1.6,-0.9,12.6,14.7,10.9,10.0,11.7,6.6,7.2,27.8,18.9,6.2,2.3,13.7,-1.2,,2.3,1.6,2.4,2.1,3.3,3.5,-1.1,6.4,3.7,0.2,2.0,1.6,6.3,-2.6,4.4,6.3,-0.4,0.5,0.3,-0.2,0.7,1.5,2.6,,,8.8,10.5,11.0,6.2,3.1,7.4,-1.4,3.1,7.7,4.1,3.8,1.4,4.3,2.4,,9.4,4.9,4.2,5.5,5.1,,4.6,4.2,3.3,2.4,5.4,6.4,1.7,11.9,25.3,8.4,6.5,6.5,2.0,1.6,-1.1,1.1,10.2,4.5,-6.9,-3.4,2.4,1.2,-2.8,0.9,3.6,4.2,19.6,7.6,-2.6,-1.0,6.4,,5.4,-0.6,5.8,0.5,-1.1,-3.6,0.6,3.2,0.6,4.7,,2.7,3.9,7.9,0.2,8.0,4.1,8.7,2.4,3.8,5.2,-2.1,2.1,3.0,3.0,2.7,-0.1,5.2,0.0,-6.1,-6.3,-6.3,-14.1,-22.2,,-13.9,,-14.1,-5.2,2.5,0.6,-4.2,4.2,-0.9,-8.8,,,1.0,,4.0,16.4,16.3,16.5,2.6,-0.3,7.1,6.3,1.4,3.2,-1.5,-2.1,9.4,,-1.3,8.3,0.0,-4.3,0.1,-0.6,,0.2,,,5.3,3.2,3.7,3.8,2.4,6.6,-0.7,0.7,4.4,,3.0,10.7,2.2,5.5,16.4,2.7,13.0,0.4,,3.4,1.8,1.3,,1.8,,,-0.2,5.6,2.5,2.5,,,,4.4,15.7,3.1,2.9,2.9,4.1,4.7,,,6.4,2.8,,-1.4,-2.9,5.1,,,,,,,-0.4,-0.3,0.0,-0.4,-0.6,0.2,2.8,-2.1,-1.4,,-0.7,2.2,-1.6,1.1,-1.4,,,0.1,-5.3,,-1.1,,,1.5,-1.3,4.1,1.6,2.3,-0.6,-0.9,2.4,0.1,1.6,1.6,2.5,,2.2,1.5,2.3,1.5,1.2,1.5,0.4,-0.2,,,2.0,0.1,1.0,3.7,1.3,1.1,10.0,1.7,,1.1,,0.9,0.8,1.0,0.2,0.0,-0.2,-0.2,0.6,0.9,0.2,0.0,0.0,1.0,0.9,3.4,-2.5,2.3,-1.8,,4.3,1.0,0.9,3.6,2.0,,,0.0,2.7,-0.2,,,-0.1,6.0,3.7,3.7,6.6,4.5,9.0,29.4,29.4,0.3,0.0,0.6,-0.3,-3.4,-7.5,-10.7,-1.5,-4.2,-9.4,-6.0,-10.5,,-0.5,-2.3,1.6,,2.6,3.7,,1.1,-1.5,-2.2,-3.6,0.6,,-0.6,-0.6,-0.4,-0.5,-0.9,,1.8,2.0,1.8,2.3,2.0,,2.1,,0.8,1.5,2.6,-0.4,,,,2.2,5.3,4.0,6.2,-0.9,-4.9,2.3,2.9,1.9,8.8,5.9,-1.8,-0.4,3.2,,0.1,1.0,1.0,0.0,-2.4,,0.0,0.0,0.5,0.4,0.0,-0.2,0.4,1.2,0.1,,1.5,,1.9,-0.5,0.1,1.4,1.7,5.2,-0.1,-3.3,,0.3,,0.0,-0.1,-2.0,1.3,1.4,1.4,-0.3,-0.1,5.9,0.7,,,3.8,0.1,0.3,0.4,-0.5,-1.3,1.6,1.5,0.3,1.9,-0.1,1.1,0.1,-0.9,1.4,-0.4,-0.6,-0.3,-0.3,-0.6,-0.5,-0.7,-0.7,-0.1,-0.3,0.1,-0.6,-0.8,-0.8,1.8,0.6,1.3,0.2,-1.6,1.0,,-0.7,-0.8,1.5,-1.8,-0.1,0.6,2.1,2.1,2.1,1.8,2.5,-0.3,-0.3,-0.8,-1.3,0.4,-0.2,-3.7,0.4,-0.2,0.2,-0.9,-0.8,-1.0,4.3,,-1.8,-4.7,,-0.5,-2.4,-4.4,,,-1.1,0.8,-3.1,,,0.2,-0.4,0.2,1.9,,2.0,1.0,0.0,0.0,0.0,0.0,0.0,0.0,0.1,0.1,0.2,0.1,,0.2,,5.2,7.0,-0.7,-1.0,0.1,3.3,0.0,0.0,0.0,0.0,0.1,4.5,4.5,,4.2,11.8,6.9,27.6,-8.4,,,0.5,0.6,4.3,-0.6,-0.7,1.3,0.0,,,,-19.8,0.0,0.0,0.0,0.0,-0.1,-0.1,0.0,8.0,0.7,0.7,0.5,0.0,0.6,1.1,0.6,0.1,0.4,0.5,2.0,0.1,0.0,0.2,0.6,0.8,0.2,1.2,,-0.5,-18.4,-20.9,-18.3,-22.5,-38.7,,-5.0,-29.5,0.0,1.8,,0.2,3.2,-0.2,8.3,,-1.5,-4.2,0.4,-3.4,2.1,-2.5,1.2,,-0.5,-0.1,,-0.2,-0.6,-0.7,-0.5,-1.0,-0.6,0.1,0.9,,0.0,1.5,4.7,-2.0,,,-0.9,,1.5,-0.6,0.3,0.1,0.2,0.0,1.6,,3.8,0.1,0.2,0.0,1.3,-0.5,-0.5,10.5,10.5,1.0,2.6,1.1,0.3,1.1,1.3,,0.2,0.3,0.2,0.0,0.4,0.0,0.6,0.0,,1.8,0.2,1.2,1.7,0.0,0.5,0.4,0.2,0.8,0.2,,0.1,,,-0.2,,,0.4,0.1,-1.2,-0.1,0.2,0.5,0.3,0.2,0.0,-4.1,-4.9,,-3.3,1.7,-0.1,-2.4,,,4.7,6.2,-1.7,-0.3,-0.5,-0.5,-0.3,-0.5,,-0.3,-0.2,-0.6,-0.1,0.1,3.4,0.2,-2.7,,,2.3,0.9,-0.3,1.5,3.0,1.0,6.2,12.0,1.1,-0.3,-0.8,0.2,0.1,0.0,0.3,0.3,,0.8,-0.7,,0.0,1.1,0.0,,-0.4,1.6,1.6,-6.3,1.5,3.1,1.6,0.4,0.0,1.7,9.0,0.8,0.0,0.9,-0.4,0.0
2009,-1.4,0.2,0.8,0.4,-0.6,0.6,0.3,-1.4,1.9,2.1,1.7,1.7,5.7,-2.2,0.9,1.0,2.4,8.6,0.4,,-1.0,-3.0,-3.0,-2.8,-5.1,0.2,-0.7,-4.7,-6.5,-3.6,1.3,-7.3,-10.0,-5.5,1.8,-2.1,-1.7,-0.6,0.7,-2.2,-2.1,1.0,1.4,,,7.7,8.6,9.0,6.3,1.3,1.8,1.7,2.2,0.5,-1.2,-1.3,-1.1,-7.3,-0.5,,-1.4,-0.9,-0.8,-1.0,-0.3,,1.3,2.5,3.3,0.8,1.4,1.5,1.2,5.7,1.8,0.4,-3.2,-3.2,-0.5,-1.3,5.3,0.4,-4.5,-4.3,0.1,-4.7,-3.8,-4.8,-8.6,10.5,-14.0,-3.1,-6.6,-1.7,9.1,-7.6,-1.4,,-1.8,-2.6,-1.9,-4.3,-2.4,3.6,0.7,-5.0,-7.2,-2.4,,1.1,3.7,3.8,-0.1,7.1,2.8,17.0,-1.1,0.6,1.0,-6.2,1.3,3.4,-0.5,2.7,-0.2,0.8,6.9,-3.3,-3.4,-10.7,2.0,-5.7,,-5.4,,-6.2,-4.8,-6.8,-3.1,-3.5,0.5,-4.3,-1.3,,,-1.9,,0.0,-1.1,-6.8,23.4,0.1,-0.6,1.6,1.7,1.6,6.8,-3.5,-7.2,-2.1,,-1.8,-2.3,7.0,-6.6,0.0,-0.5,,-0.9,,,3.3,1.1,2.0,1.5,2.5,1.6,-1.2,4.4,1.2,,1.9,5.3,9.1,15.4,5.8,2.4,4.7,-0.3,,1.1,0.5,0.9,,0.4,,,-1.7,2.5,1.3,-3.7,,,,1.6,8.0,0.6,0.2,-0.7,2.0,4.0,,,3.7,2.8,,-5.9,-4.5,1.8,,,,,,,-2.3,-1.0,-0.4,2.1,-2.6,-3.1,-1.4,-7.2,-2.8,,-2.6,-4.5,-2.6,0.1,-2.9,,,0.1,-8.1,,-1.5,,,-0.5,-1.3,1.7,-0.9,-0.7,-2.0,0.9,-0.6,-0.5,0.9,0.8,1.5,,1.4,0.3,2.1,1.7,1.2,0.9,0.3,0.7,,,0.6,0.6,1.3,-2.7,0.9,0.3,1.0,0.7,,0.6,,2.9,2.9,2.8,-0.2,-0.3,-0.5,-0.5,0.0,-0.3,0.2,-0.3,-0.3,0.6,1.0,0.8,-2.1,1.6,2.1,,2.4,0.5,0.1,1.6,1.3,,,-0.1,1.5,-1.2,,,0.6,-4.2,-0.6,-0.6,-0.6,-0.5,-0.8,-33.8,-33.8,0.7,0.4,1.1,-2.2,-5.5,-9.9,-12.7,-4.5,-5.0,-12.0,-9.6,-12.6,-21.2,-2.5,-3.1,-2.6,,0.0,-0.6,,1.4,-2.7,-4.0,-3.0,-2.1,,-2.6,-1.7,-3.6,-1.6,-1.6,,0.0,-0.2,0.7,-0.9,0.3,,0.2,,0.1,-0.2,1.0,-2.0,,,,-0.7,-2.3,-4.4,-0.6,0.1,-1.0,0.9,-0.4,-3.4,2.2,2.4,-3.2,-1.0,-0.4,,0.0,0.2,0.2,0.0,-7.6,,0.0,0.0,-0.9,-1.4,-0.8,-1.2,-1.4,-1.2,-0.5,,-1.1,,-4.3,0.0,-1.3,1.2,-3.6,2.9,-0.8,-1.9,,0.0,,0.4,-2.2,-2.0,-1.9,-0.8,0.8,-1.3,-1.2,0.8,-4.0,,,-2.2,-0.7,-1.0,0.5,-2.0,1.6,0.7,2.0,-1.5,-1.2,1.7,-3.3,-0.9,-2.4,-0.2,-2.1,-3.7,-0.4,-0.2,0.1,0.3,0.3,-0.8,0.0,-0.3,0.1,-0.2,-1.5,-1.5,0.2,-1.7,0.4,1.9,-0.8,0.2,,-1.1,-0.9,3.7,-0.7,-0.6,-2.1,0.8,0.8,0.7,1.3,2.0,-0.1,-2.2,-0.8,-2.5,1.0,-0.4,-4.7,-0.5,-2.2,-0.5,-4.8,-4.7,-0.5,-4.0,,-2.5,-3.0,,0.3,-1.1,-6.2,,,-2.8,-0.1,-2.4,,,1.7,-0.1,0.1,0.5,,-4.9,-0.8,0.0,0.0,0.0,0.0,0.0,0.0,0.0,0.0,0.0,0.0,,0.6,,0.6,0.8,-6.1,-7.4,-1.0,-8.1,-0.8,-0.1,-1.3,-0.9,0.1,3.5,3.5,,-10.2,-22.7,3.0,-0.7,-1.3,,,-0.6,1.2,3.2,-0.5,-0.2,8.9,0.0,,,,-8.3,-0.6,-0.4,0.0,0.0,0.1,-0.6,-4.8,17.5,0.9,0.8,1.5,0.2,0.7,0.9,0.7,0.0,0.6,0.6,2.2,7.0,0.0,11.7,0.1,0.4,-0.4,0.7,,-2.5,-22.6,-29.1,-20.3,-38.2,-48.3,,-4.6,-32.5,5.4,2.5,,-0.5,1.1,-0.5,3.8,,1.1,-5.9,1.8,1.1,1.3,2.9,-2.6,,-0.6,-5.3,,-1.7,-2.4,2.7,-1.5,-0.8,-1.5,-1.9,-1.5,,0.0,0.9,-5.6,-0.2,,,-2.2,,1.0,-0.6,0.3,0.1,0.2,0.0,1.9,,2.7,0.1,0.2,0.0,-1.8,-2.3,-2.3,-13.7,-13.7,0.7,0.3,0.3,0.4,0.7,1.3,,-0.1,-0.3,0.1,0.0,0.2,0.0,-0.6,0.0,,1.6,-0.1,-2.4,0.7,0.1,0.5,-0.4,0.0,-1.6,-0.3,,0.0,,,-0.2,,,-0.4,-0.1,-1.3,0.0,-0.1,0.3,0.1,-0.1,-1.5,-7.2,-9.8,,-4.5,-2.2,-2.3,-4.9,,,-0.2,-0.5,-4.8,-0.7,-1.1,-1.0,-0.1,-1.1,,-0.6,0.0,-0.9,0.0,0.1,0.0,-0.1,-4.5,,,-0.7,-1.8,0.1,-3.5,0.9,-4.3,1.4,3.1,-0.4,-0.2,-0.6,0.2,0.0,0.0,0.0,0.1,,0.0,-0.3,,1.9,1.3,0.0,,-2.5,-3.0,-1.3,-3.4,-1.3,0.8,-1.5,0.0,-0.4,-1.5,-11.1,-0.4,-0.7,1.0,-2.3,-0.2
2010,-0.7,-0.3,-3.2,-3.5,-3.7,-3.6,-3.9,-4.5,-3.7,-2.8,-1.9,-1.3,-1.8,-9.8,-1.0,-1.2,-3.5,-5.9,-2.5,,-1.7,-1.0,-2.2,-1.4,0.1,-7.3,0.5,0.3,12.6,-0.1,-0.2,1.4,-5.3,-2.8,-0.2,1.7,-2.0,-3.8,0.3,-7.8,-1.2,-2.8,-5.7,,,-3.2,-2.9,-4.0,-3.0,-1.7,0.6,-1.0,0.1,-5.0,-1.8,-1.4,-1.7,-1.4,-1.1,,-1.2,-3.2,-4.0,-3.3,-1.4,,-0.8,-1.2,-0.9,-1.8,-1.7,-1.1,-1.3,-0.4,-5.1,-1.6,1.2,1.2,6.2,11.1,17.3,19.0,18.3,24.2,17.6,11.1,-4.2,-1.3,5.9,14.7,5.1,20.1,10.5,-2.1,18.9,9.1,13.4,,3.1,15.1,9.3,9.0,9.9,11.1,14.5,-3.8,-5.2,-2.6,,-1.7,0.0,-0.6,-0.7,1.4,-0.9,0.6,-2.7,-2.0,-2.4,-4.3,-2.2,-1.9,-2.8,-1.6,-3.6,-1.2,1.7,6.6,7.1,9.8,7.4,-3.3,,33.0,,45.1,8.0,11.6,8.7,-2.3,-4.1,0.6,9.7,,,-2.7,,-1.7,-9.0,-12.6,2.7,-0.7,-0.3,-2.2,-2.0,1.4,-2.4,-2.8,-5.4,-5.3,,2.2,0.7,16.9,-3.3,-2.1,-4.5,,-2.2,,,-1.1,-1.0,0.5,0.3,-3.1,0.0,-1.2,-1.6,-1.8,,-2.8,-10.1,-3.6,6.7,-1.5,-0.7,-1.5,-0.6,,-1.7,-1.0,-0.6,,-0.7,,,-2.5,0.2,-3.8,-2.6,,,,-2.2,-5.2,-0.9,-2.5,-1.8,-3.0,0.4,,,-3.4,1.1,,-1.4,-4.9,-0.5,,,,,,,-2.1,-2.0,-1.5,0.5,-3.3,-1.7,-1.9,1.0,-2.5,,-2.3,-4.4,-1.9,0.9,-2.6,,,0.0,-7.5,,-1.6,,,-1.4,-2.5,-1.0,-1.6,-1.4,0.5,-4.3,1.4,-2.7,-0.1,-0.1,0.3,,0.0,-0.3,0.1,0.2,0.3,0.2,-4.6,0.2,,,-0.6,-0.2,-0.9,-0.9,0.1,-0.2,-0.2,-0.1,,0.0,,1.0,1.0,1.1,-0.4,-0.4,-0.6,-0.6,0.0,0.2,-0.1,-0.3,-0.3,-0.7,-0.8,-0.1,-4.1,-0.3,0.3,,-2.1,-0.7,-0.4,0.8,-0.9,,,-0.1,-0.2,-1.3,,,-1.4,-0.2,-3.1,-3.1,-0.8,-2.8,1.3,14.9,14.9,0.3,0.2,0.7,-4.6,-10.1,-13.8,-17.2,-11.4,-8.2,-17.0,-14.4,-15.0,-21.7,-10.7,-15.8,-2.7,,-2.3,-3.5,,0.4,-4.0,-6.5,-5.4,-2.2,,-2.6,-1.9,-2.5,-1.6,-4.0,,-1.1,-0.9,-1.5,-1.4,-0.9,,-0.8,,0.1,-1.3,0.0,-1.8,,,,-4.4,-8.8,-11.1,-7.2,-3.3,-3.7,-2.9,-2.6,-2.6,0.1,-1.0,-6.1,-1.6,-6.0,,0.4,0.4,0.4,0.6,0.0,,0.0,0.0,-1.2,-1.1,-0.1,0.1,-1.2,-0.6,1.4,,-1.8,,-2.7,1.0,0.2,-2.0,1.2,0.0,-1.2,2.6,,0.1,,0.7,-3.3,-1.8,-1.7,-0.8,-1.3,-5.0,-4.4,1.0,-3.0,,,-4.1,-1.2,-0.9,0.2,-2.2,0.8,0.3,-0.4,-1.3,-1.6,-2.4,-1.5,-0.9,-0.6,-1.3,-2.9,-2.9,-3.0,-1.6,-2.5,-2.4,-1.8,-3.5,-0.9,-0.9,-0.8,-0.9,-2.7,-2.7,-1.3,-2.4,-1.4,0.1,1.1,-1.2,,-2.6,-2.0,-5.9,-1.1,-2.7,-1.9,0.2,-0.1,0.0,1.1,0.9,-0.5,-1.4,-2.0,-3.3,-3.8,-0.1,-4.0,-0.6,-1.5,-1.7,-3.6,-0.2,-1.5,2.7,,-2.5,-1.8,,0.1,0.3,-3.8,,,-3.3,-1.3,0.9,,,0.7,0.2,-0.3,0.2,,1.0,-0.7,0.0,0.0,0.0,0.0,0.0,0.0,0.0,0.0,0.0,0.0,,0.4,,0.0,-4.1,-2.6,-3.4,0.8,2.4,-0.6,-0.3,-1.0,-0.8,0.0,0.6,0.6,,3.4,10.6,-1.0,-1.5,-5.0,,,-0.2,0.4,0.8,-0.5,-0.6,1.9,-2.7,,,,0.0,-1.1,-0.7,0.0,0.0,0.0,-1.0,-1.7,-3.0,-9.6,-12.8,0.8,-0.3,1.3,-73.8,-18.7,0.0,0.3,0.3,1.8,0.8,0.6,0.9,0.3,0.6,-0.6,1.0,,-1.7,-19.4,-31.5,-34.5,-31.8,-31.3,,-14.0,-34.1,7.1,-1.0,,-2.7,-1.1,-0.9,-1.3,,-2.5,-8.0,2.2,-6.1,1.6,-2.6,-4.3,,-4.8,-16.1,,-0.2,-2.8,-0.8,1.6,1.0,1.8,1.6,-4.3,,-5.4,-2.6,-10.4,-2.9,,,-4.3,,1.3,0.0,0.2,0.0,0.0,0.0,1.2,,0.7,0.2,0.6,0.0,-0.2,-1.5,-1.5,1.7,1.7,0.1,-1.2,0.4,0.0,0.6,0.5,,-0.3,-0.4,0.0,0.0,0.0,0.0,-0.2,0.0,,0.4,0.4,-1.8,0.0,0.3,0.0,0.5,0.7,0.0,-0.9,,0.1,,,-0.1,,,1.3,-0.1,-1.6,-0.1,0.3,0.1,0.1,-0.3,-1.2,-6.1,-8.7,,-3.5,-3.0,-2.2,-3.9,,,-2.7,-1.2,-4.7,-0.2,-0.4,0.0,0.2,-0.6,,-0.2,0.3,-0.1,0.1,-0.9,-0.5,-0.2,-1.7,,,-0.5,-0.4,-0.9,0.1,2.8,-4.2,-0.3,0.0,-0.8,-1.3,-1.1,-1.5,9.6,9.8,9.3,1.9,,3.0,0.1,,0.6,0.9,0.0,,5.8,-1.0,11.1,7.1,-1.0,-1.4,-0.8,-0.5,-0.5,-1.1,2.7,-1.3,-1.2,-7.8,-1.6,-0.4
2011,-0.3,-0.4,-1.6,-4.0,-3.3,-4.6,0.2,0.9,-0.3,0.0,-0.8,0.1,0.3,-1.2,-0.6,-2.2,-0.7,-0.2,-0.8,,0.4,1.0,-1.1,-2.9,-7.0,-1.4,3.2,2.0,6.8,3.9,-2.3,-0.7,10.7,-0.4,-2.0,7.2,14.8,-0.1,2.3,-3.8,2.4,-0.7,-2.8,2.8,,-2.8,-1.5,-3.3,-3.5,1.6,-1.8,3.5,-0.1,1.2,-0.1,0.2,0.2,0.6,0.3,,0.7,-1.2,-2.0,-0.8,-0.6,,0.2,-0.8,-0.6,-0.7,-0.9,-1.5,-1.0,1.0,-0.5,-1.6,3.9,3.9,-2.2,-3.2,-12.7,-5.2,-0.8,-11.1,-8.5,-1.7,-2.4,2.8,5.2,3.6,9.6,-7.5,2.0,8.4,0.6,0.4,-5.7,-0.3,-0.2,-2.0,-2.3,-0.6,2.6,-4.4,-9.8,-2.4,-5.0,-7.4,,-0.4,1.0,0.9,-0.5,6.7,-1.0,2.1,-1.0,-1.9,-0.4,0.1,-0.8,-1.5,-0.9,-0.4,-1.1,-0.8,1.0,0.6,0.6,5.8,4.7,3.5,,-13.4,,-13.8,2.5,4.5,-5.5,4.1,-2.6,5.4,-10.8,,,1.4,,-0.8,-0.2,0.1,-1.4,-0.9,-0.5,-2.2,-0.5,2.8,-0.8,-2.1,-1.3,-1.9,-0.8,-0.1,0.2,-0.7,0.2,-0.3,-2.4,,-1.2,-1.5,,-0.5,0.6,0.5,0.0,-1.1,0.3,-0.1,1.1,-0.6,,-0.6,-2.1,-2.4,-1.0,-1.1,-1.1,-1.5,-0.3,,0.4,-0.5,-0.4,,-0.2,,,-2.5,1.0,-3.2,0.9,,,,1.1,10.8,1.2,0.5,-0.1,-0.5,1.2,-1.2,,0.3,0.4,,-1.1,-0.8,0.0,-0.1,0.4,,,,,-0.5,-0.9,-0.4,-1.3,-1.2,1.0,2.8,0.3,0.3,,-0.8,-1.0,-1.5,-0.3,-0.8,,,0.0,-2.7,,-0.2,,,-1.1,-2.1,-0.5,-0.8,-1.0,1.4,-0.7,-3.4,-1.5,0.2,0.2,0.4,,0.0,-0.1,1.1,0.0,-0.2,0.2,0.5,-0.4,,3.3,-0.2,0.2,-0.7,0.4,0.2,0.1,0.3,0.5,,0.1,,0.2,0.1,0.3,-0.2,-0.2,-0.4,-0.4,-0.3,-0.7,0.3,-0.2,-0.2,-0.1,-0.4,-0.9,-4.8,0.8,0.4,,-0.7,0.0,0.1,1.5,0.2,,,-0.1,-0.1,-0.6,,,-0.6,3.3,2.8,2.8,2.9,2.8,2.9,18.4,18.4,0.0,-0.1,0.4,-5.6,-13.8,-19.6,-18.6,-13.5,-9.0,-25.9,-19.5,-17.5,-27.5,-10.1,-11.6,-4.0,,-2.2,-1.3,,-3.4,-3.4,-4.7,-4.8,-0.9,,-0.1,0.6,-0.3,-1.4,-1.3,,-0.2,-0.8,-0.9,-1.6,0.1,,-1.0,1.5,-0.5,-0.2,-0.4,0.7,-0.5,,,-2.0,-3.5,-3.6,-3.5,-1.3,-2.0,-0.9,-1.6,-1.0,-1.9,-1.1,-1.8,-1.9,-2.6,,-0.4,0.1,0.1,-1.0,-1.5,,0.0,0.0,-0.3,0.0,0.8,1.4,0.0,2.0,7.8,1.9,6.3,-1.3,-1.5,1.4,1.9,-1.1,2.4,-0.2,0.7,1.5,0.9,0.9,0.8,1.6,1.3,-1.1,1.4,-0.6,-0.7,-4.3,7.9,-0.5,-7.3,,,-2.0,-0.2,0.0,-1.4,-3.1,-1.4,-1.3,-1.4,0.7,-2.3,2.7,-0.6,2.3,0.0,1.9,0.0,-0.6,0.5,-0.8,-0.9,-2.7,0.5,-0.1,-1.2,-1.0,1.6,-4.2,1.2,1.2,-1.3,-0.5,-1.6,-2.5,-0.7,-0.7,-4.1,-0.6,0.5,1.1,-1.3,-1.4,-1.0,0.1,-0.3,0.3,0.3,0.5,-0.7,-2.0,-1.6,-1.7,-1.3,-0.6,-3.4,-0.5,-1.7,-1.0,-2.8,-0.4,-2.3,-4.0,,-0.3,-1.0,-1.6,6.9,-1.2,-2.7,,,-1.5,-0.4,-0.4,,,0.0,0.0,0.0,-0.1,-0.3,1.2,0.8,-0.1,0.0,-0.9,0.0,0.0,0.0,0.0,-0.1,-0.1,0.0,,-0.2,0.0,0.0,8.1,0.3,-0.4,2.7,2.2,-0.1,-0.5,0.4,-0.1,-0.2,0.8,0.8,,2.8,9.6,3.7,-1.7,-13.6,,,0.6,0.0,0.5,-1.1,-0.4,0.0,-1.4,,1.6,,9.1,-2.9,-0.7,0.0,0.0,0.0,0.0,0.0,-4.1,-2.1,-3.0,0.1,-0.6,1.4,-94.1,-7.3,0.0,0.3,0.1,1.0,0.1,0.2,0.0,-0.2,0.2,-0.9,0.5,,-4.0,-27.5,-30.9,-40.0,-39.9,-24.0,,1.3,-28.0,0.0,-2.8,,-1.7,-0.4,-0.1,-0.7,,-3.3,-6.7,-2.1,-6.3,-0.9,-3.7,-1.2,,-3.9,-5.8,-1.7,-1.1,-0.4,-2.4,-0.3,-1.1,0.1,-0.2,-1.1,-5.0,2.1,0.6,-1.6,-2.3,,,-1.0,-1.7,0.4,0.3,0.3,0.0,0.0,0.0,1.8,2.2,0.5,0.3,1.2,0.0,0.8,-2.3,-2.3,15.8,15.8,0.2,0.5,-0.1,0.1,0.6,0.1,,-0.3,-0.3,-0.1,0.0,-0.1,0.0,-0.2,-0.3,0.0,0.3,-0.4,-2.7,0.0,0.9,0.1,-0.1,4.4,0.9,-0.4,,-0.4,0.4,,-0.2,0.1,,3.8,-0.4,-2.1,-0.1,0.1,0.0,-0.1,-0.6,-1.3,-4.5,-8.0,,0.0,-0.5,-1.3,-0.1,-2.1,,-0.1,0.0,-0.1,-1.4,-0.1,-1.1,0.1,-0.7,,-0.6,0.2,-0.8,-10.3,0.0,0.0,0.4,-1.1,,,-0.8,-1.0,-2.1,-0.1,0.2,-1.8,0.2,1.8,-1.0,-1.1,-1.4,-0.7,26.2,26.8,25.4,5.4,,8.6,0.0,,0.0,0.0,0.0,,-1.0,1.0,-3.2,0.6,-0.3,-0.3,-0.3,-0.3,-0.4,-0.3,5.8,-0.8,-1.0,-1.7,-3.5,-0.1
2012,0.0,0.1,3.0,9.2,8.8,10.2,-0.1,-0.1,-0.1,-0.2,-0.4,-0.4,0.3,0.2,-0.3,-1.3,-1.1,0.7,-1.8,,1.0,0.7,0.4,3.4,-2.6,6.4,-3.3,-5.6,-9.8,2.8,-4.0,1.4,11.5,9.9,0.7,7.0,-3.8,3.4,0.7,-1.3,8.0,0.5,-0.3,17.9,,-2.4,-2.1,-3.2,-2.2,1.3,-1.0,2.7,0.7,0.4,-0.9,-0.7,-0.7,2.7,-0.4,,-2.1,-1.6,-1.4,-1.6,-1.9,,-2.2,-1.4,-0.8,-0.8,-2.2,-1.8,-3.2,2.8,-2.5,0.0,-4.7,-4.7,-0.5,-0.7,-0.7,9.8,-8.8,-3.4,4.5,1.5,-1.9,-2.3,-6.3,-14.4,-8.7,6.3,-3.5,3.1,-6.6,3.7,8.9,-2.4,-7.0,-3.7,-6.3,-1.8,-5.3,9.1,-2.1,-1.0,4.0,-5.3,,-0.1,2.5,-1.2,-0.2,6.2,6.1,6.2,-1.9,-1.5,-1.2,-3.3,0.0,-1.4,-0.2,-0.1,-1.7,5.2,-4.5,2.7,2.7,16.0,-0.5,-2.6,,8.1,,-11.8,-1.3,-5.4,4.2,12.3,-4.8,3.8,3.3,,,3.4,,-1.3,-0.9,-0.4,-2.7,-1.3,0.0,-1.2,-1.3,0.2,-0.7,-2.2,-2.2,-1.3,-3.0,-0.6,-4.0,3.0,0.6,-2.1,-3.6,,-1.6,-1.9,,-0.6,0.8,-0.4,-0.3,0.6,0.1,0.7,-1.3,0.8,,-1.9,-2.3,-4.1,-0.6,1.0,-1.2,-0.3,-0.4,,0.7,-1.1,-1.1,,-2.5,,,-0.4,4.1,-2.2,-1.2,,,,2.0,22.2,0.3,-0.2,-1.0,0.0,-0.6,-0.4,,2.8,-3.5,,-1.7,-2.2,-1.5,1.9,1.1,,,,,-1.1,-1.1,-0.3,-3.2,-1.5,-0.2,2.4,-1.4,-1.0,,-1.4,-1.5,-2.3,-0.6,-1.1,,,0.0,-5.2,,-1.5,,,-1.2,-1.7,-1.6,-0.9,-0.8,-3.1,-1.2,-0.2,-0.9,0.0,0.0,0.2,,0.2,0.0,-0.2,0.2,0.1,0.3,-2.0,0.1,,0.1,-0.3,0.5,-0.7,0.0,0.1,-0.2,0.2,0.4,,0.2,,0.3,0.3,0.3,-0.3,-0.4,-0.5,-0.5,0.3,0.2,0.3,-0.4,-0.4,0.1,-1.1,-2.0,-7.7,0.0,0.5,,-0.4,0.5,0.3,0.9,0.0,,,-0.2,0.2,0.0,,,0.9,3.9,5.9,5.9,4.1,5.5,2.4,1.9,1.9,0.3,0.2,0.5,-2.9,-8.8,-18.8,-23.9,-9.1,-9.7,-29.4,-11.4,-11.5,-31.7,0.1,0.6,-2.5,,0.2,2.2,,-0.1,-1.6,-13.4,1.2,1.6,,1.8,-0.2,2.4,2.3,1.8,,1.6,-0.5,0.6,-1.3,-0.3,,-0.8,0.6,-1.0,3.2,7.5,3.4,3.2,,,-1.9,-2.6,-3.0,-2.4,-1.5,-1.1,-1.7,-1.8,-0.9,-1.4,-0.7,-3.0,-2.3,-3.9,,-0.1,0.1,0.1,-0.3,-0.5,,0.0,0.0,0.0,0.0,0.6,0.6,-0.1,2.4,3.3,1.7,3.4,3.7,4.6,1.3,2.8,-0.7,0.1,0.6,-0.6,-1.5,0.0,1.0,1.8,-1.9,1.6,-1.7,-0.7,-0.4,-0.9,-3.9,1.7,0.6,-3.6,,,-0.7,0.3,0.7,0.6,-0.6,0.1,0.2,3.4,0.8,1.5,0.4,1.9,-0.6,1.2,1.0,0.0,-0.3,0.2,-0.5,0.8,-0.2,0.5,2.9,-3.2,-0.1,-1.4,-6.4,8.5,8.5,-0.5,-1.1,-0.4,-0.7,-0.3,0.2,-0.3,-0.3,0.4,4.1,-2.1,-1.7,-0.2,0.1,-0.1,0.3,0.4,0.2,-0.8,-2.2,-2.6,-1.9,-1.8,-0.1,-2.1,-0.6,-0.4,-2.6,-2.8,-3.3,-1.1,-3.9,,-1.3,-2.3,-2.3,1.9,-0.8,-2.8,,,-1.7,-1.1,-1.9,,,0.2,0.2,0.1,0.1,-0.5,0.3,0.1,0.0,0.0,-0.3,0.0,0.0,0.0,-0.1,0.0,-0.2,0.0,,-0.1,0.0,0.0,-2.6,3.5,1.2,10.3,0.9,0.2,-0.4,-0.1,1.4,-2.0,0.8,0.8,,1.1,1.1,2.6,-0.9,-15.3,,,0.4,0.1,0.7,-0.4,0.0,-3.5,0.8,,-0.3,,2.8,3.3,-1.0,0.0,0.0,-0.2,-0.2,0.0,-6.2,0.3,0.3,0.0,-0.1,0.5,0.0,1.0,0.0,0.2,0.0,0.8,1.9,2.5,1.4,0.2,0.3,0.1,0.3,,-1.6,-8.9,-4.4,-21.3,-21.5,-16.4,,-9.7,-19.9,0.0,1.1,,-1.1,-1.0,-0.5,0.2,,-0.9,-0.9,0.2,-2.2,-0.1,-1.1,-0.7,,-3.9,-13.2,0.2,-1.2,-2.0,-1.4,0.4,0.7,0.3,-0.1,-0.9,-9.1,-1.0,1.2,-1.7,-0.9,,,0.1,-1.7,-0.2,0.0,0.5,0.0,0.0,0.0,1.1,0.9,2.0,1.6,0.8,2.0,-0.8,0.9,0.9,-3.4,-3.4,0.2,0.3,0.1,0.2,0.5,0.3,,-0.3,-1.2,-0.9,-1.7,0.0,0.0,-0.5,0.4,0.0,0.2,-0.4,-2.9,-0.2,-0.6,-0.1,-0.6,2.2,1.0,-2.0,,-2.3,-0.4,,-0.1,0.2,,-0.2,-0.1,-0.7,-0.1,0.1,0.0,-0.1,0.1,-1.1,-6.8,-10.6,,-2.3,-1.4,-2.3,1.8,-0.3,,-1.7,-1.8,-4.2,-0.6,-0.4,-0.6,0.1,-0.3,,-0.4,-0.1,-0.2,-2.4,0.0,0.0,-0.1,-1.4,,,0.1,-0.3,-1.7,-1.1,5.7,-0.5,1.6,3.3,0.4,-0.3,-0.4,-0.1,0.0,0.0,0.0,0.1,,0.0,0.7,,-0.9,0.0,0.0,,0.5,0.7,-0.7,2.7,-0.1,0.0,0.0,-0.2,-0.5,0.0,3.7,-0.4,-0.6,0.4,-1.5,-0.7
2013,0.4,-0.1,-0.5,2.0,0.7,3.2,-1.9,-1.0,-2.4,-2.3,-1.7,-1.8,-1.0,-1.2,-0.5,-3.9,-2.2,0.0,-3.1,,1.0,0.5,-2.2,-2.3,-0.6,-6.1,3.9,-0.1,18.5,1.6,-1.0,2.2,-11.8,6.3,0.6,0.5,0.8,2.4,1.3,2.5,-0.1,2.2,0.6,7.5,,-1.9,-1.6,-3.9,-1.0,3.5,6.1,0.8,-0.2,8.1,0.3,0.3,1.5,1.8,0.2,,-1.5,0.2,-1.1,1.5,-0.5,,0.1,-0.8,-0.1,-0.2,-1.5,3.2,-2.3,1.1,-1.5,-1.5,3.3,3.3,-0.1,0.3,6.4,2.4,13.0,-7.2,5.3,1.9,-2.9,3.1,-6.4,-0.8,5.6,3.6,3.2,-7.8,-4.9,-8.5,1.2,-3.9,7.5,1.4,3.4,5.3,1.8,-4.7,6.3,-0.2,-1.4,-0.1,,-0.8,0.5,-1.6,-0.2,-0.6,4.8,-1.0,-1.9,-1.6,-1.8,-2.4,-0.6,-1.7,0.7,-1.6,-1.0,1.0,-4.1,-1.6,-1.7,-13.0,0.0,2.8,,-1.7,,11.9,6.9,1.4,-4.5,-4.2,1.2,-0.3,-1.9,,,-0.9,,-0.6,0.2,0.5,-1.0,-0.7,-0.4,-0.9,-2.0,-0.3,-2.6,-1.5,-2.2,3.4,-1.5,1.0,-3.4,2.9,-0.5,-0.8,-2.4,,-1.3,2.5,,0.2,1.1,0.4,0.4,0.8,0.3,-0.2,-2.1,-0.1,,0.0,-1.8,-1.0,-0.7,3.7,-0.6,1.1,-0.2,,-0.3,-0.8,0.0,,-1.5,,,-0.7,-1.4,0.2,-3.3,,,,0.0,5.0,-1.2,-1.3,-0.1,-0.7,-1.0,0.5,,0.4,-1.4,,-1.1,-0.2,-0.5,-0.2,-1.0,,,,,-1.5,-1.6,-0.6,-2.4,-2.5,-0.6,-1.8,-3.4,1.8,,-1.9,-2.7,-2.5,-0.4,-2.1,,,0.0,-5.9,,-1.4,,,-1.0,-1.6,-0.7,-0.7,-0.5,-1.6,-0.3,-1.2,-1.8,0.3,0.3,0.1,,0.1,-0.1,0.1,-0.2,0.0,0.1,-6.3,0.7,,0.5,0.1,0.4,-0.5,10.1,0.0,-0.2,0.1,-0.1,,0.1,,0.3,0.4,0.3,-0.4,-0.4,-0.6,-0.6,0.6,1.0,0.2,-0.4,-0.4,-0.2,-1.1,-1.4,-5.0,-0.8,-0.6,,0.6,0.1,0.4,0.4,0.5,,,0.0,0.4,0.5,,,-0.4,4.6,7.1,7.1,2.6,3.2,2.0,8.0,8.0,0.5,0.3,1.0,-2.2,-6.9,-10.1,-14.1,-12.5,-2.9,-12.0,-13.6,-8.5,-11.1,-6.8,-7.5,-3.7,,0.7,3.4,,-2.6,-1.9,-18.0,2.2,0.3,,-0.1,0.4,-0.4,0.8,-0.5,,0.7,0.1,-0.2,-0.2,-0.3,,0.1,-0.4,-0.1,1.3,4.2,1.5,-0.1,,,-0.3,-0.2,1.6,-1.5,-0.1,1.2,-1.0,-0.6,-0.5,-1.5,-0.4,-1.6,-0.6,1.3,,-0.4,0.3,0.3,-0.9,-1.5,,0.0,0.0,0.3,0.5,-0.1,-0.3,0.6,1.1,1.8,2.5,1.9,1.5,-0.9,1.6,1.9,0.2,0.3,-0.1,1.1,1.7,0.9,-1.7,3.1,4.1,1.1,4.0,2.0,1.6,1.2,-2.3,1.1,-0.4,-3.5,,,-0.5,0.6,0.7,0.6,-0.5,-0.5,3.7,-1.2,1.0,0.2,1.4,-0.3,1.1,1.7,1.0,-0.7,0.6,-1.9,0.5,0.1,0.5,0.1,-0.7,0.4,0.4,1.4,-0.7,1.9,1.9,-0.3,0.5,-0.6,0.5,-0.8,-1.2,0.4,-0.8,-2.2,-0.4,-0.8,-0.8,1.2,0.4,0.2,0.7,0.3,0.1,-0.6,-1.0,-1.6,-3.1,-2.1,0.3,-2.0,0.4,-0.1,-2.0,-1.8,-6.0,0.1,-0.4,,-1.9,-0.6,-2.6,-0.7,-1.0,-1.0,,,-2.0,-1.2,-5.9,,,0.1,0.0,0.0,0.0,-0.6,1.4,0.0,0.0,0.0,0.0,0.0,0.0,0.0,0.0,0.0,0.0,0.0,,0.0,0.0,0.2,-1.8,1.3,1.8,0.0,2.7,-0.5,-0.8,-0.1,-0.1,-2.3,0.1,0.1,,3.5,5.9,-0.2,-0.7,-9.2,,,0.1,0.1,0.4,-0.1,-0.1,-1.2,0.0,,0.5,,10.2,3.6,-0.6,0.0,0.0,-0.1,0.0,0.0,-3.9,0.5,0.3,0.6,0.1,0.2,0.0,0.5,0.0,0.1,0.0,1.2,3.5,7.0,0.5,0.8,1.2,0.4,0.9,,-1.0,-5.3,-8.3,-10.6,14.9,2.5,,-2.7,-6.6,0.0,-1.2,,-0.4,-1.6,-0.4,-0.1,,-1.8,-2.7,-1.8,-2.5,0.3,-2.6,-0.1,,-0.4,-5.5,-0.5,-1.9,-0.5,2.3,1.3,2.2,0.3,2.4,0.0,-12.8,0.3,0.7,-0.9,5.1,,,-1.3,-1.2,0.0,0.2,0.2,0.0,0.0,0.0,0.1,0.0,0.9,0.9,0.4,1.1,-0.6,0.2,0.2,1.4,1.4,0.3,1.1,0.2,0.2,0.4,0.2,,-0.1,-1.5,-2.8,-5.2,0.0,0.0,-0.3,0.2,0.0,0.0,-0.4,-1.6,-0.1,0.0,0.2,0.7,0.9,0.1,-1.9,,-2.9,0.1,,-0.1,0.2,,1.2,0.0,-0.1,-0.1,0.2,0.0,0.0,0.0,0.3,-5.5,-7.8,,-3.1,1.3,-2.2,-1.6,-1.8,,4.0,3.7,1.7,0.4,0.1,-0.3,0.0,-0.7,,-0.4,0.2,-1.3,5.9,0.0,0.0,0.0,-0.4,,,5.0,7.1,-1.4,20.5,0.2,-0.3,0.1,0.6,-0.2,0.1,0.2,0.0,0.0,0.0,0.0,1.7,,2.5,0.4,,-0.3,0.2,0.0,,-0.1,0.5,0.3,-1.7,0.4,-0.1,0.5,-0.3,-0.4,0.5,5.8,-0.2,-0.2,0.4,-0.9,-1.0
2014,2.7,3.8,-0.4,-6.3,-6.2,-7.2,3.6,2.3,4.8,3.6,2.6,2.9,1.6,0.8,2.3,4.0,1.8,6.8,-0.2,,9.7,11.8,6.7,8.6,15.6,11.6,22.5,10.3,1.5,1.4,15.8,8.1,11.3,18.4,7.0,6.0,16.1,8.2,23.2,3.2,3.3,8.3,6.4,3.3,,2.5,2.5,2.1,2.8,7.7,7.7,9.3,2.4,8.3,7.6,8.5,7.9,14.9,7.6,,7.8,4.6,2.3,6.4,4.5,,5.4,4.3,4.5,4.6,4.1,2.6,1.3,4.5,12.0,7.9,9.1,9.1,2.8,3.0,4.3,-1.9,-4.3,-0.3,-4.5,-3.7,2.4,5.2,10.9,6.0,21.6,-8.5,0.8,17.0,20.5,13.7,9.6,11.7,-0.1,3.9,14.9,5.2,7.3,-2.9,-3.4,1.5,-0.2,0.5,,2.3,1.9,1.0,2.0,-0.1,3.6,4.9,2.7,3.7,2.8,1.1,2.2,1.6,2.7,1.2,1.4,3.6,3.4,4.2,4.1,7.8,-0.7,18.3,,1.0,,-6.5,1.3,3.2,8.9,5.3,3.6,5.0,1.0,,,4.8,,3.2,1.6,0.1,7.6,3.4,1.1,1.6,0.9,1.6,1.8,1.5,-0.6,9.0,8.9,6.2,6.0,1.5,8.6,2.0,0.9,,2.9,5.7,,3.6,1.7,5.5,6.2,1.6,2.7,1.6,2.9,3.5,,2.6,2.5,0.7,1.9,6.5,5.8,5.3,2.5,,4.6,4.0,6.0,,4.6,,,3.5,0.4,-0.4,-3.9,,,,5.0,9.7,3.4,2.7,5.8,5.7,3.6,3.9,,-0.5,4.4,,1.9,8.3,2.7,10.4,3.1,,,,,1.0,0.5,2.3,4.5,-2.1,1.6,-1.3,0.9,3.6,,1.2,2.7,1.7,2.0,-0.4,,,2.0,-1.7,,1.4,,,2.0,3.9,1.6,1.4,1.4,1.3,6.6,5.4,1.0,2.6,2.7,3.1,,3.1,2.7,4.2,2.6,2.7,2.7,0.9,2.6,,2.3,2.3,2.4,2.4,2.9,2.2,2.7,6.1,1.9,,2.4,,1.8,1.7,1.9,0.0,-0.3,-0.4,-0.4,-0.2,-0.5,0.2,-0.3,-0.3,2.4,1.3,1.5,-4.9,1.1,1.3,,11.5,2.9,3.6,4.4,4.3,,,2.5,3.9,2.3,,,1.4,6.2,8.1,8.1,5.9,5.4,6.5,5.9,5.9,2.5,2.2,3.1,3.8,6.3,2.2,9.8,8.7,-2.8,0.0,-9.4,9.4,-1.3,11.6,13.8,3.3,,3.1,2.6,,2.9,1.3,-12.0,5.0,1.5,,2.6,4.6,2.0,2.1,1.7,,3.0,2.2,1.9,1.7,4.3,,3.7,5.2,4.9,2.8,3.1,2.3,2.3,,,3.4,6.6,5.5,7.3,2.5,3.9,1.5,2.4,2.7,0.4,2.1,1.9,2.3,7.4,,1.7,0.4,0.4,1.8,1.6,,2.2,2.2,2.2,2.0,2.3,2.4,2.0,2.1,8.1,0.4,0.2,0.7,1.8,3.6,2.3,0.6,0.5,0.3,2.4,5.7,3.2,2.4,5.2,4.1,2.4,1.7,3.5,2.7,2.1,2.6,0.8,-0.1,-0.4,,,3.0,2.5,1.8,1.1,1.2,1.2,1.5,0.8,2.0,-1.5,0.6,2.8,1.9,3.3,2.9,2.1,0.0,4.3,4.1,3.6,4.4,3.8,2.2,4.3,4.1,6.1,2.4,4.3,4.3,1.8,1.0,1.7,5.4,1.2,2.3,5.1,1.5,1.1,0.9,2.1,1.0,2.3,3.3,2.9,4.0,2.9,2.3,1.0,1.7,0.3,0.4,1.3,1.9,1.5,2.8,1.8,1.1,-2.3,1.9,1.3,2.4,,0.6,2.7,-2.3,1.4,1.8,0.0,,,1.1,1.3,-3.5,,,0.7,0.7,0.6,2.5,0.5,2.6,5.2,2.1,2.1,2.1,2.2,2.0,2.1,1.8,1.8,1.8,1.8,,2.5,2.1,2.5,0.5,26.1,34.6,2.2,2.7,1.8,1.4,2.4,1.8,1.7,4.9,4.9,,2.9,4.9,1.9,1.7,-1.8,,,2.7,3.0,3.2,0.1,0.4,0.0,2.2,,4.1,,3.1,1.3,1.3,3.0,1.9,2.0,0.2,2.0,4.1,1.9,1.4,0.8,0.2,0.9,395.3,3.2,0.0,0.3,-0.1,1.2,2.2,2.3,2.1,3.0,2.9,3.7,2.0,,3.7,5.1,5.1,-0.1,9.8,9.2,,1.0,5.3,2.2,2.6,,5.2,1.9,2.0,1.8,,2.2,9.7,3.5,1.1,6.2,1.5,-1.8,,8.6,1.8,1.7,3.5,27.6,2.0,3.5,4.0,2.4,4.9,7.4,-3.8,3.3,2.5,15.5,21.0,,,2.6,2.2,1.7,1.9,2.4,2.2,2.1,2.2,2.8,2.8,3.1,2.8,2.6,3.0,3.1,5.4,5.4,6.5,6.5,2.8,6.0,1.3,2.3,3.1,2.8,,2.4,1.9,2.9,2.1,4.3,2.1,1.0,0.1,0.0,3.1,0.6,-1.0,2.9,0.8,2.8,0.5,3.0,6.5,2.3,,2.1,-2.5,,2.4,3.2,,3.7,1.8,2.0,1.1,2.5,2.1,1.7,0.2,1.7,0.4,-0.2,,1.0,-0.1,2.1,0.6,1.0,,-1.8,-1.7,2.2,2.4,2.0,1.8,2.1,2.2,,2.4,2.2,2.3,3.3,2.2,2.2,2.2,3.7,,,7.5,9.8,1.6,19.9,3.9,2.7,1.8,4.0,0.1,2.1,1.9,2.3,3.2,3.3,2.9,5.0,,7.5,0.1,,0.5,0.0,0.0,,6.2,11.8,3.0,4.1,2.6,3.4,3.3,0.9,-0.4,3.2,6.5,2.2,1.8,1.9,3.5,1.3
2015,0.8,3.1,-0.8,-6.9,-5.6,-8.5,2.2,1.5,2.2,2.9,3.5,1.6,0.3,8.6,6.2,2.4,0.1,2.5,-0.9,,3.8,3.6,4.4,2.8,-3.6,-2.5,1.6,4.6,4.2,2.4,4.1,5.5,5.3,3.0,3.4,13.6,5.7,4.6,7.5,2.5,5.6,6.5,6.9,1.0,,5.0,4.2,5.6,5.3,2.5,1.0,4.4,4.1,-0.1,4.9,5.9,5.7,11.5,7.2,,3.7,1.5,1.4,0.7,4.0,,3.0,3.0,2.9,2.9,3.2,0.5,3.6,5.3,2.1,2.8,2.7,2.7,6.2,8.7,15.4,10.0,9.0,7.8,18.8,16.6,2.6,8.6,16.2,16.4,3.7,10.6,1.7,-2.1,-2.1,17.3,-0.5,13.7,11.1,8.3,7.8,7.0,13.6,11.0,14.0,6.6,3.5,2.3,,1.6,1.7,2.2,1.5,1.9,1.3,1.5,1.4,2.0,1.4,0.4,1.6,0.5,2.2,2.4,1.8,0.5,-0.3,8.1,8.1,4.0,8.9,12.1,,9.6,,2.1,7.1,9.7,11.1,8.1,12.6,4.0,-8.0,,,7.8,,1.0,-2.0,-2.7,0.3,1.3,1.2,-0.8,-0.6,0.4,-0.7,2.8,3.0,-3.4,-0.1,-2.7,11.7,1.6,3.2,5.4,-0.5,,-0.1,8.8,,4.6,1.0,2.9,4.1,2.5,5.4,2.4,-0.3,2.9,,0.9,11.1,-1.0,1.0,14.2,6.3,6.3,0.9,,3.2,2.6,2.7,,3.0,,,5.5,4.0,-8.8,-1.9,,,,3.6,0.3,2.4,4.2,4.7,4.5,3.1,5.3,,-1.5,5.0,,9.1,12.1,1.2,6.5,3.7,,,,,1.0,-0.8,0.4,5.5,-3.3,6.0,9.1,13.3,0.5,,0.1,1.9,-0.5,0.3,-1.3,,,0.7,-0.5,,0.3,,,-0.1,-0.4,0.5,-0.3,-0.3,0.0,1.1,2.7,-1.4,2.1,2.1,1.7,,1.4,0.9,1.3,1.1,1.3,1.2,15.7,1.4,,4.5,1.7,1.5,2.6,4.0,1.3,1.5,3.8,1.2,,1.0,,1.4,1.3,1.5,0.0,-0.3,-0.3,-0.3,0.2,0.1,0.3,-0.3,-0.3,2.0,0.5,-1.3,-5.5,0.2,1.6,,11.2,2.6,2.2,2.3,3.3,,,1.4,2.7,1.2,,,2.8,-2.6,-0.7,-0.7,-2.5,-3.7,-1.1,-22.6,-22.6,1.3,1.2,1.5,1.5,0.7,-1.1,-2.7,1.3,1.3,-7.7,-0.1,6.5,-9.8,0.7,-0.7,8.0,,4.5,5.7,,2.1,0.5,-9.4,-0.1,6.0,,3.3,1.7,4.9,3.4,0.9,,2.8,1.5,1.8,1.6,4.6,,4.4,6.1,3.6,2.4,2.0,3.0,4.1,,,1.5,3.6,0.9,5.3,-1.0,-0.2,-1.5,2.3,1.3,7.5,0.6,1.3,-0.4,0.7,,0.1,0.2,0.2,-0.7,-1.6,,0.7,0.7,2.2,1.7,0.0,-0.4,1.8,1.6,-0.2,-1.5,3.9,2.4,1.6,0.7,6.7,3.4,-1.3,2.1,2.7,1.4,-0.7,3.0,6.6,-0.1,2.3,3.7,1.8,1.1,3.6,1.1,4.1,3.1,-1.7,,,2.6,2.5,2.2,1.3,0.6,0.6,1.3,2.4,3.0,2.9,0.7,3.2,2.4,5.0,0.4,-0.6,0.3,-1.5,3.1,3.2,2.4,3.3,4.2,3.1,2.2,4.6,1.8,2.9,2.9,4.2,3.7,4.5,2.3,4.8,4.0,3.6,1.5,-0.1,3.5,3.1,0.5,1.5,1.5,1.2,1.5,3.0,1.1,0.9,1.2,0.7,-0.8,2.2,0.4,0.8,1.0,-0.2,-0.7,-1.2,1.2,0.8,2.6,,0.7,1.3,-0.2,1.1,0.5,-1.2,,,1.1,0.9,-0.6,,,0.8,0.7,0.6,0.8,6.1,-1.9,2.4,0.7,0.7,0.7,0.7,0.7,0.7,0.7,0.7,0.7,0.7,,1.0,0.0,0.8,4.9,8.3,10.4,0.6,-4.1,1.2,0.9,1.1,1.2,2.1,4.4,4.4,,-5.5,-15.9,-0.9,0.4,1.1,,,1.7,1.3,1.5,-0.1,0.2,-2.4,0.7,,2.0,,0.0,3.1,0.4,1.0,0.6,1.4,-1.1,0.7,5.4,1.6,1.8,0.3,0.4,0.6,106.4,3.8,0.0,0.5,0.0,1.2,1.5,2.4,0.7,1.3,1.3,1.3,1.3,,1.9,4.4,8.3,-5.3,-5.2,-2.8,,-1.5,14.2,2.0,1.9,,2.2,1.7,-0.1,2.9,,2.0,-3.4,6.4,5.2,3.8,3.3,-1.4,,1.6,-2.5,0.0,-0.1,3.1,1.9,4.1,4.4,4.4,3.2,1.8,-8.5,-0.2,2.8,4.8,-1.9,,,4.1,1.6,1.0,1.8,1.2,0.7,0.7,0.7,1.8,1.8,1.8,2.6,1.4,2.7,1.6,4.2,4.2,0.8,0.8,1.4,1.5,0.7,0.9,2.3,1.5,,1.0,1.0,0.9,0.7,1.1,0.7,1.1,0.0,0.0,1.0,0.5,-0.8,1.8,0.1,0.9,0.7,5.9,-0.1,1.0,,0.7,0.6,,1.2,1.5,,1.0,0.8,1.1,0.4,1.2,1.0,0.7,0.3,2.1,-3.1,-5.4,,-0.7,6.7,0.4,3.5,-0.8,,13.8,13.8,0.3,0.7,0.8,0.8,0.7,0.1,,0.7,0.7,0.0,0.7,0.7,0.7,0.7,0.6,,,3.6,4.3,2.7,4.5,7.6,3.6,1.9,3.6,0.6,2.0,2.6,0.8,1.0,1.1,1.0,-0.4,,0.1,-2.0,,-0.3,1.4,0.0,,6.8,3.6,8.7,8.1,0.5,2.4,1.0,0.8,-0.3,0.7,-7.2,1.4,1.0,1.7,1.9,0.0
2016,-0.1,1.7,1.7,3.8,3.5,4.3,1.2,1.1,0.9,1.5,0.3,1.0,0.3,1.6,0.0,-0.1,0.6,1.9,0.1,,1.8,1.9,-0.1,-6.6,-3.0,1.0,2.1,2.4,7.8,3.1,-0.5,19.4,0.0,-1.6,0.9,-2.4,6.4,2.8,3.2,2.5,1.9,2.0,11.8,2.0,,1.3,1.6,1.6,0.8,0.4,-1.2,0.5,3.6,-1.3,1.6,2.3,5.4,7.3,0.2,,0.1,-1.1,-1.2,-1.1,-0.7,,0.3,0.7,0.8,0.8,0.6,-0.1,1.1,1.5,-0.7,-0.5,-1.2,-1.2,3.7,5.0,-7.7,12.0,14.4,12.2,7.4,10.9,2.2,0.4,-0.2,8.6,10.1,12.0,21.4,6.9,1.6,1.2,6.0,2.6,-5.4,7.5,0.3,2.8,0.3,7.5,0.8,-0.1,-3.3,-2.8,,1.2,3.3,9.7,3.2,4.0,0.4,2.7,-0.1,0.0,-0.1,-0.4,1.1,-0.2,1.0,1.8,-0.1,0.9,5.5,6.8,7.0,9.1,15.5,-2.1,22.9,-0.8,,8.7,0.4,2.8,-1.3,6.9,8.1,7.3,-12.7,,,3.9,,0.7,-2.0,-2.2,-1.1,1.0,0.9,-0.7,-0.7,0.1,-1.7,4.1,1.0,-1.9,-1.4,9.9,0.9,4.5,0.6,4.2,-0.6,-1.6,1.2,3.8,,2.5,1.1,1.5,2.6,0.0,3.4,0.3,7.0,0.8,-0.4,0.2,10.5,-1.4,0.7,8.0,0.4,5.2,0.0,,1.4,1.1,1.7,0.9,-0.1,1.6,,1.3,0.2,2.1,1.6,3.0,,,1.6,1.4,2.0,3.1,1.6,1.8,1.6,4.6,,0.1,2.0,,0.3,-0.3,0.2,2.8,3.1,-3.5,,,,0.3,-1.0,-0.9,1.0,-1.5,0.0,4.5,-0.8,-2.5,0.0,1.0,0.8,-0.8,-0.3,-0.3,,,7.7,-0.6,,-0.9,-0.5,,-0.4,-1.5,-0.9,-1.0,-0.4,10.7,-0.8,1.2,-1.3,0.8,0.8,0.4,0.0,0.5,0.4,1.1,0.1,0.3,0.3,0.7,0.8,1.2,1.0,0.4,0.5,2.0,4.3,0.6,0.8,-1.8,0.3,0.3,0.6,1.4,0.7,0.6,0.7,-0.1,-0.3,-0.3,-0.3,0.3,0.4,0.2,-0.3,-0.3,1.0,1.1,5.1,-9.2,1.0,1.6,1.5,5.9,0.9,0.8,1.7,1.7,0.6,,0.5,0.3,0.0,0.4,0.6,1.2,-7.3,-7.9,-7.9,-9.6,-13.7,-2.4,-22.3,-22.3,0.4,0.5,0.2,-0.4,-3.5,-6.0,-6.5,-1.5,-1.0,-0.3,-17.4,-1.6,-18.4,-1.4,-1.9,-0.7,4.0,0.2,-0.8,,-0.2,-4.0,-15.8,-1.1,2.6,,1.4,0.1,3.0,1.8,-0.3,,4.7,2.4,1.8,2.8,11.0,12.4,4.1,2.7,1.2,1.0,0.5,1.2,1.3,0.7,,-0.3,0.6,-1.9,2.1,-2.4,-4.4,-1.1,0.7,0.9,6.1,-0.7,-2.0,-0.6,-2.5,,0.0,0.4,0.4,-0.1,-3.6,1.0,0.0,0.0,1.8,1.6,0.0,-0.3,1.7,2.4,1.8,0.5,0.8,4.5,2.2,2.1,3.9,0.4,0.9,5.9,2.3,-1.1,2.9,3.0,2.9,4.9,-0.1,3.0,1.4,3.3,2.3,1.0,2.6,6.4,-3.2,,,4.4,1.3,0.9,1.2,0.9,1.0,0.5,2.6,0.7,0.7,0.5,0.5,0.9,0.3,1.6,1.3,1.6,1.0,2.3,4.5,5.0,5.2,2.6,0.9,0.6,2.8,-0.9,2.3,2.3,4.2,1.6,3.2,4.5,9.1,3.7,0.7,1.0,1.2,4.1,1.6,0.3,0.2,0.8,1.0,0.7,1.0,0.6,0.9,-0.1,-0.6,-1.0,-0.1,0.7,0.3,0.0,-0.4,0.7,-0.7,0.1,0.6,-0.2,,0.9,-0.8,-0.7,0.2,-0.9,-0.2,8.1,,0.4,0.1,8.7,-0.2,0.0,1.4,1.1,0.1,0.1,12.6,-2.0,-0.1,0.0,0.0,0.1,0.0,0.0,0.0,0.2,0.3,0.1,0.0,,0.2,-0.2,0.3,-2.5,0.4,0.0,1.6,-3.0,0.2,0.3,0.2,0.6,-0.2,4.2,5.2,2.3,-4.1,-12.3,0.0,-0.5,-2.4,,,0.5,1.3,0.6,0.0,0.5,-0.8,0.6,,-0.2,0.0,0.0,-0.2,-0.9,0.0,0.0,1.5,-2.1,0.0,0.1,1.6,1.8,0.4,0.3,0.4,51.5,3.5,0.0,0.6,0.2,1.4,0.4,0.7,0.0,1.2,1.3,0.5,2.1,,1.0,1.0,-4.1,4.8,4.0,2.7,,0.0,2.9,1.8,3.0,,0.9,2.3,-0.5,4.8,-0.9,0.5,10.9,6.5,3.8,-0.3,-4.8,-2.0,1.7,-1.3,-13.6,-0.4,-0.6,-1.7,-0.2,2.6,2.4,3.2,1.7,0.7,-8.1,0.3,1.4,0.1,-4.6,7.7,0.6,0.7,-1.2,-0.6,2.1,0.3,0.0,0.0,0.0,2.6,2.9,1.4,0.5,0.8,0.3,1.1,2.3,2.3,4.9,4.9,0.6,0.1,0.9,0.5,1.0,0.7,,0.1,0.4,0.0,0.0,0.1,0.0,1.1,-0.4,1.8,1.4,-0.2,-0.7,0.4,0.5,0.5,0.8,6.0,0.8,0.0,,0.0,-0.2,,0.1,0.5,,0.7,0.2,0.3,0.0,0.2,0.2,0.0,1.3,0.1,-0.6,-0.1,,-1.1,0.7,0.7,0.6,-0.5,,1.8,2.0,-1.0,-0.1,0.4,0.4,0.0,0.0,0.0,0.9,0.0,0.7,0.0,-3.3,0.0,0.0,-0.6,,,1.3,1.4,-1.4,1.3,6.2,1.8,0.2,0.8,0.0,2.2,3.7,0.0,1.2,1.8,0.1,1.0,,1.7,-0.8,,2.3,0.4,0.0,1.6,4.6,1.9,5.0,7.0,-0.3,1.2,-0.1,0.4,-0.3,-0.3,-10.2,0.6,0.3,1.7,0.8,-0.8
2017,0.5,0.7,1.5,4.8,3.3,6.3,0.4,-0.3,0.4,1.2,-0.6,-0.2,0.0,-1.4,-0.5,-1.3,-0.2,-0.5,-0.1,,5.2,6.4,5.6,1.9,-3.3,9.8,10.2,3.1,11.5,2.2,-0.3,24.2,3.6,0.8,-0.9,-5.2,15.5,6.0,9.0,3.3,3.0,2.1,8.9,16.0,,-0.4,-0.2,-0.2,-0.7,3.6,2.2,4.0,3.6,2.1,1.4,2.3,3.9,2.2,2.0,,1.6,-2.4,-2.3,-2.1,-3.2,,-0.5,-0.7,-0.5,-0.5,-0.9,-0.5,-1.1,0.3,-0.5,-0.8,0.0,0.0,-1.9,-4.0,0.5,-1.4,2.1,-2.3,-15.7,-8.7,1.7,1.4,-5.4,-0.3,-6.8,-8.4,-13.0,7.6,-7.8,-4.2,23.0,-1.4,-0.7,-4.2,1.6,-7.3,-2.8,-8.5,-5.8,-1.6,-2.4,-1.4,,2.3,5.2,2.4,6.3,4.5,0.1,10.9,0.0,0.6,-0.2,-0.9,2.6,-0.5,12.8,2.2,-0.2,0.0,-5.6,-0.9,-1.1,-6.0,-0.9,3.1,-7.2,2.5,,-3.2,4.7,2.9,1.8,-2.1,-4.0,1.1,12.4,,,0.8,,0.3,-2.9,-3.4,-0.4,0.7,-0.4,0.4,-0.2,1.0,0.0,1.4,0.2,-1.5,-0.5,1.5,-0.7,1.3,-0.9,-0.4,11.1,0.6,-0.2,-0.7,,0.6,0.2,1.9,2.9,-1.5,1.5,0.2,2.3,1.0,0.3,-0.3,-1.1,1.3,-0.5,-0.5,0.4,1.0,0.2,,0.4,1.2,3.1,0.7,1.0,0.6,,1.2,1.3,0.3,-0.5,-3.3,,,-0.3,-2.7,1.3,0.7,1.0,2.2,0.6,0.0,,-7.2,-1.0,,-0.3,-0.9,4.5,4.1,-0.6,-7.2,,,,0.3,-0.9,-0.2,-0.3,-1.6,-1.2,0.5,-2.9,-1.7,0.0,1.4,5.8,-0.1,-0.3,0.0,,,5.1,-0.5,,0.0,0.6,,3.1,0.7,1.7,4.5,4.5,6.6,-0.3,-2.0,2.2,0.3,0.3,0.2,0.2,0.1,0.6,0.4,0.0,0.3,0.2,-0.1,0.5,0.2,0.0,0.1,0.8,1.2,0.4,0.1,-1.5,-13.1,0.2,0.1,0.4,0.5,-0.1,0.1,-0.5,-0.2,-0.3,-0.3,-0.3,0.3,0.4,0.3,-0.3,-0.3,0.5,0.0,-1.9,-3.7,-1.5,3.9,1.1,0.2,0.7,0.7,1.4,0.1,0.3,,0.6,0.1,0.5,0.4,1.4,1.1,2.7,3.2,3.2,-0.2,-0.1,-0.3,23.9,23.9,0.5,0.4,0.7,-0.5,-0.5,-2.8,-14.0,3.4,5.0,-8.3,5.9,-8.3,-0.1,2.1,2.4,0.2,1.5,1.5,1.6,,0.0,-3.3,-13.5,-1.0,0.7,,0.5,-1.9,1.8,1.1,-0.3,,1.3,1.4,2.0,1.1,1.3,-3.3,2.1,0.4,0.9,1.3,0.1,3.0,0.2,0.3,,-1.7,-0.4,-1.2,0.1,-4.3,-7.9,-2.0,-0.7,1.0,-0.1,-0.4,-1.4,-2.3,-1.9,,0.1,0.0,0.0,0.1,-0.8,0.4,0.0,0.0,0.2,0.1,0.2,0.3,0.1,0.7,2.0,3.3,-1.6,-0.4,0.9,0.7,1.3,0.9,-1.2,1.0,0.7,-3.5,2.4,1.0,2.4,-0.1,-0.3,4.6,1.1,2.5,4.8,-4.0,0.0,2.1,-4.5,,,-0.6,0.1,-0.3,0.8,0.1,1.1,-0.1,2.1,-0.8,-0.4,-1.2,-1.6,0.0,-0.6,-2.2,-0.2,-0.7,0.3,1.1,1.2,1.1,2.1,-0.4,0.7,1.0,1.3,0.0,2.4,2.4,0.9,0.2,0.1,1.6,2.1,1.9,2.8,-0.3,-0.9,-1.2,0.2,0.5,-0.2,0.8,0.9,0.9,0.8,0.3,0.9,-0.2,-0.7,-1.3,-0.3,0.0,-1.4,0.2,-0.5,0.3,1.1,1.6,0.0,0.2,,0.4,-1.8,2.9,-0.4,-1.2,-2.9,-1.4,,1.0,0.3,6.5,0.1,-0.1,1.6,1.7,0.0,0.3,0.5,0.3,-0.1,0.0,0.0,0.1,0.0,0.0,0.0,0.3,0.6,0.0,0.0,,0.1,0.0,0.4,-3.6,0.7,0.1,2.3,2.5,0.1,-0.6,0.5,0.4,0.0,2.6,3.8,0.3,3.3,10.9,2.8,-0.6,0.5,,,0.4,0.3,0.2,0.0,0.5,0.0,0.0,,0.7,0.0,-4.9,0.4,-3.8,11.2,0.0,0.0,-4.0,2.2,-9.4,0.6,0.6,0.3,0.2,0.3,8.5,0.2,0.0,0.7,0.3,1.3,0.6,0.3,0.9,0.6,-1.0,0.5,2.3,,0.4,-3.0,-3.8,-2.4,-4.6,-7.6,,10.0,6.6,0.0,1.5,,-0.1,0.8,-0.6,1.8,-0.2,-1.1,-5.7,4.3,-1.0,-1.2,-0.8,1.1,0.7,-2.4,-10.5,-0.1,-0.2,-1.3,-4.2,0.1,-1.8,0.4,1.3,0.7,-3.9,-0.6,0.4,0.4,0.5,2.1,-0.8,3.2,-1.2,0.4,3.6,0.5,0.2,0.2,0.2,2.6,2.8,1.9,0.4,1.2,0.0,0.8,1.4,1.4,1.9,1.9,0.7,1.5,0.5,0.2,1.2,0.8,,0.2,0.5,0.0,0.0,-0.1,0.0,1.1,0.5,3.6,0.5,-0.1,0.1,1.2,0.6,0.2,3.0,2.0,2.5,0.3,,0.0,3.2,,0.0,0.5,,0.3,0.2,0.3,0.1,0.2,0.3,0.1,0.1,-0.7,0.8,2.5,,-0.9,-0.8,-3.5,3.6,-2.0,,-1.4,-1.4,-2.1,-0.9,-0.7,-0.5,0.0,-0.9,0.0,-0.3,0.0,0.6,0.0,-17.3,0.0,-0.2,-0.6,,,0.5,0.3,0.2,0.0,1.9,-1.4,0.5,2.9,-0.2,2.0,3.1,0.3,1.0,1.4,0.4,0.7,,1.1,-0.4,,1.6,0.3,0.0,1.8,-0.2,6.4,-4.0,-1.1,0.5,0.9,0.6,0.1,-0.3,0.7,5.3,0.1,-0.1,0.6,0.2,-1.9
2018,1.0,1.4,1.7,4.7,3.3,6.1,0.7,0.5,1.1,0.5,-0.5,0.1,0.2,-0.9,-0.5,-1.2,0.5,3.4,-0.6,,3.2,2.6,7.2,0.1,1.7,-4.1,0.6,-1.7,-1.1,6.0,2.6,0.2,22.4,-0.6,0.9,-1.4,2.0,6.6,6.5,1.6,16.7,0.8,-2.8,16.8,,-0.8,0.4,-0.8,-1.7,3.9,5.0,3.8,5.8,0.4,0.4,1.1,0.3,2.0,2.1,,0.3,-2.4,-2.4,-2.5,-2.0,,2.1,2.1,-0.7,-0.8,4.3,0.0,5.1,0.2,3.8,3.9,2.4,2.4,4.6,5.0,17.3,3.3,13.0,12.0,5.0,6.5,0.7,1.1,3.6,-14.8,2.9,21.2,15.2,-1.4,3.6,-7.2,-14.6,-0.1,7.6,5.6,8.0,8.8,6.6,4.2,10.2,0.6,1.9,2.0,,3.8,5.5,0.2,5.7,3.0,2.9,14.6,1.1,0.2,0.9,2.7,5.1,-0.3,17.1,5.6,1.0,0.8,-1.1,3.0,3.1,5.0,6.6,4.4,0.6,1.7,,8.1,7.3,3.1,-1.6,4.6,-1.6,-2.6,-4.2,,,2.5,,0.1,-1.0,-1.2,-0.3,0.2,-0.2,0.4,0.5,-0.3,-0.7,-2.4,-0.4,-1.5,2.8,-0.3,-1.5,-0.6,-1.2,-0.1,10.3,-1.7,-1.0,-0.6,,0.0,1.2,1.7,1.1,0.3,2.8,1.2,-1.2,1.0,0.8,0.8,-1.3,-5.0,-0.3,-1.3,-1.2,0.2,0.2,,0.6,0.5,0.8,0.9,5.0,-2.8,,2.0,-0.4,-1.4,-2.6,-5.2,,,0.6,6.2,0.6,0.9,0.6,1.6,-4.3,0.8,,-2.4,-2.0,,-0.1,-0.1,1.2,4.5,-0.3,0.7,,,,-0.1,-0.5,0.1,-1.1,-1.0,-0.4,4.5,-3.4,-1.9,0.0,0.2,2.4,-0.2,0.6,-0.5,,,0.0,-0.2,,-0.2,-1.2,,0.3,-1.5,0.3,1.7,1.3,0.2,0.1,-2.6,-1.8,0.9,0.9,0.6,0.5,0.6,1.0,3.2,0.7,0.5,0.7,0.7,1.1,0.4,0.0,0.8,0.5,1.4,0.0,0.8,-1.1,0.0,0.5,0.1,1.5,1.5,0.1,0.2,-0.1,-0.1,-0.2,-0.2,-0.2,0.2,0.1,0.2,-0.2,-0.2,0.2,-1.1,-1.7,1.5,-4.9,1.5,1.1,-0.4,0.7,0.4,1.4,0.9,0.3,,1.4,0.3,0.9,0.3,0.6,0.7,4.0,4.5,4.5,3.1,4.0,1.7,17.6,17.6,0.5,0.4,0.7,-1.1,-2.3,-4.1,-7.2,3.1,2.9,-3.2,-23.1,1.5,-1.2,-0.5,-0.4,3.2,-6.6,-1.0,-1.0,,-2.3,-2.1,-11.5,-1.1,2.6,,-0.5,0.8,-0.9,0.0,-2.4,,-0.3,-0.3,0.3,-0.7,-0.6,-4.5,-0.3,1.1,0.2,0.0,-0.3,2.3,-2.9,-1.5,,-0.6,0.2,0.3,0.1,-0.6,-2.8,0.6,-0.9,0.0,-0.7,-0.8,-2.4,0.1,-1.4,,0.1,0.1,0.1,0.1,0.0,0.1,0.0,0.0,0.1,-0.1,-0.3,-0.6,-0.1,1.0,0.5,0.9,2.2,-1.1,2.2,0.1,2.4,0.9,0.5,0.6,0.4,-0.9,1.1,0.1,-0.1,-0.3,4.4,0.9,-0.1,3.0,-0.2,-3.1,2.9,-0.1,-5.4,,,-2.7,0.2,0.1,-0.6,0.4,-0.9,-1.3,-0.7,0.2,-2.6,0.7,0.9,-0.1,0.9,-0.4,1.8,2.0,1.5,0.4,0.3,0.1,0.6,0.2,0.0,0.3,0.8,-1.0,2.3,2.3,0.2,0.3,0.3,0.0,0.0,1.0,-0.1,0.2,0.1,1.3,0.1,-0.1,1.7,1.2,1.3,1.7,0.9,0.4,1.5,-0.2,0.6,-2.1,-4.0,0.1,-0.9,0.3,-1.3,1.1,-4.9,0.1,0.6,0.0,,0.2,0.7,-0.2,-1.5,-2.0,-1.2,-2.1,,0.2,4.3,-0.3,0.2,0.1,2.8,3.2,-0.1,0.2,0.1,1.4,0.2,0.0,0.0,0.0,0.0,0.0,0.0,0.0,0.1,-0.1,0.0,,0.4,0.2,0.5,0.6,0.4,0.1,1.3,3.1,0.5,0.5,0.4,0.1,2.7,2.1,3.8,-1.6,4.0,12.2,3.1,6.7,-0.4,,,0.5,0.4,0.1,0.4,1.4,0.0,-0.3,,0.6,0.0,-1.7,-0.5,-1.7,7.2,0.0,0.0,-4.4,9.4,1.8,0.4,0.3,0.3,-0.1,0.2,0.0,0.0,0.0,0.7,0.3,1.3,0.1,0.1,0.1,0.7,1.1,0.0,1.4,,0.8,-1.8,-5.2,-14.6,1.2,2.7,,5.7,-5.4,0.0,0.7,,-0.1,0.5,-1.9,1.2,0.9,-2.4,8.9,0.7,0.7,0.5,-10.5,-1.6,-4.3,-0.9,-0.2,-0.4,-0.1,-1.2,-1.7,1.3,1.1,1.1,1.8,0.8,-5.3,2.3,0.6,0.3,-1.2,-1.1,0.6,3.0,-1.0,-0.2,9.5,0.8,0.8,0.3,1.1,2.4,2.5,2.2,0.4,1.0,0.0,1.4,1.7,1.7,8.8,8.8,0.7,0.9,0.8,0.0,0.8,1.2,,0.1,0.4,0.1,0.0,0.0,1.3,0.8,0.0,0.0,0.0,0.2,0.6,0.7,0.1,0.4,3.4,1.1,3.3,0.3,,0.0,2.3,,0.2,0.7,,0.5,0.2,0.4,0.1,0.1,0.2,0.1,1.0,-0.1,-2.2,-3.6,,-0.7,0.9,-1.8,4.4,-0.3,,0.3,-0.3,0.7,-0.3,-0.3,-1.6,0.0,0.0,0.0,0.4,0.0,0.5,-0.9,-0.4,0.0,-0.1,-1.1,,,0.6,1.1,1.3,0.8,3.2,-1.4,-0.9,0.3,-1.3,-0.1,-0.3,0.3,3.0,3.0,3.0,0.4,,0.5,-0.6,,1.8,0.5,0.0,5.4,3.8,2.6,5.0,3.1,0.9,1.0,1.2,0.1,-0.1,1.1,7.0,0.4,0.1,0.5,0.7,-2.0
2019,0.5,0.4,0.9,0.2,0.9,-0.3,0.9,0.9,2.3,-0.9,2.2,2.1,0.8,0.1,3.3,2.1,0.6,4.1,-0.8,,1.4,0.5,-1.3,2.2,0.0,-3.9,-2.3,-1.4,2.9,4.4,2.9,8.7,1.1,-2.1,-0.2,0.8,-6.3,2.4,4.0,0.5,4.4,1.1,5.5,-1.0,,2.6,2.5,1.4,3.4,3.5,0.3,4.9,1.5,4.2,0.9,1.3,1.9,4.3,1.5,,-0.5,-1.2,-0.9,-1.6,-0.8,,2.2,3.0,3.1,3.1,2.9,0.0,4.0,0.4,0.3,1.9,-0.9,-0.9,-4.9,-7.9,-25.6,-9.5,-31.2,-12.4,-15.3,-14.2,1.2,-1.8,7.1,1.4,6.7,-24.1,-18.2,-1.7,3.0,0.9,-5.1,1.1,-2.4,-2.9,-5.9,-4.6,-3.1,-4.0,-4.6,-2.6,-4.4,-3.1,,1.0,1.7,0.2,1.1,2.3,3.6,1.7,0.4,0.3,-0.3,1.3,1.0,-0.1,2.6,2.9,-0.6,0.6,-0.7,1.4,1.3,-3.8,-2.3,0.8,1.5,7.6,,-1.7,4.3,-0.4,0.0,4.1,1.2,3.9,22.3,,,2.9,,-0.2,-0.6,-0.5,-1.2,-0.2,2.3,-0.1,1.8,-0.4,-0.7,-1.0,-1.3,-0.1,0.9,0.1,-0.6,-0.6,1.1,0.9,-0.3,-2.5,0.4,-2.1,,2.0,0.9,1.4,0.6,1.2,5.8,3.4,3.8,2.5,3.5,-0.9,-0.1,3.9,0.2,-0.3,3.0,0.3,-0.5,,0.9,0.9,1.1,1.8,-1.8,1.1,,1.5,3.3,1.5,-0.4,-1.0,,,0.9,3.7,1.4,0.5,-0.5,0.1,-1.8,0.5,,-1.1,-1.7,,-0.2,0.9,1.3,8.3,1.3,0.6,,,,0.2,-0.5,-0.1,-1.1,-0.7,-0.4,1.9,-1.2,-1.7,0.0,0.8,0.5,3.1,-0.7,-0.5,,,0.0,5.6,,-0.7,-0.7,,-0.5,-0.5,-0.3,-0.3,0.2,-0.2,-0.5,-1.5,-1.1,1.5,1.6,1.8,1.5,1.7,0.8,2.3,1.7,1.0,1.2,0.3,1.3,1.4,0.0,1.5,0.5,2.4,1.3,1.7,-0.4,1.5,1.5,2.6,1.9,3.3,0.0,0.0,-0.2,0.3,0.0,0.0,0.0,0.2,0.1,0.3,0.0,0.0,1.9,0.4,0.8,-1.0,-0.4,0.9,5.3,0.3,2.5,1.7,4.2,3.8,1.1,,1.1,3.9,1.4,3.2,2.6,2.3,2.3,3.0,3.0,3.1,3.9,2.0,0.0,0.0,0.6,0.5,0.8,2.2,4.9,6.4,2.3,2.8,0.5,6.9,22.5,3.5,3.3,4.5,5.3,0.7,1.4,1.4,0.9,,1.9,1.6,4.3,0.2,1.9,,1.8,5.4,1.0,1.1,1.2,,-0.3,0.8,0.9,0.6,-0.7,-3.4,-0.6,-0.1,0.9,-0.3,-1.2,1.3,-1.5,-1.2,,1.5,5.7,7.6,4.6,0.9,0.6,1.0,-0.3,0.8,-0.3,0.4,-2.6,0.5,3.6,,1.3,4.0,4.0,1.0,0.5,1.2,0.5,0.5,0.4,-0.1,1.0,0.7,-0.2,0.5,1.7,-0.6,0.4,0.4,2.4,0.1,2.0,-1.0,-2.9,-0.4,0.1,0.1,2.7,-0.3,1.0,-0.6,2.6,1.4,0.8,0.7,0.4,-3.8,0.9,0.6,-3.6,,,-2.7,0.5,0.4,-0.6,-1.0,-0.8,-0.4,-0.8,0.8,-0.7,-0.4,0.8,0.1,2.5,0.4,0.9,0.7,1.0,0.6,0.3,-0.6,0.9,0.7,0.8,-0.1,1.9,0.1,0.8,0.8,1.3,1.7,1.6,-0.7,1.2,1.2,-1.3,0.4,1.2,3.4,0.0,-0.6,-0.4,2.4,2.1,3.1,2.2,1.2,0.7,-0.1,-0.2,0.5,-1.3,0.7,0.4,0.1,-0.2,0.1,1.3,0.0,-0.6,-0.4,,0.7,1.2,0.4,0.9,-1.4,2.9,-2.2,,-0.5,3.9,1.0,0.3,0.3,1.0,1.0,0.6,0.3,0.6,-0.7,0.7,0.5,0.6,0.5,0.5,0.7,0.5,0.6,0.7,0.4,0.5,,0.8,1.7,0.7,1.3,0.5,0.5,0.4,0.1,0.8,0.3,0.7,0.8,1.6,1.8,2.1,1.0,-0.1,-2.3,0.8,5.0,-9.1,,,1.4,0.8,1.6,0.2,0.4,0.0,0.2,,2.5,0.5,0.0,2.3,-3.1,0.4,0.6,0.4,-4.8,0.8,-4.0,-1.5,-2.7,0.4,-0.1,0.3,0.0,1.3,0.0,0.7,0.1,1.5,0.3,0.2,0.5,1.2,1.3,1.0,1.4,,1.6,0.1,-0.3,0.8,-1.9,-0.1,,1.3,2.0,0.5,-0.4,,1.5,2.6,0.0,3.6,2.5,2.0,-6.9,-2.1,0.3,2.7,7.4,3.4,2.1,1.7,0.5,0.6,0.5,0.0,4.0,1.4,1.2,1.4,1.6,0.8,-10.5,-1.2,0.2,3.6,-1.1,0.5,1.7,0.0,1.7,0.8,0.3,2.8,3.2,2.1,3.8,4.4,4.6,3.5,0.8,1.4,0.5,1.5,1.9,1.9,4.4,4.4,1.3,3.4,0.6,0.5,2.3,1.1,,0.8,1.1,1.0,0.0,1.8,4.4,1.2,1.1,0.9,0.0,0.7,0.8,1.3,0.0,1.7,1.1,1.6,4.6,0.9,,0.5,3.0,,0.4,1.5,,0.0,0.8,1.0,0.5,1.1,1.1,0.8,0.2,0.0,-2.0,-4.9,,0.9,-0.7,0.7,-0.1,-1.1,,-1.1,-1.1,-0.4,0.5,0.5,0.1,0.5,0.7,0.5,0.5,0.5,2.2,0.3,0.7,0.5,0.5,0.9,,,1.8,2.1,1.1,4.1,2.2,-0.5,1.7,-0.1,2.3,0.4,0.6,0.0,6.4,6.3,6.6,-2.6,,1.6,-15.0,,1.2,0.4,0.0,0.5,-3.1,0.5,-7.9,1.3,0.6,1.1,0.6,1.0,0.0,0.8,1.4,0.6,0.4,-1.0,1.5,-1.8
2020,0.0,1.4,0.1,0.1,-0.1,0.1,-0.3,-1.0,0.8,-1.0,1.0,0.6,0.9,0.7,1.5,0.5,-0.8,1.2,-1.7,,-0.4,-1.0,-6.8,1.2,1.8,2.7,1.2,-1.9,22.9,-5.9,-1.9,-1.1,-5.6,-0.4,2.0,-1.2,-6.7,0.1,-2.9,1.2,-0.4,2.7,10.5,-1.9,,1.1,1.2,1.1,0.9,0.5,-0.1,0.4,2.7,-0.7,1.0,1.4,2.0,1.1,3.1,,0.4,-1.1,-0.5,-1.8,-0.4,,0.3,0.3,0.9,0.9,-0.2,-0.2,-0.1,0.1,-1.3,0.3,0.4,0.4,3.5,4.7,14.2,0.1,19.4,4.2,2.6,-4.6,0.7,-0.3,7.4,14.6,-1.4,7.9,15.9,-4.9,-6.6,9.0,-2.9,-0.7,3.6,2.0,4.6,8.5,9.4,4.6,15.0,-1.0,6.3,2.8,,1.2,2.1,-0.4,1.2,3.5,5.1,0.5,0.6,0.9,1.2,-0.4,1.0,0.2,0.9,1.0,0.3,2.6,1.0,6.0,6.4,12.7,-1.0,-6.0,5.5,38.9,,8.3,11.0,5.9,1.6,2.4,3.6,-0.5,5.2,,,0.4,,-0.6,-0.9,-0.9,-0.9,-0.5,3.8,-0.1,0.9,-0.8,0.0,0.0,-0.4,-0.7,-3.1,-0.4,-1.3,-2.0,0.9,-1.6,-0.6,0.1,-1.3,1.6,,2.1,2.3,5.7,4.1,1.2,2.5,2.5,0.9,3.6,2.6,-0.2,-0.9,3.1,0.2,-0.3,3.7,0.7,-0.5,,0.7,2.0,1.9,0.4,6.0,0.4,,1.0,1.3,-0.8,6.7,-0.6,,,-0.3,-3.5,1.7,-0.2,-2.3,-0.3,-1.1,-0.4,,-2.9,-3.2,,-1.5,-0.7,2.5,4.4,1.2,-0.1,,,,-0.5,-0.7,-0.2,-0.3,-1.3,-1.3,-3.1,0.2,-1.0,-0.3,0.0,-0.1,1.7,-0.2,-1.9,,,0.0,2.1,,-0.1,-0.4,,0.7,-0.1,0.4,-0.4,0.9,0.7,1.6,2.1,-0.6,2.1,2.4,2.5,2.7,3.0,2.6,1.9,4.3,2.2,2.5,1.7,1.4,1.8,0.0,1.6,1.7,2.1,4.2,2.6,-4.9,5.1,2.7,2.1,2.3,3.3,-2.5,-2.5,-2.4,0.6,0.1,0.0,0.0,0.2,0.1,0.3,0.1,0.1,3.4,1.3,4.5,0.4,-0.4,1.0,2.4,2.4,4.1,3.4,6.1,3.4,2.8,,2.0,4.3,1.6,3.6,4.0,6.4,-2.4,-3.5,-3.5,-1.7,-3.5,1.3,-9.1,-9.1,0.9,0.1,2.0,2.3,1.6,1.2,21.2,4.9,-1.0,-4.2,4.5,-2.1,-3.2,1.8,1.8,0.0,5.3,2.1,3.0,,2.7,3.0,8.0,1.9,1.5,,2.3,7.6,1.3,0.9,-0.9,,2.9,1.1,1.1,1.2,0.9,0.5,1.6,0.4,1.7,4.8,13.3,1.6,1.8,3.1,,2.7,4.9,6.3,4.1,2.3,2.2,2.4,1.7,0.5,4.0,1.2,1.0,0.8,4.0,,2.1,3.0,3.0,2.2,1.4,2.4,1.4,1.4,1.1,1.1,1.6,1.8,1.1,2.1,7.2,-1.9,4.8,1.2,2.3,-0.1,-0.4,1.3,3.4,2.5,1.3,3.5,-2.6,6.0,1.5,3.3,0.9,1.3,0.5,1.2,3.6,-0.6,-1.0,1.9,-3.1,,,-2.6,0.7,0.4,-0.1,0.3,1.5,-0.4,-0.8,0.5,2.6,-0.5,-1.7,2.1,0.1,1.1,1.5,2.4,0.6,1.2,0.6,-0.4,1.1,1.6,1.4,1.9,1.6,0.9,2.3,2.3,1.6,2.1,0.6,-0.3,3.0,2.9,1.0,0.5,0.2,-2.1,0.0,2.6,-0.5,2.8,2.8,3.2,2.8,2.1,0.3,0.9,1.0,-0.1,1.3,1.6,1.5,1.2,1.9,1.5,2.4,1.6,1.4,0.0,,0.8,-2.1,1.4,0.3,1.1,3.2,0.5,,1.3,2.9,-3.9,0.6,1.6,-0.1,-0.4,1.8,1.3,1.7,-0.2,1.9,1.6,1.7,1.4,1.4,2.1,1.6,1.6,1.9,1.3,1.4,,1.5,2.3,6.7,-1.2,2.3,2.6,1.3,-1.0,1.3,0.6,1.4,1.4,2.2,-0.3,-0.9,1.0,-1.7,-6.3,3.5,1.7,-0.5,,,3.4,2.0,2.4,0.7,1.8,0.0,1.4,,4.2,1.4,-12.2,2.0,0.2,1.2,1.8,1.4,-0.1,1.4,-0.3,-7.8,-12.4,-2.1,-1.5,0.9,0.0,-5.1,-4.5,-3.0,-3.8,-3.9,1.3,1.2,1.4,1.7,0.4,1.6,3.0,,-0.6,1.9,-4.0,1.4,12.8,-4.1,,18.5,7.8,1.4,2.3,,2.4,4.4,1.5,6.1,2.7,3.3,9.5,4.6,0.8,3.8,-4.3,3.8,8.5,0.5,1.4,1.1,1.0,0.6,-0.6,1.6,2.8,1.1,1.5,2.1,-13.0,1.1,1.5,8.1,1.7,0.7,2.3,-1.3,0.7,2.2,1.3,1.7,1.1,3.0,0.0,5.2,5.4,4.5,1.8,2.1,1.7,-2.4,-16.7,-16.7,-5.2,-5.2,2.5,5.1,1.6,1.6,2.1,2.6,,1.9,1.6,0.8,-0.7,2.5,1.4,1.6,0.8,1.9,1.9,1.9,0.5,2.0,0.8,1.3,0.3,3.9,1.6,2.1,,1.4,4.8,,1.8,3.7,,-2.0,1.7,1.3,1.5,2.0,2.1,1.9,1.3,1.2,0.6,-1.0,,2.2,0.7,3.7,1.0,1.2,,0.0,0.1,0.7,1.4,1.5,0.5,1.4,2.4,1.4,1.6,1.4,5.5,1.4,1.5,1.4,1.4,-0.3,,,2.7,3.3,2.2,4.9,3.3,1.8,1.7,2.2,1.6,1.3,1.1,1.5,3.7,3.7,3.7,-9.6,,2.1,-51.0,,1.5,0.4,0.0,1.4,3.3,-1.0,4.7,6.4,-0.2,1.0,0.0,1.8,0.0,-0.2,-4.2,0.2,-0.1,-5.8,-0.6,0.6
2021,-0.2,0.0,-1.2,-3.2,-3.3,-3.2,-0.5,-0.8,0.1,-1.0,-0.3,-0.7,0.5,-1.6,0.1,-0.8,0.0,1.2,-0.2,-0.5,1.1,1.6,3.6,-4.9,1.3,-3.5,0.0,1.1,15.1,-4.2,1.9,3.4,7.4,-1.4,3.2,-1.7,7.0,1.6,-0.5,-0.5,-0.6,1.5,9.4,12.3,,0.2,0.4,0.1,0.2,-0.7,0.0,-0.9,2.5,-1.7,0.9,1.3,0.7,2.6,1.4,0.2,1.9,-0.7,-0.5,-1.0,-0.9,0.4,-0.1,-0.7,-0.2,-0.2,-1.0,-0.2,-1.3,-0.1,-1.4,0.0,2.4,2.4,-1.7,-2.8,-17.2,-5.4,-10.8,5.5,-3.6,-4.4,-0.1,0.2,7.6,15.7,4.2,-4.1,-5.4,17.1,8.7,-7.9,-4.7,-1.4,-2.4,1.8,-2.7,-9.4,-8.7,-5.4,-13.4,-0.9,-2.6,-4.5,-1.9,0.6,0.6,-0.1,1.0,-0.8,2.8,-0.1,0.3,1.3,2.1,-1.9,0.8,-0.1,0.4,1.5,-0.9,4.6,0.5,-1.7,-1.4,-6.4,0.8,0.7,5.1,-4.9,,6.5,2.1,1.3,3.2,-4.0,-3.6,-1.1,8.6,-4.6,,-4.7,-4.7,0.2,6.4,6.9,3.1,-0.6,-0.5,-0.7,-0.7,0.6,-0.5,-0.7,-0.5,5.6,-1.4,0.5,-0.3,-1.4,-1.8,-1.4,-0.6,-0.8,-1.1,-0.3,,1.0,1.2,5.0,4.4,0.6,2.7,-0.4,-0.7,1.3,0.9,1.2,-0.6,1.0,0.2,-0.1,-0.6,0.4,-0.6,,0.3,0.4,1.9,0.7,2.4,-1.1,,-0.1,0.0,-2.1,-2.3,-0.9,,-0.5,0.2,-1.7,1.0,0.0,-1.2,0.5,0.9,0.7,-0.9,-1.6,-2.4,-1.8,2.7,3.1,-0.1,3.4,0.7,-0.9,-0.1,-1.0,,0.3,-0.7,0.4,3.9,-2.0,-0.2,-1.4,4.9,-2.9,0.3,0.9,-0.9,-0.5,-0.2,7.0,,-0.7,0.0,-2.9,0.0,-0.5,-1.5,,-0.2,-2.1,-0.3,-4.2,-0.4,-0.2,0.4,0.7,-0.2,0.3,0.3,0.3,0.3,0.2,-0.1,-0.7,0.8,0.4,0.4,1.6,0.5,0.9,0.0,0.0,0.1,0.7,-0.2,0.5,-0.6,1.6,0.7,0.1,0.1,0.7,-0.1,0.0,-0.4,0.6,0.1,-0.1,-0.1,0.1,-0.1,0.3,0.1,0.1,3.7,0.2,0.5,-1.6,-0.4,-0.2,-0.2,2.9,5.1,0.4,1.1,0.5,0.4,0.7,0.6,1.3,0.2,1.1,0.7,15.5,1.3,0.1,0.1,-0.6,-2.1,1.9,14.4,14.4,2.5,3.6,0.9,1.7,2.1,-0.6,0.1,-1.1,-2.6,-0.4,1.6,-3.5,0.5,6.7,7.4,2.0,5.3,1.2,2.1,0.9,0.9,0.5,3.4,0.0,0.8,-4.0,-0.2,2.9,0.0,-0.4,0.3,-3.6,0.8,-0.8,-0.4,-1.0,-0.4,-2.4,1.3,-0.9,0.3,1.8,11.2,-0.5,-0.8,1.8,0.3,2.8,0.3,-2.1,1.7,1.3,1.1,1.4,4.7,-0.1,13.5,0.5,12.3,-0.8,1.2,-0.3,0.1,0.0,0.0,0.1,0.0,0.2,0.0,0.0,0.4,1.3,-0.3,-0.3,1.4,2.3,3.2,4.8,4.9,2.2,3.5,3.9,-0.4,-1.3,-1.7,2.8,1.4,2.4,2.9,8.9,3.0,2.4,-0.9,3.3,3.4,3.8,3.1,-4.7,1.3,3.9,-0.7,0.3,-0.8,-3.4,-0.1,-0.1,0.1,-1.0,-0.3,0.4,1.1,-0.2,-1.1,0.3,1.6,-0.1,-1.6,0.1,0.1,0.8,-0.7,-0.1,-0.5,-0.7,-1.2,0.8,0.0,0.9,-0.6,0.2,0.1,0.1,-0.9,-0.3,-2.3,-1.8,1.6,1.2,-1.2,-0.6,-1.5,0.3,-0.6,-0.6,-0.7,1.1,1.2,1.5,0.7,0.1,-0.4,0.4,-0.3,1.6,0.5,3.0,0.3,0.0,0.2,0.9,1.1,-0.3,0.8,0.2,,-1.4,-1.3,-0.2,-1.4,-0.5,-0.7,-5.5,4.7,-1.3,0.2,1.7,0.2,-0.2,-0.5,-0.6,0.0,0.1,0.8,-5.0,0.4,0.0,0.0,0.0,0.0,0.0,0.0,0.1,0.1,0.1,0.0,0.7,0.8,0.6,1.0,0.4,1.6,2.5,-1.2,2.2,0.5,0.5,0.0,0.2,2.9,-0.3,-0.6,0.2,2.8,12.8,0.7,0.0,1.4,2.7,,0.3,2.0,0.7,-0.2,0.2,0.0,0.2,,0.9,0.0,-9.6,-1.2,-21.6,0.0,0.0,0.0,-33.3,0.0,-5.3,0.0,-0.7,-0.8,-1.5,1.0,0.0,-0.3,-1.7,-0.8,-0.9,-1.3,0.2,0.4,0.0,1.8,1.1,0.9,3.8,,1.6,-1.6,-1.2,-3.4,-6.4,-4.9,-2.8,18.0,7.5,0.0,3.2,,-0.9,-0.5,-0.3,-0.3,-1.0,-3.2,-8.1,4.8,1.1,1.1,-9.4,-1.1,5.9,-2.0,0.0,-0.2,-0.1,-1.5,-5.1,1.5,1.7,0.4,3.8,0.0,-10.0,-1.8,-0.1,-0.2,-1.3,-0.2,4.2,-0.5,-0.3,1.2,-0.3,2.3,2.5,2.9,2.2,3.0,3.2,2.1,1.5,0.9,1.9,3.0,15.7,15.7,0.0,0.0,1.5,-0.5,1.2,0.4,2.5,2.8,2.5,0.5,0.4,-1.0,-2.1,0.1,0.0,1.8,0.0,0.8,1.8,0.1,1.5,0.9,0.3,0.5,2.4,6.3,0.8,0.2,0.5,0.0,-0.3,,0.5,0.7,,1.1,0.2,0.3,0.0,0.1,0.3,0.4,0.0,-0.3,-1.4,-3.9,,1.3,-0.2,-1.7,-1.9,-0.6,0.2,0.1,0.3,1.0,-0.3,-0.4,-0.7,0.0,0.4,0.0,0.4,0.0,0.3,0.0,0.0,0.0,0.0,-2.8,0.0,,1.0,0.9,-1.0,4.3,1.1,-5.7,1.6,1.4,1.7,0.2,0.2,0.4,8.5,9.3,7.6,1.4,0.0,2.5,-0.1,3.2,0.6,0.1,0.0,1.1,-1.2,1.6,-2.8,-1.4,-0.2,0.2,-0.3,2.0,-0.1,-0.3,3.9,-0.5,-0.8,0.1,1.5,-18.2
2022,2.5,4.5,5.0,-4.3,-3.5,-4.7,10.1,11.1,8.5,11.4,7.4,8.7,0.5,13.4,7.5,8.1,5.2,15.1,-0.6,7.9,10.9,13.8,16.0,10.4,8.5,14.3,18.9,7.6,8.7,12.3,17.7,8.1,15.6,4.9,23.3,7.1,9.5,8.2,18.5,5.6,0.5,3.2,-1.5,14.4,,6.9,7.0,7.1,6.7,5.9,-0.3,11.9,2.0,3.2,3.9,4.1,1.8,11.1,4.1,4.8,1.4,3.0,1.7,4.0,1.8,3.8,2.2,2.1,1.6,1.6,2.5,1.2,0.4,-0.7,8.9,5.7,2.8,2.8,4.1,5.2,12.5,6.5,3.8,-4.1,5.2,4.4,3.4,3.9,2.8,-2.8,-1.2,19.3,3.5,-8.4,47.3,4.4,-1.4,-4.9,2.4,2.0,4.9,-0.6,-4.1,5.1,1.8,3.2,0.5,1.0,0.5,1.8,0.4,1.1,-0.6,2.1,0.6,0.7,3.0,3.9,5.9,-0.2,1.7,0.8,-0.3,2.2,1.4,2.8,6.2,6.0,6.6,12.9,3.9,21.0,6.3,-1.2,,-9.6,4.6,8.2,10.2,10.0,3.8,6.6,-17.5,21.5,,0.1,0.1,6.7,32.0,35.1,11.8,3.5,-2.2,7.9,1.9,6.8,5.3,4.3,3.6,18.9,3.3,5.5,2.7,0.3,2.4,1.6,-0.4,0.1,1.0,11.3,,4.4,2.6,9.5,7.3,3.6,4.1,2.9,5.5,4.1,4.9,3.6,3.8,10.9,1.6,5.3,-0.4,2.3,2.1,,4.5,3.2,3.1,3.3,1.9,3.5,,1.8,6.1,4.1,4.7,3.3,,-0.3,5.4,6.5,3.7,7.2,1.5,7.5,3.3,6.0,8.8,8.9,7.0,-0.8,8.4,6.8,1.6,12.5,2.8,3.8,3.1,3.4,,2.7,-1.1,0.7,10.9,-3.9,8.2,9.3,17.0,2.3,4.2,2.2,1.4,1.1,0.0,6.9,,2.2,0.0,1.3,0.0,0.9,2.6,,1.2,1.9,0.4,1.3,1.6,-0.2,-1.3,-1.9,2.0,3.1,3.2,2.7,2.7,2.2,1.6,5.3,4.0,2.2,1.9,8.7,2.5,2.1,2.0,2.5,2.6,2.9,8.9,2.5,3.2,7.9,2.7,4.2,1.6,2.1,0.2,0.4,-0.1,0.6,0.0,0.0,0.0,0.1,-0.1,0.3,0.0,0.0,3.9,3.8,3.7,2.5,3.0,1.8,2.0,10.3,4.0,3.6,3.9,4.2,5.8,5.1,0.7,5.2,0.8,3.9,7.3,3.3,14.8,20.0,20.0,18.6,25.1,8.4,20.2,20.2,-0.6,-0.8,-0.3,3.8,5.7,3.7,3.3,2.9,1.0,3.1,2.5,1.3,9.8,7.4,8.4,1.7,2.1,9.3,10.0,9.6,6.9,3.2,9.0,1.7,1.0,0.9,2.3,5.7,2.1,2.8,1.9,-1.5,4.5,2.0,1.0,2.6,4.8,0.3,7.8,6.5,0.9,4.8,13.0,1.1,3.2,3.2,5.3,2.1,2.9,1.7,3.7,3.0,0.4,4.8,1.2,4.4,-0.9,0.1,4.2,-0.1,1.8,-0.4,0.8,0.3,0.3,0.1,0.0,0.2,2.8,2.8,1.6,1.9,1.0,1.0,1.9,2.5,2.0,2.1,2.4,2.7,2.7,3.0,1.6,-0.1,3.8,3.4,1.9,1.4,-0.5,-0.3,2.6,0.7,1.7,2.9,-0.5,3.4,3.0,-2.0,6.5,4.2,0.5,0.5,1.3,-3.2,1.4,1.3,1.7,0.1,-0.8,1.8,5.0,1.4,1.5,-0.3,0.7,1.8,2.6,0.4,-1.3,-2.2,-0.4,1.6,1.3,2.0,0.2,1.1,1.8,1.1,1.4,2.5,1.0,1.0,1.1,0.8,-0.6,2.0,3.5,2.3,-0.9,0.6,0.4,3.3,-0.1,0.4,-0.1,3.5,3.7,4.6,2.2,1.4,-0.3,1.1,5.4,1.0,2.1,2.0,-0.1,-0.1,0.6,0.9,0.7,0.5,-1.9,0.2,,0.2,2.6,2.7,-0.7,-0.6,0.4,-0.7,2.0,-0.4,0.4,-0.1,0.2,0.3,-1.1,-1.3,0.6,-0.2,0.5,-1.5,0.5,0.1,0.0,1.6,-0.1,0.0,0.0,0.0,0.0,0.0,0.0,3.3,0.9,1.4,0.5,7.3,-2.6,-3.5,0.1,2.5,1.3,0.7,0.5,0.9,5.7,7.3,8.9,4.9,2.7,10.4,4.0,3.6,-5.4,-3.7,,0.6,5.7,3.0,0.0,0.4,0.0,0.2,,1.3,0.0,-1.8,-2.6,-12.9,0.0,0.0,0.0,-28.7,0.0,8.4,0.9,0.6,-0.8,-0.1,0.5,0.0,1.7,0.1,0.6,0.3,1.2,3.1,3.5,2.8,1.4,0.4,1.7,1.7,,1.1,4.1,3.2,1.3,-2.1,4.9,9.2,10.6,11.4,4.5,2.9,,1.5,1.5,0.4,0.5,4.9,-3.3,-14.1,1.4,-0.6,0.0,-2.7,0.7,-1.2,1.4,0.0,-0.5,-0.7,1.5,4.3,5.7,5.9,5.4,6.0,2.9,-7.4,-0.7,-0.4,5.8,-1.1,5.8,5.7,1.7,0.6,2.0,3.5,1.6,1.3,0.3,2.1,2.4,2.7,1.3,2.3,1.2,3.0,0.4,-1.0,-1.0,0.0,0.0,1.5,-0.2,0.5,0.5,1.6,3.1,1.6,0.7,0.5,0.0,0.0,0.1,0.0,1.2,0.8,0.0,2.7,0.5,1.6,1.6,0.2,1.7,1.5,1.3,2.4,0.2,0.8,0.0,0.1,,0.4,1.2,,1.1,0.8,2.1,0.4,0.4,0.7,0.2,2.4,0.4,0.7,0.7,,0.7,0.5,-0.9,0.0,-1.6,0.7,1.4,1.4,0.7,0.3,0.1,0.9,0.0,0.3,0.0,0.7,0.0,0.2,0.0,0.0,0.0,0.0,2.6,0.0,,4.2,6.0,3.1,12.4,1.3,0.3,0.7,2.6,-0.1,-0.2,0.0,-0.5,4.8,5.3,4.2,0.2,0.7,0.2,-0.1,0.3,0.8,0.2,0.0,0.0,8.1,13.8,5.2,6.6,2.3,3.8,3.0,2.2,0.0,2.7,17.1,1.1,0.1,0.9,1.1,-12.7
2023,3.2,8.1,7.5,3.8,3.2,4.2,8.1,7.7,8.4,8.0,11.1,12.1,10.2,7.9,11.2,11.5,5.4,8.0,3.4,6.5,11.8,9.6,2.0,11.2,7.3,11.6,15.6,12.7,19.6,8.8,5.5,22.6,6.5,5.1,10.6,12.5,12.2,13.8,12.4,12.8,26.5,13.6,1.9,6.1,,14.1,11.9,14.9,15.3,16.4,14.0,17.7,10.3,17.6,6.7,7.0,2.2,9.3,7.9,7.0,8.6,5.3,5.3,5.4,6.4,3.9,16.0,12.7,12.3,12.3,13.0,13.1,10.2,9.4,22.0,14.5,28.7,28.7,6.3,6.0,9.1,6.9,12.0,12.1,4.0,8.6,4.2,9.2,-0.8,-6.9,6.0,2.7,13.5,6.2,-24.9,-8.7,19.9,-1.4,10.0,9.0,38.5,13.2,7.4,9.9,16.7,6.9,8.8,6.6,2.6,7.1,6.9,1.5,10.4,4.9,2.4,5.7,8.4,8.9,10.0,6.7,5.8,3.6,3.2,7.0,3.3,8.3,16.8,6.9,7.3,5.8,10.4,5.3,2.0,8.3,,23.0,2.5,4.9,1.6,3.1,13.8,5.6,0.8,-2.3,,2.0,2.0,9.0,10.7,11.0,9.0,8.7,1.4,10.1,6.7,14.2,4.1,18.2,17.7,19.1,1.2,5.7,16.5,8.4,6.8,9.2,-0.1,8.0,6.4,16.1,,10.0,5.7,13.9,14.6,9.1,6.7,15.3,23.8,11.2,7.7,6.6,6.5,9.8,9.7,9.4,8.6,10.1,7.9,,8.7,7.9,6.0,8.7,5.5,9.0,,10.0,10.4,14.9,4.7,5.4,,4.8,9.3,12.1,4.9,12.0,5.7,9.1,9.8,7.9,8.6,25.9,13.0,11.3,9.0,-0.6,5.8,13.6,6.8,10.4,5.4,14.1,,7.4,4.4,2.5,2.9,5.9,6.2,4.3,11.9,2.8,6.9,9.0,14.2,7.4,11.3,14.2,,7.0,0.0,10.3,0.0,8.9,7.2,,6.5,8.9,6.4,3.4,7.1,12.4,6.7,2.5,7.1,5.4,6.2,4.4,5.4,4.3,4.7,9.3,4.7,4.5,3.8,3.6,5.3,6.3,13.1,5.4,6.7,4.9,14.6,3.6,11.2,9.6,3.4,5.7,5.7,6.2,-7.2,-6.6,-8.4,1.1,0.1,0.1,0.1,0.2,0.0,0.5,0.1,0.1,6.5,5.0,9.0,3.1,2.9,3.8,4.5,9.0,7.1,5.9,7.1,8.4,6.7,4.9,1.5,7.3,1.3,5.7,11.6,9.9,-6.7,-13.0,-13.0,-1.6,-3.2,1.4,1.1,1.1,0.8,0.9,0.5,7.9,6.3,5.0,2.2,7.8,12.8,7.3,0.4,12.5,-4.9,8.3,7.5,5.4,25.1,5.7,7.8,3.5,10.1,8.8,19.4,3.3,5.5,9.0,5.3,4.3,8.6,5.7,10.5,-0.3,8.5,6.2,5.3,6.7,9.6,10.3,12.7,8.1,7.1,8.3,11.5,3.4,2.6,16.6,13.1,11.7,17.0,19.5,15.5,12.5,11.6,13.1,8.9,16.9,-1.5,16.1,8.5,1.1,9.9,17.6,1.3,0.2,0.2,1.1,0.0,1.5,2.7,2.7,3.6,2.5,2.4,3.0,2.5,2.5,2.0,4.5,2.6,5.4,-0.9,3.2,1.7,4.8,3.8,1.0,2.3,2.5,-0.1,-4.0,3.3,0.0,2.1,3.7,4.8,2.4,2.9,3.4,2.2,0.6,3.4,3.8,4.4,-2.6,4.1,3.0,3.5,1.6,3.8,1.8,7.8,3.0,1.6,3.7,3.0,2.7,4.0,0.9,1.5,1.5,1.5,6.3,9.8,13.8,4.1,6.8,4.4,0.7,4.1,6.0,6.7,6.7,5.3,3.3,1.4,6.9,11.3,4.0,9.0,3.6,4.0,8.6,1.9,2.0,0.5,4.9,4.6,6.1,5.6,2.4,1.9,2.7,8.6,3.0,0.2,-0.1,0.0,3.7,0.0,11.3,0.3,0.0,2.1,4.2,,6.3,6.4,16.1,15.8,0.1,0.9,12.0,10.4,-1.9,5.9,6.6,3.2,0.4,0.0,-0.1,1.2,0.7,0.3,2.5,2.3,1.2,0.7,2.0,0.5,0.2,2.5,4.4,3.7,0.9,5.6,3.2,1.9,2.9,5.9,2.1,0.1,0.0,0.2,1.3,1.7,1.5,0.9,1.0,6.1,9.1,10.6,6.8,1.0,1.4,6.9,8.6,7.9,-2.2,,1.6,3.0,8.5,0.1,0.3,0.0,15.5,,2.9,0.0,-8.6,-0.7,6.2,0.0,0.0,0.0,6.7,6.0,9.8,1.2,0.4,-1.5,-0.5,0.9,0.0,1.0,0.0,0.5,0.1,1.2,1.3,2.2,0.5,3.2,3.5,1.9,4.8,,4.3,2.0,-1.0,8.5,0.3,3.3,9.6,-11.7,5.0,6.3,10.2,,6.0,7.5,1.4,7.1,13.8,3.7,-2.3,0.4,2.0,-0.5,3.6,8.3,7.7,4.4,0.1,-0.3,5.8,8.4,6.7,5.1,5.7,5.6,4.0,7.6,-1.1,3.6,-0.2,2.4,20.3,10.8,5.3,8.7,0.1,9.0,5.7,3.6,3.9,2.3,5.0,6.2,6.5,5.1,1.9,1.8,1.9,4.1,17.3,17.3,0.0,0.0,2.2,0.2,1.6,1.9,2.1,3.6,2.3,1.8,1.2,-1.1,-2.5,0.5,0.0,2.6,1.8,2.0,0.9,1.7,3.3,2.7,0.1,2.8,3.3,3.1,5.1,1.4,1.6,1.0,4.0,,0.8,4.5,,1.4,2.4,7.9,1.5,2.3,1.9,2.2,2.2,1.1,4.6,6.7,,2.6,2.9,3.2,0.3,0.7,0.5,2.2,2.2,7.0,-0.1,-0.3,0.1,0.0,-0.3,0.0,-0.4,0.0,-0.3,0.0,0.0,0.6,0.0,-0.4,0.0,,5.6,6.2,3.1,11.5,2.0,2.5,4.6,4.7,4.6,3.8,5.4,1.1,0.5,0.3,0.8,0.1,1.2,0.0,-1.0,0.0,1.1,0.4,0.0,1.7,7.4,9.6,6.0,7.3,3.1,8.2,3.8,3.8,0.1,3.6,-6.0,4.0,2.5,1.0,4.0,2.5
2024,2.7,4.3,8.5,27.7,25.8,28.8,2.2,2.7,0.7,4.1,2.0,3.2,0.8,-0.1,2.3,1.9,2.2,2.3,4.8,-1.1,0.9,-1.0,-6.2,-3.9,3.2,-1.4,-1.5,-0.3,-7.1,1.1,0.0,4.3,3.6,0.4,2.4,5.4,4.2,2.5,1.0,-0.5,6.1,3.9,2.6,-5.2,,2.1,0.9,2.1,2.9,5.3,22.7,2.2,4.1,4.3,3.4,3.4,3.4,7.1,4.5,4.2,-0.8,3.3,5.3,0.7,5.8,4.5,1.5,3.9,5.1,5.1,3.1,5.0,3.2,10.3,1.4,1.4,-6.5,-6.5,8.6,10.2,26.2,7.7,22.3,4.2,17.2,16.1,2.8,5.5,0.6,12.6,14.2,12.8,7.5,1.1,24.2,5.7,1.8,4.2,6.6,7.3,-11.8,17.7,10.9,10.8,9.8,1.4,9.0,4.3,1.7,5.5,11.8,4.7,18.7,6.4,2.6,9.1,3.2,3.1,4.3,2.5,3.6,1.8,1.7,7.3,0.6,3.1,10.3,10.7,11.4,18.5,12.8,9.1,10.4,11.4,,13.4,8.3,11.7,12.2,8.3,7.7,10.4,18.2,16.1,,2.1,2.1,1.7,-6.5,-7.3,-0.6,3.1,8.3,3.4,5.1,10.7,0.1,8.5,12.5,2.4,-0.6,-0.8,6.6,5.0,-0.4,9.2,-0.9,4.0,-1.7,-2.6,,6.0,2.5,1.7,1.1,8.8,4.2,4.9,12.2,7.3,5.7,14.0,1.7,4.3,0.3,12.2,3.1,6.6,12.2,,3.3,2.9,0.6,4.6,1.5,2.8,,7.9,3.5,-0.3,3.6,1.5,,6.4,3.6,1.7,2.8,2.7,3.5,2.5,4.3,1.9,2.4,3.8,4.1,3.1,6.0,-0.3,3.6,5.2,3.1,5.2,3.7,12.3,,4.7,-0.6,0.7,1.2,-1.6,4.3,-3.1,6.7,6.7,7.0,6.8,29.3,9.3,8.8,4.8,,-1.3,0.0,8.2,1.0,2.6,3.0,,1.3,-0.9,1.5,-3.5,3.0,10.8,3.1,2.5,-0.2,2.6,3.2,2.5,2.4,3.2,2.5,3.0,3.8,2.7,3.1,5.1,3.2,3.8,7.5,4.4,3.9,3.0,-1.5,3.4,4.5,3.3,3.0,4.2,2.3,3.7,-10.0,-10.0,-10.1,0.7,0.2,0.3,0.3,0.6,0.6,0.6,0.2,0.2,2.9,1.7,0.5,0.5,1.9,2.0,2.2,2.2,3.4,2.9,3.7,4.2,2.8,3.2,2.2,4.0,2.3,4.0,2.9,3.9,4.0,7.3,7.3,0.1,-0.9,1.8,2.3,2.3,1.7,2.1,1.0,4.0,4.1,1.2,3.8,10.2,3.9,0.5,-5.1,-1.5,-1.2,8.7,10.0,4.4,-3.2,2.1,1.8,1.5,4.9,4.0,7.9,0.6,2.6,6.8,1.4,2.4,2.4,3.8,4.5,-3.4,5.1,2.9,2.1,3.4,3.6,5.0,6.5,1.2,3.0,6.3,18.5,4.5,2.6,5.5,1.6,4.4,2.9,4.4,1.9,8.2,7.6,8.5,2.9,-1.1,0.5,3.4,2.5,0.3,-1.0,14.4,2.0,7.8,7.8,1.4,0.0,2.0,0.0,0.0,2.4,2.4,0.2,0.3,2.4,3.2,1.5,6.5,3.4,4.0,3.0,3.4,3.3,0.5,3.7,2.2,2.1,0.6,4.0,1.6,1.7,-0.7,-0.3,3.4,2.5,3.3,4.0,0.1,3.8,2.1,2.0,1.1,2.6,2.0,2.8,2.2,1.8,1.6,1.9,4.2,-1.6,2.3,4.4,3.2,0.8,2.9,1.4,4.2,2.8,2.6,3.0,4.1,4.6,6.2,4.5,0.6,3.7,1.8,5.9,2.2,4.7,4.7,1.2,3.3,0.2,4.2,-2.5,4.9,3.0,2.9,4.0,0.4,3.7,2.4,1.4,3.2,2.3,3.6,4.5,3.6,1.6,2.8,0.4,2.3,0.5,0.1,0.7,10.4,1.4,14.1,1.3,0.2,3.5,0.4,,3.9,7.3,3.6,9.2,-0.2,1.0,4.7,2.4,2.0,4.7,5.3,1.5,3.0,0.0,-0.1,1.9,0.9,0.2,1.6,1.7,0.5,0.4,0.4,0.1,0.2,1.0,1.9,1.7,0.4,2.4,3.9,5.4,3.4,5.4,2.1,0.2,0.0,0.7,2.4,2.4,2.9,1.9,1.4,5.5,1.9,1.1,3.3,2.5,1.6,0.9,3.8,-4.7,5.2,,3.0,4.2,4.4,0.2,1.2,0.0,3.5,,2.6,55.6,-3.2,4.2,-0.8,8.7,4.3,-12.1,4.8,4.3,-3.9,-0.4,-1.9,-1.8,-1.2,0.9,-5.5,-8.5,0.1,0.4,0.2,1.4,3.1,2.6,3.5,2.6,2.8,1.7,3.8,,5.4,2.5,0.5,4.7,6.4,3.1,-6.2,0.2,8.8,8.4,0.1,,3.3,5.7,2.2,5.9,8.3,4.2,8.6,4.3,7.6,-0.7,4.0,0.5,5.3,1.9,0.0,0.0,5.1,0.2,4.1,3.0,3.7,3.0,2.7,2.7,0.8,3.0,-0.7,7.3,6.0,0.0,2.6,2.3,0.0,2.9,0.6,4.0,4.4,5.9,3.2,5.7,6.0,4.6,2.2,3.8,1.1,6.9,14.7,14.7,68.9,68.9,1.8,0.3,2.1,1.6,2.3,2.4,2.0,1.5,1.0,-3.7,-7.8,0.4,0.0,2.5,1.4,1.9,3.2,1.2,0.8,1.9,0.3,2.6,1.6,7.4,7.4,2.5,2.2,3.1,3.0,,0.4,2.5,,1.1,1.5,2.2,1.4,1.4,1.5,1.5,1.5,0.8,4.4,-0.5,,9.6,0.7,2.5,-1.2,0.7,0.7,1.2,1.2,0.0,0.4,3.0,-0.2,0.0,-0.6,0.0,-1.2,0.0,-0.8,0.0,0.0,6.5,0.0,2.0,0.0,,4.6,4.9,0.9,8.8,3.8,2.3,4.0,2.1,4.8,3.4,5.1,0.5,0.2,0.0,0.4,0.2,1.4,0.4,-1.3,0.9,1.1,0.1,0.0,2.5,7.0,-1.0,10.2,11.4,2.5,3.8,3.2,1.9,0.3,3.0,3.8,2.4,1.9,-0.5,5.1,0.0
2025,3.2,6.8,21.9,67.5,67.9,67.2,4.0,3.9,3.3,5.3,-0.2,2.7,3.7,1.6,-2.4,-1.0,8.4,5.9,12.2,4.8,3.9,3.8,1.3,9.2,-0.1,1.1,2.6,7.3,-0.9,3.2,8.5,1.4,5.8,2.9,-5.7,4.5,23.3,5.9,10.0,1.5,3.3,2.8,9.0,10.6,,2.3,2.4,2.3,2.2,3.5,3.7,6.0,3.0,0.9,5.0,5.3,4.2,5.6,5.3,5.2,6.3,3.7,6.2,0.0,8.2,4.7,4.9,3.4,2.3,2.3,4.1,2.7,3.3,8.9,4.6,5.4,10.3,10.3,6.5,6.4,7.2,5.1,15.1,13.1,-5.0,2.8,2.2,6.3,6.5,15.7,8.5,7.2,11.7,21.4,8.3,3.3,6.2,58.9,-0.5,11.6,6.9,-4.5,-1.4,5.1,-0.3,2.5,8.5,9.2,6.2,6.7,12.0,15.7,15.6,7.6,11.4,4.4,3.1,2.7,2.1,4.4,6.6,3.0,5.6,10.4,6.1,11.0,3.2,5.9,6.1,8.5,9.9,2.4,16.6,6.2,,-8.5,8.6,3.1,0.9,6.2,3.9,1.2,19.2,6.9,,3.1,3.1,2.2,1.2,0.5,6.7,2.4,3.7,-0.6,5.2,2.8,1.2,1.0,0.7,1.7,1.9,13.2,6.4,-1.2,0.2,7.8,2.6,0.7,0.5,4.2,,8.9,9.1,7.1,7.4,4.9,6.1,3.7,2.5,5.0,5.9,8.0,4.5,2.1,1.7,35.7,-0.1,2.8,13.9,,5.8,8.5,4.8,13.0,6.3,8.2,,15.8,4.7,9.8,8.1,1.5,,26.6,3.9,-0.4,3.5,4.3,2.7,3.0,6.5,2.7,0.2,1.7,1.6,4.5,7.5,2.0,6.7,8.8,6.1,2.7,2.4,4.1,,8.0,1.4,1.7,1.5,1.2,20.1,13.2,39.8,9.2,13.4,5.7,17.1,14.6,1.4,6.0,,6.1,0.0,5.8,0.3,8.0,0.1,,3.2,1.7,-0.4,3.7,5.2,-1.6,0.7,7.9,6.6,4.0,4.4,3.9,3.9,4.4,4.1,6.5,6.4,5.1,4.9,5.2,5.3,6.9,0.0,5.1,5.2,1.7,4.8,4.5,4.5,8.1,4.6,5.8,3.3,4.6,-5.5,-5.5,-5.5,1.0,0.3,0.5,0.5,0.7,0.5,0.8,0.3,0.3,4.1,2.0,2.0,-2.2,0.9,3.3,5.0,3.5,4.9,5.3,4.7,5.9,4.5,5.0,2.4,3.5,3.0,4.1,4.6,5.9,3.6,5.3,5.3,1.9,1.9,1.9,6.7,6.7,0.4,0.2,0.7,2.7,2.4,-1.2,1.0,-5.4,1.0,0.0,-4.7,0.0,2.2,7.2,7.7,4.3,4.2,1.3,1.5,0.8,2.9,1.7,-1.4,2.6,3.6,2.6,1.2,4.6,-0.5,2.4,0.8,-0.7,2.9,4.7,3.4,5.5,1.1,-0.3,2.9,0.3,1.0,3.4,9.7,2.8,0.7,2.0,0.7,3.7,2.9,2.3,3.3,9.3,0.2,15.3,0.6,-2.5,-0.9,-0.1,4.7,0.3,1.9,-0.8,1.7,3.8,3.8,1.8,0.0,2.6,0.0,0.0,2.6,3.0,2.8,2.9,3.0,3.7,2.7,6.0,3.7,5.0,1.8,4.3,2.8,0.9,0.3,9.9,2.9,2.7,2.4,-3.4,5.4,-0.4,1.0,4.2,2.3,6.2,8.3,1.9,1.9,0.8,1.9,-0.2,3.2,2.4,2.1,2.7,2.1,0.9,1.1,2.1,3.8,3.2,1.5,2.1,1.6,4.2,4.5,2.4,1.7,0.2,3.1,0.9,1.2,0.1,3.4,1.7,0.3,1.2,0.7,-0.4,2.4,2.4,2.2,2.4,0.7,4.7,2.0,3.4,1.4,1.7,5.6,4.1,1.0,-0.5,0.4,4.5,3.4,5.5,4.1,5.1,1.5,2.7,0.1,3.9,0.2,0.4,-0.1,0.8,4.7,11.4,-0.1,0.1,14.1,4.7,,2.0,5.1,1.1,0.6,0.7,-0.2,1.8,0.0,2.3,2.2,1.7,0.8,9.4,0.6,0.5,2.4,0.7,0.1,2.7,0.9,1.1,1.2,0.0,0.2,1.7,2.0,0.4,0.7,-1.5,0.5,1.1,4.5,1.8,0.7,-1.0,1.1,1.3,0.5,2.5,2.5,2.8,3.9,1.3,2.7,2.4,1.1,4.2,2.5,1.4,2.1,-4.8,7.9,1.8,,2.3,3.2,3.1,0.5,1.2,8.8,0.3,,5.3,11.9,0.0,4.8,4.2,24.1,12.2,0.6,8.7,-0.4,-0.7,-4.5,-7.8,-2.7,-2.1,1.7,-71.1,-10.9,0.2,0.6,0.7,0.6,1.2,2.7,0.0,2.6,1.8,1.7,4.7,,2.4,-0.6,-0.4,6.5,-6.5,2.6,-7.7,-1.5,3.9,-4.7,0.7,,3.7,5.1,2.2,6.8,4.3,0.1,-2.0,2.2,2.5,-1.0,-4.5,4.4,4.5,2.4,0.0,-0.3,2.9,8.2,1.2,2.9,3.7,2.8,2.7,5.8,-0.6,0.4,-0.4,12.1,23.6,-1.5,4.2,1.1,1.3,1.4,0.1,3.6,3.1,1.6,4.3,2.1,1.5,4.3,5.8,2.9,8.0,2.1,6.8,6.8,-2.5,-2.5,1.9,2.3,1.5,1.5,2.8,1.7,1.7,2.0,1.0,0.3,0.0,0.8,0.0,1.7,0.2,0.0,2.7,2.3,1.0,2.7,1.9,2.2,3.1,2.6,3.0,0.9,3.5,0.4,1.7,,0.2,2.4,,1.1,2.0,2.6,1.2,1.4,1.5,1.6,8.0,1.3,2.0,0.9,,3.0,2.4,1.0,0.7,-1.9,1.4,6.2,5.9,-0.3,0.7,6.9,-1.3,0.0,0.5,1.3,0.5,1.1,0.4,0.0,0.0,0.0,0.0,-0.7,0.0,,2.5,2.9,2.6,3.0,3.2,2.4,1.7,3.6,0.9,1.6,1.6,1.6,0.5,0.5,0.4,0.1,2.1,1.2,-4.0,-0.1,0.6,0.6,-0.5,0.9,5.6,3.8,6.4,6.1,3.1,7.0,3.7,2.6,0.5,3.6,3.6,3.0,1.6,-3.4,2.3,3.7
