date,0001,0161,0163,0166,0178,0168,0002,0157,0172,0003,0008,0158,0013,0016,0021,0159,0027,0160,0030,0033,0034,0037,0041,0042,0045,0164,0046,0165,0051,0054,0056,0057,0058,0059,0060,0061,0066,0070,0073,0077,0081,0082,0083,0084,0085,0089,0090,0094,0098,0103,0106,0107,0108,0109,0110,0111,0112,0113,0117,0118,0119,0120,0121,0122,0123,0128,0134,0138,0145,0146,0147,0151,0155,0156,0167,0162,0173,0169
1970-01,,,7.8,,,,,,,,,,,,,,,,,,,,,,,,,,,,,,,,,,,,,,,,,,,,,,,,,,,,,,,,,,,,,,,,,,,,,,,,,,,
1970-02,,,8.5,,,,,,,,,,,,,,,,,,,,,,,,,,,,,,,,,,,,,,,,,,,,,,,,,,,,,,,,,,,,,,,,,,,,,,,,,,,
1970-03,,,8.3,,,,,,,,,,,,,,,,,,,,,,,,,,,,,,,,,,,,,,,,,,,,,,,,,,,,,,,,,,,,,,,,,,,,,,,,,,,
1970-04,,,8.3,,,,,,,,,,,,,,,,,,,,,,,,,,,,,,,,,,,,,,,,,,,,,,,,,,,,,,,,,,,,,,,,,,,,,,,,,,,
1970-05,,,7.6,,,,,,,,,,,,,,,,,,,,,,,,,,,,,,,,,,,,,,,,,,,,,,,,,,,,,,,,,,,,,,,,,,,,,,,,,,,
1970-06,,,6.8,,,,,,,,,,,,,,,,,,,,,,,,,,,,,,,,,,,,,,,,,,,,,,,,,,,,,,,,,,,,,,,,,,,,,,,,,,,
1970-07,,,6.3,,,,,,,,,,,,,,,,,,,,,,,,,,,,,,,,,,,,,,,,,,,,,,,,,,,,,,,,,,,,,,,,,,,,,,,,,,,
1970-08,,,5.8,,,,,,,,,,,,,,,,,,,,,,,,,,,,,,,,,,,,,,,,,,,,,,,,,,,,,,,,,,,,,,,,,,,,,,,,,,,
1970-09,,,7.4,,,,,,,,,,,,,,,,,,,,,,,,,,,,,,,,,,,,,,,,,,,,,,,,,,,,,,,,,,,,,,,,,,,,,,,,,,,
1970-10,,,8.6,,,,,,,,,,,,,,,,,,,,,,,,,,,,,,,,,,,,,,,,,,,,,,,,,,,,,,,,,,,,,,,,,,,,,,,,,,,
1970-11,,,8.6,,,,,,,,,,,,,,,,,,,,,,,,,,,,,,,,,,,,,,,,,,,,,,,,,,,,,,,,,,,,,,,,,,,,,,,,,,,
1970-12,,,8.3,,,,,,,,,,,,,,,,,,,,,,,,,,,,,,,,,,,,,,,,,,,,,,,,,,,,,,,,,,,,,,,,,,,,,,,,,,,
1971-01,6.5,6.1,6.3,6.0,6.5,6.5,6.8,8.9,6.2,4.0,14.0,17.4,2.2,-2.2,11.0,14.7,-6.7,-7.4,8.9,8.5,25.6,4.2,7.2,11.3,8.2,8.1,8.3,8.4,7.5,3.0,0.0,1.1,14.3,,5.1,3.3,9.1,4.7,8.0,5.2,7.9,10.8,11.7,10.9,12.1,11.1,9.8,12.1,8.4,8.0,10.7,8.1,2.9,10.2,10.0,3.9,6.9,2.6,0.2,3.6,4.6,0.0,,5.1,-0.6,7.4,6.5,6.5,5.3,15.3,3.5,6.7,0.0,0.6,3.2,,,
1971-02,6.0,6.1,5.8,5.9,6.2,6.1,6.2,5.5,6.5,3.7,14.5,17.9,1.5,-2.9,7.4,6.5,-8.5,-9.0,8.9,8.3,23.0,4.4,7.2,12.2,8.3,7.9,8.4,8.5,7.4,3.2,0.0,1.0,14.5,,5.1,2.9,9.7,5.0,8.2,5.3,7.2,9.6,9.3,9.7,9.2,10.6,9.3,11.7,8.3,8.1,10.7,1.5,3.0,10.0,0.3,3.9,6.5,3.0,0.2,7.0,4.6,16.0,,4.8,-1.2,6.4,6.4,6.5,5.5,14.8,5.1,6.6,0.0,0.6,3.3,,,
1971-03,5.3,6.3,5.1,6.2,6.2,6.1,4.3,-3.5,6.9,3.6,13.1,15.8,1.9,-0.4,-3.5,-11.1,-12.7,-13.3,8.8,8.4,18.2,4.3,7.2,12.0,8.1,7.8,8.4,8.4,7.1,3.2,0.0,1.1,15.2,,5.2,3.0,9.6,5.3,8.3,5.4,7.1,9.5,9.7,8.1,10.3,10.0,8.9,11.1,7.9,8.7,10.7,1.5,3.0,9.4,0.3,3.6,5.6,3.3,0.2,7.0,4.6,16.0,,4.8,-1.4,6.5,6.6,6.4,5.2,14.1,4.6,5.8,0.0,0.6,3.7,,,
1971-04,5.8,6.6,5.6,6.4,6.8,7.0,4.3,-3.0,6.5,3.6,14.5,18.5,1.7,0.1,-5.4,-14.3,-8.9,-9.4,8.6,8.4,8.7,4.3,7.2,11.9,8.4,8.2,8.7,8.8,7.4,3.3,-0.2,1.4,16.2,,5.2,2.6,9.7,5.9,8.1,5.4,9.5,9.5,9.6,9.3,9.8,10.7,10.8,10.6,7.7,8.7,11.2,1.4,3.0,8.9,0.3,4.0,5.2,4.7,0.4,8.8,7.0,16.0,,8.8,-1.5,6.6,17.3,11.1,4.9,14.1,4.0,5.3,0.0,0.7,4.6,,,
1971-05,6.4,7.3,6.1,6.9,7.3,7.3,5.2,-1.5,7.0,3.5,18.4,25.3,2.4,8.3,-6.7,-17.5,-8.1,-8.4,7.8,8.6,4.9,3.6,7.2,11.3,9.6,8.3,10.2,9.0,7.6,3.9,-0.2,2.8,16.9,,4.9,2.0,7.3,7.2,8.1,5.4,9.9,10.5,12.0,14.5,11.1,10.6,12.4,9.0,7.4,8.9,11.1,1.5,3.1,8.5,0.3,4.3,4.9,4.5,2.6,8.8,7.0,16.0,,8.7,-1.8,5.9,18.7,10.9,4.5,12.9,3.3,5.1,0.0,0.7,5.1,,,
1971-06,6.9,7.6,6.7,7.4,7.6,7.7,6.0,0.8,7.8,3.3,19.3,26.9,2.8,9.7,4.0,-3.4,-17.9,-18.4,7.0,8.8,6.2,3.3,7.1,11.3,10.0,8.3,10.5,9.0,7.3,4.0,-0.2,3.4,17.1,,4.9,2.0,7.2,6.8,8.5,5.7,9.0,13.3,18.4,21.8,17.3,10.7,13.0,8.7,7.8,8.6,11.1,1.4,3.0,8.0,0.3,4.3,4.7,4.8,2.6,8.8,7.0,16.0,,8.4,-2.3,4.6,18.6,11.0,4.6,13.6,3.0,5.0,0.0,0.7,5.3,,,
1971-07,6.9,7.3,6.7,7.0,7.5,7.6,6.0,1.4,7.3,3.0,18.3,24.9,3.1,7.9,-4.5,-19.5,-3.4,-3.4,6.5,9.2,6.1,3.0,7.1,11.2,10.1,9.4,10.1,9.0,10.1,4.2,-0.2,3.8,17.5,,4.9,1.6,7.2,5.9,8.0,7.2,8.9,10.8,12.5,21.3,9.5,11.0,13.0,9.3,7.8,8.6,11.2,0.6,3.0,6.7,-0.7,4.6,4.7,5.0,3.7,8.8,7.0,16.0,,8.5,-2.3,5.1,19.1,10.9,4.5,13.2,2.7,5.0,0.0,0.7,5.5,,,
1971-08,7.0,7.1,6.9,7.0,7.1,6.9,7.3,6.5,7.3,2.5,17.8,23.7,4.4,11.6,3.3,-5.9,-1.9,-1.9,5.9,9.4,6.1,2.9,7.0,11.2,8.8,8.9,8.6,8.0,10.0,4.2,-0.2,3.9,17.6,,4.5,0.7,7.4,5.1,7.9,7.1,9.3,10.1,13.8,20.9,11.1,5.7,2.2,8.8,7.7,8.1,11.0,1.0,2.8,5.3,0.0,4.6,4.6,4.9,3.8,8.8,7.0,16.0,,8.3,-2.8,4.2,19.0,10.7,4.6,13.7,2.4,4.7,0.0,0.7,5.4,,,
1971-09,8.0,7.0,8.0,6.9,7.1,6.7,10.4,19.4,8.1,1.7,18.3,24.1,6.8,16.1,23.8,29.2,3.5,3.7,4.3,9.0,6.0,2.4,6.4,11.4,8.5,8.4,8.2,7.7,9.4,4.0,-0.2,3.8,15.9,,3.6,-0.3,7.0,4.4,7.7,6.7,8.7,9.3,11.8,15.6,10.4,6.7,3.8,9.3,7.6,7.9,10.5,1.1,3.0,4.6,0.0,4.5,4.7,4.8,3.8,8.8,7.0,16.0,,7.9,-2.0,5.1,18.8,9.2,4.6,14.0,2.4,4.3,0.0,0.9,5.2,,,
1971-10,6.5,6.3,6.4,6.2,6.4,6.2,7.1,9.7,6.3,1.5,16.3,20.0,6.5,6.6,8.1,4.7,4.3,4.5,3.3,8.2,6.7,2.0,1.7,10.3,8.5,8.4,8.4,7.6,9.3,3.6,-0.2,3.8,12.7,,3.8,0.6,6.7,4.5,6.8,6.3,9.1,8.3,8.7,14.3,6.6,8.4,9.3,7.6,7.3,7.6,10.3,1.1,3.3,3.5,0.0,2.9,1.2,4.3,3.7,8.9,7.1,16.0,,7.8,-2.4,4.0,19.2,9.5,4.3,13.2,2.2,4.2,0.0,0.9,4.5,,,
1971-11,5.5,6.0,5.2,5.7,6.0,5.9,4.6,0.1,5.6,1.2,9.8,9.1,5.9,6.7,-2.6,-12.3,4.2,4.6,3.2,7.5,5.9,1.8,0.1,9.6,9.0,8.9,8.8,8.0,10.0,3.0,-0.2,3.5,9.9,,3.7,0.9,6.1,5.1,6.2,4.9,9.3,8.1,8.9,14.8,6.8,7.8,8.6,7.1,7.4,6.7,9.5,0.9,3.1,2.6,0.0,2.8,1.2,4.2,3.7,8.9,7.1,16.0,,6.5,-3.0,2.9,13.4,9.5,4.1,12.5,2.2,4.0,0.0,0.9,3.8,,,
1971-12,4.8,5.5,4.6,5.2,5.7,5.7,3.5,-4.3,5.9,1.3,8.6,7.4,5.9,7.4,-9.0,-21.5,2.2,2.4,2.9,7.2,5.3,1.0,0.1,8.8,8.9,8.6,8.9,7.7,9.7,2.7,-0.2,3.2,8.3,,3.6,1.0,6.3,5.2,6.1,4.0,7.4,7.4,7.9,13.7,5.9,7.4,7.8,7.0,7.1,5.8,9.5,0.9,3.1,1.2,0.0,2.6,1.3,3.5,3.7,8.9,7.1,16.0,,6.4,-2.6,2.9,13.2,9.5,4.1,12.7,1.9,3.9,0.0,0.9,3.5,,,
1972-01,4.1,5.2,3.8,4.9,5.3,5.4,2.1,-7.7,4.9,1.1,7.4,6.9,6.0,3.1,-14.2,-28.2,0.7,0.8,3.6,7.4,4.9,1.2,0.0,8.2,9.0,8.7,8.7,7.5,10.3,2.3,-0.2,2.9,6.7,,2.8,-0.2,5.0,5.2,5.4,3.6,7.8,6.3,7.2,12.0,5.3,4.4,3.8,4.9,6.5,5.4,9.5,0.8,2.9,0.9,0.0,2.5,1.0,3.4,3.7,8.9,7.1,16.0,,6.7,-2.5,2.9,14.5,9.2,3.7,11.8,1.9,2.7,0.0,0.6,3.1,,,
1972-02,4.5,5.8,4.1,5.5,5.7,6.0,2.3,-6.5,4.5,1.2,6.9,6.3,6.7,4.5,-11.9,-24.0,0.7,0.8,3.8,7.1,4.5,1.1,0.0,7.4,9.0,8.6,8.7,7.5,9.9,1.9,-0.2,2.9,5.2,,2.5,-0.3,4.1,4.8,5.1,3.3,8.5,6.7,8.3,11.5,7.0,4.3,3.9,4.7,6.7,5.2,9.3,9.6,3.2,1.2,12.6,4.0,3.5,3.2,6.9,5.5,7.1,0.0,,6.7,-1.8,3.6,12.9,9.4,3.3,11.5,0.2,2.5,0.0,0.6,2.7,,,
1972-03,5.3,5.7,5.0,5.4,6.0,6.0,4.3,0.8,5.0,1.3,6.1,5.4,6.9,9.2,-3.4,-11.3,9.1,9.7,3.8,7.2,4.8,1.0,0.0,7.8,8.7,8.5,8.4,7.4,9.6,1.6,-0.2,2.5,3.7,,2.0,-1.3,3.9,4.2,4.8,3.1,8.4,6.5,7.9,13.2,5.9,4.4,3.5,5.1,6.5,5.1,9.4,9.6,3.4,0.9,12.6,3.9,3.6,2.6,7.1,5.5,7.1,0.0,,7.4,-1.4,5.4,14.5,9.3,3.5,12.1,0.3,2.7,0.0,0.6,2.1,,,
1972-04,5.0,5.4,4.5,4.9,5.5,5.3,4.8,2.7,5.4,1.5,7.3,7.8,7.3,9.7,2.0,-2.4,2.6,2.8,3.2,7.1,6.1,0.7,0.0,7.5,9.7,8.2,9.7,7.6,9.0,1.4,-0.2,2.0,2.1,,1.9,-1.1,3.5,3.1,4.6,2.9,9.5,4.8,4.0,9.8,1.9,4.2,2.6,5.6,6.1,4.8,8.9,9.7,3.7,1.0,12.6,3.4,3.7,1.1,7.0,6.9,8.9,0.0,,3.5,-1.3,5.7,3.9,4.7,3.6,12.4,0.3,2.4,0.0,1.0,0.9,,,
1972-05,5.2,4.9,4.8,4.5,5.3,5.2,5.5,8.0,4.7,2.0,4.8,3.8,6.6,2.9,13.5,16.6,3.5,3.8,2.7,6.6,7.0,0.9,0.0,7.7,8.6,7.9,8.6,7.5,8.3,1.0,-0.2,1.3,1.1,,1.6,-0.9,4.3,1.4,3.6,2.7,9.1,3.9,2.9,10.9,0.1,4.0,2.9,4.9,5.7,4.1,8.3,10.2,3.8,12.1,12.6,3.1,4.2,1.0,4.7,7.6,9.6,0.0,,4.3,-0.5,10.2,2.9,4.9,3.5,12.5,0.2,1.9,0.0,1.0,0.5,,,
1972-06,4.8,4.9,4.4,4.6,5.1,5.1,4.6,3.8,4.5,2.9,4.2,2.8,6.3,2.4,7.3,6.3,2.5,2.6,2.5,6.3,6.3,1.2,0.0,7.7,8.4,8.1,8.3,7.9,8.4,0.9,-0.2,0.7,1.0,,1.4,-0.9,4.0,0.6,3.3,2.2,9.9,4.5,4.1,8.0,2.6,4.2,2.6,5.7,5.5,4.4,8.1,10.3,4.1,12.2,12.6,3.2,4.4,1.0,4.7,7.6,9.7,0.0,,3.9,0.0,7.4,2.4,4.8,3.7,13.0,0.2,2.6,0.0,1.0,0.4,,,
1972-07,5.0,5.1,4.6,4.7,5.2,5.5,4.6,4.5,4.6,2.9,5.2,4.6,5.4,3.1,16.2,24.3,-9.7,-10.1,2.0,5.8,6.9,1.2,0.0,7.4,9.0,8.2,8.9,7.8,8.7,0.7,-0.2,0.4,0.8,,1.4,-0.2,3.6,1.0,3.1,0.6,10.4,5.5,6.7,11.2,5.1,3.7,2.9,4.3,5.4,4.1,8.1,10.4,4.2,12.3,12.6,3.2,5.3,0.8,3.5,7.6,9.7,0.0,,4.1,0.1,8.4,2.6,4.9,3.8,13.3,0.1,2.5,0.0,1.0,0.3,,,
1972-08,5.9,5.2,5.6,4.7,5.5,5.9,6.3,14.2,4.2,3.0,3.7,2.3,4.0,1.6,17.2,24.8,20.9,21.8,1.9,5.3,6.4,1.2,0.0,7.2,10.1,8.6,10.4,8.3,8.9,2.3,-0.2,6.1,0.5,,1.3,0.2,3.3,1.2,2.8,0.5,10.0,6.6,8.5,11.3,7.3,5.5,7.4,3.9,5.9,4.3,7.9,10.4,4.4,12.5,12.6,3.8,6.8,1.0,3.4,7.6,9.7,0.0,,4.3,0.0,9.7,3.0,4.9,3.8,13.1,0.2,2.7,0.0,1.0,1.8,,,
1972-09,3.9,4.8,3.3,4.2,5.1,5.6,1.3,-6.8,3.6,3.2,0.4,-2.9,2.2,-1.9,-9.8,-20.0,5.3,5.5,2.3,5.3,7.4,1.2,0.0,7.1,10.1,7.8,10.9,8.8,6.6,2.2,-0.2,6.1,0.0,,0.9,-1.6,3.3,1.8,2.8,0.7,9.9,5.8,6.8,11.1,5.2,3.6,3.3,4.0,6.8,3.7,7.9,10.3,4.0,12.3,12.6,3.9,6.8,1.0,3.4,7.6,9.7,0.0,,3.9,-0.2,6.8,2.9,5.1,4.0,13.4,0.1,3.2,0.0,1.6,1.7,,,
1972-10,4.4,5.5,3.9,4.9,5.9,6.0,2.2,-8.7,5.4,8.6,0.9,-1.6,3.1,3.1,-11.7,-22.4,1.1,1.0,2.4,5.2,9.4,1.4,0.0,7.5,10.4,7.6,11.3,8.9,5.9,2.0,-0.2,6.3,-0.9,,1.1,-1.0,2.7,1.8,3.5,0.6,9.2,6.1,7.4,11.0,6.0,3.1,1.7,4.4,7.4,3.3,7.8,10.1,3.3,12.2,12.6,4.2,7.4,1.0,3.5,8.2,10.4,0.0,,4.0,0.0,7.4,2.8,4.7,4.3,14.1,0.1,3.6,0.0,1.6,1.6,,,
1972-11,5.1,5.7,4.5,5.2,6.1,6.1,3.6,-3.5,5.6,9.0,5.4,6.4,4.2,4.7,-1.6,-8.0,-11.2,-11.9,2.0,5.0,7.7,1.4,0.0,7.5,10.2,7.4,11.2,8.7,5.9,2.3,-0.2,6.9,-0.7,,1.4,-0.4,3.4,1.4,3.7,0.5,9.0,6.0,6.7,11.5,4.8,3.5,2.6,4.4,8.2,3.8,8.1,10.1,2.9,12.2,12.6,4.4,7.8,1.0,3.8,8.2,10.4,0.0,,4.7,0.2,8.2,5.6,4.7,4.8,15.5,0.1,4.5,0.0,1.6,1.9,,,
1972-12,5.7,6.0,5.3,5.5,6.3,6.2,5.1,2.1,5.7,8.8,5.0,6.3,5.0,4.8,14.4,20.5,-22.2,-23.3,1.9,5.1,9.1,1.4,0.0,9.0,10.1,7.8,10.8,8.6,7.0,2.3,-0.2,7.0,-0.4,,1.6,0.3,1.5,1.6,4.2,0.7,9.1,6.7,7.7,12.2,5.9,3.7,3.0,4.4,8.9,3.7,7.8,10.0,2.9,12.2,12.6,4.4,7.8,1.1,3.8,8.2,10.4,0.0,,4.9,0.6,9.1,5.9,4.6,5.1,15.8,0.2,5.4,0.0,1.6,1.9,,,
1973-01,6.7,6.5,6.2,6.0,6.9,6.9,6.6,7.1,6.7,8.9,7.7,9.6,6.0,7.8,20.8,31.9,-21.9,-23.0,1.2,4.7,12.5,1.5,0.1,9.4,9.9,7.9,10.8,8.6,7.1,2.3,-0.2,7.2,-0.3,,2.4,2.0,0.9,1.6,4.2,0.6,9.6,8.7,10.1,14.1,8.5,7.3,9.6,5.3,9.7,4.1,7.9,10.1,2.9,12.5,12.6,5.0,9.1,1.3,3.8,8.2,10.4,0.0,,5.1,0.8,9.7,4.4,5.4,5.4,16.6,0.2,6.1,0.0,1.6,2.1,,,
1973-02,7.0,7.2,6.7,6.8,7.5,6.6,7.6,4.0,8.7,8.9,6.2,6.2,9.7,10.0,21.8,22.6,-18.5,-19.4,3.7,5.7,12.4,2.0,0.1,10.2,10.6,8.9,10.9,8.7,9.0,2.7,-0.2,7.5,0.8,,3.1,2.8,1.8,3.7,5.5,0.6,9.0,10.8,13.0,18.6,10.8,8.3,10.3,6.5,11.3,5.0,8.5,1.4,2.8,12.5,0.0,4.6,7.2,3.6,0.7,8.2,10.5,0.0,,5.6,0.8,10.0,6.0,5.5,4.9,17.3,-5.2,7.7,0.0,1.6,3.8,,,
1973-03,8.7,8.5,8.4,8.3,8.8,7.9,10.0,9.2,10.3,9.1,9.1,9.4,17.0,12.9,26.2,30.7,-12.5,-13.2,6.6,5.9,15.0,2.1,0.1,11.0,11.5,10.5,11.1,9.0,12.4,3.1,-0.2,8.1,2.1,,4.4,3.5,4.1,7.7,6.3,1.1,8.9,15.6,17.7,21.3,16.2,11.0,13.9,8.5,13.6,6.6,9.9,1.3,2.7,12.7,0.0,5.3,8.3,4.4,1.1,10.8,10.5,12.1,,5.4,0.9,11.0,4.2,5.7,5.3,18.0,-5.3,9.2,0.0,1.6,4.6,,,
1973-04,9.4,9.3,9.4,9.2,9.5,8.7,10.5,9.7,10.6,9.1,10.1,10.1,18.0,11.6,21.6,22.5,-5.8,-6.2,8.0,6.4,17.7,2.3,0.0,12.6,10.6,11.8,9.5,8.5,15.8,3.9,0.0,9.9,4.6,,6.1,5.3,5.0,12.6,7.5,1.9,8.8,19.8,22.6,28.8,20.2,12.0,14.4,10.0,15.8,8.3,11.2,1.3,2.5,12.5,0.0,5.9,9.2,5.1,1.0,12.1,12.1,12.1,,4.9,0.8,10.2,4.2,4.8,5.8,18.4,-5.3,10.5,0.0,1.2,5.6,,,
1973-05,10.8,10.4,10.9,10.5,10.4,9.8,12.4,17.4,11.0,8.8,13.2,14.3,18.6,10.4,27.3,32.4,1.2,1.1,8.8,7.0,18.5,2.7,0.2,13.2,10.7,12.3,9.1,8.5,16.9,4.4,0.0,10.7,5.4,,7.3,6.1,5.8,15.0,9.5,2.2,9.3,25.2,33.2,26.9,35.7,12.3,13.1,11.6,17.3,10.2,12.3,0.7,2.4,1.3,0.0,6.1,8.9,5.6,1.1,12.1,12.1,12.1,,5.2,1.3,11.1,4.1,4.8,6.2,18.7,-5.2,12.6,0.0,1.2,6.0,,,
1973-06,11.0,10.9,11.1,10.9,11.1,10.7,11.8,11.5,11.8,8.3,11.1,9.4,19.3,10.0,18.3,17.7,7.2,7.4,9.4,7.3,21.4,2.7,6.5,14.1,10.9,12.3,9.3,8.1,17.5,4.4,-0.4,10.6,6.1,,8.2,7.0,6.3,16.8,11.2,2.7,8.7,23.1,27.0,29.5,26.0,12.6,14.9,10.5,17.9,10.6,13.8,0.7,2.4,1.1,0.0,6.6,8.9,6.9,1.6,12.3,12.3,12.1,,8.8,1.5,10.2,4.6,13.6,6.3,18.9,-5.2,12.8,0.0,1.2,5.9,,,
1973-07,11.7,11.4,11.9,11.5,11.8,11.2,13.0,15.4,12.8,8.7,10.3,6.1,21.1,10.1,22.8,25.8,17.4,18.0,10.1,7.0,19.9,2.8,6.8,14.5,11.4,12.7,9.9,8.7,17.7,4.7,-0.4,10.8,7.1,,8.8,7.5,7.6,16.8,12.3,2.8,9.2,22.9,25.8,25.5,26.0,13.5,14.2,13.0,18.4,11.6,14.0,0.7,2.8,1.2,0.0,6.6,8.4,7.0,2.0,12.3,12.3,12.1,,11.1,1.8,9.1,16.2,13.5,6.9,19.6,-5.1,14.2,0.0,20.8,6.2,,,
1973-08,11.9,11.8,12.0,11.9,12.2,11.7,12.9,12.6,13.1,9.0,15.4,13.4,22.7,10.8,14.9,11.6,13.1,13.4,10.7,7.4,19.4,3.0,6.8,14.7,11.7,13.4,9.7,8.6,19.3,3.4,-0.4,5.4,8.5,,9.7,7.9,9.5,18.4,14.2,3.0,9.3,24.2,27.1,30.6,25.5,16.1,16.3,15.9,18.2,13.1,14.8,0.9,3.3,1.2,0.0,6.0,7.0,7.0,2.1,12.3,12.3,12.1,,11.9,3.3,10.8,17.4,13.6,7.4,20.4,-5.2,15.4,0.0,20.8,5.1,,,
1973-09,14.2,13.4,14.6,13.8,13.7,13.1,16.9,25.7,14.8,9.4,15.6,12.4,25.5,17.7,40.8,56.5,10.4,10.7,10.5,9.3,21.9,3.0,6.9,15.4,12.7,16.1,9.4,8.6,25.6,3.7,-0.4,5.5,10.1,,11.9,10.7,8.2,22.0,15.9,5.9,9.6,27.0,27.3,34.5,24.4,27.7,33.5,22.9,20.4,15.3,16.2,0.9,3.4,1.1,0.0,6.3,7.0,7.7,2.1,12.5,12.6,12.1,,13.8,4.1,13.9,23.1,13.5,8.0,20.4,-5.2,18.6,0.0,20.5,5.3,,,
1973-10,13.9,13.5,14.2,14.0,13.7,13.1,15.5,19.6,14.4,5.8,17.8,14.5,26.7,12.1,30.9,36.3,8.2,8.5,12.8,11.2,20.9,3.3,9.0,16.6,12.4,16.6,8.9,8.4,27.0,6.0,-0.2,9.8,14.9,,15.1,15.1,10.7,23.6,17.1,9.8,9.6,29.9,31.2,36.1,29.1,31.6,38.9,25.2,22.3,16.9,18.1,-10.5,3.5,1.4,-16.4,6.4,6.4,8.9,2.0,11.8,11.8,12.1,,13.6,4.7,13.4,22.9,13.5,8.2,21.0,-5.3,18.9,0.0,20.5,7.7,,,
1973-11,15.2,14.9,15.9,15.5,15.0,14.1,17.4,21.5,16.4,7.7,21.7,18.7,26.6,8.0,33.8,39.3,4.8,5.1,19.8,13.3,24.8,4.3,10.9,19.9,12.2,17.7,8.0,8.1,29.8,7.7,-0.2,10.8,21.6,,20.8,17.5,9.7,25.6,19.8,33.8,9.9,30.9,32.2,34.2,31.5,32.8,38.3,27.9,24.6,18.1,20.2,-10.4,3.8,2.5,-16.4,8.2,6.2,13.8,1.8,11.8,11.8,12.1,,13.7,5.3,16.3,19.6,13.7,8.6,21.3,-4.9,19.2,0.0,20.5,11.1,,,
1973-12,18.3,17.6,19.1,18.5,17.4,16.1,20.9,26.9,19.3,10.1,26.4,23.8,26.6,13.2,33.2,35.2,18.9,19.9,30.1,18.9,29.6,7.9,10.9,20.8,14.6,23.1,8.1,8.2,41.4,15.2,-0.2,29.0,31.7,,27.0,21.0,14.2,29.3,24.8,51.6,10.1,32.9,33.9,36.1,33.0,35.0,40.3,30.3,29.0,20.1,23.4,-10.1,3.7,7.6,-16.4,11.9,5.8,24.0,1.8,11.8,11.8,12.1,,15.6,7.3,22.9,18.9,14.3,10.6,26.2,-2.3,19.5,0.0,20.5,22.3,,,
1974-01,21.9,21.0,23.1,22.2,20.6,17.9,27.4,35.6,25.4,17.8,28.0,24.1,26.9,31.6,46.9,54.7,24.9,26.1,37.9,26.7,33.4,14.2,11.1,23.7,15.4,25.7,8.2,8.2,47.2,16.7,0.8,27.4,39.7,,35.2,28.1,21.8,34.1,33.6,67.5,9.5,34.0,33.5,37.1,32.2,35.7,36.6,35.0,35.3,22.6,28.5,-9.2,4.3,18.7,-16.4,12.6,5.0,27.2,1.8,13.5,11.8,20.7,,17.3,11.7,24.9,20.0,15.3,12.9,29.6,1.2,22.6,0.0,20.5,24.1,,,
1974-02,24.9,22.8,26.3,24.2,22.9,20.6,31.6,51.1,26.8,19.9,34.3,31.5,26.7,30.9,60.1,88.0,27.5,28.4,36.2,35.3,42.0,17.5,11.8,25.6,15.4,26.8,7.9,7.9,49.6,15.9,0.8,26.1,37.3,,39.4,37.8,29.3,36.8,43.4,53.5,10.6,34.1,31.6,34.2,30.5,37.8,36.3,39.1,38.3,25.5,30.6,2.3,4.4,30.1,-0.8,14.7,8.7,28.4,1.7,13.5,11.7,20.7,,21.7,17.7,33.8,26.8,15.7,15.5,31.6,9.3,24.9,0.0,20.5,21.6,,,
1974-03,22.8,21.7,24.0,22.9,21.8,19.9,27.0,34.4,25.0,19.7,30.5,25.7,19.9,18.2,41.6,53.1,20.0,20.2,31.9,40.2,43.6,18.8,11.8,25.2,14.9,25.7,8.0,7.9,46.5,15.4,0.8,25.6,35.9,,40.3,40.6,28.1,33.3,45.6,53.9,11.4,29.9,27.5,30.8,26.2,36.3,34.8,37.8,37.9,24.9,29.7,2.6,5.1,32.5,-0.8,14.2,8.0,28.2,1.1,10.8,11.7,7.7,,22.1,18.5,32.1,28.1,16.2,16.3,32.8,10.4,25.6,0.0,20.5,20.8,,,
1974-04,23.7,22.0,24.9,23.3,21.9,19.7,28.9,41.9,25.4,19.5,34.9,33.0,19.7,23.0,44.0,56.4,33.7,34.4,30.7,42.4,39.7,19.7,11.9,23.7,14.8,24.8,7.8,7.7,44.2,14.7,0.8,23.9,32.9,,42.1,45.9,30.1,28.9,46.6,52.2,17.3,26.1,24.3,26.7,23.3,33.1,28.9,36.9,37.2,24.6,28.9,2.8,5.2,33.5,-0.8,17.6,7.5,37.5,1.1,16.4,18.7,7.7,,23.7,19.6,29.9,29.0,20.3,16.9,33.0,11.0,27.2,0.0,23.2,25.7,,,
1974-05,22.0,22.2,23.1,23.6,22.2,19.9,24.9,18.5,27.0,19.7,31.1,26.8,20.4,27.7,10.8,1.1,35.9,36.6,30.6,45.1,39.6,21.4,24.1,23.8,14.4,24.9,7.4,7.3,45.1,14.5,0.8,23.3,33.1,,40.1,41.3,29.5,28.1,46.2,51.8,20.4,24.9,23.1,26.1,22.1,32.9,23.7,41.0,36.3,24.2,28.2,2.7,5.4,34.3,-0.8,17.6,8.0,37.2,1.0,16.6,18.9,7.7,,22.5,18.9,23.7,28.5,20.8,18.4,37.4,12.1,26.7,0.0,23.2,25.7,,,
1974-06,22.3,22.3,23.6,23.7,21.5,19.1,25.3,22.5,26.2,19.4,33.2,31.3,19.7,24.3,16.9,9.1,26.8,27.0,31.8,46.6,37.0,22.1,18.1,23.2,14.3,24.9,7.2,7.2,45.0,29.5,23.9,25.0,62.1,,39.3,41.4,29.5,27.1,43.9,50.3,20.5,26.0,26.4,22.1,28.1,32.9,22.3,42.4,35.9,24.0,27.5,2.7,5.4,35.2,-0.8,17.1,7.8,36.1,0.6,16.7,18.9,7.7,,19.5,19.2,29.8,28.1,11.6,18.7,37.2,12.8,27.1,0.0,23.7,38.9,,,
1974-07,23.8,23.1,25.2,24.5,22.2,20.0,28.0,34.1,26.3,19.2,36.5,39.3,18.7,30.3,33.4,38.8,21.4,21.4,33.0,47.9,41.5,22.2,19.0,23.1,14.0,24.9,6.6,7.0,45.2,30.3,23.9,25.1,65.2,,39.3,41.5,29.9,26.5,44.0,49.1,22.8,25.2,25.0,20.9,26.6,31.8,22.5,39.9,35.5,23.9,28.3,3.2,5.1,41.9,-0.8,17.1,7.9,36.0,0.2,16.7,18.9,7.7,,24.3,20.5,32.8,46.4,12.1,19.6,39.9,13.2,27.1,0.0,3.6,39.3,,,
1974-08,23.9,23.0,25.4,24.5,22.0,19.4,29.0,36.5,27.1,19.2,33.6,35.4,18.7,34.2,34.9,41.3,31.8,32.2,36.8,47.7,42.4,22.1,19.0,24.0,14.0,24.7,7.0,7.3,44.2,30.2,23.9,25.0,64.7,,38.9,41.9,28.5,24.8,42.8,50.0,23.7,21.0,18.1,14.9,19.6,27.7,18.8,35.3,35.1,22.6,28.1,3.4,4.9,47.2,-0.8,18.8,12.2,35.5,0.0,16.7,18.9,7.7,,24.5,18.9,30.6,49.1,12.3,20.0,41.3,13.4,26.4,0.0,3.6,39.0,,,
1974-09,22.5,22.2,23.8,23.5,21.2,18.5,26.2,24.7,26.4,18.8,33.3,36.0,16.1,36.0,24.4,23.3,12.8,12.5,38.1,46.4,39.5,22.7,18.9,24.5,13.2,23.1,6.9,7.0,40.5,36.7,23.9,45.0,65.5,,38.5,43.9,30.6,19.4,41.5,46.9,23.9,17.1,14.2,8.5,16.7,20.0,15.4,24.2,31.9,20.8,26.9,4.1,6.6,50.7,-0.8,19.2,13.8,34.7,0.0,16.5,18.7,7.7,,23.1,18.2,29.0,43.0,12.6,19.8,42.5,14.0,22.9,0.0,2.9,44.4,,,
1974-10,24.8,24.7,26.2,26.2,23.9,20.3,29.2,24.9,30.7,39.3,30.2,31.9,14.6,37.3,27.1,29.7,9.3,8.9,38.7,44.9,39.9,24.1,16.6,27.5,13.4,22.6,7.4,7.2,39.0,35.3,23.6,41.4,62.3,,36.3,41.9,28.0,17.8,39.9,42.0,25.4,15.5,12.8,6.7,15.4,17.3,13.9,20.5,29.5,19.3,25.8,30.1,7.6,51.8,37.6,24.3,25.5,34.0,2.6,24.3,18.7,46.2,,24.9,18.1,36.3,43.4,13.7,20.4,43.1,14.3,23.2,0.0,2.9,42.8,,,
1974-11,24.5,24.2,25.8,25.5,23.1,19.6,29.6,29.7,29.6,37.5,29.1,31.1,14.2,42.1,27.3,32.0,22.8,23.0,37.8,44.0,38.7,24.1,14.6,26.4,14.0,21.2,8.9,7.8,35.1,36.3,23.6,48.1,55.1,,29.5,38.4,28.6,16.0,37.1,16.2,25.8,14.1,11.5,7.0,13.4,15.6,13.2,17.8,26.2,18.1,24.8,30.1,7.6,51.4,37.6,25.9,30.1,32.6,2.6,24.4,18.8,46.2,,24.0,17.2,30.6,43.8,14.0,20.3,43.2,14.0,22.5,0.0,2.9,43.5,,,
1974-12,21.0,21.1,21.9,22.0,20.6,17.3,25.3,20.3,26.5,34.7,23.9,24.3,14.1,33.3,15.0,12.3,25.2,25.6,28.8,38.1,34.1,21.4,14.6,25.5,11.7,15.6,9.2,8.1,22.6,27.3,23.6,27.2,42.4,,22.8,33.9,24.4,12.6,31.4,1.7,25.7,11.7,8.9,5.0,10.5,13.3,11.1,15.2,21.1,16.5,22.3,29.7,7.7,44.7,37.6,22.1,31.3,21.9,2.6,24.4,18.8,46.2,,21.3,15.0,19.7,43.2,13.7,18.4,37.9,11.2,22.0,0.0,2.9,30.3,,,
1975-01,16.8,17.8,17.4,18.4,17.1,15.2,18.0,14.1,20.1,25.6,19.7,20.1,13.6,13.0,0.5,-7.6,21.7,22.1,21.8,31.1,27.3,15.9,14.3,22.8,11.1,12.8,9.4,8.3,16.9,24.0,18.5,27.6,34.1,,14.8,25.6,17.4,8.1,22.5,-8.9,26.3,8.7,6.8,3.8,8.1,9.1,8.2,10.0,14.5,13.7,17.7,28.8,7.8,31.3,37.6,21.5,32.8,19.1,2.6,22.4,18.8,35.7,,20.0,11.7,19.1,42.9,12.5,16.3,33.5,7.5,19.9,0.0,2.9,26.8,,,
1975-02,13.6,14.9,13.9,15.4,14.1,12.3,13.8,4.1,17.3,23.3,16.1,17.0,10.7,13.9,-8.6,-18.5,18.8,19.4,20.0,22.1,19.1,13.4,13.7,20.3,10.5,11.0,9.7,8.7,13.1,24.5,18.5,28.7,35.0,,10.4,16.2,9.9,3.7,13.0,-1.8,25.5,7.3,7.7,4.2,9.2,5.8,6.1,5.6,10.1,10.1,15.4,14.1,7.5,19.8,16.0,17.8,27.2,15.1,2.6,22.4,18.8,35.7,,15.4,6.2,9.6,34.5,12.4,14.7,30.8,5.3,17.6,0.0,2.9,27.4,,,
1975-03,13.9,14.7,14.2,15.0,13.8,11.6,15.6,10.3,17.7,23.3,16.1,18.1,11.1,27.5,-4.8,-13.2,29.1,30.3,20.7,17.6,14.1,14.5,13.7,19.3,10.3,10.6,9.6,8.7,12.3,25.3,18.5,30.7,35.5,,8.2,12.8,8.4,2.4,10.3,-3.0,25.6,6.5,7.8,5.3,8.8,4.2,4.2,4.1,7.8,8.4,14.5,13.8,6.6,17.9,16.0,17.7,26.8,15.1,2.6,22.4,18.8,35.7,,14.9,5.2,9.8,33.8,11.9,13.7,28.7,4.4,16.4,0.0,2.9,28.2,,,
1975-04,13.4,14.7,13.6,15.0,14.1,12.7,13.4,0.6,16.8,23.2,13.4,14.1,10.3,20.2,-11.4,-22.7,30.2,31.2,20.5,15.5,13.4,14.8,13.9,19.1,10.4,10.0,10.4,9.3,10.6,25.3,18.5,30.7,35.2,,4.1,4.5,5.5,1.4,8.3,-2.6,18.3,6.1,8.4,4.8,10.0,2.8,4.2,1.5,6.3,6.9,13.0,14.2,8.7,17.6,16.0,14.3,26.8,7.6,2.7,29.7,28.3,35.7,,19.1,4.6,14.3,32.7,20.5,13.7,28.1,7.9,14.4,0.0,1.4,22.3,,,
1975-05,14.0,13.3,14.1,13.5,13.0,11.9,15.6,14.9,14.7,22.6,13.8,15.6,9.6,12.5,13.9,18.3,24.5,25.3,20.6,13.3,13.5,14.0,3.1,18.1,10.8,9.6,11.4,10.0,9.2,24.9,18.5,30.5,34.2,,3.6,4.4,4.6,0.6,7.2,-2.8,16.5,5.6,8.2,4.9,9.3,0.4,4.5,-2.8,5.6,5.9,12.8,14.8,11.3,16.8,16.0,13.9,25.9,7.6,2.7,29.6,28.1,35.7,,18.3,4.2,10.7,33.2,20.2,12.8,25.4,6.9,13.7,0.0,1.4,21.9,,,
1975-06,13.4,12.7,13.4,12.7,13.0,11.7,15.8,15.4,14.7,22.2,15.3,17.7,12.0,15.7,14.6,20.6,20.4,21.2,20.6,11.7,12.8,14.1,3.2,17.6,10.8,9.5,11.5,10.4,8.8,10.3,-3.2,28.2,9.8,,3.2,3.6,3.9,0.4,6.8,-2.9,18.6,5.1,7.5,6.3,7.9,-0.4,4.1,-3.9,5.2,5.4,11.9,16.5,17.4,16.4,16.0,13.7,26.2,6.7,2.7,29.3,27.9,35.7,,17.7,3.8,7.8,33.0,20.5,12.8,26.1,6.2,13.1,0.0,1.0,10.1,,,
1975-07,11.4,11.7,11.4,11.7,11.9,10.4,12.8,3.2,14.7,21.9,12.0,12.6,15.4,10.1,-1.3,-8.2,16.9,17.6,18.8,11.8,10.1,14.4,2.3,17.3,10.9,9.1,11.9,10.4,8.1,10.0,-3.2,27.8,8.5,,2.5,2.9,3.0,-0.1,5.9,-3.1,16.4,5.4,8.5,6.9,9.2,-1.0,3.1,-4.0,4.9,4.8,10.9,16.0,18.0,10.9,16.0,13.5,25.9,6.7,2.7,29.4,28.0,35.7,,11.3,2.3,4.1,4.8,22.3,11.2,22.3,6.4,11.3,0.0,1.0,9.8,,,
1975-08,10.2,10.8,10.0,10.7,11.3,10.1,10.3,-3.2,13.6,21.5,11.0,11.1,15.8,4.7,-3.0,-10.4,-5.0,-5.0,11.8,11.9,9.4,14.4,4.0,16.7,10.5,8.4,11.6,10.0,7.1,10.8,-3.2,27.3,8.7,,1.9,2.2,2.4,-0.3,5.0,-4.0,16.2,5.2,7.9,6.5,8.5,-0.3,3.0,-2.8,4.5,4.2,10.4,15.7,18.2,6.8,16.0,11.9,21.2,6.8,2.8,29.4,28.0,35.7,,10.6,1.9,6.9,1.2,22.0,10.5,20.5,6.4,10.4,0.0,1.0,9.7,,,
1975-09,10.4,11.3,10.3,11.3,11.5,9.7,11.8,1.6,14.5,33.2,8.6,7.9,16.6,-1.2,-6.8,-14.8,20.8,21.5,11.3,11.2,9.0,13.8,6.3,16.2,10.3,8.2,11.5,9.9,6.8,6.7,-3.2,9.5,7.6,,0.8,0.7,0.6,0.1,3.4,-4.5,16.2,5.2,7.9,9.1,7.4,0.1,3.0,-2.4,4.1,3.9,9.9,15.2,16.7,4.4,16.0,11.6,20.4,6.6,2.8,29.4,27.9,35.7,,10.1,1.5,5.0,1.1,21.6,9.9,18.9,6.1,9.9,0.0,1.7,5.4,,,
1975-10,9.7,8.4,9.6,8.3,8.8,8.1,12.6,23.8,9.9,12.7,10.8,12.9,17.2,-0.3,15.7,23.0,35.1,36.5,9.2,10.1,8.3,12.0,7.5,12.1,9.9,8.0,11.0,9.7,6.6,6.0,-3.2,7.5,6.9,,-0.2,-1.1,1.3,-0.3,2.5,-5.0,15.0,5.4,7.2,10.1,6.1,2.1,4.5,-0.1,4.0,4.5,9.0,3.9,15.8,3.1,0.0,6.9,10.3,6.0,0.2,21.2,27.9,0.0,,9.3,0.6,2.7,1.0,21.2,9.2,17.0,6.1,9.5,0.0,1.7,4.4,,,
1975-11,8.3,7.5,8.1,7.3,8.2,7.9,9.9,17.9,8.5,12.0,8.8,10.6,17.7,-1.8,12.5,19.0,13.9,14.6,3.1,8.9,6.9,11.3,8.0,10.0,9.5,7.9,10.4,9.6,6.5,4.0,-3.2,1.5,6.1,,-0.5,-1.6,1.0,-0.6,1.8,-4.8,16.1,5.9,8.4,11.3,7.3,2.4,5.1,-0.1,3.2,4.5,7.9,3.8,15.7,2.3,0.0,4.4,6.9,3.3,0.2,21.2,27.8,0.0,,9.4,0.7,3.1,0.7,21.3,8.6,15.1,5.9,9.6,0.0,1.7,0.8,,,
1975-12,7.8,7.4,7.6,7.2,7.9,8.0,8.2,15.0,7.6,11.9,8.0,10.2,17.7,-4.5,10.0,15.9,2.6,2.7,0.2,7.7,6.1,10.1,8.1,8.7,9.3,7.6,10.2,9.4,6.1,4.5,-3.2,1.4,7.1,,-0.7,-1.9,-0.1,-0.8,1.2,-4.1,16.0,6.2,9.4,12.4,8.3,2.3,4.9,-0.1,3.2,4.1,7.3,3.8,15.7,1.9,0.0,5.8,9.6,3.7,0.2,21.2,27.8,0.0,,9.4,0.4,3.1,1.1,21.5,8.2,14.5,5.8,8.7,0.0,1.7,1.1,,,
1976-01,8.7,8.1,8.7,7.9,8.5,8.7,9.8,16.2,8.2,11.1,9.6,13.1,17.6,-1.3,22.3,35.9,-3.1,-3.3,0.2,6.3,7.3,6.5,13.2,8.5,8.6,7.7,9.5,9.4,5.6,5.9,0.0,2.9,11.3,,-1.1,-1.6,-0.4,-1.7,-1.3,-2.5,14.1,6.0,8.5,12.2,7.4,3.3,6.4,0.1,2.9,5.2,6.1,4.1,13.1,4.2,1.3,6.7,14.9,5.2,0.2,17.7,24.5,0.0,,8.6,-1.0,3.3,1.4,18.9,20.8,14.5,4.8,5.8,49.0,1.0,2.8,13.2,,
1976-02,9.3,8.5,9.3,8.3,8.8,9.1,10.8,19.9,8.5,11.1,8.5,11.7,17.7,0.3,27.2,44.0,2.5,2.5,0.2,6.2,7.9,7.6,13.3,8.8,9.2,8.1,10.0,9.8,6.4,6.0,0.0,2.3,12.3,,-0.8,-1.8,-0.3,-1.4,-1.0,-0.9,13.9,5.6,7.7,12.1,6.4,3.8,7.2,0.2,2.6,5.4,5.7,4.1,13.0,4.1,1.3,8.5,15.2,5.3,7.8,17.7,24.5,0.0,,8.3,-1.0,2.2,1.5,18.8,20.3,14.4,4.1,5.0,49.0,1.0,2.8,13.1,,
1976-03,8.7,8.4,8.6,8.2,8.7,9.4,8.9,12.8,7.9,12.4,9.0,12.6,16.4,-5.5,16.6,25.8,-0.6,-0.7,0.1,6.1,6.4,7.7,13.4,8.9,9.5,8.6,10.0,9.8,7.2,5.8,0.0,1.4,12.9,,-0.7,-1.6,-0.7,-1.0,-1.1,-0.9,13.4,6.5,9.3,11.5,8.7,3.6,6.6,0.4,3.6,5.2,5.9,3.9,12.1,4.3,1.3,8.4,15.3,5.0,7.8,17.9,24.5,1.1,,8.8,-1.2,3.5,2.9,18.5,20.1,14.6,4.3,4.0,49.0,1.0,2.4,13.9,,
1976-04,9.4,8.5,9.3,8.3,8.8,9.2,10.9,20.4,8.3,12.7,8.5,11.7,16.4,-1.6,33.9,54.6,-5.3,-5.5,0.1,5.6,7.0,7.0,13.2,10.2,9.8,9.0,10.3,10.1,7.9,6.3,0.0,1.1,13.3,,0.7,0.6,1.2,0.0,-0.8,-1.2,19.7,6.4,8.3,12.7,7.0,4.4,7.4,1.1,4.0,5.8,6.7,10.5,7.7,3.8,13.0,7.6,14.5,3.8,7.7,17.2,23.7,1.1,,5.2,-1.2,6.3,2.8,8.1,20.3,14.7,4.3,3.9,49.0,13.0,2.2,14.5,,
1976-05,9.2,8.7,9.2,8.7,9.0,9.3,10.3,15.7,9.1,12.9,10.4,15.5,16.0,5.0,18.4,28.0,1.6,1.6,-0.4,5.5,7.5,7.0,12.5,10.7,9.7,9.2,10.2,10.1,8.0,6.7,0.0,0.9,13.5,,0.8,-0.2,2.2,0.8,0.0,-1.2,21.0,7.5,9.5,11.7,8.9,6.4,9.7,2.5,4.5,5.9,6.7,10.2,6.5,3.6,12.7,7.8,14.9,4.0,7.7,17.7,24.4,1.1,,5.0,-1.0,4.3,2.8,8.2,20.9,14.4,2.9,4.1,49.0,136.7,2.1,15.2,,
1976-06,9.6,8.8,9.5,8.6,9.4,10.0,10.3,17.9,8.6,12.9,9.5,15.3,13.6,4.7,17.7,28.7,10.3,10.6,-0.5,5.3,7.2,6.8,10.8,10.5,10.0,9.2,10.5,10.2,8.2,7.1,0.0,1.6,14.2,,1.0,-0.1,3.7,0.7,0.4,-0.6,19.3,9.3,12.7,12.4,12.8,7.5,11.6,2.8,4.8,5.9,7.0,9.4,4.0,2.4,12.7,7.8,14.7,4.0,7.7,17.8,24.6,1.1,,6.0,-1.1,5.7,2.8,9.8,20.9,14.7,3.0,3.7,49.0,136.7,2.4,15.2,,
1976-07,9.9,8.9,9.9,8.9,9.2,9.8,10.5,21.0,7.9,13.0,11.9,18.5,10.0,6.6,12.1,19.3,25.0,25.8,-0.5,4.1,6.2,7.2,10.6,10.6,10.0,9.6,10.3,10.3,8.9,10.4,5.2,5.1,13.3,,1.3,-0.3,4.7,1.2,0.7,0.9,18.4,9.2,12.4,13.0,12.4,7.5,11.2,3.2,5.2,6.0,7.1,9.0,3.4,2.2,12.5,9.1,14.4,7.0,7.7,17.8,24.6,1.1,,5.4,-1.0,6.5,2.9,8.1,21.3,15.7,4.0,3.5,49.0,136.4,7.3,15.2,,
1976-08,9.4,9.2,9.2,9.2,9.1,9.8,8.9,13.4,7.6,13.1,11.1,16.6,8.3,6.5,8.6,12.6,9.3,9.5,1.4,4.0,5.0,7.1,8.7,10.3,10.2,10.0,10.3,10.2,9.7,11.6,8.7,7.2,11.6,,1.9,0.1,5.5,1.9,1.2,1.5,17.7,8.8,11.5,13.3,10.9,7.2,10.3,3.8,5.2,6.3,7.4,9.2,3.2,2.2,12.9,9.2,13.9,7.2,7.6,17.8,24.6,1.1,,5.4,-0.7,3.5,4.6,8.6,21.5,15.8,4.8,3.9,49.0,136.4,9.1,15.2,,
1976-09,9.8,9.0,9.7,9.0,8.9,9.9,9.1,17.8,6.8,10.8,14.1,20.7,6.4,4.1,15.4,22.8,8.1,8.3,0.0,3.7,5.1,7.3,6.6,9.9,10.4,10.0,10.5,10.3,9.7,14.6,19.1,7.6,10.5,,4.6,4.7,5.8,5.4,2.2,2.8,18.4,9.3,11.2,12.1,11.0,8.5,11.2,5.3,7.0,7.7,7.7,9.2,3.0,2.1,12.8,9.0,13.6,7.2,7.6,18.0,24.9,1.1,,6.2,-0.7,6.9,4.9,8.7,21.9,16.4,5.1,4.8,49.0,139.8,12.5,15.4,,
1976-10,8.7,9.0,8.6,9.0,8.8,9.9,6.1,5.3,6.5,10.7,15.1,21.7,4.3,4.4,0.2,-2.0,-3.6,-3.8,-1.2,3.6,5.1,6.9,5.7,9.9,10.4,10.2,10.5,10.3,10.0,15.6,19.1,11.7,9.0,,3.1,-0.1,6.9,6.0,2.9,4.5,18.5,9.7,12.2,12.4,12.2,8.9,11.4,5.9,7.6,5.7,8.3,9.3,3.3,2.1,12.8,9.2,14.0,7.2,7.6,18.3,25.3,1.1,,5.6,-0.4,5.3,4.7,8.1,21.5,16.0,3.8,4.2,49.0,139.9,13.5,15.6,,
1976-11,9.2,9.3,9.1,9.2,9.1,10.6,6.5,7.5,6.2,10.9,14.7,20.5,2.4,2.5,-6.1,-12.3,16.3,16.6,-1.7,4.0,4.8,6.7,5.5,9.7,10.3,10.2,10.5,10.4,10.0,15.0,19.1,11.4,7.9,,3.8,0.3,7.5,6.4,3.6,5.7,17.7,10.0,12.2,13.1,12.0,8.9,11.3,6.1,8.4,5.7,8.6,9.3,3.7,2.1,12.7,13.6,33.1,5.5,7.7,18.3,25.3,1.1,,6.0,-0.5,7.1,5.0,7.9,21.6,15.8,5.3,4.0,49.0,139.9,13.3,15.8,,
1976-12,10.5,10.6,10.4,10.6,10.3,12.1,7.3,10.9,6.4,10.9,12.0,14.5,0.8,7.0,-3.2,-8.8,30.4,31.3,0.1,4.4,4.4,6.7,5.4,9.6,10.7,10.7,10.9,10.9,10.3,14.6,19.1,11.4,6.7,,4.1,0.5,7.7,7.6,4.0,6.3,17.5,9.8,11.5,11.9,11.4,9.4,12.0,6.5,8.8,5.8,8.9,9.5,4.2,2.4,12.7,21.6,27.9,4.9,51.4,18.3,25.3,1.1,,7.0,-0.3,12.9,5.3,7.4,21.7,15.7,5.3,4.3,49.0,139.9,12.7,15.8,,
1977-01,9.4,9.4,9.2,9.2,9.1,10.3,7.3,11.0,6.3,11.3,11.8,13.4,0.1,9.0,-4.6,-9.9,41.1,42.5,0.6,4.3,4.4,6.5,0.3,8.7,10.6,10.5,10.9,11.1,9.9,14.0,19.1,11.3,5.6,,4.4,0.6,7.9,8.2,4.3,6.8,16.8,8.9,10.2,12.4,9.6,8.9,10.8,6.7,8.5,6.1,8.7,9.3,5.5,2.8,11.9,19.5,22.7,4.0,51.4,18.2,25.3,1.8,11.6,6.5,-0.1,11.7,4.1,7.4,6.9,15.0,8.0,4.1,0.0,139.9,11.9,15.6,,
1977-02,9.3,8.9,9.2,8.8,8.7,9.9,7.4,13.4,5.5,11.3,13.9,17.0,-0.7,7.4,0.2,-2.6,33.2,34.1,0.6,4.2,3.5,5.2,0.2,8.5,10.2,10.1,10.3,10.8,9.3,15.2,19.1,14.9,5.6,,4.4,0.4,7.6,7.8,4.4,7.0,16.8,8.1,8.8,13.4,7.4,7.6,8.3,6.8,8.6,6.3,8.5,9.7,6.5,3.4,12.1,17.9,22.1,3.5,43.3,18.2,25.3,1.8,11.6,6.6,0.2,11.6,4.3,7.4,6.9,14.7,8.2,4.3,0.0,139.9,12.9,15.7,,
1977-03,9.5,8.8,9.4,8.7,8.6,9.7,8.3,16.8,5.8,9.8,15.2,18.8,-1.1,11.1,7.3,7.7,26.1,26.7,0.6,4.2,3.1,5.5,0.1,8.5,10.0,9.6,10.3,10.6,8.6,15.1,19.1,14.7,5.4,,4.5,0.5,7.9,8.1,5.0,6.9,16.7,8.4,9.4,13.2,8.3,8.1,9.3,7.0,8.5,6.8,8.5,10.1,7.5,4.5,12.1,17.9,22.3,3.7,43.3,18.0,25.3,0.7,11.3,5.7,0.2,8.4,2.6,7.6,6.9,14.2,7.9,5.0,0.0,139.9,12.7,14.8,,
1977-04,8.8,8.6,8.6,8.5,8.4,9.6,6.5,10.5,5.2,9.3,18.6,22.4,-1.6,2.9,-5.7,-11.4,31.3,32.0,1.4,4.1,3.7,6.1,0.1,7.5,9.8,9.4,10.0,10.4,8.3,15.0,19.6,15.7,5.3,,3.3,-2.2,6.9,9.4,5.4,6.7,11.7,8.8,9.7,11.2,9.2,9.5,11.2,7.4,8.3,7.1,7.9,3.9,8.2,5.8,2.1,21.6,20.6,4.2,61.1,13.4,16.8,0.7,14.5,5.1,0.4,2.7,3.1,8.2,7.5,13.4,11.8,5.3,0.0,122.6,13.3,11.5,,
1977-05,9.4,8.9,9.3,8.7,8.7,10.0,7.5,14.5,5.5,9.1,20.1,21.2,-1.9,2.4,0.6,-2.9,30.4,30.9,1.7,4.2,3.6,6.1,0.1,7.4,9.7,9.4,10.0,10.4,8.2,14.5,19.6,15.8,5.5,,4.9,2.1,6.6,8.8,5.5,6.5,9.9,7.3,7.0,11.6,5.8,7.7,8.2,7.0,8.2,7.2,7.8,3.9,8.6,6.3,2.0,22.0,22.5,3.9,61.1,13.3,16.7,0.7,14.5,8.3,0.5,6.9,3.1,13.9,6.4,12.6,11.8,5.3,0.0,6.3,13.5,11.1,,
1977-06,8.6,8.6,8.5,8.6,8.2,9.0,6.8,9.6,6.0,9.2,24.1,24.3,-1.1,2.1,0.6,-3.9,7.1,6.9,0.5,4.4,4.2,8.1,0.3,7.3,9.2,9.1,9.5,10.2,7.9,13.7,19.6,14.3,4.7,,4.8,2.1,5.6,9.4,5.8,5.8,10.2,5.3,3.7,10.6,1.9,6.2,5.1,7.5,8.3,7.2,7.9,4.1,8.9,7.0,2.0,22.3,23.6,3.9,61.1,13.3,16.6,0.7,14.5,7.0,0.5,5.3,3.2,11.8,6.3,12.1,11.6,5.3,0.0,6.3,13.0,11.1,,
1977-07,7.7,8.3,7.7,8.1,8.3,9.0,5.4,2.1,6.2,9.2,22.3,20.0,-0.8,0.7,-1.0,-7.4,-9.8,-10.4,0.4,4.5,4.8,8.8,2.1,7.3,9.0,8.7,9.4,10.1,7.3,9.9,13.7,10.6,2.0,,4.6,2.1,4.9,9.1,6.1,4.8,10.7,5.2,3.5,9.0,2.0,5.7,4.5,7.3,8.2,6.9,7.7,4.0,8.5,7.3,1.9,20.6,23.6,0.8,61.1,13.3,16.6,0.7,14.4,7.5,0.5,7.2,3.4,11.6,5.8,11.0,10.2,5.5,0.0,6.3,7.5,11.1,,
1977-08,8.6,8.1,8.5,7.9,8.3,9.1,8.1,14.6,6.5,9.0,24.3,23.4,-0.8,1.3,9.4,9.9,7.3,7.0,0.4,4.2,5.6,9.4,2.9,7.1,9.2,8.6,9.7,10.2,7.0,7.7,10.0,8.5,1.4,,4.2,1.8,3.7,8.1,6.0,4.4,10.8,4.7,3.1,8.3,1.5,4.9,3.2,6.9,7.9,6.2,7.3,3.6,8.1,7.5,1.5,20.5,23.8,0.7,61.1,13.3,16.6,0.7,14.4,7.3,0.4,8.9,1.7,11.3,5.7,10.8,10.2,5.3,0.0,6.3,5.6,11.1,,
1977-09,7.7,7.6,7.6,7.4,7.9,8.6,6.9,8.8,6.4,6.9,21.7,19.1,0.0,3.1,4.6,2.7,2.0,1.6,1.0,4.1,5.4,10.4,3.2,6.7,8.7,8.3,9.3,9.9,6.6,3.6,0.4,8.1,0.8,,3.4,1.6,2.5,5.0,5.6,2.9,10.1,5.2,5.0,6.1,4.7,4.6,4.6,4.7,6.8,5.9,6.7,3.5,7.6,7.7,1.4,20.5,23.2,0.7,61.1,13.1,16.4,0.7,14.4,6.3,0.4,4.4,1.4,11.2,5.4,10.2,9.8,4.7,0.0,4.8,2.2,10.9,,
1977-10,7.6,7.6,7.5,7.3,7.9,8.5,7.0,9.1,6.3,6.8,20.7,17.6,0.9,3.1,-1.1,-6.1,16.1,16.2,1.2,3.9,5.7,11.1,3.3,6.5,9.2,8.3,9.8,10.2,6.1,2.2,0.4,3.8,0.5,,3.2,2.2,1.8,4.9,5.3,1.3,9.6,4.6,4.0,5.4,3.6,3.9,4.5,3.2,6.6,5.3,6.2,3.3,7.2,7.8,1.3,20.1,22.4,0.7,61.1,12.9,16.0,0.7,14.4,5.8,0.3,2.6,1.4,10.9,5.3,9.9,9.7,4.8,0.0,4.7,1.0,10.8,,
1977-11,6.5,7.0,6.2,6.9,7.3,7.6,5.4,1.6,6.6,6.8,16.8,11.8,1.4,3.4,-3.9,-11.8,0.7,0.4,1.8,3.7,6.0,11.4,3.2,6.5,8.9,8.0,9.5,9.8,6.2,2.2,0.4,3.9,0.5,,3.0,2.4,1.3,4.6,5.2,0.4,9.5,4.1,3.6,4.2,3.4,3.6,4.4,2.6,6.4,5.1,5.5,3.3,6.7,7.9,1.4,14.5,4.5,0.7,60.9,12.9,16.0,0.7,14.4,5.5,0.2,1.0,1.5,10.8,5.0,9.7,8.2,4.8,0.0,4.7,0.9,10.6,,
1977-12,5.0,5.7,4.8,5.3,6.1,5.8,4.4,-3.2,6.4,7.2,15.1,9.7,1.8,1.8,-1.8,-8.6,-14.9,-15.8,1.2,3.3,6.1,11.4,3.3,6.3,8.4,7.6,8.9,9.1,6.0,2.0,0.4,3.9,0.0,,2.7,2.4,0.8,3.8,4.9,-0.4,9.5,3.6,3.1,5.4,2.5,2.9,3.3,2.5,5.7,4.8,4.8,3.2,6.2,7.6,1.4,5.5,4.8,0.5,14.4,12.9,16.0,0.7,14.4,4.9,0.0,-0.7,1.1,10.7,4.7,8.6,8.1,4.6,0.0,4.7,0.6,10.5,,
1978-01,4.5,5.4,4.3,5.3,5.8,5.7,3.4,-5.9,5.9,7.1,16.3,12.0,1.8,-0.9,-4.0,-10.8,-22.7,-23.7,1.0,3.1,5.2,11.6,3.3,5.8,8.0,7.2,8.4,8.8,5.5,2.1,0.4,4.2,-1.0,,2.7,2.7,0.2,3.2,5.3,-0.7,9.8,3.7,3.3,5.4,2.7,2.8,3.1,2.2,5.5,4.7,4.6,4.4,5.2,6.6,3.8,5.2,4.6,-0.2,14.4,12.5,16.0,0.0,11.8,4.6,-0.2,-2.3,1.3,10.7,4.0,8.3,5.2,4.4,0.0,4.7,0.4,10.1,,
1978-02,4.5,5.6,4.2,5.3,6.0,6.1,2.8,-6.6,5.7,7.3,15.5,10.2,1.6,-6.2,-6.3,-13.3,-18.3,-19.2,1.1,3.1,5.3,11.2,3.3,5.6,8.4,7.1,9.1,8.7,5.3,0.9,0.4,0.9,-2.4,,2.7,2.7,0.0,3.9,5.3,-0.6,9.7,3.4,3.1,4.6,2.7,2.5,2.8,2.1,5.2,4.2,4.5,11.2,4.1,5.9,14.6,4.5,4.6,-0.5,12.4,13.2,16.0,4.0,11.8,5.8,-0.3,3.3,1.7,10.6,4.1,8.2,5.2,4.6,0.0,4.7,-1.0,10.5,,
1978-03,4.8,5.7,4.5,5.3,6.0,6.4,3.2,-2.5,4.9,7.4,15.3,9.0,1.2,-11.6,-3.3,-8.6,-9.1,-9.5,1.2,2.6,5.4,9.8,3.3,5.1,8.2,7.0,8.9,8.7,5.1,0.8,0.4,1.0,-2.8,,2.5,2.2,0.2,3.8,5.0,-0.5,9.8,3.2,2.4,4.9,1.6,2.7,3.3,1.9,5.1,4.2,4.2,11.0,3.2,4.9,14.8,4.3,4.6,-1.4,12.4,13.2,16.0,4.0,12.1,7.4,-0.4,7.5,4.7,10.6,3.9,7.9,5.1,4.1,0.0,4.7,-1.6,10.6,,
1978-04,4.2,5.0,3.9,4.5,5.3,5.3,3.4,-2.5,5.3,7.4,11.0,3.8,1.0,-3.3,-1.8,-6.1,-5.9,-6.3,0.4,2.5,5.2,8.9,3.3,4.9,8.3,6.7,9.1,8.6,4.4,0.4,0.0,0.3,-3.1,,2.8,3.6,0.2,1.8,4.5,-0.6,8.6,3.1,2.7,5.5,2.0,2.2,2.8,1.7,4.9,4.6,3.8,10.2,2.4,3.4,14.2,0.4,4.6,-2.3,0.1,12.0,14.8,4.0,7.4,5.7,-0.7,4.4,4.5,8.9,3.0,7.6,1.3,3.9,0.0,1.5,-2.4,9.3,,
1978-05,3.9,4.7,3.5,4.3,5.1,5.2,3.2,-3.3,5.0,7.5,7.3,0.5,0.7,-2.9,-0.3,-3.8,-7.4,-7.7,0.3,2.2,4.7,8.6,9.3,4.4,8.0,6.5,8.9,8.3,4.5,0.4,0.0,0.2,-3.4,,1.6,1.3,0.0,1.5,4.1,-0.8,8.1,4.2,5.2,4.8,5.3,2.3,3.0,1.6,4.4,4.2,3.5,10.1,2.0,3.0,14.2,-0.5,2.6,-3.0,0.1,12.0,14.6,4.0,8.1,3.9,-0.6,7.7,4.3,3.3,2.9,7.4,1.4,3.7,0.0,1.5,-2.9,9.2,,
1978-06,3.9,4.3,3.5,4.0,4.9,5.1,3.2,-1.8,4.7,7.4,5.4,0.1,-0.3,-3.0,-3.0,-8.5,2.3,2.3,0.7,2.1,4.2,6.4,9.1,4.6,8.2,6.5,9.1,8.2,4.5,0.6,0.0,0.7,-3.6,,1.6,1.6,-0.1,1.0,3.6,-0.8,7.9,4.2,5.5,6.1,5.4,1.7,2.0,1.4,4.1,3.9,3.0,10.0,1.9,2.5,14.2,-0.9,1.9,-3.5,0.1,11.9,14.5,4.0,8.1,3.4,-0.6,3.7,5.7,3.2,2.6,6.2,1.4,3.6,0.0,1.5,-3.3,9.2,,
1978-07,4.6,4.3,4.1,3.9,4.8,5.3,4.8,7.2,4.2,7.2,5.4,0.9,-1.2,-2.4,15.2,23.1,2.5,2.5,0.7,2.0,2.6,4.9,7.1,4.4,8.0,6.3,8.9,7.8,4.4,0.4,0.0,0.4,-3.7,,1.6,1.6,-0.2,1.0,3.3,-0.7,7.8,4.1,5.7,6.1,5.5,1.6,1.7,1.4,4.0,3.9,2.9,9.9,1.9,2.0,14.2,0.2,6.5,-4.3,0.1,11.9,14.5,4.0,8.1,3.5,2.0,2.4,5.7,3.3,2.8,6.2,2.7,3.6,0.0,1.5,-3.7,9.2,,
1978-08,4.6,4.2,4.2,3.9,4.6,5.1,5.1,9.1,3.8,7.3,6.1,1.6,-1.1,-0.7,13.1,18.3,10.9,11.3,0.8,1.9,2.8,1.0,6.3,4.4,7.7,6.0,8.5,7.6,4.2,0.5,0.0,0.3,-3.6,,1.8,2.0,0.5,1.5,3.3,-0.8,7.4,3.6,4.7,6.1,4.1,1.5,1.4,1.5,4.2,3.4,2.8,10.0,2.0,1.9,14.2,-0.1,6.5,-4.7,0.1,12.0,14.6,4.0,8.1,3.7,2.0,4.5,5.7,3.0,2.4,5.6,1.8,3.0,0.0,1.5,-4.0,9.2,,
1978-09,4.1,3.8,3.7,3.4,4.3,5.2,3.6,6.9,2.7,2.2,3.8,-1.3,-1.3,-1.9,10.3,13.7,11.7,12.1,0.4,1.5,2.6,-0.6,6.0,4.1,7.8,6.2,8.7,8.2,4.0,0.4,0.0,0.3,-4.5,,1.9,2.0,1.2,1.6,3.5,-0.9,7.4,3.3,3.2,5.9,2.4,3.3,4.8,1.6,3.5,3.7,2.7,10.0,2.2,1.5,14.3,-0.2,6.5,-5.1,0.1,12.0,14.5,4.0,8.1,4.1,2.0,6.6,5.7,2.9,2.3,5.4,1.8,3.0,0.0,1.4,-4.4,9.1,,
1978-10,3.7,3.4,3.3,3.0,4.2,5.2,3.2,6.6,2.3,1.3,2.6,-2.9,-1.5,-3.0,12.2,17.1,9.1,9.4,0.3,1.6,2.1,-1.5,5.9,3.7,7.5,6.2,8.3,8.1,4.1,-3.9,-7.7,-2.6,-6.4,,1.4,1.1,0.5,1.4,3.3,-0.9,7.3,3.2,3.1,6.2,2.2,3.2,4.8,1.4,2.8,3.3,2.3,10.0,2.4,1.3,14.3,0.6,9.4,-5.6,0.1,12.0,14.5,4.0,8.2,4.2,1.8,4.3,8.4,3.0,2.4,5.4,1.8,3.1,0.0,1.4,-8.2,9.1,,
1978-11,3.8,3.3,3.4,2.9,4.1,5.2,3.3,7.7,2.0,0.9,1.9,-3.8,-1.4,-1.5,16.0,25.5,10.0,10.4,0.2,1.1,1.3,-1.9,5.9,3.3,7.4,6.1,8.2,7.9,3.9,-4.2,-7.7,-2.9,-8.3,,1.1,0.7,0.1,1.0,3.2,-1.0,7.1,3.4,3.5,7.6,2.3,3.4,4.7,1.6,2.5,3.0,2.4,10.0,2.7,1.2,14.2,0.5,9.4,-5.6,0.1,12.0,14.5,4.0,8.2,4.7,1.5,6.3,9.8,2.9,2.4,5.6,1.7,3.2,0.0,1.4,-8.7,9.0,,
1978-12,3.9,3.4,3.5,3.0,4.2,5.5,3.4,10.0,1.8,0.5,3.6,-0.3,-1.3,0.0,10.2,15.4,21.6,22.6,-0.1,1.0,1.2,-2.1,5.8,3.2,7.4,6.0,8.2,7.8,4.0,-3.6,-7.7,-3.0,-8.7,,0.9,0.4,0.3,0.4,3.2,-0.9,7.1,3.8,4.3,8.5,3.1,3.5,4.8,1.6,2.5,3.0,2.5,9.9,2.9,0.9,14.2,0.5,9.0,-5.5,0.1,12.3,14.5,5.7,8.2,4.5,1.7,4.7,10.2,2.9,2.4,5.4,1.7,3.2,0.0,1.4,-8.8,9.2,,
1979-01,3.6,3.3,3.2,2.8,4.1,5.2,2.7,6.8,1.8,0.3,2.8,-1.2,-1.5,-1.1,3.0,2.1,26.7,27.9,-0.3,0.9,1.6,-2.5,5.8,3.0,7.4,6.1,8.2,7.7,4.3,-3.6,-7.7,-3.3,-8.1,,0.8,0.3,0.3,1.0,2.6,-1.0,6.7,4.0,4.7,9.0,3.3,3.6,5.2,1.8,2.3,2.4,2.5,8.2,2.8,0.6,11.6,1.1,10.7,-5.2,0.1,12.2,14.5,5.7,8.4,4.2,1.6,2.5,10.3,2.9,2.3,5.1,1.7,3.0,0.0,1.4,-8.7,9.4,,
1979-02,2.8,2.9,2.4,2.5,3.6,4.6,1.6,1.0,1.7,1.6,2.9,-0.6,-1.6,-1.2,-5.6,-11.7,19.2,20.0,-0.7,0.6,1.8,-2.5,5.9,2.9,6.8,6.1,7.3,7.3,4.6,-3.7,-7.7,-3.3,-6.9,,1.0,0.5,1.2,0.7,2.4,-0.9,6.5,3.7,3.9,10.2,1.9,4.0,5.8,2.1,2.2,2.4,2.3,1.2,3.2,0.2,0.8,1.2,10.7,-5.1,0.1,11.5,14.5,1.6,8.4,3.0,1.3,-2.2,9.7,2.9,2.2,5.2,1.8,2.7,0.0,1.4,-8.3,8.9,,
1979-03,2.7,2.9,2.3,2.6,3.5,4.6,1.3,0.4,1.7,1.7,2.2,-0.4,-1.6,-0.4,-1.9,-5.2,7.8,8.1,-0.8,0.5,1.7,-2.7,5.9,3.0,6.6,5.9,7.0,6.8,4.7,-3.6,-7.7,-3.4,-6.5,,1.0,0.6,1.0,1.1,2.2,-0.9,6.6,4.0,5.1,10.2,3.4,3.6,5.0,1.9,1.5,2.3,2.4,1.1,3.4,-0.1,0.7,1.8,10.5,-3.2,0.1,11.5,14.5,1.6,8.4,2.9,1.5,-0.2,6.6,2.9,2.4,5.1,1.7,3.4,0.0,1.4,-7.2,8.9,,
1979-04,2.9,3.0,2.6,2.7,3.3,4.2,1.7,2.3,1.6,1.7,5.1,4.8,-1.7,-0.3,1.0,-0.3,1.7,1.7,-0.7,0.5,1.3,-2.8,5.9,2.9,5.9,5.5,6.3,6.1,4.9,0.1,0.0,-0.9,-6.0,,1.0,0.7,0.9,1.6,2.3,-0.9,5.1,3.4,3.9,10.4,1.8,3.3,4.5,1.9,1.4,2.6,2.4,1.7,3.7,0.2,1.4,3.6,10.7,0.8,0.1,8.3,9.6,1.6,9.3,3.2,1.5,-0.5,6.5,3.5,2.3,5.0,1.7,3.4,0.0,0.1,-1.2,6.7,,
1979-05,3.2,3.1,3.1,2.9,3.3,4.2,1.9,4.6,1.2,1.6,6.6,7.9,-1.5,0.6,-0.2,-2.0,7.6,7.8,-0.9,0.4,1.4,-2.9,0.1,2.8,5.8,5.5,6.0,5.7,5.2,0.2,0.0,-0.7,-5.2,,0.9,0.1,0.6,2.2,2.5,-0.8,4.9,4.7,6.5,10.6,5.3,3.7,5.4,1.6,2.0,2.8,2.4,1.8,3.9,0.2,1.5,4.2,10.7,2.3,0.1,8.4,9.7,1.6,8.8,3.9,1.4,1.6,6.7,4.3,2.3,4.9,1.6,3.7,0.0,0.2,-0.1,6.9,,
1979-06,3.8,3.6,3.8,3.5,3.4,4.4,2.3,6.4,1.1,1.6,5.7,6.9,-0.6,1.3,4.3,5.3,6.7,6.8,-1.1,0.3,1.4,-2.8,0.1,2.8,5.1,5.2,5.1,5.0,5.5,2.8,0.0,-0.6,16.5,,0.9,0.0,0.6,2.7,2.4,-0.4,4.9,5.5,8.2,11.2,7.3,3.2,4.8,1.4,2.1,2.9,2.9,1.8,4.0,0.3,1.5,8.1,14.7,8.7,0.1,8.4,9.8,1.6,8.8,3.2,1.3,2.5,4.8,3.5,2.5,5.0,1.6,4.4,0.0,0.2,6.6,6.9,,
1979-07,4.3,3.6,4.2,3.6,3.3,4.2,3.5,12.4,1.1,1.6,4.3,5.6,-0.2,0.5,15.2,23.6,9.9,10.2,-0.9,0.2,1.7,-2.7,0.1,2.8,5.2,5.8,4.7,4.9,6.9,3.8,0.0,-0.3,24.5,,1.4,0.5,0.9,3.4,2.7,-0.1,4.5,5.5,7.8,11.1,6.8,3.4,5.1,1.3,2.5,3.2,3.4,1.8,4.0,0.4,1.5,7.4,9.7,11.1,0.1,8.4,9.8,1.6,8.8,2.8,-1.3,3.2,4.8,2.9,2.5,5.4,0.3,5.1,0.0,0.2,8.9,6.8,,
1979-08,3.1,3.7,3.1,3.5,3.2,4.0,0.3,-2.6,1.3,1.6,2.0,2.5,-0.3,0.0,-6.7,-12.1,1.5,1.4,-0.9,0.0,0.6,0.3,0.1,2.8,5.0,5.8,4.4,4.7,7.0,5.4,0.0,0.9,35.3,,1.4,0.6,1.4,2.9,2.5,0.4,4.7,4.9,6.7,10.8,5.4,2.3,3.2,1.2,3.3,3.7,3.5,1.8,3.9,0.4,1.5,8.6,10.2,13.4,0.1,8.3,9.8,1.6,8.2,2.7,-1.3,-2.1,5.0,4.8,2.9,5.7,0.4,6.6,0.0,0.2,12.0,6.8,,
1979-09,3.2,4.1,3.1,4.0,3.4,4.2,-0.1,-4.9,1.3,1.6,1.6,1.9,-0.4,2.7,-6.9,-12.1,-5.3,-5.6,-0.5,0.2,1.0,0.8,0.1,2.8,5.2,6.1,4.6,4.3,8.0,7.3,0.0,3.5,43.8,,2.2,2.4,1.8,1.8,2.9,1.1,4.5,5.3,6.5,9.5,5.7,3.5,5.0,1.4,5.1,3.2,3.8,1.8,3.7,0.6,1.4,9.0,10.7,14.3,0.1,8.4,9.8,1.6,8.9,2.8,-1.4,0.5,4.6,4.2,3.2,6.0,0.3,8.4,0.0,0.3,14.5,7.0,,
1979-10,4.2,4.3,4.2,4.3,3.3,4.3,1.8,3.5,1.3,1.6,3.8,6.3,-0.6,1.6,7.6,10.3,-7.1,-7.3,-0.3,0.3,0.4,0.9,0.1,2.9,5.1,6.0,4.3,3.9,8.8,14.0,8.3,9.9,52.1,,2.6,2.3,2.1,1.9,3.9,2.3,4.4,5.9,7.6,9.4,7.0,3.9,5.6,1.8,6.1,1.6,4.1,1.7,3.5,0.7,1.4,8.5,7.9,15.5,0.1,8.4,9.8,1.6,8.8,3.1,-1.3,4.3,2.3,4.1,3.6,6.3,0.3,9.7,0.0,0.3,21.5,7.0,,
1979-11,5.0,4.5,4.9,4.5,3.6,4.4,3.4,10.3,1.5,1.7,5.2,9.2,-0.3,5.3,17.9,28.4,-6.9,-7.2,0.0,0.4,0.8,0.9,0.2,3.1,5.2,6.3,4.3,3.8,9.4,15.0,8.3,11.5,57.5,,3.0,2.4,2.6,2.2,4.3,3.2,4.6,5.2,6.2,8.5,5.6,3.4,4.8,1.8,6.8,2.2,4.4,1.7,3.4,0.7,1.4,9.0,8.7,15.9,0.1,8.4,9.8,1.6,8.8,3.3,-0.7,3.3,1.0,5.3,3.9,6.7,0.3,10.9,0.0,0.3,22.9,7.2,,
1979-12,5.6,4.9,5.8,4.9,3.6,4.3,4.8,16.3,1.8,1.7,5.4,10.1,-0.3,7.0,33.4,56.6,-12.8,-13.3,0.4,0.7,1.0,0.9,0.2,3.2,5.2,6.5,4.1,3.8,9.9,17.2,8.3,13.4,77.2,,3.5,2.8,2.6,2.9,4.8,4.3,4.6,5.3,5.9,7.5,5.4,3.6,5.3,1.6,7.2,2.4,5.1,1.7,3.3,0.8,1.4,10.0,9.1,18.3,0.1,8.1,9.8,0.0,8.8,3.0,-0.6,3.8,0.8,4.5,4.6,7.2,0.4,13.7,0.0,0.3,27.4,7.1,,
1980-01,6.4,5.3,6.6,5.4,3.8,4.7,6.1,22.1,1.4,2.1,5.1,9.8,0.0,4.3,46.0,77.1,-14.1,-14.7,0.4,1.1,1.0,1.1,0.3,3.9,5.5,6.7,4.3,3.8,10.3,18.1,8.3,15.6,79.1,,3.8,2.6,3.5,3.1,5.3,5.2,5.0,4.9,5.2,6.5,4.8,3.5,4.7,1.8,7.6,2.5,5.0,1.8,3.4,0.9,1.5,9.7,7.2,18.7,0.1,8.1,9.8,0.0,8.6,5.2,-0.2,7.5,0.9,7.7,5.1,7.8,0.4,15.4,0.0,0.3,28.6,7.0,,
1980-02,7.7,5.8,8.0,6.0,4.1,4.9,8.5,31.1,1.8,2.5,5.5,10.8,0.8,6.6,62.9,107.1,-9.3,-9.7,1.5,1.8,1.4,1.3,0.4,4.2,5.5,6.9,4.4,3.8,10.8,22.2,10.1,19.3,96.2,,4.3,2.6,3.7,4.1,5.7,7.3,5.1,4.4,3.8,5.4,3.2,3.2,4.3,1.9,8.3,2.6,5.8,1.8,3.2,1.2,1.5,10.8,7.2,21.7,0.1,8.1,9.8,0.0,8.6,5.6,-0.2,11.5,0.9,6.7,7.0,8.2,0.3,24.4,0.0,0.3,34.2,7.1,,
1980-03,7.7,6.2,8.0,6.3,4.6,5.0,8.4,22.5,3.0,3.5,5.9,11.2,1.3,12.1,45.8,72.5,-3.3,-3.5,3.6,2.6,2.4,1.6,4.1,5.0,5.9,8.1,4.3,4.0,13.2,23.4,10.1,22.6,96.5,,5.4,3.4,4.1,4.3,7.0,10.2,4.9,4.1,2.8,5.3,1.9,3.4,4.3,2.2,9.1,2.5,6.0,1.9,3.1,1.3,1.7,10.7,8.8,20.4,0.1,8.5,9.8,2.3,9.0,4.2,0.0,7.0,0.9,5.7,7.5,8.4,0.4,27.2,0.0,0.3,34.4,7.4,,
1980-04,8.1,7.6,8.4,7.9,5.4,5.8,6.3,11.5,4.2,4.6,5.0,9.5,2.1,9.5,18.7,25.9,3.3,3.4,4.4,3.5,3.7,1.8,6.2,6.0,6.3,9.0,4.5,4.2,14.8,42.7,41.3,40.6,102.4,,7.9,7.8,4.5,5.0,8.5,12.1,6.9,5.7,5.0,5.2,5.1,4.6,6.2,2.4,9.6,4.0,7.9,1.6,3.0,1.3,1.1,9.4,8.6,16.9,0.0,9.7,10.9,2.3,10.9,4.7,0.0,8.2,0.8,6.1,7.8,9.3,0.5,27.3,0.0,1.4,48.1,8.3,,
1980-05,8.0,8.4,8.2,8.8,6.2,6.7,4.6,2.2,5.3,5.3,3.8,7.9,3.1,7.9,5.6,4.0,-5.8,-6.1,5.2,5.0,4.5,2.3,10.6,6.8,6.2,9.1,4.4,4.3,14.8,44.0,41.1,42.2,109.3,,7.2,4.1,5.5,5.6,9.6,14.2,7.6,6.2,5.7,5.3,5.8,4.9,6.7,2.7,9.8,4.0,8.8,1.5,3.1,1.5,1.1,10.1,10.8,17.0,0.0,9.5,10.8,2.3,10.8,4.3,-0.3,2.1,1.0,7.7,15.1,8.8,0.6,28.3,21.7,1.3,48.9,8.4,,
1980-06,8.2,8.5,8.4,8.7,6.5,7.3,5.2,6.2,5.7,5.6,2.4,5.7,2.6,6.2,13.4,17.2,-6.9,-7.2,6.2,5.5,5.4,2.6,10.7,7.1,6.6,9.2,4.7,4.5,14.8,40.7,41.1,42.7,71.5,,7.7,4.4,5.9,5.5,10.2,15.3,7.5,6.6,6.2,5.8,6.3,5.3,7.3,2.8,10.1,4.2,8.9,1.4,2.9,1.4,0.9,6.5,6.7,10.7,0.0,9.5,10.7,2.3,10.8,8.0,-0.3,7.2,14.6,7.5,15.2,9.8,0.7,28.0,21.7,1.3,40.6,8.3,,
1980-07,7.5,8.4,7.7,8.7,6.7,7.3,3.5,-3.1,5.9,5.8,1.9,4.8,2.8,6.1,-6.0,-14.2,0.4,0.3,6.7,6.0,6.2,2.6,10.7,7.1,6.6,9.0,5.0,4.8,13.8,40.3,42.4,43.4,60.2,,7.7,4.1,6.5,5.1,10.6,16.4,7.9,6.7,6.7,5.6,7.0,5.0,6.8,2.8,10.2,4.0,8.6,1.6,2.9,2.7,0.9,5.4,6.7,7.8,0.0,9.5,10.7,2.3,10.8,8.6,-0.3,5.6,18.2,7.7,15.2,10.0,0.8,27.2,21.7,1.3,38.1,8.3,,
1980-08,8.4,8.2,8.7,8.5,6.9,7.5,6.1,6.7,6.1,5.9,0.2,1.5,2.8,10.7,16.2,21.2,-0.1,-0.2,7.9,6.4,6.2,2.9,10.7,7.2,6.7,8.9,5.1,4.7,13.9,38.1,42.4,42.1,46.4,,8.0,3.7,6.3,5.7,11.6,17.0,7.4,6.2,5.8,5.9,5.7,4.1,5.6,2.6,9.9,4.0,8.7,1.6,3.0,3.1,0.9,4.1,6.1,5.1,0.0,9.6,10.7,2.3,11.4,9.8,-0.5,10.8,18.0,8.3,14.9,9.8,0.8,26.0,21.7,1.3,33.9,8.4,,
1980-09,8.7,8.0,8.9,8.4,6.6,7.2,7.8,16.2,5.5,6.0,1.5,3.1,3.0,2.3,25.8,36.3,8.4,8.7,8.8,7.3,6.1,3.0,10.8,7.2,6.2,8.3,4.7,4.6,12.6,36.2,42.4,40.1,38.3,,8.8,5.3,6.7,6.7,11.6,17.0,7.5,5.2,4.2,4.6,4.1,4.2,3.5,5.0,8.4,4.3,8.6,1.7,3.1,3.4,1.0,3.5,5.6,4.1,0.0,9.4,10.6,2.3,10.9,8.8,-0.4,7.0,18.3,7.6,14.7,9.7,0.9,24.7,21.7,1.2,31.6,8.3,,
1980-10,7.5,8.2,7.8,8.6,6.9,7.1,5.1,1.0,6.7,6.3,0.7,0.8,3.7,10.1,0.4,-4.3,4.8,4.9,10.0,7.5,6.8,3.6,10.9,7.3,5.9,8.0,4.5,4.5,11.9,33.7,42.6,35.9,31.8,,8.5,4.5,8.3,7.2,11.3,16.6,7.9,5.1,3.3,4.7,2.9,5.6,5.3,6.1,8.0,4.9,8.4,1.8,3.5,3.3,1.0,3.2,5.8,3.2,0.5,9.4,10.6,2.3,10.9,9.7,-0.2,9.7,17.8,8.5,14.4,9.4,1.0,23.5,21.7,1.2,28.9,8.3,,
1980-11,8.0,8.3,8.4,8.7,6.9,7.1,6.7,7.5,6.8,7.0,0.5,-0.1,4.0,7.0,5.7,3.5,22.2,23.0,10.3,8.1,7.0,4.0,10.8,7.2,5.9,7.8,4.5,4.5,11.4,32.8,42.6,34.6,28.3,,8.6,4.7,8.7,7.5,11.1,16.3,7.6,5.7,4.4,4.7,4.2,6.1,5.9,6.4,7.3,4.8,8.1,1.8,3.6,3.3,1.0,2.8,4.8,2.7,0.5,10.0,10.6,6.2,10.9,9.4,-0.3,10.6,17.8,7.6,13.9,8.7,1.1,22.0,21.7,1.2,27.9,8.7,,
1980-12,6.9,7.8,7.1,8.1,6.7,6.9,4.6,-0.1,7.0,7.1,1.1,0.3,4.2,3.4,-10.5,-20.7,22.4,23.2,10.6,8.5,6.9,4.2,10.9,7.2,5.9,7.5,4.8,4.7,10.6,29.4,42.6,32.4,13.8,,8.3,4.6,8.9,7.3,10.8,15.2,7.6,5.4,3.9,5.3,3.5,6.3,5.9,6.6,6.7,4.9,7.5,1.8,3.4,3.4,1.0,1.2,4.4,0.7,-2.0,10.0,10.6,6.2,11.1,9.2,-0.9,9.4,17.7,7.8,13.2,8.0,1.1,19.0,21.7,1.2,23.5,8.6,,
1981-01,7.2,7.4,7.3,7.6,6.3,6.0,6.7,4.6,7.3,7.4,0.5,-1.9,4.5,9.5,3.9,1.7,22.7,23.9,9.7,8.7,6.2,4.4,10.8,7.2,5.2,6.4,4.7,5.1,8.3,28.9,43.6,29.8,12.8,,8.1,4.9,8.0,6.7,10.5,13.1,9.7,4.5,2.9,6.2,1.9,5.3,5.2,5.5,6.8,4.8,7.5,2.2,4.2,4.1,1.1,1.1,4.4,0.2,-1.9,8.6,8.4,6.3,10.6,8.6,-1.4,8.9,17.7,7.7,9.9,7.3,1.5,9.9,21.0,1.6,21.3,7.7,8.2,
1981-02,6.3,6.8,6.4,7.1,6.1,5.9,5.3,-0.7,6.9,5.8,0.1,-3.1,4.9,12.4,-2.2,-6.5,14.6,15.2,9.1,8.7,5.4,4.1,10.6,6.8,5.2,6.3,4.6,5.0,7.9,24.8,41.2,25.3,2.2,,7.6,5.2,6.8,6.1,10.3,11.2,9.6,5.0,4.1,6.6,3.5,5.1,4.7,5.5,6.7,4.5,7.0,2.2,4.2,4.0,1.1,0.4,4.8,-2.1,0.0,8.6,8.4,6.3,10.6,7.6,-1.6,4.8,17.6,7.8,8.8,6.7,1.4,5.9,21.0,1.6,16.2,7.8,7.4,
1981-03,6.1,6.3,6.3,6.5,5.6,5.6,5.3,2.4,6.1,4.7,2.3,0.5,5.3,8.2,1.9,-0.3,10.5,10.9,7.2,8.3,4.8,4.0,7.5,6.2,5.0,5.8,4.7,5.0,6.9,23.2,41.2,21.5,1.8,,7.1,5.2,6.5,5.6,9.7,8.4,9.6,4.5,3.7,6.7,2.8,4.7,4.3,5.3,6.5,4.5,6.5,1.3,4.5,4.1,-0.5,0.1,3.2,-2.2,0.0,8.6,8.4,4.0,10.2,8.0,-1.9,6.2,17.8,8.0,8.5,6.5,1.4,4.3,21.0,1.6,15.1,7.5,7.3,
1981-04,5.0,4.5,5.1,4.9,5.2,5.2,6.0,9.7,5.1,4.0,1.6,-0.7,5.4,3.0,15.4,20.6,8.8,9.1,6.3,8.1,4.4,4.8,5.1,5.3,5.0,5.5,4.8,5.2,5.9,2.9,0.9,4.9,-1.6,,5.9,4.1,5.9,5.0,8.1,7.0,8.2,4.1,3.4,6.7,2.6,4.4,4.0,5.1,6.0,4.3,4.7,1.5,5.1,4.8,-0.5,0.2,3.1,-2.5,1.1,6.9,6.4,12.5,7.3,7.6,-2.1,6.1,18.0,7.1,8.2,6.2,1.4,3.9,21.0,2.0,-0.6,6.3,7.0,
1981-05,5.0,4.5,5.1,4.5,4.7,4.8,6.5,13.2,4.9,3.5,3.0,1.3,4.8,1.0,17.5,25.7,15.2,15.9,6.0,6.6,4.3,5.2,7.9,5.0,4.8,5.1,4.8,5.1,5.2,2.5,0.9,3.3,-0.1,,4.6,2.5,5.1,4.3,6.7,5.3,7.8,4.3,3.9,6.4,3.4,4.6,4.9,4.4,5.7,4.0,3.8,1.6,5.4,5.3,-0.4,2.9,7.8,0.1,1.2,7.2,6.8,12.5,7.2,6.6,-1.9,6.1,17.4,5.3,2.8,6.4,1.5,3.4,0.0,2.0,0.5,6.6,7.1,
1981-06,4.8,4.3,4.7,4.1,4.5,4.5,6.4,13.5,4.7,3.5,4.0,2.8,4.8,3.7,12.7,18.2,22.5,23.4,5.1,6.3,3.9,5.2,7.8,4.8,4.5,3.6,5.0,5.2,1.9,2.5,0.9,2.8,0.6,,4.3,2.4,4.6,4.1,6.3,4.1,6.7,3.6,2.5,5.6,1.9,4.5,4.1,5.3,5.0,4.2,3.4,3.4,5.7,5.5,2.0,3.1,8.2,0.4,1.1,7.2,6.8,12.5,7.5,4.3,-2.0,4.7,4.5,5.8,2.6,5.5,1.6,3.1,0.0,2.0,0.6,6.7,5.2,
1981-07,4.4,3.8,4.4,3.9,4.2,4.0,6.1,11.8,4.9,4.8,4.9,3.8,4.2,2.7,10.3,14.3,19.6,20.4,4.4,6.2,3.8,5.2,7.7,4.8,4.2,3.1,4.8,4.6,1.2,1.9,0.2,1.7,1.3,,3.7,2.3,4.0,3.7,5.8,2.7,6.5,2.5,0.9,5.8,-0.3,3.8,2.8,5.5,4.4,3.8,3.1,3.4,5.9,4.7,2.1,3.7,8.8,1.1,1.1,7.2,6.8,12.5,7.6,3.6,-2.1,5.2,0.6,5.6,2.4,4.8,2.6,2.3,0.0,2.0,0.7,6.8,4.6,
1981-08,4.2,4.2,4.1,4.0,4.1,4.0,4.8,5.6,4.7,5.1,5.5,4.8,3.9,-1.4,1.6,-0.1,13.6,14.2,3.4,5.7,4.5,5.2,7.7,4.7,4.2,2.8,4.8,4.6,0.7,2.6,0.2,1.4,6.8,,3.4,2.7,3.4,3.1,4.7,1.5,6.5,3.2,2.7,5.7,2.0,3.8,2.7,5.4,3.8,3.8,2.9,3.5,6.1,4.2,2.5,4.7,8.9,4.6,-1.8,7.2,6.8,12.5,7.5,4.0,-2.1,8.4,0.5,4.9,2.3,4.7,3.0,2.1,0.0,2.0,3.5,6.7,5.1,
1981-09,4.0,4.2,3.9,4.1,4.2,4.2,3.9,1.7,4.5,5.2,6.3,7.0,3.8,2.1,-1.9,-4.9,4.0,4.2,2.5,4.8,3.8,5.2,7.6,4.6,4.1,2.8,4.8,4.4,0.6,2.6,0.2,0.2,9.4,,3.1,3.3,2.6,3.1,4.0,0.6,6.3,4.4,5.9,4.7,6.2,2.5,2.3,3.2,3.2,3.8,2.7,3.6,6.4,4.3,2.5,5.6,9.2,6.4,-1.8,7.3,7.0,12.5,7.4,3.2,-2.4,4.4,0.7,5.0,2.4,4.5,3.4,1.6,0.0,3.0,4.2,6.7,4.4,
1981-10,4.2,4.0,4.1,4.0,4.0,4.0,4.4,5.4,4.2,5.4,5.8,6.8,3.3,1.0,3.3,3.0,5.7,5.9,1.5,4.8,3.9,4.7,7.5,4.6,4.0,2.6,4.8,4.4,0.3,3.2,0.6,0.2,11.9,,2.7,3.6,1.6,2.2,3.5,-0.2,5.8,5.3,7.8,3.9,8.7,3.3,3.7,2.3,2.7,2.6,2.5,3.6,6.0,4.5,2.5,5.9,9.3,6.9,-2.1,7.3,7.0,12.5,7.4,2.2,-2.3,-0.1,1.1,4.8,2.4,4.5,3.8,1.3,0.0,3.0,5.1,6.6,3.5,
1981-11,3.8,4.0,3.6,3.9,3.9,3.9,3.5,1.2,4.0,5.6,6.2,7.5,2.7,0.1,0.0,-2.1,-3.8,-4.0,1.2,4.6,4.0,4.2,7.4,4.5,4.0,2.5,4.8,4.4,0.2,4.2,0.6,0.3,13.3,,2.2,3.2,0.6,1.9,3.0,-0.7,5.8,3.7,4.9,4.0,5.3,2.7,3.1,1.9,2.3,2.4,2.6,3.6,5.8,4.5,2.5,6.3,10.0,7.1,-2.1,7.1,7.0,8.2,7.4,2.2,-2.8,0.1,1.3,4.7,2.3,4.2,4.0,0.9,0.0,3.0,5.3,6.5,3.5,
1981-12,4.3,4.0,4.3,4.1,3.9,3.9,4.8,8.1,4.0,5.5,4.3,4.8,2.4,2.1,10.4,15.7,3.5,3.7,0.8,3.9,4.0,3.7,7.4,4.5,3.8,2.3,4.6,4.3,0.1,4.3,0.6,0.2,14.4,,2.1,3.0,0.2,2.1,2.8,-0.6,5.9,3.9,5.2,3.4,5.7,2.7,3.1,1.8,2.3,2.4,2.4,3.6,5.8,4.7,2.5,7.0,10.4,7.3,0.4,7.1,7.0,8.2,7.2,2.8,-2.3,2.9,0.9,4.7,2.3,4.2,4.1,0.8,0.0,3.0,5.5,6.6,4.2,
1982-01,3.3,3.6,3.3,3.6,3.5,3.6,2.5,-1.9,3.6,5.5,4.8,5.4,1.7,-2.7,-10.4,-17.0,11.6,12.0,1.2,4.1,4.0,4.2,7.4,4.2,3.7,2.3,4.4,4.1,0.0,4.3,0.6,0.3,14.8,,1.8,2.4,0.0,2.2,2.5,-0.5,5.2,3.0,3.7,3.1,3.9,1.9,2.0,2.0,2.1,2.4,2.6,3.6,5.8,4.4,2.5,7.4,11.2,7.5,0.4,7.1,7.0,8.2,7.2,1.4,-2.7,-0.4,0.7,3.7,2.2,4.1,4.3,0.5,0.0,3.0,5.8,6.4,3.1,
1982-02,3.2,3.6,3.1,3.5,3.4,3.5,2.2,-1.6,3.1,5.4,6.8,8.9,1.1,-7.8,-10.3,-16.7,8.5,9.0,1.2,3.7,3.8,4.2,7.3,4.2,3.5,2.3,4.3,4.2,0.0,4.3,0.6,0.3,14.7,,1.5,1.9,-0.3,1.6,2.3,-0.6,5.1,2.4,3.0,3.3,2.9,1.8,1.7,1.6,1.7,2.1,2.4,3.9,5.5,4.4,3.1,7.3,11.7,7.7,-1.5,7.1,7.0,8.2,7.2,1.8,-2.6,1.4,0.8,3.6,2.2,4.2,4.3,0.6,0.0,3.0,5.8,6.3,3.6,
1982-03,3.0,3.5,2.8,3.3,3.3,3.5,1.8,-2.9,3.0,5.4,5.2,6.2,0.5,-8.8,-11.6,-18.7,9.6,10.0,1.4,3.7,4.0,4.0,7.3,4.2,3.6,2.2,4.4,4.2,-0.2,4.4,0.6,0.2,14.9,,1.1,1.5,-1.4,0.9,2.0,-0.3,5.1,2.4,3.0,2.5,3.2,1.5,1.4,1.7,1.5,1.9,2.4,4.3,5.1,4.2,4.0,7.2,11.9,7.6,-1.5,6.9,7.0,8.2,6.9,1.2,-2.4,-0.9,0.7,3.3,2.1,4.1,4.3,0.3,0.0,3.0,5.7,6.3,3.1,
1982-04,3.0,3.5,2.8,3.3,3.2,3.4,1.9,-2.9,3.3,5.4,6.8,8.7,0.4,-4.7,-10.6,-17.2,4.0,4.1,1.3,3.1,3.7,3.2,7.3,3.9,3.6,2.4,4.4,4.5,-0.3,4.2,0.6,0.3,14.9,,0.8,0.8,-2.2,0.7,1.9,-0.4,4.3,2.1,2.7,2.8,2.7,1.0,0.4,1.7,1.5,2.6,2.4,4.3,4.5,4.0,4.4,7.1,11.9,7.9,-2.6,5.9,6.4,0.0,5.0,1.4,-2.4,-0.4,0.7,3.6,2.2,3.5,4.6,-0.1,0.0,6.1,5.9,5.2,3.1,
1982-05,2.5,3.1,2.3,3.0,3.1,3.0,1.1,-5.0,2.8,5.3,5.9,7.3,0.3,-1.4,-9.1,-15.7,-6.7,-7.0,0.6,3.3,4.1,2.3,0.1,3.2,3.4,2.3,4.1,4.4,-0.2,3.6,0.6,0.4,9.5,,0.6,0.4,-1.6,0.7,1.8,-0.6,4.3,3.7,4.7,2.6,5.0,3.7,4.8,1.9,1.0,2.4,2.3,4.1,4.1,3.5,4.3,4.2,7.8,4.6,-2.8,5.8,6.2,0.0,5.1,1.6,-2.4,0.4,0.9,3.3,2.0,3.4,4.5,-0.3,0.0,6.1,3.7,5.1,2.8,
1982-06,2.3,2.9,2.2,2.9,2.9,2.9,0.8,-6.7,2.6,5.1,6.2,7.6,0.9,-3.5,-7.4,-13.8,-15.7,-16.4,0.3,3.1,4.5,2.1,0.1,3.0,3.6,3.6,4.0,4.3,2.5,3.6,0.6,0.4,8.7,,0.5,0.0,-1.6,1.1,1.9,-0.5,4.3,3.7,5.2,2.4,5.7,2.9,3.4,2.1,1.0,2.3,2.3,2.4,3.7,3.2,1.9,4.1,7.8,4.3,-2.8,5.9,6.3,0.0,4.8,2.1,-2.5,2.2,1.0,3.3,1.8,3.2,4.3,-0.4,0.0,6.1,3.4,5.0,3.0,
1982-07,1.9,3.0,1.7,2.8,2.8,2.9,-0.2,-11.6,2.5,3.6,5.4,6.7,1.8,-2.6,-12.5,-22.5,-22.0,-22.8,-0.2,3.5,4.4,1.9,0.1,3.0,3.7,3.5,4.0,4.2,2.5,3.4,0.6,0.4,8.6,,0.5,-0.3,-1.3,1.4,1.8,-0.2,4.5,2.3,2.8,1.7,3.1,1.9,1.7,2.1,1.0,2.4,2.3,2.2,3.4,2.8,1.8,4.2,7.6,4.6,-2.8,5.9,6.3,0.0,4.8,1.7,-2.7,0.8,1.0,3.4,1.7,3.3,3.3,-0.4,0.0,6.1,3.6,4.9,2.7,
1982-08,3.2,2.9,3.1,2.8,2.9,3.1,3.2,7.1,2.3,3.3,7.3,9.7,1.9,-3.1,10.8,16.3,-7.5,-7.8,-0.4,3.6,3.7,1.8,0.1,2.8,3.6,3.4,3.9,4.0,2.5,3.5,0.6,0.4,8.4,,0.6,-0.5,-1.3,2.1,1.9,0.3,4.5,3.1,3.6,1.8,4.1,3.8,4.5,2.4,1.1,2.5,2.3,2.0,3.1,2.5,1.6,4.7,7.6,4.1,0.1,5.9,6.3,0.0,4.8,1.7,-2.8,0.5,1.3,3.5,1.6,3.2,2.8,-0.2,0.0,6.1,3.3,4.9,2.7,
1982-09,3.2,2.7,3.2,2.7,2.8,3.0,3.4,7.9,2.3,3.1,10.1,14.3,1.9,-3.1,6.6,9.0,-2.9,-3.2,-0.9,3.4,4.2,1.7,0.1,2.9,3.5,3.3,3.8,4.0,2.3,3.5,0.6,0.4,9.0,,0.5,-1.1,-1.1,1.6,1.9,0.5,4.6,2.5,2.1,2.4,2.0,4.1,5.2,2.1,1.2,3.1,2.1,2.0,2.9,2.7,1.5,4.1,7.4,3.3,0.1,5.9,6.4,0.0,4.8,3.1,-2.9,6.8,2.6,3.1,1.5,3.1,2.3,0.3,0.0,5.5,3.0,5.0,4.0,
1982-10,3.1,2.8,3.1,2.7,2.8,3.0,3.2,7.5,2.2,2.6,7.1,9.1,2.0,-4.0,9.2,13.8,-1.6,-1.7,-0.9,2.9,4.3,1.5,0.1,2.9,3.4,3.3,3.6,3.8,2.4,3.1,0.0,0.4,8.4,,0.4,-1.3,-1.0,2.2,1.8,0.5,4.4,2.8,3.1,4.4,2.8,3.2,4.1,2.0,1.4,1.3,1.9,2.1,2.9,3.0,1.6,4.0,7.3,3.1,0.2,5.9,6.4,0.0,4.8,3.1,-3.0,6.2,2.5,3.4,1.3,3.0,1.7,0.2,0.0,5.5,2.7,5.0,3.9,
1982-11,2.3,2.6,2.3,2.5,2.6,2.8,1.1,-2.7,2.1,2.3,5.1,5.9,2.3,-5.2,-6.7,-12.7,-3.0,-3.3,-0.6,2.6,4.0,1.5,0.1,2.9,3.3,3.1,3.6,3.8,2.4,2.2,0.0,0.4,8.1,,0.5,-1.4,-0.9,2.4,1.9,0.7,4.6,3.8,5.1,4.6,5.2,3.5,4.5,1.9,1.2,1.5,1.8,2.1,3.0,3.2,1.6,3.7,6.5,3.1,0.2,5.9,6.4,0.0,4.8,2.3,-3.0,2.8,2.2,3.3,1.3,3.1,1.5,0.6,0.0,5.5,2.7,5.0,3.1,
1982-12,2.0,2.5,1.8,2.3,2.5,2.8,0.4,-5.6,1.7,2.3,4.6,4.9,2.3,-9.7,-8.2,-15.2,-8.7,-9.2,-0.6,3.0,3.7,1.7,0.1,2.9,3.4,3.4,3.6,3.8,2.6,2.2,0.0,0.4,7.8,,0.5,-1.3,-0.5,2.2,1.9,0.5,4.5,2.9,3.6,4.5,3.4,3.2,3.8,2.0,1.4,1.3,1.8,2.1,3.1,3.1,1.7,3.6,6.1,3.1,0.2,5.9,6.4,0.0,4.8,1.8,-3.7,0.5,2.6,3.4,1.4,3.1,1.5,0.9,0.0,5.5,2.7,4.9,2.7,
1983-01,2.1,2.4,2.0,2.3,2.4,2.6,1.0,-1.7,1.6,2.2,4.5,5.2,2.4,-8.4,2.8,2.6,-16.4,-17.2,-1.1,1.7,3.4,1.1,0.1,2.8,3.3,3.3,3.5,3.8,2.6,2.0,0.0,0.3,6.9,,0.3,-1.5,-1.0,1.8,1.7,0.4,4.8,3.1,4.2,5.5,3.9,2.7,3.2,1.8,1.4,1.3,1.6,1.4,2.3,3.5,0.7,3.1,5.3,2.6,0.2,5.9,6.4,0.0,4.9,2.6,-3.6,4.7,2.4,3.2,1.3,2.9,1.3,0.8,0.0,5.5,2.2,4.9,3.2,
1983-02,2.0,2.3,1.9,2.1,2.4,2.6,1.2,-1.4,1.9,2.2,4.4,5.2,2.8,-4.8,1.6,0.6,-12.7,-13.3,-1.5,1.6,3.3,1.0,0.1,2.8,3.4,3.2,3.5,3.9,2.3,1.5,0.0,0.3,4.2,,0.5,-1.2,-0.3,1.8,1.6,0.9,4.9,2.7,3.2,5.2,2.5,2.8,3.6,1.6,1.5,1.2,1.6,1.2,2.4,3.6,0.3,2.3,4.2,1.7,0.2,5.9,6.4,0.0,4.9,2.5,-3.2,3.1,2.5,3.4,1.3,2.7,1.3,0.8,0.0,5.5,1.3,5.0,2.8,
1983-03,2.3,2.3,2.3,2.3,2.4,2.5,2.3,3.5,2.1,2.1,4.8,6.3,3.1,0.3,7.4,9.8,-7.4,-7.8,-1.5,1.6,3.6,1.0,0.1,2.8,3.2,3.1,3.3,3.9,2.2,1.1,0.0,0.3,2.2,,0.7,-1.5,0.7,1.9,1.5,1.1,5.2,2.4,2.6,5.0,1.9,2.7,3.1,1.9,1.2,1.6,1.6,1.3,2.4,3.6,0.3,1.9,4.6,0.6,0.3,5.9,6.4,0.0,5.6,2.9,-3.4,4.9,2.5,3.7,1.4,2.7,1.2,1.2,0.0,5.5,0.4,5.1,3.4,
1983-04,2.1,2.1,2.0,2.0,2.4,2.5,1.9,1.6,1.9,1.6,3.0,3.8,2.8,0.2,4.1,4.2,-4.8,-5.0,-1.3,1.6,3.4,0.8,0.1,2.7,3.2,2.9,3.3,3.4,2.2,0.3,0.0,0.3,-0.9,,0.8,-0.8,1.2,1.9,1.4,1.2,3.6,2.5,2.8,5.0,2.1,2.8,3.3,2.1,1.5,2.5,1.5,0.9,2.5,3.4,-0.3,0.7,4.6,-2.1,0.3,4.7,5.2,0.0,3.2,3.1,-2.2,5.5,2.3,3.5,1.6,2.6,1.5,1.4,0.0,25.0,-1.6,4.1,3.5,
1983-05,2.7,1.9,2.7,1.8,2.3,2.6,3.8,13.5,1.7,1.7,3.3,4.2,2.5,-2.3,18.8,28.9,9.0,9.3,-0.7,1.3,2.4,0.8,0.1,2.6,3.2,3.0,3.6,3.7,2.0,0.1,0.0,0.3,-2.5,,0.7,-1.1,1.1,1.7,1.5,1.0,3.3,2.5,2.8,5.6,2.2,2.3,2.6,1.8,1.9,2.8,1.3,0.9,2.4,3.9,-0.4,-0.7,1.9,-3.2,0.2,4.7,5.3,0.0,3.2,2.6,-2.3,4.0,2.2,3.3,5.0,2.5,1.4,1.6,12.0,25.0,-2.5,4.0,2.4,
1983-06,2.0,1.8,2.0,1.6,2.2,2.4,2.5,5.9,1.9,1.9,1.5,1.3,1.7,-1.3,5.8,6.9,11.8,12.3,0.0,1.3,2.0,0.7,2.3,2.6,3.2,2.9,3.5,3.7,1.8,-0.2,0.0,0.5,-3.7,,0.8,-1.0,1.4,2.2,1.5,1.0,3.5,1.4,1.2,5.3,0.4,1.0,0.4,1.9,1.8,2.4,1.2,1.0,2.4,4.3,-0.2,-1.2,1.2,-3.7,0.2,4.6,5.3,0.0,3.2,2.0,-2.4,1.0,2.2,3.4,5.3,2.4,2.5,1.4,12.0,25.0,-3.0,4.0,1.7,
1983-07,2.3,1.8,2.2,1.7,2.3,2.5,3.3,10.8,1.9,2.6,1.3,1.5,0.8,-0.2,15.7,25.4,10.5,11.0,0.7,0.7,1.6,0.8,2.7,2.4,3.1,2.9,3.4,3.7,1.8,-0.3,0.0,0.5,-4.7,,0.9,-0.6,0.8,1.9,1.3,0.9,3.5,2.7,3.7,5.9,3.1,1.8,2.0,1.6,2.1,2.5,1.2,1.1,2.6,4.3,-0.2,-1.7,1.2,-4.6,0.2,4.6,5.3,0.0,3.2,2.5,-2.3,3.3,2.2,3.5,5.3,2.1,2.5,1.9,12.0,25.0,-3.6,4.0,2.3,
1983-08,1.3,1.3,1.2,1.2,2.0,2.1,1.7,1.2,1.9,2.8,-1.4,-2.5,0.7,-1.5,1.9,0.2,8.7,9.0,0.9,0.5,1.7,0.8,2.8,2.5,3.0,3.0,3.4,3.9,1.7,-1.1,0.0,0.5,-9.6,,0.5,-1.1,0.8,0.7,1.4,0.6,3.4,1.8,2.4,5.9,1.5,0.8,0.4,1.5,2.0,1.7,1.1,1.2,2.7,4.7,-0.2,-3.4,1.2,-7.4,-2.1,4.6,5.3,0.0,3.2,1.8,-2.0,-0.2,1.9,3.4,5.2,2.0,2.5,1.9,12.0,25.0,-6.0,4.0,1.7,
1983-09,0.9,1.6,0.7,1.4,2.0,2.2,0.1,-6.6,1.8,3.0,-6.6,-10.4,0.8,-0.6,-1.3,-4.8,-2.6,-2.8,1.3,0.7,2.0,0.7,2.8,2.3,3.1,3.0,3.5,3.9,1.8,-1.5,0.0,0.6,-11.9,,0.7,-0.3,0.3,1.7,1.4,0.5,3.3,2.5,3.4,5.3,3.0,1.6,1.3,1.9,1.7,1.9,1.3,1.3,3.0,4.6,-0.1,-2.6,0.8,-5.7,-2.1,4.6,5.2,0.0,3.2,1.6,-2.0,-0.1,0.3,3.7,5.0,2.0,2.5,1.3,12.0,25.3,-5.1,3.9,1.4,
1983-10,1.5,1.6,1.4,1.5,2.0,2.3,1.6,0.5,2.0,3.2,-4.6,-7.0,0.8,-2.4,6.2,6.3,3.9,4.0,2.4,0.8,1.3,0.7,5.9,2.4,3.2,3.2,3.6,4.5,1.6,-1.6,0.0,0.7,-12.5,,0.8,-0.1,0.5,1.1,1.3,0.6,3.7,1.6,1.7,4.0,1.2,2.0,1.8,2.1,1.6,1.2,1.3,1.3,3.4,4.1,-0.2,-2.5,0.8,-5.1,-2.2,4.6,5.2,0.0,3.2,2.1,-1.7,1.9,0.4,3.7,5.1,2.0,2.5,1.4,12.0,25.3,-4.8,3.9,1.9,
1983-11,1.9,1.7,1.8,1.6,2.4,2.6,2.5,4.4,2.0,3.4,-4.0,-5.8,0.7,-1.3,15.9,23.1,-0.1,-0.1,2.2,0.9,1.5,0.7,7.1,2.6,3.3,3.1,3.5,4.4,1.6,-1.7,0.0,0.6,-13.8,,0.8,0.2,0.4,0.7,1.1,0.4,3.4,2.6,3.6,4.0,3.3,2.0,1.8,2.1,1.6,1.3,1.3,1.7,5.2,3.9,-0.2,-2.5,0.8,-5.1,-2.2,4.6,5.2,0.0,3.2,2.6,-1.6,3.9,0.4,3.8,5.0,1.9,2.4,1.1,12.0,25.3,-5.2,3.8,2.4,
1983-12,1.7,1.6,1.8,1.6,2.3,2.5,2.5,3.1,2.5,3.3,-3.4,-4.3,0.7,1.3,12.7,16.4,0.0,0.0,2.3,0.6,1.8,0.6,7.3,2.6,2.9,2.9,3.3,4.1,1.5,-2.1,0.0,0.6,-16.1,,0.7,-0.2,0.4,0.6,1.3,0.3,3.4,2.2,2.8,5.0,2.4,2.0,1.9,2.2,1.5,1.1,1.2,2.0,6.5,3.9,-0.3,-2.7,1.1,-5.8,-2.2,4.7,5.2,1.2,3.2,2.5,-1.1,3.4,0.5,3.6,5.0,1.7,2.4,0.8,12.0,25.3,-5.9,3.9,2.2,
1984-01,1.9,1.7,1.8,1.6,2.5,2.5,2.9,4.4,2.6,3.4,-3.5,-4.6,0.6,3.7,13.2,16.3,2.8,3.1,2.6,0.8,1.6,0.5,7.3,2.7,2.7,2.8,3.0,4.0,1.5,-2.0,0.0,0.6,-16.5,,0.7,0.1,0.0,0.5,1.3,0.4,3.1,2.3,2.9,4.2,2.7,2.5,2.8,2.1,1.4,0.8,1.1,2.6,7.2,3.9,0.7,-2.7,0.9,-5.6,-2.2,4.7,5.2,1.2,3.1,2.0,-1.0,0.8,0.6,3.6,4.9,1.6,2.3,0.8,12.0,25.3,-5.9,3.9,1.8,
1984-02,2.9,2.0,2.9,1.9,2.7,2.7,5.0,14.1,2.9,4.2,-2.7,-3.6,0.5,7.2,29.1,42.3,2.7,2.8,2.9,0.9,1.7,0.6,7.4,2.6,2.6,2.8,2.9,3.8,1.6,-1.5,0.0,0.6,-12.9,,0.6,-0.1,-0.7,0.5,1.6,0.1,3.2,2.7,3.8,4.2,3.8,2.8,3.0,2.2,1.4,1.3,1.0,2.7,7.9,4.1,0.5,-1.9,2.5,-5.3,-2.2,4.7,5.2,1.2,3.1,2.2,-1.5,2.2,0.6,3.6,4.9,1.7,2.3,0.9,12.0,25.3,-5.1,3.9,2.3,
1984-03,2.5,2.0,2.5,1.9,2.5,2.5,3.9,9.4,2.7,4.7,-2.8,-3.7,0.3,0.7,23.0,31.7,-2.4,-2.5,2.9,0.8,1.4,0.5,7.4,2.6,2.7,2.8,2.9,3.8,1.7,-1.2,0.0,0.6,-11.0,,0.8,0.7,-0.6,0.7,1.9,0.0,2.9,2.4,2.7,4.7,2.3,3.4,4.0,2.2,1.7,0.8,1.0,2.3,8.3,4.1,-0.3,-1.4,2.5,-4.0,-2.3,4.7,5.2,1.2,2.7,2.5,-1.5,3.7,0.5,3.4,4.7,1.8,2.3,0.7,12.0,25.3,-4.0,3.8,2.4,
1984-04,2.3,2.0,2.4,2.0,2.3,2.4,3.4,6.7,2.5,4.6,-1.6,-2.2,0.1,1.0,16.6,21.7,-0.7,-0.7,2.9,0.9,1.1,0.4,7.4,2.7,2.4,2.7,2.5,3.6,1.7,-0.4,0.0,0.5,-8.3,,0.8,-0.6,0.4,1.0,2.3,0.1,4.4,2.8,3.1,4.8,2.8,3.5,4.5,2.0,1.4,1.4,0.9,3.2,9.5,3.8,0.6,-0.4,2.8,-2.2,-2.3,4.3,4.4,1.2,4.8,1.5,-2.7,-0.9,0.6,3.8,4.5,1.7,1.8,0.9,12.0,10.4,-2.5,3.4,1.7,
1984-05,2.0,2.4,2.0,2.5,2.7,2.9,2.0,-2.8,3.2,4.3,-2.3,-3.3,0.2,1.7,2.4,-0.6,-5.0,-5.2,2.4,1.0,1.5,0.4,14.7,3.1,2.1,2.6,2.1,3.2,1.7,0.0,0.0,0.4,-7.6,,1.0,-0.1,0.5,1.4,2.6,0.2,4.3,2.4,3.2,4.5,2.9,2.4,2.7,1.7,1.4,1.3,1.0,3.1,9.6,3.4,0.7,1.2,6.4,-1.6,-2.3,4.3,4.3,1.2,4.7,3.1,-2.7,5.0,0.7,4.4,1.1,1.3,1.8,0.7,0.0,10.4,-2.3,3.5,3.9,
1984-06,1.9,2.1,1.9,2.3,2.4,2.6,2.1,-1.2,2.9,4.1,0.0,0.6,0.1,0.6,4.4,2.1,-7.4,-7.7,2.3,0.8,1.3,0.6,12.3,3.3,2.0,2.4,1.9,3.0,1.9,0.1,0.0,0.2,-7.3,,0.9,-0.2,0.0,0.6,2.5,0.2,4.1,2.4,3.7,4.9,3.3,1.3,1.5,1.1,1.7,1.4,0.9,3.0,9.6,3.0,0.5,1.3,6.7,-1.7,-2.3,4.3,4.3,1.2,4.7,2.4,-2.8,2.4,0.5,4.1,0.9,1.6,0.6,1.0,0.0,10.4,-2.2,3.5,3.3,
1984-07,2.5,2.2,2.6,2.3,2.4,2.6,3.5,6.9,2.7,3.5,0.2,0.5,0.2,-0.4,7.2,7.1,16.3,17.1,2.8,0.8,1.9,0.5,11.8,3.4,2.0,2.7,2.0,3.3,1.8,0.2,0.0,0.2,-6.7,,0.9,-0.2,-0.2,0.9,2.7,0.2,3.8,2.2,3.4,4.7,3.3,0.9,0.6,1.3,1.3,1.3,1.0,2.9,9.3,3.2,0.5,2.1,7.4,-0.6,-2.3,4.3,4.3,1.2,4.7,2.4,-2.7,2.4,0.5,3.9,0.9,2.0,0.6,0.6,0.0,10.4,-1.6,3.5,3.4,
1984-08,1.9,2.3,1.9,2.4,2.6,2.7,1.5,-4.0,2.8,3.2,1.7,2.7,0.1,0.4,-4.5,-11.8,-3.6,-3.7,3.2,1.0,2.2,0.6,11.7,3.3,2.0,2.6,2.1,3.2,1.8,0.3,0.0,0.2,-5.9,,1.1,0.2,0.4,1.3,2.7,0.2,3.9,2.5,3.9,4.6,3.7,1.3,1.4,1.2,1.8,1.0,1.0,2.8,9.0,2.8,0.5,2.6,7.8,0.5,-2.1,4.3,4.3,1.2,4.7,1.7,-2.6,-0.2,0.5,3.8,1.0,2.1,0.6,0.4,0.0,10.4,-0.9,3.5,2.9,
1984-09,2.3,2.2,2.3,2.3,2.4,2.4,3.0,3.2,3.0,3.0,2.5,3.4,0.1,1.8,2.2,-0.5,8.3,8.7,3.2,0.9,2.2,0.6,11.7,3.3,2.0,2.5,2.0,3.2,1.7,0.7,0.0,0.1,-3.0,,0.8,-1.0,0.4,0.6,2.8,0.3,3.9,1.8,2.3,4.4,1.7,1.3,1.2,1.7,1.6,0.8,0.9,2.6,8.5,2.6,0.4,2.6,7.5,0.7,-2.1,4.3,4.3,1.2,4.7,1.6,-2.4,-0.9,0.8,3.7,1.1,2.1,0.6,0.4,0.0,11.2,-0.4,3.5,2.9,
1984-10,2.2,2.3,2.2,2.4,2.7,2.9,1.9,-0.9,2.5,3.2,3.6,5.4,0.1,-0.2,-6.3,-13.4,7.4,7.8,2.3,0.9,2.1,0.6,8.5,3.1,2.0,2.3,1.9,2.8,1.9,0.8,0.0,0.0,-2.1,,0.9,-0.4,0.9,0.3,2.9,0.2,3.6,3.5,5.2,4.3,5.3,2.3,2.7,1.6,1.6,1.9,0.9,6.2,7.5,2.5,6.7,2.4,7.3,0.3,-2.1,4.4,4.4,1.2,4.7,1.6,-2.5,0.2,0.5,3.6,1.0,2.1,0.6,0.4,0.0,11.2,-0.6,3.6,2.8,
1984-11,2.2,2.2,2.2,2.2,2.4,2.8,2.1,1.4,2.3,2.8,3.2,4.4,0.2,-1.0,-8.9,-17.8,24.2,25.4,2.3,1.2,1.5,0.7,7.2,2.8,1.9,2.4,1.9,2.9,1.7,0.7,0.0,0.0,-2.7,,0.9,-0.4,0.7,0.6,3.0,0.2,3.7,2.8,3.4,4.1,3.3,2.6,3.0,1.6,1.8,2.0,0.9,5.7,5.3,2.5,6.7,2.5,7.9,0.0,-2.1,4.4,4.4,1.2,4.7,1.5,-2.4,-0.6,0.5,3.5,1.6,2.1,2.9,0.8,0.0,11.2,-0.7,3.6,2.7,
1984-12,2.6,2.3,2.6,2.2,2.4,2.8,3.2,8.6,2.2,2.7,3.7,5.0,0.3,-2.1,-6.8,-13.6,46.5,49.0,2.3,1.2,1.6,0.7,7.0,2.7,2.3,2.5,2.4,3.0,1.7,0.7,0.0,0.1,-3.0,,0.8,0.0,0.0,0.2,3.0,0.4,3.9,3.1,4.3,3.2,4.5,2.8,3.5,1.6,1.8,1.8,1.1,5.4,3.9,2.9,6.7,2.5,7.6,0.2,-2.2,4.3,4.4,0.0,4.7,1.7,-2.5,0.1,0.7,3.6,1.5,2.1,2.5,0.9,0.0,11.2,-0.6,3.5,2.9,
1985-01,2.9,2.4,2.9,2.4,2.7,3.2,3.3,9.0,2.1,2.7,4.5,6.0,0.6,-2.1,-5.9,-10.3,45.6,47.7,2.1,1.1,1.3,0.7,7.0,2.7,2.4,2.5,2.5,3.1,1.7,0.5,0.0,0.1,-3.7,,1.2,0.0,0.8,0.8,3.3,0.2,4.0,3.9,5.7,3.4,6.2,2.9,3.6,1.6,1.7,2.1,1.1,5.2,2.8,2.8,6.7,2.4,7.6,0.8,-2.1,4.3,4.4,0.0,4.7,2.8,-2.4,2.5,0.4,4.8,1.5,2.3,2.6,0.8,0.0,11.2,-1.0,3.5,4.2,
1985-02,1.5,2.3,1.4,2.1,2.2,2.7,0.4,-4.7,1.8,1.9,2.6,2.9,0.1,-2.3,-19.8,-30.0,32.9,34.5,2.1,0.9,1.4,0.8,6.9,2.7,2.5,2.6,2.6,3.1,1.9,0.2,0.0,0.1,-6.6,,0.8,-0.7,0.3,0.6,3.1,0.0,3.9,3.2,4.7,3.1,5.1,2.4,2.9,1.6,1.7,1.2,1.2,4.9,2.0,2.5,6.7,1.6,6.1,0.5,-2.1,4.3,4.4,0.7,4.7,1.8,-2.1,-0.1,0.4,3.9,1.7,2.3,3.0,0.9,0.0,11.2,-1.5,3.5,3.1,
1985-03,1.8,2.3,1.6,2.1,2.5,3.0,0.7,-3.3,1.5,2.4,3.2,3.8,-0.1,-5.0,-17.9,-26.7,30.7,31.9,2.4,0.8,1.1,0.9,6.9,2.7,2.5,2.6,2.6,3.1,1.7,0.1,0.0,0.1,-7.1,,0.8,-0.8,0.4,0.7,2.8,0.2,3.9,3.7,5.4,2.7,6.1,2.5,3.3,1.3,1.7,2.5,1.2,7.9,1.5,2.5,12.0,1.9,5.9,1.1,-2.1,4.3,4.4,0.7,4.6,1.4,-2.2,-1.5,0.7,3.8,1.6,2.1,3.0,0.6,0.0,11.2,-1.1,3.6,2.7,
1985-04,2.0,2.4,1.9,2.1,2.5,2.8,1.3,-0.6,1.8,2.3,2.4,2.7,-0.3,-2.3,-8.6,-13.4,16.4,16.8,2.1,0.7,1.2,1.5,6.9,2.5,2.5,2.6,2.7,3.3,1.7,0.0,0.0,0.1,-7.2,,0.7,-0.4,0.2,-0.2,2.6,0.1,2.8,3.2,5.3,2.6,6.0,1.5,1.7,1.2,1.8,2.0,1.0,7.0,0.3,2.4,11.0,1.9,5.6,1.3,-2.1,4.4,4.3,0.7,6.3,2.3,-2.2,4.5,0.4,3.0,1.4,2.1,2.7,0.4,0.0,4.7,-1.1,3.7,3.2,
1985-05,1.8,1.8,1.6,1.8,2.1,2.5,0.9,-0.5,1.1,2.3,2.8,3.0,-0.6,-1.1,-7.4,-11.9,11.0,11.1,2.2,0.4,1.0,1.8,0.0,2.1,2.6,2.7,2.9,3.5,1.7,-0.4,0.0,0.1,-7.1,,0.6,-0.6,0.1,0.1,2.4,0.3,3.1,3.0,4.1,2.3,4.5,2.6,3.0,1.6,1.7,1.9,1.2,7.1,0.3,2.2,11.0,2.8,3.9,3.1,-2.0,4.4,4.2,0.7,6.5,0.5,-2.1,-2.7,0.4,2.4,1.5,2.3,2.7,0.5,0.0,4.7,-0.8,3.7,1.3,
1985-06,2.5,2.0,2.5,2.0,2.4,2.8,2.4,7.1,1.3,2.3,2.6,2.3,-0.7,1.6,5.3,9.0,12.3,12.3,2.2,0.7,1.0,1.9,0.0,1.8,2.6,2.8,2.9,3.6,1.8,-0.4,0.0,0.1,-6.8,,0.6,-0.7,0.0,0.3,2.3,0.1,3.1,3.4,5.1,2.1,5.7,2.2,2.7,1.4,1.7,1.9,1.3,7.0,0.5,2.1,11.0,2.9,3.9,3.5,-2.0,4.4,4.2,0.7,6.5,2.0,-2.0,3.0,0.6,2.6,1.4,2.0,2.7,0.6,0.0,4.7,-0.6,3.7,2.5,
1985-07,2.4,2.1,2.4,2.0,2.3,2.6,2.6,7.6,1.5,2.3,2.9,2.8,-0.8,3.1,14.9,25.3,-5.3,-6.0,1.8,0.7,0.6,2.2,0.0,1.8,2.6,2.6,2.7,3.2,1.9,-0.4,0.0,0.1,-6.7,,0.6,-0.8,0.8,-0.1,2.3,0.1,3.0,3.3,4.7,2.4,5.2,2.2,2.7,1.4,2.0,1.8,1.2,7.2,1.0,2.1,11.0,2.5,3.1,3.0,-2.0,4.4,4.2,0.7,6.5,1.5,-1.9,1.5,0.6,2.5,1.4,1.7,3.0,0.9,0.0,4.7,-1.0,3.8,2.1,
1985-08,2.3,2.5,2.3,1.9,2.0,2.4,2.9,9.8,1.2,2.2,2.4,2.1,-0.8,3.2,11.0,19.2,10.5,10.4,1.7,0.7,0.4,2.0,0.0,2.0,2.4,2.6,2.5,3.1,1.9,-0.4,0.0,0.1,-6.9,,0.4,-1.2,0.2,-0.2,2.2,0.3,3.5,1.1,1.3,2.2,1.2,0.1,-0.7,1.5,1.6,1.0,1.3,7.3,1.3,2.2,11.0,2.6,2.9,2.5,0.1,4.4,4.2,0.7,6.5,2.5,-1.9,4.3,2.7,2.5,1.4,1.6,3.0,1.0,0.0,4.7,-1.3,3.8,2.7,
1985-09,1.7,1.8,1.7,1.9,2.4,2.9,0.5,-2.7,1.1,2.2,0.6,-0.4,-0.9,2.9,-4.7,-8.0,2.0,1.5,1.5,0.6,-0.1,1.8,0.0,2.0,2.4,2.7,2.7,3.1,2.0,-0.9,0.0,0.1,-9.6,,0.5,-0.4,-0.5,0.2,2.0,0.1,3.8,4.1,5.8,1.8,6.6,3.4,3.9,2.0,1.8,3.3,1.3,7.3,1.5,2.0,11.0,1.5,3.0,0.4,0.1,4.6,4.2,0.7,7.2,2.2,-1.6,3.0,2.2,2.7,1.3,1.5,3.0,1.0,0.0,3.2,-3.2,3.8,2.3,
1985-10,2.3,1.3,2.3,1.8,2.3,2.6,2.6,8.2,1.1,2.0,1.3,0.7,-1.0,4.5,6.6,11.0,15.2,15.3,1.5,0.9,0.4,1.7,0.0,2.1,2.6,2.6,2.7,3.2,1.8,-1.1,0.0,0.1,-10.8,,0.6,-0.7,0.1,0.6,1.9,0.1,3.9,3.4,4.4,1.4,5.2,2.8,3.3,2.0,1.5,2.5,1.2,3.4,1.8,1.9,4.4,1.6,3.5,0.2,0.1,4.5,4.1,0.7,7.2,2.4,-1.7,3.3,2.3,2.8,1.3,1.5,3.0,0.7,0.0,3.2,-3.5,3.8,2.7,
1985-11,1.9,1.4,1.9,1.8,2.4,2.7,1.4,2.0,1.5,1.8,2.1,1.6,-1.0,4.3,5.5,9.7,-4.1,-4.8,1.5,0.6,0.8,1.5,0.0,2.1,2.7,2.6,2.8,3.2,1.9,-1.1,0.0,0.1,-11.2,,0.6,-0.9,0.4,0.8,1.9,0.0,3.8,3.6,5.3,1.1,6.3,2.6,3.1,1.7,1.5,2.0,1.2,3.4,1.9,1.7,4.4,1.8,3.2,0.8,0.1,4.5,4.1,0.7,7.3,2.4,-1.4,3.3,2.4,2.8,0.7,1.4,0.8,0.3,0.0,3.2,-3.1,3.7,2.6,
1985-12,1.9,1.5,1.8,1.9,2.4,2.7,1.1,-0.1,1.4,1.7,1.4,1.1,-1.2,6.9,9.4,16.5,-15.2,-16.3,1.2,0.5,0.4,1.6,0.0,1.9,2.6,2.5,2.7,3.0,1.9,-0.9,0.0,0.0,-9.9,,0.7,-0.9,0.8,1.5,1.8,-0.2,3.7,3.9,5.7,1.1,6.7,2.5,2.9,1.8,1.4,2.8,1.0,3.3,1.9,1.4,4.4,2.1,3.4,1.5,0.2,4.5,4.1,0.7,7.3,2.3,-1.3,3.4,2.4,2.7,0.6,1.5,0.8,0.0,0.0,3.2,-2.5,3.8,2.4,
1986-01,1.5,1.4,1.4,1.3,1.7,1.8,1.7,3.4,1.2,1.4,0.3,-0.5,-1.3,7.1,11.6,17.9,-9.7,-10.4,0.9,0.4,0.6,1.8,0.0,1.7,2.6,2.4,2.6,2.7,1.9,-0.7,0.0,0.0,-9.3,2.5,-0.1,-1.7,0.9,0.6,0.9,0.0,3.1,1.9,2.7,0.4,3.1,1.2,1.1,1.4,1.2,1.2,0.9,2.3,1.4,1.1,3.2,1.6,3.6,0.9,0.0,4.4,4.0,0.7,6.5,0.7,-3.2,1.9,2.1,0.6,0.4,1.2,0.4,-0.5,0.0,1.9,-1.9,3.9,1.2,
1986-02,1.8,1.6,1.7,1.5,1.9,2.1,1.9,5.7,1.1,1.7,1.5,1.4,-1.2,3.0,14.2,22.8,-10.3,-11.1,0.9,0.5,0.4,1.7,0.0,1.8,2.5,2.3,2.6,2.7,1.7,-0.5,0.0,0.0,-8.0,2.6,0.2,-1.3,1.6,0.7,0.8,0.0,2.9,2.4,3.3,0.6,3.8,2.1,2.5,1.1,1.2,1.5,1.0,2.3,1.4,1.0,3.2,1.9,3.5,1.6,0.0,4.3,4.0,0.0,6.5,1.5,-3.0,3.1,1.9,1.8,0.4,1.1,0.3,-0.2,0.0,1.9,-1.5,3.7,1.8,
1986-03,1.3,1.4,1.1,1.2,1.7,1.9,0.9,-0.8,1.3,1.1,1.4,1.4,-1.3,6.4,5.3,8.0,-14.3,-15.1,0.8,0.7,0.6,1.9,0.0,1.9,2.5,2.3,2.5,2.6,1.8,-0.6,0.0,0.0,-8.3,2.7,0.2,-1.2,1.2,1.0,0.8,-0.1,2.9,2.3,3.5,0.5,4.0,1.7,1.9,1.0,1.3,1.7,1.0,0.7,1.4,0.9,0.3,1.2,3.7,0.1,0.0,4.3,4.0,0.0,6.4,1.3,-3.1,1.5,2.3,1.9,0.2,1.1,0.3,-0.8,0.0,1.9,-2.6,3.7,1.7,
1986-04,1.0,1.2,0.8,1.1,1.6,2.0,0.3,-3.7,1.2,1.0,0.5,-0.7,-1.2,5.4,-2.6,-4.6,-6.3,-6.8,0.8,0.9,0.6,1.4,0.0,1.8,2.5,2.1,2.5,2.4,1.8,-0.8,0.0,0.0,-9.8,2.4,0.1,-1.3,1.1,1.2,0.6,-0.2,3.1,2.4,3.4,0.8,3.9,2.0,2.5,0.9,1.2,1.9,1.1,2.0,1.3,0.8,2.6,0.6,3.6,-1.0,0.0,3.2,3.8,0.0,1.9,1.3,-3.1,-0.1,2.5,2.4,0.2,1.1,0.3,-1.1,0.0,2.9,-3.6,2.8,1.7,
1986-05,1.1,1.3,1.0,1.2,1.7,2.0,0.7,-1.1,1.1,1.0,0.4,-0.8,-1.3,3.1,4.3,6.5,-10.8,-11.3,0.5,1.2,1.3,1.0,0.0,1.8,2.4,2.2,2.5,2.4,1.8,-1.0,0.0,-0.1,-11.7,2.6,0.1,-1.3,1.4,1.0,0.5,-0.3,3.1,2.4,3.3,1.3,3.7,2.1,2.6,0.8,1.1,1.8,1.2,1.9,1.4,0.8,2.6,-1.1,1.6,-3.2,0.0,3.4,4.0,0.0,1.9,2.5,-3.2,2.7,6.0,2.4,2.8,0.9,0.3,-1.3,11.1,2.8,-4.2,2.8,2.3,
1986-06,0.6,0.8,0.4,0.6,1.7,2.0,0.2,-2.8,0.9,1.0,0.0,-1.4,-0.9,1.1,-2.9,-5.0,-1.6,-1.8,0.0,1.2,0.9,0.7,0.0,1.9,2.4,2.1,2.5,2.4,1.6,-6.4,-8.5,-5.3,-13.4,2.3,0.2,-1.1,1.1,1.4,0.4,-0.2,3.1,2.4,3.2,1.2,3.7,2.3,2.8,1.1,0.9,1.9,1.1,1.9,1.3,0.9,2.6,-1.4,1.6,-3.8,0.0,3.4,4.0,0.0,1.9,1.9,-3.5,0.9,6.1,2.3,3.0,0.9,0.8,-1.6,11.1,2.8,-9.2,2.8,1.8,
1986-07,0.1,0.6,-0.1,0.4,1.6,1.9,-0.8,-7.1,0.6,0.9,0.7,0.3,-0.9,-0.3,-12.3,-19.2,1.4,1.5,-0.3,1.0,0.7,0.3,0.0,1.7,2.5,2.0,2.6,2.5,1.5,-7.2,-8.5,-7.6,-14.9,2.3,0.1,-1.1,0.8,1.6,0.3,-0.1,3.1,2.3,3.2,1.0,3.7,2.0,2.4,1.0,0.8,1.8,1.1,1.9,1.1,0.6,2.7,-1.8,1.6,-4.5,0.0,3.4,4.0,0.0,1.9,1.7,-3.6,0.5,5.9,2.3,2.8,0.8,0.7,-1.7,11.1,2.8,-10.5,2.8,1.6,
1986-08,0.1,0.5,-0.2,0.3,1.5,1.8,-0.5,-5.5,0.6,1.0,1.2,0.9,-1.0,-1.4,-7.4,-11.9,-5.6,-5.8,-1.3,1.1,0.6,0.5,0.0,1.6,2.5,2.0,2.7,2.5,1.5,-7.5,-8.5,-7.8,-17.1,2.3,0.0,-1.1,0.8,1.3,0.3,-0.2,2.8,2.3,3.2,1.1,3.6,2.2,3.0,0.9,0.8,1.8,0.9,1.9,1.3,0.8,2.7,-2.0,1.6,-4.7,-0.9,3.4,4.0,0.0,1.9,1.6,-4.3,0.6,4.3,2.7,2.9,1.0,0.7,-1.9,11.1,2.8,-10.9,2.8,1.5,
1986-09,0.5,0.5,0.2,0.2,1.5,1.9,0.5,0.8,0.4,0.9,5.1,7.8,-1.1,-3.7,-1.1,-1.7,-5.7,-5.9,-1.8,1.0,1.1,0.2,0.0,1.6,2.5,2.0,2.7,2.5,1.4,-7.9,-8.5,-7.8,-20.2,2.4,0.0,-1.1,1.3,1.1,0.4,-0.5,2.8,2.0,2.4,1.1,2.6,2.7,3.6,0.6,0.8,1.3,1.0,2.0,1.4,0.9,2.7,-1.6,3.7,-5.2,-0.9,3.3,4.0,0.0,1.4,1.5,-5.0,0.3,4.5,2.6,2.9,1.0,0.7,-2.2,11.1,3.1,-11.4,2.8,1.9,
1986-10,-0.3,0.4,-0.6,0.1,1.5,1.8,-1.6,-9.8,0.5,0.6,2.2,2.7,-1.3,-3.0,-10.1,-15.6,-17.5,-18.0,-1.9,0.7,1.0,0.1,0.0,1.4,2.6,2.0,2.8,2.4,1.4,-8.5,-8.5,-7.8,-25.2,2.2,-0.2,-1.6,0.4,1.3,0.5,-0.3,2.7,2.1,2.5,1.2,2.7,2.3,3.3,0.4,0.9,1.3,1.0,2.0,1.6,0.8,2.7,-1.6,2.9,-4.6,-0.9,3.3,4.0,0.0,1.3,1.4,-5.3,0.1,4.6,2.6,2.9,0.9,0.7,-2.1,11.1,3.1,-12.2,2.8,1.8,
1986-11,0.0,0.2,-0.2,-0.1,1.4,1.8,-0.3,-2.8,0.2,0.5,1.0,1.0,-1.4,-2.1,-4.3,-6.9,-3.1,-3.1,-2.5,0.6,0.9,0.2,0.0,1.4,2.5,1.8,2.6,2.2,1.4,-9.2,-8.5,-7.9,-31.7,2.3,-0.2,-1.6,0.6,0.8,0.4,-0.2,2.5,1.6,1.6,1.0,1.7,2.6,3.5,0.5,1.0,1.3,1.1,2.1,1.8,0.7,2.6,-2.0,2.8,-5.3,-0.9,3.3,4.0,0.0,1.3,1.5,-5.5,0.9,4.6,2.3,2.9,1.0,0.7,-2.0,11.1,3.1,-13.4,2.7,1.9,
1986-12,-0.3,0.1,-0.5,-0.2,1.4,1.7,-0.9,-6.5,0.3,0.4,-0.5,-1.7,-1.4,-2.5,-9.3,-14.7,-1.6,-1.6,-2.3,0.7,0.6,0.1,0.0,1.4,2.3,1.9,2.6,2.3,1.3,-9.4,-8.5,-8.0,-34.4,2.3,-0.3,-1.6,0.8,0.3,0.3,-0.3,2.5,1.8,1.9,1.5,2.0,2.7,3.8,0.3,0.9,1.1,1.0,2.0,2.1,0.4,2.6,-2.4,2.6,-6.0,-0.9,3.3,4.0,0.0,1.3,1.1,-6.1,-0.6,4.5,2.3,2.9,1.0,0.6,-1.9,11.1,3.1,-14.1,2.7,1.6,
1987-01,-1.1,-0.3,-1.5,-0.6,1.1,1.7,-2.8,-14.2,0.0,0.4,0.1,-0.7,-1.4,-8.5,-18.9,-28.2,-10.8,-11.3,-2.3,0.6,0.9,0.2,-0.1,1.4,2.3,1.8,2.6,2.4,1.2,-11.4,-11.7,-9.7,-35.7,2.3,-0.2,-1.4,0.6,0.3,0.2,-0.4,2.6,1.0,1.0,1.8,0.8,1.6,2.3,0.3,0.7,1.0,1.1,2.8,2.1,0.3,4.0,-2.4,2.6,-6.1,-0.9,3.3,4.0,0.0,1.3,0.7,-6.2,-1.3,4.4,2.0,2.9,1.0,0.6,-1.7,11.1,3.1,-16.1,2.7,1.1,
1987-02,-1.0,-0.1,-1.4,-0.4,1.1,1.7,-2.9,-14.5,-0.2,0.1,-0.1,-0.9,-1.6,-8.5,-20.0,-30.0,-8.1,-8.5,-2.5,0.6,1.1,0.1,-0.1,1.4,2.5,1.9,2.7,2.5,1.1,-11.6,-11.7,-10.8,-33.6,2.2,-0.2,-1.5,1.1,0.0,0.3,-0.3,2.6,1.2,1.0,1.9,0.8,1.9,2.7,0.5,1.0,1.2,0.9,2.9,2.3,0.3,4.1,-1.4,2.5,-4.0,-0.9,3.3,4.0,0.0,1.3,0.8,-6.8,-1.0,4.6,2.1,2.8,1.0,0.5,-2.2,11.1,3.1,-14.5,2.7,1.3,
1987-03,-0.5,0.0,-0.8,-0.3,1.2,1.8,-1.7,-7.5,-0.4,-0.1,-0.8,-1.9,-1.5,-10.4,-10.0,-15.3,-4.0,-4.2,-2.7,0.6,1.4,-1.4,-0.1,1.1,2.4,1.9,2.7,2.6,1.1,-11.5,-11.7,-11.1,-32.4,2.1,-0.4,-1.8,1.0,-0.5,0.3,-0.3,2.6,1.4,1.4,2.0,1.3,2.3,3.2,0.8,0.9,1.1,0.9,2.9,2.4,0.4,4.1,-0.8,2.5,-2.8,-0.9,3.5,4.0,2.1,1.8,1.1,-6.8,0.0,4.1,2.3,3.0,1.0,0.5,-1.6,11.1,3.1,-13.7,2.7,1.5,
1987-04,0.1,0.1,-0.2,-0.2,1.1,1.8,-0.5,0.2,-0.7,-0.1,-0.2,-0.2,-2.0,-11.5,3.0,5.3,-6.5,-6.8,-2.8,0.3,1.4,-1.9,-0.1,1.0,2.5,2.2,2.7,3.0,1.1,-11.3,-11.7,-11.3,-29.5,1.5,-0.4,-1.7,0.9,-0.7,0.4,-0.5,2.2,1.3,1.0,0.9,1.0,2.2,3.1,0.7,1.1,0.9,0.9,1.6,2.4,0.5,1.6,0.6,2.6,-0.2,-0.9,3.4,3.6,2.1,2.7,0.9,-7.0,0.9,4.0,1.8,3.0,1.0,0.5,-1.2,11.1,1.5,-11.3,2.7,1.3,
1987-05,0.0,-0.2,-0.3,-0.5,0.7,1.4,-0.4,0.7,-0.6,-0.1,0.3,0.9,-1.8,-10.1,-0.7,-0.6,2.4,2.5,-2.5,0.4,0.7,-2.2,-0.1,1.0,2.3,2.0,2.5,2.8,0.9,-11.1,-11.7,-11.2,-27.8,1.1,-0.7,-2.2,0.9,-1.1,0.4,-0.5,2.0,1.4,1.3,0.9,1.3,2.2,3.0,0.7,1.1,1.1,0.8,1.7,2.4,0.6,1.6,0.9,2.6,0.8,-0.9,3.4,3.7,2.1,2.7,0.2,-7.3,0.0,0.6,1.8,0.4,1.1,0.5,-0.8,0.0,1.5,-10.6,2.8,0.7,
1987-06,0.3,0.3,0.0,0.0,0.8,1.4,-0.5,0.2,-0.7,-0.1,-1.0,-1.1,-2.3,-10.0,5.4,9.7,-9.3,-9.7,-2.5,0.1,1.1,-2.6,-0.1,0.8,3.2,2.3,3.6,3.5,1.0,-6.1,-3.5,-6.3,-26.5,1.2,-0.8,-2.2,1.2,-1.9,0.3,-0.5,1.9,1.4,1.4,1.3,1.3,2.3,3.1,0.6,1.2,1.0,0.7,1.7,2.4,0.6,1.6,1.5,3.0,1.3,-0.9,3.4,3.7,2.1,2.7,0.2,-7.6,0.1,0.6,2.0,0.2,1.0,0.0,-0.5,0.0,1.5,-5.7,2.8,0.8,
1987-07,0.1,0.5,-0.4,0.1,0.9,1.6,-1.7,-6.6,-0.6,0.0,-1.7,-3.0,-2.3,-9.9,-6.5,-10.4,-6.9,-7.3,-2.7,0.1,1.4,-2.5,-0.1,0.9,3.3,2.5,3.7,3.6,1.1,-5.2,-3.5,-4.0,-25.3,1.1,-0.8,-2.1,1.2,-2.1,0.3,-0.7,1.8,0.4,0.0,1.0,-0.3,1.1,1.4,0.6,0.8,0.7,0.7,1.6,2.4,0.6,1.6,1.9,3.0,2.2,-0.9,3.4,3.7,2.1,2.7,0.4,-8.1,0.6,0.6,2.0,0.4,1.3,0.1,-0.3,0.0,1.5,-4.4,2.8,1.0,
1987-08,0.4,0.6,0.1,0.2,1.0,1.7,-1.2,-3.5,-0.7,-0.1,-3.8,-6.3,-2.4,-9.2,1.4,2.7,-7.0,-7.3,-2.2,0.1,1.4,-2.7,-0.1,0.8,3.3,2.5,3.7,3.6,1.2,-4.9,-3.5,-3.8,-23.3,1.1,-0.9,-2.3,1.1,-2.5,0.1,-0.7,1.8,1.2,1.3,1.0,1.3,1.7,2.3,0.7,0.8,1.0,0.9,1.6,2.2,0.5,1.6,2.3,2.9,2.7,0.0,3.4,3.7,2.1,2.7,0.4,-8.1,0.1,0.8,1.9,0.3,1.0,0.0,-0.1,0.0,1.5,-3.6,2.8,1.0,
1987-09,0.8,0.5,0.6,0.2,0.8,1.4,0.5,5.9,-0.7,-0.1,-3.1,-5.2,-2.3,-9.1,13.3,22.8,1.4,1.6,-1.9,0.1,0.9,-2.4,-0.1,0.8,3.2,2.6,3.6,3.5,1.4,-4.4,-3.5,-3.8,-20.4,1.0,-0.9,-2.5,0.9,-2.5,0.2,-0.4,1.6,0.9,0.8,1.0,0.9,1.3,1.7,0.3,1.0,0.9,0.9,1.5,2.0,0.3,1.6,1.7,0.9,3.0,0.1,3.4,3.7,2.1,3.1,0.5,-8.0,1.2,0.9,1.7,0.4,0.9,0.1,0.2,0.0,2.6,-3.1,2.9,0.6,
1987-10,0.7,0.5,0.5,0.2,0.7,1.3,0.2,4.4,-0.8,-0.1,-2.9,-4.7,-1.9,-8.3,8.1,13.9,6.2,6.4,-1.8,0.1,0.5,-2.3,-0.1,0.8,3.2,2.6,3.4,3.5,1.5,-3.8,-3.5,-3.8,-15.2,1.0,-0.7,-1.9,1.0,-2.1,0.1,-0.6,1.8,1.0,1.0,0.9,1.0,1.3,1.8,0.3,1.0,0.8,0.8,1.4,1.7,0.4,1.6,1.4,0.9,2.4,0.1,3.5,3.7,2.1,3.2,0.0,-8.4,-0.6,1.0,1.6,0.4,0.9,0.0,0.3,0.0,2.6,-2.2,2.9,0.2,
1987-11,0.7,0.6,0.4,0.3,0.7,1.4,-0.2,2.3,-0.7,-0.4,-2.5,-4.2,-1.7,-9.8,8.8,15.7,-5.2,-5.5,-1.6,0.1,0.6,-2.4,-0.1,0.8,3.0,2.6,3.3,3.5,1.5,-2.9,-3.5,-3.7,-6.1,1.3,-0.8,-2.1,0.8,-1.9,0.1,-0.7,1.7,0.9,1.0,0.8,1.1,1.0,1.6,0.2,0.9,0.6,0.9,1.3,1.6,0.3,1.6,1.6,0.9,2.6,0.1,3.5,3.7,2.1,3.2,0.2,-8.9,-0.2,1.0,1.9,0.4,0.9,0.0,0.5,0.0,2.6,-1.0,2.9,0.4,
1987-12,0.8,0.6,0.5,0.4,0.7,1.3,0.1,4.2,-0.7,-0.6,-2.7,-5.0,-1.5,-10.2,16.0,28.2,-13.5,-14.1,-1.9,0.1,1.1,-2.4,-0.1,0.8,2.9,2.6,3.1,3.4,1.6,-2.7,-3.5,-3.6,-3.7,1.3,-0.8,-2.2,0.8,-1.7,0.1,-0.8,1.7,1.0,0.9,0.9,0.9,1.1,1.5,0.4,1.1,0.7,0.9,1.3,1.3,0.4,1.6,1.7,0.8,3.1,0.1,3.5,3.7,2.1,3.2,0.7,-9.1,2.0,1.0,1.9,0.4,0.9,0.1,0.5,0.0,2.6,-0.6,2.9,0.7,
1988-01,0.9,0.7,0.7,0.5,0.8,1.3,0.3,4.7,-0.6,-1.2,-1.9,-4.0,-1.6,-5.5,15.2,26.4,-11.0,-11.5,-1.8,0.0,0.4,-2.7,0.0,0.8,2.9,2.7,3.1,3.4,1.7,-1.9,-2.4,-2.7,-3.2,1.3,-0.9,-2.3,0.8,-2.0,0.4,-0.9,1.7,0.8,0.6,1.0,0.6,1.3,1.8,0.3,1.1,0.5,0.9,0.5,1.2,0.3,0.3,1.6,0.8,2.9,0.1,3.5,3.7,2.1,3.2,0.7,-9.1,2.0,0.9,2.2,0.4,0.8,0.1,0.6,0.0,2.6,0.2,2.9,0.8,
1988-02,0.7,0.5,0.6,0.2,0.7,1.1,0.5,5.3,-0.4,-1.2,-1.5,-3.4,-1.4,-4.2,14.2,24.8,-6.6,-6.8,-1.6,-0.2,0.2,-3.1,0.0,0.7,2.8,2.6,3.0,3.4,1.8,-1.9,-2.4,-1.6,-8.4,1.4,-0.7,-2.1,0.6,-1.5,0.5,-0.8,1.7,0.2,-0.1,0.7,-0.2,0.4,0.4,0.6,0.8,0.3,1.0,0.4,1.0,0.3,0.2,0.5,0.8,0.5,0.1,3.5,3.7,2.1,3.2,0.7,-8.6,1.9,0.9,2.0,0.5,0.8,0.1,0.9,0.0,2.6,-1.8,2.9,0.7,
1988-03,0.7,0.4,0.5,0.2,0.6,1.1,0.6,5.2,-0.3,-1.1,-1.2,-3.4,-1.6,-2.1,13.0,21.5,-4.2,-4.2,-1.5,-0.3,0.0,-2.3,0.0,0.9,2.8,2.7,3.0,3.4,1.8,-2.0,-2.4,-1.5,-10.7,1.4,-0.6,-2.0,1.2,-1.2,0.4,-1.0,1.7,0.4,0.3,0.4,0.2,0.4,0.4,0.3,0.7,0.5,1.0,0.4,0.9,0.3,0.2,-0.2,0.7,-0.2,-1.7,3.3,3.7,0.0,2.7,0.5,-8.6,1.8,0.7,1.7,0.4,0.8,0.1,0.9,0.0,2.6,-2.6,2.8,0.6,
1988-04,0.3,0.3,0.0,0.1,0.7,1.1,-0.2,-0.5,-0.1,-1.2,-0.6,-2.8,-1.0,-2.5,1.8,2.6,-2.2,-2.1,-1.6,-0.1,-0.1,-2.1,0.0,0.8,2.7,2.6,2.9,3.1,1.9,-2.4,-2.4,-2.0,-13.4,1.6,-0.6,-2.1,1.5,-1.4,0.3,-0.9,2.1,0.8,0.6,0.9,0.5,1.3,1.6,0.7,0.7,0.7,1.1,0.2,0.9,0.4,-0.2,-1.1,0.8,-1.9,-1.7,3.4,3.7,0.0,2.9,0.4,-8.7,0.7,0.7,1.9,0.5,0.8,0.1,0.9,0.0,3.0,-4.6,2.8,0.5,
1988-05,0.2,0.4,-0.1,0.2,0.8,1.2,-0.6,-2.1,-0.3,-1.2,0.2,-1.5,-1.0,-3.0,-1.5,-2.7,-2.4,-2.4,-1.5,-0.4,0.0,-1.9,0.0,0.8,2.6,2.6,2.9,2.9,2.0,-2.6,-2.4,-2.4,-13.9,1.6,-0.3,-1.4,1.2,-0.9,0.3,-1.0,2.1,1.0,1.1,1.0,1.2,1.0,1.3,0.7,0.7,0.8,1.0,0.2,0.9,0.7,-0.2,-1.2,0.8,-2.3,-1.7,3.4,3.7,0.0,2.9,0.6,-8.6,1.3,0.9,2.1,0.4,0.8,0.1,0.7,0.0,3.0,-4.9,2.7,0.7,
1988-06,0.2,0.3,0.0,0.1,0.7,1.0,-0.3,-1.1,-0.1,-1.2,0.2,-1.9,-0.7,-2.0,-1.3,-2.6,2.1,2.5,-1.4,-0.3,-0.2,-1.8,0.0,0.8,1.7,2.1,1.7,2.3,1.9,-2.5,-2.4,-2.5,-14.1,2.1,-0.5,-1.8,1.1,-0.5,0.4,-1.1,2.0,0.9,0.8,0.6,1.0,0.9,1.1,0.7,0.8,0.8,1.2,0.4,0.9,0.7,0.2,-1.3,0.6,-2.1,-1.7,3.3,3.7,0.0,2.9,0.4,-9.4,1.1,0.8,1.7,0.4,1.0,0.0,0.7,0.0,3.0,-4.8,2.8,0.4,
1988-07,0.5,0.2,0.5,0.1,0.5,0.8,0.9,5.9,-0.1,-1.2,-1.7,-4.9,-0.7,-2.0,10.0,16.8,8.7,9.3,-1.0,-0.2,-0.3,-1.8,0.0,0.7,1.5,1.9,1.4,2.0,1.8,-2.5,-2.4,-2.5,-13.8,2.1,-0.4,-1.7,1.2,-0.4,0.4,-0.8,2.1,1.1,1.2,1.0,1.2,0.9,1.1,0.7,0.8,0.9,1.1,0.4,0.8,0.6,0.2,-1.1,0.6,-2.0,-1.7,3.3,3.7,0.0,2.9,0.4,-9.0,1.1,0.8,1.6,0.4,0.9,-0.2,0.7,0.0,3.0,-4.6,2.8,0.4,
1988-08,0.7,0.3,0.6,0.2,0.6,0.9,1.4,7.7,0.1,-1.2,0.0,-2.1,-0.5,0.2,10.7,17.1,9.1,9.8,-0.7,-0.4,-0.2,-1.9,0.0,0.8,1.5,1.9,1.4,2.0,1.7,-2.5,-2.4,-2.5,-13.5,2.1,-0.2,-1.6,1.6,0.0,0.5,-0.9,2.1,0.8,0.8,1.0,0.8,0.9,1.0,0.6,0.7,0.6,1.0,0.4,0.6,0.6,0.2,-0.9,0.7,-1.4,-1.7,3.3,3.7,0.0,2.9,0.4,-8.7,1.1,0.6,1.7,0.4,0.9,-0.1,0.4,0.0,3.0,-4.1,2.8,0.4,
1988-09,0.6,0.4,0.5,0.3,0.7,1.0,0.7,3.3,0.1,-1.2,-2.0,-5.6,-0.5,0.8,8.0,11.8,3.1,3.4,-0.5,-0.3,-0.1,-1.6,0.0,0.7,1.6,1.9,1.5,2.1,1.6,-2.5,-2.4,-2.5,-13.5,2.2,-0.2,-1.2,1.2,0.0,0.6,-1.2,2.1,2.1,2.9,1.2,3.1,1.7,2.0,1.3,0.8,0.9,0.9,0.4,0.6,0.7,0.3,-0.7,0.7,-1.1,-1.7,3.3,3.7,0.0,2.5,0.3,-8.7,0.5,0.5,1.8,0.3,0.9,-0.2,0.4,0.0,1.6,-4.0,2.6,0.4,
1988-10,1.1,0.5,1.0,0.4,0.9,1.2,2.0,9.7,0.3,-1.2,-0.9,-4.2,-0.6,0.7,20.7,31.8,-2.5,-2.4,-0.6,-0.6,0.3,-1.7,0.0,0.8,1.6,2.0,1.7,2.5,1.5,-2.6,-2.4,-2.5,-13.6,2.2,-0.4,-1.6,1.1,-0.4,0.8,-1.1,2.0,1.9,2.4,1.4,2.7,1.5,1.5,1.5,0.9,0.9,1.0,0.4,0.6,0.7,0.3,-0.7,0.7,-1.3,-1.7,3.2,3.7,0.0,2.4,1.2,-8.1,3.9,0.7,1.9,0.3,1.0,-0.2,0.3,0.0,1.6,-4.0,2.6,1.1,
1988-11,1.2,0.6,1.1,0.5,1.0,1.2,2.2,11.0,0.5,-1.0,0.0,-2.7,-0.5,3.1,19.2,30.0,2.3,2.7,-0.3,-0.6,0.3,-1.4,0.0,0.8,1.9,2.3,2.0,2.6,1.5,-2.7,-2.4,-2.5,-15.8,1.8,-0.3,-1.3,1.2,-0.4,0.8,-1.4,2.1,2.4,3.2,1.2,3.5,1.7,1.7,1.6,1.0,0.8,0.8,0.4,0.4,0.7,0.3,-0.7,0.7,-1.2,-1.6,3.2,3.7,0.0,2.4,1.1,-7.7,3.8,0.1,1.7,0.3,1.0,-0.1,0.2,0.0,1.6,-4.2,2.6,1.0,
1988-12,1.0,0.7,0.9,0.5,1.0,1.3,1.3,5.5,0.5,-0.7,0.0,-2.7,-0.6,5.0,5.7,8.0,15.5,16.5,-0.1,-0.6,0.1,-1.4,0.0,0.8,2.1,2.3,2.1,2.7,1.6,-2.7,-2.4,-2.5,-15.0,1.8,-0.2,-1.3,1.1,-0.6,1.1,-1.4,2.1,2.4,3.4,1.5,3.6,1.8,1.8,1.8,0.9,0.8,1.0,0.4,0.4,0.7,0.2,-0.6,0.8,-1.2,-1.6,3.2,3.7,0.0,2.4,0.6,-6.8,1.2,0.2,1.7,0.4,1.2,-0.1,0.1,0.0,1.6,-4.0,2.6,0.6,
1989-01,1.1,0.8,0.9,0.6,1.0,1.4,1.2,5.0,0.4,-0.1,-0.1,-2.4,-0.6,1.7,4.6,6.2,15.8,17.0,-0.1,-0.3,0.5,-1.2,0.0,0.8,2.1,2.2,2.1,2.6,1.6,-1.2,0.0,-1.6,-12.8,1.9,-0.4,-1.7,1.2,-0.7,0.9,-1.3,1.9,2.7,4.0,1.8,4.3,1.7,1.7,1.8,1.0,0.6,0.9,0.4,0.2,1.1,0.2,-0.4,0.9,-0.9,-1.4,3.2,3.7,0.0,2.5,0.8,-6.4,0.6,0.8,1.9,0.4,1.4,-0.1,0.1,0.0,1.6,-2.6,2.6,0.8,
1989-02,1.0,0.9,0.8,0.8,1.1,1.5,0.6,2.0,0.3,-0.2,0.9,-0.7,-0.8,-1.1,0.6,0.0,10.8,11.5,-0.1,-0.2,0.8,-0.5,0.0,1.0,2.0,2.3,2.1,2.6,1.7,-0.8,0.0,-1.6,-9.5,1.8,-0.7,-2.3,0.7,-0.2,1.0,-1.6,1.9,2.5,3.7,1.9,4.1,1.8,1.8,1.6,1.0,0.6,0.9,0.4,0.1,1.0,0.2,-0.4,1.0,-0.2,-3.1,3.2,3.7,0.0,2.5,1.7,-6.3,1.0,6.4,1.9,0.3,1.5,-0.1,-0.6,0.0,1.6,-1.7,2.6,1.6,
1989-03,1.1,1.1,0.9,0.9,1.3,1.5,0.6,1.5,0.4,-0.2,1.3,0.4,-0.3,-0.4,-0.1,-1.0,7.6,8.1,-0.2,-0.1,0.4,-0.1,0.0,1.0,2.2,2.3,2.2,2.6,1.7,-0.7,0.0,-1.4,-7.9,1.8,-0.7,-2.2,-0.1,-0.4,1.2,-1.7,1.9,2.5,3.5,2.2,3.9,2.2,2.3,1.8,1.2,0.9,1.1,0.4,0.1,0.9,0.2,0.2,0.9,0.3,-1.3,3.5,3.7,0.0,3.9,1.8,-6.8,0.8,6.3,2.1,0.5,1.9,-0.1,-0.4,0.0,1.6,-1.0,2.9,1.6,
1989-04,2.4,2.5,2.4,2.4,2.7,2.4,2.6,1.5,2.8,2.2,2.3,0.3,1.7,3.8,0.3,-2.0,9.3,9.7,2.1,2.3,3.3,2.1,-1.6,4.2,2.7,3.3,2.5,3.0,3.8,-1.2,-2.6,-0.3,-5.2,2.4,0.5,-2.8,2.3,2.3,3.5,0.3,3.8,4.4,5.5,4.8,5.8,3.3,2.7,4.3,3.4,3.2,2.5,2.3,2.5,4.3,1.5,1.1,2.6,0.0,1.0,4.2,4.2,2.9,4.5,3.2,-9.1,1.2,9.2,4.2,1.5,3.8,1.2,1.1,0.0,0.1,-0.5,3.8,3.0,
1989-05,2.9,2.8,3.0,2.7,3.0,2.8,3.4,5.1,3.0,2.3,3.1,1.9,1.8,5.3,8.0,10.2,2.5,2.6,1.8,2.4,3.6,2.2,-1.6,4.4,2.9,3.4,2.6,3.0,3.9,-0.7,-3.2,1.4,-4.7,2.7,0.6,-2.8,2.2,2.3,3.7,0.1,4.1,4.3,4.9,5.1,4.9,3.9,3.7,4.4,3.3,3.3,2.8,2.2,2.4,3.9,1.5,1.4,2.8,0.2,1.8,4.1,4.1,2.9,4.5,4.5,-8.8,6.2,9.2,4.4,1.7,4.1,1.2,1.2,0.0,0.1,0.0,3.7,4.1,
1989-06,3.0,2.9,3.0,2.8,3.0,2.8,3.6,5.7,3.2,2.2,3.4,2.7,1.9,8.7,7.3,9.2,4.7,4.8,2.0,2.0,3.5,2.3,-1.6,4.5,3.3,3.7,3.3,3.3,4.1,-0.6,-3.2,1.6,-3.3,2.4,0.8,-2.4,2.6,1.9,3.9,0.2,4.3,4.6,5.1,5.2,5.1,4.7,4.9,4.0,3.3,3.5,2.8,2.0,2.5,3.9,1.1,1.7,2.9,0.6,1.8,4.1,4.2,2.9,4.5,3.9,-7.3,3.3,9.2,4.4,1.7,4.1,1.3,1.2,0.0,0.1,0.4,3.7,3.6,
1989-07,3.0,3.0,3.0,2.9,3.1,2.8,3.5,4.7,3.3,2.2,2.3,1.1,2.1,9.4,5.7,6.7,7.0,7.3,1.7,2.2,3.7,2.5,-1.6,4.5,3.4,3.7,3.3,3.4,4.2,-0.5,-3.2,1.6,-1.1,2.6,0.7,-2.7,2.3,2.0,4.0,-0.1,4.3,4.4,5.0,5.0,4.9,4.2,4.2,4.0,3.3,3.3,2.9,2.1,2.5,4.0,1.2,1.7,2.9,1.0,1.8,4.1,4.2,2.9,4.5,4.0,-7.2,3.3,9.2,4.7,1.6,4.0,1.2,1.2,0.0,0.1,0.9,3.7,3.7,
1989-08,2.6,2.9,2.5,2.8,3.0,2.8,2.2,-1.4,3.0,2.2,1.4,0.0,2.0,5.8,-3.9,-8.7,7.9,8.1,1.6,2.3,3.7,2.6,-1.6,4.5,3.4,3.8,3.3,3.4,4.4,-0.3,-3.2,1.6,-0.7,2.7,0.7,-2.6,2.2,2.1,4.1,-0.1,4.4,4.7,5.4,5.1,5.4,4.0,4.1,3.9,3.5,3.3,3.0,1.9,2.5,3.8,1.2,1.6,2.9,0.5,1.8,4.1,4.2,2.9,4.5,3.8,-7.3,2.4,9.2,4.6,1.7,4.3,1.2,1.5,0.0,0.1,0.5,3.7,3.6,
1989-09,2.6,2.9,2.6,3.0,3.2,3.0,2.3,-1.7,3.2,2.2,0.3,-1.7,1.9,8.2,-1.3,-4.2,2.6,2.6,1.7,2.6,4.1,2.3,-1.6,4.6,3.3,3.8,3.2,3.3,4.6,-0.3,-3.2,1.6,0.4,2.6,0.7,-2.4,1.9,2.0,3.9,0.0,4.5,5.5,6.1,5.3,6.3,6.1,7.0,4.1,3.5,3.8,3.1,2.0,2.5,4.0,1.1,1.5,2.9,0.4,1.7,4.2,4.2,2.9,4.9,3.9,-6.8,3.2,9.3,4.4,1.8,4.4,1.2,1.6,0.0,0.1,0.6,3.7,3.5,
1989-10,2.9,2.9,2.9,3.0,3.1,2.9,3.0,2.9,3.1,2.3,1.2,0.3,2.0,6.4,-0.6,-2.7,16.6,17.2,2.0,2.8,3.8,2.6,-1.6,4.6,3.3,3.7,3.0,2.9,4.9,0.0,-3.2,1.6,2.7,2.6,0.9,-1.8,1.8,2.0,3.6,0.1,4.5,5.7,6.5,5.9,6.6,6.3,7.4,4.0,3.4,3.8,3.1,1.9,2.4,3.7,1.1,1.6,3.0,0.6,1.7,4.2,4.2,2.9,4.9,3.8,-6.8,1.9,9.2,4.7,1.8,4.4,1.3,1.6,0.0,0.1,0.7,3.7,3.5,
1989-11,2.3,2.9,2.3,3.0,3.1,2.8,1.2,-7.7,3.2,2.5,1.5,1.0,2.2,6.9,-14.6,-24.0,13.1,13.6,1.9,3.0,3.7,2.5,-1.6,4.5,3.1,3.7,2.8,2.9,4.9,0.5,-3.2,1.6,11.3,2.6,0.9,-1.8,1.7,2.2,3.7,-0.1,4.5,5.5,6.3,6.1,6.3,6.2,7.2,3.9,3.4,4.3,3.3,1.9,2.4,3.4,1.1,1.6,3.0,0.6,1.6,4.2,4.2,2.9,4.9,3.3,-6.0,-0.4,9.4,4.7,1.9,4.4,1.2,1.7,0.0,0.1,1.5,3.7,3.1,
1989-12,2.6,2.9,2.6,2.9,3.1,2.8,2.2,-1.1,2.9,2.6,2.8,3.5,2.2,2.7,-5.9,-11.4,11.3,11.7,1.8,2.9,3.6,2.5,-1.6,4.5,3.1,3.7,2.8,2.9,4.8,0.8,-3.2,1.6,16.3,2.6,0.9,-1.6,1.5,1.9,3.6,-0.1,4.5,5.4,6.1,6.2,6.1,5.8,6.6,3.9,3.3,4.4,3.2,1.9,2.4,3.4,1.1,1.7,3.0,0.8,1.6,4.2,4.2,2.9,4.9,3.9,-6.0,1.3,9.8,4.8,1.7,4.2,1.1,1.8,0.0,0.1,1.8,3.7,3.6,
1990-01,3.0,3.0,3.2,3.1,3.2,2.9,3.4,4.7,3.1,2.7,3.7,5.0,2.5,4.4,2.7,1.9,9.4,9.7,1.9,3.3,3.6,2.5,-1.6,4.6,3.3,3.9,3.0,3.0,5.0,0.8,-3.2,1.6,16.7,2.6,0.9,-1.3,1.0,1.8,3.6,-0.4,4.5,5.2,5.5,6.2,5.5,5.7,6.4,4.3,3.4,4.8,3.2,1.1,2.5,-0.7,1.1,1.6,2.8,0.9,1.4,4.2,4.2,2.9,4.8,4.8,-5.9,3.6,9.0,5.8,1.8,3.9,1.1,2.0,0.0,0.1,2.1,3.8,4.3,
1990-02,3.6,3.0,3.8,3.1,3.1,2.8,5.3,14.4,3.4,2.8,2.8,3.4,2.8,10.8,17.3,24.9,14.2,14.7,1.5,3.3,3.3,2.1,-1.6,4.4,3.3,3.8,3.0,2.9,4.9,0.9,-3.2,1.9,17.7,2.6,1.1,-0.9,1.7,1.1,3.4,0.0,4.5,5.4,5.9,6.2,5.8,5.7,6.3,4.5,3.5,5.3,3.2,1.1,2.6,-0.6,1.1,1.8,2.8,0.6,3.2,4.3,4.2,4.1,4.8,3.9,-4.0,3.6,4.2,5.1,1.9,3.9,1.1,3.1,0.0,0.1,1.7,4.0,3.5,
1990-03,3.5,3.1,3.7,3.2,3.2,2.9,4.9,10.8,3.5,2.8,3.3,4.1,2.8,7.3,12.3,16.5,11.9,12.2,1.2,3.3,3.9,2.1,1.5,4.4,3.3,3.8,2.9,2.9,5.2,1.1,-3.2,1.9,19.4,2.6,0.9,-1.2,2.2,1.1,3.4,-0.1,4.5,5.7,6.6,6.0,6.6,6.0,6.8,4.7,3.6,4.9,3.3,1.1,2.5,-0.8,1.1,1.9,3.0,0.7,3.2,4.2,4.2,4.1,4.4,3.8,-3.2,4.1,4.2,4.8,1.9,3.5,1.1,3.4,0.0,0.1,2.0,3.9,3.5,
1990-04,2.5,2.1,2.6,2.0,2.1,2.3,2.9,10.4,1.3,0.6,2.6,5.1,0.8,4.7,13.0,19.3,4.6,4.7,-0.2,1.3,0.6,0.2,3.2,1.6,2.9,2.9,2.8,2.4,3.6,1.9,-0.7,1.8,18.1,1.4,-0.2,-0.9,-0.4,-1.0,1.2,-1.8,2.3,4.4,5.1,4.1,5.2,5.3,7.0,1.7,1.6,2.5,2.1,0.2,0.2,-4.2,1.7,0.9,1.4,1.3,-0.9,5.2,5.4,1.1,5.5,3.2,-0.1,2.1,1.5,4.7,0.9,1.7,-0.2,1.9,0.0,0.0,2.1,4.3,2.8,
1990-05,2.7,2.1,2.6,2.0,2.1,2.5,3.2,11.3,1.5,0.4,2.8,5.7,1.2,5.3,12.2,17.7,9.4,9.7,0.3,1.7,0.8,0.0,3.2,1.6,2.9,3.1,2.7,2.5,3.8,1.8,0.0,0.8,17.7,1.5,-0.3,-1.2,0.3,-0.9,1.1,-1.5,2.2,4.9,5.7,3.6,6.1,5.9,8.0,1.7,2.1,2.5,2.1,0.1,0.2,-4.4,1.7,0.7,1.2,1.5,-1.7,5.2,5.4,1.1,5.5,3.1,0.0,1.2,1.6,4.8,0.7,1.5,-0.4,2.2,0.0,0.0,2.0,4.4,2.7,
1990-06,2.2,2.0,2.1,1.9,2.0,2.4,1.9,4.6,1.4,0.6,1.0,2.1,2.0,2.7,0.9,-0.4,14.9,15.5,0.2,2.3,1.1,0.2,3.2,1.4,2.8,3.1,2.5,2.3,4.1,1.8,0.0,1.3,16.5,1.3,-0.3,-1.4,0.0,-0.1,1.1,-1.2,2.1,4.4,5.5,3.6,5.8,4.4,5.6,2.0,2.3,2.5,2.2,0.2,0.1,-4.2,1.7,0.4,0.7,1.1,-1.7,5.2,5.4,1.1,5.5,2.7,-0.1,0.1,1.6,4.5,0.9,1.6,-0.5,2.5,0.0,0.0,1.8,4.4,2.4,
1990-07,2.3,2.0,2.2,2.0,2.1,2.4,2.3,5.9,1.5,0.8,2.3,4.0,2.6,1.3,6.1,7.7,5.8,5.9,1.2,2.2,0.9,0.1,3.2,1.7,2.8,3.2,2.6,2.4,4.3,1.8,0.0,1.6,14.0,1.0,-0.2,-1.5,0.0,-0.2,1.2,-0.9,2.1,4.6,5.5,3.4,5.9,5.1,6.6,2.1,3.0,2.7,2.3,0.1,0.1,-4.2,1.6,0.4,0.7,0.9,-1.7,5.2,5.4,1.1,5.5,3.0,0.3,1.1,1.7,4.6,0.8,1.6,-0.7,2.4,0.0,0.0,1.5,4.4,2.6,
1990-08,2.9,2.3,2.9,2.2,2.4,2.5,3.9,12.1,2.1,1.1,3.5,5.2,3.0,4.8,13.6,20.4,10.3,10.5,2.8,2.5,1.8,0.3,3.2,1.7,2.9,3.2,2.7,2.4,4.1,1.8,0.0,1.9,13.7,0.9,-0.2,-1.4,-0.3,-0.6,1.4,-0.6,2.0,4.8,5.6,3.6,5.9,5.5,7.2,2.1,3.3,3.1,2.2,0.2,0.1,-4.0,1.6,0.5,0.7,1.0,-1.7,5.2,5.4,1.1,5.5,3.6,0.8,2.8,2.0,5.0,0.8,1.5,-0.7,2.5,0.0,0.0,1.7,4.4,3.2,
1990-09,3.0,2.5,3.0,2.4,2.4,2.5,4.0,10.4,2.6,1.5,5.8,8.6,3.6,6.8,6.1,7.2,17.6,18.2,4.1,2.8,2.1,0.5,3.2,1.8,3.0,3.1,2.8,2.5,4.0,2.1,0.0,2.2,15.8,0.9,0.0,-1.5,0.6,-0.4,1.4,-0.2,2.2,4.3,4.9,3.5,5.1,4.5,5.7,2.1,4.3,2.4,2.3,0.1,0.0,-4.3,1.7,0.6,0.7,1.3,-1.7,5.2,5.4,1.1,5.2,3.4,0.9,1.8,2.1,4.9,0.9,1.5,-0.7,3.5,0.0,0.0,1.9,4.3,3.0,
1990-10,3.5,2.9,3.5,2.8,2.6,2.4,4.9,12.9,2.9,2.0,5.7,7.6,3.6,4.6,11.7,15.0,15.8,16.3,5.3,3.3,3.3,0.3,3.2,1.9,3.0,3.2,2.9,2.6,4.0,4.1,0.0,2.7,41.9,0.9,0.0,-1.6,1.1,-0.8,1.8,-0.2,2.3,4.5,5.1,2.9,5.6,4.2,5.1,2.1,4.7,2.8,2.4,0.3,0.5,-4.0,1.7,2.0,0.6,4.3,-1.7,5.2,5.4,1.1,5.4,2.8,0.9,0.1,1.9,4.5,1.0,1.6,-0.6,3.9,0.0,0.0,6.7,4.4,2.4,
1990-11,4.2,3.2,4.2,3.2,2.8,2.8,6.3,21.4,3.2,2.4,5.1,6.1,3.5,4.9,27.6,42.3,13.4,13.9,7.3,3.8,3.5,0.5,3.2,2.1,3.4,3.2,3.2,2.6,4.3,5.5,0.0,5.0,48.1,0.9,0.2,-1.5,1.3,-1.0,2.1,0.4,2.3,4.5,5.2,3.3,5.5,4.1,4.9,2.0,4.9,2.7,2.6,0.5,1.0,-3.8,1.7,2.8,0.9,5.6,-1.6,5.2,5.4,1.1,5.4,3.6,0.3,3.1,2.0,4.7,1.0,1.7,-0.6,3.7,0.0,0.0,8.8,4.4,3.0,
1990-12,3.8,3.3,3.9,3.4,2.9,2.7,5.1,12.4,3.6,2.5,4.5,4.4,3.6,6.3,16.0,21.7,9.8,10.1,8.0,4.0,4.7,0.6,3.2,2.3,3.5,3.5,3.2,2.6,4.7,5.8,0.0,6.3,45.7,1.3,0.4,-1.6,1.6,-0.8,2.7,0.7,2.5,4.7,5.5,2.8,6.1,4.0,5.0,2.0,5.3,2.7,3.0,0.5,1.4,-3.9,1.7,2.8,1.1,5.7,-1.6,5.2,5.4,1.1,5.4,3.3,0.0,1.8,2.2,4.8,1.2,1.9,-0.5,3.8,0.0,0.0,9.1,4.5,2.8,
1991-01,4.0,3.2,4.2,3.2,2.9,2.5,6.2,17.8,3.8,2.9,5.1,5.6,3.9,7.1,21.4,29.8,18.1,18.8,8.3,4.2,4.8,0.7,3.8,2.5,3.1,3.3,2.9,2.6,4.4,4.9,0.0,6.2,42.8,1.4,-0.2,-4.2,1.8,-0.4,2.8,1.2,7.4,4.2,4.8,2.5,5.1,3.7,4.5,1.8,5.3,2.3,2.9,0.9,1.5,-1.1,1.6,2.1,1.0,4.4,-1.9,5.1,5.2,1.2,5.5,3.6,-3.5,2.9,2.0,6.2,1.1,1.8,-0.5,3.4,0.0,0.0,7.7,4.4,3.0,
1991-02,3.6,3.2,3.6,3.2,2.9,2.5,5.0,9.9,4.0,2.9,5.4,6.2,4.0,6.4,11.5,13.6,9.2,9.2,8.9,4.4,4.8,1.1,4.6,2.6,3.2,3.4,2.9,2.6,4.7,4.4,0.0,6.3,34.0,1.4,0.1,-3.9,1.7,0.1,3.5,1.3,7.4,4.2,4.6,2.3,5.0,3.8,4.7,1.7,5.6,2.3,3.4,0.9,1.7,-1.4,1.6,1.9,0.9,3.8,-1.5,5.4,5.2,8.1,5.5,2.7,-2.3,2.0,1.6,4.4,1.5,2.1,-0.5,4.7,0.0,0.0,6.3,4.9,2.2,
1991-03,3.6,3.1,3.6,3.2,3.0,2.6,5.2,9.8,4.2,2.9,4.6,4.5,3.8,13.8,13.8,16.7,7.6,7.3,9.5,4.6,4.9,1.3,1.3,2.7,3.1,3.4,2.9,2.7,4.6,3.9,0.0,6.1,25.4,1.4,0.4,-3.6,1.4,0.6,3.9,1.8,7.5,4.4,4.8,2.6,5.1,4.1,5.1,1.9,6.0,2.7,3.5,1.0,2.0,-1.0,1.5,1.4,0.9,2.6,-1.4,5.6,5.2,8.1,6.3,3.0,-1.6,2.5,1.8,4.6,1.7,2.0,0.3,4.4,0.0,0.0,4.9,5.1,2.5,
1991-04,3.4,3.0,3.4,3.0,2.9,2.4,5.2,9.9,4.2,3.0,4.9,4.7,3.5,9.0,12.3,13.7,12.0,11.8,8.8,4.2,5.4,1.9,1.6,2.7,3.0,3.4,2.8,2.4,4.7,3.2,0.0,5.8,19.6,1.1,0.3,-3.0,1.3,0.3,4.4,1.6,2.0,4.3,4.6,2.5,4.9,3.5,4.2,1.8,6.0,2.9,3.6,0.5,2.2,-0.6,0.3,0.8,1.0,1.6,-1.9,4.6,4.4,8.1,5.1,3.0,-1.0,4.6,2.7,3.1,1.8,2.4,0.4,4.5,0.0,0.0,3.9,4.6,2.4,
1991-05,3.4,3.0,3.4,3.0,3.0,2.6,4.9,8.3,4.1,3.1,3.6,1.7,3.5,7.2,8.6,8.5,17.9,17.7,8.9,3.9,5.4,2.1,1.7,2.8,3.1,3.4,2.9,2.3,5.0,2.9,0.0,5.2,19.3,0.8,0.7,-2.7,1.3,0.2,4.8,2.0,1.8,4.7,5.5,2.7,5.9,3.6,3.9,2.6,6.1,3.0,3.8,0.4,2.2,-0.6,0.3,0.8,1.0,1.6,-1.9,4.6,4.4,8.1,5.1,2.7,-0.2,4.0,2.7,2.6,1.8,2.6,0.5,4.4,0.0,0.0,3.6,4.7,2.1,
1991-06,3.4,3.1,3.5,3.1,3.1,2.6,5.1,9.0,4.1,3.1,5.0,3.2,2.9,5.3,13.6,16.3,8.6,8.0,8.8,3.8,6.1,2.1,1.8,3.0,3.2,3.6,3.0,2.6,5.0,2.8,0.0,4.6,18.5,0.7,0.9,-2.0,1.1,0.0,5.1,2.3,1.8,5.0,5.7,2.9,6.2,4.3,4.9,2.5,6.1,2.8,3.8,0.4,2.2,-0.9,0.2,0.7,1.0,1.6,-1.9,4.6,4.3,8.1,5.1,3.2,0.1,4.0,2.8,3.5,2.0,2.7,0.6,4.6,0.0,0.0,3.4,4.7,2.5,
1991-07,3.5,3.1,3.5,3.1,3.1,2.7,5.3,10.9,4.0,2.8,5.0,3.0,2.6,5.5,15.6,19.8,11.0,10.4,7.8,3.6,6.2,2.1,1.8,2.9,3.4,3.7,3.0,2.6,5.3,2.6,0.0,4.1,18.4,0.7,1.1,-1.4,0.9,-0.3,5.4,2.4,1.8,4.6,5.5,3.0,5.8,3.7,4.3,2.4,5.8,2.7,3.9,0.5,2.2,-0.6,0.2,1.0,1.0,2.2,-1.9,4.6,4.3,8.1,5.1,2.9,-0.4,3.5,2.7,3.1,2.1,3.0,0.9,4.5,0.0,0.0,3.1,4.7,2.2,
1991-08,3.3,3.0,3.3,2.9,3.0,2.5,4.9,10.1,3.8,2.6,4.3,2.2,2.5,3.4,14.2,17.0,12.0,11.5,6.1,3.4,5.8,2.3,1.8,2.9,3.3,3.8,3.0,2.6,5.5,2.5,0.0,3.9,18.0,0.7,1.1,-1.3,1.3,0.1,5.1,2.0,1.8,4.7,5.3,2.9,5.7,4.1,4.6,2.6,5.4,2.9,4.0,0.5,2.4,-0.5,0.2,1.0,0.9,2.1,-1.9,4.6,4.3,8.1,5.1,2.4,-1.2,3.6,2.6,2.4,2.1,3.2,0.9,4.3,0.0,0.0,2.9,4.6,1.8,
1991-09,2.7,2.8,2.7,2.8,2.8,2.6,3.0,1.3,3.3,2.2,1.1,-2.6,2.0,-1.0,6.3,5.1,1.5,0.6,5.3,3.0,5.5,2.3,1.8,2.9,3.4,3.8,3.0,2.7,5.6,2.2,0.0,3.7,14.2,0.7,1.1,-1.2,1.0,0.3,5.0,1.6,1.7,5.3,6.1,3.3,6.6,5.4,5.9,4.5,4.3,3.4,4.0,0.5,2.5,-0.6,0.2,0.9,0.9,1.7,-1.9,4.6,4.3,8.1,5.1,2.3,-1.4,2.2,2.4,3.0,1.8,3.3,0.9,3.1,0.0,0.0,2.5,4.6,1.8,
1991-10,2.7,2.5,2.6,2.5,2.8,2.7,3.4,4.8,3.1,1.8,2.3,-0.3,1.9,1.9,11.4,13.2,-0.3,-1.3,3.6,2.9,4.0,2.3,1.9,2.7,3.3,3.8,3.0,2.6,5.4,0.3,0.0,3.1,-9.2,0.7,1.4,-0.5,0.9,0.2,5.1,1.8,1.6,4.8,5.2,4.0,5.3,5.0,4.8,5.5,3.9,4.2,4.1,0.2,2.2,-0.7,-0.2,-0.4,1.0,-0.8,-1.9,4.6,4.2,8.1,4.9,3.0,-0.1,5.0,2.4,2.9,2.0,3.7,0.9,2.6,0.5,0.0,-1.7,4.6,2.5,
1991-11,3.1,2.3,3.0,2.3,2.7,2.7,5.2,15.7,2.9,1.0,3.7,1.4,2.0,1.5,20.0,26.7,19.5,19.3,1.9,2.3,3.7,1.8,1.8,2.8,2.9,3.6,2.6,2.4,5.2,-1.0,0.0,1.0,-15.0,0.9,1.5,-0.5,1.3,0.6,5.0,1.9,1.4,5.0,5.2,3.7,5.5,5.2,5.0,5.6,4.1,4.1,4.0,0.1,1.7,-0.4,-0.2,-1.1,0.6,-1.6,-1.8,4.6,4.2,8.1,4.9,3.2,0.4,5.4,2.6,3.0,2.0,3.8,0.8,2.8,0.5,0.0,-3.4,4.5,2.6,
1991-12,2.7,2.3,2.8,2.2,2.8,2.6,4.2,11.1,2.7,1.9,3.4,1.4,1.9,-0.6,10.0,11.5,26.9,27.0,1.3,2.5,3.0,2.2,1.8,2.6,2.9,3.4,2.4,2.3,5.3,-1.3,0.0,-0.2,-14.6,0.4,1.3,-0.7,1.3,1.0,4.6,1.7,1.2,4.8,4.9,3.8,5.0,5.4,5.3,5.8,3.9,4.4,3.7,0.1,1.3,-0.2,-0.2,-0.6,2.1,-1.5,-1.9,4.6,4.2,8.1,4.9,3.1,0.8,4.7,2.3,3.0,2.2,4.1,1.5,2.9,0.5,0.0,-3.6,4.5,2.7,
1992-01,1.8,2.1,1.7,2.0,2.4,2.3,1.6,-2.2,2.6,2.2,2.9,0.1,2.0,-2.9,-6.5,-13.2,14.4,14.0,1.0,2.3,2.8,2.1,1.8,2.7,2.9,3.4,2.5,2.3,5.2,-1.1,0.0,-0.3,-11.6,0.5,1.2,-0.6,1.3,0.6,4.4,1.4,1.2,4.0,3.8,3.4,3.8,4.4,3.9,5.9,3.6,4.3,3.7,1.0,1.0,0.8,1.2,-0.2,2.0,-0.8,-1.9,4.6,4.2,8.1,4.9,1.8,0.4,1.8,7.0,0.6,2.2,4.3,1.3,2.7,0.5,0.0,-3.0,4.4,1.7,
1992-02,2.0,2.3,2.0,2.2,2.7,2.6,1.6,-2.0,2.4,2.6,3.0,0.0,1.9,-5.6,-5.7,-12.1,13.1,12.8,0.9,2.3,3.0,1.9,1.0,2.6,2.8,3.4,2.6,2.3,4.9,-0.8,0.0,-0.4,-9.7,0.7,1.2,-0.6,2.2,0.6,4.1,1.0,1.2,4.5,4.7,3.5,4.9,4.6,4.1,6.0,3.2,4.5,3.4,0.9,0.9,0.9,1.2,0.0,2.2,-0.4,-2.3,4.2,4.2,0.0,4.9,3.5,-0.7,2.3,10.1,3.0,1.8,4.1,1.3,1.2,0.5,0.0,-2.5,4.1,3.2,
1992-03,2.0,2.3,1.9,2.2,2.6,2.7,1.2,-2.6,2.2,2.6,1.8,-1.9,2.0,-9.2,-7.2,-13.8,15.1,15.1,0.7,2.1,3.0,2.3,0.6,2.6,2.9,3.4,2.6,2.2,5.0,-0.4,0.0,-0.2,-5.8,0.8,1.1,-0.5,2.4,0.0,3.8,0.8,1.1,4.5,4.7,3.3,4.8,5.2,4.7,6.2,2.8,4.5,3.5,0.9,0.6,0.8,1.2,0.2,2.2,0.2,-2.4,4.0,4.2,0.0,4.0,3.4,-0.7,1.6,10.5,3.2,1.7,4.3,0.5,1.3,0.5,0.0,-1.7,3.9,3.1,
1992-04,2.4,2.5,2.4,2.4,2.8,2.9,2.1,1.3,2.3,2.6,2.0,-1.7,2.2,-6.6,-1.1,-4.0,14.1,14.2,0.7,2.2,3.0,4.3,0.1,2.6,3.2,4.0,2.8,2.8,5.5,0.1,0.0,0.0,-2.9,1.5,1.3,-0.5,3.4,0.3,3.5,0.6,3.1,4.4,4.4,2.9,4.7,5.7,5.3,6.4,2.6,4.4,3.7,3.0,0.3,0.7,5.5,1.1,2.3,0.7,0.1,4.3,4.5,0.0,4.2,3.2,-0.8,1.9,9.5,2.9,1.8,4.6,0.3,1.5,0.5,0.9,-1.2,4.3,2.9,
1992-05,2.0,2.5,2.0,2.4,2.7,2.7,1.1,-3.4,2.2,2.6,2.8,-0.2,1.6,-5.4,-5.9,-11.3,4.1,3.9,0.1,1.8,3.1,5.0,0.0,2.6,3.3,4.1,2.9,3.1,5.3,0.2,0.0,0.3,-2.7,1.7,1.2,-0.1,3.4,0.1,3.3,0.0,3.4,3.7,3.9,3.2,4.2,3.9,3.1,5.9,2.2,4.0,3.4,3.1,0.5,1.0,5.5,1.1,2.3,0.8,0.1,4.3,4.4,0.0,4.2,3.0,-1.2,1.0,9.5,3.1,1.9,4.7,0.4,1.5,0.5,0.9,-1.0,4.2,2.8,
1992-06,2.3,2.5,2.2,2.4,2.7,2.9,1.6,-0.7,2.2,2.7,1.7,-1.3,1.2,-4.4,1.8,0.5,-1.1,-1.4,1.0,1.9,2.1,5.4,-0.1,2.5,3.2,4.0,2.8,3.1,5.2,0.3,0.0,0.3,-2.3,1.9,1.1,-0.2,3.8,0.0,2.9,-0.4,3.3,3.7,3.7,2.8,3.8,4.5,4.0,5.9,1.9,4.0,3.6,3.2,0.5,1.1,5.6,1.2,2.5,0.8,0.1,4.3,4.4,0.0,4.3,3.5,-0.9,2.7,9.6,3.0,1.7,4.7,0.3,1.1,0.5,0.9,-0.9,4.2,3.2,
1992-07,1.7,2.2,1.5,2.2,2.4,2.5,0.3,-8.4,2.2,2.9,0.7,-2.8,1.1,-4.4,-9.1,-16.9,-2.6,-3.0,1.1,2.1,2.1,5.4,0.0,2.6,3.1,3.8,2.8,2.9,5.1,0.3,0.0,0.5,-2.3,1.9,1.1,-0.3,3.8,0.2,2.6,-0.7,3.3,2.8,2.5,2.8,2.5,3.5,2.7,5.8,1.3,3.4,3.5,3.0,0.3,0.8,5.6,0.3,2.5,0.2,-3.1,4.3,4.4,0.0,4.3,3.3,-0.4,1.7,9.6,3.1,1.6,4.6,0.4,0.8,0.5,0.9,-0.8,4.2,3.0,
1992-08,1.7,2.2,1.6,2.2,2.4,2.7,0.3,-7.6,2.1,2.9,1.4,-1.3,0.7,-4.7,-8.8,-15.9,-2.5,-2.9,1.1,2.1,2.1,5.1,0.0,2.5,3.1,3.8,2.7,2.9,5.0,0.3,0.0,0.4,-2.0,1.9,1.3,0.1,4.1,0.3,2.6,-0.7,3.4,3.3,3.2,2.9,3.3,4.1,3.7,5.7,1.2,3.1,3.4,2.9,0.2,0.6,5.6,0.3,2.6,0.3,-3.1,4.3,4.4,0.0,4.3,3.5,-0.2,1.7,9.5,3.2,1.7,4.4,0.4,1.2,0.5,0.9,-0.7,4.2,3.2,
1992-09,2.0,2.2,2.0,2.2,2.4,2.4,1.4,-1.7,2.1,3.0,1.5,-1.6,0.6,-4.6,-1.6,-5.0,3.6,3.6,0.6,1.8,2.3,5.1,0.0,2.6,3.0,3.7,2.7,2.8,4.9,0.4,0.0,0.5,-1.1,2.0,1.2,0.1,4.0,0.3,2.7,-0.7,3.4,2.1,1.9,3.3,1.7,2.3,1.7,3.6,1.7,2.8,3.3,3.0,0.1,0.8,5.6,0.5,2.6,0.7,-3.1,4.3,4.4,0.0,4.3,4.1,-0.1,3.9,10.0,3.3,1.8,4.4,0.4,1.2,0.5,1.1,-0.3,4.3,3.7,
1992-10,1.1,2.1,1.0,2.0,2.3,2.4,-1.3,-14.3,1.8,3.1,0.9,-2.2,0.8,-3.2,-17.8,-28.1,-5.4,-5.7,0.7,1.6,2.7,5.2,-0.1,1.4,3.1,3.8,2.7,3.0,5.0,0.7,0.0,0.6,-0.1,2.7,1.2,0.1,3.6,0.5,2.4,-0.8,3.4,1.9,1.5,2.0,1.4,2.3,2.2,2.6,1.6,2.8,3.3,3.2,0.2,0.8,6.0,0.6,2.5,0.8,-3.1,4.3,4.5,0.0,4.3,3.1,-1.1,0.0,9.9,3.5,1.6,4.1,0.4,1.5,0.0,1.1,0.0,4.3,2.8,
1992-11,0.7,2.1,0.4,2.0,2.3,2.3,-2.5,-20.5,2.0,3.6,0.1,-2.8,0.4,-4.8,-24.2,-37.2,-13.3,-14.1,0.4,1.6,2.7,5.3,-0.1,2.5,3.1,3.9,2.8,3.0,5.1,0.7,0.0,0.6,-0.7,2.5,1.0,0.2,2.8,0.2,2.2,-0.9,3.6,1.6,1.1,1.9,1.0,2.2,1.9,2.8,1.6,2.7,3.0,3.2,0.1,0.6,6.0,0.7,2.6,0.8,-3.1,4.3,4.5,0.0,4.3,2.7,-1.4,-1.0,10.0,3.3,1.5,3.9,0.3,1.2,0.0,1.1,-0.1,4.3,2.5,
1992-12,1.2,2.0,0.9,1.9,2.1,2.3,-1.0,-13.9,1.8,2.6,0.4,-2.0,0.4,-3.4,-12.4,-21.8,-17.5,-18.5,0.0,1.4,2.4,4.8,-0.2,2.5,3.2,3.9,2.9,3.1,4.9,0.6,0.0,0.7,-0.8,2.6,0.9,0.2,3.1,0.0,2.0,-1.1,3.6,1.4,0.7,1.9,0.6,1.8,1.5,2.4,1.4,2.5,3.1,3.0,0.1,0.3,6.0,0.3,1.2,0.8,-3.1,4.3,4.5,0.0,4.3,3.2,-1.7,1.0,10.6,3.1,1.3,3.7,-0.3,1.1,0.0,1.1,-0.2,4.2,2.7,
1993-01,1.3,1.7,1.1,1.6,1.9,1.9,0.0,-7.9,1.8,2.2,0.6,-1.4,0.3,-0.8,-3.5,-7.5,-16.1,-17.0,0.4,1.3,2.0,5.3,-0.2,2.2,3.1,3.8,2.8,3.1,4.8,0.6,0.0,0.6,-0.4,2.5,1.0,0.4,2.8,0.4,2.0,-1.3,3.6,0.3,-0.7,1.7,-1.1,0.4,-0.4,2.0,1.1,2.1,3.1,2.1,0.1,-0.2,4.4,0.2,1.3,0.6,-3.1,4.5,4.5,0.0,5.0,2.5,-1.7,1.8,4.5,3.0,1.5,3.6,-0.2,1.3,0.0,17.7,0.0,4.4,2.1,
1993-02,1.4,1.7,1.3,1.6,1.8,1.8,0.8,-4.0,1.8,1.8,0.8,-0.5,0.0,1.5,0.6,-1.0,-12.3,-13.1,0.2,1.2,2.3,5.0,-0.2,2.2,3.1,3.8,2.7,3.1,5.0,0.7,0.0,0.6,1.8,2.3,0.9,0.5,1.8,0.4,1.5,-1.2,3.6,0.0,-1.1,1.4,-1.5,0.4,-0.1,1.6,1.0,1.2,3.1,2.3,0.0,0.1,4.4,0.3,1.2,0.8,-3.1,4.5,4.5,0.0,5.0,2.1,-2.4,2.7,1.9,2.9,1.5,3.5,-0.3,1.1,0.0,17.7,0.5,4.0,1.8,
1993-03,1.2,1.6,1.2,1.5,1.7,1.5,0.6,-3.8,1.4,1.7,0.8,-0.2,-0.3,-0.4,1.4,0.6,-13.4,-14.0,-0.4,1.1,2.2,4.4,-0.2,2.1,3.0,3.9,2.8,3.2,5.0,0.7,0.0,0.5,2.1,2.2,0.8,0.3,2.1,0.5,1.4,-1.2,3.6,0.2,-0.6,1.2,-0.8,-0.1,-0.6,1.3,1.2,1.2,2.8,2.3,0.2,0.2,4.4,0.3,1.2,0.9,-3.1,4.6,4.5,0.0,5.3,2.0,-1.4,2.0,1.5,2.8,1.4,3.5,-0.3,1.0,0.0,17.7,0.6,4.0,1.7,
1993-04,0.9,1.4,0.6,1.3,1.4,1.5,-0.6,-8.8,1.2,1.6,-0.1,-1.0,-0.7,-0.7,-4.3,-8.6,-18.1,-18.9,0.3,1.0,2.1,1.7,0.0,2.0,2.7,3.3,2.5,2.7,4.2,1.1,0.0,0.4,2.8,3.7,0.3,0.0,0.7,0.1,1.0,-1.2,2.4,0.4,-0.1,1.8,-0.4,0.1,-0.5,1.8,1.1,1.3,2.4,0.5,0.2,-0.2,1.3,0.2,1.0,1.0,-3.1,3.9,4.3,0.0,3.7,1.5,-2.2,0.2,1.5,2.7,1.3,3.1,0.2,0.3,0.0,18.4,0.8,3.3,1.3,
1993-05,0.9,1.2,0.7,1.1,1.3,1.4,-0.2,-6.4,1.2,1.5,-0.7,-2.0,-0.7,1.5,1.3,0.4,-19.3,-20.2,0.1,1.2,1.4,0.9,0.0,1.8,2.6,3.2,2.4,2.5,4.2,1.1,0.0,0.5,2.8,3.6,-0.2,-0.9,0.3,0.3,0.9,-1.7,2.0,0.2,-0.8,1.5,-1.2,1.0,0.8,1.6,1.1,1.4,2.4,0.7,-0.1,0.1,1.3,0.2,1.0,1.0,-3.1,4.2,4.3,5.7,3.7,1.3,-2.1,0.0,1.5,2.5,1.2,2.9,0.2,0.1,0.0,18.4,0.8,3.5,1.1,
1993-06,0.9,1.2,0.9,1.1,1.3,1.2,0.0,-4.7,0.9,1.2,-1.0,-2.0,-0.8,0.5,0.8,-0.2,-13.8,-14.4,-0.5,1.0,1.4,0.3,0.0,1.7,2.4,3.1,2.2,2.4,4.0,1.2,0.0,0.6,2.7,4.2,-0.3,-1.1,0.2,-0.4,0.8,-1.6,2.2,0.2,-0.6,1.9,-1.0,0.4,0.0,1.8,0.8,1.3,2.3,0.6,-0.1,0.1,1.2,0.2,0.8,1.0,-3.1,4.2,4.3,5.7,3.6,1.8,-2.6,2.0,1.4,2.6,1.4,2.7,1.1,0.6,0.0,18.4,0.8,3.5,1.4,
1993-07,1.9,1.2,1.9,1.1,1.3,1.5,2.8,12.7,0.9,0.9,-1.1,-2.1,-1.1,0.8,22.8,37.8,-0.1,0.1,-0.7,1.0,1.5,0.6,-0.1,1.6,2.4,3.0,2.3,2.4,3.7,1.2,0.0,0.4,2.6,4.3,-0.5,-1.2,-0.3,-0.8,0.9,-1.7,2.1,0.2,-0.5,1.9,-0.8,0.1,-0.7,1.8,0.8,1.1,2.3,0.5,0.0,-0.1,1.2,0.9,1.0,1.1,0.1,4.2,4.3,5.7,3.6,1.7,-3.7,3.0,1.6,2.2,1.4,2.5,1.1,0.7,0.0,18.4,0.7,3.5,1.5,
1993-08,1.9,1.2,1.8,1.1,1.3,1.4,3.0,13.8,0.8,0.9,-1.7,-2.8,-1.1,-0.4,27.1,43.8,-4.1,-4.2,-0.5,0.9,1.1,0.3,-0.1,1.6,2.4,2.9,2.3,2.4,3.7,1.2,0.0,0.4,2.3,4.3,-0.7,-1.4,-0.7,-1.2,0.9,-1.6,2.1,0.2,-0.5,1.8,-0.9,0.2,-0.6,2.1,0.8,1.1,2.4,0.5,-0.1,0.0,1.2,0.9,1.1,1.1,0.1,4.2,4.3,5.7,3.7,1.5,-3.5,2.1,1.8,2.0,1.3,2.6,1.2,0.0,0.4,18.4,0.6,3.5,1.3,
1993-09,1.5,1.1,1.3,0.9,1.2,1.4,2.0,8.5,0.7,0.8,-2.0,-3.0,-1.1,-0.8,21.1,32.9,-11.8,-12.3,-0.7,0.9,0.9,0.6,-0.1,1.5,2.5,3.0,2.4,2.4,3.8,1.1,0.0,0.3,0.9,4.4,-0.8,-1.7,-0.4,-1.8,1.0,-1.9,2.0,-0.3,-1.3,0.5,-1.4,-0.2,-0.8,1.6,0.6,1.2,2.5,0.3,-0.1,-0.4,1.2,0.7,1.1,0.7,0.1,4.2,4.3,5.7,3.7,1.2,-3.6,1.2,1.4,2.1,1.3,2.6,1.2,0.0,0.4,18.5,0.1,3.5,1.0,
1993-10,1.3,1.1,1.2,1.0,1.2,1.3,1.5,4.0,1.1,2.3,-0.8,-0.9,-1.6,-2.1,12.2,18.6,-8.5,-8.8,-0.6,0.9,1.2,0.4,-0.2,2.7,2.4,2.9,2.3,2.3,3.6,0.7,-0.1,0.2,-0.8,3.7,-1.1,-2.4,-0.3,-1.7,1.2,-2.1,2.0,-0.4,-0.8,1.0,-1.2,-0.5,-1.4,1.6,0.5,0.4,2.3,0.0,-0.1,-1.0,1.2,0.7,1.1,0.5,1.0,4.2,4.3,5.7,3.7,1.7,-4.4,3.5,1.2,2.0,1.3,2.6,1.3,-0.2,0.4,19.9,-0.4,3.5,1.4,
1993-11,0.9,0.9,0.9,0.8,1.1,1.1,1.0,0.4,1.0,5.3,-0.5,-0.3,-1.3,-2.4,4.9,6.8,-6.6,-6.7,-0.6,0.9,0.8,0.4,-0.2,1.5,2.5,2.8,2.2,2.3,3.5,-0.4,-1.6,-0.6,-2.8,4.1,-1.3,-2.8,-0.1,-2.0,1.0,-2.5,1.9,-0.5,-1.3,0.9,-1.7,-0.5,-1.4,2.0,0.1,0.6,2.2,0.0,0.0,-1.3,1.2,-0.6,1.0,0.2,-5.8,4.2,4.3,5.7,3.7,1.5,-4.2,3.2,1.0,1.9,1.4,2.6,1.7,-0.2,0.4,19.9,-1.5,3.5,1.2,
1993-12,1.0,0.8,0.9,0.7,0.9,0.9,1.7,5.6,1.0,5.6,-0.9,-0.9,-1.4,-2.6,13.2,21.7,-6.5,-6.6,-0.7,1.0,1.1,0.5,-0.2,1.3,2.4,2.7,2.2,2.3,3.2,-0.4,-1.6,-1.0,-3.6,4.0,-1.5,-3.2,-0.8,-2.6,0.8,-2.3,1.9,-0.8,-1.6,1.6,-2.0,-0.8,-1.7,1.7,-0.1,0.6,2.2,0.3,-0.1,-0.8,1.2,-0.8,0.8,0.1,-5.8,4.2,4.3,5.7,3.7,0.8,-4.5,1.7,-1.4,2.1,1.4,2.4,1.6,-0.3,0.4,19.9,-1.7,3.5,0.8,
1994-01,1.2,0.9,1.1,0.8,1.1,1.0,2.1,7.1,1.0,5.6,-0.8,-0.5,-1.6,-2.3,14.2,22.0,-3.8,-3.8,-1.1,0.9,1.2,0.3,-0.2,1.5,2.4,2.7,2.3,2.2,3.0,-0.5,-1.6,-1.0,-4.0,4.1,-1.7,-3.8,-0.5,-2.8,0.6,-2.2,1.9,-0.5,-1.2,1.6,-1.7,-0.3,-1.0,1.6,-0.4,0.3,2.0,0.4,0.3,-0.7,1.2,-0.8,0.7,0.0,-5.8,4.0,4.3,5.7,3.0,1.5,-4.8,1.4,4.4,2.0,1.2,2.3,1.7,-0.4,0.4,3.0,-1.8,3.4,1.3,
1994-02,1.1,0.9,1.0,0.7,1.0,0.9,2.1,7.0,1.0,5.6,-0.8,-0.5,-1.6,-1.5,12.5,18.8,0.1,0.4,-0.5,0.8,0.9,0.6,-0.2,1.5,2.5,2.6,2.5,2.2,2.7,-0.5,-1.6,-1.0,-4.2,4.1,-2.2,-4.3,-0.9,-3.7,0.7,-2.7,1.9,-1.1,-2.3,1.4,-2.8,-0.4,-1.2,1.7,-0.3,0.3,1.8,0.1,0.3,-1.3,1.2,-0.6,0.7,0.0,-4.2,4.0,4.3,5.7,3.0,1.1,-4.8,-0.2,4.7,1.7,1.1,2.3,1.8,-0.4,0.4,3.0,-2.0,3.4,0.9,
1994-03,1.3,0.9,1.1,0.7,1.1,0.9,2.6,7.2,1.7,10.0,-0.8,0.0,-1.5,0.7,11.7,17.4,2.2,2.6,-0.5,0.8,0.8,0.3,-0.2,1.5,2.4,2.4,2.4,2.2,2.5,-0.5,-1.6,-1.0,-4.2,4.2,-2.3,-4.5,-1.1,-3.6,0.6,-3.0,1.9,-1.0,-2.0,1.5,-2.5,-0.4,-1.3,2.0,-0.7,0.2,1.6,-0.1,0.2,-1.6,1.2,-0.5,0.9,0.0,-4.2,3.8,4.3,5.7,2.1,0.8,-6.5,-0.3,5.1,1.5,1.1,2.1,1.7,-0.4,0.4,3.0,-2.0,3.2,0.8,
1994-04,0.8,0.9,0.7,0.8,1.1,0.8,1.3,-0.9,1.8,11.9,-1.4,-1.3,-1.5,1.5,0.8,-0.5,-1.5,-1.1,-0.7,0.4,0.8,0.4,-0.1,1.3,2.3,2.4,2.2,2.2,2.6,-0.7,-1.6,-1.0,-4.1,3.0,-2.3,-4.6,-0.5,-3.3,0.6,-3.2,1.6,-1.0,-2.2,0.7,-2.7,0.3,-0.4,1.8,-0.8,0.4,1.5,0.3,0.1,-1.8,1.8,-0.5,0.9,-0.2,-3.8,3.2,3.7,5.7,1.2,1.1,-5.0,1.0,5.2,1.1,1.0,2.0,1.4,-0.3,0.4,3.3,-2.0,2.7,1.0,
1994-05,0.8,1.0,0.7,0.8,1.2,0.9,1.1,-2.3,1.9,12.2,-1.4,-0.6,-1.5,-1.8,-2.4,-5.9,0.2,0.8,-0.9,0.3,1.1,0.5,2.8,1.3,2.2,2.3,2.1,2.1,2.5,-0.7,-1.6,-1.0,-4.0,3.3,-2.0,-4.1,-0.4,-3.9,0.6,-2.5,1.5,-0.9,-2.0,0.6,-2.3,0.0,-0.6,1.7,-1.0,0.6,1.4,0.0,0.2,-2.2,1.8,-0.5,0.8,-0.2,-3.8,3.0,3.7,0.0,1.4,1.5,-5.4,0.6,5.3,2.0,1.0,1.8,1.7,-0.7,0.4,3.3,-1.9,2.6,0.9,
1994-06,0.6,0.8,0.3,0.7,1.0,0.9,0.5,-6.1,1.8,11.3,-2.4,-2.7,-1.2,-1.6,-4.0,-8.5,-7.5,-7.5,-1.2,0.3,1.0,0.7,2.9,1.4,2.3,2.3,2.2,2.0,2.5,-0.5,-1.6,-1.0,-4.0,4.1,-2.1,-4.0,-0.7,-3.5,0.6,-2.8,1.6,-1.3,-2.4,0.3,-2.9,-0.4,-1.1,1.5,-1.0,0.8,1.3,0.0,0.1,-2.2,1.8,-0.6,0.8,-0.3,-3.7,3.0,3.6,0.0,1.4,0.9,-5.8,-0.7,5.7,1.5,0.7,2.0,0.9,-1.0,0.4,3.3,-2.0,2.5,0.5,
1994-07,-0.2,0.8,-0.4,0.7,0.9,0.7,-1.5,-15.1,1.5,10.2,-3.1,-3.4,-1.4,-1.9,-17.6,-28.6,-6.3,-6.1,-1.3,0.4,0.6,0.5,3.0,1.3,2.1,2.2,2.0,2.0,2.6,-0.5,-1.6,-1.0,-3.9,4.2,-2.2,-4.3,-0.3,-3.4,0.5,-3.2,1.7,-1.4,-2.5,0.2,-3.0,-0.7,-1.4,1.4,-1.0,0.7,1.3,0.1,0.1,-2.1,1.9,-0.8,0.6,-0.6,-3.7,3.0,3.6,0.0,1.4,1.1,-5.6,-0.7,5.6,1.7,0.6,2.1,0.7,-1.4,0.4,3.3,-2.0,2.5,0.6,
1994-08,0.0,0.8,-0.2,0.6,0.9,0.7,-0.9,-11.1,1.5,8.9,-2.5,-2.7,-1.2,-0.5,-16.6,-25.6,6.1,7.1,-0.8,0.5,0.7,0.6,3.0,1.3,2.1,2.2,2.0,2.0,2.5,-0.4,-1.6,-1.0,-3.7,4.8,-2.2,-4.3,-0.6,-3.2,0.3,-3.6,1.6,-1.7,-2.9,0.2,-3.4,-1.4,-2.4,1.0,-1.1,0.7,1.2,0.3,0.2,-1.9,1.9,-0.9,0.4,-0.8,-3.7,3.0,3.6,0.0,1.3,1.5,-5.8,1.2,5.9,1.5,0.5,1.9,0.5,-1.0,0.0,3.3,-2.0,2.5,0.8,
1994-09,0.2,0.6,0.0,0.3,0.7,0.8,-0.6,-6.0,0.5,3.9,-1.3,-0.8,-0.9,1.6,-11.9,-18.6,13.5,14.9,-0.8,0.2,0.5,0.1,3.0,-0.2,2.3,2.2,2.2,2.0,2.3,-0.4,-1.6,-1.0,-3.4,4.6,-2.2,-4.2,-1.0,-3.2,0.3,-3.5,1.6,-1.3,-2.4,-0.1,-2.7,-0.5,-1.0,1.2,-1.1,0.6,1.1,0.3,0.2,-2.0,1.9,-0.9,0.5,-0.8,-3.7,3.0,3.6,0.0,1.3,1.6,-6.6,1.2,5.9,1.9,0.6,1.9,0.5,-0.7,0.0,3.4,-2.0,2.5,1.0,
1994-10,0.7,0.5,0.6,0.3,0.7,0.7,1.4,6.0,0.4,-0.8,-2.3,-2.6,-0.6,0.7,5.5,7.9,14.0,15.3,-1.2,0.0,0.6,0.2,3.0,1.2,2.2,2.1,2.2,2.1,2.2,-0.3,-1.6,-1.0,-3.1,4.7,-2.2,-4.1,-0.7,-3.1,0.1,-3.6,1.6,-1.4,-2.6,-0.4,-2.9,-0.2,-0.6,1.3,-1.1,0.0,1.2,0.7,0.1,-1.4,2.0,-1.1,0.4,-0.8,-4.5,3.0,3.6,0.0,1.3,1.1,-6.5,-1.2,6.0,2.0,0.5,1.8,0.4,-0.8,0.0,2.2,-1.9,2.5,0.6,
1994-11,1.0,0.5,0.8,0.2,0.6,0.8,2.0,13.1,-0.2,-4.8,-2.2,-1.9,-0.8,0.7,15.8,26.7,15.5,17.2,-1.5,-0.2,0.9,0.6,3.1,1.1,2.3,2.1,2.4,2.0,2.1,0.7,-0.1,-0.2,-2.5,4.4,-2.1,-3.8,-0.4,-3.0,0.1,-3.7,1.5,-1.4,-2.5,-0.5,-2.8,-0.4,-0.7,0.6,-1.2,-0.1,1.1,0.6,0.0,-1.3,2.0,0.0,0.4,-0.9,2.2,3.0,3.6,0.0,1.3,0.9,-7.3,-1.4,6.4,1.7,0.5,1.8,0.1,-0.6,0.0,2.2,-1.1,2.5,0.4,
1994-12,0.7,0.5,0.5,0.2,0.6,0.9,0.6,5.4,-0.4,-6.0,-1.1,-0.4,-0.8,1.8,0.6,0.2,22.7,24.8,-1.1,-0.3,0.5,0.6,3.1,0.9,2.2,2.1,2.2,1.9,2.0,0.6,-0.1,0.1,-3.4,4.4,-2.0,-3.4,-0.7,-2.7,0.3,-4.0,1.5,-1.2,-2.2,-1.0,-2.5,-0.2,-0.6,1.0,-1.1,-0.3,0.8,0.4,0.1,-1.9,2.0,0.0,0.4,-1.0,2.2,3.0,3.6,0.0,1.3,0.9,-7.2,-0.4,5.0,1.8,0.5,1.9,0.1,-0.6,0.0,2.2,-1.1,2.5,0.4,
1995-01,0.6,0.3,0.4,0.1,0.4,0.8,0.5,4.3,-0.4,-6.0,-0.9,-0.6,-0.7,2.0,-2.9,-4.8,27.2,29.5,-1.9,-0.5,0.4,0.1,3.1,0.9,2.1,2.0,2.1,2.0,1.9,0.7,-0.1,0.1,-3.7,4.4,-2.1,-3.1,-0.9,-2.8,0.3,-4.8,1.6,-1.2,-1.9,-1.1,-2.0,-0.7,-1.3,0.6,-0.7,-0.2,0.7,0.4,-0.3,-1.8,2.0,-0.2,0.3,-1.2,2.2,3.0,3.6,0.0,1.3,0.6,-7.6,-0.6,3.6,1.6,0.5,1.9,0.1,-0.6,0.0,2.2,-1.3,2.5,0.1,
1995-02,0.2,0.2,0.0,0.0,0.3,0.8,-0.6,-0.9,-0.6,-6.2,-2.3,-3.3,-0.5,-0.6,-6.1,-9.7,17.3,18.8,-1.9,-0.7,-0.2,0.6,3.1,0.8,2.2,2.6,1.9,2.1,3.3,0.7,-0.1,0.1,-4.0,4.4,-1.9,-3.2,-0.8,-2.6,0.2,-4.5,1.6,-1.3,-2.0,-0.6,-2.3,-1.0,-1.7,0.5,-1.2,0.0,0.7,0.5,-0.5,-1.4,2.0,-0.1,0.3,-1.6,3.5,3.0,3.6,0.0,1.3,0.4,-8.9,-0.3,2.1,1.7,0.4,1.9,0.1,-0.8,0.0,2.2,-1.4,2.5,-0.1,
1995-03,-0.4,0.1,-0.6,-0.1,0.2,0.8,-2.3,-7.3,-1.2,-10.1,-2.5,-3.5,-0.7,-1.9,-9.4,-14.7,0.1,0.4,-1.1,-0.8,-0.3,1.5,3.0,0.7,2.1,2.6,1.8,1.9,3.3,0.7,-0.1,0.2,-4.1,4.3,-1.9,-3.0,-0.8,-3.0,-0.1,-4.1,1.6,-1.1,-1.5,-1.3,-1.6,-1.3,-2.0,0.4,-0.9,-0.1,0.7,0.4,-0.6,-1.5,2.0,0.0,0.3,-1.7,4.5,3.1,3.6,0.0,1.7,0.3,-9.3,0.0,1.6,1.7,0.4,1.9,0.1,-1.4,0.0,2.2,-1.5,2.5,-0.1,
1995-04,-0.2,-0.1,-0.3,-0.3,0.1,0.6,-1.5,-1.5,-1.4,-11.6,-2.4,-3.4,-0.5,-1.5,0.0,0.4,-1.4,-1.2,-1.7,-0.4,0.0,2.0,3.0,0.2,2.1,2.5,1.8,2.0,3.0,0.5,-0.1,0.3,-4.2,3.7,-1.8,-2.8,-0.9,-3.5,0.2,-4.1,1.4,-0.6,-1.8,-1.3,-1.9,0.8,0.9,0.5,-0.6,0.0,0.5,-0.4,-0.4,-1.7,0.5,0.2,1.0,-1.6,4.1,3.0,3.1,0.0,3.2,-0.6,-10.8,-1.4,1.4,0.9,0.4,1.9,0.0,-1.0,0.0,1.1,-1.6,2.4,-0.9,
1995-05,0.0,-0.2,-0.2,-0.5,-0.1,0.6,-0.7,4.3,-1.8,-11.8,-2.6,-4.0,-0.4,-0.2,8.0,13.9,2.4,2.6,-1.6,-0.2,-0.4,2.0,0.1,-0.5,2.0,2.4,1.9,1.9,2.9,0.5,-0.1,0.4,-4.4,3.4,-1.8,-2.7,-1.0,-2.8,0.0,-4.2,1.4,-0.6,-1.3,-0.7,-1.4,0.0,-0.4,0.9,-0.3,0.0,0.6,-0.3,-0.5,-1.4,0.5,0.0,1.0,-1.9,4.1,3.0,3.0,0.0,3.5,-0.7,-10.9,-0.3,1.3,0.2,0.4,2.0,-0.1,-0.6,0.0,1.1,-1.9,2.4,-0.6,
1995-06,0.3,-0.2,0.1,-0.5,-0.1,0.6,0.1,9.5,-1.7,-10.9,-0.1,0.2,-0.3,-0.4,7.4,13.2,17.2,18.3,-1.1,-0.2,-0.4,1.5,-0.1,-0.6,2.1,2.3,1.9,1.9,2.8,0.1,-0.1,0.4,-4.4,1.8,-1.7,-2.7,-0.9,-2.7,0.2,-4.3,1.2,-0.5,-1.4,-1.0,-1.4,0.1,-0.2,1.0,0.0,-0.3,0.5,-0.2,0.0,-1.8,0.5,0.0,1.1,-2.1,3.9,3.0,3.0,0.0,3.0,-0.9,-10.5,-0.9,1.3,0.0,0.5,2.0,-0.1,-0.5,0.0,1.1,-2.0,2.3,-0.7,
1995-07,0.1,-0.2,-0.2,-0.6,-0.1,0.5,-0.3,6.1,-1.6,-10.0,-0.2,0.1,-0.1,0.3,6.1,11.3,7.2,7.7,-1.8,-0.2,-0.4,1.4,-0.3,-0.6,2.1,2.3,2.0,1.9,2.8,0.0,-0.3,0.4,-4.7,1.6,-1.7,-2.8,-1.1,-2.9,0.3,-3.9,1.3,-0.9,-1.6,-0.5,-1.7,-0.2,-0.9,1.3,0.0,-0.6,0.5,0.4,2.2,-1.7,0.5,-0.1,1.3,-2.4,3.9,2.9,3.0,0.0,2.7,-1.4,-10.5,-2.0,1.2,-0.2,0.5,1.9,0.0,-0.5,0.0,1.1,-2.1,2.2,-1.1,
1995-08,-0.2,-0.3,-0.5,-0.6,-0.2,0.6,-1.3,-0.3,-1.5,-8.8,-1.3,-1.1,-0.3,-0.2,-1.2,-1.7,2.9,3.1,-2.4,-0.3,-0.2,1.8,-0.3,-0.6,2.1,2.3,2.0,1.9,2.8,-0.1,-0.3,0.4,-4.8,1.2,-1.8,-3.1,-1.0,-3.1,0.6,-3.4,1.3,-0.7,-1.4,-0.9,-1.4,0.2,-0.4,1.6,-0.2,-0.9,0.5,0.3,2.1,-2.2,0.5,-0.1,1.4,-2.4,4.2,2.9,3.0,0.0,2.7,-1.8,-10.6,-4.0,0.6,-0.1,0.5,1.8,0.1,-0.5,0.0,1.1,-2.1,2.2,-1.5,
1995-09,0.2,0.2,-0.1,0.0,0.3,0.8,-0.7,-0.6,-0.6,-4.9,-0.1,1.1,-0.4,0.7,-1.6,-2.1,-0.5,-0.4,-2.8,-0.2,-0.5,2.0,-0.3,0.7,1.9,2.4,1.7,1.9,2.9,-0.1,-0.3,0.4,-4.7,1.2,-1.7,-3.3,-0.1,-3.1,0.5,-3.3,1.4,0.2,0.3,1.2,0.1,0.2,-0.4,1.3,0.4,-0.2,0.4,0.4,2.0,-1.8,0.5,0.4,3.7,-2.7,4.2,2.9,3.0,0.0,3.2,-1.3,-10.3,-2.3,0.7,0.0,0.2,1.8,-0.6,-1.0,0.0,0.7,-2.1,2.6,-0.8,
1995-10,-0.6,0.1,-0.7,-0.2,0.2,0.6,-2.6,-10.4,-0.8,-3.1,-0.8,-0.2,-0.4,1.3,-14.1,-21.8,-4.3,-4.4,-1.9,0.0,-0.7,1.6,-0.3,-0.6,2.0,2.3,1.7,1.8,2.8,0.0,-0.2,0.3,-4.9,1.2,-1.7,-3.4,-0.7,-2.8,0.6,-3.6,1.4,0.0,-0.4,1.2,-0.7,0.4,0.0,1.5,0.4,0.6,0.4,0.1,2.0,-2.1,0.4,0.4,3.8,-2.9,4.2,2.9,3.0,0.0,3.2,-1.4,-10.1,-1.7,0.6,-0.4,0.1,1.9,-0.8,-1.0,0.0,0.7,-2.1,2.6,-0.8,
1995-11,-0.7,0.1,-0.8,-0.1,0.3,0.6,-2.9,-13.3,-0.7,-2.5,-0.5,-0.2,0.0,1.0,-15.4,-24.0,-12.8,-13.4,-1.8,0.0,-0.7,1.3,-0.5,-0.8,1.7,2.2,1.5,1.8,2.9,0.0,-0.2,0.3,-4.2,1.2,-1.8,-3.7,-1.1,-2.4,0.8,-3.4,1.4,0.2,0.0,1.3,-0.3,0.3,-0.3,1.6,0.6,0.7,0.6,0.2,2.0,-1.9,0.4,0.4,3.8,-2.9,4.2,2.9,3.0,0.0,3.2,-1.0,-9.9,-1.0,0.5,-0.1,0.1,1.9,-0.8,-1.0,0.0,0.7,-2.2,2.6,-0.5,
1995-12,-0.3,0.1,-0.4,0.0,0.3,0.6,-1.8,-7.7,-0.6,-1.9,-1.6,-1.7,0.2,1.5,-7.1,-11.2,-10.4,-10.9,-1.9,-0.1,-0.8,0.8,-0.4,-0.6,1.6,2.1,1.5,1.8,2.7,0.0,-0.2,0.3,-3.7,1.2,-1.7,-3.9,-0.7,-2.7,0.7,-3.0,1.5,0.3,0.1,1.2,0.0,0.5,-0.1,1.8,0.5,0.7,0.6,0.1,2.0,-2.2,0.4,0.4,3.7,-3.0,4.2,2.9,3.0,0.0,3.2,-1.0,-9.6,-1.3,0.6,-0.1,0.0,1.8,-0.7,-1.2,0.0,0.7,-2.2,2.6,-0.5,
1996-01,-0.5,-0.2,-0.8,-0.3,0.1,0.6,-2.3,-7.2,-1.1,-2.2,-1.1,-0.6,0.4,1.2,-6.6,-9.5,-12.9,-13.3,-1.9,-0.3,-0.4,0.6,-0.3,-2.1,1.5,2.2,1.3,1.3,3.5,-1.5,-3.8,0.2,-3.7,1.9,-2.2,-4.2,-1.3,-3.4,-0.6,-2.3,1.4,0.3,0.1,2.1,-0.1,0.9,0.7,1.3,-0.2,-0.4,0.5,0.1,1.5,-2.2,0.3,0.1,4.6,-3.0,2.8,3.1,3.0,0.9,3.2,-1.5,-11.4,-2.2,0.9,0.2,0.2,1.7,-0.7,-1.1,0.0,6.9,-3.7,2.6,-0.7,
1996-02,-0.4,0.0,-0.5,-0.2,0.3,0.4,-1.6,-5.6,-0.6,-1.9,0.0,1.3,0.6,1.2,-4.6,-6.7,-13.6,-14.0,-2.0,0.3,0.1,0.4,-0.4,-1.2,1.5,1.7,1.4,1.4,2.2,-1.4,-3.8,0.3,-2.1,1.9,-2.3,-4.3,-1.1,-2.3,-0.4,-2.8,1.5,0.7,0.8,1.7,0.7,1.3,1.1,1.7,0.4,-0.1,0.6,0.2,1.7,-2.2,0.3,-0.3,4.7,-3.0,0.4,3.1,3.0,0.9,3.3,-1.6,-11.2,-1.4,1.0,-0.4,0.1,1.7,-0.7,-1.3,0.0,6.9,-3.5,2.6,-0.8,
1996-03,-0.1,0.0,-0.3,-0.2,0.3,0.5,-0.9,-2.5,-0.5,-1.9,1.0,2.3,1.1,2.1,-3.2,-4.9,-6.1,-6.3,-2.9,0.4,0.3,-0.4,-0.4,-1.1,1.5,1.7,1.4,1.4,2.1,-1.3,-3.8,0.3,-1.2,1.8,-2.0,-4.3,-1.0,-1.8,0.1,-2.7,1.5,0.9,0.9,2.3,0.7,1.5,1.2,2.1,0.2,0.5,0.5,0.4,1.8,-1.5,0.3,-0.4,4.5,-2.9,-0.4,3.3,3.0,0.9,4.3,-1.6,-10.5,-1.7,0.9,-0.5,0.4,1.7,-0.1,-0.6,0.0,6.9,-3.5,2.7,-0.9,
1996-04,0.2,0.1,0.0,-0.1,0.3,0.5,0.2,3.5,-0.5,-1.7,1.8,3.7,1.1,0.3,0.8,1.6,5.6,6.1,-1.8,0.1,-0.2,-1.2,-0.5,-0.5,1.5,1.5,1.5,1.3,1.8,-0.8,-3.8,0.6,2.0,3.3,-1.9,-4.1,-0.6,-1.8,0.0,-2.5,2.0,1.0,1.5,3.2,1.4,0.7,0.3,1.7,0.0,0.5,0.5,1.2,1.8,-1.0,1.9,-0.8,3.8,-3.0,-1.5,2.1,2.3,0.6,1.8,-0.8,-10.3,-0.5,0.8,0.5,0.4,1.6,-0.1,-0.4,0.0,7.4,-3.3,1.9,-0.2,
1996-05,0.2,0.1,0.0,-0.1,0.3,0.6,0.0,0.8,-0.1,-1.6,2.7,5.3,1.2,0.4,-3.9,-5.7,3.7,4.1,-1.4,-0.1,0.6,-0.9,-0.5,0.3,1.5,1.5,1.4,1.2,1.9,-0.6,-3.8,0.4,3.3,3.6,-1.8,-3.7,-0.8,-2.5,-0.1,-2.4,2.1,0.9,1.4,2.3,1.4,0.5,0.3,1.2,0.2,0.3,0.6,1.2,1.7,-1.3,1.9,-0.8,3.8,-3.0,-1.5,2.1,2.4,0.6,1.8,-1.0,-11.8,-0.7,0.7,0.3,0.5,1.4,0.0,-0.1,0.0,7.3,-3.1,2.0,-0.4,
1996-06,0.0,0.2,-0.3,-0.1,0.4,0.6,-0.8,-3.4,-0.2,-1.6,1.3,3.2,0.9,0.6,-5.1,-8.0,-6.2,-6.3,-2.1,0.0,0.7,-0.5,-0.5,0.2,1.5,1.5,1.4,1.2,1.8,-0.6,-3.8,0.5,3.9,3.8,-1.8,-3.7,-1.0,-2.3,0.0,-2.3,2.2,1.1,1.6,2.5,1.6,0.9,0.9,1.3,0.0,0.3,0.5,1.1,1.3,-1.0,1.9,-0.7,3.9,-2.8,-1.4,2.1,2.4,0.6,1.8,-1.3,-12.3,-1.4,0.7,0.4,0.4,1.4,-0.1,-0.7,0.0,7.3,-2.9,2.0,-0.6,
1996-07,0.4,0.3,0.3,0.0,0.5,0.5,0.6,4.8,-0.2,-1.5,2.2,4.4,1.1,0.4,4.3,7.5,0.8,0.9,-1.7,-0.3,0.6,-0.4,-0.4,0.2,1.3,1.2,1.3,1.1,1.4,0.3,-2.3,0.9,4.3,4.1,-1.7,-3.9,-0.6,-2.2,0.4,-2.3,2.4,1.3,1.7,2.2,1.6,1.7,1.9,1.3,-0.2,0.3,0.5,0.6,-0.4,-1.2,1.9,-0.5,3.8,-2.5,-1.5,2.2,2.4,0.6,1.9,-0.8,-11.6,0.1,0.7,0.4,0.5,1.4,0.1,0.0,0.0,7.3,-2.0,2.0,-0.1,
1996-08,0.2,0.2,0.1,0.0,0.4,0.5,0.1,1.3,-0.1,-1.7,2.8,5.0,1.4,0.4,0.2,0.6,-3.3,-3.3,-1.2,-0.4,0.6,-0.5,-0.4,0.2,1.4,1.1,1.3,1.1,1.0,0.3,-2.3,0.9,4.4,4.1,-1.9,-4.2,-0.5,-1.7,0.4,-3.1,2.3,0.9,1.3,2.3,1.2,1.1,0.9,1.4,0.1,0.2,0.5,0.6,-0.2,-1.2,1.9,-0.6,3.9,-2.6,-1.7,2.2,2.4,0.6,2.0,-1.1,-11.4,-1.1,0.6,0.5,0.2,1.6,-0.7,-0.6,0.0,7.3,-2.1,2.0,-0.2,
1996-09,0.0,0.2,-0.2,-0.1,0.4,0.3,-0.3,-1.8,0.0,-1.5,3.0,4.7,1.5,-1.2,-4.4,-6.7,-3.5,-3.4,-1.0,0.1,0.9,-0.4,-0.3,0.3,1.4,1.1,1.4,1.2,1.1,0.3,-2.3,0.9,4.7,4.2,-2.0,-4.5,-1.1,-1.1,0.2,-2.9,2.3,1.2,1.1,0.7,1.3,2.2,2.3,1.7,-0.1,0.4,0.5,0.6,-0.2,-1.0,1.9,-1.3,0.9,-2.2,-1.7,2.1,2.4,0.6,1.7,-1.3,-11.4,-2.0,0.3,0.4,0.4,1.5,-0.2,-0.3,0.0,7.3,-2.1,1.8,-1.0,
1996-10,0.5,0.2,0.3,0.1,0.3,0.6,0.8,4.0,0.2,-0.5,3.9,6.2,2.1,-0.4,-0.2,-0.3,6.4,6.9,-1.0,0.0,0.8,-0.4,-0.4,0.3,1.3,1.1,1.3,1.0,1.2,0.7,-1.9,1.3,5.3,4.2,-2.2,-4.6,-1.3,-1.6,-0.1,-2.9,2.3,1.5,2.0,1.0,2.2,1.6,1.6,1.5,0.1,0.4,0.5,0.7,-0.1,-0.8,1.8,-1.2,0.8,-2.2,-1.6,2.1,2.4,0.6,1.7,-1.0,-10.6,-0.9,0.4,0.4,0.4,1.3,-0.3,0.3,0.0,7.3,-1.7,1.8,-0.7,
1996-11,0.5,0.4,0.3,0.1,0.5,0.5,1.0,4.5,0.3,0.0,2.6,4.1,1.9,-0.5,-0.2,-0.2,12.3,13.3,-1.2,0.1,0.8,-0.5,-0.2,0.3,1.3,1.0,1.4,1.0,1.1,0.9,-1.9,1.3,8.5,4.4,-2.1,-4.5,-1.1,-2.0,0.0,-3.0,2.2,1.5,2.3,0.8,2.5,1.6,1.8,1.6,0.3,0.1,0.4,0.6,-0.2,-1.1,1.8,-1.1,0.8,-1.9,-1.7,2.1,2.4,0.6,1.7,-0.9,-10.2,-1.3,0.4,0.7,0.4,1.4,-0.2,0.1,0.0,7.3,-1.4,1.8,-0.6,
1996-12,0.6,0.3,0.5,0.1,0.4,0.3,1.4,7.9,0.2,0.2,2.6,4.1,2.2,0.3,2.7,4.3,20.1,21.3,-0.9,-0.1,1.2,-0.3,-0.2,-0.6,1.4,1.1,1.4,1.0,1.0,1.2,-1.9,1.6,11.7,4.4,-2.2,-4.6,-1.3,-1.4,0.0,-3.3,2.1,1.6,2.0,0.0,2.3,2.0,2.3,1.4,0.3,0.4,0.5,0.6,-0.3,-0.8,1.8,-1.2,0.0,-1.7,-1.5,2.1,2.4,0.6,1.7,-0.9,-10.2,-0.8,0.3,0.5,0.4,1.3,-0.6,0.5,0.0,7.3,-0.8,1.8,-0.8,
1997-01,0.6,0.5,0.4,0.3,0.4,0.4,1.0,2.4,0.7,0.5,1.9,3.1,2.4,-1.3,-3.9,-6.4,15.4,16.2,-0.2,0.0,1.1,-0.5,-0.3,1.2,1.4,0.8,1.5,1.0,0.5,3.2,2.0,3.0,12.4,3.2,-2.4,-4.8,-1.2,-1.8,-0.6,-3.0,1.9,1.0,1.2,0.0,1.3,1.4,1.2,1.8,0.5,0.2,0.6,0.7,-0.2,-0.8,1.8,-1.3,-0.5,-1.5,-1.6,2.1,2.4,0.6,1.7,-0.9,-10.3,0.8,0.5,-0.4,0.3,1.3,-0.8,0.5,0.0,1.0,1.3,1.8,-1.0,
1997-02,0.6,0.4,0.3,0.2,0.3,0.5,0.7,2.2,0.3,0.4,2.3,3.5,2.3,-0.5,-4.1,-6.7,14.3,15.1,-0.8,-0.2,0.8,-0.4,-0.2,0.3,1.3,0.8,1.4,0.9,0.6,3.3,2.0,3.7,12.0,3.2,-2.3,-4.3,-1.4,-2.4,-0.8,-3.2,1.8,0.8,1.0,-0.4,1.2,1.2,1.0,1.7,0.8,0.2,0.6,0.6,-0.2,-1.1,1.8,-1.0,0.2,-1.1,-2.5,2.1,2.4,0.6,1.6,-0.5,-9.9,0.0,0.7,0.4,0.2,1.2,-0.8,0.1,0.0,1.0,1.8,1.8,-0.5,
1997-03,0.5,0.5,0.2,0.3,0.4,0.5,0.3,-0.1,0.3,0.2,1.5,2.3,2.3,0.0,-4.0,-6.6,5.7,6.1,-0.3,-0.1,0.2,-0.2,-0.2,0.2,1.4,0.8,1.5,0.8,0.7,3.3,2.0,3.8,11.2,3.3,-2.2,-3.9,-1.9,-2.2,-0.6,-3.2,1.8,1.2,1.3,0.2,1.3,1.7,1.5,2.2,0.6,0.5,0.7,0.5,-0.2,-1.6,1.8,-1.0,0.2,-1.1,-2.7,1.8,2.4,0.6,0.3,-0.5,-9.4,-0.4,0.7,0.7,0.1,1.3,-1.6,0.7,0.0,1.0,2.0,1.6,-0.4,
1997-04,1.9,2.0,1.9,2.0,1.9,1.6,2.2,0.1,2.7,1.7,2.9,3.1,5.0,2.4,-1.5,-3.9,1.8,1.8,0.8,2.2,3.1,1.7,1.3,3.0,1.6,1.5,1.5,0.9,2.4,4.7,4.0,5.2,9.6,4.0,-0.3,-1.7,-0.3,-0.1,1.3,-1.2,3.4,2.5,2.2,1.1,2.2,3.2,2.8,4.5,2.6,2.0,2.1,0.9,1.5,0.0,0.7,0.8,1.8,0.6,-0.3,2.1,2.0,2.7,2.5,1.7,-7.5,1.6,2.7,3.1,1.9,2.7,0.0,2.9,2.3,0.9,3.8,2.2,1.7,
1997-05,1.9,2.1,1.9,2.1,2.0,1.6,2.0,-1.2,2.7,1.5,1.9,1.5,5.4,2.6,-1.4,-4.0,-0.9,-1.0,1.3,2.1,2.8,1.7,1.4,3.0,1.7,1.6,1.5,0.9,2.5,5.4,5.0,6.4,8.4,4.5,-0.3,-1.9,-0.4,0.9,1.1,-1.5,3.3,2.5,2.0,1.2,2.0,3.9,3.6,4.5,2.3,2.2,2.1,0.8,1.6,0.1,0.7,0.5,1.8,-0.1,0.1,2.2,1.9,2.7,2.5,1.8,-5.4,1.6,2.5,3.0,2.0,2.9,0.3,2.8,2.3,2.9,4.3,2.1,1.8,
1997-06,2.2,2.0,2.3,2.1,1.9,1.6,3.2,5.1,2.8,1.5,2.1,1.7,5.4,2.0,8.1,11.4,1.5,1.4,1.4,2.2,3.1,1.7,1.5,3.2,1.7,1.6,1.6,1.0,2.6,5.8,5.0,6.4,7.5,6.1,-0.3,-2.0,-0.1,0.7,0.8,-1.6,3.6,2.5,2.3,0.7,2.5,3.1,2.7,3.9,2.4,2.5,2.2,0.9,1.6,-0.1,0.8,0.4,1.7,-0.3,0.0,2.2,1.9,2.7,2.5,2.1,-4.6,2.5,2.5,2.9,2.0,2.8,0.3,3.2,2.3,2.9,4.0,2.1,2.0,
1997-07,1.9,2.0,1.9,2.1,1.9,1.7,2.1,-1.4,2.9,1.4,2.3,1.8,5.3,2.4,-2.3,-5.5,0.0,0.1,1.9,2.1,3.3,2.3,1.5,3.3,1.7,1.7,1.5,1.0,2.7,5.4,4.1,6.7,7.2,5.8,-0.3,-1.8,-0.2,0.8,1.1,-1.5,3.4,2.3,2.2,0.9,2.4,2.3,1.9,3.3,2.7,2.8,2.1,0.8,1.6,0.0,0.8,0.3,1.8,-0.3,0.0,2.2,1.9,2.7,2.7,1.9,-4.8,1.4,2.6,3.2,2.0,2.8,0.1,3.1,2.3,2.9,3.6,2.2,1.9,
1997-08,2.1,2.1,2.1,2.2,2.0,1.6,2.8,2.1,2.9,1.4,5.7,6.9,5.2,2.3,2.8,2.6,-6.9,-7.3,1.4,2.2,3.3,2.4,1.5,3.3,1.6,1.7,1.5,0.9,2.9,5.4,4.1,6.7,7.1,5.8,-0.5,-2.2,-0.5,1.2,0.8,-1.8,3.4,2.5,2.3,1.2,2.5,2.6,2.6,2.8,2.8,3.0,2.2,0.8,1.5,0.1,0.8,0.4,1.9,-0.4,0.1,2.2,1.9,2.7,2.7,2.3,-4.2,2.7,3.0,3.1,2.3,2.8,0.7,3.5,2.3,2.9,3.6,2.2,2.1,
1997-09,2.4,2.4,2.5,2.6,2.3,2.3,2.4,1.8,2.6,1.0,1.3,0.6,5.1,3.0,4.7,5.7,-2.7,-3.0,1.5,2.1,3.2,2.2,1.4,2.7,1.5,1.7,1.3,0.8,2.9,5.4,4.1,6.7,6.8,5.7,-0.4,-2.0,-0.4,0.8,1.0,-1.9,3.3,2.9,3.0,0.8,3.2,3.3,3.0,4.1,2.8,3.1,2.2,12.3,1.5,-0.3,24.4,0.3,1.9,-0.4,0.1,2.2,1.9,2.7,2.7,2.5,-3.8,3.2,3.0,3.1,2.2,2.8,0.5,3.5,2.3,3.9,3.5,2.2,2.4,
1997-10,2.5,2.4,2.6,2.5,2.4,2.3,2.7,3.7,2.4,-0.7,0.6,-0.5,4.4,1.6,13.2,19.9,-12.1,-12.7,1.4,1.8,2.8,3.0,0.7,3.4,1.5,1.7,1.3,0.7,2.8,4.9,3.5,6.4,5.3,5.6,-0.4,-2.0,-0.1,-0.1,1.1,-1.7,3.4,3.0,2.9,1.2,3.2,3.2,3.2,3.4,3.2,3.6,2.2,12.3,1.6,-0.3,24.4,0.2,2.0,-0.7,0.1,2.2,1.9,2.7,2.7,3.0,-4.1,3.7,3.1,3.7,2.1,2.8,0.3,3.2,2.3,3.9,2.8,2.2,2.8,
1997-11,2.1,2.2,2.2,2.4,2.2,2.3,1.6,-1.5,2.3,-1.6,1.4,0.6,3.9,2.4,4.6,5.7,-14.6,-15.4,1.6,1.8,2.6,2.9,0.6,3.4,1.5,1.7,1.2,0.7,2.8,4.6,3.5,6.3,0.7,5.3,-0.5,-2.1,-0.1,-0.4,0.9,-1.7,3.4,3.1,3.1,1.5,3.3,3.2,3.2,3.3,3.2,3.7,2.1,12.4,1.6,0.2,24.4,0.1,2.0,-0.9,0.2,2.2,1.9,2.7,2.7,2.3,-3.6,2.7,3.0,2.9,2.1,2.7,0.2,3.1,2.3,3.9,2.2,2.2,2.2,
1997-12,1.8,2.2,1.8,2.4,2.2,2.4,0.5,-7.6,2.2,-2.0,3.0,3.3,3.6,0.3,-2.7,-6.2,-26.3,-27.5,1.0,1.7,2.8,3.0,0.7,3.7,1.5,1.6,1.3,0.6,2.9,4.3,3.5,6.1,-2.6,5.3,-0.5,-2.1,0.0,-0.2,0.5,-1.6,3.4,3.3,3.7,2.3,3.8,2.9,2.8,3.1,3.2,3.6,2.0,12.3,1.6,-0.1,24.4,0.1,2.4,-1.2,0.1,2.2,1.9,2.7,2.7,2.2,-3.4,1.7,3.0,3.0,2.2,2.7,0.7,3.3,2.3,3.9,1.5,2.2,2.2,
1998-01,1.8,2.0,2.0,2.1,2.1,2.0,1.5,-0.4,1.8,-2.2,3.3,3.4,3.7,0.2,8.0,11.4,-21.9,-22.9,1.0,1.7,2.6,3.1,0.7,2.8,1.5,1.5,1.4,0.6,2.6,3.0,2.4,4.2,-3.6,5.3,-0.4,-2.3,-0.1,-0.1,1.3,-1.8,3.5,2.5,2.5,1.5,2.7,2.7,2.5,3.4,2.6,2.9,2.0,12.2,1.4,-0.2,24.4,0.1,2.4,-1.4,0.2,2.2,1.9,3.2,2.8,1.9,-2.0,1.2,2.7,2.8,2.2,2.7,0.8,3.2,2.3,3.9,0.5,2.4,2.0,
1998-02,1.9,1.8,2.0,1.9,2.0,2.1,2.1,3.2,2.0,-2.3,2.1,1.8,3.5,0.8,12.0,18.1,-15.0,-15.6,1.1,2.2,2.6,3.0,0.7,2.9,1.5,1.5,1.3,0.7,2.6,1.0,-1.8,3.4,-5.1,5.3,-0.3,-2.5,0.2,-0.6,1.6,-1.1,3.5,3.0,3.0,1.6,3.3,3.4,3.4,3.1,2.0,3.0,2.0,12.3,1.3,0.1,24.4,-0.6,2.0,-1.8,-1.3,2.2,1.9,3.2,2.8,2.0,-1.4,1.5,2.4,2.8,2.2,2.8,0.6,3.5,2.3,3.9,-2.0,2.4,2.0,
1998-03,2.2,1.8,2.3,1.9,2.1,2.1,3.2,10.2,1.8,-2.2,2.2,2.4,3.4,-0.9,17.0,26.8,-0.2,-0.2,1.4,2.1,3.3,3.0,0.6,2.5,1.4,1.6,1.3,0.8,2.5,0.7,-1.8,3.2,-6.9,5.2,-0.4,-2.8,0.3,-0.4,1.6,-1.1,3.6,2.9,2.8,1.8,3.0,3.5,3.7,2.9,3.0,2.8,1.8,12.4,1.3,0.5,24.4,-0.8,2.0,-2.2,-1.1,2.3,1.9,3.2,3.2,2.2,-1.8,2.3,2.6,2.7,2.2,2.7,1.2,2.9,2.0,3.9,-2.5,2.5,2.1,
1998-04,0.4,0.2,0.3,0.1,0.6,0.8,0.4,3.5,-0.3,-3.7,-0.5,-1.1,0.6,-2.2,9.9,16.0,-7.6,-7.8,-0.8,0.0,0.6,1.8,-0.8,0.3,0.8,0.3,0.8,-0.1,0.7,-1.2,-3.8,1.1,-9.1,4.0,-2.4,-5.3,-1.5,-2.6,-0.3,-3.0,2.3,1.6,2.2,-0.2,2.6,1.5,1.7,0.7,1.3,1.6,0.4,10.8,-0.3,-1.2,23.3,-2.3,0.5,-3.9,-2.5,1.9,2.0,1.4,1.3,-0.2,-3.1,-0.1,0.7,-0.1,0.4,1.3,-0.4,0.4,-0.3,4.5,-4.8,1.9,-0.2,
1998-05,0.5,0.0,0.5,-0.1,0.4,0.7,1.4,9.8,-0.4,-3.6,1.3,2.2,0.2,-2.6,16.6,27.0,-2.9,-3.0,-0.8,0.0,0.4,1.9,-0.9,0.2,0.6,0.0,0.7,-0.2,0.4,-2.0,-4.6,0.1,-9.3,3.0,-2.2,-5.0,-1.5,-2.4,0.0,-2.6,2.2,1.3,2.1,-0.1,2.4,0.6,0.6,0.5,1.3,1.3,0.3,10.8,-0.5,-1.6,23.3,-2.3,0.5,-3.7,-2.9,1.8,2.1,1.4,1.3,-0.3,-3.4,0.2,0.9,-0.3,0.1,1.2,-0.7,0.1,-0.3,2.5,-5.3,1.9,-0.3,
1998-06,0.1,0.0,0.0,-0.1,0.4,0.6,0.1,2.9,-0.5,-3.5,1.4,2.0,0.1,-2.5,2.8,4.6,1.3,1.4,-1.1,-0.4,0.1,2.6,-1.0,0.2,0.4,-0.3,0.5,-0.4,-0.3,-2.3,-4.6,-0.1,-9.2,1.8,-2.2,-4.8,-1.8,-1.9,0.2,-2.7,1.8,1.4,1.9,0.2,2.2,1.1,1.4,0.6,1.5,1.2,0.3,10.7,-0.5,-1.6,23.2,-2.3,0.4,-3.6,-2.7,1.8,2.1,1.4,1.3,-0.4,-3.0,-0.4,0.8,-0.4,0.2,1.1,-0.8,0.3,-0.3,2.5,-5.2,1.9,-0.4,
1998-07,-0.1,-0.1,-0.3,-0.2,0.3,0.5,-0.5,-0.4,-0.6,-3.2,0.7,1.2,-0.3,-2.5,0.2,0.2,-3.9,-4.1,-0.7,0.0,-0.1,2.4,-1.0,-0.4,0.4,-0.3,0.5,-0.4,-0.3,-2.6,-5.1,-0.7,-9.1,1.9,-2.3,-5.1,-1.9,-1.6,-0.2,-2.4,1.8,0.8,1.3,0.0,1.5,0.4,0.3,0.8,0.4,0.7,0.4,10.8,-0.6,-1.5,23.2,-2.1,0.3,-3.4,-2.6,1.8,2.1,1.4,1.3,-0.5,-3.0,0.0,0.6,-0.8,0.0,1.0,-0.8,-0.2,-0.3,2.5,-5.4,1.9,-0.5,
1998-08,-0.3,-0.1,-0.5,-0.2,0.3,0.7,-1.4,-5.4,-0.6,-3.3,-2.2,-3.3,-0.2,-2.7,-5.8,-9.5,-1.8,-1.8,-1.0,0.0,-0.3,1.8,-1.1,0.1,0.3,-0.5,0.4,-0.5,-0.5,-2.6,-5.1,-0.7,-9.0,2.0,-1.7,-4.2,-1.3,-2.0,-0.1,-1.8,1.8,1.4,2.2,-0.1,2.5,1.1,1.1,1.2,0.4,0.6,0.3,10.8,-0.4,-1.7,23.2,-2.0,0.5,-3.1,-2.6,1.8,2.1,1.4,1.3,-0.6,-2.8,0.2,0.3,-0.9,0.0,0.9,-0.6,0.1,-0.3,2.5,-5.3,1.9,-0.5,
1998-09,-0.2,-0.5,-0.3,-0.6,-0.1,-0.1,0.5,3.8,-0.2,-2.6,3.1,4.7,-0.5,-2.0,3.0,4.7,0.6,0.7,-0.5,0.0,-0.2,2.3,-0.9,0.6,0.2,-0.5,0.4,-0.5,-0.5,-2.6,-5.1,-0.7,-8.9,2.3,-1.8,-4.1,-1.6,-1.7,-0.1,-2.0,1.9,0.7,1.2,0.4,1.4,-0.2,0.0,-0.5,0.5,0.6,0.3,-0.6,-0.4,-1.7,-0.2,-1.9,0.4,-3.0,-2.5,1.7,2.1,1.4,1.0,-0.8,-2.8,-0.7,0.4,-0.8,-0.1,0.8,-0.7,-0.3,-0.3,2.1,-5.1,1.8,-0.7,
1998-10,0.2,-0.4,0.2,-0.6,-0.1,-0.2,2.4,13.4,0.0,0.5,2.5,3.6,-0.4,-2.0,14.2,21.9,13.8,14.5,-1.1,0.2,0.2,1.6,0.0,-0.1,0.1,-0.7,0.3,-0.6,-0.7,-3.1,-5.6,-1.7,-9.7,2.2,-1.6,-3.8,-1.6,-1.1,-0.3,-1.5,1.8,0.6,1.5,-0.4,1.6,-0.5,-0.6,-0.1,0.2,-0.6,0.3,-0.5,-0.5,-1.4,-0.2,-1.8,0.3,-2.7,-2.6,1.7,2.1,1.4,1.0,-1.0,-2.8,-1.2,0.3,-0.9,0.1,0.8,-0.2,-0.6,-0.3,2.5,-5.4,1.8,-0.8,
1998-11,0.8,-0.3,0.9,-0.5,0.1,-0.2,4.4,25.7,0.2,1.3,2.2,3.4,0.2,-1.8,30.4,50.7,23.8,25.3,-0.5,0.5,0.3,2.0,-0.1,-0.1,0.1,-0.7,0.2,-0.6,-0.7,-3.1,-5.6,-1.6,-10.2,2.2,-1.5,-3.7,-2.0,-0.3,-0.1,-1.4,1.8,0.0,0.3,0.1,0.3,-0.4,-0.5,-0.2,0.3,-0.7,0.3,-0.5,-0.3,-1.6,-0.2,-1.7,0.3,-2.5,-2.5,1.7,2.1,1.4,1.0,-0.2,-2.9,1.3,0.3,-0.6,-0.1,0.8,-0.5,-0.8,-0.3,2.5,-5.2,1.8,-0.2,
1998-12,0.6,-0.3,0.6,-0.4,0.0,-0.1,3.5,19.8,0.4,1.6,0.2,-0.3,0.1,0.0,21.1,35.0,34.1,36.4,-0.6,0.9,-0.2,2.2,0.0,-0.1,-0.1,-0.8,0.0,-0.7,-0.8,-3.2,-5.6,-1.7,-10.8,2.2,-1.2,-3.1,-1.6,-0.5,0.4,-1.4,1.8,-0.2,-0.3,-0.7,-0.2,-0.3,-0.4,-0.1,0.2,-0.5,0.2,-0.4,-0.3,-1.6,-0.2,-1.5,0.4,-2.3,-2.5,1.7,2.1,1.4,1.0,-0.3,-2.2,1.1,0.4,-0.7,1.2,0.7,-0.8,-1.0,7.5,2.5,-5.0,1.8,-0.2,
1999-01,0.2,-0.1,0.2,-0.3,0.2,0.0,1.8,7.2,0.7,1.8,-0.3,-1.1,-0.4,0.5,3.4,4.7,28.2,29.8,-0.3,1.7,-0.1,2.0,0.0,0.3,-0.2,-0.8,-0.2,-0.8,-0.7,-2.8,-5.1,-1.3,-11.2,2.2,-1.0,-2.6,-1.2,-0.5,0.1,-1.1,1.8,0.6,1.3,-0.8,1.6,0.0,0.1,-0.3,0.1,-0.7,0.2,-0.4,-0.2,-1.1,-0.2,-1.4,0.9,-2.2,-2.5,1.7,2.1,0.9,0.9,-0.5,-2.3,0.4,0.3,-1.0,1.3,0.7,-0.6,-0.7,7.5,2.5,-4.6,1.5,-0.2,
1999-02,-0.1,-0.1,0.0,-0.1,0.1,-0.2,0.7,0.9,0.6,2.0,-0.3,-1.2,0.1,-0.2,-4.2,-7.1,19.5,20.5,-0.8,1.5,0.1,2.3,-0.1,0.2,-0.4,-0.9,-0.3,-1.0,-0.9,-1.2,-0.9,-1.7,-10.6,2.2,-1.1,-2.7,-1.4,0.0,0.0,-1.4,1.8,0.1,0.5,0.1,0.5,-0.4,-0.4,-0.2,0.3,-0.3,0.1,-0.4,-0.1,-1.2,-0.2,-0.9,0.3,-2.1,0.0,1.7,2.1,0.9,0.9,-0.7,-2.5,0.2,0.3,-1.1,1.3,0.6,-0.4,-0.9,7.5,2.5,-2.8,1.5,-0.5,
1999-03,-0.4,-0.1,-0.4,-0.1,0.1,-0.2,-0.3,-5.0,0.8,2.0,-0.2,-1.5,0.0,0.3,-8.7,-14.1,4.9,5.1,-0.9,1.3,-0.1,2.0,0.0,0.7,-0.3,-1.1,-0.3,-1.1,-1.0,-1.0,-0.9,-1.7,-9.6,2.2,-1.3,-2.7,-1.2,-0.5,-0.7,-1.3,1.7,-0.1,0.6,-0.8,0.8,-1.1,-1.6,0.0,-0.3,-0.3,0.1,-0.5,-0.2,-1.7,-0.2,-0.7,0.3,-1.7,0.0,1.6,2.1,0.9,0.7,-0.8,-2.7,-0.7,0.3,-0.9,1.1,0.5,-1.0,-1.6,7.8,2.5,-2.4,1.4,-0.6,
1999-04,-0.1,-0.1,-0.2,-0.2,0.0,0.0,0.4,-0.4,0.6,1.9,1.3,1.3,-0.6,1.1,-5.0,-8.2,11.1,11.5,-0.3,1.2,-0.2,1.8,-0.1,0.2,-0.1,-0.7,0.1,-0.2,-1.1,-1.7,-2.0,-2.1,-8.9,1.4,-1.3,-2.3,-1.3,-0.2,-1.0,-1.4,0.6,-0.1,-0.1,-0.1,-0.1,-0.2,-0.3,0.3,-0.2,-0.3,-0.1,0.1,-0.2,-1.5,0.7,-0.8,0.0,-1.4,0.1,1.3,1.7,0.3,0.5,-0.9,-3.0,-0.3,0.3,-1.2,1.0,0.5,-0.9,-1.3,7.8,1.2,-2.7,1.2,-0.7,
1999-05,-0.4,0.0,-0.5,-0.1,0.1,-0.1,-0.7,-6.6,0.6,1.8,-0.6,-2.2,-0.6,2.8,-12.7,-19.6,10.9,11.4,-0.4,1.5,0.0,1.4,0.0,0.2,-0.2,-0.5,0.0,-0.2,-1.1,-1.7,-2.0,-2.1,-8.4,1.5,-1.0,-1.8,-0.8,0.1,-1.1,-1.1,0.6,-0.2,-0.3,-0.5,-0.4,0.1,-0.1,0.3,-0.2,-0.3,-0.1,0.2,-0.2,-1.1,0.7,-0.4,0.0,-0.7,0.1,1.3,1.7,0.3,0.5,-0.8,-2.9,-0.7,0.2,-0.9,1.2,0.4,-0.9,-1.0,7.8,1.2,-2.5,1.2,-0.7,
1999-06,-0.3,0.0,-0.4,-0.1,0.1,0.0,-0.6,-6.1,0.6,1.3,-0.3,-1.7,-0.8,2.2,-10.7,-17.1,5.1,5.3,-0.3,1.9,-0.1,1.3,0.0,0.2,0.0,-0.3,0.1,0.1,-0.7,-1.7,-2.0,-2.0,-7.8,1.1,-0.9,-1.7,-0.8,-0.4,-0.9,-0.7,0.6,-0.4,-0.3,0.0,-0.4,-0.5,-0.9,0.7,-0.2,-0.3,-0.3,0.2,-0.1,-0.9,0.7,-0.2,0.1,-0.4,0.0,1.3,1.7,0.3,0.5,-0.7,-3.4,-0.8,0.2,-0.4,1.0,0.4,-0.9,-1.4,7.8,1.2,-2.1,1.2,-0.5,
1999-07,-0.1,0.0,-0.1,-0.1,0.1,-0.1,0.3,-1.2,0.6,1.0,-0.3,-1.7,-0.8,1.8,-1.0,-1.9,0.8,0.8,-0.2,1.5,0.1,0.9,0.0,0.7,0.0,-0.3,0.1,0.0,-0.8,-2.0,-2.6,-2.2,-7.5,0.9,-0.9,-1.6,-0.5,-0.4,-0.9,-1.2,0.6,-0.2,-0.2,0.2,-0.4,-0.2,-0.5,0.2,0.3,-0.6,-0.4,-1.3,0.0,-1.2,-2.0,0.0,0.3,-0.1,0.0,1.3,1.7,0.3,0.5,-0.5,-3.2,-0.5,0.1,-0.2,1.1,0.4,-0.8,-1.3,7.8,1.2,-2.0,1.2,-0.3,
1999-08,0.3,0.0,0.3,-0.1,0.1,-0.1,1.6,6.7,0.6,1.1,1.1,0.5,-0.8,2.8,9.5,15.5,3.8,3.9,-0.4,1.5,0.3,1.4,0.1,0.2,0.0,-0.3,0.2,0.1,-0.8,-1.9,-2.6,-2.2,-7.2,0.8,-1.2,-2.0,-1.0,-0.4,-1.0,-0.9,0.6,-0.2,-0.2,0.9,-0.4,0.1,0.1,0.0,0.0,-0.8,-0.4,-1.3,-0.1,-1.4,-2.0,0.2,0.2,0.2,0.0,1.3,1.7,0.3,0.5,-0.9,-3.7,-1.8,0.2,-0.5,1.0,0.4,-0.7,-1.9,7.8,1.2,-1.6,1.2,-0.7,
1999-09,-0.2,0.0,-0.2,-0.1,0.1,-0.2,0.1,-1.6,0.4,0.7,-0.7,-1.7,-0.8,1.9,-1.8,-3.0,1.5,1.6,-0.1,1.4,-0.2,0.7,0.0,0.2,0.1,-0.3,0.1,0.0,-0.8,-2.0,-2.6,-2.2,-6.1,0.6,-1.3,-2.5,-0.4,-0.6,-1.1,-1.2,0.6,-0.4,-0.4,0.4,-0.5,-0.6,-1.2,0.8,0.1,-0.4,-0.4,-1.3,-0.1,-1.5,-2.0,0.3,0.0,0.6,-0.1,1.3,1.7,0.3,0.5,-0.6,-4.1,-0.6,0.4,-0.4,1.1,0.4,-0.6,-1.5,7.8,0.7,-1.3,1.2,-0.5,
1999-10,-0.7,-0.1,-0.8,-0.1,-0.1,-0.1,-2.1,-10.8,0.1,-1.4,-0.7,-1.5,-1.0,1.1,-12.7,-18.7,-9.0,-9.3,-0.5,1.7,-0.4,1.2,-0.1,0.2,0.1,-0.2,0.1,0.1,-0.7,-0.9,-1.0,-1.2,-3.2,0.6,-1.4,-2.9,-0.3,-0.4,-1.2,-1.2,0.6,-0.3,-0.5,0.4,-0.5,0.2,-0.5,2.2,-0.1,-0.8,-0.4,-1.3,-0.1,-1.5,-2.0,0.5,0.0,1.0,-0.1,1.3,1.7,0.3,0.5,-0.6,-4.0,-0.9,0.5,-0.3,1.0,0.4,-0.6,-1.7,7.8,0.3,0.2,1.2,-0.6,
1999-11,-1.2,-0.2,-1.4,-0.2,-0.3,-0.2,-3.7,-18.3,-0.2,-2.0,-1.4,-2.6,-1.8,1.0,-22.1,-32.2,-13.2,-13.8,-0.6,1.5,-0.4,0.4,-0.2,0.2,0.1,-0.3,0.2,0.0,-0.7,-0.6,-1.0,-0.9,0.3,0.6,-1.4,-2.6,-0.2,-0.5,-1.3,-1.1,0.6,-0.3,-0.7,-0.4,-0.8,0.2,-0.7,2.6,0.2,-0.6,-0.4,-1.4,-0.2,-1.5,-2.0,0.6,0.0,1.1,-0.2,1.3,1.7,0.3,0.5,-1.2,-4.1,-2.8,0.4,-0.5,1.0,0.3,-0.7,-1.4,7.8,0.3,0.7,1.2,-1.0,
1999-12,-1.1,-0.1,-1.3,-0.2,-0.1,-0.3,-3.4,-17.7,-0.1,-2.2,-0.6,-0.9,-1.7,0.3,-19.9,-30.0,-21.5,-22.4,-0.4,1.2,-0.3,0.3,-0.5,0.8,0.2,-0.3,0.3,0.0,-0.7,-0.4,-1.0,-1.1,3.7,0.6,-1.8,-3.6,-0.9,-0.8,-1.5,-0.8,0.6,-0.3,-0.7,0.0,-0.9,0.4,-0.6,2.8,0.1,-0.8,-0.3,-1.3,-0.2,-1.2,-2.0,0.7,0.5,1.2,-0.1,1.3,1.7,0.3,0.5,-1.1,-5.1,-2.3,0.4,-0.5,-0.4,0.4,-0.6,-1.3,0.0,0.3,1.1,1.2,-0.8,
2000-01,-0.9,-0.3,-1.1,-0.3,-0.4,-0.4,-2.6,-12.2,-0.5,-2.2,-1.4,-1.8,-1.6,0.5,-11.6,-17.7,-18.9,-19.7,-1.0,0.6,-0.8,0.6,-0.6,0.3,0.1,-0.3,0.2,0.0,-0.8,0.2,-0.2,-0.4,5.0,0.8,-2.2,-4.5,-1.0,-0.8,-2.1,-1.0,0.6,-0.6,-0.8,0.4,-1.0,-0.2,-1.3,2.6,-0.2,-0.6,-0.4,-1.4,0.0,-1.9,-2.0,0.6,-0.1,1.3,-0.1,1.3,1.7,0.3,0.5,-1.0,-6.2,-2.2,0.2,-0.1,-0.4,0.3,-0.7,-1.4,0.0,0.3,1.7,1.2,-0.9,
2000-02,-0.6,-0.1,-0.9,-0.3,-0.2,-0.2,-2.0,-9.4,-0.5,-2.2,-0.8,-0.8,-1.9,0.5,-9.5,-15.0,-13.7,-14.3,-0.3,0.4,-0.9,0.5,-0.4,0.3,0.3,-0.4,0.5,0.1,-1.0,0.4,-0.2,-0.1,5.2,1.0,-2.2,-4.8,-1.1,-0.8,-1.9,-1.2,0.6,-0.3,-0.2,-0.1,-0.2,-0.2,-1.4,2.5,0.2,-0.9,-0.2,-1.5,0.0,-2.2,-2.0,0.6,-0.1,1.4,-0.1,1.3,1.7,0.3,0.5,-1.1,-6.7,-2.1,0.4,-0.2,-0.3,0.3,-0.7,-0.9,0.0,0.3,1.9,1.2,-1.0,
2000-03,-0.5,-0.3,-0.6,-0.5,-0.5,-0.3,-1.5,-4.2,-0.9,-2.2,-1.9,-2.1,-2.0,1.5,-1.8,-2.6,-9.2,-9.7,-1.0,0.5,-0.6,0.4,-0.5,-1.1,0.1,-0.5,0.4,0.0,-1.2,0.5,-0.2,-0.1,6.6,1.0,-2.5,-5.5,-1.6,-0.3,-1.7,-1.4,0.6,-0.6,-1.5,0.2,-1.7,0.5,-0.3,2.4,0.6,-0.8,-0.2,-1.5,-0.1,-2.2,-2.0,0.8,0.2,1.5,-0.2,1.4,1.7,0.3,0.8,-0.9,-6.9,-1.0,0.2,-0.2,-0.2,0.3,-0.3,-0.5,0.0,0.3,2.2,1.3,-0.7,
2000-04,-0.8,-0.4,-0.9,-0.5,-0.6,-0.6,-2.1,-8.0,-0.9,-2.2,-2.6,-3.4,-1.5,1.2,-9.2,-14.3,-5.2,-5.4,-1.3,0.7,-0.6,0.2,-0.5,-1.3,0.0,-0.5,0.2,-0.2,-0.9,1.9,1.5,1.4,8.2,1.7,-2.4,-5.6,-1.2,-0.9,-1.8,-0.8,0.7,-0.8,-1.2,-0.2,-1.4,-0.6,-1.5,1.6,-0.1,-1.2,-0.1,-1.3,-0.1,-2.3,-1.7,0.4,0.0,1.8,-3.1,1.0,1.4,0.3,0.3,-1.1,-6.4,-2.0,0.2,-0.4,-0.2,0.3,-0.7,-0.8,0.0,1.4,3.9,0.9,-1.0,
2000-05,-0.7,-0.2,-0.9,-0.3,-0.4,-0.2,-2.6,-9.7,-1.0,-2.1,-2.8,-4.0,-2.1,-0.2,-8.3,-13.2,-12.9,-13.5,-1.4,0.4,-0.7,0.1,-0.5,-1.3,0.4,-0.5,0.5,0.0,-1.0,2.0,1.5,1.5,8.0,1.9,-3.0,-7.0,-1.4,-1.4,-1.8,-1.1,0.7,-0.7,-1.0,0.0,-1.1,-0.5,-1.4,1.8,-0.2,-1.1,-0.1,-1.4,0.0,-2.7,-1.7,0.5,0.0,2.0,-3.1,1.1,1.3,0.3,0.3,-0.1,-6.3,-1.4,0.2,1.4,-0.3,0.4,-0.6,-1.2,0.0,1.4,4.0,0.9,-0.1,
2000-06,-0.7,-0.3,-0.9,-0.5,-0.6,-0.5,-2.1,-7.6,-1.0,-1.7,-3.5,-4.9,-1.8,-0.4,-2.9,-4.6,-15.1,-15.8,-1.7,0.1,-0.6,-0.2,-0.5,-1.1,0.2,-0.5,0.4,-0.3,-0.8,1.9,1.5,1.4,8.1,1.9,-3.1,-7.5,-1.3,-0.7,-1.8,-1.1,1.0,-0.7,-1.2,-0.2,-1.3,-0.2,-1.0,1.8,-0.5,-1.4,0.1,-1.4,0.0,-3.1,-1.7,0.5,0.0,2.0,-3.1,1.1,1.3,0.3,0.3,-1.0,-6.5,-0.4,0.1,-0.9,-0.4,0.4,-0.9,-1.2,0.0,1.4,3.8,0.9,-0.9,
2000-07,-0.5,-0.3,-0.7,-0.4,-0.6,-0.3,-1.9,-5.7,-1.0,-1.8,-2.3,-2.9,-1.6,-0.9,-5.7,-9.1,-4.8,-5.0,-1.7,0.0,-0.6,-0.6,-0.7,-1.3,0.2,-0.5,0.4,-0.2,-0.8,3.0,3.2,2.3,7.7,2.0,-3.2,-7.6,-1.6,-1.1,-1.8,-1.4,0.9,-0.6,-1.0,-0.5,-1.0,0.2,-0.7,2.4,-0.4,-1.6,0.1,0.1,-0.2,-2.7,1.0,0.4,0.0,1.8,-3.1,1.1,1.3,0.3,0.3,-1.2,-6.7,-1.0,0.4,-1.0,-0.4,0.5,-0.9,-1.5,0.0,1.4,4.5,0.9,-1.1,
2000-08,-0.8,-0.3,-0.9,-0.4,-0.6,-0.5,-2.6,-9.5,-1.1,-1.9,-3.0,-3.5,-1.4,-1.8,-11.4,-17.6,-5.5,-5.7,-1.7,0.1,-1.0,-0.7,-0.8,-1.1,0.2,-0.5,0.3,-0.3,-0.8,2.9,3.2,2.3,7.8,2.1,-3.4,-7.6,-1.7,-1.4,-1.9,-1.8,0.9,-0.8,-1.4,-1.2,-1.4,0.1,-0.9,2.2,-0.7,-1.6,0.1,0.0,-0.3,-2.5,1.0,0.4,0.6,1.5,-3.2,1.1,1.3,0.3,0.3,-1.0,-6.7,-0.2,0.3,-0.9,-0.4,0.5,-0.9,-1.2,0.0,1.4,4.3,0.9,-0.7,
2000-09,-0.8,-0.5,-1.1,-0.6,-0.8,-0.5,-2.3,-7.5,-1.2,-2.0,-1.7,-2.0,-1.4,-3.0,-7.0,-11.0,-10.9,-11.5,-2.1,0.3,-0.7,-0.7,-0.8,-1.4,0.2,-0.4,0.4,-0.1,-0.8,2.9,3.2,2.3,6.7,2.0,-3.5,-7.6,-2.3,-2.4,-2.0,-1.6,0.9,-2.0,-3.3,-1.4,-3.6,-1.0,-2.0,1.6,-0.9,-1.3,0.0,0.0,-0.3,-2.6,1.0,0.1,0.0,1.2,-3.2,1.1,1.3,0.3,0.3,-1.0,-6.2,-0.8,0.2,-0.8,-0.4,0.5,-0.8,-1.6,0.0,1.3,3.9,0.9,-0.9,
2000-10,-0.9,-0.6,-1.2,-0.7,-0.8,-0.6,-2.2,-7.3,-1.1,-2.1,-3.0,-4.2,-1.0,-1.9,-8.2,-12.6,-2.4,-2.6,-1.7,0.2,-0.7,-0.9,-0.7,-1.4,0.2,-0.4,0.4,-0.1,-0.8,1.1,-1.8,2.8,8.8,2.0,-3.4,-7.3,-2.3,-3.0,-1.8,-1.8,0.9,-1.9,-2.9,-1.2,-3.2,-1.7,-2.5,0.1,-1.1,-0.3,-0.1,-0.1,-0.4,-2.5,1.0,-0.1,0.0,1.6,-5.1,1.1,1.3,0.3,0.3,-1.3,-6.1,-1.5,0.0,-1.0,-0.3,0.5,-0.7,-1.2,0.0,1.3,2.4,0.9,-1.1,
2000-11,-0.5,-0.5,-0.7,-0.7,-0.7,-0.5,-1.2,-1.3,-1.1,-2.4,-1.0,-1.3,-0.7,-2.0,-2.2,-3.4,1.9,2.0,-1.9,-0.1,-1.1,-0.8,-0.5,-1.4,0.3,-0.3,0.5,0.0,-0.8,1.1,-1.8,2.6,10.8,2.0,-3.5,-7.8,-2.1,-3.1,-1.6,-1.8,0.9,-1.9,-2.6,-0.8,-2.8,-1.6,-2.3,0.0,-1.7,-0.5,0.1,-0.1,-0.4,-2.7,1.0,-0.2,0.0,1.5,-5.1,1.1,1.3,0.3,0.3,-1.0,-6.2,-0.7,0.1,-0.9,-0.2,0.5,-0.3,-1.3,0.0,1.3,2.4,0.9,-0.9,
2000-12,-0.2,-0.6,-0.3,-0.8,-0.8,-0.5,0.1,7.0,-1.2,-2.5,-1.6,-2.4,-0.9,-2.0,6.9,12.4,16.5,17.4,-1.8,-0.1,-1.0,-1.0,-0.5,-1.4,0.2,-0.3,0.4,0.0,-0.8,1.3,-1.8,2.9,10.9,2.1,-3.3,-7.6,-1.6,-2.5,-1.6,-2.2,0.9,-2.0,-2.5,-0.9,-2.6,-2.0,-2.8,-0.2,-1.5,-0.7,0.0,-0.2,-0.5,-2.9,1.0,-0.1,0.2,1.4,-5.2,1.1,1.3,0.3,0.3,-0.9,-6.2,-0.7,0.1,-0.6,-0.3,0.4,-0.5,-1.7,0.0,1.3,2.3,0.9,-0.7,
2001-01,-0.3,-0.8,-0.4,-1.0,-1.0,-0.9,0.7,9.8,-1.1,-2.2,-0.5,-0.9,-1.2,-1.3,10.4,17.1,14.6,15.5,-1.3,-0.4,-0.8,-1.4,-0.6,-1.4,0.2,-0.3,0.3,0.0,-0.6,0.7,-2.0,2.6,11.1,1.4,-3.6,-8.0,-1.6,-2.1,-1.2,-2.7,0.6,-1.6,-2.7,-2.8,-2.8,-1.4,-1.8,-0.6,-1.0,0.3,0.0,1.0,-0.7,-3.0,3.5,-0.3,0.9,1.3,-5.3,1.1,1.3,1.4,0.2,-3.1,-22.0,-0.5,0.2,-1.0,-0.5,0.4,-0.9,-2.3,0.0,0.4,2.0,1.0,-2.6,
2001-02,-0.3,-0.8,-0.4,-1.0,-1.0,-1.0,0.7,9.9,-1.1,-2.3,-1.4,-2.2,-0.9,-0.5,13.0,22.0,9.9,10.5,-1.6,-0.6,-1.0,-1.7,-0.7,-1.3,0.1,-0.3,0.1,0.0,-0.6,0.7,-2.0,2.4,11.0,1.2,-3.6,-8.1,-0.9,-3.1,-0.9,-2.5,0.6,-1.9,-3.2,-3.0,-3.3,-1.6,-2.0,-0.3,-0.9,0.5,-0.1,1.1,-0.8,-2.4,3.5,-0.3,1.3,1.2,-5.4,1.1,1.3,1.4,0.2,-3.3,-21.9,-0.8,0.2,-1.3,-0.5,0.4,-0.7,-2.4,0.0,0.4,1.9,0.9,-2.7,
2001-03,-0.7,-0.9,-0.9,-1.0,-1.1,-1.1,-0.2,2.6,-0.8,-2.3,1.0,1.2,-0.8,-2.0,2.3,3.8,2.9,3.1,-1.3,-0.5,-1.2,-1.4,-0.6,-0.2,0.1,-0.3,0.3,0.1,-0.7,0.6,-2.0,2.5,10.3,1.2,-3.5,-7.8,-0.9,-3.9,-0.9,-2.7,0.6,-2.7,-3.7,-3.2,-3.8,-3.2,-4.3,-0.8,-1.6,0.3,-0.1,1.2,-0.9,-2.3,3.5,-0.9,0.8,1.0,-7.2,1.0,1.3,1.4,0.0,-3.5,-21.9,-1.0,0.2,-1.4,-0.2,0.3,-0.6,-1.0,0.0,0.4,1.6,0.9,-2.9,
2001-04,-0.7,-0.8,-1.0,-1.0,-0.9,-0.9,-0.6,0.6,-1.0,-2.3,0.2,0.5,-0.7,-2.9,2.3,3.9,-4.4,-4.4,-1.5,-0.8,-1.3,-1.6,-0.6,-0.2,0.5,-0.4,0.7,0.0,-0.8,0.6,-1.9,2.2,9.2,1.3,-3.6,-7.7,-1.0,-3.7,-0.7,-3.3,0.6,-2.5,-3.6,-3.4,-3.6,-2.3,-3.2,-0.4,-1.8,0.3,-0.1,0.6,-0.9,-2.4,2.5,-0.5,0.0,1.2,-5.4,1.1,1.1,1.6,0.7,-3.1,-22.6,-0.6,0.2,-0.9,-0.1,0.3,-0.5,-0.5,0.0,0.1,1.2,0.9,-2.7,
2001-05,-0.7,-1.0,-0.9,-1.1,-1.1,-1.1,-0.2,3.7,-0.9,-2.2,1.8,3.2,-0.2,-3.6,3.5,6.2,1.1,1.4,-1.2,-0.8,-1.2,-1.9,-0.7,-0.2,0.1,-0.5,0.3,-0.2,-0.8,0.5,-1.9,2.1,8.6,1.5,-3.5,-7.1,-1.3,-3.1,-0.9,-3.5,0.6,-2.1,-3.0,-3.4,-3.0,-2.3,-3.1,-0.5,-1.8,0.5,-0.1,0.6,-0.9,-2.3,2.5,-1.1,-0.2,0.9,-6.9,1.0,1.2,1.6,0.7,-3.5,-22.1,-0.8,0.2,-1.7,-0.2,0.2,-0.8,-0.3,0.0,0.1,0.8,0.9,-3.2,
2001-06,-0.8,-0.9,-1.0,-1.1,-1.0,-0.9,-0.8,-0.1,-0.9,-2.3,0.6,0.9,0.0,-2.3,0.9,1.7,-4.1,-4.1,-1.2,-0.6,-1.4,-1.6,-0.9,-0.5,0.1,-0.5,0.3,-0.2,-0.9,0.6,-1.9,2.1,8.3,1.7,-3.5,-7.3,-0.8,-3.6,-0.9,-3.8,0.2,-2.2,-3.1,-3.5,-3.0,-2.3,-3.1,-0.6,-1.5,0.4,-0.1,0.7,-0.9,-2.1,2.5,-0.9,-0.2,1.1,-6.9,1.0,1.2,1.6,0.7,-2.8,-22.7,-1.2,0.2,-0.4,-0.1,0.2,-0.7,0.3,0.0,0.1,0.5,0.9,-2.6,
2001-07,-0.8,-0.9,-1.1,-1.1,-0.9,-0.9,-0.8,-0.4,-0.8,-2.1,-0.6,-0.7,0.2,-1.6,0.2,0.1,-0.9,-0.8,-1.5,-0.7,-1.5,-1.6,-0.8,-0.3,0.2,-0.5,0.4,-0.2,-0.9,0.0,-3.1,1.7,8.0,1.8,-3.5,-7.3,-1.1,-4.0,-0.8,-3.6,0.3,-2.1,-2.8,-3.7,-2.8,-2.5,-3.6,-0.5,-1.4,0.7,0.0,0.5,-0.9,-2.5,2.5,-1.0,0.3,0.9,-6.7,1.0,1.2,1.6,0.7,-3.2,-23.0,-1.4,0.2,-0.8,-0.1,0.2,-0.9,0.7,0.0,0.1,-0.2,0.9,-2.8,
2001-08,-0.7,-0.9,-0.9,-1.1,-0.9,-0.9,-0.3,2.5,-0.9,-2.1,0.8,1.0,0.1,-1.5,5.0,8.4,-3.6,-3.5,-1.4,-0.6,-1.3,-1.9,-0.7,-0.7,0.3,-0.5,0.4,-0.2,-0.9,0.0,-3.1,1.7,7.7,1.8,-3.7,-7.7,-0.8,-4.4,-0.6,-3.5,0.3,-2.5,-3.4,-3.3,-3.5,-3.3,-4.6,-0.4,-0.7,0.7,-0.1,0.6,-0.9,-2.4,2.5,-1.0,0.4,0.9,-6.8,1.0,1.2,1.6,0.7,-2.6,-22.2,-0.9,0.2,-0.6,0.0,0.2,-0.8,0.8,0.0,0.1,-0.4,0.9,-2.3,
2001-09,-0.8,-0.8,-1.0,-1.0,-0.8,-0.8,-0.8,-1.1,-0.8,-1.5,-2.0,-3.0,0.4,-1.1,1.2,1.8,-2.9,-2.8,-0.9,-1.7,-1.0,-1.7,-0.8,-0.4,0.3,-0.6,0.4,-0.2,-1.0,-0.1,-3.1,1.7,7.1,2.1,-3.6,-7.7,-0.9,-4.0,-0.6,-3.3,0.3,-1.7,-1.9,-3.3,-1.8,-2.3,-3.0,-0.9,-0.7,0.2,0.0,0.6,-0.7,-2.1,2.5,-1.1,0.0,0.8,-6.7,1.0,1.2,1.6,0.7,-2.9,-20.5,-1.5,0.1,-1.1,0.0,0.2,-0.8,0.8,0.0,0.1,-0.5,0.9,-2.6,
2001-10,-0.8,-0.7,-0.9,-0.9,-0.8,-0.7,-1.0,-1.5,-0.9,-1.2,-1.1,-1.2,0.1,-1.3,-0.4,-0.5,-3.6,-3.4,-1.3,-3.0,-0.9,-1.9,-0.7,-0.5,0.2,-0.6,0.5,-0.3,-1.0,1.7,1.5,1.2,4.0,2.3,-3.6,-7.7,-1.3,-3.7,-0.8,-3.4,0.4,-2.1,-3.0,-3.6,-2.9,-2.3,-2.9,-0.7,-0.5,-0.2,0.0,0.5,-0.7,-2.5,2.5,-1.0,-0.3,0.5,-5.4,1.0,1.2,1.6,0.7,-2.5,-19.0,-1.2,0.2,-0.8,0.0,0.2,-0.9,1.1,0.0,0.1,0.3,0.9,-2.2,
2001-11,-1.0,-0.8,-1.3,-1.0,-0.8,-0.9,-1.9,-6.6,-0.9,-0.8,-3.3,-4.6,-0.2,-1.2,-4.9,-8.1,-6.9,-7.1,-0.7,-3.0,-0.7,-1.7,-0.8,-0.5,0.1,-0.7,0.3,-0.4,-1.0,1.4,1.5,1.1,-0.9,2.3,-3.7,-7.8,-1.4,-4.4,-1.1,-3.4,0.4,-2.2,-2.8,-3.3,-2.8,-2.6,-3.3,-1.1,-0.6,-0.6,0.0,0.5,-0.8,-2.8,2.5,-1.2,0.0,0.1,-5.5,1.0,1.2,1.6,0.7,-2.9,-18.9,-1.3,0.3,-1.5,-0.1,0.2,-1.2,0.9,0.0,0.1,-0.3,0.9,-2.5,
2001-12,-1.2,-0.9,-1.6,-1.1,-0.9,-0.8,-2.5,-10.4,-1.0,-0.7,-2.6,-3.6,-0.3,-1.2,-8.8,-14.2,-14.0,-14.5,-1.3,-3.2,-0.6,-1.7,-0.9,-0.5,0.3,-0.6,0.5,-0.2,-1.0,1.1,1.5,1.0,-4.9,2.3,-3.6,-7.3,-1.4,-4.2,-1.2,-3.3,0.4,-2.5,-3.6,-4.7,-3.4,-2.7,-3.4,-1.1,-1.0,-0.3,0.1,0.6,-0.7,-2.5,2.5,-1.3,0.0,-0.4,-5.2,1.0,1.2,1.6,0.7,-2.7,-18.2,-2.5,0.5,-1.1,-0.1,0.2,-1.0,0.9,0.0,0.1,-1.0,0.9,-2.5,
2002-01,-1.4,-0.8,-1.7,-1.1,-0.8,-0.8,-2.8,-11.2,-0.8,-0.9,-2.2,-2.9,0.8,-1.5,-10.8,-16.3,-14.0,-14.3,-1.5,-3.3,-0.3,-1.3,-0.7,-0.5,0.3,-0.5,0.6,-0.3,-0.9,0.6,0.9,0.5,-6.5,2.3,-3.8,-7.5,-1.7,-4.4,-1.4,-3.5,0.4,-2.8,-4.1,-4.1,-4.0,-2.7,-3.5,-1.0,-1.5,-0.4,-0.1,-0.7,-0.8,-2.6,0.1,-1.3,-0.1,-0.5,-4.5,1.0,1.2,0.6,0.7,-2.8,-18.7,-2.5,0.2,-0.9,0.1,0.1,-0.8,1.3,0.0,0.1,-1.5,0.7,-2.5,
2002-02,-1.6,-0.8,-1.9,-1.1,-0.8,-0.8,-3.3,-14.5,-0.8,-1.2,-2.3,-3.6,0.9,-2.2,-15.8,-24.1,-13.1,-13.6,-1.3,-3.1,-1.0,-1.2,-0.6,0.2,0.3,-0.5,0.6,-0.3,-0.9,0.7,0.9,0.9,-7.3,2.3,-3.9,-7.7,-2.4,-4.0,-1.6,-3.6,0.5,-2.8,-4.1,-4.8,-3.9,-2.6,-3.3,-0.9,-1.7,-0.3,-0.1,-0.7,-0.9,-2.7,0.1,-1.2,0.0,-0.5,-4.4,1.0,1.2,0.6,0.7,-3.0,-18.4,-2.6,0.2,-1.4,0.1,0.1,-1.1,1.7,0.0,0.1,-1.5,0.8,-2.7,
2002-03,-1.2,-0.7,-1.5,-1.0,-0.6,-0.7,-2.4,-10.8,-0.6,-0.8,-2.6,-3.7,0.9,-1.5,-12.2,-19.2,-7.9,-8.1,-1.5,-2.7,-0.4,-1.4,-0.8,0.3,0.3,-0.5,0.5,-0.3,-0.8,0.5,0.9,0.4,-7.8,2.3,-3.9,-7.8,-2.6,-4.0,-1.6,-3.3,0.5,-2.2,-3.1,-4.8,-2.9,-2.2,-2.7,-1.1,-1.2,0.2,-0.2,-0.7,-0.7,-2.3,0.1,-0.8,-0.2,-0.4,-2.5,1.0,1.2,0.6,0.8,-2.8,-18.4,-2.6,0.0,-1.1,0.1,0.1,-1.6,2.4,0.0,0.1,-1.6,0.8,-2.5,
2002-04,-1.1,-0.9,-1.3,-1.1,-0.8,-0.8,-1.4,-4.5,-0.6,-0.7,-1.5,-2.1,0.7,-1.1,-5.6,-8.5,-2.0,-2.1,-1.3,-2.5,-0.5,-1.3,-0.7,-0.1,0.0,-0.5,0.1,-0.2,-0.9,-1.2,-2.2,-0.5,-7.8,2.0,-3.8,-7.4,-2.7,-4.2,-1.5,-3.0,0.7,-1.9,-2.7,-4.6,-2.6,-1.8,-2.2,-0.7,-0.6,0.3,-0.2,-1.9,-1.0,-3.1,-1.8,-0.9,0.1,-0.6,-2.5,1.1,1.1,0.0,1.5,-2.5,-17.2,-2.0,0.1,-1.0,0.1,0.0,-1.3,2.5,0.0,0.2,-3.0,0.8,-2.2,
2002-05,-0.9,-0.8,-1.1,-1.1,-0.7,-0.9,-0.6,-1.4,-0.5,-0.7,-1.0,-1.0,0.5,-0.3,-0.2,0.2,-4.0,-4.1,-1.9,-2.5,-0.2,-0.9,-0.6,0.5,-0.2,-0.5,-0.1,-0.3,-0.9,-1.2,-2.2,-0.5,-7.3,1.7,-3.9,-7.9,-2.5,-4.1,-1.6,-2.7,0.7,-2.4,-3.1,-4.6,-2.9,-3.1,-4.1,-0.4,-0.6,0.0,-0.2,-1.9,-0.9,-3.4,-1.8,0.0,0.2,0.2,-1.0,1.1,1.0,0.0,1.5,-2.9,-15.0,-2.5,0.1,-1.9,0.2,0.1,-1.2,2.3,0.0,0.2,-2.1,0.8,-2.5,
2002-06,-0.7,-0.8,-0.8,-0.9,-0.7,-0.8,-0.2,1.8,-0.5,-0.8,1.1,2.5,0.5,-0.2,0.5,1.6,0.9,1.1,-1.1,-2.5,-0.5,-1.9,-0.6,0.4,-0.2,-0.6,0.0,-0.3,-0.9,-1.3,-2.2,-0.6,-7.0,1.4,-3.9,-7.9,-2.9,-4.1,-1.6,-3.0,0.8,-2.4,-3.1,-4.4,-3.0,-3.1,-3.9,-0.9,-0.4,0.1,-0.3,-1.9,-0.9,-3.4,-1.8,-0.2,0.0,-0.1,-0.4,1.1,1.0,1.7,1.5,-2.2,-13.0,-2.1,0.1,-0.9,0.1,0.1,-1.2,2.0,0.0,0.2,-1.9,0.8,-1.7,
2002-07,-0.8,-0.8,-0.8,-1.0,-0.7,-0.9,-0.1,2.1,-0.6,-0.9,0.2,0.8,0.1,-0.4,4.0,7.8,-4.4,-4.5,-1.6,-2.4,-0.3,-2.0,-1.1,0.5,-0.2,-0.6,-0.1,-0.2,-0.9,-1.5,-2.3,-1.2,-6.6,1.4,-3.8,-7.8,-2.6,-3.1,-1.6,-3.0,0.7,-2.5,-3.6,-4.0,-3.7,-2.8,-3.6,-0.7,-0.9,0.0,-0.3,-2.0,-0.9,-3.8,-1.8,-0.4,-0.3,-0.3,-0.9,1.1,1.0,1.7,1.5,-2.0,-12.4,-1.9,0.0,-0.9,0.2,0.1,-1.1,2.2,0.0,0.2,-2.4,0.8,-1.7,
2002-08,-0.9,-0.9,-1.0,-1.0,-0.8,-0.8,-0.5,0.6,-0.7,-1.0,-0.2,0.5,-0.1,0.4,0.8,2.0,-1.8,-1.9,-1.1,-2.8,-0.7,-2.0,-1.1,0.2,-0.3,-0.5,-0.1,-0.3,-0.9,-1.6,-2.3,-1.2,-6.8,1.4,-3.7,-7.8,-2.9,-2.5,-1.7,-2.7,0.7,-2.2,-3.1,-4.4,-3.0,-2.4,-3.1,-0.9,-1.4,0.2,-0.1,-2.0,-0.8,-3.8,-1.8,-0.4,0.0,-0.6,-0.3,1.1,1.0,1.7,1.4,-1.9,-13.8,-1.5,0.1,-0.9,0.2,0.0,-1.1,2.0,0.0,0.2,-2.5,0.8,-1.6,
2002-09,-0.7,-0.9,-0.9,-1.1,-0.7,-0.8,-0.2,2.1,-0.5,-1.1,-0.1,0.4,-0.1,1.0,1.6,3.6,1.9,2.2,-1.7,-1.6,-0.5,-1.8,-0.9,0.2,-0.3,-0.6,-0.1,-0.3,-0.9,-1.8,-2.9,-1.2,-6.8,1.1,-3.5,-7.7,-2.9,-2.0,-1.6,-2.3,0.7,-2.3,-3.3,-4.6,-3.2,-2.3,-3.0,-0.4,-1.3,0.8,-0.2,-2.0,-0.9,-4.1,-1.8,-0.5,-0.4,-0.7,-0.3,1.1,1.0,1.7,1.4,-1.8,-13.5,-1.4,0.1,-0.7,0.1,0.0,-1.2,2.1,0.0,0.2,-2.9,0.8,-1.6,
2002-10,-0.9,-0.9,-1.0,-1.0,-0.7,-0.8,-0.5,-0.9,-0.4,-0.9,1.2,2.1,0.5,1.2,-2.4,-3.3,-1.5,-1.5,-1.4,-1.1,-0.4,-2.0,-1.1,0.3,-0.3,-0.7,-0.3,-0.3,-1.0,-2.9,-5.0,-1.6,-6.6,0.8,-3.4,-7.3,-2.7,-2.1,-1.8,-2.0,0.6,-2.2,-3.1,-4.3,-3.1,-2.3,-3.2,-0.4,-0.9,0.7,-0.3,-0.3,-1.0,-3.8,1.2,-0.6,-0.1,-1.0,-0.3,1.1,1.0,1.7,1.4,-2.0,-13.4,-2.3,0.2,-0.7,0.1,0.0,-1.3,2.0,0.0,0.2,-3.6,0.8,-1.8,
2002-11,-0.4,-0.8,-0.3,-0.9,-0.6,-0.7,1.2,9.4,-0.3,-0.8,2.0,3.6,0.9,0.9,11.2,20.0,1.5,1.7,-2.5,-0.7,-0.1,-1.8,-1.1,0.3,-0.4,-0.6,-0.2,-0.3,-1.0,-2.7,-5.0,-1.6,-4.2,0.8,-3.3,-7.3,-2.4,-2.3,-1.6,-1.8,0.6,-2.2,-3.2,-4.9,-3.1,-2.6,-3.6,-0.1,-0.9,1.3,-0.4,-0.3,-0.9,-3.7,1.2,-0.4,-0.3,-0.5,-0.2,1.1,1.0,1.7,1.4,-1.5,-13.8,-1.4,0.1,-0.1,0.1,0.0,-1.3,2.1,0.0,0.2,-3.1,0.8,-1.3,
2002-12,-0.3,-0.7,-0.3,-0.8,-0.5,-0.6,1.2,9.6,-0.3,-0.6,0.8,2.1,1.0,0.6,10.4,19.0,7.1,7.7,-1.8,-0.7,-0.1,-2.0,-0.8,0.3,-0.4,-0.6,-0.2,-0.4,-1.0,-2.6,-5.0,-1.7,-0.9,0.8,-3.5,-8.0,-2.3,-2.3,-1.5,-1.7,0.6,-1.9,-2.4,-3.5,-2.4,-2.6,-3.5,-0.2,-0.5,1.2,-0.3,-0.4,-1.0,-3.8,1.2,-0.2,-0.3,-0.1,-0.1,1.1,1.0,1.7,1.4,-1.5,-13.9,-1.3,-0.1,-0.1,0.3,0.0,-1.7,3.4,0.0,0.2,-2.5,0.8,-1.5,
2003-01,-0.4,-0.8,-0.5,-0.9,-0.7,-0.7,0.6,5.7,-0.4,-0.5,-0.3,0.1,0.6,-0.4,7.5,13.0,2.5,2.7,-2.2,-0.3,-0.5,-2.0,-0.8,0.3,-0.3,-0.7,-0.2,-0.3,-1.1,-2.3,-5.1,-1.5,2.1,0.8,-3.5,-8.6,-2.7,-2.6,-1.3,-1.3,0.6,-2.1,-3.3,-3.2,-3.4,-2.7,-3.7,-0.3,-0.1,1.3,-0.2,-0.4,-0.9,-3.9,1.2,0.0,-0.3,0.1,-0.2,1.1,1.0,1.7,1.4,-1.7,-12.5,-1.5,0.0,-0.6,0.3,0.0,-1.4,3.4,0.0,0.2,-2.2,1.0,-1.7,
2003-02,-0.2,-0.7,-0.3,-0.7,-0.6,-0.6,1.0,9.3,-0.5,-0.2,0.5,1.9,0.5,-0.2,12.6,22.4,1.3,1.7,-2.1,-0.2,0.0,-2.4,-0.9,-0.4,-0.3,-0.8,-0.2,-0.4,-1.2,-2.2,-5.1,-1.6,4.2,0.8,-3.2,-8.0,-2.7,-2.8,-1.3,-0.6,0.5,-2.0,-2.7,-2.5,-2.8,-3.1,-4.2,-0.6,-0.4,1.4,-0.1,-0.3,-0.7,-3.9,1.2,0.1,-0.3,0.3,-0.1,1.1,1.0,1.7,1.4,-1.2,-12.6,-1.4,0.0,0.3,0.3,0.0,-1.2,2.8,0.0,0.2,-1.8,1.0,-1.2,
2003-03,-0.1,-0.6,-0.2,-0.7,-0.6,-0.5,0.9,9.8,-0.7,-0.4,-0.2,0.3,0.3,-0.5,13.8,25.1,3.1,3.5,-2.8,-0.6,-0.5,-2.8,-1.0,-0.4,-0.3,-0.7,-0.2,-0.4,-1.1,-2.0,-5.1,-1.2,6.2,0.9,-3.1,-7.7,-2.9,-2.3,-1.4,-0.3,0.5,-1.8,-2.5,-2.5,-2.5,-2.4,-3.4,-0.2,-1.1,0.6,-0.1,-0.3,-0.8,-3.8,1.2,0.5,0.0,1.0,-0.1,1.1,1.0,1.7,1.2,-1.2,-12.9,-1.4,0.2,0.3,0.3,0.0,-1.2,3.0,0.0,0.2,-0.8,0.9,-1.2,
2003-04,-0.1,-0.4,0.0,-0.4,-0.5,-0.4,0.6,6.4,-0.6,-0.7,-1.2,-1.3,0.6,-0.1,11.3,19.7,-1.6,-1.3,-2.5,-0.6,-0.4,-2.6,-1.1,-0.1,-0.2,-0.6,0.0,-0.4,-0.9,-0.4,-2.3,0.0,7.5,0.5,-2.9,-7.7,-3.0,-1.5,-1.3,0.0,0.3,-2.1,-2.8,-2.6,-2.8,-2.7,-3.9,0.0,-1.0,0.3,-0.3,5.2,-0.4,-3.3,11.2,0.5,-0.1,0.9,-0.1,0.4,0.9,0.2,-0.9,-1.9,-13.9,-2.5,0.1,-0.5,0.2,0.0,-1.4,3.2,0.0,-0.4,1.0,0.4,-1.8,
2003-05,-0.2,-0.4,-0.3,-0.4,-0.4,-0.3,-0.2,2.9,-0.7,-0.4,-3.6,-5.2,1.0,-0.9,5.2,9.3,5.2,5.7,-2.2,-0.7,-0.6,-3.1,-0.8,-0.6,0.0,-0.5,0.2,-0.1,-0.8,-0.4,-2.3,0.0,6.9,0.5,-2.9,-7.5,-2.8,-1.9,-1.2,-0.2,0.3,-1.8,-2.7,-2.6,-2.7,-1.8,-2.5,-0.4,-1.2,0.3,-0.4,5.3,-0.5,-2.6,11.2,0.0,-0.2,0.2,-0.1,0.4,0.9,0.2,-0.9,-1.6,-15.3,-1.6,0.1,-0.1,0.2,0.0,-1.5,3.6,0.0,-0.4,0.3,0.4,-1.5,
2003-06,-0.4,-0.4,-0.5,-0.6,-0.4,-0.3,-0.5,0.4,-0.8,-0.3,-2.9,-4.1,0.7,-0.6,1.3,2.7,3.3,3.6,-2.8,-0.8,-0.4,-2.7,-0.8,-0.5,0.1,-0.4,0.2,-0.2,-0.8,-0.5,-2.3,0.1,6.1,0.5,-2.9,-7.2,-3.7,-2.2,-1.2,0.4,0.3,-1.8,-2.6,-2.4,-2.6,-2.1,-3.0,-0.2,-1.5,0.4,-0.2,5.2,-0.5,-2.5,11.1,-0.2,0.0,-0.3,-0.1,0.4,0.9,-1.5,-0.9,-1.7,-15.7,-2.0,0.0,-0.2,0.2,0.0,-1.6,3.4,0.0,-0.4,-0.2,0.4,-1.7,
2003-07,-0.2,-0.2,-0.3,-0.3,-0.2,0.0,-0.6,-0.9,-0.6,-0.4,-2.1,-2.9,0.8,-0.7,-0.5,-0.3,1.1,1.3,-2.1,-0.4,-0.7,-2.4,-0.5,-0.3,0.0,-0.4,0.2,-0.3,-0.8,-0.2,-1.7,0.6,5.5,0.5,-2.5,-7.1,-3.5,-2.7,-1.4,2.2,0.3,-2.0,-2.5,-2.4,-2.4,-2.4,-3.4,-0.3,-1.3,-0.2,-0.2,5.4,-0.6,-1.8,11.1,0.1,0.5,-0.2,0.3,0.4,0.9,-1.5,-0.9,-1.2,-15.4,-2.0,0.4,0.5,1.4,0.0,-1.7,3.2,8.2,-0.4,0.2,0.4,-1.0,
2003-08,-0.3,-0.1,-0.4,-0.3,-0.1,-0.1,-1.0,-3.6,-0.4,-0.3,-3.2,-4.6,1.5,-1.1,-2.2,-2.8,-2.9,-2.8,-2.3,-0.4,-0.4,-2.7,-0.6,0.2,0.1,-0.6,0.1,-0.2,-0.9,-0.1,-1.7,0.6,5.8,0.5,-2.6,-7.0,-4.0,-2.5,-1.5,1.8,0.3,-2.2,-2.9,-2.8,-2.9,-2.6,-3.6,-0.2,-1.0,0.1,-0.3,5.3,-0.7,-1.9,11.1,0.0,0.5,-0.2,-0.1,0.4,0.9,-1.5,-0.8,-1.3,-14.1,-3.0,0.4,0.6,1.6,0.1,-1.5,4.1,8.2,-0.4,0.4,0.4,-1.1,
2003-09,-0.2,-0.1,-0.2,-0.1,-0.2,-0.1,-0.5,-1.2,-0.4,0.3,-2.9,-4.4,1.3,-1.6,0.7,1.5,-0.9,-0.9,-2.5,-0.4,-0.7,-2.9,-0.7,0.2,0.0,-0.5,0.1,-0.3,-0.9,0.1,-1.0,0.6,5.9,0.5,-2.6,-6.7,-3.7,-2.4,-1.7,1.7,0.3,-1.4,-1.9,-1.5,-2.0,-2.0,-2.9,-0.2,-0.7,0.5,-0.3,5.4,-0.6,-1.8,11.1,0.0,0.1,0.0,-0.1,0.4,0.9,-1.5,-0.8,-1.3,-14.1,-2.3,0.3,0.5,1.8,0.1,-1.6,5.3,8.2,-0.4,0.8,0.4,-1.1,
2003-10,0.0,0.1,-0.1,0.0,0.0,-0.1,-0.3,-1.8,0.0,4.7,-3.2,-4.5,0.6,-1.8,-1.0,-1.2,1.3,1.4,-1.7,0.3,-0.8,-2.4,-0.7,0.2,-0.1,-0.4,0.1,-0.2,-0.8,0.8,0.3,0.8,5.2,0.5,-2.9,-8.0,-4.1,-2.6,-1.4,1.8,0.3,-1.6,-2.2,-1.4,-2.2,-1.9,-2.6,-0.2,-0.9,-0.3,-0.3,3.6,-0.4,-2.1,7.8,-0.1,0.5,-0.2,-0.2,0.4,0.9,-1.5,-0.8,-0.6,-13.3,0.0,0.1,0.4,1.7,0.1,-1.7,5.3,8.2,-0.4,1.2,0.4,-0.6,
2003-11,-0.5,-0.1,-0.6,-0.1,-0.2,-0.2,-1.4,-9.6,0.2,7.1,-2.7,-3.9,0.7,-1.7,-12.3,-19.1,-1.1,-0.9,-2.4,0.2,-1.0,-2.7,-0.7,0.2,0.0,-0.5,0.1,-0.2,-0.8,0.7,0.3,0.8,3.6,0.5,-2.9,-8.2,-4.3,-1.6,-1.6,1.8,0.3,-1.5,-2.1,-1.1,-2.1,-1.3,-1.9,-0.2,-0.9,-0.8,-0.1,3.6,-0.5,-2.2,7.8,-0.2,0.5,-0.6,-0.2,0.4,0.9,-1.5,-0.8,-1.7,-12.8,-3.0,0.3,-0.3,1.8,0.1,-1.6,5.5,8.2,-0.4,0.9,0.4,-1.5,
2003-12,-0.4,0.0,-0.4,-0.1,-0.1,-0.3,-0.8,-6.6,0.4,8.3,-1.6,-2.3,0.7,-2.4,-7.4,-11.6,-4.8,-5.0,-1.6,0.4,-1.2,-2.3,-1.0,0.2,-0.1,-0.5,0.0,-0.2,-0.8,0.7,0.3,0.9,2.0,0.6,-3.0,-8.0,-4.4,-1.6,-1.8,1.3,0.3,-1.3,-2.3,-0.8,-2.4,-0.7,-1.2,0.1,-0.9,-0.7,-0.3,3.6,-0.5,-2.1,7.8,-0.3,0.6,-0.6,-0.3,0.4,0.9,-1.5,-0.8,-1.7,-12.6,-2.2,0.3,-0.7,1.7,0.1,-1.1,4.3,8.2,-0.4,0.7,0.4,-1.4,
2004-01,-0.3,-0.1,-0.3,-0.1,-0.1,-0.4,-0.1,-3.2,0.5,10.0,-2.1,-2.3,1.0,-2.1,-3.3,-4.8,-1.5,-1.6,-1.4,0.1,-0.9,-2.4,-1.0,0.2,-0.2,-0.5,-0.1,-0.3,-0.7,0.4,0.3,0.8,-0.3,0.6,-3.1,-7.8,-4.2,-2.2,-1.8,1.1,0.3,-1.5,-2.2,-1.6,-2.2,-1.3,-1.9,-0.2,-1.3,-1.0,-0.3,3.6,-0.5,-2.3,7.8,-0.6,0.9,-1.3,-0.3,0.4,0.9,-1.5,-0.8,-1.8,-13.4,-2.6,0.5,-0.8,1.5,0.1,-1.7,4.1,8.2,-0.4,0.4,0.3,-1.4,
2004-02,0.0,0.0,0.0,-0.1,0.0,-0.4,0.8,0.4,0.9,10.2,-2.1,-3.0,2.2,-2.1,-0.1,0.2,5.8,6.0,-1.6,0.1,-0.7,-2.3,-1.1,0.6,-0.1,-0.4,0.0,-0.2,-0.6,0.3,0.3,0.7,-1.4,0.6,-3.3,-8.3,-4.2,-1.6,-1.8,0.2,0.3,-1.1,-1.9,-0.8,-2.0,-0.2,-0.6,0.4,-0.7,-0.9,-0.2,3.7,-0.5,-2.0,7.8,-0.9,0.3,-1.6,-0.3,0.4,0.9,-1.5,-0.8,-1.7,-12.5,-2.4,0.5,-0.8,1.6,0.1,-1.5,4.5,8.2,-0.4,0.2,0.3,-1.5,
2004-03,-0.1,-0.1,-0.1,-0.1,-0.1,-0.4,0.7,-0.8,0.9,9.2,-2.3,-2.8,3.0,-1.8,-1.0,-1.6,3.6,3.8,-1.3,0.3,-0.4,-2.3,-0.9,0.7,-0.1,-0.5,0.0,-0.2,-0.7,0.3,0.3,0.7,-2.7,0.5,-3.1,-8.5,-3.5,-2.0,-1.0,0.0,0.3,-0.8,-1.8,0.2,-1.9,0.2,0.1,0.2,0.0,-0.3,-0.1,3.6,-0.5,-2.5,7.8,-1.2,0.6,-2.2,-0.4,0.4,0.9,-1.5,-1.1,-1.7,-12.1,-2.6,0.4,-0.7,1.3,0.1,-1.2,2.5,8.2,-0.4,-0.5,0.3,-1.4,
2004-04,-0.4,-0.2,-0.6,-0.3,-0.1,-0.6,0.0,-4.8,0.9,8.0,-2.0,-2.4,2.8,-1.5,-5.5,-8.4,-1.9,-2.0,-1.3,0.2,-0.5,-2.4,-0.8,1.4,-0.1,-0.5,-0.1,-0.3,-0.6,-0.5,-0.5,-0.5,-3.3,0.5,-3.5,-9.1,-3.6,-2.9,-1.2,-0.2,0.5,-0.7,-1.2,0.2,-1.3,-0.3,-0.4,-0.3,-0.3,-0.5,0.4,-1.3,-0.9,-2.3,-1.3,-1.2,0.1,-1.9,-0.4,0.7,0.6,0.0,1.0,-1.1,-11.7,-1.3,0.7,-0.4,1.4,0.2,-1.2,2.1,8.2,0.1,-0.8,0.6,-1.1,
2004-05,-0.5,-0.3,-0.5,-0.3,-0.3,-0.6,0.0,-4.7,0.9,6.8,0.5,1.7,3.0,-0.3,-6.9,-10.8,-4.3,-4.4,-1.5,0.7,-0.5,-2.9,-1.2,1.3,-0.2,-0.5,-0.2,-0.5,-0.6,-0.5,-0.5,-0.6,-3.0,0.5,-3.5,-9.3,-4.3,-2.0,-1.2,-0.5,0.6,-0.5,-1.3,0.6,-1.5,0.3,0.3,0.1,-0.2,-0.3,0.5,-1.2,-0.7,-2.0,-1.3,-0.9,0.2,-1.6,-0.4,0.8,0.7,0.0,1.0,-1.4,-11.7,-2.8,0.7,-0.2,1.1,0.2,-1.2,0.8,8.2,0.1,-0.5,0.6,-1.3,
2004-06,0.0,-0.1,0.0,-0.1,-0.2,-0.7,1.0,1.5,1.0,6.2,-0.7,-0.4,2.7,0.5,2.6,4.4,-0.2,-0.1,-1.5,0.6,0.0,-2.4,-1.0,1.3,-0.3,-0.6,-0.3,-0.4,-0.6,-0.2,-0.5,-0.6,0.0,0.6,-3.5,-9.2,-4.0,-1.5,-1.5,-0.7,0.6,-0.5,-1.1,0.0,-1.2,0.3,0.4,0.2,-0.3,-0.4,0.4,-1.2,-0.6,-2.0,-1.2,0.0,0.3,0.0,-0.4,0.8,0.7,0.0,1.0,-1.4,-11.8,-1.9,0.7,-0.6,1.2,0.3,-0.9,0.7,8.2,0.1,1.3,0.7,-1.2,
2004-07,-0.1,-0.2,-0.2,-0.2,-0.4,-0.8,0.8,0.7,0.9,5.8,-0.8,-0.7,2.9,1.0,-1.0,-1.2,5.7,6.1,-1.7,0.4,0.3,-2.2,-0.8,1.0,-0.3,-0.6,-0.3,-0.4,-0.7,-0.2,-0.5,-0.8,1.0,0.6,-3.9,-9.2,-4.0,-1.4,-1.3,-2.7,0.6,-0.7,-1.6,0.1,-1.7,0.3,0.5,0.2,-0.7,-0.1,0.3,-1.3,-0.6,-2.2,-1.2,0.1,0.3,0.4,-0.5,0.8,0.7,0.0,1.0,-1.5,-12.2,-1.9,0.3,-0.5,-0.1,0.2,-0.9,0.7,0.0,0.1,1.7,0.7,-1.2,
2004-08,-0.2,-0.2,-0.2,-0.1,-0.4,-0.7,0.5,-1.7,0.9,5.5,-1.7,-2.2,3.3,0.8,-3.3,-5.0,4.2,4.5,-2.1,0.6,0.2,-2.4,-0.8,1.0,-0.4,-0.4,-0.3,-0.5,-0.5,-0.1,-0.5,-0.8,1.4,0.6,-3.7,-9.1,-3.2,-1.9,-1.1,-2.4,0.6,0.0,-0.5,0.6,-0.6,0.7,1.1,0.0,-0.4,-0.2,0.3,-1.2,-0.5,-2.0,-1.2,0.2,-0.5,0.8,-0.5,0.8,0.7,0.0,1.0,-1.4,-12.5,-1.6,0.4,-0.6,-0.3,0.1,-1.2,-0.2,0.0,0.1,1.8,0.7,-1.3,
2004-09,0.0,0.0,0.1,0.0,-0.3,-0.7,0.6,0.2,0.7,3.3,-1.2,-1.1,3.0,1.3,1.1,2.0,-1.3,-1.2,-0.5,0.6,0.2,-1.9,-0.9,1.0,-0.4,-0.5,-0.3,-0.4,-0.5,0.3,-0.5,-0.8,7.6,0.8,-3.6,-8.8,-3.7,-1.8,-0.7,-2.7,0.6,0.2,0.0,0.3,0.1,1.0,1.5,0.2,-0.9,-0.3,0.2,-1.2,-0.5,-1.7,-1.2,1.0,0.4,1.8,-0.5,0.8,0.7,0.0,1.0,-1.3,-12.7,-1.6,0.4,-0.4,-0.4,0.1,-0.7,-1.3,0.0,0.1,3.5,0.7,-1.1,
2004-10,0.5,-0.1,0.6,-0.1,-0.4,-0.5,2.3,13.6,0.1,-3.2,-0.3,-0.1,3.8,1.5,18.2,29.9,7.0,7.5,-1.4,0.4,0.4,-2.5,-0.8,0.8,-0.2,-0.6,-0.2,-0.5,-0.6,0.2,-1.2,-0.5,10.3,0.8,-3.0,-7.2,-3.5,-1.2,-0.5,-2.7,0.6,0.7,1.2,0.4,1.2,1.7,2.2,0.3,-1.4,-0.4,0.4,-1.1,-0.4,-1.8,-1.2,1.0,0.0,2.0,-0.4,0.8,0.7,0.0,1.0,-1.3,-12.1,-2.0,0.5,-0.1,-0.2,0.2,-0.5,-1.0,0.0,0.2,3.5,0.7,-1.1,
2004-11,0.8,-0.2,0.9,-0.2,-0.5,-0.7,3.5,23.1,-0.1,-6.3,-0.7,-1.2,3.9,2.4,31.9,54.7,12.3,12.9,0.1,0.1,0.2,-2.6,-0.8,0.8,-0.2,-0.5,-0.2,-0.4,-0.5,0.6,-1.2,-0.3,15.9,0.8,-3.0,-6.6,-3.3,-1.5,-0.6,-3.3,0.6,1.1,1.6,0.7,1.7,2.0,2.9,0.0,-1.3,-0.4,0.3,-1.0,-0.4,-1.4,-1.2,0.2,-0.1,2.3,-4.9,0.8,0.7,0.0,1.0,-0.9,-12.1,0.0,0.3,-0.3,-0.3,0.2,-0.5,-1.0,0.0,0.2,4.2,0.7,-0.9,
2004-12,0.2,-0.2,0.3,-0.2,-0.5,-0.7,1.3,9.3,-0.2,-7.9,-1.3,-2.4,3.8,5.1,9.4,15.8,17.1,18.1,-0.4,0.0,0.4,-2.1,-0.7,0.8,-0.2,-0.5,-0.2,-0.4,-0.6,0.7,-1.2,0.0,18.2,0.7,-3.0,-6.2,-3.6,-2.3,-0.7,-3.3,0.6,0.8,1.6,0.4,1.8,1.3,1.8,0.0,-1.4,-0.7,0.4,-1.0,-0.4,-1.3,-1.2,0.2,0.4,1.9,-4.8,0.8,0.7,0.0,1.0,-1.1,-12.7,-1.2,0.6,-0.2,-0.1,0.2,-1.0,0.2,0.0,0.2,4.1,0.7,-0.9,
2005-01,-0.1,-0.3,0.0,-0.3,-0.6,-0.6,0.5,4.6,-0.4,-9.6,0.2,-0.5,3.5,4.3,2.7,4.3,12.7,13.4,-1.2,0.4,0.3,-2.5,-0.4,0.8,-0.1,-0.4,-0.1,-0.4,-0.6,0.4,-2.0,0.1,17.5,0.5,-2.9,-5.6,-4.1,-2.2,-0.7,-3.4,0.6,1.1,2.6,0.3,2.8,1.7,2.4,0.3,-1.0,-3.4,0.4,-1.0,-0.4,-1.2,-1.2,-0.2,0.0,2.4,-7.5,0.8,0.7,0.0,1.0,-1.1,-12.2,-0.7,0.5,-0.3,0.0,0.2,-0.5,0.3,0.0,0.2,3.5,0.6,-0.9,
2005-02,-0.3,-0.4,-0.3,-0.4,-0.7,-0.6,-0.1,2.0,-0.6,-9.8,0.6,0.4,2.4,5.9,1.0,1.6,4.6,5.0,-0.6,0.1,0.1,-2.3,-0.1,0.5,-0.3,-0.5,-0.2,-0.4,-0.5,0.4,-2.0,0.2,17.8,0.5,-2.7,-5.3,-3.9,-2.2,-0.7,-3.1,0.6,0.9,2.7,0.4,3.1,1.3,1.8,0.3,-1.5,-4.4,0.3,-1.0,-0.3,-1.3,-1.2,-0.2,0.0,2.4,-7.5,0.8,0.7,0.0,1.0,-1.1,-12.9,-1.5,0.2,0.0,-0.1,0.2,-0.6,-0.1,0.0,0.2,3.2,0.6,-1.0,
2005-03,-0.2,-0.3,-0.1,-0.3,-0.6,-0.6,0.1,3.5,-0.5,-9.3,0.0,-0.7,1.8,6.7,2.9,4.9,7.3,7.7,-0.5,0.2,0.1,-2.0,0.1,0.3,-0.3,-0.4,-0.3,-0.5,-0.4,0.4,-2.0,0.2,18.1,0.5,-2.8,-4.8,-3.5,-2.1,-1.2,-3.5,0.6,0.9,2.2,-0.1,2.4,1.1,1.4,0.7,-2.5,-1.5,0.4,-1.0,-0.2,-1.1,-1.2,0.0,0.5,2.4,-7.5,0.8,0.7,0.0,1.2,-1.0,-12.8,-0.9,0.3,-0.1,-0.1,0.2,-0.9,0.3,0.0,0.2,3.2,0.7,-0.8,
2005-04,0.0,-0.2,0.1,-0.2,-0.6,-0.5,0.1,4.1,-0.5,-8.4,-0.5,-1.4,2.1,5.9,3.6,5.7,9.9,10.4,-0.6,0.1,0.1,-1.9,0.0,-0.2,-0.3,-0.4,-0.3,-0.3,-0.6,0.7,-3.1,0.9,26.7,0.5,-2.4,-4.2,-3.4,-1.1,-1.0,-3.5,0.4,0.7,1.8,0.3,2.0,1.0,1.3,1.0,-2.0,-1.3,0.1,-0.1,0.0,-1.1,0.3,0.6,0.2,3.8,-7.5,0.7,0.8,-0.1,0.6,-1.1,-12.9,-1.0,0.0,0.0,0.0,0.2,-0.7,0.4,0.0,0.4,4.3,0.5,-0.8,
2005-05,0.2,0.0,0.2,0.0,-0.4,-0.4,0.2,3.8,-0.5,-7.6,-1.3,-3.1,1.7,4.7,4.2,7.3,8.7,9.2,-0.6,-0.1,0.4,-0.8,0.0,-0.1,-0.2,-0.4,-0.2,-0.3,-0.5,0.8,-3.1,1.0,28.2,0.6,-2.2,-3.7,-2.8,-1.6,-0.9,-2.8,0.3,0.8,2.0,0.2,2.1,1.2,1.4,0.9,-1.6,-1.4,0.2,-0.2,-0.2,-1.4,0.3,0.8,0.2,4.1,-7.5,0.7,0.7,-0.1,0.6,-0.4,-12.3,-0.1,0.1,0.5,0.2,0.2,-0.8,1.4,0.0,0.4,4.6,0.6,-0.3,
2005-06,-0.5,-0.2,-0.6,-0.2,-0.5,-0.4,-1.5,-6.8,-0.5,-7.3,-2.0,-3.8,2.1,3.0,-8.5,-13.6,-0.2,-0.2,-0.3,0.2,0.3,-1.5,0.0,-0.1,-0.1,-0.3,0.0,-0.3,-0.4,0.6,-3.1,1.1,24.7,0.5,-2.3,-4.0,-2.7,-1.8,-0.8,-3.2,0.4,0.8,1.8,0.6,1.9,1.1,1.1,1.1,-1.7,-1.4,0.2,-0.2,-0.3,-1.6,0.3,-0.1,-0.2,2.6,-7.5,0.7,0.7,-0.1,0.6,-0.8,-12.6,-0.9,0.3,0.2,0.3,0.1,-0.7,1.7,0.0,0.4,2.8,0.5,-0.8,
2005-07,-0.3,-0.2,-0.3,-0.2,-0.4,-0.4,-0.7,-2.2,-0.4,-6.6,0.2,-0.3,2.4,1.3,-0.9,-1.7,-5.6,-5.7,-0.5,0.2,0.4,-1.7,-0.1,-0.1,-0.1,-0.4,0.0,-0.4,-0.4,0.5,-3.4,0.7,25.7,0.5,-2.3,-4.2,-2.8,-2.3,-0.8,-2.9,0.4,0.9,1.8,0.0,1.9,1.2,1.1,1.2,-1.5,-1.0,0.3,-0.3,-0.4,-1.8,0.3,0.0,-0.6,2.8,-7.4,0.7,0.7,-0.1,0.6,-0.8,-11.9,-0.3,0.3,-0.2,0.3,0.2,-0.5,1.7,0.0,0.4,3.0,0.5,-0.9,
2005-08,-0.3,-0.1,-0.4,-0.2,-0.4,-0.5,-1.1,-4.0,-0.5,-6.2,-1.8,-3.4,1.5,0.6,-2.8,-4.7,-4.2,-4.3,0.1,0.1,0.5,-1.2,-0.2,-0.1,0.0,-0.4,0.1,-0.3,-0.4,0.6,-3.4,0.7,28.8,0.5,-2.4,-3.9,-3.1,-2.1,-1.1,-3.1,0.4,1.0,1.8,-1.1,2.2,1.6,1.8,1.2,-1.7,-1.0,0.4,-0.2,-0.4,-1.8,0.2,0.2,-0.9,3.5,-7.4,0.7,0.7,-0.1,0.6,-0.9,-11.9,-0.8,0.7,-0.3,0.3,0.3,-0.8,2.1,0.0,0.4,3.9,0.5,-1.0,
2005-09,-0.3,-0.1,-0.5,-0.2,-0.3,-0.3,-1.2,-5.3,-0.4,-5.1,-1.4,-3.4,1.7,-0.5,-5.3,-8.1,-2.5,-2.6,-0.9,-0.2,1.0,-1.4,-0.1,-0.1,0.3,-0.3,0.3,-0.3,-0.3,0.5,-3.4,0.7,25.3,0.3,-2.2,-3.7,-2.5,-2.2,-0.9,-2.8,0.4,0.3,0.6,0.0,0.6,1.0,0.8,1.3,-1.5,-1.1,0.5,-0.3,-0.4,-1.9,0.2,0.2,0.2,2.9,-7.4,0.7,0.7,-0.1,0.6,-0.9,-11.5,-0.6,0.6,-0.3,0.2,0.3,-1.2,2.2,0.0,0.4,3.0,0.5,-0.6,
2005-10,-0.7,0.0,-0.9,-0.1,-0.3,-0.4,-2.8,-14.2,-0.2,-3.5,-2.1,-4.1,1.3,-0.3,-16.2,-23.9,-8.5,-9.0,-0.7,-0.2,0.9,-1.9,-0.1,0.1,0.2,-0.2,0.3,-0.3,-0.2,1.6,-1.3,1.0,25.6,0.5,-2.1,-3.4,-1.8,-1.9,-1.2,-2.9,0.5,0.2,0.2,-0.4,0.2,0.8,0.7,1.1,-1.0,-0.5,0.5,-0.3,-0.7,-1.1,0.2,0.2,0.2,2.9,-7.4,0.7,0.7,-0.1,0.6,-1.2,-12.9,-1.7,0.7,-0.4,0.7,0.3,-1.4,1.8,0.0,5.1,4.2,0.5,-1.0,
2005-11,-0.8,0.1,-1.0,0.0,-0.2,-0.1,-3.4,-16.8,-0.4,-2.8,-0.6,-1.5,0.8,-1.6,-20.1,-29.1,-11.6,-12.0,-1.6,0.0,1.1,-1.6,-0.2,0.1,0.2,-0.2,0.4,-0.2,-0.2,1.5,-1.3,1.3,22.0,0.5,-2.0,-3.8,-2.1,-1.4,-0.9,-2.3,0.5,0.2,0.3,-0.3,0.3,0.7,0.6,1.2,-1.0,-0.4,0.5,-0.3,-0.7,-1.2,0.3,0.8,0.2,2.4,-3.3,0.7,0.7,-0.1,0.6,-1.0,-12.7,-1.1,0.7,-0.2,0.8,0.3,-1.3,1.8,0.0,5.1,3.6,0.5,-0.8,
2005-12,-0.1,0.1,-0.4,0.1,-0.2,0.0,-1.6,-7.5,-0.4,-2.6,0.7,0.5,1.1,-4.0,-5.7,-8.5,-16.3,-17.1,-1.8,0.2,1.2,-2.6,-0.2,0.1,0.3,-0.2,0.5,-0.2,-0.2,1.6,-1.3,1.8,21.1,0.6,-1.9,-3.4,-1.9,-1.5,-0.7,-2.4,0.5,0.6,0.9,-0.2,0.9,1.2,1.2,1.0,-0.7,-0.2,0.5,-0.3,-0.6,-1.7,0.3,0.8,0.3,2.5,-3.3,0.7,0.7,-0.1,0.6,-0.7,-12.1,0.1,0.5,-0.2,0.9,0.3,-1.2,2.5,0.0,5.1,3.6,0.5,-0.4,
2006-01,-0.1,-0.1,-0.1,-0.1,-0.6,-0.7,0.0,1.9,-0.4,-2.1,-1.2,-2.5,0.2,-2.9,6.9,11.4,-7.9,-8.2,-0.7,-0.1,0.6,-2.3,-0.6,0.2,0.1,-0.1,0.2,-0.1,-0.2,3.7,1.4,2.9,31.3,0.7,-2.6,-5.4,-2.4,-1.0,-0.3,-2.4,0.2,0.5,0.7,-0.4,1.0,1.0,1.2,1.0,-0.8,-0.8,0.6,-0.4,-0.6,-1.7,0.0,0.2,-0.2,2.7,-4.4,0.6,0.8,-0.1,0.1,-2.4,-20.8,-0.9,0.6,0.3,0.3,0.3,-1.3,1.6,0.0,1.0,5.9,0.6,-2.2,-3.5
2006-02,-0.1,0.0,-0.1,0.0,-0.6,-0.5,-0.9,-2.5,-0.5,-1.9,-0.6,-1.3,0.3,-4.2,-1.2,-1.4,-5.5,-5.7,-1.5,0.0,0.6,-2.4,-0.9,0.1,0.2,-0.2,0.2,-0.2,-0.1,4.3,1.4,3.6,37.8,0.7,-2.7,-5.5,-2.5,-1.3,-0.6,-2.1,0.2,1.3,2.3,-0.7,2.6,0.8,0.5,1.2,-0.6,0.4,0.7,-0.4,-0.6,-1.4,0.0,0.5,-0.2,3.2,-4.5,0.7,0.8,-0.1,0.2,-2.2,-20.5,0.1,0.5,0.1,0.4,0.3,-0.9,2.1,0.0,1.0,7.1,0.6,-2.1,-3.5
2006-03,-0.2,0.1,-0.3,0.0,-0.6,-0.5,-1.4,-4.8,-0.6,-1.8,-0.2,-0.9,0.4,-5.0,-4.1,-6.1,-8.1,-8.5,-1.5,-0.3,0.5,-2.2,-0.9,0.2,0.0,-0.1,0.0,-0.1,-0.1,4.3,1.4,3.9,36.3,0.7,-2.5,-5.4,-2.7,-0.9,-0.3,-1.8,0.2,0.8,1.1,-0.5,1.3,0.8,1.0,0.7,0.3,-0.6,0.9,-0.4,-0.7,-1.4,0.0,0.6,-0.1,3.4,-4.5,0.7,0.8,0.6,0.2,-1.9,-19.6,0.3,0.6,0.4,0.3,0.3,-1.2,2.3,0.0,1.0,7.3,0.6,-1.7,-3.4
2006-04,-0.1,-0.1,-0.1,-0.1,-0.6,-0.6,-0.5,-0.7,-0.4,-1.5,2.0,2.2,0.6,-4.1,-0.2,0.1,-6.3,-6.9,-1.9,-0.1,0.8,-2.7,-0.8,0.3,0.0,-0.2,0.0,-0.2,-0.1,3.9,1.2,4.9,25.6,0.9,-2.4,-5.5,-1.9,-0.9,-0.5,-1.5,0.3,0.8,1.2,-1.2,1.5,0.6,0.7,0.5,0.1,-1.0,1.1,-1.2,-0.7,-1.4,-1.4,-0.2,-0.2,1.7,-4.6,0.7,0.7,0.3,0.8,-1.7,-19.0,0.3,0.6,0.7,0.3,0.1,-1.2,3.2,0.0,0.5,5.3,0.6,-1.5,-3.4
2006-05,0.1,0.0,0.1,-0.1,-0.6,-0.5,0.0,2.3,-0.4,-1.8,1.8,2.3,0.8,-3.4,3.3,5.6,-2.5,-2.5,-1.6,-0.2,0.2,-3.1,-1.0,0.5,0.1,-0.1,0.1,0.0,-0.2,4.1,1.2,5.0,26.7,0.9,-2.6,-5.6,-2.4,-1.1,-0.4,-2.0,0.3,0.6,0.8,-1.3,1.0,0.6,0.7,0.3,0.2,-0.9,1.2,-1.4,-1.5,-1.3,-1.4,0.2,-0.3,2.5,-4.2,0.6,0.7,0.3,0.8,-1.3,-18.1,0.6,0.5,0.9,0.4,0.1,-1.1,4.0,0.0,0.5,6.4,0.7,-1.2,-3.1
2006-06,0.5,0.2,0.6,0.1,-0.4,-0.4,1.3,10.3,-0.3,-1.7,2.8,3.8,0.2,-2.6,11.0,19.5,6.1,6.3,-1.9,0.0,0.6,-2.2,-1.1,0.6,0.1,0.0,0.2,0.0,0.0,4.1,1.2,5.0,27.3,0.9,-2.1,-5.1,-2.2,-0.5,0.2,-1.3,0.2,0.9,1.1,-1.1,1.3,1.0,1.3,0.2,0.4,-1.0,1.3,-1.2,-0.7,-1.3,-1.4,0.5,-0.2,2.8,-3.9,0.6,0.7,0.3,0.8,-0.8,-17.6,1.3,0.6,1.3,0.5,0.0,-1.1,4.4,0.0,0.5,6.9,0.7,-0.8,-3.1
2006-07,0.3,0.2,0.5,0.2,-0.3,-0.3,0.6,4.8,-0.2,-1.9,2.0,2.0,0.4,-1.6,3.6,6.4,5.9,6.2,-1.2,0.0,0.5,-2.1,-1.2,0.6,0.1,0.0,0.1,0.0,0.0,4.0,0.6,6.0,25.5,0.9,-1.8,-4.4,-1.8,-0.2,0.5,-1.7,0.4,1.3,1.7,-0.9,2.0,1.4,2.1,0.3,1.2,-0.9,1.2,-1.0,-0.6,-0.5,-1.4,0.2,-0.1,2.5,-4.2,0.6,0.7,0.3,0.8,-1.5,-18.1,0.5,0.6,0.5,1.5,0.0,-1.0,4.5,9.1,0.5,6.4,0.7,-1.3,-3.1
2006-08,0.9,0.3,1.0,0.4,-0.3,-0.4,2.4,16.4,-0.2,-2.3,4.3,5.7,0.8,-1.1,18.3,31.2,9.3,9.8,-1.9,0.1,0.5,-2.1,-0.9,0.6,0.0,0.1,-0.1,0.1,0.0,4.2,0.6,6.1,26.6,0.9,-1.9,-5.0,-2.5,-0.7,0.9,-1.4,0.4,1.3,1.4,0.0,1.4,1.7,2.3,0.2,1.5,-0.7,1.2,-1.0,-0.5,-0.3,-1.4,0.7,0.0,3.3,-4.3,0.7,0.7,0.3,0.9,-1.3,-18.0,0.7,0.2,0.6,1.5,-0.1,-0.9,4.6,9.1,0.5,7.3,0.7,-1.3,-3.1
2006-09,0.6,0.2,0.8,0.2,-0.3,-0.5,1.6,10.1,0.0,-1.9,5.1,7.6,1.2,-0.2,6.5,10.7,11.6,12.3,-1.3,0.1,0.5,-2.3,-0.8,0.6,-0.2,0.0,-0.2,0.0,0.1,4.0,0.6,6.1,23.1,0.9,-2.0,-5.1,-2.2,-0.2,0.7,-1.2,0.4,0.5,0.9,-0.5,1.0,-0.2,-0.2,-0.1,1.2,-0.9,1.3,-0.9,-0.6,0.2,-1.4,0.4,-0.5,2.9,-4.0,0.7,0.7,0.3,0.9,-1.2,-18.1,0.5,0.2,0.9,1.5,-0.1,-1.0,4.7,9.1,0.5,6.6,0.7,-1.2,-3.1
2006-10,0.4,0.1,0.6,0.2,-0.3,-0.4,1.2,8.1,0.0,-1.5,4.6,6.7,1.4,-0.8,4.5,7.6,10.2,11.0,-1.5,0.1,0.5,-1.6,-0.9,0.7,-0.2,0.1,-0.2,0.0,0.2,2.9,-0.4,5.4,18.2,0.6,-1.9,-5.1,-2.7,-0.1,1.0,-1.1,0.4,0.9,1.1,-0.2,1.4,0.2,0.3,0.0,0.9,-0.2,1.3,0.2,0.4,-0.1,0.3,0.0,-0.6,2.0,-4.1,0.7,0.7,0.3,0.9,-1.3,-17.0,-0.4,0.3,0.8,1.3,-0.3,-0.5,4.8,9.1,-0.4,4.8,0.7,-1.3,-3.1
2006-11,0.3,0.2,0.4,0.3,-0.1,-0.2,0.7,3.0,0.2,-1.1,4.0,6.0,1.8,-0.2,-4.2,-6.6,14.7,15.7,-0.2,0.1,0.7,-1.3,-0.8,0.8,-0.2,0.1,-0.4,-0.1,0.2,2.3,-0.4,4.8,12.7,0.6,-1.5,-4.8,-3.0,-0.3,0.8,0.7,0.4,0.6,0.7,-0.3,0.7,0.1,0.3,-0.2,1.4,-0.1,1.3,0.1,-0.5,0.4,0.3,0.6,-0.5,1.1,-0.1,0.7,0.7,0.3,0.9,-1.4,-17.1,-1.0,0.3,0.9,1.4,-0.1,-0.6,5.6,9.1,-0.4,3.2,0.7,-1.3,-0.1
2006-12,0.3,0.1,0.4,0.2,-0.2,-0.3,0.8,4.5,0.2,-1.2,1.8,2.5,1.4,0.3,-2.7,-4.1,22.5,24.0,-0.4,-0.2,0.5,-1.2,-0.7,0.9,-0.3,0.1,-0.4,-0.1,0.3,1.9,-0.4,4.0,10.9,0.6,-1.2,-5.1,-2.8,0.5,1.1,1.2,0.4,0.5,0.5,-0.3,0.7,0.4,0.5,0.1,0.9,-0.1,1.4,0.5,0.7,1.0,0.3,0.3,-0.9,1.1,-0.4,0.7,0.7,0.3,0.9,-1.4,-18.6,-0.9,0.4,0.9,1.2,-0.3,-0.7,4.1,9.1,-0.4,2.9,0.7,-1.5,-0.1
2007-01,0.0,0.0,0.0,0.1,-0.1,-0.2,-0.2,-1.7,0.2,-0.8,2.9,4.2,2.2,0.6,-9.6,-14.7,15.2,16.1,-1.8,-0.1,0.9,-1.7,-1.2,0.8,-0.2,0.0,-0.4,-0.2,0.2,1.0,-0.8,3.4,3.0,0.5,-1.3,-5.6,-2.0,0.2,1.1,1.6,0.5,0.6,1.0,-0.4,1.1,0.0,0.0,-0.2,1.3,-0.5,1.3,-0.3,-1.9,0.8,0.3,0.4,-0.5,1.0,-0.3,0.7,0.7,0.3,1.3,-1.3,-18.5,-0.4,0.4,1.0,1.1,-0.6,-0.2,3.7,9.1,-0.4,1.8,0.7,-1.3,-0.1
2007-02,-0.2,-0.1,-0.1,-0.1,-0.1,-0.3,0.1,-1.0,0.2,-1.0,2.1,2.6,1.7,0.1,-6.8,-11.0,10.9,11.7,-0.6,0.2,0.7,-1.1,-1.1,0.8,-0.3,0.1,-0.3,-0.1,0.3,0.1,-0.8,2.8,-5.0,0.5,-1.3,-5.4,-1.9,0.0,1.3,1.6,0.5,0.3,-0.1,-0.1,-0.1,0.5,1.1,-0.2,2.0,-0.9,1.2,-0.3,-1.9,0.2,0.3,-0.4,-0.1,-0.2,-1.3,0.8,0.7,1.8,1.2,-1.1,-17.1,-0.5,0.3,1.1,1.1,-0.3,-0.9,3.7,9.1,-0.4,-0.1,0.7,-1.0,-0.9
2007-03,-0.1,-0.3,0.0,-0.2,-0.1,-0.4,0.8,3.6,0.2,-0.8,2.6,3.8,2.0,0.3,-1.2,-2.0,12.3,13.2,-0.3,0.5,0.6,-1.4,-1.4,0.8,-0.2,0.1,-0.2,-0.1,0.3,0.0,-0.8,2.5,-4.9,0.5,-1.7,-6.1,-2.7,-0.4,0.9,1.1,0.5,0.4,-0.1,-0.3,-0.1,0.6,1.0,-0.2,1.6,-0.5,1.2,0.0,-0.6,0.4,0.3,-1.1,-1.5,-0.4,-2.4,0.8,0.7,1.1,1.3,-1.3,-17.3,-1.0,0.3,0.9,1.2,-0.4,-0.2,3.4,9.1,-0.4,-0.5,0.7,-1.5,-1.7
2007-04,0.0,-0.1,0.0,-0.1,-0.1,-0.2,0.7,2.8,0.2,-0.5,2.0,2.8,1.6,-0.3,-0.4,-0.6,8.9,9.6,0.1,0.5,0.6,-1.1,-1.3,0.8,-0.2,0.0,-0.3,-0.1,0.2,0.1,0.2,1.2,-3.8,0.1,-1.5,-5.7,-3.0,-0.1,1.3,1.3,0.2,0.7,0.6,0.2,0.6,0.6,0.9,-0.1,1.4,-0.1,0.9,1.0,-0.4,0.3,1.9,-0.6,0.3,-0.1,-2.3,0.8,0.6,1.5,1.1,-1.4,-17.9,-1.5,0.3,0.9,1.2,-0.2,-0.5,2.3,9.1,0.2,0.0,0.7,-1.2,-1.7
2007-05,0.0,-0.1,0.0,0.0,-0.1,-0.3,0.3,0.9,0.2,-0.7,2.3,3.4,1.5,-0.7,-2.4,-3.6,4.4,4.6,0.1,0.4,0.8,-0.6,-1.1,0.5,-0.3,0.0,-0.3,-0.2,0.2,0.2,0.2,1.1,-2.0,0.1,-1.4,-6.0,-1.8,0.2,1.1,1.8,0.2,0.6,0.4,-0.2,0.4,1.0,1.2,0.2,1.4,0.0,0.8,1.2,0.4,0.6,2.0,-0.6,0.2,-0.2,-2.3,0.8,0.6,1.5,1.1,-1.4,-18.0,-1.6,0.4,1.0,1.2,-0.3,-0.1,1.9,9.1,0.2,0.1,0.6,-1.3,-1.7
2007-06,-0.2,-0.1,-0.2,-0.1,-0.2,-0.4,-0.3,-2.8,0.3,-0.7,0.9,1.2,2.1,-0.4,-6.0,-9.6,2.1,2.4,0.6,0.1,0.6,-0.9,-0.9,0.4,-0.3,-0.1,-0.3,-0.1,-0.1,0.3,0.2,1.1,-1.2,-0.1,-1.6,-6.2,-2.9,-0.3,1.1,1.6,0.2,0.4,0.3,-0.6,0.4,0.4,0.6,-0.4,1.4,0.0,0.6,1.0,-0.5,0.3,2.0,-0.2,0.3,0.6,-2.4,0.8,0.6,1.5,1.1,-2.0,-17.9,-2.3,0.2,0.1,1.0,-0.3,-0.8,1.7,9.1,0.1,0.9,0.6,-1.8,-1.7
2007-07,0.0,-0.1,-0.1,-0.1,-0.2,-0.5,0.3,0.8,0.3,-0.7,0.7,1.3,1.6,-0.5,-0.3,-0.4,1.9,2.2,1.4,0.3,0.8,-0.9,-1.0,0.5,-0.2,0.0,-0.2,-0.1,0.2,0.3,0.7,0.4,-0.2,-0.1,-1.9,-6.9,-2.7,-0.1,0.8,1.9,0.1,0.6,0.5,-0.4,0.5,0.6,1.0,-0.5,1.2,-0.1,0.8,0.7,-1.2,0.1,2.0,0.1,0.3,1.1,-2.3,0.8,0.6,1.5,1.0,-1.7,-17.1,-2.1,0.2,0.5,0.0,-0.5,-0.5,1.7,0.0,0.1,1.3,0.6,-1.5,-1.7
2007-08,-0.2,-0.1,-0.2,-0.1,-0.1,-0.2,-0.4,-3.6,0.3,-0.5,-0.6,-0.7,1.4,0.0,-5.7,-8.6,1.6,1.6,1.7,0.3,0.5,-0.7,-1.2,0.8,-0.1,-0.1,-0.1,-0.2,0.1,0.2,0.7,0.5,-1.6,-0.1,-1.8,-7.2,-1.8,-0.4,0.7,2.2,0.1,0.8,0.8,-0.2,1.0,0.6,1.2,-0.4,1.5,-0.1,0.8,0.8,-0.6,-0.5,2.0,-0.2,0.4,0.4,-2.2,0.7,0.6,1.5,0.9,-1.2,-16.3,-1.8,0.2,1.1,0.4,-0.3,-0.3,1.7,0.0,1.0,0.6,0.6,-0.9,-1.7
2007-09,-0.2,-0.1,-0.2,-0.1,-0.2,-0.3,0.1,-0.3,0.2,-0.5,-0.8,-1.2,2.0,-0.5,-1.4,-2.0,4.0,4.2,0.5,0.3,-0.1,-0.6,-1.1,0.7,0.0,-0.1,-0.1,-0.2,-0.1,0.2,0.7,0.6,-2.2,-0.1,-1.7,-6.7,-1.9,-1.1,0.6,1.7,0.1,0.6,-0.1,-0.6,0.0,1.5,2.3,-0.4,1.1,-0.3,0.9,0.4,-1.8,-1.3,2.1,-0.5,0.2,0.0,-2.3,0.7,0.6,1.5,0.9,-1.2,-15.7,-1.5,0.2,0.8,0.3,-0.4,-0.3,1.5,0.0,1.0,0.1,0.6,-1.0,-1.6
2007-10,0.3,0.1,0.2,0.1,-0.1,-0.3,0.9,3.6,0.3,-0.6,-0.3,-0.4,1.7,-0.8,2.4,4.1,8.0,8.3,1.7,0.6,0.4,-0.7,-1.1,0.7,0.0,-0.1,0.0,-0.1,0.1,1.0,1.4,1.3,0.4,-0.1,-1.5,-6.3,-1.2,-0.7,1.0,1.5,0.1,0.3,-0.2,-0.4,-0.3,1.1,1.7,-0.7,1.6,-0.8,1.0,-0.5,-1.9,-1.1,0.4,0.2,0.6,1.1,-2.2,0.7,0.6,1.5,0.9,-0.8,-14.5,-0.6,0.2,0.9,0.7,0.1,0.6,1.3,0.1,1.0,1.8,0.6,-0.6,-1.6
2007-11,0.6,0.4,0.6,0.5,0.0,-0.1,0.9,4.2,0.3,-0.6,-0.6,-1.0,2.3,-0.7,7.5,12.9,-0.8,-0.9,0.7,1.1,0.3,-1.0,-0.8,0.7,0.0,0.0,0.1,-0.1,0.1,2.2,1.4,2.0,11.9,-0.1,-1.6,-6.1,-1.3,-0.5,1.6,0.0,0.1,0.7,0.7,-0.4,0.7,0.9,1.4,-0.6,1.3,-1.0,1.1,-0.3,-0.5,-1.7,0.4,1.5,0.5,3.5,-2.2,0.7,0.6,1.5,0.9,-0.6,-14.8,-0.7,0.3,1.2,0.5,-0.3,0.7,0.5,0.1,1.0,5.4,0.6,-0.5,-1.6
2007-12,0.7,0.8,0.9,0.8,0.1,-0.1,0.9,2.4,0.7,1.3,0.0,-0.1,2.9,-1.6,7.2,12.1,-7.5,-8.0,1.5,1.5,0.5,-0.9,-1.1,0.7,0.1,0.0,0.0,-0.2,0.2,3.6,1.4,2.8,24.0,-0.1,-1.7,-5.5,-2.1,-1.1,1.4,0.0,0.1,0.6,0.4,-0.1,0.4,0.7,1.1,-0.5,1.8,-0.7,1.1,-0.4,-0.8,-2.0,0.4,2.6,0.9,5.3,-2.2,0.7,0.6,1.5,0.9,-0.8,-15.0,-0.9,0.0,1.0,0.5,0.0,0.9,0.5,0.1,1.0,8.3,0.6,-0.6,-1.6
2008-01,0.7,0.8,0.9,1.0,0.2,-0.1,0.5,-2.1,0.9,2.0,0.3,0.2,2.8,-0.5,0.4,0.7,-9.1,-9.5,1.8,1.7,0.9,-0.6,-0.6,0.6,0.0,0.0,0.0,-0.1,0.3,3.7,1.3,3.8,24.9,-0.1,-1.6,-4.9,-2.8,-1.4,1.7,-0.4,0.1,0.8,0.6,0.4,0.6,0.7,1.1,-0.5,2.6,-1.3,1.4,0.2,0.8,-1.7,0.4,2.6,1.3,5.1,-2.3,0.7,0.6,1.5,0.8,-0.5,-15.8,-0.9,-0.1,1.6,0.6,0.0,0.7,0.7,0.1,1.0,8.3,0.7,-0.4,-1.6
2008-02,1.0,1.0,1.1,1.2,0.3,-0.1,1.2,1.4,1.2,3.5,0.6,0.8,3.6,-0.4,6.0,9.7,-9.2,-9.9,1.5,1.3,1.3,-1.0,-0.5,0.9,0.0,0.0,-0.1,-0.1,0.1,4.0,1.3,4.2,28.0,-0.1,-1.3,-4.4,-2.3,-0.9,1.7,-0.8,0.1,0.6,0.8,0.0,0.9,0.1,0.3,-0.4,2.2,-1.3,1.4,0.1,0.7,-1.6,0.4,3.0,0.8,5.7,-1.2,0.7,0.6,0.0,1.0,-0.8,-16.5,-0.9,0.1,1.2,0.5,-0.1,0.7,0.9,0.1,1.0,9.2,0.8,-0.7,-0.8
2008-03,1.2,1.2,1.3,1.4,0.4,0.1,1.6,0.6,1.8,4.0,0.4,-0.2,3.7,1.3,6.1,9.3,-11.0,-11.6,2.4,1.7,2.1,-0.5,0.7,1.1,0.1,0.1,0.0,-0.1,0.3,4.2,1.3,4.3,29.2,-0.1,-0.6,-3.2,-1.8,-0.5,1.9,0.8,0.1,0.4,0.3,0.0,0.4,0.3,0.5,-0.1,1.5,-0.6,1.4,-0.2,-0.6,-1.4,0.4,3.5,1.0,6.0,-0.1,0.7,0.6,0.0,1.0,-0.7,-17.5,-0.8,0.1,1.4,0.5,0.0,0.3,0.9,0.1,1.0,9.5,0.8,-0.7,0.0
2008-04,0.8,0.9,1.0,1.1,0.5,-0.1,2.0,-0.3,2.5,4.7,0.3,-0.1,4.4,4.4,1.8,1.7,-4.4,-4.6,3.9,2.5,2.8,-0.3,1.1,1.4,0.1,0.4,0.1,0.0,0.8,5.5,3.5,5.7,28.5,0.2,-0.9,-3.6,-2.2,-1.2,1.7,0.8,0.4,0.5,0.2,0.1,0.2,0.7,1.1,-0.6,1.7,-1.0,1.9,-0.5,-0.8,-2.0,0.3,-0.3,0.9,-0.8,-0.1,0.7,0.7,0.0,0.5,-0.6,-17.3,0.0,0.5,1.2,0.4,0.0,0.7,1.2,0.1,0.5,5.2,0.8,-0.5,0.0
2008-05,1.3,1.5,1.5,1.7,0.7,-0.1,2.4,-1.0,3.0,5.4,0.4,-0.2,4.6,5.2,1.4,0.8,-4.8,-5.2,3.4,5.1,3.5,-0.5,1.7,1.7,0.1,0.3,0.0,0.0,0.6,5.5,3.5,5.6,27.6,0.2,-0.6,-3.3,-2.4,-0.5,1.9,1.0,0.4,0.4,0.4,0.2,0.4,-0.1,0.3,-0.8,1.4,-1.0,2.1,-0.5,-0.9,-2.3,0.2,2.9,1.1,4.9,-0.1,0.7,0.8,0.0,0.5,-0.8,-17.4,0.2,0.3,0.7,0.3,-0.1,0.1,1.3,0.1,0.5,10.5,0.9,-0.7,0.0
2008-06,2.0,1.9,2.3,2.3,0.9,0.1,3.6,3.6,3.5,7.7,2.7,3.3,4.8,5.5,6.8,9.5,-3.9,-4.1,4.9,6.4,3.6,-0.7,1.8,1.8,0.2,0.5,0.0,0.0,1.0,6.8,3.5,5.6,42.2,0.3,-0.4,-2.8,-1.2,-0.5,1.6,1.1,0.4,0.5,0.3,0.5,0.3,0.4,0.8,-0.5,1.5,-1.0,2.4,-0.5,-0.8,-2.1,0.2,4.3,1.2,7.0,0.4,0.7,0.8,0.0,0.5,-0.6,-18.2,0.3,0.4,1.2,0.6,0.1,0.4,2.3,0.1,0.6,13.7,0.9,-0.4,0.3
2008-07,2.3,2.4,2.8,2.8,1.0,0.2,3.5,1.8,3.8,8.0,3.4,3.7,5.3,6.4,2.2,1.5,-0.4,-0.6,3.6,7.5,3.7,-0.2,2.0,1.9,0.2,0.5,0.0,0.0,1.1,9.3,5.4,7.6,53.2,0.3,0.4,-2.4,-1.3,-0.4,2.1,3.3,0.3,0.3,0.3,0.3,0.3,-0.2,-0.2,-0.4,1.3,-0.8,2.4,-0.3,-0.1,-2.0,0.2,5.2,1.2,8.4,0.4,0.7,0.8,0.0,0.6,-0.3,-19.4,1.0,0.3,1.4,0.7,0.1,0.3,3.0,0.1,0.6,17.4,0.9,-0.2,0.3
2008-08,2.1,2.4,2.5,2.8,1.1,0.0,3.0,-2.9,4.1,8.1,5.0,4.9,5.3,6.7,-5.0,-10.1,-2.0,-2.0,5.2,7.2,4.4,-0.5,2.3,1.8,0.2,0.6,0.1,0.0,1.3,9.7,5.4,8.2,54.7,0.3,0.2,-2.9,-1.4,0.2,2.0,3.5,0.3,0.3,0.3,0.3,0.2,-0.3,-0.4,-0.3,1.4,-0.6,2.4,-0.5,-1.1,-2.0,0.3,4.7,0.9,7.8,0.4,0.7,0.8,0.0,0.6,-0.4,-19.3,1.1,0.2,1.2,0.4,0.1,0.2,3.4,0.1,-0.3,17.0,0.9,-0.4,0.3
2008-09,2.1,2.3,2.4,2.7,1.2,0.2,3.0,-3.2,4.2,8.3,3.5,1.9,4.2,7.1,-0.5,-3.2,-9.5,-10.0,5.5,7.5,4.5,-0.3,2.4,2.0,0.2,0.7,0.0,-0.1,1.6,9.2,5.1,8.5,50.3,0.3,0.4,-3.1,-0.8,-0.6,2.3,4.4,0.3,0.5,0.8,0.2,0.9,-0.7,-0.9,-0.4,2.1,-0.7,2.4,0.1,0.6,-1.1,0.2,3.8,1.3,6.0,0.4,0.6,0.8,0.0,0.4,-0.3,-18.9,0.5,0.3,1.7,0.5,0.1,-0.1,3.6,0.1,-0.3,14.7,0.9,-0.2,0.2
2008-10,1.7,1.9,2.1,2.3,1.2,0.2,3.2,-3.1,4.5,9.2,3.4,1.3,4.4,7.3,1.0,-0.8,-11.8,-12.4,5.5,7.7,4.8,0.0,2.8,2.2,0.2,0.7,-0.1,-0.1,1.5,8.0,4.6,9.0,38.6,0.4,0.3,-3.3,-1.1,-0.6,1.6,5.1,0.3,0.6,0.7,-0.5,0.8,-0.3,-0.3,-0.2,1.8,-0.2,2.2,-0.1,0.5,-1.5,0.2,1.7,0.8,2.7,0.4,0.7,0.8,0.0,0.5,-0.2,-20.4,0.7,0.4,1.8,0.1,0.1,-1.2,4.0,0.0,-0.3,10.2,1.0,-0.2,0.2
2008-11,1.0,1.0,1.2,1.2,1.1,0.0,3.7,-0.1,4.4,9.3,4.3,2.6,3.3,6.9,2.3,0.9,-5.5,-5.7,5.8,7.1,4.8,-0.1,2.4,2.1,0.2,0.6,-0.1,0.0,1.6,4.8,4.6,8.4,6.1,0.5,0.2,-2.7,-0.8,-0.8,1.6,4.2,-0.5,0.5,0.2,-0.5,0.2,0.1,0.2,0.0,1.7,0.1,2.2,-0.5,-0.9,-2.1,0.2,-2.3,0.7,-4.2,0.2,0.7,0.8,0.0,0.5,-0.5,-20.0,0.9,0.3,1.3,0.2,0.2,-1.4,4.1,0.0,-0.3,0.5,1.0,-0.3,0.3
2008-12,0.4,0.2,0.4,0.4,0.9,0.0,3.6,1.4,4.0,7.6,3.4,1.5,2.3,5.9,2.5,1.2,1.0,1.0,4.7,7.1,4.7,-0.5,2.7,2.1,0.1,0.6,-0.1,-0.1,1.5,1.8,4.6,7.3,-18.6,0.5,0.2,-3.2,-0.2,-0.2,1.5,4.1,-0.5,0.5,0.2,-0.9,0.3,0.3,0.4,0.0,1.7,-0.3,2.1,-0.4,-1.1,-1.7,0.2,-5.1,0.4,-9.1,0.6,0.7,0.8,0.0,0.5,-0.4,-21.0,0.7,0.3,1.6,0.0,0.2,-1.1,1.9,0.0,-0.3,-6.8,1.0,-0.3,0.3
2009-01,0.0,0.0,0.0,-0.1,0.7,-0.2,3.3,1.8,3.7,6.6,2.3,0.2,1.6,4.6,4.2,3.9,0.9,0.8,5.5,6.7,4.2,-0.4,2.5,2.1,0.0,0.6,-0.2,-0.2,1.5,2.3,8.1,7.2,-26.8,0.5,0.4,-2.2,-0.5,-0.6,1.1,4.5,-0.2,-0.8,-1.3,-0.8,-1.3,-1.2,-1.7,0.2,-0.2,-0.1,1.8,0.1,-1.1,-2.5,1.6,-6.3,0.1,-11.1,0.6,0.7,0.8,0.0,0.5,-1.4,-21.2,0.4,0.4,-0.1,-0.1,0.4,-1.4,1.3,0.0,-0.3,-8.2,0.9,-1.1,0.3
2009-02,-0.1,0.0,0.0,0.0,0.6,-0.1,2.6,-1.2,3.3,5.3,2.1,-0.5,1.0,3.8,-0.5,-3.1,1.3,1.4,5.1,6.8,4.0,-0.7,1.7,1.9,-0.1,0.5,-0.3,-0.2,1.4,2.2,8.1,6.3,-26.5,0.5,0.2,-2.8,-0.7,-1.1,1.3,4.3,-0.2,-0.2,-0.1,-1.1,-0.1,-0.6,-1.1,0.1,0.6,-0.9,1.7,0.0,-1.2,-2.7,1.6,-5.5,0.4,-9.8,0.6,1.0,0.8,7.6,0.8,-1.3,-22.7,0.3,0.5,0.1,-0.1,0.3,-1.1,0.9,0.0,-0.3,-7.3,1.1,-1.0,0.3
2009-03,-0.3,-0.1,-0.2,-0.1,0.5,-0.3,2.2,-2.1,2.9,4.9,0.7,-2.2,0.8,5.6,-1.3,-4.1,1.7,1.8,3.1,6.7,3.6,-1.0,0.9,1.7,-0.1,0.4,-0.3,-0.2,1.2,1.6,8.1,6.1,-31.0,0.5,-0.6,-3.9,-2.3,-1.7,1.1,2.9,-0.2,-0.5,-0.6,-0.9,-0.7,-1.1,-1.8,0.1,0.7,-0.7,1.5,0.1,-1.2,-2.3,1.6,-5.4,0.4,-9.6,0.6,0.8,0.8,7.6,-0.1,-1.1,-21.0,0.6,0.4,0.0,-0.2,0.2,-1.4,0.8,0.0,-0.3,-7.4,0.9,-0.9,0.3
2009-04,-0.1,-0.1,-0.1,-0.1,0.2,-0.4,1.6,-0.9,2.0,3.3,-0.3,-3.4,-0.4,2.2,3.2,3.6,-4.5,-4.7,2.3,5.9,2.7,-1.7,0.0,1.4,-0.1,0.2,-0.3,-0.4,0.9,0.2,5.7,4.5,-32.3,0.8,-0.9,-4.6,-1.1,-1.8,0.8,1.9,-0.1,-0.3,-0.6,-1.4,-0.6,-0.3,-0.4,0.2,0.9,-0.7,1.0,-0.3,-3.0,-2.2,1.7,-2.0,-1.0,-3.4,0.3,0.8,0.9,7.6,0.0,-2.2,-22.8,0.3,0.3,-1.5,-0.2,-0.1,-1.7,0.5,0.0,0.2,-3.6,1.2,-2.0,0.3
2009-05,-1.1,-1.1,-1.2,-1.3,-0.1,-0.5,1.0,-0.5,1.4,2.0,-0.1,-3.1,-0.7,1.5,1.6,1.6,-0.1,0.1,1.2,4.2,1.5,-2.2,-0.7,1.2,-0.1,0.1,-0.3,-0.5,1.0,-3.0,-0.1,2.4,-33.8,0.8,-1.6,-4.9,-1.9,-2.9,0.5,0.9,-0.1,-0.1,-0.5,-1.1,-0.4,0.0,-0.3,0.4,1.1,-0.9,0.9,-0.2,-3.0,-1.8,1.8,-5.6,-1.0,-9.2,0.0,0.9,0.8,7.6,0.0,-2.5,-23.2,0.0,0.2,-1.9,-0.2,0.0,-1.3,0.1,0.0,0.2,-11.5,1.1,-2.2,0.1
2009-06,-1.8,-1.7,-1.9,-1.9,-0.4,-0.7,-0.2,-3.6,0.5,-0.3,-0.9,-3.9,-1.6,0.9,-1.3,-2.9,-4.4,-4.5,-2.0,3.0,1.2,-2.5,-0.7,1.0,-0.2,0.1,-0.3,-0.5,0.9,-5.2,-1.7,1.2,-40.7,0.8,-1.7,-5.0,-2.2,-3.1,0.4,0.7,-0.1,-0.4,-0.6,-1.4,-0.6,-0.7,-0.9,0.2,0.9,-0.8,0.6,-0.3,-3.4,-1.9,1.8,-6.6,-1.2,-10.8,-0.5,0.9,0.8,7.6,0.0,-2.6,-23.1,0.2,0.2,-2.2,-0.4,0.0,-1.3,-1.2,0.0,0.2,-14.7,1.1,-2.5,-0.2
2009-07,-2.2,-2.2,-2.6,-2.5,-0.6,-0.9,-0.7,-4.3,0.1,-0.8,-1.1,-3.4,-2.1,0.3,-2.7,-4.8,-5.0,-5.2,-1.5,1.7,0.9,-2.8,-1.0,0.7,-0.2,-0.1,-0.3,-0.6,0.6,-8.1,-4.4,-2.8,-43.4,0.8,-2.9,-5.9,-2.6,-3.6,-0.5,-2.3,-0.1,-0.7,-1.1,-0.9,-1.1,-0.9,-1.1,-0.2,0.8,-1.3,0.7,0.0,-1.9,-2.6,1.8,-7.4,-1.5,-11.7,-0.5,0.9,0.8,7.6,0.0,-2.9,-23.6,-0.2,0.3,-2.5,-0.6,0.0,-1.8,-1.7,0.0,0.2,-17.5,1.0,-2.7,-0.2
2009-08,-2.2,-2.4,-2.6,-2.8,-0.8,-0.9,-0.1,1.7,-0.5,-1.1,-3.1,-5.3,-2.7,-0.7,7.6,12.9,-4.5,-4.7,-3.8,1.9,0.5,-2.8,-1.4,0.5,-0.2,-0.1,-0.3,-0.5,0.5,-9.1,-5.2,-4.1,-44.9,0.8,-3.1,-5.9,-3.2,-4.2,-0.7,-2.9,-0.1,-0.6,-0.7,-0.8,-0.6,-0.9,-1.1,-0.4,0.3,-1.5,0.6,0.0,-1.9,-2.3,1.7,-7.6,-1.2,-12.0,-1.3,0.9,0.8,7.6,0.0,-3.0,-22.8,-0.5,0.3,-2.8,-0.7,-0.1,-1.9,-2.2,0.0,0.2,-18.6,1.0,-2.8,-0.7
2009-09,-2.2,-2.3,-2.5,-2.7,-0.9,-1.0,-0.5,-0.1,-0.5,-1.3,-2.4,-3.6,-2.3,-0.8,2.3,4.2,-2.2,-2.2,-1.3,1.8,0.0,-3.1,-1.5,0.3,-0.2,-0.2,-0.2,-0.4,0.2,-9.1,-5.9,-5.4,-41.8,0.8,-3.5,-6.3,-4.1,-3.2,-1.1,-3.6,-0.1,-1.2,-2.3,-0.3,-2.5,0.0,0.1,-0.2,-0.2,-1.1,0.3,-0.3,-2.2,-3.1,1.7,-6.1,-1.3,-9.6,-1.3,0.9,0.8,7.6,0.2,-3.2,-23.5,-1.0,0.4,-2.9,-0.6,-0.1,-1.3,-2.1,0.0,0.2,-16.3,1.1,-3.0,-0.7
2009-10,-2.5,-2.2,-2.9,-2.6,-1.1,-1.1,-2.0,-6.8,-1.1,-2.5,-2.5,-3.2,-2.9,-1.0,-6.5,-10.0,-5.9,-6.1,-2.6,1.0,-1.1,-3.4,-1.8,0.1,-0.3,-0.3,-0.3,-0.4,-0.1,-9.0,-6.7,-7.2,-37.1,0.7,-3.8,-6.6,-3.8,-3.2,-1.0,-5.0,0.0,-1.4,-2.4,-0.7,-2.6,-0.7,-0.7,-0.4,-0.7,-1.4,0.2,-0.4,-2.4,-3.4,1.7,-4.6,-1.0,-7.2,-1.3,0.8,0.8,7.6,0.0,-3.5,-22.6,-1.6,0.2,-3.1,-0.6,-0.3,-1.5,-2.4,0.0,0.2,-14.1,0.9,-3.2,-0.7
2009-11,-1.9,-1.7,-2.2,-2.0,-1.1,-1.0,-2.1,-6.3,-1.2,-3.1,-3.9,-5.0,-2.5,-0.8,-4.9,-7.2,-6.6,-6.8,-2.0,0.9,-1.7,-3.2,-1.9,0.0,-0.3,-0.4,-0.3,-0.5,-0.3,-6.9,-6.4,-7.0,-24.0,0.6,-4.2,-8.2,-4.1,-3.1,-1.1,-4.4,0.8,-1.6,-2.6,-0.4,-2.8,-0.7,-0.8,-0.6,-0.3,-1.8,0.4,-0.1,-2.6,-2.3,1.8,-1.6,-1.0,-2.1,-1.0,0.8,0.8,7.6,0.0,-3.1,-22.7,-1.9,0.2,-2.5,-0.7,-0.3,-1.4,-2.2,0.0,0.2,-7.9,0.9,-2.9,-0.7
2009-12,-1.7,-1.3,-1.8,-1.5,-1.2,-1.2,-2.5,-7.6,-1.5,-3.4,-3.2,-3.7,-2.3,0.5,-6.5,-9.5,-9.9,-10.0,-2.9,0.2,-2.1,-3.2,-2.0,-0.1,-0.4,-0.4,-0.3,-0.5,-0.3,-4.9,-5.9,-6.5,-8.2,0.6,-4.8,-9.5,-4.7,-2.9,-1.4,-5.1,0.8,-1.9,-2.7,-0.3,-3.0,-1.3,-1.4,-1.3,-1.1,-1.9,0.3,-0.5,-3.3,-2.9,1.8,0.5,-1.0,1.9,-1.4,0.8,0.8,7.6,0.0,-3.3,-22.0,-2.8,0.2,-2.6,-0.5,-0.3,-1.7,-0.6,0.0,0.2,-2.4,0.9,-3.0,-0.7
2010-01,-1.3,-1.3,-1.5,-1.4,-1.3,-1.2,-1.9,-3.9,-1.5,-3.8,-3.2,-3.7,-2.3,1.2,-1.4,-1.1,-9.0,-9.2,-2.8,0.1,-2.3,-3.1,-1.8,-0.2,-0.3,-0.5,-0.2,-0.5,-0.5,-5.8,-9.7,-7.0,3.0,0.6,-5.5,-11.6,-4.4,-4.1,-1.4,-5.5,0.5,-1.4,-2.7,-1.4,-3.0,0.0,0.5,-1.3,-1.0,-1.4,0.4,-1.1,-3.4,-2.4,0.5,1.9,-1.1,4.4,-1.4,0.8,0.8,7.6,-0.3,-3.1,-22.3,-2.5,0.2,-2.2,-0.5,-0.4,-1.8,-0.3,0.0,0.2,-1.0,0.9,-2.7,-0.7
2010-02,-1.1,-1.2,-1.3,-1.3,-1.2,-1.1,-1.4,-1.2,-1.4,-3.8,-3.5,-3.8,-2.4,1.6,2.5,5.3,-8.5,-8.6,-2.8,0.1,-2.1,-2.7,-1.4,-0.1,-0.2,-0.5,-0.2,-0.6,-0.3,-5.0,-9.4,-6.1,8.2,0.6,-5.3,-10.6,-4.5,-3.9,-1.8,-5.4,0.5,-1.0,-1.5,-0.4,-1.5,-0.2,0.4,-1.5,-2.1,-1.9,0.6,-1.0,-3.3,-2.5,0.6,1.7,-1.1,4.0,-1.4,0.6,0.8,0.0,-0.1,-2.6,-20.3,-2.5,0.3,-1.8,-0.6,-0.2,-2.3,-0.4,0.0,0.2,-0.3,0.7,-2.4,-0.7
2010-03,-1.1,-1.2,-1.3,-1.4,-1.3,-1.1,-1.6,-0.6,-1.8,-4.0,-2.9,-2.5,-2.7,-2.2,1.6,3.8,-5.1,-5.3,-1.4,-0.7,-2.5,-2.4,-1.6,-0.2,-0.3,-0.5,-0.3,-0.6,-0.3,-4.2,-9.0,-5.3,14.6,0.6,-5.3,-10.5,-3.6,-4.3,-1.7,-5.7,0.5,-1.3,-1.5,-0.1,-1.6,-0.9,-0.5,-1.8,-2.0,-2.5,0.5,-1.1,-2.9,-3.1,0.6,1.5,-1.0,3.6,-1.4,0.8,0.8,0.0,0.6,-2.7,-21.6,-3.1,0.2,-1.7,-0.3,-0.2,-1.0,-0.1,0.0,0.2,0.1,0.8,-2.5,-0.7
2010-04,-1.2,-1.5,-1.4,-1.7,-1.6,-1.6,-0.7,5.0,-1.6,-3.5,-2.8,-2.3,-2.7,-1.7,7.6,13.4,-0.4,-0.3,-2.9,-0.5,-2.3,-2.1,-1.4,-0.2,-0.3,-0.6,-0.3,-0.5,-0.6,-4.1,-9.4,-5.4,19.2,0.1,-4.8,-9.2,-5.0,-3.1,-1.5,-5.2,0.4,-1.7,-2.0,0.4,-2.0,-1.3,-1.2,-1.9,-1.8,-2.7,0.3,-0.1,-0.1,-2.4,0.7,1.9,-0.6,4.1,-1.1,-13.0,-17.4,0.4,0.3,-1.8,-18.8,-3.2,0.0,-0.2,-0.4,-0.1,-1.3,-0.3,0.0,0.0,0.6,-10.7,-1.8,-0.7
2010-05,-0.9,-1.2,-1.0,-1.3,-1.7,-1.6,-0.9,3.8,-1.7,-2.9,-2.1,-1.2,-2.9,-1.5,5.7,10.5,-0.3,-0.3,-1.5,-1.8,-2.2,-1.9,-1.3,-0.2,-0.4,-0.5,-0.3,-0.5,-0.6,-0.5,-3.8,-2.8,25.6,0.1,-4.7,-9.8,-4.2,-2.7,-1.5,-4.4,0.4,-1.8,-2.2,0.1,-2.4,-1.5,-1.2,-2.1,-1.7,-2.6,0.1,-0.3,-0.1,-3.6,0.7,2.4,-0.7,4.8,-0.7,-13.0,-17.4,0.4,0.3,-1.7,-18.6,-3.3,0.2,-0.1,-0.4,-0.1,-1.2,-0.6,0.0,0.0,4.8,-10.7,-1.7,-0.5
2010-06,-0.7,-1.0,-0.8,-1.2,-1.5,-1.5,-0.1,7.0,-1.3,-2.7,-1.5,-0.4,-1.9,-1.4,5.4,9.8,12.3,12.9,0.5,-1.5,-2.0,-1.8,-1.5,-0.1,-0.4,-0.6,-0.4,-0.5,-0.8,0.8,-2.0,-1.2,24.1,0.3,-4.9,-10.5,-4.5,-2.0,-1.2,-4.7,0.4,-1.6,-1.8,0.4,-1.9,-1.2,-1.0,-1.8,-1.4,-2.9,0.3,0.0,0.4,-3.0,0.7,1.4,-0.7,3.2,-0.9,-13.0,-17.4,0.4,0.3,-1.4,-17.8,-2.5,0.1,0.2,-0.4,-0.1,-1.3,-0.3,0.0,0.0,4.5,-10.7,-1.3,-0.5
2010-07,-0.9,-1.1,-1.0,-1.2,-1.5,-1.5,-0.5,4.4,-1.4,-2.8,-2.1,-1.7,-1.3,-0.7,5.8,11.1,2.7,2.9,-0.5,-1.9,-2.0,-2.0,-1.4,0.0,-0.4,-0.5,-0.4,-0.3,-0.9,1.8,-0.3,1.4,18.2,0.3,-4.5,-10.4,-4.7,-2.2,-0.9,-3.6,0.4,-1.0,-0.9,-0.1,-1.0,-0.8,-0.5,-1.7,-1.1,-2.4,0.1,-0.5,-0.9,-3.1,0.7,0.6,-1.1,1.8,-0.9,-13.0,-17.4,0.4,0.3,-1.5,-17.6,-3.0,0.3,0.1,-0.3,-0.1,-0.8,-0.7,0.0,0.0,3.7,-10.6,-1.5,-0.5
2010-08,-0.9,-1.0,-0.9,-1.1,-1.5,-1.5,-0.7,2.9,-1.3,-2.6,-1.9,-1.2,-1.3,-0.9,1.6,3.5,7.8,8.3,-0.1,-1.8,-1.9,-1.9,-1.7,0.0,-0.5,-0.6,-0.4,-0.4,-1.1,2.8,1.3,2.5,17.4,0.3,-4.4,-10.6,-3.8,-1.2,-0.8,-4.1,0.4,-0.8,-0.4,-0.3,-0.5,-1.1,-0.9,-1.6,-0.8,-3.2,0.2,-0.7,-1.6,-3.5,0.7,0.6,-0.7,1.4,-0.1,-13.0,-17.4,0.4,0.3,-1.5,-20.1,-3.3,0.2,0.2,-0.3,0.0,-1.1,-0.4,0.0,0.0,4.3,-10.6,-1.3,0.0
2010-09,-0.6,-1.1,-0.6,-1.2,-1.5,-1.5,0.6,10.3,-1.4,-2.7,0.6,3.0,-1.6,-0.9,6.1,10.7,19.5,20.6,-2.3,-1.8,-1.2,-1.9,-1.3,-0.1,-0.5,-0.7,-0.4,-0.4,-1.0,3.3,2.8,3.6,13.3,0.2,-4.2,-10.1,-3.2,-1.7,-0.4,-4.1,0.4,-0.9,-0.2,-0.4,-0.2,-1.6,-1.3,-2.1,-1.2,-2.7,0.0,-0.5,-1.4,-3.4,0.7,0.0,-1.1,0.4,-0.2,-12.9,-17.4,0.4,0.3,-1.3,-20.0,-2.7,0.3,0.2,-0.3,0.0,-0.9,-0.7,0.0,0.0,3.7,-10.7,-1.3,0.0
2010-10,0.2,-0.6,0.3,-0.6,-0.9,-0.8,1.6,17.4,-1.3,-3.2,-1.4,-0.2,-1.1,-1.0,17.0,29.4,22.7,24.0,-2.3,-1.4,-1.0,-1.7,-1.4,-0.1,-0.5,-0.6,-0.4,-0.5,-0.8,3.5,3.0,4.3,12.3,0.2,-4.1,-9.9,-4.1,-1.9,-0.5,-3.5,0.3,-1.1,-0.6,0.5,-0.7,-1.5,-1.4,-2.1,-0.8,-2.8,0.1,0.0,-1.3,-1.0,0.9,0.0,-0.4,0.2,-0.2,-13.0,-17.4,0.4,0.2,-0.9,-19.3,-2.4,0.3,0.8,6.6,0.0,-0.8,-0.5,38.6,7.5,4.0,-10.7,-0.7,0.0
2010-11,0.1,-0.5,0.2,-0.5,-0.9,-0.9,1.5,16.3,-1.2,-3.2,-0.3,1.4,-1.1,-0.9,16.0,28.1,18.6,19.7,-2.4,-1.0,-0.8,-1.5,-1.4,0.0,-0.5,-0.5,-0.4,-0.4,-0.7,3.0,2.0,4.0,12.4,0.2,-3.8,-9.3,-3.1,-1.4,-0.4,-3.5,0.3,-0.8,0.1,0.3,0.0,-1.5,-1.8,-0.8,-1.1,-2.8,-0.1,-0.2,-1.4,-1.4,0.8,0.2,-0.4,0.6,-0.2,-13.0,-17.4,0.4,0.2,-1.1,-18.9,-2.5,0.2,0.4,6.7,0.0,-0.6,-0.7,38.6,7.5,3.9,-10.7,-1.1,0.0
2010-12,0.0,-0.4,0.1,-0.5,-0.8,-0.7,0.7,10.3,-1.1,-3.7,0.2,1.9,-0.6,-0.3,6.6,12.1,20.2,21.2,-1.9,-0.8,-0.5,-1.9,-1.5,0.1,-0.4,-0.6,-0.4,-0.3,-0.7,2.6,1.1,3.5,13.1,0.2,-3.5,-8.2,-3.5,-1.9,-0.4,-3.3,0.3,-0.8,0.0,-0.1,0.0,-1.6,-2.0,-0.6,-0.6,-2.6,0.0,0.0,-0.3,-1.6,0.8,0.4,0.0,0.7,-0.2,-13.0,-17.4,0.4,0.2,-0.8,-17.4,-1.8,0.2,0.7,6.6,0.0,-0.7,-0.6,38.6,7.5,4.0,-10.7,-0.5,0.0
2011-01,-0.6,-0.8,-0.6,-1.0,-1.3,-1.3,0.1,6.7,-1.1,-3.9,0.1,1.7,-0.8,-0.3,1.9,4.2,17.7,18.8,-2.5,-1.0,-0.7,-1.9,-1.3,0.5,-0.3,-0.4,-0.2,-0.3,-0.5,2.2,0.5,2.7,18.6,0.3,-5.7,-12.2,-4.8,-0.8,-1.4,-3.0,0.1,-1.5,-1.3,1.4,-1.4,-1.9,-2.0,-1.6,-1.3,-2.2,-0.1,-0.2,-0.1,-1.2,0.0,0.1,0.4,1.1,-2.0,-8.3,-12.0,0.4,0.3,-3.7,-25.4,-1.8,0.3,1.7,5.4,-0.2,-1.0,-0.8,38.3,7.4,4.4,-6.9,-3.3,0.0
2011-02,-0.5,-0.8,-0.6,-1.0,-1.2,-1.3,0.3,7.7,-1.0,-3.9,-0.7,0.2,-0.7,-0.2,4.6,8.2,16.1,17.1,-2.0,-0.6,-0.6,-1.7,-1.1,0.3,-0.2,-0.3,-0.2,-0.2,-0.5,1.7,-0.2,2.1,17.5,0.3,-5.7,-12.4,-4.4,-1.2,-0.9,-2.9,0.1,-0.7,-0.2,1.3,-0.2,-1.3,-1.4,-1.1,-1.0,-1.4,-0.3,-0.1,0.2,-1.1,0.0,0.1,0.1,0.8,-1.5,-8.3,-12.0,0.4,0.3,-4.0,-26.8,-1.4,0.1,1.4,5.4,-0.2,-0.9,-1.1,38.3,7.4,3.6,-6.8,-3.6,0.0
2011-03,-0.5,-0.7,-0.6,-0.8,-1.3,-1.4,-0.1,3.9,-0.8,-3.8,-0.2,0.7,-0.5,0.0,1.7,3.3,8.7,9.4,-1.7,-0.5,-0.3,-1.5,-1.0,0.3,-0.3,-0.4,-0.2,-0.3,-0.5,1.9,-0.4,1.6,24.2,0.2,-5.4,-12.3,-3.8,-0.5,-0.8,-2.4,0.1,-0.7,-0.6,1.0,-0.6,-0.4,-0.4,-0.3,-1.2,-2.0,0.0,-0.7,-2.1,-0.5,0.0,1.3,0.0,2.6,-0.8,-8.4,-12.0,0.4,0.1,-4.4,-28.4,-2.0,0.2,1.0,5.2,-0.4,-1.9,-0.6,38.3,7.3,5.7,-6.9,-4.0,0.0
2011-04,-0.4,-0.2,-0.5,-0.3,-0.8,-1.1,-0.8,-4.7,0.0,-3.0,-0.2,-0.1,0.8,3.7,-7.3,-10.7,1.4,1.4,0.4,-0.1,0.4,-0.1,-0.9,0.4,-0.2,-0.3,-0.2,-0.3,-0.4,2.9,1.4,2.1,26.1,-0.6,-5.4,-12.9,-3.7,-0.8,-0.5,-1.5,-0.5,-0.6,-0.4,0.8,-0.5,-0.3,-0.4,0.0,-1.6,-1.2,-0.1,-1.0,-3.2,-0.3,0.0,1.6,1.2,2.8,-0.7,0.2,0.4,0.0,-0.3,-5.7,-34.0,-2.2,0.2,0.5,5.2,-0.4,-1.6,-0.6,38.3,7.3,6.7,0.1,-5.0,0.0
2011-05,-0.4,-0.1,-0.4,-0.2,-0.6,-0.8,-1.1,-6.0,-0.1,-3.2,-0.7,-0.6,0.4,2.6,-8.0,-12.1,-1.6,-1.8,-0.3,0.0,0.5,0.3,-0.9,0.3,-0.2,-0.2,-0.2,-0.3,-0.2,2.9,1.9,2.2,20.2,0.0,-5.2,-12.6,-3.4,-0.6,-0.3,-1.7,-0.5,-0.5,-0.3,0.6,-0.4,-0.4,-0.5,-0.3,-1.6,-0.9,0.1,0.0,-0.6,1.0,0.0,1.1,1.0,1.8,-0.5,0.2,0.4,0.0,-0.3,-4.7,-31.4,-1.2,0.3,1.0,5.3,-0.3,-1.4,-0.5,38.3,7.3,5.3,0.1,-4.1,0.0
2011-06,-0.4,-0.2,-0.4,-0.3,-0.7,-0.8,-0.8,-3.0,-0.3,-3.0,-0.2,-0.1,0.2,0.9,-1.6,-2.2,-7.6,-8.1,-0.9,-0.7,0.4,0.1,-1.2,0.3,-0.2,-0.2,-0.2,-0.4,-0.1,3.0,2.5,2.2,19.0,-0.2,-5.1,-12.2,-2.7,-1.2,-0.2,-2.0,-0.5,-0.5,-0.1,1.4,-0.2,-0.5,-0.3,-0.7,-1.8,-1.0,0.0,-0.2,-0.9,0.5,0.0,0.6,1.2,1.4,-1.4,0.2,0.4,0.0,-0.3,-4.6,-28.8,-2.0,0.3,0.5,5.3,-0.4,-1.5,-0.5,38.3,7.3,4.9,0.1,-4.0,0.0
2011-07,0.2,0.1,0.3,0.2,-0.4,-0.5,0.3,2.9,-0.2,-2.4,0.7,1.5,-0.4,-0.1,1.8,2.9,5.0,5.1,-0.9,-0.3,1.0,0.3,-1.2,0.3,-0.2,-0.3,-0.2,-0.4,-0.1,3.4,3.2,2.4,18.7,0.0,-4.8,-12.0,-2.4,0.3,-0.3,-1.9,-0.5,0.3,1.0,1.5,0.9,0.2,0.8,-1.0,-1.5,-0.4,0.1,-0.9,-3.3,0.8,0.0,1.7,2.7,2.5,-0.3,0.2,0.4,0.0,-0.3,-3.6,-27.2,-1.2,0.2,1.2,5.3,-0.4,-1.6,-0.5,38.3,7.3,6.1,0.1,-2.9,0.0
2011-08,0.2,0.2,0.2,0.3,-0.4,-0.5,-0.2,-0.6,-0.1,-1.6,1.4,2.3,-0.3,0.1,-2.7,-4.3,2.4,2.4,-0.4,-0.2,0.7,0.0,-1.0,0.2,-0.2,-0.2,-0.2,-0.4,0.0,3.5,3.4,2.4,19.1,0.0,-5.0,-13.1,-2.7,0.5,0.2,-1.6,-0.5,0.5,1.1,1.2,1.1,0.3,1.1,-1.3,-0.6,0.4,0.1,-0.7,-2.7,0.7,0.0,1.9,0.8,3.3,-0.4,0.2,0.4,0.0,-0.3,-3.2,-25.5,-1.9,0.3,1.0,5.3,-0.4,-1.2,-0.9,38.3,7.3,7.1,0.1,-2.9,0.0
2011-09,0.0,0.2,0.0,0.3,-0.4,-0.4,-0.8,-4.6,-0.1,-1.1,1.1,1.5,0.1,-1.0,-2.8,-4.2,-12.9,-13.7,-0.3,-0.4,0.7,0.1,-1.1,0.1,-0.2,-0.2,-0.2,-0.4,-0.1,3.7,3.9,2.9,17.4,0.1,-6.0,-16.1,-2.9,1.0,0.2,-1.8,-0.5,0.0,0.2,0.5,0.2,0.2,0.6,-0.7,-1.1,-0.6,0.2,-0.7,-2.7,0.8,0.0,1.6,2.1,2.5,-0.5,0.2,0.4,0.0,-0.3,-2.6,-23.1,-1.9,0.3,1.5,5.3,-0.4,-1.3,-1.0,38.3,7.3,6.4,0.1,-2.2,0.0
2011-10,-0.2,-0.1,-0.2,-0.1,-0.7,-1.0,-0.2,-2.0,0.2,1.5,1.5,1.9,0.2,-0.7,-0.3,-0.4,-9.7,-10.3,0.0,-0.5,1.0,-0.6,-1.2,0.1,-0.2,-0.1,-0.3,-0.4,0.2,4.2,4.8,3.8,13.9,0.2,-5.8,-15.7,-3.2,0.9,0.4,-1.7,-0.5,0.3,0.7,0.3,0.7,0.4,0.8,-0.6,-1.4,0.5,0.2,-1.2,-3.0,-1.6,0.0,1.4,0.7,2.4,-0.4,0.2,0.4,0.0,-0.3,-3.2,-24.8,-1.1,0.3,0.6,-0.6,-0.6,-1.4,-1.3,0.0,0.0,6.1,0.1,-2.9,0.0
2011-11,-0.5,-0.2,-0.6,-0.2,-0.8,-1.1,-1.2,-8.3,0.2,2.6,0.9,0.6,-0.2,-0.6,-10.2,-15.6,-5.1,-5.5,-0.7,-1.0,0.9,-0.4,-1.2,0.1,-0.2,-0.1,-0.3,-0.4,0.3,4.9,5.9,4.8,13.6,0.2,-6.1,-16.4,-3.5,0.3,0.2,-1.7,-0.5,0.0,-0.1,-0.4,-0.1,0.3,1.0,-1.2,-1.2,1.0,0.1,-1.2,-2.9,-1.7,0.0,1.6,0.5,2.4,0.4,0.2,0.4,0.0,-0.3,-4.1,-25.5,-2.0,0.3,-0.7,-0.5,-0.4,-1.1,-1.2,0.0,0.0,6.7,0.2,-3.8,-0.4
2011-12,-0.2,-0.1,-0.2,-0.1,-0.7,-1.1,-0.1,-2.4,0.3,3.5,1.4,1.5,-0.2,-1.8,-2.8,-4.5,-3.4,-3.9,-0.4,-0.6,1.1,0.1,-1.0,0.0,-0.2,0.0,-0.3,-0.4,0.4,5.2,6.4,5.3,13.2,0.2,-6.7,-18.6,-2.8,0.6,0.4,-1.4,-0.5,0.0,0.1,-0.2,0.1,0.1,0.7,-1.0,-1.0,0.4,0.2,-1.2,-3.0,-1.6,0.0,1.5,-0.6,2.5,0.4,0.2,0.4,0.0,-0.3,-3.8,-27.6,-1.7,0.4,0.2,-0.4,-0.3,-1.2,-0.4,0.0,0.0,6.9,0.2,-3.6,-0.4
2012-01,0.1,-0.1,0.2,0.0,-0.6,-0.9,1.0,4.3,0.3,3.8,2.5,3.5,-0.3,-1.8,4.5,6.9,1.1,0.9,0.5,-1.0,1.1,0.1,-1.2,0.0,-0.3,-0.1,-0.3,-0.5,0.3,4.8,6.6,4.9,7.1,0.2,-2.9,-8.1,-1.6,1.3,0.9,-1.4,-0.6,0.7,0.7,0.1,0.8,1.5,2.3,-0.1,-0.8,0.4,0.1,-1.1,-2.8,-1.2,0.0,1.3,-0.1,2.3,-0.1,0.2,0.4,0.0,-0.3,-4.1,-28.4,-1.4,0.2,-0.3,-0.5,-0.3,-1.6,-0.6,0.0,0.0,5.7,0.3,-3.8,-0.5
2012-02,0.3,0.1,0.4,0.2,-0.3,-0.6,1.1,4.7,0.4,4.2,2.8,3.6,-0.2,-1.7,2.9,4.4,6.4,6.4,-0.3,-0.8,1.1,-0.4,-1.3,0.0,-0.3,-0.2,-0.3,-0.5,0.1,4.6,6.9,4.8,4.3,0.2,-3.5,-10.1,-1.3,2.6,1.0,-1.5,-0.6,0.8,1.0,-0.1,1.0,1.2,2.2,-0.7,-0.6,0.9,0.2,-1.2,-3.2,-1.2,0.0,0.9,-0.2,2.0,-0.7,0.2,0.4,0.0,-0.3,-1.9,-7.3,-1.2,0.4,-1.5,-0.4,-0.4,-1.5,0.1,0.0,0.0,5.2,0.3,-1.8,-0.5
2012-03,0.5,0.2,0.7,0.3,-0.3,-0.5,1.5,7.4,0.3,4.2,2.0,2.3,-0.3,-1.7,6.5,10.0,9.2,9.3,-0.7,-0.7,1.0,-0.2,-1.1,0.0,-0.2,-0.2,-0.3,-0.4,0.1,4.7,6.9,4.4,6.1,0.2,-3.3,-9.7,-1.4,2.8,1.2,-1.8,-0.6,0.3,-0.3,-0.3,-0.3,1.6,2.9,-1.1,-0.5,0.6,-0.1,-0.8,-2.0,-1.4,0.0,1.0,-0.2,2.5,-1.5,0.3,0.4,0.0,0.0,-1.2,-5.9,-0.4,0.5,-0.9,-0.2,-0.1,-0.8,-0.3,0.0,0.0,5.7,0.3,-1.2,-0.5
2012-04,0.4,0.2,0.6,0.3,-0.3,-0.3,0.7,6.4,-0.3,3.2,1.7,2.2,-1.3,-5.1,5.7,9.1,7.3,7.4,-2.4,-1.4,1.0,-1.4,-1.5,0.0,-0.3,-0.2,-0.4,-0.5,0.2,4.7,6.6,5.2,3.9,1.0,-3.4,-9.9,-0.8,2.8,1.6,-2.6,0.0,-0.1,-0.2,0.4,-0.2,-0.1,0.4,-1.1,-0.4,0.0,0.2,-0.6,-1.6,-1.2,0.2,0.9,0.4,2.0,-1.2,0.3,0.2,2.6,0.3,-0.1,-1.0,-0.3,0.5,0.0,-0.2,-0.2,-0.8,-0.1,0.0,0.2,5.3,0.4,-0.2,-0.5
2012-05,0.2,-0.1,0.3,-0.1,-0.5,-0.6,1.0,7.4,-0.2,3.6,0.9,0.4,-1.2,-3.9,7.7,12.3,8.6,8.9,-2.4,-1.2,1.1,-1.7,-1.4,0.0,-0.4,-0.2,-0.4,-0.5,0.0,3.9,5.6,5.1,0.9,0.4,-3.9,-11.0,-1.8,2.6,1.5,-2.7,0.0,-0.1,0.0,1.2,-0.1,-0.2,0.1,-0.9,-0.6,-0.1,0.2,-1.3,-3.5,-1.8,0.2,0.3,0.5,0.8,-1.1,0.3,0.2,2.6,0.3,-1.2,-7.3,-1.5,0.5,-0.3,-0.2,-0.1,-0.8,-0.1,0.0,0.2,3.7,0.4,-1.2,-0.5
2012-06,-0.2,-0.2,-0.1,-0.2,-0.4,-0.6,0.1,0.5,0.1,3.9,2.0,2.4,-1.2,-2.4,-1.7,-2.7,3.5,3.6,-1.7,-0.7,1.1,-1.2,-1.4,0.0,-0.3,-0.2,-0.4,-0.5,0.1,3.5,5.4,4.9,-2.9,0.4,-3.4,-10.4,-2.2,2.4,1.9,-2.1,0.0,-0.1,-0.2,0.3,-0.2,0.0,0.3,-0.8,-0.3,-0.1,0.2,-1.2,-3.7,-1.3,0.2,-0.3,0.4,-0.6,-0.1,0.4,0.3,2.6,0.3,-1.5,-11.1,-1.0,0.4,-0.2,-0.2,-0.1,-0.9,-0.1,0.0,0.2,2.0,0.4,-1.5,-0.5
2012-07,-0.4,-0.3,-0.5,-0.3,-0.4,-0.6,-0.4,-3.5,0.1,3.4,0.4,-0.7,-0.9,-1.8,-3.5,-5.5,-3.6,-3.9,-1.5,-0.6,1.5,-1.6,-1.1,0.0,-0.3,-0.2,-0.4,-0.4,0.2,3.0,5.0,4.3,-4.4,0.3,-3.1,-9.5,-2.4,2.1,2.1,-2.3,0.0,0.2,0.2,0.6,0.1,0.7,1.2,-0.4,-0.7,0.1,0.1,-0.6,-1.6,-1.5,0.2,-1.2,-0.1,-1.4,-1.1,0.4,0.3,2.6,0.3,-1.8,-8.8,-1.9,0.4,-0.9,-0.2,0.0,-1.0,-0.1,0.0,0.2,0.7,0.4,-1.7,-0.5
2012-08,-0.4,-0.3,-0.4,-0.3,-0.4,-0.5,-0.7,-4.0,0.0,2.8,-0.2,-1.2,-0.6,-2.1,-4.5,-7.0,-2.4,-2.7,-1.4,-0.7,0.9,-2.1,-1.1,0.0,-0.3,-0.2,-0.4,-0.4,0.1,3.2,5.5,4.1,-4.2,0.3,-3.0,-9.0,-2.3,1.1,1.9,-2.1,0.1,-0.3,-0.2,0.9,-0.3,-0.3,-0.4,-0.1,-0.8,-0.4,0.1,-0.6,-1.6,-1.5,0.2,-1.1,0.5,-1.5,-1.1,0.4,0.3,2.6,0.3,-1.2,-10.1,-0.7,0.5,-0.2,-0.1,-0.1,-0.9,0.3,0.0,0.2,0.9,0.4,-1.1,-0.5
2012-09,-0.3,-0.1,-0.3,0.0,-0.5,-0.6,-1.0,-6.0,-0.1,2.5,-1.3,-2.9,-0.7,-1.9,-9.2,-14.3,6.8,7.0,-2.0,-0.4,0.6,-1.0,-1.3,0.0,-0.4,-0.3,-0.4,-0.5,0.0,4.3,7.3,3.4,1.4,0.3,-2.1,-6.7,-2.1,0.9,1.8,-1.7,0.1,-0.2,-0.2,1.1,-0.3,-0.2,0.0,-0.5,-0.4,-0.5,0.1,-0.6,-1.5,-1.3,0.2,0.3,-0.1,0.9,-0.8,0.4,0.3,2.6,0.4,-2.1,-9.9,-0.6,0.6,-1.7,-0.1,0.0,-1.1,0.5,0.0,0.2,4.3,0.5,-2.0,-0.6
2012-10,-0.4,0.0,-0.4,0.1,-0.5,-0.5,-1.6,-8.8,-0.2,1.7,1.0,0.7,-1.4,-1.9,-12.5,-18.6,-0.7,-1.0,-1.2,-0.1,-0.1,-1.2,-1.1,-0.1,-0.4,-0.3,-0.4,-0.5,0.0,3.8,5.8,2.9,4.9,0.2,-1.8,-6.1,-1.4,0.6,1.8,-1.2,0.1,-0.2,-0.1,1.0,-0.2,-0.2,-0.1,-0.4,-0.3,-1.4,0.3,-0.4,-1.2,-0.8,0.2,0.8,0.0,1.7,-0.6,0.4,0.3,2.6,0.4,-2.0,-6.6,-1.8,0.6,-1.8,-0.1,0.0,-1.2,0.7,0.0,0.2,4.6,0.4,-1.8,-1.2
2012-11,-0.2,-0.1,-0.1,0.0,-0.4,-0.5,-0.5,-2.1,-0.2,1.1,0.3,-0.1,-1.1,-1.1,-1.7,-2.6,-3.8,-4.1,-1.0,0.2,-0.2,-1.1,-1.1,-0.1,-0.4,-0.3,-0.4,-0.5,-0.2,3.1,4.8,2.5,3.4,0.2,-2.0,-6.8,-1.2,1.1,1.8,-1.6,0.1,-0.4,-0.4,0.8,-0.5,-0.3,-0.3,-0.5,-0.2,-1.6,0.2,-0.7,-2.0,-0.9,0.2,0.2,0.3,1.1,-2.0,0.4,0.3,2.6,0.4,-0.8,-4.3,-1.0,0.6,-0.5,-0.3,0.0,-1.7,0.5,0.0,0.2,3.5,0.4,-0.8,-0.8
2012-12,-0.1,-0.2,-0.1,-0.1,-0.5,-0.6,-0.3,0.6,-0.4,0.7,-0.4,-1.1,-1.4,-0.4,1.4,2.4,-0.4,-0.4,-1.3,-0.5,-0.2,-1.5,-1.4,-0.1,-0.4,-0.3,-0.4,-0.5,-0.2,2.9,4.4,2.3,3.8,0.2,-1.9,-6.6,-0.6,0.9,1.8,-1.7,0.1,-0.3,-0.4,1.1,-0.5,-0.2,-0.1,-0.3,-0.4,-0.7,0.1,-0.7,-1.8,-1.4,0.2,0.2,0.2,1.1,-2.0,0.4,0.3,2.6,0.4,-1.2,-2.1,-0.8,0.5,-1.6,-0.3,-0.1,-1.5,0.0,0.0,0.1,3.4,0.3,-1.2,-1.3
2013-01,-0.3,-0.2,-0.3,-0.2,-0.6,-0.7,-0.7,-1.8,-0.4,0.4,-2.2,-4.0,-1.5,0.2,-0.7,-0.8,-0.8,-0.8,-2.0,-0.2,-0.3,-1.9,-1.2,0.0,-0.4,-0.4,-0.4,-0.5,-0.3,2.9,4.0,1.8,7.5,0.4,-5.3,-16.5,-1.0,0.8,1.6,-1.5,0.1,0.3,0.8,0.9,0.8,0.0,0.2,-0.5,-0.3,-0.4,0.2,-0.7,-1.8,-1.7,0.2,0.0,-0.8,1.1,-1.9,0.4,0.3,2.6,0.4,-0.8,-1.3,-0.9,0.5,-1.1,-0.3,0.1,-1.3,-0.1,0.0,0.1,3.9,0.3,-1.0,-1.2
2013-02,-0.7,-0.3,-0.7,-0.3,-0.8,-0.9,-1.8,-8.6,-0.5,0.2,-2.3,-4.2,-1.3,-0.7,-7.1,-10.5,-10.2,-10.7,-1.8,0.2,-0.5,-1.6,-1.3,-0.1,-0.4,-0.4,-0.4,-0.5,-0.2,3.0,3.5,1.3,12.6,0.4,-3.8,-11.8,-2.1,-0.5,1.6,-1.1,0.1,-0.5,-0.3,0.5,-0.3,-0.5,-0.8,-0.1,-0.9,-1.9,0.3,-0.5,-1.4,-1.3,0.2,0.9,0.6,2.2,-1.6,0.4,0.3,2.6,0.4,-2.8,-20.3,-1.5,0.4,-0.3,-0.1,0.0,-0.5,-0.3,0.0,0.1,5.0,0.3,-2.6,-1.3
2013-03,-0.9,-0.5,-1.0,-0.5,-0.7,-0.8,-2.4,-11.5,-0.6,0.1,-2.4,-4.1,-1.6,-0.9,-11.2,-16.6,-11.2,-11.7,-2.0,0.3,-0.5,-2.2,-1.3,-0.1,-0.4,-0.3,-0.4,-0.5,-0.1,2.3,3.4,1.4,4.4,0.4,-3.3,-10.4,-1.4,-0.2,1.1,-0.7,0.1,-0.2,0.8,0.5,0.8,-1.2,-1.7,-0.2,-0.8,-1.4,0.4,-0.4,-1.2,-1.0,0.2,-0.2,0.5,0.0,-1.1,0.4,0.3,2.6,0.4,-2.7,-13.4,-1.6,0.4,-1.5,0.5,0.0,0.1,4.3,0.0,0.1,2.2,0.3,-2.5,-1.3
2013-04,-0.7,-0.4,-0.7,-0.4,-0.6,-0.6,-1.8,-7.9,-0.6,0.2,-1.5,-2.6,-0.9,-1.0,-9.5,-14.0,-3.5,-3.6,-1.9,0.4,-0.9,-2.4,-1.0,-0.1,-0.4,-0.3,-0.4,-0.4,-0.2,2.4,4.2,1.4,0.5,0.4,-2.9,-8.3,-1.9,-0.3,0.4,-1.1,-0.4,0.0,0.1,0.1,0.1,0.4,0.4,0.4,-0.4,-1.1,0.5,-0.7,-1.4,-1.8,0.0,-0.1,0.0,0.6,-1.8,0.6,0.4,3.8,0.7,-2.3,-12.8,-1.8,0.3,-1.0,0.6,0.0,0.4,4.2,0.0,0.0,1.3,0.4,-2.1,-1.2
2013-05,-0.3,0.0,-0.3,0.1,-0.3,-0.4,-1.5,-7.6,-0.4,0.1,-1.2,-2.2,-0.2,-1.5,-8.7,-12.9,-5.1,-5.2,-0.9,0.6,-1.0,-2.0,-1.1,0.3,-0.4,-0.4,-0.4,-0.4,-0.4,4.6,8.8,2.1,0.8,0.4,-2.5,-7.6,-1.4,-0.4,0.6,-0.6,-0.4,0.1,0.0,-0.4,0.0,0.3,0.3,0.4,0.3,-1.0,0.4,-0.8,-1.7,-2.0,0.0,0.5,-0.1,1.1,-0.7,0.5,0.3,3.8,0.7,-1.6,-7.1,-0.9,0.2,-1.3,0.6,0.0,0.4,4.4,0.0,0.0,3.7,0.4,-1.5,-1.2
2013-06,0.2,0.4,0.3,0.5,-0.2,-0.2,-0.9,-4.2,-0.3,-0.2,-2.0,-4.6,-0.4,-1.3,-3.9,-5.8,-1.1,-1.1,-0.7,0.5,-0.7,-2.0,-0.9,0.3,-0.5,-0.5,-0.4,-0.4,-0.6,5.7,9.8,2.8,6.2,0.5,-2.4,-7.2,-1.3,-0.2,0.3,-0.5,-0.4,0.2,0.2,-0.3,0.3,0.4,0.3,0.8,-0.2,-0.7,0.5,-0.6,-0.8,-2.2,0.0,1.8,0.0,3.4,-0.6,0.5,0.3,3.8,0.7,-1.2,-3.5,-1.5,0.3,-1.0,0.6,0.0,0.7,4.3,0.0,0.0,7.0,0.4,-1.1,-1.2
2013-07,0.7,0.7,0.9,0.9,-0.1,-0.1,0.1,2.3,-0.3,-0.1,0.5,-0.4,0.4,-1.2,2.5,4.7,1.9,2.2,0.0,0.0,-1.4,-1.8,-1.0,0.4,-0.4,-0.5,-0.4,-0.4,-0.5,6.4,10.1,3.5,10.0,0.5,-1.9,-5.7,-2.4,-0.8,0.5,-0.2,-0.4,0.8,1.2,-0.7,1.3,1.1,1.2,0.7,0.1,-0.3,0.4,-0.6,-0.7,-2.0,0.0,2.6,0.1,4.6,-0.3,0.5,0.3,3.8,0.7,-0.9,-2.8,-0.6,0.2,-1.0,1.0,0.0,0.8,7.2,0.0,0.0,8.7,0.4,-0.8,-1.2
2013-08,0.9,0.8,1.1,1.0,0.0,-0.1,0.5,3.6,0.0,-0.3,1.5,0.8,0.5,-0.2,3.5,6.3,2.7,2.9,-0.2,0.0,-0.5,-0.9,-1.1,0.5,-0.4,-0.4,-0.4,-0.4,-0.4,6.0,8.9,3.6,11.8,0.6,-1.7,-5.0,-2.3,-0.4,0.4,-0.3,-0.4,0.8,0.9,-0.5,1.0,1.4,1.8,0.6,-0.3,-0.5,0.4,-0.5,-0.4,-2.1,0.0,3.1,-0.4,5.5,-0.2,0.5,0.3,3.8,0.7,-0.8,0.1,-0.5,0.1,-1.3,0.8,0.0,0.5,6.5,0.0,0.0,9.2,0.4,-0.8,-1.1
2013-09,1.1,0.7,1.4,0.9,0.0,0.0,1.7,11.0,0.1,-0.4,7.2,10.3,0.9,0.5,10.8,18.3,-0.5,-0.5,0.6,-0.3,-0.3,-1.6,-1.0,0.5,-0.4,-0.3,-0.4,-0.4,-0.1,5.4,7.6,4.0,9.6,0.6,-1.3,-4.5,-2.4,-0.1,0.4,0.5,-0.4,0.7,0.8,-0.6,0.8,1.4,1.7,0.8,-0.6,-0.6,0.5,-0.7,-1.0,-2.3,0.0,2.5,0.1,4.3,-0.3,0.7,0.3,3.8,1.1,-0.6,0.4,0.3,0.1,-1.2,0.7,0.0,0.1,6.6,0.0,0.0,7.4,0.5,-0.5,-1.1
2013-10,1.1,0.9,1.4,1.1,0.3,0.3,1.4,8.0,0.2,-1.7,3.9,4.8,2.0,1.7,8.4,14.1,1.1,1.2,0.2,-0.4,0.5,-0.5,-0.9,0.5,-0.4,-0.3,-0.4,-0.4,-0.1,5.7,8.2,4.0,9.7,0.7,-0.9,-2.9,-2.3,0.4,0.4,0.0,-0.4,0.6,0.5,-0.4,0.6,1.3,1.6,0.7,-0.1,-0.3,0.4,-0.5,-0.6,-1.9,0.0,1.7,0.1,3.0,-0.1,0.7,0.3,3.8,1.1,0.0,-0.9,0.6,0.0,0.0,3.2,0.0,0.9,6.6,0.0,6.5,7.0,0.5,0.1,-0.5
2013-11,1.5,1.2,1.9,1.5,0.5,0.6,1.9,11.1,0.4,-2.2,4.7,5.6,2.4,1.9,10.9,18.1,6.0,6.4,0.8,0.0,0.7,-1.3,-0.9,0.7,-0.4,-0.2,-0.4,-0.4,0.1,5.7,8.2,3.2,12.6,0.7,-0.2,-0.9,-2.1,0.4,0.5,0.5,-0.4,0.6,0.4,-0.1,0.5,1.5,1.7,1.0,-0.4,-0.6,0.5,-0.4,-0.4,-1.9,0.0,2.3,0.1,3.5,0.9,0.7,0.3,3.8,1.1,1.2,1.7,1.6,0.0,1.1,3.3,0.0,0.7,8.0,0.0,6.5,7.5,0.5,1.1,-0.5
2013-12,1.6,1.3,2.0,1.6,0.7,0.7,2.2,9.8,0.8,-2.0,5.9,7.5,3.2,3.2,8.3,13.6,6.1,6.5,0.7,1.0,0.8,-0.4,-0.5,0.7,-0.4,-0.2,-0.4,-0.4,0.0,5.5,8.2,2.7,11.3,0.7,0.3,0.7,-2.1,0.2,0.4,0.9,-0.4,0.6,0.7,-0.3,0.8,1.3,1.4,1.0,-0.3,-1.2,0.6,-0.4,-0.2,-1.8,0.0,2.1,-0.1,3.1,0.9,0.7,0.3,3.8,1.1,1.6,2.6,2.2,0.0,1.5,3.4,-0.1,1.1,8.2,0.0,6.6,6.8,0.6,1.4,0.0
2014-01,1.4,1.3,1.7,1.6,0.7,0.7,1.3,2.8,1.0,-2.2,6.0,7.3,3.9,3.1,0.1,0.4,1.4,1.5,1.3,0.9,1.4,-0.1,-0.4,0.9,-0.3,-0.2,-0.4,-0.4,0.1,5.6,8.5,3.5,9.1,0.5,1.9,6.4,-2.3,-0.4,0.5,1.0,-0.4,0.3,0.3,0.0,0.3,0.9,0.8,1.0,-0.2,-1.6,0.5,-0.4,-0.2,-2.0,0.0,2.0,-0.2,3.0,0.9,0.7,0.3,3.8,1.2,1.0,4.7,0.9,0.2,0.6,3.5,-0.1,1.4,8.1,0.0,6.6,6.9,0.7,0.9,0.0
2014-02,1.5,1.3,1.9,1.6,0.8,0.8,2.0,7.8,0.9,-2.1,9.2,12.6,3.6,3.7,2.9,4.9,6.4,6.6,1.9,0.3,1.2,-0.4,-0.3,0.9,-0.3,-0.2,-0.4,-0.4,0.1,5.8,9.3,5.0,2.5,0.5,2.1,7.3,-1.1,-0.3,0.2,0.7,-0.4,1.3,1.5,-0.1,1.5,2.0,2.4,1.1,0.2,-0.4,0.6,-0.5,-0.3,-2.3,0.0,1.3,-0.2,1.8,0.9,0.7,0.3,3.8,1.2,1.6,6.3,1.4,0.3,1.1,3.4,-0.1,0.6,8.6,0.0,6.6,5.8,0.7,1.4,0.2
2014-03,1.6,1.3,2.0,1.6,0.8,0.7,2.4,9.1,1.2,-1.8,9.1,11.7,5.0,4.0,5.4,8.8,5.9,6.2,2.5,-0.1,1.7,-0.1,-0.6,0.9,-0.3,-0.2,-0.4,-0.4,0.1,6.3,10.0,5.8,2.7,0.5,1.6,5.3,-2.1,-0.7,0.5,0.6,-0.4,0.4,0.0,0.2,0.0,1.4,1.3,1.4,-0.2,-0.6,0.8,-0.4,-0.4,-1.8,0.0,1.2,0.2,1.6,0.9,0.8,0.3,3.8,1.6,1.4,0.1,1.9,0.2,1.8,2.9,-0.1,-0.5,6.2,0.0,6.6,6.1,0.8,1.3,0.2
2014-04,3.4,3.2,4.1,3.9,2.7,2.3,5.0,10.0,4.1,0.8,11.0,12.7,7.8,7.5,6.5,8.6,8.6,8.8,5.5,2.7,4.9,2.7,3.1,3.4,0.0,1.0,-0.4,-0.5,2.7,6.9,10.1,6.0,7.9,0.5,5.4,9.4,1.1,2.6,3.7,5.5,2.4,2.2,1.9,3.8,1.8,2.4,1.5,4.5,2.0,1.6,4.0,1.9,3.7,1.4,1.0,3.2,5.9,2.6,3.3,2.3,1.7,1.7,3.6,4.5,3.2,7.2,3.0,4.1,4.8,2.2,2.6,9.1,4.2,6.7,7.9,2.2,4.2,2.4
2014-05,3.7,3.4,4.4,4.1,2.7,2.2,5.3,12.2,4.1,1.0,11.9,14.3,8.4,6.8,8.2,11.6,9.9,10.2,4.7,2.9,5.7,2.0,2.8,3.1,0.1,1.2,-0.4,-0.4,3.0,8.9,11.4,8.5,9.8,3.6,5.4,9.7,1.8,3.1,3.4,5.0,2.4,2.3,2.0,3.3,2.0,2.8,1.9,4.9,1.4,1.8,4.1,1.6,2.8,1.6,1.0,3.7,5.9,3.5,2.9,2.3,1.7,1.7,3.6,4.0,3.0,7.1,2.9,3.4,4.7,2.3,2.0,9.1,4.2,6.7,10.1,2.3,3.8,3.0
2014-06,3.6,3.3,4.4,4.0,2.7,2.3,5.2,11.1,4.1,0.5,11.7,15.0,9.3,6.9,7.6,10.7,6.6,6.7,4.4,3.2,5.9,1.6,2.9,3.1,0.1,1.3,-0.3,-0.4,3.3,8.1,9.9,7.7,10.1,3.5,5.1,8.5,1.7,3.4,3.6,5.1,2.4,2.0,1.7,2.6,1.7,2.5,1.6,4.6,1.3,1.5,4.0,1.4,2.0,1.4,1.0,3.6,5.9,3.8,1.8,2.3,1.7,1.7,3.6,4.7,8.0,7.4,3.0,3.6,4.7,2.3,2.0,9.0,4.2,6.7,9.6,2.2,4.4,2.2
2014-07,3.4,3.3,4.1,4.0,2.8,2.3,4.5,5.8,4.3,0.2,10.8,13.5,9.0,6.8,1.6,0.6,4.4,4.3,3.8,5.2,6.4,1.6,2.8,3.0,0.2,1.4,-0.3,-0.4,3.4,7.2,8.5,6.8,10.1,3.6,4.3,6.8,2.5,3.3,3.4,3.9,2.4,2.4,2.1,3.2,2.0,2.6,1.5,5.2,2.0,1.8,4.2,1.5,2.5,1.2,1.0,3.8,7.0,4.1,1.3,2.3,1.7,1.7,3.6,4.9,9.1,6.8,3.1,3.9,4.4,2.4,1.8,6.1,4.2,6.7,8.8,2.2,4.6,1.7
2014-08,3.3,3.1,4.0,3.8,2.7,2.3,4.9,9.0,4.2,0.4,12.7,17.0,9.3,6.3,5.0,6.1,2.8,2.7,3.8,5.2,5.9,1.0,2.8,3.0,0.1,1.3,-0.3,-0.4,3.3,6.4,7.6,6.1,8.2,3.5,4.6,6.6,2.5,3.8,4.2,4.3,2.4,2.7,2.6,3.2,2.6,3.0,2.0,5.0,2.3,1.6,4.3,1.4,2.3,1.3,1.0,2.8,6.9,2.7,0.8,2.3,1.7,1.7,3.6,4.5,6.6,6.4,3.1,3.9,4.5,2.6,2.0,6.6,4.2,6.7,6.8,2.3,4.3,1.3
2014-09,3.2,3.0,3.9,3.6,2.7,2.3,5.1,9.8,4.2,0.1,7.3,7.7,9.1,6.3,10.2,13.9,4.8,4.7,2.8,5.8,5.8,0.8,2.6,3.2,0.1,1.2,-0.3,-0.4,3.0,5.3,5.7,5.6,7.0,3.5,4.2,5.7,2.2,4.1,4.2,3.7,2.4,2.8,2.6,3.1,2.5,2.8,1.7,5.4,2.9,2.3,4.2,1.6,2.4,1.8,1.0,2.4,7.4,2.2,0.3,2.2,1.7,1.7,3.4,4.7,7.3,6.1,3.1,4.1,4.5,2.5,1.8,7.1,4.2,6.8,5.2,2.2,4.5,1.3
2014-10,2.9,2.9,3.4,3.5,2.7,2.2,3.8,2.4,4.1,-0.6,8.7,10.0,8.7,5.5,-0.2,-2.2,0.5,0.0,2.5,6.1,5.8,0.7,2.6,3.3,0.2,1.4,-0.3,-0.4,3.5,4.8,5.2,5.0,6.1,3.4,3.9,4.1,3.4,4.0,4.0,4.3,2.4,3.1,2.8,2.7,2.8,3.1,2.1,5.6,3.4,3.2,4.1,1.3,1.8,1.5,1.0,3.2,7.5,3.2,0.7,2.2,1.7,1.7,3.4,4.6,7.3,6.3,3.2,4.0,2.3,2.4,2.1,7.4,4.2,0.3,4.9,2.2,4.5,1.3
2014-11,2.4,2.7,2.9,3.2,2.5,2.1,2.9,-3.1,4.0,-0.6,8.2,8.9,9.0,5.0,-7.2,-12.8,-1.1,-1.6,2.3,5.8,5.3,1.3,2.6,3.2,0.2,1.4,-0.3,-0.4,3.4,4.9,6.0,5.3,1.6,3.4,3.3,2.2,3.1,4.2,4.2,4.0,2.4,3.4,3.5,2.7,3.5,3.1,2.2,5.2,3.4,3.3,4.2,1.5,2.1,1.9,1.0,2.6,7.9,2.1,0.8,2.2,1.7,1.7,3.4,3.8,3.9,5.7,3.3,3.2,2.2,2.4,2.2,5.9,4.2,0.3,3.9,2.2,3.8,1.3
2014-12,2.4,2.5,2.9,3.1,2.5,2.1,3.1,-0.6,3.9,-0.6,9.8,11.6,8.4,3.1,-5.1,-9.6,-0.5,-1.0,3.0,5.7,5.2,1.4,2.7,3.2,0.2,1.4,-0.3,-0.4,3.5,4.7,6.3,5.6,-3.4,3.4,3.4,2.8,3.3,4.6,4.5,3.3,2.4,3.2,2.9,2.7,2.9,3.2,2.2,5.4,3.5,3.5,4.1,1.5,2.0,2.0,1.1,2.0,7.8,1.2,0.8,2.2,1.7,1.7,3.4,3.7,1.7,5.3,3.1,3.7,2.2,2.4,2.0,6.5,4.2,0.3,2.8,2.3,3.7,1.3
2015-01,2.4,2.2,2.8,2.7,2.5,2.1,4.2,5.7,3.9,-0.3,9.5,11.3,8.2,2.5,2.5,1.9,4.9,4.8,2.7,6.1,5.3,1.3,2.4,3.4,0.2,1.6,-0.3,-0.4,3.8,3.9,6.9,5.3,-15.4,3.4,2.5,-0.5,3.6,4.8,4.7,3.2,2.2,3.9,3.5,2.5,3.6,4.4,3.7,5.8,3.9,3.6,4.1,1.7,2.4,2.7,1.0,0.4,7.8,-1.5,0.7,2.2,1.7,1.7,3.4,3.4,-0.1,6.1,3.1,3.2,2.2,2.5,2.0,7.0,4.2,0.2,-0.5,2.3,3.5,1.3
2015-02,2.2,2.0,2.6,2.5,2.5,2.0,4.1,5.3,3.9,-0.1,7.7,8.2,8.6,2.2,2.5,1.8,7.2,7.2,2.1,6.0,5.0,1.9,2.3,3.4,0.3,1.7,-0.3,-0.4,4.1,3.5,7.3,4.9,-21.7,3.4,1.6,-4.6,4.0,6.0,5.1,3.8,2.2,3.5,3.4,2.1,3.5,3.4,2.4,5.7,4.2,3.1,4.0,1.8,2.4,2.9,1.0,-0.4,7.8,-2.9,0.7,2.2,1.7,1.7,3.2,3.5,-1.5,5.9,3.2,3.6,2.2,2.5,2.0,6.4,4.2,0.2,-2.1,2.3,3.5,1.2
2015-03,2.3,2.2,2.8,2.6,2.5,2.1,4.2,6.3,3.8,-0.4,6.4,6.4,8.0,2.0,3.8,4.1,9.7,9.8,1.4,6.4,5.3,1.6,2.2,3.4,0.3,1.7,-0.3,-0.4,4.1,3.6,7.1,4.6,-19.1,3.4,2.4,-1.5,4.8,5.3,4.9,3.4,2.3,3.7,3.4,2.1,3.5,4.0,3.5,5.1,4.6,3.1,3.9,1.7,2.7,2.2,1.0,0.2,7.5,-1.7,0.5,2.2,1.7,1.7,3.3,3.8,-1.3,5.5,3.3,4.2,1.9,2.5,1.7,4.3,4.2,0.2,-1.0,2.3,3.7,1.2
2015-04,0.6,0.3,0.8,0.4,0.7,0.4,2.7,9.2,1.5,-3.1,3.7,3.7,5.6,1.7,9.1,14.0,8.5,8.7,-0.8,3.6,3.0,-0.7,-1.3,1.3,0.0,0.6,-0.3,-0.3,1.6,2.2,5.3,3.5,-21.6,3.4,-0.3,-3.1,2.0,2.1,2.2,-0.5,-0.7,1.8,1.6,-1.4,1.8,2.2,2.4,1.8,2.8,1.1,0.5,0.2,-0.3,-0.6,0.7,-2.4,1.6,-4.0,-0.9,1.5,1.9,1.4,0.6,-0.1,-3.5,0.7,0.5,0.1,0.3,0.4,1.2,1.8,0.0,-0.7,-3.4,1.5,0.1,-1.0
2015-05,0.5,0.1,0.7,0.2,0.7,0.4,3.1,11.0,1.6,-3.1,3.2,2.7,4.6,3.0,11.8,18.1,10.7,10.9,0.2,3.9,2.5,0.8,-1.0,1.3,-0.1,0.5,-0.3,-0.3,1.4,-1.7,0.5,-1.1,-21.7,0.3,0.3,-1.1,0.2,2.8,2.3,-0.2,-0.7,1.8,1.4,-1.3,1.5,1.9,2.0,1.5,3.9,1.1,0.5,0.5,0.6,-0.1,0.7,-2.4,1.7,-3.8,-1.6,1.5,1.9,1.4,0.6,0.7,-1.7,1.2,0.6,0.9,0.5,0.3,2.1,1.7,0.0,-0.7,-6.0,1.5,0.8,-1.7
2015-06,0.4,0.1,0.5,0.1,0.8,0.6,2.5,7.2,1.7,-2.7,2.6,2.2,4.3,3.5,8.6,13.2,4.8,4.6,0.0,3.8,2.0,0.9,-0.7,1.8,-0.1,0.5,-0.3,-0.3,1.4,-3.1,-1.5,-2.9,-21.1,0.3,0.7,0.6,0.0,2.8,2.1,-0.2,-0.7,2.0,1.6,-0.6,1.7,2.2,2.2,2.1,4.4,1.0,0.7,0.7,0.9,0.3,0.7,-2.0,1.7,-3.5,-0.6,1.5,1.8,1.4,0.6,0.7,0.4,1.1,0.5,0.7,0.5,0.3,1.8,2.1,0.1,-0.7,-7.0,1.5,0.8,-0.8
2015-07,0.2,0.0,0.3,0.0,0.9,0.6,2.5,7.3,1.6,-1.9,2.2,1.3,3.7,3.6,8.8,13.4,5.9,5.8,0.1,3.1,1.8,1.1,-0.9,1.8,-0.1,0.5,-0.3,-0.3,1.3,-4.7,-3.8,-4.8,-21.4,0.2,1.3,0.8,-1.0,3.4,2.2,2.0,-0.6,1.4,0.6,-0.7,0.7,1.6,1.4,2.0,4.7,0.7,0.6,0.8,0.9,0.8,0.7,-2.3,0.5,-4.2,0.4,1.4,1.8,1.4,0.6,1.2,1.9,1.6,0.5,1.1,0.7,0.3,2.0,4.1,0.1,-0.7,-8.7,1.5,1.2,-0.4
2015-08,0.2,-0.1,0.3,-0.1,1.0,0.8,2.7,7.6,1.8,-1.8,1.8,0.8,3.1,3.9,8.2,12.4,10.1,10.2,0.7,4.0,2.0,1.4,-0.8,1.8,0.0,0.6,-0.3,-0.2,1.5,-5.9,-5.1,-6.4,-23.0,0.2,1.6,2.0,-0.5,2.7,1.8,2.0,-0.6,1.7,0.8,-0.7,0.9,2.3,2.2,2.5,4.8,1.0,0.7,0.8,0.8,1.2,0.7,-2.7,0.4,-5.0,0.9,1.4,1.8,1.4,0.6,1.6,5.4,1.9,0.7,1.0,0.8,0.1,2.3,3.9,0.1,-0.4,-10.5,1.5,1.5,0.0
2015-09,0.0,-0.1,0.1,-0.1,1.2,0.9,2.2,3.6,1.9,-1.0,2.2,1.7,3.4,3.7,2.0,2.4,9.3,9.4,0.9,4.0,2.5,1.3,-0.5,1.7,0.0,0.6,-0.2,-0.2,1.5,-7.1,-6.5,-8.2,-25.1,0.2,1.8,3.5,-0.6,2.3,1.9,1.1,-0.6,1.7,1.1,-0.9,1.2,2.1,2.0,2.4,4.4,0.5,0.7,0.6,0.8,0.3,0.7,-2.9,0.4,-5.6,1.5,1.5,1.8,1.4,0.7,2.2,11.1,1.5,0.6,1.2,0.9,0.2,3.1,3.4,0.1,-0.5,-12.1,1.6,2.1,0.0
2015-10,0.3,-0.1,0.3,-0.1,1.1,0.7,3.4,9.6,2.2,1.2,2.7,2.5,3.5,3.3,10.7,15.9,9.0,9.1,1.6,4.7,2.6,0.8,-0.6,1.7,0.0,0.5,-0.2,-0.2,1.2,-7.0,-5.7,-8.4,-27.4,0.2,1.9,3.7,-1.4,2.8,2.1,1.1,-0.6,1.7,1.1,-0.4,1.2,1.9,1.6,2.7,4.2,0.8,0.7,0.6,0.8,-0.4,0.9,-3.3,0.3,-6.0,0.9,1.5,1.8,1.4,0.7,2.0,13.3,0.7,0.7,0.7,0.7,0.3,2.2,3.1,0.1,-0.5,-11.8,1.5,1.8,0.1
2015-11,0.3,0.1,0.4,0.1,1.3,0.9,2.9,6.3,2.3,1.9,2.9,3.2,3.2,3.0,5.6,8.3,8.0,8.0,1.5,4.8,3.1,1.2,-0.8,1.7,0.0,0.5,-0.2,-0.2,1.2,-6.8,-5.6,-8.1,-27.4,0.2,2.1,4.8,-1.7,2.4,2.1,1.2,-0.6,1.8,1.3,-0.3,1.4,2.1,1.6,3.1,4.2,1.2,0.8,0.7,1.1,-0.9,1.0,-2.8,-0.1,-5.2,1.1,1.5,1.8,1.4,0.7,2.5,14.0,0.5,0.6,1.7,0.7,0.3,2.2,3.1,0.1,-0.5,-11.1,1.6,2.3,0.1
2015-12,0.2,0.1,0.2,0.1,1.2,0.8,2.4,2.6,2.3,2.1,1.4,0.4,3.6,3.3,1.1,1.1,8.8,8.8,1.1,4.6,3.0,0.7,-1.0,1.7,-0.1,0.4,-0.2,-0.2,1.2,-6.6,-5.7,-7.8,-27.0,0.2,2.3,4.7,-2.5,2.9,2.2,1.9,-0.6,1.8,1.5,-0.5,1.6,1.8,1.2,3.0,4.2,1.3,0.8,0.8,1.3,-0.3,0.9,-2.8,-0.1,-5.2,1.2,1.5,1.8,1.4,0.6,2.2,14.7,0.3,0.7,1.1,0.7,0.4,2.4,2.7,0.1,-0.5,-11.0,1.5,2.0,0.1
2016-01,-0.1,-0.1,-0.1,-0.1,0.9,0.6,1.5,-0.2,1.9,2.2,1.0,0.2,2.8,2.9,-3.5,-5.7,10.4,10.6,0.5,4.3,2.4,0.5,-1.1,1.1,0.0,0.3,-0.2,-0.2,0.8,-6.7,-6.4,-8.5,-26.5,0.2,0.8,-0.2,-3.9,1.9,3.2,1.4,-0.4,1.5,1.0,-0.6,1.0,1.3,0.7,2.9,4.3,0.5,0.6,0.8,0.1,0.3,1.3,-1.9,0.0,-4.0,1.3,1.5,1.9,1.4,0.5,1.1,8.4,0.4,0.7,0.8,0.7,0.3,2.0,1.6,0.1,0.0,-10.7,1.7,1.0,0.0
2016-02,0.2,0.0,0.3,0.0,1.0,0.6,2.5,6.2,1.9,1.9,0.7,-0.2,2.5,3.2,4.2,5.7,14.8,15.2,0.9,4.1,2.7,0.4,-0.9,1.0,0.0,0.3,-0.2,-0.2,0.8,-7.3,-7.6,-9.3,-25.6,0.2,0.3,-1.1,-4.5,1.6,3.1,0.9,-0.4,2.3,1.9,0.3,1.9,2.4,2.1,2.9,5.0,1.1,0.8,0.8,0.1,0.4,1.3,-1.7,0.0,-3.6,1.3,1.8,1.9,1.4,1.6,1.4,9.1,0.8,0.3,1.0,0.7,0.3,2.0,1.5,0.1,0.0,-11.0,2.0,1.2,0.0
2016-03,0.0,-0.3,0.0,-0.3,0.9,0.6,2.5,6.1,1.8,2.0,0.8,0.0,2.2,3.2,4.4,6.0,13.8,14.4,0.9,4.3,2.3,0.5,-0.9,1.1,0.0,0.4,-0.2,-0.2,0.9,-8.5,-9.1,-10.8,-27.9,0.2,0.1,-3.1,-4.6,2.1,5.3,1.0,-0.5,2.1,1.7,0.3,1.7,1.8,1.2,3.1,5.0,1.2,0.8,0.9,0.1,1.2,1.3,-2.4,0.0,-4.9,1.4,1.8,1.9,1.4,1.6,1.1,8.1,1.1,0.3,0.7,0.8,0.3,2.6,1.4,0.1,0.0,-13.4,2.0,1.0,0.0
2016-04,-0.3,-0.4,-0.3,-0.4,0.8,0.5,1.3,0.9,1.4,2.0,0.4,-0.1,1.5,0.9,-0.9,-1.9,8.0,8.2,0.9,4.0,1.6,-0.3,-0.6,1.0,-0.1,0.5,-0.3,-0.2,1.1,-9.1,-9.9,-12.0,-27.0,0.4,0.1,-3.2,-3.5,2.3,5.3,0.4,0.1,2.3,2.0,0.1,2.0,1.9,1.5,3.1,5.2,1.6,1.0,0.9,-0.4,0.9,1.5,-2.1,0.1,-3.9,0.2,1.5,1.7,0.0,1.2,1.3,7.5,0.8,0.4,1.1,0.9,0.2,0.0,1.3,1.7,1.7,-12.8,1.7,1.2,-0.5
2016-05,-0.5,-0.4,-0.5,-0.4,0.7,0.5,0.7,-1.6,1.2,2.0,0.3,0.1,1.5,0.2,-3.7,-5.9,4.8,4.8,0.6,3.5,1.4,-1.0,-0.4,1.0,-0.1,0.5,-0.3,-0.3,1.2,-9.0,-9.7,-11.9,-27.1,0.4,0.2,-2.6,-3.2,1.7,5.2,0.2,0.1,2.2,2.0,0.0,2.0,2.1,1.8,2.9,4.4,1.2,1.0,0.8,-0.4,0.5,1.5,-2.4,-0.1,-3.9,-0.4,1.5,1.7,0.0,1.2,1.6,6.3,0.7,0.4,1.7,0.8,0.3,-0.4,1.4,1.7,1.7,-12.8,1.7,1.4,-1.0
2016-06,-0.4,-0.4,-0.4,-0.4,0.7,0.5,1.1,0.1,1.3,1.8,1.3,1.0,1.5,-0.3,0.5,0.2,-1.0,-1.3,1.3,3.2,1.6,0.4,-0.4,0.9,-0.1,0.5,-0.3,-0.3,1.2,-8.7,-9.5,-11.4,-25.6,0.4,-0.1,-3.6,-3.5,1.8,5.5,0.0,0.1,2.0,1.9,0.1,1.9,1.7,1.3,2.6,4.4,1.0,0.8,1.0,0.1,0.5,1.5,-2.1,-0.1,-3.5,-0.4,1.5,1.7,0.0,1.2,1.3,1.7,0.6,0.2,1.7,0.8,0.2,-0.3,1.4,1.6,1.7,-12.0,1.8,1.1,-1.0
2016-07,-0.4,-0.5,-0.4,-0.5,0.5,0.3,1.1,0.7,1.2,1.5,1.2,1.0,1.8,-0.7,0.0,-0.7,3.1,3.1,0.9,2.5,1.5,0.5,-0.1,0.8,-0.1,0.5,-0.3,-0.3,1.2,-7.7,-8.2,-10.1,-25.4,0.4,-0.8,-4.5,-3.5,1.2,5.4,-1.4,0.1,2.4,2.5,-0.1,2.6,2.1,2.0,2.3,3.9,1.2,0.8,0.9,-0.3,0.6,1.5,-2.6,0.0,-3.9,-1.3,1.6,1.7,0.0,1.2,0.8,0.0,0.5,0.5,1.1,0.7,0.2,-0.5,0.9,1.6,1.7,-11.3,1.7,0.7,-1.0
2016-08,-0.5,-0.5,-0.5,-0.5,0.4,0.2,0.6,-1.7,1.1,1.6,1.4,1.4,1.7,-0.6,-3.0,-5.1,1.3,1.2,0.6,1.7,1.6,0.4,-0.1,0.8,-0.1,0.4,-0.3,-0.3,1.1,-7.2,-7.6,-9.4,-24.3,0.4,-1.2,-5.2,-4.0,1.2,5.0,-1.6,0.1,2.4,2.7,-0.1,2.8,1.8,1.6,2.3,3.9,2.0,0.7,0.9,-0.4,0.7,1.6,-2.3,-0.5,-3.2,-1.3,1.6,1.7,0.0,1.2,0.4,-2.4,-0.1,0.3,0.8,0.6,0.3,-0.6,1.3,1.7,1.2,-10.2,1.7,0.2,-1.0
2016-09,-0.5,-0.5,-0.5,-0.5,0.2,0.0,0.6,-0.8,0.8,1.4,3.8,5.1,1.3,-1.1,-1.8,-3.1,-3.2,-3.6,0.8,1.6,0.7,0.5,-0.1,0.7,-0.1,0.4,-0.4,-0.3,1.2,-6.2,-6.5,-8.2,-21.6,0.4,-1.5,-6.8,-4.6,1.8,5.1,-0.9,0.1,1.5,1.4,0.0,1.4,0.5,0.1,1.8,4.1,1.5,0.9,1.0,-0.1,1.3,1.6,-2.1,-0.2,-2.3,-2.7,1.5,1.7,0.0,1.1,0.3,-7.8,0.2,0.4,1.1,0.6,0.2,-0.5,1.2,1.7,1.2,-8.4,1.7,0.1,-1.0
2016-10,0.1,-0.4,0.2,-0.4,0.3,0.2,2.3,11.4,0.6,1.4,3.5,4.7,0.9,-1.6,11.3,16.0,9.4,10.1,0.3,0.5,0.4,0.6,-0.2,0.7,-0.2,0.2,-0.4,-0.4,0.8,-6.0,-6.8,-7.8,-19.0,0.4,-1.0,-4.2,-4.7,1.0,4.5,-1.2,0.1,1.2,1.2,0.0,1.2,0.2,-0.2,1.4,3.4,0.9,0.9,1.0,0.3,1.5,1.2,-1.7,0.0,-1.7,-2.5,1.5,1.7,0.0,1.1,1.0,-5.5,2.0,0.2,1.5,0.7,0.2,-0.2,1.3,1.7,1.2,-7.9,1.6,0.9,-1.1
2016-11,0.5,-0.4,0.6,-0.4,0.2,0.1,3.6,21.6,0.5,1.3,4.1,5.8,0.9,-1.4,24.4,37.3,11.9,12.7,0.2,0.2,0.1,0.5,0.1,0.5,-0.2,0.2,-0.4,-0.4,0.8,-5.8,-6.9,-7.9,-13.7,0.5,-0.7,-3.7,-4.0,0.5,4.5,-0.9,0.1,1.0,1.0,-0.2,1.1,0.1,-0.4,1.2,3.5,0.6,0.8,0.9,0.2,1.7,1.0,-1.5,-0.1,-1.1,-3.0,1.5,1.7,0.0,1.1,0.8,-5.4,2.6,0.1,0.9,0.4,0.3,-1.1,1.1,1.7,1.2,-6.7,1.6,0.6,-1.1
2016-12,0.3,-0.2,0.4,-0.2,0.1,0.0,2.5,13.8,0.5,1.6,3.3,4.4,0.5,-0.9,15.3,23.1,8.8,9.5,0.2,0.4,0.3,0.6,0.0,0.5,-0.2,0.2,-0.4,-0.4,0.7,-4.8,-6.5,-7.7,0.0,0.5,-1.0,-3.8,-3.7,0.1,4.0,-1.7,0.1,0.6,0.3,-0.1,0.4,-0.3,-0.8,0.8,3.8,-0.2,1.1,0.8,-0.1,1.4,1.0,-0.7,-0.3,0.4,-2.9,1.5,1.7,0.0,1.1,0.5,-4.9,0.9,0.1,1.1,0.3,0.2,-1.4,0.7,1.7,1.2,-4.4,1.5,0.4,-1.1
2017-01,0.4,0.1,0.6,0.2,0.2,0.1,1.8,8.0,0.6,1.5,4.1,5.4,0.6,-0.5,8.1,11.6,4.4,4.8,0.7,0.1,0.2,0.7,0.7,0.4,-0.2,0.3,-0.4,-0.4,1.0,-3.4,-5.6,-7.4,19.7,0.5,-0.1,-1.3,-4.0,1.1,3.7,-1.1,0.0,1.1,1.2,0.2,1.2,0.5,0.4,0.6,3.0,-0.2,1.1,0.5,-1.0,1.5,1.0,0.3,-0.2,2.5,-3.8,1.5,1.7,0.0,0.9,0.9,-3.6,0.6,0.2,1.6,0.4,0.2,-1.3,1.0,1.7,1.2,-0.8,1.3,0.7,-1.5
2017-02,0.3,0.2,0.4,0.3,0.1,-0.1,0.8,1.4,0.7,1.4,4.7,6.1,1.0,-0.5,1.4,1.5,-3.7,-3.9,0.4,0.5,0.2,0.4,0.9,0.4,-0.2,0.1,-0.4,-0.4,0.6,-2.1,-4.0,-6.5,29.8,0.5,0.6,0.6,-3.1,1.1,3.7,-0.9,-0.1,1.3,1.6,-0.3,1.7,0.8,0.6,1.2,2.3,-0.2,1.0,0.6,-0.7,1.1,1.1,0.3,0.0,3.4,-5.4,1.0,1.7,0.5,-0.6,0.4,-4.2,0.1,0.5,0.9,0.3,0.1,-1.7,1.3,1.7,1.2,1.6,1.0,0.3,-2.1
2017-03,0.2,0.2,0.3,0.4,-0.1,-0.3,0.5,-0.4,0.7,1.3,5.4,6.9,1.1,-0.4,-1.1,-2.6,-4.5,-4.8,0.1,0.2,0.3,0.5,1.5,0.3,-0.2,0.2,-0.4,-0.4,0.7,-0.8,-2.0,-5.2,29.9,0.5,-0.8,-1.6,-3.4,2.2,1.4,-2.3,0.1,0.6,0.2,0.0,0.2,1.0,0.9,1.1,1.4,-0.1,0.9,0.5,-0.7,0.6,1.1,0.2,-0.3,4.4,-7.4,1.0,1.7,0.5,-0.6,0.7,-4.6,0.4,0.2,1.4,0.4,0.1,-0.9,0.6,1.7,1.2,3.9,1.0,0.5,-2.1
2017-04,0.4,0.3,0.5,0.4,0.0,-0.3,0.9,1.8,0.8,1.3,6.7,9.0,1.2,-0.8,0.2,-0.7,-2.0,-2.2,0.3,0.4,0.4,1.2,1.2,0.2,-0.2,0.1,-0.3,-0.4,0.5,0.9,0.9,-3.2,28.1,0.3,-0.9,-2.2,-3.8,1.3,1.4,-1.4,0.1,-0.1,-0.2,0.2,-0.2,-0.7,-1.2,0.5,1.3,-0.2,0.8,0.2,0.2,0.8,0.1,0.3,-0.5,3.1,-4.5,0.7,0.6,0.7,0.9,0.6,-3.5,-0.1,0.2,1.3,0.2,0.0,-0.6,0.7,0.7,0.5,4.5,0.6,0.4,-1.6
2017-05,0.4,0.4,0.5,0.6,0.0,-0.2,0.8,0.4,0.8,1.4,5.9,7.2,1.6,-0.6,-0.2,-1.3,-3.8,-4.1,-0.5,0.6,0.5,1.4,0.8,0.2,-0.2,0.1,-0.3,-0.3,0.4,2.2,2.5,-1.5,27.8,0.4,-1.1,-2.2,-4.3,0.9,1.2,-1.6,0.1,0.1,0.2,0.2,0.2,-0.6,-1.1,0.6,0.8,-0.3,0.8,0.3,0.4,0.9,0.1,0.3,-0.4,2.6,-3.7,0.6,0.5,0.7,0.9,0.6,-3.7,0.1,0.4,1.2,0.1,0.1,-1.0,0.4,0.7,0.5,5.1,0.6,0.4,-1.1
2017-06,0.4,0.4,0.5,0.5,0.0,-0.2,0.8,0.5,0.9,1.7,5.5,6.7,1.1,-0.5,-1.9,-4.0,1.4,1.3,-0.9,0.6,0.2,0.0,5.5,0.1,-0.2,0.0,-0.3,-0.3,0.2,3.5,4.9,0.1,23.0,0.4,-0.8,-1.0,-4.6,0.0,1.1,-1.8,0.1,0.2,0.4,0.3,0.4,-0.3,-0.8,1.1,0.7,-0.3,0.9,0.0,-0.3,0.4,0.1,-0.1,-0.3,1.4,-3.1,0.4,0.2,0.7,0.8,-0.1,-3.7,0.3,0.7,0.0,-0.1,0.2,-1.5,0.4,0.7,0.5,4.9,0.4,-0.2,-1.1
2017-07,0.4,0.5,0.6,0.6,0.1,-0.1,0.6,-1.1,0.9,1.5,4.9,5.7,1.2,-0.3,-3.6,-6.6,0.9,0.9,0.5,0.9,0.0,-0.2,5.1,0.1,-0.2,-0.1,-0.2,-0.3,0.1,4.3,6.1,1.4,21.2,0.6,-0.4,0.0,-4.7,-0.2,1.1,-1.4,0.1,0.0,0.0,0.2,0.0,-0.2,-0.9,1.5,0.1,0.0,0.8,0.1,-0.1,0.3,0.1,0.1,0.0,1.5,-2.8,0.4,0.2,0.7,0.8,0.0,-4.0,-0.2,0.5,0.4,0.1,0.3,-1.0,0.5,0.7,0.5,5.8,0.4,-0.1,-1.1
2017-08,0.7,0.7,0.8,0.8,0.2,0.0,0.9,0.8,0.9,1.5,4.2,4.5,1.6,-0.6,-1.3,-3.4,3.4,3.7,0.1,0.8,-0.2,-0.2,4.9,0.1,-0.2,0.0,-0.3,-0.3,0.2,5.2,7.0,3.1,21.4,0.6,-0.2,1.0,-4.7,0.0,1.1,-1.7,0.1,0.6,0.7,0.1,0.7,0.7,0.5,1.2,0.4,-0.1,0.7,1.8,0.3,0.3,3.1,-0.4,-0.5,1.8,-4.5,0.4,0.2,0.7,0.8,0.4,-2.8,0.0,0.3,0.9,0.3,0.2,-0.1,0.1,0.7,0.6,7.0,0.4,0.2,-2.5
2017-09,0.7,0.7,0.9,0.9,0.2,0.0,1.0,1.2,1.0,1.4,5.6,7.1,1.7,-0.4,-1.7,-3.8,3.3,3.6,0.3,0.5,0.5,-0.2,4.3,0.2,-0.2,0.0,-0.2,-0.2,0.3,6.0,7.9,4.6,21.1,0.7,-0.2,1.2,-1.8,-0.6,0.8,-2.3,0.1,-0.3,-0.7,0.7,-0.7,-0.2,-0.8,1.0,0.4,-0.6,0.7,1.8,0.3,0.2,3.1,0.0,0.0,1.7,-3.5,0.4,0.2,0.7,0.9,0.2,-2.1,-0.4,0.3,0.7,0.1,0.3,-0.9,0.0,0.7,0.6,7.6,0.4,0.2,-2.5
2017-10,0.2,0.8,0.3,1.0,0.2,0.0,-1.3,-12.1,1.0,1.2,5.3,6.7,1.8,-0.5,-17.1,-25.0,-4.9,-5.4,1.0,0.7,0.5,0.3,4.2,0.2,-0.1,0.2,-0.2,-0.2,0.5,6.2,7.9,5.2,24.5,0.6,-0.3,0.8,-1.2,0.2,0.6,-2.4,0.1,-0.1,-0.5,0.4,-0.6,0.1,-0.2,1.0,0.3,-0.2,0.6,1.6,-0.2,-0.2,3.1,0.6,0.1,2.2,-2.5,0.4,0.2,0.7,0.9,-0.1,-1.1,-1.3,0.4,0.3,0.2,0.3,-0.9,0.1,1.1,0.7,8.6,0.5,-0.1,-2.5
2017-11,0.6,0.9,0.7,1.1,0.3,0.1,-0.1,-6.1,1.1,1.7,4.7,5.3,1.8,-0.4,-8.1,-12.7,-4.9,-5.3,0.4,0.8,0.7,-0.1,4.0,0.3,-0.1,0.2,-0.2,-0.2,0.6,5.9,7.3,4.8,26.0,0.6,-0.5,0.3,-2.0,0.2,0.0,-2.1,0.2,-0.3,-0.8,0.4,-0.9,0.1,-0.3,1.1,0.2,-0.7,0.7,1.6,-0.2,-0.3,3.1,0.8,0.3,2.6,-2.4,0.4,0.2,0.7,0.9,0.3,-0.8,-1.4,1.0,0.9,0.5,0.3,0.3,0.4,1.1,0.7,8.5,0.4,0.3,-2.4
2017-12,1.0,0.9,1.3,1.1,0.3,0.1,1.8,4.8,1.2,1.6,5.6,6.5,1.8,-1.1,5.4,6.4,-0.3,-0.4,0.8,0.8,0.9,-0.1,4.3,0.4,-0.1,0.1,-0.2,-0.2,0.4,5.2,6.7,4.3,16.5,0.6,-0.9,-0.8,-2.1,0.1,-0.2,-1.9,0.1,-0.3,-0.8,0.6,-0.8,0.4,-0.1,1.6,-0.1,-0.4,0.3,1.6,-0.1,-0.8,3.1,0.8,0.4,2.5,-2.3,0.4,0.2,0.7,0.9,0.4,-1.5,0.4,1.1,0.5,0.7,0.3,0.6,1.0,1.1,0.7,7.7,0.5,0.4,-2.4
2018-01,1.4,0.9,1.7,1.1,0.4,0.1,3.2,12.5,1.3,1.6,5.2,5.7,1.7,0.0,15.6,21.3,4.2,4.4,0.7,0.9,1.0,0.1,3.6,0.5,-0.1,0.1,-0.2,-0.2,0.3,4.6,6.4,3.8,9.6,0.6,-1.2,-2.0,-0.9,-0.3,0.2,-2.0,0.2,0.5,0.7,1.1,0.7,0.4,0.0,1.4,0.1,0.8,0.3,1.6,0.3,-1.0,3.1,0.7,0.2,2.0,-1.7,0.4,0.2,0.7,0.9,0.5,-1.1,0.1,1.0,0.6,0.5,0.3,0.1,0.8,1.1,0.7,6.7,0.4,0.4,-2.2
2018-02,1.5,1.0,1.8,1.2,0.5,0.3,3.0,12.4,1.2,1.8,4.3,4.3,1.0,-0.3,15.6,21.4,5.6,5.9,0.8,0.7,0.7,0.0,3.3,0.6,-0.1,0.1,-0.2,-0.2,0.4,4.3,5.8,3.3,12.8,0.6,-1.7,-3.8,-2.2,-0.5,0.2,-1.8,0.3,0.3,0.2,0.2,0.2,0.5,0.2,1.0,0.3,0.6,0.6,1.8,0.6,-0.5,3.1,1.5,0.0,2.6,0.0,0.4,0.2,0.2,0.8,1.3,-1.5,0.2,0.9,2.0,0.6,0.4,0.7,0.5,1.1,0.7,7.0,0.4,1.1,-1.7
2018-03,1.1,0.9,1.3,1.1,0.5,0.3,1.9,6.3,1.1,1.8,4.3,4.4,0.7,-0.3,7.4,9.2,3.3,3.4,0.6,0.4,0.8,-0.1,2.8,0.7,-0.2,-0.1,-0.2,-0.2,0.1,4.0,5.2,2.8,13.3,0.6,-1.4,-3.3,-0.9,-1.5,0.0,-0.7,0.1,0.0,-0.3,0.0,-0.4,0.1,-0.2,0.7,0.7,0.1,0.9,1.7,0.2,-0.6,3.1,1.7,0.3,1.8,2.5,0.3,0.2,0.2,0.6,0.5,-2.5,-0.4,1.1,0.9,0.5,0.4,-0.1,0.5,1.1,0.7,5.7,0.4,0.4,-1.5
2018-04,0.6,0.7,0.8,0.9,0.4,0.1,0.7,-1.5,1.1,2.0,2.6,1.3,0.5,2.6,-2.1,-5.3,2.2,2.2,-0.1,0.1,0.4,-0.4,2.8,0.8,-0.2,0.0,-0.2,-0.1,0.2,3.6,4.4,2.6,13.6,0.5,-1.5,-3.8,-2.9,-0.9,0.0,-0.4,0.0,0.1,-0.2,-0.2,-0.1,0.2,-0.1,1.2,0.3,-0.2,1.2,1.9,-0.5,-0.6,3.8,1.1,0.5,2.1,-0.7,0.3,0.2,0.0,0.6,0.2,-5.0,-0.3,1.1,0.7,0.1,0.4,-0.4,0.6,1.1,0.0,5.3,0.4,0.2,-1.6
2018-05,0.7,0.7,0.8,0.9,0.3,0.1,0.8,-0.7,1.1,1.7,3.5,2.9,0.1,3.0,-1.8,-5.1,2.7,2.6,0.5,-0.5,0.3,-0.5,2.8,0.9,-0.1,0.1,-0.2,-0.1,0.3,3.1,3.3,2.4,14.3,0.7,-1.5,-3.5,-2.4,-0.8,0.0,-0.8,0.0,0.1,-0.3,-0.3,-0.3,0.3,0.1,0.8,0.4,0.3,1.2,1.9,-0.6,-0.4,3.8,1.3,0.2,2.7,-1.0,0.3,0.2,0.0,0.7,0.0,-3.8,-0.8,0.9,0.5,0.3,0.4,0.3,0.6,1.1,0.0,5.6,0.4,0.0,-1.6
2018-06,0.7,0.8,0.8,1.0,0.2,0.0,0.4,-1.2,0.7,1.6,3.2,2.7,0.1,2.9,-1.1,-4.0,-1.1,-1.3,0.2,-0.7,0.3,-0.4,-2.1,0.9,-0.1,0.1,-0.2,-0.1,0.4,3.3,3.1,2.5,20.5,0.7,-1.0,-2.9,-2.1,-0.4,-0.2,0.2,0.0,0.0,-0.4,-0.3,-0.4,0.1,-0.1,0.5,0.1,0.2,1.4,2.0,-0.3,0.2,3.8,1.4,0.3,4.0,-3.5,0.5,0.4,0.0,0.8,0.8,-2.9,-0.7,0.8,1.6,0.4,0.2,0.7,0.9,1.1,0.0,7.3,0.5,0.7,-3.1
2018-07,0.9,0.8,1.1,1.0,0.3,0.0,1.4,4.3,0.8,1.9,3.9,4.0,0.2,3.1,4.3,4.4,4.3,4.6,-0.6,-0.1,0.5,-0.4,-1.9,1.0,-0.1,0.1,-0.2,-0.2,0.4,3.1,2.5,2.6,22.2,0.6,-1.1,-2.1,-1.8,0.0,-0.6,-0.6,0.0,0.3,-0.2,-0.3,-0.2,0.7,1.1,-0.2,0.4,0.5,1.4,2.0,-0.5,0.2,3.8,1.5,0.2,4.3,-3.4,0.5,0.4,0.0,0.8,0.6,-2.4,0.0,0.8,1.1,0.3,0.2,0.3,0.5,1.1,0.0,7.3,0.5,0.6,-3.1
2018-08,1.3,0.9,1.5,1.1,0.4,0.2,2.1,8.7,0.9,1.9,4.8,5.8,0.1,3.3,11.3,15.5,1.0,0.9,-0.1,-0.4,0.7,0.0,-1.7,1.1,-0.1,0.1,-0.2,-0.1,0.3,3.4,3.1,2.6,22.3,0.6,-1.1,-2.5,-1.3,0.0,-0.5,-0.5,0.0,-0.1,-0.6,-0.7,-0.6,0.0,0.2,-0.3,-0.1,0.3,1.6,1.1,-0.5,0.5,2.0,2.0,0.4,4.2,-1.9,0.5,0.4,0.0,0.8,1.6,-2.1,-0.3,0.9,2.7,0.0,0.1,-0.7,0.7,1.1,0.0,7.4,0.5,1.5,-1.7
2018-09,1.2,1.0,1.4,1.2,0.4,0.1,1.8,5.6,1.0,2.0,1.9,0.4,0.3,3.1,8.1,10.4,3.5,3.5,-0.1,-0.1,0.9,0.3,-1.4,1.0,-0.1,0.1,-0.2,-0.1,0.2,3.7,3.6,2.8,23.2,0.4,-1.0,-2.0,-3.6,0.0,-1.1,0.4,0.0,0.1,0.2,-0.9,0.2,0.0,0.0,-0.2,-0.3,0.0,1.5,1.0,-0.5,0.5,2.0,2.1,0.2,4.5,-1.9,0.5,0.4,0.0,0.7,1.0,1.7,0.2,1.0,1.3,0.2,0.1,-0.1,0.7,1.1,0.0,8.1,0.5,1.0,-2.0
2018-10,1.4,1.0,1.7,1.2,0.4,0.2,2.4,10.8,0.9,1.6,1.6,0.1,0.4,3.0,14.4,20.4,7.8,8.3,-0.8,-0.1,0.7,-0.3,-1.2,1.0,-0.2,-0.1,-0.2,-0.1,0.0,4.4,4.5,3.2,25.8,0.4,-1.0,-2.0,-3.9,-0.6,-0.5,0.3,0.0,0.1,0.2,-0.8,0.2,0.0,0.0,-0.1,0.0,-0.1,1.6,1.1,-0.3,0.8,1.9,1.9,0.1,4.6,-2.7,0.5,0.4,0.0,0.7,1.4,-0.3,1.7,1.0,1.5,0.8,0.1,-0.6,0.6,8.6,0.7,8.9,0.5,1.2,-1.8
2018-11,0.8,0.9,1.0,1.1,0.3,0.1,0.5,-1.4,0.9,1.1,1.5,-0.2,0.1,2.8,-2.0,-4.5,3.6,3.6,0.2,0.1,0.6,0.1,-1.1,1.1,-0.1,0.0,-0.2,-0.2,0.1,5.0,5.6,4.0,21.9,0.4,-0.7,-0.6,-1.5,-0.6,-0.6,-0.8,0.0,0.1,-0.1,-0.6,-0.1,0.0,0.0,-0.2,0.4,-0.1,1.6,1.2,-0.3,1.1,1.9,1.2,0.1,3.3,-2.8,0.5,0.4,0.0,0.7,1.0,-1.0,0.6,0.4,1.5,0.9,0.1,-0.3,0.5,8.6,0.7,8.1,0.5,0.9,-1.8
2018-12,0.3,0.7,0.3,0.9,0.3,0.1,-1.1,-9.4,0.7,1.0,1.8,0.6,0.1,2.6,-12.7,-19.7,-0.3,-0.7,-0.3,-0.4,0.1,0.1,-1.5,1.0,-0.1,0.1,-0.1,-0.1,0.3,5.0,6.4,4.8,12.2,0.4,0.1,0.5,-1.1,-0.2,-0.2,0.2,0.0,0.1,-0.1,-0.7,-0.1,0.1,0.1,-0.1,0.2,0.5,1.7,1.3,-0.2,1.5,1.9,-0.1,-0.2,1.3,-2.9,0.5,0.4,0.0,0.7,0.9,-0.3,-1.4,0.3,2.0,0.8,0.1,-0.6,0.1,8.6,0.7,6.0,0.4,0.8,-2.0
2019-01,0.2,0.8,0.2,0.9,0.4,0.3,-1.5,-11.1,0.6,0.7,1.5,0.5,0.3,2.8,-14.4,-21.2,-2.7,-3.3,-0.6,-0.2,0.1,-0.3,-1.1,1.1,-0.1,0.1,-0.1,-0.1,0.2,5.2,7.2,5.6,6.3,0.4,-0.1,0.2,-1.7,0.1,-0.2,0.0,0.0,0.2,-0.3,-0.7,-0.3,0.9,1.2,0.5,-0.3,0.5,1.9,1.3,-0.1,1.3,1.9,-0.2,0.3,0.8,-2.8,0.5,0.4,0.0,0.7,1.5,-1.6,-0.8,1.9,2.5,0.9,0.1,-0.2,0.1,8.6,0.7,4.9,0.4,1.4,-1.9
2019-02,0.2,0.7,0.2,0.9,0.4,0.3,-1.4,-11.0,0.6,0.7,1.6,0.6,0.4,2.4,-15.0,-22.2,-1.0,-1.4,-0.4,-0.2,0.4,0.1,-1.4,1.0,0.0,0.2,-0.1,-0.1,0.4,5.3,7.7,6.2,1.6,0.4,0.8,3.5,-1.1,0.9,-0.7,-0.4,0.1,0.0,-0.8,-0.5,-0.8,0.6,0.7,0.3,0.2,-0.1,1.8,1.2,-0.4,1.1,1.9,-0.6,0.3,0.2,-2.8,0.4,0.4,0.0,0.6,1.4,-0.6,0.0,2.0,1.9,0.9,0.1,-0.3,0.2,8.6,0.7,4.5,0.5,1.3,-1.8
2019-03,0.5,0.8,0.6,1.0,0.4,0.3,-0.3,-6.0,0.8,0.5,1.1,-0.3,0.8,2.3,-9.0,-14.2,2.8,2.7,-0.2,0.6,0.3,0.2,-1.1,1.1,0.0,0.2,-0.1,-0.1,0.4,5.1,7.3,6.3,2.5,0.4,1.5,5.5,-1.8,0.8,-0.8,0.1,0.2,0.1,-0.4,0.1,-0.5,0.2,0.3,0.0,0.7,0.4,1.8,1.3,0.1,1.0,1.9,-0.3,0.1,0.9,-3.0,0.5,0.4,0.0,1.0,0.9,-0.1,0.7,2.1,0.9,1.0,0.2,-0.2,0.7,8.6,0.7,5.1,0.5,0.9,-1.8
2019-04,0.9,0.9,1.0,1.1,0.6,0.5,0.7,-0.3,0.9,0.8,1.6,0.4,1.0,1.5,-0.1,-0.6,-0.5,-0.7,0.2,0.9,1.0,0.1,-1.3,1.0,0.1,0.4,-0.1,0.0,0.8,4.4,5.8,5.5,3.0,0.5,1.6,6.2,0.0,0.7,-1.4,-0.4,0.9,0.1,-0.5,0.8,-0.5,0.2,0.3,0.1,0.8,0.4,1.7,0.9,-0.2,1.1,1.3,-0.2,0.1,1.1,-3.0,0.5,0.4,0.2,0.9,2.0,1.3,1.0,2.2,2.3,1.1,0.2,-0.2,1.8,7.8,0.7,4.6,0.5,1.8,-1.8
2019-05,0.7,0.8,0.9,0.9,0.5,0.3,0.8,-0.1,1.0,1.1,1.6,0.9,0.9,1.9,0.2,0.0,-1.1,-1.4,0.0,1.8,0.9,0.2,-1.0,1.0,0.1,0.4,-0.1,0.0,0.9,3.2,3.6,4.8,5.1,0.3,2.6,7.8,1.2,0.6,-1.0,1.0,0.9,0.0,-0.5,0.4,-0.5,-0.2,-0.3,0.1,0.8,0.1,1.7,0.7,-0.7,1.0,1.3,-0.4,0.2,1.2,-4.1,0.6,0.4,0.2,1.0,1.3,1.3,1.4,2.6,1.0,1.0,0.3,-0.7,1.8,7.8,0.7,3.7,0.5,1.2,-1.8
2019-06,0.7,0.6,0.8,0.7,0.5,0.3,1.4,2.8,1.2,1.3,2.0,1.2,1.4,2.0,0.9,1.0,7.7,8.1,0.3,2.6,1.1,0.3,-0.9,1.0,0.1,0.5,0.0,0.0,1.0,2.2,2.5,3.9,0.3,0.3,1.8,5.1,1.5,1.2,-1.1,0.7,1.0,0.0,-0.6,0.2,-0.6,-0.1,-0.2,0.0,0.9,0.4,1.7,0.6,-0.8,0.6,1.2,-1.3,0.1,-0.3,-4.6,0.6,0.5,0.2,1.0,1.5,1.0,1.1,2.7,1.4,0.9,0.3,-0.7,1.5,7.8,0.7,1.2,0.6,1.4,-2.5
2019-07,0.5,0.6,0.6,0.7,0.6,0.4,0.9,-0.7,1.2,1.2,1.5,0.2,1.3,2.2,-1.9,-3.3,2.7,2.7,0.3,2.8,0.8,0.5,-0.9,0.9,0.2,0.7,0.0,0.0,1.4,2.0,2.7,3.0,-1.1,0.2,1.7,3.8,2.7,0.9,-0.8,1.8,1.0,0.4,0.1,1.1,0.1,0.2,0.0,0.6,1.2,0.3,1.7,0.6,-0.5,0.3,1.3,-1.2,0.0,-0.8,-2.9,0.7,0.6,0.2,1.0,1.1,1.0,0.8,2.7,0.9,1.0,0.3,-0.7,1.7,7.8,0.7,0.6,0.6,1.0,-2.4
2019-08,0.3,0.5,0.3,0.6,0.6,0.4,0.1,-4.9,1.1,1.0,-0.5,-2.9,1.3,1.9,-6.4,-9.8,2.1,2.0,-0.2,3.0,0.6,0.4,-1.1,0.9,0.2,0.8,0.0,0.0,1.4,1.2,1.8,1.8,-1.3,0.2,2.3,5.4,2.4,1.9,-1.2,2.1,0.9,0.6,0.3,1.2,0.3,0.6,0.8,0.3,1.1,0.0,1.7,-0.2,-0.6,-0.3,0.0,-1.2,0.3,-0.9,-2.9,0.6,0.6,0.2,0.8,1.1,0.9,1.4,3.1,0.6,1.0,0.5,-0.6,2.2,7.8,0.6,-0.3,0.7,1.0,-2.4
2019-09,0.2,0.3,0.3,0.4,0.5,0.3,0.5,-2.2,1.0,0.9,1.2,0.2,0.4,2.2,-4.6,-7.2,4.8,5.0,-0.5,3.0,0.9,0.3,-1.4,1.0,0.2,0.8,0.0,0.0,1.6,0.2,0.4,0.4,-2.6,0.2,2.7,6.0,4.2,1.8,-0.4,1.9,1.0,0.0,-0.6,0.6,-0.6,0.1,-0.1,0.5,1.1,0.1,1.7,-0.2,-0.8,-0.4,0.0,-1.6,0.2,-1.4,-2.9,0.7,0.6,0.2,1.0,1.0,-2.3,1.7,3.1,0.7,1.0,0.5,-0.7,1.8,7.8,0.7,-1.9,0.8,0.9,-2.0
2019-10,0.2,0.4,0.3,0.5,0.7,0.3,0.9,-3.5,1.7,1.2,2.7,2.9,0.7,2.2,-6.4,-9.8,1.3,1.2,-0.4,2.8,1.4,0.5,1.5,3.0,0.7,2.6,0.0,0.0,4.9,-0.8,-1.0,-0.4,-4.6,0.2,4.2,6.4,6.0,3.8,1.6,4.0,3.1,1.2,0.2,3.1,0.1,1.1,0.7,2.0,3.1,0.9,4.3,0.7,1.1,1.1,0.4,-1.0,2.1,-0.6,-3.6,-7.8,-12.4,1.1,2.1,2.3,0.0,2.5,3.7,2.1,-2.9,2.4,1.8,3.7,1.7,-12.5,-2.7,-5.7,2.2,-1.4
2019-11,0.5,0.5,0.6,0.6,0.8,0.5,1.5,0.0,1.8,0.9,2.4,2.6,1.2,2.4,-1.0,-1.9,0.4,0.4,-0.7,3.1,1.5,0.3,1.3,3.2,0.8,2.7,0.0,0.1,5.0,0.1,-0.2,0.8,-6.6,2.1,3.8,5.4,3.5,4.8,1.3,4.0,3.1,1.3,0.6,2.9,0.6,0.9,0.5,1.9,2.5,1.5,4.3,0.7,1.2,0.6,0.4,-0.5,2.2,-0.3,-2.5,-7.8,-12.4,1.1,2.1,2.3,0.8,3.4,3.6,1.9,-3.0,2.4,1.4,3.5,1.7,-12.5,-2.1,-5.7,2.3,-1.1
2019-12,0.8,0.7,0.9,0.9,0.9,0.5,1.9,2.4,1.8,0.8,0.6,-0.7,0.7,2.6,3.5,5.1,1.7,1.7,-0.3,3.3,1.7,0.0,1.6,3.1,0.8,2.7,0.0,0.0,5.0,-0.1,-1.1,0.2,-1.4,2.3,3.0,3.3,3.0,4.5,1.5,3.6,3.1,1.4,0.9,3.4,0.8,0.9,0.7,1.4,3.1,0.4,4.1,0.5,0.7,0.3,0.4,0.8,2.2,1.5,-1.6,-7.8,-12.4,1.1,2.2,2.8,-0.2,4.5,3.5,2.3,-3.1,2.5,1.4,3.2,1.7,-12.5,-0.6,-5.6,2.7,-0.9
2020-01,0.7,0.8,0.8,0.9,0.8,0.4,1.2,-2.0,1.9,1.0,-0.7,-2.7,1.1,2.3,-2.1,-3.8,1.9,2.0,0.1,3.2,1.5,0.5,1.4,3.2,0.8,2.6,0.1,0.1,5.0,-0.4,-2.1,-0.7,5.0,2.3,2.7,2.8,2.9,3.5,1.0,3.5,3.1,1.1,0.8,3.5,0.7,0.2,-0.1,0.9,3.5,0.2,4.1,0.8,1.3,1.1,0.5,1.7,2.2,3.0,-1.6,-7.8,-12.4,1.1,2.2,2.1,1.2,4.4,2.0,1.4,-3.0,2.6,1.3,3.7,1.7,-12.5,0.8,-5.6,2.0,-0.9
2020-02,0.4,0.6,0.5,0.6,0.6,0.2,1.2,-1.9,1.8,1.1,0.0,-1.0,0.9,2.7,-2.1,-3.9,0.4,0.4,-0.5,3.4,1.3,0.5,1.4,3.1,0.8,2.6,0.0,0.1,4.9,-1.0,-3.2,-1.6,5.9,2.3,2.1,0.3,3.7,2.5,1.8,3.8,3.0,1.3,1.3,3.6,1.2,0.0,-0.3,0.7,3.1,0.9,3.9,0.7,0.6,1.4,0.4,1.4,2.7,2.6,-2.2,-7.9,-12.4,1.1,1.8,1.1,1.2,3.1,2.2,0.2,-2.9,2.5,1.6,3.8,1.7,-12.5,-0.2,-5.7,1.1,-0.9
2020-03,0.4,0.4,0.5,0.5,0.6,0.3,1.4,0.3,1.6,1.0,-0.4,-1.6,0.4,2.4,1.6,2.0,0.2,0.1,-0.7,2.8,1.3,0.3,1.2,3.0,0.8,2.7,0.0,0.1,5.0,-1.4,-3.3,-1.7,2.4,2.3,2.1,0.0,3.8,3.3,1.7,3.9,3.0,1.3,1.3,3.0,1.3,0.2,-0.4,1.7,2.7,0.5,3.8,0.7,1.0,1.2,0.4,0.7,2.6,1.5,-2.3,-7.9,-12.4,1.1,1.7,1.5,2.4,2.7,2.1,0.9,-3.0,2.4,1.4,3.9,1.7,-12.5,-1.7,-5.6,1.5,-1.0
2020-04,0.1,-0.2,0.1,-0.2,0.2,-0.1,2.1,6.7,1.3,0.7,-0.1,-0.6,0.6,0.5,7.6,11.2,7.7,8.3,-0.4,2.9,0.5,0.2,1.2,2.7,0.7,2.4,0.0,0.1,4.6,-1.8,-2.7,-1.5,-9.1,2.0,2.0,-0.5,4.3,3.4,2.6,3.6,2.5,1.4,1.2,2.4,1.2,1.0,0.6,1.8,2.4,0.4,3.5,0.5,1.5,1.5,-0.2,-1.2,2.5,-1.8,-2.1,-10.0,-15.8,1.7,2.5,0.3,1.8,2.0,2.1,-0.7,-3.2,2.3,1.1,2.5,1.7,-12.4,-4.7,-7.4,0.4,-0.8
2020-05,0.1,-0.2,0.0,-0.2,0.4,0.1,2.1,5.8,1.4,0.5,-0.1,-0.6,1.5,0.0,7.0,10.2,6.3,6.7,0.0,3.0,1.0,-0.1,1.0,2.6,0.8,2.4,0.1,0.1,4.4,-2.2,-2.0,-1.5,-16.5,0.6,1.7,-1.3,3.7,4.1,2.9,2.9,2.5,1.4,1.1,2.9,1.0,1.3,1.0,2.0,1.9,0.3,3.5,0.5,1.8,1.1,-0.2,-1.7,3.7,-3.6,-0.7,-10.4,-15.9,1.7,1.3,1.2,2.4,2.7,1.8,0.4,-3.0,2.1,1.9,3.2,1.7,-12.4,-6.7,-7.7,1.3,-0.5
2020-06,0.1,0.0,0.1,-0.1,0.4,0.2,1.5,3.2,1.2,0.2,-1.5,-2.9,1.2,-0.1,5.0,7.2,4.0,4.3,-0.4,2.6,0.9,-0.5,1.0,2.6,0.7,2.2,0.1,0.0,4.2,-2.0,-1.6,-1.2,-16.7,0.2,3.1,2.5,4.5,3.1,3.9,2.8,2.5,1.3,0.9,2.4,0.8,1.0,0.7,1.8,2.3,0.7,3.4,0.6,1.7,1.3,-0.2,-0.5,3.4,-2.5,1.8,-10.5,-16.0,1.7,1.1,1.0,3.1,3.2,1.6,-0.1,-3.0,2.2,1.6,3.3,1.7,-12.4,-5.3,-7.9,1.0,1.7
2020-07,0.3,0.0,0.3,0.0,0.4,0.3,1.9,6.9,1.0,0.1,-1.0,-1.5,1.2,-0.4,8.8,13.4,6.4,6.9,-0.7,1.4,0.8,-0.8,1.0,2.5,0.7,2.0,0.1,0.0,3.8,-2.2,-2.0,-0.7,-15.3,-0.6,3.3,4.0,3.7,4.1,3.9,1.9,2.5,1.3,1.2,1.4,1.2,0.9,0.8,1.1,1.6,0.8,3.3,0.5,1.5,1.2,-0.2,-0.1,2.2,-1.7,1.9,-10.3,-16.1,1.7,2.2,1.7,3.9,3.1,1.4,1.0,-3.0,2.1,1.8,3.4,1.7,-12.4,-4.5,-7.8,1.6,2.4
2020-08,0.2,-0.4,0.2,-0.5,-0.1,-0.4,2.9,13.6,0.9,-0.1,-0.3,-0.7,0.4,-0.2,16.0,24.3,12.3,13.3,-0.7,1.2,0.7,-0.9,1.1,2.5,0.7,2.0,0.1,0.0,3.8,-1.9,-2.5,0.0,-10.9,-0.3,2.8,2.5,4.5,1.9,4.3,1.8,2.5,1.3,1.3,1.5,1.3,0.9,0.6,1.6,1.5,1.1,3.3,0.4,1.1,1.2,-0.2,0.2,1.6,-0.9,1.9,-10.3,-16.2,1.7,2.2,-2.4,4.0,2.9,1.2,-5.6,-3.1,2.0,1.9,2.4,1.7,-12.4,-3.5,-7.9,-2.3,2.4
2020-09,0.0,-0.3,0.0,-0.4,0.0,-0.3,1.9,7.8,0.8,-0.7,2.0,3.3,1.0,-0.6,3.3,4.4,19.3,20.7,-0.4,1.0,0.1,-0.7,1.5,2.5,0.6,2.0,0.1,0.0,3.7,-2.2,-3.4,0.2,-10.8,0.2,3.0,2.4,3.0,2.2,4.7,2.7,2.4,1.7,1.9,1.8,1.9,1.2,0.9,1.8,2.0,1.1,3.3,0.4,1.4,0.9,-0.2,0.4,1.6,-0.6,1.9,-10.3,-16.2,1.7,2.2,-1.8,4.3,2.7,1.4,-4.7,-3.0,2.1,2.1,2.9,1.7,-12.4,-3.5,-8.0,-1.7,2.4
2020-10,-0.4,-0.7,-0.5,-0.8,-0.2,-0.4,1.1,5.4,0.2,-0.8,1.2,1.9,1.3,-0.7,3.6,5.0,10.2,10.9,-0.9,1.7,0.1,-1.1,-0.8,0.4,0.1,0.3,0.1,0.0,0.5,-2.9,-4.7,-0.9,-13.6,1.9,0.9,0.8,0.2,0.5,2.4,0.4,0.3,0.7,1.4,-0.8,1.5,0.4,0.3,0.6,0.0,-0.1,0.8,-0.5,-0.4,-0.6,-0.5,-0.9,0.0,-2.6,2.5,-2.1,-3.9,0.7,1.2,-4.0,0.1,1.4,1.4,-7.5,1.0,0.2,-0.1,0.8,9.6,0.0,-5.7,-1.8,-3.8,1.2
2020-11,-0.9,-0.9,-1.1,-1.1,-0.3,-0.4,-0.2,-1.1,-0.1,-1.1,-1.4,-2.1,0.7,-1.0,-1.2,-2.4,3.0,3.1,-0.9,1.2,-0.1,-1.2,-0.6,0.1,0.1,0.2,0.0,0.0,0.4,-5.4,-7.3,-4.5,-13.9,0.1,1.8,2.1,1.0,-0.4,2.9,1.9,0.4,0.4,0.7,-0.8,0.7,0.4,0.4,0.2,-0.1,-0.4,0.7,-0.5,-0.3,-0.4,-0.6,-1.1,0.2,-2.6,1.5,-2.2,-4.0,0.7,1.2,-3.8,-0.9,1.0,1.6,-7.0,1.0,0.1,-0.2,1.7,9.6,0.0,-7.6,-1.9,-3.6,1.0
2020-12,-1.2,-1.0,-1.4,-1.2,-0.4,-0.5,-0.8,-4.6,-0.1,-1.1,-2.2,-3.3,1.3,-1.2,-5.3,-8.8,1.0,1.1,-1.3,1.2,0.1,-1.7,-0.7,0.1,0.1,0.1,0.0,0.0,0.2,-6.1,-7.9,-6.1,-14.4,0.0,2.5,3.2,1.3,0.1,2.5,3.5,0.4,0.1,0.7,-1.2,0.7,0.3,0.3,0.4,-1.9,-0.1,0.8,-0.4,-0.2,0.0,-0.6,-1.3,0.0,-2.5,0.6,-2.2,-4.0,0.7,1.2,-4.0,-0.3,-0.2,1.4,-6.8,0.9,0.1,-0.5,1.2,9.6,0.0,-8.1,-1.9,-3.8,0.9
2021-01,-0.7,-0.7,-0.8,-0.8,0.0,0.1,-0.2,0.2,-0.3,-1.0,-2.0,-2.6,0.8,-0.9,3.1,4.5,-4.2,-4.4,-1.5,0.9,-0.1,-1.3,-0.7,-0.3,0.5,1.7,0.0,-0.1,3.2,-6.5,-8.2,-6.9,-14.4,-0.3,1.9,2.4,-0.4,-1.2,1.6,3.0,0.3,0.8,2.1,0.3,2.2,0.2,0.1,0.3,-1.5,0.4,0.7,-0.9,-0.1,-2.6,-0.7,-1.7,0.0,-3.1,0.7,-3.3,-5.1,0.7,1.2,0.0,0.1,-0.7,1.6,-0.1,0.9,0.1,-0.2,-1.8,9.3,1.2,-8.7,-3.2,-0.1,1.6
2021-02,-0.5,-0.5,-0.6,-0.7,0.0,0.1,-0.1,0.6,-0.2,-1.1,-1.8,-2.9,1.1,-0.8,3.5,5.1,-3.5,-3.5,-0.7,0.7,-0.3,-1.5,-0.3,-0.3,0.6,1.7,0.1,0.0,3.1,-6.0,-7.9,-6.4,-11.6,-0.3,2.2,2.7,-0.3,0.4,1.8,3.1,0.3,0.8,1.8,-0.6,1.8,0.7,0.9,0.4,-1.4,0.3,0.7,-0.7,0.3,-2.5,-0.7,-1.1,-0.2,-2.3,1.1,-3.2,-5.1,0.7,1.5,-0.4,-1.7,0.1,1.5,-0.7,1.1,0.1,-0.5,1.4,9.3,1.2,-7.3,-3.1,-0.4,1.6
2021-03,-0.4,-0.3,-0.5,-0.4,0.0,0.0,-0.4,-1.5,-0.2,-1.3,-2.2,-3.3,1.1,-0.6,0.1,-0.2,-1.9,-1.8,-0.4,1.1,-0.3,-1.2,0.0,-0.4,0.6,1.9,0.1,-0.1,3.5,-5.0,-7.1,-5.3,-4.1,-0.5,2.6,4.3,-0.3,-0.3,1.8,2.9,0.3,0.8,1.6,-0.3,1.7,1.1,1.6,0.0,-1.4,-0.4,0.6,-0.6,0.4,-1.9,-0.7,-0.6,-0.1,-0.8,-0.6,-3.2,-5.2,0.7,1.6,-0.5,-3.5,0.0,1.6,-0.7,1.1,0.0,-0.2,0.8,9.3,1.4,-4.5,-3.1,-0.5,0.5
2021-04,-1.1,-0.9,-1.3,-1.0,-0.9,-1.2,-1.3,-7.3,-0.2,-1.4,-1.2,-2.0,0.8,-0.2,-6.9,-10.5,-6.9,-7.1,-1.2,1.0,-0.3,-1.5,-0.3,0.2,0.6,1.8,0.1,-0.1,3.3,-2.7,-5.8,-3.7,12.1,1.5,2.2,2.8,-0.6,-0.4,1.6,3.7,-0.1,0.2,1.0,-0.6,1.1,-0.2,-0.2,-0.2,-1.1,-0.4,1.0,-0.6,0.1,-2.2,-0.3,-5.8,-0.1,2.4,-24.6,0.7,0.4,0.0,1.5,-0.3,-2.2,0.5,1.8,-0.7,1.3,0.2,0.0,0.8,9.3,1.5,0.4,0.6,-0.3,-20.7
2021-05,-0.8,-0.6,-0.9,-0.7,-0.9,-1.1,-1.0,-5.3,-0.2,-1.6,-0.2,-0.4,0.0,-0.2,-5.2,-8.0,-5.5,-5.6,-1.5,0.6,-0.3,0.3,-0.2,0.2,0.5,1.8,0.1,-0.1,3.4,-0.1,-2.9,-1.9,19.3,3.2,1.9,2.2,-0.7,-0.5,1.2,3.8,0.0,0.4,1.2,-0.5,1.2,-0.2,-0.2,-0.1,-1.0,0.0,1.0,-0.4,0.4,-2.0,-0.3,-5.2,-0.2,3.5,-24.5,1.2,0.6,0.0,2.7,-0.2,-3.4,-0.4,1.7,-0.1,1.1,0.3,-0.5,0.2,9.3,1.5,3.9,1.0,-0.3,-21.1
2021-06,-0.5,-0.5,-0.6,-0.6,-0.9,-1.1,0.0,0.7,-0.1,-1.4,0.5,0.8,0.2,-0.2,1.2,1.6,-1.3,-1.0,-0.9,0.5,-0.5,0.2,-0.3,0.4,0.6,1.9,0.1,-0.2,3.6,1.0,-1.7,-1.3,21.9,4.4,1.6,1.9,-0.3,-0.2,0.5,3.3,0.0,0.6,1.7,-0.3,1.7,0.1,0.3,-0.1,-1.5,-0.7,0.9,-0.6,0.0,-2.4,-0.3,-5.4,0.2,3.3,-25.1,1.4,0.8,0.0,3.2,0.0,-3.9,-0.5,1.6,0.5,1.0,0.3,-0.5,-0.1,9.3,1.2,4.3,1.4,0.0,-21.1
2021-07,-0.3,-0.2,-0.4,-0.2,-0.6,-0.8,-0.6,-4.2,0.1,-1.5,1.7,2.4,-0.2,0.2,-6.2,-9.6,-1.4,-0.9,-0.3,0.5,0.1,0.7,0.0,0.5,0.6,2.0,0.1,-0.2,3.6,2.2,-0.3,-1.2,25.2,5.8,2.4,4.4,0.6,0.0,0.2,3.0,0.0,0.7,1.9,-0.6,2.0,-0.1,0.0,-0.1,-0.6,-0.4,0.9,-0.5,-0.1,-1.8,-0.3,-5.4,1.0,3.7,-25.7,1.1,0.9,0.0,1.7,1.9,-3.2,-0.6,3.5,3.2,1.2,0.3,-0.5,0.6,9.3,1.5,5.8,1.2,1.7,-21.8
2021-08,-0.4,0.0,-0.5,-0.1,-0.5,-0.7,-1.1,-8.8,0.3,-1.1,2.2,3.2,1.0,0.5,-12.3,-18.0,-2.4,-2.0,0.5,0.9,0.0,0.4,0.1,0.5,0.7,2.1,0.1,-0.1,3.9,2.5,0.9,-1.5,20.0,5.6,2.9,5.3,1.0,0.8,0.2,3.6,0.0,0.8,1.7,0.0,1.7,0.4,0.6,0.0,-0.4,-0.7,1.0,-0.1,0.6,-0.7,-0.3,-6.6,0.6,3.2,-28.7,1.2,1.0,0.0,1.9,3.7,-3.4,-1.6,3.4,7.0,1.2,0.2,-0.5,1.1,9.3,1.6,5.5,1.3,3.4,-24.6
2021-09,0.2,0.1,0.2,0.1,-0.5,-0.8,0.9,2.2,0.6,-0.8,2.2,2.9,1.4,0.7,3.9,5.5,-5.4,-5.3,1.0,1.0,0.8,0.5,0.1,0.5,0.7,2.2,0.1,-0.1,4.0,4.4,4.1,0.7,20.2,4.9,1.7,3.0,0.9,0.7,0.0,2.3,0.0,0.0,0.6,-0.3,0.7,-0.7,-0.9,-0.5,-0.5,-1.2,1.4,-0.2,0.7,-1.2,-0.3,-6.4,1.6,3.1,-28.3,1.2,1.0,0.0,1.7,3.3,-0.9,-1.9,3.4,6.1,1.2,0.2,-0.3,0.8,9.3,1.5,7.4,1.3,3.2,-24.6
2021-10,0.1,0.1,0.1,0.1,-0.7,-1.2,0.5,-1.1,0.7,-1.1,2.6,3.5,1.2,0.4,-2.8,-4.5,-0.1,0.5,2.1,0.8,1.1,2.3,-0.4,0.6,0.7,2.2,0.1,-0.1,4.0,6.4,7.7,3.7,25.9,2.1,0.9,0.1,1.6,0.4,0.3,2.6,0.0,-0.2,0.3,-0.1,0.3,-0.8,-1.0,-0.5,-0.7,-1.1,1.4,-0.3,0.6,-0.1,-0.8,-7.5,1.3,4.2,-33.9,1.1,1.0,0.0,1.5,4.3,0.0,-1.8,2.6,7.8,1.2,0.2,-0.4,2.8,6.3,1.5,11.3,1.4,4.1,-29.3
2021-11,0.6,0.5,0.7,0.6,-0.6,-1.2,1.4,3.1,1.1,-0.9,5.2,8.0,1.8,0.3,-0.7,-1.4,5.3,6.4,2.6,1.5,1.7,2.5,-0.5,0.9,0.7,2.2,0.1,-0.1,4.0,9.2,10.7,7.2,36.2,2.2,0.4,-0.3,1.9,-0.3,0.3,1.5,0.0,0.1,1.0,-0.4,1.1,-0.5,-0.6,-0.4,-0.9,-1.9,1.5,-0.2,0.9,-0.1,-0.8,-6.9,0.3,5.4,-33.9,1.2,1.1,0.0,1.5,4.3,0.4,-1.7,2.6,7.8,1.2,0.2,-0.2,2.3,6.3,1.4,15.6,1.4,4.1,-29.3
2021-12,0.8,0.5,0.9,0.6,-0.7,-1.3,2.1,8.0,1.1,-1.3,6.3,9.3,1.9,-0.1,4.5,6.6,7.9,9.1,2.3,1.9,1.6,2.4,-0.5,0.9,0.7,2.4,0.1,0.0,4.3,11.2,13.4,10.5,36.0,1.9,-0.8,-2.9,2.7,-1.3,0.1,0.5,0.0,0.3,1.1,-0.1,1.2,-0.9,-1.1,-0.6,0.6,-1.4,1.6,-0.1,0.9,0.5,-0.8,-7.5,0.8,4.5,-34.3,1.2,1.1,0.0,1.5,3.9,2.5,-1.7,2.7,6.6,1.3,0.2,0.1,2.8,6.3,1.4,16.4,1.5,3.8,-29.3
2022-01,0.5,0.2,0.6,0.3,-1.1,-1.9,2.1,6.5,1.3,0.2,7.5,11.4,1.6,0.2,0.9,1.0,10.4,11.9,3.0,1.6,1.7,1.9,-0.4,1.0,0.3,0.7,0.1,0.0,1.2,12.7,15.9,13.2,33.4,1.4,-0.6,-3.1,2.9,0.5,0.6,0.4,0.0,1.3,2.5,-0.4,2.6,0.4,0.7,-0.1,-0.1,-0.2,1.7,-0.1,0.5,0.8,-0.8,-7.5,0.5,4.2,-34.0,1.2,1.1,0.0,1.5,0.6,2.1,-1.1,2.7,0.6,1.1,0.1,0.0,5.6,6.3,0.2,17.9,1.5,0.6,-29.3
2022-02,0.9,0.6,1.1,0.7,-1.0,-1.8,2.8,10.1,1.6,1.7,8.1,12.4,2.2,0.1,5.1,7.5,11.2,12.6,3.3,1.6,2.2,2.1,-0.5,1.1,0.3,0.9,0.0,-0.1,1.6,15.3,19.7,16.5,33.5,1.4,-0.8,-3.4,2.8,-0.2,0.8,0.3,0.0,1.4,2.7,0.5,2.7,0.5,0.7,0.1,-0.2,0.2,1.8,0.0,1.0,0.5,-0.8,-7.4,0.7,4.3,-33.8,1.2,1.1,0.0,1.6,1.3,3.8,-1.2,2.6,1.6,0.9,0.2,0.4,2.7,6.3,0.2,20.5,1.5,1.3,-29.3
2022-03,1.2,0.8,1.5,1.0,-0.7,-1.6,3.4,11.6,2.0,2.3,9.4,13.6,2.6,0.3,7.6,11.3,8.8,9.8,4.6,2.0,2.3,3.0,-0.5,1.2,0.3,0.8,0.1,0.0,1.4,16.4,21.6,18.1,30.6,1.6,0.4,-0.4,3.1,0.2,1.1,0.5,0.0,0.7,1.0,0.6,1.0,0.7,0.8,0.4,0.1,-0.6,2.2,-0.4,0.4,-0.3,-0.8,-7.0,0.5,3.8,-32.5,1.4,1.2,1.9,1.9,1.3,4.0,-1.0,2.6,1.5,1.0,0.1,-0.2,4.5,6.3,0.3,20.8,1.6,1.3,-28.6
2022-04,2.5,2.1,3.0,2.6,0.8,0.1,4.0,12.2,2.6,2.8,8.7,12.1,2.6,0.5,8.2,12.2,11.0,12.2,6.1,2.6,3.5,3.8,-0.3,1.8,0.4,1.4,0.0,0.0,2.5,15.7,21.0,17.5,26.1,1.0,2.3,5.0,3.0,0.8,1.0,0.5,0.2,0.8,1.5,0.9,1.5,0.4,0.4,0.5,-0.7,-0.2,3.0,-0.7,1.2,-0.3,-1.8,-0.2,0.8,3.5,-10.9,0.9,0.6,3.9,1.3,1.6,4.5,-0.3,2.4,1.7,1.2,0.5,0.3,4.6,6.3,0.3,19.1,0.9,1.6,-9.5
2022-05,2.5,2.1,2.9,2.5,0.8,0.2,4.1,12.3,2.7,3.2,9.0,12.2,2.7,1.1,8.8,13.1,10.0,11.0,6.3,3.2,3.4,1.2,-0.3,2.2,0.5,1.7,0.0,0.1,2.9,14.4,18.6,17.0,25.1,0.9,3.6,7.4,3.9,0.9,2.7,0.9,0.1,0.9,1.4,0.8,1.5,0.3,0.3,0.4,0.1,-0.1,3.1,-0.8,0.8,-0.2,-1.7,-0.8,0.1,3.0,-11.4,0.8,0.5,3.9,1.3,1.7,3.3,1.1,2.4,1.5,1.1,0.6,-0.1,4.5,6.3,0.3,17.1,0.7,1.7,-9.5
2022-06,2.4,2.2,2.8,2.6,1.0,0.2,3.7,6.5,3.2,4.0,10.8,14.8,3.3,1.2,2.7,3.3,3.1,3.3,6.8,4.0,4.3,1.1,-0.4,2.7,0.6,2.0,0.0,0.1,3.6,14.0,18.0,17.1,23.4,0.7,3.9,7.5,3.2,1.4,4.3,1.0,0.1,1.1,1.4,1.0,1.4,0.6,0.5,0.9,0.6,-0.1,3.3,-0.7,1.4,-0.4,-1.7,-0.7,-0.2,2.9,-10.8,0.7,0.4,3.9,1.3,1.2,3.4,-0.1,2.4,1.1,1.2,0.7,0.1,4.9,6.3,0.3,16.5,0.7,1.2,-9.4
2022-07,2.6,2.4,3.1,2.9,1.2,0.4,4.4,8.3,3.7,5.7,10.4,13.1,3.3,1.2,4.3,5.6,7.2,7.7,7.3,4.8,4.7,1.2,-0.2,3.2,0.6,2.2,0.1,0.1,3.8,14.7,19.6,18.8,19.6,-0.3,3.9,4.9,3.2,2.3,5.2,2.7,1.5,1.4,1.8,1.3,1.8,1.3,1.2,1.4,0.3,0.4,3.7,-0.6,1.4,-0.1,-1.7,-0.2,0.0,2.2,-7.0,0.7,0.3,3.9,1.2,0.7,3.8,0.2,0.7,0.5,1.2,0.8,0.6,3.9,6.3,0.1,16.2,0.7,0.8,-9.1
2022-08,3.0,2.8,3.5,3.3,1.6,0.7,4.7,8.1,4.1,6.5,10.9,13.7,4.1,1.0,3.2,3.8,8.8,9.4,7.1,5.0,5.3,1.4,-0.2,3.5,0.6,2.3,0.0,0.1,3.9,15.6,21.5,20.1,18.0,-1.5,4.4,6.3,3.5,2.4,6.0,2.1,1.5,1.5,2.1,0.7,2.1,0.8,0.4,1.5,0.4,0.8,4.0,-0.7,1.2,-0.6,-1.7,0.6,1.0,1.8,-3.1,0.7,0.3,3.9,1.3,1.6,5.8,1.4,0.7,1.2,1.2,0.8,0.8,4.2,6.3,0.0,16.9,0.7,1.8,-5.8
2022-09,3.0,3.0,3.5,3.6,1.8,0.9,4.2,1.9,4.6,7.2,13.5,16.5,4.4,1.6,-3.8,-6.7,2.9,3.0,7.9,6.2,5.6,1.4,-0.2,3.8,0.6,2.3,0.0,0.1,4.0,14.9,21.5,19.4,18.4,-3.7,6.6,11.3,3.2,3.4,6.7,3.5,1.5,1.9,1.9,1.1,2.0,2.0,1.8,2.5,0.9,1.0,3.9,-0.5,1.1,0.6,-1.7,0.6,0.1,2.0,-3.1,0.7,0.4,3.9,1.2,2.2,4.3,3.3,0.7,1.8,1.2,0.9,0.5,4.4,6.3,0.0,16.9,0.7,2.2,-5.8
2022-10,3.7,3.6,4.4,4.3,2.5,1.5,6.2,8.1,5.9,8.2,13.9,16.0,5.9,3.1,5.4,6.7,1.2,1.2,8.2,6.6,6.5,3.2,5.0,5.1,1.1,3.9,0.0,0.1,6.9,14.6,20.9,20.0,13.3,-3.4,6.9,11.8,3.0,3.5,7.1,3.7,1.5,2.5,2.1,1.6,2.1,2.7,2.6,2.9,3.6,1.0,4.6,0.2,1.3,0.1,-0.3,2.0,0.3,1.1,5.6,0.7,0.4,3.9,1.2,0.9,4.8,4.9,0.7,-1.2,0.8,1.2,0.7,3.0,0.3,0.2,15.2,0.7,0.9,0.7
2022-11,3.8,3.7,4.5,4.4,2.8,1.5,6.9,7.3,6.8,8.9,13.3,13.6,6.4,7.5,6.0,7.5,-0.9,-1.1,9.5,7.3,6.8,5.6,5.9,5.3,1.2,4.3,0.1,0.1,7.5,14.1,20.1,21.0,5.5,-2.6,7.3,10.7,3.2,5.8,8.3,5.1,1.5,2.7,2.0,2.0,2.0,3.1,2.7,4.0,3.7,2.0,5.1,0.3,1.1,0.9,-0.3,1.6,0.9,0.1,6.7,0.7,0.4,3.9,1.2,0.0,4.6,5.5,0.7,-2.9,0.9,1.3,0.6,3.8,0.6,0.3,13.3,0.8,0.0,0.6
2022-12,4.0,4.0,4.8,4.8,3.0,1.6,7.0,4.9,7.4,9.6,15.1,16.2,7.1,9.0,1.6,0.5,-0.8,-1.0,10.2,7.6,7.3,6.3,6.1,5.8,1.2,4.5,0.1,0.1,7.8,15.2,21.3,23.3,4.7,-2.7,7.5,10.8,3.6,6.3,9.6,4.4,1.5,2.9,2.0,1.5,2.0,3.4,2.9,4.4,4.2,2.5,5.2,0.4,1.3,1.0,-0.3,2.1,0.8,0.7,7.2,0.7,0.3,3.9,1.2,0.0,4.4,5.6,0.7,-3.0,1.1,1.8,1.2,3.7,0.6,0.2,15.2,0.7,-0.1,0.6
2023-01,4.3,4.2,5.1,5.0,3.2,1.9,7.3,7.2,7.4,8.1,16.1,17.2,7.6,9.5,3.4,3.1,2.7,2.8,9.8,7.0,7.7,6.3,6.0,5.9,1.3,4.7,0.0,0.1,8.2,14.9,20.2,24.3,4.3,-2.6,7.7,11.1,4.7,6.1,9.7,4.8,1.5,3.1,2.3,2.1,2.3,3.6,3.1,4.4,4.5,2.7,5.0,0.5,1.6,1.2,-0.3,2.1,0.6,0.8,7.1,0.7,0.3,3.9,1.2,1.6,3.8,6.0,0.7,-0.2,1.1,2.0,0.9,3.9,0.6,0.2,14.6,0.6,1.4,0.7
2023-02,3.3,3.1,3.9,3.8,3.5,2.1,7.5,5.8,7.8,7.2,15.5,15.7,7.5,11.7,1.8,0.7,3.6,3.7,10.6,7.1,8.3,7.8,6.1,6.4,1.3,4.8,0.1,0.1,8.4,-0.3,-5.5,12.5,0.5,-1.4,8.7,11.2,6.0,7.0,10.0,7.6,1.6,3.6,2.5,1.6,2.6,4.3,3.8,5.2,5.2,2.5,5.3,0.9,2.3,2.4,-0.3,1.7,0.4,0.1,7.6,0.9,0.4,3.9,2.1,1.5,3.1,6.0,0.7,-0.2,1.3,2.1,1.1,5.1,0.6,0.2,-0.7,0.8,1.3,1.3
2023-03,3.2,3.1,3.8,3.7,3.8,2.3,7.8,5.4,8.2,7.1,15.8,15.9,7.6,13.8,1.2,-1.0,4.5,4.8,9.8,8.2,8.9,6.7,6.6,6.9,1.3,4.8,0.0,0.1,8.4,-2.8,-8.5,8.3,-3.0,-0.5,9.4,9.4,6.0,6.4,10.4,12.2,1.5,3.6,2.4,1.8,2.4,4.3,3.6,5.8,5.7,3.1,5.9,1.3,2.5,4.0,-0.3,1.6,1.0,-0.3,7.7,0.9,0.4,2.0,2.1,2.3,3.5,6.2,1.0,0.9,1.3,2.5,1.5,3.5,0.6,0.2,-3.8,0.8,2.1,1.4
2023-04,3.5,3.4,4.1,4.0,4.1,2.5,8.4,5.3,9.0,7.5,15.4,14.3,8.4,16.7,3.1,1.2,2.2,2.3,9.3,11.0,9.3,7.3,7.5,6.6,1.2,4.3,0.1,0.1,7.6,-3.8,-9.3,4.8,-3.0,0.1,10.0,9.8,8.6,6.3,11.2,12.6,2.0,3.8,2.5,2.3,2.5,4.5,3.5,6.6,6.4,3.0,5.2,1.7,1.6,5.7,0.4,1.8,2.4,-0.2,7.8,1.3,0.3,0.6,3.6,3.1,2.8,6.3,0.9,2.4,1.2,2.5,1.1,3.5,0.6,0.1,-4.4,1.2,2.9,1.0
2023-05,3.2,3.2,3.8,3.8,4.3,2.6,8.6,5.2,9.2,7.2,14.8,13.1,8.6,17.5,3.0,1.0,3.4,3.6,10.3,11.3,9.4,8.4,7.6,6.4,1.2,4.4,0.0,0.0,7.7,-8.3,-17.1,2.0,-2.5,0.2,9.6,9.0,8.3,6.2,10.5,12.8,2.1,3.9,2.6,2.4,2.6,4.5,3.4,6.8,6.2,3.6,5.2,2.1,2.2,6.8,0.5,2.2,2.5,0.5,7.5,1.3,0.4,0.6,3.6,3.4,4.4,5.8,2.6,2.6,1.3,2.5,1.3,3.6,0.6,0.1,-8.2,1.2,3.2,1.0
2023-06,3.3,3.3,3.9,3.9,4.2,2.6,8.4,3.8,9.2,7.4,13.0,9.8,7.7,17.4,2.4,-0.1,3.7,3.9,10.7,10.8,9.9,9.1,7.9,6.0,1.1,4.0,0.1,0.1,6.9,-6.6,-12.4,-1.1,-2.2,0.0,8.6,6.7,10.0,6.5,9.2,12.6,2.1,3.9,2.8,2.7,2.8,4.2,3.0,6.7,6.5,3.9,5.2,2.4,2.3,7.9,0.4,2.2,2.5,0.6,7.2,1.3,0.4,0.6,3.6,3.5,3.4,7.3,3.6,2.1,1.5,2.5,1.7,5.5,0.6,0.1,-6.6,1.2,3.3,1.1
2023-07,3.3,3.1,3.9,3.7,4.3,2.7,8.8,6.5,9.2,8.1,13.4,10.8,7.6,17.3,5.7,4.5,4.5,4.7,10.4,11.5,10.0,8.8,8.5,5.5,1.1,3.9,0.1,0.1,6.8,-9.6,-16.6,-5.3,-1.4,0.6,8.4,6.0,11.1,5.7,8.4,13.8,0.8,4.1,3.0,2.6,3.0,4.5,3.3,6.9,6.5,4.2,5.0,2.2,2.2,7.4,0.4,2.2,2.7,1.3,4.8,1.3,0.4,0.6,3.6,4.8,2.4,7.8,4.8,4.0,1.2,2.6,1.4,3.3,0.6,0.0,-8.7,1.2,4.4,3.8
2023-08,3.2,3.1,3.7,3.6,4.3,2.7,8.6,5.3,9.2,7.7,11.6,8.0,6.7,21.4,5.9,4.3,3.6,3.7,9.9,11.7,9.5,8.9,8.9,5.3,1.1,3.9,0.1,0.1,6.7,-12.3,-20.9,-9.5,3.2,1.6,7.1,3.0,10.6,5.8,7.6,13.3,0.9,4.4,3.2,3.2,3.2,5.2,4.3,7.0,6.4,4.3,4.9,2.4,2.4,7.9,0.4,3.3,2.2,2.9,5.0,1.3,0.4,0.6,3.6,5.0,0.9,7.6,5.2,4.6,1.7,2.8,1.2,7.4,0.6,0.0,-9.8,1.3,4.6,3.8
2023-09,3.0,2.8,3.6,3.3,4.2,2.6,9.0,9.6,8.8,7.5,8.6,4.6,6.8,20.6,11.5,13.1,9.1,9.7,8.3,11.6,9.2,8.8,8.5,5.0,1.2,4.0,0.1,0.1,6.8,-14.3,-24.6,-12.5,7.5,3.7,6.2,1.5,11.1,4.2,7.1,12.7,0.9,3.4,2.1,3.0,2.1,3.8,2.6,6.5,6.0,4.2,4.7,2.4,2.6,7.7,0.4,3.5,3.0,3.1,5.0,1.3,0.4,0.6,3.6,4.6,0.2,6.3,5.3,4.5,1.7,2.6,1.2,8.0,0.6,0.0,-11.7,1.1,4.3,3.8
2023-10,3.3,2.9,3.9,3.4,4.0,2.7,8.6,14.1,7.6,7.5,8.6,5.3,4.7,19.2,15.3,18.6,15.7,16.9,8.0,10.5,8.1,7.1,4.3,3.8,0.8,2.4,0.1,0.1,4.0,-10.0,-16.8,-10.2,4.8,3.3,6.9,3.2,10.8,4.2,7.0,13.1,1.0,3.0,1.9,2.4,1.9,3.7,2.3,6.9,3.4,4.5,4.3,2.3,3.8,8.2,-0.5,3.2,3.4,2.2,6.0,1.3,0.4,0.6,3.6,6.4,-0.6,4.7,5.8,8.2,1.6,2.6,1.0,8.3,0.4,-0.1,-8.7,1.0,6.0,3.9
2023-11,2.8,2.5,3.3,3.0,3.8,2.7,7.3,10.4,6.7,7.5,7.2,4.4,3.9,14.2,9.7,10.5,17.6,19.0,6.1,9.9,7.7,4.9,3.6,4.0,0.7,2.0,0.1,0.1,3.4,-11.4,-18.1,-11.6,1.9,2.4,6.1,2.6,9.5,2.8,5.9,12.3,1.0,2.8,2.0,2.0,2.0,3.3,1.9,6.2,3.4,3.7,3.9,2.5,4.4,8.3,-0.5,2.8,3.6,2.0,4.9,1.3,0.4,0.6,3.6,7.5,0.2,3.6,6.0,10.5,1.5,2.5,0.9,7.6,0.2,-0.1,-10.1,1.1,7.1,4.0
2023-12,2.6,2.3,3.0,2.7,3.7,2.8,6.7,9.7,6.2,7.4,3.3,-0.9,3.6,13.0,12.8,15.5,13.6,14.6,5.2,9.0,7.0,4.8,3.4,3.6,0.7,2.0,0.1,0.1,3.4,-13.2,-20.5,-13.8,3.2,2.2,6.5,4.0,9.1,2.8,5.3,12.6,1.0,3.0,2.4,2.1,2.4,3.4,1.9,6.5,3.3,3.7,3.9,2.4,4.4,7.9,-0.5,2.9,3.2,2.2,4.8,1.3,0.4,0.6,3.6,7.8,0.1,4.8,6.5,10.5,1.3,2.1,0.6,7.4,0.2,-0.1,-11.6,1.1,7.4,4.0
2024-01,2.2,2.0,2.5,2.4,3.5,2.6,5.7,4.7,5.9,7.0,2.9,-0.8,2.8,11.8,6.7,5.9,9.3,9.8,4.8,9.6,6.6,4.4,3.4,3.4,0.7,2.0,0.2,0.2,3.4,-13.9,-21.0,-15.3,4.0,1.8,6.5,4.7,8.4,2.2,4.9,12.2,0.9,3.0,2.9,1.6,2.9,3.0,1.6,6.0,3.0,3.4,4.0,2.3,4.2,7.7,-0.5,3.0,3.5,3.2,2.1,1.4,0.4,2.5,3.6,6.8,-0.3,4.1,6.0,9.2,1.2,2.1,1.2,5.3,0.2,-0.1,-12.1,1.2,6.5,2.1
2024-02,2.8,2.8,3.3,3.3,3.2,2.5,4.8,2.5,5.3,6.6,2.1,-1.9,2.6,8.7,4.4,2.6,8.0,8.3,3.9,9.6,5.6,3.8,3.2,3.0,0.6,1.7,0.2,0.2,2.8,-3.0,-2.5,-9.4,4.3,0.7,5.1,3.5,7.5,2.2,4.4,8.8,0.9,2.6,2.6,1.2,2.6,2.5,1.0,5.3,2.2,3.4,3.9,1.8,3.1,6.4,-0.5,2.9,3.8,3.2,1.4,1.3,0.4,2.5,3.4,7.3,1.3,4.3,6.2,9.8,1.1,2.1,0.4,5.8,0.2,-0.1,-1.7,1.1,7.1,1.5
2024-03,2.7,2.6,3.1,3.0,2.9,2.2,4.8,5.5,4.6,6.3,1.5,-1.5,2.4,6.2,6.9,7.1,11.4,12.1,3.9,8.8,4.7,4.5,2.6,2.6,0.6,1.7,0.2,0.2,2.8,-1.7,-1.0,-7.1,4.7,0.7,3.2,1.9,7.2,2.1,3.5,4.6,1.0,2.2,2.0,0.8,2.1,2.4,1.3,4.5,1.8,3.3,2.9,1.5,3.2,4.9,-0.5,2.4,3.2,2.9,0.2,1.3,0.4,2.5,3.2,7.2,1.8,4.6,6.0,9.4,1.1,1.9,0.4,6.1,0.2,-0.1,-0.6,1.1,6.9,1.4
2024-04,2.5,2.2,2.9,2.6,2.4,2.0,4.3,9.1,3.5,5.3,1.2,-1.1,2.1,2.7,10.6,13.5,13.5,14.5,3.8,5.7,3.5,4.0,1.9,2.1,0.6,1.6,0.2,0.3,2.5,-1.1,-1.1,-4.2,4.8,0.5,2.5,0.5,5.2,1.4,4.4,3.6,2.2,2.2,2.1,-0.2,2.1,2.2,1.4,3.7,1.8,3.3,3.2,1.2,3.3,3.8,-0.8,2.7,1.7,3.5,1.0,-0.9,-2.5,3.3,2.4,6.2,1.9,3.9,6.5,7.7,1.1,1.5,0.7,6.1,0.2,0.0,0.1,-1.0,5.9,1.4
2024-05,2.8,2.5,3.3,3.0,2.1,1.7,4.1,8.8,3.2,6.0,0.4,-1.9,2.1,0.9,11.2,14.4,11.7,12.5,1.9,4.9,3.6,3.8,1.7,2.1,0.6,1.5,0.2,0.3,2.2,6.6,14.7,-2.5,4.8,0.7,2.9,1.9,4.8,1.5,4.6,3.0,2.4,2.2,2.0,0.0,2.1,2.5,1.7,4.2,1.3,2.9,3.2,1.1,2.9,3.6,-0.8,2.3,1.5,3.1,0.4,-1.0,-2.6,3.3,2.4,5.2,1.7,3.4,4.8,6.6,1.2,1.4,0.8,6.3,0.2,0.0,7.2,-1.0,4.9,1.4
2024-06,2.8,2.6,3.3,3.1,2.2,1.9,3.6,8.0,2.8,5.4,0.4,-1.0,2.5,0.8,9.1,11.5,12.8,13.7,0.5,5.0,2.4,3.4,1.5,2.1,0.6,1.4,0.3,0.3,2.2,7.5,13.4,2.4,4.4,1.4,3.7,3.9,3.2,0.9,5.0,3.4,2.4,2.2,1.8,-0.3,1.9,2.9,2.1,4.4,0.9,2.8,3.1,1.4,2.6,2.8,0.2,2.5,1.9,3.0,1.3,-1.0,-2.6,3.3,2.4,5.6,2.3,2.8,4.3,7.4,1.1,1.4,0.9,5.3,0.2,0.1,7.7,-1.0,5.3,1.3
2024-07,2.8,2.7,3.2,3.1,1.9,1.6,2.9,4.2,2.6,4.2,0.0,-1.3,3.7,0.1,4.9,5.2,9.1,9.6,0.4,4.3,2.0,3.7,0.6,2.3,0.6,1.6,0.3,0.3,2.6,12.9,22.3,7.4,3.7,1.9,3.7,5.2,1.4,1.2,5.9,1.7,2.4,2.2,1.7,-0.1,1.7,3.5,2.9,4.7,0.4,2.9,3.0,1.5,2.7,3.0,0.3,1.2,0.9,2.5,-2.3,-1.0,-2.6,3.3,2.4,4.4,2.5,2.7,3.2,5.6,1.3,1.3,0.5,7.6,0.2,0.1,12.0,-1.0,4.1,-1.6
2024-08,3.0,2.8,3.5,3.3,2.0,1.7,3.6,7.8,2.9,6.5,0.6,-0.5,4.6,-2.8,9.5,12.5,9.4,10.1,0.2,4.1,2.5,3.9,0.5,2.5,0.7,1.8,0.3,0.3,2.8,15.0,26.2,11.1,-0.7,1.9,5.2,7.7,1.9,1.0,5.5,4.1,2.3,2.3,1.8,-0.6,1.9,3.7,3.2,4.5,0.2,2.8,2.8,1.5,2.8,2.9,0.3,0.2,0.8,1.0,-2.4,-1.0,-2.6,3.3,2.4,4.8,3.7,3.0,2.9,6.0,0.8,1.4,0.5,3.3,0.2,0.1,12.0,-1.2,4.5,-1.7
2024-09,2.5,2.4,2.9,2.7,2.1,1.7,3.4,5.5,3.1,10.4,0.4,-0.3,4.1,-2.9,6.0,6.8,9.9,10.6,0.3,3.3,2.1,3.5,0.7,2.7,0.7,1.8,0.3,0.4,2.8,8.8,15.2,7.7,-4.6,2.3,4.8,6.5,2.2,1.2,6.2,3.9,2.3,2.4,2.6,-0.6,2.7,2.9,2.4,4.0,0.6,2.5,2.9,1.5,2.8,3.1,0.3,0.1,1.2,0.8,-2.6,-1.0,-2.6,3.3,2.4,4.3,5.4,2.8,2.9,5.0,0.9,1.3,0.9,2.8,0.2,0.2,6.0,-1.0,4.1,-1.7
2024-10,2.3,2.3,2.6,2.6,2.3,1.6,3.5,2.1,3.8,13.5,-0.3,-1.4,5.0,-2.1,3.0,2.0,6.1,6.6,0.2,5.0,1.8,6.1,-0.2,2.9,0.8,2.4,0.3,0.4,3.8,3.2,4.0,3.5,-1.1,2.6,4.4,6.0,2.3,1.1,5.7,3.0,2.3,2.4,2.8,-0.2,2.9,2.6,2.3,3.1,0.3,2.3,3.2,1.7,2.3,3.4,0.8,0.5,0.8,1.9,-3.5,-1.0,-2.6,3.3,2.4,4.2,3.8,2.1,2.2,5.5,1.1,1.2,1.4,2.1,0.0,0.8,2.3,-0.9,4.0,-1.7
2024-11,2.9,2.7,3.4,3.1,2.4,1.7,4.8,8.7,4.2,15.0,-0.4,-1.8,4.5,-1.9,11.4,14.3,10.4,11.1,0.5,5.8,2.4,7.4,-0.3,2.4,0.9,2.5,0.3,0.4,3.9,6.8,9.9,5.6,2.0,2.7,3.7,4.1,2.6,0.9,5.9,2.8,2.3,2.6,2.9,0.5,3.0,2.7,2.7,2.7,0.7,2.8,3.3,1.6,1.9,2.9,0.8,0.9,0.7,2.3,-3.0,-1.0,-2.6,3.3,2.4,4.5,3.6,3.1,2.0,5.6,1.1,1.3,1.3,2.2,0.3,0.8,6.0,-1.0,4.2,-1.8
2024-12,3.6,3.0,4.2,3.5,2.4,1.6,6.4,17.3,4.4,15.2,2.0,1.9,4.1,-1.6,19.7,27.3,16.6,17.9,0.8,6.4,2.7,7.4,-0.3,2.8,0.8,2.2,0.3,0.4,3.5,11.4,18.7,7.8,1.8,2.9,3.0,2.6,2.2,1.2,5.6,2.5,2.3,2.9,3.2,0.6,3.2,3.3,3.9,2.2,0.9,2.6,3.4,1.7,2.0,3.4,0.8,1.1,0.6,2.3,-2.1,-1.0,-2.6,3.3,2.4,4.0,1.9,2.7,1.8,5.2,1.1,1.4,0.9,2.6,0.3,0.8,10.1,-0.9,3.7,-0.4
2025-01,4.0,3.2,4.7,3.8,2.5,1.5,7.8,21.9,5.1,18.4,1.6,0.9,5.5,-1.0,25.5,36.0,21.1,22.7,0.9,6.8,3.4,7.6,-0.4,3.1,0.8,2.2,0.2,0.4,3.5,11.2,18.0,6.8,6.3,3.0,3.4,3.9,2.9,0.9,5.1,2.7,2.4,2.8,3.1,1.9,3.1,2.8,3.1,2.2,1.2,2.9,3.6,1.8,2.3,3.7,0.8,2.0,0.3,3.1,-0.3,-1.1,-2.6,1.3,2.4,2.6,3.6,2.5,4.0,2.2,1.4,1.7,1.0,4.5,0.3,0.8,10.8,-0.9,2.4,1.3
2025-02,3.7,3.0,4.3,3.5,2.6,1.5,7.6,18.8,5.6,21.9,3.4,4.0,5.2,0.4,20.3,28.0,19.4,20.8,0.3,6.8,4.2,6.6,-0.2,3.2,0.8,2.4,0.2,0.4,3.8,6.3,9.0,3.4,9.3,2.8,4.0,5.4,2.5,0.9,5.1,3.0,2.3,2.8,3.1,2.5,3.1,2.9,3.4,1.9,1.3,2.4,3.9,1.7,2.4,3.2,0.8,2.4,0.1,3.5,0.1,-1.1,-2.6,1.3,2.2,2.1,1.5,2.6,3.8,1.6,1.1,1.6,0.9,2.7,0.3,0.8,6.9,-0.8,1.9,1.3
2025-03,3.6,3.2,4.2,3.7,2.9,1.6,7.4,13.9,6.2,25.4,4.4,4.8,5.1,2.0,16.6,22.1,9.5,10.2,0.7,6.9,4.6,6.2,-0.4,3.6,0.8,2.4,0.2,0.4,3.8,5.7,8.7,2.4,8.8,1.8,4.5,6.5,2.8,1.7,5.4,2.9,2.3,3.0,3.1,2.5,3.1,3.1,3.8,1.6,2.1,2.1,4.5,2.0,3.1,3.4,0.8,2.7,0.3,3.7,1.0,-1.2,-2.6,1.3,1.9,2.0,0.8,2.3,3.4,1.7,1.1,1.6,0.9,2.2,0.3,0.8,6.6,-0.8,1.8,1.3
2025-04,3.6,3.5,4.1,4.1,3.0,1.6,6.5,3.9,7.0,27.4,4.6,4.8,5.0,3.4,3.8,2.5,5.2,5.5,0.3,7.7,5.3,6.7,3.8,4.1,1.0,2.9,0.3,0.5,4.6,8.4,13.5,4.4,9.5,1.5,4.1,6.4,2.1,1.3,3.8,3.1,1.3,2.7,3.2,2.8,3.2,1.9,2.0,1.8,2.1,1.8,4.8,2.2,3.2,2.7,1.5,2.7,0.7,3.6,1.1,-5.6,-9.5,1.1,2.8,2.7,0.7,4.7,3.4,2.1,1.3,1.9,1.4,2.3,0.3,0.8,9.3,-4.2,2.5,1.4
2025-05,3.5,3.7,4.0,4.3,3.3,1.6,6.5,-0.1,7.7,28.7,4.3,4.0,6.2,4.3,-1.0,-4.7,3.8,4.0,1.3,7.4,6.4,7.1,4.6,4.4,1.1,3.1,0.3,0.5,4.8,7.7,11.3,5.4,8.5,1.7,3.0,3.8,-0.1,1.0,3.3,3.3,1.3,2.6,3.0,2.6,3.0,1.9,2.3,1.2,2.3,1.5,4.9,2.0,3.0,2.1,1.5,2.7,1.1,3.2,1.9,-5.6,-9.5,1.1,2.8,3.0,0.6,4.9,3.3,2.5,1.3,2.0,1.4,2.8,0.6,0.7,8.1,-4.3,2.8,1.5
2025-06,3.3,3.3,3.8,3.9,3.4,1.6,7.2,1.6,8.2,29.0,3.9,3.2,6.0,4.2,1.6,-1.5,5.0,5.2,2.3,9.0,6.9,8.7,4.3,4.5,1.0,3.1,0.3,0.5,4.8,3.4,5.5,2.7,4.8,-1.0,2.7,2.5,0.0,1.3,3.1,4.0,1.3,2.6,3.2,2.6,3.2,2.1,2.5,1.2,2.0,1.6,4.7,1.5,3.1,2.2,0.4,2.4,0.9,1.5,5.9,-5.6,-9.6,1.1,2.8,2.8,1.0,5.0,3.6,2.1,1.2,2.1,1.1,1.9,0.6,0.6,2.9,-4.2,2.7,5.0
2025-07,3.1,3.1,3.6,3.6,3.4,1.6,7.6,3.3,8.3,27.4,2.5,0.8,5.2,5.3,5.0,3.7,5.4,5.6,2.9,10.8,7.1,9.2,4.3,4.5,1.0,2.9,0.3,0.5,4.5,-0.2,-0.7,0.0,5.2,-1.1,2.5,1.1,0.3,1.5,2.0,5.5,1.3,2.8,3.3,2.7,3.3,2.3,3.3,0.4,2.1,1.4,4.6,1.5,3.1,2.1,0.4,2.6,1.0,1.7,6.4,-5.6,-9.6,1.1,2.8,2.6,-0.8,4.8,3.5,2.1,1.2,2.2,0.9,2.5,0.6,0.6,-0.3,-4.3,2.4,5.1
2025-08,2.7,2.7,3.1,3.2,3.3,1.6,7.2,2.8,8.0,22.7,2.7,1.7,4.8,7.9,4.1,2.1,5.4,5.7,2.5,11.5,6.8,9.0,4.1,4.4,1.1,3.0,0.3,0.5,4.7,-4.0,-7.0,-2.7,6.2,-1.4,2.0,0.3,1.1,1.9,2.5,4.0,1.3,2.9,3.3,3.7,3.3,2.1,3.3,-0.1,3.1,1.5,4.7,1.3,2.6,1.8,0.4,3.0,1.1,2.1,7.0,-5.6,-9.6,1.1,2.8,2.3,-1.9,4.4,3.6,1.8,1.3,2.4,1.2,2.3,0.6,0.6,-3.3,-4.3,2.1,5.6
2025-09,2.9,2.9,3.4,3.4,3.0,1.3,6.7,2.1,7.6,18.0,2.9,1.6,4.8,8.5,4.0,2.4,2.0,2.0,2.6,12.2,6.1,10.1,4.1,4.1,1.0,2.7,0.3,0.5,4.2,1.9,3.2,1.6,6.2,-1.9,1.0,-1.8,1.5,1.0,1.6,4.0,1.6,2.5,2.9,4.1,2.9,1.8,2.7,-0.2,2.8,1.4,4.7,1.2,2.6,1.2,0.4,3.0,1.0,2.2,6.7,-5.6,-9.6,1.1,2.8,2.0,-3.3,3.1,3.6,1.9,0.7,2.3,1.2,2.4,0.6,-1.0,2.3,-4.3,1.8,5.6
2025-10,3.0,3.0,3.4,3.5,3.1,1.6,6.4,2.2,7.2,16.8,4.8,4.6,3.7,7.8,2.6,0.7,2.6,2.2,4.4,9.5,6.5,8.7,4.6,4.3,0.9,2.2,0.4,0.6,3.3,2.2,3.5,0.7,5.9,-0.4,1.8,0.4,2.1,1.0,1.5,4.0,1.6,2.5,3.2,3.2,3.2,1.3,2.2,-0.4,2.5,1.5,4.9,0.8,2.4,0.7,0.0,3.6,1.5,2.7,7.5,-5.6,-9.6,1.1,2.8,2.6,-2.6,3.9,3.7,2.6,0.7,2.2,1.9,2.2,0.6,-1.3,2.1,-4.2,2.4,6.1
2025-11,2.9,3.0,3.3,3.4,3.0,1.6,6.1,1.5,7.0,15.8,5.8,6.7,4.3,7.7,2.9,1.2,-2.7,-3.5,4.2,8.8,6.3,8.4,4.9,4.2,0.9,2.3,0.4,0.6,3.4,3.0,4.9,0.7,5.5,0.2,1.8,0.6,2.3,1.2,0.8,3.9,1.6,2.3,2.5,2.6,2.5,1.8,2.5,0.4,2.4,1.2,4.6,0.8,2.6,0.6,-0.1,3.3,2.0,2.4,6.9,-5.6,-9.6,1.1,2.8,2.3,-3.7,3.2,3.6,2.6,0.6,2.3,1.6,2.1,0.3,-1.2,2.5,-4.2,2.2,6.1
2025-12,2.1,2.4,2.4,2.7,2.9,1.5,5.1,-2.7,6.7,14.7,6.6,8.3,4.7,7.8,-2.9,-7.1,-4.9,-5.8,4.5,8.6,5.7,7.7,4.7,4.0,1.0,2.4,0.5,0.6,3.6,-1.3,-2.3,-2.1,4.6,0.0,1.6,0.4,2.4,0.5,0.6,3.8,1.7,2.0,2.4,2.4,2.4,1.3,1.8,0.3,2.0,1.1,4.4,0.7,2.2,0.8,-0.1,1.9,1.2,0.7,6.2,-5.6,-9.6,1.1,2.8,2.3,-2.5,3.4,3.7,2.3,0.8,2.3,2.0,2.2,0.3,-1.2,-3.1,-4.2,2.1,4.7
2026-01,1.5,1.9,1.8,2.2,2.5,1.5,3.7,-6.7,5.6,11.8,7.7,9.5,3.6,7.6,-7.1,-12.5,-8.1,-9.7,4.7,6.9,4.4,6.3,5.0,3.1,0.9,2.1,0.5,0.7,3.2,-1.6,-1.7,-1.9,-1.3,-0.9,0.8,-1.9,2.4,0.6,0.8,3.5,1.6,1.8,1.9,1.1,1.9,1.6,2.5,0.0,1.4,1.6,4.0,1.9,7.7,0.6,-0.2,1.4,1.1,-1.0,8.4,-2.8,-4.7,1.2,2.5,1.8,-4.3,4.1,1.5,1.9,0.3,1.7,1.3,2.4,1.1,-1.9,-5.1,-2.9,1.6,6.0
2026-02,1.3,1.5,1.4,1.8,2.4,1.5,3.7,-4.7,5.1,7.2,7.1,8.9,3.5,7.6,-4.2,-8.7,-8.1,-9.8,5.1,6.7,4.5,7.3,5.1,3.0,0.9,2.1,0.5,0.7,3.0,-5.8,-8.0,-5.1,-3.5,-1.6,1.3,0.1,2.5,-0.4,0.1,3.7,0.9,1.7,1.5,1.3,1.5,1.3,2.0,0.0,1.6,2.3,3.9,2.0,8.2,0.5,-0.2,1.3,1.3,-1.2,8.5,-2.7,-4.7,1.8,2.6,1.9,-4.1,3.4,1.7,2.2,0.3,1.7,1.3,2.7,1.1,-1.9,-9.1,-2.9,1.7,6.0
2026-03,1.5,1.7,1.7,2.0,2.4,1.6,3.4,-4.6,4.7,3.4,6.1,7.1,3.6,5.4,-4.9,-9.7,-4.6,-6.2,3.9,6.9,4.6,8.0,5.1,3.2,0.9,1.9,0.6,0.7,2.7,-5.3,-8.0,-5.3,6.0,-1.4,2.6,4.0,2.5,-1.2,0.3,3.8,0.8,1.7,1.8,-0.1,1.9,1.5,2.3,0.0,1.1,2.0,3.9,1.9,8.0,0.3,-0.2,2.7,0.9,0.9,8.6,-2.6,-4.7,1.8,3.0,1.9,-3.8,3.4,2.0,2.1,0.4,1.6,1.3,3.4,1.1,-1.9,-6.1,-2.9,1.7,6.0
2026-04,1.4,1.4,1.5,1.6,1.9,1.2,3.3,0.2,3.8,1.3,6.1,7.1,4.0,4.9,0.5,-2.0,-1.3,-2.5,4.1,6.8,4.1,8.0,1.1,1.3,0.8,1.8,0.4,0.6,2.7,-1.7,-2.6,-3.3,10.4,-1.3,2.0,1.8,2.5,-0.4,1.1,3.5,0.6,1.3,1.2,0.1,1.3,1.2,1.6,0.2,0.4,1.9,3.6,0.4,2.6,0.6,-0.6,2.0,2.4,-0.4,8.8,-3.9,-6.5,1.4,2.7,1.1,-3.4,1.1,1.8,1.6,0.1,1.5,1.0,3.7,3.1,-2.8,-4.0,-6.2,1.1,6.1
2026-05,1.5,1.4,1.7,1.6,1.8,1.2,3.3,3.6,3.3,-0.7,6.1,7.5,3.2,3.6,4.3,3.8,0.3,-0.6,3.8,6.9,4.0,7.6,0.4,1.3,0.9,2.2,0.4,0.6,3.3,-1.5,-2.4,-1.7,12.5,-3.0,2.0,1.6,4.3,0.0,1.1,3.6,0.4,1.4,1.5,-0.1,1.6,1.0,1.4,0.1,0.6,2.0,3.8,0.3,2.1,0.5,-0.6,2.5,2.2,0.3,8.7,-3.9,-6.5,1.4,2.8,1.4,-2.7,1.8,1.9,1.8,0.3,1.4,1.6,3.9,2.4,-2.7,-2.7,-6.2,1.4,6.1
2026-06,1.6,1.6,1.9,1.8,1.7,1.2,3.2,3.9,3.1,-2.1,7.6,9.6,4.0,4.5,3.7,2.8,1.0,0.2,4.0,5.6,3.7,5.9,0.5,1.6,1.0,2.5,0.5,0.7,3.8,-0.4,-1.7,-0.8,16.5,-1.1,2.3,2.7,4.4,-1.4,0.9,3.7,0.3,1.4,1.7,-0.2,1.8,0.7,1.3,-0.8,0.6,2.0,4.1,1.6,2.5,0.8,1.5,2.5,2.1,2.0,4.1,-3.8,-6.4,2.6,2.8,1.4,-2.1,2.9,1.6,1.2,0.4,1.3,1.7,3.9,2.9,-2.5,-0.4,-6.2,1.3,2.8
2026-07,1.9,1.8,2.2,2.0,1.9,1.4,3.5,7.0,3.0,-2.2,9.0,12.4,3.9,3.5,6.5,6.6,3.0,2.4,3.4,6.1,3.5,5.5,0.6,1.7,1.0,2.7,0.5,0.7,4.1,0.7,-0.1,1.6,15.7,-1.9,3.7,3.5,4.7,-0.8,2.6,6.3,-0.1,1.2,1.6,-0.5,1.6,0.0,0.3,-0.6,1.4,1.3,4.4,2.1,2.6,3.1,1.5,2.6,2.4,2.1,3.8,-3.8,-6.4,2.6,2.8,1.9,1.7,3.8,1.5,1.3,0.4,1.2,2.1,3.8,2.9,-2.8,0.6,-6.1,1.8,2.7
2026-08,1.9,1.7,2.2,2.0,1.9,1.6,3.1,6.0,2.7,-3.4,9.9,13.5,3.3,1.3,5.5,5.5,0.8,0.1,4.0,5.0,3.3,6.0,0.4,2.1,1.0,2.6,0.5,0.7,4.0,-0.3,-2.4,2.0,15.5,-1.5,4.9,3.9,4.0,-1.0,2.6,10.1,-0.2,1.5,2.0,-0.3,2.1,0.4,0.7,-0.2,1.1,1.6,4.4,3.0,2.4,4.2,2.9,2.3,2.4,2.1,2.9,-3.8,-6.4,2.6,2.8,2.2,4.5,4.7,1.4,1.1,0.7,1.2,3.1,4.1,2.9,-2.8,-0.7,-6.0,2.0,1.1
