date,0001,0161,0163,0166,0178,0168,0002,0157,0172,0003,0008,0158,0013,0016,0021,0159,0027,0160,0030,0033,0034,0037,0041,0042,0045,0164,0046,0165,0051,0054,0056,0057,0058,0059,0060,0061,0066,0070,0073,0077,0081,0082,0083,0084,0085,0089,0090,0094,0098,0103,0106,0107,0108,0109,0110,0111,0112,0113,0117,0118,0119,0120,0121,0122,0123,0128,0134,0138,0145,0146,0147,0151,0155,0156,0167,0162,0173,0169
1970-01,,,1.6,,,,,,,,,,,,,,,,,,,,,,,,,,,,,,,,,,,,,,,,,,,,,,,,,,,,,,,,,,,,,,,,,,,,,,,,,,,
1970-02,0.5,0.0,0.5,0.0,0.3,0.4,0.7,2.9,0.2,0.3,-1.9,-3.1,0.0,-0.4,3.8,7.4,4.3,4.4,0.2,0.7,3.5,0.0,0.0,0.2,0.5,0.6,0.5,0.5,0.6,0.1,0.0,0.2,0.9,,0.2,0.3,0.3,-0.3,0.1,0.3,0.9,-0.9,-2.5,-0.4,-3.3,-0.1,-0.7,0.4,0.5,0.2,0.6,6.5,0.0,0.2,9.7,0.3,0.5,0.0,0.0,0.0,0.0,0.0,,0.4,-0.1,1.6,0.5,0.1,0.4,1.1,0.2,0.5,0.0,0.0,0.2,,,
1970-03,0.8,0.3,0.8,0.2,0.3,0.3,1.5,6.8,-0.1,0.1,2.0,2.8,-0.5,-2.1,5.0,8.6,8.6,8.8,0.1,0.6,4.7,0.2,0.0,0.6,0.7,0.6,0.6,0.5,0.7,0.2,0.0,0.2,0.2,,0.5,0.8,0.5,0.0,0.5,0.2,0.1,0.5,0.3,0.1,0.4,0.1,-0.2,0.4,1.0,0.2,0.6,0.1,0.2,0.6,0.0,0.4,0.8,0.3,0.0,0.0,0.0,0.0,,0.1,-0.1,0.5,-0.4,0.2,0.5,1.2,0.5,0.9,0.0,0.0,0.1,,,
1970-04,0.9,0.9,0.9,1.0,0.8,1.1,0.7,2.2,0.3,0.1,-1.6,-3.3,0.6,-2.8,4.6,7.6,1.6,1.6,0.5,0.5,8.9,0.2,0.0,1.0,0.9,1.0,0.9,0.8,1.4,0.2,0.0,0.0,0.4,,0.7,1.3,0.5,0.2,0.7,0.1,1.0,1.9,3.1,-0.4,4.4,0.5,0.3,0.6,1.0,0.9,1.3,0.1,0.1,0.5,0.0,0.3,0.4,0.4,0.0,3.6,4.6,0.0,,1.4,-0.1,-0.4,0.4,3.5,0.5,1.2,0.5,0.9,0.0,0.3,0.3,,,
1970-05,-0.4,0.2,-0.4,0.1,0.3,0.4,-1.7,-7.2,0.2,0.2,-1.9,-3.5,0.3,-4.9,-4.6,-6.8,-10.7,-11.2,0.9,0.4,3.4,0.5,0.0,0.9,0.9,0.9,0.8,0.9,0.8,-0.2,0.0,-0.7,0.1,,0.3,0.0,1.8,-0.3,0.6,0.2,0.1,1.6,3.0,-1.1,4.6,0.5,-0.3,1.3,0.7,0.4,1.1,0.0,0.0,0.5,0.0,0.2,0.2,0.3,0.0,0.0,0.0,0.0,,0.0,-0.1,-0.1,-0.2,0.1,0.6,1.5,0.7,0.4,0.0,0.0,-0.2,,,
1970-06,0.0,0.3,-0.2,0.2,0.3,0.4,-0.6,-3.1,-0.2,0.3,-0.9,-1.6,-0.1,-1.1,-12.9,-19.4,16.6,17.2,0.9,0.7,-0.6,0.5,0.1,0.6,0.8,0.8,0.9,0.8,0.8,0.0,0.0,0.0,-0.1,,0.1,-0.2,0.1,0.6,0.3,0.1,0.8,0.3,0.5,1.8,0.1,-0.1,-0.8,0.4,0.2,0.5,0.5,0.1,0.1,0.6,0.0,0.1,0.2,0.0,0.0,0.0,0.0,0.0,,0.0,-0.1,-0.6,0.8,0.0,0.3,0.7,0.3,0.2,0.0,0.0,0.0,,,
1970-07,-0.1,0.3,-0.1,0.4,0.3,0.2,-0.5,-4.1,0.5,0.4,3.3,5.6,0.7,0.6,-6.3,-10.3,-6.3,-6.6,0.8,0.4,1.2,0.4,0.0,0.7,0.2,-0.7,0.7,0.5,-2.2,0.0,0.0,0.0,-0.1,,0.0,-0.5,0.1,0.9,0.8,0.2,0.1,1.7,3.6,2.0,4.2,0.1,-0.2,0.4,0.4,0.2,0.3,0.8,0.1,1.4,1.0,0.1,0.1,0.1,0.1,0.0,0.0,0.0,,-0.2,-0.2,-0.4,-0.9,0.1,0.3,1.1,0.3,0.2,0.0,0.0,0.0,,,
1970-08,-0.2,0.2,-0.3,0.1,0.2,0.1,-0.8,-5.4,0.7,0.5,2.6,4.1,0.2,-0.5,-0.3,-1.4,-18.1,-18.7,0.9,0.5,1.1,0.3,0.1,0.4,0.7,0.7,0.8,1.0,0.4,0.1,0.0,0.0,0.2,,0.3,0.2,0.0,0.8,0.4,0.2,0.1,-2.7,-6.9,0.9,-9.6,0.9,1.7,0.3,0.3,0.5,0.5,-0.4,0.1,1.3,-0.7,0.1,0.2,0.1,0.0,0.0,0.0,0.0,,0.4,0.6,1.0,0.7,0.1,0.2,0.5,0.3,0.4,0.0,0.0,0.1,,,
1970-09,1.6,1.0,1.7,1.0,1.0,1.1,2.7,9.9,0.6,0.9,1.4,2.1,0.1,3.2,8.5,13.5,14.8,15.5,1.8,0.7,-0.1,0.7,0.6,0.4,0.7,0.9,0.6,0.6,1.2,0.4,0.0,0.3,1.9,,2.0,3.3,0.9,1.6,0.8,0.3,1.0,5.0,8.6,6.0,9.5,4.5,7.6,1.8,0.9,1.3,1.4,0.1,0.5,1.0,0.0,0.1,0.0,0.2,0.0,0.0,0.0,0.0,,0.5,-0.6,-0.2,-0.3,1.5,0.3,0.6,0.1,0.7,0.0,0.0,0.4,,,
1970-10,1.6,1.1,1.7,1.1,1.1,0.9,2.9,7.4,1.8,0.4,0.2,-0.2,0.3,6.7,16.2,25.4,-2.7,-2.8,1.3,1.2,-1.0,0.4,4.5,1.6,0.7,1.0,0.5,0.8,1.4,0.7,0.0,0.2,3.8,,-0.1,-1.3,0.7,0.7,1.1,0.7,0.8,1.9,3.1,1.7,3.6,1.5,0.3,2.5,0.7,1.1,1.1,0.2,0.5,1.2,0.0,1.6,3.5,0.5,0.1,0.0,0.0,0.0,,0.3,0.3,1.9,-0.2,0.1,0.5,1.6,0.2,0.3,0.0,0.0,0.9,,,
1970-11,0.1,0.5,0.1,0.6,0.6,0.5,-0.5,-5.4,0.9,0.3,2.9,4.1,0.3,0.3,-6.6,-10.9,-8.4,-8.8,0.5,1.2,1.6,0.2,1.6,1.4,0.4,0.5,0.4,0.4,0.6,0.7,0.0,0.4,3.0,,0.3,-0.1,0.7,-0.1,0.8,1.5,0.2,0.7,0.7,-0.2,0.9,0.7,0.7,0.8,0.6,0.7,1.2,0.3,0.7,1.0,0.0,0.1,0.0,0.1,0.0,0.0,0.0,0.0,,1.2,0.6,0.6,4.9,0.0,0.4,1.5,0.1,0.2,0.0,0.0,0.7,,,
1970-12,0.7,0.9,0.6,0.9,0.8,0.6,0.8,0.2,0.9,0.1,3.8,5.2,0.3,2.9,-0.7,-2.7,-2.7,-2.8,0.5,0.8,0.3,0.8,0.0,1.5,0.8,0.9,0.6,0.7,1.1,0.4,0.0,0.3,1.8,,0.3,-0.5,1.7,0.1,0.6,0.8,1.8,0.6,0.4,-0.2,0.6,0.6,0.9,0.3,0.7,1.1,0.6,0.1,0.2,1.3,0.0,0.3,0.3,0.6,0.0,0.0,0.0,0.0,,0.7,-0.6,2.1,1.9,0.1,0.5,1.6,0.2,0.4,0.0,0.0,0.4,,,
1971-01,0.8,0.3,0.9,0.3,0.3,0.3,1.6,6.3,0.3,0.3,3.8,4.7,0.0,-3.6,7.4,11.3,1.9,2.1,0.2,0.5,0.5,-0.1,0.1,1.4,0.6,0.6,0.7,0.6,0.5,0.4,0.0,0.2,1.4,,0.4,-0.1,1.4,0.4,1.1,0.5,0.8,-0.2,-1.9,0.4,-2.7,1.5,0.6,2.3,1.1,0.7,1.0,0.1,0.4,0.1,0.0,0.2,0.5,0.0,0.0,0.0,0.0,0.0,,0.2,-0.2,1.2,-0.8,0.6,0.7,1.8,0.0,1.4,0.0,0.3,0.3,,,
1971-02,0.1,0.0,0.0,-0.1,0.1,0.1,0.1,-0.4,0.5,0.1,-1.5,-2.7,-0.7,-1.1,0.4,-0.3,2.3,2.5,0.2,0.6,1.4,0.2,0.0,1.0,0.6,0.5,0.6,0.6,0.5,0.3,0.0,0.1,1.1,,0.2,-0.1,0.9,0.0,0.3,0.4,0.2,-2.0,-4.6,-1.5,-5.8,-0.6,-1.2,0.1,0.4,0.3,0.7,0.0,0.1,0.0,0.0,0.3,0.2,0.4,0.0,3.3,0.0,16.0,,0.1,-0.7,0.8,0.4,0.1,0.6,0.6,1.8,0.4,0.0,0.0,0.3,,,
1971-03,0.1,0.5,0.1,0.5,0.3,0.3,-0.3,-2.3,0.3,0.0,0.7,1.0,-0.1,0.4,-5.6,-9.3,3.6,3.7,0.0,0.7,0.6,0.1,0.0,0.4,0.6,0.5,0.7,0.5,0.5,0.2,0.0,0.3,0.8,,0.6,1.0,0.5,0.3,0.6,0.3,0.1,0.5,0.7,-1.3,1.4,-0.4,-0.6,-0.2,0.7,0.8,0.7,0.1,0.2,0.1,0.0,0.2,-0.1,0.6,0.0,0.0,0.0,0.0,,0.1,-0.3,0.6,-0.2,0.1,0.2,0.5,0.0,0.2,0.0,0.0,0.5,,,
1971-04,1.4,1.1,1.4,1.2,1.3,1.9,0.7,2.7,-0.1,0.1,-0.4,-1.0,0.4,-2.3,2.5,3.7,5.9,6.2,0.4,0.6,0.2,0.2,0.0,1.0,1.2,1.4,1.1,1.1,1.7,0.3,-0.2,0.3,1.3,,0.8,0.9,0.6,0.8,0.6,0.2,3.2,1.8,3.0,0.7,4.0,1.1,2.1,0.2,0.9,0.9,1.8,0.0,0.1,0.1,0.0,0.7,0.0,1.8,0.2,5.4,7.0,0.0,,5.3,-0.2,-0.3,10.5,8.1,0.3,1.2,0.0,0.5,0.0,0.4,1.2,,,
1971-05,0.2,0.9,0.1,0.7,0.8,0.8,-0.8,-5.7,0.7,0.1,1.4,2.0,1.0,2.9,-6.0,-10.4,-9.9,-10.3,0.2,0.6,-0.2,-0.1,0.0,0.4,2.0,1.0,2.2,1.1,0.9,0.4,0.0,0.7,0.7,,0.0,-0.6,-0.4,1.0,0.6,0.2,0.5,2.6,5.2,3.5,5.8,0.5,1.1,-0.1,0.5,0.6,1.0,0.1,0.1,0.1,0.0,0.5,0.0,0.1,2.2,0.0,0.0,0.0,,-0.1,-0.4,-0.8,1.0,-0.1,0.2,0.5,0.0,0.2,0.0,0.0,0.3,,,
1971-06,0.5,0.7,0.4,0.7,0.7,0.7,0.1,-0.9,0.6,0.1,-0.2,-0.3,0.3,0.2,-2.9,-5.6,4.2,4.4,0.1,0.9,0.6,0.2,0.0,0.5,1.2,0.7,1.2,0.8,0.6,0.1,0.0,0.6,0.0,,0.1,-0.2,0.0,0.2,0.7,0.4,0.0,2.8,6.3,8.3,5.7,-0.1,-0.3,0.1,0.6,0.2,0.5,0.0,0.0,0.2,0.0,0.1,0.0,0.3,0.0,0.0,0.0,0.0,,-0.3,-0.6,-1.9,0.7,0.1,0.4,1.3,0.0,0.1,0.0,0.0,0.2,,,
1971-07,-0.1,0.0,-0.2,0.0,0.2,0.1,-0.5,-3.5,0.0,0.1,2.4,3.9,1.0,-1.0,-14.0,-25.2,10.1,10.6,0.4,0.7,1.0,0.1,0.0,0.6,0.3,0.4,0.4,0.5,0.4,0.2,0.0,0.4,0.3,,0.0,-0.9,0.1,0.1,0.4,1.6,0.0,-0.5,-1.5,1.6,-2.7,0.4,-0.3,1.0,0.4,0.3,0.4,0.0,0.1,0.2,0.0,0.4,0.1,0.3,1.2,0.0,0.0,0.0,,-0.1,-0.2,0.1,-0.4,0.0,0.2,0.8,0.0,0.2,0.0,0.0,0.2,,,
1971-08,-0.2,0.0,-0.1,0.1,-0.2,-0.6,0.4,-0.6,0.8,0.0,2.2,3.2,1.5,2.8,7.8,15.3,-16.8,-17.4,0.3,0.6,1.1,0.2,0.0,0.4,-0.5,0.2,-0.6,0.1,0.3,0.1,0.0,0.1,0.3,,-0.1,-0.7,0.2,0.0,0.3,0.1,0.5,-3.3,-5.9,0.6,-8.2,-3.9,-8.1,-0.2,0.2,0.0,0.4,0.0,-0.1,0.0,0.0,0.1,0.1,0.0,0.1,0.0,0.0,0.0,,0.2,0.1,0.2,0.6,0.0,0.3,1.0,0.0,0.1,0.0,0.0,0.0,,,
1971-09,2.6,0.9,2.7,0.9,1.0,0.9,5.6,23.1,1.3,0.1,1.8,2.4,2.4,7.3,30.0,55.7,21.2,22.2,0.3,0.4,-0.2,0.2,0.0,0.5,0.4,0.5,0.3,0.3,0.6,0.2,0.0,0.2,0.5,,1.1,2.3,0.6,0.9,0.6,-0.1,0.5,4.3,6.7,1.3,8.9,5.5,9.4,2.2,0.8,1.1,0.9,0.2,0.7,0.3,0.0,0.0,0.1,0.1,0.0,0.0,0.0,0.0,,0.1,0.2,0.7,-0.5,0.1,0.3,0.9,0.1,0.4,0.0,0.2,0.2,,,
1971-10,0.2,0.4,0.2,0.4,0.4,0.4,-0.2,-1.3,0.1,0.2,-1.5,-3.5,0.1,-2.0,1.5,1.7,-2.0,-2.1,0.3,0.5,-0.4,0.0,0.0,0.6,0.7,1.0,0.6,0.7,1.4,0.3,0.0,0.2,0.9,,0.1,-0.4,0.4,0.8,0.3,0.3,1.2,1.0,0.2,0.6,0.0,3.1,5.6,0.9,0.5,0.8,0.9,0.2,0.8,0.1,0.0,0.0,0.0,0.0,0.0,0.1,0.1,0.0,,0.3,-0.1,0.8,0.2,0.4,0.3,0.9,0.0,0.2,0.0,0.0,0.2,,,
1971-11,-0.9,0.3,-1.0,0.2,0.3,0.3,-2.8,-13.7,0.3,0.0,-2.8,-5.4,-0.3,0.4,-15.9,-25.4,-8.4,-8.7,0.4,0.5,0.8,0.0,0.0,0.7,0.9,0.9,0.8,0.7,1.2,0.1,0.0,0.1,0.4,,0.2,0.2,0.2,0.5,0.2,0.2,0.4,0.5,0.9,0.2,1.1,0.1,0.0,0.3,0.6,-0.2,0.4,0.1,0.5,0.1,0.0,0.0,0.0,0.0,0.0,0.0,0.0,0.0,,-0.1,0.0,-0.4,-0.3,0.0,0.2,0.8,0.1,0.0,0.0,0.0,0.1,,,
1971-12,0.1,0.4,0.0,0.4,0.5,0.4,-0.3,-4.2,1.1,0.2,2.7,3.5,0.3,3.6,-7.1,-12.9,-4.6,-4.8,0.2,0.4,-0.3,0.0,0.0,0.8,0.6,0.6,0.6,0.4,0.8,0.1,0.0,0.0,0.3,,0.2,-0.4,1.8,0.2,0.5,-0.1,0.0,-0.1,-0.6,-1.1,-0.3,0.2,0.1,0.3,0.4,0.2,0.6,0.1,0.3,0.0,0.0,0.2,0.4,0.0,0.0,0.0,0.0,0.0,,0.6,-0.2,2.0,1.8,0.1,0.5,1.8,-0.1,0.3,0.0,0.0,0.1,,,
1972-01,0.1,0.0,0.1,0.0,-0.1,0.0,0.2,2.5,-0.6,0.1,2.6,4.2,0.1,-7.4,1.2,1.9,0.4,0.4,0.9,0.7,0.1,0.1,0.0,0.9,0.7,0.7,0.5,0.4,1.1,0.0,0.0,-0.1,-0.1,,-0.4,-1.3,0.2,0.5,0.5,0.1,1.2,-1.2,-2.6,-1.1,-3.2,-1.3,-3.1,0.3,0.5,0.4,0.9,0.0,0.2,-0.2,0.0,0.1,0.2,-0.1,0.0,0.0,0.0,0.0,,0.5,-0.1,1.2,0.3,0.4,0.3,1.0,0.0,0.2,0.0,0.0,-0.1,,,
1972-02,0.5,0.5,0.4,0.5,0.5,0.6,0.3,0.9,0.1,0.2,-2.0,-3.3,-0.1,0.3,3.1,5.6,2.3,2.4,0.4,0.3,1.1,0.1,0.0,0.3,0.5,0.4,0.5,0.6,0.2,-0.1,0.0,0.1,-0.3,,-0.1,-0.2,0.0,-0.5,0.0,0.1,0.8,-1.6,-3.6,-2.0,-4.2,-0.6,-1.2,-0.1,0.5,0.1,0.5,8.7,0.4,0.3,12.6,1.7,2.7,0.2,3.1,0.0,0.0,0.0,,0.1,0.0,1.4,-1.0,0.3,0.2,0.4,0.1,0.2,0.0,0.0,-0.1,,,
1972-03,0.8,0.4,0.9,0.4,0.5,0.3,1.7,5.4,0.8,0.1,-0.1,0.1,0.1,4.9,3.5,5.7,12.3,12.9,0.0,0.7,0.8,0.0,0.0,0.8,0.4,0.4,0.4,0.4,0.2,-0.1,0.0,-0.1,-0.6,,0.1,0.0,0.3,-0.3,0.3,0.1,0.0,0.3,0.3,0.2,0.4,-0.3,-0.9,0.2,0.5,0.6,0.8,0.1,0.4,-0.2,0.0,0.1,0.0,0.0,0.2,0.0,0.0,0.0,,0.7,0.1,2.4,1.2,0.0,0.4,1.1,0.1,0.4,0.0,0.0,-0.1,,,
1972-04,1.2,0.9,1.0,0.7,0.9,1.3,1.2,4.7,0.3,0.3,0.8,1.2,0.8,-1.9,8.2,14.2,-0.5,-0.5,-0.2,0.5,1.4,-0.1,0.0,0.7,2.1,1.2,2.3,1.3,1.1,0.1,-0.2,-0.2,-0.3,,0.7,1.1,0.2,-0.3,0.4,0.0,4.3,0.2,-0.6,-2.3,0.0,0.9,1.2,0.6,0.4,0.6,1.3,0.1,0.4,0.2,0.0,0.2,0.2,0.2,0.1,6.8,8.8,0.0,,1.5,-0.1,0.0,0.2,3.5,0.4,1.5,0.0,0.2,0.0,0.8,-0.1,,,
1972-05,0.4,0.4,0.4,0.3,0.5,0.7,-0.2,-0.9,0.0,0.7,-1.0,-1.8,0.3,-3.5,4.5,7.1,-9.1,-9.5,-0.3,0.1,0.7,0.1,0.0,0.6,1.0,0.7,1.3,1.0,0.3,0.0,0.0,0.0,-0.3,,-0.3,-0.4,0.4,-0.7,-0.4,0.0,0.1,1.8,4.1,4.5,3.9,0.3,1.5,-0.7,0.1,-0.1,0.4,0.6,0.2,11.0,0.0,0.2,0.5,0.0,0.0,0.6,0.7,0.0,,0.7,0.4,3.4,0.1,0.1,0.1,0.6,-0.1,-0.3,0.0,0.0,-0.1,,,
1972-06,0.1,0.6,0.0,0.7,0.5,0.6,-0.7,-4.7,0.4,1.0,-0.8,-1.2,0.0,-0.3,-8.1,-14.0,3.2,3.3,-0.2,0.6,0.0,0.5,0.0,0.5,0.9,0.9,0.9,1.2,0.6,0.0,0.0,0.0,-0.2,,-0.1,-0.2,-0.3,-0.7,0.5,-0.1,0.8,3.4,7.6,5.5,8.4,0.1,-0.6,0.8,0.4,0.5,0.4,0.1,0.3,0.3,0.0,0.2,0.2,0.3,0.0,0.0,0.1,0.0,,-0.7,-0.1,-4.4,0.2,0.0,0.6,1.7,0.0,0.7,0.0,0.0,0.1,,,
1972-07,0.1,0.3,0.0,0.1,0.3,0.4,-0.5,-2.9,0.1,0.1,3.4,5.6,0.2,-0.3,-6.8,-12.5,-3.0,-3.1,-0.1,0.3,1.6,0.1,0.0,0.3,0.8,0.5,0.9,0.3,0.7,0.0,0.0,0.1,0.1,,0.0,-0.2,-0.3,0.6,0.2,0.0,0.4,0.4,1.0,4.6,-0.4,-0.1,0.0,-0.3,0.3,-0.1,0.3,0.1,0.2,0.3,0.0,0.4,0.9,0.1,0.0,0.0,0.0,0.0,,0.1,-0.1,1.1,-0.2,0.1,0.3,1.1,-0.1,0.1,0.0,0.0,0.1,,,
1972-08,0.7,0.1,0.8,0.1,0.1,-0.2,2.0,8.6,0.4,0.1,0.7,1.0,0.1,1.3,8.7,15.7,11.4,11.8,0.2,0.2,0.6,0.2,0.0,0.3,0.6,0.5,0.7,0.6,0.4,1.7,0.0,5.8,0.0,,-0.2,-0.3,-0.2,0.2,-0.1,0.0,0.1,-2.3,-4.3,0.7,-6.2,-2.2,-4.1,-0.6,0.7,0.2,0.2,0.0,0.1,0.2,0.0,0.7,1.5,0.3,0.0,0.0,0.0,0.0,,0.4,0.0,1.4,1.0,0.0,0.3,0.8,0.1,0.3,0.0,0.0,1.5,,,
1972-09,0.6,0.5,0.5,0.4,0.6,0.6,0.6,0.5,0.7,0.3,-1.5,-2.8,0.6,3.7,0.1,-0.2,5.6,5.8,0.7,0.3,0.8,0.2,0.0,0.4,0.3,-0.3,0.7,0.8,-1.4,0.1,0.0,0.2,0.0,,0.7,0.5,0.6,1.5,0.7,0.1,0.4,3.5,5.0,1.1,6.7,3.6,5.3,2.3,1.7,0.6,0.9,0.1,0.3,0.2,0.0,0.1,0.1,0.1,0.0,0.0,0.0,0.0,,-0.4,0.0,-2.0,-0.6,0.3,0.5,1.1,0.0,0.9,0.0,0.8,0.1,,,
1972-10,0.7,1.1,0.7,1.1,1.1,0.8,0.7,-3.2,1.9,5.5,-1.0,-2.2,0.9,2.9,-0.6,-1.4,-6.0,-6.3,0.4,0.4,1.5,0.2,0.0,1.0,1.0,0.8,1.0,0.8,0.7,0.1,0.0,0.4,0.0,,0.4,0.2,-0.3,0.7,0.9,0.2,0.5,1.3,0.7,0.5,0.8,2.5,4.0,1.3,1.0,0.4,0.8,0.0,0.1,0.0,0.0,0.3,0.5,0.0,0.1,0.7,0.8,0.0,,0.4,0.1,1.3,0.1,0.0,0.5,1.5,0.0,0.5,0.0,0.0,0.1,,,
1972-11,-0.3,0.4,-0.4,0.4,0.4,0.3,-1.4,-8.8,0.4,0.4,1.5,2.4,0.8,1.9,-6.3,-11.4,-19.6,-20.4,0.0,0.3,-0.7,0.0,0.0,0.7,0.7,0.8,0.7,0.6,1.1,0.4,0.0,0.7,0.7,,0.5,0.8,0.9,0.1,0.4,0.1,0.2,0.5,0.2,0.7,0.0,0.5,0.9,0.3,1.4,0.4,0.7,0.1,0.1,0.1,0.0,0.2,0.4,0.0,0.3,0.0,0.0,0.0,,0.6,0.2,0.4,2.5,0.0,0.7,2.0,0.1,0.9,0.0,0.0,0.4,,,
1972-12,0.7,0.7,0.8,0.7,0.7,0.5,1.1,1.3,1.2,0.0,2.3,3.4,1.1,3.7,8.0,14.0,-16.4,-17.1,0.1,0.5,1.0,0.1,0.0,2.1,0.6,1.0,0.3,0.3,1.8,0.1,0.0,0.1,0.5,,0.4,0.3,0.0,0.4,0.9,0.1,0.1,0.5,0.3,-0.5,0.7,0.3,0.4,0.3,1.0,0.1,0.4,0.0,0.3,0.0,0.0,0.2,0.4,0.1,0.0,0.0,0.0,0.0,,0.9,0.2,2.8,2.1,0.0,0.7,2.1,0.0,1.1,0.0,0.0,0.1,,,
1973-01,1.0,0.4,1.0,0.4,0.4,0.6,1.7,7.6,0.3,0.2,5.2,7.5,1.0,-4.7,6.9,11.6,0.9,0.9,0.2,0.3,3.3,0.2,0.1,1.3,0.6,0.8,0.5,0.4,1.2,0.0,0.0,0.1,0.0,,0.4,0.4,-0.4,0.5,0.5,0.0,1.6,0.7,-0.4,0.6,-0.8,2.1,3.1,1.2,1.3,0.7,0.9,0.1,0.3,0.1,0.0,0.6,1.4,0.1,0.0,0.0,0.0,0.0,,0.6,0.1,1.8,-1.1,1.1,0.6,1.7,0.0,0.9,0.0,0.0,0.1,,,
1973-02,0.8,1.2,0.8,1.2,1.0,0.3,1.2,-2.0,2.0,0.2,-3.3,-6.3,3.4,2.3,3.9,-1.8,6.8,7.2,2.8,1.2,1.0,0.6,0.0,0.9,1.1,1.2,0.6,0.7,1.9,0.3,0.0,0.4,0.8,,0.6,0.6,0.9,1.6,1.2,0.1,0.2,0.3,-1.0,1.9,-2.2,0.2,-0.6,1.0,2.0,1.0,1.1,0.1,0.3,0.2,0.0,1.4,0.9,2.4,0.1,0.0,0.1,0.0,,0.5,0.0,1.7,0.5,0.3,-0.4,1.1,-5.3,1.7,0.0,0.0,1.6,,,
1973-03,2.4,1.6,2.6,1.8,1.8,1.5,3.9,10.6,2.4,0.3,2.6,3.1,6.8,7.7,7.3,12.7,20.6,21.7,2.8,0.9,3.1,0.1,0.0,1.6,1.2,1.9,0.6,0.7,3.4,0.3,0.0,0.4,0.7,,1.3,0.7,2.6,3.6,1.0,0.6,-0.1,4.6,4.4,2.4,5.3,2.2,2.3,2.1,2.7,2.2,2.1,0.1,0.3,0.0,0.0,0.8,1.0,0.7,0.6,2.4,0.0,12.1,,0.6,0.2,3.2,-0.5,0.2,0.8,1.6,0.0,1.7,0.0,0.0,0.6,,,
1973-04,1.8,1.6,1.9,1.6,1.6,2.0,1.7,5.2,0.6,0.4,1.7,1.9,1.7,-3.0,4.2,7.0,7.2,7.5,1.1,1.0,3.8,0.1,-0.1,2.1,1.3,2.4,0.8,0.9,4.2,0.9,0.0,1.5,2.3,,2.4,2.9,1.0,4.2,1.4,0.7,4.3,3.8,3.5,3.8,3.4,1.9,1.7,2.0,2.3,2.2,2.5,0.0,0.2,0.0,0.0,0.7,0.9,0.9,0.0,8.0,10.3,0.0,,1.0,-0.2,-0.7,0.2,2.6,0.8,1.9,0.0,1.5,0.0,0.4,0.9,,,
1973-05,1.6,1.4,1.7,1.5,1.3,1.7,1.6,6.0,0.3,0.4,1.7,2.0,0.8,-4.5,9.5,15.8,-2.4,-2.5,0.5,0.7,1.4,0.5,0.2,1.1,1.2,1.2,0.9,1.0,1.3,0.5,0.0,0.7,0.5,,0.8,0.4,1.1,1.5,1.4,0.4,0.5,6.4,13.1,3.0,17.3,0.5,0.3,0.7,1.5,1.6,1.4,0.1,0.1,0.0,0.0,0.4,0.3,0.5,0.1,0.6,0.8,0.0,,1.0,0.9,4.3,0.0,0.1,0.5,0.9,0.0,1.6,0.0,0.0,0.3,,,
1973-06,0.2,1.1,0.2,1.1,1.2,1.5,-1.3,-9.5,1.1,0.5,-2.5,-5.5,0.6,-0.7,-14.7,-23.6,9.4,9.8,0.3,0.9,2.4,0.5,6.3,1.3,1.1,1.0,1.1,0.8,1.2,0.0,-0.4,-0.1,0.5,,0.8,0.7,0.2,0.9,2.1,0.4,0.2,1.6,2.5,7.6,0.7,0.4,0.9,-0.2,0.8,1.0,1.7,0.1,0.3,0.1,0.0,0.7,0.2,1.5,0.5,0.2,0.2,0.0,,2.7,0.1,-5.2,0.6,8.3,0.7,1.8,0.0,0.9,0.0,0.0,0.0,,,
1973-07,0.8,0.6,0.7,0.6,0.9,0.9,0.7,0.5,1.0,0.4,2.6,2.5,1.7,-0.2,-3.3,-6.4,6.3,6.4,0.6,0.0,0.4,0.2,0.3,0.7,1.3,0.8,1.5,0.9,0.8,0.3,0.0,0.3,1.0,,0.5,0.3,1.0,0.6,1.1,0.1,0.8,0.2,0.1,1.5,-0.5,0.7,-0.6,1.9,0.7,0.8,0.5,0.1,0.5,0.3,0.0,0.3,0.4,0.2,0.4,0.0,0.0,0.0,,2.2,0.2,0.1,10.8,0.1,0.9,1.7,0.0,1.3,0.0,19.4,0.4,,,
1973-08,0.9,0.5,0.9,0.4,0.5,0.3,1.9,6.0,0.6,0.3,5.4,7.9,1.4,2.0,1.8,2.6,7.2,7.5,0.7,0.6,0.1,0.4,0.0,0.5,0.8,1.1,0.5,0.5,1.9,0.5,0.0,0.6,1.3,,0.7,0.0,1.5,1.5,1.6,0.2,0.2,-1.2,-3.3,4.7,-6.6,0.0,-2.3,2.0,0.6,1.5,0.9,0.2,0.5,0.2,0.0,0.2,0.3,0.3,0.2,0.0,0.0,0.0,,1.2,1.4,3.0,2.1,0.1,0.8,1.5,0.0,1.3,0.0,0.0,0.4,,,
1973-09,2.7,2.0,2.9,2.2,2.0,1.8,4.2,12.1,2.2,0.7,-1.3,-3.7,3.0,10.1,22.6,40.0,3.1,3.3,0.6,2.1,2.9,0.2,0.1,1.0,1.3,2.2,0.5,0.8,3.7,0.4,0.0,0.3,1.5,,2.7,3.1,-0.5,4.7,2.2,2.9,0.7,5.8,5.2,4.1,5.7,14.0,20.8,8.5,3.5,2.6,2.2,0.1,0.5,0.1,0.0,0.3,0.1,0.8,0.0,0.2,0.3,0.0,,1.3,0.8,0.7,4.3,0.2,1.0,1.1,0.0,3.8,0.0,0.5,0.4,,,
1973-10,0.4,1.2,0.4,1.3,1.1,0.9,-0.5,-7.9,1.5,2.0,0.9,-0.4,1.9,-2.0,-7.6,-14.1,-7.9,-8.1,2.5,2.2,0.7,0.6,2.0,2.1,0.7,1.2,0.5,0.5,1.8,2.4,0.2,4.5,4.4,,3.2,4.2,2.0,2.0,2.0,4.0,0.5,3.6,3.8,1.7,4.7,5.6,8.2,3.2,2.6,1.7,2.5,-11.3,0.2,0.3,-16.4,0.4,0.0,1.0,0.0,0.0,0.0,0.0,,0.2,0.7,0.9,-0.1,0.0,0.7,2.0,-0.1,0.8,0.0,0.0,2.3,,,
1973-11,0.9,1.6,1.0,1.8,1.6,1.2,0.2,-7.4,2.2,2.2,4.9,6.2,0.7,-1.7,-4.2,-9.5,-22.1,-22.9,6.1,2.2,2.4,0.9,1.7,3.6,0.6,1.7,-0.1,0.3,3.3,2.0,0.0,1.7,6.5,,5.4,2.8,0.0,1.7,2.7,21.9,0.5,1.3,1.0,-0.7,1.8,1.4,0.4,2.4,3.3,1.4,2.4,0.2,0.4,1.1,0.0,1.8,0.2,4.6,0.0,0.0,0.0,0.0,,0.7,0.8,3.0,-0.3,0.2,1.1,2.4,0.5,1.2,0.0,0.0,3.6,,,
1973-12,3.4,3.1,3.6,3.3,2.8,2.3,4.1,5.9,3.7,2.1,6.2,7.8,1.1,8.6,7.5,10.7,-5.1,-5.4,8.7,5.5,4.9,3.6,0.0,2.9,2.7,5.6,0.4,0.4,11.0,7.0,0.0,16.6,8.9,,5.6,3.3,4.1,3.3,5.1,13.5,0.3,2.0,1.6,0.9,1.8,2.0,1.8,2.1,4.6,1.8,3.1,0.4,0.2,5.0,0.0,3.6,0.1,9.0,0.0,0.0,0.0,0.0,,2.6,2.0,8.6,1.5,0.6,2.7,6.2,2.7,1.4,0.0,0.0,10.2,,,
1974-01,4.1,3.3,4.4,3.5,3.2,2.2,7.2,14.9,5.4,7.2,6.6,7.8,1.2,10.7,18.0,27.7,6.0,6.1,6.2,6.9,6.3,6.0,0.3,3.8,1.3,3.0,0.6,0.5,5.4,1.3,1.0,-1.2,6.0,,6.9,6.3,6.1,4.2,7.6,10.5,1.1,1.5,-0.7,1.3,-1.4,2.7,0.4,4.8,6.3,2.8,5.0,1.0,0.9,10.4,0.0,1.3,0.6,2.7,0.0,1.6,0.0,7.7,,2.1,4.3,3.4,-0.2,1.9,2.7,4.3,3.6,3.5,0.0,0.0,1.6,,,
1974-02,3.3,2.7,3.5,2.9,2.9,2.6,4.5,9.2,3.1,2.0,1.4,-0.8,3.3,1.8,13.2,19.3,9.0,9.2,1.6,8.0,7.5,3.5,0.6,2.5,1.1,2.1,0.4,0.4,3.6,-0.4,0.0,-0.6,-0.9,,3.8,8.1,7.1,3.7,8.6,-8.2,1.2,0.4,-2.5,-0.3,-3.5,1.8,-0.8,4.1,4.2,3.4,2.7,12.8,0.4,9.9,18.7,3.2,4.5,3.5,0.0,0.0,0.0,0.0,,4.3,5.3,9.0,6.2,0.7,2.0,2.7,2.3,3.6,0.0,0.0,-0.5,,,
1974-03,0.6,0.8,0.7,0.8,0.9,0.9,0.3,-1.6,0.9,0.1,-0.2,-1.5,1.1,-2.8,-5.1,-8.2,13.5,13.9,-0.5,4.6,4.2,1.2,0.0,1.2,0.8,1.0,0.7,0.7,1.2,-0.1,0.0,0.0,-0.4,,1.9,2.7,1.6,0.9,2.6,0.9,0.7,1.4,1.2,-0.2,1.9,1.1,1.2,1.1,2.4,1.7,1.4,0.3,1.0,1.8,0.0,0.4,0.3,0.6,0.0,0.0,0.0,0.0,,0.9,1.0,1.9,0.6,0.7,1.5,2.5,1.0,2.3,0.0,0.0,0.0,,,
1974-04,2.6,1.8,2.7,1.9,1.6,1.9,3.2,11.0,0.9,0.1,5.1,7.8,1.5,0.9,6.0,9.3,19.3,20.1,0.2,2.6,1.0,0.9,0.0,0.9,1.1,1.6,0.6,0.7,2.5,0.2,0.0,0.1,0.0,,3.7,6.8,2.6,0.8,2.1,-0.4,9.8,0.8,0.9,0.5,1.0,-0.5,-2.7,1.4,1.8,2.0,1.9,0.2,0.3,0.8,0.0,3.7,0.5,8.2,0.0,13.5,17.2,0.0,,2.3,0.7,-2.4,0.9,6.2,1.4,2.0,0.6,2.7,0.0,2.7,5.0,,,
1974-05,0.3,1.6,0.3,1.7,1.5,1.9,-1.6,-11.5,1.6,0.5,-1.1,-2.8,1.4,-0.9,-15.8,-25.1,-0.8,-0.8,0.5,2.5,1.3,1.9,11.1,1.2,0.9,1.3,0.6,0.7,1.9,0.3,0.0,0.2,0.6,,-0.6,-2.8,0.7,0.8,1.1,0.1,3.2,5.3,12.0,2.5,16.1,0.3,-3.8,3.7,0.8,1.3,0.9,0.1,0.3,0.6,0.0,0.4,0.7,0.3,0.0,0.8,1.0,0.0,,0.1,0.3,-0.7,-0.4,0.5,1.8,4.2,1.0,1.3,0.0,0.0,0.2,,,
1974-06,0.5,1.2,0.5,1.2,0.7,0.8,-1.0,-6.5,0.4,0.3,-1.0,-2.1,0.0,-3.3,-9.9,-17.6,2.1,2.1,1.3,2.0,0.5,1.0,1.2,0.8,0.9,1.0,0.9,0.7,1.1,13.1,22.4,1.3,22.4,,0.3,0.7,0.2,0.1,0.5,-0.6,0.3,2.5,5.3,4.2,5.6,0.4,-0.2,0.8,0.5,0.8,1.2,0.1,0.3,0.7,0.0,0.3,0.0,0.7,0.0,0.2,0.2,0.0,,0.1,0.3,-0.5,0.3,0.1,1.0,1.7,0.5,1.2,0.0,0.4,10.5,,,
1974-07,2.1,1.3,2.0,1.3,1.4,1.6,2.9,10.0,1.0,0.3,5.2,8.6,0.9,4.6,10.2,19.1,1.7,1.7,1.5,0.8,3.7,0.3,1.1,0.6,1.0,0.8,1.0,0.7,0.9,0.8,0.0,0.3,2.9,,0.5,0.4,1.3,0.1,1.2,-0.7,2.7,-0.4,-1.0,0.5,-1.6,-0.1,-0.4,0.2,0.4,0.7,1.2,0.5,0.3,5.3,0.0,0.3,0.5,0.1,0.0,0.0,0.0,0.0,,6.4,1.3,2.3,26.6,0.5,1.6,3.7,0.4,1.3,0.0,0.0,0.6,,,
1974-08,1.0,0.4,1.0,0.4,0.3,-0.1,2.7,7.9,1.3,0.3,3.2,4.9,1.3,5.0,2.9,4.5,16.5,17.0,3.5,0.5,0.8,0.3,0.0,1.2,0.9,1.0,0.8,0.7,1.1,0.4,0.0,0.5,1.0,,0.4,0.3,0.4,0.1,0.8,0.8,1.0,-4.6,-8.7,-0.5,-11.8,-3.1,-5.3,-1.4,0.3,0.5,0.7,0.4,0.3,3.9,0.0,1.6,4.3,-0.1,0.0,0.0,0.0,0.0,,1.4,0.1,1.4,3.9,0.3,1.1,2.5,0.2,0.8,0.0,0.0,0.3,,,
1974-09,1.5,1.3,1.6,1.3,1.3,1.0,2.0,2.5,1.7,0.4,-1.5,-3.3,0.8,11.6,13.1,22.1,-11.8,-12.1,1.6,1.1,0.8,0.7,0.0,1.4,0.6,0.8,0.4,0.5,1.1,5.3,0.0,16.3,2.0,,2.4,4.6,1.2,0.2,1.2,0.8,0.8,2.4,1.7,-1.6,3.1,7.1,17.3,-0.5,1.0,1.0,1.2,0.7,2.1,2.4,0.0,0.7,1.5,0.2,0.0,0.1,0.1,0.0,,0.1,0.3,-0.5,0.0,0.5,0.9,1.9,0.5,0.9,0.0,-0.2,4.2,,,
1974-10,2.2,3.2,2.3,3.4,3.3,2.4,1.9,-7.8,5.0,19.6,-1.4,-3.3,0.6,-1.1,-5.5,-9.7,-10.7,-11.1,2.9,1.2,1.0,1.7,0.0,4.6,0.8,0.8,0.9,0.7,0.7,1.3,0.0,1.9,2.4,,1.5,2.7,0.0,0.6,0.9,0.5,1.7,2.2,2.5,0.0,3.6,3.3,6.9,0.2,0.8,0.4,1.6,10.9,1.2,1.1,16.0,4.8,10.2,0.5,2.6,6.7,0.0,35.7,,1.7,0.6,6.6,0.1,1.0,1.1,2.4,0.2,1.0,0.0,0.0,1.2,,,
1974-11,0.7,1.2,0.7,1.2,1.0,0.6,0.5,-3.8,1.4,0.8,4.0,5.5,0.4,1.7,-4.1,-7.9,-12.5,-13.0,5.5,1.5,1.5,1.0,0.0,2.7,1.2,0.6,1.4,0.9,0.4,2.7,0.0,6.5,1.9,,0.2,0.3,0.4,0.2,0.6,-0.2,0.8,0.1,-0.1,-0.5,0.1,-0.1,-0.2,0.1,0.6,0.4,1.6,0.2,0.3,0.9,0.0,3.1,3.9,3.5,0.0,0.1,0.1,0.0,,-0.1,0.0,-1.4,0.0,0.4,1.0,2.5,0.3,0.6,0.0,0.0,4.0,,,
1974-12,0.4,0.5,0.4,0.5,0.7,0.3,0.6,-1.8,1.3,0.1,1.9,2.2,1.0,1.9,-2.9,-5.9,-3.2,-3.4,1.7,1.2,1.5,1.3,0.0,2.1,0.6,0.7,0.6,0.6,0.7,0.0,0.0,0.1,0.0,,0.1,0.0,0.7,0.2,0.7,-0.7,0.2,-0.2,-0.8,-1.0,-0.8,-0.1,-0.1,-0.1,0.4,0.4,1.0,0.1,0.2,0.3,0.0,0.5,1.0,0.2,0.0,0.0,0.0,0.0,,0.4,0.1,-0.3,1.1,0.3,1.0,2.2,0.2,0.9,0.0,0.0,0.1,,,
1975-01,0.5,0.5,0.5,0.5,0.2,0.3,1.0,9.1,0.0,0.0,3.0,4.2,0.7,-6.1,3.0,5.1,3.0,3.1,0.4,1.6,0.9,1.2,0.0,1.5,0.7,0.5,0.7,0.7,0.4,-1.3,-3.2,-0.8,-0.2,,-0.1,-0.3,0.2,0.1,0.4,-1.0,1.6,-1.2,-2.6,0.2,-3.6,-1.1,-2.2,0.1,0.5,0.3,1.1,0.3,1.0,0.2,0.0,0.9,1.7,0.2,0.0,0.0,0.0,0.0,,1.0,1.3,2.9,-0.4,0.9,0.8,1.0,0.2,1.8,0.0,0.0,-1.2,,,
1975-02,0.1,0.2,0.0,0.2,0.2,-0.1,0.4,-0.4,0.7,0.0,-1.6,-3.1,0.6,2.7,0.5,0.6,3.0,3.1,0.2,0.4,0.2,0.8,0.0,0.4,0.6,0.5,0.6,0.6,0.2,0.1,0.0,0.5,-0.8,,-0.4,0.1,0.1,-0.8,0.0,-1.7,0.4,-1.3,-2.6,-0.3,-3.2,-1.5,-2.8,-0.1,0.2,0.0,0.8,0.1,0.2,0.5,0.0,0.2,0.2,0.2,0.0,0.0,0.0,0.0,,0.1,0.0,0.2,-0.1,0.2,0.5,0.5,0.6,1.1,0.0,0.0,0.1,0.1,,
1975-03,0.9,0.5,1.0,0.5,0.6,0.3,1.9,4.3,1.2,0.2,-0.8,-1.5,1.6,9.0,2.7,4.5,12.8,13.3,0.1,0.4,1.9,1.0,0.0,0.4,0.6,0.5,0.6,0.7,0.4,0.3,0.0,1.0,-0.4,,-0.1,-0.2,0.3,-0.6,0.1,-0.1,0.5,0.5,1.0,1.0,1.0,0.2,0.3,-0.1,0.1,0.5,0.3,0.2,0.9,0.0,0.0,0.1,-0.1,0.3,0.0,0.0,0.0,0.0,,0.4,0.0,1.7,0.1,0.2,0.5,1.0,0.2,0.9,0.0,0.0,0.5,0.0,,
1975-04,1.7,1.8,1.8,1.8,1.9,2.8,0.4,1.4,0.2,0.3,1.5,2.2,0.6,-4.9,-0.1,-0.4,2.6,2.6,0.0,0.9,-0.6,1.0,0.2,0.6,1.2,1.0,1.1,1.2,0.8,0.4,0.0,0.2,-0.2,,0.2,0.1,-0.8,-0.5,-0.1,0.5,4.0,1.4,2.2,0.4,2.8,0.9,2.0,-0.1,0.3,0.3,0.7,0.6,4.2,0.4,-0.5,1.1,0.5,1.8,0.1,17.2,24.5,0.0,,5.7,0.0,1.9,0.0,13.2,0.4,1.3,0.2,0.4,0.0,0.8,0.2,12.0,,
1975-05,0.5,0.4,0.3,0.4,0.5,0.8,0.1,1.1,-0.3,0.0,-0.5,-1.3,0.6,-7.5,4.1,6.9,-2.5,-2.6,0.5,0.3,0.3,0.6,0.6,0.4,1.3,0.8,1.4,1.2,0.4,0.0,0.0,0.2,-0.2,,-0.1,0.0,-0.6,-0.1,-0.4,0.3,1.3,2.6,4.7,1.4,5.5,2.0,4.1,-0.2,0.1,0.3,0.5,0.4,1.1,0.2,0.3,0.1,0.0,0.2,0.0,0.0,0.0,0.0,,-0.7,-0.3,-3.6,0.1,0.0,0.9,2.2,1.3,0.2,0.0,0.0,0.0,0.0,,
1975-06,-0.1,0.6,-0.1,0.5,0.4,0.4,-0.8,-6.1,0.5,0.0,0.0,-1.0,2.2,-0.7,-10.3,-16.7,0.9,0.9,1.1,0.3,0.3,0.6,1.5,0.5,1.0,0.9,1.1,1.1,0.5,0.2,0.0,0.1,0.2,,-0.1,-0.2,-0.6,-0.2,-0.1,-0.1,1.7,1.2,2.2,2.4,2.2,1.0,1.9,0.0,0.0,0.4,0.2,0.7,2.5,1.2,0.0,0.0,0.2,0.0,0.0,0.0,0.0,0.0,,-0.2,0.1,-2.5,0.2,0.5,0.6,1.9,0.1,0.5,0.0,0.0,0.0,0.1,,
1975-07,0.3,0.5,0.2,0.4,0.5,0.3,0.3,-1.7,1.0,0.0,1.5,3.0,3.9,-0.3,-2.4,-4.4,-5.2,-5.3,0.0,1.4,1.8,0.3,0.2,0.3,1.1,0.5,0.8,0.7,0.3,0.5,0.0,0.1,3.4,,-0.1,0.1,-0.3,-0.2,-0.1,-0.9,1.0,-0.2,-0.1,1.2,-0.5,-0.9,-1.7,-0.1,0.0,0.2,0.3,0.6,1.0,0.3,0.5,0.2,0.3,0.2,0.0,0.0,0.0,0.0,,0.5,-0.2,-1.0,-0.3,1.9,0.2,0.6,0.3,0.1,0.0,0.1,0.3,0.0,,
1975-08,-0.2,-0.4,-0.2,-0.5,-0.3,-0.6,0.4,1.3,0.3,0.0,3.2,5.5,1.9,-0.3,3.9,6.8,-11.2,-11.6,-2.0,0.6,1.3,0.3,1.7,0.7,0.4,0.3,0.4,0.5,0.2,1.0,0.0,0.1,2.0,,-0.3,-0.5,-0.1,0.1,-0.1,-0.3,1.2,-5.1,-9.3,0.2,-11.8,-4.2,-7.6,-0.2,-0.1,-0.2,0.3,0.2,0.8,0.0,0.0,0.1,0.4,0.0,0.1,0.0,0.0,0.0,,0.8,-0.3,3.5,0.4,0.1,0.3,1.0,0.2,-0.1,0.0,0.0,0.1,0.0,,
1975-09,2.1,1.7,2.2,1.9,1.8,1.4,3.5,7.5,2.5,9.3,0.1,0.2,1.4,5.4,7.2,12.3,14.1,14.6,0.9,0.7,0.3,0.2,2.0,1.2,0.5,0.6,0.5,0.5,0.7,1.2,0.0,0.0,1.7,,-1.6,-4.2,0.7,0.4,-0.4,0.2,0.3,6.7,12.2,4.5,14.6,5.0,9.8,-0.1,0.6,0.4,0.6,0.2,0.9,0.2,0.1,0.3,0.8,0.0,0.0,0.0,0.0,0.0,,-0.5,0.0,-2.3,0.0,0.1,0.3,0.5,0.1,0.4,0.0,0.1,0.1,0.2,,
1975-10,1.7,0.6,1.7,0.6,0.7,0.8,3.2,12.4,0.8,1.1,-0.6,-1.0,0.9,-0.1,15.5,25.4,16.4,17.0,0.8,0.4,0.2,0.5,0.9,0.7,0.5,0.4,0.6,0.5,0.3,0.6,0.0,0.2,1.8,,1.8,4.3,0.0,0.3,-0.1,0.0,0.8,1.7,2.1,1.0,2.4,1.6,2.3,0.7,0.4,2.3,0.6,0.2,0.3,0.1,0.1,0.1,0.6,0.0,0.0,0.0,0.0,0.0,,1.2,-0.2,4.1,0.1,0.7,0.6,0.8,1.3,0.7,0.0,0.0,0.2,0.0,,
1975-11,-0.5,0.3,-0.5,0.3,0.4,0.3,-1.8,-8.4,0.1,0.1,2.5,3.7,0.9,0.3,-6.8,-10.5,-21.5,-22.2,-0.2,0.2,0.3,0.4,0.3,0.6,0.8,0.6,0.7,0.8,0.3,0.6,0.0,0.3,1.2,,-0.2,-0.3,0.3,0.3,-0.2,-0.1,1.1,0.5,0.8,0.4,0.8,0.3,0.3,0.3,0.2,0.5,0.5,0.1,0.3,0.2,0.1,0.9,0.5,1.4,0.0,0.0,0.0,0.0,,-0.2,0.1,-1.2,-0.3,0.4,0.4,0.9,0.1,0.5,0.0,0.0,0.2,0.0,,
1975-12,0.0,0.4,-0.1,0.4,0.4,0.5,-0.7,-4.1,0.4,0.0,1.3,1.8,0.9,-0.9,-6.0,-9.4,-6.2,-6.4,-1.1,0.1,0.5,0.1,0.1,0.8,0.5,0.4,0.5,0.6,0.3,0.4,0.0,0.0,1.2,,0.0,-0.3,0.2,0.0,0.0,0.0,0.2,0.2,0.1,0.0,0.1,-0.1,-0.1,-0.1,0.6,0.3,0.5,0.1,0.1,0.2,0.0,1.5,4.5,0.6,0.0,0.0,0.0,0.0,,0.5,-0.1,-0.5,1.6,0.6,0.4,1.6,0.1,0.1,0.0,0.0,0.5,0.1,,
1976-01,1.8,1.2,2.0,1.2,1.2,1.6,2.5,10.6,0.5,-0.1,2.7,4.3,0.7,-3.1,15.4,25.1,0.5,0.5,-0.1,0.4,0.7,0.5,5.1,1.5,0.8,0.9,0.8,0.6,1.1,0.5,0.0,0.1,0.8,,-0.2,-0.3,0.4,-0.4,0.1,-0.3,0.8,-1.7,-3.6,-0.4,-4.6,-0.8,-1.4,0.1,0.5,0.1,0.6,0.6,0.2,0.8,0.7,1.9,4.9,1.2,0.0,0.5,0.0,0.0,,0.8,-0.1,3.3,-0.4,0.4,14.7,1.4,0.2,0.8,49.0,0.0,0.6,0.5,,
1976-02,0.7,0.6,0.6,0.5,0.5,0.3,1.3,3.0,1.0,0.0,-2.6,-4.3,0.7,4.4,4.5,6.6,8.9,9.3,0.2,0.3,0.8,1.8,0.1,0.8,1.1,1.0,1.1,1.0,1.0,0.2,0.0,0.0,0.1,,-0.1,-0.1,0.2,-0.5,0.3,-0.1,0.3,-1.7,-3.4,-0.4,-4.2,-1.1,-2.0,0.0,-0.1,0.2,0.5,0.1,0.1,0.4,0.0,1.9,0.5,0.3,7.6,0.0,0.0,0.0,0.0,-0.2,0.0,-0.9,0.0,0.1,0.2,0.5,-0.1,0.4,0.0,0.0,0.1,0.1,,
1976-03,0.4,0.5,0.4,0.5,0.6,0.6,0.2,-1.3,0.6,1.4,-0.4,-0.6,0.5,2.7,-5.8,-8.7,9.5,9.8,0.0,0.4,0.4,1.1,0.1,0.5,0.8,1.0,0.7,0.8,1.2,0.1,0.0,0.1,0.1,,0.0,0.0,-0.1,-0.2,0.0,-0.1,0.1,1.4,2.5,0.4,3.2,0.0,-0.2,0.1,1.1,0.3,0.5,0.0,0.1,0.2,0.0,0.0,-0.2,0.0,0.0,0.2,0.0,1.1,0.0,0.9,-0.2,3.0,1.5,0.0,0.3,1.1,0.4,0.0,0.0,0.0,0.1,0.7,,
1976-04,2.4,1.8,2.5,1.9,1.9,2.6,2.2,8.3,0.6,0.6,1.0,1.4,0.6,-1.0,14.8,22.4,-2.3,-2.4,0.0,0.4,0.0,0.4,0.0,1.8,1.3,1.4,1.4,1.5,1.4,0.9,0.0,-0.1,0.2,,1.6,2.3,1.1,0.5,0.2,0.2,9.8,1.2,1.3,1.5,1.2,1.7,2.8,0.6,0.7,0.9,1.4,7.0,0.1,0.0,11.0,0.4,1.4,0.0,0.0,16.5,23.7,0.0,8.9,2.3,0.0,4.5,-0.1,3.2,0.5,1.4,0.2,0.3,0.0,12.8,0.0,12.6,,
1976-05,0.4,0.7,0.3,0.7,0.7,0.9,-0.5,-3.0,0.4,0.2,1.2,2.0,0.3,-1.3,-8.0,-11.5,4.6,4.8,0.0,0.2,0.8,0.6,0.0,0.9,1.2,0.9,1.3,1.2,0.6,0.4,0.0,0.0,-0.1,,0.0,-0.8,0.4,0.7,0.4,0.3,2.5,3.7,5.9,0.5,7.4,4.0,6.3,1.2,0.6,0.5,0.6,0.1,0.0,0.0,0.1,0.3,0.4,0.2,0.0,0.4,0.6,0.0,0.0,-0.9,-0.1,-5.3,0.1,0.1,1.4,1.9,0.0,0.4,0.0,109.5,-0.1,0.7,,
1976-06,0.3,0.6,0.2,0.4,0.7,1.0,-0.8,-4.1,0.1,0.0,-0.7,-1.3,0.1,-1.0,-10.8,-16.3,9.5,9.8,1.0,0.2,0.0,0.4,0.0,0.3,1.3,0.9,1.4,1.2,0.7,0.6,0.0,0.8,0.8,,0.1,-0.1,0.9,-0.3,0.3,0.5,0.3,2.9,5.2,3.1,5.8,2.1,3.6,0.3,0.3,0.4,0.5,0.0,0.1,0.0,0.0,0.0,0.0,0.0,0.0,0.1,0.2,0.0,0.0,0.8,0.0,-1.1,0.2,2.0,0.6,2.2,0.2,0.1,0.0,0.0,0.3,0.1,,
1976-07,0.5,0.6,0.5,0.6,0.3,0.2,0.5,0.6,0.4,0.1,3.7,5.9,0.6,1.5,-7.0,-11.4,7.4,7.6,0.0,0.2,0.9,0.7,0.0,0.5,0.6,0.9,0.6,0.8,0.9,3.6,5.2,3.5,2.6,,0.2,-0.1,0.7,0.3,0.2,0.6,0.2,-0.3,-0.3,1.7,-0.9,-0.9,-2.0,0.3,0.4,0.3,0.4,0.3,0.5,0.1,0.3,1.4,0.0,3.1,0.0,0.0,0.0,0.0,0.1,-0.1,-0.1,-0.3,-0.2,0.3,0.6,1.5,1.3,-0.1,0.0,0.0,5.1,0.0,,
1976-08,-0.6,-0.1,-0.8,-0.2,-0.4,-0.6,-1.0,-5.7,0.2,0.1,2.4,3.8,0.3,-0.4,0.6,0.7,-22.4,-23.0,-0.1,0.6,0.2,0.2,0.0,0.4,0.5,0.6,0.4,0.4,0.9,2.1,3.3,2.1,0.5,,0.3,-0.1,0.6,0.8,0.4,0.3,0.6,-5.5,-10.0,0.5,-12.9,-4.4,-8.4,0.4,-0.1,0.1,0.6,0.4,0.6,0.0,0.4,0.2,0.0,0.2,0.0,0.0,0.0,0.0,0.0,0.8,0.0,0.6,2.0,0.5,0.5,1.0,1.0,0.3,0.0,0.0,1.8,0.0,,
1976-09,2.5,1.6,2.7,1.7,1.6,1.5,3.7,12.1,1.6,7.0,2.8,3.7,-0.4,3.0,13.9,22.6,12.9,13.3,-0.5,0.4,0.4,0.4,0.0,0.8,0.7,0.6,0.6,0.5,0.7,3.9,9.6,0.4,0.6,,1.0,0.2,1.1,3.9,0.6,1.5,0.9,7.2,11.9,3.3,14.6,6.3,10.7,1.4,2.3,1.7,0.9,0.2,0.7,0.1,0.1,0.1,0.6,0.0,0.0,0.2,0.2,0.0,0.0,0.3,0.0,0.9,0.3,0.2,0.6,1.0,0.4,1.2,0.0,1.5,3.2,0.3,,
1976-10,0.6,0.5,0.6,0.5,0.5,0.7,0.4,1.1,0.4,1.0,0.3,-0.2,-1.1,0.2,0.3,0.1,3.8,3.9,-0.4,0.3,0.2,0.1,0.0,0.7,0.5,0.5,0.6,0.5,0.6,1.5,0.0,4.1,0.4,,0.4,-0.5,1.0,0.9,0.6,1.7,0.8,2.1,3.0,1.2,3.6,1.9,2.5,1.2,1.0,0.4,1.1,0.3,0.6,0.1,0.1,0.3,0.8,0.0,0.0,0.2,0.3,0.0,0.0,0.6,0.1,2.6,-0.1,0.2,0.2,0.5,0.1,0.2,0.0,0.0,1.2,0.2,,
1976-11,0.0,0.7,0.0,0.6,0.7,1.0,-1.5,-7.4,0.1,0.3,2.1,2.7,-0.9,-1.5,-12.6,-20.0,-5.3,-5.6,-0.7,0.6,0.0,0.2,0.1,0.4,0.6,0.6,0.6,0.8,0.3,0.1,0.0,0.0,0.3,,0.5,0.1,0.8,0.7,0.5,1.1,0.4,0.7,0.8,1.0,0.7,0.4,0.3,0.5,0.9,0.6,0.8,0.1,0.7,0.2,0.0,5.0,17.4,-0.1,0.1,0.0,0.0,0.0,0.0,0.2,0.0,0.5,0.0,0.2,0.5,0.7,1.5,0.3,0.0,0.0,0.0,0.2,,
1976-12,1.2,1.4,1.1,1.6,1.4,1.8,0.1,-1.5,0.5,0.0,-1.0,-3.2,-0.6,3.5,-3.1,-5.7,5.2,5.3,0.7,0.5,0.1,0.2,0.0,0.6,0.8,0.8,0.9,1.1,0.5,0.1,0.0,0.0,0.1,,0.3,-0.1,0.4,1.1,0.4,0.6,0.0,0.0,-0.6,-1.0,-0.5,0.4,0.5,0.3,0.9,0.4,0.7,0.3,0.6,0.5,0.0,8.6,0.3,0.0,40.6,0.0,0.0,0.0,0.0,1.5,0.1,4.9,1.9,0.1,0.5,1.6,0.1,0.4,0.0,0.0,0.0,0.1,,
1977-01,0.9,0.1,1.0,-0.1,0.1,-0.1,2.5,10.7,0.5,0.3,2.5,3.2,0.0,-1.3,13.8,23.6,8.8,9.0,0.4,0.3,0.7,0.3,0.0,0.8,0.7,0.7,0.8,0.8,0.7,-0.1,0.0,0.0,-0.2,,0.1,-0.2,0.6,0.2,0.4,0.2,0.2,-2.4,-4.8,0.0,-6.1,-1.2,-2.5,0.3,0.3,0.4,0.4,0.5,1.4,1.3,0.0,0.2,0.7,0.3,0.0,0.4,0.0,0.7,2.4,0.3,0.1,2.2,-1.6,0.4,0.8,0.7,2.8,0.6,0.0,0.0,-0.2,0.3,,
1977-02,0.5,0.1,0.5,0.1,0.1,-0.1,1.4,5.2,0.2,0.0,-0.7,-1.3,-0.1,2.9,9.8,15.3,2.7,2.8,0.2,0.2,-0.1,0.5,0.0,0.5,0.6,0.6,0.5,0.7,0.4,1.3,0.0,3.2,0.1,,-0.1,-0.3,0.0,-0.8,0.4,0.0,0.3,-2.4,-4.6,0.6,-6.1,-2.3,-4.3,0.1,0.0,0.4,0.3,0.4,1.1,1.0,0.2,0.5,0.0,-0.2,1.8,0.0,0.0,0.0,0.0,-0.1,0.3,-1.0,0.2,0.1,0.2,0.2,0.1,0.6,0.0,0.0,1.0,0.2,,
1977-03,0.6,0.4,0.6,0.4,0.5,0.4,1.0,1.6,0.9,0.0,0.7,0.9,0.1,6.2,0.8,0.9,3.7,3.7,0.0,0.5,0.0,1.5,0.0,0.5,0.6,0.5,0.7,0.6,0.5,0.0,0.0,0.0,-0.1,,0.1,0.1,0.1,0.0,0.6,-0.2,0.0,1.6,3.0,0.2,4.0,0.5,0.7,0.3,1.0,0.8,0.5,0.4,1.0,1.2,0.0,0.0,0.0,0.2,0.0,0.0,0.0,0.0,-0.3,0.0,-0.2,0.1,-0.1,0.2,0.3,0.6,0.1,0.7,0.0,0.0,0.0,-0.1,,
1977-04,1.6,1.6,1.6,1.7,1.7,2.4,0.5,2.4,-0.1,0.1,4.0,4.5,0.1,-8.2,0.8,0.7,1.7,1.7,0.8,0.3,0.6,1.0,0.0,0.8,1.1,1.2,1.1,1.3,1.1,0.8,0.4,0.8,0.1,,0.4,-0.4,0.2,1.8,0.6,0.1,5.1,1.5,1.5,-0.3,2.0,2.9,4.5,1.0,0.4,1.1,0.8,1.1,0.8,1.3,1.1,3.6,0.0,0.5,12.4,11.9,15.3,0.0,12.0,1.7,0.2,-1.0,0.4,3.8,1.1,0.7,3.8,0.6,0.0,4.7,0.5,9.4,,
1977-05,0.9,1.0,0.9,0.9,1.0,1.3,0.5,0.4,0.7,0.1,2.5,1.1,0.0,-1.8,-1.8,-3.1,3.9,3.9,0.3,0.3,0.6,0.5,0.0,0.9,1.2,0.9,1.3,1.3,0.4,0.0,0.0,0.1,0.1,,1.5,3.5,0.1,0.1,0.5,0.1,0.8,2.2,3.3,0.8,4.1,2.3,3.5,0.8,0.5,0.6,0.5,0.1,0.4,0.5,0.0,0.6,2.0,0.0,0.0,0.4,0.5,0.0,0.0,2.1,0.0,-1.5,0.1,5.4,0.4,1.1,0.0,0.4,0.0,0.0,0.1,0.3,,
1977-06,-0.4,0.3,-0.5,0.3,0.3,0.2,-1.4,-8.2,0.5,0.1,2.6,1.3,0.9,-1.3,-10.7,-17.1,-10.1,-10.4,-0.2,0.4,0.5,2.3,0.2,0.2,0.8,0.7,0.9,1.0,0.3,-0.2,0.0,-0.5,0.0,,0.1,-0.1,0.0,0.3,0.6,-0.2,0.5,1.0,2.0,2.2,1.9,0.7,0.7,0.7,0.4,0.4,0.5,0.2,0.4,0.6,0.0,0.2,0.9,0.0,0.0,0.1,0.1,0.0,0.0,-0.4,0.0,-2.6,0.3,0.1,0.5,1.8,0.0,0.1,0.0,0.0,-0.2,0.1,,
1977-07,-0.3,0.3,-0.3,0.3,0.3,0.2,-0.9,-6.3,0.6,0.1,2.3,2.2,0.9,0.1,-8.5,-14.6,-9.5,-9.8,-0.1,0.3,1.5,1.4,1.8,0.4,0.5,0.5,0.6,0.7,0.4,0.2,0.0,0.2,0.0,,0.0,-0.1,0.0,0.0,0.5,-0.4,0.8,-0.4,-0.6,0.2,-0.8,-1.4,-2.6,0.1,0.3,0.0,0.3,0.2,0.2,0.4,0.1,0.0,0.0,0.0,0.0,0.0,0.0,0.0,0.0,0.4,-0.1,1.5,0.0,0.1,0.2,0.5,0.0,0.1,0.0,0.0,0.0,0.0,,
1977-08,0.2,-0.3,0.0,-0.4,-0.3,-0.6,1.5,5.8,0.4,-0.1,4.1,6.7,0.3,0.2,11.1,19.4,-7.7,-8.1,-0.1,0.3,1.0,0.8,0.8,0.2,0.7,0.6,0.7,0.6,0.6,0.0,0.0,0.1,0.0,,-0.1,-0.4,-0.6,-0.1,0.4,-0.1,0.7,-5.9,-10.3,-0.1,-13.3,-5.2,-9.5,0.0,-0.4,-0.5,0.2,0.0,0.2,0.2,0.0,0.1,0.1,0.0,0.0,0.0,0.0,0.0,0.0,0.6,-0.1,2.2,0.4,0.2,0.4,0.8,1.0,0.1,0.0,0.0,-0.1,0.0,,
1977-09,1.6,1.2,1.8,1.3,1.3,1.1,2.6,6.4,1.5,4.9,0.6,0.1,0.4,4.9,8.9,14.6,7.3,7.7,0.1,0.3,0.2,1.3,0.3,0.5,0.2,0.3,0.2,0.2,0.3,0.0,0.0,0.0,0.0,,0.2,0.0,-0.2,0.9,0.2,0.1,0.3,7.7,14.0,1.2,18.2,5.9,12.1,-0.7,1.2,1.4,0.3,0.1,0.2,0.3,0.0,0.1,0.1,0.1,0.0,0.0,0.1,0.0,0.0,-0.6,0.0,-3.3,0.0,0.1,0.3,0.5,0.1,0.7,0.0,0.1,-0.1,0.2,,
1977-10,0.6,0.6,0.5,0.5,0.5,0.7,0.6,1.4,0.3,1.0,-0.6,-1.4,-0.2,0.3,-5.3,-8.5,18.2,18.8,-0.2,0.1,0.4,0.8,0.1,0.5,1.0,0.5,1.1,0.8,0.2,0.1,0.0,0.0,0.2,,0.2,0.1,0.4,0.7,0.3,0.1,0.3,1.4,2.1,0.5,2.5,1.3,2.4,-0.2,0.9,-0.3,0.6,0.1,0.2,0.3,0.0,0.0,0.1,0.0,0.0,0.0,0.0,0.0,0.0,0.1,0.0,0.8,-0.1,-0.1,0.1,0.2,0.0,0.3,0.0,0.0,-0.1,0.1,,
1977-11,-1.1,0.2,-1.2,0.2,0.2,0.1,-3.0,-13.8,0.3,0.3,-1.2,-2.4,-0.4,-1.3,-15.1,-24.8,-17.9,-18.4,-0.1,0.5,0.4,0.4,0.0,0.4,0.3,0.4,0.3,0.5,0.3,0.1,0.0,0.1,0.3,,0.3,0.3,0.4,0.4,0.4,0.1,0.4,0.3,0.3,-0.1,0.5,0.0,0.2,-0.1,0.7,0.4,0.2,0.1,0.2,0.3,0.1,0.1,0.2,-0.1,0.0,0.0,0.0,0.0,0.0,-0.1,-0.1,-1.1,0.1,0.2,0.2,0.5,0.1,0.3,0.0,0.0,-0.1,0.0,,
1977-12,-0.3,0.2,-0.3,0.2,0.2,0.2,-0.9,-6.2,0.4,0.4,-2.4,-5.0,-0.2,1.9,-1.0,-2.4,-11.2,-11.7,0.1,0.0,0.2,0.2,0.1,0.4,0.3,0.4,0.3,0.4,0.3,-0.1,0.0,0.0,-0.4,,0.0,-0.1,-0.1,0.4,0.2,-0.2,0.0,-0.5,-1.0,0.1,-1.4,-0.3,-0.6,0.2,0.3,0.1,0.1,0.1,0.2,0.2,0.0,0.1,0.6,-0.3,0.0,0.0,0.0,0.0,0.0,0.9,-0.1,3.1,1.5,0.0,0.2,0.5,0.0,0.2,0.0,0.0,-0.3,0.0,,
1978-01,0.4,-0.2,0.4,-0.2,-0.2,-0.2,1.5,7.7,-0.1,0.2,3.7,5.4,0.0,-3.9,11.2,20.7,-1.2,-1.2,0.2,0.1,-0.2,0.4,0.0,0.3,0.3,0.3,0.4,0.5,0.3,0.0,0.0,0.3,-1.2,,0.1,0.1,-0.1,-0.4,0.7,-0.1,0.4,-2.4,-4.6,0.0,-6.0,-1.4,-2.6,0.0,0.1,0.3,0.3,1.7,0.4,0.3,2.3,-0.1,0.4,-0.4,0.0,0.1,0.0,0.0,0.1,0.0,-0.1,0.6,-1.4,0.4,0.2,0.5,0.0,0.4,0.0,0.0,-0.3,0.0,,
1978-02,0.5,0.2,0.4,0.1,0.2,0.3,0.9,4.4,0.0,0.2,-1.4,-2.9,-0.4,-2.6,7.1,12.0,8.5,8.9,0.3,0.2,0.0,0.2,0.0,0.3,1.0,0.5,1.1,0.6,0.3,0.1,0.0,0.0,-1.2,,-0.1,-0.3,-0.2,-0.2,0.4,0.1,0.2,-2.7,-4.7,-0.2,-6.1,-2.5,-4.6,-0.1,-0.3,-0.2,0.2,7.0,0.1,0.4,10.6,-0.2,0.0,-0.5,0.0,0.6,0.0,4.0,0.0,1.0,0.2,4.7,0.6,0.0,0.2,0.1,0.1,0.7,0.0,0.0,-0.5,0.5,,
1978-03,0.9,0.5,0.9,0.5,0.6,0.7,1.4,6.0,0.2,0.1,0.6,-0.2,-0.3,0.0,4.1,6.4,15.5,16.1,0.1,0.0,0.1,0.2,0.0,0.1,0.5,0.4,0.6,0.6,0.3,-0.1,0.0,0.1,-0.5,,-0.1,-0.4,0.3,-0.1,0.3,-0.1,0.1,1.4,2.3,0.5,3.0,0.6,1.2,0.1,0.9,0.9,0.3,0.2,0.1,0.3,0.2,-0.2,0.0,-0.7,0.0,0.0,0.0,0.0,0.0,1.5,-0.3,4.1,2.8,0.2,0.2,0.4,0.1,0.3,0.0,0.0,-0.5,0.0,,
1978-04,1.1,0.9,1.1,0.9,1.0,1.4,0.8,2.4,0.3,0.1,0.0,-0.4,-0.1,0.4,2.3,3.5,5.2,5.4,0.0,0.2,0.4,0.2,0.0,0.6,1.2,1.0,1.3,1.3,0.5,0.3,0.0,0.0,-0.3,,0.7,1.0,0.2,-0.2,0.1,0.0,3.9,1.5,1.8,0.2,2.3,2.5,4.0,0.8,0.3,1.4,0.3,0.3,0.0,-0.2,0.5,-0.3,0.0,-0.5,0.1,10.7,14.1,0.0,7.3,0.2,-0.1,-3.8,0.3,2.1,0.2,0.4,0.0,0.4,0.0,1.4,-0.4,8.0,,
1978-05,0.7,0.7,0.6,0.7,0.8,1.2,0.2,-0.4,0.5,0.2,-0.9,-2.2,-0.3,-1.4,-0.3,-0.7,2.3,2.4,0.2,0.0,0.1,0.2,5.8,0.4,0.9,0.7,1.1,0.9,0.5,0.0,0.0,0.0,-0.2,,0.4,1.2,-0.1,-0.3,0.1,-0.1,0.4,3.3,5.8,0.2,7.5,2.4,3.8,0.7,0.1,0.3,0.3,0.0,0.0,0.1,0.0,-0.2,0.0,-0.7,0.0,0.3,0.3,0.0,0.6,0.4,0.1,1.6,-0.1,0.0,0.3,1.0,0.1,0.2,0.0,0.0,-0.4,0.2,,
1978-06,-0.5,0.0,-0.6,0.0,0.2,0.1,-1.4,-6.7,0.2,0.0,0.7,0.8,-0.1,-1.4,-13.1,-21.2,-0.7,-0.7,0.2,0.3,0.1,0.2,0.0,0.3,0.9,0.7,1.1,0.9,0.4,0.0,0.0,0.0,-0.2,,0.1,0.2,-0.1,-0.2,0.1,-0.3,0.3,1.1,2.3,3.4,2.0,0.1,-0.3,0.5,0.1,0.1,0.0,0.1,0.3,0.1,0.0,-0.2,0.2,-0.6,0.0,0.0,0.0,0.0,0.0,-0.9,0.0,-6.2,1.5,0.0,0.2,0.7,0.0,0.0,0.0,0.0,-0.5,0.1,,
1978-07,0.4,0.2,0.4,0.2,0.2,0.3,0.7,2.3,0.2,-0.1,2.3,3.0,0.0,0.7,8.7,14.9,-9.3,-9.6,-0.1,0.2,-0.1,0.0,0.0,0.2,0.3,0.2,0.4,0.3,0.2,0.0,0.0,-0.1,-0.1,,0.0,-0.1,-0.1,0.0,0.2,-0.2,0.6,-0.5,-0.4,0.2,-0.6,-1.5,-2.8,0.2,0.1,0.0,0.2,0.1,0.2,-0.1,0.1,1.2,4.5,-0.8,0.0,0.0,0.0,0.0,0.0,0.4,2.5,0.3,0.1,0.2,0.4,0.4,1.3,0.1,0.0,0.0,-0.4,0.1,,
1978-08,0.2,-0.4,0.1,-0.4,-0.5,-0.8,1.7,7.7,0.1,0.0,4.8,7.5,0.4,2.0,9.1,14.8,-0.2,-0.2,0.0,0.2,1.2,-3.0,0.0,0.2,0.5,0.4,0.5,0.4,0.4,0.1,0.0,0.0,0.1,,0.1,0.0,0.1,0.4,0.4,-0.2,0.3,-6.5,-11.2,-0.1,-14.5,-5.3,-9.8,0.1,-0.2,-1.0,0.1,0.1,0.3,0.1,0.0,-0.2,0.1,-0.5,0.0,0.1,0.1,0.0,0.0,0.8,-0.1,4.2,0.4,0.0,0.0,0.3,0.1,-0.4,0.0,0.0,-0.4,0.0,,
1978-09,1.1,0.7,1.2,0.7,1.0,1.2,1.1,4.2,0.3,0.0,-1.5,-2.8,0.2,3.5,6.3,10.1,8.2,8.4,-0.3,-0.2,-0.1,-0.3,0.0,0.2,0.3,0.5,0.4,0.8,0.2,-0.1,0.0,0.0,-1.0,,0.3,0.0,0.6,1.1,0.5,0.0,0.3,7.4,12.4,1.1,16.3,7.8,15.9,-0.7,0.6,1.7,0.3,0.1,0.3,-0.1,0.1,0.0,0.1,-0.3,0.0,0.0,0.0,0.0,0.0,-0.3,0.0,-1.4,0.0,0.0,0.2,0.3,0.1,0.7,0.0,0.0,-0.5,0.1,,
1978-10,0.2,0.2,0.2,0.2,0.4,0.6,0.2,1.1,-0.1,0.1,-1.7,-2.9,-0.4,-0.8,-3.6,-5.8,15.4,15.9,-0.3,0.3,0.0,-0.2,0.0,0.1,0.7,0.5,0.7,0.7,0.2,-4.2,-7.7,-2.9,-1.7,,-0.3,-0.8,-0.4,0.5,0.1,0.0,0.2,1.3,1.9,0.8,2.3,1.2,2.4,-0.4,0.2,-0.7,0.3,0.1,0.4,0.0,0.0,0.8,2.9,-0.5,0.0,0.0,0.0,0.0,0.1,0.2,-0.2,-1.4,2.4,0.0,0.2,0.2,0.0,0.4,0.0,0.0,-4.0,0.0,,
1978-11,-1.0,0.1,-1.0,0.1,0.1,0.2,-3.0,-12.9,0.1,-0.1,-1.9,-3.3,-0.4,0.3,-12.2,-19.3,-17.2,-17.7,-0.2,-0.1,-0.4,0.0,0.0,0.1,0.2,0.2,0.3,0.3,0.2,-0.3,0.0,-0.3,-1.9,,0.0,-0.1,0.0,-0.1,0.3,0.0,0.2,0.5,0.8,1.2,0.6,0.2,0.1,0.2,0.4,0.1,0.3,0.1,0.4,0.2,0.0,-0.1,0.2,-0.1,0.0,0.0,0.0,0.0,0.0,0.4,-0.4,0.8,1.4,0.0,0.2,0.6,0.0,0.4,0.0,0.0,-0.7,-0.1,,
1978-12,-0.1,0.2,-0.2,0.2,0.3,0.4,-0.7,-4.2,0.2,0.0,-0.8,-1.6,0.0,3.4,-6.0,-10.3,-1.7,-1.8,-0.2,-0.1,0.1,0.1,0.0,0.2,0.4,0.4,0.3,0.3,0.5,0.5,0.0,-0.1,-0.9,,-0.2,-0.4,0.1,-0.3,0.2,-0.1,0.0,-0.2,-0.3,1.0,-0.6,-0.2,-0.5,0.2,0.3,0.1,0.2,0.1,0.4,-0.1,0.0,0.1,0.3,-0.2,0.0,0.3,0.0,1.6,0.0,0.7,0.1,1.6,1.9,0.0,0.2,0.4,0.0,0.3,0.0,0.0,-0.4,0.2,,
1979-01,0.1,-0.2,0.1,-0.3,-0.2,-0.4,0.8,4.7,-0.1,-0.1,2.9,4.4,-0.3,-5.0,3.9,6.8,2.9,3.0,0.0,0.0,0.2,0.0,0.0,0.2,0.3,0.4,0.4,0.4,0.5,0.0,0.0,-0.1,-0.6,,0.0,0.0,-0.1,0.3,0.1,-0.2,0.0,-2.2,-4.3,0.4,-5.8,-1.3,-2.3,0.2,-0.1,-0.2,0.3,0.1,0.3,0.0,0.0,0.6,2.1,-0.1,0.0,0.0,0.0,0.0,0.3,-0.3,-0.2,-1.5,-1.3,0.4,0.1,0.3,0.0,0.2,0.0,0.0,-0.2,0.2,,
1979-02,-0.2,-0.2,-0.3,-0.2,-0.2,-0.2,-0.2,-1.3,-0.1,1.5,-1.3,-2.3,-0.5,-2.6,-1.8,-3.1,2.1,2.2,-0.1,-0.1,0.2,0.1,0.1,0.2,0.4,0.5,0.3,0.3,0.6,0.0,0.0,0.0,0.1,,0.1,-0.1,0.7,-0.4,0.2,0.2,0.1,-2.9,-5.4,1.0,-7.3,-2.1,-3.9,0.2,-0.3,-0.3,0.0,0.1,0.5,-0.1,0.0,-0.1,0.0,-0.3,0.0,0.0,0.0,0.0,0.0,-0.1,-0.1,-0.1,0.0,0.1,0.1,0.2,0.2,0.3,0.0,0.0,-0.1,0.0,,
1979-03,0.8,0.5,0.8,0.6,0.5,0.6,1.2,5.4,0.2,0.2,-0.1,0.1,-0.3,0.8,8.2,14.2,4.4,4.6,0.0,-0.1,0.0,0.0,0.0,0.2,0.3,0.2,0.3,0.1,0.4,0.0,0.0,0.0,-0.1,,-0.1,-0.3,0.1,0.3,0.1,-0.1,0.2,1.7,3.4,0.5,4.4,0.2,0.3,-0.1,0.2,0.8,0.3,0.1,0.3,0.0,0.0,0.4,-0.2,1.2,0.0,0.0,0.0,0.0,0.0,1.3,-0.1,6.2,-0.1,0.2,0.3,0.3,0.0,1.0,0.0,0.0,0.7,0.1,,
1979-04,1.3,1.0,1.4,1.1,0.7,0.9,1.1,4.4,0.2,0.1,2.8,4.7,-0.2,0.5,5.3,8.8,-0.8,-0.8,0.1,0.2,0.1,0.1,0.0,0.5,0.5,0.6,0.5,0.6,0.7,4.2,8.3,2.7,0.2,,0.7,1.1,0.1,0.4,0.2,0.0,2.4,0.9,0.7,0.4,0.7,2.2,3.5,0.8,0.2,1.8,0.3,0.9,0.3,0.1,1.2,1.4,0.2,3.6,0.1,7.6,9.2,0.0,8.2,0.5,-0.1,-4.1,0.2,2.7,0.1,0.2,0.0,0.4,0.0,0.1,6.0,5.8,,
1979-05,0.9,0.8,1.0,0.8,0.9,1.2,0.5,1.9,0.1,0.0,0.5,0.7,-0.1,-0.5,-1.4,-2.4,8.2,8.5,0.0,-0.1,0.2,0.1,0.0,0.3,0.8,0.7,0.8,0.6,0.8,0.2,0.0,0.2,0.7,,0.3,0.6,-0.4,0.3,0.3,0.1,0.3,4.6,8.5,0.4,11.3,2.9,4.8,0.4,0.6,0.4,0.3,0.2,0.2,0.1,0.2,0.4,0.0,0.8,0.0,0.4,0.4,0.0,0.2,1.1,0.0,3.7,0.1,0.8,0.3,0.9,0.0,0.4,0.0,0.1,0.7,0.3,,
1979-06,0.1,0.6,0.1,0.6,0.2,0.3,-1.1,-5.1,0.1,0.0,-0.1,-0.1,0.8,-0.7,-9.2,-15.3,-1.5,-1.6,0.0,0.1,0.1,0.3,0.0,0.3,0.3,0.5,0.3,0.2,0.7,2.6,0.0,0.1,22.8,,0.1,0.1,-0.1,0.4,0.0,0.1,0.3,1.8,3.9,4.0,3.9,-0.4,-0.9,0.4,0.2,0.2,0.4,0.1,0.3,0.2,0.0,3.5,3.8,5.7,0.0,0.1,0.1,0.0,0.0,-1.5,-0.1,-5.4,-0.3,-0.8,0.4,0.8,0.0,0.7,0.0,0.0,6.1,0.1,,
1979-07,0.9,0.2,0.9,0.2,0.2,0.2,1.9,8.1,0.2,0.0,0.9,1.7,0.5,-0.1,20.1,34.9,-6.6,-6.8,0.1,0.1,0.3,0.2,0.0,0.2,0.4,0.8,0.0,0.2,1.6,1.0,0.0,0.3,6.7,,0.5,0.4,0.2,0.7,0.5,0.1,0.2,-0.5,-0.7,0.1,-1.0,-1.4,-2.6,0.1,0.5,0.3,0.7,0.1,0.2,0.1,0.1,0.6,0.0,1.4,0.0,0.0,0.0,0.0,0.0,0.0,-0.1,1.0,0.1,-0.4,0.4,0.8,0.0,0.8,0.0,0.0,1.7,0.0,,
1979-08,-0.9,-0.4,-1.0,-0.5,-0.5,-1.0,-1.4,-6.7,0.2,-0.1,2.6,4.3,0.3,1.5,-11.7,-18.3,-7.9,-8.2,0.0,0.0,0.1,-0.1,0.0,0.2,0.2,0.4,0.1,0.2,0.5,1.6,0.0,1.2,8.7,,0.1,0.1,0.5,-0.2,0.2,0.3,0.5,-7.1,-12.1,-0.4,-15.7,-6.3,-11.4,0.0,0.6,-0.6,0.2,0.1,0.2,0.1,0.0,0.8,0.6,1.6,0.0,-0.1,0.0,0.0,-0.5,0.7,-0.1,-1.1,0.5,1.8,0.4,0.5,0.2,0.9,0.0,0.0,2.5,0.0,,
1979-09,1.2,1.2,1.3,1.2,1.1,1.4,0.7,1.8,0.4,0.1,-2.0,-3.3,0.1,6.4,6.1,10.0,0.9,0.9,0.1,0.0,0.3,0.2,0.0,0.3,0.6,0.7,0.5,0.4,1.1,1.7,0.0,2.5,5.3,,1.1,1.8,1.0,0.0,0.8,0.8,0.1,7.8,12.2,-0.1,16.6,9.1,17.8,-0.5,2.3,1.2,0.5,0.0,0.1,0.1,0.0,0.3,0.5,0.5,0.0,0.1,0.0,0.0,0.6,-0.2,-0.1,1.3,-0.3,-0.6,0.6,0.5,0.0,2.5,0.0,0.1,1.7,0.2,,
1979-10,1.2,0.5,1.2,0.5,0.4,0.7,2.1,10.0,-0.2,0.0,0.5,1.2,-0.6,-1.9,11.4,18.3,13.3,13.8,-0.1,0.4,-0.6,0.0,0.0,0.2,0.5,0.5,0.4,0.3,0.9,1.8,0.0,3.1,3.9,,0.1,-0.8,-0.1,0.6,1.0,1.1,0.1,1.9,2.9,0.6,3.6,1.6,3.0,0.0,1.1,-2.2,0.6,0.1,0.2,0.1,0.0,0.3,0.2,0.5,0.0,0.0,0.0,0.0,0.0,0.5,-0.1,2.3,0.2,-0.1,0.5,0.5,0.0,1.5,0.0,0.0,1.8,0.1,,
1979-11,-0.3,0.2,-0.4,0.3,0.3,0.3,-1.4,-7.1,0.3,0.1,-0.5,-0.7,0.0,3.9,-3.8,-6.1,-17.0,-17.6,0.1,0.0,-0.1,0.0,0.2,0.3,0.4,0.5,0.3,0.3,0.7,0.7,0.0,1.1,1.6,,0.4,0.0,0.4,0.3,0.7,0.8,0.4,-0.2,-0.5,0.4,-0.7,-0.3,-0.7,0.2,1.1,0.7,0.6,0.1,0.3,0.2,0.0,0.3,1.0,0.3,0.0,0.0,0.0,0.0,0.0,0.6,0.2,-0.2,0.1,1.2,0.5,1.0,0.0,1.4,0.0,0.0,0.5,0.1,,
1979-12,0.5,0.6,0.6,0.6,0.3,0.2,0.6,1.0,0.5,0.0,-0.7,-0.8,0.0,5.0,6.3,9.5,-7.9,-8.2,0.2,0.3,0.3,0.1,0.0,0.3,0.4,0.6,0.1,0.2,1.0,2.4,0.0,1.7,11.5,,0.4,0.0,0.1,0.4,0.7,1.0,0.0,-0.1,-0.6,0.0,-0.8,0.0,0.0,0.0,0.6,0.2,0.8,0.1,0.3,0.0,0.0,1.0,0.7,1.9,0.0,0.0,0.0,0.0,0.0,0.4,0.2,2.2,1.7,-0.8,0.8,0.8,0.1,2.8,0.0,0.0,3.3,0.1,,
1980-01,0.8,0.2,0.9,0.2,0.0,0.1,2.1,9.8,-0.5,0.3,2.6,4.2,0.0,-7.3,13.7,20.7,1.3,1.3,0.0,0.4,0.3,0.2,0.1,0.8,0.6,0.6,0.5,0.4,0.8,0.8,0.0,1.9,0.5,,0.3,-0.2,0.8,0.4,0.5,0.6,0.4,-2.5,-4.9,-0.5,-6.3,-1.4,-2.8,0.4,0.3,-0.1,0.2,0.2,0.3,0.1,0.1,0.4,0.3,0.2,0.0,0.0,0.0,0.0,0.1,1.8,0.2,2.0,-1.2,3.5,0.6,0.9,0.0,1.7,0.0,0.0,0.7,0.1,,
1980-02,0.7,0.3,0.7,0.3,0.0,-0.3,1.7,6.0,0.3,1.7,-2.1,-3.3,0.3,-0.6,8.6,12.2,12.0,12.6,0.6,0.5,0.9,0.4,0.2,0.5,0.4,0.4,0.4,0.3,0.6,3.4,1.7,3.7,10.2,,0.6,-0.1,0.9,0.6,0.5,1.7,0.2,-3.9,-7.2,0.0,-8.9,-2.6,-4.0,0.2,0.2,0.0,0.8,0.1,0.3,0.2,0.0,1.1,0.0,2.2,0.0,0.0,0.0,0.0,0.0,0.6,-0.1,3.4,0.1,-0.4,1.1,0.6,0.1,4.1,0.0,0.0,4.4,0.0,0.6,
1980-03,0.6,0.8,0.6,0.8,0.8,0.6,0.6,-1.6,1.3,1.1,-0.7,-1.5,0.2,5.7,-3.4,-5.2,5.2,5.4,1.6,0.5,0.8,0.3,2.9,0.8,0.4,0.7,0.2,0.2,1.2,1.2,0.0,3.2,0.1,,0.6,0.2,0.3,0.5,1.0,2.1,0.0,1.7,2.8,0.6,3.4,0.5,0.6,0.2,1.1,0.5,0.5,0.5,0.2,0.2,0.7,0.4,1.3,0.1,0.0,0.1,0.0,2.2,0.6,0.2,0.0,1.4,-0.1,-0.1,0.5,0.5,0.1,2.0,0.0,0.0,0.9,0.3,0.5,
1980-04,1.7,2.4,1.8,2.6,1.2,1.4,-0.3,-5.0,1.3,1.3,0.9,1.4,0.5,-1.7,-10.4,-15.7,3.9,4.1,0.9,0.9,1.2,0.2,2.3,1.5,0.6,0.8,0.5,0.6,1.2,20.5,39.9,15.8,3.3,,1.5,1.4,0.2,1.1,1.9,1.5,5.1,1.7,1.9,0.7,2.2,1.9,2.8,0.4,0.6,1.2,2.2,0.4,0.1,0.1,0.5,0.3,0.0,0.6,0.0,8.4,8.6,0.0,9.4,1.1,-0.1,-1.8,0.1,3.2,0.4,1.0,0.1,0.5,0.0,1.6,16.0,6.5,0.9,
1980-05,0.9,1.5,0.9,1.6,1.5,1.8,-0.6,-6.7,1.2,0.8,-1.5,-2.3,0.9,-1.8,-10.8,-17.2,1.8,1.8,0.8,1.5,0.4,0.6,4.5,1.2,0.8,0.8,0.7,0.7,0.8,1.2,0.0,1.6,4.0,,1.1,0.9,0.7,0.7,1.3,1.8,0.9,4.9,9.0,0.5,11.1,2.5,3.3,0.7,0.7,0.3,1.1,0.1,0.2,0.2,0.0,1.1,2.0,0.9,0.1,0.0,0.0,0.0,0.1,0.8,-0.3,-1.1,0.2,2.2,5.6,0.5,0.1,0.5,21.0,0.0,1.4,0.1,1.1,
1980-06,0.4,0.6,0.5,0.6,0.5,0.7,0.0,-1.4,0.4,0.3,-1.2,-1.9,0.2,-2.0,-1.1,-2.1,0.2,0.3,0.8,0.5,0.9,0.4,0.1,0.6,0.5,0.6,0.5,0.4,0.8,0.2,0.0,0.5,0.6,,0.5,0.4,0.4,0.3,0.6,1.1,1.1,1.8,1.5,0.9,1.5,3.7,5.9,0.2,0.7,0.2,0.6,0.0,0.2,0.1,0.0,0.0,0.0,0.0,0.1,0.0,0.0,0.0,0.0,1.8,0.1,-0.2,12.3,-0.4,0.4,1.2,0.1,0.3,0.0,0.0,0.2,0.0,1.6,
1980-07,0.1,0.2,0.0,0.2,0.3,0.2,0.0,-1.4,0.4,0.2,0.3,0.5,0.6,-0.2,-1.9,-3.4,-1.6,-1.7,0.7,0.3,0.7,0.2,0.1,0.3,0.5,0.8,0.5,0.9,0.9,0.8,0.7,1.1,-0.4,,0.5,0.0,0.6,0.2,0.7,1.0,0.4,-1.3,-1.7,-0.1,-2.1,-2.2,-3.5,0.0,0.5,0.0,0.4,0.2,0.2,1.3,0.0,-0.5,0.0,-1.2,0.0,0.0,0.0,0.0,-0.1,0.8,-0.2,-0.2,3.9,0.2,0.3,1.0,0.1,0.2,0.0,0.0,-0.3,0.0,0.6,
1980-08,-0.3,-0.6,-0.3,-0.7,-0.5,-1.0,0.9,2.7,0.4,0.1,1.2,1.7,0.4,5.6,6.8,11.1,-5.1,-5.3,1.0,0.5,-0.2,0.1,0.0,0.3,0.3,0.5,0.2,0.2,0.7,0.0,0.0,0.3,-0.7,,0.3,-0.2,0.2,0.6,1.0,0.8,0.1,-8.8,-14.3,0.0,-17.6,-8.6,-13.3,-0.1,0.3,-0.6,0.3,0.1,0.2,0.7,-0.2,-0.5,0.0,-1.0,0.0,0.0,0.0,0.0,0.1,1.2,-0.4,2.9,0.4,1.3,0.2,0.4,0.1,-0.1,0.0,0.0,-0.7,0.1,1.0,
1980-09,1.7,0.9,1.8,1.0,1.1,1.5,2.3,10.7,-0.1,0.1,1.0,0.7,0.1,-1.6,14.6,23.8,9.3,9.6,1.0,0.9,0.2,0.2,0.1,0.3,0.3,0.3,0.2,0.3,0.4,0.4,0.0,1.2,-0.6,,1.0,1.1,1.6,0.7,0.8,1.0,0.2,10.6,17.0,1.7,21.3,11.3,17.1,2.1,1.0,1.3,0.4,0.1,0.2,0.1,0.1,-0.2,0.1,-0.5,0.0,-0.1,-0.2,0.0,0.1,-0.6,0.0,-1.7,-0.1,-0.4,0.3,0.4,0.2,0.9,0.0,0.0,-0.1,0.1,-0.5,
1980-10,0.2,0.6,0.2,0.7,0.7,0.7,-0.4,-4.3,0.9,0.5,0.2,0.0,0.2,5.1,-10.8,-16.8,7.5,7.8,1.0,0.6,0.2,0.7,0.1,0.2,0.2,0.3,0.2,0.3,0.3,-0.1,0.2,0.0,-1.1,,0.9,0.6,1.2,1.3,0.8,0.8,0.6,2.0,2.9,0.8,3.4,1.7,2.0,1.0,0.7,1.1,0.4,0.1,0.7,0.2,0.0,0.0,0.4,-0.3,0.3,0.0,0.0,0.0,0.0,0.8,-0.1,3.4,-0.2,0.2,0.2,0.2,0.2,0.5,0.0,0.0,-0.4,0.1,0.8,
1980-11,0.2,0.4,0.2,0.4,0.3,0.3,0.1,-1.1,0.5,0.7,0.1,-0.2,0.1,1.1,2.7,4.1,-8.2,-8.5,0.3,0.5,0.1,0.5,0.1,0.3,0.3,0.3,0.3,0.3,0.3,-0.1,0.0,0.0,-1.2,,0.4,0.2,0.9,0.3,0.6,0.6,0.1,0.6,0.9,0.4,1.0,0.2,0.0,0.6,0.5,0.4,0.1,0.2,0.5,0.4,0.0,-0.1,0.0,-0.2,0.0,0.2,0.0,4.0,0.0,0.2,0.2,0.5,0.1,0.2,0.2,0.4,0.1,0.3,0.0,0.0,-0.2,0.2,0.2,
1980-12,-0.3,0.1,-0.4,0.1,0.2,0.1,-0.9,-6.1,0.6,0.3,1.0,1.1,0.2,1.3,-8.0,-13.2,-7.0,-7.4,0.4,0.7,0.2,0.4,0.0,0.3,0.4,0.4,0.4,0.4,0.3,-0.1,0.0,0.1,-1.1,,0.1,-0.1,0.3,0.1,0.3,0.0,0.0,-0.1,-0.4,0.3,-0.5,0.0,0.0,0.1,0.0,0.4,0.4,0.1,0.2,0.0,0.0,-0.5,0.3,-0.2,-2.4,0.0,0.0,0.0,0.2,0.4,-0.5,0.9,1.8,-0.2,0.1,0.3,0.1,0.2,0.0,0.0,-0.3,0.0,0.3,
1981-01,1.0,0.0,1.0,0.0,0.0,-0.2,3.1,15.4,0.4,0.1,1.4,2.0,0.7,-1.4,23.7,40.4,5.0,5.4,0.2,1.0,0.6,0.3,0.0,0.6,0.4,0.3,0.5,0.4,0.4,0.0,0.0,0.0,-0.5,,0.3,0.4,0.4,0.1,0.6,0.0,0.8,-3.4,-6.2,0.2,-7.7,-1.9,-3.0,0.0,0.3,-0.1,0.1,0.3,1.1,0.5,0.0,0.0,0.4,-0.2,0.0,0.0,0.0,0.0,0.0,0.9,0.0,1.3,-1.4,1.7,0.3,0.5,0.2,0.3,0.0,0.0,-0.3,0.2,0.8,
1981-02,-0.1,-0.2,-0.1,-0.2,-0.2,-0.4,0.5,0.7,0.4,0.1,-2.5,-4.5,0.7,2.0,2.2,3.1,4.6,4.7,0.1,0.5,0.2,0.1,0.1,0.2,0.4,0.3,0.3,0.2,0.3,0.1,0.0,0.0,-0.2,,0.1,0.2,-0.2,0.0,0.3,0.0,0.1,-3.4,-6.1,0.4,-7.5,-2.8,-4.5,0.2,0.1,-0.3,0.3,0.1,0.4,0.1,0.0,0.4,0.4,-0.1,1.9,0.0,0.0,0.0,0.0,-0.3,-0.3,-0.5,0.0,-0.3,0.1,0.1,0.0,0.2,0.0,0.0,-0.1,0.1,-0.2,
1981-03,0.4,0.3,0.5,0.3,0.4,0.3,0.6,1.5,0.4,0.1,1.5,2.1,0.6,1.8,0.7,1.1,1.4,1.5,-0.2,0.2,0.2,0.3,0.0,0.2,0.2,0.3,0.3,0.2,0.3,-0.1,0.0,0.1,-0.3,,0.2,0.2,0.1,0.1,0.5,-0.4,0.0,1.2,2.3,0.8,2.7,0.2,0.2,0.0,1.0,0.5,0.1,-0.4,0.5,0.3,-0.9,0.1,-0.2,0.0,0.0,0.1,0.0,0.0,0.3,0.6,-0.3,2.8,0.1,0.1,0.2,0.3,0.1,0.5,0.0,0.0,0.0,0.0,0.5,
1981-04,0.8,0.7,0.8,0.8,0.8,1.1,0.4,1.5,0.0,0.7,0.2,0.2,0.6,-6.4,1.5,2.0,2.3,2.4,0.1,0.7,0.9,1.0,0.0,0.7,0.6,0.5,0.6,0.8,0.3,0.7,0.0,0.0,-0.1,,0.4,0.4,-0.4,0.5,0.4,0.1,3.8,1.3,1.7,0.7,1.9,1.6,2.6,0.2,0.1,1.1,0.5,0.6,0.7,0.8,0.5,0.4,-0.1,0.4,1.1,6.7,6.6,8.2,6.6,0.8,-0.3,-1.9,0.3,2.3,0.2,0.8,0.1,0.1,0.0,2.0,0.2,5.4,0.7,
1981-05,0.9,1.3,0.9,1.3,1.1,1.4,-0.2,-3.7,0.7,0.3,-0.1,-0.3,0.4,-3.7,-9.2,-13.7,7.7,8.1,0.5,0.2,0.3,1.0,7.3,1.0,0.7,0.5,0.8,0.7,0.2,0.8,0.0,0.0,5.6,,-0.1,-0.7,-0.1,0.1,0.1,0.3,0.5,5.1,9.5,0.2,11.9,2.7,4.2,0.1,0.5,0.0,0.2,0.2,0.5,0.7,0.1,3.8,6.6,3.4,0.2,0.3,0.4,0.0,0.0,-0.1,-0.1,-1.1,-0.3,0.6,0.3,0.7,0.2,0.0,0.0,0.0,2.4,0.4,1.1,
1981-06,0.2,0.4,0.1,0.2,0.3,0.4,-0.1,-1.2,0.2,0.3,-0.3,-0.5,0.2,0.5,-5.1,-8.0,6.5,6.7,0.0,0.2,0.5,0.4,0.0,0.4,0.2,-0.9,0.7,0.5,-2.4,0.2,0.0,0.0,1.3,,0.2,0.3,0.0,0.1,0.2,-0.1,0.1,1.0,0.1,0.2,0.1,3.6,5.1,1.1,0.0,0.4,0.2,1.8,0.5,0.4,2.4,0.2,0.4,0.3,0.0,0.0,0.0,0.0,0.3,-0.4,0.0,-1.5,-0.1,0.0,0.2,0.4,0.2,0.0,0.0,0.0,0.3,0.1,-0.2,
1981-07,-0.3,-0.2,-0.3,-0.1,0.0,-0.3,-0.3,-2.9,0.5,1.4,1.2,1.5,0.0,-1.1,-3.9,-6.6,-3.9,-4.1,0.0,0.2,0.6,0.2,0.0,0.3,0.2,0.3,0.3,0.3,0.2,0.2,0.0,0.0,0.3,,-0.1,-0.1,0.0,-0.2,0.2,-0.4,0.2,-2.3,-3.3,0.1,-4.2,-3.0,-4.6,0.2,-0.1,-0.4,0.1,0.2,0.4,0.5,0.1,0.1,0.5,-0.4,0.0,0.0,0.0,0.0,0.0,0.1,-0.3,0.3,0.0,0.0,0.2,0.4,1.1,-0.6,0.0,0.0,-0.2,0.1,0.1,
1981-08,-0.5,-0.2,-0.6,-0.4,-0.6,-1.0,-0.3,-2.9,0.3,0.4,1.8,2.8,0.1,1.4,-1.6,-2.9,-9.8,-10.2,0.0,0.1,0.6,0.1,0.0,0.3,0.3,0.2,0.2,0.2,0.2,0.7,0.0,0.0,4.7,,0.0,0.2,-0.4,0.0,0.0,-0.4,0.1,-8.1,-12.7,-0.1,-15.7,-8.6,-13.5,-0.2,-0.3,-0.6,0.1,0.2,0.4,0.2,0.2,0.5,0.1,2.5,-2.9,0.0,0.0,0.0,0.0,1.6,-0.4,6.0,0.3,0.7,0.1,0.3,0.5,-0.3,0.0,0.0,2.1,0.0,1.4,
1981-09,1.5,1.1,1.6,1.2,1.2,1.7,1.4,7.0,0.2,0.3,1.7,2.8,0.0,1.9,10.8,17.8,0.0,0.1,0.2,0.0,-0.6,0.2,0.0,0.2,0.2,0.3,0.2,0.2,0.3,0.5,0.0,0.0,1.9,,0.8,1.7,0.8,0.7,0.1,0.1,0.0,11.8,20.6,0.8,26.3,9.9,16.6,-0.1,0.5,1.3,0.2,0.2,0.5,0.3,0.1,0.7,0.4,1.1,0.0,0.0,0.0,0.0,0.0,-1.3,-0.3,-5.3,0.2,-0.3,0.4,0.2,0.6,0.4,0.0,1.0,0.6,0.1,-1.1,
1981-10,0.4,0.4,0.4,0.5,0.5,0.5,0.1,-1.2,0.4,0.7,-0.3,-0.2,-0.3,3.9,-6.1,-9.9,9.3,9.5,-0.1,0.6,0.4,0.3,0.0,0.2,0.2,0.1,0.3,0.3,0.0,0.5,0.6,0.0,1.2,,0.5,1.0,0.2,0.5,0.3,0.0,0.2,2.9,4.8,0.0,5.8,2.4,3.4,0.2,0.2,-0.1,0.3,0.1,0.4,0.4,0.0,0.3,0.5,0.2,0.0,0.0,0.0,0.0,0.0,-0.2,0.0,-1.1,0.2,0.0,0.2,0.2,0.6,0.2,0.0,0.0,0.5,0.0,-0.1,
1981-11,-0.2,0.3,-0.3,0.2,0.2,0.2,-0.8,-5.0,0.3,0.8,0.5,0.5,-0.5,0.3,-0.6,-1.0,-16.5,-17.0,0.0,0.3,0.2,0.0,0.0,0.2,0.3,0.3,0.3,0.3,0.2,0.8,0.0,0.1,0.1,,-0.1,-0.2,-0.1,0.0,0.1,0.1,0.1,-0.9,-1.7,0.5,-2.1,-0.4,-0.5,0.2,0.1,0.3,0.2,0.2,0.3,0.4,0.0,0.3,0.6,0.0,0.0,0.0,0.0,0.0,0.0,0.2,-0.3,0.7,0.3,0.1,0.1,0.1,0.3,-0.1,0.0,0.0,0.0,0.1,0.2,
1981-12,0.2,0.1,0.3,0.3,0.2,0.1,0.3,0.3,0.3,0.2,-0.7,-1.5,-0.1,3.3,1.6,2.5,0.1,0.1,0.0,0.0,0.2,-0.1,0.0,0.3,0.2,0.2,0.2,0.3,0.2,0.0,0.0,0.0,-0.2,,0.0,-0.3,-0.1,0.3,0.1,0.1,0.1,0.1,-0.1,-0.3,-0.1,0.0,0.0,0.0,0.0,0.4,0.2,0.1,0.2,0.2,0.0,0.2,0.6,0.0,0.1,0.0,0.0,0.0,0.0,1.0,0.0,3.7,1.4,-0.2,0.1,0.3,0.2,0.1,0.0,0.0,-0.1,0.1,0.9,
1982-01,0.0,-0.4,0.0,-0.5,-0.4,-0.5,0.9,4.6,0.0,0.1,1.8,2.7,0.0,-5.9,0.4,0.6,13.2,13.8,0.6,1.2,0.6,0.8,0.0,0.3,0.3,0.3,0.3,0.2,0.3,0.0,0.0,0.1,-0.2,,0.0,-0.2,0.2,0.2,0.3,0.1,0.1,-4.3,-7.6,-0.1,-9.2,-2.6,-4.1,0.2,0.1,-0.1,0.3,0.3,1.1,0.2,0.0,0.4,1.1,0.0,0.0,0.0,0.0,0.0,0.0,-0.5,-0.4,-2.0,-1.6,0.7,0.2,0.4,0.4,0.0,0.0,0.0,0.0,0.0,-0.3,
1982-02,-0.2,-0.2,-0.3,-0.3,-0.3,-0.5,0.2,1.1,-0.1,0.0,-0.6,-1.4,0.1,-3.4,2.3,3.5,1.8,1.8,0.2,0.1,0.0,0.1,0.0,0.2,0.2,0.3,0.2,0.3,0.3,0.1,0.0,0.0,-0.3,,-0.2,-0.3,-0.5,-0.7,0.1,-0.1,0.0,-3.9,-6.7,0.6,-8.4,-3.0,-4.7,-0.2,-0.3,-0.7,0.1,0.4,0.1,0.1,0.6,0.3,0.9,0.1,0.0,0.0,0.0,0.0,0.0,0.1,-0.2,1.3,0.1,-0.4,0.1,0.2,0.0,0.3,0.0,0.0,-0.1,0.0,0.3,
1982-03,0.2,0.2,0.2,0.1,0.3,0.3,0.2,0.1,0.3,0.1,0.0,-0.4,0.0,0.7,-0.7,-1.4,2.4,2.5,0.0,0.2,0.4,0.1,0.0,0.2,0.3,0.2,0.4,0.2,0.1,0.1,0.0,0.0,-0.2,,-0.3,-0.3,-1.1,-0.6,0.2,-0.1,0.0,1.2,2.4,0.0,3.0,-0.1,-0.1,0.1,0.8,0.3,0.1,0.0,0.1,0.1,0.0,0.0,-0.1,-0.1,0.0,0.0,0.0,0.0,0.0,0.0,-0.1,0.4,-0.1,-0.2,0.1,0.2,0.1,0.2,0.0,0.0,-0.1,0.0,0.0,
1982-04,0.8,0.7,0.8,0.8,0.7,0.9,0.5,1.5,0.3,0.7,1.7,2.5,0.5,-2.2,2.5,4.0,-3.0,-3.1,0.0,0.1,0.6,0.2,0.0,0.5,0.6,0.7,0.7,1.1,0.2,0.5,0.0,0.1,-0.1,,0.1,-0.3,-1.2,0.3,0.3,0.0,2.9,1.0,1.3,0.9,1.4,1.1,1.5,0.2,0.1,1.8,0.5,0.7,0.1,0.6,0.9,0.3,-0.1,0.7,0.0,5.6,6.1,0.0,4.7,0.9,-0.3,-1.3,0.3,2.6,0.3,0.3,0.5,-0.3,0.0,5.0,0.4,4.3,0.7,
1982-05,0.4,0.9,0.4,0.9,0.9,1.1,-0.9,-5.8,0.2,0.2,-0.9,-1.6,0.3,-0.4,-7.6,-12.2,-3.4,-3.5,-0.3,0.4,0.7,0.1,0.1,0.3,0.6,0.4,0.5,0.6,0.3,0.2,0.0,0.1,0.6,,-0.3,-1.1,0.5,0.1,0.0,0.1,0.5,6.7,11.6,0.0,14.5,5.5,8.7,0.3,-0.1,-0.2,0.1,0.0,0.1,0.2,0.0,1.0,2.7,0.3,0.0,0.2,0.2,0.0,0.1,0.1,-0.1,-0.4,0.0,0.3,0.1,0.6,0.1,-0.2,0.0,0.0,0.3,0.3,0.8,
1982-06,0.0,0.2,0.0,0.2,0.2,0.3,-0.5,-3.0,0.0,0.1,0.0,-0.2,0.8,-1.6,-3.4,-5.8,-3.8,-4.0,-0.3,0.0,0.8,0.2,0.0,0.2,0.4,0.4,0.6,0.4,0.2,0.2,0.0,0.0,0.5,,0.1,-0.1,0.0,0.5,0.3,0.0,0.1,1.0,0.6,0.0,0.8,2.8,3.6,1.2,0.0,0.3,0.2,0.1,0.1,0.1,0.0,0.1,0.3,0.0,0.0,0.1,0.1,0.0,0.0,0.1,-0.1,0.3,0.0,0.0,0.0,0.2,0.0,-0.1,0.0,0.0,0.0,0.0,0.0,
1982-07,-0.6,-0.2,-0.7,-0.3,-0.2,-0.4,-1.2,-7.9,0.4,0.0,0.5,0.7,0.9,-0.2,-9.3,-16.1,-11.0,-11.5,-0.5,0.5,0.5,0.0,0.0,0.3,0.3,0.2,0.3,0.2,0.3,0.0,0.0,0.0,0.3,,-0.1,-0.4,0.4,0.1,0.1,-0.1,0.4,-3.6,-5.5,-0.6,-6.6,-3.9,-6.2,0.2,-0.1,-0.3,0.1,0.0,0.1,0.1,0.0,0.2,0.3,-0.1,0.0,0.0,0.0,0.0,0.0,-0.3,-0.4,-1.1,0.0,0.1,0.1,0.5,0.1,-0.6,0.0,0.0,0.0,0.0,-0.2,
1982-08,0.7,-0.3,0.7,-0.4,-0.5,-0.7,3.1,17.6,0.1,0.1,3.6,5.6,0.2,0.9,24.5,45.7,6.9,7.3,-0.2,0.2,-0.1,0.0,0.0,0.1,0.2,0.1,0.1,0.0,0.2,0.7,0.0,0.0,4.5,,0.1,0.0,-0.4,0.8,0.1,0.1,0.1,-7.4,-12.0,0.0,-14.8,-6.9,-11.1,0.1,-0.2,-0.5,0.1,0.0,0.1,-0.1,0.0,0.9,0.1,2.0,0.0,0.0,0.0,0.0,0.0,1.6,-0.5,5.7,0.6,0.8,0.0,0.2,0.0,-0.1,0.0,0.0,1.8,0.0,1.4,
1982-09,1.6,1.0,1.8,1.2,1.2,1.7,1.7,7.8,0.2,0.1,4.4,7.1,0.0,2.0,6.6,10.5,4.9,5.1,-0.3,-0.2,-0.1,0.1,0.0,0.3,0.1,0.2,0.1,0.2,0.1,0.4,0.0,0.0,2.4,,0.7,1.1,1.0,0.2,0.1,0.3,0.1,11.1,18.8,1.4,23.7,10.3,17.4,-0.4,0.7,1.8,0.0,0.2,0.3,0.6,0.0,0.1,0.2,0.3,0.0,0.0,0.1,0.0,0.0,0.1,-0.4,0.6,1.5,-0.7,0.3,0.1,0.1,0.9,0.0,0.5,0.4,0.2,0.1,
1982-10,0.3,0.5,0.3,0.5,0.5,0.5,-0.1,-1.6,0.3,0.2,-3.0,-4.7,-0.2,2.9,-3.8,-6.0,10.8,11.2,-0.1,0.1,0.5,0.1,0.0,0.2,0.1,0.1,0.1,0.1,0.1,0.1,0.0,0.0,0.6,,0.4,0.7,0.3,1.0,0.2,0.0,0.0,3.2,5.7,1.9,6.7,1.6,2.3,0.1,0.4,-1.8,0.1,0.2,0.4,0.6,0.1,0.2,0.4,0.0,0.1,0.0,0.0,0.0,0.0,-0.3,-0.1,-1.6,0.1,0.3,0.0,0.1,0.0,0.1,0.0,0.0,0.1,0.0,-0.2,
1982-11,-1.0,0.1,-1.1,0.0,0.0,0.0,-2.7,-14.0,0.2,0.5,-1.5,-2.5,-0.2,-1.0,-15.1,-24.0,-17.7,-18.4,0.3,0.0,-0.1,0.0,0.0,0.2,0.2,0.2,0.3,0.3,0.2,-0.1,0.0,0.1,-0.2,,0.0,-0.3,0.0,0.2,0.2,0.3,0.3,0.1,0.2,0.6,0.1,-0.1,-0.2,0.1,-0.1,0.5,0.1,0.2,0.4,0.5,0.0,0.0,-0.2,0.0,0.0,0.0,0.0,0.0,0.0,-0.6,-0.3,-2.5,0.0,0.0,0.1,0.2,0.1,0.3,0.0,0.0,0.0,0.1,-0.5,
1982-12,-0.1,0.0,-0.2,0.1,0.1,0.1,-0.5,-2.7,-0.1,0.2,-1.2,-2.4,-0.1,-1.6,0.0,-0.5,-5.7,-6.0,0.0,0.4,-0.1,0.1,0.0,0.3,0.3,0.5,0.2,0.4,0.4,0.0,0.0,0.0,-0.4,,0.0,-0.2,0.3,0.1,0.1,-0.1,0.0,-0.8,-1.4,-0.4,-1.8,-0.4,-0.7,0.1,0.2,0.2,0.2,0.1,0.3,0.1,0.1,0.1,0.3,0.0,0.1,0.0,0.0,0.0,0.0,0.5,-0.7,1.3,1.8,-0.1,0.2,0.3,0.2,0.4,0.0,0.0,-0.1,0.0,0.5,
1983-01,0.1,-0.5,0.2,-0.5,-0.5,-0.6,1.5,9.0,-0.1,0.0,1.7,2.9,0.1,-4.6,12.3,21.7,3.6,3.7,0.0,-0.1,0.3,0.2,0.0,0.2,0.2,0.2,0.2,0.2,0.3,-0.2,0.0,0.0,-1.1,,-0.2,-0.4,-0.3,-0.2,0.1,0.0,0.4,-4.2,-7.0,0.9,-8.8,-3.1,-4.7,0.0,0.1,-0.1,0.1,-0.4,0.4,0.5,-1.0,-0.1,0.3,-0.5,0.0,0.0,0.0,0.0,0.1,0.3,-0.3,2.1,-1.8,0.5,0.1,0.2,0.2,-0.1,0.0,0.0,-0.4,0.0,0.2,
1983-02,-0.3,-0.4,-0.4,-0.6,-0.3,-0.6,0.4,1.4,0.2,0.0,-0.8,-1.3,0.5,0.3,1.2,1.5,6.3,6.7,-0.2,0.0,-0.1,0.0,0.0,0.2,0.3,0.2,0.3,0.4,0.0,-0.4,0.0,0.0,-2.7,,0.0,0.0,0.2,-0.7,0.0,0.4,0.1,-4.3,-7.7,0.3,-9.6,-2.9,-4.3,-0.4,-0.2,-0.8,0.1,0.2,0.2,0.2,0.2,-0.5,-0.2,-0.8,0.0,0.0,0.0,0.0,0.0,0.0,0.2,-0.2,0.2,-0.2,0.1,0.0,0.0,0.3,0.0,0.0,-1.0,0.1,-0.1,
1983-03,0.6,0.2,0.6,0.3,0.3,0.3,1.3,5.1,0.5,0.0,0.4,0.6,0.3,6.1,5.0,7.7,8.6,9.0,0.0,0.2,0.6,0.1,0.0,0.2,0.1,0.1,0.2,0.2,0.0,-0.4,0.0,0.0,-2.1,,-0.1,-0.6,-0.1,-0.5,0.1,0.1,0.3,0.9,1.8,-0.2,2.4,-0.2,-0.6,0.4,0.5,0.8,0.1,0.1,0.1,0.1,0.0,-0.5,0.3,-1.2,0.1,0.1,0.0,0.0,0.7,0.5,-0.3,2.1,-0.1,0.2,0.2,0.2,0.0,0.6,0.0,0.0,-1.0,0.1,0.5,
1983-04,0.5,0.5,0.4,0.5,0.7,0.9,0.0,-0.5,0.1,0.3,0.0,0.2,0.2,-2.3,-0.6,-1.3,-0.2,-0.2,0.2,0.1,0.5,0.0,0.0,0.4,0.5,0.5,0.6,0.6,0.2,-0.4,0.0,0.1,-3.1,,0.2,0.5,-0.7,0.3,0.2,0.1,1.3,1.2,1.5,0.9,1.6,1.2,1.7,0.4,0.4,2.7,0.4,0.2,0.2,0.5,0.3,-0.9,0.0,-2.0,0.0,4.3,4.8,0.0,2.3,1.1,1.0,-0.7,0.1,2.3,0.5,0.2,0.8,-0.1,0.0,24.4,-1.6,3.4,0.9,
1983-05,1.0,0.7,1.1,0.7,0.8,1.2,1.0,5.3,0.0,0.3,-0.6,-1.2,0.0,-2.9,5.5,8.5,10.6,11.1,0.4,0.1,-0.3,0.1,0.1,0.2,0.6,0.5,0.7,0.8,0.1,0.0,0.0,0.1,-1.0,,-0.4,-1.4,0.4,-0.1,0.1,-0.1,0.3,6.6,11.6,0.6,14.6,4.9,8.0,0.0,0.3,0.1,-0.1,0.1,0.0,0.6,-0.1,-0.4,0.0,-0.9,-0.1,0.2,0.2,0.0,0.1,-0.4,-0.2,-1.8,-0.1,0.1,3.4,0.5,0.0,0.1,12.0,0.0,-0.6,0.2,-0.3,
1983-06,-0.6,0.1,-0.7,0.0,0.1,0.1,-1.7,-9.5,0.2,0.3,-1.8,-2.9,0.0,-0.6,-14.0,-21.9,-1.3,-1.4,0.4,0.0,0.5,0.1,2.2,0.2,0.4,0.3,0.4,0.4,0.0,-0.1,0.0,0.2,-0.7,,0.2,0.0,0.3,0.9,0.3,0.0,0.3,-0.1,-0.9,-0.4,-1.0,1.4,1.5,1.3,-0.1,-0.1,0.1,0.2,0.1,0.4,0.2,-0.4,-0.3,-0.6,0.0,0.0,0.1,0.0,0.0,-0.5,-0.2,-2.6,0.0,0.1,0.3,0.1,1.1,-0.4,0.0,0.0,-0.6,0.0,-0.6,
1983-07,-0.4,-0.2,-0.5,-0.2,-0.1,-0.3,-0.5,-3.7,0.4,0.6,0.3,0.8,0.1,0.8,-0.7,-1.5,-12.0,-12.5,0.2,0.0,0.1,0.1,0.4,0.1,0.2,0.2,0.2,0.3,0.3,-0.1,0.0,0.0,-0.8,,0.0,0.0,-0.2,-0.2,-0.1,-0.2,0.3,-2.3,-3.2,0.0,-4.1,-3.1,-4.7,-0.1,0.2,-0.2,0.1,0.1,0.3,0.1,0.0,-0.4,0.3,-1.0,0.0,0.0,0.0,0.0,0.0,0.3,-0.3,1.0,0.0,0.3,0.1,0.2,0.1,0.0,0.0,0.0,-0.6,0.0,0.4,
1983-08,-0.3,-0.7,-0.3,-0.8,-0.8,-1.2,1.4,7.4,0.1,0.4,0.8,1.6,0.1,-0.3,9.6,16.4,5.2,5.4,0.0,-0.1,0.0,0.0,0.1,0.2,0.1,0.2,0.1,0.2,0.1,-0.1,0.0,0.0,-0.8,,-0.3,-0.5,-0.4,-0.5,0.2,-0.2,0.0,-8.2,-13.0,0.0,-16.1,-7.8,-12.4,0.0,-0.3,-1.3,0.0,0.1,0.3,0.4,0.0,-0.7,0.1,-1.0,-2.3,0.0,0.0,0.0,0.0,0.9,-0.2,2.1,0.3,0.7,-0.1,0.1,0.0,-0.2,0.0,0.0,-0.8,0.0,0.8,
1983-09,1.2,1.3,1.3,1.4,1.3,1.8,0.1,-0.6,0.2,0.3,-1.1,-1.6,0.1,2.8,3.2,4.9,-6.1,-6.3,0.2,0.1,0.2,0.0,0.0,0.1,0.2,0.2,0.2,0.2,0.2,0.0,0.0,0.1,-0.2,,0.9,1.9,0.5,1.2,0.1,0.2,0.0,11.8,19.9,0.9,25.5,11.1,18.5,0.0,0.4,2.0,0.2,0.3,0.5,0.4,0.1,0.8,-0.2,2.1,0.0,0.0,0.0,0.0,0.0,-0.2,-0.4,0.7,-0.2,-0.4,0.1,0.1,0.0,0.3,0.0,0.7,1.3,0.0,-0.3,
1983-10,0.8,0.5,0.9,0.5,0.5,0.5,1.5,6.0,0.5,0.4,-0.8,-1.2,-0.2,1.1,3.5,5.1,18.2,19.0,0.9,0.2,-0.3,0.1,3.0,0.3,0.2,0.4,0.3,0.6,-0.1,0.0,0.0,0.1,-0.1,,0.5,0.9,0.5,0.5,0.1,0.1,0.3,2.3,4.0,0.6,4.8,2.0,2.8,0.3,0.3,-2.4,0.1,0.2,0.8,0.2,0.0,0.4,0.4,0.6,0.0,0.0,0.0,0.0,0.0,0.3,0.2,0.4,0.2,0.3,0.1,0.1,0.0,0.2,0.0,0.0,0.4,0.0,0.4,
1983-11,-0.5,0.3,-0.6,0.2,0.4,0.3,-1.9,-10.7,0.2,0.7,-0.9,-1.2,-0.4,0.1,-7.3,-12.1,-20.8,-21.6,0.1,0.1,0.2,0.0,1.2,0.4,0.3,0.1,0.2,0.2,0.2,-0.2,0.0,0.0,-1.7,,0.0,0.0,-0.1,-0.2,0.0,0.1,0.0,1.0,2.0,0.7,2.2,-0.1,-0.2,0.2,-0.1,0.6,0.1,0.6,2.1,0.4,0.0,-0.1,-0.3,0.0,0.0,0.0,0.0,0.0,0.0,-0.1,-0.2,-0.6,0.0,0.1,0.0,0.1,0.0,0.0,0.0,0.0,-0.4,0.0,-0.1,
1983-12,-0.3,-0.1,-0.3,0.0,0.0,0.0,-0.5,-3.9,0.4,0.2,-0.6,-0.8,-0.1,1.0,-2.8,-5.9,-5.7,-5.9,0.1,0.1,0.2,0.0,0.2,0.3,-0.1,0.2,-0.1,0.1,0.3,-0.5,0.0,0.0,-3.0,,-0.1,-0.6,0.3,-0.1,0.3,-0.2,0.0,-1.1,-2.1,0.6,-2.7,-0.4,-0.6,0.2,0.1,0.0,0.1,0.4,1.5,0.1,0.0,-0.1,0.6,-0.7,0.1,0.1,0.0,1.2,0.0,0.4,-0.2,0.8,2.0,-0.3,0.2,0.1,0.3,0.1,0.0,0.0,-0.8,0.1,0.4,
1984-01,0.3,-0.4,0.3,-0.4,-0.4,-0.6,1.8,10.3,0.0,0.1,1.7,2.6,0.0,-2.3,12.9,21.6,6.5,6.9,0.3,0.1,0.1,0.0,0.0,0.3,0.0,0.2,-0.1,0.1,0.3,-0.1,0.0,0.0,-1.6,,-0.2,-0.1,-0.7,-0.3,0.1,0.1,0.1,-4.1,-7.0,0.1,-8.5,-2.6,-3.9,-0.2,0.0,-0.4,0.0,0.3,1.0,0.5,0.0,-0.1,0.2,-0.3,0.0,0.0,0.0,0.0,0.0,-0.2,-0.2,-0.4,-1.7,0.4,0.0,0.1,0.0,-0.1,0.0,0.0,-0.5,0.0,-0.2,
1984-02,0.6,-0.1,0.6,-0.2,-0.1,-0.4,2.4,10.8,0.5,0.8,0.0,-0.3,0.4,3.7,15.4,24.3,6.1,6.4,0.1,0.1,0.0,0.1,0.1,0.1,0.2,0.2,0.2,0.2,0.1,0.2,0.0,0.0,1.5,,-0.1,-0.2,-0.5,-0.6,0.3,0.1,0.2,-3.9,-6.8,0.3,-8.6,-2.6,-4.1,-0.2,-0.2,-0.4,0.0,0.3,0.8,0.3,0.0,0.4,1.4,-0.5,0.0,0.0,0.0,0.0,0.0,0.2,-0.3,1.2,0.2,-0.2,0.1,0.1,0.0,0.4,0.0,0.0,-0.1,0.1,0.4,
1984-03,0.2,0.2,0.3,0.3,0.1,0.1,0.3,0.7,0.2,0.4,0.3,0.5,0.1,-0.3,-0.1,-0.4,3.3,3.5,0.0,0.1,0.3,0.0,0.0,0.2,0.2,0.1,0.2,0.2,0.1,0.0,0.0,0.0,0.0,,0.1,0.2,0.0,-0.3,0.5,0.0,0.0,0.6,0.8,0.3,0.9,0.4,0.4,0.4,0.7,0.3,0.1,-0.3,0.5,0.1,-0.8,0.1,0.2,0.1,0.0,0.1,0.0,0.0,0.3,0.7,-0.3,3.6,-0.2,0.0,0.1,0.3,0.0,0.4,0.0,0.0,0.1,0.0,0.7,
1984-04,0.3,0.5,0.3,0.5,0.5,0.8,-0.5,-2.9,-0.1,0.2,1.2,1.7,0.0,-2.0,-5.8,-8.7,1.5,1.6,0.2,0.2,0.2,-0.1,0.0,0.4,0.3,0.4,0.3,0.4,0.2,0.4,0.0,0.0,-0.2,,0.2,-0.8,0.3,0.7,0.5,0.2,2.8,1.5,1.8,0.9,2.1,1.4,2.2,0.2,0.1,3.3,0.3,1.0,1.2,0.2,1.2,0.1,0.2,-0.1,0.0,4.0,4.1,0.0,4.4,0.2,-0.2,-5.1,0.2,2.7,0.3,0.1,0.3,0.1,0.0,9.6,-0.1,3.0,0.2,
1984-05,0.7,1.1,0.7,1.2,1.2,1.7,-0.4,-4.1,0.7,0.0,-1.4,-2.3,0.1,-2.2,-7.4,-11.4,5.8,6.0,-0.1,0.2,0.2,0.1,6.9,0.6,0.3,0.4,0.3,0.4,0.1,0.5,0.0,0.0,-0.2,,-0.1,-0.9,0.5,0.3,0.4,0.0,0.2,6.3,11.7,0.3,14.7,3.8,6.1,-0.4,0.3,0.0,0.0,0.0,0.1,0.3,0.0,1.2,3.6,-0.3,-0.1,0.2,0.2,0.0,0.0,1.2,-0.2,4.0,0.0,0.7,0.0,0.1,0.0,-0.1,0.0,0.0,-0.4,0.2,1.8,
1984-06,-0.7,-0.2,-0.8,-0.2,-0.2,-0.2,-1.6,-8.0,-0.1,0.1,0.6,1.0,-0.1,-1.7,-12.3,-19.8,-3.8,-4.0,0.3,-0.2,0.3,0.3,0.0,0.3,0.3,0.1,0.3,0.2,0.2,0.0,0.0,0.0,-0.4,,0.0,-0.1,-0.2,0.1,0.3,0.0,0.2,-0.1,-0.4,0.1,-0.6,0.4,0.3,0.7,0.2,0.0,0.0,0.1,0.1,0.1,0.0,-0.3,-0.1,-0.6,0.0,0.0,0.0,0.0,0.0,-1.2,-0.3,-5.0,-0.2,-0.2,0.1,0.4,0.0,-0.1,0.0,0.0,-0.4,0.0,-1.1,
1984-07,0.2,-0.1,0.2,-0.2,-0.1,-0.3,0.9,4.2,0.2,0.0,0.5,0.6,0.2,-0.2,1.9,3.3,10.5,11.0,0.7,0.0,0.6,0.0,0.0,0.2,0.2,0.4,0.3,0.5,0.2,0.0,0.0,0.0,-0.2,,0.0,0.0,-0.4,0.2,0.1,-0.2,0.1,-2.5,-3.5,-0.3,-4.1,-3.5,-5.5,0.1,-0.2,-0.3,0.2,0.0,0.0,0.3,0.0,0.4,0.9,0.1,0.0,0.0,0.0,0.0,0.0,0.3,-0.2,1.1,0.0,0.1,0.1,0.5,0.0,-0.4,0.0,0.0,0.0,0.0,0.4,
1984-08,-0.8,-0.6,-0.9,-0.7,-0.6,-1.1,-0.5,-3.6,0.2,0.1,2.4,3.8,0.0,0.5,-2.4,-4.1,-12.8,-13.3,0.5,0.1,0.4,0.1,0.0,0.1,0.2,0.1,0.2,0.2,0.1,0.0,0.0,0.0,0.0,,0.0,-0.1,0.2,-0.1,0.2,-0.2,0.1,-7.9,-12.6,-0.1,-15.8,-7.5,-11.8,-0.1,0.2,-1.5,0.0,0.0,0.0,0.0,0.0,-0.2,0.5,0.1,-2.1,0.0,0.0,0.0,0.0,0.3,-0.1,-0.5,0.3,0.6,0.0,0.2,0.1,-0.4,0.0,0.0,0.0,0.0,0.3,
1984-09,1.5,1.2,1.6,1.3,1.1,1.5,1.5,7.0,0.4,0.1,-0.4,-1.0,0.1,4.3,10.5,18.3,5.5,5.7,0.2,0.0,0.2,0.1,0.0,0.1,0.2,0.1,0.1,0.2,0.1,0.4,0.0,0.0,2.9,,0.5,0.7,0.5,0.6,0.2,0.3,0.0,11.1,18.0,0.7,23.1,11.1,18.3,0.5,0.2,1.7,0.1,0.1,0.1,0.2,0.0,0.8,-0.5,2.3,0.0,0.0,0.0,0.0,0.0,-0.3,-0.2,0.0,0.1,-0.6,0.2,0.2,0.0,0.3,0.0,1.5,1.8,0.0,-0.3,
1984-10,0.7,0.6,0.8,0.7,0.7,1.0,0.4,1.8,0.0,0.5,0.3,0.7,-0.2,-0.9,-5.1,-8.5,17.2,18.1,0.0,0.2,-0.4,0.1,0.0,0.1,0.1,0.2,0.2,0.2,0.1,0.1,0.0,0.0,0.8,,0.7,1.5,1.0,0.1,0.2,0.0,0.0,4.0,6.9,0.6,8.4,2.9,4.3,0.2,0.3,-1.4,0.1,3.7,-0.1,0.1,6.3,0.2,0.3,0.2,0.0,0.1,0.2,0.0,0.0,0.3,0.1,1.5,-0.2,0.2,0.0,0.1,0.0,0.2,0.0,0.0,0.2,0.1,0.3,
1984-11,-0.5,0.2,-0.6,0.0,0.1,0.2,-1.7,-8.7,-0.1,0.3,-1.3,-2.1,-0.3,-0.7,-9.8,-16.5,-8.5,-8.8,0.1,0.4,-0.4,0.1,0.0,0.1,0.2,0.2,0.2,0.3,0.0,-0.3,0.0,0.0,-2.3,,0.0,0.0,-0.3,0.2,0.1,0.1,0.2,0.3,0.3,0.5,0.3,0.2,0.2,0.3,0.2,0.7,0.1,0.1,0.0,0.4,0.0,0.0,0.3,-0.3,0.0,0.0,0.0,0.0,0.0,-0.3,-0.1,-1.4,0.1,0.0,0.6,0.1,2.2,0.4,0.0,0.0,-0.5,0.1,-0.2,
1984-12,0.2,0.0,0.2,0.0,0.0,0.0,0.6,3.0,0.3,0.1,0.0,-0.3,0.0,-0.1,-0.6,-1.1,11.3,11.8,0.2,0.1,0.3,0.0,0.0,0.3,0.3,0.3,0.3,0.3,0.3,-0.4,0.0,0.1,-3.3,,-0.2,-0.2,-0.4,-0.6,0.3,0.0,0.2,-0.8,-1.3,-0.3,-1.6,-0.1,-0.2,0.1,0.1,-0.3,0.3,0.1,0.1,0.4,0.0,-0.1,0.2,-0.5,0.0,0.0,0.0,0.0,0.0,0.6,-0.3,1.6,2.2,-0.2,0.1,0.1,-0.1,0.2,0.0,0.0,-0.8,0.0,0.6,
1985-01,0.5,-0.3,0.5,-0.3,-0.1,-0.2,2.0,10.7,-0.1,0.1,2.4,3.6,0.3,-2.3,14.0,26.2,5.9,6.0,0.1,0.0,-0.2,0.0,0.0,0.3,0.1,0.2,0.1,0.2,0.3,-0.3,0.0,0.0,-2.2,,0.2,-0.1,0.1,0.4,0.4,-0.1,0.2,-3.4,-5.8,0.3,-7.1,-2.5,-3.8,-0.1,-0.2,0.0,0.0,0.1,0.0,0.4,0.0,-0.2,0.2,0.3,0.1,0.0,0.0,0.0,0.0,0.9,-0.1,2.1,-1.9,1.6,0.0,0.3,0.1,-0.2,0.0,0.0,-0.9,0.0,1.0,
1985-02,-0.4,-0.3,-0.5,-0.3,-0.2,-0.3,-0.4,-3.2,0.3,0.0,-2.1,-3.4,-0.1,3.3,-2.6,-4.3,-1.5,-1.6,0.1,0.0,0.1,0.2,0.0,0.0,0.2,0.2,0.2,0.1,0.3,-0.2,0.0,0.0,-1.7,0.0,-0.4,-0.5,-1.0,-0.7,0.0,0.0,0.1,-1.7,-2.1,-0.1,-2.5,-2.8,-4.2,-0.2,-0.1,-0.9,0.1,0.0,0.0,0.1,0.0,-0.4,-0.1,-0.8,0.0,0.1,0.0,0.7,0.0,-0.8,-0.5,-1.1,0.1,-1.1,0.1,0.1,0.2,0.3,0.0,0.0,-0.7,0.3,-0.7,
1985-03,0.4,0.3,0.5,0.4,0.3,0.4,0.4,2.6,-0.1,0.7,0.9,1.3,-0.1,-3.1,1.5,2.6,4.4,4.5,0.2,-0.1,-0.1,0.1,0.0,0.2,0.2,0.1,0.2,0.2,0.0,0.0,0.0,0.0,-0.5,0.0,0.1,0.0,0.4,-0.2,0.1,0.1,0.0,1.7,3.1,0.0,3.7,0.0,-0.1,0.1,0.6,0.7,0.1,1.6,0.0,0.1,2.9,0.4,0.1,0.7,0.0,0.0,0.0,0.0,0.1,0.3,-0.4,1.7,0.1,0.1,0.1,0.1,0.0,0.0,0.0,0.0,0.5,0.1,0.3,
1985-04,0.6,0.5,0.6,0.5,0.6,0.7,0.4,1.6,0.2,0.1,0.6,1.0,-0.1,0.8,4.8,7.9,-5.6,-5.9,-0.1,0.0,0.1,0.6,0.0,0.3,0.3,0.4,0.3,0.4,0.2,0.2,0.0,0.0,-0.4,1.7,0.2,0.2,0.2,-0.2,0.2,0.1,1.3,1.7,2.0,0.6,2.3,3.3,5.1,0.0,0.2,0.6,0.1,0.1,0.1,0.1,0.2,0.0,0.0,0.1,0.0,4.2,4.0,0.0,5.7,0.7,-0.4,0.6,-0.1,1.2,0.0,0.1,0.0,-0.1,0.0,1.8,0.0,3.2,0.6,
1985-05,0.2,0.4,0.1,0.3,0.4,0.6,-0.4,-2.4,0.0,0.0,-1.5,-3.0,-0.2,-1.0,-5.4,-8.5,7.7,7.8,0.0,-0.2,-0.2,0.5,0.0,0.1,0.5,0.3,0.5,0.6,0.2,0.0,0.0,0.0,-0.1,0.2,0.0,-0.2,-0.1,0.2,0.2,0.2,0.3,1.6,2.1,-0.4,2.6,2.1,3.2,0.1,0.2,-0.1,0.1,0.1,0.0,0.0,0.0,1.4,1.9,1.5,0.0,0.0,0.0,0.0,0.0,-0.5,-0.3,-2.6,0.0,0.3,0.1,0.2,0.0,-0.1,0.0,0.1,-0.2,0.1,0.0,
1985-06,0.0,0.1,0.0,0.1,0.1,0.1,-0.1,-1.4,0.2,0.0,0.0,-0.2,-0.2,0.9,-1.4,-2.5,-1.8,-1.9,0.3,0.1,0.3,0.4,0.0,0.1,0.2,0.3,0.2,0.2,0.2,0.1,0.0,0.0,0.0,0.3,0.0,-0.2,0.0,0.1,0.1,-0.2,0.2,0.0,-0.1,0.1,-0.2,0.2,0.1,0.3,0.2,0.0,0.1,0.0,0.1,-0.1,0.0,-0.2,-0.1,-0.2,0.0,0.0,0.0,0.0,0.0,0.2,-0.2,0.5,0.0,0.0,0.0,0.1,0.0,0.0,0.0,0.0,-0.2,0.0,0.1,
1985-07,0.2,0.0,0.2,-0.1,-0.1,-0.1,0.8,3.6,0.3,0.0,1.1,1.6,0.0,1.2,10.6,17.3,-10.5,-11.0,0.2,0.1,0.1,0.3,0.0,0.2,0.1,0.2,0.2,0.2,0.2,-0.1,0.0,0.0,-0.2,0.1,0.0,-0.1,0.4,-0.2,0.1,-0.2,0.1,-0.8,-1.1,0.2,-1.3,-1.0,-1.5,0.1,0.1,-0.2,0.1,0.1,0.3,0.3,0.0,-0.1,0.2,-0.4,0.0,0.0,0.0,0.0,0.0,-0.1,-0.3,-0.3,0.1,0.0,0.1,0.1,0.2,-0.1,0.0,0.0,-0.3,0.0,0.0,
1985-08,-0.2,-0.3,-0.2,-0.2,-0.2,-0.3,0.0,-0.1,-0.1,0.0,2.1,3.6,0.0,0.5,-5.7,-8.8,8.3,8.7,0.3,-0.1,0.1,-0.1,0.0,0.2,0.1,0.1,0.0,0.1,0.1,0.0,0.0,0.0,-0.2,0.0,-0.1,-0.3,-0.2,0.1,0.1,0.0,0.3,-3.9,-5.6,-0.2,-6.6,-4.8,-7.3,0.1,-0.3,-1.2,0.1,0.1,0.2,0.0,0.0,-0.2,0.2,-0.4,0.0,0.0,0.0,0.0,0.0,1.0,-0.1,1.9,1.9,0.6,0.0,0.1,0.0,0.1,0.0,0.0,-0.4,0.0,0.9,
1985-09,0.1,0.4,0.1,0.4,0.5,0.6,-0.6,-4.3,0.3,0.1,-2.1,-3.5,0.0,3.7,-5.3,-8.7,0.7,0.7,0.0,0.1,-0.2,-0.2,0.0,0.1,0.2,0.1,0.2,0.2,0.1,0.0,0.0,0.0,-0.1,0.0,0.2,0.0,0.2,1.2,-0.1,0.1,0.2,4.6,6.3,0.6,7.4,5.9,8.7,0.9,0.4,1.9,0.0,0.0,0.2,0.0,0.0,0.0,-0.3,0.2,0.0,0.1,0.0,0.0,0.5,-0.6,0.1,-1.2,-0.4,-0.5,0.0,0.1,0.0,0.1,0.0,0.0,-0.2,0.1,-0.7,
1985-10,0.9,0.2,0.9,0.3,0.3,0.4,2.0,10.7,-0.1,0.3,0.7,1.3,-0.2,0.7,10.6,17.7,15.0,15.6,0.0,0.4,0.1,0.0,0.0,0.2,0.1,0.2,0.2,0.2,0.1,0.0,0.0,0.0,-0.5,0.2,0.1,-0.1,0.8,0.2,0.0,-0.1,0.1,1.2,1.5,0.2,1.8,2.0,2.9,0.2,0.1,0.7,0.1,0.1,0.1,0.0,0.0,0.4,0.8,0.0,0.0,0.0,0.0,0.0,0.1,0.5,-0.2,1.6,-0.1,0.2,0.0,0.1,0.0,-0.1,0.0,0.0,-0.1,0.0,0.6,
1985-11,-0.8,0.3,-0.9,0.1,0.1,0.1,-2.6,-14.0,0.3,0.2,-0.4,-0.9,-0.3,-0.8,-10.7,-16.7,-26.2,-27.1,0.1,0.1,0.2,-0.1,0.0,0.1,0.3,0.2,0.3,0.3,0.1,-0.3,0.0,0.0,-2.8,0.0,0.0,-0.1,0.1,0.3,0.1,0.1,0.3,1.0,1.9,0.1,2.1,0.0,0.0,0.1,0.0,0.2,0.0,0.0,0.1,0.2,0.1,0.1,0.0,0.3,0.0,0.0,0.0,0.0,0.0,-0.3,-0.3,-1.1,0.2,0.1,0.0,0.0,0.0,-0.1,0.0,0.0,0.0,0.1,-0.3,
1985-12,0.1,0.1,0.1,0.1,0.1,0.1,0.2,0.8,0.2,0.0,0.2,0.5,-0.1,2.3,4.2,6.8,-7.5,-7.9,-0.1,-0.1,0.0,0.0,0.0,0.1,0.3,0.1,0.2,0.1,0.2,-0.2,0.0,0.0,-2.0,0.0,-0.1,-0.3,-0.1,0.3,0.0,-0.1,0.0,-0.3,-0.4,-0.3,-0.4,-0.3,-0.5,0.0,0.1,0.1,0.1,0.1,0.0,0.2,0.0,0.2,0.5,0.2,0.0,0.0,0.0,0.0,0.0,0.4,-0.3,1.4,2.2,-0.4,0.0,0.1,0.0,-0.2,0.0,0.0,-0.1,0.0,0.4,
1986-01,0.4,-0.2,0.5,-0.3,-0.2,-0.5,2.1,12.1,0.0,0.0,0.8,1.4,0.0,-1.5,13.4,21.9,14.8,15.7,-0.1,0.1,0.1,0.1,0.0,0.1,0.1,0.2,0.1,0.1,0.2,-0.2,0.0,0.0,-1.2,0.0,-0.1,-0.1,0.2,-0.5,0.1,0.0,0.1,-2.8,-4.4,-0.4,-5.2,-2.9,-4.2,-0.3,-0.3,-0.6,0.0,0.1,0.3,0.2,0.0,0.0,0.2,-0.1,0.0,0.0,0.0,0.0,0.0,-0.1,-0.4,0.5,-1.8,0.1,0.0,0.1,0.0,-0.3,0.0,0.0,-0.2,0.0,0.0,
1986-02,-0.1,-0.1,-0.2,-0.1,0.0,0.0,-0.2,-1.1,0.1,0.3,-0.9,-1.6,0.0,-0.7,-0.3,-0.3,-2.2,-2.3,0.1,0.1,-0.1,0.1,0.0,0.1,0.1,0.1,0.2,0.1,0.1,0.0,0.0,0.0,-0.3,0.1,-0.1,-0.1,-0.3,-0.6,-0.1,0.0,0.0,-1.3,-1.5,0.1,-1.8,-2.0,-2.8,-0.5,-0.1,-0.6,0.2,0.0,0.0,0.0,0.0,-0.1,-0.1,-0.2,0.0,0.0,0.0,0.0,0.0,0.0,-0.2,0.1,-0.1,0.1,0.1,0.0,0.1,0.6,0.0,0.0,-0.3,0.1,-0.1,
1986-03,-0.1,0.1,-0.1,0.1,0.1,0.2,-0.6,-3.7,0.1,0.1,0.8,1.3,-0.2,0.1,-6.4,-9.8,-0.2,-0.2,0.1,0.1,0.1,0.3,0.0,0.3,0.2,0.1,0.1,0.1,0.1,-0.1,0.0,0.0,-0.9,0.1,0.1,0.1,0.0,0.1,0.1,0.0,0.0,1.6,3.3,-0.1,3.9,-0.4,-0.7,0.0,0.7,0.9,0.1,0.0,0.0,0.0,0.0,-0.3,0.2,-0.7,0.0,0.0,0.0,0.0,0.0,0.1,-0.5,0.1,0.5,0.2,-0.1,0.1,0.0,-0.6,0.0,0.0,-0.6,0.1,0.2,
1986-04,0.3,0.4,0.3,0.4,0.5,0.8,-0.2,-1.4,0.1,0.0,-0.3,-1.1,0.0,-0.1,-3.1,-4.7,3.1,3.2,-0.1,0.2,0.1,0.1,0.0,0.2,0.3,0.2,0.3,0.2,0.2,0.0,0.0,0.0,-2.0,1.4,0.1,0.1,0.1,0.0,0.0,0.0,1.5,1.8,2.0,0.9,2.2,3.7,5.7,-0.1,0.1,0.8,0.2,1.4,0.0,0.0,2.5,-0.6,-0.1,-1.0,0.0,3.1,3.8,0.0,1.3,0.7,-0.4,-1.0,0.1,1.7,0.0,0.1,0.0,-0.4,0.0,2.8,-1.0,2.3,0.6,
1986-05,0.3,0.4,0.3,0.4,0.5,0.6,0.0,0.2,-0.1,0.0,-1.6,-3.1,-0.3,-3.2,1.3,2.1,2.6,2.7,-0.3,0.1,0.5,0.1,0.0,0.1,0.4,0.4,0.5,0.6,0.2,-0.2,0.0,-0.1,-2.2,0.4,0.0,-0.2,0.2,0.0,0.1,0.1,0.3,1.6,2.0,0.1,2.4,2.2,3.3,0.0,0.1,-0.2,0.2,0.0,0.1,0.0,0.0,-0.3,0.0,-0.8,0.0,0.2,0.2,0.0,0.0,0.7,-0.4,0.2,3.3,0.3,2.7,0.0,0.0,-0.3,11.1,0.0,-0.8,0.1,0.6,
1986-06,-0.5,-0.4,-0.6,-0.5,0.1,0.1,-0.6,-3.1,0.0,0.0,-0.4,-0.8,0.2,-1.0,-8.2,-13.0,8.3,8.6,-0.2,0.1,-0.1,0.1,0.0,0.2,0.2,0.2,0.2,0.2,0.0,-5.3,-8.5,-5.2,-1.9,0.0,0.1,0.0,-0.3,0.5,0.0,-0.1,0.2,0.0,-0.2,0.0,-0.2,0.4,0.3,0.6,0.0,0.1,0.0,0.0,0.0,0.0,0.0,-0.5,-0.1,-0.8,0.0,0.0,0.0,0.0,0.0,-0.4,-0.5,-1.3,0.1,-0.1,0.2,0.1,0.5,-0.3,0.0,0.0,-5.4,0.0,-0.4,
1986-07,-0.3,-0.3,-0.3,-0.3,-0.2,-0.2,-0.2,-0.9,-0.1,-0.1,1.8,3.4,0.0,-0.2,-0.1,-0.1,-7.7,-8.0,-0.1,-0.1,-0.1,-0.1,0.0,0.0,0.2,0.1,0.3,0.3,0.1,-1.0,0.0,-2.4,-2.0,0.1,-0.1,-0.1,0.1,0.0,0.0,-0.1,0.1,-0.9,-1.1,0.0,-1.3,-1.3,-1.9,0.0,0.0,-0.3,0.1,0.1,0.1,0.0,0.1,-0.5,0.2,-1.1,0.0,0.0,0.0,0.0,0.0,-0.3,-0.4,-0.7,0.0,0.0,-0.1,0.0,0.1,-0.2,0.0,0.0,-1.8,0.0,-0.2,
1986-08,-0.2,-0.3,-0.3,-0.3,-0.3,-0.4,0.3,1.7,0.0,0.1,2.6,4.2,-0.1,-0.6,-0.4,-0.6,0.8,0.8,-0.7,0.0,0.0,0.1,0.0,0.1,0.1,0.1,0.1,0.1,0.1,-0.3,0.0,-0.2,-2.7,0.0,-0.2,-0.3,-0.2,-0.2,0.1,-0.1,0.0,-3.9,-5.6,-0.1,-6.6,-4.6,-6.8,0.0,-0.3,-1.2,-0.1,0.1,0.4,0.2,0.0,-0.4,0.2,-0.6,-0.9,0.0,0.0,0.0,0.0,0.9,-0.8,2.0,0.3,1.0,0.1,0.3,0.0,-0.1,0.0,0.0,-0.9,0.0,0.8,
1986-09,0.5,0.4,0.5,0.3,0.5,0.7,0.4,2.1,0.1,0.0,1.7,3.2,-0.1,1.3,1.1,1.8,0.6,0.6,-0.5,0.0,0.3,-0.5,0.0,0.1,0.2,0.1,0.2,0.2,0.0,-0.4,0.0,0.0,-3.9,0.1,0.2,0.0,0.7,1.0,0.0,-0.2,0.2,4.3,5.5,0.6,6.4,6.3,9.3,0.6,0.4,1.4,0.1,0.1,0.3,0.1,0.0,0.4,1.8,-0.3,0.0,0.0,0.0,0.0,0.0,-0.7,-0.6,-1.5,-0.2,-0.6,0.0,0.1,0.0,-0.2,0.0,0.3,-0.7,0.1,-0.2,
1986-10,0.1,0.2,0.1,0.2,0.3,0.3,-0.1,-0.9,0.1,0.0,-2.1,-3.5,-0.4,1.4,0.6,1.1,0.6,0.7,-0.1,0.1,0.0,-0.1,0.0,0.0,0.2,0.2,0.3,0.1,0.1,-0.7,0.0,0.0,-6.8,0.0,-0.1,-0.6,-0.1,0.4,0.1,0.1,0.0,1.3,1.6,0.3,1.9,1.6,2.5,0.0,0.2,0.7,0.1,0.1,0.3,-0.1,0.0,0.4,0.2,0.6,0.0,0.0,0.0,0.0,0.0,0.4,-0.5,1.4,0.0,0.2,0.0,0.0,0.0,0.0,0.0,0.0,-1.0,0.0,0.4,
1986-11,-0.5,-0.1,-0.5,-0.1,0.0,0.1,-1.4,-7.4,-0.2,0.1,-1.6,-2.5,-0.4,0.1,-4.9,-8.1,-13.4,-13.9,-0.5,0.0,0.1,0.0,0.0,0.1,0.2,0.0,0.1,0.1,0.1,-1.1,0.0,-0.1,-11.3,0.1,0.0,-0.1,0.3,-0.2,0.0,0.2,0.1,0.6,1.0,-0.1,1.1,0.3,0.3,0.2,0.1,0.2,0.1,0.1,0.3,0.1,0.0,-0.3,-0.1,-0.4,0.0,0.0,0.0,0.0,0.0,-0.2,-0.5,-0.3,0.2,-0.2,0.0,0.1,0.0,0.0,0.0,0.0,-1.4,0.0,-0.2,
1986-12,-0.2,0.0,-0.2,0.0,0.1,0.0,-0.4,-3.1,0.2,-0.1,-1.3,-2.2,-0.1,2.0,-1.2,-2.1,-6.0,-6.5,0.1,0.0,-0.3,-0.1,0.0,0.1,0.1,0.2,0.2,0.2,0.1,-0.4,0.0,-0.1,-5.7,0.0,-0.2,-0.3,0.1,-0.2,-0.1,-0.2,0.0,-0.1,-0.1,0.2,-0.1,-0.2,-0.2,-0.2,0.0,-0.1,0.0,0.0,0.3,-0.1,0.0,-0.2,0.2,-0.6,0.0,0.0,0.0,0.0,0.0,0.0,-0.9,-0.1,2.1,-0.4,0.0,0.1,-0.1,-0.1,0.0,0.0,-0.9,0.0,0.1,
1987-01,-0.4,-0.6,-0.5,-0.7,-0.5,-0.5,0.2,2.8,-0.3,0.0,1.4,2.4,0.0,-7.6,1.5,2.5,4.0,4.3,-0.1,0.0,0.4,0.2,-0.1,0.1,0.1,0.1,0.1,0.2,0.1,-2.3,-3.5,-1.8,-3.2,0.0,0.0,0.1,0.0,-0.5,0.0,-0.1,0.2,-3.6,-5.3,-0.1,-6.3,-4.0,-5.6,-0.3,-0.5,-0.7,0.1,0.9,0.3,0.1,1.4,0.0,0.2,-0.2,0.0,0.0,0.0,0.0,0.0,-0.5,-0.5,-0.2,-2.0,-0.2,0.0,0.1,0.0,-0.1,0.0,0.0,-2.5,0.0,-0.5,
1987-02,0.0,0.1,-0.1,0.1,0.0,0.0,-0.3,-1.4,-0.1,0.0,-1.1,-1.8,-0.2,-0.7,-1.7,-2.7,0.8,0.9,-0.1,0.1,0.1,0.0,0.0,0.1,0.3,0.2,0.3,0.2,0.0,-0.2,0.0,-1.2,3.0,0.0,-0.1,-0.2,0.2,-0.9,0.0,0.1,0.0,-1.1,-1.5,0.2,-1.8,-1.7,-2.5,-0.3,0.2,-0.4,0.0,0.1,0.2,0.0,0.1,0.9,-0.2,2.0,0.0,0.0,0.0,0.0,0.0,0.1,-0.9,0.4,0.1,0.2,0.0,0.0,0.0,0.1,0.0,0.0,1.6,0.1,0.1,
1987-03,0.4,0.2,0.5,0.2,0.2,0.3,0.6,4.3,-0.1,-0.1,0.1,0.3,-0.1,-1.9,5.3,9.2,4.2,4.4,-0.1,0.1,0.4,-1.2,0.0,0.0,0.1,0.1,0.1,0.2,0.1,0.0,0.0,-0.3,1.0,0.0,-0.1,-0.2,-0.1,-0.4,0.1,0.0,0.0,1.8,3.6,0.0,4.4,-0.1,-0.2,0.3,0.6,0.8,0.1,0.0,0.1,0.1,0.0,0.3,0.3,0.5,0.0,0.2,0.0,2.1,0.5,0.4,-0.4,1.1,0.1,0.4,0.1,0.1,0.0,0.0,0.0,0.0,0.4,0.1,0.4,
1987-04,0.9,0.5,0.9,0.5,0.4,0.8,1.0,6.8,-0.2,0.0,0.3,0.6,-0.5,-1.4,11.0,18.5,0.5,0.5,-0.2,-0.1,0.1,-0.4,0.0,0.1,0.4,0.5,0.4,0.7,0.2,0.2,0.0,-0.2,2.1,0.8,0.1,0.2,0.0,-0.2,0.1,-0.2,1.2,1.7,1.6,-0.2,1.9,3.6,5.5,-0.2,0.3,0.6,0.2,0.1,0.0,0.1,0.1,0.8,-0.1,1.7,0.0,3.0,3.4,0.0,2.2,0.5,-0.7,-0.1,0.0,1.2,0.0,0.1,0.0,0.0,0.0,1.3,1.7,2.3,0.4,
1987-05,0.2,0.1,0.2,0.1,0.1,0.2,0.1,0.7,0.0,0.0,-1.1,-2.0,-0.1,-1.6,-2.3,-3.6,12.3,13.0,0.0,0.2,-0.2,-0.2,0.0,0.1,0.3,0.2,0.3,0.4,0.0,0.0,0.0,0.0,0.2,0.0,-0.3,-0.7,0.2,-0.4,0.1,0.1,0.1,1.6,2.4,0.1,2.8,2.2,3.2,0.0,0.1,0.0,0.1,0.1,0.1,0.1,0.0,0.0,0.0,0.2,0.0,0.2,0.3,0.0,0.0,0.0,-0.8,-0.7,-0.1,0.3,0.1,0.1,0.0,0.1,0.0,0.0,0.0,0.2,0.0,
1987-06,-0.2,0.1,-0.3,0.0,0.2,0.1,-0.7,-3.6,-0.1,0.0,-1.7,-2.9,-0.3,-0.9,-2.6,-4.0,-4.1,-4.3,-0.2,-0.2,0.3,-0.3,0.0,0.0,1.1,0.6,1.2,0.9,0.1,0.0,0.0,0.0,-0.2,0.1,0.0,0.0,0.0,-0.3,-0.1,-0.1,0.1,0.1,-0.1,0.4,-0.2,0.5,0.5,0.5,0.1,0.0,-0.1,0.0,0.0,0.0,0.0,0.1,0.4,-0.3,0.0,0.1,0.0,0.0,0.0,-0.4,-0.8,-1.2,0.1,0.1,0.0,0.0,0.0,0.0,0.0,0.0,-0.2,0.0,-0.3,
1987-07,-0.5,-0.1,-0.7,-0.2,-0.1,0.0,-1.4,-7.7,0.0,0.0,1.1,1.5,0.0,-0.1,-11.4,-18.4,-5.3,-5.6,-0.3,-0.1,0.2,0.0,0.0,0.1,0.3,0.3,0.4,0.4,0.2,0.0,0.0,0.0,-0.3,0.0,-0.1,0.0,0.1,-0.2,0.0,-0.3,0.0,-1.9,-2.5,-0.3,-2.9,-2.4,-3.6,0.0,-0.4,-0.6,0.1,0.0,0.1,0.0,0.0,-0.1,0.2,-0.3,0.0,0.0,0.0,0.0,0.0,-0.1,-1.0,-0.2,0.0,0.0,0.1,0.3,0.2,0.0,0.0,0.0,-0.3,0.0,0.0,
1987-08,0.1,-0.2,0.2,-0.2,-0.2,-0.3,0.8,5.1,-0.1,0.0,0.4,0.7,-0.2,0.2,8.0,14.0,0.8,0.8,-0.2,0.0,0.0,-0.1,0.0,0.0,0.1,0.1,0.1,0.1,0.2,0.0,0.0,0.0,-0.2,0.0,-0.3,-0.5,-0.3,-0.6,-0.1,-0.1,0.0,-3.1,-4.3,-0.1,-5.1,-4.0,-5.9,0.1,-0.3,-0.9,0.1,0.1,0.2,0.1,0.0,0.0,0.1,-0.1,0.0,0.0,0.0,0.0,0.0,0.9,-0.8,1.5,0.5,1.0,0.0,0.0,-0.1,0.1,0.0,0.0,-0.1,0.0,0.8,
1987-09,0.9,0.3,1.0,0.3,0.3,0.4,2.1,12.0,0.1,0.0,2.4,4.3,0.0,1.5,12.9,21.7,9.7,10.2,-0.2,0.0,-0.2,-0.2,0.0,0.1,0.1,0.2,0.1,0.1,0.2,0.0,0.0,0.0,-0.2,0.0,0.2,-0.2,0.5,1.0,0.1,0.1,0.0,3.9,4.9,0.6,5.9,5.8,8.7,0.2,0.6,1.3,0.1,0.0,0.1,-0.1,0.0,-0.2,-0.3,-0.1,0.1,0.0,0.0,0.0,0.4,-0.6,-0.6,-0.4,-0.1,-0.9,0.1,0.0,0.1,0.1,0.0,1.3,-0.1,0.2,-0.6,
1987-10,0.0,0.2,0.0,0.2,0.2,0.2,-0.4,-2.3,0.0,0.0,-1.9,-3.1,0.0,2.2,-4.0,-6.2,5.3,5.5,0.0,0.1,-0.4,0.0,0.0,0.0,0.2,0.2,0.1,0.1,0.2,0.0,0.0,0.0,-0.6,0.0,0.1,0.0,0.0,0.8,0.0,-0.1,0.2,1.3,1.9,0.2,2.1,1.7,2.5,0.0,0.2,0.6,0.0,0.0,0.0,0.0,0.0,0.1,0.2,0.1,0.0,0.1,0.0,0.0,0.1,-0.1,-0.9,-0.4,0.1,0.2,0.0,0.0,-0.1,0.1,0.0,0.0,-0.1,0.0,0.0,
1987-11,-0.5,0.0,-0.6,0.0,0.0,0.2,-1.8,-9.2,-0.1,-0.2,-1.1,-1.9,-0.2,-1.5,-4.3,-6.7,-22.7,-23.5,-0.3,0.0,0.2,-0.1,0.0,0.1,0.0,0.0,0.0,0.1,0.1,-0.1,0.0,0.0,-1.7,0.4,-0.1,-0.3,0.1,0.0,0.0,0.1,0.0,0.5,0.9,-0.2,1.2,0.0,0.1,0.1,0.0,0.0,0.2,0.0,0.2,0.0,0.0,-0.1,-0.1,-0.2,0.0,0.0,0.0,0.0,0.0,0.0,-1.0,0.1,0.3,0.1,0.0,0.1,0.0,0.2,0.0,0.0,-0.2,0.0,0.0,
1987-12,-0.1,0.0,-0.1,0.1,0.1,-0.1,-0.1,-1.3,0.2,-0.3,-1.5,-3.0,0.1,1.5,5.3,8.5,-14.3,-14.9,-0.2,0.0,0.2,-0.1,0.0,0.1,0.0,0.2,0.0,0.1,0.2,-0.2,0.0,0.0,-3.4,0.0,-0.2,-0.3,0.1,0.0,-0.1,-0.3,0.0,0.0,-0.2,0.3,-0.3,-0.1,-0.3,0.0,0.2,0.0,0.0,0.0,0.0,0.0,0.1,-0.1,0.1,-0.2,0.0,0.0,0.0,0.0,0.0,0.5,-1.1,2.1,2.1,-0.5,0.0,0.1,0.0,-0.1,0.0,0.0,-0.5,0.0,0.4,
1988-01,-0.3,-0.5,-0.3,-0.6,-0.4,-0.5,0.4,3.3,-0.2,-0.6,2.3,3.5,-0.1,-2.7,0.8,1.1,7.0,7.4,0.0,-0.1,-0.3,-0.1,0.0,0.1,0.1,0.2,0.1,0.2,0.2,-1.6,-2.4,-0.9,-2.7,0.0,-0.1,0.0,0.0,-0.8,0.3,-0.2,0.2,-3.8,-5.6,0.0,-6.6,-3.8,-5.4,-0.4,-0.5,-0.9,0.1,0.1,0.2,0.0,0.0,-0.1,0.2,-0.4,0.0,0.0,0.0,0.0,0.0,-0.5,-0.6,-0.2,-2.1,0.1,0.0,0.0,0.0,0.0,0.0,0.0,-1.7,0.0,-0.4,
1988-02,-0.2,-0.1,-0.2,-0.2,-0.1,-0.2,-0.1,-0.8,0.1,0.0,-0.7,-1.2,0.0,0.6,-2.5,-3.9,5.9,6.2,0.1,-0.1,-0.1,-0.4,0.0,0.0,0.2,0.1,0.2,0.2,0.1,-0.2,0.0,-0.1,-2.6,0.1,0.1,0.0,0.0,-0.4,0.1,0.2,0.0,-1.7,-2.2,-0.1,-2.6,-2.5,-3.8,0.0,-0.1,-0.6,0.1,0.0,0.0,0.0,0.0,-0.2,-0.2,-0.3,0.0,0.0,0.0,0.0,0.0,0.1,-0.4,0.3,0.2,0.0,0.1,0.0,0.0,0.4,0.0,0.0,-0.5,0.1,0.0,
1988-03,0.4,0.1,0.4,0.2,0.1,0.3,0.7,4.2,0.0,0.0,0.4,0.3,-0.3,0.3,4.1,6.3,7.0,7.3,0.0,0.0,0.2,-0.4,0.0,0.2,0.1,0.2,0.1,0.2,0.1,-0.1,0.0,-0.2,-1.6,0.0,0.0,-0.1,0.5,-0.1,0.0,-0.2,0.0,2.0,4.0,-0.3,4.8,-0.1,-0.2,0.0,0.5,1.0,0.1,0.0,0.0,0.1,0.0,-0.4,0.2,-0.2,-1.8,0.0,0.0,0.0,0.0,0.2,-0.4,1.0,-0.2,0.1,0.0,0.1,0.0,0.0,0.0,0.0,-0.5,0.0,0.3,
1988-04,0.5,0.4,0.4,0.4,0.5,0.8,0.2,1.0,0.0,-0.1,0.9,1.2,0.1,-1.9,0.0,0.0,2.5,2.7,-0.3,0.1,0.0,-0.2,0.0,0.0,0.3,0.4,0.3,0.5,0.3,-0.1,0.0,-0.8,-1.1,1.1,0.1,0.1,0.3,-0.4,0.0,-0.1,1.5,2.1,1.8,0.3,2.1,4.5,6.8,0.2,0.3,0.8,0.3,-0.1,0.0,0.2,-0.3,-0.1,0.0,-0.1,0.0,3.1,3.4,0.0,2.4,0.4,-0.8,-1.2,0.0,1.4,0.1,0.1,0.0,0.0,0.0,1.6,-0.5,2.3,0.3,
1988-05,0.1,0.2,0.1,0.2,0.2,0.3,-0.3,-0.9,-0.2,0.0,-0.3,-0.7,-0.1,-2.1,-5.5,-8.6,12.1,12.7,0.1,-0.1,-0.1,0.0,0.0,0.1,0.2,0.2,0.3,0.2,0.1,-0.2,0.0,-0.3,-0.4,0.0,0.0,-0.1,-0.1,0.1,0.1,0.0,0.1,1.9,3.0,0.2,3.5,2.0,2.9,0.0,0.1,0.1,0.0,0.1,0.1,0.4,0.0,-0.1,0.0,-0.2,0.0,0.2,0.3,0.0,0.0,0.2,-0.6,-0.1,0.1,0.5,0.0,0.1,0.0,-0.1,0.0,0.0,-0.2,0.1,0.2,
1988-06,-0.2,0.0,-0.2,-0.1,0.1,-0.1,-0.4,-2.7,0.1,0.0,-1.7,-3.2,0.0,0.1,-2.4,-3.9,0.3,0.4,-0.1,-0.1,0.1,-0.2,0.0,0.0,0.2,0.1,0.1,0.2,0.1,0.1,0.0,-0.1,-0.4,0.6,-0.2,-0.3,-0.1,0.1,0.0,-0.2,0.0,-0.1,-0.4,0.0,-0.4,0.4,0.3,0.5,0.2,0.0,0.1,0.2,0.0,0.0,0.4,0.0,0.2,-0.1,0.0,0.0,0.0,0.0,0.0,-0.6,-1.7,-1.4,0.0,-0.3,0.0,0.2,-0.1,0.0,0.0,0.0,-0.1,0.1,-0.6,
1988-07,-0.2,-0.2,-0.2,-0.2,-0.3,-0.2,-0.2,-1.2,0.0,0.0,-0.8,-1.6,0.0,-0.1,-1.2,-2.2,0.7,0.7,0.1,0.0,0.1,0.0,0.0,0.0,0.1,0.1,0.1,0.1,0.1,0.0,0.0,0.0,0.0,0.0,0.0,0.1,0.2,-0.1,0.0,0.0,0.1,-1.7,-2.2,0.1,-2.7,-2.5,-3.6,0.0,-0.4,-0.5,0.0,0.0,0.0,-0.1,0.0,0.1,0.2,-0.2,0.0,0.0,0.0,0.0,0.0,-0.1,-0.5,-0.2,0.0,-0.1,0.1,0.2,0.0,0.0,0.0,0.0,-0.1,0.0,0.0,
1988-08,0.3,-0.1,0.3,-0.1,-0.1,-0.2,1.3,6.9,0.1,0.0,2.2,3.7,0.0,2.5,8.7,14.3,1.1,1.2,0.1,-0.2,0.1,-0.2,0.0,0.1,0.1,0.1,0.1,0.1,0.1,0.0,0.0,0.0,0.2,0.0,-0.1,-0.4,0.1,-0.2,0.0,-0.2,0.0,-3.4,-4.7,-0.1,-5.5,-3.9,-6.0,0.0,-0.4,-1.2,0.0,0.1,0.0,0.1,0.0,0.2,0.2,0.5,0.0,0.0,0.0,0.0,0.0,0.9,-0.5,1.5,0.3,1.0,0.0,0.0,0.0,-0.2,0.0,0.0,0.4,0.0,0.8,
1988-09,0.8,0.4,0.9,0.4,0.4,0.5,1.4,7.4,0.1,0.0,0.4,0.5,0.0,2.0,10.2,16.1,3.7,3.8,0.0,0.1,-0.1,0.1,0.0,0.0,0.2,0.2,0.2,0.2,0.1,0.0,0.0,0.0,-0.2,0.1,0.2,0.1,0.1,1.0,0.2,-0.2,0.0,5.3,7.1,0.8,8.2,6.7,9.7,0.9,0.7,1.6,0.0,0.0,0.1,0.0,0.1,0.0,-0.3,0.2,0.1,0.0,0.0,0.0,0.0,-0.7,-0.6,-1.0,-0.2,-0.7,0.0,0.0,0.0,0.1,0.0,0.0,0.0,0.0,-0.6,
1988-10,0.5,0.3,0.5,0.3,0.4,0.4,0.9,3.8,0.2,0.0,-0.8,-1.6,-0.1,2.1,7.2,10.6,-0.4,-0.4,-0.1,-0.2,0.0,-0.1,0.0,0.1,0.2,0.3,0.3,0.6,0.0,-0.1,0.0,0.0,-0.7,0.0,-0.1,-0.3,-0.1,0.4,0.2,0.0,0.1,1.1,1.5,0.4,1.8,1.5,2.1,0.2,0.3,0.6,0.1,0.0,0.0,0.0,0.0,0.1,0.2,-0.1,0.0,0.0,0.0,0.0,0.0,0.8,-0.3,3.0,0.3,0.3,0.0,0.1,-0.1,0.0,0.0,0.0,-0.1,0.0,0.7,
1988-11,-0.4,0.1,-0.5,0.1,0.1,0.2,-1.6,-8.1,0.1,0.0,-0.2,-0.4,-0.1,0.9,-5.5,-7.9,-18.9,-19.5,0.0,0.0,0.2,0.2,0.0,0.1,0.3,0.3,0.3,0.2,0.2,-0.2,0.0,0.0,-4.2,0.0,0.0,0.0,0.2,0.0,0.0,-0.2,0.1,0.9,1.7,-0.4,2.0,0.2,0.3,0.2,0.1,-0.1,0.0,0.0,0.0,0.0,0.0,-0.1,-0.1,-0.1,0.1,0.0,0.0,0.0,0.0,-0.1,-0.6,0.0,-0.3,-0.1,0.0,0.1,0.1,0.1,0.0,0.0,-0.5,0.0,-0.1,
1988-12,-0.3,0.1,-0.3,0.1,0.1,0.1,-1.0,-6.2,0.2,0.0,-1.5,-3.0,0.0,3.4,-6.6,-9.9,-3.2,-3.5,0.0,0.0,0.0,-0.1,0.0,0.1,0.2,0.2,0.2,0.2,0.3,-0.2,0.0,0.0,-2.5,0.0,-0.1,-0.3,0.0,-0.2,0.2,-0.3,0.0,0.0,0.0,0.6,-0.2,0.0,-0.2,0.2,0.1,0.0,0.2,0.0,0.0,0.0,0.0,0.0,0.2,-0.2,0.0,0.0,0.0,0.0,0.0,0.0,0.0,-0.5,2.2,-0.5,0.1,0.3,0.0,-0.2,0.0,0.0,-0.2,0.0,0.0,
1989-01,-0.2,-0.4,-0.3,-0.5,-0.4,-0.5,0.3,2.8,-0.3,0.0,2.2,3.8,-0.1,-5.8,-0.3,-0.5,7.3,7.9,0.0,0.2,0.1,0.1,0.0,0.1,0.1,0.1,0.1,0.1,0.2,0.0,0.0,0.0,-0.2,0.1,-0.3,-0.4,0.1,-0.9,0.1,-0.1,0.0,-3.5,-5.1,0.3,-6.0,-3.9,-5.5,-0.4,-0.4,-1.1,0.0,0.1,0.0,0.4,0.0,0.1,0.4,-0.1,0.2,0.0,0.0,0.0,0.1,-0.3,-0.3,-0.8,-1.6,0.3,0.0,0.2,0.0,0.0,0.0,0.0,-0.2,0.0,-0.2,
1989-02,-0.3,0.0,-0.3,0.0,0.0,-0.1,-0.7,-3.6,0.0,-0.1,0.3,0.4,-0.2,-2.2,-6.2,-9.5,1.3,1.2,0.1,0.0,0.2,0.3,0.0,0.2,0.1,0.2,0.1,0.2,0.2,0.1,0.0,-0.1,1.2,0.0,-0.2,-0.6,-0.5,0.1,0.2,-0.1,0.0,-1.8,-2.4,0.1,-2.8,-2.5,-3.7,-0.2,-0.1,-0.6,0.1,0.0,-0.1,-0.1,0.0,-0.2,-0.1,0.4,-1.7,0.0,0.0,0.0,0.0,1.0,-0.3,0.7,5.8,0.0,0.0,0.1,0.0,-0.3,0.0,0.0,0.5,0.1,0.8,
1989-03,0.5,0.3,0.5,0.3,0.3,0.4,0.7,3.7,0.1,0.0,0.8,1.5,0.2,1.0,3.4,5.2,3.8,4.1,-0.1,0.1,-0.2,0.0,0.0,0.2,0.3,0.2,0.3,0.2,0.1,0.0,0.0,0.0,0.2,0.0,0.0,0.0,-0.3,-0.3,0.2,-0.3,0.0,2.0,3.8,0.0,4.6,0.3,0.3,0.2,0.7,1.3,0.3,0.0,0.0,0.0,0.0,0.2,0.0,0.3,0.0,0.3,0.0,0.0,1.4,0.3,-0.9,0.8,-0.3,0.3,0.2,0.5,0.0,0.2,0.0,0.0,0.2,0.3,0.3,
1989-04,1.8,1.8,1.9,1.9,1.9,1.6,2.2,1.0,2.4,2.3,1.9,1.1,2.1,2.3,0.4,-1.0,4.1,4.2,2.0,2.5,2.9,2.0,-1.6,3.2,0.8,1.4,0.5,0.8,2.4,-0.6,-2.6,0.2,1.7,1.6,1.3,-0.5,2.7,2.3,2.2,2.0,3.4,3.9,3.9,2.8,4.0,5.7,7.3,2.7,2.5,3.1,1.7,1.8,2.4,3.6,1.0,0.8,1.7,-0.4,2.4,3.8,3.9,2.9,3.0,1.8,-3.2,-0.8,2.7,3.6,1.2,2.0,1.3,1.5,0.0,0.1,0.0,3.2,1.7,
1989-05,0.6,0.5,0.7,0.5,0.5,0.7,0.5,2.6,0.0,0.1,0.5,0.8,0.0,-0.8,1.8,2.8,5.2,5.4,-0.2,0.0,0.2,0.1,0.0,0.3,0.4,0.3,0.4,0.3,0.2,0.2,-0.7,1.4,0.2,0.3,0.1,-0.1,-0.2,0.1,0.3,-0.2,0.4,1.8,2.4,0.5,2.6,2.6,3.8,0.1,0.0,0.2,0.3,0.0,0.0,0.0,0.0,0.2,0.2,0.0,0.8,0.1,0.2,0.0,0.0,1.4,-0.3,4.9,0.1,0.6,0.2,0.4,0.0,0.0,0.0,0.0,0.2,0.1,1.2,
1989-06,-0.1,0.1,-0.2,0.0,0.1,-0.1,-0.2,-2.1,0.3,-0.1,-1.5,-2.4,0.1,3.4,-3.0,-4.8,2.5,2.6,0.1,-0.5,0.0,-0.1,0.0,0.2,0.6,0.4,0.8,0.4,0.3,0.2,0.0,0.1,1.1,0.3,0.0,0.1,0.3,-0.3,0.2,-0.1,0.2,0.2,-0.2,0.1,-0.2,1.1,1.5,0.1,0.2,0.2,0.1,0.0,0.1,0.0,0.0,0.3,0.4,0.3,0.0,0.0,0.1,0.0,0.0,-1.1,-0.1,-4.1,0.0,-0.3,0.0,0.2,0.0,0.0,0.0,0.0,0.2,0.0,-1.0,
1989-07,-0.2,-0.1,-0.2,-0.1,-0.2,-0.2,-0.3,-2.1,0.1,0.0,-1.9,-3.1,0.2,0.5,-2.8,-4.5,2.9,3.1,-0.2,0.2,0.3,0.2,0.0,0.0,0.2,0.2,0.1,0.2,0.2,0.1,0.0,0.0,2.3,0.3,-0.1,-0.2,-0.1,0.0,0.1,-0.3,0.1,-1.9,-2.4,0.0,-2.8,-2.9,-4.3,0.0,-0.4,-0.7,0.1,0.1,0.0,0.0,0.1,0.1,0.2,0.2,0.0,0.0,0.0,0.0,0.0,0.0,-0.4,-0.2,0.0,0.2,0.0,0.1,-0.1,0.0,0.0,0.0,0.4,0.0,0.1,
1989-08,-0.1,-0.2,-0.2,-0.2,-0.2,-0.2,0.0,0.7,-0.2,0.0,1.3,2.6,-0.1,-0.8,-1.2,-2.2,2.0,2.0,0.0,-0.1,0.1,-0.1,0.0,0.1,0.1,0.2,0.1,0.1,0.3,0.1,0.0,0.0,0.6,0.1,-0.1,-0.3,0.0,-0.1,0.1,-0.2,0.1,-3.1,-4.3,-0.1,-5.1,-4.1,-6.0,-0.1,-0.2,-1.1,0.1,-0.1,0.0,-0.1,0.0,0.1,0.2,0.0,0.0,0.0,0.0,0.0,0.0,0.7,-0.5,0.7,0.3,0.9,0.1,0.3,0.0,0.1,0.0,0.0,0.0,0.0,0.7,
1989-09,0.9,0.5,1.0,0.6,0.6,0.7,1.5,7.1,0.3,0.0,-0.7,-1.2,-0.1,4.3,13.2,21.8,-1.4,-1.5,0.1,0.4,0.3,-0.2,0.0,0.1,0.1,0.2,0.1,0.1,0.3,0.0,0.0,0.0,0.9,0.0,0.2,0.3,-0.2,0.9,0.1,-0.1,0.1,6.1,7.8,1.0,9.1,8.8,12.7,1.0,0.7,2.0,0.1,0.1,0.1,0.2,0.0,-0.1,-0.3,0.1,0.0,0.1,0.0,0.0,0.4,-0.6,-0.1,-0.3,-0.1,-0.9,0.1,0.1,0.0,0.2,0.0,0.0,0.1,0.1,-0.7,
1989-10,0.8,0.3,0.9,0.3,0.3,0.4,1.6,8.6,0.1,0.1,0.1,0.4,0.0,0.3,8.0,12.3,13.2,13.8,0.2,0.0,-0.3,0.2,0.0,0.1,0.2,0.2,0.1,0.2,0.3,0.2,0.0,0.0,1.6,0.0,0.1,0.3,-0.2,0.4,-0.1,0.1,0.1,1.3,1.9,0.9,2.0,1.7,2.5,0.1,0.2,0.7,0.1,-0.1,-0.1,-0.3,0.0,0.2,0.3,0.1,0.0,0.0,0.0,0.0,0.0,0.7,-0.3,1.7,0.2,0.5,0.0,0.1,0.0,0.0,0.0,0.0,0.0,0.0,0.7,
1989-11,-1.0,0.1,-1.1,0.1,0.1,0.0,-3.3,-17.5,0.2,0.2,0.1,0.2,0.1,1.4,-18.9,-28.0,-21.3,-22.0,-0.1,0.2,0.1,0.1,0.0,0.0,0.1,0.3,0.1,0.2,0.3,0.2,0.0,0.0,3.7,0.0,0.0,0.0,0.1,0.2,0.1,-0.4,0.1,0.8,1.5,-0.2,1.8,0.1,0.1,0.1,0.1,0.4,0.2,0.0,0.0,-0.3,0.0,-0.1,-0.1,-0.1,0.0,0.0,0.0,0.0,0.0,-0.6,0.3,-2.3,-0.1,-0.1,0.1,0.1,0.0,0.2,0.0,0.0,0.2,0.0,-0.5,
1989-12,0.1,0.1,0.0,0.0,0.1,0.2,0.0,0.4,-0.1,0.1,-0.3,-0.5,0.0,-0.7,2.9,4.9,-4.8,-5.0,-0.1,-0.1,-0.1,-0.1,0.0,0.1,0.2,0.2,0.2,0.2,0.2,0.1,0.0,0.0,1.9,0.0,-0.1,-0.1,-0.2,-0.5,0.1,-0.3,0.0,-0.2,-0.3,0.7,-0.4,-0.3,-0.7,0.2,0.0,0.1,0.1,0.0,0.0,0.0,0.0,0.1,0.2,0.0,0.0,0.0,0.0,0.0,0.0,0.6,0.0,1.2,2.6,-0.4,-0.1,0.1,-0.1,-0.1,0.0,0.0,0.1,0.0,0.5,
1990-01,0.2,-0.3,0.3,-0.3,-0.3,-0.5,1.5,8.9,0.0,0.1,3.1,5.3,0.2,-4.2,8.9,14.4,5.6,5.9,0.1,0.6,0.1,0.1,0.0,0.2,0.3,0.3,0.3,0.2,0.4,0.0,0.0,0.0,0.2,0.1,-0.3,-0.1,-0.5,-1.0,0.1,-0.4,0.0,-3.7,-5.5,0.3,-6.5,-3.9,-5.7,0.0,-0.3,-0.7,0.0,-0.8,0.1,-3.6,0.0,0.0,0.2,0.0,0.0,0.0,0.0,0.0,0.0,0.6,-0.1,1.5,-2.3,1.3,0.1,0.0,0.0,0.2,0.0,0.0,0.0,0.1,0.5,
1990-02,0.1,-0.1,0.2,-0.1,-0.2,-0.3,0.9,4.3,0.2,0.0,-0.7,-1.5,0.1,3.2,6.2,9.8,5.3,5.6,-0.3,0.1,-0.1,-0.1,0.0,0.1,0.1,0.1,0.1,0.1,0.1,0.1,0.0,0.0,2.1,0.0,-0.2,-0.6,0.2,-0.6,0.0,0.3,0.0,-1.8,-2.2,0.1,-2.7,-2.7,-3.7,0.0,0.1,-0.1,0.0,0.0,0.0,0.1,0.0,-0.1,-0.1,0.0,0.0,0.1,0.0,1.2,0.0,0.0,0.3,0.8,1.1,-0.7,0.1,0.0,0.0,0.6,0.0,0.0,0.2,0.2,-0.1,
1990-03,0.4,0.4,0.4,0.4,0.4,0.5,0.4,1.3,0.2,0.1,1.2,2.1,0.2,-1.9,-1.2,-2.2,5.3,5.5,-0.2,0.1,0.1,0.0,3.7,0.1,0.2,0.2,0.1,0.1,0.3,0.1,0.0,0.1,1.9,0.0,-0.2,-0.5,0.2,-0.4,0.2,-0.4,0.0,2.4,4.5,-0.1,5.3,0.5,0.5,0.2,0.8,0.7,0.4,0.0,-0.1,-0.3,0.1,0.3,0.2,0.4,0.0,0.1,0.0,0.0,0.7,0.1,-0.7,1.0,-0.2,0.0,0.1,0.2,0.0,0.4,0.0,0.0,0.4,0.1,0.2,
1990-04,0.8,0.7,0.9,0.8,0.8,1.0,0.4,1.3,0.2,0.0,0.7,1.0,0.2,0.0,2.4,3.5,-1.3,-1.4,0.5,0.5,-0.2,0.1,0.0,0.4,0.4,0.4,0.4,0.4,0.6,0.2,0.0,0.2,0.7,0.5,0.3,-0.5,-0.1,0.2,0.1,0.3,6.0,3.0,3.3,0.6,3.7,5.1,7.3,-0.1,0.5,0.7,0.5,0.7,0.0,0.0,1.3,-0.3,0.0,0.2,-2.0,4.8,5.0,0.0,4.5,1.2,-0.3,-2.3,0.1,3.5,0.1,0.1,0.0,0.1,0.0,0.0,0.2,3.7,1.0,
1990-05,0.5,0.4,0.5,0.4,0.4,0.4,0.7,2.6,0.3,0.0,-0.1,-0.1,0.4,-0.2,1.3,1.4,8.1,8.5,0.2,0.5,0.4,-0.1,0.0,0.2,0.3,0.4,0.3,0.4,0.2,0.2,0.0,0.3,-0.2,0.3,-0.1,-0.4,0.3,0.2,0.1,0.0,0.4,1.9,1.9,0.0,2.1,3.5,4.9,0.0,0.3,0.2,0.2,0.0,0.1,-0.2,0.0,0.0,0.0,0.0,0.0,0.1,0.1,0.0,0.0,0.8,-0.5,1.6,0.1,0.9,0.1,0.2,-0.2,0.3,0.0,0.0,0.0,0.1,0.7,
1990-06,-0.4,0.0,-0.6,-0.1,0.0,0.0,-1.3,-7.5,0.2,0.0,-1.7,-2.9,0.9,0.8,-12.0,-18.6,2.7,2.8,0.0,0.2,0.3,0.0,0.0,0.1,0.4,0.3,0.4,0.2,0.5,0.1,0.0,0.4,0.2,0.1,-0.1,-0.7,0.1,0.4,0.2,0.1,0.1,-0.2,-0.3,0.1,-0.3,-0.4,-0.8,0.5,0.4,0.2,0.1,0.0,0.0,0.3,0.1,0.0,-0.2,0.0,0.0,0.0,0.1,0.0,0.0,-1.2,-0.4,-3.0,0.0,-0.7,0.0,0.2,-0.1,0.2,0.0,0.0,0.1,0.0,-1.0,
1990-07,-0.2,0.0,-0.1,-0.1,0.0,-0.2,-0.2,-2.4,0.2,0.3,0.3,0.2,0.7,-0.8,3.3,5.1,-14.6,-15.2,0.8,0.1,0.0,0.1,0.0,0.2,0.2,0.3,0.2,0.3,0.3,0.2,0.0,0.5,0.0,0.0,-0.2,-0.5,0.0,-0.1,0.1,0.0,0.1,-1.8,-2.4,-0.1,-2.6,-2.5,-3.6,0.1,0.2,-0.5,0.2,0.1,0.1,-0.1,0.0,0.1,0.3,0.0,0.0,0.0,0.0,0.0,0.0,0.4,0.0,0.7,0.1,0.4,0.0,0.1,-0.3,0.0,0.0,0.0,0.1,0.0,0.4,
1990-08,0.4,0.0,0.4,0.1,0.0,-0.1,1.4,6.2,0.4,0.2,2.4,3.7,0.3,2.2,5.7,9.1,5.7,5.9,1.4,0.2,0.9,0.1,0.0,0.2,0.2,0.1,0.2,0.1,0.1,0.1,0.0,0.3,0.2,0.0,-0.1,-0.3,-0.4,-0.6,0.3,0.1,0.0,-3.0,-3.8,0.1,-4.5,-4.3,-5.8,-0.1,0.1,-0.7,0.0,0.0,-0.1,0.0,0.0,0.1,0.2,0.1,0.0,0.0,0.0,0.0,0.0,1.4,-0.1,2.0,0.4,1.6,0.1,0.1,0.0,0.2,0.0,0.0,0.1,0.1,1.2,
1990-09,0.8,0.7,0.8,0.7,0.7,0.7,1.1,3.4,0.7,0.5,0.5,0.3,0.6,5.4,3.7,5.5,5.1,5.3,1.2,0.7,0.4,0.1,0.0,0.1,0.1,0.2,0.1,0.1,0.2,0.3,0.0,0.2,3.2,0.0,0.3,0.1,0.6,1.1,0.1,0.4,0.2,5.7,6.9,0.7,7.9,8.3,11.1,1.2,1.7,1.2,0.2,0.0,0.0,0.0,0.0,0.0,-0.4,0.4,0.0,0.0,0.0,0.0,0.0,-1.1,0.0,-1.2,0.0,-1.5,0.3,0.1,0.0,1.3,0.0,0.0,0.4,0.0,-1.1,
1990-10,1.1,0.6,1.2,0.6,0.3,0.3,2.0,9.0,0.3,0.6,-0.2,-0.7,0.1,-1.5,9.2,13.8,15.1,15.7,1.6,0.4,1.0,0.0,0.0,0.3,0.3,0.2,0.2,0.2,0.4,1.9,0.0,0.6,26.1,0.0,-0.1,-0.4,0.4,0.2,0.2,-0.1,0.1,1.7,2.3,0.3,2.6,1.6,2.1,0.0,0.6,0.9,0.1,0.1,0.3,0.1,0.0,1.4,0.2,2.6,0.0,0.0,0.0,0.0,0.2,0.1,-0.7,-0.2,0.1,0.3,0.1,0.1,0.0,0.4,0.0,0.0,4.3,0.0,0.1,
1990-11,-0.2,0.4,-0.2,0.4,0.3,0.2,-1.5,-9.3,0.5,0.9,-0.4,-1.0,0.0,1.6,-6.4,-10.0,-18.0,-18.8,1.7,0.7,0.4,0.4,0.1,0.1,0.5,0.4,0.5,0.3,0.5,1.4,0.0,2.1,8.5,0.0,0.1,-0.1,0.2,-0.1,0.4,0.2,0.2,0.6,1.3,0.4,1.4,-0.2,-0.2,0.0,0.2,0.3,0.5,0.1,0.6,-0.1,0.0,0.7,0.3,1.0,0.0,0.0,0.0,0.0,0.0,0.2,-0.7,0.6,0.0,0.2,0.1,0.2,0.1,0.1,0.0,0.0,2.0,0.1,0.2,
1990-12,-0.1,0.2,-0.2,0.3,0.2,0.2,-0.7,-5.8,0.4,0.2,0.9,0.9,0.1,0.7,-6.2,-10.1,-8.4,-8.7,0.7,0.2,1.1,0.0,0.0,0.4,0.2,0.4,0.3,0.2,0.5,0.4,0.0,1.2,0.1,0.5,0.1,-0.2,0.1,-0.4,0.6,0.0,0.2,0.0,0.0,0.1,0.0,-0.4,-0.7,0.1,0.4,0.0,0.4,0.0,0.4,-0.2,0.0,0.1,0.3,0.0,0.1,0.0,0.0,0.0,0.0,0.1,-0.6,0.2,3.4,-0.7,0.1,0.3,-0.1,0.0,0.0,0.0,0.3,0.0,0.1,
1991-01,0.7,-0.1,0.8,-0.2,0.0,-0.2,2.9,16.1,0.1,0.1,2.1,3.7,0.2,-2.4,16.8,26.8,18.7,19.4,0.5,0.4,0.4,0.1,0.0,0.3,0.2,0.3,0.1,0.2,0.6,-0.2,0.0,0.2,-3.5,0.0,0.0,-0.2,0.2,-0.3,0.5,0.3,0.0,-4.0,-6.1,0.3,-7.0,-4.0,-5.4,-0.1,-0.1,-0.6,0.3,-0.1,0.2,-0.7,0.1,-0.2,0.2,-0.4,0.0,0.0,0.0,0.0,0.0,1.6,0.1,2.7,-3.0,2.8,0.0,0.2,0.1,-0.3,0.0,0.0,-0.7,0.1,1.3,
1991-02,-0.3,-0.2,-0.4,-0.2,-0.2,-0.3,-0.3,-2.6,0.4,0.0,-0.4,-1.0,0.2,2.6,-2.4,-3.9,-2.6,-2.9,0.3,0.3,-0.1,0.3,0.8,0.2,0.2,0.2,0.1,0.1,0.4,-0.4,0.0,0.1,-4.2,0.0,0.1,-0.3,0.1,-0.1,0.7,0.4,0.0,-1.7,-2.3,-0.1,-2.7,-2.6,-3.5,-0.1,0.4,-0.1,0.5,0.0,0.2,-0.2,0.0,-0.3,-0.2,-0.6,0.4,0.4,0.0,8.1,0.0,-0.9,1.6,-0.1,0.7,-2.3,0.5,0.3,0.0,1.9,0.0,0.0,-1.0,0.7,-0.9,
1991-03,0.5,0.4,0.5,0.5,0.5,0.6,0.7,1.2,0.5,0.1,0.5,0.5,0.0,4.8,0.8,0.5,3.8,3.7,0.3,0.3,0.2,0.2,0.4,0.2,0.1,0.2,0.1,0.2,0.2,-0.4,0.0,-0.1,-4.7,0.0,0.1,-0.1,-0.1,0.1,0.6,0.1,0.1,2.6,4.6,0.2,5.4,0.8,0.9,0.4,1.2,1.1,0.5,0.1,0.2,0.1,0.0,-0.2,0.2,-0.7,0.1,0.3,0.0,0.0,1.5,0.4,0.0,1.5,0.0,0.2,0.3,0.1,0.8,0.2,0.0,0.0,-1.0,0.3,0.5,
1991-04,0.6,0.6,0.7,0.6,0.7,0.8,0.4,1.4,0.2,0.1,1.0,1.2,0.0,-4.2,1.1,0.9,2.7,2.7,-0.1,0.2,0.3,0.7,0.3,0.4,0.3,0.4,0.3,0.1,0.8,-0.4,0.0,-0.1,-3.9,0.2,0.2,0.1,-0.2,-0.1,0.6,0.1,0.6,2.9,3.2,0.5,3.6,4.5,6.4,-0.2,0.5,0.9,0.6,0.2,0.2,0.4,0.1,-0.9,0.1,-0.8,-2.5,3.8,4.1,0.0,3.4,1.2,0.3,-0.2,1.0,2.0,0.2,0.5,0.1,0.2,0.0,0.0,-0.8,3.1,0.9,
1991-05,0.5,0.4,0.5,0.4,0.5,0.6,0.4,1.1,0.2,0.1,-1.3,-2.9,0.4,-1.9,-2.0,-3.2,13.8,14.3,0.3,0.2,0.4,0.1,0.1,0.3,0.4,0.4,0.4,0.3,0.5,-0.1,0.0,-0.3,-0.5,0.0,0.3,-0.1,0.3,0.1,0.5,0.4,0.2,2.3,2.8,0.2,3.0,3.6,4.7,0.8,0.5,0.3,0.4,-0.1,0.1,-0.2,0.0,0.0,0.0,0.0,0.0,0.1,0.2,0.0,0.0,0.5,0.3,1.0,0.1,0.4,0.1,0.4,-0.1,0.2,0.0,0.0,-0.3,0.2,0.4,
1991-06,-0.4,0.1,-0.5,0.0,0.1,0.0,-1.1,-6.9,0.2,0.0,-0.4,-1.5,0.3,-1.0,-8.0,-12.7,-5.3,-5.7,-0.1,0.1,1.1,0.0,0.1,0.3,0.5,0.5,0.5,0.5,0.5,0.0,0.0,-0.1,-0.5,0.0,0.1,0.0,-0.1,0.2,0.5,0.4,0.1,0.1,-0.1,0.3,0.0,0.3,0.2,0.4,0.4,0.0,0.1,0.0,0.0,0.0,0.0,-0.1,-0.2,0.0,0.0,0.0,0.0,0.0,0.0,-0.7,-0.1,-2.9,0.1,0.2,0.2,0.3,0.0,0.4,0.0,0.0,-0.1,0.0,-0.6,
1991-07,-0.1,0.0,-0.1,-0.1,0.0,-0.1,0.0,-0.7,0.1,0.0,0.3,0.0,0.4,-0.7,5.2,8.4,-12.7,-13.3,-0.1,-0.1,0.1,0.1,0.0,0.1,0.4,0.4,0.2,0.3,0.6,0.0,0.0,0.0,-0.1,0.0,0.0,0.1,-0.2,-0.4,0.4,0.1,0.1,-2.2,-2.5,0.0,-3.0,-3.1,-4.2,0.0,-0.1,-0.6,0.3,0.2,0.1,0.2,0.0,0.4,0.3,0.6,0.0,0.0,0.0,0.0,0.0,0.1,-0.5,0.3,0.0,0.0,0.1,0.4,0.0,-0.1,0.0,0.0,-0.1,0.0,0.1,
1991-08,0.2,-0.1,0.2,-0.1,-0.1,-0.3,1.1,5.4,0.2,0.0,1.7,2.9,0.2,0.2,4.3,6.6,6.6,6.9,-0.2,0.0,0.5,0.3,0.0,0.2,0.1,0.2,0.2,0.1,0.3,0.0,0.0,0.1,-0.2,0.0,-0.1,-0.2,0.0,-0.2,0.0,-0.3,0.0,-3.0,-4.0,0.0,-4.7,-4.0,-5.6,0.1,-0.3,-0.5,0.1,0.0,0.1,0.1,0.0,0.1,0.1,0.0,0.0,0.0,0.0,0.0,0.0,0.9,-0.9,2.1,0.3,1.0,0.1,0.3,0.0,0.0,0.0,0.0,-0.1,0.0,0.8,
1991-09,0.2,0.5,0.2,0.6,0.5,0.8,-0.8,-4.8,0.2,0.1,-2.6,-4.3,0.1,1.0,-3.4,-5.2,-4.7,-5.0,0.5,0.3,0.1,0.1,0.0,0.1,0.2,0.2,0.1,0.2,0.3,0.0,0.0,0.0,-0.1,0.0,0.3,0.2,0.3,1.3,0.0,0.0,0.1,6.3,7.7,1.1,8.8,9.7,12.5,3.0,0.7,1.7,0.2,0.0,0.1,-0.1,0.0,-0.1,-0.4,0.0,0.0,0.0,0.0,0.0,0.0,-1.2,-0.2,-2.5,-0.2,-1.0,0.0,0.2,0.0,0.1,0.0,0.0,0.0,0.0,-1.1,
1991-10,1.1,0.3,1.1,0.3,0.3,0.4,2.4,12.9,0.1,0.2,1.0,1.6,0.0,1.4,14.4,22.5,12.9,13.5,-0.1,0.3,-0.4,0.0,0.1,0.1,0.2,0.2,0.2,0.1,0.3,0.0,0.0,0.0,0.2,0.0,0.2,0.3,0.3,0.1,0.3,0.1,0.0,1.2,1.4,1.0,1.5,1.1,1.1,1.0,0.2,1.7,0.2,-0.2,0.0,0.0,-0.4,0.1,0.3,0.1,0.0,0.0,-0.1,0.0,0.0,0.8,0.6,2.6,0.1,0.2,0.3,0.5,0.0,-0.1,0.5,0.0,0.0,0.0,0.8,
1991-11,0.2,0.2,0.3,0.2,0.2,0.2,0.3,0.2,0.3,0.1,1.0,0.7,0.1,1.2,0.8,0.8,-1.7,-1.8,0.0,0.1,0.1,-0.1,0.0,0.2,0.1,0.2,0.1,0.1,0.3,0.1,0.0,0.0,1.6,0.2,0.2,-0.1,0.6,0.3,0.3,0.3,0.0,0.7,1.4,0.1,1.5,0.0,0.0,0.1,0.4,0.2,0.4,0.0,0.1,0.2,0.0,0.0,-0.1,0.2,0.1,0.0,0.0,0.0,0.0,0.4,-0.2,1.0,0.2,0.3,0.1,0.3,0.0,0.3,0.0,0.0,0.3,0.0,0.3,
1991-12,-0.5,0.2,-0.5,0.2,0.3,0.1,-1.7,-9.6,0.3,1.1,0.7,0.9,0.0,-1.4,-14.1,-20.8,-2.7,-2.8,0.1,0.5,0.4,0.4,0.0,0.2,0.2,0.3,0.1,0.1,0.6,0.1,0.0,0.0,0.5,0.0,-0.1,-0.4,0.1,0.0,0.3,-0.2,0.0,-0.2,-0.3,0.2,-0.4,-0.2,-0.4,0.3,0.2,0.3,0.2,0.0,0.0,0.0,0.0,0.6,1.8,0.1,0.0,0.0,0.0,0.0,0.0,0.0,-0.2,-0.5,3.1,-0.7,0.3,0.6,0.6,0.1,0.0,0.0,0.1,0.1,0.2,
1992-01,-0.2,-0.3,-0.3,-0.4,-0.4,-0.5,0.4,2.2,0.0,0.4,1.5,2.3,0.3,-4.7,-0.7,-1.4,7.0,7.3,0.2,0.2,0.2,0.0,0.0,0.4,0.2,0.3,0.2,0.2,0.5,0.0,0.0,0.1,-0.2,0.1,-0.1,-0.1,0.2,-0.7,0.3,0.0,0.0,-4.8,-7.1,0.0,-8.1,-4.9,-6.7,0.0,-0.4,-0.8,0.3,0.8,-0.1,0.3,1.5,0.2,0.1,0.3,0.0,0.0,0.0,0.0,0.0,0.3,-0.3,-0.1,1.4,0.4,0.0,0.4,-0.1,-0.5,0.0,0.0,-0.1,0.0,0.3,
1992-02,-0.1,0.0,-0.1,0.0,0.1,0.0,-0.3,-2.4,0.2,0.5,-0.3,-1.0,0.1,-0.2,-1.5,-2.6,-3.8,-4.0,0.2,0.3,0.1,0.1,0.0,0.1,0.2,0.2,0.2,0.1,0.1,-0.1,0.0,0.0,-2.2,0.2,0.1,-0.3,1.0,-0.1,0.4,0.0,0.0,-1.2,-1.5,0.0,-1.8,-2.4,-3.4,0.0,0.0,0.1,0.2,-0.1,0.1,-0.1,0.0,-0.1,0.0,-0.2,0.0,0.0,0.0,0.0,0.0,0.8,0.5,0.4,3.6,0.0,0.1,0.2,0.0,0.4,0.0,0.0,-0.5,0.4,0.6,
1992-03,0.5,0.4,0.4,0.5,0.4,0.7,0.3,0.6,0.3,0.1,-0.7,-1.4,0.1,0.8,-0.8,-1.5,5.6,5.8,0.0,0.1,0.2,0.6,0.0,0.2,0.2,0.2,0.1,0.1,0.4,0.0,0.0,0.1,-0.6,0.1,0.0,0.0,0.1,-0.5,0.3,-0.1,0.0,2.6,4.6,0.0,5.4,1.4,1.6,0.6,0.8,1.1,0.6,0.1,-0.1,0.0,0.0,0.0,0.2,-0.1,0.0,0.1,0.0,0.0,0.6,0.4,0.0,0.8,0.4,0.4,0.2,0.3,0.0,0.3,0.0,0.0,-0.1,0.1,0.4,
1992-04,1.1,0.9,1.2,0.9,1.0,1.1,1.2,5.4,0.3,0.1,1.1,1.4,0.2,-1.4,7.6,12.3,1.8,1.9,-0.1,0.3,0.3,2.7,-0.2,0.5,0.6,0.9,0.6,0.8,1.2,0.1,0.0,0.1,-1.0,0.9,0.4,0.1,0.8,0.2,0.3,-0.1,2.6,2.8,2.8,0.1,3.4,4.9,7.0,0.0,0.3,0.8,0.8,2.3,-0.1,0.3,4.3,0.0,0.2,-0.3,0.0,4.2,4.5,0.0,3.6,0.9,0.2,0.1,0.1,1.7,0.3,0.8,-0.1,0.5,0.0,0.9,-0.3,3.5,0.8,
1992-05,0.1,0.4,0.1,0.4,0.4,0.4,-0.6,-3.6,0.1,0.1,-0.6,-1.4,-0.2,-0.6,-6.7,-10.6,3.8,4.0,-0.3,-0.2,0.5,0.8,0.0,0.3,0.5,0.5,0.5,0.6,0.3,0.0,0.0,0.0,-0.3,0.2,0.2,0.3,0.3,-0.1,0.3,-0.2,0.5,1.6,2.3,0.5,2.5,1.8,2.4,0.3,0.1,-0.1,0.1,0.0,0.3,0.1,0.0,0.0,0.0,0.1,0.0,0.1,0.1,0.0,0.0,0.3,-0.1,0.1,0.1,0.6,0.2,0.5,0.0,0.2,0.0,0.0,-0.1,0.1,0.3,
1992-06,-0.1,0.1,-0.3,0.0,0.1,0.2,-0.7,-4.3,0.2,0.1,-1.4,-2.5,-0.1,0.1,-0.5,-1.1,-10.0,-10.4,0.8,0.2,0.1,0.4,0.0,0.2,0.4,0.4,0.4,0.5,0.5,0.1,0.0,-0.1,0.0,0.2,0.0,-0.1,0.3,0.1,0.1,0.0,0.0,0.1,-0.3,-0.1,-0.4,0.9,1.1,0.4,0.1,0.0,0.3,0.1,0.0,0.1,0.1,0.0,0.0,0.0,0.0,0.0,0.0,0.0,0.1,-0.2,0.2,-1.3,0.2,0.1,0.0,0.3,-0.1,-0.1,0.0,0.0,0.0,0.0,-0.2,
1992-07,-0.8,-0.3,-0.9,-0.3,-0.3,-0.5,-1.3,-8.4,0.1,0.2,-0.8,-1.5,0.3,-0.7,-6.1,-10.4,-14.1,-14.8,0.0,0.1,0.1,0.1,0.1,0.2,0.3,0.3,0.2,0.1,0.5,0.0,0.0,0.2,-0.1,0.0,0.0,0.0,-0.2,-0.2,0.1,-0.2,0.1,-3.0,-3.7,0.0,-4.2,-4.0,-5.3,-0.1,-0.6,-1.1,0.2,0.0,-0.1,-0.1,0.0,-0.5,0.3,0.0,-3.2,0.0,0.0,0.0,0.0,-0.1,0.0,-0.8,0.0,0.1,0.0,0.3,0.1,-0.4,0.0,0.0,0.0,0.0,-0.1,
1992-08,0.3,-0.1,0.4,-0.1,-0.1,-0.1,1.1,6.3,0.1,0.0,2.5,4.4,-0.2,-0.1,4.7,7.9,6.6,7.0,-0.2,0.0,0.5,0.0,0.0,0.1,0.1,0.2,0.1,0.1,0.2,0.0,0.0,0.0,0.1,0.0,0.1,0.2,0.3,-0.1,0.0,-0.3,0.1,-2.5,-3.4,0.1,-3.9,-3.4,-4.7,0.0,-0.4,-0.8,0.0,-0.1,0.0,-0.1,0.0,0.1,0.2,0.1,0.0,0.0,0.0,0.0,0.0,1.0,-0.7,2.1,0.3,1.1,0.2,0.2,0.0,0.4,0.0,0.0,0.0,0.0,0.9,
1992-09,0.5,0.5,0.6,0.6,0.5,0.5,0.4,1.2,0.2,0.2,-2.5,-4.6,0.0,1.0,4.3,7.0,1.3,1.4,-0.1,0.0,0.3,0.1,0.0,0.2,0.1,0.1,0.1,0.1,0.2,0.1,0.0,0.1,0.8,0.1,0.2,0.2,0.2,1.3,0.1,0.0,0.1,5.2,6.4,1.4,7.1,7.7,10.3,1.0,1.1,1.3,0.1,0.1,0.0,0.1,0.0,0.1,-0.4,0.4,0.0,0.0,0.0,0.0,0.0,-0.6,-0.1,-0.4,0.2,-0.9,0.1,0.2,0.0,0.2,0.0,0.2,0.4,0.1,-0.6,
1992-10,0.1,0.2,0.0,0.1,0.2,0.4,-0.4,-1.6,-0.2,0.3,0.4,1.0,0.2,2.8,-4.5,-7.4,3.1,3.2,0.0,0.1,0.1,0.1,0.0,-1.1,0.3,0.3,0.2,0.3,0.4,0.3,0.0,0.1,1.2,0.7,0.2,0.3,0.0,0.3,0.0,0.0,0.0,1.0,0.9,-0.3,1.2,1.1,1.5,0.1,0.1,1.8,0.2,0.0,0.1,0.0,0.0,0.2,0.2,0.2,0.0,0.0,0.0,0.0,0.0,-0.2,-0.4,-1.3,0.1,0.4,0.1,0.2,0.0,0.2,0.0,0.0,0.3,0.0,-0.1,
1992-11,-0.2,0.2,-0.3,0.2,0.2,0.1,-0.9,-7.1,0.5,0.6,0.2,0.1,-0.3,-0.4,-7.0,-12.0,-9.9,-10.5,-0.3,0.1,0.1,0.0,0.0,1.3,0.1,0.3,0.2,0.1,0.4,0.1,0.0,0.0,0.9,0.0,0.0,0.0,-0.2,0.0,0.1,0.2,0.2,0.5,1.0,0.0,1.2,-0.1,-0.3,0.3,0.4,0.1,0.2,0.0,0.0,0.0,0.0,0.1,0.0,0.2,0.1,0.0,0.0,0.0,0.0,0.0,-0.5,-0.1,0.3,0.1,0.0,0.1,-0.1,0.0,0.0,0.0,0.2,0.0,0.0,
1992-12,0.0,0.1,0.0,0.1,0.1,0.1,-0.2,-2.0,0.1,0.1,1.0,1.6,0.0,0.0,-0.7,-1.4,-7.5,-7.8,-0.3,0.3,0.0,-0.1,-0.1,0.2,0.3,0.3,0.2,0.2,0.4,0.0,0.0,0.1,0.5,0.1,-0.2,-0.4,0.4,-0.2,0.1,-0.4,0.0,-0.4,-0.6,0.2,-0.8,-0.5,-0.7,-0.1,0.0,0.0,0.3,-0.2,0.0,-0.3,0.0,0.2,0.4,0.1,0.0,0.0,0.0,0.0,0.0,0.5,-0.5,1.5,3.6,-0.8,0.1,0.4,0.0,0.0,0.0,0.0,0.0,0.0,0.4,
1993-01,-0.1,-0.6,-0.1,-0.7,-0.6,-0.8,1.4,9.3,0.0,0.0,1.7,3.0,0.2,-2.1,9.3,16.6,8.8,9.2,0.6,0.1,-0.2,0.5,0.0,0.1,0.1,0.2,0.1,0.2,0.4,0.0,0.0,0.0,0.3,0.0,0.0,0.1,-0.1,-0.3,0.3,-0.2,0.0,-5.8,-8.4,-0.2,-9.6,-6.3,-8.4,-0.5,-0.6,-1.1,0.3,-0.1,-0.1,-0.2,0.0,0.1,0.2,0.1,0.0,0.2,0.0,0.0,0.6,-0.4,-0.3,0.8,-4.2,0.3,0.2,0.3,0.0,-0.3,0.0,16.4,0.1,0.2,-0.3,
1993-02,0.1,0.0,0.1,0.0,0.0,-0.1,0.5,1.8,0.2,0.1,-0.1,-0.1,-0.2,2.1,2.7,4.3,0.6,0.6,0.0,0.2,0.4,-0.2,0.0,0.1,0.2,0.2,0.1,0.1,0.3,0.0,0.0,0.0,-0.1,0.0,0.0,-0.2,0.0,-0.1,-0.1,0.1,0.0,-1.5,-1.9,-0.3,-2.2,-2.4,-3.1,-0.4,-0.1,-0.7,0.2,0.1,0.0,0.2,0.0,0.0,-0.1,0.0,0.0,0.0,0.0,0.0,0.0,0.4,-0.2,1.2,1.1,-0.1,0.1,0.1,-0.1,0.2,0.0,0.0,0.0,0.0,0.3,
1993-03,0.3,0.3,0.4,0.4,0.3,0.4,0.1,0.7,-0.1,0.0,-0.6,-1.2,-0.2,-1.1,0.1,0.1,4.3,4.6,-0.6,0.0,0.2,0.1,0.0,0.1,0.2,0.3,0.2,0.2,0.4,0.0,0.0,0.0,-0.2,0.0,-0.1,-0.2,0.4,-0.4,0.2,-0.1,0.0,2.8,5.2,-0.2,6.0,0.9,1.1,0.3,0.9,1.1,0.3,0.1,0.1,0.1,0.0,0.0,0.2,0.0,0.0,0.2,0.0,0.0,0.9,0.3,1.0,0.1,0.0,0.3,0.1,0.3,0.0,0.2,0.0,0.0,0.0,0.2,0.3,
1993-04,0.7,0.7,0.6,0.7,0.7,1.0,0.1,0.0,0.1,0.0,0.2,0.6,-0.2,-1.7,1.5,2.1,-3.6,-3.9,0.6,0.2,0.1,0.0,0.0,0.4,0.3,0.4,0.3,0.3,0.4,0.5,0.0,0.0,-0.4,2.4,-0.1,-0.2,-0.7,-0.2,-0.1,-0.1,1.4,3.0,3.3,0.7,3.9,5.1,7.1,0.5,0.2,0.8,0.4,0.5,-0.1,-0.1,1.2,-0.1,0.0,-0.2,0.0,3.4,4.2,0.0,2.0,0.5,-0.6,-1.7,0.1,1.7,0.2,0.4,0.4,-0.3,0.0,1.5,-0.1,2.7,0.4,
1993-05,0.1,0.2,0.2,0.2,0.3,0.3,-0.2,-1.1,0.1,0.0,-1.1,-2.4,-0.2,1.6,-1.2,-1.8,2.2,2.4,-0.5,0.0,-0.2,0.0,0.0,0.1,0.4,0.4,0.4,0.4,0.3,0.0,0.0,0.1,-0.3,0.1,-0.3,-0.6,-0.1,0.1,0.2,-0.7,0.1,1.4,1.6,0.2,1.6,2.8,3.7,0.1,0.1,0.0,0.1,0.2,0.0,0.4,0.0,0.0,0.0,0.1,0.0,0.3,0.1,5.7,0.0,0.1,0.0,-0.1,0.1,0.4,0.1,0.3,0.0,0.0,0.0,0.0,-0.1,0.3,0.1,
1993-06,-0.1,0.1,-0.1,0.0,0.1,0.0,-0.5,-2.6,-0.1,-0.2,-1.7,-2.6,-0.2,-0.9,-1.0,-1.7,-3.9,-3.9,0.3,0.0,0.1,-0.3,0.0,0.1,0.2,0.3,0.2,0.4,0.3,0.2,0.0,0.0,-0.1,0.8,-0.1,-0.3,0.2,-0.6,0.0,0.1,0.2,0.1,-0.1,0.3,-0.1,0.4,0.3,0.6,-0.2,-0.1,0.2,0.0,0.0,0.1,0.0,0.0,-0.2,0.0,0.0,0.0,0.1,0.0,0.0,0.3,-0.3,0.7,0.1,0.2,0.3,0.1,0.8,0.4,0.0,0.0,0.0,0.1,0.1,
1993-07,0.3,-0.3,0.2,-0.3,-0.3,-0.2,1.4,8.4,0.1,-0.2,-0.9,-1.6,0.0,-0.4,14.4,23.7,-0.4,-0.4,-0.3,0.1,0.2,0.4,0.0,0.1,0.3,0.2,0.3,0.1,0.2,0.0,0.0,0.0,-0.2,0.1,-0.2,-0.1,-0.7,-0.6,0.2,-0.3,0.0,-3.0,-3.5,0.0,-4.0,-4.4,-6.0,-0.1,-0.6,-1.3,0.2,-0.1,0.0,-0.3,0.0,0.2,0.5,0.1,0.0,0.0,0.0,0.0,0.0,-0.2,-1.1,0.2,0.2,-0.3,0.0,0.1,0.1,-0.3,0.0,0.0,-0.1,0.0,0.0,
1993-08,0.3,-0.1,0.3,-0.1,-0.1,-0.2,1.3,7.4,-0.1,0.0,1.8,3.6,-0.2,-1.3,8.4,12.7,2.4,2.4,0.1,-0.1,0.1,-0.3,0.0,0.1,0.1,0.1,0.1,0.1,0.2,0.0,0.0,0.0,-0.3,0.0,-0.1,0.0,-0.1,-0.5,0.0,-0.2,0.1,-2.5,-3.4,0.0,-3.9,-3.3,-4.6,0.3,-0.4,-0.7,0.1,-0.1,-0.1,0.0,0.0,0.1,0.3,0.1,0.0,0.0,0.0,0.0,0.1,0.8,-0.4,1.2,0.4,0.9,0.1,0.3,0.1,-0.3,0.4,0.0,-0.1,0.0,0.7,
1993-09,0.1,0.4,0.1,0.4,0.4,0.5,-0.6,-3.6,0.1,0.1,-2.9,-4.7,0.0,0.6,-0.6,-1.1,-6.9,-7.1,-0.4,-0.1,0.1,0.4,0.0,0.1,0.2,0.2,0.2,0.1,0.3,0.0,0.0,0.0,-0.5,0.2,0.1,-0.1,0.5,0.7,0.2,-0.3,0.0,4.7,5.5,0.1,6.4,7.3,10.1,0.5,0.8,1.4,0.2,-0.1,0.0,-0.3,0.0,-0.1,-0.4,0.0,0.0,0.0,0.0,0.0,0.0,-0.8,-0.2,-1.2,-0.2,-0.9,0.1,0.2,0.0,0.2,0.0,0.3,-0.1,0.0,-0.8,
1993-10,-0.1,0.2,-0.1,0.2,0.2,0.3,-0.8,-5.7,0.3,1.8,1.7,3.2,-0.4,1.5,-11.5,-17.3,7.0,7.4,0.2,0.2,0.4,-0.1,-0.1,0.0,0.2,0.2,0.2,0.2,0.2,-0.1,-0.1,0.0,-0.6,0.0,-0.1,-0.4,0.1,0.4,0.2,-0.2,0.0,0.9,1.4,0.3,1.5,0.7,0.9,0.1,0.0,0.9,0.0,-0.3,0.1,-0.6,0.0,0.2,0.2,0.0,0.8,0.0,0.0,0.0,0.0,0.3,-1.3,0.9,-0.1,0.4,0.1,0.2,0.1,0.0,0.0,1.2,-0.2,0.0,0.3,
1993-11,-0.6,0.0,-0.7,0.0,0.1,-0.1,-1.5,-10.3,0.4,3.5,0.5,0.7,0.1,-0.7,-13.0,-20.8,-8.0,-8.4,-0.3,0.1,-0.3,0.0,0.0,0.2,0.2,0.3,0.1,0.2,0.3,-1.0,-1.5,-0.8,-1.1,0.4,-0.2,-0.4,0.0,-0.3,-0.1,-0.2,0.1,0.3,0.5,-0.1,0.6,-0.1,-0.3,0.6,0.0,0.3,0.1,0.0,0.1,-0.3,0.0,-1.2,-0.1,-0.1,-6.6,0.0,0.0,0.0,0.0,-0.2,-0.3,-0.5,0.0,0.0,0.1,0.1,0.3,0.0,0.0,0.0,-0.9,0.1,-0.2,
1993-12,0.1,-0.1,0.0,-0.1,-0.1,-0.1,0.6,3.0,0.1,0.4,0.5,1.0,-0.2,-0.2,7.1,12.3,-7.4,-7.7,-0.4,0.4,0.3,0.0,-0.1,0.0,0.2,0.1,0.2,0.2,0.2,0.0,0.0,-0.3,-0.4,0.0,-0.4,-0.7,-0.3,-0.8,-0.1,-0.2,0.0,-0.7,-0.9,0.8,-1.2,-0.8,-1.0,-0.4,-0.2,0.1,0.3,0.1,-0.1,0.2,0.0,0.0,0.2,0.0,0.0,0.0,0.0,0.0,0.0,-0.2,-0.9,0.1,1.2,-0.7,0.1,0.2,-0.1,-0.1,0.0,0.0,-0.2,0.0,-0.1,
1994-01,0.1,-0.4,0.2,-0.6,-0.4,-0.7,1.8,10.8,0.0,0.0,1.8,3.4,0.0,-1.8,10.3,16.9,11.9,12.6,0.1,0.0,-0.1,0.3,0.0,0.3,0.1,0.2,0.2,0.1,0.2,-0.1,0.0,0.0,-0.1,0.1,-0.2,-0.5,0.2,-0.5,0.0,-0.1,0.0,-5.5,-8.0,-0.2,-9.3,-5.8,-7.8,-0.5,-0.9,-1.5,0.1,0.0,0.3,-0.1,0.0,0.1,0.1,0.0,0.0,0.0,0.0,0.0,0.0,0.3,-0.5,0.5,1.4,0.2,-0.1,0.2,0.1,-0.4,0.0,0.0,0.0,0.0,0.3,
1994-02,0.0,-0.1,-0.1,-0.1,-0.1,-0.2,0.5,1.7,0.2,0.1,-0.1,-0.1,-0.2,3.0,1.2,1.6,4.7,5.0,0.7,0.1,0.1,0.1,0.0,0.1,0.3,0.1,0.3,0.1,0.0,0.0,0.0,0.0,-0.3,0.0,-0.5,-0.7,-0.5,-1.0,0.1,-0.4,0.0,-2.1,-3.0,-0.5,-3.3,-2.5,-3.3,-0.3,0.0,-0.7,0.0,-0.2,0.0,-0.4,0.0,0.2,-0.1,0.0,1.7,0.0,0.0,0.0,0.0,0.0,-0.2,-0.4,1.4,-0.4,0.1,0.1,0.0,0.2,0.0,0.0,-0.2,0.0,-0.1,
1994-03,0.5,0.4,0.6,0.4,0.4,0.4,0.6,0.9,0.6,4.2,-0.6,-0.7,-0.1,1.1,-0.6,-1.1,6.4,7.0,-0.6,0.0,0.1,-0.2,0.0,0.1,0.1,0.1,0.1,0.2,0.2,0.0,0.0,0.0,-0.2,0.2,-0.2,-0.4,0.2,-0.3,0.1,-0.4,0.0,2.9,5.5,-0.1,6.4,0.9,1.0,0.5,0.5,1.0,0.1,-0.1,0.0,-0.2,0.0,0.1,0.4,0.0,0.0,0.0,0.0,0.0,0.0,0.0,-0.8,0.0,0.4,0.1,0.0,0.1,-0.1,0.2,0.0,0.0,0.0,0.0,0.1,
1994-04,0.2,0.7,0.1,0.8,0.7,0.9,-1.2,-7.5,0.2,1.7,-0.4,-0.7,-0.2,-0.9,-8.4,-13.5,-7.1,-7.4,0.4,-0.3,0.1,0.1,0.1,0.2,0.2,0.4,0.1,0.3,0.5,0.3,0.0,0.0,-0.3,1.2,-0.1,-0.3,0.0,0.1,-0.1,-0.3,1.1,3.1,3.1,-0.1,3.6,5.8,8.1,0.3,0.1,1.0,0.3,0.9,-0.2,-0.3,1.8,-0.1,0.0,-0.4,0.4,2.9,3.5,0.0,1.1,0.7,1.0,-0.4,0.2,1.3,0.1,0.3,0.1,-0.2,0.0,1.8,-0.1,2.3,0.7,
1994-05,0.1,0.3,0.2,0.3,0.4,0.4,-0.4,-2.5,0.2,0.3,-1.1,-1.8,-0.1,-1.7,-4.4,-7.2,3.9,4.3,-0.7,-0.1,0.1,0.1,2.9,0.1,0.3,0.3,0.3,0.3,0.2,0.0,0.0,0.0,-0.2,0.4,0.0,-0.1,0.0,-0.5,0.2,0.0,0.0,1.5,1.8,0.0,2.1,2.5,3.4,0.0,-0.1,0.2,-0.1,-0.1,0.1,0.0,0.0,0.0,-0.1,0.1,0.0,0.1,0.2,0.0,0.2,0.5,-0.4,-0.6,0.2,1.3,0.1,0.1,0.3,-0.4,0.0,0.0,0.0,0.2,0.0,
1994-06,-0.4,-0.1,-0.5,-0.1,-0.1,0.0,-1.1,-6.3,-0.2,-1.0,-2.7,-4.6,0.1,-0.7,-2.6,-4.4,-11.3,-11.8,0.0,0.0,0.0,0.0,0.1,0.2,0.3,0.3,0.3,0.3,0.3,0.4,0.0,0.0,-0.1,1.5,-0.2,-0.2,-0.1,-0.2,0.0,-0.2,0.3,-0.3,-0.6,0.0,-0.6,0.0,-0.2,0.4,-0.2,0.2,0.1,0.0,-0.1,0.1,0.0,-0.1,-0.2,-0.1,0.1,0.0,0.0,0.0,0.0,-0.3,-0.8,-0.6,0.5,-0.4,0.0,0.3,0.0,0.0,0.0,0.0,-0.1,0.0,-0.4,
1994-07,-0.5,-0.4,-0.5,-0.4,-0.4,-0.5,-0.6,-2.0,-0.2,-1.2,-1.6,-2.4,-0.2,-0.7,-1.9,-3.5,1.0,1.1,-0.4,0.2,-0.2,0.1,0.1,0.0,0.1,0.2,0.1,0.1,0.3,0.0,0.0,0.0,-0.1,0.2,-0.3,-0.3,-0.3,-0.5,0.0,-0.7,0.1,-3.1,-3.6,-0.1,-4.2,-4.7,-6.3,-0.3,-0.7,-1.5,0.2,0.0,0.0,-0.2,0.1,0.0,0.3,-0.2,0.0,0.0,0.0,0.0,0.0,0.0,-0.9,0.1,0.1,0.0,-0.1,0.2,-0.1,-0.7,0.0,0.0,-0.1,0.0,0.1,
1994-08,0.5,-0.1,0.5,-0.2,-0.1,-0.2,1.9,12.4,-0.1,-1.1,2.5,4.4,0.0,0.1,9.7,17.5,15.9,16.8,0.6,0.0,0.2,-0.2,0.0,0.1,0.1,0.1,0.1,0.1,0.1,0.1,0.0,0.0,0.0,0.5,-0.1,0.0,-0.4,-0.3,-0.2,-0.6,0.0,-2.8,-3.7,0.0,-4.3,-4.0,-5.6,-0.1,-0.5,-0.7,0.0,0.1,0.0,0.2,0.0,0.0,0.1,-0.1,0.0,0.0,0.0,0.0,0.0,1.2,-0.7,3.2,0.7,0.7,0.0,0.1,-0.1,0.1,0.0,0.0,-0.1,0.0,1.0,
1994-09,0.3,0.2,0.3,0.1,0.2,0.7,-0.4,2.0,-0.9,-4.6,-1.7,-2.9,0.3,2.8,4.9,8.1,-0.4,-0.4,-0.3,-0.4,-0.1,-0.1,0.0,-1.4,0.4,0.1,0.4,0.1,0.1,0.0,0.0,0.0,-0.2,0.0,0.1,0.0,0.1,0.7,0.2,-0.2,0.0,5.2,6.1,-0.2,7.2,8.3,11.7,0.7,0.8,1.4,0.1,-0.1,0.0,-0.4,0.0,-0.1,-0.3,0.0,0.0,0.1,0.0,0.0,0.0,-0.7,-1.1,-1.2,-0.2,-0.5,0.2,0.2,0.0,0.6,0.0,0.4,-0.1,0.0,-0.6,
1994-10,0.5,0.1,0.5,0.2,0.1,0.2,1.2,6.4,0.2,-2.8,0.6,1.4,-0.1,0.6,5.9,9.7,7.4,7.8,-0.3,0.0,0.5,0.0,-0.1,1.4,0.1,0.2,0.2,0.3,0.1,0.0,-0.1,0.1,-0.2,0.2,-0.1,-0.3,0.4,0.5,0.0,-0.3,0.0,0.8,1.1,0.0,1.3,1.0,1.3,0.3,0.0,0.3,0.1,0.1,0.0,0.0,0.2,0.0,0.1,0.0,0.0,0.0,0.0,0.0,0.0,-0.2,-1.1,-1.5,0.0,0.4,0.0,0.1,0.0,-0.1,0.0,0.0,-0.1,0.0,-0.2,
1994-11,-0.3,0.0,-0.4,-0.1,0.0,0.0,-0.9,-4.3,-0.2,-0.7,0.6,1.4,-0.1,-0.7,-4.5,-7.0,-6.7,-7.0,-0.6,-0.1,0.0,0.5,0.1,0.1,0.3,0.2,0.3,0.1,0.1,0.0,0.0,0.0,-0.6,0.0,-0.1,-0.1,0.3,-0.2,-0.1,-0.3,0.0,0.2,0.6,-0.2,0.7,-0.3,-0.4,-0.1,-0.1,0.2,0.0,-0.1,0.0,-0.2,0.0,-0.1,-0.1,-0.2,0.0,0.0,0.0,0.0,0.0,-0.4,-1.1,-0.7,0.3,-0.3,0.1,0.1,0.0,0.2,0.0,0.0,-0.1,0.0,-0.4,
1994-12,-0.3,-0.1,-0.4,-0.1,-0.1,0.0,-0.8,-4.0,-0.1,-0.8,1.7,2.6,-0.2,0.9,-7.0,-11.1,-1.6,-1.7,0.0,0.3,-0.2,0.0,-0.1,-0.2,0.1,0.1,0.0,0.1,0.1,-0.1,0.0,0.0,-1.3,0.0,-0.3,-0.3,-0.6,-0.5,0.1,-0.5,0.0,-0.5,-0.6,0.3,-0.8,-0.6,-0.9,0.0,-0.1,-0.1,0.0,-0.1,0.0,-0.4,0.0,0.0,0.2,-0.1,0.0,0.0,0.0,0.0,0.0,-0.2,-0.8,1.1,-0.1,-0.6,0.1,0.3,-0.1,-0.1,0.0,0.0,-0.2,0.0,-0.1,
1995-01,0.0,-0.6,0.1,-0.7,-0.6,-0.8,1.7,9.7,0.0,0.0,1.9,3.2,0.1,-1.7,6.5,11.1,16.0,16.9,-0.7,-0.2,-0.2,-0.3,0.0,0.3,0.0,0.1,0.1,0.2,0.1,0.0,0.0,0.0,-0.4,0.1,-0.3,-0.2,0.0,-0.5,0.0,-0.8,0.1,-5.4,-7.7,-0.3,-8.8,-6.2,-8.4,-0.9,-0.6,-1.4,0.0,0.0,-0.1,0.0,0.0,-0.1,0.0,-0.2,0.0,0.0,0.0,0.0,0.0,0.0,-0.9,0.2,0.0,-0.1,-0.1,0.2,0.1,-0.4,0.0,0.0,-0.2,0.0,0.0,
1995-02,-0.3,-0.2,-0.4,-0.2,-0.2,-0.2,-0.5,-2.6,-0.1,-0.2,-1.5,-2.3,-0.2,0.5,-2.8,-4.2,-0.2,-0.3,0.8,-0.5,-0.2,0.2,0.0,0.0,0.2,0.6,0.1,0.0,1.2,0.0,0.0,0.0,-0.7,0.0,-0.3,-0.7,-0.3,-0.9,-0.3,0.2,0.0,-2.6,-3.9,0.1,-4.4,-2.7,-3.7,-0.5,-0.7,-0.7,-0.1,-0.1,-0.2,-0.1,0.0,0.2,-0.1,-0.3,2.3,0.0,0.0,0.0,0.0,-0.3,-1.3,-0.1,0.0,-0.2,0.1,0.1,0.0,0.1,0.0,0.0,-0.3,0.0,-0.2,
1995-03,-0.1,0.2,0.0,0.2,0.2,0.3,-0.9,-4.4,-0.1,0.0,0.2,0.6,-0.4,-0.3,-5.3,-8.2,-5.5,-5.7,0.3,-0.1,-0.2,0.6,0.0,0.0,0.0,0.0,0.0,0.1,0.1,0.0,0.0,0.1,-0.2,0.1,-0.4,-0.4,0.0,-1.1,-0.4,-0.2,0.0,3.2,6.7,-0.9,8.0,0.4,0.5,0.2,0.9,0.0,0.1,-0.1,-0.1,-0.3,0.0,0.1,0.4,-0.2,0.8,0.1,0.0,0.0,0.3,-0.1,-1.5,0.4,-0.1,-0.1,-0.1,0.1,-0.1,-0.4,0.0,0.0,-0.1,0.1,0.0,
1995-04,0.3,0.3,0.3,0.4,0.4,0.6,-0.3,-1.1,-0.1,-0.1,0.2,0.6,0.1,-0.2,0.8,1.2,-6.9,-7.3,-0.3,0.3,0.4,0.6,0.1,-0.6,0.2,0.4,0.1,0.2,0.5,0.1,0.0,0.1,-0.5,0.2,0.0,-0.2,-0.1,-0.5,0.2,-0.4,0.7,3.6,2.9,0.0,3.2,8.2,11.6,0.5,0.4,1.0,0.1,0.0,-0.1,-0.5,0.2,0.0,0.6,-0.3,0.0,2.9,3.0,0.9,2.7,-0.7,-1.1,-1.9,0.0,-0.2,0.1,0.3,0.0,-0.1,0.0,0.6,-0.2,2.2,-0.6,
1995-05,0.2,0.1,0.2,0.1,0.1,0.1,0.4,3.5,-0.3,0.0,-1.4,-2.3,0.0,-0.3,3.9,6.2,8.6,9.1,-0.8,0.1,-0.5,-0.1,-0.1,-0.7,0.2,0.1,0.3,0.2,0.0,0.0,0.0,0.1,-0.3,0.1,-0.2,-0.3,-0.1,0.4,0.1,-0.3,0.1,1.4,2.2,0.8,2.4,1.2,1.5,0.5,0.2,0.3,0.0,0.1,0.1,0.4,0.0,-0.1,0.0,-0.2,0.0,0.0,0.0,0.0,0.0,0.3,-0.7,0.5,0.1,0.5,0.0,0.2,-0.1,0.0,0.0,0.1,-0.3,0.0,0.3,
1995-06,-0.1,-0.1,-0.1,-0.1,-0.1,0.0,-0.2,-0.8,0.0,-0.1,-0.2,-0.4,0.3,-1.1,-3.4,-5.2,5.4,5.7,0.6,0.0,0.0,-0.6,0.0,0.0,0.2,0.1,0.2,0.1,0.1,0.0,0.0,0.0,-0.2,0.0,-0.2,-0.3,0.1,-0.3,-0.3,-0.3,0.0,-0.3,-0.6,-0.2,-0.7,0.1,-0.2,0.6,0.0,-0.1,0.1,0.0,0.3,-0.3,0.0,-0.2,-0.1,-0.3,-0.1,0.0,0.0,0.0,0.0,-0.4,-0.7,-1.2,0.3,-0.2,0.1,0.2,0.1,0.2,0.0,0.0,-0.2,0.0,-0.4,
1995-07,-0.5,-0.3,-0.7,-0.4,-0.3,-0.3,-1.0,-5.5,-0.1,-0.1,-1.4,-2.0,0.0,-0.3,-3.1,-5.1,-10.6,-11.1,-1.3,0.3,-0.1,-0.2,-0.1,0.0,0.2,0.2,0.2,0.1,0.3,-0.1,-0.2,0.0,-0.3,0.1,-0.3,-0.2,-0.8,-0.5,-0.4,-0.2,0.1,-3.0,-3.5,0.2,-3.9,-4.7,-6.5,0.1,-0.7,-1.3,0.1,0.5,1.8,-0.1,0.0,-0.2,0.3,-0.5,0.0,-0.1,0.0,0.0,-0.3,-0.5,-1.3,-0.9,-0.1,-0.3,-0.1,0.1,-0.1,-0.8,0.0,0.0,-0.3,-0.1,-0.5,
1995-08,0.1,-0.1,0.1,-0.2,-0.1,-0.2,0.7,4.6,0.0,0.2,1.4,2.8,-0.2,-0.2,3.2,5.3,5.9,6.2,0.1,-0.1,0.3,0.4,0.0,0.0,0.1,0.2,0.1,0.1,0.4,0.0,0.0,0.0,-0.2,0.0,-0.1,-0.3,-0.2,-0.6,0.2,0.1,0.1,-2.4,-2.9,-0.4,-3.5,-3.5,-5.0,0.2,-0.7,-0.6,0.0,0.0,-0.2,-0.1,0.0,0.0,0.2,-0.1,0.1,0.0,0.0,0.0,-0.1,0.5,-1.1,0.8,0.2,0.7,0.0,-0.1,-0.1,0.1,0.0,0.0,-0.1,0.0,0.5,
1995-09,0.6,0.5,0.7,0.6,0.5,0.8,0.4,2.1,0.0,-0.4,-0.5,-0.8,0.3,3.4,4.4,7.0,-1.3,-1.4,-0.8,-0.3,-0.4,-0.1,-0.1,0.0,0.1,0.0,0.1,0.0,-0.1,0.0,0.0,0.0,-0.1,0.0,0.1,-0.1,0.9,0.6,0.1,0.0,0.0,6.1,7.7,1.8,8.6,8.5,12.3,0.5,1.5,1.0,0.0,0.0,0.0,0.0,0.0,0.5,2.4,-0.5,0.0,0.2,0.0,0.0,0.6,-0.2,-0.8,0.7,0.0,-0.4,0.0,0.2,-0.3,0.2,0.0,0.0,-0.1,0.3,0.2,
1995-10,-0.3,0.1,-0.3,0.0,0.2,-0.1,-0.9,-4.9,0.0,-1.0,-0.6,-0.9,-0.1,1.1,-7.4,-11.3,-0.1,-0.1,0.7,0.2,0.3,-0.2,0.0,0.0,0.2,0.1,0.2,0.3,0.0,0.0,0.0,0.0,-0.3,0.2,-0.1,-0.5,-0.1,0.8,0.3,-0.6,0.0,0.6,0.5,0.1,0.6,1.1,1.2,0.5,0.0,1.1,0.0,-0.1,-0.1,-0.4,0.1,-0.1,0.2,-0.1,-0.1,0.0,0.0,0.0,0.0,-0.2,-1.1,-0.7,-0.1,0.1,0.0,0.2,-0.1,-0.1,0.0,0.0,-0.1,0.0,-0.2,
1995-11,-0.3,-0.1,-0.4,0.0,-0.1,0.1,-1.3,-7.1,-0.1,-0.1,0.2,0.3,0.4,-1.0,-5.5,-8.8,-15.3,-16.1,-0.4,-0.1,0.0,0.1,-0.1,0.0,0.0,0.1,0.0,0.0,0.1,0.0,0.0,0.0,0.0,0.0,-0.2,-0.5,-0.2,0.2,-0.1,-0.2,0.1,0.4,1.0,-0.2,1.2,-0.5,-0.8,0.0,0.1,0.3,0.2,0.0,0.0,-0.1,0.0,-0.1,-0.1,-0.2,0.0,0.0,0.0,0.0,0.0,0.0,-1.0,0.1,0.3,0.0,0.1,0.1,0.0,0.3,0.0,0.0,-0.1,0.0,0.0,
1995-12,0.0,0.0,0.0,-0.1,0.0,0.0,0.2,1.2,0.0,-0.1,0.3,0.5,0.1,1.4,2.1,3.7,-1.6,-1.5,-0.1,0.1,-0.2,-0.3,-0.1,0.0,0.0,0.0,0.0,0.1,0.0,-0.1,0.0,0.0,-0.7,0.0,-0.3,-0.5,-0.1,-1.1,0.0,-0.1,0.1,-0.5,-0.6,0.2,-0.7,-0.6,-0.8,0.1,-0.1,-0.3,0.0,-0.1,0.1,-0.6,0.0,-0.1,0.1,-0.1,-0.2,0.0,0.0,0.0,0.0,-0.1,-0.6,1.0,-0.1,-0.5,0.0,0.2,0.1,-0.4,0.0,0.0,-0.2,0.0,-0.1,
1996-01,-0.1,-0.6,-0.2,-0.6,-0.5,-0.5,1.1,8.8,-0.3,-0.3,2.2,3.5,0.1,-1.7,7.5,12.5,11.6,12.2,-0.7,-0.2,0.2,0.2,0.1,-0.8,0.1,0.4,0.0,0.1,0.8,-1.4,-3.6,-0.1,-0.3,1.2,-0.2,-0.3,-0.4,-0.5,0.0,-0.3,0.2,-5.5,-8.2,0.6,-9.4,-5.6,-7.4,-1.4,-1.1,-1.1,0.0,-0.1,-0.1,-0.1,0.0,0.1,0.6,-0.2,0.0,0.0,0.0,0.0,0.0,0.2,-0.7,-0.9,0.4,0.8,0.0,0.1,-0.1,-0.2,0.0,6.2,-1.7,0.1,0.3,
1996-02,-0.2,0.0,-0.1,-0.1,0.0,-0.4,0.2,-0.9,0.4,0.1,-0.4,-0.5,0.0,0.5,-0.7,-1.2,-1.0,-1.1,0.7,0.1,0.3,0.0,-0.1,0.9,0.2,0.1,0.2,0.1,0.0,0.1,0.0,0.1,1.0,0.0,-0.4,-0.8,-0.1,0.3,-0.1,-0.3,0.1,-2.2,-3.2,-0.3,-3.7,-2.4,-3.3,-0.1,-0.1,-0.4,0.0,0.0,0.0,-0.1,0.0,-0.2,0.0,-0.3,-0.1,0.0,0.0,0.0,0.1,-0.4,-1.1,0.7,0.1,-0.8,0.0,0.1,0.0,-0.1,0.0,0.0,-0.1,0.0,-0.3,
1996-03,0.2,0.2,0.2,0.2,0.2,0.4,-0.2,-1.2,0.0,0.0,1.2,1.6,0.1,0.6,-4.0,-6.4,2.7,2.8,-0.6,0.0,0.0,-0.2,0.0,0.1,0.0,0.0,0.0,0.1,0.0,0.1,0.0,0.1,0.7,0.0,-0.1,-0.3,0.1,-0.6,0.1,-0.1,0.0,3.4,6.8,-0.3,8.0,0.6,0.6,0.6,0.7,0.6,0.0,0.1,0.0,0.4,0.0,0.0,0.2,-0.1,0.0,0.3,0.0,0.0,1.3,-0.1,-0.8,0.1,-0.2,-0.2,0.2,0.1,0.5,0.3,0.0,0.0,-0.1,0.2,-0.1,
1996-04,0.6,0.4,0.6,0.5,0.4,0.6,0.8,5.0,-0.1,0.1,1.0,2.0,0.1,-2.0,5.0,8.1,4.6,4.9,0.8,0.0,-0.1,-0.2,0.0,0.0,0.2,0.2,0.2,0.1,0.2,0.6,0.0,0.4,2.7,1.7,0.1,0.0,0.3,-0.5,0.1,-0.2,1.2,3.7,3.4,0.9,3.9,7.3,10.6,0.1,0.2,1.0,0.1,0.8,-0.1,0.0,1.8,-0.4,0.0,-0.4,-1.1,1.7,2.3,0.6,0.2,0.1,-0.9,-0.7,-0.1,0.8,0.1,0.2,0.0,0.1,0.0,1.0,0.0,1.4,0.1,
1996-05,0.2,0.1,0.2,0.1,0.1,0.2,0.2,0.8,0.1,0.1,-0.5,-0.8,0.1,-0.2,-0.9,-1.4,6.7,7.0,-0.4,-0.1,0.3,0.2,-0.1,0.1,0.2,0.1,0.2,0.1,0.1,0.2,0.0,-0.1,1.0,0.4,-0.1,0.1,-0.3,-0.3,0.0,-0.2,0.2,1.3,2.1,-0.1,2.3,1.0,1.5,0.0,0.4,0.1,0.1,0.1,0.0,0.1,0.0,-0.1,0.0,-0.2,0.0,0.0,0.1,0.0,0.0,0.1,-2.4,0.3,0.0,0.3,0.1,0.0,0.0,0.3,0.0,0.0,-0.1,0.1,0.1,
1996-06,-0.3,0.0,-0.4,-0.1,0.0,0.0,-1.0,-4.9,-0.1,-0.1,-1.6,-2.4,0.0,-0.9,-4.6,-7.5,-4.7,-4.8,-0.1,0.1,0.1,-0.2,0.0,-0.1,0.2,0.1,0.2,0.1,0.0,0.0,0.0,0.1,0.4,0.2,-0.2,-0.3,-0.1,-0.1,-0.2,-0.2,0.1,-0.1,-0.4,0.0,-0.5,0.5,0.4,0.7,-0.2,-0.1,0.0,-0.1,-0.1,0.0,0.0,-0.1,0.0,-0.1,0.0,0.0,0.0,0.0,0.0,-0.7,-1.2,-1.9,0.3,-0.1,0.0,0.2,0.0,-0.4,0.0,0.0,0.0,0.0,-0.6,
1996-07,-0.1,-0.2,-0.1,-0.3,-0.2,-0.4,0.4,2.5,-0.1,0.0,-0.5,-0.9,0.2,-0.5,6.5,10.9,-3.9,-4.2,-0.9,0.0,-0.2,-0.1,0.0,0.0,0.0,-0.1,0.1,0.0,-0.1,0.8,1.3,0.4,0.1,0.4,-0.2,-0.4,-0.4,-0.4,0.0,-0.2,0.3,-2.8,-3.4,-0.1,-3.8,-3.8,-5.5,0.1,-0.9,-1.3,0.1,0.0,0.1,-0.3,0.0,0.0,0.2,-0.2,-0.1,0.0,0.0,0.0,-0.2,0.0,-0.5,0.6,-0.1,-0.3,0.0,0.1,0.1,-0.1,0.0,0.0,0.6,-0.1,0.0,
1996-08,-0.1,-0.2,-0.1,-0.2,-0.2,-0.2,0.2,1.1,0.1,0.0,2.0,3.3,0.1,-0.2,-0.9,-1.5,1.5,1.7,0.6,-0.2,0.3,0.3,0.0,0.0,0.2,0.1,0.1,0.1,0.0,0.0,0.0,0.0,-0.1,0.0,-0.3,-0.6,-0.1,-0.1,0.2,-0.7,0.0,-2.8,-3.4,-0.3,-3.9,-4.1,-6.0,0.3,-0.4,-0.7,0.0,0.0,0.0,-0.1,0.0,-0.1,0.3,-0.2,-0.1,0.0,0.0,0.0,0.0,0.2,-0.9,-0.4,0.1,0.8,-0.3,0.1,-0.9,-0.5,0.0,0.0,-0.2,0.0,0.4,
1996-09,0.4,0.5,0.4,0.5,0.5,0.6,0.0,-1.1,0.1,-0.2,-0.3,-1.0,0.4,1.7,-0.4,-0.8,-1.5,-1.5,-0.6,0.2,-0.1,0.0,0.0,0.1,0.1,0.0,0.2,0.1,0.0,0.0,0.0,0.0,0.2,0.1,0.0,-0.4,0.3,1.2,-0.1,0.2,0.0,6.4,7.5,0.2,8.7,9.8,13.9,0.8,1.3,1.2,0.0,0.0,0.0,0.2,0.0,-0.2,-0.6,-0.1,0.0,0.1,0.0,0.0,0.3,-0.4,-0.8,-0.2,-0.3,-0.5,0.2,0.1,0.2,0.5,0.0,0.0,-0.1,0.1,-0.6,
1996-10,0.2,0.1,0.2,0.2,0.1,0.2,0.2,0.7,0.2,0.0,0.2,0.5,0.5,1.9,-3.3,-5.3,10.2,10.6,0.7,0.1,0.2,-0.2,-0.1,0.0,0.1,0.1,0.1,0.1,0.1,0.4,0.4,0.4,0.3,0.2,-0.3,-0.6,-0.3,0.3,0.0,-0.6,0.0,0.9,1.4,0.4,1.5,0.5,0.6,0.3,0.2,1.1,0.0,0.0,0.0,-0.2,0.0,0.0,0.1,-0.1,0.0,0.0,0.0,0.0,0.0,0.1,-0.2,0.4,0.0,0.1,0.0,0.0,-0.2,0.5,0.0,0.0,0.3,0.0,0.1,
1996-11,-0.3,0.1,-0.4,0.0,0.1,0.0,-1.1,-6.7,0.0,0.4,-1.0,-1.7,0.2,-1.1,-5.5,-8.7,-10.6,-11.0,-0.6,0.0,0.0,0.0,0.1,0.0,0.0,0.0,0.1,0.0,0.0,0.2,0.0,0.0,3.0,0.2,-0.1,-0.3,0.0,-0.2,0.0,-0.3,0.0,0.5,1.2,-0.4,1.4,-0.5,-0.6,0.1,0.3,0.0,0.1,-0.1,-0.1,-0.4,0.0,0.0,-0.1,0.1,-0.1,0.0,0.0,0.0,0.0,0.1,-0.6,-0.3,0.3,0.3,0.1,0.2,0.1,0.1,0.0,0.0,0.2,0.0,0.1,
1996-12,0.1,-0.1,0.2,-0.1,-0.1,-0.2,0.6,4.5,-0.1,0.1,0.3,0.6,0.4,2.2,5.0,8.4,5.2,5.4,0.2,-0.1,0.2,-0.1,-0.1,-0.9,0.1,0.1,0.0,0.1,-0.1,0.2,0.0,0.3,2.2,0.0,-0.4,-0.6,-0.3,-0.5,0.0,-0.4,0.0,-0.5,-0.8,-0.6,-0.8,-0.2,-0.3,-0.1,-0.1,0.0,0.1,-0.1,0.0,-0.3,0.0,-0.2,-0.7,0.1,0.0,0.0,0.0,0.0,0.0,-0.1,-0.7,1.5,-0.2,-0.7,0.0,0.1,-0.3,0.0,0.0,0.0,0.4,0.0,-0.3,
1997-01,-0.1,-0.4,-0.3,-0.4,-0.5,-0.4,0.7,3.2,0.2,0.0,1.5,2.5,0.3,-3.2,0.6,1.0,7.3,7.5,0.0,-0.1,0.1,0.0,0.0,1.0,0.1,0.1,0.1,0.1,0.3,0.6,0.2,1.3,0.4,0.0,-0.4,-0.5,-0.3,-0.9,-0.6,0.0,0.0,-6.0,-9.0,0.6,-10.3,-6.2,-8.4,-1.0,-0.9,-1.3,0.1,0.0,0.0,-0.1,0.0,0.0,0.1,0.0,-0.1,0.0,0.0,0.0,0.0,0.2,-0.8,0.7,0.6,-0.1,-0.1,0.1,-0.3,-0.2,0.0,0.0,0.4,0.1,0.1,
1997-02,-0.2,-0.1,-0.2,-0.2,-0.1,-0.3,-0.1,-1.1,0.0,0.0,0.0,-0.1,-0.1,1.3,-0.9,-1.5,-1.9,-2.0,0.1,-0.1,0.0,0.1,0.0,0.0,0.1,0.1,0.1,0.0,0.1,0.2,0.0,0.8,0.6,0.0,-0.3,-0.3,-0.3,-0.3,-0.3,-0.4,0.0,-2.3,-3.4,-0.7,-3.8,-2.6,-3.6,-0.2,0.2,-0.4,0.0,-0.1,0.0,-0.4,0.0,0.1,0.7,0.1,-1.0,0.0,0.0,0.0,0.0,0.0,-0.6,-0.1,0.3,0.0,-0.1,0.0,0.0,-0.5,0.0,0.0,0.4,0.0,0.2,
1997-03,0.1,0.3,0.1,0.3,0.3,0.4,-0.6,-3.4,0.0,-0.2,0.4,0.4,0.1,1.1,-3.9,-6.3,-5.0,-5.2,-0.1,0.1,-0.6,0.0,0.0,0.0,0.1,0.0,0.1,0.0,0.1,0.1,0.0,0.2,0.0,0.1,0.0,0.1,-0.4,-0.4,0.3,-0.1,0.0,3.8,7.2,0.3,8.1,1.1,1.2,1.1,0.5,0.9,0.1,0.0,0.0,-0.1,0.0,0.0,0.2,-0.1,-0.2,0.0,0.0,0.0,0.0,-0.1,-0.2,-0.3,-0.2,0.1,0.1,0.2,-0.3,0.9,0.0,0.0,0.0,0.0,0.0,
1997-04,2.0,1.9,2.3,2.2,1.9,1.7,2.7,5.2,2.3,1.6,2.4,2.8,2.7,0.4,7.7,11.2,0.7,0.6,1.9,2.3,2.8,1.7,1.5,2.8,0.4,0.9,0.2,0.2,1.9,2.0,2.0,1.7,1.2,2.4,2.1,2.4,2.0,1.7,2.0,1.8,2.8,4.9,4.3,1.8,4.7,9.0,12.0,2.3,2.2,2.5,1.5,1.2,1.6,1.6,0.7,1.4,1.6,1.3,1.3,2.0,1.9,2.7,2.4,2.3,1.2,1.3,1.9,3.2,1.9,1.6,1.6,2.3,2.3,0.9,1.8,2.0,2.2,
1997-05,0.2,0.2,0.2,0.2,0.2,0.2,0.0,-0.5,0.1,-0.1,-1.4,-2.3,0.5,0.0,-0.8,-1.4,3.8,4.0,0.1,-0.2,0.0,0.2,0.0,0.1,0.3,0.2,0.2,0.1,0.2,0.9,0.9,1.0,-0.1,0.9,-0.1,-0.1,-0.4,0.7,-0.2,-0.5,0.1,1.3,1.9,0.0,2.2,1.6,2.3,0.0,0.1,0.3,0.1,0.0,0.1,0.2,0.0,-0.4,0.0,-0.9,0.4,0.1,0.0,0.0,0.0,0.2,-0.1,0.3,-0.2,0.2,0.2,0.2,0.3,0.2,0.0,1.9,0.4,0.0,0.2,
1997-06,0.0,-0.1,0.0,-0.1,-0.1,0.0,0.2,1.1,0.0,-0.1,-1.4,-2.2,0.0,-1.5,4.6,7.3,-2.4,-2.5,0.0,0.2,0.4,-0.2,0.1,0.1,0.2,0.1,0.3,0.2,0.1,0.4,0.0,0.1,-0.4,1.7,-0.2,-0.4,0.2,-0.3,-0.5,-0.3,0.4,-0.1,-0.1,-0.5,0.0,-0.3,-0.6,0.2,-0.1,0.2,0.1,0.0,-0.1,-0.2,0.1,-0.2,-0.1,-0.3,-0.1,0.0,0.0,0.0,0.0,-0.4,-0.5,-1.1,0.3,-0.2,0.0,0.1,0.0,0.0,0.0,0.0,-0.3,0.0,-0.4,
1997-07,-0.4,-0.2,-0.5,-0.3,-0.2,-0.3,-0.7,-3.8,0.0,-0.1,-0.3,-0.8,0.2,-0.1,-3.7,-5.8,-5.3,-5.4,-0.4,-0.1,0.0,0.5,0.0,0.1,0.0,0.0,0.0,0.0,0.0,0.4,0.5,0.7,-0.2,0.1,-0.2,-0.2,-0.5,-0.3,0.3,-0.1,0.1,-3.0,-3.5,0.1,-3.9,-4.6,-6.2,-0.6,-0.6,-1.0,0.0,-0.1,0.1,-0.2,0.0,-0.1,0.3,-0.2,-0.1,0.0,0.0,0.0,0.0,-0.2,-0.6,-0.4,0.0,0.0,0.0,0.1,-0.1,-0.2,0.0,0.0,0.2,0.0,-0.1,
1997-08,0.1,-0.1,0.1,-0.1,-0.1,-0.3,0.9,4.6,0.1,0.0,5.3,8.6,0.0,-0.3,4.2,6.9,-5.5,-5.8,0.1,-0.1,0.3,0.4,0.0,0.0,0.1,0.1,0.1,0.0,0.2,0.0,0.0,0.0,-0.2,0.0,-0.5,-1.1,-0.4,0.3,-0.1,-0.9,0.0,-2.6,-3.3,0.0,-3.8,-3.8,-5.4,-0.1,-0.3,-0.5,0.1,0.0,-0.1,0.0,0.0,0.0,0.4,-0.3,0.0,0.0,0.0,0.0,0.0,0.6,-0.4,0.8,0.5,0.7,0.0,0.1,-0.3,-0.1,0.0,0.0,-0.2,0.0,0.6,
1997-09,0.7,0.8,0.8,0.9,0.8,1.3,-0.4,-1.3,-0.2,-0.6,-4.4,-6.9,0.3,2.4,1.5,2.2,2.9,3.0,-0.5,0.1,-0.2,-0.2,-0.1,-0.5,0.0,0.0,0.0,0.0,0.0,0.0,0.0,0.0,-0.1,0.0,0.1,-0.2,0.4,0.8,0.1,0.1,-0.1,6.8,8.3,-0.2,9.4,10.6,14.4,2.0,1.3,1.3,0.0,11.4,0.0,-0.2,23.5,-0.3,-0.6,-0.1,0.0,0.1,0.0,0.0,0.3,-0.2,-0.4,0.3,-0.3,-0.5,0.1,0.1,0.0,0.5,0.0,1.0,-0.2,0.1,-0.3,
1997-10,0.3,0.1,0.3,0.1,0.2,0.2,0.5,2.6,0.0,-1.7,-0.5,-0.6,-0.2,0.5,4.6,7.5,-0.4,-0.4,0.6,-0.2,-0.2,0.6,-0.8,0.7,0.1,0.1,0.1,0.0,0.1,-0.1,-0.2,0.1,-1.2,0.1,-0.3,-0.6,0.0,-0.6,0.1,-0.4,0.1,0.9,1.4,0.8,1.6,0.4,0.7,-0.4,0.6,1.6,0.0,0.0,0.1,-0.2,0.0,-0.1,0.2,-0.4,0.0,0.0,0.0,0.0,0.0,0.6,-0.5,0.9,0.1,0.7,-0.1,0.1,-0.4,0.2,0.0,0.0,-0.4,0.0,0.5,
1997-11,-0.7,-0.1,-0.8,-0.1,-0.1,0.0,-2.1,-11.4,-0.1,-0.5,-0.2,-0.7,-0.3,-0.3,-12.7,-19.6,-13.1,-13.8,-0.4,0.0,-0.2,-0.1,0.0,0.0,0.0,0.0,0.0,0.0,0.0,-0.1,0.0,-0.1,-1.5,0.0,-0.2,-0.4,0.0,-0.5,-0.2,-0.3,0.0,0.6,1.4,-0.1,1.6,-0.5,-0.5,0.0,0.3,0.1,0.0,0.0,-0.1,0.1,0.0,-0.1,-0.1,-0.1,0.0,0.0,0.0,0.0,0.0,-0.6,-0.1,-1.3,0.2,-0.5,0.1,0.1,0.0,0.0,0.0,0.0,-0.3,0.0,-0.5,
1997-12,-0.2,-0.1,-0.2,-0.1,-0.1,-0.1,-0.5,-2.0,-0.2,-0.3,1.9,3.3,0.1,0.1,-2.3,-3.7,-9.2,-9.8,-0.4,-0.2,0.4,0.0,0.0,-0.6,0.1,0.0,0.1,0.0,0.0,-0.1,0.0,0.1,-1.1,0.0,-0.4,-0.7,-0.2,-0.3,-0.4,-0.3,0.0,-0.3,-0.3,0.2,-0.4,-0.5,-0.6,-0.3,-0.1,-0.1,0.0,-0.2,0.0,-0.6,0.0,-0.2,-0.3,-0.2,-0.1,0.0,0.0,0.0,0.0,-0.2,-0.5,0.6,-0.2,-0.6,0.1,0.1,0.2,0.2,0.0,0.0,-0.3,0.0,-0.3,
1998-01,-0.1,-0.6,-0.1,-0.7,-0.6,-0.8,1.7,11.3,-0.2,-0.2,1.7,2.6,0.4,-3.3,11.7,19.8,13.6,14.5,0.0,-0.1,-0.1,0.1,0.0,0.1,0.1,0.0,0.2,0.1,0.0,-0.6,-0.8,-0.6,-0.7,0.0,-0.3,-0.7,-0.4,-0.8,0.2,-0.2,0.1,-6.7,-10.0,-0.2,-11.3,-6.4,-8.7,-0.7,-1.4,-1.9,0.1,-0.1,-0.2,-0.2,0.0,0.0,0.1,-0.2,0.0,0.0,0.0,0.5,0.1,-0.1,0.6,0.2,0.3,-0.3,-0.1,0.1,-0.2,-0.3,0.0,0.0,-0.6,0.3,-0.1,
1998-02,-0.1,-0.3,-0.2,-0.4,-0.2,-0.2,0.5,2.4,0.2,-0.1,-1.1,-1.6,-0.3,1.9,2.8,4.4,6.8,7.2,0.2,0.4,0.0,0.0,0.0,0.1,0.1,0.1,0.0,0.1,0.1,-1.8,-4.2,0.0,-0.9,0.0,-0.2,-0.6,0.0,-0.8,0.0,0.3,0.0,-1.9,-2.9,-0.6,-3.3,-2.0,-2.7,-0.5,-0.4,-0.3,0.0,0.0,-0.1,-0.1,0.0,-0.6,0.3,-0.2,-2.5,0.0,0.0,0.0,0.0,0.1,0.0,0.2,0.0,0.0,-0.1,0.1,-0.2,-0.2,0.0,0.0,-2.1,0.0,0.2,
1998-03,0.4,0.3,0.4,0.3,0.4,0.4,0.5,3.2,-0.2,-0.1,0.5,1.0,0.0,-0.6,0.5,0.6,11.4,12.1,0.2,0.0,0.1,0.0,-0.1,-0.4,0.0,0.1,0.1,0.1,0.0,-0.2,0.0,0.0,-1.9,0.0,-0.1,-0.2,-0.3,-0.2,0.3,-0.1,0.1,3.6,7.0,0.5,7.9,1.2,1.4,0.9,1.5,0.7,-0.1,0.1,0.0,0.3,0.0,-0.2,0.2,-0.5,0.0,0.1,0.0,0.0,0.4,0.1,-0.6,0.5,0.0,0.0,0.1,0.1,0.3,0.3,-0.3,0.0,-0.5,0.1,0.1,
1998-04,0.2,0.3,0.3,0.4,0.4,0.4,-0.1,-1.2,0.2,0.1,-0.3,-0.7,-0.1,-1.0,1.1,1.7,-6.8,-7.1,-0.3,0.2,0.1,0.5,0.1,0.6,-0.2,-0.4,-0.3,-0.7,0.0,0.1,0.0,-0.3,-1.2,1.2,0.0,-0.2,0.1,-0.5,0.1,-0.2,1.5,3.6,3.7,-0.2,4.3,6.9,9.9,0.1,0.5,1.3,0.1,-0.3,0.0,-0.1,-0.2,-0.1,0.1,-0.4,-0.1,1.6,2.0,0.9,0.6,-0.1,-0.1,-1.1,0.0,0.4,0.1,0.1,0.0,-0.2,0.0,1.5,-0.5,1.4,-0.1,
1998-05,0.3,0.0,0.4,0.0,0.0,0.1,1.0,5.6,0.0,0.0,0.4,1.0,0.1,-0.4,5.2,7.9,9.1,9.4,0.1,-0.2,-0.2,0.3,-0.1,0.0,0.1,-0.1,0.1,0.0,-0.1,0.0,0.0,0.0,-0.3,0.0,0.1,0.2,-0.4,0.8,0.1,-0.1,0.0,1.0,1.8,0.1,2.1,0.7,1.1,-0.2,0.1,0.0,0.0,0.0,-0.1,-0.2,0.0,-0.4,0.0,-0.7,0.0,0.0,0.1,0.0,0.0,0.1,-0.5,0.6,0.0,0.0,-0.1,0.1,0.0,-0.1,0.0,0.0,-0.2,0.0,0.1,
1998-06,-0.4,-0.1,-0.5,-0.1,-0.1,-0.1,-1.1,-5.3,-0.1,0.0,-1.4,-2.5,-0.1,-1.3,-7.8,-11.6,1.8,1.9,-0.3,-0.2,0.1,0.5,0.0,0.1,0.0,-0.2,0.1,0.0,-0.6,0.1,0.0,-0.1,-0.4,0.4,-0.2,-0.2,-0.1,0.2,-0.3,-0.4,0.0,0.0,-0.3,-0.2,-0.3,0.3,0.3,0.3,0.1,0.1,0.1,-0.1,-0.1,-0.2,0.0,-0.2,-0.2,-0.2,0.1,0.0,0.0,0.0,0.0,-0.5,0.0,-1.7,0.2,-0.3,0.1,0.0,-0.1,0.2,0.0,0.0,-0.2,0.0,-0.5,
1998-07,-0.6,-0.3,-0.8,-0.4,-0.3,-0.4,-1.3,-6.8,-0.1,0.2,-1.0,-1.6,-0.2,-0.1,-6.1,-9.7,-10.1,-10.5,0.0,0.3,-0.2,0.3,0.0,-0.5,0.0,0.0,0.0,0.0,0.0,0.0,0.0,0.1,0.0,0.2,-0.2,-0.6,-0.6,0.0,-0.1,0.2,0.1,-3.6,-4.1,-0.1,-4.6,-5.3,-7.2,-0.4,-1.6,-1.4,0.1,0.0,0.0,-0.1,0.0,0.1,0.2,0.0,0.0,0.0,0.0,0.0,0.0,-0.3,-0.6,0.0,-0.2,-0.4,-0.2,0.0,-0.1,-0.7,0.0,0.0,0.0,0.0,-0.2,
1998-08,-0.1,-0.1,-0.1,-0.1,-0.1,-0.1,0.0,-0.6,0.1,-0.1,2.3,3.8,0.1,-0.5,-2.0,-3.4,-3.5,-3.6,-0.2,-0.1,0.1,-0.2,-0.1,0.5,0.0,-0.1,0.0,-0.1,0.0,0.0,0.0,0.0,-0.1,0.1,0.0,-0.1,0.2,-0.1,0.0,-0.3,0.0,-2.0,-2.4,-0.1,-2.8,-3.1,-4.6,0.4,-0.3,-0.6,0.0,0.0,0.1,-0.2,0.0,0.1,0.6,0.0,0.0,0.0,0.0,0.0,0.0,0.5,-0.1,1.0,0.2,0.6,0.0,0.0,-0.1,0.2,0.0,0.0,-0.1,0.0,0.6,
1998-09,0.8,0.4,1.0,0.5,0.4,0.5,1.5,8.2,0.2,0.1,0.8,0.7,0.0,3.1,10.9,18.2,5.5,5.7,0.0,0.1,-0.1,0.3,0.1,0.0,-0.1,0.0,0.0,0.0,0.0,0.1,0.0,0.0,0.0,0.3,0.0,-0.1,0.1,1.1,0.1,-0.1,0.0,6.0,7.2,0.3,8.2,9.1,13.1,0.3,1.4,1.3,0.0,-0.1,0.0,-0.2,0.0,-0.2,-0.7,0.0,0.1,0.0,0.0,0.0,0.0,-0.4,-0.4,-0.6,-0.2,-0.4,0.0,0.0,-0.1,0.1,0.0,0.6,0.1,0.0,-0.5,
1998-10,0.7,0.2,0.8,0.1,0.2,0.1,2.4,12.2,0.2,1.4,-1.0,-1.6,-0.1,0.5,16.0,25.0,12.6,13.2,0.0,0.0,0.2,-0.1,0.1,0.0,0.0,-0.1,0.0,-0.1,-0.1,-0.7,-0.7,-0.8,-2.1,0.0,-0.1,-0.3,0.0,0.0,-0.1,0.1,0.0,0.8,1.7,0.0,1.8,0.1,0.1,0.0,0.3,0.4,0.0,0.1,0.0,0.1,0.0,0.0,0.1,-0.1,-0.1,0.0,0.0,0.0,0.0,0.4,-0.5,0.4,0.0,0.6,0.1,0.1,0.1,-0.1,0.0,0.4,-0.7,0.0,0.4,
1998-11,-0.1,0.0,-0.1,0.0,0.1,0.0,-0.3,-1.8,0.1,0.3,-0.5,-0.8,0.3,-0.1,-0.3,-0.6,-5.5,-5.7,0.2,0.3,-0.1,0.3,-0.1,0.0,0.0,0.0,-0.1,0.0,0.0,-0.1,0.0,0.0,-2.0,0.0,-0.1,-0.3,-0.4,0.3,0.0,-0.2,0.0,0.0,0.2,0.4,0.2,-0.4,-0.5,-0.1,0.4,0.0,0.0,0.0,0.1,-0.1,0.0,0.0,-0.1,0.1,0.1,0.0,0.0,0.0,0.0,0.2,-0.2,1.2,0.2,-0.2,-0.1,0.1,-0.3,-0.2,0.0,0.0,-0.1,0.0,0.1,
1998-12,-0.4,-0.1,-0.5,0.0,-0.2,0.0,-1.3,-6.6,0.0,0.0,-0.1,-0.4,0.0,2.0,-9.3,-13.7,-1.7,-1.8,-0.5,0.2,-0.1,0.3,0.1,-0.6,-0.1,-0.1,-0.1,-0.1,-0.1,-0.2,0.0,0.0,-1.9,0.0,-0.1,0.0,0.2,-0.5,0.1,-0.3,0.0,-0.5,-0.8,-0.6,-0.8,-0.4,-0.5,-0.2,-0.2,0.1,-0.1,-0.1,0.0,-0.6,0.0,0.0,-0.2,0.0,-0.1,0.0,0.0,0.0,0.0,-0.3,0.2,0.4,-0.1,-0.7,1.4,0.0,-0.1,0.0,7.8,0.0,-0.1,0.0,-0.3,
1999-01,-0.5,-0.4,-0.5,-0.6,-0.4,-0.7,0.0,-0.4,0.1,-0.1,1.2,1.8,-0.1,-2.8,-4.7,-7.1,8.5,8.9,0.3,0.7,0.0,-0.2,0.0,0.5,0.0,0.0,0.0,0.0,0.1,-0.1,-0.2,-0.2,-1.0,0.0,-0.1,-0.2,0.0,-0.8,-0.1,0.1,0.1,-5.9,-8.6,-0.3,-9.7,-6.1,-8.3,-0.8,-1.5,-2.1,0.1,0.0,-0.1,0.3,0.0,0.1,0.6,-0.1,0.0,0.0,0.0,0.0,0.0,-0.3,0.5,-0.5,0.2,-0.6,0.0,0.1,0.0,0.0,0.0,0.0,-0.2,0.0,-0.1,
1999-02,-0.4,-0.3,-0.4,-0.2,-0.3,-0.4,-0.6,-3.6,0.1,0.1,-1.1,-1.8,0.2,1.2,-4.7,-7.3,-0.5,-0.5,-0.3,0.2,0.2,0.4,-0.1,0.0,-0.1,0.0,-0.1,-0.1,-0.1,-0.2,0.0,-0.4,-0.3,0.0,-0.3,-0.6,-0.2,-0.3,-0.1,0.0,0.0,-2.4,-3.7,0.3,-4.3,-2.4,-3.2,-0.4,-0.2,0.1,-0.1,0.0,0.0,-0.2,0.0,-0.1,-0.3,-0.1,0.0,0.0,0.0,0.0,0.0,-0.1,-0.2,0.0,0.0,-0.1,-0.1,0.0,0.0,-0.4,0.0,0.0,-0.2,0.0,-0.1,
1999-03,0.1,0.3,0.0,0.3,0.4,0.4,-0.5,-2.8,0.0,-0.1,0.6,0.8,-0.1,-0.1,-4.3,-7.0,-2.1,-2.2,0.1,-0.2,-0.1,-0.3,0.0,0.1,0.1,-0.1,0.1,0.0,-0.1,0.0,0.0,0.0,-0.7,0.0,-0.2,-0.2,-0.1,-0.7,-0.4,0.0,0.0,3.4,7.0,-0.4,8.2,0.5,0.2,1.1,0.9,0.7,-0.1,-0.1,-0.1,-0.2,0.0,0.0,0.2,-0.1,0.0,0.0,0.0,0.0,0.1,0.0,-0.7,-0.4,0.0,0.2,-0.1,0.0,-0.3,-0.5,0.0,0.0,-0.1,0.0,0.0,
1999-04,0.5,0.3,0.5,0.3,0.3,0.6,0.6,3.6,0.0,0.0,1.2,2.1,-0.7,-0.2,5.3,8.7,-1.3,-1.4,0.3,0.1,0.0,0.3,0.0,0.1,0.0,0.0,0.1,0.2,-0.2,-0.6,-1.0,-0.7,-0.4,0.4,0.0,0.1,0.0,-0.2,-0.2,-0.3,0.4,3.6,3.0,0.5,3.4,7.8,11.4,0.4,0.6,1.3,-0.1,0.4,0.0,0.1,0.7,-0.2,-0.2,-0.1,0.0,1.3,1.6,0.3,0.4,-0.2,-0.5,-0.7,0.0,0.1,0.0,0.1,0.1,0.2,0.0,0.3,-0.8,1.2,-0.2,
1999-05,0.0,0.1,0.1,0.1,0.1,0.0,-0.1,-0.9,0.0,-0.1,-1.5,-2.5,0.1,1.3,-3.4,-5.5,8.9,9.3,0.0,0.1,0.0,-0.2,0.0,0.0,0.0,0.1,0.0,0.0,0.0,0.0,0.0,-0.1,0.2,0.1,0.3,0.8,0.1,1.2,0.0,0.2,0.0,0.9,1.6,-0.3,1.8,0.9,1.3,-0.2,0.1,0.0,0.0,0.1,-0.1,0.2,0.0,0.0,0.0,-0.1,0.0,0.0,0.1,0.0,0.0,0.2,-0.4,0.2,-0.1,0.3,0.1,0.0,0.0,0.2,0.0,0.0,0.0,0.0,0.1,
1999-06,-0.3,-0.1,-0.4,-0.1,-0.1,0.0,-1.0,-4.8,-0.1,-0.4,-1.1,-2.0,-0.4,-1.9,-5.6,-8.9,-3.4,-3.6,-0.2,0.2,0.0,0.4,0.0,0.1,0.2,0.0,0.2,0.3,-0.2,0.1,0.0,0.1,0.3,0.0,-0.1,-0.1,-0.1,-0.3,-0.1,-0.1,0.0,-0.2,-0.3,0.3,-0.3,-0.3,-0.5,0.7,0.1,0.1,-0.1,-0.1,0.0,0.0,0.0,0.0,-0.1,0.1,0.0,0.0,0.0,0.0,0.0,-0.4,-0.5,-1.8,0.2,0.2,-0.1,0.0,-0.1,-0.2,0.0,0.0,0.2,0.0,-0.3,
1999-07,-0.4,-0.3,-0.5,-0.4,-0.3,-0.5,-0.4,-2.0,-0.1,-0.1,-1.0,-1.6,-0.1,-0.5,4.0,6.8,-13.8,-14.3,0.1,-0.1,0.0,-0.1,0.0,0.0,0.0,0.0,0.0,-0.1,-0.1,-0.4,-0.6,-0.2,0.3,0.0,-0.2,-0.5,-0.3,0.0,-0.1,-0.2,0.2,-3.5,-4.0,0.1,-4.6,-5.0,-6.8,-0.8,-1.2,-1.7,0.0,-1.5,0.1,-0.4,-2.7,0.3,0.4,0.3,0.0,0.0,0.0,0.0,0.0,-0.1,-0.4,0.3,-0.3,-0.2,-0.1,0.0,0.0,-0.6,0.0,0.0,0.1,0.0,0.0,
1999-08,0.3,-0.1,0.3,-0.1,-0.1,-0.1,1.3,7.3,0.1,0.0,3.8,6.1,0.1,0.4,8.3,13.7,-0.6,-0.7,-0.4,-0.1,0.3,0.4,0.0,0.0,0.0,-0.1,0.1,0.0,0.0,0.1,0.0,0.0,0.2,0.0,-0.2,-0.6,-0.3,-0.1,-0.1,0.0,0.0,-2.0,-2.4,0.6,-2.8,-2.8,-4.1,0.2,-0.6,-0.8,0.0,0.0,0.0,-0.4,0.0,0.3,0.5,0.3,0.0,0.0,0.0,0.0,0.0,0.1,-0.6,-0.3,0.3,0.3,-0.1,0.0,0.0,-0.5,0.0,0.0,0.3,0.0,0.2,
1999-09,0.3,0.4,0.5,0.5,0.4,0.4,0.0,-0.2,0.0,-0.3,-1.1,-1.5,0.0,2.2,-0.5,-0.7,3.1,3.4,0.3,0.0,-0.6,-0.5,0.0,0.0,0.0,0.0,-0.1,-0.1,0.0,0.0,0.0,0.0,1.2,0.1,-0.1,-0.6,0.7,0.9,0.0,-0.4,0.0,5.8,7.0,-0.2,8.1,8.3,11.6,1.0,1.5,1.7,0.0,-0.1,0.0,-0.3,0.0,-0.1,-0.8,0.4,0.0,0.0,0.0,0.0,0.0,-0.1,-0.8,0.6,0.0,-0.3,0.1,0.0,0.0,0.6,0.0,0.1,0.4,0.0,-0.3,
1999-10,0.2,0.1,0.2,0.1,0.0,0.2,0.2,1.7,-0.1,-0.7,-0.9,-1.4,-0.4,-0.3,3.1,4.8,1.0,1.1,-0.4,0.3,0.0,0.5,0.0,0.0,0.0,0.0,0.0,0.0,0.0,0.5,0.9,0.2,0.9,0.0,-0.2,-0.8,0.1,0.2,-0.2,0.1,0.0,0.9,1.6,0.0,1.7,0.9,0.7,1.4,0.1,0.0,0.0,0.1,0.0,0.1,0.0,0.2,0.1,0.2,-0.1,0.0,0.0,0.0,0.0,0.4,-0.4,0.1,0.1,0.7,0.0,0.1,0.1,-0.3,0.0,0.0,0.7,0.0,0.3,
1999-11,-0.6,-0.1,-0.7,-0.1,-0.1,-0.1,-1.9,-10.0,-0.2,-0.3,-1.2,-2.0,-0.5,-0.2,-11.1,-17.1,-9.8,-10.4,0.1,0.1,-0.1,-0.6,-0.2,0.0,0.0,-0.1,0.0,-0.1,0.0,0.2,0.0,0.3,1.6,0.0,-0.1,0.0,-0.3,0.2,-0.1,-0.1,0.0,0.0,-0.1,-0.4,-0.1,-0.4,-0.6,0.4,0.7,0.2,0.0,-0.1,0.0,-0.1,0.0,0.1,-0.1,0.2,0.0,0.0,0.0,0.0,0.0,-0.4,-0.4,-0.7,0.1,-0.4,-0.1,0.0,-0.4,0.1,0.0,0.0,0.4,0.0,-0.3,
1999-12,-0.3,0.0,-0.4,0.0,0.0,-0.1,-1.0,-6.0,0.1,-0.2,0.8,1.3,0.1,1.3,-6.7,-10.9,-11.0,-11.5,-0.3,-0.1,0.0,0.2,-0.2,0.0,0.0,-0.1,0.0,-0.1,-0.1,0.0,0.0,-0.2,1.4,0.0,-0.5,-1.0,-0.5,-0.8,-0.1,0.0,0.0,-0.5,-0.8,-0.2,-0.9,-0.2,-0.4,0.0,-0.3,-0.1,0.0,0.0,0.0,-0.3,0.0,0.1,0.3,0.1,0.0,0.0,0.0,0.0,0.0,-0.2,-0.8,0.9,-0.1,-0.7,0.0,0.1,0.0,0.1,0.0,0.0,0.2,0.0,-0.1,
2000-01,-0.3,-0.6,-0.3,-0.7,-0.7,-0.8,0.8,6.3,-0.3,-0.1,0.4,0.9,0.0,-2.6,5.2,9.2,12.2,12.8,-0.3,0.1,-0.5,0.1,-0.1,0.0,-0.1,0.0,-0.1,0.0,0.0,0.5,0.6,0.6,0.2,0.2,-0.5,-1.2,-0.1,-0.8,-0.7,-0.1,0.0,-6.2,-8.6,0.1,-9.8,-6.6,-8.9,-1.1,-1.8,-1.9,0.0,-0.1,0.1,-0.3,0.0,0.0,0.0,0.0,0.0,0.0,0.0,0.0,0.0,-0.2,-0.7,-0.4,0.0,-0.2,0.0,0.0,-0.1,-0.1,0.0,0.0,0.4,0.0,-0.2,
2000-02,-0.3,-0.2,-0.3,-0.3,-0.2,-0.2,-0.3,-1.9,0.1,0.1,-0.7,-0.8,-0.2,1.1,-3.0,-5.0,1.4,1.7,0.2,-0.1,0.2,0.3,0.1,-0.1,0.1,0.0,0.2,0.0,-0.1,-0.1,0.0,-0.1,-0.2,0.2,-0.4,-1.0,-0.5,-0.1,-0.1,-0.2,0.0,-2.2,-3.3,-0.2,-3.8,-2.5,-3.3,-0.7,0.1,-0.5,0.0,-0.2,0.0,-0.8,0.0,-0.2,-0.7,0.0,-0.1,0.0,0.0,0.0,0.0,-0.3,-2.3,0.1,-0.1,-0.1,0.0,0.0,0.0,0.0,0.0,0.0,-0.1,0.0,-0.4,
2000-03,0.2,0.2,0.3,0.2,0.2,0.3,0.0,1.9,-0.4,-0.1,0.3,0.6,-0.2,0.8,3.1,5.3,-1.5,-1.6,-0.5,0.0,0.1,-0.2,-0.1,-1.1,0.0,-0.1,-0.1,-0.1,-0.1,0.1,0.0,0.0,0.6,0.0,-0.6,-1.1,-0.4,0.0,-0.2,-0.3,0.0,2.9,5.8,-0.1,6.5,0.9,1.1,0.9,1.4,0.7,0.0,-0.1,-0.1,-0.4,0.0,0.3,1.4,0.0,0.0,0.1,0.0,0.0,0.3,0.6,-0.9,0.7,0.0,0.9,-0.1,0.1,0.0,-0.6,0.0,0.0,0.2,0.0,0.8,
2000-04,0.2,0.2,0.2,0.2,0.1,0.2,-0.2,-0.7,0.0,0.0,0.7,1.0,-0.2,-0.4,-2.3,-3.8,1.8,1.9,-0.1,0.1,0.0,0.0,-0.1,-0.2,-0.2,0.0,-0.1,0.0,0.0,0.7,0.6,0.8,0.9,0.9,0.0,0.0,0.2,-0.9,-0.4,0.2,0.3,3.6,3.2,0.0,3.5,7.2,10.7,-0.5,-0.2,1.1,0.0,0.6,0.0,0.1,1.1,-0.4,-0.3,0.1,-2.0,0.9,1.3,0.4,-0.1,-0.5,-0.4,-1.6,0.0,0.0,0.0,0.1,-0.2,-0.2,0.0,0.4,0.7,0.9,-0.5,
2000-05,0.1,0.2,0.1,0.2,0.2,0.3,-0.2,-1.3,-0.1,0.0,-2.0,-3.3,-0.4,0.0,-2.6,-4.5,6.5,6.8,0.0,-0.1,-0.2,-0.2,0.0,0.0,0.4,0.0,0.4,0.1,-0.1,0.1,0.0,0.1,0.3,0.1,-0.2,-0.8,0.0,0.3,0.1,-0.1,0.0,1.0,1.9,-0.1,2.1,0.7,1.1,-0.1,0.0,0.0,0.0,-0.1,-0.1,-0.4,0.0,0.1,0.3,0.1,0.0,0.1,0.0,0.0,0.0,0.8,-2.9,0.6,0.1,1.7,0.0,0.0,0.0,-0.2,0.0,0.0,0.1,0.0,0.8,
2000-06,-0.2,-0.2,-0.3,-0.2,-0.2,-0.3,-0.1,-0.2,-0.1,0.0,-2.1,-3.2,0.0,-2.1,1.2,2.2,1.0,1.0,-0.5,-0.2,0.1,0.1,0.0,0.3,0.0,0.0,0.0,0.0,0.0,0.0,0.0,0.0,0.3,0.1,-0.3,-0.7,0.0,0.5,-0.2,-0.1,0.3,-0.2,-0.4,0.0,-0.5,-0.1,-0.3,0.5,-0.3,-0.1,0.0,-0.1,0.0,-0.4,0.0,-0.1,-0.1,0.1,-0.5,0.0,0.0,0.0,0.0,-1.3,-1.9,-1.0,0.0,-1.6,-0.1,0.0,-0.2,-0.2,0.0,0.0,0.2,0.0,-1.2,
2000-07,-0.3,-0.2,-0.3,-0.2,-0.3,-0.2,-0.7,-3.1,-0.2,-0.2,0.3,0.5,0.0,-0.9,-1.6,-2.5,-8.8,-9.1,0.1,-0.1,0.0,-0.5,-0.1,-0.2,0.0,0.0,0.0,0.0,0.0,0.6,0.9,0.7,0.0,0.0,-0.5,-0.8,-0.5,-0.4,-0.2,-0.7,0.0,-3.6,-4.2,-0.3,-4.5,-4.8,-6.7,-0.3,-1.1,-1.9,0.0,0.1,0.0,0.1,0.0,0.2,0.4,0.2,-0.2,0.0,0.0,0.0,0.0,0.7,-1.2,-0.2,0.0,1.6,-0.1,0.0,0.0,-0.7,0.0,0.0,0.7,0.0,0.7,
2000-08,0.3,0.1,0.3,0.1,0.1,0.1,0.6,3.9,0.0,0.0,1.5,2.9,0.2,-0.4,1.6,2.4,6.9,7.3,-0.5,-0.1,-0.1,0.1,-0.2,0.2,-0.1,-0.1,0.0,0.0,-0.1,0.0,0.0,0.0,0.2,0.0,-0.3,-0.6,-0.3,-0.5,-0.2,-0.4,0.0,-2.3,-2.9,-0.1,-3.2,-3.1,-4.4,0.0,-1.0,-0.7,0.0,-0.1,-0.1,-0.2,0.0,0.4,1.8,0.0,0.0,0.0,0.0,0.0,0.0,1.5,-2.0,0.4,0.1,3.1,-0.1,0.1,-0.1,-0.1,0.0,0.0,0.1,0.0,1.8,
2000-09,-0.1,-0.1,-0.1,-0.1,-0.1,-0.1,0.1,1.0,-0.1,-0.4,-0.7,-1.6,0.0,0.6,4.9,8.2,-5.1,-5.4,-0.1,0.2,-0.3,-0.3,0.0,-0.3,0.0,0.1,0.0,0.0,0.0,0.1,0.0,0.0,0.3,0.0,-0.4,-0.8,0.0,-0.3,-0.1,-0.2,0.0,4.9,5.1,-0.8,5.8,7.9,11.1,0.5,1.4,1.6,0.0,-0.1,-0.2,-0.3,0.0,-0.5,-2.1,0.0,-0.1,0.0,0.0,0.0,0.0,-2.1,-3.7,0.0,0.0,-3.2,0.1,0.0,0.1,0.1,0.0,0.0,0.1,0.0,-2.3,
2000-10,0.0,-0.2,-0.1,-0.2,-0.1,-0.2,0.3,2.0,0.0,-0.6,-1.7,-2.7,0.0,0.8,2.2,3.7,6.2,6.5,0.1,0.3,-0.1,0.2,0.0,0.0,0.1,0.0,0.0,0.1,0.0,-1.5,-3.9,0.6,2.9,0.1,-0.2,-0.6,0.1,-0.1,0.0,-0.2,0.0,1.1,2.3,0.1,2.5,0.1,0.1,0.0,0.0,1.9,-0.1,0.0,-0.1,0.1,0.0,0.1,0.0,0.7,-1.4,0.0,0.0,0.0,0.0,-1.3,-3.9,-0.6,0.0,-1.5,0.0,0.0,0.0,-0.1,0.0,0.0,-0.7,0.0,-1.2,
2000-11,-0.3,0.0,-0.3,-0.1,-0.1,0.0,-0.7,-3.8,-0.1,-0.5,1.1,1.6,0.0,-0.2,-4.4,-7.0,-6.2,-6.3,-0.3,-0.2,-0.3,-0.3,0.1,0.0,0.1,0.0,0.1,0.0,-0.1,0.2,0.0,0.1,3.4,0.0,-0.2,-0.5,0.0,0.1,0.2,-0.1,0.0,0.1,0.4,-0.1,0.5,-0.3,-0.5,0.3,-0.1,0.3,0.1,-0.1,0.0,-0.2,0.0,0.0,-0.2,0.1,0.0,0.0,0.0,0.0,0.0,-0.6,-1.6,0.1,-0.2,-0.8,0.0,0.0,0.1,0.0,0.0,0.0,0.3,0.0,-0.6,
2000-12,0.1,0.0,0.2,0.0,0.0,-0.1,0.4,3.1,0.0,-0.4,0.5,1.0,0.0,1.1,2.5,4.3,4.4,4.6,0.0,-0.1,0.0,-0.2,-0.1,0.0,-0.1,-0.1,-0.1,-0.1,0.0,0.2,0.0,0.1,1.5,0.0,-0.4,-1.0,-0.2,-0.2,-0.1,-0.4,0.0,-0.5,-0.6,-0.2,-0.8,-0.6,-0.8,-0.2,-0.1,-0.2,-0.1,-0.1,-0.1,-0.6,0.0,0.0,0.5,0.1,-0.4,0.0,0.0,0.0,0.0,0.4,-1.8,0.9,0.1,0.7,-0.1,0.0,-0.4,-0.1,0.0,0.0,0.2,0.0,0.6,
2001-01,0.0,-0.6,-0.1,-0.6,-0.6,-0.7,1.5,9.1,-0.2,-0.1,2.3,3.4,-0.4,-1.7,9.0,14.5,8.8,9.2,0.3,-0.1,-0.2,-0.4,-0.2,0.0,-0.1,-0.1,-0.1,0.0,-0.1,0.3,0.5,0.3,0.4,0.0,-0.2,-0.4,0.0,-0.5,0.0,-0.2,0.0,-5.9,-8.9,-1.0,-9.7,-6.0,-8.0,-1.0,-1.1,-1.9,0.1,1.2,0.0,-0.1,2.4,-0.2,-0.1,-0.1,-0.7,0.0,0.0,1.0,0.0,-1.0,-1.9,0.1,0.2,-1.7,-0.1,0.1,-0.2,-0.2,0.0,0.0,0.2,0.1,-1.0,
2001-02,-0.3,-0.2,-0.3,-0.3,-0.2,-0.3,-0.3,-1.8,0.1,0.0,-1.6,-2.2,0.1,1.9,-0.7,-1.0,-2.7,-2.8,-0.1,-0.3,0.0,0.0,0.0,0.0,0.0,0.0,0.0,0.0,-0.1,-0.1,0.0,-0.3,-0.4,0.0,-0.4,-1.0,0.2,-1.1,0.2,0.0,0.0,-2.4,-3.8,-0.4,-4.2,-2.6,-3.6,-0.4,0.2,-0.3,-0.1,-0.1,-0.1,-0.1,0.0,-0.2,-0.3,-0.1,-0.2,0.0,0.0,0.0,0.0,-0.5,-2.2,-0.2,-0.1,-0.4,0.0,0.0,0.2,-0.1,0.0,0.0,-0.2,-0.1,-0.5,
2001-03,-0.2,0.1,-0.2,0.2,0.1,0.2,-0.9,-4.9,-0.1,-0.1,2.7,4.1,-0.1,-0.7,-6.6,-10.4,-7.8,-8.2,-0.2,0.1,-0.1,0.1,0.0,0.0,0.0,-0.1,0.1,0.0,-0.2,0.0,0.0,0.1,0.0,0.0,-0.4,-0.7,-0.4,-0.8,-0.2,-0.5,0.0,2.1,5.3,-0.3,5.9,-0.8,-1.2,0.4,0.7,0.5,0.0,0.0,-0.2,-0.3,0.0,-0.3,0.9,-0.2,-2.0,0.0,0.0,0.0,0.1,0.4,-0.9,0.5,0.0,0.8,0.2,0.0,0.1,0.8,0.0,0.0,-0.1,0.0,0.6,
2001-04,0.2,0.3,0.1,0.2,0.3,0.4,-0.6,-2.6,-0.2,0.0,-0.1,0.3,-0.1,-1.3,-2.2,-3.8,-5.4,-5.5,-0.3,-0.2,-0.1,-0.2,-0.1,-0.2,0.2,-0.1,0.3,-0.1,-0.1,0.7,0.7,0.5,-0.1,1.0,-0.1,0.1,0.1,-0.7,-0.2,-0.4,0.3,3.8,3.2,-0.2,3.6,8.2,11.9,-0.1,-0.4,1.1,0.0,0.0,0.0,0.0,0.1,0.0,-1.1,0.3,0.0,1.0,1.1,0.6,0.6,-0.1,-1.2,-1.2,0.0,0.5,0.1,0.1,-0.1,0.3,0.0,0.1,0.3,0.9,-0.3,
2001-05,0.1,0.0,0.2,0.1,0.0,0.1,0.2,1.8,0.0,0.1,-0.4,-0.7,0.1,-0.8,-1.5,-2.3,12.6,13.3,0.3,-0.1,-0.1,-0.5,-0.1,0.0,0.0,-0.1,0.0,-0.1,-0.1,0.0,0.0,0.0,-0.2,0.3,-0.1,-0.2,-0.3,0.9,-0.1,-0.3,0.0,1.3,2.6,-0.1,2.8,0.7,1.2,-0.2,0.0,0.2,0.0,-0.1,-0.1,-0.3,0.0,-0.5,0.1,-0.2,-1.6,0.0,0.1,0.0,0.0,0.4,-2.3,0.4,0.1,0.9,-0.1,-0.1,-0.3,0.0,0.0,0.0,-0.3,0.0,0.3,
2001-06,-0.3,-0.1,-0.4,-0.2,-0.1,-0.1,-0.7,-3.9,-0.1,-0.1,-3.2,-5.3,0.2,-0.7,-1.3,-2.1,-4.2,-4.4,-0.5,0.0,-0.1,0.4,-0.2,0.0,0.0,0.0,0.0,0.0,-0.1,0.1,0.0,0.0,0.0,0.3,-0.3,-0.9,0.5,0.0,-0.2,-0.4,-0.1,-0.3,-0.5,-0.1,-0.5,-0.1,-0.3,0.4,0.0,-0.2,0.0,0.0,0.0,-0.2,0.0,0.1,-0.1,0.3,-0.5,0.0,0.0,0.0,0.0,-0.6,-2.7,-1.4,0.0,-0.3,0.0,0.0,-0.1,0.4,0.0,0.0,-0.1,0.0,-0.6,
2001-07,-0.3,-0.2,-0.4,-0.2,-0.2,-0.2,-0.7,-3.4,-0.1,0.0,-0.9,-1.1,0.2,-0.2,-2.3,-4.0,-5.8,-6.1,-0.2,-0.2,-0.1,-0.5,0.0,0.0,0.1,0.0,0.1,0.0,0.0,0.0,-0.3,0.3,-0.3,0.1,-0.5,-0.9,-0.8,-0.8,-0.1,-0.5,0.1,-3.5,-3.9,-0.5,-4.3,-5.1,-7.2,-0.2,-1.0,-1.6,0.1,-0.1,0.0,-0.3,0.0,0.1,0.9,0.0,0.0,0.0,0.0,0.0,0.0,0.3,-1.5,-0.4,0.0,1.2,-0.1,0.0,-0.2,-0.3,0.0,0.0,0.0,0.0,0.5,
2001-08,0.4,0.1,0.5,0.1,0.1,0.1,1.1,6.9,-0.1,0.0,3.0,4.6,0.1,-0.3,6.4,10.9,4.1,4.4,-0.4,0.0,0.1,-0.2,-0.1,-0.2,0.0,-0.1,0.0,0.0,-0.1,0.0,0.0,0.0,-0.1,0.0,-0.5,-1.0,0.0,-0.9,0.0,-0.3,0.0,-2.7,-3.5,0.3,-3.9,-3.8,-5.4,0.1,-0.3,-0.7,-0.1,0.0,-0.1,-0.1,0.0,0.4,1.9,0.0,-0.1,0.0,0.0,0.0,0.0,2.1,-0.9,0.9,0.1,3.3,0.0,0.1,0.0,0.0,0.0,0.0,-0.1,0.0,2.3,
2001-09,-0.2,0.0,-0.2,0.0,0.0,0.0,-0.4,-2.5,0.0,0.2,-3.5,-5.5,0.3,1.0,1.1,1.6,-4.4,-4.7,0.4,-0.9,0.0,-0.1,-0.1,0.0,0.0,0.0,0.0,0.0,-0.1,0.0,0.0,0.0,-0.2,0.3,-0.3,-0.9,-0.1,0.1,-0.1,0.0,0.0,5.7,6.8,-0.8,7.6,8.9,13.0,0.0,1.4,1.1,0.1,-0.1,0.0,0.0,0.0,-0.6,-2.4,-0.1,0.0,0.0,0.0,0.0,0.0,-2.3,-1.6,-0.6,-0.1,-3.7,0.1,0.0,0.1,0.1,0.0,0.0,0.0,0.0,-2.6,
2001-10,0.0,-0.1,0.0,-0.1,-0.1,-0.1,0.1,1.6,-0.1,-0.3,-0.8,-0.9,-0.3,0.6,0.7,1.4,5.5,5.9,-0.3,-1.0,0.0,0.0,0.1,-0.1,0.0,0.0,0.1,0.0,0.0,0.3,0.6,0.1,-0.1,0.3,-0.2,-0.6,-0.3,0.2,-0.2,-0.3,0.1,0.7,1.1,-0.2,1.3,0.1,0.2,0.2,0.2,1.5,-0.1,-0.1,-0.1,-0.3,0.0,0.2,-0.3,0.4,0.0,0.0,0.0,0.0,0.0,-0.9,-2.1,-0.3,0.1,-1.2,0.0,0.0,-0.1,0.2,0.0,0.0,0.1,0.0,-0.8,
2001-11,-0.5,-0.1,-0.7,-0.2,-0.1,-0.2,-1.6,-8.8,-0.1,-0.1,-1.1,-1.9,-0.3,-0.1,-8.7,-14.1,-9.4,-9.9,0.3,-0.2,-0.1,-0.1,0.0,0.0,0.0,-0.1,-0.1,-0.1,-0.1,-0.1,0.0,0.0,-1.4,0.0,-0.3,-0.7,-0.1,-0.6,-0.1,-0.1,0.0,0.0,0.6,0.2,0.6,-0.6,-0.9,-0.1,-0.2,-0.1,0.1,-0.1,-0.1,-0.5,0.0,-0.2,0.1,-0.3,-0.1,0.0,0.0,0.0,0.0,-0.9,-1.5,0.0,-0.1,-1.5,-0.1,0.0,-0.2,-0.2,0.0,0.0,-0.3,0.0,-0.9,
2001-12,-0.1,-0.1,-0.1,-0.1,-0.1,0.0,-0.2,-1.1,-0.1,-0.3,1.3,2.0,-0.1,1.1,-1.7,-2.7,-3.6,-3.7,-0.6,-0.3,0.1,-0.2,-0.2,0.0,0.1,0.0,0.1,0.1,0.0,-0.1,0.0,0.0,-2.7,0.0,-0.2,-0.4,-0.2,0.0,-0.2,-0.3,0.0,-0.8,-1.4,-1.7,-1.4,-0.7,-0.9,-0.2,-0.5,0.1,0.0,0.0,0.0,-0.3,0.0,-0.1,0.5,-0.4,-0.1,0.0,0.0,0.0,0.0,0.5,-1.0,-0.3,0.3,1.1,-0.1,0.0,-0.2,-0.1,0.0,0.0,-0.5,0.0,0.6,
2002-01,-0.2,-0.5,-0.2,-0.6,-0.5,-0.7,1.2,8.2,0.0,-0.3,2.8,4.2,0.7,-2.0,6.6,11.8,8.9,9.5,0.1,-0.2,0.1,0.0,0.0,0.0,-0.1,0.0,0.0,-0.1,0.0,-0.2,-0.1,-0.2,-1.3,0.0,-0.4,-0.7,-0.3,-0.6,-0.2,-0.3,0.0,-6.2,-9.4,-0.3,-10.2,-6.0,-8.1,-0.9,-1.6,-2.0,-0.1,-0.1,-0.1,-0.2,0.0,-0.2,-0.2,-0.2,0.0,0.0,0.0,0.0,0.0,-1.0,-2.5,0.1,-0.1,-1.5,0.1,0.0,0.0,0.2,0.0,0.0,-0.3,-0.1,-0.9,
2002-02,-0.5,-0.2,-0.5,-0.3,-0.2,-0.3,-0.8,-5.5,0.1,-0.3,-1.7,-2.8,0.2,1.2,-6.3,-10.2,-1.7,-2.0,0.1,-0.1,-0.7,0.1,0.1,0.7,0.0,0.0,0.0,0.0,-0.1,0.0,0.0,0.1,-1.2,0.0,-0.5,-1.2,-0.5,-0.7,0.0,-0.1,0.1,-2.4,-3.9,-1.2,-4.1,-2.5,-3.4,-0.3,0.0,-0.2,-0.1,-0.1,-0.2,-0.2,0.0,-0.1,-0.2,-0.1,-0.1,0.0,0.0,0.0,0.0,-0.7,-1.9,-0.3,-0.1,-0.9,0.0,0.0,-0.1,0.3,0.0,0.0,-0.2,0.0,-0.7,
2002-03,0.2,0.2,0.2,0.3,0.3,0.3,0.0,-0.7,0.1,0.3,2.4,3.9,-0.1,0.0,-2.7,-4.5,-2.3,-2.5,-0.4,0.5,0.5,-0.1,-0.2,0.1,0.0,-0.1,0.0,0.0,-0.1,-0.2,0.0,-0.4,-0.6,0.0,-0.4,-0.8,-0.6,-0.9,-0.2,-0.2,0.0,2.8,6.5,-0.3,7.1,-0.3,-0.6,0.2,1.2,1.0,-0.1,0.0,0.0,0.1,0.0,0.1,0.7,-0.1,0.0,0.0,0.0,0.0,0.2,0.6,-1.0,0.5,-0.2,1.1,0.2,0.0,-0.4,1.5,0.0,0.0,-0.2,0.0,0.8,
2002-04,0.3,0.1,0.3,0.1,0.1,0.3,0.4,4.2,-0.2,0.1,1.1,2.0,-0.3,-0.9,5.2,8.9,0.7,0.7,-0.1,0.0,-0.2,-0.1,0.0,-0.6,-0.1,-0.1,-0.1,0.0,-0.2,-1.0,-2.4,-0.4,-0.1,0.7,0.0,0.5,0.0,-0.9,-0.1,-0.1,0.5,4.1,3.6,0.0,3.9,8.6,12.5,0.3,0.2,1.2,0.0,-1.2,-0.3,-0.7,-1.8,-0.1,-0.8,0.1,0.0,1.1,1.0,0.0,1.3,0.2,0.3,-0.6,0.1,0.6,0.1,0.0,0.2,0.4,0.0,0.2,-1.1,0.9,0.0,
2002-05,0.3,0.1,0.4,0.1,0.1,0.0,1.0,5.2,0.1,0.1,0.1,0.5,-0.1,0.0,4.2,6.9,10.4,11.0,-0.3,-0.1,0.2,-0.1,0.0,0.6,-0.2,-0.1,-0.2,-0.2,-0.1,0.0,0.0,0.0,0.4,0.0,-0.2,-0.7,-0.1,1.0,-0.2,0.0,0.0,0.8,2.1,-0.1,2.4,-0.6,-0.8,0.1,0.0,-0.1,0.0,-0.1,0.0,-0.6,0.0,0.4,0.2,0.6,0.0,0.0,0.0,0.0,0.0,0.0,0.3,-0.1,0.1,0.0,0.0,0.0,-0.2,-0.2,0.0,0.0,0.6,0.0,0.0,
2002-06,-0.1,-0.1,-0.1,0.0,-0.1,0.0,-0.3,-0.8,-0.1,-0.2,-1.2,-1.9,0.2,-0.6,-0.6,-0.7,0.6,0.8,0.3,0.0,-0.4,-0.6,-0.2,-0.1,0.0,-0.1,0.1,0.0,-0.1,0.0,0.0,-0.1,0.3,0.0,-0.3,-0.9,0.1,0.0,-0.2,-0.7,0.0,-0.3,-0.5,0.1,-0.6,-0.1,-0.1,-0.1,0.2,-0.1,-0.1,0.0,0.0,-0.2,0.0,-0.1,-0.3,0.0,0.0,0.0,0.0,1.7,0.0,0.1,-0.4,-1.0,0.0,0.7,-0.1,0.0,-0.1,0.1,0.0,0.0,0.1,0.0,0.1,
2002-07,-0.4,-0.2,-0.4,-0.3,-0.2,-0.3,-0.6,-3.2,-0.2,-0.1,-1.8,-2.8,-0.2,-0.4,1.1,1.8,-10.7,-11.3,-0.7,-0.1,0.1,-0.6,-0.5,0.1,0.1,0.0,0.0,0.1,0.0,-0.2,-0.4,-0.3,0.2,0.1,-0.4,-0.7,-0.5,0.2,-0.1,-0.5,0.0,-3.6,-4.4,-0.1,-4.9,-4.8,-6.9,0.0,-1.5,-1.7,0.1,-0.2,0.0,-0.7,0.0,-0.1,0.6,-0.2,-0.4,0.0,0.0,0.0,0.0,0.5,-0.9,-0.2,-0.1,1.2,0.0,0.0,-0.1,-0.1,0.0,0.0,-0.5,0.0,0.5,
2002-08,0.3,0.0,0.3,0.1,0.0,0.2,0.7,5.3,-0.2,-0.1,2.5,4.3,-0.1,0.5,3.1,5.0,6.9,7.2,0.1,-0.4,-0.3,-0.2,-0.1,-0.5,-0.1,0.0,0.0,-0.1,-0.1,-0.1,0.0,0.0,-0.4,0.0,-0.3,-0.9,-0.3,-0.3,-0.1,0.0,0.0,-2.4,-3.0,-0.1,-3.3,-3.3,-5.0,-0.1,-0.8,-0.5,0.1,0.0,0.0,-0.1,0.0,0.4,2.2,-0.3,0.4,0.0,0.0,0.0,-0.1,2.1,-2.5,1.4,0.2,3.3,0.0,0.0,0.0,-0.2,0.0,0.0,-0.2,0.0,2.4,
2002-09,0.0,0.0,-0.1,-0.1,0.1,0.0,-0.1,-1.1,0.2,0.1,-3.4,-5.6,0.3,1.6,1.9,3.2,-0.8,-0.7,-0.2,0.3,0.2,0.1,0.1,0.0,0.0,-0.1,0.0,0.0,-0.1,-0.2,-0.6,0.0,-0.1,0.0,-0.1,-0.8,-0.1,0.6,0.0,0.4,0.0,5.7,6.6,-1.0,7.4,9.0,13.2,0.5,1.6,1.7,0.0,-0.1,-0.1,-0.3,0.0,-0.7,-2.8,-0.2,0.0,0.0,0.0,0.0,0.0,-2.2,-1.2,-0.5,-0.1,-3.5,0.0,0.0,0.0,0.2,0.0,0.0,-0.4,0.0,-2.6,
2002-10,-0.2,-0.1,-0.1,0.0,-0.1,-0.1,-0.2,-1.4,0.0,-0.1,0.5,0.7,0.3,0.8,-3.3,-5.3,2.0,2.1,0.0,-0.5,0.1,-0.2,-0.1,0.0,0.0,-0.1,-0.1,0.0,-0.1,-0.8,-1.6,-0.3,0.1,0.0,-0.1,-0.1,-0.1,0.1,-0.4,0.0,0.0,0.8,1.4,0.1,1.5,0.1,0.0,0.2,0.6,1.4,-0.2,1.6,-0.2,0.0,3.1,0.1,0.0,0.1,0.0,0.0,0.0,0.0,0.0,-1.2,-2.0,-1.2,0.2,-1.2,0.0,0.0,-0.2,0.1,0.0,0.0,-0.6,0.0,-0.9,
2002-11,0.0,0.0,0.0,-0.1,0.0,-0.1,0.1,0.7,0.0,0.0,-0.4,-0.4,0.1,-0.4,4.0,6.5,-6.6,-7.1,-0.8,0.2,0.2,0.1,0.0,0.0,-0.1,0.0,0.0,-0.1,-0.1,0.1,0.0,0.0,1.1,0.0,-0.2,-0.6,0.2,-0.9,0.1,0.1,0.0,0.0,0.5,-0.4,0.6,-0.9,-1.3,0.2,-0.2,0.5,0.0,-0.1,0.0,-0.4,0.0,0.0,-0.1,0.2,0.0,0.0,0.0,0.0,0.0,-0.4,-1.9,0.9,-0.2,-0.9,-0.1,0.0,-0.2,-0.1,0.0,0.0,0.2,0.0,-0.4,
2002-12,0.0,0.0,-0.1,0.0,0.0,0.1,-0.2,-0.9,-0.1,-0.1,0.1,0.5,0.0,0.8,-2.4,-3.5,1.6,2.0,0.1,-0.3,0.1,-0.4,0.1,0.0,0.1,0.0,0.1,0.0,0.0,0.0,0.0,-0.1,0.7,0.0,-0.4,-1.2,-0.1,0.0,-0.1,-0.2,0.0,-0.5,-0.6,-0.2,-0.7,-0.7,-0.8,-0.3,-0.1,0.0,0.1,-0.1,-0.1,-0.4,0.0,0.1,0.5,0.0,0.0,0.0,0.0,0.0,0.0,0.5,-1.1,-0.2,0.1,1.1,0.1,0.0,-0.6,1.2,0.0,0.0,0.1,0.0,0.4,
2003-01,-0.3,-0.6,-0.4,-0.7,-0.7,-0.8,0.6,4.3,-0.1,-0.2,1.6,2.2,0.3,-3.0,3.8,6.2,4.3,4.5,-0.3,0.2,-0.3,0.0,0.0,0.0,0.0,-0.1,0.0,0.0,-0.1,0.1,-0.1,0.0,1.7,0.0,-0.4,-1.3,-0.6,-1.0,0.0,0.1,0.0,-6.5,-10.2,0.0,-11.1,-6.0,-8.3,-1.0,-1.2,-1.9,0.0,-0.1,0.0,-0.2,0.0,0.0,-0.2,0.0,-0.1,0.0,0.0,0.0,0.0,-1.3,-1.0,-0.1,0.0,-2.0,0.1,0.0,0.3,0.2,0.0,0.0,0.0,0.1,-1.2,
2003-02,-0.3,-0.1,-0.3,-0.1,-0.1,-0.2,-0.4,-2.2,0.0,0.0,-0.9,-1.1,0.1,1.4,-1.9,-2.8,-2.9,-3.0,0.2,0.0,-0.2,-0.2,0.0,0.0,0.0,-0.1,0.0,-0.1,-0.2,0.1,0.0,0.0,0.9,0.0,-0.2,-0.6,-0.5,-0.9,0.0,0.5,0.0,-2.2,-3.2,-0.4,-3.6,-2.9,-3.9,-0.6,-0.3,-0.1,0.0,0.0,0.0,-0.2,0.0,0.0,-0.2,0.1,0.0,0.0,0.0,0.0,0.0,-0.2,-2.0,-0.2,-0.1,0.0,0.0,0.0,0.1,-0.3,0.0,0.0,0.2,0.0,-0.2,
2003-03,0.3,0.3,0.3,0.3,0.3,0.4,-0.1,-0.3,-0.1,0.1,1.6,2.3,-0.3,-0.3,-1.6,-2.4,-0.6,-0.7,-1.0,0.1,0.0,-0.5,-0.3,0.1,0.0,0.0,0.0,0.0,0.0,0.0,0.0,0.0,1.3,0.1,-0.3,-0.5,-0.8,-0.3,-0.3,0.1,0.0,2.9,6.7,-0.3,7.4,0.3,0.2,0.6,0.5,0.2,-0.1,0.0,-0.1,0.2,0.0,0.5,1.0,0.6,0.0,0.0,0.0,0.0,0.0,0.6,-1.3,0.5,0.0,1.1,0.2,0.0,-0.4,1.7,0.0,0.0,0.8,-0.1,0.9,
2003-04,0.3,0.3,0.5,0.4,0.2,0.4,0.1,1.0,-0.1,-0.2,0.1,0.4,0.0,-0.5,2.8,4.3,-3.9,-4.0,0.2,0.0,-0.1,0.1,-0.1,-0.3,0.0,0.0,0.1,0.0,0.0,0.6,0.4,0.8,1.1,0.3,0.2,0.5,-0.1,-0.1,0.0,0.2,0.3,3.8,3.2,-0.1,3.6,8.3,12.0,0.5,0.3,0.9,-0.2,4.2,0.1,-0.2,7.9,-0.1,-0.9,0.0,0.0,0.4,0.9,-1.5,-0.8,-0.5,-0.8,-1.7,0.0,-0.2,0.0,0.0,0.0,0.6,0.0,-0.4,0.7,0.4,-0.6,
2003-05,0.2,0.1,0.1,0.1,0.2,0.1,0.2,1.7,0.0,0.4,-2.3,-3.5,0.3,-0.8,-1.5,-2.4,18.1,18.8,0.0,-0.2,0.0,-0.6,0.3,0.1,0.0,0.0,0.0,0.1,0.0,0.0,0.0,0.0,-0.1,0.0,-0.2,-0.5,0.1,0.6,-0.1,-0.2,0.0,1.1,2.3,-0.1,2.6,0.3,0.6,-0.3,-0.2,-0.1,-0.1,0.0,-0.1,0.0,0.0,-0.1,0.1,-0.1,0.0,0.0,0.0,0.0,0.0,0.3,-1.4,0.7,0.1,0.4,0.0,0.0,-0.3,0.2,0.0,0.0,-0.1,0.0,0.3,
2003-06,-0.3,-0.1,-0.3,-0.2,-0.1,0.0,-0.6,-3.2,-0.2,-0.1,-0.5,-0.8,-0.1,-0.3,-4.3,-6.7,-1.2,-1.2,-0.3,-0.1,-0.2,-0.2,-0.2,0.0,0.1,0.0,0.1,-0.1,-0.1,-0.1,0.0,0.0,-0.5,0.0,-0.3,-0.6,-0.9,-0.2,-0.2,-0.1,0.0,-0.3,-0.4,0.3,-0.5,-0.4,-0.6,0.1,-0.1,0.0,0.1,-0.1,0.0,-0.1,-0.1,-0.3,-0.1,-0.5,0.0,0.0,0.0,0.0,0.0,0.0,-0.9,-1.4,-0.1,0.6,-0.1,0.0,-0.2,-0.1,0.0,0.0,-0.4,0.0,-0.1,
2003-07,-0.2,0.0,-0.2,0.0,0.0,0.0,-0.7,-4.4,0.0,-0.2,-1.0,-1.6,-0.1,-0.5,-0.7,-1.2,-12.7,-13.2,0.0,0.3,-0.2,-0.3,-0.2,0.3,0.0,0.0,0.0,0.0,0.0,0.1,0.2,0.2,-0.4,0.1,0.0,-0.5,-0.3,-0.3,-0.3,1.3,0.0,-3.8,-4.4,-0.1,-4.8,-5.0,-7.3,-0.1,-1.3,-2.3,0.1,0.0,-0.1,0.0,0.0,0.2,1.1,-0.1,0.0,0.0,0.0,0.0,0.0,1.1,-0.5,-0.2,0.3,1.9,1.2,0.0,-0.2,-0.3,8.2,0.0,-0.1,0.0,1.2,
2003-08,0.2,0.1,0.2,0.1,0.1,0.1,0.3,2.5,0.0,0.0,1.5,2.4,0.6,0.1,1.3,2.4,2.7,2.9,-0.1,-0.4,0.0,-0.5,-0.2,0.0,0.0,-0.2,-0.1,0.0,-0.2,0.0,0.0,0.0,-0.1,0.0,-0.4,-0.9,-0.8,-0.1,-0.2,-0.4,0.0,-2.6,-3.4,-0.6,-3.8,-3.5,-5.1,0.0,-0.5,-0.2,0.0,-0.1,-0.1,-0.2,0.0,0.3,2.2,-0.3,0.0,0.0,0.0,0.0,0.0,1.9,-1.0,0.3,0.2,3.4,0.2,0.1,0.2,0.7,0.0,0.0,0.0,0.0,2.3,
2003-09,0.1,0.0,0.1,0.1,0.0,0.0,0.4,1.4,0.2,0.7,-3.1,-5.3,0.1,1.1,4.9,7.8,1.2,1.2,-0.4,0.3,-0.1,-0.1,0.0,0.0,-0.1,0.0,0.0,-0.1,-0.1,0.0,0.0,0.0,0.0,0.0,-0.1,-0.5,0.2,0.8,-0.2,0.3,0.0,6.5,7.7,0.3,8.4,9.6,14.1,0.5,1.9,2.1,0.0,0.0,0.0,-0.2,0.0,-0.7,-3.2,0.0,0.0,0.0,0.0,0.0,0.0,-2.1,-1.2,0.2,-0.2,-3.6,0.2,0.0,-0.1,1.3,0.0,0.0,0.0,0.0,-2.7,
2003-10,0.0,0.1,0.0,0.1,0.1,-0.1,0.0,-2.0,0.4,4.3,0.2,0.5,-0.4,0.6,-4.9,-7.8,4.3,4.5,0.8,0.2,0.0,0.3,-0.1,0.0,-0.1,0.0,-0.1,0.1,0.0,-0.1,-0.2,-0.1,-0.6,0.0,-0.4,-1.5,-0.5,-0.1,-0.1,0.1,0.0,0.6,1.1,0.2,1.3,0.2,0.3,0.2,0.4,0.6,-0.2,-0.1,0.0,-0.3,0.0,0.0,0.4,-0.1,-0.1,0.0,0.0,0.0,0.0,-0.5,-1.1,1.1,0.0,-1.3,-0.1,0.0,-0.3,0.1,0.0,0.0,-0.2,0.0,-0.4,
2003-11,-0.5,-0.2,-0.5,-0.2,-0.2,-0.2,-1.0,-7.3,0.2,2.3,0.1,0.2,0.2,-0.3,-7.9,-12.8,-8.8,-9.1,-1.6,0.1,0.0,-0.2,0.0,0.0,0.0,-0.1,0.0,-0.1,-0.1,0.0,0.0,0.0,-0.5,0.0,-0.2,-0.8,0.0,0.1,-0.1,0.1,0.0,0.1,0.6,-0.1,0.6,-0.3,-0.6,0.2,-0.2,0.0,0.2,-0.1,-0.1,-0.4,0.0,-0.1,-0.1,-0.2,0.0,0.0,0.0,0.0,0.0,-1.5,-1.3,-2.1,0.0,-1.6,0.0,0.0,-0.1,0.1,0.0,0.0,-0.1,0.0,-1.3,
2003-12,0.1,0.1,0.1,0.0,0.1,0.0,0.4,2.4,0.1,1.1,1.2,2.3,0.0,0.1,3.1,5.5,-2.2,-2.3,1.0,-0.1,-0.1,0.0,-0.2,0.0,0.0,0.0,0.0,0.0,0.0,0.0,0.0,0.0,-0.9,0.1,-0.4,-1.0,-0.2,0.0,-0.2,-0.7,0.0,-0.3,-0.8,0.1,-0.9,-0.1,-0.1,0.0,-0.1,0.1,-0.1,-0.1,-0.1,-0.3,0.0,0.0,0.6,0.0,-0.1,0.0,0.0,0.0,0.0,0.5,-0.9,0.6,0.1,0.7,0.0,0.0,-0.1,0.0,0.0,0.0,-0.1,0.0,0.5,
2004-01,-0.2,-0.7,-0.3,-0.7,-0.7,-0.9,1.3,8.1,0.0,1.3,1.1,2.1,0.6,-2.7,8.4,14.3,7.8,8.2,-0.1,-0.1,0.0,-0.1,0.0,0.0,-0.1,-0.1,-0.1,-0.1,0.0,-0.2,-0.1,-0.1,-0.6,0.0,-0.6,-1.1,-0.4,-1.5,0.0,-0.1,0.0,-6.7,-10.2,-0.9,-11.0,-6.6,-9.0,-1.3,-1.6,-2.2,0.0,-0.1,0.0,-0.4,0.0,-0.3,0.1,-0.7,-0.1,0.0,0.0,0.0,0.0,-1.4,-1.8,-0.5,0.2,-2.2,-0.1,0.0,-0.3,0.0,0.0,0.0,-0.3,0.0,-1.2,
2004-02,0.0,0.0,0.0,-0.1,0.0,-0.2,0.5,1.4,0.4,0.2,-0.9,-1.8,1.3,1.4,1.3,2.3,4.4,4.6,0.0,0.0,0.0,-0.1,-0.1,0.4,0.1,0.0,0.1,0.0,-0.1,0.0,0.0,-0.1,-0.3,0.0,-0.5,-1.2,-0.5,-0.3,0.0,-0.3,0.0,-1.8,-2.9,0.4,-3.4,-1.8,-2.6,0.0,0.3,0.0,0.1,0.1,0.0,0.1,0.0,-0.3,-0.8,-0.2,0.0,0.0,0.0,0.0,0.0,-0.1,-0.9,0.0,-0.1,0.0,0.1,0.0,0.3,0.2,0.0,0.0,0.0,0.0,-0.3,
2004-03,0.2,0.2,0.2,0.3,0.2,0.4,-0.2,-1.5,-0.1,-0.8,1.5,2.5,0.5,0.0,-2.5,-4.2,-2.7,-2.8,-0.7,0.3,0.3,-0.5,-0.1,0.2,0.0,-0.1,0.0,0.0,-0.1,0.0,0.0,0.0,0.0,0.0,-0.1,-0.7,-0.1,-0.7,0.4,-0.1,0.0,3.3,6.8,0.7,7.6,0.8,1.0,0.4,1.3,0.8,0.0,-0.1,-0.1,-0.3,0.0,0.2,1.3,0.0,-0.1,0.0,0.0,0.0,-0.3,0.7,-0.9,0.3,-0.1,1.3,-0.1,0.0,-0.1,-0.3,0.0,0.0,0.1,-0.1,1.0,
2004-04,0.0,0.2,0.0,0.2,0.2,0.2,-0.6,-3.1,-0.1,-1.3,0.4,0.8,-0.2,-0.2,-1.9,-2.9,-9.0,-9.4,0.2,-0.1,-0.2,0.0,0.0,0.4,0.0,0.0,0.0,-0.1,0.1,-0.2,-0.4,-0.4,0.5,0.3,-0.2,-0.1,-0.2,-1.0,-0.2,0.0,0.5,3.8,3.9,-0.1,4.2,7.7,11.4,0.0,0.0,0.7,0.3,-0.8,-0.3,0.0,-1.2,-0.1,-1.4,0.3,0.0,0.7,0.6,0.0,1.3,0.1,-0.4,-0.3,0.3,0.1,0.1,0.1,0.0,0.2,0.0,0.1,0.4,0.7,-0.3,
2004-05,0.1,0.0,0.2,0.1,0.0,0.1,0.2,1.7,0.0,-0.7,0.2,0.6,0.5,0.4,-2.9,-5.0,15.2,16.0,-0.2,0.3,0.0,-1.1,-0.1,0.0,-0.1,0.0,-0.1,-0.1,0.0,0.0,0.0,-0.1,0.2,0.0,-0.2,-0.7,-0.6,1.5,-0.1,-0.5,0.1,1.3,2.2,0.2,2.4,0.9,1.4,0.1,-0.1,0.1,0.0,0.1,0.1,0.3,0.0,0.2,0.2,0.2,0.0,0.1,0.1,0.0,0.0,0.0,-1.3,-0.9,0.1,0.6,-0.3,0.0,-0.3,-1.0,0.0,0.0,0.2,0.0,0.1,
2004-06,0.2,0.1,0.2,0.0,0.0,-0.1,0.4,3.1,-0.1,-0.7,-1.7,-2.9,-0.4,0.5,5.4,9.2,3.0,3.2,-0.3,-0.2,0.3,0.2,0.0,0.0,0.0,-0.1,0.0,0.0,-0.1,0.2,0.0,0.0,2.6,0.1,-0.3,-0.6,-0.6,0.2,-0.4,-0.3,0.0,-0.3,-0.2,-0.2,-0.2,-0.4,-0.5,0.2,-0.2,-0.1,0.0,0.0,0.1,-0.1,0.0,0.6,0.0,1.1,0.0,0.0,0.0,0.0,0.0,0.0,-1.0,-0.4,-0.1,0.2,0.0,0.1,0.1,-0.3,0.0,0.0,1.4,0.1,0.0,
2004-07,-0.3,-0.1,-0.4,-0.1,-0.2,-0.1,-0.9,-5.2,-0.1,-0.6,-1.1,-1.9,0.1,0.0,-4.2,-6.5,-7.5,-7.9,-0.2,0.1,0.1,-0.1,0.0,0.0,0.0,0.0,0.0,0.0,-0.1,0.1,0.2,0.0,0.7,0.1,-0.3,-0.6,-0.3,-0.2,-0.1,-0.7,0.0,-3.9,-4.8,0.0,-5.2,-5.0,-7.3,-0.1,-1.8,-2.0,0.0,-0.1,-0.1,-0.2,0.0,0.3,1.1,0.3,-0.1,0.0,0.0,0.0,0.0,1.0,-1.0,-0.2,-0.1,2.1,-0.1,-0.1,-0.2,-0.3,0.0,0.0,0.3,0.0,1.2,
2004-08,0.1,0.1,0.2,0.2,0.1,0.2,0.0,0.0,0.0,-0.3,0.5,1.0,1.0,-0.1,-1.0,-1.6,1.2,1.4,-0.5,-0.2,-0.1,-0.7,-0.2,0.0,-0.1,0.0,-0.1,-0.1,0.0,0.1,0.0,0.0,0.3,0.0,-0.2,-0.7,0.1,-0.6,-0.1,-0.1,0.0,-2.0,-2.4,-0.1,-2.7,-3.2,-4.5,-0.2,-0.2,-0.3,0.0,0.0,0.0,0.0,0.1,0.4,1.4,0.1,0.0,0.0,0.0,0.0,0.0,2.0,-1.4,0.7,0.3,3.3,0.0,0.0,-0.1,-0.2,0.0,0.0,0.1,0.0,2.1,
2004-09,0.3,0.2,0.4,0.2,0.1,0.0,0.5,3.4,0.0,-1.4,-2.5,-4.3,-0.2,1.7,9.7,15.8,-4.1,-4.4,1.2,0.3,-0.1,0.3,-0.1,0.0,-0.1,-0.1,0.0,0.0,-0.1,0.4,0.0,0.0,6.1,0.2,0.0,-0.3,-0.3,0.9,0.2,0.0,0.0,6.7,8.2,0.1,9.2,10.0,14.5,0.7,1.4,2.0,-0.1,0.0,0.0,0.0,0.0,0.1,-2.3,1.0,0.0,0.0,0.0,0.0,0.0,-2.0,-1.4,0.2,-0.2,-3.4,0.1,0.0,0.4,0.2,0.0,0.0,1.6,0.0,-2.4,
2004-10,0.5,0.0,0.5,0.0,0.0,0.1,1.7,11.1,-0.2,-2.3,1.1,1.5,0.4,0.8,11.2,17.5,13.0,13.7,0.0,0.0,0.2,-0.2,0.0,-0.2,0.1,-0.1,0.0,0.0,-0.1,-0.2,-0.9,0.2,1.9,0.0,0.1,0.3,-0.3,0.4,0.1,0.1,0.0,1.1,2.2,0.3,2.3,0.8,1.0,0.3,-0.1,0.5,0.0,0.0,0.1,-0.3,0.0,0.0,0.0,0.1,0.0,0.0,0.0,0.0,0.0,-0.5,-0.4,0.6,0.1,-1.0,0.1,0.1,-0.1,0.4,0.0,0.1,-0.2,0.0,-0.4,
2004-11,-0.2,-0.3,-0.2,-0.3,-0.3,-0.4,0.1,0.4,0.0,-1.0,-0.3,-0.9,0.4,0.5,2.8,3.8,-4.3,-4.5,-0.1,-0.2,-0.2,-0.3,0.0,0.0,0.0,0.0,0.0,0.0,0.0,0.4,0.0,0.2,4.5,0.0,-0.2,-0.1,0.2,-0.2,-0.2,-0.5,0.0,0.5,1.0,0.1,1.1,0.0,0.0,-0.1,-0.1,0.0,0.1,0.0,-0.1,-0.1,0.0,-0.9,-0.2,0.1,-4.5,0.0,0.0,0.0,0.0,-1.1,-1.2,-0.1,-0.2,-1.8,-0.1,0.0,-0.1,0.1,0.0,0.0,0.6,0.0,-1.1,
2004-12,-0.5,0.1,-0.5,0.0,0.1,0.0,-1.7,-9.1,0.0,-0.6,0.6,1.0,-0.2,2.8,-14.5,-21.1,2.0,2.2,0.4,-0.2,0.1,0.4,-0.1,0.0,0.0,0.0,0.0,0.0,-0.1,0.1,0.0,0.3,1.2,0.0,-0.5,-0.7,-0.6,-0.8,-0.3,-0.6,0.0,-0.6,-0.8,-0.1,-0.8,-0.8,-1.1,0.0,-0.2,-0.2,0.0,-0.1,-0.1,-0.2,0.0,0.0,1.1,-0.4,0.0,0.0,0.0,0.0,0.0,0.3,-1.7,-0.5,0.4,0.8,0.2,0.0,-0.6,1.2,0.0,0.0,-0.2,0.0,0.5,
2005-01,-0.5,-0.8,-0.6,-0.8,-0.8,-0.8,0.5,3.5,-0.2,-0.5,2.6,4.1,0.4,-3.4,1.8,2.9,3.7,3.8,-0.8,0.3,-0.1,-0.4,0.3,0.0,0.0,0.0,0.0,-0.1,0.0,-0.5,-1.0,0.0,-1.1,-0.2,-0.5,-0.4,-0.9,-1.5,0.0,-0.2,0.0,-6.4,-9.3,-1.0,-10.0,-6.2,-8.4,-1.0,-1.3,-4.9,0.0,-0.1,0.0,-0.3,0.0,-0.7,-0.3,-0.2,-3.0,0.0,0.0,0.0,0.0,-1.4,-1.3,-0.1,0.1,-2.3,0.0,0.0,0.2,0.1,0.0,0.0,-0.9,-0.1,-1.2,
2005-02,-0.3,-0.3,-0.4,-0.3,-0.2,-0.4,-0.2,-1.5,0.1,-0.1,-1.1,-1.7,0.0,2.8,-0.4,-0.5,-2.9,-3.0,0.5,-0.3,-0.1,-0.1,0.2,0.0,0.0,0.0,0.0,0.0,-0.1,0.0,0.0,-0.1,-0.1,0.0,-0.4,-1.2,-0.6,-0.5,0.1,-0.1,0.0,-2.7,-4.7,0.5,-5.0,-2.2,-3.0,-0.2,-0.2,-0.3,0.0,0.0,0.0,0.0,0.0,-0.4,-1.0,-0.2,0.0,-0.1,0.0,0.0,0.0,-0.5,-2.7,-0.8,-0.2,0.1,0.0,-0.2,0.2,-0.4,0.0,0.0,-0.3,0.0,-0.6,0.0
2005-03,0.3,0.3,0.4,0.4,0.3,0.4,0.1,-0.2,0.1,-0.2,0.8,1.3,-0.1,0.7,-0.9,-1.4,0.1,0.1,-0.7,0.4,0.1,-0.3,0.0,0.0,0.0,-0.1,0.0,-0.1,0.0,0.0,0.0,0.0,0.2,0.0,-0.3,-0.5,0.7,-0.7,0.0,-0.5,0.0,4.7,10.0,0.1,10.8,0.6,0.5,0.8,0.1,3.4,0.0,0.0,0.0,-0.3,0.0,0.5,2.2,0.0,0.0,0.0,0.0,0.0,0.0,0.4,-1.7,0.9,0.0,0.7,-0.1,0.0,-0.4,0.0,0.0,0.0,0.1,0.0,0.8,-0.1
2005-04,0.1,0.3,0.1,0.3,0.2,0.3,-0.7,-2.9,-0.2,-0.4,-0.4,-0.3,0.1,-0.9,-1.3,-2.1,-7.7,-7.9,0.1,-0.2,-0.4,0.1,-0.1,-0.1,0.0,0.1,0.0,0.1,0.0,0.1,-1.4,0.4,7.8,0.2,0.2,0.5,-0.9,1.2,0.1,-0.2,0.2,3.5,2.7,0.2,3.0,7.6,10.8,0.4,0.5,0.3,0.1,0.0,-0.1,0.1,0.0,0.5,-1.9,1.7,0.1,0.6,0.8,-0.1,0.1,0.2,-1.4,-0.5,0.0,0.8,0.2,0.3,0.2,0.4,0.0,0.1,1.5,0.5,-0.3,0.0
2005-05,0.1,0.1,0.2,0.2,0.1,0.1,0.2,0.7,0.0,0.3,-0.8,-1.6,-0.1,-0.7,-2.2,-3.6,11.5,12.1,-0.1,0.1,0.5,0.1,-0.1,0.1,0.0,0.0,0.0,0.0,0.1,0.1,0.0,0.0,1.3,0.0,-0.1,-0.2,0.0,-0.4,0.0,0.1,0.0,1.0,1.5,0.2,1.7,0.9,1.4,0.0,-0.1,-0.2,0.1,0.0,0.0,-0.1,0.0,0.3,0.2,0.5,-0.5,0.1,0.0,0.0,0.0,0.1,-2.0,-0.2,0.1,0.8,-0.1,0.0,-0.4,-0.1,0.0,0.0,0.5,0.0,0.2,-0.3
2005-06,-0.4,-0.2,-0.5,-0.2,-0.2,-0.2,-1.2,-6.8,-0.1,-0.2,-2.3,-3.6,0.2,-1.2,-7.8,-12.8,-1.6,-1.6,0.0,0.1,0.0,-0.6,-0.1,0.0,0.0,-0.1,-0.1,-0.1,-0.1,0.0,0.0,0.0,-0.1,0.1,-0.7,-1.6,-0.2,-0.3,-0.3,-0.6,0.1,-0.4,-0.6,0.0,-0.7,-0.4,-0.8,0.5,-0.2,0.0,0.0,-0.1,0.0,-0.2,0.0,-0.4,-0.7,-0.3,-0.2,0.0,0.0,0.0,0.0,-0.4,-3.1,-1.2,0.1,0.2,0.0,0.0,0.3,-0.1,0.0,0.0,-0.4,0.0,-0.5,0.0
2005-07,-0.1,-0.1,-0.2,-0.2,-0.2,-0.2,0.0,0.7,-0.1,0.1,1.1,1.8,0.3,-1.6,4.1,7.1,-9.6,-10.1,-0.6,0.0,0.0,-0.4,0.0,0.0,-0.1,0.0,0.0,0.0,0.0,0.0,-0.1,-0.4,1.4,0.0,-0.5,-1.1,-0.4,-0.7,-0.1,-0.2,0.0,-4.3,-5.0,-0.5,-5.4,-5.6,-8.0,-0.2,-1.4,-2.6,0.0,-0.1,-0.2,-0.6,0.0,0.6,1.2,0.5,0.2,0.0,0.0,0.0,0.0,0.6,-0.8,0.2,0.0,1.2,-0.1,0.0,-0.2,-0.4,0.0,0.0,0.5,0.0,0.7,0.0
2005-08,0.1,0.1,0.2,0.1,0.0,0.1,-0.1,0.1,0.0,0.2,0.4,0.9,0.0,-0.7,-2.7,-4.1,5.6,6.0,0.2,-0.3,0.1,-0.1,-0.3,0.0,0.0,-0.1,0.0,-0.1,0.0,0.2,0.0,0.0,2.7,0.0,-0.3,-0.2,-0.6,-0.2,-0.2,-0.3,0.0,-1.8,-2.1,-1.1,-2.1,-2.9,-4.1,-0.1,-0.5,-0.5,0.1,0.0,0.0,0.0,0.0,0.7,1.6,0.8,0.0,0.0,0.0,0.0,0.0,0.9,-2.7,0.2,0.6,2.1,0.0,0.1,-0.2,-0.1,0.0,0.0,1.1,0.0,1.3,0.0
2005-09,0.3,0.2,0.3,0.3,0.2,0.2,0.5,2.9,0.0,-0.4,-1.4,-2.9,-0.2,0.4,7.2,12.0,-2.1,-2.3,0.2,0.0,0.3,0.0,-0.1,0.1,0.1,0.1,0.1,0.1,0.0,0.2,0.0,0.0,3.2,0.0,0.2,0.0,0.3,0.6,0.3,0.0,0.0,7.4,9.4,0.8,10.1,9.9,14.1,0.8,1.4,2.6,0.0,-0.1,0.0,-0.1,0.0,-0.2,-2.2,0.4,-0.2,0.0,0.0,0.0,0.0,-1.4,-1.8,0.2,-0.3,-2.2,0.0,0.0,0.0,0.3,0.0,0.0,0.8,0.0,-1.8,0.0
2005-10,0.0,0.1,0.0,0.0,0.0,0.0,-0.2,-1.3,0.0,-0.5,-0.4,-0.5,-0.1,1.1,-1.9,-3.0,0.5,0.5,0.0,0.0,0.0,-0.6,0.1,-0.1,0.0,-0.1,0.0,-0.1,-0.1,1.0,1.3,0.6,2.3,0.3,0.1,0.1,0.5,1.0,-0.2,0.1,0.0,1.0,1.6,0.0,1.7,0.7,1.0,0.1,0.3,0.8,0.0,-0.1,-1.0,0.4,0.0,0.0,0.0,0.1,0.0,0.0,0.0,0.0,0.0,-0.6,-2.6,-0.3,0.0,-0.5,0.2,0.0,-0.3,0.0,0.0,0.9,0.9,0.0,-0.5,0.0
2005-11,-0.4,-0.3,-0.4,-0.3,-0.3,-0.4,-0.6,-3.0,-0.1,-0.4,0.5,0.6,-0.1,-0.9,-1.7,-2.9,-7.8,-8.2,-0.8,0.0,0.1,-0.2,-0.2,0.0,0.0,0.0,0.1,0.0,0.0,0.2,0.0,0.4,1.6,0.0,-0.3,-0.9,0.1,0.2,0.0,0.0,0.0,0.5,0.9,0.1,1.1,-0.1,-0.2,0.0,-0.2,0.1,0.1,0.1,0.8,-0.3,0.0,-1.3,-0.3,-0.3,-4.1,0.0,0.0,0.0,0.0,-0.8,-1.9,0.5,0.0,-1.4,0.0,0.0,-0.1,0.0,0.0,0.0,0.0,0.0,-0.9,-3.1
2005-12,0.1,0.0,0.0,0.0,0.1,0.1,0.2,0.9,-0.1,-0.3,2.2,3.5,0.2,0.4,0.7,1.6,-3.9,-4.2,0.1,-0.1,0.2,-0.4,-0.2,0.0,0.1,0.0,0.1,0.1,-0.1,0.3,0.0,0.7,0.5,0.0,-0.4,-0.4,-0.3,-0.9,-0.1,-0.6,0.0,-0.2,-0.3,0.0,-0.4,-0.4,-0.4,-0.2,0.2,-0.1,0.0,-0.5,-1.4,-0.6,0.0,0.1,1.3,-0.5,0.3,0.0,0.0,0.0,0.0,0.2,-0.7,0.5,0.2,0.3,0.1,0.0,-0.5,1.6,0.0,0.0,-0.3,0.0,0.5,0.0
2006-01,0.1,-0.3,0.2,-0.4,-0.6,-0.7,2.0,13.3,0.0,-0.2,0.2,0.1,0.0,-2.3,15.5,25.6,12.3,13.0,0.4,0.2,-0.2,0.2,0.2,0.2,0.0,0.1,0.0,0.0,0.1,1.6,1.6,1.3,7.1,0.1,-0.1,-0.1,-1.0,-0.3,0.1,-0.1,-0.1,-7.2,-10.9,-0.7,-11.7,-5.9,-7.9,-0.9,-0.7,-4.1,0.2,0.4,1.3,0.0,0.0,-0.2,-0.6,-0.1,0.0,0.0,0.0,0.0,0.0,-1.1,-1.6,-0.4,0.1,-1.7,0.1,0.1,0.1,0.4,0.0,0.0,1.4,0.1,-1.1,0.0
2006-02,-0.3,-0.2,-0.4,-0.2,-0.2,-0.2,-1.1,-5.7,0.0,0.1,-0.5,-0.5,0.1,1.4,-7.9,-12.0,-0.3,-0.4,-0.3,-0.2,-0.1,-0.2,-0.1,-0.1,0.1,-0.1,0.0,-0.1,0.0,0.6,0.0,0.6,4.8,0.0,-0.5,-1.2,-0.7,-0.8,-0.2,0.2,0.0,-2.0,-3.2,0.2,-3.5,-2.4,-3.6,0.0,0.0,0.9,0.1,0.0,0.0,0.3,0.0,-0.1,-1.0,0.3,-0.1,0.0,0.0,0.0,0.1,-0.3,-2.4,0.2,-0.3,-0.1,0.1,-0.2,0.6,0.1,0.0,0.0,0.8,0.0,-0.5,0.0
2006-03,0.2,0.4,0.2,0.4,0.3,0.4,-0.4,-2.5,0.0,-0.1,1.2,1.7,0.0,-0.2,-3.8,-6.1,-2.6,-2.8,-0.7,0.1,0.0,-0.1,0.0,0.1,-0.2,0.0,-0.2,0.0,0.0,0.0,0.0,0.3,-0.9,0.0,-0.1,-0.4,0.5,-0.3,0.3,-0.2,0.0,4.2,8.6,0.3,9.5,0.6,1.0,0.3,1.0,2.3,0.2,0.0,-0.1,-0.3,0.0,0.6,2.3,0.2,0.0,0.0,0.0,0.7,0.0,0.7,-0.7,1.1,0.1,1.0,-0.2,0.0,-0.7,0.2,0.0,0.0,0.3,0.0,1.2,0.0
2006-04,0.2,0.1,0.3,0.2,0.2,0.2,0.2,1.3,0.0,-0.1,1.8,2.8,0.3,0.1,2.7,4.4,-5.9,-6.3,-0.3,0.0,-0.1,-0.4,0.0,0.0,0.0,0.0,0.0,0.0,0.0,-0.3,-1.6,1.4,-0.7,0.4,0.3,0.4,-0.1,1.2,-0.1,0.1,0.3,3.4,2.8,-0.5,3.1,7.3,10.5,0.2,0.3,-0.1,0.3,-0.8,-0.1,0.1,-1.4,-0.3,-2.0,0.1,-0.1,0.6,0.7,-0.4,0.7,0.4,-0.6,-0.5,0.0,1.1,0.2,0.1,0.2,1.3,0.0,-0.4,-0.3,0.5,-0.1,0.0
2006-05,0.3,0.2,0.4,0.2,0.1,0.2,0.7,3.7,0.0,0.0,-1.0,-1.5,0.1,0.1,1.2,1.7,16.1,17.3,0.2,0.0,-0.1,-0.3,-0.3,0.3,0.1,0.1,0.1,0.2,0.0,0.3,0.0,0.1,2.2,0.0,-0.3,-0.3,-0.5,-0.6,0.1,-0.4,0.0,0.8,1.1,0.1,1.2,0.9,1.3,-0.2,0.0,-0.1,0.2,-0.2,-0.8,0.0,0.0,0.7,0.1,1.3,0.0,0.0,0.0,0.0,0.0,0.5,-0.9,0.1,0.0,1.0,0.0,0.0,-0.3,0.7,0.0,0.0,1.5,0.1,0.5,0.0
2006-06,0.0,0.0,0.0,0.0,0.0,-0.1,0.1,0.5,0.0,-0.1,-1.3,-2.1,-0.4,-0.4,-1.0,-1.4,7.2,7.3,-0.3,0.3,0.4,0.3,-0.2,0.1,0.0,0.0,0.0,-0.1,0.1,0.0,0.0,0.0,0.3,0.1,-0.2,-1.0,0.0,0.3,0.3,0.1,0.0,-0.1,-0.3,0.2,-0.4,0.0,-0.1,0.4,0.0,-0.1,0.1,0.1,0.8,-0.2,0.0,-0.1,-0.6,0.0,0.1,0.0,0.0,0.0,0.0,0.1,-2.5,-0.5,0.2,0.6,0.1,-0.1,0.3,0.3,0.0,0.0,0.0,0.0,-0.1,0.0
2006-07,-0.3,-0.1,-0.3,-0.1,-0.1,-0.1,-0.7,-4.4,0.0,-0.1,0.3,0.1,0.5,-0.6,-2.8,-4.5,-9.8,-10.2,0.1,0.0,-0.1,-0.3,-0.1,0.0,-0.1,0.0,-0.1,0.0,0.0,-0.1,-0.7,0.6,0.0,0.0,-0.2,-0.4,0.0,-0.4,0.2,-0.6,0.2,-3.9,-4.5,-0.3,-4.7,-5.2,-7.3,-0.1,-0.6,-2.5,-0.1,0.1,-0.1,0.2,0.0,0.3,1.3,0.2,-0.1,0.0,0.0,0.0,0.0,-0.1,-1.5,-0.6,0.0,0.4,0.9,0.0,-0.1,-0.3,9.1,0.0,0.1,0.0,0.2,0.0
2006-08,0.7,0.2,0.7,0.3,0.0,0.0,1.7,11.2,0.0,-0.2,2.7,4.5,0.4,-0.2,11.1,18.2,9.1,9.6,-0.5,-0.2,0.1,-0.1,0.0,0.0,-0.1,0.0,-0.2,0.0,0.0,0.4,0.0,0.1,3.6,0.0,-0.4,-0.7,-1.3,-0.7,0.2,0.0,0.0,-1.9,-2.3,-0.2,-2.6,-2.6,-3.9,-0.2,-0.2,-0.3,0.1,0.0,0.1,0.2,0.0,1.2,1.7,1.6,-0.1,0.1,0.0,0.0,0.1,1.1,-2.6,0.4,0.2,2.2,0.0,0.0,-0.1,0.0,0.0,0.0,2.0,0.0,1.3,0.0
2006-09,0.0,0.1,0.1,0.1,0.2,0.1,-0.3,-2.7,0.2,0.0,-0.7,-1.1,0.2,1.3,-3.4,-5.5,0.0,0.0,0.8,0.0,0.3,-0.2,0.0,0.1,-0.1,0.0,0.0,0.0,0.1,0.0,0.0,0.0,0.4,0.0,0.1,-0.1,0.6,1.1,0.1,0.2,0.0,6.6,8.8,0.3,9.6,7.8,11.3,0.5,1.1,2.4,0.1,0.0,-0.1,0.4,0.0,-0.5,-2.7,0.0,0.1,0.0,0.0,0.0,0.0,-1.3,-1.9,0.0,-0.3,-1.9,0.0,0.0,-0.1,0.4,0.0,0.0,0.1,0.0,-1.7,0.0
2006-10,-0.2,0.0,-0.2,0.0,0.0,0.1,-0.6,-3.1,0.0,-0.1,-0.9,-1.3,0.1,0.5,-3.7,-5.8,-0.8,-0.7,-0.2,0.0,0.0,0.1,0.0,0.0,0.0,0.0,0.0,-0.1,0.0,-0.1,0.3,-0.1,-1.8,0.0,0.2,0.1,0.0,1.1,0.1,0.2,0.0,1.4,1.9,0.3,2.2,1.1,1.4,0.2,0.0,1.5,0.0,1.0,0.0,0.1,1.7,-0.4,-0.1,-0.8,-0.1,0.0,0.0,0.0,0.0,-0.7,-1.3,-1.2,0.1,-0.6,0.0,-0.2,0.2,0.1,0.0,0.0,-0.8,0.0,-0.6,0.0
2006-11,-0.5,-0.2,-0.6,-0.2,-0.1,-0.2,-1.1,-7.5,0.1,0.0,-0.1,-0.1,0.3,-0.3,-9.9,-15.7,-4.0,-4.3,0.5,0.0,0.3,0.1,-0.1,0.1,0.0,0.0,-0.1,-0.1,0.0,-0.4,0.0,-0.2,-3.2,0.0,0.1,-0.6,-0.2,0.0,-0.2,1.8,0.0,0.2,0.5,0.0,0.5,-0.2,-0.2,-0.2,0.3,0.2,0.1,0.0,-0.1,0.2,0.0,-0.7,-0.2,-1.2,-0.1,0.0,0.0,0.0,0.0,-0.9,-2.1,-0.1,0.0,-1.3,0.1,0.2,-0.2,0.8,0.0,0.0,-1.5,0.0,-0.9,-0.1
2006-12,0.1,-0.1,0.0,-0.1,0.0,0.0,0.3,2.3,-0.1,-0.4,0.1,0.1,-0.2,0.9,2.4,4.3,2.6,2.7,-0.1,-0.4,0.0,-0.3,-0.1,0.1,0.0,0.0,0.1,0.1,0.0,-0.1,0.0,0.0,-1.1,0.0,-0.1,-0.8,-0.1,-0.1,0.2,-0.1,0.0,-0.3,-0.5,0.0,-0.5,-0.1,-0.2,0.1,-0.3,-0.1,0.1,-0.1,-0.2,0.0,0.0,-0.2,0.9,-0.5,0.0,0.0,0.0,0.0,0.0,0.2,-2.4,0.6,0.3,0.3,-0.1,-0.2,-0.6,0.2,0.0,0.0,-0.6,0.0,0.3,0.0
2007-01,-0.2,-0.4,-0.2,-0.5,-0.5,-0.6,1.0,6.6,0.0,0.2,1.3,1.7,0.8,-2.0,7.2,11.8,5.6,5.8,-1.0,0.3,0.2,-0.3,-0.3,0.1,0.1,0.0,0.0,-0.1,0.0,0.7,1.2,0.7,-0.5,0.0,-0.2,-0.6,-0.2,-0.6,0.1,0.3,0.0,-7.1,-10.5,-0.8,-11.4,-6.3,-8.3,-1.2,-0.3,-4.5,0.1,-0.4,-1.3,-0.2,0.0,-0.1,-0.2,-0.2,0.1,0.0,0.0,0.0,0.4,-1.0,-1.5,0.1,0.1,-1.6,0.0,-0.2,0.6,0.0,0.0,0.0,0.3,0.1,-0.9,0.0
2007-02,-0.5,-0.3,-0.5,-0.4,-0.2,-0.3,-0.8,-5.0,0.0,-0.1,-1.3,-2.0,-0.4,0.9,-5.1,-8.2,-4.0,-4.2,0.9,0.1,-0.3,0.4,0.0,-0.1,0.0,0.0,0.1,0.0,0.1,-0.3,0.0,0.0,-3.4,0.0,-0.5,-1.0,-0.6,-1.0,0.0,0.2,0.0,-2.3,-4.2,0.5,-4.6,-1.8,-2.6,0.0,0.7,0.5,0.0,0.0,0.0,-0.3,0.0,-0.9,-0.6,-0.9,-1.1,0.1,0.0,1.5,0.0,-0.1,-0.7,0.1,-0.4,0.0,0.1,0.1,-0.1,0.1,0.0,0.0,-1.1,0.0,-0.2,-0.8
2007-03,0.3,0.2,0.3,0.3,0.3,0.3,0.3,2.0,0.0,0.1,1.7,2.9,0.3,0.0,2.0,3.3,-1.4,-1.5,-0.4,0.4,-0.1,-0.4,-0.3,0.1,-0.1,0.0,-0.1,0.0,0.0,-0.1,0.0,0.0,-0.8,0.0,-0.5,-1.1,-0.3,-0.7,-0.1,-0.7,0.0,4.3,8.6,0.1,9.5,0.7,0.9,0.3,0.6,2.8,0.2,0.3,1.2,-0.1,0.0,-0.1,0.9,0.0,-1.1,0.0,0.0,0.0,0.1,0.5,-1.0,0.6,0.1,0.8,-0.1,-0.1,0.0,-0.1,0.0,0.0,-0.1,0.0,0.7,-0.8
2007-04,0.3,0.3,0.3,0.3,0.2,0.4,0.1,0.5,0.0,0.2,1.2,1.8,-0.1,-0.5,3.5,5.9,-8.8,-9.2,0.1,0.0,-0.1,-0.1,0.1,0.0,0.0,-0.1,-0.1,0.0,-0.1,-0.2,-0.6,0.1,0.5,0.0,0.5,0.8,-0.3,1.5,0.3,0.3,0.0,3.7,3.5,0.0,3.8,7.3,10.4,0.3,0.1,0.3,0.0,0.2,0.1,0.0,0.2,0.2,-0.2,0.4,0.0,0.6,0.6,0.0,0.5,0.3,-1.3,-1.0,0.0,1.1,0.2,0.3,-0.1,0.2,0.0,0.2,0.2,0.5,0.2,0.0
2007-05,0.3,0.2,0.4,0.3,0.1,0.1,0.3,1.8,0.0,-0.2,-0.7,-0.9,0.0,-0.3,-0.9,-1.4,11.3,11.9,0.2,-0.1,0.1,0.2,-0.1,0.0,0.0,0.1,0.1,0.1,0.0,0.4,0.0,0.0,4.1,0.0,-0.2,-0.7,0.6,-0.3,-0.1,0.1,0.0,0.7,0.9,-0.3,1.0,1.3,1.7,0.1,0.0,0.0,0.1,0.0,0.0,0.3,0.1,0.7,0.0,1.2,0.0,0.0,0.0,0.0,0.0,0.5,-1.0,0.0,0.1,1.1,0.0,-0.1,0.1,0.3,0.0,0.0,1.6,0.0,0.4,0.0
2007-06,-0.2,0.0,-0.2,-0.1,-0.1,-0.2,-0.5,-3.2,0.1,-0.1,-2.7,-4.2,0.2,-0.1,-4.6,-7.5,4.8,5.1,0.2,0.0,0.2,0.0,0.0,0.0,0.0,-0.1,0.0,0.0,-0.2,0.1,0.0,0.0,1.1,-0.1,-0.4,-1.2,-1.0,-0.2,0.3,-0.1,0.0,-0.3,-0.4,-0.2,-0.4,-0.6,-0.8,-0.2,0.0,-0.1,-0.1,-0.1,-0.1,-0.5,0.0,0.3,-0.5,0.8,0.0,0.0,0.0,0.0,0.0,-0.5,-2.4,-1.2,0.0,-0.3,-0.1,-0.1,-0.4,0.1,0.0,-0.1,0.8,0.0,-0.6,0.0
2007-07,-0.1,-0.1,-0.2,-0.1,-0.1,-0.2,-0.1,-0.8,0.0,-0.1,0.1,0.2,0.0,-0.7,3.1,5.1,-10.0,-10.4,0.9,0.2,0.1,-0.3,-0.2,0.1,0.0,0.1,0.0,0.0,0.3,-0.1,-0.2,-0.2,1.0,0.0,-0.5,-1.1,0.2,-0.2,-0.1,-0.3,0.1,-3.7,-4.3,-0.1,-4.6,-5.0,-6.9,-0.2,-0.8,-2.6,0.1,-0.2,-0.8,0.0,0.0,0.6,1.3,0.7,0.0,0.0,0.0,0.0,-0.1,0.2,-0.4,-0.4,0.0,0.8,-0.1,-0.2,0.2,-0.3,0.0,0.0,0.5,0.0,0.5,0.0
2007-08,0.5,0.2,0.6,0.3,0.1,0.3,1.0,6.4,0.0,0.0,1.4,2.5,0.2,0.3,5.1,8.4,8.8,9.0,-0.2,-0.2,-0.2,0.1,-0.2,0.3,0.0,-0.1,-0.1,-0.1,-0.1,0.3,0.0,0.2,2.2,0.0,-0.3,-1.1,-0.4,-1.0,0.1,0.3,0.0,-1.7,-2.0,0.0,-2.1,-2.6,-3.8,-0.1,0.1,-0.3,0.1,0.1,0.7,-0.4,0.0,0.9,1.8,0.9,0.0,0.0,0.0,0.0,0.0,1.6,-1.6,0.7,0.2,2.7,0.4,0.2,0.1,0.0,0.0,0.9,1.2,0.0,1.9,0.0
2007-09,0.0,0.1,0.1,0.1,0.1,0.0,0.2,0.6,0.1,0.0,-0.9,-1.7,0.8,0.8,1.0,1.4,2.3,2.6,-0.4,0.0,-0.3,-0.1,0.1,0.0,0.0,0.0,0.0,0.0,-0.1,0.0,0.0,0.1,-0.2,0.0,0.2,0.5,0.5,0.4,0.0,-0.3,0.0,6.4,7.8,-0.1,8.5,8.7,12.6,0.5,0.7,2.2,0.2,-0.4,-1.3,-0.4,0.1,-0.8,-2.8,-0.4,0.0,0.0,0.0,0.0,0.0,-1.3,-1.2,0.3,-0.3,-2.2,-0.1,-0.1,-0.1,0.2,0.0,0.0,-0.4,0.0,-1.8,0.1
2007-10,0.3,0.2,0.2,0.2,0.1,0.1,0.2,0.6,0.1,-0.2,-0.4,-0.5,-0.2,0.2,0.0,0.1,3.0,3.2,1.0,0.3,0.5,0.0,0.0,0.0,0.0,0.0,0.1,0.0,0.2,0.7,1.0,0.7,0.8,0.0,0.4,0.6,0.6,1.5,0.5,0.0,0.0,1.1,1.8,0.5,1.9,0.7,0.8,-0.1,0.5,1.0,0.1,0.1,-0.1,0.3,0.0,0.3,0.3,0.3,0.0,0.0,0.0,0.0,0.0,-0.3,0.2,-0.3,0.1,-0.5,0.4,0.3,1.1,-0.1,0.1,0.0,0.8,0.0,-0.2,0.0
2007-11,-0.2,0.1,-0.2,0.2,0.0,0.0,-1.1,-6.9,0.1,0.0,-0.4,-0.7,0.9,-0.2,-5.5,-8.6,-11.8,-12.4,-0.5,0.5,0.2,-0.2,0.2,0.1,0.0,0.1,0.0,-0.1,0.0,0.9,0.0,0.5,7.9,0.0,0.0,-0.5,-0.3,0.2,0.4,0.3,0.0,0.6,1.3,0.0,1.5,-0.4,-0.5,-0.1,0.0,0.0,0.2,0.2,1.3,-0.4,0.0,0.6,-0.3,1.2,-0.1,0.0,0.0,0.0,0.0,-0.7,-2.4,-0.2,0.1,-1.0,-0.1,-0.2,-0.1,-0.1,0.0,0.0,2.0,0.0,-0.8,-0.1
2007-12,0.2,0.3,0.3,0.2,0.1,0.0,0.3,0.6,0.3,1.5,0.7,1.0,0.4,0.0,2.1,3.6,-4.4,-4.7,0.7,0.0,0.2,-0.2,-0.4,0.1,0.1,0.0,0.0,0.0,0.1,1.2,0.0,0.8,9.7,0.0,-0.2,-0.1,-0.8,-0.7,0.0,-0.1,0.0,-0.4,-0.7,0.3,-0.8,-0.3,-0.5,0.2,0.2,0.2,0.1,-0.2,-0.5,-0.3,0.0,0.9,1.3,1.2,0.0,0.0,0.0,0.0,0.0,0.0,-2.7,0.4,0.0,0.1,-0.1,0.1,-0.4,0.2,0.0,0.0,2.2,0.0,0.2,0.0
2008-01,-0.2,-0.4,-0.2,-0.3,-0.4,-0.6,0.6,1.9,0.2,0.9,1.6,2.0,0.8,-0.9,0.4,0.4,3.7,4.1,-0.7,0.5,0.6,0.0,0.2,0.0,0.0,0.0,0.0,0.0,0.1,0.8,1.1,1.6,0.2,0.0,-0.1,0.0,-0.9,-0.9,0.4,-0.1,0.0,-6.9,-10.3,-0.3,-11.1,-6.2,-8.3,-1.2,0.5,-5.1,0.4,0.2,0.3,0.1,0.0,-0.1,0.2,-0.4,0.0,0.0,0.0,0.0,0.3,-0.7,-2.4,0.1,0.0,-1.0,0.1,-0.2,0.4,0.2,0.0,0.0,0.4,0.2,-0.7,0.0
2008-02,-0.2,-0.1,-0.3,-0.2,-0.1,-0.3,-0.1,-1.6,0.3,1.3,-1.0,-1.4,0.4,1.0,0.2,0.1,-4.2,-4.6,0.6,-0.3,0.1,0.0,0.1,0.2,0.0,0.0,0.0,0.0,-0.1,0.0,0.0,0.5,-0.9,0.0,-0.2,-0.5,-0.1,-0.5,0.0,-0.2,0.0,-2.5,-4.1,0.1,-4.4,-2.4,-3.4,0.1,0.3,0.5,0.0,-0.1,-0.1,-0.2,0.0,-0.5,-1.1,-0.4,0.0,0.1,0.0,0.0,0.2,-0.4,-1.5,0.1,-0.2,-0.4,0.0,0.0,-0.1,0.4,0.0,0.0,-0.3,0.1,-0.5,0.0
2008-03,0.5,0.4,0.5,0.5,0.4,0.5,0.7,1.2,0.6,0.6,1.5,1.9,0.4,1.7,2.0,3.0,-3.3,-3.3,0.5,0.8,0.7,0.1,0.9,0.3,0.0,0.1,0.0,0.0,0.2,0.1,0.0,0.1,0.1,0.0,0.2,0.1,0.2,-0.3,0.1,0.9,0.0,4.1,8.1,0.1,9.0,0.9,1.1,0.6,-0.1,3.5,0.2,0.0,-0.1,0.1,0.0,0.4,1.1,0.3,0.0,0.0,0.0,0.0,0.1,0.6,-2.2,0.7,0.1,1.0,-0.1,0.0,-0.4,-0.2,0.0,0.0,0.2,0.0,0.7,0.0
2008-04,-0.1,0.0,0.0,0.0,0.3,0.2,0.5,-0.4,0.7,0.9,1.1,1.9,0.6,2.5,-0.7,-1.5,-2.0,-2.1,1.5,0.8,0.6,0.1,0.5,0.3,0.0,0.2,0.0,0.1,0.4,1.0,1.6,1.4,0.0,0.3,0.2,0.3,-0.7,0.8,0.1,0.3,0.3,3.8,3.4,0.1,3.6,7.7,11.1,-0.2,0.3,-0.1,0.5,-0.1,-0.1,-0.6,0.1,-3.5,-0.3,-6.0,0.0,0.6,0.7,0.0,0.0,0.4,-1.0,-0.2,0.4,0.9,0.1,0.3,0.3,0.6,0.0,-0.3,-3.8,0.5,0.4,0.0
2008-05,0.8,0.8,0.9,0.9,0.3,0.1,0.7,1.1,0.5,0.5,-0.6,-1.0,0.2,0.5,-1.2,-2.3,10.8,11.2,-0.2,2.4,0.8,0.0,0.5,0.3,0.0,0.0,0.0,0.1,-0.2,0.4,0.0,-0.2,3.3,0.0,0.1,-0.3,0.4,0.4,0.1,0.3,0.0,0.6,1.1,-0.2,1.2,0.5,0.8,-0.1,-0.3,0.0,0.3,0.0,-0.1,0.0,0.0,3.9,0.2,7.0,0.0,0.0,0.1,0.0,0.0,0.3,-1.2,0.2,-0.1,0.6,-0.1,-0.2,-0.5,0.4,0.0,0.0,6.7,0.1,0.2,0.0
2008-06,0.5,0.4,0.6,0.5,0.1,0.0,0.7,1.3,0.6,2.0,-0.4,-0.8,0.4,0.1,0.5,0.6,5.9,6.3,1.6,1.2,0.3,-0.2,0.1,0.1,0.1,0.1,0.0,0.0,0.2,1.4,0.0,0.1,12.7,0.0,-0.2,-0.7,0.2,-0.2,0.0,0.0,0.0,-0.2,-0.5,0.1,-0.5,-0.1,-0.3,0.1,0.1,-0.1,0.2,-0.1,0.0,-0.3,0.0,1.7,-0.4,2.8,0.5,0.0,0.0,0.0,0.0,-0.3,-3.3,-1.1,0.1,0.2,0.2,0.1,-0.1,1.0,0.0,0.0,3.8,0.0,-0.3,0.3
2008-07,0.2,0.4,0.3,0.4,0.0,-0.1,-0.2,-2.5,0.3,0.2,0.8,0.6,0.5,0.2,-1.4,-2.6,-6.7,-7.1,-0.3,1.2,0.2,0.2,0.0,0.2,0.0,0.1,0.0,0.0,0.4,2.3,1.6,1.7,8.8,0.0,0.3,-0.7,0.1,-0.1,0.4,1.9,0.0,-3.9,-4.2,-0.3,-4.6,-5.6,-7.8,-0.1,-1.0,-2.4,0.1,0.0,-0.1,0.1,0.0,1.4,1.3,2.0,0.0,0.0,0.0,0.0,0.0,0.5,-2.0,0.3,-0.1,1.0,0.0,-0.2,0.1,0.5,0.0,0.0,3.7,0.0,0.7,0.0
2008-08,0.3,0.2,0.3,0.3,0.2,0.1,0.5,1.5,0.3,0.1,2.9,3.8,0.2,0.6,-2.3,-4.0,7.0,7.4,1.4,-0.5,0.5,-0.2,0.0,0.2,0.0,0.0,0.0,-0.1,0.1,0.6,0.0,0.7,3.2,0.0,-0.5,-1.6,-0.5,-0.4,0.0,0.5,0.0,-1.7,-2.0,0.0,-2.2,-2.7,-4.0,0.0,0.2,-0.1,0.1,-0.1,-0.3,-0.4,0.1,0.5,1.5,0.4,0.0,0.0,0.0,0.0,0.0,1.5,-1.5,0.8,0.1,2.6,0.1,0.2,0.0,0.4,0.0,0.0,0.9,0.0,1.7,0.0
2008-09,0.0,0.0,0.0,0.0,0.2,0.2,0.2,0.3,0.2,0.2,-2.3,-4.5,-0.3,1.2,5.8,9.2,-5.5,-5.8,-0.1,0.3,-0.2,0.1,0.2,0.2,0.0,0.1,-0.1,-0.1,0.2,-0.4,-0.3,0.3,-3.0,0.0,0.4,0.2,1.1,-0.4,0.3,0.6,0.0,6.5,8.3,-0.2,9.2,8.3,12.0,0.4,1.4,2.1,0.3,0.2,0.4,0.5,0.0,-1.7,-2.4,-2.0,0.0,-0.1,0.0,0.0,-0.2,-1.2,-0.7,-0.3,-0.2,-1.8,0.0,-0.1,-0.4,0.4,0.0,0.0,-2.4,0.0,-1.6,0.0
2008-10,-0.1,-0.2,-0.1,-0.2,0.1,0.1,0.5,0.8,0.4,0.7,-0.5,-1.1,0.0,0.4,1.5,2.5,0.4,0.5,1.0,0.5,0.9,0.3,0.4,0.2,0.0,0.0,0.0,0.0,0.1,-0.4,0.6,1.1,-7.1,0.1,0.3,0.4,0.3,1.5,-0.2,0.7,0.0,1.2,1.7,-0.2,1.9,1.1,1.5,0.1,0.2,1.5,-0.1,-0.1,-0.2,-0.1,0.0,-1.7,-0.2,-2.9,0.0,0.1,0.0,0.0,0.1,-0.2,-1.7,-0.1,0.2,-0.4,0.0,0.3,0.0,0.3,0.0,0.0,-3.1,0.1,-0.2,0.0
2008-11,-0.9,-0.8,-1.1,-0.9,-0.1,-0.2,-0.7,-4.0,0.0,0.1,0.5,0.7,-0.2,-0.6,-4.3,-7.0,-5.5,-5.7,-0.2,0.0,0.2,-0.3,-0.1,0.0,0.0,0.0,0.0,0.0,0.1,-2.1,0.0,-0.1,-17.4,0.1,-0.1,0.1,0.0,0.0,0.4,-0.6,-0.8,0.5,0.8,0.0,0.8,0.0,0.0,0.1,-0.1,0.3,0.2,-0.2,-0.1,-1.0,0.0,-3.3,-0.4,-5.6,-0.3,0.0,0.0,0.0,0.0,-1.0,-1.9,0.0,0.0,-1.4,0.0,-0.1,-0.3,0.0,0.0,0.0,-7.0,0.0,-0.9,0.0
2008-12,-0.4,-0.5,-0.5,-0.6,-0.1,0.0,0.2,2.1,-0.1,-0.1,-0.2,-0.2,-0.6,-0.9,2.3,3.9,2.1,2.1,-0.4,0.0,0.1,-0.6,-0.2,0.1,0.0,0.0,0.0,-0.1,0.0,-1.7,0.0,-0.2,-15.9,0.0,-0.2,-0.6,-0.2,-0.1,-0.1,-0.2,0.0,-0.4,-0.7,-0.1,-0.7,-0.1,-0.3,0.2,0.2,-0.2,0.0,-0.1,-0.7,0.1,0.0,-2.0,1.0,-3.9,0.4,0.0,0.0,0.0,0.0,0.1,-3.9,0.2,0.0,0.4,-0.3,0.1,-0.1,-1.9,0.0,0.0,-5.3,0.0,0.2,0.0
2009-01,-0.6,-0.6,-0.6,-0.8,-0.6,-0.8,0.4,2.4,-0.1,0.0,0.5,0.8,0.1,-2.2,2.0,3.0,3.6,3.9,0.1,0.1,0.1,0.1,0.0,0.0,-0.1,0.0,-0.1,-0.1,0.1,1.4,4.4,1.5,-9.9,0.0,0.1,1.1,-1.3,-1.3,0.0,0.3,0.3,-8.0,-11.6,-0.2,-12.5,-7.6,-10.3,-1.0,-1.3,-4.9,0.1,0.7,0.3,-0.7,1.4,-1.4,-0.1,-2.6,0.0,0.0,0.0,0.0,0.3,-1.7,-2.6,-0.2,0.1,-2.6,0.0,0.0,0.1,-0.4,0.0,0.0,-1.2,0.1,-1.6,0.0
2009-02,-0.3,-0.1,-0.3,-0.1,-0.2,-0.2,-0.9,-4.5,-0.1,0.1,-1.1,-2.1,-0.2,0.3,-4.3,-6.7,-3.7,-4.0,0.2,-0.2,-0.1,-0.3,-0.6,0.0,-0.1,-0.1,-0.1,0.0,-0.2,-0.1,0.0,-0.3,-0.4,0.0,-0.4,-1.1,-0.3,-1.0,0.2,-0.4,0.0,-1.9,-3.0,-0.2,-3.3,-1.9,-2.7,0.0,1.1,-0.3,-0.1,-0.2,-0.2,-0.3,0.0,0.4,-0.8,1.2,0.0,0.4,0.0,7.6,0.5,-0.3,-3.3,0.0,-0.1,-0.2,0.0,-0.1,0.2,0.0,0.0,0.0,0.7,0.3,-0.4,0.0
2009-03,0.3,0.3,0.3,0.4,0.3,0.3,0.3,0.2,0.3,0.2,0.0,0.2,0.2,3.6,1.2,2.0,-3.0,-3.0,-1.4,0.6,0.3,-0.2,0.1,0.1,0.0,0.0,0.0,0.0,0.0,-0.5,0.0,-0.2,-6.0,0.0,-0.6,-1.1,-1.4,-0.9,-0.1,-0.5,0.0,3.8,7.6,0.3,8.3,0.4,0.3,0.6,0.0,3.8,0.0,0.1,-0.1,0.4,0.0,0.5,1.1,0.5,0.0,-0.2,0.0,0.0,-0.8,0.7,0.0,1.0,0.0,0.9,-0.2,-0.1,-0.7,-0.3,0.0,0.0,0.1,-0.2,0.8,0.0
2009-04,0.1,0.0,0.1,0.0,0.0,0.1,-0.1,0.9,-0.3,-0.7,0.2,0.6,-0.7,-0.9,3.9,6.4,-7.9,-8.3,0.8,0.1,-0.3,-0.5,-0.4,0.0,0.0,0.0,0.0,-0.1,0.1,-0.4,-0.7,-0.1,-1.8,0.6,-0.1,-0.4,0.5,0.7,-0.2,-0.7,0.4,4.0,3.4,-0.4,3.7,8.6,12.7,-0.1,0.5,-0.1,-0.1,-0.5,-2.0,-0.4,0.2,-0.1,-1.7,0.4,-0.3,0.6,0.8,0.0,0.1,-0.6,-3.2,-0.5,0.3,-0.6,0.1,0.0,0.0,0.2,0.0,0.2,0.2,0.8,-0.6,0.0
2009-05,-0.2,-0.2,-0.2,-0.3,0.0,0.0,0.1,1.5,-0.1,-0.8,-0.4,-0.7,-0.2,-0.2,-2.7,-4.2,15.8,16.8,-1.3,0.7,-0.4,-0.5,-0.2,0.1,0.0,-0.1,0.0,0.0,-0.1,-2.8,-5.4,-2.1,1.0,0.0,-0.5,-0.7,-0.4,-0.7,-0.2,-0.7,0.0,0.8,1.2,0.1,1.4,0.8,0.9,0.1,-0.1,-0.2,0.2,0.1,0.0,0.3,0.1,0.2,0.2,0.5,-0.3,0.1,0.0,0.0,0.0,0.0,-1.8,-0.1,-0.2,0.2,-0.1,-0.1,-0.1,0.0,0.0,0.0,-2.1,0.0,0.0,-0.2
2009-06,-0.2,-0.2,-0.2,-0.1,-0.2,-0.2,-0.5,-1.8,-0.3,-0.3,-1.1,-1.6,-0.5,-0.5,-2.4,-3.9,1.3,1.4,-1.6,0.1,0.0,-0.5,0.1,-0.1,0.0,0.1,0.0,0.0,0.1,-0.9,-1.6,-1.1,1.0,0.0,-0.3,-0.7,-0.1,-0.4,-0.1,-0.2,0.0,-0.5,-0.6,-0.2,-0.7,-0.8,-0.9,-0.1,-0.1,0.0,-0.1,-0.2,-0.4,-0.3,0.0,0.5,-0.6,1.0,0.0,0.0,0.0,0.0,0.0,-0.4,-3.2,-0.9,0.1,-0.2,0.0,0.1,-0.1,-0.3,0.0,0.0,0.1,0.0,-0.6,0.0
2009-07,-0.3,-0.2,-0.4,-0.3,-0.2,-0.3,-0.7,-3.3,-0.1,-0.3,0.5,1.1,-0.1,-0.4,-2.8,-4.5,-7.3,-7.8,0.2,-0.1,-0.2,-0.1,-0.3,-0.1,0.0,-0.1,0.0,-0.1,0.1,-0.9,-1.2,-2.3,3.9,0.0,-1.0,-1.7,-0.2,-0.5,-0.5,-1.2,0.0,-4.2,-4.8,0.2,-5.1,-5.8,-8.0,-0.5,-1.1,-3.0,0.2,0.3,1.4,-0.6,0.0,0.6,1.0,0.9,0.0,0.0,0.0,0.0,0.0,0.2,-2.6,-0.1,0.0,0.7,-0.2,-0.2,-0.4,-0.1,0.0,0.0,0.3,-0.1,0.5,0.0
2009-08,0.3,0.0,0.3,0.0,0.0,0.1,1.1,8.0,-0.3,-0.3,0.9,1.7,-0.4,-0.4,8.0,13.8,7.5,7.9,-1.0,-0.3,0.1,-0.2,-0.4,0.0,0.0,0.0,0.0,0.0,0.0,-0.5,-0.8,-0.6,0.5,0.0,-0.7,-1.6,-1.2,-1.1,-0.2,-0.1,0.0,-1.6,-1.6,0.1,-1.7,-2.8,-3.9,-0.2,-0.3,-0.2,0.0,-0.1,-0.3,-0.1,0.0,0.2,1.8,0.0,-0.7,0.0,0.0,0.0,0.0,1.4,-0.5,0.5,0.1,2.3,0.0,0.1,-0.1,-0.1,0.0,0.0,-0.5,0.0,1.6,-0.5
2009-09,0.0,0.1,0.1,0.1,0.1,0.1,-0.2,-1.5,0.2,0.0,-1.6,-2.8,0.1,1.1,0.6,0.8,-3.1,-3.3,2.5,0.2,-0.7,-0.2,0.1,0.0,0.0,0.0,0.0,0.0,-0.1,-0.5,-1.0,-1.0,2.3,0.0,0.0,-0.1,0.1,0.6,-0.1,-0.2,0.0,6.0,6.6,0.3,7.2,9.4,13.3,0.6,0.9,2.4,0.0,-0.1,0.1,-0.3,0.0,-0.1,-2.6,0.7,0.0,-0.1,0.0,0.0,0.0,-1.4,-1.7,-0.8,-0.1,-1.8,0.1,-0.1,0.2,0.5,0.0,0.0,0.5,0.1,-1.8,0.0
2009-10,-0.4,-0.1,-0.5,-0.1,-0.1,0.0,-1.1,-6.0,-0.3,-0.6,-0.5,-0.7,-0.6,0.2,-7.2,-11.5,-3.4,-3.5,-0.4,-0.3,-0.3,0.0,0.1,0.0,-0.1,-0.1,-0.1,0.0,-0.2,-0.3,-0.3,-0.8,0.5,0.0,0.0,0.0,0.7,1.5,-0.1,-0.7,0.1,0.9,1.6,-0.6,1.7,0.4,0.7,-0.1,-0.3,1.2,-0.2,-0.2,-0.4,-0.4,0.0,-0.1,0.1,-0.3,0.0,0.0,0.0,0.0,-0.1,-0.5,-0.5,-0.7,0.0,-0.6,0.0,0.1,-0.2,0.0,0.0,0.0,-0.6,-0.1,-0.4,0.0
2009-11,-0.2,-0.2,-0.3,-0.2,-0.1,-0.1,-0.8,-3.5,-0.1,-0.5,-1.0,-1.2,0.2,-0.4,-2.6,-4.1,-6.1,-6.4,0.5,-0.1,-0.4,-0.1,-0.2,-0.1,0.0,-0.1,0.0,-0.1,-0.1,0.1,0.3,0.1,-0.3,0.0,-0.4,-1.6,-0.3,0.1,0.3,0.0,0.0,0.3,0.7,0.3,0.7,0.0,-0.1,-0.1,0.3,-0.1,0.4,0.1,-0.2,0.1,0.1,-0.3,-0.4,-0.4,0.0,0.0,0.0,0.0,0.0,-0.6,-2.0,-0.3,0.0,-0.9,-0.1,-0.1,-0.2,0.2,0.0,0.0,-0.2,0.0,-0.6,0.0
2009-12,-0.2,-0.1,-0.1,-0.1,-0.2,-0.2,-0.2,0.6,-0.4,-0.4,0.5,1.1,-0.4,0.4,0.6,1.3,-1.5,-1.4,-1.4,-0.7,-0.3,-0.6,-0.3,0.0,-0.1,0.0,0.0,-0.1,0.0,0.5,0.5,0.4,1.6,0.0,-0.9,-1.9,-0.8,0.1,-0.5,-0.9,0.0,-0.7,-0.9,0.0,-0.9,-0.8,-0.8,-0.5,-0.7,-0.3,-0.1,-0.5,-1.5,-0.5,0.0,0.1,1.0,0.0,0.0,0.0,0.0,0.0,0.0,-0.1,-3.0,-0.7,0.0,0.3,-0.1,0.1,-0.4,-0.3,0.0,0.0,0.3,0.0,0.1,0.0
2010-01,-0.2,-0.6,-0.3,-0.7,-0.7,-0.8,1.0,6.4,-0.1,-0.4,0.5,0.8,0.1,-1.5,7.5,12.6,4.6,4.9,0.3,0.0,-0.1,0.2,0.2,-0.1,0.0,-0.1,0.0,-0.1,-0.1,0.4,0.2,0.9,1.1,0.0,-0.7,-1.3,-1.0,-2.5,0.0,-0.1,0.0,-7.6,-11.6,-1.3,-12.5,-6.4,-8.5,-1.0,-1.2,-4.4,0.2,0.1,0.2,-0.2,0.1,-0.1,-0.2,-0.2,0.0,0.0,0.0,0.0,0.0,-1.4,-3.1,0.1,0.1,-2.2,0.0,-0.1,0.0,-0.1,0.0,0.0,0.3,0.1,-1.3,0.0
2010-02,0.0,0.0,0.0,0.0,-0.1,-0.1,-0.2,-0.8,-0.1,-0.2,-1.3,-1.9,-0.3,0.4,-0.5,-0.7,0.6,0.6,0.1,-0.4,0.2,-0.1,-0.3,0.1,-0.1,0.0,-0.1,-0.1,0.0,0.7,0.4,0.7,4.6,0.0,-0.3,-0.1,-0.8,-1.1,-0.3,-0.3,0.0,-0.9,-0.4,0.7,-0.4,-2.1,-2.9,-0.4,-0.4,-1.6,0.1,-0.2,-0.4,-0.3,0.0,0.1,-1.0,0.6,-0.2,0.1,0.0,0.0,0.3,0.1,-1.1,-0.3,0.0,0.6,-0.1,0.2,-0.4,-0.1,0.0,0.0,1.3,0.0,-0.1,0.0
2010-03,0.3,0.2,0.3,0.3,0.2,0.3,0.2,1.6,-0.1,-0.1,0.7,1.7,-0.1,-0.1,0.2,0.5,3.5,3.6,0.0,0.0,-0.4,-0.1,0.0,0.1,0.0,0.0,0.0,0.0,0.0,0.3,0.4,0.7,-0.5,0.0,-0.7,-1.2,-1.1,-1.2,-0.1,-0.6,0.0,3.9,8.2,0.5,8.6,-0.6,-0.8,0.0,0.4,5.2,-0.1,0.2,0.8,-0.3,0.0,0.2,1.3,0.2,-0.3,0.0,0.0,0.0,-0.1,0.4,-2.0,0.4,-0.1,1.3,0.1,-0.2,0.5,0.1,0.0,0.1,0.6,0.0,0.6,0.0
2010-04,0.0,-0.2,0.1,-0.2,-0.2,-0.3,0.7,5.5,-0.2,0.0,0.3,0.8,-0.9,-0.6,8.7,13.8,-2.9,-2.9,-0.6,0.3,-0.2,-0.1,-0.2,-0.1,0.0,-0.1,0.0,0.0,-0.2,-0.4,-1.1,-0.3,2.2,0.2,0.2,0.6,-0.5,1.6,-0.1,-0.3,0.1,2.5,0.4,-0.1,0.4,8.3,12.6,-0.4,0.1,-0.4,-0.2,0.2,0.7,0.1,0.0,0.2,-1.9,0.9,-0.1,-8.4,-12.0,0.4,0.0,0.5,2.0,-0.5,0.1,0.5,0.0,0.2,-0.3,-0.1,0.0,0.0,0.6,-6.9,0.1,0.0
2010-05,-0.1,0.0,-0.1,0.0,-0.2,-0.2,-0.3,-1.3,-0.2,-0.1,0.1,0.2,-0.1,0.1,-4.3,-6.4,7.1,7.5,0.0,-0.8,-0.2,-0.4,-0.1,0.1,0.0,-0.1,0.0,0.0,-0.1,0.7,0.4,0.5,6.3,0.0,-0.7,-2.0,0.1,-0.2,-0.1,0.1,0.0,-0.2,-0.4,0.0,-0.4,0.0,0.1,-0.1,0.1,-0.2,0.0,-0.1,0.1,-0.6,0.0,0.5,0.2,1.0,-0.3,0.0,0.0,0.0,0.0,-0.4,-2.9,-0.2,0.0,0.2,-0.1,-0.3,-0.1,-0.2,0.0,0.0,1.8,0.0,-0.3,0.0
2010-06,-0.2,-0.2,-0.2,-0.2,-0.2,-0.2,-0.2,-1.1,0.0,-0.1,-0.3,-0.4,0.3,-0.3,-3.6,-5.7,6.3,6.6,0.2,0.3,0.0,-0.3,-0.2,0.0,0.0,0.0,0.0,0.0,-0.1,0.2,0.3,0.4,-0.5,0.2,-1.1,-2.6,-0.6,0.5,-0.1,-0.6,0.0,-0.4,-0.5,0.0,-0.6,-0.7,-1.0,0.2,0.2,-0.2,0.1,0.0,0.1,0.0,0.0,-0.4,-0.7,-0.4,-0.1,0.0,0.0,0.0,0.0,-0.6,-3.5,-0.2,0.1,0.0,0.0,0.2,-0.1,0.1,0.0,0.0,-0.2,0.0,-0.7,0.0
2010-07,-0.6,-0.4,-0.7,-0.5,-0.4,-0.5,-0.9,-4.9,-0.2,-0.4,-0.2,-0.2,0.3,0.2,-2.2,-3.3,-12.8,-13.4,-0.7,-0.5,-0.3,-0.4,-0.1,0.0,0.0,0.0,0.0,0.0,0.0,0.3,0.5,0.4,-1.0,-0.1,-1.2,-3.1,-0.2,-0.8,-0.2,-0.2,0.0,-4.0,-4.8,-0.4,-5.0,-5.5,-7.8,-0.4,-0.7,-2.5,0.0,-0.1,0.1,-0.5,0.0,-0.5,0.6,-0.7,-0.5,0.0,0.0,0.0,0.0,-0.6,-5.9,-0.5,0.1,0.8,-0.1,-0.2,-0.1,-0.5,0.0,0.0,-0.3,0.0,-0.4,0.0
2010-08,0.1,0.0,0.2,0.0,0.0,0.0,0.4,3.7,-0.1,-0.2,0.5,1.0,-0.3,-0.5,3.3,5.5,3.8,4.0,-0.7,-0.2,0.4,0.0,-0.7,0.1,-0.1,-0.1,0.0,0.0,-0.2,0.5,0.8,0.5,-0.4,0.0,-1.0,-2.3,-0.4,0.1,-0.3,-0.5,0.0,-1.7,-1.6,0.0,-1.7,-3.1,-4.5,0.0,-0.5,-1.0,0.0,-0.3,-0.8,-0.3,0.0,0.3,3.8,-0.3,0.0,0.0,0.0,0.0,0.0,0.7,-5.4,0.3,0.0,2.7,0.0,0.2,-0.5,0.4,0.0,0.0,0.1,0.0,1.3,0.0
2010-09,0.2,0.0,0.2,0.0,0.0,0.0,0.9,4.8,0.1,-0.1,0.2,0.5,-0.1,1.3,5.5,8.5,3.8,4.0,0.2,0.2,0.0,-0.1,0.6,0.2,0.0,0.0,0.0,0.0,0.0,0.1,0.4,0.1,-1.3,0.0,0.2,0.4,0.8,-0.1,0.2,-0.1,0.0,6.6,7.9,0.6,8.3,9.9,14.8,0.1,0.7,2.9,-0.1,0.1,0.3,-0.2,0.0,-0.9,-4.4,-0.3,-0.1,0.0,0.0,0.0,-0.1,-1.6,-3.4,-0.4,-0.1,-2.0,0.1,-0.2,0.5,0.0,0.0,0.0,-0.1,0.0,-2.3,0.0
2010-10,0.3,0.3,0.4,0.4,0.3,0.5,0.1,1.4,-0.2,-1.1,-2.1,-3.3,-0.2,0.1,3.6,5.5,-0.1,-0.1,-0.6,0.1,-0.1,0.1,-0.1,0.0,0.0,-0.1,0.0,0.0,-0.2,-0.1,-0.1,-0.1,-0.3,0.0,-0.3,-1.0,-0.3,1.2,-0.2,0.0,0.0,0.1,0.1,0.2,0.1,-0.3,-0.4,0.0,0.0,1.6,-0.1,0.3,-0.2,2.0,0.0,-0.2,1.4,-0.5,-0.4,0.0,0.0,0.0,0.0,0.2,-0.9,-0.2,0.0,0.7,5.8,0.1,-0.2,0.1,38.3,7.3,-0.2,0.0,0.4,0.0
2010-11,-0.3,-0.2,-0.4,-0.3,-0.2,-0.3,-0.4,-2.2,-0.1,-0.6,0.4,0.9,0.1,-0.4,-2.9,-4.2,-2.3,-2.4,0.3,0.3,0.1,0.0,-0.2,0.0,0.0,0.0,0.0,0.0,0.0,-0.4,-0.7,-0.3,0.1,0.0,-0.1,-0.7,0.3,0.3,0.4,0.2,0.0,0.7,1.8,0.5,1.9,-0.2,-0.7,0.9,-0.2,0.1,0.2,-0.1,-0.3,-0.2,0.0,-0.2,-0.4,0.0,-0.3,0.0,0.0,0.0,0.0,-1.5,-2.5,-0.5,0.0,-1.9,0.0,-0.2,0.1,0.0,0.0,0.0,-0.3,0.0,-1.4,0.0
2010-12,-0.3,-0.1,-0.3,-0.1,-0.1,-0.1,-0.9,-4.3,-0.2,-0.9,0.7,1.1,0.1,1.0,-7.7,-11.4,2.4,2.6,-0.6,-0.6,-0.2,-1.0,-0.5,0.0,0.0,0.0,0.0,-0.1,0.0,-0.1,-0.4,-0.1,2.2,0.0,-0.1,0.7,-0.9,-0.4,-0.3,-0.9,0.0,-0.7,-1.2,-0.2,-1.2,-0.6,-0.7,-0.2,-0.2,-0.3,0.0,-0.2,-0.4,-0.6,0.0,0.4,2.1,0.1,-0.1,0.0,0.0,0.0,0.0,-0.2,-1.2,0.1,0.1,0.0,-0.1,0.2,-0.7,-0.1,0.0,0.0,0.2,0.0,0.2,0.0
2011-01,-0.1,-0.3,-0.1,-0.4,-0.4,-0.5,0.8,4.8,0.0,-0.1,1.0,1.5,0.4,-1.3,3.2,4.9,8.9,9.3,-0.2,0.2,-0.1,0.4,0.5,0.0,0.0,0.0,0.0,0.0,0.1,0.3,-0.5,0.1,6.2,0.0,-0.7,-1.6,-1.2,-0.8,-0.2,0.3,0.0,-6.5,-9.6,-0.4,-10.0,-5.9,-8.1,-1.1,-0.7,-5.4,0.1,-0.1,0.0,-0.3,0.0,0.5,-0.3,0.7,0.4,0.1,0.0,0.0,0.2,-0.8,-2.0,0.2,0.2,-1.1,0.0,-0.2,0.3,-0.4,0.0,0.0,1.0,0.0,-0.8,0.0
2011-02,0.0,0.0,0.0,0.0,-0.1,-0.1,0.1,0.1,0.0,-0.1,-2.0,-3.3,-0.3,0.5,2.1,3.2,-0.8,-0.8,0.6,0.0,0.3,0.2,-0.1,0.0,0.0,0.0,0.0,0.0,0.0,0.2,-0.3,0.1,3.6,0.0,-0.2,-0.4,-0.5,-1.4,0.2,-0.2,0.0,-0.2,0.8,0.6,0.8,-1.5,-2.2,0.0,-0.1,-0.9,-0.1,-0.1,-0.1,-0.2,0.0,0.1,-1.3,0.3,0.3,0.1,0.0,0.0,0.3,-0.2,-2.9,0.1,-0.1,0.3,-0.1,0.2,-0.3,-0.4,0.0,0.0,0.5,0.0,-0.4,0.0
2011-03,0.3,0.4,0.3,0.4,0.2,0.2,-0.3,-1.9,0.1,0.0,1.2,2.2,0.1,0.1,-2.6,-4.1,-3.1,-3.2,0.4,0.0,0.0,0.2,0.1,0.0,0.0,-0.1,0.0,-0.1,0.0,0.5,0.2,0.2,5.2,0.0,-0.4,-1.0,-0.4,-0.5,0.0,-0.1,0.0,3.9,7.7,0.1,8.1,0.4,0.2,0.7,0.3,4.6,0.2,-0.4,-1.5,0.3,0.0,1.4,1.2,1.9,0.4,-0.1,0.0,0.0,-0.3,-0.1,-4.0,-0.1,0.0,0.9,-0.1,-0.4,-0.4,0.6,0.0,0.0,2.5,0.0,0.2,0.0
2011-04,0.1,0.3,0.2,0.3,0.2,0.0,0.0,-3.2,0.6,0.8,0.3,0.0,0.4,3.1,-0.9,-1.7,-9.4,-10.0,1.5,0.8,0.4,1.2,0.0,0.0,0.0,0.0,0.0,0.0,0.0,0.6,0.7,0.3,3.8,-0.6,0.1,-0.1,-0.5,1.3,0.1,0.6,-0.5,2.6,0.6,-0.3,0.6,8.4,12.5,-0.1,-0.3,0.4,-0.3,-0.1,-0.4,0.3,0.0,0.5,-0.8,1.1,0.0,0.1,0.4,0.0,-0.5,-0.8,-6.0,-0.7,0.1,0.1,0.0,0.2,0.0,-0.1,0.0,0.0,1.5,0.1,-0.9,0.0
2011-05,0.0,0.1,0.0,0.1,0.1,0.2,-0.6,-2.6,-0.3,-0.3,-0.3,-0.3,-0.4,-1.0,-5.1,-7.9,3.9,4.1,-0.7,-0.7,-0.1,0.0,-0.1,0.0,0.0,0.0,0.0,0.0,0.1,0.7,0.8,0.5,1.3,0.6,-0.5,-1.6,0.5,-0.1,0.1,-0.2,0.0,-0.2,-0.4,-0.1,-0.4,-0.1,0.0,-0.3,0.2,0.1,0.1,0.9,2.7,0.7,0.0,0.0,0.0,0.0,-0.1,0.0,0.0,0.0,0.0,0.7,0.8,0.8,0.1,0.7,0.0,-0.2,0.1,-0.1,0.0,0.0,0.6,0.0,0.6,0.0
2011-06,-0.2,-0.3,-0.2,-0.3,-0.2,-0.2,0.1,2.0,-0.2,0.0,0.2,0.1,0.0,-2.0,3.1,4.9,-0.2,-0.2,-0.4,-0.3,-0.1,-0.5,-0.4,0.0,0.0,0.0,-0.1,-0.1,0.0,0.4,0.9,0.5,-1.5,-0.1,-0.9,-2.3,0.1,0.0,0.0,-0.9,0.0,-0.4,-0.3,0.7,-0.4,-0.7,-0.8,-0.3,-0.1,-0.2,0.0,-0.1,-0.2,-0.4,0.0,-0.8,-0.5,-0.8,-1.0,0.0,0.0,0.0,0.0,-0.5,0.1,-1.0,0.1,-0.6,0.0,0.1,-0.2,0.0,0.0,0.0,-0.6,0.0,-0.6,0.0
2011-07,0.0,0.0,0.0,0.0,-0.1,-0.1,0.1,1.0,-0.1,0.3,0.7,1.4,-0.3,-0.8,1.1,1.7,-0.9,-0.9,-0.6,-0.1,0.3,-0.1,-0.2,0.0,0.0,0.0,-0.1,0.0,0.0,0.6,1.2,0.6,-1.3,0.2,-0.9,-2.8,0.1,0.6,-0.3,0.0,0.0,-3.3,-3.8,-0.3,-3.9,-4.9,-6.7,-0.7,-0.4,-2.0,0.2,-0.7,-2.3,-0.3,0.0,0.6,2.0,0.3,0.6,0.0,0.0,0.0,0.0,0.5,-3.7,0.3,0.0,1.5,-0.1,-0.2,-0.2,-0.4,0.0,0.0,0.8,0.0,0.7,0.0
2011-08,0.1,0.1,0.1,0.2,0.0,0.1,0.0,0.1,0.0,0.5,1.2,1.8,-0.1,-0.3,-1.3,-1.9,1.2,1.3,-0.3,-0.2,0.1,-0.4,-0.4,0.0,0.0,-0.1,0.0,-0.1,0.0,0.6,1.1,0.5,0.0,0.0,-1.2,-3.4,-0.7,0.3,0.2,-0.3,-0.1,-1.5,-1.5,-0.3,-1.5,-3.0,-4.3,-0.3,0.3,-0.2,0.0,-0.1,-0.2,-0.4,0.0,0.5,1.9,0.4,-0.1,0.0,0.0,0.0,0.0,1.1,-3.1,-0.3,0.1,2.6,0.0,0.2,-0.2,-0.1,0.0,0.0,1.0,0.0,1.3,0.0
2011-09,0.0,0.0,0.0,0.0,0.1,0.0,0.2,0.6,0.2,0.4,0.0,-0.3,0.3,0.2,5.4,8.6,-11.7,-12.3,0.4,0.0,0.0,0.1,0.5,0.0,0.0,0.0,0.0,0.0,0.0,0.3,0.9,0.6,-2.7,0.0,-0.9,-3.1,0.6,0.4,0.2,-0.3,0.0,6.0,7.0,-0.1,7.3,9.8,14.3,0.7,0.2,1.9,-0.1,0.1,0.3,-0.1,0.0,-1.2,-3.2,-1.0,-0.3,0.0,0.0,0.0,-0.1,-1.0,-0.2,-0.4,-0.1,-1.5,0.0,-0.2,0.5,-0.2,0.0,0.0,-0.7,0.0,-1.5,0.0
2011-10,0.1,-0.1,0.1,-0.1,0.0,-0.1,0.8,4.2,0.1,1.4,-1.7,-3.0,-0.1,0.3,6.3,9.7,3.6,3.8,-0.4,0.1,0.1,-0.6,-0.2,0.0,0.0,0.0,0.0,0.0,0.0,0.3,0.8,0.8,-3.3,0.1,-0.1,-0.6,-0.6,1.1,0.0,0.1,0.0,0.4,0.6,0.1,0.6,-0.1,-0.3,0.2,-0.3,2.7,-0.1,-0.2,-0.4,-0.3,0.0,-0.4,0.1,-0.6,-0.2,0.0,0.0,0.0,0.0,-0.4,-3.2,0.6,0.0,-0.2,-0.1,-0.1,-0.3,-0.1,0.0,0.0,-0.4,0.0,-0.3,0.0
2011-11,-0.6,-0.3,-0.7,-0.3,-0.3,-0.4,-1.4,-8.5,0.0,0.5,-0.2,-0.3,-0.3,-0.3,-12.6,-18.8,2.7,2.8,-0.4,-0.2,0.1,0.2,-0.2,0.0,0.0,0.0,0.0,-0.1,0.1,0.3,0.4,0.7,-0.2,0.0,-0.4,-1.5,0.0,-0.2,0.1,0.1,0.0,0.4,1.0,-0.1,1.1,-0.3,-0.5,0.2,0.0,0.6,0.1,-0.1,-0.2,-0.3,0.0,0.0,-0.6,0.0,0.4,0.0,0.0,0.0,0.0,-2.4,-3.4,-1.4,0.0,-3.1,0.1,0.0,0.4,0.1,0.0,0.0,0.2,0.0,-2.3,-0.4
2011-12,0.0,0.0,0.1,0.0,-0.1,-0.1,0.2,1.8,-0.1,0.0,1.2,2.0,0.1,-0.2,0.0,0.3,4.2,4.4,-0.3,-0.2,0.0,-0.5,-0.4,0.0,0.0,0.0,0.0,0.0,0.1,0.2,0.0,0.3,1.9,0.0,-0.8,-1.9,-0.2,-0.1,-0.1,-0.7,0.0,-0.7,-1.0,-0.1,-1.1,-0.8,-1.1,-0.1,0.0,-0.9,0.1,-0.2,-0.6,-0.4,0.0,0.3,1.0,0.2,-0.1,0.0,0.0,0.0,0.0,0.1,-3.9,0.3,0.1,0.8,-0.1,0.2,-0.8,0.7,0.0,0.0,0.4,0.1,0.4,0.0
2012-01,0.2,-0.2,0.3,-0.3,-0.2,-0.3,1.8,12.0,0.0,0.2,2.1,3.4,0.3,-1.3,10.9,17.4,14.0,14.8,0.6,-0.2,-0.1,0.3,0.3,0.0,-0.1,0.0,-0.1,0.0,0.0,-0.1,-0.3,-0.2,0.5,0.0,3.4,11.0,0.1,-0.2,0.2,0.3,0.0,-5.9,-9.0,-0.1,-9.4,-4.7,-6.6,-0.2,-0.5,-5.4,0.0,0.1,0.2,0.0,0.0,0.3,0.2,0.4,0.0,0.1,0.0,0.0,0.2,-1.1,-3.0,0.5,0.0,-1.5,-0.1,-0.2,-0.1,-0.6,0.0,0.0,-0.3,0.0,-1.0,-0.1
2012-02,0.2,0.2,0.2,0.2,0.2,0.2,0.2,0.5,0.1,0.3,-1.8,-3.2,-0.1,0.6,0.6,0.7,4.4,4.6,-0.2,0.1,0.3,-0.3,-0.1,0.0,0.0,-0.1,0.0,0.0,-0.1,0.1,0.0,0.0,0.9,0.0,-0.8,-2.5,-0.2,-0.1,0.3,-0.2,0.0,-0.1,1.0,0.5,1.1,-1.8,-2.4,-0.5,0.0,-0.3,0.0,-0.2,-0.5,-0.1,0.0,-0.3,-1.4,0.0,-0.3,0.1,0.0,0.0,0.3,2.0,25.7,0.4,0.0,-0.9,0.0,0.1,-0.3,0.3,0.0,0.0,0.1,0.1,1.6,0.0
2012-03,0.5,0.5,0.6,0.6,0.2,0.3,0.1,0.5,0.0,0.0,0.4,0.8,0.0,0.2,0.7,1.0,-0.6,-0.6,0.0,0.1,-0.2,0.4,0.2,0.0,0.0,0.0,0.0,0.0,0.0,0.6,0.2,-0.1,7.0,0.0,-0.3,-0.6,-0.5,-0.3,0.3,-0.4,0.0,3.4,6.3,-0.1,6.6,0.8,0.9,0.4,0.3,4.2,-0.1,-0.1,-0.3,0.1,0.0,1.5,1.3,2.4,-0.5,0.0,0.0,0.0,0.0,0.6,-2.6,0.6,0.0,1.5,0.1,-0.1,0.3,0.2,0.0,0.0,3.1,0.0,0.8,0.0
2012-04,0.1,0.2,0.1,0.3,0.1,0.2,-0.7,-4.1,0.0,-0.1,0.0,-0.1,-0.6,-0.5,-1.6,-2.5,-11.0,-11.5,-0.1,0.1,0.4,0.0,-0.4,0.0,0.0,0.0,0.0,0.0,0.0,0.6,0.3,1.0,1.6,0.2,0.0,-0.3,0.1,1.3,0.5,-0.3,0.1,2.1,0.7,0.3,0.8,6.6,9.8,-0.2,-0.2,-0.2,0.0,0.2,-0.1,0.6,0.2,0.4,-0.3,0.6,0.4,0.2,0.3,2.6,-0.2,0.3,-1.1,-0.6,0.1,1.0,0.1,0.1,-0.1,0.1,0.0,0.2,1.2,0.2,0.1,0.0
2012-05,-0.3,-0.2,-0.3,-0.2,-0.1,-0.1,-0.4,-1.7,-0.1,0.1,-1.1,-2.1,-0.4,0.3,-3.3,-5.2,5.2,5.5,-0.8,-0.5,0.1,-0.3,0.0,0.0,-0.1,0.0,-0.1,-0.1,0.0,0.0,0.0,0.5,-1.6,0.0,-1.0,-2.8,-0.5,-0.3,0.1,-0.3,0.0,-0.2,-0.2,0.7,-0.3,-0.2,-0.3,0.0,0.0,-0.1,0.1,0.2,0.7,0.0,0.0,-0.6,0.2,-1.1,0.0,0.0,0.0,0.0,0.0,-0.5,-5.5,-0.4,0.1,0.4,0.0,-0.1,0.1,0.0,0.0,0.0,-1.0,0.0,-0.4,0.0
2012-06,-0.5,-0.3,-0.6,-0.4,-0.2,-0.2,-0.7,-4.5,0.0,0.3,1.3,2.1,0.1,-0.5,-5.8,-9.0,-4.9,-5.2,0.3,0.2,-0.1,0.0,-0.4,0.0,0.0,0.0,0.0,0.0,0.1,-0.1,0.6,0.3,-5.2,0.0,-0.5,-1.6,-0.4,-0.3,0.4,-0.2,0.0,-0.3,-0.4,-0.1,-0.4,-0.5,-0.6,-0.2,0.3,-0.1,0.0,-0.1,-0.4,0.1,0.0,-1.4,-0.6,-2.2,0.0,0.0,0.0,0.0,0.0,-0.8,-4.0,-0.5,0.0,-0.5,-0.1,0.1,-0.3,-0.1,0.0,0.0,-2.2,0.0,-0.9,0.0
2012-07,-0.3,-0.2,-0.3,-0.2,-0.1,-0.2,-0.5,-3.1,0.0,-0.2,-0.9,-1.6,0.0,-0.2,-0.8,-1.2,-7.7,-8.1,-0.4,0.0,0.7,-0.5,0.1,0.0,0.0,0.0,0.0,0.0,0.0,0.1,0.8,0.0,-2.8,0.0,-0.6,-1.8,0.0,0.4,-0.1,-0.2,0.0,-3.0,-3.5,0.0,-3.6,-4.1,-5.8,-0.3,-0.8,-1.9,0.1,-0.1,-0.1,-0.5,0.0,-0.2,1.5,-0.6,-0.4,0.0,0.0,0.0,0.0,0.2,-1.2,-0.6,0.0,0.8,-0.1,-0.1,-0.2,-0.4,0.0,0.0,-0.5,0.0,0.5,-0.1
2012-08,0.1,0.2,0.2,0.2,0.1,0.1,-0.2,-0.4,-0.2,-0.1,0.6,1.3,0.1,-0.6,-2.2,-3.4,2.5,2.7,-0.1,-0.2,-0.4,-0.8,-0.4,0.0,0.0,-0.1,0.0,-0.1,-0.1,0.8,1.6,0.3,0.2,0.0,-1.0,-3.0,-0.6,-0.7,-0.1,-0.1,0.0,-2.0,-1.8,0.0,-1.9,-4.0,-5.9,0.0,0.3,-0.7,0.0,-0.2,-0.3,-0.5,0.0,0.6,2.5,0.4,-0.1,0.0,0.0,0.0,0.0,1.6,-4.5,0.9,0.2,3.3,0.0,0.1,-0.1,0.4,0.0,0.0,1.2,0.0,2.0,0.0
2012-09,0.1,0.2,0.2,0.3,0.0,-0.1,-0.1,-1.5,0.1,0.1,-1.1,-2.0,0.2,0.4,0.2,0.1,-3.5,-3.7,-0.2,0.3,-0.3,1.1,0.3,0.0,0.0,0.0,0.0,0.0,-0.1,1.4,2.6,-0.1,3.0,0.0,0.0,-0.6,0.7,0.2,0.2,0.2,0.0,6.1,6.9,0.1,7.3,10.0,14.7,0.3,0.5,1.8,-0.1,0.1,0.4,0.2,0.0,0.2,-3.8,1.3,0.0,0.0,0.0,0.0,0.0,-1.8,0.0,-0.3,0.0,-3.0,0.1,-0.1,0.3,0.0,0.0,0.0,2.7,0.0,-2.4,0.0
2012-10,0.0,0.0,0.0,0.0,0.0,0.0,0.1,1.0,0.0,0.7,0.5,0.6,-0.8,0.4,2.5,4.1,-3.7,-3.9,0.4,0.4,-0.5,-0.7,0.0,0.0,0.0,0.0,0.0,0.0,0.0,-0.2,-0.5,0.3,0.0,0.0,0.2,0.0,0.1,0.8,0.0,0.6,0.0,0.4,0.7,-0.1,0.8,-0.2,-0.4,0.2,-0.1,1.8,0.1,0.0,-0.1,0.1,0.0,0.2,0.2,0.3,0.0,0.0,0.0,0.0,0.0,-0.3,0.4,-0.6,0.0,-0.3,-0.1,0.0,-0.4,0.1,0.0,0.0,-0.2,0.0,-0.2,-0.6
2012-11,-0.4,-0.3,-0.4,-0.4,-0.3,-0.3,-0.3,-1.7,0.0,-0.1,-0.9,-1.1,0.0,0.5,-1.9,-2.9,-0.5,-0.5,-0.2,0.1,-0.1,0.3,-0.1,0.0,0.0,0.0,0.0,0.0,0.0,-0.3,-0.6,0.3,-1.6,0.0,-0.6,-2.2,0.3,0.3,0.1,-0.2,0.0,0.3,0.7,-0.3,0.8,-0.4,-0.6,0.1,0.1,0.4,0.0,-0.4,-1.0,-0.4,0.0,-0.7,-0.4,-0.6,-1.0,0.0,0.0,0.0,0.0,-1.3,-1.0,-0.6,0.0,-1.8,0.0,0.0,-0.1,-0.1,0.0,0.0,-0.8,0.0,-1.2,0.0
2012-12,0.0,-0.1,0.1,-0.1,-0.2,-0.1,0.4,4.6,-0.3,-0.5,0.5,1.0,-0.2,0.5,3.2,5.5,7.9,8.4,-0.6,-0.9,0.0,-0.9,-0.7,0.0,0.0,0.0,0.0,0.0,0.0,0.0,-0.4,0.1,2.3,0.0,-0.7,-1.7,0.3,-0.3,-0.2,-0.8,0.0,-0.6,-1.0,0.1,-1.0,-0.6,-0.9,0.2,-0.1,0.0,0.0,-0.3,-0.3,-1.0,0.0,0.3,1.0,0.3,0.0,0.0,0.0,0.0,0.0,-0.3,-1.7,0.5,0.0,-0.3,-0.1,0.2,-0.7,0.2,0.0,-0.1,0.3,0.0,-0.1,-0.6
2013-01,0.1,-0.3,0.1,-0.4,-0.4,-0.5,1.4,9.3,0.0,0.0,0.3,0.3,0.2,-0.7,8.5,13.7,13.5,14.3,-0.1,0.1,-0.1,-0.1,0.5,0.0,-0.1,-0.1,-0.1,-0.1,-0.1,-0.1,-0.7,-0.7,4.0,0.2,-0.1,-0.7,-0.4,-0.2,0.1,0.5,0.0,-5.3,-7.9,-0.3,-8.2,-4.5,-6.3,-0.4,-0.4,-5.1,0.2,0.0,0.2,-0.3,0.0,0.1,-0.8,0.4,0.0,0.1,0.0,0.0,0.2,-0.7,-2.2,0.4,0.0,-1.0,-0.1,-0.1,0.1,-0.7,0.0,0.0,0.2,0.0,-0.8,0.0
2013-02,-0.2,0.1,-0.2,0.1,0.0,0.0,-1.0,-6.5,0.1,0.0,-1.9,-3.3,0.1,-0.3,-5.9,-9.1,-5.5,-5.8,0.0,0.5,0.1,0.1,-0.2,0.0,0.0,0.0,0.0,0.0,0.0,0.1,-0.5,-0.6,5.7,0.0,0.7,3.0,-1.2,-1.4,0.2,0.2,0.0,-0.9,-0.1,0.1,-0.1,-2.3,-3.3,-0.1,-0.6,-1.9,0.1,0.0,-0.2,0.3,0.0,0.6,-0.1,1.1,0.0,0.1,0.0,0.0,0.3,0.0,1.4,-0.2,-0.1,-0.2,0.2,0.1,0.6,0.1,0.0,0.0,1.1,0.1,0.0,0.0
2013-03,0.2,0.3,0.2,0.4,0.3,0.4,-0.5,-2.7,-0.1,-0.1,0.4,0.9,-0.3,0.0,-3.7,-5.9,-1.6,-1.8,-0.2,0.2,-0.2,-0.2,0.2,0.0,0.0,0.0,0.0,0.0,0.0,0.0,0.1,0.0,-0.8,0.0,0.3,1.1,0.2,-0.1,-0.1,0.0,0.0,3.7,7.4,-0.1,7.8,0.1,0.0,0.2,0.5,4.8,0.0,0.1,0.0,0.4,0.0,0.3,1.1,0.2,0.0,0.0,0.0,0.0,0.1,0.8,5.9,0.4,0.0,0.2,0.7,-0.1,0.9,4.8,0.0,0.0,0.2,0.1,0.9,0.0
2013-04,0.3,0.3,0.4,0.4,0.3,0.4,-0.1,-0.1,0.0,0.1,0.9,1.4,0.1,-0.7,0.3,0.6,-3.3,-3.4,0.0,0.2,0.0,-0.2,0.0,-0.1,0.0,0.0,0.0,0.1,-0.1,0.6,1.1,0.9,-2.1,0.2,0.4,2.0,-0.4,1.2,-0.2,-0.7,-0.5,2.4,0.0,0.0,0.0,8.3,12.0,0.4,0.2,0.1,0.1,-0.1,-0.3,-0.3,0.0,0.5,-0.8,1.3,-0.3,0.3,0.3,3.8,0.1,0.7,-0.5,-0.8,0.0,1.6,0.1,0.1,0.2,0.1,0.0,0.1,0.3,0.3,0.5,0.0
2013-05,0.1,0.2,0.2,0.2,0.1,0.1,-0.1,-1.3,0.1,-0.1,-0.9,-1.6,0.3,-0.2,-2.5,-4.0,3.6,3.8,0.2,-0.2,-0.1,0.1,-0.2,0.4,-0.1,-0.1,0.0,0.0,-0.2,2.2,4.4,1.2,-1.3,0.0,-0.5,-2.1,0.0,-0.3,0.3,0.3,0.0,-0.1,-0.3,0.3,-0.3,-0.3,-0.4,0.0,0.6,0.1,0.0,0.1,0.5,-0.3,0.0,0.0,0.1,-0.6,1.2,0.0,0.0,0.0,0.0,0.3,0.7,0.5,0.0,0.2,0.0,-0.1,0.1,0.1,0.0,0.0,1.3,0.0,0.3,0.0
2013-06,0.0,0.0,0.0,0.0,-0.1,-0.1,-0.1,-1.0,0.1,0.1,0.5,-0.4,-0.1,-0.3,-1.0,-1.5,-0.9,-1.0,0.5,0.0,0.2,0.1,-0.2,0.0,-0.1,-0.1,-0.1,-0.1,0.0,1.0,1.6,1.0,-0.2,0.1,-0.4,-1.1,-0.3,0.0,0.1,-0.2,0.0,-0.2,-0.2,-0.1,-0.2,-0.4,-0.7,0.2,-0.1,0.2,0.2,0.1,0.5,-0.1,0.0,-0.1,-0.5,0.0,0.0,0.0,0.0,0.0,0.0,-0.3,-0.3,-1.1,0.1,-0.2,0.0,0.1,0.0,-0.2,0.0,0.0,0.8,0.0,-0.4,0.0
2013-07,0.2,0.1,0.3,0.1,0.0,0.0,0.5,3.5,0.0,-0.1,1.7,2.7,0.8,-0.1,5.9,9.7,-4.8,-5.1,0.4,-0.5,0.0,-0.4,0.0,0.1,0.0,0.0,0.0,0.0,0.1,0.7,1.0,0.7,0.8,0.1,-0.1,-0.2,-1.2,-0.2,0.1,0.2,0.0,-2.4,-2.5,-0.5,-2.7,-3.6,-4.9,-0.5,-0.5,-1.5,-0.1,-0.1,-0.1,-0.3,0.0,0.6,1.6,0.6,0.0,0.0,0.0,0.0,0.0,0.5,-0.6,0.4,-0.1,0.8,0.2,-0.1,-0.1,2.4,0.0,0.0,1.2,0.0,0.7,0.0
2013-08,0.3,0.3,0.4,0.3,0.1,0.2,0.2,0.8,0.1,-0.3,1.6,2.5,0.3,0.4,-1.3,-1.9,3.3,3.5,-0.4,-0.2,0.5,0.1,-0.5,0.1,0.0,0.0,0.0,0.0,0.0,0.5,0.5,0.4,1.8,0.1,-0.8,-2.3,-0.5,-0.3,-0.2,-0.3,0.0,-2.1,-2.1,0.2,-2.2,-3.7,-5.3,-0.1,-0.2,-0.8,0.0,-0.1,0.0,-0.6,0.0,1.0,2.1,1.2,0.0,0.0,0.0,0.0,0.0,1.7,-1.7,1.0,0.1,3.0,-0.1,0.1,-0.5,-0.2,0.0,0.0,1.6,0.0,2.0,0.1
2013-09,0.3,0.1,0.4,0.2,0.0,0.0,1.0,5.6,0.2,0.0,4.4,7.3,0.5,1.1,7.3,11.4,-6.5,-6.9,0.6,0.0,-0.1,0.4,0.4,0.0,0.0,0.1,0.0,0.0,0.3,0.8,1.4,0.3,1.0,0.0,0.3,-0.1,0.7,0.5,0.2,1.0,0.0,6.0,6.8,0.1,7.1,10.0,14.6,0.5,0.2,1.7,0.0,-0.1,-0.3,0.0,0.0,-0.4,-3.3,0.2,-0.1,0.1,0.0,0.0,0.4,-1.6,0.2,0.4,0.0,-3.0,0.0,-0.1,0.0,0.2,0.0,0.0,1.0,0.1,-2.1,0.0
2013-10,0.1,0.2,0.1,0.2,0.2,0.3,-0.2,-1.8,0.1,-0.6,-2.6,-4.4,0.3,1.6,0.2,0.5,-2.1,-2.2,0.0,0.3,0.2,0.4,0.1,0.0,0.0,-0.1,0.0,0.0,-0.1,0.1,-0.1,0.3,0.1,0.1,0.6,1.7,0.2,1.2,0.1,0.0,0.0,0.3,0.5,0.0,0.5,-0.3,-0.5,0.1,0.3,2.1,-0.1,0.2,0.3,0.5,0.0,-0.5,0.1,-1.0,0.1,0.0,0.0,0.0,0.0,0.4,-0.9,-0.3,0.0,1.0,2.3,0.0,0.4,0.0,0.0,6.5,-0.5,0.0,0.4,0.0
2013-11,0.0,0.0,0.0,0.0,0.0,0.0,0.3,1.1,0.1,-0.6,-0.2,-0.4,0.4,0.7,0.4,0.6,4.3,4.6,0.4,0.5,0.1,-0.6,-0.1,0.1,0.0,0.1,0.0,0.0,0.2,-0.3,-0.5,-0.4,1.1,0.0,0.1,-0.2,0.5,0.4,0.1,0.3,0.0,0.2,0.7,0.1,0.7,-0.2,-0.5,0.5,-0.2,0.0,0.1,-0.3,-0.8,-0.3,0.0,-0.1,-0.3,-0.1,0.0,0.0,0.0,0.0,0.0,-0.2,1.6,0.5,0.0,-0.7,0.1,0.0,-0.3,1.2,0.0,0.0,-0.3,0.0,-0.2,0.0
2013-12,0.1,0.0,0.1,0.0,0.0,0.0,0.6,3.4,0.1,-0.3,1.7,2.7,0.6,1.7,0.7,1.4,8.0,8.5,-0.7,0.1,0.1,0.1,-0.3,0.1,0.0,0.0,0.0,0.0,0.0,-0.2,-0.4,-0.4,1.0,0.0,-0.2,-0.2,0.4,-0.6,-0.2,-0.4,0.0,-0.6,-0.7,-0.1,-0.7,-0.8,-1.2,0.2,-0.1,-0.5,0.1,-0.2,-0.2,-0.9,0.0,0.0,0.8,-0.2,0.0,0.0,0.0,0.0,0.0,0.2,-0.8,1.1,0.0,0.0,0.0,0.1,-0.3,0.3,0.0,0.0,-0.3,0.1,0.3,0.0
2014-01,-0.2,-0.3,-0.2,-0.3,-0.3,-0.5,0.6,2.3,0.2,-0.2,0.4,0.2,0.8,-0.7,0.3,0.4,8.5,8.9,0.5,0.0,0.4,0.2,0.6,0.1,0.0,0.0,0.0,0.0,0.0,0.0,-0.4,0.2,2.0,0.0,1.5,4.9,-0.6,-0.9,0.2,0.6,0.0,-5.6,-8.3,0.0,-8.7,-4.9,-6.8,-0.5,-0.3,-5.5,0.1,0.0,0.2,-0.5,0.0,0.0,-0.9,0.3,0.0,0.1,0.0,0.0,0.3,-1.2,-0.2,-0.8,0.2,-1.9,0.0,-0.1,0.4,-0.7,0.0,0.1,0.2,0.1,-1.3,0.0
2014-02,0.0,0.1,0.0,0.1,0.1,0.1,-0.3,-2.0,0.0,0.1,1.0,1.4,-0.1,0.3,-3.3,-5.0,-1.0,-1.0,0.6,-0.1,-0.1,-0.3,-0.2,0.0,0.0,0.0,0.0,0.0,-0.1,0.2,0.2,0.8,-0.7,0.0,1.0,3.9,0.0,-1.2,-0.1,-0.2,0.0,0.1,1.1,0.0,1.1,-1.2,-1.8,0.0,-0.2,-0.7,0.1,-0.1,-0.3,0.0,0.0,-0.1,-0.1,-0.1,0.0,0.1,0.0,0.0,0.4,0.5,2.9,0.2,0.0,0.3,0.0,0.1,-0.2,0.5,0.0,0.0,0.1,0.1,0.5,0.1
2014-03,0.3,0.3,0.3,0.4,0.3,0.3,-0.1,-1.4,0.2,0.2,0.3,0.2,1.0,0.2,-1.3,-2.3,-2.0,-2.1,0.3,-0.2,0.3,0.1,-0.2,0.0,0.0,0.0,0.0,0.0,0.1,0.5,0.8,0.9,-0.6,0.0,-0.3,-0.8,-0.8,-0.5,0.2,0.0,0.0,2.8,5.9,0.2,6.2,-0.5,-1.0,0.6,0.0,4.5,0.2,0.1,-0.2,0.9,0.0,0.3,1.6,0.1,0.0,0.1,0.0,0.0,0.4,0.7,-0.3,1.0,-0.1,0.9,0.2,0.0,-0.2,2.6,0.0,0.0,0.6,0.1,0.9,0.0
2014-04,2.1,2.2,2.5,2.6,2.2,2.0,2.5,0.6,2.8,2.8,2.7,2.3,2.8,2.7,1.3,0.3,-0.9,-1.1,2.9,3.0,3.2,2.6,3.7,2.4,0.3,1.1,0.0,0.0,2.5,1.1,1.2,1.1,2.8,0.1,4.2,5.9,2.9,4.6,2.9,4.1,2.4,4.2,2.0,3.6,1.9,9.3,12.2,3.4,2.4,2.4,3.3,2.2,3.9,2.9,1.0,2.5,4.8,2.2,2.1,1.8,1.7,1.7,2.1,3.7,2.6,4.4,2.8,3.9,2.0,2.3,3.2,2.8,4.2,0.1,2.0,1.8,3.3,2.3
2014-05,0.4,0.4,0.4,0.4,0.0,0.0,0.1,0.6,0.1,0.1,-0.1,-0.2,0.8,-0.9,-0.9,-1.3,4.9,5.1,-0.6,-0.1,0.7,-0.6,-0.4,0.1,0.0,0.1,0.0,0.0,0.1,4.2,5.6,3.6,0.5,3.1,-0.5,-1.8,0.7,0.1,0.1,-0.2,0.0,0.0,-0.2,-0.3,-0.2,0.1,0.0,0.4,0.0,0.2,0.0,-0.1,-0.4,-0.1,0.0,0.4,0.1,0.3,0.7,0.0,0.1,0.0,0.0,-0.2,0.5,0.4,0.0,-0.6,-0.1,0.0,-0.4,0.1,0.0,0.0,3.4,0.0,-0.2,0.6
2014-06,-0.1,0.0,-0.1,0.0,0.0,-0.1,-0.2,-2.0,0.1,-0.4,0.3,0.1,0.7,-0.3,-1.5,-2.4,-3.9,-4.2,0.2,0.3,0.4,-0.2,-0.2,0.0,0.0,0.1,0.0,0.0,0.2,0.1,0.2,0.2,0.0,0.0,-0.6,-2.1,-0.4,0.2,0.2,-0.1,0.0,-0.4,-0.5,-0.7,-0.5,-0.7,-1.0,0.0,-0.2,-0.1,0.1,-0.1,-0.3,-0.2,0.0,-0.2,-0.5,0.3,-1.0,0.0,0.0,0.0,0.0,0.3,4.6,-0.9,0.2,0.0,0.0,0.1,0.0,-0.3,0.0,0.0,0.4,0.0,0.2,-0.8
2014-07,0.0,0.1,0.1,0.1,0.1,0.0,-0.1,-1.4,0.2,-0.4,0.9,1.4,0.5,-0.1,-0.1,-0.2,-6.9,-7.2,-0.2,1.5,0.4,-0.5,-0.1,0.0,0.0,0.1,0.0,0.0,0.2,-0.1,-0.3,-0.1,0.7,0.1,-0.8,-1.8,-0.4,-0.3,0.0,-0.9,0.0,-2.1,-2.2,0.1,-2.3,-3.4,-5.0,0.2,0.1,-1.2,0.1,0.0,0.4,-0.5,0.0,0.8,2.7,0.9,-0.5,0.0,0.0,0.0,0.0,0.6,0.5,-0.2,0.0,1.1,-0.1,0.0,-0.3,-0.4,0.0,0.0,0.4,0.0,0.9,-0.4
2014-08,0.2,0.0,0.2,0.1,0.1,0.1,0.6,3.8,0.0,-0.1,3.4,5.7,0.6,-0.2,2.1,3.4,1.7,1.9,-0.4,-0.2,0.1,-0.5,-0.5,0.1,0.0,-0.1,0.0,-0.1,-0.2,-0.2,-0.3,-0.2,0.0,0.0,-0.6,-2.4,-0.5,0.3,0.5,0.1,0.0,-1.7,-1.6,0.1,-1.7,-3.3,-4.8,-0.3,0.1,-1.0,0.0,-0.1,-0.2,-0.5,0.0,0.1,1.9,-0.1,-0.5,0.0,0.0,0.0,0.0,1.4,-3.9,0.6,0.1,3.0,0.0,0.2,-0.3,0.3,0.0,0.0,-0.3,0.0,1.7,-0.4
2014-09,0.2,0.0,0.3,0.0,0.0,0.0,1.2,6.4,0.2,-0.3,-0.6,-1.3,0.3,1.1,12.6,19.6,-4.7,-5.1,-0.3,0.5,-0.2,0.3,0.2,0.2,0.0,0.0,0.0,0.0,0.0,-0.2,-0.4,-0.2,-0.2,0.0,0.0,-0.9,0.4,0.7,0.2,0.3,0.0,6.1,6.7,0.0,7.0,9.8,14.2,0.9,0.7,2.4,0.0,0.1,-0.1,0.6,0.0,-0.8,-2.8,-0.3,-0.6,0.0,0.0,0.0,0.2,-1.5,0.9,0.2,-0.1,-2.8,0.0,-0.2,-0.2,0.6,0.0,0.1,-0.5,0.0,-1.9,0.0
2014-10,-0.3,0.1,-0.3,0.1,0.2,0.3,-1.4,-8.4,0.0,-1.3,-1.3,-2.4,0.0,0.8,-9.2,-13.7,-6.1,-6.6,-0.3,0.6,0.3,0.3,0.0,0.1,0.1,0.2,0.0,0.0,0.4,-0.4,-0.5,-0.3,-0.8,0.1,0.4,0.2,1.3,1.1,-0.1,0.6,0.0,0.6,0.7,-0.4,0.8,0.0,-0.1,0.2,0.9,2.9,-0.2,0.0,-0.4,0.2,0.0,0.2,0.2,0.0,0.6,0.0,0.0,0.0,0.0,0.4,-0.9,-0.2,0.1,0.8,0.2,-0.1,0.7,0.3,0.0,0.0,-0.8,0.0,0.4,0.0
2014-11,-0.4,-0.2,-0.5,-0.3,-0.1,-0.2,-0.7,-4.3,0.0,-0.5,-0.7,-1.4,0.6,0.3,-6.6,-10.3,2.8,2.9,0.2,0.2,-0.4,-0.1,0.0,0.0,0.0,0.0,0.0,0.0,0.1,-0.2,0.2,-0.2,-3.1,0.0,-0.5,-2.1,0.2,0.6,0.3,0.0,0.0,0.5,1.3,0.1,1.4,-0.2,-0.4,0.1,-0.2,0.2,0.2,-0.1,-0.5,0.1,0.0,-0.7,0.0,-1.1,0.0,0.0,0.0,0.0,0.0,-1.0,-1.6,-0.1,0.1,-1.4,-0.1,0.0,-0.2,-0.2,0.0,0.0,-1.2,0.0,-0.9,0.0
2014-12,0.1,-0.2,0.1,-0.2,0.0,0.0,0.9,6.1,0.0,-0.4,3.2,5.3,0.0,-0.1,3.1,5.1,8.6,9.1,-0.1,0.0,0.0,0.3,-0.2,0.0,0.0,0.0,0.0,0.0,0.1,-0.4,-0.1,-0.1,-3.9,0.0,-0.1,0.4,0.6,-0.2,0.1,-1.0,0.0,-0.8,-1.3,0.0,-1.3,-0.7,-1.2,0.3,0.0,-0.3,0.0,-0.2,-0.2,-0.8,0.0,-0.5,0.8,-1.1,0.0,0.0,0.0,0.0,0.0,0.1,-3.0,0.7,-0.2,0.5,0.0,0.1,-0.5,0.9,0.0,0.0,-1.4,0.2,0.2,0.0
2015-01,-0.2,-0.6,-0.2,-0.7,-0.3,-0.5,1.6,8.8,0.3,0.1,0.2,-0.1,0.6,-1.3,8.3,13.2,14.5,15.3,0.3,0.4,0.6,0.0,0.3,0.3,0.0,0.1,0.0,0.0,0.3,-0.7,0.2,-0.1,-10.7,0.0,0.6,1.6,-0.4,-0.6,0.3,0.5,-0.2,-5.0,-7.7,-0.2,-8.0,-3.8,-5.5,-0.1,0.0,-5.4,0.1,0.2,0.6,0.1,0.0,-1.5,-0.9,-2.4,0.0,0.1,0.0,0.0,0.3,-1.5,-2.0,-0.1,0.1,-2.3,0.1,0.0,0.5,-0.3,0.0,0.0,-3.0,0.1,-1.5,0.0
2015-02,-0.2,-0.1,-0.3,-0.1,0.0,0.0,-0.4,-2.8,0.0,0.2,-0.6,-1.2,0.2,0.0,-3.9,-5.8,1.2,1.3,-0.1,-0.2,-0.2,0.3,-0.3,0.1,0.0,0.1,0.0,0.0,0.3,-0.1,0.5,0.6,-8.2,0.0,-0.1,-0.7,-0.1,-0.3,0.2,0.4,0.0,-0.4,1.0,0.3,1.1,-2.3,-3.2,-0.2,-0.2,-0.9,0.0,-0.1,-0.3,0.1,0.0,-0.8,-0.3,-1.3,0.0,0.2,0.0,0.0,0.6,0.3,0.7,-0.3,0.0,0.5,-0.1,0.1,-0.2,-0.3,0.0,0.0,-1.4,0.1,0.2,0.0
2015-03,0.3,0.4,0.4,0.5,0.3,0.3,0.0,-0.8,0.1,-0.1,-0.5,-0.8,0.4,0.0,-0.1,-0.1,-1.7,-2.0,-0.2,0.1,0.5,-0.1,-0.3,0.0,0.0,0.0,0.0,0.0,0.0,0.6,0.6,0.8,2.6,0.0,0.2,1.2,-0.2,-1.3,0.2,-0.4,0.1,2.9,5.9,-0.1,6.2,0.1,0.1,0.1,0.4,3.9,0.1,0.0,0.1,0.1,0.0,0.7,1.4,1.1,-0.4,0.0,0.0,0.0,0.1,0.7,1.2,0.4,0.2,0.9,0.0,0.0,-0.4,0.8,0.0,0.0,1.7,0.1,0.9,0.0
2015-04,0.5,0.4,0.6,0.4,0.5,0.4,1.0,3.8,0.5,0.0,0.2,0.1,0.5,2.6,6.0,9.0,-1.5,-1.6,0.4,0.2,0.8,0.3,0.2,0.3,0.0,0.1,0.0,0.0,0.1,-0.2,-0.5,0.1,-0.3,0.1,0.9,2.2,-0.4,1.6,0.3,0.2,-0.5,2.4,0.1,0.1,0.1,8.0,11.4,0.1,0.6,0.2,0.0,0.6,0.5,0.1,0.7,0.1,-0.9,-0.1,1.0,1.2,1.9,1.4,-0.6,0.4,0.3,0.0,0.0,0.6,0.5,0.2,2.5,0.2,0.0,-0.6,-0.5,1.0,0.2,0.0
2015-05,0.2,0.1,0.3,0.1,0.0,0.0,0.6,3.1,0.2,0.1,-0.1,-0.4,0.0,0.3,0.9,1.2,10.9,11.6,0.7,0.2,0.1,0.8,-0.1,0.1,-0.1,-0.1,-0.1,0.0,-0.1,0.1,0.8,-1.2,0.4,0.0,-0.2,-0.6,-0.8,0.9,0.2,0.0,0.0,-0.1,-0.4,0.0,-0.4,-0.3,-0.5,0.1,1.1,0.3,0.0,0.2,0.4,0.4,0.0,0.3,0.2,0.5,0.0,0.0,0.0,0.0,0.0,0.0,0.1,0.6,0.0,-0.2,0.1,-0.1,0.5,0.0,0.0,0.0,0.6,0.0,0.1,0.0
2015-06,-0.2,-0.1,-0.2,-0.1,0.0,0.0,-0.5,-3.5,0.1,0.0,-0.6,-0.9,0.3,0.3,-4.3,-6.4,-0.7,-0.8,-0.1,0.4,0.0,-0.2,0.0,0.2,0.0,0.1,0.0,0.0,0.2,-1.3,-1.8,-1.9,0.7,0.1,-0.3,-0.5,-0.5,0.2,-0.1,-0.3,0.0,-0.3,-0.4,0.0,-0.4,-0.5,-0.8,0.5,0.2,-0.2,0.2,0.1,0.1,0.3,0.0,0.2,-0.5,0.5,0.0,0.0,0.0,0.0,0.0,0.1,3.2,-1.0,0.0,0.2,-0.1,0.1,-0.3,0.0,0.1,0.0,-0.7,0.0,0.0,0.0
2015-07,-0.2,-0.1,-0.2,-0.1,0.0,0.0,-0.1,-1.3,0.2,0.5,0.7,0.9,-0.1,-0.1,0.5,0.8,-7.0,-7.6,0.0,0.7,0.3,-0.2,-0.2,0.0,0.0,0.0,0.0,0.0,0.0,-1.8,-2.6,-2.5,0.4,0.0,-0.1,-1.3,-0.9,0.3,0.4,1.2,0.0,-2.9,-3.7,0.3,-3.9,-4.2,-5.9,0.1,0.4,-1.4,0.1,0.1,0.3,0.0,0.0,0.5,1.6,0.2,0.7,0.0,0.0,0.0,0.0,0.4,0.4,0.0,0.0,0.6,0.0,0.0,0.0,0.4,0.0,0.0,-1.6,0.0,0.7,0.0
2015-08,0.1,0.0,0.1,0.0,0.2,0.2,0.5,2.8,0.1,-0.1,1.6,2.8,0.0,0.1,1.3,2.0,4.2,4.5,0.2,0.8,0.2,-0.3,-0.4,0.1,0.0,0.0,0.0,0.0,0.0,-1.5,-1.7,-2.3,-1.8,0.0,-0.2,-0.7,-0.6,-0.4,0.3,0.4,0.0,-1.5,-1.5,0.0,-1.6,-2.9,-4.2,0.1,0.2,-0.8,0.1,-0.1,-0.2,0.0,0.0,-0.2,2.0,-0.9,0.0,0.0,0.0,0.0,0.0,1.7,0.0,1.1,0.3,2.4,0.1,0.0,-0.1,-0.1,0.0,0.4,-2.4,0.0,1.9,0.0
2015-09,0.1,0.0,0.1,0.0,0.2,0.1,0.8,3.5,0.3,0.5,0.4,0.7,0.6,0.7,5.9,8.6,-2.7,-3.0,-0.1,0.5,0.3,0.2,0.5,0.0,0.0,0.0,0.0,0.0,0.0,-1.6,-1.8,-2.4,-3.1,0.0,0.1,0.5,-0.1,0.2,0.3,-0.6,0.0,6.3,7.5,-0.4,7.8,10.4,14.8,0.8,0.2,1.9,0.0,-0.1,-0.2,-0.4,0.0,-0.9,-3.1,-0.8,0.0,0.1,0.0,0.0,0.2,-1.0,5.2,-0.2,-0.2,-2.0,0.2,-0.1,0.4,0.3,0.0,0.1,-2.3,0.1,-1.5,0.0
2015-10,0.0,0.1,0.0,0.1,0.1,0.1,-0.1,-2.6,0.3,0.8,-1.7,-3.1,0.1,0.5,-0.8,-1.3,-4.2,-4.5,0.2,1.3,0.3,-0.2,-0.1,0.1,0.1,0.2,0.0,0.0,0.4,-0.2,0.3,-0.7,-3.9,0.1,0.5,0.1,0.8,1.4,0.5,0.8,0.0,0.5,0.6,0.2,0.7,-0.2,-0.5,0.4,0.8,2.9,-0.1,0.1,-0.4,-0.1,0.4,-0.3,0.0,-0.5,-0.3,0.0,0.0,0.0,0.0,0.2,0.4,-1.4,0.2,0.7,-0.1,0.0,-0.2,0.0,0.0,0.0,-0.6,0.0,0.2,-0.1
2015-11,-0.4,0.0,-0.4,0.0,0.0,0.0,-1.3,-8.9,0.1,0.3,-0.5,-1.0,0.3,-0.1,-11.4,-16.6,-1.9,-2.1,0.1,0.3,0.1,0.4,-0.2,0.1,0.0,0.0,0.0,0.0,0.0,0.1,0.3,0.3,-3.0,0.0,0.0,-0.2,-0.3,0.4,0.4,0.1,0.0,0.7,1.6,0.2,1.6,-0.2,-0.4,0.5,0.0,0.6,0.2,0.0,-0.1,-0.4,0.1,-0.1,-0.5,-0.2,0.4,0.0,0.0,0.0,0.0,-0.3,-0.2,-0.3,0.0,-0.4,-0.1,0.0,-0.2,-0.2,0.0,0.0,-0.3,0.0,-0.4,0.0
2015-12,0.0,-0.1,0.0,-0.1,0.0,0.0,0.2,1.3,0.0,-0.2,0.8,1.1,0.4,0.2,-1.0,-1.4,6.4,6.9,-0.4,-0.2,-0.1,-0.2,-0.4,0.1,0.0,0.0,0.0,0.0,0.0,-0.2,-0.2,0.2,-3.3,0.0,0.4,1.6,-0.6,0.3,0.3,-0.6,0.0,-0.8,-1.1,-0.3,-1.2,-1.1,-1.6,0.3,-0.1,-0.3,0.0,0.0,0.0,0.0,0.0,-0.5,0.5,-1.0,0.0,0.0,0.0,0.0,0.0,0.2,-1.1,1.3,0.1,0.0,0.0,0.1,-0.4,0.8,0.0,0.0,-1.2,0.2,0.3,0.0
2016-01,-0.3,-0.6,-0.4,-0.7,-0.4,-0.6,1.0,6.2,0.0,0.3,1.2,2.1,0.2,-1.6,4.7,7.3,8.7,9.4,-0.1,0.3,0.2,-0.1,0.2,0.0,0.0,0.0,0.0,0.0,-0.1,-0.7,-0.5,0.1,-10.0,0.0,-0.5,-1.6,-0.5,-1.3,0.3,0.2,0.0,-4.9,-7.7,-0.8,-7.9,-4.4,-6.2,-0.1,0.6,-5.3,0.0,0.0,0.0,0.1,0.0,-0.9,-0.4,-1.5,0.0,0.1,0.0,0.0,0.2,-1.5,-2.0,0.4,0.1,-2.5,0.1,0.0,0.4,-0.4,0.0,0.0,-2.5,0.2,-1.5,0.0
2016-02,0.1,-0.1,0.1,-0.1,0.1,0.1,0.5,3.4,0.0,-0.1,-0.9,-1.6,0.0,0.3,3.7,5.5,5.1,5.5,0.2,-0.5,0.1,0.2,0.0,0.0,0.0,0.1,0.0,-0.1,0.2,-0.8,-0.8,-0.3,-7.1,0.0,-0.6,-1.5,-0.7,-0.6,0.1,-0.1,0.0,0.5,1.9,1.2,1.9,-1.3,-1.8,-0.1,0.5,-0.3,0.2,-0.1,-0.4,0.2,0.0,-0.5,-0.3,-0.9,0.0,0.5,0.0,0.0,1.7,0.5,1.3,0.1,-0.3,0.8,-0.1,0.1,-0.2,-0.4,0.0,0.0,-1.7,0.4,0.4,0.0
2016-03,0.1,0.1,0.1,0.2,0.2,0.3,-0.1,-0.8,0.1,0.1,-0.4,-0.6,0.0,0.1,0.1,0.1,-2.6,-2.7,-0.2,0.3,0.0,0.0,-0.3,0.1,0.0,0.1,0.0,0.0,0.1,-0.7,-1.0,-0.8,-0.6,0.0,0.1,-0.8,-0.3,-0.8,2.4,-0.3,0.0,2.6,5.7,-0.1,5.9,-0.5,-0.9,0.3,0.4,4.0,0.1,0.2,0.1,1.0,0.0,-0.1,1.3,-0.3,-0.3,0.0,0.0,0.0,0.1,0.5,0.2,0.6,0.2,0.5,0.1,0.0,0.2,0.7,0.0,0.0,-1.0,0.1,0.7,0.0
2016-04,0.2,0.3,0.3,0.4,0.3,0.4,-0.2,-1.4,0.0,0.0,-0.1,-0.1,-0.2,0.3,0.6,0.9,-6.5,-6.9,0.4,-0.1,0.1,-0.5,0.4,0.2,0.0,0.2,0.0,0.0,0.3,-0.9,-1.4,-1.2,0.9,0.3,0.8,2.0,0.8,1.8,0.3,-0.4,0.1,2.7,0.4,-0.1,0.5,8.1,11.7,0.1,0.8,0.5,0.2,0.5,-0.1,-0.2,1.0,0.3,-0.8,1.0,-0.3,0.9,1.7,0.0,-0.9,0.6,-0.2,-0.3,0.1,1.1,0.5,0.1,-0.1,0.2,1.6,1.2,0.2,0.7,0.4,-0.5
2016-05,0.1,0.0,0.1,0.1,0.0,0.0,0.1,0.5,0.0,0.0,-0.1,-0.2,0.0,-0.5,-1.9,-2.9,7.6,8.1,0.4,-0.3,0.0,0.0,0.2,0.1,-0.1,0.0,-0.1,-0.1,0.0,0.2,1.0,-1.1,0.2,0.0,0.0,0.0,-0.5,0.3,0.1,-0.2,0.0,-0.1,-0.4,-0.1,-0.4,-0.1,-0.1,0.0,0.4,-0.1,0.0,0.1,0.4,0.1,0.0,0.1,0.0,0.4,-0.6,0.0,0.0,0.0,0.0,0.3,-0.9,0.4,0.0,0.4,0.0,0.0,0.1,0.1,0.0,0.0,0.6,0.0,0.3,-0.5
2016-06,-0.1,0.0,-0.1,0.0,0.0,-0.1,-0.1,-1.8,0.2,-0.2,0.3,0.1,0.3,-0.2,-0.1,-0.3,-6.2,-6.6,0.6,0.1,0.1,1.3,0.0,0.1,0.0,0.1,-0.1,0.0,0.1,-1.0,-1.7,-1.3,2.8,0.0,-0.6,-1.5,-0.8,0.3,0.2,-0.5,0.0,-0.5,-0.5,0.1,-0.5,-0.9,-1.3,0.1,0.1,-0.4,0.0,0.2,0.5,0.2,0.0,0.5,-0.5,1.0,0.0,0.0,0.0,0.0,0.0,-0.2,-1.3,-1.1,-0.2,0.2,0.0,0.0,-0.2,0.0,0.0,0.0,0.2,0.0,-0.3,0.0
2016-07,-0.2,-0.2,-0.2,-0.2,-0.1,-0.2,-0.1,-0.7,0.0,0.2,0.5,0.8,0.2,-0.5,0.0,-0.1,-3.2,-3.5,-0.3,0.0,0.2,-0.1,0.0,0.0,0.0,0.0,0.0,0.0,0.0,-0.8,-1.1,-1.1,0.7,0.0,-0.8,-2.2,-1.0,-0.3,0.3,-0.2,0.0,-2.6,-3.2,0.1,-3.3,-3.8,-5.4,-0.1,0.0,-1.2,0.1,0.0,0.0,0.2,0.0,0.1,1.7,-0.2,-0.3,0.0,0.0,0.0,0.0,-0.1,-1.2,-0.1,0.2,0.0,-0.1,-0.1,-0.3,-0.2,0.0,0.0,-0.9,0.0,0.2,0.0
2016-08,0.0,0.0,0.0,0.0,0.1,0.1,0.1,0.4,0.0,0.0,1.9,3.2,-0.1,0.2,-1.7,-2.6,2.4,2.6,-0.2,-0.1,0.3,-0.3,-0.4,0.0,0.0,-0.1,0.0,0.0,-0.1,-0.9,-1.1,-1.4,-0.3,0.0,-0.5,-1.4,-1.0,-0.4,-0.1,0.1,0.0,-1.5,-1.4,0.0,-1.4,-3.1,-4.5,0.1,0.1,0.0,0.0,-0.1,-0.3,0.1,0.0,0.1,1.5,-0.2,0.0,0.0,0.0,0.0,0.0,1.2,-2.5,0.5,0.1,2.1,0.1,0.2,-0.1,0.3,0.1,0.0,-1.1,0.0,1.4,0.0
2016-09,0.2,0.0,0.2,0.0,0.0,0.0,0.7,4.4,0.1,0.3,2.7,4.4,0.2,0.2,7.2,11.0,-7.0,-7.6,0.1,0.4,-0.7,0.3,0.5,0.0,0.0,0.0,0.0,0.0,0.0,-0.5,-0.6,-1.2,0.3,0.0,-0.2,-1.2,-0.7,0.8,0.4,0.1,0.0,5.4,6.1,-0.3,6.4,9.1,13.0,0.3,0.4,1.4,0.1,0.0,0.1,0.2,0.0,-0.8,-2.8,0.1,-1.4,0.0,0.0,0.0,0.1,-1.1,-0.6,0.0,-0.1,-1.7,0.1,-0.1,0.5,0.3,0.0,0.0,-0.3,0.0,-1.6,0.0
2016-10,0.6,0.2,0.7,0.2,0.2,0.2,1.6,9.4,0.1,0.8,-2.0,-3.5,-0.3,0.1,12.4,18.0,8.3,9.0,-0.3,0.2,0.0,-0.2,-0.1,0.0,0.0,0.0,0.0,0.0,0.1,-0.1,0.0,-0.3,-0.7,0.1,1.0,2.8,0.7,0.6,-0.1,0.5,0.0,0.2,0.5,0.2,0.5,-0.5,-0.8,0.1,0.1,2.3,-0.1,0.0,-0.1,0.0,0.0,0.1,0.3,0.1,-0.1,0.0,0.0,0.0,0.0,0.9,2.9,0.4,0.0,1.1,0.0,0.0,0.1,0.1,0.0,0.0,0.0,0.0,0.9,-0.1
2016-11,0.0,0.0,0.0,0.0,-0.1,-0.1,-0.1,-0.5,0.0,0.1,0.2,0.1,0.2,0.1,-0.9,-1.2,0.3,0.3,0.0,0.0,-0.2,0.2,0.1,-0.1,0.0,0.0,0.0,0.0,0.0,0.3,0.2,0.2,3.3,0.1,0.3,0.4,0.4,-0.1,0.4,0.4,0.0,0.5,1.4,0.0,1.5,-0.3,-0.6,0.3,0.1,0.2,0.1,-0.1,-0.2,-0.1,0.0,0.2,-0.6,0.5,-0.1,0.0,0.0,0.0,0.0,-0.5,-0.1,0.3,0.0,-0.9,-0.3,0.0,-1.1,-0.3,0.0,0.0,1.0,0.0,-0.6,0.0
2016-12,-0.2,0.0,-0.2,0.0,-0.1,-0.1,-0.9,-5.1,0.0,0.0,0.0,-0.2,0.0,0.7,-8.3,-11.6,3.5,3.8,-0.5,0.0,0.1,0.0,-0.5,0.0,0.0,-0.1,0.0,0.0,-0.1,0.8,0.3,0.4,12.0,0.0,0.0,1.5,-0.3,-0.2,-0.2,-1.4,0.1,-1.2,-1.8,-0.2,-1.9,-1.5,-2.0,-0.2,0.2,-1.0,0.4,-0.1,-0.3,-0.3,0.0,0.3,0.3,0.5,0.1,0.0,0.0,0.0,0.0,0.0,-0.5,-0.4,0.0,0.1,-0.1,0.1,-0.7,0.3,0.0,0.0,1.3,0.1,0.0,0.0
2017-01,-0.2,-0.2,-0.2,-0.3,-0.3,-0.5,0.2,0.7,0.1,0.2,2.0,3.1,0.3,-1.2,-1.9,-2.8,4.4,4.7,0.4,0.0,0.1,0.0,0.9,0.0,0.0,0.1,0.0,0.0,0.2,0.7,0.4,0.5,7.7,0.0,0.4,0.9,-0.8,-0.3,0.0,0.9,-0.1,-4.5,-6.9,-0.5,-7.1,-3.7,-5.1,-0.2,-0.2,-5.3,0.0,-0.2,-0.9,0.3,0.0,0.0,-0.3,0.6,-0.9,0.0,0.0,0.0,0.0,-1.2,-0.7,0.0,0.2,-1.9,0.1,0.0,0.6,-0.1,0.0,0.0,1.2,0.0,-1.1,-0.5
2017-02,-0.1,0.0,-0.1,0.0,0.0,-0.1,-0.4,-2.9,0.1,-0.2,-0.4,-1.0,0.3,0.2,-2.7,-4.0,-3.0,-3.3,0.0,0.0,0.2,-0.1,0.2,0.0,0.0,-0.1,0.0,0.0,-0.1,0.6,0.9,0.6,0.8,0.0,0.1,0.4,0.2,-0.6,0.1,0.1,-0.1,0.6,2.3,0.7,2.4,-1.0,-1.7,0.4,-0.1,-0.3,0.0,0.0,-0.1,-0.2,0.0,-0.5,-0.1,0.0,-1.6,0.1,0.0,0.5,0.2,0.0,0.7,-0.3,0.0,0.1,-0.2,0.0,-0.6,-0.1,0.0,0.0,0.6,0.0,0.0,-0.5
2017-03,0.1,0.2,0.1,0.2,0.1,0.1,-0.3,-2.6,0.1,0.1,0.4,0.2,0.2,0.2,-2.5,-3.9,-3.4,-3.6,-0.5,0.0,0.1,0.1,0.3,0.0,0.0,0.1,0.0,0.0,0.3,0.7,1.1,0.7,-0.4,0.0,-1.3,-3.0,-0.5,0.2,0.2,-1.7,0.2,2.0,4.3,0.1,4.4,-0.3,-0.5,0.2,-0.5,4.1,0.0,0.1,0.1,0.4,0.0,-0.2,1.0,0.6,-2.4,0.0,0.0,0.0,0.1,0.7,-0.2,0.9,-0.1,1.0,0.2,-0.1,0.9,0.0,0.0,0.0,1.3,0.1,0.9,0.0
2017-04,0.4,0.4,0.5,0.4,0.3,0.4,0.2,0.8,0.1,0.0,1.1,1.9,-0.1,-0.2,2.0,2.8,-4.1,-4.4,0.6,0.1,0.2,0.2,0.1,0.0,0.0,0.0,0.0,0.0,0.1,0.9,1.5,0.8,-0.5,0.1,0.7,1.4,0.4,0.9,0.3,0.5,0.1,2.0,0.0,0.0,0.0,6.3,9.4,-0.5,0.7,0.4,0.1,0.2,0.9,0.0,0.0,0.5,-0.9,-0.3,2.8,0.5,0.5,0.2,0.6,0.5,0.9,-0.8,0.0,1.0,0.3,0.0,0.3,0.2,0.7,0.5,0.8,0.4,0.3,0.1
2017-05,0.1,0.2,0.1,0.2,0.1,0.1,-0.1,-0.8,0.1,0.2,-0.9,-1.9,0.4,-0.2,-2.3,-3.5,5.6,6.0,-0.4,-0.1,0.1,0.1,-0.2,0.0,0.0,0.0,0.0,0.0,0.0,1.4,2.6,0.7,-0.1,0.1,-0.2,-0.1,-1.0,-0.1,-0.1,-0.3,0.0,0.0,0.0,0.0,0.0,0.0,0.0,0.1,-0.1,-0.1,0.0,0.2,0.6,0.2,0.0,0.1,0.1,-0.1,0.3,0.0,0.0,0.0,0.0,0.3,-1.1,0.7,0.1,0.3,-0.1,0.1,-0.3,-0.1,0.0,0.0,1.2,0.0,0.3,0.0
2017-06,-0.1,-0.1,-0.2,-0.1,-0.1,-0.1,-0.1,-1.7,0.3,0.0,-0.1,-0.4,-0.2,-0.1,-1.8,-3.0,-1.1,-1.2,0.2,0.1,-0.1,-0.1,4.6,0.0,-0.1,-0.1,0.0,0.0,-0.1,0.3,0.7,0.3,-1.1,0.0,-0.4,-0.3,-1.1,-0.6,0.2,-0.7,0.0,-0.3,-0.3,0.2,-0.3,-0.6,-1.0,0.6,0.0,-0.4,0.0,-0.1,-0.1,-0.2,0.0,0.0,-0.4,-0.2,0.6,-0.3,-0.3,0.0,-0.1,-0.9,-1.3,-0.9,0.1,-1.1,-0.2,0.2,-0.7,-0.1,0.0,0.0,0.0,-0.2,-0.9,0.0
2017-07,-0.2,-0.1,-0.2,-0.1,-0.1,-0.1,-0.3,-2.3,0.1,0.1,0.0,-0.1,0.3,-0.3,-1.8,-2.9,-3.6,-3.9,1.1,0.3,0.0,-0.3,-0.3,0.0,0.0,0.0,0.0,0.0,-0.1,0.0,0.0,0.2,-0.8,0.2,-0.4,-1.2,-1.0,-0.5,0.2,0.2,0.0,-2.8,-3.5,-0.1,-3.7,-3.8,-5.5,0.3,-0.6,-1.0,0.1,0.1,0.1,0.1,0.0,0.2,1.9,-0.1,0.0,0.0,0.0,0.0,0.0,0.0,-1.5,-0.6,0.0,0.4,0.1,0.0,0.3,-0.1,0.0,0.0,-0.1,0.0,0.4,0.0
2017-08,0.2,0.1,0.3,0.2,0.2,0.2,0.3,2.3,-0.1,-0.1,1.2,2.0,0.3,-0.2,0.6,0.8,4.9,5.4,-0.5,-0.2,0.1,-0.3,-0.6,0.0,0.0,0.0,0.0,0.0,0.0,-0.1,-0.2,0.3,-0.2,0.0,-0.3,-0.5,-1.0,-0.3,-0.1,-0.2,0.0,-0.9,-0.7,-0.1,-0.7,-2.2,-3.1,-0.1,0.5,-0.1,0.0,1.7,0.1,0.1,3.0,-0.3,1.0,0.0,-1.7,0.0,0.0,0.0,0.0,1.7,-1.2,0.7,-0.1,2.7,0.2,0.2,0.8,-0.1,0.0,0.1,0.0,0.0,1.7,-1.4
2017-09,0.2,0.0,0.3,0.0,0.0,0.0,0.9,4.9,0.1,0.2,4.1,7.1,0.3,0.4,6.8,10.6,-7.1,-7.7,0.2,0.1,0.0,0.2,-0.1,0.1,0.0,0.0,0.0,0.0,0.1,0.2,0.2,0.3,0.1,0.2,-0.2,-1.0,2.3,0.3,0.1,-0.5,0.0,4.4,4.6,0.3,4.8,8.0,11.6,0.1,0.4,1.0,0.1,0.0,0.1,0.1,0.0,-0.5,-2.2,0.0,-0.4,0.1,0.0,0.0,0.2,-1.3,0.1,-0.4,-0.1,-2.0,-0.1,-0.1,-0.3,0.2,0.0,0.0,0.2,0.1,-1.6,0.0
2017-10,0.0,0.3,0.0,0.3,0.2,0.2,-0.7,-5.0,0.1,0.6,-2.2,-3.9,-0.2,0.0,-5.2,-8.1,-0.4,-0.4,0.5,0.4,-0.1,0.4,-0.2,0.0,0.1,0.2,0.0,0.0,0.3,0.1,0.0,0.2,2.1,0.0,0.9,2.4,1.3,1.4,-0.3,0.3,0.0,0.4,0.6,-0.1,0.7,-0.1,-0.2,0.0,0.0,2.7,-0.1,-0.2,-0.6,-0.3,0.1,0.7,0.3,0.7,0.9,0.0,0.0,0.0,0.0,0.6,3.9,-0.5,0.0,0.7,0.1,0.0,0.0,0.2,0.4,0.1,0.9,0.0,0.6,0.0
2017-11,0.4,0.1,0.4,0.1,0.0,0.0,1.1,6.2,0.1,0.6,-0.4,-1.2,0.2,0.1,9.8,15.0,0.3,0.3,-0.6,0.0,0.1,-0.2,-0.2,0.1,0.0,0.0,0.0,0.0,0.0,0.0,-0.4,-0.2,4.6,0.0,0.0,-0.2,-0.4,-0.2,-0.1,0.7,0.0,0.4,1.1,-0.1,1.1,-0.3,-0.7,0.4,0.1,-0.2,0.1,-0.1,-0.2,-0.3,0.0,0.4,-0.4,0.9,0.0,0.0,0.0,0.0,0.0,-0.1,0.2,0.2,0.6,-0.4,0.0,0.0,0.1,0.0,0.0,0.0,0.9,0.0,-0.2,0.1
2017-12,0.3,0.0,0.3,0.0,-0.1,-0.1,1.0,5.9,0.1,-0.1,0.8,0.9,0.0,0.0,5.2,7.7,8.4,9.2,0.0,0.0,0.2,-0.1,-0.2,0.1,-0.1,-0.1,0.0,0.0,-0.2,0.1,-0.2,0.0,3.7,0.0,-0.3,0.4,-0.4,-0.3,-0.5,-1.1,0.0,-1.2,-1.8,0.0,-1.8,-1.2,-1.8,0.4,-0.1,-0.8,0.0,-0.2,-0.2,-0.8,0.0,0.3,0.5,0.4,0.1,0.0,0.0,0.0,0.0,0.1,-1.1,1.5,0.1,-0.3,0.0,0.0,-0.4,0.9,0.0,0.0,0.5,0.1,0.1,0.0
2018-01,0.1,-0.2,0.2,-0.3,-0.3,-0.4,1.5,8.1,0.2,0.2,1.6,2.4,0.2,-0.2,7.7,10.9,9.1,9.7,0.3,0.1,0.3,0.2,0.2,0.1,0.0,0.0,0.0,0.0,0.1,0.1,0.1,0.0,1.3,0.0,0.1,-0.4,0.4,-0.7,0.4,0.7,0.0,-3.7,-5.5,0.0,-5.7,-3.7,-5.0,-0.5,0.0,-4.1,0.0,-0.1,-0.5,0.1,0.0,-0.1,-0.6,0.1,-0.2,0.0,0.0,0.0,0.0,-1.1,-0.4,-0.3,0.1,-1.8,0.0,0.0,0.1,-0.3,0.0,0.0,0.2,0.0,-1.1,-0.2
2018-02,0.0,0.1,0.0,0.2,0.1,0.1,-0.6,-3.0,0.0,0.0,-1.2,-2.3,-0.4,-0.1,-2.7,-3.9,-1.7,-1.9,0.0,-0.2,-0.2,-0.2,-0.1,0.1,0.0,0.0,0.0,0.0,0.0,0.4,0.3,0.1,3.7,0.0,-0.5,-1.3,-1.1,-0.8,0.1,0.3,0.0,0.4,1.8,-0.1,1.8,-1.0,-1.4,0.0,0.1,-0.6,0.3,0.1,0.2,0.3,0.0,0.3,-0.3,0.5,0.0,0.0,0.0,0.0,0.1,0.8,0.3,-0.2,-0.1,1.5,0.0,0.1,0.0,-0.3,0.0,0.0,0.9,0.0,0.7,0.0
2018-03,-0.3,0.1,-0.4,0.1,0.1,0.1,-1.4,-7.9,0.0,0.1,0.3,0.3,-0.1,0.3,-9.4,-13.6,-5.5,-5.9,-0.6,-0.3,0.2,0.0,-0.2,0.1,0.0,0.0,0.0,0.0,0.0,0.3,0.6,0.2,0.1,0.0,-1.0,-2.5,0.8,-0.8,-0.1,-0.6,0.0,1.6,3.7,-0.1,3.8,-0.7,-1.0,-0.1,-0.1,3.6,0.3,0.0,-0.3,0.3,0.0,0.1,1.3,-0.2,0.1,0.0,0.0,0.0,-0.1,0.0,-1.2,0.3,0.1,-0.1,0.0,-0.1,0.1,0.0,0.0,0.0,0.1,0.0,0.2,0.1
2018-04,-0.1,0.2,-0.1,0.3,0.2,0.2,-1.0,-6.7,0.2,0.1,-0.5,-1.2,-0.3,2.7,-7.0,-10.9,-5.0,-5.5,-0.1,-0.2,-0.2,-0.1,0.0,0.2,0.0,0.1,0.0,0.0,0.2,0.5,0.7,0.5,-0.2,0.0,0.6,0.9,-1.6,1.6,0.3,0.8,0.0,2.0,0.2,-0.2,0.3,6.5,9.4,0.0,0.3,0.1,0.4,0.4,0.2,0.0,0.7,-0.2,-0.7,0.1,-0.4,0.5,0.6,0.0,0.6,0.2,-1.6,-0.6,0.0,0.7,0.0,0.0,-0.1,0.3,0.7,-0.1,0.4,0.4,0.0,0.0
2018-05,0.1,0.1,0.2,0.2,0.0,0.0,0.0,0.0,0.0,-0.1,-0.1,-0.3,0.0,0.2,-2.0,-3.3,6.0,6.5,0.2,-0.6,0.0,0.1,-0.2,0.1,0.0,0.1,0.0,0.0,0.1,1.0,1.6,0.5,0.6,0.3,-0.2,0.3,-0.5,0.0,-0.1,-0.8,0.0,0.0,-0.1,0.0,-0.1,0.1,0.2,-0.3,0.1,0.3,0.0,0.2,0.4,0.4,0.0,0.3,-0.1,0.5,0.0,0.0,0.0,0.0,0.0,0.1,0.1,0.2,0.0,0.1,0.1,0.0,0.4,-0.1,0.0,0.0,1.4,0.0,0.1,0.0
2018-06,-0.1,0.0,-0.1,0.0,-0.2,-0.2,-0.4,-2.3,-0.1,0.0,-0.4,-0.6,-0.3,-0.2,-1.1,-1.8,-4.7,-5.1,-0.1,-0.1,-0.1,0.0,-0.3,0.1,0.0,0.0,0.0,0.0,0.0,0.5,0.4,0.4,4.2,0.0,0.1,0.3,-0.8,-0.2,0.0,0.3,0.0,-0.5,-0.4,0.1,-0.4,-0.8,-1.2,0.3,-0.4,-0.5,0.2,0.1,0.2,0.3,0.0,0.1,-0.3,1.1,-1.9,-0.1,-0.1,0.0,0.0,-0.1,-0.4,-0.8,0.0,0.1,-0.1,0.0,-0.4,0.2,0.0,0.0,1.6,-0.1,-0.2,-1.5
2018-07,0.1,-0.1,0.1,-0.1,0.0,-0.1,0.6,3.3,0.2,0.3,0.7,1.2,0.4,-0.1,3.5,5.7,1.7,1.9,0.2,0.8,0.2,-0.3,-0.2,0.1,0.0,0.0,0.0,0.0,-0.1,-0.2,-0.6,0.2,0.6,0.1,-0.4,-0.4,-0.8,-0.1,-0.3,-0.6,0.0,-2.4,-3.3,-0.1,-3.5,-3.2,-4.4,-0.4,-0.3,-0.7,0.1,0.0,0.0,0.2,0.0,0.4,1.8,0.2,0.1,0.0,0.0,0.0,0.0,-0.1,-0.9,0.1,0.0,-0.2,-0.1,0.0,-0.1,-0.4,0.0,0.0,-0.1,0.0,0.2,0.0
2018-08,0.5,0.3,0.6,0.3,0.3,0.4,1.1,6.6,0.0,0.0,2.2,3.7,0.2,0.0,7.4,11.5,1.5,1.6,0.0,-0.5,0.4,0.1,-0.3,0.1,0.0,-0.1,0.0,0.0,-0.1,0.2,0.4,0.3,-0.1,0.0,-0.3,-0.8,-0.5,-0.3,0.0,0.0,0.0,-1.3,-1.1,-0.5,-1.1,-2.9,-4.0,-0.3,-0.1,-0.2,0.1,0.8,0.1,0.3,1.2,0.1,1.2,0.0,-0.1,0.0,0.0,0.0,0.0,2.6,-0.9,0.3,0.0,4.3,0.0,0.1,-0.2,0.2,0.0,0.1,0.2,0.0,2.7,0.0
2018-09,0.1,0.0,0.1,0.1,0.0,-0.1,0.5,1.9,0.2,0.3,1.1,1.6,0.6,0.2,3.8,5.7,-4.7,-5.2,0.1,0.4,0.1,0.5,0.2,0.0,0.0,0.0,0.0,0.0,0.0,0.5,0.7,0.5,0.8,0.0,-0.1,-0.5,-0.1,0.3,-0.4,0.4,0.0,4.7,5.4,0.1,5.7,7.9,11.4,0.2,0.2,0.6,0.0,0.0,0.0,0.0,0.0,-0.3,-2.4,0.2,-0.4,0.0,0.0,0.0,0.1,-1.8,4.0,0.2,0.0,-3.3,0.0,-0.1,0.3,0.2,0.0,0.0,0.8,0.0,-2.1,-0.3
2018-10,0.3,0.3,0.4,0.4,0.2,0.3,0.0,-0.3,0.0,0.2,-2.4,-4.2,-0.1,-0.1,0.3,0.3,3.8,4.1,-0.2,0.5,-0.2,-0.2,0.0,0.0,0.0,0.1,0.0,0.0,0.1,0.8,0.8,0.6,4.2,0.0,1.0,2.4,1.0,0.8,0.2,0.2,0.0,0.5,0.6,0.0,0.7,-0.2,-0.2,0.0,0.3,2.6,0.0,-0.1,-0.3,0.0,0.0,0.5,0.1,0.8,0.1,0.0,0.0,0.0,0.0,0.9,1.8,1.0,0.1,1.0,0.8,0.0,-0.4,0.1,7.8,0.8,1.7,0.0,0.8,0.2
2018-11,-0.3,0.0,-0.3,0.0,0.0,-0.1,-0.8,-5.5,0.1,0.1,-0.5,-1.5,-0.1,0.0,-6.0,-8.8,-3.6,-3.9,0.4,0.2,-0.1,0.1,0.0,0.2,0.0,0.0,0.0,0.0,0.1,0.6,0.7,0.6,1.3,0.0,0.3,1.2,2.1,-0.1,-0.2,-0.5,0.0,0.3,0.8,0.1,0.9,-0.3,-0.6,0.4,0.5,-0.2,0.1,-0.1,-0.2,0.0,0.0,-0.3,-0.3,-0.4,-0.2,0.0,0.0,0.0,0.0,-0.5,-0.5,-1.0,0.0,-0.4,0.1,0.1,0.4,-0.1,0.0,0.0,0.1,0.0,-0.5,0.0
2018-12,-0.3,-0.2,-0.4,-0.2,-0.1,-0.1,-0.6,-2.7,-0.1,-0.2,1.0,1.6,0.1,-0.1,-6.3,-9.4,4.3,4.7,-0.5,-0.4,-0.2,0.0,-0.7,0.1,0.0,0.0,0.0,0.0,0.1,0.1,0.5,0.7,-4.5,0.0,0.5,1.5,0.1,0.1,-0.1,0.0,0.0,-1.1,-1.8,-0.1,-1.9,-1.1,-1.7,0.5,-0.3,-0.2,0.1,-0.1,-0.1,-0.4,0.0,-0.9,0.2,-1.5,0.0,0.0,0.0,0.0,0.0,0.0,-0.4,-0.5,0.0,0.2,-0.1,0.0,-0.7,0.4,0.0,0.0,-1.5,0.1,0.0,-0.2
2019-01,0.1,-0.2,0.1,-0.2,-0.2,-0.2,1.1,6.2,0.2,-0.2,1.4,2.3,0.4,-0.1,5.6,8.8,6.4,6.9,0.0,0.4,0.2,-0.1,0.7,0.1,0.0,0.0,0.0,0.0,0.0,0.3,0.8,0.8,-4.1,0.0,0.0,-0.6,-0.2,-0.4,0.4,0.5,0.0,-3.6,-5.6,-0.1,-5.9,-2.8,-4.0,0.0,-0.5,-4.1,0.2,-0.1,-0.4,-0.1,0.0,-0.3,-0.2,-0.4,0.0,0.0,0.0,0.0,0.0,-0.6,-1.7,0.3,1.6,-1.3,0.1,0.0,0.5,-0.3,0.0,0.0,-0.7,0.0,-0.6,-0.1
2019-02,0.0,0.1,0.0,0.1,0.1,0.1,-0.5,-2.9,0.0,0.0,-1.2,-2.2,-0.2,-0.4,-3.4,-5.1,0.0,0.0,0.3,-0.3,0.1,0.1,-0.4,0.1,0.0,0.0,0.0,0.0,0.1,0.5,0.7,0.7,-0.8,0.0,0.4,1.9,-0.5,0.1,-0.5,-0.1,0.1,0.1,1.3,0.2,1.3,-1.3,-1.9,-0.1,0.6,-1.1,0.2,0.0,-0.1,0.1,0.0,-0.1,-0.3,0.0,0.0,0.0,0.0,0.0,0.0,0.7,1.4,0.6,0.0,0.9,0.0,0.1,-0.2,-0.2,0.0,0.0,0.4,0.0,0.6,0.0
2019-03,0.0,0.1,0.0,0.2,0.1,0.1,-0.3,-2.7,0.2,0.0,-0.1,-0.5,0.2,0.2,-3.0,-4.8,-1.8,-2.0,-0.5,0.5,0.1,0.0,0.0,0.2,0.0,0.0,0.0,0.0,-0.1,0.2,0.2,0.3,0.9,0.0,-0.3,-0.7,0.1,-0.9,-0.1,-0.1,0.1,1.8,4.1,0.5,4.2,-1.0,-1.4,-0.4,0.3,4.1,0.3,0.1,0.2,0.2,0.0,0.4,1.1,0.5,-0.1,0.1,0.0,0.0,0.2,-0.4,-0.8,0.9,0.2,-1.0,0.1,0.1,0.3,0.4,0.0,0.0,0.7,0.1,-0.2,0.1
2019-04,0.3,0.3,0.3,0.4,0.3,0.4,0.1,-1.1,0.3,0.4,-0.1,-0.5,-0.1,1.9,2.0,3.2,-8.1,-8.7,0.3,0.1,0.6,-0.1,-0.1,0.1,0.1,0.3,0.0,0.1,0.6,-0.3,-0.6,-0.2,0.3,0.1,0.7,1.6,0.1,1.4,-0.4,0.4,0.8,2.0,0.2,0.5,0.2,6.5,9.4,0.1,0.4,0.2,0.3,0.0,0.0,0.2,0.0,-0.1,-0.8,0.3,-0.4,0.5,0.6,0.2,0.5,1.2,-0.2,-0.3,0.2,2.1,0.1,0.0,-0.1,1.4,0.0,-0.1,-0.1,0.4,1.0,0.0
2019-05,0.0,0.0,0.0,0.0,-0.1,-0.1,0.1,0.2,0.1,0.2,0.0,0.1,-0.1,0.5,-1.7,-2.7,5.3,5.7,0.0,0.2,-0.1,0.2,0.1,0.1,0.0,0.1,0.0,0.0,0.2,-0.2,-0.6,-0.2,2.6,0.1,0.8,1.7,0.7,-0.1,0.3,0.6,0.0,-0.2,-0.1,-0.5,-0.1,-0.4,-0.4,-0.3,0.1,0.0,0.0,0.0,-0.1,0.2,0.0,0.1,0.0,0.7,-1.1,0.0,0.0,0.0,0.1,-0.5,0.1,0.6,0.4,-1.2,0.0,0.1,-0.1,-0.1,0.0,0.0,0.6,0.1,-0.5,0.0
2019-06,-0.1,-0.2,-0.2,-0.2,-0.1,-0.2,0.2,0.6,0.1,0.2,-0.1,-0.4,0.3,-0.1,-0.4,-0.8,3.8,4.1,0.3,0.7,0.0,0.0,-0.2,0.0,0.0,0.1,0.0,0.0,0.2,-0.4,-0.6,-0.4,-0.5,0.0,-0.7,-2.2,-0.5,0.4,0.0,0.0,0.0,-0.5,-0.5,0.0,-0.5,-0.7,-1.1,0.2,-0.2,-0.1,0.2,0.0,0.1,-0.1,0.0,-0.9,-0.4,-0.4,-2.4,0.0,0.0,0.0,0.0,0.1,-0.7,-1.1,0.1,0.5,-0.1,0.0,-0.4,-0.1,0.0,0.0,-0.8,0.0,0.0,-2.2
2019-07,-0.1,-0.1,-0.1,-0.1,0.0,0.0,0.1,-0.3,0.2,0.2,0.3,0.2,0.2,0.1,0.7,1.1,-3.0,-3.2,0.1,1.0,-0.1,-0.1,-0.2,0.0,0.0,0.2,0.0,0.0,0.3,-0.4,-0.3,-0.6,-0.8,0.0,-0.4,-1.7,0.4,-0.3,0.0,0.5,0.0,-2.0,-2.7,0.8,-2.8,-2.9,-4.2,0.2,-0.1,-0.9,0.1,0.1,0.3,-0.2,0.0,0.5,1.7,-0.4,1.9,0.0,0.0,0.0,0.0,-0.5,-0.9,-0.2,0.0,-0.6,0.0,0.1,-0.1,-0.2,0.0,0.0,-0.8,0.1,-0.1,0.0
2019-08,0.3,0.2,0.3,0.2,0.3,0.4,0.3,2.1,-0.1,-0.1,0.1,0.5,0.2,-0.3,2.5,3.9,0.9,0.9,-0.4,-0.2,0.2,0.0,-0.5,0.0,0.0,0.0,0.0,0.0,-0.1,-0.5,-0.5,-0.9,-0.4,0.0,0.2,0.7,-0.8,0.7,-0.5,0.3,0.0,-1.2,-0.9,-0.4,-0.9,-2.5,-3.3,-0.5,-0.2,-0.5,0.1,0.0,0.0,-0.2,0.0,0.1,1.5,-0.1,-0.1,0.0,0.0,0.0,-0.1,2.6,-1.0,0.9,0.4,4.0,0.1,0.2,-0.1,0.7,0.0,0.0,-0.6,0.0,2.6,0.0
2019-09,0.1,-0.1,0.1,-0.1,-0.1,-0.1,0.9,4.7,0.2,0.2,2.9,4.9,-0.3,0.5,5.7,8.8,-2.2,-2.5,-0.1,0.4,0.4,0.4,-0.2,0.1,0.0,0.1,0.0,0.0,0.1,-0.6,-0.7,-0.9,-0.4,0.0,0.3,0.1,1.6,0.2,0.3,0.2,0.1,4.1,4.5,-0.5,4.7,7.4,10.5,0.4,0.2,0.7,0.1,-0.1,-0.2,-0.1,0.0,-0.7,-2.5,-0.3,-0.5,0.1,0.0,0.0,0.2,-1.9,0.7,0.5,0.0,-3.3,0.0,-0.1,0.2,-0.2,0.0,0.0,-0.9,0.1,-2.2,0.0
2019-10,0.3,0.4,0.4,0.5,0.4,0.3,0.4,-1.6,0.7,0.4,-1.0,-1.7,0.2,-0.1,-1.6,-2.5,0.3,0.3,-0.1,0.2,0.3,-0.1,3.0,2.0,0.5,1.8,0.0,0.0,3.4,-0.2,-0.5,-0.2,2.1,0.0,2.5,2.8,2.8,2.8,2.3,2.3,2.1,1.6,1.4,2.5,1.4,0.8,0.5,1.5,2.4,3.5,2.5,0.9,1.6,1.5,0.4,1.1,2.0,1.7,-0.6,-8.4,-12.9,0.9,1.2,2.2,4.3,1.8,0.7,2.4,-3.1,1.9,2.1,1.9,1.7,-12.4,0.8,-6.4,2.2,0.8
2019-11,0.1,0.2,0.1,0.2,0.1,0.1,-0.2,-2.1,0.2,-0.2,-0.8,-1.7,0.4,0.2,-0.6,-0.9,-4.4,-4.7,0.0,0.5,0.0,-0.1,-0.2,0.3,0.1,0.1,0.0,0.0,0.2,1.5,1.5,1.9,-0.8,1.9,-0.1,0.2,-0.3,0.9,-0.4,-0.5,0.0,0.4,1.3,0.0,1.3,-0.5,-0.8,0.3,-0.2,0.3,0.1,-0.1,-0.2,-0.5,0.0,0.1,-0.2,-0.2,1.0,0.0,0.0,0.0,0.0,-0.4,0.3,-0.2,-0.2,-0.6,0.0,0.1,0.1,-0.2,0.0,0.0,0.8,0.0,-0.4,0.3
2019-12,0.0,0.0,0.0,0.0,0.0,0.0,-0.2,-0.5,-0.1,-0.3,-0.8,-1.6,-0.4,0.0,-2.0,-3.0,5.6,6.1,-0.2,-0.3,0.0,-0.2,-0.4,0.0,0.0,0.0,0.0,0.0,0.1,-0.1,-0.4,0.1,0.7,0.3,-0.3,-0.4,-0.4,-0.2,0.0,-0.4,0.0,-1.1,-1.6,0.4,-1.6,-1.1,-1.6,0.0,0.2,-1.3,0.0,-0.2,-0.5,-0.7,0.0,0.4,0.2,0.2,0.9,0.0,0.0,0.0,0.0,0.4,-1.4,0.6,0.0,0.6,-0.2,0.0,-0.7,0.1,0.0,0.0,0.1,0.1,0.4,0.0
2020-01,-0.1,-0.2,-0.1,-0.2,-0.2,-0.4,0.4,1.7,0.2,0.0,0.2,0.3,0.8,-0.3,-0.2,-0.4,6.7,7.2,0.5,0.2,0.0,0.3,0.6,0.1,0.0,0.0,0.0,0.0,-0.1,0.0,-0.2,-0.1,2.1,0.0,-0.4,-1.1,-0.3,-1.4,0.0,0.4,0.0,-3.8,-5.8,0.0,-6.0,-3.5,-4.8,-0.5,-0.1,-4.4,0.2,0.2,0.1,0.7,0.0,0.6,-0.2,1.1,0.0,0.0,0.0,0.0,0.0,-1.3,-0.3,0.2,0.2,-2.2,0.1,0.1,0.3,0.2,0.0,0.0,0.7,0.1,-1.2,0.0
2020-02,-0.2,-0.1,-0.3,-0.1,-0.1,-0.1,-0.6,-3.1,-0.1,0.1,-0.9,-1.2,-0.6,0.0,-3.5,-5.3,-1.3,-1.5,-0.3,-0.1,-0.1,0.1,-0.4,0.0,0.0,0.0,0.0,0.0,0.1,-0.2,-0.4,-0.2,0.0,0.0,-0.4,-1.0,-0.1,-1.9,0.1,0.1,0.1,0.1,1.2,0.9,1.2,-1.3,-1.9,-0.3,0.0,-0.4,0.0,-0.1,-0.7,0.6,0.0,-0.4,0.0,-0.4,-0.8,-0.1,0.0,0.0,-0.3,0.1,2.5,-0.7,0.2,0.1,0.0,0.0,0.2,-0.2,0.0,0.0,-0.6,-0.1,0.0,0.0
2020-03,0.0,0.0,0.0,0.1,0.1,0.2,-0.1,-0.4,-0.1,-0.1,-0.5,-1.0,0.0,-0.1,1.1,1.6,-3.0,-3.2,-0.8,-0.1,0.1,-0.1,-0.2,0.1,0.0,0.0,0.0,0.0,-0.1,-0.1,0.0,0.2,-2.4,0.0,-0.3,-1.0,0.2,0.6,-0.1,0.0,0.0,2.0,4.5,-0.1,4.7,-0.7,-1.3,0.5,-0.1,2.9,0.2,0.2,0.6,0.2,0.0,-0.3,1.2,-0.6,-0.3,0.1,0.0,0.0,0.2,0.5,0.8,0.6,0.1,0.4,0.0,0.0,0.0,0.6,0.0,-0.1,-0.8,0.1,0.7,0.0
2020-04,-0.1,-0.4,-0.1,-0.4,-0.1,-0.2,0.8,5.8,-0.1,0.0,-0.5,-0.6,0.0,0.0,8.0,12.2,1.2,1.3,0.6,0.2,-0.1,-0.3,-0.1,-0.3,0.0,0.2,0.0,0.1,0.2,-0.9,0.0,0.0,-11.2,-1.2,0.4,0.8,0.4,0.7,0.2,0.1,0.2,1.9,0.0,0.0,0.0,6.7,10.1,0.2,0.1,0.1,0.0,-0.2,0.4,0.3,-0.7,-1.9,-0.9,-2.9,-0.3,-2.8,-4.5,0.7,1.3,0.4,-0.7,-0.9,0.2,1.1,-0.1,-0.1,-0.3,0.0,0.0,-0.1,-3.0,-2.5,0.2,0.3
2020-05,0.0,0.0,-0.1,0.0,0.1,0.1,0.0,-0.8,0.2,0.0,-0.1,-0.1,0.5,0.0,-2.5,-3.8,4.4,4.8,0.4,0.3,0.3,-0.2,-0.1,0.0,0.1,0.0,0.1,0.0,0.0,-0.6,0.2,-0.2,-5.8,-1.6,0.3,0.7,0.0,0.4,0.4,-0.1,0.0,-0.2,-0.3,0.0,-0.3,-0.2,-0.2,-0.1,-0.3,-0.4,0.0,0.0,0.2,-0.1,0.0,-0.3,1.2,-1.0,0.4,-0.4,-0.1,0.0,-1.2,0.3,1.3,0.8,0.0,0.0,0.2,-0.1,0.7,0.9,0.0,-0.1,-1.5,-0.3,0.3,0.5
2020-06,-0.2,-0.1,-0.2,-0.1,-0.2,-0.2,-0.4,-2.6,0.0,-0.1,-1.1,-1.9,0.2,-0.1,-3.0,-4.5,0.3,0.4,0.0,0.3,0.0,-0.4,-0.2,-0.1,0.0,-0.1,0.0,0.0,-0.1,-0.4,-0.2,-0.1,-0.8,-0.9,0.6,1.5,0.5,-0.5,0.6,-0.1,0.0,-0.6,-0.8,-0.2,-0.8,-0.9,-1.4,0.0,0.0,0.4,0.1,0.1,0.1,0.3,0.0,0.3,-0.9,0.6,0.1,-0.2,-0.1,0.0,-0.5,-1.0,0.5,-0.5,0.0,-1.6,0.0,0.1,-0.7,0.1,0.0,0.3,0.6,-0.2,-1.1,0.0
2020-07,0.1,0.0,0.1,0.0,0.0,0.0,0.3,2.6,-0.1,0.1,0.3,1.0,0.6,-0.1,4.6,7.3,-3.5,-3.8,-0.3,-0.3,-0.4,-0.3,-0.2,-0.1,0.0,0.0,0.0,0.0,0.0,-0.7,-0.8,-0.1,0.9,-1.4,-0.2,0.0,-0.8,-0.5,0.0,-0.4,0.0,-1.9,-2.0,-0.2,-2.1,-3.0,-4.1,-0.5,-0.5,-1.1,0.0,-0.1,0.1,-0.5,0.0,1.1,0.7,0.4,2.6,0.3,-0.1,0.0,1.5,-0.6,0.0,-0.3,-0.2,-0.8,0.0,0.0,0.2,-0.2,0.0,0.0,0.1,0.1,-0.3,1.0
2020-08,0.1,-0.2,0.1,-0.2,-0.2,-0.2,0.9,6.8,-0.2,-0.4,0.6,0.9,-0.9,-0.1,8.9,13.2,0.8,0.9,-0.4,-0.4,0.1,-0.2,-0.4,0.1,0.0,-0.1,0.0,0.0,-0.1,-0.2,-1.0,-0.2,4.9,0.4,-0.5,-1.2,-0.8,-1.5,0.0,0.1,0.0,-1.2,-1.0,0.1,-1.0,-2.4,-3.6,-0.1,-0.2,-0.1,0.1,-0.2,-0.4,-0.8,0.0,0.4,1.1,0.6,-0.2,-0.1,-0.1,0.0,-0.2,-1.0,-0.6,0.6,0.2,-2.0,0.0,0.1,0.0,-0.4,0.0,0.1,0.3,-0.1,-0.8,0.0
2020-09,-0.2,-0.1,-0.2,-0.1,0.0,0.0,-0.5,-3.5,0.0,-0.4,1.2,2.2,-0.1,0.1,-5.7,-8.2,0.7,0.8,0.1,0.2,-0.2,0.7,0.2,0.0,0.0,0.0,0.0,0.0,0.1,-0.8,-1.7,-0.8,-0.4,0.8,0.5,-0.2,0.6,1.1,0.5,1.2,0.0,4.4,5.1,-0.1,5.2,7.3,10.8,0.6,0.4,1.0,0.0,0.0,0.0,-0.1,0.0,-0.5,-2.8,0.0,-0.6,0.1,0.0,0.0,0.3,-1.2,-1.3,0.2,0.1,-2.1,0.1,0.0,0.4,0.3,0.0,-0.2,-0.9,0.0,-1.6,0.0
2020-10,-0.1,0.0,-0.1,0.0,0.1,0.1,-0.1,-1.7,0.2,0.3,-0.4,-0.6,0.5,-0.2,-0.8,-1.2,-3.6,-3.9,-0.7,1.0,0.2,-0.4,0.7,-0.1,0.0,0.1,0.0,0.0,0.1,-0.6,-1.8,-1.3,-1.0,2.8,0.9,2.6,0.1,1.0,-0.2,-0.1,0.0,0.3,0.7,-0.2,0.7,-0.1,-0.3,0.3,0.1,0.1,0.0,-0.3,-0.3,-0.9,0.0,-0.1,0.3,-0.2,0.0,0.0,-0.1,0.0,0.2,-0.3,0.5,0.5,0.9,-1.1,0.5,0.0,-0.1,-0.2,9.3,0.0,-1.5,-0.1,-0.3,-0.2
2020-11,-0.3,-0.1,-0.4,-0.1,0.0,0.0,-0.9,-5.4,-0.1,-0.4,-1.1,-1.8,0.0,-0.2,-4.9,-7.4,-5.3,-5.7,0.0,0.0,-0.3,-0.2,0.1,0.0,0.0,0.0,0.0,0.0,0.1,-1.1,-1.3,-1.9,-1.2,0.0,0.9,1.7,0.6,0.1,0.1,0.9,0.0,0.2,0.5,0.3,0.5,-0.5,-0.7,-0.1,0.0,1.6,0.0,-0.1,0.0,-0.4,0.0,-0.1,0.2,-0.2,0.0,-0.1,-0.1,0.0,0.0,-0.5,-1.1,-0.6,0.0,-0.5,0.0,0.0,-0.1,0.6,0.0,0.0,-1.3,-0.1,-0.4,0.0
2020-12,-0.2,-0.1,-0.2,-0.1,0.0,0.0,-0.7,-3.8,-0.1,-0.2,0.2,0.2,0.1,-0.2,-6.1,-9.2,2.2,2.6,-0.4,-0.3,0.3,-0.7,-0.6,0.0,0.0,-0.1,0.0,0.0,-0.1,-0.8,-1.0,-1.7,0.2,0.3,0.2,0.0,-0.6,0.5,-0.3,0.9,0.0,-1.2,-1.4,0.0,-1.4,-1.0,-1.6,0.2,-1.4,-0.8,0.1,-0.3,-0.3,-0.8,0.0,0.2,0.2,0.3,0.0,0.0,0.0,0.0,0.0,0.6,-1.3,-0.7,-0.1,1.7,-0.3,0.1,-1.0,-0.4,0.0,0.0,-0.5,0.0,0.6,0.0
2021-01,0.5,0.3,0.6,0.3,0.3,0.3,1.2,7.2,0.2,0.0,0.2,0.4,0.4,0.1,8.8,13.8,3.1,3.4,0.3,0.2,0.0,0.8,0.6,0.0,0.4,1.6,0.0,0.0,3.0,-0.2,-0.6,-0.8,2.1,0.5,-0.4,-1.4,-0.5,-1.1,0.3,0.5,0.0,-2.8,-4.0,-0.1,-4.1,-3.1,-4.4,-0.5,0.5,-2.8,0.2,0.0,0.2,-0.3,0.0,0.0,-0.1,0.2,-0.3,0.0,0.0,0.0,0.0,2.7,-0.6,0.3,0.2,4.8,0.3,0.1,0.6,-2.9,0.0,1.2,0.1,0.1,2.5,0.0
2021-02,-0.1,0.0,-0.1,0.0,0.0,0.0,-0.5,-2.8,-0.1,0.0,-0.6,-1.4,-0.2,0.1,-3.1,-4.7,-0.6,-0.6,0.4,-0.3,-0.2,-0.1,0.0,0.0,0.1,0.0,0.1,0.0,0.0,0.3,0.1,0.4,3.4,0.0,-0.2,-0.7,0.0,-0.3,0.3,0.1,0.0,0.1,0.8,0.0,0.9,-0.8,-1.1,-0.2,0.1,-0.5,0.0,0.1,-0.3,0.7,0.0,0.1,-0.3,0.5,-0.4,0.0,0.0,0.0,0.0,-0.3,0.7,0.1,0.0,-0.6,0.3,0.0,-0.1,3.1,0.0,0.0,0.9,0.0,-0.3,0.0
2021-03,0.1,0.2,0.2,0.3,0.1,0.1,-0.4,-2.4,0.0,-0.3,-0.9,-1.5,-0.1,0.1,-2.3,-3.6,-1.4,-1.4,-0.5,0.2,0.1,0.2,0.0,0.0,0.0,0.2,0.0,0.0,0.4,1.0,0.8,1.3,5.9,-0.2,0.1,0.5,0.1,0.0,-0.1,-0.2,0.0,1.9,4.4,0.1,4.5,-0.4,-0.6,0.1,-0.1,2.2,0.1,0.3,0.8,0.7,0.0,0.2,1.3,1.0,-1.9,0.0,-0.1,0.0,0.3,0.4,-1.0,0.6,0.2,0.5,0.1,0.0,0.2,-0.1,0.0,0.0,2.3,0.0,0.6,-1.1
2021-04,-0.8,-0.9,-1.0,-1.0,-1.1,-1.4,-0.1,-0.5,0.0,0.0,0.5,0.8,-0.3,0.4,0.5,0.6,-3.9,-4.2,-0.2,0.1,-0.2,-0.6,-0.4,0.2,0.0,0.0,0.0,0.1,0.0,1.5,1.5,1.8,3.9,0.7,0.1,-0.6,0.1,0.6,0.1,0.8,-0.1,1.4,-0.6,-0.2,-0.6,5.4,8.2,-0.1,0.5,0.1,0.3,-0.2,0.1,0.0,-0.3,-7.0,-0.9,0.2,-24.3,1.1,1.1,0.0,1.2,0.6,0.7,-0.4,0.4,1.1,0.0,0.1,-0.1,0.0,0.0,0.0,1.9,1.2,0.4,-20.8
2021-05,0.3,0.3,0.4,0.3,0.1,0.1,0.3,1.4,0.1,-0.3,0.9,1.5,-0.3,0.0,-0.7,-1.1,5.9,6.5,0.1,0.0,0.4,1.7,0.0,0.1,0.0,0.0,0.0,0.0,0.1,2.0,3.2,1.7,0.2,0.1,0.1,0.1,-0.1,0.3,0.0,0.0,0.1,-0.1,-0.1,0.1,-0.1,-0.1,-0.2,0.1,-0.2,0.0,0.0,0.1,0.4,0.1,0.0,0.3,1.1,0.1,0.6,0.1,0.1,0.0,0.0,0.3,0.0,-0.2,0.0,0.7,0.1,0.0,0.2,0.3,0.0,0.0,1.9,0.1,0.4,0.0
2021-06,0.1,0.0,0.1,0.0,-0.1,-0.2,0.6,3.6,0.0,0.1,-0.3,-0.7,0.5,-0.1,3.5,5.5,4.8,5.3,0.6,0.2,-0.2,-0.5,-0.2,0.1,0.0,0.0,0.0,0.0,0.1,0.7,1.0,0.4,1.4,0.2,0.2,1.2,0.9,-0.2,-0.1,-0.7,0.0,-0.4,-0.3,-0.1,-0.4,-0.6,-0.9,-0.1,-0.6,-0.2,0.0,-0.1,-0.3,-0.1,0.0,0.0,-0.6,0.4,-0.7,0.0,0.1,0.0,0.0,-0.7,0.0,-0.6,-0.1,-1.0,-0.2,0.0,-0.6,-0.1,0.0,0.0,1.1,0.1,-0.8,0.0
2021-07,0.2,0.3,0.2,0.4,0.2,0.3,-0.3,-2.4,0.1,0.0,1.5,2.6,0.2,0.3,-3.1,-4.6,-3.6,-3.8,0.3,-0.3,0.1,0.1,0.0,0.1,0.0,0.0,0.0,0.0,0.1,0.6,0.7,0.0,3.6,-0.1,0.6,2.5,0.2,-0.3,-0.3,-0.7,0.0,-1.7,-1.8,-0.5,-1.8,-3.2,-4.4,-0.6,0.4,-0.8,0.1,0.0,0.1,0.1,0.0,1.1,1.6,0.7,1.8,0.0,0.0,0.0,0.0,1.3,0.8,-0.4,1.7,1.9,0.2,0.0,0.2,0.5,0.0,0.3,1.5,0.0,1.5,0.0
2021-08,0.0,-0.1,0.0,-0.1,-0.1,-0.1,0.3,1.7,0.0,0.0,1.1,1.7,0.2,0.1,1.8,2.7,-0.2,-0.2,0.4,0.1,0.0,-0.5,-0.3,0.0,0.0,0.1,0.0,0.0,0.1,0.0,0.1,-0.5,0.5,0.2,0.0,-0.4,-0.3,-0.7,0.1,0.7,0.0,-1.1,-1.2,0.7,-1.3,-2.0,-3.0,0.1,0.0,-0.5,0.1,0.1,0.3,0.3,0.0,-0.8,0.8,0.1,-4.3,0.0,0.0,0.0,-0.1,0.8,-0.8,-0.4,0.1,1.6,0.1,0.0,-0.1,0.1,0.0,0.3,0.0,0.0,0.9,-3.6
2021-09,0.4,0.1,0.4,0.1,0.0,-0.1,1.5,8.2,0.3,0.0,1.3,1.9,0.3,0.3,11.8,18.0,-2.4,-2.7,0.6,0.2,0.6,0.9,0.2,0.0,0.0,0.1,0.0,0.0,0.2,1.0,1.5,1.4,-0.2,0.2,-0.7,-2.4,0.4,1.0,0.3,-0.1,0.0,3.6,4.0,-0.4,4.1,6.1,9.2,0.1,0.2,0.6,0.4,-0.1,0.1,-0.6,0.0,-0.3,-1.9,-0.1,0.0,0.0,0.0,0.0,0.1,-1.6,1.3,-0.1,0.1,-2.9,0.1,0.0,0.7,0.0,0.0,-0.3,0.9,0.0,-1.8,0.0
2021-10,-0.2,0.1,-0.2,0.1,-0.1,-0.2,-0.5,-4.8,0.3,0.0,-0.1,0.0,0.3,-0.5,-7.2,-10.5,1.9,2.0,0.4,0.8,0.5,1.3,0.2,0.1,0.0,0.0,0.0,0.0,0.1,1.3,1.5,1.6,3.7,0.1,0.1,-0.3,0.7,0.7,0.1,0.2,0.0,0.1,0.4,0.0,0.4,-0.2,-0.4,0.3,-0.1,0.2,0.0,-0.3,-0.5,0.1,-0.4,-1.3,0.1,0.8,-7.8,0.0,0.0,0.0,0.0,0.5,1.3,0.6,0.1,0.5,0.5,0.0,-0.3,1.8,6.3,0.0,2.1,0.0,0.5,-6.4
2021-11,0.2,0.3,0.2,0.3,0.1,0.0,0.0,-1.4,0.3,-0.3,1.5,2.4,0.6,-0.3,-2.9,-4.4,-0.1,-0.2,0.5,0.8,0.3,0.0,0.0,0.3,0.0,0.1,0.0,0.0,0.1,1.5,1.5,1.5,6.9,0.1,0.4,1.3,0.9,-0.6,0.1,-0.2,0.0,0.5,1.2,-0.1,1.2,-0.2,-0.3,0.1,-0.2,0.8,0.2,0.0,0.3,-0.3,0.0,0.6,-0.9,1.0,0.0,0.0,0.0,0.0,0.0,-0.5,-0.7,-0.6,0.0,-0.5,0.0,0.0,0.1,0.0,0.0,0.0,2.4,0.0,-0.4,0.0
2021-12,0.0,-0.1,0.0,-0.1,-0.1,-0.1,0.0,0.8,-0.1,-0.5,1.2,1.5,0.1,-0.5,-1.2,-1.8,4.7,5.2,-0.7,0.0,0.3,-0.8,-0.6,0.0,0.0,0.1,0.0,0.0,0.1,1.0,1.3,1.4,0.0,0.1,-1.0,-2.5,0.2,-0.5,-0.5,-0.1,0.0,-1.0,-1.3,0.3,-1.3,-1.4,-2.1,0.0,0.1,-0.3,0.2,-0.1,-0.3,-0.3,0.0,-0.4,0.7,-0.5,-0.6,0.0,0.0,0.0,0.0,0.2,0.9,-0.7,0.0,0.5,-0.2,0.0,-0.7,0.1,0.0,0.0,0.2,0.0,0.3,0.0
2022-01,0.3,0.0,0.3,0.0,-0.1,-0.2,1.1,5.7,0.3,1.5,1.4,2.3,0.2,0.4,5.0,7.8,5.5,6.0,1.0,-0.1,0.0,0.3,0.7,0.2,0.0,-0.1,0.0,0.0,-0.1,1.2,1.6,1.6,0.2,0.0,-0.3,-1.7,-0.3,0.7,0.8,0.4,0.0,-1.8,-2.7,-0.4,-2.7,-1.8,-2.7,0.0,-0.2,-1.7,0.3,0.0,-0.1,0.0,0.0,-0.1,-0.4,-0.1,0.2,0.0,0.0,0.0,0.0,-0.5,-1.0,0.9,0.2,-1.1,0.1,0.0,0.5,-0.2,0.0,0.0,1.5,0.1,-0.6,0.0
2022-02,0.4,0.4,0.4,0.4,0.1,0.1,0.3,0.5,0.2,1.4,-0.2,-0.5,0.3,0.0,0.9,1.4,0.1,0.1,0.6,-0.2,0.3,0.1,-0.1,0.0,0.1,0.2,0.0,0.0,0.4,2.6,3.3,3.3,3.5,0.0,-0.3,-1.0,-0.2,-1.0,0.5,0.1,0.0,0.2,1.0,0.9,1.0,-0.7,-1.1,0.1,0.0,-0.1,0.0,0.1,0.2,0.4,0.0,0.3,-0.1,0.5,-0.2,0.0,0.0,0.0,0.0,0.4,2.3,0.0,0.0,0.4,0.1,0.0,0.3,0.3,0.0,0.0,3.0,0.0,0.4,0.0
2022-03,0.4,0.5,0.5,0.6,0.3,0.3,0.2,-1.1,0.4,0.3,0.3,-0.4,0.3,0.3,0.0,-0.1,-3.4,-3.9,0.8,0.5,0.2,1.1,-0.1,0.2,0.1,0.1,0.0,0.0,0.2,2.0,2.4,2.6,3.5,0.0,1.3,3.7,0.5,0.4,0.2,0.0,0.0,1.3,2.7,0.3,2.8,-0.2,-0.5,0.4,0.1,1.3,0.5,0.0,0.2,-0.1,0.0,0.5,1.2,0.5,0.0,0.2,0.0,1.9,0.5,0.4,-0.8,0.7,0.2,0.4,0.1,0.0,-0.3,1.7,0.0,0.1,2.5,0.2,0.5,0.0
2022-04,0.4,0.4,0.5,0.5,0.4,0.4,0.5,0.0,0.5,0.5,-0.1,-0.5,-0.4,0.6,1.1,1.4,-1.9,-2.1,1.2,0.7,1.1,0.1,-0.2,0.8,0.2,0.6,0.0,0.1,1.1,0.8,1.0,1.3,0.3,0.1,1.9,4.7,0.0,1.1,0.0,0.9,0.1,1.5,-0.2,0.0,-0.2,5.1,7.7,0.0,-0.3,0.5,1.1,-0.5,0.9,-0.1,-1.3,-0.2,-0.7,-0.1,-0.2,0.6,0.5,2.0,0.6,0.9,1.1,0.4,0.2,1.2,0.2,0.5,0.3,0.1,0.0,0.0,0.5,0.4,0.7,0.3
2022-05,0.3,0.2,0.3,0.2,0.2,0.2,0.4,1.5,0.2,0.2,1.2,1.5,-0.1,0.6,-0.2,-0.4,5.0,5.4,0.4,0.6,0.2,-0.9,0.0,0.4,0.1,0.3,0.0,0.1,0.5,0.8,1.2,1.2,-0.6,0.0,1.3,2.4,0.8,0.4,1.6,0.4,0.0,0.0,-0.1,0.1,-0.1,-0.2,-0.3,0.0,0.5,0.1,0.2,0.1,0.1,0.2,0.0,-0.2,0.4,-0.4,0.0,0.0,-0.1,0.0,0.0,0.4,-1.1,1.2,0.0,0.5,0.0,0.1,-0.2,0.2,0.0,0.0,0.2,0.0,0.5,0.0
2022-06,0.0,0.1,0.0,0.1,0.0,-0.1,0.2,-1.7,0.6,0.8,1.3,1.6,1.1,-0.1,-2.3,-3.6,-1.8,-2.0,1.0,0.9,0.7,-0.5,-0.3,0.5,0.1,0.4,0.0,0.0,0.8,0.4,0.5,0.5,0.0,0.0,0.6,1.3,0.2,0.3,1.4,-0.6,0.0,-0.3,-0.4,0.1,-0.4,-0.4,-0.7,0.4,0.0,-0.2,0.2,0.0,0.2,-0.3,0.0,0.1,-0.8,0.3,0.0,0.0,0.0,0.0,0.0,-1.2,0.1,-1.7,-0.2,-1.4,-0.1,0.1,-0.5,0.2,0.0,0.0,0.6,0.0,-1.3,0.0
2022-07,0.5,0.5,0.6,0.6,0.5,0.4,0.4,-0.7,0.6,1.6,1.2,1.1,0.3,0.3,-1.6,-2.4,0.3,0.4,0.8,0.4,0.5,0.2,0.3,0.6,0.0,0.1,0.0,0.0,0.3,1.2,2.1,1.4,0.4,-1.1,0.5,0.0,0.2,0.5,0.6,1.1,1.4,-1.4,-1.4,-0.2,-1.5,-2.6,-3.7,-0.1,0.1,-0.4,0.4,0.1,0.1,0.4,0.0,1.5,1.7,0.1,6.2,0.0,0.0,0.0,0.0,0.8,1.2,-0.1,0.0,1.3,0.2,0.1,0.7,-0.4,0.0,0.1,1.2,0.0,1.1,0.4
2022-08,0.4,0.3,0.4,0.4,0.3,0.2,0.5,1.4,0.4,0.8,1.5,2.2,1.0,0.0,0.7,0.9,1.3,1.4,0.3,0.3,0.6,-0.3,-0.4,0.3,0.1,0.2,0.0,0.0,0.3,0.8,1.7,0.7,-0.8,-1.0,0.5,0.9,0.0,-0.6,0.8,0.1,0.0,-1.1,-0.9,0.0,-0.9,-2.5,-3.8,0.2,0.1,0.0,0.3,0.0,0.1,-0.2,0.0,0.0,1.8,-0.2,-0.3,0.0,0.0,0.0,0.0,1.6,1.1,0.9,0.1,2.3,0.2,0.1,0.1,0.4,0.0,0.2,0.6,0.0,1.8,0.0
2022-09,0.4,0.3,0.5,0.4,0.3,0.1,1.0,2.0,0.8,0.5,3.7,4.5,0.6,0.8,4.2,6.1,-7.7,-8.3,1.4,1.3,0.9,0.9,0.2,0.3,0.0,0.1,0.0,0.0,0.3,0.5,1.5,0.8,0.1,-2.1,1.4,2.2,0.1,2.0,0.9,1.3,0.0,4.0,3.8,0.1,3.9,7.4,10.7,1.1,0.7,0.8,0.4,0.1,0.0,0.7,0.0,-0.3,-2.7,0.1,-0.1,0.0,0.0,0.0,0.1,-1.0,-0.1,1.8,0.1,-2.4,0.0,0.1,0.4,0.2,0.0,-0.2,0.9,0.0,-1.4,0.0
2022-10,0.6,0.6,0.7,0.7,0.6,0.3,1.5,1.0,1.6,1.0,0.3,-0.5,1.7,1.0,1.8,2.4,0.2,0.2,0.6,1.2,1.3,3.1,5.4,1.4,0.5,1.7,0.0,0.0,2.9,1.0,1.0,2.1,-0.7,0.4,0.3,0.1,0.5,0.7,0.5,0.4,0.0,0.8,0.5,0.5,0.5,0.5,0.4,0.7,2.6,0.2,0.6,0.4,-0.3,-0.4,1.0,0.1,0.3,-0.1,0.5,0.0,0.0,0.0,0.0,-0.8,1.8,2.1,0.2,-2.4,0.2,0.2,-0.1,0.5,0.3,0.1,0.6,0.0,-0.7,0.0
2022-11,0.2,0.4,0.3,0.4,0.3,0.0,0.6,-2.2,1.1,0.4,0.9,0.2,1.2,4.0,-2.4,-3.7,-2.2,-2.4,1.8,1.4,0.7,2.3,0.8,0.5,0.1,0.4,0.0,0.0,0.7,1.1,0.8,2.3,-0.4,0.9,0.8,0.3,1.1,1.6,1.1,1.2,0.0,0.7,1.0,0.3,1.1,0.2,-0.3,1.1,-0.1,1.8,0.6,0.1,0.1,0.5,0.0,0.2,-0.3,0.0,1.0,0.0,0.0,0.0,0.0,-1.4,-0.9,0.0,0.0,-2.3,0.1,0.1,0.0,0.8,0.3,0.0,0.8,0.0,-1.3,0.0
2022-12,0.2,0.2,0.2,0.3,0.1,0.0,0.1,-1.4,0.4,0.1,2.8,3.8,0.8,0.8,-5.3,-8.2,4.8,5.3,-0.1,0.3,0.7,-0.2,-0.4,0.5,0.1,0.3,0.0,0.0,0.5,2.0,2.4,3.4,-0.7,0.1,-0.9,-2.4,0.6,-0.1,0.7,-0.8,0.0,-0.8,-1.3,-0.2,-1.3,-1.1,-1.9,0.5,0.6,0.2,0.3,-0.1,-0.1,-0.1,0.0,0.1,0.6,0.1,-0.1,0.0,0.0,0.0,0.0,0.2,0.6,-0.6,0.0,0.5,0.0,0.4,-0.1,0.0,0.0,0.0,1.9,0.0,0.2,0.0
2023-01,0.5,0.2,0.6,0.2,0.1,0.1,1.4,8.0,0.3,0.1,2.2,3.3,0.6,0.8,6.8,10.7,9.2,10.1,0.7,-0.7,0.4,0.3,0.6,0.2,0.0,0.2,0.0,0.0,0.3,0.9,0.7,2.3,-0.2,0.1,0.0,-1.4,0.8,0.5,0.9,0.7,0.0,-1.6,-2.4,0.2,-2.4,-1.6,-2.5,0.0,0.1,-1.4,0.1,0.1,0.2,0.3,0.0,0.0,-0.6,0.0,0.1,0.0,0.0,0.0,0.0,1.1,-1.5,1.2,0.2,1.7,0.1,0.2,0.2,0.0,0.0,0.0,0.9,0.0,1.0,0.1
2023-02,-0.6,-0.6,-0.8,-0.8,0.4,0.3,0.4,-0.8,0.7,0.6,-0.6,-1.8,0.3,2.0,-0.6,-1.0,0.9,1.0,1.3,-0.1,0.9,1.5,0.0,0.6,0.1,0.3,0.0,0.0,0.6,-11.0,-18.8,-6.5,-0.4,1.3,0.6,-0.9,1.1,-0.1,0.7,2.7,0.0,0.6,1.3,0.4,1.3,0.0,-0.4,0.8,0.7,-0.3,0.4,0.5,0.9,1.6,0.0,-0.1,-0.3,-0.1,0.2,0.3,0.0,0.0,0.9,0.4,1.7,0.1,0.0,0.4,0.3,0.2,0.5,1.4,0.0,0.0,-10.7,0.2,0.3,0.6
2023-03,0.4,0.5,0.5,0.6,0.6,0.5,0.4,-1.5,0.8,0.2,0.5,-0.2,0.4,2.2,-0.6,-1.8,-2.6,-2.8,0.1,1.6,0.8,0.1,0.5,0.6,0.0,0.1,0.0,0.0,0.2,-0.5,-0.9,-1.2,-0.1,0.9,2.0,2.0,0.5,-0.1,0.6,4.2,-0.1,1.4,2.5,0.5,2.6,-0.2,-0.7,1.0,0.7,1.9,1.1,0.4,0.4,1.5,0.0,0.4,1.8,0.2,0.2,0.1,0.0,0.0,0.5,1.1,-0.4,0.9,0.4,1.6,0.1,0.3,0.1,0.2,0.0,0.1,-0.7,0.1,1.4,0.0
2023-04,0.6,0.7,0.7,0.8,0.7,0.6,1.1,-0.1,1.3,0.8,-0.5,-1.8,0.3,3.1,3.0,3.6,-4.1,-4.5,0.7,3.3,1.5,0.8,0.7,0.5,0.1,0.2,0.0,0.1,0.3,-0.2,0.2,-1.9,0.3,0.7,2.5,5.1,2.5,1.0,0.7,1.2,0.6,1.6,0.0,0.6,0.0,5.3,7.7,0.7,0.3,0.4,0.5,0.0,-0.1,1.6,-0.6,0.0,0.7,-0.1,-0.1,0.9,0.5,0.6,2.1,1.7,0.5,0.5,0.1,2.7,0.0,0.5,0.0,0.1,0.0,-0.1,-0.2,0.8,1.5,0.0
2023-05,0.1,0.0,0.1,0.0,0.3,0.3,0.6,1.5,0.4,0.0,0.6,0.4,0.0,1.3,-0.3,-0.5,6.2,6.8,1.3,0.8,0.4,0.1,0.1,0.3,0.1,0.3,0.0,0.0,0.5,-3.9,-7.6,-1.5,-0.1,0.1,1.0,1.6,0.5,0.3,0.9,0.7,0.1,0.0,0.0,0.1,0.0,-0.2,-0.4,0.2,0.3,0.7,0.2,0.4,0.7,1.2,0.0,0.2,0.5,0.3,-0.3,0.0,0.0,0.0,0.1,0.8,0.4,0.8,1.7,0.7,0.1,0.2,0.1,0.3,0.0,0.0,-3.8,0.0,0.8,0.0
2023-06,0.1,0.2,0.1,0.2,0.0,-0.2,0.0,-3.0,0.5,1.0,-0.3,-1.4,0.2,-0.1,-2.8,-4.7,-1.5,-1.7,1.5,0.5,1.1,0.1,0.0,0.1,0.0,0.0,0.0,0.0,0.1,2.2,6.2,-2.4,0.4,-0.2,-0.4,-0.9,1.8,0.5,0.3,-0.8,0.0,-0.2,-0.2,0.5,-0.2,-0.6,-1.1,0.3,0.3,0.0,0.2,0.2,0.3,0.7,0.0,0.1,-0.8,0.3,-0.2,0.0,0.0,0.0,0.0,-1.2,-0.9,-0.4,0.8,-1.9,0.2,0.1,-0.1,2.1,0.0,0.0,2.4,0.0,-1.3,0.1
2023-07,0.5,0.4,0.5,0.5,0.5,0.5,0.8,1.8,0.6,2.3,1.6,2.0,0.2,0.2,1.5,2.1,1.0,1.1,0.5,1.0,0.5,-0.1,0.9,0.2,0.0,0.1,0.0,0.0,0.2,-2.0,-2.8,-2.9,1.2,-0.5,0.4,-0.6,1.2,-0.1,-0.1,2.1,0.1,-1.2,-1.3,-0.3,-1.3,-2.3,-3.5,0.1,0.2,-0.1,0.2,0.0,0.0,0.0,0.0,1.6,1.9,0.8,3.8,0.0,0.0,0.0,0.0,2.1,0.3,0.4,1.1,3.2,-0.1,0.1,0.5,-2.5,0.0,0.1,-1.1,0.1,2.2,3.0
2023-08,0.3,0.2,0.3,0.3,0.3,0.3,0.4,0.3,0.4,0.5,-0.2,-0.4,0.1,3.4,0.9,0.7,0.5,0.4,-0.1,0.5,0.1,-0.3,0.0,0.1,0.0,0.1,0.0,0.0,0.2,-2.3,-3.5,-3.8,3.8,0.0,-0.8,-2.0,-0.5,-0.6,0.1,-0.2,0.1,-0.8,-0.7,0.6,-0.8,-1.7,-2.8,0.2,0.0,0.0,0.3,0.1,0.3,0.2,0.0,1.0,1.4,1.4,-0.1,0.0,0.0,0.0,0.0,1.8,-0.4,0.7,0.5,2.9,0.6,0.2,-0.1,4.4,0.0,0.2,-0.6,0.1,1.9,0.0
2023-09,0.3,0.0,0.3,0.0,0.1,0.0,1.3,6.2,0.5,0.3,1.0,1.1,0.7,0.2,9.8,15.0,-2.8,-3.0,-0.1,1.2,0.7,0.9,-0.1,0.0,0.1,0.2,0.0,0.0,0.4,-1.8,-3.2,-2.6,4.3,-0.1,0.6,0.7,0.6,0.5,0.5,0.7,0.0,3.0,2.7,-0.2,2.8,6.0,8.8,0.6,0.4,0.7,0.1,0.2,0.2,0.5,0.0,-0.1,-2.0,0.3,-0.1,0.0,0.0,0.0,0.1,-1.4,-0.8,0.6,0.2,-2.5,0.1,-0.1,0.4,0.7,0.0,-0.3,-1.2,-0.1,-1.6,0.0
2023-10,0.9,0.7,1.0,0.8,0.4,0.4,1.1,5.1,0.4,1.0,0.2,0.2,-0.2,-0.2,5.2,7.3,6.3,6.8,0.3,0.2,0.3,1.4,1.4,0.2,0.0,0.1,0.0,0.0,0.2,6.0,11.5,4.8,-3.3,0.0,1.0,1.9,0.2,0.8,0.3,0.8,0.1,0.3,0.3,-0.1,0.4,0.4,0.1,1.0,0.1,0.5,0.2,0.2,0.8,0.1,0.0,-0.2,0.6,-0.9,1.5,0.0,0.0,0.0,0.0,0.9,1.0,0.5,0.6,1.1,0.1,0.2,-0.2,0.7,0.2,0.0,4.1,-0.1,0.9,0.1
2023-11,-0.2,0.0,-0.3,0.0,0.1,0.0,-0.6,-5.3,0.3,0.4,-0.4,-0.6,0.3,-0.4,-7.1,-10.3,-0.6,-0.7,0.0,0.9,0.2,0.2,0.1,0.7,0.0,0.0,0.0,0.0,0.0,-0.5,-0.8,0.6,-3.2,0.1,0.1,-0.3,-0.1,0.2,0.2,0.4,0.1,0.5,1.2,-0.1,1.2,-0.3,-0.6,0.5,-0.1,1.1,0.3,0.3,0.7,0.6,0.0,-0.2,-0.1,-0.3,-0.1,0.0,0.0,0.0,0.0,-0.3,0.0,-1.1,0.3,-0.2,0.0,0.0,-0.1,0.2,0.0,0.0,-0.8,0.1,-0.3,0.0
2023-12,-0.1,0.0,-0.1,0.0,0.0,0.0,-0.4,-2.0,-0.1,-0.1,-0.9,-1.6,0.5,-0.3,-2.6,-4.1,1.3,1.4,-0.9,-0.6,0.0,-0.3,-0.5,0.1,0.1,0.2,0.0,0.0,0.4,-0.1,-0.6,0.8,0.6,-0.2,-0.5,-1.2,0.3,0.0,0.1,-0.5,0.0,-0.6,-0.9,0.0,-0.9,-1.0,-1.9,0.7,0.5,0.2,0.3,-0.2,-0.2,-0.5,0.0,0.2,0.2,0.3,-0.1,0.0,0.0,0.0,0.0,0.6,0.5,0.6,0.4,0.6,-0.1,0.1,-0.4,-0.2,0.0,0.0,0.2,0.0,0.5,0.0
2024-01,0.1,0.0,0.1,0.0,0.0,0.0,0.4,3.1,0.0,-0.3,1.9,3.4,-0.2,-0.2,1.0,1.5,5.1,5.5,0.2,-0.1,0.0,-0.1,0.6,0.1,0.1,0.2,0.1,0.0,0.3,0.1,0.1,0.5,0.6,-0.2,0.0,-0.8,0.2,0.0,0.6,0.4,-0.1,-1.6,-2.0,-0.3,-2.0,-2.0,-2.8,-0.4,-0.2,-1.7,0.2,0.0,0.1,0.1,0.0,0.1,-0.3,1.0,-2.5,0.0,0.0,1.9,0.0,0.2,-1.9,0.5,-0.2,0.4,0.0,0.2,0.7,-2.0,0.0,0.0,0.3,0.1,0.1,-1.8
2024-02,0.0,0.1,0.0,0.1,0.1,0.1,-0.4,-2.8,0.1,0.3,-1.4,-2.9,0.1,-0.8,-2.7,-4.1,-0.3,-0.4,0.5,-0.1,-0.1,0.9,-0.2,0.1,0.0,0.1,0.0,0.0,0.1,0.2,0.3,0.1,-0.1,0.1,-0.7,-2.0,0.2,-0.1,0.3,-0.3,0.1,0.2,1.0,0.0,1.0,-0.6,-1.0,0.2,-0.1,-0.3,0.2,0.0,-0.1,0.3,0.0,-0.2,0.0,-0.1,-0.4,0.2,-0.1,0.0,0.7,0.9,3.4,0.3,0.1,0.9,0.2,0.1,-0.3,2.0,0.0,0.0,-0.1,0.1,0.8,0.0
2024-03,0.3,0.3,0.3,0.3,0.2,0.2,0.4,1.3,0.2,-0.1,-0.1,0.2,0.1,-0.1,1.8,2.6,0.5,0.5,0.1,0.9,0.0,0.7,-0.1,0.2,0.0,0.1,0.0,0.0,0.1,0.8,0.7,1.3,0.3,0.9,0.1,0.4,0.1,-0.3,-0.3,0.2,0.0,1.0,2.0,0.0,2.1,-0.2,-0.5,0.3,0.2,1.8,0.1,0.1,0.4,0.0,0.0,-0.1,1.1,-0.1,-1.0,0.1,0.0,0.0,0.4,1.0,0.1,1.3,0.2,1.2,0.1,0.1,0.1,0.4,0.0,0.1,0.5,0.1,1.1,0.0
2024-04,0.4,0.3,0.5,0.3,0.3,0.3,0.6,3.3,0.2,-0.1,-0.8,-1.5,0.1,-0.3,6.6,9.8,-2.3,-2.5,0.6,0.3,0.3,0.3,0.0,0.1,0.0,0.1,0.0,0.1,0.1,0.4,0.1,1.0,0.4,0.5,1.8,3.7,0.6,0.3,1.6,0.3,1.8,1.6,0.0,-0.4,0.0,5.1,7.8,0.0,0.3,0.4,0.7,-0.3,0.0,0.6,-0.9,0.4,-0.8,0.5,0.8,-1.2,-2.4,1.3,1.3,0.7,0.6,-0.2,0.6,1.1,0.1,0.1,0.3,0.1,0.0,-0.1,0.5,-1.3,0.5,0.1
2024-05,0.4,0.3,0.4,0.4,0.1,0.1,0.3,1.2,0.1,0.6,-0.1,-0.3,0.1,-0.4,0.3,0.3,4.6,5.0,-0.5,0.1,0.4,-0.1,-0.1,0.2,0.1,0.2,0.0,0.0,0.2,3.5,7.2,0.3,-0.1,0.3,1.3,3.1,0.1,0.4,1.1,0.1,0.2,0.0,-0.1,0.4,-0.1,0.1,-0.2,0.7,-0.2,0.3,0.2,0.3,0.3,1.0,0.0,-0.2,0.2,0.0,-0.9,-0.1,-0.2,0.0,0.0,-0.1,0.2,0.2,0.1,-0.3,0.1,0.1,0.1,0.5,0.0,0.0,3.1,0.0,-0.1,0.0
2024-06,0.1,0.3,0.1,0.3,0.1,0.0,-0.4,-3.7,0.2,0.4,-0.3,-0.6,0.6,-0.3,-4.7,-7.2,-0.5,-0.6,0.1,0.6,0.0,-0.2,-0.2,0.2,0.1,0.0,0.1,0.0,0.0,3.1,5.0,2.5,0.0,0.5,0.4,1.1,0.2,0.0,0.7,-0.4,0.0,-0.2,-0.4,0.1,-0.4,-0.2,-0.6,0.5,-0.2,0.0,0.1,0.6,0.0,-0.1,1.1,0.2,-0.4,0.2,0.7,0.0,0.0,0.0,0.0,-0.9,-0.3,-1.0,0.3,-1.1,0.2,0.0,0.0,1.1,0.0,0.1,2.8,0.0,-0.9,0.0
2024-07,0.4,0.5,0.4,0.5,0.2,0.2,0.1,-1.8,0.4,1.1,1.1,1.8,1.4,-0.5,-2.3,-3.7,-2.4,-2.5,0.3,0.2,0.1,0.1,-0.1,0.3,0.1,0.3,0.0,0.0,0.5,2.8,4.8,1.8,0.5,0.0,0.4,0.6,-0.6,0.1,0.7,0.3,0.1,-1.2,-1.4,0.0,-1.5,-1.7,-2.8,0.4,-0.3,0.0,0.1,0.1,0.1,0.2,0.0,0.3,0.9,0.3,0.0,0.0,0.0,0.0,0.0,1.0,0.5,0.3,0.1,1.5,0.0,0.1,0.1,-0.4,0.0,0.1,2.9,0.0,1.1,0.1
2024-08,0.5,0.4,0.6,0.4,0.5,0.4,1.1,3.8,0.6,2.8,0.4,0.5,1.0,0.5,5.2,7.8,0.8,0.8,-0.3,0.4,0.6,0.0,-0.1,0.3,0.1,0.3,0.0,0.0,0.4,-0.4,-0.5,-0.5,-0.6,0.0,0.6,0.4,0.0,-0.8,-0.2,2.2,0.0,-0.8,-0.6,0.1,-0.6,-1.6,-2.5,0.0,-0.2,0.0,0.1,0.1,0.4,0.2,0.0,0.0,1.3,-0.1,-0.2,0.0,0.0,0.0,0.0,2.2,0.7,1.0,0.2,3.3,0.1,0.4,-0.2,0.2,0.0,0.2,-0.6,0.0,2.3,-0.1
2024-09,-0.3,-0.4,-0.3,-0.5,0.1,-0.1,1.2,3.9,0.6,4.0,0.8,1.3,0.2,0.1,6.3,9.1,-2.3,-2.6,0.0,0.5,0.3,0.4,0.1,0.2,0.1,0.3,0.0,0.1,0.4,-7.1,-11.6,-5.6,0.2,0.3,0.2,-0.5,0.9,0.7,1.1,0.5,0.0,3.2,3.5,-0.2,3.7,5.3,8.0,0.2,0.7,0.4,0.3,0.2,0.3,0.7,0.0,-0.2,-1.6,0.0,-0.3,0.0,0.0,0.0,0.1,-1.8,0.9,0.4,0.2,-3.4,0.1,-0.2,0.8,0.2,0.0,-0.2,-6.6,0.0,-2.0,0.0
2024-10,0.6,0.6,0.7,0.7,0.6,0.4,1.2,1.6,1.2,3.8,-0.5,-0.9,0.7,0.6,2.2,2.5,2.6,2.9,0.1,1.8,0.0,4.0,0.5,0.3,0.2,0.7,0.0,0.0,1.1,0.6,0.6,0.8,0.3,0.3,0.5,1.5,0.2,0.7,-0.1,0.0,0.1,0.3,0.5,0.4,0.5,0.1,0.0,0.1,-0.2,0.2,0.5,0.4,0.3,0.3,0.6,0.3,0.2,0.2,0.6,0.0,0.0,0.0,0.0,0.8,-0.6,-0.2,0.0,1.6,0.3,0.1,0.3,0.1,0.0,0.7,0.5,0.0,0.8,0.1
2024-11,0.4,0.4,0.5,0.5,0.2,0.0,0.7,0.8,0.6,1.8,-0.5,-1.1,-0.2,-0.2,0.5,0.6,3.3,3.5,0.3,1.6,0.8,1.4,0.0,0.2,0.1,0.1,0.0,0.0,0.2,3.0,4.9,2.7,-0.2,0.2,-0.6,-2.1,0.3,0.0,0.4,0.2,0.1,0.7,1.3,0.6,1.3,-0.2,-0.3,0.1,0.3,1.5,0.4,0.1,0.3,0.2,0.0,0.1,-0.2,0.1,0.4,0.0,0.0,0.0,0.0,-0.1,-0.2,-0.2,0.0,-0.1,0.0,0.1,-0.2,0.3,0.3,-0.1,2.7,0.0,-0.1,0.0
2024-12,0.6,0.3,0.7,0.4,0.0,0.0,1.0,5.7,0.2,0.1,1.5,2.2,0.2,0.1,4.7,6.8,7.0,7.5,-0.5,0.0,0.4,-0.2,-0.5,0.5,0.0,0.0,0.0,0.0,0.0,4.2,7.3,2.9,0.4,0.0,-1.2,-2.6,-0.1,0.2,-0.2,-0.8,0.0,-0.3,-0.6,0.0,-0.6,-0.4,-0.7,0.3,0.7,0.0,0.4,-0.1,-0.1,-0.1,0.0,0.4,0.1,0.3,0.8,0.0,0.0,0.0,0.0,0.1,-1.2,0.2,0.2,0.2,-0.1,0.1,-0.8,0.2,0.0,0.1,4.1,0.0,0.1,1.3
2025-01,0.5,0.2,0.6,0.2,0.1,-0.1,1.8,7.1,0.7,2.5,1.4,2.3,1.1,0.4,5.9,8.4,9.2,9.8,0.3,0.3,0.7,0.1,0.5,0.4,0.0,0.2,0.0,0.0,0.3,0.0,-0.5,-0.4,5.0,-0.1,0.4,0.5,0.9,-0.3,0.1,0.5,0.0,-1.7,-2.1,1.0,-2.1,-2.5,-3.5,-0.4,0.2,-1.4,0.5,0.2,0.3,0.4,0.0,1.0,-0.6,1.8,-0.7,0.0,0.0,0.0,0.0,-1.1,-0.3,0.3,2.0,-2.5,0.3,0.6,0.8,-0.2,0.0,0.0,0.9,0.1,-1.2,-0.1
2025-02,-0.4,-0.2,-0.4,-0.2,0.2,0.1,-0.4,-5.0,0.5,3.2,0.4,0.1,-0.2,0.7,-6.2,-8.8,-1.7,-1.9,-0.1,-0.1,0.6,-0.1,-0.1,0.2,0.0,0.1,0.0,0.0,0.2,-4.5,-7.4,-3.1,2.8,0.0,-0.2,-0.6,-0.3,-0.1,0.2,-0.1,0.0,0.2,0.9,0.7,0.9,-0.4,-0.5,-0.2,-0.2,-0.8,0.4,-0.1,-0.3,0.0,0.0,0.1,-0.5,0.3,0.0,0.1,0.0,0.0,0.4,0.6,0.9,0.5,-0.1,0.7,-0.1,0.1,-0.3,0.1,0.0,0.0,-3.9,0.1,0.5,0.0
2025-03,0.2,0.4,0.3,0.4,0.4,0.3,0.2,-2.7,0.7,2.8,0.7,0.7,-0.1,1.5,-1.3,-2.1,-6.6,-7.1,0.3,0.6,0.5,0.3,-0.3,0.5,0.1,0.2,0.0,0.1,0.2,0.3,0.4,0.4,-0.1,-0.1,0.5,1.3,0.4,0.6,-0.2,0.0,0.1,0.9,1.6,0.3,1.6,-0.1,-0.2,0.0,0.8,1.1,0.7,0.2,0.7,0.3,0.0,0.2,1.7,0.1,-0.1,0.0,0.0,0.0,0.1,0.8,-0.9,0.8,0.0,1.2,0.0,0.1,0.0,-0.3,0.0,0.1,0.3,0.1,1.0,0.0
2025-04,0.5,0.7,0.6,0.8,0.5,0.5,-0.1,-5.2,0.8,1.4,-0.3,-1.2,0.0,1.1,-4.9,-7.5,-4.1,-4.6,0.1,1.0,0.9,0.6,4.1,0.1,0.2,0.5,0.1,0.2,0.8,3.1,4.5,3.0,1.1,0.3,1.3,3.4,0.0,-0.3,0.0,0.5,0.7,1.3,0.2,-0.2,0.2,3.8,5.7,0.1,0.2,0.2,0.9,1.2,5.7,-0.1,-0.3,0.3,-0.4,0.4,0.5,-2.7,-4.4,1.2,1.9,1.6,0.3,2.3,0.4,1.6,-0.1,0.4,0.5,0.4,0.0,-0.8,3.1,-3.1,1.3,0.0
2025-05,0.3,0.4,0.4,0.5,0.3,0.1,0.3,-2.3,0.7,1.6,-0.2,-0.8,1.2,0.4,-3.9,-6.1,3.2,3.4,0.5,0.0,1.1,0.1,0.7,0.4,0.1,0.2,0.0,0.0,0.3,3.0,5.1,1.3,-1.0,0.5,0.4,0.7,-1.8,0.0,0.6,0.3,0.2,0.0,-0.2,0.2,-0.2,0.1,0.0,0.1,0.0,-0.1,0.3,0.2,0.7,0.3,0.0,-0.2,0.6,-0.4,-0.1,-0.1,-0.2,0.0,0.0,0.0,-0.2,0.3,0.0,-0.1,0.2,0.2,0.1,0.9,0.6,0.0,2.2,0.0,0.1,0.0
2025-06,0.0,0.0,-0.1,0.0,0.2,0.1,0.2,-1.7,0.5,0.5,-0.6,-1.1,0.5,-0.3,-1.8,-3.2,0.1,0.1,1.2,1.3,0.3,1.1,-0.3,0.3,0.0,0.0,0.0,0.0,0.0,-1.1,-0.5,-0.2,-3.4,-2.8,0.2,0.2,0.1,0.4,0.4,0.2,0.1,-0.2,-0.2,0.1,-0.2,-0.2,-0.5,0.5,-0.3,0.0,-0.1,0.1,0.4,0.0,0.0,0.5,-1.0,-1.2,6.2,-0.1,-0.1,0.0,0.0,-1.1,0.2,-0.9,0.5,-1.5,0.0,0.1,-0.3,0.2,0.0,0.0,-2.0,0.0,-1.1,4.6
2025-07,0.2,0.2,0.2,0.2,0.2,0.1,0.4,-0.1,0.4,-0.1,-0.3,-1.0,0.6,0.5,1.0,1.3,-1.4,-1.6,0.9,1.3,0.5,0.4,-0.3,0.2,0.0,0.1,0.0,0.0,0.1,-0.8,-1.3,-0.9,0.9,0.0,0.2,-0.7,-0.1,0.2,-0.3,1.7,0.0,-0.8,-0.9,0.2,-1.0,-1.4,-1.8,-0.4,-0.2,-0.1,0.0,0.0,0.0,0.1,0.0,0.5,1.3,0.5,0.3,0.0,0.0,0.0,0.0,0.5,-1.5,0.1,0.0,1.1,0.1,0.2,-0.1,0.2,0.0,0.2,-0.5,0.0,0.7,0.1
2025-08,0.2,0.0,0.2,0.0,0.3,0.3,1.0,6.2,0.3,-0.9,0.4,1.0,0.6,2.8,4.5,6.4,10.2,11.1,-0.7,0.9,0.2,-0.3,-0.2,0.2,0.1,0.4,0.0,0.0,0.6,-4.4,-6.8,-3.2,0.3,-0.3,0.1,-0.6,0.6,-0.3,0.2,0.7,0.0,-0.8,-0.5,0.7,-0.6,-2.0,-2.7,-0.5,0.6,-0.1,0.2,-0.1,-0.1,-0.2,0.0,0.5,1.8,0.2,0.6,0.0,0.0,0.0,0.0,1.5,-0.6,0.5,0.2,2.3,0.2,0.6,0.1,-0.2,0.0,0.2,-3.8,-0.1,1.6,0.6
2025-09,-0.2,-0.2,-0.2,-0.2,-0.1,-0.2,0.2,-0.2,0.2,-0.1,0.6,0.6,0.1,0.6,5.5,8.2,-13.6,-14.8,0.1,1.3,-0.3,1.1,0.1,-0.1,0.0,0.0,0.0,0.0,0.0,-1.4,-2.0,-1.5,0.2,-0.4,-0.7,-2.7,1.2,0.0,0.1,0.4,0.2,2.6,2.5,0.1,2.6,5.0,7.4,0.2,0.3,0.3,0.2,0.2,0.5,0.2,0.0,-0.2,-2.0,0.2,-0.3,0.0,0.0,0.0,0.1,-1.8,-0.7,-1.2,0.1,-2.4,-0.4,-0.4,1.2,0.4,0.0,-2.0,-1.2,0.0,-2.0,0.0
2025-10,0.6,0.6,0.7,0.8,0.7,0.6,0.7,0.3,0.8,2.7,1.3,1.9,-0.4,0.0,0.4,0.2,-0.6,-1.2,1.9,-0.6,0.5,2.5,1.0,0.6,0.1,0.3,0.1,0.1,0.4,0.9,0.9,0.0,0.0,2.3,1.3,3.8,0.9,0.7,-0.1,0.0,0.0,0.3,1.0,-0.2,1.0,-0.4,-0.6,-0.1,-0.3,0.5,0.6,0.1,0.1,-0.1,0.1,0.8,0.7,0.7,1.2,0.0,0.0,0.0,0.0,1.6,-0.2,0.8,0.0,2.4,0.3,0.0,0.8,0.0,0.0,0.3,0.4,0.1,1.6,0.7
2025-11,0.3,0.3,0.4,0.4,0.1,0.0,0.4,0.0,0.4,1.0,0.3,0.6,0.5,-0.3,0.4,0.4,-1.2,-1.4,0.1,1.1,0.4,1.1,0.0,0.0,0.1,0.2,0.1,0.1,0.3,4.0,6.3,2.7,-0.4,0.9,-0.6,-1.8,0.4,0.0,-0.2,0.1,0.1,0.2,0.2,-0.5,0.2,0.3,0.0,0.9,-0.1,0.8,0.1,0.1,0.4,0.3,0.0,-0.1,0.0,-0.2,-0.1,0.0,0.0,0.0,0.0,-0.4,-1.4,-0.8,0.0,-0.2,0.0,0.1,-0.4,0.3,0.0,0.1,3.3,0.0,-0.4,0.0
2025-12,-0.2,-0.2,-0.2,-0.3,-0.1,-0.1,0.1,1.2,-0.1,-0.9,2.9,4.9,0.5,0.2,-1.3,-2.0,3.5,3.8,-0.3,-0.2,-0.1,-0.8,-0.5,0.4,0.0,0.0,0.1,0.1,0.0,-0.1,-0.1,0.0,-0.6,-0.3,-1.2,-2.7,0.2,-0.6,-0.4,-0.8,0.2,-0.5,-0.7,-0.1,-0.7,-0.9,-1.4,0.2,0.4,0.0,0.3,-0.1,-0.4,0.0,0.0,-0.8,-0.4,-1.2,0.1,0.0,0.0,0.0,0.0,-0.3,0.3,0.7,0.2,-0.7,-0.1,0.1,-0.4,0.0,0.0,0.1,-1.5,0.0,-0.3,0.0
2026-01,0.0,-0.2,0.0,-0.2,-0.1,-0.2,0.6,3.1,0.2,0.1,2.3,3.6,0.3,0.1,0.9,1.3,6.0,6.5,0.8,0.3,-0.1,0.0,0.6,0.2,0.0,0.2,0.0,0.1,0.3,-0.2,0.0,-0.2,-0.9,-0.8,-0.4,-1.9,0.8,0.1,0.3,0.3,0.0,-1.3,-1.9,-0.1,-2.0,-1.8,-2.4,-0.6,0.3,-0.4,0.3,-0.1,-0.1,-0.2,0.0,-0.3,-0.6,-0.3,-0.1,0.0,0.0,0.0,0.0,-1.3,-0.5,0.9,0.1,-2.4,0.2,0.1,0.3,0.5,0.4,0.0,-1.2,0.0,-1.3,0.0
2026-02,-0.6,-0.5,-0.7,-0.6,0.1,0.1,-0.3,-2.9,0.1,-1.1,-0.1,-0.5,-0.2,0.7,-3.2,-4.8,-1.7,-2.0,0.2,-0.4,0.6,0.9,0.0,0.1,0.0,0.0,0.0,0.1,0.0,-8.6,-13.3,-6.2,0.5,-0.7,0.2,1.3,-0.2,-1.1,-0.5,0.1,-0.7,0.0,0.5,0.8,0.5,-0.7,-1.0,-0.2,-0.1,0.0,0.3,0.0,0.2,-0.1,0.0,0.1,-0.4,0.2,0.0,0.2,0.0,0.6,0.6,0.7,1.0,-0.1,0.0,1.1,0.0,0.0,-0.3,0.4,0.0,0.0,-8.0,0.1,0.6,0.0
2026-03,0.4,0.6,0.5,0.7,0.3,0.3,-0.1,-2.6,0.3,-0.8,-0.2,-0.9,0.0,-0.6,-2.0,-3.2,-3.0,-3.5,-0.8,0.9,0.6,0.9,-0.2,0.7,0.0,0.0,0.1,0.1,-0.1,0.8,0.4,0.2,9.7,0.1,1.8,5.3,0.4,-0.2,0.0,0.1,0.0,1.0,1.9,-1.1,2.0,0.1,0.1,0.0,0.4,0.8,0.7,0.1,0.4,0.1,0.0,1.6,1.3,2.2,0.0,0.1,0.0,0.0,0.5,0.8,-0.6,0.9,0.3,1.1,0.1,0.1,0.0,0.3,0.0,0.1,3.6,0.1,1.0,0.0
2026-04,0.4,0.4,0.4,0.5,0.0,0.0,-0.1,-0.4,-0.1,-0.7,-0.3,-1.2,0.4,0.6,0.5,0.4,-0.9,-0.9,0.3,0.8,0.4,0.6,0.1,-1.8,0.1,0.5,0.0,0.1,0.8,6.9,10.6,5.1,5.3,0.4,0.7,1.2,0.0,0.6,0.8,0.2,0.4,0.8,-0.4,0.0,-0.4,3.5,5.0,0.2,-0.5,0.0,0.5,-0.3,0.5,0.1,-0.7,-0.3,1.1,-0.9,0.6,-4.0,-6.3,0.7,1.6,0.7,0.7,-0.1,0.2,1.1,-0.3,0.2,0.3,0.7,2.0,-1.7,5.5,-6.5,0.6,0.1
2026-05,0.5,0.4,0.5,0.5,0.2,0.2,0.3,1.0,0.2,-0.4,-0.2,-0.5,0.4,-0.8,-0.3,-0.5,4.8,5.4,0.2,0.1,1.0,-0.3,0.0,0.5,0.2,0.5,0.1,0.1,0.8,3.2,5.4,2.9,0.9,-1.3,0.4,0.5,-0.1,0.4,0.6,0.5,0.0,0.1,0.1,0.0,0.1,-0.1,-0.2,-0.1,0.2,0.1,0.5,0.1,0.3,0.3,0.0,0.2,0.5,0.3,-0.1,-0.1,-0.1,0.0,0.0,0.4,0.5,1.0,0.1,0.1,0.3,0.1,0.6,1.1,0.0,0.0,3.5,-0.1,0.4,0.0
2026-06,0.1,0.2,0.1,0.2,0.1,0.1,0.0,-1.4,0.3,-1.0,0.8,0.9,1.3,0.5,-2.4,-4.1,0.8,1.0,1.3,0.0,0.1,-0.5,-0.2,0.6,0.1,0.3,0.0,0.0,0.5,0.1,0.2,0.8,0.1,-0.9,0.5,1.2,0.2,-1.0,0.1,0.3,0.0,-0.2,0.1,0.0,0.1,-0.5,-0.5,-0.4,-0.3,-0.1,0.3,1.4,0.7,0.3,2.2,0.5,-1.1,0.4,1.7,0.0,0.0,1.3,0.0,-1.1,0.8,0.3,0.2,-2.0,0.1,0.1,-0.3,0.3,0.4,0.2,0.3,0.1,-1.2,1.3
2026-07,0.5,0.4,0.6,0.5,0.4,0.4,0.7,2.9,0.4,-0.2,1.0,1.6,0.4,-0.5,3.7,5.1,0.5,0.5,0.4,1.8,0.2,0.0,-0.2,0.3,0.1,0.2,0.0,0.1,0.3,0.3,0.3,1.4,0.2,-0.9,1.6,0.1,0.2,0.8,1.5,4.2,-0.4,-1.0,-1.1,-0.1,-1.1,-2.0,-2.8,-0.2,0.6,-0.7,0.3,0.5,0.1,2.4,0.0,0.6,1.5,0.6,0.1,0.0,0.0,0.0,0.0,1.1,2.3,0.9,-0.1,1.2,0.1,0.1,0.3,0.1,0.0,-0.2,0.5,0.0,1.2,0.0
2026-08,0.1,-0.1,0.1,-0.1,0.4,0.5,0.7,5.2,0.0,-2.2,1.2,2.1,0.1,0.7,3.6,5.3,7.8,8.6,-0.2,-0.2,0.0,0.1,-0.3,0.6,0.2,0.3,0.1,0.1,0.5,-5.4,-8.9,-2.8,0.1,0.1,1.3,-0.2,0.0,-0.5,0.2,4.4,0.0,-0.5,-0.1,0.9,-0.1,-1.7,-2.4,-0.1,0.4,0.2,0.2,0.8,-0.3,0.8,1.3,0.3,1.8,0.2,-0.3,0.0,0.0,0.0,0.0,1.7,2.1,1.4,0.1,2.0,0.5,0.6,1.0,0.1,0.0,0.3,-5.0,0.0,1.9,-1.0
