date,0201,0202,0241,0203,0204,0205,0206,0207,0208,0211,0214,0215,0218,0219,0220,0242,0221,0243,0222,0223,0224,0225,0226,0227,0228,0229,0230,0245,0246,0231,0247,0248,0232,0233,0234,0235,0236,0237,0238,0239,0240
1970-01,,,,,,,,,,,,,,,,,,,,,,,,,,,,,,,,,,,,,,,,,
1970-02,,,,,,,,,,,,,,,,,,,,,,,,,,,,,,,,,,,,,,,,,
1970-03,,,,,,,,,,,,,,,,,,,,,,,,,,,,,,,,,,,,,,,,,
1970-04,,,,,,,,,,,,,,,,,,,,,,,,,,,,,,,,,,,,,,,,,
1970-05,,,,,,,,,,,,,,,,,,,,,,,,,,,,,,,,,,,,,,,,,
1970-06,,,,,,,,,,,,,,,,,,,,,,,,,,,,,,,,,,,,,,,,,
1970-07,,,,,,,,,,,,,,,,,,,,,,,,,,,,,,,,,,,,,,,,,
1970-08,,,,,,,,,,,,,,,,,,,,,,,,,,,,,,,,,,,,,,,,,
1970-09,,,,,,,,,,,,,,,,,,,,,,,,,,,,,,,,,,,,,,,,,
1970-10,,,,,,,,,,,,,,,,,,,,,,,,,,,,,,,,,,,,,,,,,
1970-11,,,,,,,,,,,,,,,,,,,,,,,,,,,,,,,,,,,,,,,,,
1970-12,,,,,,,,,,,,,,,,,,,,,,,,,,,,,,,,,,,,,,,,,
1971-01,6.5,5.7,5.7,4.5,5.6,1.1,1.0,6.7,8.2,10.0,5.2,2.0,0.2,4.8,7.4,8.1,5.8,,9.7,-2.3,10.0,5.6,1.4,0.0,9.0,11.3,8.2,,,8.3,,,8.2,12.2,,5.2,40.1,-0.7,,,2.6
1971-02,6.0,5.4,5.6,2.4,2.8,0.8,0.7,6.7,8.7,8.5,5.1,2.0,0.2,8.9,6.9,7.3,3.2,,9.6,-2.5,0.3,5.3,1.4,0.0,9.4,12.2,8.5,,,8.5,,,8.2,12.1,,5.2,40.1,-1.0,,,1.4
1971-03,5.3,4.2,5.9,-1.5,-2.3,0.5,0.7,6.6,8.8,8.7,5.9,1.9,0.1,9.1,6.6,7.1,2.7,,9.6,-2.8,0.3,5.0,1.4,0.0,8.9,12.0,8.3,,,8.3,,,8.2,12.0,,5.2,40.1,-1.0,,,1.4
1971-04,5.8,4.5,5.5,-1.2,-2.0,0.5,0.7,6.6,8.3,9.1,8.5,1.7,-0.4,17.0,7.5,8.2,2.6,,10.0,-2.5,0.3,5.3,1.0,0.0,10.0,11.9,8.8,,,8.7,,,10.8,12.3,,8.2,46.8,-1.3,,,1.4
1971-05,6.4,5.3,6.0,0.3,0.3,0.3,0.5,6.9,8.7,9.9,9.3,1.4,-0.1,18.1,7.8,8.1,2.9,,10.5,-2.7,0.3,5.3,1.0,0.0,10.7,11.3,8.9,,,10.5,,,10.7,12.2,,8.2,45.8,-1.7,,,1.7
1971-06,6.9,6.0,6.5,1.5,2.2,0.3,0.5,7.4,8.9,12.8,10.0,1.2,-0.1,17.9,7.9,8.1,3.0,,10.8,-2.5,0.3,5.3,1.0,0.0,10.7,11.3,8.8,,,11.1,,,10.6,12.6,,8.2,45.8,-1.9,,,1.4
1971-07,6.9,6.0,6.4,1.8,2.2,0.3,0.4,7.1,8.8,10.9,10.0,1.2,-0.2,18.4,8.1,8.3,2.8,,11.1,3.1,-0.7,5.3,1.0,0.0,11.1,11.2,8.7,,,10.5,,,11.4,12.0,,8.2,45.8,-2.0,,,1.1
1971-08,7.0,6.3,6.6,4.8,6.4,0.3,0.4,6.5,8.6,9.1,9.7,0.7,-0.1,18.2,7.8,8.3,3.1,,11.0,3.1,0.0,5.3,1.0,0.0,10.2,11.2,7.7,,,8.7,,,11.4,12.0,,8.2,45.8,-2.4,,,1.1
1971-09,8.0,8.0,6.3,12.3,16.6,0.3,0.3,6.2,8.0,9.0,8.9,0.8,-0.1,18.1,7.5,8.1,3.2,,10.1,3.5,0.0,5.3,1.0,0.0,9.7,11.4,7.3,,,8.5,,,10.5,11.9,,8.2,43.8,-2.3,,,1.1
1971-10,6.5,6.1,5.5,6.3,8.1,0.5,0.5,5.7,7.1,8.0,7.4,0.8,0.0,18.4,7.0,7.3,1.9,,6.4,3.1,0.0,1.3,1.0,0.0,9.2,10.3,7.8,,,8.7,,,10.3,11.3,,8.2,44.1,-2.0,,,0.8
1971-11,5.5,4.3,5.1,1.3,1.4,0.3,0.4,5.1,6.4,8.0,6.1,0.7,0.0,14.1,7.0,7.2,1.9,,6.0,3.1,0.0,1.3,1.0,0.0,9.6,9.6,8.1,,,9.2,,,10.1,10.7,,8.2,44.1,-2.0,,,0.8
1971-12,4.8,3.6,4.5,-0.6,-0.8,0.8,0.5,4.8,5.8,7.3,5.4,0.8,0.0,14.0,6.9,6.9,1.8,,5.8,3.1,0.0,1.1,1.0,0.0,9.5,8.8,7.9,,,9.2,,,10.0,10.1,,8.2,44.1,-1.8,,,1.1
1972-01,4.1,2.7,4.0,-3.1,-4.3,0.8,0.5,4.4,5.6,6.0,5.2,0.5,-0.1,15.0,6.7,6.7,1.7,,4.8,2.8,0.0,1.1,1.0,0.0,9.0,8.2,7.9,,,9.2,,,9.7,10.0,,8.2,6.1,-2.2,,,1.1
1972-02,4.5,2.6,3.9,-1.9,-2.8,0.8,0.6,4.1,5.2,6.2,4.4,0.5,0.0,9.4,7.6,8.0,6.3,,4.7,2.8,12.6,2.7,1.0,0.0,8.6,7.4,7.7,,,9.2,,,9.7,10.0,,8.2,6.4,-1.9,,,3.1
1972-03,5.3,3.8,3.7,2.6,2.9,1.0,0.7,4.0,5.2,5.9,3.2,0.5,0.0,10.5,7.8,8.1,6.5,,4.7,3.1,12.6,2.7,1.0,0.0,8.9,7.8,7.7,,,9.0,,,9.7,9.9,,8.2,6.1,-1.9,,,3.1
1972-04,5.0,3.4,3.7,3.9,4.7,1.6,1.0,3.4,5.1,4.1,0.2,0.3,0.6,2.9,7.5,7.4,6.9,,5.1,3.0,12.6,2.7,7.4,0.0,8.7,7.5,7.8,,,10.5,,,7.6,9.3,,8.3,0.3,-2.0,,,3.7
1972-05,5.2,3.8,3.2,6.4,8.2,1.8,1.6,3.2,4.5,3.8,-0.4,0.8,0.6,2.1,7.3,7.5,6.8,,5.4,3.0,12.6,2.4,7.4,0.0,8.2,7.7,7.8,,,9.1,,,7.8,8.8,,9.8,0.5,-1.3,,,3.4
1972-06,4.8,3.2,2.9,4.0,4.6,2.6,2.1,3.2,4.4,3.8,-0.7,1.2,0.7,1.9,7.2,7.5,6.8,,5.4,3.0,12.6,2.6,7.4,0.0,8.1,7.7,8.2,,,8.6,,,7.8,8.7,,9.8,0.3,-1.1,,,3.4
1972-07,5.0,3.4,3.5,4.4,5.0,2.6,2.1,3.4,4.1,4.9,-0.7,1.2,0.7,2.0,7.4,7.6,7.0,,5.3,3.0,12.6,2.9,7.4,0.0,8.5,7.4,8.2,,,9.5,,,7.8,9.1,,9.8,0.3,-0.9,,,3.7
1972-08,5.9,4.6,3.2,8.4,10.6,2.6,2.2,3.5,4.0,5.9,-0.7,1.2,3.1,2.2,7.9,7.7,7.5,,6.3,3.0,12.6,4.0,7.4,0.0,8.9,7.2,8.7,,,11.2,,,7.8,9.1,,9.8,0.3,-0.8,,,4.2
1972-09,3.9,1.7,3.3,-3.0,-4.6,2.6,2.2,3.3,3.9,5.2,-0.4,0.8,3.1,2.1,8.0,7.5,7.4,,6.7,-1.7,12.6,4.0,7.4,0.0,8.8,7.1,9.0,,,11.6,,,7.5,9.0,,9.8,0.5,-1.3,,,4.5
1972-10,4.4,2.1,4.1,-1.1,-4.6,9.6,9.4,3.4,3.8,5.8,-0.4,1.0,3.0,2.0,8.3,7.8,7.9,,6.8,-1.5,12.6,4.2,8.8,0.0,9.2,7.5,9.1,,,12.2,,,7.5,9.3,,9.8,0.3,-1.0,,,4.2
1972-11,5.1,3.1,4.3,2.6,0.1,10.1,9.8,3.4,3.6,5.6,0.0,1.3,3.3,1.7,8.3,7.8,8.3,,7.4,-1.3,12.6,4.5,8.8,0.0,9.1,7.5,8.9,,,12.0,,,7.5,9.2,,9.8,0.3,-0.8,,,4.8
1972-12,5.7,4.0,4.4,5.7,4.5,9.3,9.8,3.7,3.6,6.3,0.4,1.7,3.3,1.9,8.4,8.2,8.5,,8.3,-1.3,12.6,4.7,8.8,0.0,9.0,9.0,8.8,,,11.7,,,7.4,9.6,,9.8,0.3,-0.5,,,4.5
1973-01,6.7,5.2,5.1,8.7,8.2,9.6,9.9,4.1,4.0,7.8,0.7,2.0,3.3,3.3,8.9,8.6,9.0,,8.7,-1.1,12.6,5.0,8.8,0.0,9.7,9.4,8.5,,,11.5,,,7.9,9.9,,9.8,1.4,0.2,,,4.7
1973-02,7.0,6.3,6.3,7.9,7.1,9.8,9.9,6.0,6.6,10.3,5.4,2.0,3.2,4.4,8.0,7.5,4.5,,8.7,-1.1,0.0,3.6,8.8,0.0,10.0,10.2,8.8,,,11.6,,,8.3,10.6,,9.8,1.4,0.0,,,2.7
1973-03,8.7,8.6,8.5,11.2,12.0,9.8,10.0,8.0,8.5,15.1,7.2,2.3,3.2,6.2,8.5,8.2,5.0,,9.0,-1.1,0.0,4.1,8.8,0.0,10.3,11.0,9.0,,,11.8,,,9.2,12.1,,9.8,1.4,-0.1,,,2.7
1973-04,9.4,9.7,9.7,11.2,11.8,9.2,9.8,9.8,9.2,19.9,8.5,2.7,3.3,6.1,8.6,8.9,5.9,,8.8,-0.2,0.0,4.4,10.4,0.0,9.7,12.6,8.5,,,9.8,,,9.5,14.3,,9.1,1.1,-0.1,,,3.3
1973-05,10.8,11.7,10.9,15.0,17.0,9.2,9.4,11.3,9.6,25.1,9.2,3.3,3.5,6.1,8.8,9.1,5.7,,8.4,0.0,0.0,4.4,10.4,0.0,10.0,13.2,8.4,,,9.4,,,10.0,15.0,,9.7,1.1,0.7,,,3.3
1973-06,11.0,11.1,11.4,12.0,12.9,8.6,8.9,11.6,10.8,23.5,9.8,3.6,2.9,6.4,10.2,11.1,5.8,,9.3,0.2,0.0,4.4,10.4,0.0,12.0,14.1,8.1,,,9.7,,,14.1,16.4,,10.3,11.6,1.2,,,3.3
1973-07,11.7,12.1,11.5,14.0,16.0,8.6,9.1,11.9,11.4,23.2,10.0,4.1,2.9,15.1,10.4,11.1,6.0,,9.3,1.0,0.0,4.6,10.4,0.0,12.2,14.5,8.6,,,10.3,,,14.1,16.3,,10.3,11.6,1.4,,,3.3
1973-08,11.9,12.5,12.6,13.4,14.9,8.9,9.2,12.6,11.8,24.8,11.2,4.8,0.5,16.1,10.3,11.3,5.6,,8.1,1.7,0.0,3.6,10.4,0.0,12.2,14.7,8.6,,,10.2,,,14.5,17.4,,10.3,11.1,1.8,,,3.0
1973-09,14.2,15.8,14.1,21.7,25.9,9.4,9.6,14.2,12.9,28.0,11.6,6.0,0.5,20.4,10.6,11.8,5.6,,7.8,6.5,0.0,3.6,12.5,0.0,12.8,15.4,8.9,,,9.8,,,15.5,18.7,,10.3,11.4,2.6,,,2.7
1973-10,13.9,15.8,15.2,15.9,20.6,3.8,3.8,16.2,14.6,30.6,13.3,7.6,2.4,20.2,9.8,10.8,0.9,,6.7,6.9,-16.4,3.3,11.0,0.0,13.1,16.6,8.5,,,9.0,,,16.1,19.6,,10.3,11.4,4.2,,,1.1
1973-11,15.2,17.6,16.9,16.4,20.9,5.0,5.2,18.8,17.4,31.4,21.5,9.7,2.1,20.6,10.4,11.9,0.6,,6.8,6.9,-16.4,3.0,11.0,0.0,13.7,19.9,8.3,,,8.0,,,17.2,22.1,,10.3,11.4,6.0,,,0.5
1973-12,18.3,21.6,21.0,20.3,25.2,6.1,6.1,23.4,21.6,33.4,44.2,13.7,2.1,20.1,11.6,13.3,0.5,,5.7,6.3,-16.4,2.8,11.0,0.0,15.2,20.8,8.4,,,8.1,,,20.5,29.1,,10.3,11.9,8.7,,,0.5
1974-01,21.9,26.8,25.2,25.2,32.2,6.4,6.2,29.3,30.5,34.8,45.4,19.1,2.7,20.2,12.6,14.9,0.4,,5.5,6.9,-16.4,2.5,11.0,0.0,16.4,23.7,8.6,,,8.3,,,22.7,33.8,,10.3,12.6,13.3,,,0.5
1974-02,24.9,30.0,27.5,32.8,42.5,6.6,6.4,31.1,32.7,34.6,37.1,24.9,3.0,25.4,14.5,17.5,6.1,,5.5,8.4,-0.8,4.0,11.0,0.0,17.3,25.6,8.2,,,7.8,,,24.0,36.3,,10.3,13.1,22.1,,,3.5
1974-03,22.8,26.7,25.6,22.9,28.2,6.6,6.2,29.9,31.9,29.5,34.9,25.9,3.0,22.7,14.4,17.3,5.7,,5.7,9.6,-0.8,3.7,11.0,0.0,17.1,25.2,8.2,,,8.0,,,24.2,36.2,,10.3,15.1,23.8,,,3.7
1974-04,23.7,27.7,25.6,27.3,34.1,6.6,6.3,29.6,32.0,25.2,49.5,26.5,3.0,23.3,15.3,18.4,5.3,,5.0,11.0,-0.8,3.5,8.5,0.0,18.4,23.7,8.0,,,7.9,,,27.6,35.1,,19.9,17.6,24.7,,,3.4
1974-05,22.0,24.8,25.7,15.8,18.5,6.8,6.5,29.9,34.1,23.8,49.1,26.2,3.0,23.0,15.5,18.9,6.3,,4.7,14.1,-0.8,3.7,9.4,0.0,18.5,23.8,7.7,,,7.4,,,27.9,35.8,,19.5,17.9,24.2,,,3.9
1974-06,22.3,26.4,26.9,17.7,21.6,6.8,6.7,30.4,33.5,24.8,57.2,26.4,17.3,22.8,15.1,17.1,6.0,,3.8,14.4,-0.8,3.5,9.4,0.0,16.5,23.2,7.6,,,7.1,,,23.9,35.1,,19.4,7.5,24.7,,,6.1
1974-07,23.8,28.6,28.2,23.7,29.3,7.0,6.8,30.5,34.2,23.8,57.6,26.8,17.6,37.0,15.3,17.3,6.2,,3.8,15.3,-0.8,3.2,9.4,0.0,16.4,23.1,7.4,,,6.5,,,24.4,36.2,,19.4,7.7,25.5,,,6.3
1974-08,23.9,28.4,27.1,24.7,30.3,7.2,7.0,29.6,35.1,19.1,56.0,26.5,17.8,39.2,15.9,18.1,7.8,,5.0,15.4,-0.8,8.6,9.4,0.0,16.9,24.0,7.6,,,6.8,,,24.6,36.0,,19.4,8.5,25.4,,,7.1
1974-09,22.5,25.9,26.3,19.3,22.5,7.2,7.0,28.1,34.4,15.0,59.1,25.7,23.5,34.8,16.3,18.4,8.6,,5.5,15.7,-0.8,9.8,7.4,0.0,16.8,24.5,7.1,,,6.9,,,24.6,35.3,,19.4,8.7,24.5,,,8.4
1974-10,24.8,27.4,27.6,26.8,23.9,35.8,35.9,26.9,33.2,13.5,57.6,25.3,22.0,44.0,19.9,23.1,22.1,,5.7,15.4,37.6,13.2,7.4,0.0,17.8,27.5,7.4,,,7.3,,,24.8,35.3,,19.4,9.5,25.0,,,14.9
1974-11,24.5,26.9,26.5,29.1,26.9,35.1,35.2,24.9,31.8,12.3,53.3,22.6,26.5,44.4,20.7,23.1,23.8,,5.8,15.4,37.6,15.0,7.4,0.0,18.5,26.4,8.1,,,9.3,,,24.3,33.4,,19.4,9.7,22.9,,,16.5
1974-12,21.0,21.9,22.2,22.0,18.4,34.1,34.0,20.3,28.2,10.1,28.7,18.0,26.5,43.8,19.7,21.9,24.3,,7.6,16.2,37.6,15.4,7.4,0.0,17.2,25.5,8.1,,,9.6,,,21.3,26.5,,19.4,9.2,19.7,,,17.0
1975-01,16.8,16.2,17.3,15.3,12.9,33.0,33.5,14.6,19.5,7.2,27.2,12.5,23.0,41.1,18.5,20.3,24.6,,7.8,15.5,37.6,15.2,7.4,0.0,16.9,22.8,8.3,,,9.8,,,19.0,22.3,,19.4,9.3,15.0,,,16.7
1975-02,13.6,12.5,14.1,10.4,5.5,32.5,33.4,11.3,14.9,5.9,28.9,7.3,22.7,34.8,16.3,17.4,17.7,,7.8,14.0,16.0,13.5,7.4,0.0,15.8,20.3,8.8,,,10.1,,,17.5,19.3,,19.4,8.5,7.0,,,13.6
1975-03,13.9,13.2,14.1,16.4,13.5,32.6,33.4,10.2,13.7,5.2,29.9,5.9,24.0,34.2,15.9,16.8,17.6,,7.8,12.7,16.0,12.9,7.4,0.0,15.2,19.3,8.9,,,9.9,,,16.5,17.6,,19.4,7.2,5.7,,,13.6
1975-04,13.4,11.4,13.2,12.9,6.3,32.6,33.2,8.9,13.0,4.9,16.0,5.5,24.1,33.4,17.6,18.8,17.9,,8.5,11.2,16.0,14.1,7.0,0.0,16.3,19.1,9.4,,,10.7,,,21.0,16.3,,31.0,16.6,4.1,,,13.5
1975-05,14.0,12.4,11.6,20.1,14.5,32.2,32.6,7.8,10.9,4.0,15.8,4.8,24.0,33.8,17.5,18.2,17.1,,8.7,9.0,16.0,13.8,6.0,0.0,16.1,18.1,10.1,,,11.8,,,20.4,15.0,,28.9,16.1,4.0,,,12.9
1975-06,13.4,11.5,10.4,21.3,15.8,31.9,32.3,7.0,10.6,3.6,8.7,4.4,9.2,33.6,16.5,18.1,17.8,,9.4,8.8,16.0,14.1,6.0,0.0,15.7,17.6,10.4,,,12.0,,,20.0,14.1,,28.3,16.2,3.3,,,11.2
1975-07,11.4,8.8,8.9,14.6,7.8,31.9,32.0,6.5,9.5,3.9,8.5,3.6,9.1,10.7,16.3,18.1,17.2,,9.5,7.2,16.0,13.8,6.0,0.0,15.9,17.3,10.5,,,12.4,,,20.2,12.9,,28.3,18.0,2.6,,,10.6
1975-08,10.2,7.2,8.2,10.6,3.2,31.3,31.6,5.7,8.1,3.7,8.6,3.2,10.5,7.6,15.8,17.2,15.5,,8.1,6.7,16.0,8.1,6.0,0.0,15.5,16.7,10.2,,,12.1,,,19.7,12.1,,28.3,17.7,2.3,,,10.0
1975-09,10.4,7.8,8.8,14.4,5.2,49.1,49.2,5.3,7.9,4.1,6.1,2.7,7.5,7.6,15.2,16.7,15.0,,7.6,6.3,16.0,7.4,6.0,0.0,15.4,16.2,10.1,,,12.1,,,19.0,11.2,,28.3,17.2,1.8,,,10.9
1975-10,9.7,8.1,6.1,18.2,19.9,17.6,17.5,4.8,7.1,4.5,5.2,1.5,7.2,0.7,12.5,13.2,7.0,,7.7,6.2,0.0,4.3,6.0,0.0,13.9,12.1,9.9,,,11.6,,,18.4,9.8,,28.3,17.1,0.7,,,6.7
1975-11,8.3,6.5,5.3,14.2,15.5,16.8,16.5,4.2,5.7,5.2,0.8,1.6,4.1,0.6,11.4,12.2,5.7,,7.5,6.0,0.0,3.0,6.0,0.0,12.6,10.0,9.7,,,10.7,,,17.9,9.0,,28.3,17.5,1.2,,,5.5
1975-12,7.8,5.8,5.0,12.0,13.1,16.6,16.5,3.9,4.6,5.5,2.0,1.6,4.6,0.8,11.3,12.1,6.8,,5.8,5.9,0.0,3.4,6.0,0.0,12.0,8.7,9.9,,,10.6,,,17.6,8.2,,28.3,17.9,1.2,,,5.9
1976-01,8.7,7.7,6.4,15.9,15.7,17.0,17.0,5.5,4.8,5.6,3.7,5.6,6.6,1.0,10.5,11.2,6.9,,6.1,5.9,0.0,7.0,6.0,0.0,11.1,8.5,9.7,,,9.4,,,16.0,7.9,,60.2,16.8,1.5,,,16.6
1976-02,9.3,8.1,6.4,17.8,18.0,17.2,17.1,5.5,5.1,5.3,4.3,5.3,6.4,1.1,11.0,11.8,9.1,,6.2,5.5,0.0,9.1,6.0,0.0,11.3,8.8,10.1,,,10.0,,,15.8,8.1,,60.2,17.0,1.2,,,17.2
1976-03,8.7,7.4,6.6,12.4,11.4,16.8,16.9,6.0,5.8,6.1,3.7,5.6,6.1,2.4,11.1,11.9,8.9,,5.6,5.5,0.0,9.1,6.0,0.0,11.7,8.9,10.1,,,10.1,,,15.8,8.3,,60.2,16.6,1.2,,,16.9
1976-04,9.4,8.5,6.7,17.1,17.2,16.8,17.0,6.1,5.9,6.0,3.4,5.6,6.7,2.3,10.8,11.2,14.1,,10.2,5.5,8.4,8.2,61.8,0.0,10.6,10.2,10.1,,,10.3,,,11.0,8.8,32.0,43.3,5.3,1.6,,,20.0
1976-05,9.2,8.1,7.2,15.3,14.9,16.6,17.0,6.2,5.7,7.6,3.3,5.7,7.2,2.3,10.9,11.7,14.8,,10.0,6.9,8.4,8.4,61.8,0.0,10.5,10.7,10.1,,,10.1,,,10.9,9.0,30.0,44.5,5.5,1.5,,,20.6
1976-06,9.6,8.5,7.1,16.0,15.8,16.6,17.0,6.5,5.4,9.2,3.9,5.5,7.3,2.3,11.2,11.9,16.4,,9.4,7.2,8.4,8.2,61.8,52.8,10.7,10.5,10.3,,,10.5,,,10.7,8.9,30.0,44.9,4.8,1.5,,,21.0
1976-07,9.9,9.1,7.4,17.0,17.1,16.4,16.8,7.0,5.2,9.1,10.3,5.7,10.0,2.4,11.3,11.6,16.1,,9.8,7.2,8.4,8.2,61.8,52.8,10.3,10.6,10.1,,,10.3,,,10.1,9.3,28.4,44.9,3.2,1.6,,,21.7
1976-08,9.4,8.2,7.5,12.1,11.2,16.6,16.8,6.9,5.3,8.5,11.1,6.0,11.6,3.7,11.4,11.7,15.7,,10.1,7.2,8.4,7.9,61.8,52.8,10.3,10.3,10.2,,,10.3,,,10.7,9.7,29.8,44.9,3.6,1.8,,,21.8
1976-09,9.8,9.0,7.5,12.8,13.2,11.2,11.1,7.4,5.3,9.4,11.1,6.3,16.0,3.9,11.9,11.6,15.9,,10.0,7.3,8.4,7.7,63.4,52.8,10.2,9.9,10.4,,,10.6,,,10.7,10.1,30.6,44.9,3.8,1.8,,,22.0
1976-10,8.7,7.3,7.5,5.7,4.6,10.6,10.6,7.4,5.1,9.8,11.1,6.1,17.8,3.8,12.0,11.7,16.1,,9.9,7.5,8.4,7.7,65.0,52.8,10.4,9.9,10.3,,,10.6,,,10.6,10.0,29.6,44.9,3.0,1.6,,,22.3
1976-11,9.2,7.5,7.3,6.5,5.3,10.7,10.6,7.5,5.2,9.9,11.0,6.1,17.2,4.0,12.9,13.1,22.7,,15.3,7.4,8.4,11.4,65.0,52.8,10.1,9.7,10.1,,,10.3,,,10.4,10.1,29.1,44.9,2.6,0.8,,,25.1
1976-12,10.5,8.1,7.6,9.0,8.4,10.7,10.6,7.5,5.7,9.7,9.6,6.2,16.7,4.2,14.7,15.5,32.8,,17.9,7.2,8.4,37.6,65.0,52.8,10.3,9.6,10.4,,,10.9,,,10.3,10.3,29.1,44.9,2.4,0.7,,,29.6
1977-01,9.4,6.9,6.3,9.2,8.8,10.8,10.7,5.6,5.5,9.2,8.0,2.7,16.1,3.5,14.1,14.7,31.0,,22.3,7.2,8.4,33.1,65.0,52.8,10.0,8.7,10.2,,,10.8,,,10.1,10.0,25.6,16.3,2.4,0.7,,,17.7
1977-02,9.3,7.0,6.2,10.1,9.9,10.8,10.6,5.3,5.1,8.1,7.4,2.9,17.9,3.7,13.7,14.2,28.9,,23.6,7.4,8.4,32.0,65.0,52.8,9.7,8.5,9.8,,,10.3,,,10.1,9.7,26.0,16.3,2.2,0.9,,,17.4
1977-03,9.5,7.3,5.9,12.2,12.5,10.8,10.6,5.2,4.4,8.5,7.4,2.9,17.7,2.2,13.7,14.1,28.9,,23.7,7.4,8.4,32.3,65.0,52.8,9.6,8.5,9.8,,,10.2,,,10.0,9.4,26.0,16.3,2.4,0.9,,,17.4
1977-04,8.8,6.3,5.6,7.3,6.3,11.0,10.6,5.4,4.7,9.0,7.9,3.1,17.3,2.4,13.2,13.6,29.1,,22.3,7.0,0.0,42.8,26.6,52.8,8.9,7.5,9.5,,,9.9,,,8.8,9.1,9.3,13.1,3.0,0.6,,,17.2
1977-05,9.4,7.0,5.7,9.8,9.5,11.0,10.6,5.5,5.4,7.3,8.2,3.3,17.0,2.4,13.8,14.4,28.4,,24.9,5.1,0.0,43.9,26.6,52.8,9.7,7.4,9.4,,,9.9,,,11.1,8.8,9.3,13.0,9.4,1.3,,,16.9
1977-06,8.6,6.2,5.5,7.2,6.2,11.0,10.6,5.3,6.2,5.2,7.7,3.3,16.4,2.6,13.3,13.9,26.8,,24.8,4.9,0.0,44.3,26.6,0.0,9.4,7.3,9.1,,,9.2,,,11.1,8.8,9.3,12.7,9.4,1.3,,,16.4
1977-07,7.7,4.8,5.3,3.3,1.2,11.1,10.7,4.9,6.8,5.0,0.8,3.3,13.3,2.7,12.9,13.8,27.3,,25.4,5.0,0.0,44.3,26.6,0.0,9.2,7.3,9.0,,,9.1,,,11.1,8.3,8.0,12.7,9.4,1.2,,,15.8
1977-08,8.6,6.2,4.9,10.2,9.9,10.9,10.7,4.8,7.0,4.5,-0.4,3.2,10.7,1.3,12.6,13.7,27.4,,26.7,5.0,0.0,44.5,26.6,0.0,9.1,7.1,8.9,,,9.6,,,10.4,7.9,6.4,12.7,9.4,1.1,,,15.1
1977-09,7.7,5.1,4.7,6.7,6.1,9.0,8.9,4.7,6.9,4.9,-0.7,3.0,5.0,1.2,11.8,13.3,27.0,,26.9,4.8,0.0,44.2,25.4,0.0,8.9,6.7,8.6,,,9.0,,,10.3,7.2,5.8,12.7,9.0,1.1,,,13.6
1977-10,7.6,4.9,4.2,7.0,6.3,9.4,9.1,4.6,6.9,4.1,-1.0,3.0,2.9,1.3,11.6,13.1,26.4,,27.7,4.6,0.0,44.1,24.6,0.0,8.8,6.5,8.9,,,9.7,,,9.9,7.0,5.8,12.7,9.0,1.3,,,13.1
1977-11,6.5,3.9,4.2,3.0,1.2,9.0,8.9,4.4,7.0,3.8,-1.2,2.8,3.0,1.3,10.3,11.4,19.6,,22.0,4.6,0.0,39.4,24.6,0.0,8.6,6.5,8.7,,,9.5,,,9.9,6.6,6.1,12.7,9.0,1.3,,,10.4
1977-12,5.0,3.1,4.0,0.2,-2.3,9.0,9.0,4.2,6.9,3.3,-1.6,2.7,2.9,1.0,8.1,8.5,9.1,,19.8,4.6,0.0,12.1,24.6,0.0,8.3,6.3,8.3,,,8.8,,,9.5,6.0,6.1,12.7,8.8,1.2,,,5.8
1978-01,4.5,2.4,3.8,-1.9,-4.7,8.9,8.9,4.0,6.7,3.2,-2.4,2.4,3.2,1.0,8.0,8.4,9.3,,16.3,4.6,3.1,12.2,24.6,0.0,8.1,5.8,8.1,,,8.5,,,9.3,5.6,5.7,12.4,8.8,1.1,,,6.1
1978-02,4.5,2.1,3.5,-2.4,-5.1,8.7,8.9,3.9,6.8,3.1,-3.3,2.4,1.6,2.2,8.3,8.8,10.4,,14.8,4.6,13.0,10.7,24.6,0.0,8.3,5.6,8.4,,,9.2,,,9.6,5.4,20.1,12.4,8.6,1.0,,,6.6
1978-03,4.8,2.6,3.2,-0.5,-2.8,8.7,8.9,3.6,6.8,2.8,-4.5,2.1,1.7,4.4,8.2,8.7,10.4,,14.7,4.6,13.0,10.7,24.6,0.0,8.0,5.1,8.1,,,9.1,,,9.4,5.1,20.6,12.4,8.6,0.9,,,6.6
1978-04,4.2,2.4,3.3,0.2,-2.0,8.7,8.9,3.3,6.3,2.8,-5.9,1.9,1.1,4.4,7.0,7.0,7.0,,13.1,4.4,13.0,2.2,31.3,0.0,7.4,4.9,8.3,,,9.4,,,7.9,4.3,17.8,8.6,7.9,0.8,,,4.9
1978-05,3.9,2.5,3.4,0.2,-2.0,8.7,9.0,3.4,6.1,4.0,-7.0,1.8,1.0,4.3,5.9,5.7,6.4,,10.8,4.2,13.0,1.2,31.3,0.0,6.4,4.4,8.1,,,9.1,,,5.6,4.3,17.8,8.3,1.5,0.6,,,4.6
1978-06,3.9,2.2,2.8,0.3,-1.8,8.7,9.0,2.8,5.4,4.0,-8.0,1.9,1.3,5.2,5.9,5.7,6.2,,11.0,3.9,13.0,0.9,31.3,0.0,6.6,4.6,8.0,,,9.4,,,5.5,3.9,17.8,8.5,1.4,0.7,,,4.4
1978-07,4.6,3.4,2.8,4.8,3.8,8.6,8.8,2.8,4.9,4.1,-8.8,2.2,1.3,5.3,6.2,6.0,7.4,,9.9,2.5,13.0,1.7,31.3,0.0,6.3,4.4,7.7,,,9.3,,,5.3,3.9,17.8,8.5,1.2,1.4,,,5.1
1978-08,4.6,3.4,2.7,6.1,5.3,8.6,8.8,2.4,4.5,3.5,-9.4,2.2,1.2,5.3,6.0,5.8,7.3,,8.9,2.2,13.0,1.6,31.3,0.0,6.1,4.4,7.5,,,8.9,,,5.3,3.7,18.0,8.5,0.8,1.5,,,5.2
1978-09,4.1,2.7,1.9,3.7,4.3,1.6,1.5,2.2,4.0,3.3,-10.4,2.2,1.2,5.3,6.0,5.8,7.7,,15.7,2.2,13.0,1.7,31.3,0.0,5.9,4.1,7.5,,,8.9,,,5.2,3.7,18.0,8.5,1.0,1.6,,,4.6
1978-10,3.7,2.1,1.5,2.8,3.6,0.1,0.3,1.9,3.8,3.3,-11.5,2.1,-4.1,7.3,5.6,5.9,8.7,,14.8,2.2,13.0,2.3,30.8,0.0,5.7,3.7,7.5,,,8.4,,,5.2,3.5,18.0,8.5,1.2,1.2,,,3.6
1978-11,3.8,2.1,1.4,3.5,4.6,0.1,0.2,1.7,3.4,3.4,-12.4,2.1,-4.2,8.3,5.4,5.9,8.6,,17.0,2.4,13.0,2.0,30.8,0.0,5.7,3.3,7.3,,,8.2,,,5.1,3.5,18.0,8.5,0.8,1.2,,,3.8
1978-12,3.9,2.4,1.3,4.5,6.0,0.0,0.0,1.7,3.0,3.8,-12.6,1.9,-3.4,9.1,5.5,5.8,8.6,,16.4,2.9,13.0,2.0,30.8,0.0,5.7,3.2,7.1,,,8.4,,,5.2,3.7,18.0,8.5,0.8,1.1,,,3.8
1979-01,3.6,1.9,1.0,2.7,3.4,0.0,0.0,1.6,2.6,4.1,-12.1,1.8,-3.4,9.2,5.4,5.7,8.7,,15.8,2.6,9.6,3.1,30.8,0.0,5.5,3.0,7.0,,,8.3,,,5.1,3.7,17.7,8.5,0.7,1.0,,,3.9
1979-02,2.8,1.0,1.0,-0.4,-1.0,2.1,2.1,1.4,2.4,3.8,-11.4,1.6,-3.6,7.7,4.8,5.1,7.0,,16.0,2.6,0.0,3.1,30.8,0.0,5.1,2.9,6.5,,,7.3,,,4.8,3.9,3.3,8.5,0.8,1.0,,,3.1
1979-03,2.7,1.0,1.3,-0.2,-0.8,2.4,2.3,1.6,2.1,4.2,-8.7,1.8,-3.7,5.4,4.8,5.0,6.8,,15.9,2.6,0.0,3.1,30.8,0.0,4.9,3.0,6.2,,,7.1,,,4.7,3.8,2.9,8.5,0.7,1.1,,,3.1
1979-04,2.9,1.6,1.5,0.8,0.4,2.2,2.3,1.8,1.9,3.6,-2.5,1.4,1.5,5.3,4.7,4.7,6.2,,14.8,1.7,0.0,3.2,17.5,0.0,4.6,2.9,5.3,,,6.3,,,4.6,4.0,5.6,6.3,1.8,1.3,,,3.5
1979-05,3.2,2.2,1.9,2.5,2.6,2.2,2.2,1.9,1.1,5.3,0.2,1.2,1.4,5.4,4.8,4.8,6.1,,15.1,1.7,0.0,3.2,17.5,0.0,4.6,2.8,4.8,,,6.0,,,5.1,4.3,5.8,6.5,2.7,1.1,,,3.6
1979-06,3.8,3.2,2.7,3.8,4.2,2.2,2.2,3.0,0.9,6.0,15.6,0.5,1.4,4.0,4.8,4.9,7.4,,15.0,1.6,0.0,3.9,17.5,0.0,4.2,2.8,4.2,,,5.1,,,4.8,4.5,5.8,6.5,1.8,1.1,,,4.2
1979-07,4.3,4.0,2.7,7.2,8.8,2.2,2.3,3.0,0.5,6.0,20.7,0.3,1.4,3.9,4.4,4.5,5.9,,14.9,2.8,0.0,3.0,17.5,0.0,4.2,2.8,4.0,,,4.7,,,4.8,5.0,5.8,6.5,1.2,0.5,,,3.6
1979-08,3.1,2.0,2.8,-1.5,-2.5,2.2,2.3,3.3,0.5,5.1,27.4,0.2,1.7,4.2,4.6,5.0,6.0,,15.0,3.0,0.0,3.4,17.5,0.0,4.4,2.8,3.8,,,4.4,,,5.5,5.2,5.6,6.2,3.3,0.6,,,3.6
1979-09,3.2,2.2,3.4,-2.2,-3.3,2.2,2.3,3.8,0.7,5.0,32.7,0.6,1.7,3.9,4.6,4.9,6.0,,9.2,3.0,0.0,3.6,17.5,0.0,4.5,2.8,3.9,,,4.7,,,5.4,5.3,5.6,6.5,2.5,0.6,,,3.6
1979-10,4.2,3.9,3.9,2.7,2.9,2.2,2.3,4.4,0.6,5.6,38.3,1.0,7.4,2.1,4.8,4.7,5.1,,9.3,3.0,0.0,2.9,17.5,0.0,4.4,2.9,3.3,,,4.4,,,5.4,5.6,5.6,6.5,2.3,0.9,,,4.4
1979-11,5.0,5.0,4.2,6.6,7.8,2.2,2.3,4.6,0.6,4.9,41.3,1.2,7.5,1.1,5.1,5.0,5.6,,7.4,3.3,0.0,3.4,17.5,0.0,4.7,3.1,3.5,,,4.4,,,6.1,6.0,5.5,6.5,3.8,1.0,,,4.4
1979-12,5.6,6.2,4.6,9.9,12.1,2.2,2.3,5.2,0.8,5.0,50.7,1.5,6.6,0.6,4.9,5.0,5.4,,7.6,2.7,0.0,3.5,17.5,0.0,4.5,3.2,3.4,,,4.3,,,5.9,6.5,5.5,6.5,2.7,1.3,,,4.4
1980-01,6.4,7.1,5.0,13.1,16.2,2.5,2.3,5.4,1.0,4.5,52.8,2.2,6.8,0.6,5.6,5.6,5.3,,7.5,3.0,0.0,2.2,18.7,0.0,5.4,3.9,3.4,,,4.5,,,7.4,6.9,5.8,6.5,6.7,1.3,,,4.2
1980-02,7.7,9.3,5.8,19.1,23.2,2.1,2.2,6.4,1.4,3.9,63.5,1.8,8.1,0.7,5.6,5.6,5.5,,7.4,3.3,0.0,2.2,18.7,0.0,5.4,4.2,3.5,,,4.5,,,7.1,7.1,5.8,6.5,6.2,1.3,,,4.3
1980-03,7.7,9.1,6.2,15.9,17.4,2.1,2.3,7.1,2.6,3.5,61.9,2.5,8.3,1.2,5.7,5.8,6.3,,7.7,3.3,0.2,3.1,18.7,0.0,5.7,5.0,3.6,,,4.4,,,7.1,7.6,5.8,6.5,6.2,1.5,,,4.8
1980-04,8.1,9.3,8.9,9.3,10.3,2.2,2.3,7.9,3.6,5.0,56.0,2.9,34.3,1.3,8.2,6.4,5.6,,5.9,4.4,0.2,3.0,21.9,0.0,5.9,6.0,4.0,,,4.6,,,7.6,8.3,3.5,7.4,6.9,1.7,,,10.0
1980-05,8.0,8.7,9.7,2.7,2.6,2.3,2.4,9.6,5.0,5.4,57.0,4.8,34.7,1.3,8.6,7.1,7.2,,6.7,4.3,0.2,3.5,21.9,24.0,6.3,6.8,4.1,,,4.4,,,7.4,8.5,3.5,6.7,7.1,1.7,,,13.9
1980-06,8.2,9.4,10.0,4.3,6.0,2.3,2.5,9.1,5.3,5.9,37.8,5.8,34.8,11.6,8.5,6.9,6.1,,6.5,4.8,0.1,2.8,21.9,24.0,6.6,7.1,4.3,,,4.8,,,7.7,8.8,3.5,6.5,7.5,1.8,,,13.2
1980-07,7.5,8.2,9.8,-0.2,-0.9,2.3,2.6,8.9,5.6,6.0,31.7,6.3,35.5,14.3,8.6,6.9,6.2,,7.8,5.2,0.1,2.8,21.9,24.0,6.6,7.1,4.5,,,5.1,,,7.7,8.4,3.3,6.5,8.7,1.8,,,13.7
1980-08,8.4,9.6,9.6,6.4,7.6,2.3,2.6,8.4,6.0,5.4,24.3,6.6,35.4,14.1,8.7,6.9,6.1,,7.6,5.2,0.1,2.4,21.9,24.0,6.7,7.2,4.6,,,5.2,,,7.7,8.5,3.3,6.7,8.1,1.6,,,13.5
1980-09,8.7,10.1,9.0,9.3,11.7,2.3,2.6,8.1,6.4,4.6,19.7,6.8,36.2,14.3,8.5,6.7,5.9,,6.8,5.0,0.1,2.3,22.1,24.0,6.4,7.2,4.3,,,4.8,,,7.6,8.3,3.5,6.3,8.5,1.8,,,13.6
1980-10,7.5,8.2,9.7,2.6,2.9,3.0,2.9,7.8,6.9,4.8,15.4,7.1,36.1,14.0,8.5,6.8,6.1,,6.7,5.2,0.1,2.4,22.1,24.0,6.5,7.3,4.3,,,4.5,,,7.6,8.1,3.5,6.3,8.8,1.9,,,13.5
1980-11,8.0,9.3,9.7,6.3,7.5,4.2,3.9,8.0,7.2,5.4,13.7,7.0,36.2,15.0,8.4,6.6,5.6,,6.3,4.9,0.1,1.9,22.1,24.0,6.1,7.2,4.4,,,4.5,,,7.0,7.6,3.3,6.3,7.6,1.9,,,13.5
1980-12,6.9,7.5,9.3,0.8,1.8,4.5,4.2,7.3,7.5,5.2,6.8,7.0,36.2,14.9,8.2,6.3,5.0,,6.3,4.9,0.1,0.4,22.1,24.0,6.3,7.2,4.6,,,4.8,,,7.2,7.0,3.3,6.3,8.5,1.7,,,13.2
1981-01,7.2,8.3,8.8,5.7,5.9,4.4,4.4,6.5,7.5,4.1,5.3,6.7,35.5,16.6,5.6,5.8,4.5,,7.6,5.0,0.6,0.5,20.9,24.0,5.9,7.2,4.4,,,4.5,,,6.2,6.6,3.3,6.3,6.4,2.4,5.8,9.7,13.0
1981-02,6.3,6.7,7.7,2.2,2.0,2.7,2.7,5.6,7.2,4.6,-1.5,7.1,34.1,16.6,5.6,5.9,5.0,,7.5,4.6,0.6,1.3,20.9,24.0,5.7,6.8,4.3,,,4.4,,,6.1,6.3,3.3,6.3,6.4,2.4,5.8,7.6,12.9
1981-03,6.1,6.6,7.3,3.9,4.2,2.6,2.5,4.9,6.1,4.2,-2.2,6.5,33.4,16.6,5.3,5.4,4.1,,7.6,4.5,-1.4,0.3,20.9,24.0,5.5,6.2,4.3,,,4.5,,,6.2,5.8,3.3,6.3,6.6,2.3,5.3,7.6,12.3
1981-04,5.0,5.2,4.6,7.3,8.3,3.5,3.4,4.2,5.4,3.9,-3.8,6.1,3.4,17.5,4.8,4.8,4.0,,8.9,4.5,-1.4,0.5,11.8,24.0,5.1,5.3,4.2,,,4.6,,,5.2,4.8,3.2,5.1,5.5,1.6,4.8,5.9,6.0
1981-05,5.0,5.2,4.1,9.0,10.3,3.6,3.6,3.8,5.1,4.2,-0.9,3.6,2.9,17.0,4.9,5.0,5.1,,8.3,4.6,-1.4,3.2,11.8,0.0,4.9,5.0,4.1,,,4.7,,,5.1,4.3,3.2,5.5,5.0,1.8,4.9,5.8,3.6
1981-06,4.8,4.7,3.7,9.2,10.5,3.7,3.6,3.5,5.0,3.5,-0.7,3.2,2.9,5.2,4.9,4.9,5.2,,8.2,0.0,0.3,3.5,11.8,0.0,4.7,4.8,4.3,,,4.9,,,4.8,4.0,9.1,5.5,5.6,1.6,4.2,5.2,3.9
1981-07,4.4,4.2,3.5,8.3,9.4,4.3,4.1,3.3,5.3,2.3,0.4,2.6,2.3,1.4,4.8,4.8,5.3,,4.9,-0.4,0.3,4.0,11.8,0.0,4.7,4.8,4.5,,,4.9,,,4.7,3.8,9.6,5.5,5.2,1.4,3.0,5.0,3.7
1981-08,4.2,4.0,3.9,5.2,5.6,4.4,4.2,3.8,5.0,3.3,6.3,1.8,2.2,1.4,4.6,4.5,4.6,,4.9,-0.5,0.5,2.4,11.8,0.0,4.6,4.7,4.4,,,5.0,,,4.3,3.5,10.0,5.5,4.3,1.3,3.4,4.5,3.5
1981-09,4.0,3.6,3.8,3.0,2.7,4.6,4.4,4.1,4.6,4.5,8.7,1.4,1.9,1.7,4.6,4.5,4.7,,5.0,-0.5,0.5,2.5,11.6,0.0,4.7,4.6,4.4,,,5.0,,,4.4,3.3,10.4,5.7,4.5,1.5,4.0,3.8,3.3
1981-10,4.2,4.0,3.9,4.0,3.8,4.7,4.6,4.3,4.3,5.4,10.3,1.2,2.1,2.1,4.5,4.4,4.7,,4.9,-0.9,0.5,2.5,11.6,0.0,4.5,4.6,4.3,,,4.9,,,4.1,3.1,10.4,5.7,4.2,1.8,4.6,4.2,3.6
1981-11,3.8,3.3,3.5,1.7,0.9,4.9,4.7,3.8,4.1,3.9,10.9,0.7,3.2,2.0,4.5,4.4,4.9,,5.5,-1.1,0.5,2.9,11.6,0.0,4.5,4.5,4.1,,,4.9,,,4.1,3.3,10.6,5.7,4.0,1.5,3.3,3.5,4.0
1981-12,4.3,4.2,3.9,6.0,6.3,4.8,4.6,3.8,3.8,4.0,11.5,0.6,3.3,1.5,4.7,4.7,5.8,,5.5,-1.1,0.5,4.4,11.6,0.0,4.4,4.5,4.0,,,4.7,,,4.0,3.1,10.6,5.7,4.0,1.3,3.4,4.7,4.2
1982-01,3.3,2.6,3.2,-0.6,-1.9,4.6,4.5,3.6,3.9,3.2,11.9,0.4,3.3,1.4,4.5,4.5,6.0,,5.5,-1.3,0.5,5.0,11.6,0.0,4.0,4.2,3.7,,,4.5,,,3.7,3.0,10.4,5.7,2.8,1.2,2.7,2.7,4.5
1982-02,3.2,2.4,2.9,-0.8,-2.0,4.6,4.4,3.4,3.9,2.5,11.9,0.3,3.2,1.5,4.4,4.4,5.6,,5.5,-1.3,0.5,4.9,11.6,0.0,4.2,4.2,3.8,,,4.4,,,3.8,3.1,13.3,5.7,2.7,1.1,2.3,2.6,4.3
1982-03,3.0,2.0,2.6,-2.2,-3.8,4.5,4.4,3.4,3.9,2.4,11.8,0.1,3.3,1.3,4.6,4.4,5.9,,5.4,-1.4,1.6,5.0,11.6,0.0,4.0,4.2,3.9,,,4.5,,,3.6,3.0,13.3,5.7,2.4,0.8,2.2,2.1,4.5
1982-04,3.0,2.1,2.9,-1.5,-3.0,4.8,4.7,3.2,3.7,2.1,12.2,-0.2,3.2,0.6,4.2,4.2,5.4,,6.5,-1.7,1.6,4.6,7.4,0.0,4.0,3.9,3.9,,,4.3,,,3.7,2.9,14.8,5.6,2.8,0.5,1.9,2.3,4.3
1982-05,2.5,1.6,2.5,-2.0,-3.7,4.7,4.5,2.6,2.7,3.7,7.0,0.2,3.3,0.9,3.7,3.6,4.0,,6.7,-1.8,1.6,2.2,7.4,0.0,3.6,3.2,3.8,,,4.0,,,3.6,2.8,14.6,5.6,2.4,0.1,2.9,1.4,3.5
1982-06,2.3,1.4,2.6,-2.7,-4.5,4.7,4.4,2.6,2.6,3.8,6.7,0.0,3.4,1.0,3.7,3.6,3.7,,6.8,1.9,0.0,2.2,7.4,0.0,3.6,3.0,3.5,,,3.8,,,3.9,2.6,8.4,5.6,2.4,-0.1,2.9,1.2,3.2
1982-07,1.9,0.7,2.2,-5.3,-7.7,4.1,3.9,2.2,2.3,2.5,6.9,0.0,3.3,1.0,3.7,3.6,3.8,,6.7,2.0,0.0,1.8,7.4,0.0,3.6,3.0,3.4,,,3.9,,,3.8,2.6,7.9,5.6,2.6,-0.2,2.1,0.3,3.2
1982-08,3.2,2.7,2.1,4.2,4.2,4.0,3.8,2.2,2.2,3.4,6.2,-0.1,3.2,1.1,3.7,3.7,4.3,,5.7,1.9,0.0,3.4,7.4,0.0,3.6,2.8,3.4,,,3.8,,,3.9,2.6,7.5,5.6,2.9,-0.3,2.7,3.0,3.5
1982-09,3.2,3.0,2.5,5.8,6.2,3.9,3.7,2.0,2.2,2.7,5.8,-0.3,3.1,2.3,3.6,3.6,4.1,,5.5,1.7,0.0,3.3,7.5,0.0,3.5,2.9,3.5,,,3.7,,,3.7,2.6,6.9,5.6,2.2,-0.8,2.7,3.5,3.3
1982-10,3.1,2.8,2.1,5.3,5.8,3.4,3.3,2.0,2.1,3.1,5.3,-0.5,2.7,2.2,3.7,3.7,4.0,,5.3,1.9,0.0,3.4,7.5,0.0,3.3,2.9,3.4,,,3.5,,,3.8,2.6,7.1,5.6,2.7,-1.1,2.8,3.2,3.2
1982-11,2.3,1.5,2.0,-0.9,-1.9,3.1,3.0,2.3,2.1,4.1,5.2,-0.3,1.6,1.9,3.6,3.6,3.8,,4.5,2.0,0.0,2.9,7.5,0.0,3.4,2.9,3.4,,,3.5,,,3.8,2.5,7.3,5.6,2.6,-1.1,3.6,1.1,2.7
1982-12,2.0,0.8,1.6,-3.5,-5.1,3.1,2.9,2.1,2.2,3.3,5.1,-0.4,1.5,2.5,3.6,3.6,3.6,,5.3,2.3,0.0,2.9,7.5,0.0,3.4,2.9,3.5,,,3.5,,,3.9,2.6,7.5,5.6,2.7,-1.1,3.0,0.5,2.7
1983-01,2.1,1.3,1.6,-0.6,-1.2,3.0,2.9,1.9,1.8,3.3,4.5,-0.4,1.4,2.2,3.3,3.3,3.2,,5.6,2.3,-1.2,2.3,7.5,0.0,3.3,2.8,3.4,,,3.3,,,3.8,2.4,7.5,5.6,2.3,-1.3,3.0,1.1,2.3
1983-02,2.0,1.2,1.6,-0.1,-0.9,2.8,2.9,1.5,1.7,2.8,2.6,0.1,1.3,2.3,3.4,3.3,3.0,,6.1,2.1,-1.0,1.7,7.5,0.0,3.3,2.8,3.3,,,3.5,,,3.7,2.3,5.0,5.6,2.7,-1.1,2.7,1.0,2.1
1983-03,2.3,1.9,1.6,3.5,3.6,2.8,2.9,1.3,1.6,2.5,0.8,0.3,1.2,2.2,3.1,3.3,3.2,,6.2,2.1,-1.0,1.7,7.5,0.0,3.3,2.8,3.2,,,3.2,,,3.9,2.3,5.0,5.8,3.2,-1.0,2.5,2.0,2.2
1983-04,2.1,1.3,1.2,2.2,2.3,1.6,1.7,1.0,1.7,2.6,-3.4,1.2,0.5,2.1,3.1,3.1,2.9,,4.0,2.4,-1.0,1.9,4.7,0.0,3.1,2.7,3.3,,,3.2,,,3.4,2.3,2.0,4.8,3.0,-0.5,2.6,1.2,1.7
1983-05,2.7,2.6,1.3,7.7,9.5,1.6,1.6,1.4,1.8,2.6,-5.0,2.5,0.5,1.9,2.8,2.7,1.8,,5.4,2.4,-1.0,1.1,4.7,0.0,3.1,2.6,3.2,,,3.6,,,3.3,2.1,1.8,4.6,2.7,-0.7,2.6,3.0,3.0
1983-06,2.0,1.6,1.1,3.1,3.6,1.5,1.6,1.2,1.9,1.4,-6.1,2.8,0.4,1.9,2.7,2.6,1.5,,5.4,2.5,-1.0,0.7,4.7,0.0,3.1,2.6,3.2,,,3.4,,,3.3,2.0,2.7,4.6,2.8,-0.6,1.8,1.7,2.8
1983-07,2.3,2.2,1.3,5.9,7.3,1.5,1.6,1.3,1.9,2.8,-7.3,3.0,0.3,1.9,2.6,2.6,1.4,,5.7,2.4,-1.0,0.7,4.7,0.0,3.1,2.4,3.1,,,3.3,,,3.3,1.7,2.7,4.6,2.9,-0.5,2.7,2.4,2.6
1983-08,1.3,0.6,0.5,0.6,0.4,1.5,1.6,0.7,1.9,1.8,-11.9,3.6,0.3,1.8,2.6,2.5,1.0,,6.6,2.4,-1.0,-0.5,4.7,0.0,2.9,2.5,3.1,,,3.2,,,3.3,1.6,2.7,4.6,2.8,-0.6,2.0,0.4,2.4
1983-09,0.9,-0.1,0.8,-3.5,-4.6,1.5,1.6,1.0,1.9,2.5,-10.4,3.5,0.3,0.4,2.6,2.4,1.0,,7.0,2.4,-1.0,-0.6,4.6,0.0,2.9,2.3,2.9,,,3.2,,,3.2,1.4,2.9,4.6,3.2,-0.3,2.1,-0.7,2.4
1983-10,1.5,0.8,0.9,0.5,0.1,1.3,1.5,1.0,2.4,1.6,-9.8,3.7,0.2,0.4,2.5,2.5,1.2,,9.8,2.2,-1.0,-0.7,4.6,0.0,3.2,2.4,2.9,,,3.4,,,3.4,1.4,2.7,4.6,3.1,-0.1,1.6,0.7,2.5
1983-11,1.9,1.5,1.3,3.0,3.5,1.5,1.6,1.3,2.6,2.5,-10.5,3.9,0.3,0.4,2.6,2.5,1.1,,9.9,2.1,-1.0,-0.6,4.6,0.0,3.0,2.6,2.8,,,3.3,,,3.3,1.3,2.3,4.6,3.4,0.2,2.1,1.6,2.6
1983-12,1.7,1.3,1.0,2.7,2.9,1.6,1.7,1.1,2.6,2.1,-11.9,4.2,0.3,0.5,2.4,2.4,1.3,,9.0,1.8,-1.0,-0.6,4.6,0.0,2.9,2.6,2.6,,,3.0,,,3.2,1.1,2.1,4.6,3.1,0.1,1.8,1.3,2.5
1984-01,1.9,1.5,1.2,3.2,3.6,1.8,1.8,1.1,2.7,2.3,-12.1,4.2,0.3,0.6,2.5,2.4,1.3,,9.1,2.0,0.2,-0.6,4.6,0.0,2.9,2.7,2.5,,,2.7,,,3.0,1.1,2.3,4.6,3.2,0.2,1.9,1.6,2.6
1984-02,2.9,2.9,1.6,9.1,10.8,3.2,3.1,1.4,2.7,2.9,-10.3,3.6,0.4,0.6,2.5,2.6,1.7,,8.4,2.1,0.0,0.9,4.6,0.0,2.7,2.6,2.5,,,2.5,,,3.1,1.1,2.0,4.6,3.1,-0.1,2.2,3.5,3.0
1984-03,2.5,2.4,1.5,6.3,7.0,3.7,3.6,1.5,2.7,2.5,-8.5,3.5,0.4,0.6,2.5,2.5,1.5,,8.4,2.1,-1.4,1.1,4.6,0.0,2.9,2.6,2.4,,,2.6,,,3.1,1.1,3.2,4.6,2.9,0.1,2.0,2.9,3.0
1984-04,2.3,2.2,1.7,4.0,4.2,3.9,3.8,1.9,2.6,2.9,-5.5,2.9,0.8,0.7,2.6,2.6,2.2,,8.3,2.1,-1.4,1.2,4.7,15.5,2.6,2.7,2.2,,,2.2,,,2.8,1.0,7.0,4.4,2.3,-0.3,2.3,2.5,3.6
1984-05,2.0,1.4,2.0,0.1,-0.7,3.8,3.7,1.7,3.3,2.6,-4.9,1.8,1.4,0.8,2.9,3.2,3.7,,7.0,1.9,-1.4,2.2,4.7,15.5,2.7,3.1,2.1,,,1.6,,,3.0,1.0,7.4,4.2,3.2,0.0,2.2,1.4,2.6
1984-06,1.9,1.3,1.5,0.6,-0.3,3.8,3.8,1.6,3.0,2.5,-4.9,1.7,1.5,0.6,2.9,3.2,3.8,,6.8,1.9,-1.4,2.3,4.7,15.5,2.5,3.3,1.9,,,1.6,,,2.9,1.1,6.5,4.2,2.7,-0.2,2.1,1.3,2.8
1984-07,2.5,2.2,1.6,4.6,4.8,3.8,3.8,1.7,2.9,2.4,-3.6,1.4,1.5,0.6,3.0,3.3,4.1,,8.0,2.1,-1.4,2.8,4.7,15.5,2.5,3.4,1.9,,,1.5,,,3.0,1.3,6.5,4.2,2.6,-0.1,1.9,2.5,2.9
1984-08,1.9,1.1,1.8,-1.4,-2.9,3.8,3.8,1.9,3.0,2.6,-2.0,1.4,1.5,0.6,3.0,3.3,4.4,,8.1,1.9,-1.4,3.2,4.7,15.5,2.7,3.3,1.8,,,1.7,,,2.8,1.3,6.5,4.2,2.6,0.1,2.1,0.9,3.0
1984-09,2.3,1.8,1.6,2.4,2.0,3.9,3.9,1.6,3.0,1.8,-0.9,1.1,1.6,0.8,2.9,3.3,4.2,,8.0,2.1,-1.4,3.1,4.7,15.5,2.7,3.3,1.8,,,1.7,,,2.9,1.4,6.5,4.2,2.3,-0.2,1.6,2.1,3.0
1984-10,2.2,1.4,1.8,0.3,-0.5,4.4,4.4,1.9,2.3,3.5,-1.3,1.1,1.7,0.5,3.2,3.5,5.2,,5.6,2.1,6.8,3.1,5.0,15.5,2.4,3.1,1.9,,,1.6,,,2.7,1.4,6.5,4.2,2.2,0.0,2.7,1.2,3.5
1984-11,2.2,1.6,1.5,1.2,0.4,3.9,3.9,1.5,2.1,2.8,-1.5,1.2,1.6,0.6,3.1,3.5,5.5,,5.8,2.1,6.8,3.4,5.0,15.5,2.4,2.8,2.0,,,1.7,,,2.7,1.5,6.6,4.2,2.0,-0.2,2.3,1.4,3.6
1984-12,2.6,2.3,1.6,4.8,5.1,3.8,3.9,1.6,2.0,3.3,-1.3,1.1,1.6,0.7,3.3,3.5,5.3,,5.8,2.2,6.8,3.3,5.0,15.5,2.5,2.7,2.2,,,2.0,,,2.7,1.5,6.6,4.2,2.2,-0.1,2.6,2.4,3.7
1985-01,2.9,2.5,1.6,5.6,4.6,4.1,3.8,1.6,1.9,4.1,-2.1,1.5,1.6,0.4,3.4,3.8,5.3,,5.5,2.2,6.8,3.2,5.0,15.5,3.2,2.7,2.4,,,2.3,,,4.4,1.5,6.1,4.2,3.7,0.1,3.1,2.5,3.6
1985-02,1.5,0.5,1.7,-2.5,-5.2,2.8,2.6,1.4,1.8,3.3,-3.5,1.4,1.5,0.4,3.2,3.4,4.8,,5.6,2.3,6.8,1.7,5.0,15.5,3.1,2.7,2.3,,,2.4,,,3.9,1.4,6.1,4.2,2.7,-0.1,2.7,0.0,3.2
1985-03,1.8,0.7,1.9,-2.1,-4.6,3.5,3.5,1.5,1.7,3.8,-2.7,1.3,1.5,0.7,3.3,3.6,5.1,,5.6,2.3,12.6,1.6,5.0,15.5,3.1,2.7,2.4,,,2.5,,,4.0,1.4,9.1,4.2,2.7,-0.1,3.0,0.1,3.4
1985-04,2.0,1.2,1.9,0.7,-0.3,3.4,3.4,1.4,1.7,3.2,-2.5,1.3,1.2,0.4,3.0,3.3,4.0,,6.1,2.2,12.6,1.5,4.3,0.0,3.1,2.5,2.5,,,2.4,,,3.9,1.4,5.3,4.5,2.4,-0.1,2.6,0.9,2.8
1985-05,1.8,0.7,0.8,-0.5,-0.6,3.4,3.5,1.1,1.0,3.1,-2.1,1.1,0.6,0.4,3.4,3.5,4.1,,5.9,8.5,12.6,0.7,4.3,0.0,2.9,2.1,2.6,,,2.7,,,3.7,1.5,5.3,4.5,1.9,-0.3,2.5,0.2,2.7
1985-06,2.5,1.9,1.2,4.7,5.8,3.4,3.4,1.3,1.1,3.5,-1.5,1.0,0.5,0.6,3.3,3.5,4.1,,5.9,8.5,12.6,0.7,4.3,0.0,2.9,1.8,2.8,,,2.5,,,3.8,1.4,5.3,4.5,2.3,-0.2,2.8,1.9,2.6
1985-07,2.4,1.8,1.3,4.8,5.2,3.3,3.4,1.2,1.1,3.3,-2.4,1.2,0.5,0.6,3.1,3.3,3.8,,4.4,8.2,12.6,0.2,4.3,0.0,2.9,1.8,2.8,,,2.6,,,3.7,1.4,5.4,4.5,2.1,-0.2,2.7,1.9,2.5
1985-08,2.3,1.8,2.1,6.3,8.4,3.3,3.4,0.6,0.9,1.1,-3.2,1.3,0.5,2.5,3.3,3.4,4.0,,4.3,8.3,12.6,1.0,4.3,0.0,2.7,2.0,2.8,,,2.3,,,3.7,1.4,5.4,4.5,2.0,-0.3,1.4,2.2,2.6
1985-09,1.7,0.6,0.7,-0.4,0.4,3.1,3.3,1.0,0.8,4.2,-7.1,1.8,0.4,2.1,3.3,3.4,4.2,,4.1,8.8,12.6,1.1,4.3,0.0,2.9,2.0,2.9,,,2.4,,,3.8,1.4,5.2,4.7,2.1,-0.1,3.5,-0.2,2.6
1985-10,2.3,1.8,0.0,5.4,6.2,2.3,2.6,0.8,1.1,3.5,-7.5,1.5,0.4,2.2,3.0,3.2,3.3,,4.2,9.2,4.0,1.8,4.0,0.0,3.0,2.1,2.9,,,2.5,,,3.8,1.4,5.2,4.7,2.3,-0.1,3.0,1.7,2.3
1985-11,1.9,1.1,0.3,1.9,2.3,1.7,1.9,1.0,1.1,3.8,-6.8,1.0,0.4,2.2,3.1,3.2,3.2,,4.1,9.2,4.0,1.6,4.0,0.0,3.0,2.1,2.9,,,2.7,,,3.8,1.2,5.1,4.7,2.4,-0.1,3.2,0.6,2.0
1985-12,1.9,1.0,0.4,1.1,1.1,1.6,1.8,1.0,1.1,4.0,-5.6,0.8,0.4,2.2,3.0,3.1,3.1,,4.1,8.9,4.0,1.5,4.0,0.0,2.9,1.9,2.7,,,2.7,,,3.7,1.2,5.2,4.7,2.1,0.0,3.3,0.5,1.9
1986-01,1.5,0.9,0.6,2.7,3.0,1.2,1.2,0.4,0.8,1.9,-4.4,0.3,0.3,2.0,2.5,2.4,3.3,,3.9,8.8,2.4,1.5,4.0,0.0,2.2,1.7,2.5,,,2.6,,,2.0,1.2,5.6,4.7,0.3,-0.9,1.7,0.9,2.0
1986-02,1.8,1.1,0.6,3.7,4.2,1.6,1.7,0.6,0.9,2.5,-3.4,0.4,0.3,1.7,2.5,2.5,3.3,,3.9,8.8,2.4,1.6,4.0,0.0,2.4,1.8,2.5,,,2.6,,,2.5,1.4,5.6,4.7,1.6,-0.7,2.0,1.2,2.0
1986-03,1.3,0.3,0.5,0.2,0.1,0.5,0.6,0.4,0.9,2.5,-5.5,0.5,0.3,2.0,2.5,2.5,3.0,,3.9,8.8,0.0,1.6,4.0,0.0,2.3,1.9,2.2,,,2.6,,,2.4,1.2,1.4,4.5,1.7,-0.7,1.9,0.1,1.9
1986-04,1.0,-0.1,0.3,-1.9,-2.4,0.5,0.6,0.2,1.0,2.6,-7.7,0.6,0.3,2.3,2.5,2.5,3.3,,3.3,8.7,1.7,1.6,4.9,0.0,2.3,1.8,2.2,,,2.6,,,2.3,1.2,5.5,3.0,2.4,-0.6,1.9,-0.8,2.1
1986-05,1.1,0.4,0.6,0.0,-0.2,0.5,0.6,0.3,1.0,2.4,-9.2,1.6,0.4,5.3,2.1,2.1,1.7,,3.2,2.5,1.7,1.4,4.9,0.0,2.3,1.8,2.3,,,2.5,,,2.5,1.2,5.5,3.2,2.5,-0.8,1.8,0.1,2.4
1986-06,0.6,-0.6,-0.3,-1.4,-1.9,0.5,0.6,0.1,0.8,2.6,-11.1,1.7,-6.4,5.4,2.1,2.0,1.7,,3.3,2.2,1.7,1.4,4.9,0.0,2.3,1.9,2.2,,,2.6,,,2.4,1.2,5.6,3.2,2.1,-0.8,1.9,-1.2,0.8
1986-07,0.1,-1.3,-0.6,-4.1,-5.1,0.4,0.4,-0.2,0.6,2.4,-12.8,1.7,-7.0,5.4,2.1,2.0,1.7,,2.9,2.2,1.7,1.2,4.9,0.0,2.3,1.7,2.4,,,2.7,,,2.4,1.2,5.6,3.2,2.1,-0.9,1.7,-2.3,0.6
1986-08,0.1,-1.3,-0.8,-3.2,-4.1,0.5,0.5,-0.3,0.6,2.5,-13.8,1.7,-7.0,3.9,2.1,2.0,1.4,,2.8,2.2,1.7,1.1,4.9,0.0,2.4,1.6,2.4,,,2.7,,,2.5,1.2,5.6,3.2,2.6,-1.0,1.5,-2.1,0.6
1986-09,0.5,-0.9,-1.1,-0.3,-0.5,0.6,0.6,-0.5,0.5,2.2,-14.9,1.6,-7.0,4.1,2.3,2.1,2.1,,2.6,1.7,1.7,1.5,5.1,0.0,2.3,1.6,2.4,,,2.9,,,2.4,1.1,5.9,3.0,2.6,-1.2,1.4,-1.4,1.0
1986-10,-0.3,-2.2,-1.2,-5.9,-7.4,0.7,0.6,-0.8,0.2,2.1,-16.9,1.8,-7.0,4.2,2.3,2.2,2.3,,2.4,3.6,1.7,0.7,5.1,0.0,2.3,1.4,2.5,,,2.9,,,2.4,1.1,5.9,3.0,2.5,-1.4,1.4,-3.3,1.0
1986-11,0.0,-1.5,-1.4,-1.8,-2.3,0.7,0.6,-1.2,0.1,1.6,-19.5,2.0,-6.9,4.2,2.2,2.1,2.2,,2.3,3.6,1.7,0.7,5.1,0.0,2.1,1.4,2.3,,,2.7,,,2.3,1.1,5.9,3.0,2.1,-1.4,1.0,-2.4,1.0
1986-12,-0.3,-2.1,-1.6,-4.0,-5.2,0.7,0.6,-1.3,0.0,1.7,-21.2,2.1,-6.9,4.1,2.1,2.1,2.2,,2.6,3.6,1.7,0.7,5.1,0.0,2.1,1.4,2.3,,,2.6,,,2.3,1.1,5.8,3.0,2.2,-1.5,1.2,-3.1,1.0
1987-01,-1.1,-3.6,-2.3,-9.1,-11.3,0.6,0.6,-1.5,0.1,0.9,-22.0,2.1,-9.4,3.9,2.2,2.1,2.4,,2.3,3.8,3.5,0.8,5.1,0.0,2.1,1.4,2.4,,,2.7,,,2.1,0.9,5.9,3.0,2.0,-1.5,0.5,-5.0,0.6
1987-02,-1.0,-3.3,-2.0,-9.3,-11.4,0.1,0.1,-1.2,0.0,1.0,-18.4,1.7,-9.7,4.2,2.3,2.1,2.4,,2.3,3.7,3.5,0.6,5.1,0.0,2.1,1.4,2.6,,,2.7,,,2.2,0.9,5.9,3.0,2.0,-1.6,0.6,-4.8,0.3
1987-03,-0.5,-2.5,-1.9,-5.6,-6.8,0.1,0.1,-1.1,-0.2,1.2,-16.6,1.6,-9.7,4.0,2.2,2.1,2.4,,2.3,3.7,3.5,0.6,5.1,0.0,2.1,1.1,2.8,,,2.6,,,2.4,0.9,6.1,3.2,2.2,-1.6,0.8,-3.6,0.3
1987-04,0.1,-1.5,-1.7,-1.4,-1.9,0.0,0.0,-0.7,-0.4,1.0,-11.5,1.3,-9.8,3.8,2.1,1.9,2.2,,3.3,3.3,1.8,0.4,4.4,0.0,2.0,1.0,3.0,,,2.6,,,2.0,1.1,1.6,3.1,1.7,-1.6,0.8,-2.0,0.0
1987-05,0.0,-1.7,-2.0,-1.2,-1.4,0.0,0.0,-0.9,-0.5,1.3,-9.9,0.2,-9.9,0.8,2.0,1.9,2.1,,3.3,3.1,1.8,0.4,4.4,0.0,2.0,1.0,2.6,,,2.5,,,2.0,0.9,1.5,3.3,1.7,-1.7,1.0,-2.3,-1.2
1987-06,0.3,-1.1,-1.3,-1.5,-2.0,0.0,0.0,-0.8,-0.6,1.3,-8.0,0.0,-3.3,0.7,2.3,2.0,2.2,,3.2,3.2,1.8,2.3,4.4,0.0,2.4,0.8,3.6,,,3.6,,,2.1,1.1,1.3,3.3,1.9,-1.8,0.9,-1.6,0.5
1987-07,0.1,-1.7,-1.1,-5.0,-6.2,0.2,0.2,-0.7,-0.5,0.3,-6.0,-0.2,-2.7,0.7,2.3,2.0,2.2,,4.0,3.1,1.8,2.3,4.4,0.0,2.4,0.9,3.5,,,3.7,,,2.1,1.1,1.2,3.3,1.9,-1.9,0.3,-2.2,0.8
1987-08,0.4,-1.2,-0.9,-3.4,-4.2,0.1,0.1,-0.5,-0.5,0.9,-4.4,-0.4,-2.7,0.9,2.4,1.9,2.4,,4.2,3.0,1.8,2.5,4.4,0.0,2.3,0.8,3.5,,,3.7,,,2.2,1.2,1.2,3.3,1.8,-2.0,0.7,-1.6,0.8
1987-09,0.8,-0.1,-0.7,1.7,2.1,0.0,0.0,-0.4,-0.4,0.7,-3.1,-0.4,-2.7,1.1,2.1,1.8,1.7,,4.3,3.0,1.8,2.1,4.2,0.0,2.2,0.8,3.4,,,3.5,,,2.1,1.2,0.9,3.4,1.5,-2.0,0.6,-0.1,0.3
1987-10,0.7,-0.2,-0.8,0.7,0.9,-0.2,-0.1,-0.3,-0.4,0.9,-0.8,-0.6,-2.7,1.1,1.9,1.6,1.2,,4.2,1.0,1.8,2.3,4.2,0.0,2.2,0.8,3.3,,,3.4,,,2.1,1.2,0.9,3.4,1.5,-2.0,0.7,-0.3,0.0
1987-11,0.7,-0.4,-0.7,-0.6,-0.7,-0.4,-0.3,0.0,-0.4,0.8,2.1,-0.9,-2.8,1.1,2.0,1.6,1.2,,4.3,0.9,1.8,2.2,4.2,0.0,2.2,0.8,3.3,,,3.3,,,2.2,1.3,0.9,3.4,1.9,-2.2,0.8,-0.4,0.0
1987-12,0.8,0.0,-0.5,0.7,1.2,-0.9,-0.9,0.0,-0.3,0.7,3.2,-1.1,-2.8,1.0,1.9,1.6,1.2,,4.0,0.9,1.8,2.2,4.2,0.0,2.2,0.8,3.3,,,3.0,,,2.2,1.3,1.0,3.4,1.8,-2.2,0.7,0.0,0.0
1988-01,0.9,0.2,-0.3,1.4,2.3,-1.7,-1.8,-0.1,-0.4,0.6,3.5,-1.0,-1.9,1.0,1.8,1.6,1.0,,4.0,0.7,0.0,2.2,4.2,0.0,2.2,0.8,3.3,,,2.9,,,2.4,1.6,0.9,3.4,2.0,-2.2,0.7,0.4,-0.1
1988-02,0.7,-0.1,-0.6,1.9,2.8,-1.7,-1.8,-0.5,-0.4,0.0,-1.7,-0.6,-1.5,1.0,1.8,1.6,0.9,,4.1,0.7,0.0,2.1,4.2,0.0,2.1,0.7,3.1,,,2.9,,,2.3,1.5,0.9,3.4,1.9,-2.1,0.3,0.1,0.1
1988-03,0.7,0.0,-0.6,2.1,3.1,-1.7,-1.8,-0.5,-0.3,0.3,-3.3,-0.6,-1.5,0.6,1.7,1.4,0.5,,4.1,0.7,0.0,1.9,4.2,0.0,2.1,0.9,3.1,,,3.0,,,2.1,1.6,0.7,3.3,1.5,-2.1,0.4,0.1,-0.1
1988-04,0.3,-0.7,-0.7,-1.0,-0.8,-1.7,-1.8,-0.7,-0.2,0.7,-7.7,-0.4,-1.4,0.6,1.6,1.4,0.3,,3.2,0.8,-1.1,2.1,3.6,0.0,2.2,0.8,3.2,,,2.8,,,2.4,1.5,2.6,3.5,1.8,-2.2,0.7,-1.1,-0.2
1988-05,0.2,-0.8,-0.7,-1.8,-1.8,-1.7,-1.8,-0.7,-0.1,1.0,-8.1,-0.3,-1.4,0.8,1.7,1.3,0.3,,2.9,0.8,-1.1,2.1,3.6,0.0,2.2,0.8,3.1,,,2.8,,,2.4,1.6,2.6,3.3,1.9,-2.1,0.8,-1.3,-0.2
1988-06,0.2,-0.7,-0.6,-1.1,-0.9,-1.7,-1.8,-0.7,0.0,0.8,-8.1,-0.5,-1.4,0.8,1.3,1.3,0.4,,3.0,0.9,-0.6,1.6,3.6,0.0,1.7,0.8,2.0,,,1.5,,,2.2,1.5,2.6,3.5,1.6,-2.3,0.8,-1.0,-0.1
1988-07,0.5,0.0,-0.6,2.5,3.6,-1.7,-1.8,-0.7,0.0,0.9,-7.6,-0.4,-1.4,0.8,1.2,1.2,0.4,,2.7,1.0,-0.6,1.6,3.6,0.0,1.5,0.7,1.9,,,1.3,,,2.2,1.5,2.8,3.5,1.5,-2.2,0.8,-0.1,-0.1
1988-08,0.7,0.2,-0.6,3.7,5.2,-1.7,-1.8,-0.5,0.0,0.9,-6.7,-0.5,-1.4,0.5,1.2,1.3,0.4,,2.6,1.0,-0.6,1.6,3.6,0.0,1.5,0.8,1.8,,,1.3,,,2.2,1.3,2.8,3.5,1.7,-2.1,0.7,0.3,-0.1
1988-09,0.6,0.0,-0.4,1.5,2.4,-1.7,-1.8,-0.2,0.0,2.0,-6.3,-0.4,-1.4,0.4,1.3,1.2,0.4,,2.6,0.9,-0.6,1.6,3.6,0.0,1.7,0.7,2.0,,,1.4,,,2.2,1.5,2.9,3.3,1.8,-2.0,1.6,-0.2,-0.2
1988-10,1.1,0.9,-0.1,5.6,7.6,-1.6,-1.7,-0.2,0.2,1.8,-6.4,-0.5,-1.4,0.6,1.4,1.3,0.5,,4.1,0.8,-0.6,1.6,3.6,0.0,1.7,0.8,2.2,,,1.5,,,2.2,1.5,2.9,3.3,1.9,-2.0,1.4,1.1,-0.1
1988-11,1.2,1.0,-0.1,6.5,8.5,-1.3,-1.4,-0.2,0.2,2.3,-6.9,-0.3,-1.4,0.1,1.4,1.3,0.5,,4.0,0.8,-0.6,1.6,3.6,0.0,1.8,0.8,2.3,,,1.7,,,2.2,1.5,2.9,3.3,1.6,-1.8,1.6,1.2,-0.1
1988-12,1.0,0.5,0.0,3.2,4.3,-0.9,-0.9,0.0,0.3,2.4,-6.5,-0.3,-1.4,0.3,1.5,1.4,0.5,,4.2,0.8,-0.6,1.6,3.6,0.0,1.8,0.8,2.2,,,2.1,,,2.2,1.6,2.9,3.3,1.6,-1.6,1.7,0.4,-0.1
1989-01,1.1,0.6,0.1,2.7,3.4,0.0,0.0,0.1,0.3,2.7,-5.7,-0.3,0.3,0.7,1.6,1.4,0.6,,4.2,0.8,-0.6,2.2,3.6,0.0,1.8,0.8,2.3,,,2.1,,,2.3,1.6,2.9,3.3,1.9,-1.6,1.8,0.5,0.5
1989-02,1.0,0.6,0.4,0.9,1.2,-0.1,-0.1,0.2,0.4,2.6,-3.6,-0.6,0.3,5.7,1.4,1.4,0.3,,4.1,0.8,-0.6,2.1,3.6,0.0,1.9,1.0,2.2,,,2.0,,,2.4,1.7,3.1,3.3,1.8,-1.8,1.8,0.5,0.2
1989-03,1.1,0.6,0.5,0.8,0.9,-0.1,-0.1,0.3,0.4,2.6,-2.1,-0.6,0.3,5.7,1.7,1.6,0.6,,4.1,0.8,-0.6,2.3,3.6,0.0,2.0,1.0,2.3,,,2.0,,,2.6,1.8,3.1,3.6,2.1,-1.9,1.9,0.5,0.3
1989-04,2.4,1.7,1.7,1.5,1.5,1.8,1.8,1.7,2.5,4.6,0.9,-0.8,-1.0,8.7,3.2,3.4,2.0,,6.0,1.0,1.0,4.7,2.6,2.9,3.5,4.2,2.3,,,2.3,,,4.4,4.3,3.3,4.5,4.3,-4.2,3.7,2.0,1.1
1989-05,2.9,2.4,2.1,4.9,5.6,1.9,1.9,1.8,2.5,4.4,1.9,-0.9,-0.9,8.6,3.4,3.6,2.3,,5.8,1.2,1.0,4.8,2.6,2.9,3.7,4.4,2.4,,,2.5,,,4.5,4.3,3.3,4.5,4.5,-4.2,3.7,2.9,1.3
1989-06,3.0,2.6,2.2,4.7,5.4,1.9,1.9,2.0,2.4,4.7,3.0,-0.6,-1.0,8.7,3.6,3.7,2.3,,5.8,1.1,0.5,3.4,2.6,2.9,4.0,4.5,2.8,,,3.2,,,4.6,4.6,3.4,4.4,4.6,-3.7,3.9,2.9,1.2
1989-07,3.0,2.5,2.2,4.3,4.9,1.9,1.9,2.0,2.5,4.5,4.0,-0.7,-0.9,8.7,3.7,3.8,2.3,,6.1,1.2,0.5,3.5,2.6,2.9,4.0,4.5,2.8,,,3.2,,,4.7,4.6,3.3,4.4,4.8,-3.8,3.8,2.9,1.2
1989-08,2.6,1.7,2.1,0.6,0.2,1.9,1.9,1.9,2.5,4.7,3.3,-0.6,-0.9,8.7,3.7,3.7,2.3,,6.1,1.3,0.5,3.5,2.6,2.9,4.0,4.5,2.9,,,3.2,,,4.6,4.7,3.3,4.4,4.5,-3.7,4.0,1.8,1.3
1989-09,2.6,1.9,2.3,0.6,0.3,1.9,1.9,2.2,2.6,5.6,3.3,-0.6,-0.9,8.7,3.6,3.8,2.4,,6.0,1.5,0.5,3.4,2.6,2.9,3.9,4.6,2.7,,,3.1,,,4.6,4.7,3.1,4.5,4.4,-3.6,4.5,1.8,1.3
1989-10,2.9,2.4,2.3,2.7,2.7,2.1,2.1,2.3,2.4,5.8,3.8,-0.6,-0.9,8.5,3.6,3.8,2.3,,4.5,1.6,0.5,3.3,2.6,2.9,4.0,4.6,2.5,,,3.0,,,4.7,4.7,3.1,4.5,4.8,-3.4,4.8,2.4,1.3
1989-11,2.3,1.3,2.4,-3.3,-4.7,2.3,2.3,2.5,2.5,5.7,5.5,-0.6,-0.9,8.8,3.5,3.8,2.3,,4.8,1.9,0.5,3.3,2.6,2.9,3.9,4.5,2.4,,,2.8,,,4.8,4.8,3.1,4.5,4.8,-3.3,4.6,0.7,1.4
1989-12,2.6,1.9,2.3,0.3,-0.3,2.6,2.6,2.4,2.3,5.6,6.8,-0.6,-0.9,9.1,3.6,3.7,2.3,,4.7,1.9,0.5,3.3,2.6,2.9,4.0,4.5,2.6,,,2.8,,,4.7,4.6,3.1,4.5,4.9,-3.2,4.4,1.9,1.4
1990-01,3.0,2.7,2.5,4.1,4.5,2.8,2.7,2.3,2.5,5.2,7.2,-0.7,-0.9,8.5,3.6,4.0,2.3,,4.6,2.2,0.5,2.7,2.6,3.5,4.3,4.6,2.6,,,3.0,,,5.2,4.7,3.3,4.5,5.9,-3.2,4.4,2.9,1.5
1990-02,3.6,3.7,2.5,9.9,11.8,2.9,2.8,2.3,2.5,5.3,6.4,-0.4,-0.9,4.3,3.7,3.9,2.6,,4.8,2.3,0.5,2.9,2.6,3.5,4.1,4.4,2.6,,,3.0,,,4.8,4.5,3.1,4.5,5.0,-2.6,4.6,4.2,1.7
1990-03,3.5,3.5,2.7,7.9,9.2,2.9,2.8,2.7,3.0,5.8,6.7,-0.6,-0.9,4.3,3.6,3.8,2.7,,4.8,2.3,0.5,2.9,2.6,3.5,4.0,4.4,2.5,,,3.0,,,4.7,4.7,3.2,4.3,4.7,-2.6,4.9,3.9,1.9
1990-04,2.5,2.4,1.5,6.7,8.1,0.9,0.9,1.6,1.0,4.1,4.9,-0.4,0.2,1.5,2.7,2.7,2.2,,2.9,2.2,0.8,-0.5,3.0,28.8,2.9,1.6,2.3,,,3.0,,,3.7,2.8,4.4,5.7,3.1,-0.1,3.3,2.5,1.5
1990-05,2.7,2.7,1.7,7.1,8.7,0.9,0.8,1.7,1.1,4.7,4.6,-0.3,0.2,1.6,2.6,2.7,2.0,,3.1,2.2,0.8,-0.6,3.0,28.8,2.9,1.6,2.4,,,2.8,,,3.7,2.9,4.4,5.7,3.4,-0.2,3.6,2.7,1.3
1990-06,2.2,1.8,1.4,3.0,3.6,0.9,0.7,1.7,1.5,4.2,4.0,-0.4,0.2,1.6,2.5,2.5,1.9,,3.0,2.2,0.8,-0.7,3.0,28.8,2.7,1.4,2.3,,,2.6,,,3.7,2.9,4.4,5.7,2.7,-0.3,3.3,1.7,1.2
1990-07,2.3,2.1,1.7,3.9,4.7,0.9,0.8,1.8,1.7,4.4,3.3,-0.2,0.1,1.6,2.6,2.6,1.9,,2.7,2.0,0.8,-0.7,3.0,28.8,2.8,1.7,2.3,,,2.7,,,3.7,2.9,4.5,5.7,3.1,-0.1,3.6,1.9,1.2
1990-08,2.9,3.1,2.1,7.9,9.9,0.9,0.8,2.1,2.1,4.5,3.6,-0.1,0.1,1.9,2.7,2.6,1.9,,2.7,1.8,0.8,-0.7,3.0,28.8,3.0,1.7,2.3,,,2.8,,,3.9,2.9,4.5,5.7,4.0,-0.1,3.6,3.3,1.1
1990-09,3.0,3.2,2.3,7.4,8.9,0.9,0.7,2.3,2.6,3.8,4.3,0.0,0.1,2.0,2.7,2.6,1.8,,3.0,1.7,0.8,-0.7,3.0,28.8,3.0,1.8,2.4,,,3.0,,,3.8,3.0,4.7,5.6,3.2,0.1,3.4,3.4,1.2
1990-10,3.5,4.1,3.0,8.3,10.2,0.7,0.5,3.3,3.4,4.0,14.0,-0.1,0.1,1.8,2.7,2.6,1.8,,3.2,1.6,0.8,-0.7,3.0,28.8,3.0,1.9,2.4,,,3.0,,,3.8,3.2,4.7,5.7,3.0,0.0,3.5,4.7,1.1
1990-11,4.2,5.3,3.6,12.7,16.0,0.4,0.2,3.8,4.0,3.8,18.3,0.0,0.1,1.9,3.0,2.8,2.0,,3.0,1.5,0.8,-0.4,3.0,28.8,3.3,2.1,2.4,,,3.4,,,3.9,3.2,4.7,5.7,3.3,0.0,3.5,6.5,1.1
1990-12,3.8,4.6,3.7,7.7,9.7,0.2,0.0,4.2,4.6,4.1,18.4,0.1,0.2,2.1,3.0,2.9,2.0,,3.0,1.6,0.8,-0.1,3.0,28.8,3.3,2.3,2.5,,,3.4,,,4.0,3.6,4.5,5.7,2.9,0.0,3.8,5.4,1.2
1991-01,4.0,4.8,3.4,11.5,13.9,0.0,0.0,3.8,4.7,3.7,16.7,0.1,0.2,1.8,3.0,2.9,1.5,,3.2,1.2,0.7,-0.1,3.0,28.1,3.5,2.5,2.4,,,2.9,,,4.6,3.6,4.7,5.7,4.8,-1.4,3.6,6.1,0.9
1991-02,3.6,4.1,3.4,6.8,8.1,-0.2,-0.2,3.8,5.0,3.9,13.9,0.5,0.2,2.3,2.9,2.8,1.6,,3.2,1.2,0.7,0.0,3.0,28.1,3.2,2.6,2.4,,,2.9,,,4.0,4.0,4.9,5.7,2.9,-1.0,3.8,4.9,1.1
1991-03,3.6,4.0,3.3,7.7,9.3,-0.3,-0.3,3.7,4.9,4.0,10.4,0.9,0.2,2.4,2.9,2.9,1.6,,3.2,1.3,0.7,0.1,3.0,28.1,3.4,2.7,2.5,,,2.9,,,4.2,3.8,4.8,6.0,3.2,-0.7,3.9,4.9,1.1
1991-04,3.4,4.1,3.4,7.7,9.2,-0.3,-0.3,3.6,5.2,3.8,8.1,1.1,0.3,3.3,2.5,2.3,0.2,,1.9,-1.0,0.0,-0.1,2.7,0.0,3.2,2.7,2.5,,,2.8,,,3.9,3.8,1.3,4.9,3.3,-0.4,4.0,4.9,0.1
1991-05,3.4,4.0,3.5,6.3,7.6,-0.3,-0.3,3.8,5.3,4.3,7.6,1.4,0.2,3.3,2.5,2.4,0.1,,1.6,-1.1,0.0,-0.1,2.7,0.0,3.2,2.8,2.6,,,2.9,,,3.8,4.0,1.3,5.0,2.7,-0.1,4.4,4.4,0.1
1991-06,3.4,4.1,3.6,6.4,7.8,-0.4,-0.4,4.0,5.3,4.6,7.0,1.5,0.2,3.4,2.7,2.5,0.1,,1.4,-1.2,0.0,-0.2,2.7,0.0,3.4,3.0,2.9,,,3.1,,,4.2,4.0,1.2,5.0,3.8,0.1,4.7,4.6,0.1
1991-07,3.5,4.1,3.4,7.1,8.8,-0.4,-0.4,3.8,5.3,4.3,6.7,1.5,0.2,3.3,2.8,2.6,0.5,,1.3,0.5,0.0,-0.2,2.7,0.0,3.5,2.9,2.9,,,3.2,,,4.1,4.4,1.2,5.0,3.4,0.2,4.4,4.7,0.2
1991-08,3.3,3.9,3.2,6.5,7.9,-0.4,-0.4,3.6,4.9,4.4,6.3,1.4,0.2,3.1,2.7,2.5,0.5,,1.3,0.6,0.0,-0.1,2.7,0.0,3.3,2.9,3.0,,,3.1,,,3.8,4.5,1.2,5.0,2.6,0.0,4.4,4.3,0.3
1991-09,2.7,2.8,2.9,0.7,0.8,-0.4,-0.4,3.5,4.5,5.1,5.2,1.3,0.2,3.0,2.7,2.6,0.5,,1.2,0.5,0.0,-0.1,2.7,0.0,3.4,2.9,3.0,,,3.1,,,4.1,4.5,1.0,5.0,3.2,-0.2,4.8,2.5,0.2
1991-10,2.7,2.6,2.4,3.8,4.6,-0.2,-0.2,2.7,3.8,4.6,-3.9,1.6,0.2,2.9,2.7,2.5,0.5,,0.9,0.6,0.0,-0.1,2.7,0.0,3.3,2.7,2.9,,,3.1,,,4.0,4.5,-0.8,4.7,3.1,0.3,4.4,2.4,0.4
1991-11,3.1,3.5,2.2,9.9,11.9,-0.1,-0.1,2.1,3.4,4.8,-7.4,1.6,0.2,3.1,2.5,2.4,0.4,,0.7,0.6,0.0,-0.5,2.7,0.0,3.2,2.8,2.8,,,2.6,,,4.0,4.6,-0.8,4.7,3.3,0.3,4.5,3.5,0.3
1991-12,2.7,2.8,2.0,7.1,8.2,1.8,1.8,2.0,3.2,4.6,-7.6,1.6,0.1,2.9,2.5,2.6,0.8,,0.7,0.5,0.0,1.1,2.7,0.0,3.2,2.6,2.6,,,2.5,,,4.1,4.7,-0.8,4.7,3.1,0.4,4.5,2.7,0.6
1992-01,1.8,1.4,1.9,-1.0,-1.7,2.6,2.6,1.9,3.1,3.7,-6.3,1.7,0.1,7.2,2.3,2.4,1.0,,0.8,0.6,1.9,1.1,2.7,0.0,2.8,2.7,2.7,,,2.6,,,3.1,5.0,-1.0,4.7,0.4,0.4,3.8,0.9,1.0
1992-02,2.0,1.5,1.9,-0.8,-1.6,3.4,3.4,2.0,3.0,4.2,-5.3,1.2,0.1,8.9,2.7,2.7,1.0,,0.8,0.5,1.9,1.1,2.7,0.0,3.1,2.6,2.7,,,2.7,,,4.1,4.9,-1.2,4.7,3.3,0.1,3.9,1.0,0.9
1992-03,2.0,1.5,2.0,-2.0,-2.9,3.6,3.6,2.1,2.8,4.4,-3.5,1.1,0.2,9.4,2.7,2.7,0.9,,0.7,0.5,1.9,1.0,2.7,0.0,3.1,2.6,2.6,,,2.8,,,4.1,5.1,-1.2,4.6,3.4,0.2,4.0,0.7,0.7
1992-04,2.4,1.9,2.0,0.8,0.3,3.7,3.7,2.1,2.8,4.4,-2.4,0.9,0.2,8.6,3.1,3.3,2.3,,2.8,2.9,4.7,2.4,3.7,0.0,3.4,2.6,2.9,,,2.9,,,4.5,5.5,8.1,4.7,3.0,-0.2,4.0,1.5,1.8
1992-05,2.0,1.2,1.8,-2.0,-3.1,3.7,3.7,1.8,2.6,3.6,-2.3,0.8,0.3,8.5,3.2,3.3,2.4,,3.1,2.9,4.7,2.4,3.7,0.0,3.5,2.6,3.1,,,3.0,,,4.5,5.5,8.2,4.5,3.3,-0.3,3.3,0.8,1.8
1992-06,2.3,1.5,1.7,0.0,-0.7,3.9,3.9,1.7,2.5,3.6,-2.1,0.7,0.3,8.5,3.2,3.3,2.5,,3.2,3.0,4.7,2.5,3.7,0.0,3.4,2.5,3.0,,,2.7,,,4.5,5.6,8.3,4.6,3.3,-0.2,3.2,1.3,1.8
1992-07,1.7,0.6,1.6,-4.5,-6.2,4.0,4.0,1.5,2.4,2.7,-2.0,0.7,0.3,8.5,2.9,3.0,1.5,,3.2,1.4,4.7,1.2,3.7,0.0,3.4,2.6,2.9,,,2.7,,,4.5,5.6,8.3,4.6,3.2,-0.2,2.6,0.1,1.3
1992-08,1.7,0.7,1.7,-4.2,-5.7,4.1,4.1,1.7,2.4,3.2,-1.7,0.7,0.3,8.5,2.9,3.1,1.5,,3.2,1.3,4.7,1.2,3.7,0.0,3.4,2.5,2.8,,,2.6,,,4.6,5.5,8.3,4.6,3.6,-0.1,3.0,0.1,1.3
1992-09,2.0,1.4,1.7,-0.4,-1.2,4.1,4.1,1.5,2.3,2.1,-0.9,0.8,0.4,8.8,3.0,3.0,1.5,,3.2,1.4,4.7,1.2,3.7,0.0,3.4,2.6,2.8,,,2.6,,,4.6,5.5,8.3,4.6,3.6,0.1,2.3,1.2,1.3
1992-10,1.1,-0.3,1.5,-8.4,-10.9,4.6,4.6,1.4,2.3,1.8,-0.3,0.6,0.5,8.9,2.7,2.8,1.5,,3.6,1.4,4.7,1.0,3.7,0.0,3.2,1.4,2.9,,,2.7,,,4.7,5.3,10.4,4.8,3.7,-0.2,2.1,-1.0,1.2
1992-11,0.7,-1.2,1.2,-12.6,-15.8,5.4,5.3,1.3,2.1,1.6,-0.4,0.6,0.5,9.0,2.9,3.1,1.5,,3.8,1.4,4.7,1.3,3.7,0.0,3.4,2.5,2.9,,,2.7,,,4.6,5.2,10.4,4.8,3.4,-0.2,1.9,-2.3,1.4
1992-12,1.2,-0.3,1.2,-7.9,-10.3,3.8,3.6,1.1,1.8,1.4,-0.5,0.6,0.5,9.5,2.9,2.9,1.0,,3.8,1.4,4.7,-0.5,3.7,0.0,3.4,2.5,3.0,,,2.8,,,4.5,5.2,10.4,4.8,3.3,-0.3,1.8,-1.0,1.1
1993-01,1.3,0.0,0.9,-4.0,-5.6,3.1,2.9,0.9,1.7,0.4,-0.1,0.3,0.5,4.0,2.8,2.7,0.9,,3.5,1.7,2.7,-0.4,3.7,0.0,3.3,2.2,3.0,,,2.7,,,4.4,4.8,10.4,4.9,3.2,-0.4,1.0,-0.3,0.7
1993-02,1.4,0.4,0.9,-1.5,-2.4,2.6,2.4,0.8,1.6,0.0,0.9,0.3,0.5,1.7,2.7,2.7,0.9,,3.5,1.8,2.7,-0.5,3.7,0.0,3.3,2.2,2.9,,,2.6,,,4.4,4.8,10.3,4.9,3.1,-0.5,0.8,0.3,0.7
1993-03,1.2,0.2,0.7,-1.7,-2.6,2.5,2.2,0.7,1.4,0.1,1.1,0.3,0.4,1.3,2.6,2.6,1.0,,3.6,1.7,2.7,-0.5,3.7,0.0,3.3,2.1,3.1,,,2.7,,,4.3,4.6,10.4,4.9,3.0,-0.5,0.8,0.2,0.8
1993-04,0.9,-0.5,0.6,-5.2,-6.7,2.2,1.8,0.6,1.0,0.4,1.6,0.2,0.8,1.3,2.3,2.2,0.5,,2.8,-0.4,1.0,-0.7,3.7,0.0,2.8,2.0,2.6,,,2.4,,,3.6,3.9,2.0,4.2,3.0,-0.4,0.8,-0.9,0.5
1993-05,0.9,-0.2,0.5,-3.6,-4.8,2.2,1.8,0.5,0.8,0.3,1.7,-0.1,0.7,1.9,2.2,2.1,0.5,,3.1,-0.3,1.0,-0.7,3.7,0.0,2.7,1.8,2.3,,,2.3,,,3.5,3.7,2.0,4.2,2.7,-0.6,0.8,-0.5,0.5
1993-06,0.9,0.0,0.6,-2.2,-3.1,1.7,1.4,0.4,0.6,0.2,1.8,-0.1,0.8,1.9,2.1,2.1,0.5,,3.2,-0.3,1.0,-0.8,3.7,0.0,2.5,1.7,2.2,,,2.2,,,3.4,3.6,1.9,4.1,2.7,-0.9,0.7,-0.1,0.6
1993-07,1.9,1.6,0.6,7.5,8.8,1.3,0.9,0.4,0.7,0.2,1.7,-0.2,0.9,2.0,2.2,2.2,1.3,,3.2,0.2,1.0,0.7,3.7,0.0,2.4,1.6,2.2,,,2.2,,,3.2,3.2,1.8,4.1,2.5,-1.1,0.7,2.3,1.1
1993-08,1.9,1.7,0.4,7.9,9.2,1.1,0.7,0.3,0.5,0.2,1.3,-0.2,0.9,2.2,2.2,2.1,1.3,,3.1,0.2,1.0,0.7,3.7,0.0,2.4,1.6,2.2,,,2.3,,,3.2,3.3,1.8,4.1,2.1,-1.1,0.6,2.4,1.0
1993-09,1.5,1.0,0.1,4.8,5.5,1.4,1.0,0.0,0.4,-0.4,0.2,-0.3,0.8,1.9,2.2,2.2,1.3,,3.0,0.1,1.0,0.7,3.8,0.0,2.4,1.5,2.2,,,2.4,,,3.1,3.3,1.8,4.1,2.0,-1.2,0.3,1.5,1.2
1993-10,1.3,0.6,0.2,3.0,3.0,3.9,3.5,-0.1,0.4,-0.4,-0.6,-0.4,0.6,1.7,2.4,2.5,1.4,,2.8,0.1,1.0,1.1,3.8,0.0,2.6,2.7,2.1,,,2.3,,,3.2,3.3,1.7,4.1,2.1,-1.6,0.2,1.0,1.4
1993-11,0.9,0.2,0.2,2.1,0.4,8.9,8.6,-0.3,0.4,-0.7,-1.5,-0.5,-0.4,1.5,1.9,1.8,0.2,,3.6,0.1,1.0,-1.8,3.8,0.0,2.4,1.5,2.1,,,2.2,,,3.1,3.2,1.8,4.1,2.1,-1.6,0.0,0.5,0.4
1993-12,1.0,0.4,-0.1,4.4,3.2,9.3,8.9,-0.5,0.4,-1.0,-1.9,-0.5,-0.5,-0.7,1.8,1.7,0.2,,3.4,0.1,1.0,-1.9,3.8,0.0,2.3,1.3,2.1,,,2.2,,,3.0,2.9,1.8,4.1,2.3,-1.8,-0.4,1.0,0.4
1994-01,1.2,0.8,0.1,5.1,4.2,9.5,9.0,-0.4,0.3,-0.7,-2.2,-0.5,-0.5,4.5,1.8,1.6,0.0,,3.5,-0.3,1.0,-1.9,3.8,0.0,2.3,1.5,2.0,,,2.3,,,2.8,2.7,1.8,4.0,2.0,-1.9,-0.1,1.4,0.5
1994-02,1.1,0.7,0.0,4.9,3.8,9.8,9.3,-0.6,0.3,-1.3,-2.3,-0.5,-0.5,4.9,1.8,1.6,0.3,,3.4,-0.3,1.0,-1.4,3.8,0.0,2.3,1.5,2.1,,,2.5,,,2.6,2.6,1.8,4.0,1.7,-1.9,-0.5,1.4,0.6
1994-03,1.3,0.9,0.2,6.7,4.3,17.5,17.1,-0.6,0.2,-1.2,-2.3,-0.8,-0.4,5.1,1.8,1.6,0.3,,3.4,-0.3,1.0,-1.2,3.8,0.0,2.2,1.5,2.0,,,2.4,,,2.4,2.4,1.7,3.7,1.5,-2.2,-0.5,1.8,1.0
1994-04,0.8,0.2,0.3,3.3,-0.6,21.0,20.7,-0.7,0.1,-1.2,-2.4,-1.0,-0.6,5.2,1.7,1.4,0.5,,3.5,1.6,1.2,-1.1,3.6,0.0,2.1,1.3,2.0,,,2.3,,,2.1,2.3,3.8,2.9,1.0,-2.4,-0.5,0.8,1.4
1994-05,0.8,0.1,0.4,2.2,-2.0,21.7,21.4,-0.6,0.4,-1.1,-2.4,-0.9,-0.5,4.8,1.7,1.6,0.5,,3.2,1.4,1.2,-1.2,3.6,0.0,2.0,1.3,1.9,,,2.1,,,2.5,2.1,3.8,3.0,1.9,-2.2,-0.5,0.7,1.4
1994-06,0.6,-0.5,0.1,-0.4,-4.9,20.2,19.8,-0.7,0.4,-1.4,-2.5,-1.0,-0.3,5.1,1.7,1.5,0.5,,3.2,1.7,1.2,-1.1,3.6,0.0,2.0,1.4,1.8,,,2.2,,,2.3,2.1,3.8,3.0,1.4,-2.2,-0.7,-0.1,1.2
1994-07,-0.2,-1.6,-0.1,-6.3,-11.3,18.3,17.9,-0.9,0.1,-1.6,-2.6,-1.2,-0.4,5.1,1.7,1.5,0.3,,3.3,1.0,1.2,-1.3,3.6,0.0,2.0,1.3,1.8,,,2.0,,,2.5,2.2,3.9,3.0,1.7,-2.4,-0.8,-1.7,1.1
1994-08,0.0,-1.2,0.0,-3.9,-7.8,16.1,15.6,-1.0,0.3,-1.9,-2.6,-1.2,-0.3,5.3,1.6,1.5,0.2,,3.3,1.0,1.2,-1.4,3.6,0.0,1.9,1.3,1.7,,,2.0,,,2.2,2.1,3.9,3.0,1.4,-2.4,-0.9,-1.0,0.9
1994-09,0.2,-0.8,-0.2,-1.8,-3.7,7.1,6.5,-0.9,0.1,-1.5,-2.5,-1.3,-0.3,5.4,1.4,1.1,0.2,,3.4,1.1,1.2,-1.4,3.5,0.0,1.7,-0.2,1.7,,,2.3,,,2.4,2.0,3.9,3.0,1.9,-2.7,-0.7,-0.6,0.4
1994-10,0.7,0.1,-0.6,3.0,3.6,-1.1,-1.9,-0.9,0.1,-1.5,-2.4,-1.4,-0.1,5.4,1.6,1.4,0.1,,3.3,1.0,1.2,-1.7,3.5,0.0,2.0,1.2,1.8,,,2.3,,,2.4,1.9,4.7,3.0,1.9,-2.6,-0.7,0.7,-0.1
1994-11,1.0,0.5,-0.8,5.1,8.2,-7.5,-8.1,-1.0,-0.1,-1.5,-2.1,-1.5,0.9,5.7,1.9,1.7,1.3,,2.5,0.9,1.2,0.9,3.5,0.0,2.0,1.1,1.9,,,2.5,,,2.3,1.9,4.7,3.0,1.6,-2.9,-0.8,1.3,0.5
1994-12,0.7,-0.3,-0.9,1.1,3.7,-9.4,-9.7,-0.9,0.0,-1.3,-2.4,-1.6,1.0,4.5,1.8,1.7,1.2,,2.6,0.9,1.2,0.9,3.5,0.0,1.9,0.9,1.8,,,2.3,,,2.4,1.9,4.8,3.0,1.7,-2.8,-0.6,0.2,0.4
1995-01,0.6,-0.4,-0.9,0.7,3.0,-9.4,-9.8,-1.1,-0.1,-1.4,-2.8,-1.2,1.0,3.3,1.7,1.7,1.3,,2.9,1.0,1.2,0.8,3.4,0.0,2.1,0.9,1.8,,,2.1,,,2.3,1.9,4.9,3.0,1.6,-2.8,-0.7,-0.1,0.3
1995-02,0.2,-1.2,-1.2,-2.4,-0.7,-10.2,-10.4,-1.2,-0.2,-1.5,-3.0,-1.4,1.0,1.9,1.8,1.8,1.7,,3.0,2.0,1.2,1.3,3.4,0.0,2.0,0.8,1.8,,,2.0,,,2.3,1.9,4.9,3.0,1.7,-3.2,-1.0,-1.0,0.8
1995-03,-0.4,-2.1,-1.5,-7.3,-5.1,-16.2,-16.5,-1.2,-0.1,-1.3,-3.2,-1.7,0.9,1.4,1.8,1.8,2.0,,3.0,2.0,1.2,1.7,3.4,0.0,1.9,0.7,1.7,,,1.8,,,2.2,1.8,4.9,3.1,1.6,-3.3,-0.9,-2.3,0.5
1995-04,-0.2,-1.5,-1.5,-5.0,-1.4,-18.6,-18.8,-1.0,0.1,-0.9,-3.4,-1.6,0.8,1.3,1.5,1.6,1.9,,3.7,1.9,0.1,1.8,1.9,0.0,1.4,0.2,1.6,,,1.7,,,1.8,1.8,1.9,3.4,-0.1,-3.1,-0.7,-1.6,0.2
1995-05,0.0,-1.0,-1.6,-1.6,2.9,-19.1,-19.3,-1.2,-0.3,-1.0,-4.0,-1.7,0.7,1.2,1.4,1.2,1.8,,3.2,1.9,0.1,1.9,1.9,0.0,1.2,-0.5,1.5,,,1.9,,,1.6,1.8,1.8,3.1,-0.7,-3.2,-0.6,-0.9,0.2
1995-06,0.3,-0.6,-1.6,1.2,6.3,-18.0,-18.0,-1.2,-0.3,-1.0,-4.3,-1.8,0.4,1.3,1.3,1.2,1.8,,3.0,1.5,0.1,1.9,1.9,0.0,1.2,-0.6,1.5,,,2.0,,,1.5,1.7,1.9,3.1,-0.5,-3.1,-0.6,-0.2,0.1
1995-07,0.1,-0.9,-1.5,-0.4,4.0,-16.2,-16.4,-1.2,-0.3,-1.2,-4.3,-1.5,0.3,1.0,1.3,1.0,1.8,,3.0,1.5,0.1,2.0,1.9,0.0,1.1,-0.6,1.6,,,2.1,,,1.2,1.3,1.8,3.0,-1.0,-3.1,-0.8,-0.6,0.2
1995-08,-0.2,-1.5,-1.6,-3.8,-1.2,-14.3,-14.5,-1.3,-0.5,-1.1,-4.4,-1.7,0.2,0.5,1.3,1.1,1.9,,3.0,1.5,0.1,2.1,1.9,0.0,1.2,-0.6,1.6,,,2.1,,,1.3,1.4,1.8,3.0,-1.0,-3.2,-0.9,-1.6,0.4
1995-09,0.2,-1.0,-1.1,-2.2,-0.9,-8.0,-8.0,-1.1,-0.5,-0.2,-4.4,-1.8,0.2,0.6,1.6,1.6,2.7,,2.9,1.4,0.1,4.5,1.9,0.0,1.3,0.7,1.6,,,1.7,,,1.3,1.1,1.9,3.2,-0.8,-3.3,-0.2,-1.1,1.4
1995-10,-0.6,-2.1,-1.1,-6.9,-7.4,-5.0,-4.7,-1.1,-0.5,-0.4,-4.6,-1.8,0.2,0.6,1.4,1.2,2.7,,2.6,1.4,0.1,4.5,1.9,0.0,0.9,-0.6,1.6,,,1.7,,,1.0,1.0,1.2,3.2,-1.2,-3.3,-0.4,-2.5,1.8
1995-11,-0.7,-2.2,-1.0,-8.1,-8.9,-4.3,-4.0,-1.0,-0.4,-0.2,-4.8,-1.8,0.2,0.5,1.3,1.3,2.7,,2.9,1.4,0.1,4.6,1.9,0.0,0.8,-0.8,1.5,,,1.4,,,1.2,1.0,1.1,3.2,-0.8,-3.4,-0.2,-2.7,1.9
1995-12,-0.3,-1.5,-0.9,-4.6,-5.0,-3.1,-2.8,-1.1,-0.6,-0.1,-4.6,-1.8,0.2,0.5,1.3,1.3,2.7,,3.2,1.4,0.1,4.5,1.9,0.0,0.9,-0.6,1.4,,,1.4,,,1.1,0.9,1.0,3.2,-0.7,-3.3,-0.1,-1.8,1.9
1996-01,-0.5,-2.0,-1.4,-4.9,-4.9,-3.8,-3.7,-1.4,-0.7,-0.1,-4.5,-2.2,-1.9,0.8,1.1,1.0,2.7,,3.5,1.6,0.1,4.8,2.0,0.0,0.6,-2.1,1.0,,,1.3,,,1.4,1.4,1.0,3.2,0.2,-4.3,-0.3,-2.1,1.3
1996-02,-0.4,-1.6,-1.2,-3.6,-3.6,-3.3,-3.2,-1.3,-0.5,0.4,-4.3,-2.1,-1.9,1.0,1.1,0.9,2.1,,3.5,0.6,0.1,3.9,2.0,0.0,0.8,-1.2,1.0,,,1.4,,,1.2,1.3,1.0,3.2,-0.5,-4.2,0.2,-1.8,0.7
1996-03,-0.1,-1.1,-1.1,-1.5,-1.1,-3.2,-3.1,-1.1,-0.4,0.6,-4.3,-1.9,-1.9,0.8,1.1,0.9,1.8,,3.4,0.6,0.1,3.4,2.0,0.0,0.8,-1.1,1.1,,,1.4,,,1.2,1.3,1.0,3.5,-0.6,-4.0,0.3,-1.2,0.6
1996-04,0.2,-0.6,-1.0,2.1,3.1,-3.2,-3.1,-1.2,-0.7,0.8,-4.2,-1.8,-1.5,0.8,1.1,1.0,1.6,,2.1,1.1,1.4,2.7,2.9,0.1,1.0,-0.5,1.2,,,1.6,,,1.2,1.0,3.6,2.1,0.5,-3.9,0.3,-0.3,0.5
1996-05,0.2,-0.8,-1.0,0.5,1.0,-3.2,-3.1,-1.1,-0.5,0.6,-3.5,-1.8,-1.6,0.7,1.2,1.1,1.6,,2.3,1.2,1.4,2.7,2.9,0.1,1.0,0.3,1.0,,,1.5,,,1.0,0.9,3.7,2.1,0.3,-4.1,0.2,-0.6,0.5
1996-06,0.0,-1.2,-1.0,-2.2,-2.1,-2.9,-2.9,-1.0,-0.4,0.9,-3.1,-1.9,-1.6,0.7,1.2,1.1,1.8,,2.3,1.1,1.4,2.7,2.9,0.1,1.0,0.2,1.0,,,1.5,,,1.1,0.8,3.7,2.1,0.3,-4.1,0.2,-1.1,0.6
1996-07,0.4,-0.2,-0.7,3.1,4.2,-3.1,-3.0,-1.0,-0.5,1.1,-2.9,-2.3,-0.4,0.7,1.2,1.2,1.8,,2.4,1.3,1.4,2.6,2.9,0.1,1.0,0.2,0.9,,,1.4,,,1.1,1.0,3.7,2.2,0.4,-4.0,0.4,0.2,0.8
1996-08,0.2,-0.6,-0.9,0.8,1.6,-3.4,-3.4,-1.1,-0.4,0.7,-3.0,-2.3,-0.4,0.6,1.2,1.2,1.8,,2.4,1.3,1.4,2.7,2.9,0.1,1.0,0.2,0.9,,,1.4,,,1.2,0.8,3.7,2.2,0.5,-4.0,0.1,-0.4,0.8
1996-09,0.0,-0.9,-0.8,-1.5,-1.2,-3.0,-2.9,-0.9,-0.1,1.0,-3.1,-2.1,-0.5,0.4,1.1,0.9,0.8,,2.4,1.4,1.4,0.1,2.9,0.1,1.1,0.3,1.0,,,1.5,,,1.1,0.9,3.6,2.0,0.4,-3.7,0.2,-0.8,0.2
1996-10,0.5,-0.1,-0.5,2.5,3.3,-1.3,-1.2,-0.7,0.0,1.2,-2.8,-2.0,-0.1,0.5,1.0,0.9,0.9,,2.3,1.4,1.4,0.1,2.9,0.1,1.0,0.3,0.9,,,1.4,,,1.1,0.9,3.4,2.0,0.4,-3.6,0.5,0.3,0.2
1996-11,0.5,0.0,-0.5,2.9,3.5,-0.4,-0.3,-0.6,0.1,1.4,-1.9,-1.9,0.0,0.4,1.1,0.9,0.8,,1.8,1.4,1.4,0.0,2.9,0.1,1.1,0.3,0.9,,,1.5,,,1.3,0.9,3.4,2.0,0.7,-3.4,0.5,0.4,0.2
1996-12,0.6,0.5,-0.2,5.0,6.0,0.0,0.0,-0.4,0.1,1.4,-0.7,-2.0,0.0,0.3,0.9,0.6,0.5,,1.5,1.4,1.4,-0.5,2.9,0.1,0.9,-0.6,0.9,,,1.6,,,1.1,0.9,3.4,2.0,0.4,-3.5,0.5,1.0,0.0
1997-01,0.6,0.2,0.0,2.3,2.6,0.6,0.5,-0.5,0.2,0.7,0.2,-1.9,2.1,0.6,0.9,0.7,0.2,,0.9,1.1,1.4,-0.7,2.9,0.1,1.2,1.2,1.0,,,1.7,,,0.7,0.5,3.3,2.0,-0.5,-3.5,0.0,0.8,0.7
1997-02,0.6,0.2,0.0,2.1,2.4,0.4,0.3,-0.4,0.1,0.4,1.3,-1.9,2.1,0.6,0.9,0.7,0.2,,1.0,1.1,1.4,-0.6,2.9,0.1,1.0,0.3,0.9,,,1.6,,,1.0,0.5,3.3,2.0,0.4,-3.3,-0.2,0.9,0.7
1997-03,0.5,0.0,0.1,0.7,0.7,0.3,0.2,-0.4,0.0,0.8,1.8,-1.9,2.1,0.8,0.8,0.6,0.3,,0.8,1.1,1.4,-0.7,2.9,0.1,1.0,0.2,0.8,,,1.6,,,1.1,0.6,3.3,1.6,0.7,-3.2,0.1,0.5,0.6
1997-04,1.9,1.8,2.0,1.6,1.6,1.3,1.2,1.6,2.3,2.2,3.6,0.1,4.1,2.7,2.0,2.1,1.2,,0.7,0.9,0.4,1.3,1.9,1.6,2.2,3.0,0.9,,,1.6,,,2.7,2.5,1.9,2.2,3.4,-1.1,1.8,2.2,1.8
1997-05,1.9,1.8,2.1,0.9,0.9,0.9,0.9,1.6,2.2,2.4,3.3,0.1,5.1,2.5,2.0,2.1,0.9,,0.6,-0.6,0.4,1.5,1.9,1.6,2.3,3.0,1.0,,,1.7,,,2.7,2.6,1.9,2.2,3.2,-0.8,2.0,2.2,1.9
1997-06,2.2,2.4,2.2,4.5,5.2,0.7,0.7,1.6,2.3,2.2,2.7,0.3,5.4,2.5,2.0,2.1,0.9,,0.5,-0.2,0.4,1.4,1.9,1.6,2.3,3.2,1.1,,,1.7,,,2.7,2.7,1.8,2.2,3.2,-0.7,2.1,3.0,2.0
1997-07,1.9,1.7,2.1,0.3,0.3,0.7,0.6,1.7,2.5,2.0,2.3,0.7,4.8,2.6,2.0,2.1,0.9,,0.5,-0.3,0.4,1.5,1.9,1.7,2.3,3.3,1.0,,,1.6,,,2.9,2.7,1.8,2.2,3.4,-0.6,1.9,2.0,2.0
1997-08,2.1,2.1,2.2,2.7,3.1,0.6,0.5,1.7,2.5,2.3,2.1,0.7,4.8,3.0,2.0,2.1,0.9,,0.4,-0.2,0.4,1.6,1.9,1.6,2.3,3.3,0.9,,,1.6,,,2.8,2.8,1.9,2.2,3.4,-0.6,2.1,2.6,1.9
1997-09,2.4,2.2,2.3,2.6,3.1,0.0,-0.1,1.8,2.3,2.7,2.1,0.6,4.8,2.9,2.6,3.1,4.2,,0.4,-0.3,30.9,1.5,1.9,1.6,2.2,2.7,0.8,,,1.5,,,2.8,2.8,1.9,2.3,3.4,-0.5,2.5,2.5,4.3
1997-10,2.5,2.1,1.9,3.1,4.1,-3.5,-3.6,1.6,2.1,2.7,1.2,0.6,4.4,3.0,2.9,3.4,4.2,,0.5,-0.3,30.9,1.5,1.9,1.6,2.5,3.4,0.7,,,1.5,,,3.2,2.9,1.9,2.3,4.2,-0.5,2.4,2.4,4.1
1997-11,2.1,1.5,1.8,-0.4,0.3,-5.0,-5.2,1.5,2.1,2.8,0.1,0.6,4.3,3.0,2.7,3.2,4.3,,0.5,-0.2,30.9,1.6,1.9,1.6,2.3,3.4,0.7,,,1.4,,,2.8,2.8,2.0,2.3,3.1,-0.6,2.5,1.5,4.1
1997-12,1.8,0.7,1.6,-4.6,-4.4,-5.6,-5.8,1.4,2.1,3.0,-1.4,0.7,4.3,3.0,2.8,3.3,4.4,,0.5,-0.2,30.9,1.9,1.9,1.6,2.3,3.7,0.6,,,1.4,,,2.8,2.8,2.0,2.3,3.3,-0.5,2.6,0.4,4.3
1998-01,1.8,1.2,1.3,-0.6,0.3,-5.7,-5.9,1.2,2.0,2.4,-2.4,0.8,3.4,2.7,2.7,3.1,4.5,,0.7,-0.1,30.9,1.9,1.9,1.6,2.1,2.8,0.6,,,1.5,,,2.6,2.7,2.0,2.3,3.0,-0.2,2.1,1.1,3.9
1998-02,1.9,1.2,1.0,1.5,2.7,-5.8,-6.0,1.2,2.0,2.8,-3.9,0.8,0.8,2.5,2.6,3.0,4.1,,0.6,-0.1,30.9,1.0,1.9,1.6,2.1,2.9,0.7,,,1.4,,,2.6,2.5,2.0,2.3,3.0,-0.2,2.5,1.1,2.9
1998-03,2.2,1.9,1.0,5.4,7.4,-5.9,-6.1,1.1,2.1,2.7,-5.1,0.9,0.8,2.6,2.5,2.9,4.1,,0.6,0.0,30.9,1.1,1.9,1.6,2.1,2.5,0.8,,,1.5,,,2.5,2.4,2.1,2.4,2.9,-0.2,2.5,2.0,2.9
1998-04,0.4,-0.5,-0.9,0.8,2.1,-6.8,-7.0,-0.7,0.1,1.4,-7.4,-1.1,-1.4,0.7,1.3,1.4,2.8,,-3.9,-0.1,29.3,-0.4,2.1,-0.1,0.7,0.3,0.6,,,1.0,,,0.7,0.5,2.4,1.8,-0.2,-2.3,1.0,-0.6,1.4
1998-05,0.5,0.0,-1.1,4.4,6.4,-6.7,-6.8,-0.8,0.0,1.0,-7.8,-1.1,-2.3,1.0,1.1,1.2,2.9,,-4.7,0.5,29.3,-0.6,2.1,-0.1,0.6,0.2,0.4,,,0.9,,,0.7,0.4,2.4,1.8,-0.3,-2.4,0.7,0.1,1.2
1998-06,0.1,-0.7,-1.1,0.4,1.5,-6.3,-6.5,-0.8,0.0,1.2,-7.6,-1.1,-2.6,0.9,1.0,1.1,2.6,,-4.8,-0.3,29.3,-0.6,2.1,-0.1,0.5,0.2,0.4,,,0.7,,,0.5,0.3,2.4,1.8,-0.5,-2.2,0.8,-0.9,1.0
1998-07,-0.1,-1.1,-1.3,-1.4,-0.6,-5.8,-6.0,-1.0,0.0,0.8,-7.2,-1.4,-3.1,0.7,0.9,1.0,2.6,,-5.0,-0.3,29.3,-0.7,2.1,-0.2,0.4,-0.4,0.4,,,0.7,,,0.4,0.3,2.4,1.8,-0.9,-2.3,0.3,-1.3,0.8
1998-08,-0.3,-1.5,-1.1,-4.1,-3.7,-5.7,-5.8,-0.8,-0.2,1.3,-6.7,-1.2,-3.0,0.3,0.9,1.0,2.7,,-5.0,-0.4,29.3,-0.7,2.1,-0.1,0.4,0.1,0.4,,,0.7,,,0.3,0.2,2.3,1.8,-1.1,-2.0,0.7,-2.1,0.9
1998-09,-0.2,-0.7,-1.2,1.2,2.1,-4.6,-4.7,-0.9,0.0,0.5,-6.4,-1.2,-3.0,0.5,0.2,0.0,-0.6,,-5.1,-0.4,-0.8,-0.6,2.1,-0.1,0.4,0.6,0.3,,,0.6,,,0.3,0.2,2.3,1.7,-1.0,-2.0,0.2,-0.7,-1.5
1998-10,0.2,0.5,-0.9,7.7,8.7,1.5,1.5,-0.8,0.2,0.5,-5.9,-1.2,-3.6,0.4,0.0,-0.2,-0.7,,-5.6,-0.4,-0.8,-0.7,2.1,-0.1,0.2,-0.1,0.3,,,0.5,,,0.2,0.2,2.3,1.7,-1.1,-2.0,0.1,1.0,-1.6
1998-11,0.8,1.6,-0.7,15.1,17.1,3.4,3.6,-0.8,0.3,-0.1,-5.6,-1.2,-3.6,0.3,0.0,-0.1,-0.8,,-5.4,-0.5,-0.8,-0.7,2.1,-0.1,0.2,-0.1,0.2,,,0.4,,,0.3,0.2,2.2,1.7,-0.7,-1.9,-0.3,2.6,-1.5
1998-12,0.6,1.3,-0.5,11.9,13.4,3.7,3.9,-0.5,0.4,-0.3,-5.2,-0.5,-3.6,0.5,-0.1,-0.1,-0.7,,-5.7,-0.5,-0.8,-0.7,2.1,-0.1,0.2,-0.1,0.2,,,0.3,,,0.3,0.1,2.2,1.7,-0.8,-1.6,-0.3,2.1,-1.4
1999-01,0.2,0.4,-0.4,4.8,5.0,3.6,3.8,-0.3,0.6,0.6,-5.0,-0.6,-3.2,0.3,0.0,0.0,-0.6,,-5.6,-0.6,-0.8,-0.4,2.1,-0.1,0.1,0.3,0.0,,,0.0,,,0.2,0.1,2.3,1.7,-1.1,-1.6,0.2,0.7,-1.1
1999-02,-0.1,0.0,-0.1,1.4,0.9,3.9,4.1,-0.4,0.6,0.1,-4.5,-0.7,-0.8,0.3,-0.1,-0.1,-0.3,,-5.7,-0.6,-0.8,0.2,2.1,-0.1,0.0,0.2,-0.2,,,-0.1,,,0.2,0.1,2.3,1.7,-1.3,-1.6,-0.1,0.2,-0.4
1999-03,-0.4,-0.8,-0.2,-2.4,-3.3,4.1,4.4,-0.3,0.6,-0.2,-3.7,-0.7,-0.8,0.3,0.1,0.1,-0.4,,-5.9,-0.7,-0.8,0.2,2.1,-0.1,0.1,0.7,-0.2,,,0.0,,,0.2,0.0,2.2,1.7,-1.1,-1.6,-0.5,-0.7,-0.4
1999-04,-0.1,-0.3,-0.3,0.3,-0.3,4.0,4.1,-0.3,0.5,-0.1,-3.1,-0.7,-1.7,0.3,0.0,-0.1,-0.1,,-0.6,-1.0,0.8,0.0,1.4,0.0,0.1,0.2,-0.2,,,0.2,,,-0.1,-0.1,0.4,1.3,-1.5,-1.5,-0.4,-0.1,-0.4
1999-05,-0.4,-0.9,-0.1,-3.3,-4.3,3.8,3.9,-0.2,0.6,-0.1,-2.6,-0.5,-1.7,0.2,0.1,0.1,0.2,,0.2,-0.2,0.8,0.1,1.4,0.0,0.0,0.2,-0.2,,,0.1,,,-0.1,-0.2,0.3,1.4,-1.2,-1.2,-0.4,-1.0,-0.3
1999-06,-0.3,-0.8,-0.2,-3.2,-4.2,3.0,3.2,-0.2,0.5,-0.3,-1.6,-0.5,-1.7,0.2,0.2,0.2,0.4,,1.2,0.2,0.8,0.1,1.4,0.0,0.1,0.2,-0.1,,,0.2,,,0.1,-0.3,0.3,1.4,-0.5,-1.3,-0.6,-0.9,-0.2
1999-07,-0.1,-0.3,-0.1,-0.2,-0.7,2.5,2.6,-0.1,0.5,-0.2,-0.7,-0.5,-2.1,0.1,0.2,0.2,-0.1,,1.4,0.2,-2.5,0.2,1.4,0.0,0.2,0.7,-0.2,,,0.2,,,0.1,-0.4,0.3,1.4,-0.3,-1.2,-0.5,-0.2,-0.5
1999-08,0.3,0.5,-0.2,3.9,4.1,2.6,2.7,0.0,0.7,-0.2,0.2,-0.6,-2.2,0.3,0.1,0.1,-0.2,,1.3,0.2,-2.5,0.2,1.4,0.0,0.1,0.2,-0.2,,,0.2,,,0.1,-0.4,0.3,1.4,-0.6,-1.4,-0.5,1.0,-1.3
1999-09,-0.2,-0.3,-0.2,-0.7,-1.0,1.8,1.8,-0.1,0.4,-0.4,1.2,-0.6,-2.2,0.4,0.1,0.0,-0.2,,1.4,0.2,-2.5,0.0,1.4,0.0,0.1,0.2,-0.1,,,0.1,,,0.1,-0.4,0.3,1.4,-0.5,-1.6,-0.6,-0.1,-1.3
1999-10,-0.7,-1.4,-0.2,-7.1,-7.8,-2.5,-2.5,0.0,0.3,-0.2,2.4,-0.8,-1.0,0.5,0.0,0.0,-0.2,,1.4,0.2,-2.5,0.0,1.4,0.0,0.1,0.2,-0.1,,,0.2,,,0.1,-0.5,0.3,1.4,-0.5,-1.5,-0.5,-1.6,-1.0
1999-11,-1.2,-2.3,-0.4,-12.3,-13.5,-4.0,-4.1,0.0,0.1,-0.4,3.5,-0.7,-1.0,0.4,0.1,-0.1,-0.2,,0.3,0.2,-2.5,0.0,1.4,0.0,0.1,0.2,0.0,,,0.2,,,0.0,-0.5,0.3,1.4,-0.6,-1.5,-0.6,-2.9,-1.1
1999-12,-1.1,-2.4,-0.6,-11.6,-12.9,-4.3,-4.4,-0.3,0.0,-0.4,4.4,-1.4,-1.1,0.4,0.2,0.1,-0.1,,0.0,0.2,-2.5,0.3,1.4,0.0,0.3,0.8,0.0,,,0.3,,,0.0,-0.5,0.3,1.4,-0.7,-1.9,-0.7,-2.8,-1.2
2000-01,-0.9,-1.9,-0.6,-8.3,-9.0,-4.1,-4.3,-0.4,-0.4,-0.6,4.6,-1.4,-0.3,0.3,0.1,0.0,-0.3,,-0.2,0.3,-2.5,-0.4,1.4,0.0,0.2,0.3,0.1,,,0.3,,,0.2,-0.5,0.2,1.4,-0.2,-2.4,-0.8,-2.1,-1.0
2000-02,-0.6,-1.5,-0.6,-6.7,-7.1,-4.0,-4.3,-0.4,-0.3,-0.4,4.9,-1.6,-0.3,0.4,0.2,0.0,-0.3,,-0.1,0.3,-2.5,-0.6,1.4,0.0,0.4,0.3,0.2,,,0.7,,,0.0,-0.5,0.2,1.4,-0.2,-2.5,-0.6,-1.6,-0.9
2000-03,-0.5,-0.9,-0.6,-3.3,-3.2,-4.1,-4.3,-0.5,-0.4,-0.7,5.6,-1.8,-0.3,0.2,-0.1,-0.3,-0.1,,0.1,0.3,-2.5,0.0,1.4,0.0,0.2,-1.1,-0.1,,,0.4,,,0.1,-0.5,0.3,1.3,0.7,-2.8,-0.7,-0.7,-0.7
2000-04,-0.8,-1.2,-0.4,-5.7,-5.9,-3.9,-4.2,-0.5,-0.4,-1.0,6.7,-1.8,1.4,0.2,-0.3,-0.5,-0.7,,-0.7,0.6,-3.2,-1.0,1.5,-0.5,0.0,-1.3,-0.1,,,0.3,,,0.0,-0.4,3.6,1.0,0.8,-2.7,-1.1,-1.0,-0.6
2000-05,-0.7,-1.4,-0.5,-6.8,-7.4,-3.6,-4.2,-0.5,-0.4,-0.8,7.0,-2.3,1.4,0.2,0.1,-0.2,-0.7,,0.4,0.6,-3.2,-1.0,1.5,-0.5,0.5,-1.3,-0.1,,,0.7,,,0.8,-0.3,3.6,0.9,2.5,-3.1,-1.0,-1.3,-0.5
2000-06,-0.7,-1.2,-0.5,-5.2,-5.5,-3.0,-3.5,-0.5,-0.6,-0.8,6.9,-2.6,1.4,0.1,-0.2,-0.5,-0.8,,-0.4,0.7,-3.2,-1.2,1.5,-0.6,0.2,-1.1,-0.3,,,0.6,,,-0.1,-0.2,3.6,0.9,0.2,-3.4,-0.9,-0.9,-0.6
2000-07,-0.5,-0.9,-0.4,-4.3,-4.4,-3.2,-3.6,-0.6,-0.7,-0.7,6.3,-2.6,2.7,0.4,-0.1,-0.4,-0.2,,-0.4,0.6,0.2,-1.2,1.5,-0.8,0.4,-1.3,-0.1,,,0.6,,,-0.1,-0.1,3.6,0.9,2.6,-3.4,-0.8,-0.5,-0.2
2000-08,-0.8,-1.4,-0.5,-6.5,-6.9,-3.5,-4.0,-0.8,-0.9,-0.8,5.7,-2.8,2.7,0.2,-0.1,-0.3,0.0,,-0.4,0.6,0.2,-0.7,1.5,-0.8,0.9,-1.1,-0.2,,,0.4,,,-0.1,-0.2,3.6,0.9,5.9,-3.5,-0.9,-1.2,0.7
2000-09,-0.8,-1.5,-0.8,-5.6,-5.9,-3.9,-4.1,-1.0,-0.7,-2.2,4.8,-3.1,2.7,0.2,-0.2,-0.4,-0.3,,-0.2,0.6,0.2,-1.2,1.5,-0.6,0.4,-1.4,-0.2,,,0.5,,,0.0,-0.1,3.6,0.9,2.2,-3.4,-1.8,-1.1,0.6
2000-10,-0.9,-1.6,-1.0,-5.6,-5.7,-3.7,-4.3,-0.9,-0.7,-2.1,5.8,-3.4,0.1,0.0,-0.2,-0.5,-0.6,,0.1,0.8,0.2,-1.9,1.5,-0.5,0.0,-1.4,-0.2,,,0.5,,,-0.1,-0.1,3.6,0.9,-0.4,-3.3,-1.8,-1.3,-0.1
2000-11,-0.5,-0.9,-0.9,-1.9,-1.4,-4.0,-4.8,-0.8,-0.7,-1.9,5.8,-3.5,0.1,0.2,-0.2,-0.5,-0.5,,1.0,0.8,0.2,-2.0,1.5,-0.4,0.0,-1.4,-0.2,,,0.7,,,0.0,-0.2,3.6,0.9,-0.9,-3.4,-1.7,-0.4,-0.2
2000-12,-0.2,-0.2,-0.9,2.6,3.9,-4.0,-4.6,-0.9,-0.7,-2.0,5.5,-3.6,0.2,0.1,-0.1,-0.4,-0.4,,1.4,0.8,0.2,-2.0,1.5,-0.4,0.1,-1.4,-0.3,,,0.4,,,0.1,-0.1,3.6,0.9,0.8,-3.4,-1.8,0.6,-0.2
2001-01,-0.3,-0.4,-1.4,4.9,6.3,-4.1,-4.2,-1.6,-0.8,-1.8,5.5,-3.7,-0.3,0.2,-0.1,-0.4,-0.2,,1.7,0.7,3.0,-2.1,1.5,-0.5,-0.1,-1.4,-0.3,,,0.4,,,-0.1,0.0,3.6,0.9,-1.1,-7.4,-1.6,1.0,-0.2
2001-02,-0.3,-0.5,-1.4,4.9,6.3,-4.2,-4.3,-1.6,-0.9,-2.0,5.2,-3.7,-0.4,0.2,-0.2,-0.4,-0.2,,1.6,0.7,3.0,-1.9,1.5,-0.5,-0.3,-1.3,-0.3,,,0.3,,,-0.3,-0.1,3.6,0.9,-1.4,-7.3,-1.7,0.9,-0.2
2001-03,-0.7,-1.2,-1.5,0.5,1.2,-4.3,-4.3,-1.8,-0.7,-2.8,4.5,-3.6,-0.4,0.2,-0.2,-0.4,-0.7,,1.6,0.7,3.0,-3.1,1.5,-0.5,0.0,-0.2,-0.2,,,0.3,,,-0.3,0.0,3.5,1.0,-1.6,-7.2,-2.1,0.0,-0.6
2001-04,-0.7,-1.4,-1.6,-0.6,0.0,-4.2,-4.3,-1.9,-0.9,-2.5,3.5,-3.7,-0.4,0.3,0.1,-0.2,-0.2,,1.7,1.7,2.3,-2.6,1.4,0.2,0.3,-0.2,-0.2,,,0.9,,,-0.2,0.0,0.4,1.0,-1.2,-7.4,-1.8,-0.4,-0.3
2001-05,-0.7,-1.2,-1.7,1.3,2.1,-4.2,-4.3,-1.8,-1.0,-2.3,2.9,-3.5,-0.3,0.3,-0.3,-0.5,-0.6,,0.3,1.7,2.3,-3.4,1.4,0.2,-0.1,-0.2,-0.3,,,0.4,,,-0.6,-0.1,0.4,1.0,-2.2,-7.1,-1.6,-0.2,-0.6
2001-06,-0.8,-1.5,-1.6,-0.9,-0.4,-4.3,-4.3,-1.9,-0.9,-2.3,2.2,-3.5,-0.3,0.3,-0.1,-0.2,-0.4,,-0.1,2.9,2.3,-3.4,1.4,0.3,0.1,-0.5,-0.3,,,0.4,,,0.0,-0.1,0.4,1.0,-0.5,-7.2,-1.6,-0.6,-0.4
2001-07,-0.8,-1.6,-1.7,-0.8,-0.4,-3.9,-4.0,-1.9,-0.9,-2.4,1.9,-3.6,-1.2,0.3,-0.1,-0.3,-0.2,,-0.2,2.9,2.3,-3.2,1.4,0.2,0.1,-0.3,-0.3,,,0.6,,,-0.2,-0.2,0.4,1.0,-1.1,-7.3,-1.6,-0.7,-0.5
2001-08,-0.7,-1.3,-1.7,1.1,1.8,-3.3,-3.4,-1.9,-0.8,-2.8,1.5,-3.4,-1.2,0.3,-0.1,-0.3,-0.2,,-0.2,2.9,2.3,-3.1,1.4,0.0,0.0,-0.7,-0.2,,,0.6,,,-0.1,-0.1,0.4,1.0,-0.8,-7.1,-1.8,-0.3,-0.5
2001-09,-0.8,-1.5,-1.6,-1.0,-0.7,-2.4,-2.6,-1.8,-0.9,-2.0,1.2,-3.2,-1.1,0.2,-0.1,-0.3,-0.4,,-0.3,2.9,2.3,-3.3,1.4,0.1,0.0,-0.4,-0.2,,,0.6,,,-0.4,-0.2,0.3,1.0,-1.4,-6.6,-1.3,-0.8,-0.5
2001-10,-0.8,-1.6,-1.5,-1.2,-1.1,-1.0,-1.1,-2.1,-1.3,-2.5,-0.8,-2.9,1.5,0.3,0.1,-0.1,0.1,,-0.6,3.8,2.3,-2.7,1.4,0.2,0.1,-0.5,-0.3,,,0.7,,,-0.2,-0.2,0.3,1.0,-0.9,-6.1,-1.7,-0.8,0.4
2001-11,-1.0,-2.1,-1.6,-3.9,-4.4,-0.3,-0.2,-2.3,-1.2,-2.5,-2.3,-3.1,1.5,0.4,0.0,-0.2,0.0,,-0.6,3.8,2.3,-2.6,1.4,-2.2,0.0,-0.5,-0.3,,,0.4,,,-0.3,-0.1,0.3,1.0,-1.2,-6.3,-1.8,-1.5,0.4
2001-12,-1.2,-2.6,-1.8,-6.3,-7.3,-0.2,-0.2,-2.5,-1.3,-2.9,-3.7,-3.1,1.5,0.6,0.0,-0.2,0.1,,-0.4,3.8,2.3,-2.4,1.4,-2.2,0.1,-0.5,-0.2,,,0.7,,,-0.2,-0.2,0.3,1.0,-0.9,-6.0,-2.2,-2.2,0.4
2002-01,-1.4,-2.8,-1.9,-6.9,-7.8,-0.1,-0.2,-2.5,-1.2,-3.1,-4.4,-3.1,1.0,0.3,0.0,-0.2,-0.2,,-0.5,3.8,0.0,-2.2,1.4,-2.2,0.1,-0.5,-0.2,,,0.8,,,0.0,-0.3,0.3,1.0,-0.5,-5.9,-2.3,-2.4,0.1
2002-02,-1.6,-3.1,-1.9,-8.9,-10.2,-0.3,-0.3,-2.5,-1.3,-3.1,-4.6,-3.1,1.1,0.3,0.1,-0.1,-0.1,,-0.4,3.8,0.0,-2.0,1.4,-2.2,0.2,0.2,-0.2,,,0.7,,,-0.3,-0.2,0.3,1.0,-1.1,-5.8,-2.2,-2.9,0.2
2002-03,-1.2,-2.6,-1.8,-6.4,-7.3,-0.1,-0.2,-2.3,-1.2,-2.6,-4.5,-3.1,1.0,0.1,0.2,0.0,0.2,,-0.5,3.8,0.0,-1.2,1.4,-2.2,0.2,0.3,-0.3,,,0.7,,,-0.2,-0.3,0.3,1.0,-0.8,-5.8,-1.9,-2.4,0.4
2002-04,-1.1,-2.1,-1.9,-2.6,-3.0,-0.2,-0.1,-2.1,-1.1,-2.3,-4.0,-2.9,-1.2,0.1,0.0,-0.2,-0.2,,-0.7,2.7,-1.8,-1.0,1.5,-2.1,0.0,-0.1,-0.2,,,0.3,,,-0.1,-0.4,0.0,1.0,-0.6,-5.5,-1.7,-1.7,-0.5
2002-05,-0.9,-1.7,-1.7,-0.7,-0.8,0.1,0.0,-2.1,-1.0,-2.8,-2.4,-2.8,-1.3,0.1,-0.1,-0.1,0.1,,-0.8,2.7,-1.8,-0.2,1.5,-2.1,-0.2,0.5,-0.2,,,0.0,,,-0.5,-0.3,0.0,1.1,-1.7,-5.1,-2.2,-1.1,-0.2
2002-06,-0.7,-1.4,-1.7,1.3,1.5,-0.1,-0.1,-2.1,-1.2,-2.9,-2.0,-2.6,-1.3,0.2,0.0,0.0,-0.1,,-0.6,1.4,-1.8,0.0,1.5,-2.2,0.0,0.4,-0.2,,,0.0,,,-0.1,-0.3,0.0,1.1,-0.6,-4.6,-2.1,-0.7,-0.4
2002-07,-0.8,-1.5,-1.8,1.3,1.7,-0.2,-0.2,-2.1,-1.2,-2.9,-2.4,-2.5,-1.6,0.1,0.0,0.0,-0.3,,-0.4,1.4,-1.8,-0.3,1.5,-2.4,0.0,0.5,-0.2,,,-0.1,,,0.0,-0.2,0.0,1.1,-0.5,-4.5,-2.2,-0.9,-0.6
2002-08,-0.9,-1.6,-1.8,0.5,0.8,-0.7,-0.7,-2.3,-1.4,-2.7,-2.9,-2.7,-1.6,0.2,0.0,0.0,-0.1,,-0.5,1.4,-1.8,0.0,1.5,-2.2,0.0,0.2,-0.2,,,-0.1,,,0.0,-0.2,0.1,1.0,-0.5,-4.8,-2.0,-1.1,-0.5
2002-09,-0.7,-1.5,-1.7,1.5,1.8,-0.8,-0.8,-2.1,-1.2,-2.5,-2.9,-2.6,-2.0,0.2,0.0,0.0,-0.1,,-0.5,1.4,-1.8,-0.2,1.5,-2.2,0.0,0.2,-0.2,,,-0.1,,,0.1,-0.3,0.2,1.0,-0.2,-4.8,-2.0,-0.8,-0.7
2002-10,-0.9,-1.7,-1.8,-0.3,-0.3,-0.9,-1.0,-1.9,-0.8,-2.4,-2.6,-2.6,-3.4,0.3,-0.1,0.0,0.0,,-0.3,0.3,1.2,-0.1,1.5,-2.2,-0.1,0.3,-0.3,,,-0.2,,,0.0,-0.3,0.2,1.0,-0.3,-4.6,-1.9,-1.3,-0.8
2002-11,-0.4,-0.7,-1.6,5.8,6.9,-0.7,-0.8,-1.8,-0.9,-2.5,-1.3,-2.5,-3.4,0.2,0.0,0.1,0.2,,-0.3,0.3,1.2,-0.2,1.5,0.2,0.0,0.3,-0.3,,,-0.2,,,0.1,-0.3,0.2,1.0,-0.2,-4.4,-1.9,0.0,-0.8
2002-12,-0.3,-0.5,-1.5,5.9,7.0,-0.6,-0.7,-1.5,-0.9,-2.1,-0.2,-2.5,-3.4,0.0,0.1,0.2,0.2,,-0.4,0.3,1.2,-0.2,1.5,0.2,0.0,0.3,-0.3,,,-0.1,,,0.1,-0.3,0.1,1.0,-0.1,-4.4,-1.4,0.2,-0.7
2003-01,-0.4,-0.9,-1.5,3.5,4.1,-0.7,-0.8,-1.6,-0.9,-2.6,0.7,-2.4,-3.4,0.1,0.1,0.1,0.3,,-0.4,0.3,1.2,-0.1,1.5,0.2,0.0,0.3,-0.4,,,-0.1,,,-0.2,-0.4,0.3,1.0,-0.8,-4.4,-1.7,-0.3,-0.7
2003-02,-0.2,-0.4,-1.5,5.5,6.6,-0.5,-0.7,-1.4,-0.8,-2.4,1.8,-2.3,-3.4,0.1,0.0,0.1,0.2,,-0.7,0.3,1.2,-0.2,1.5,0.2,0.0,-0.4,-0.4,,,-0.1,,,0.3,-0.4,0.3,1.0,0.3,-4.4,-1.6,0.3,-0.8
2003-03,-0.1,-0.3,-1.3,5.6,6.7,-0.7,-0.8,-1.4,-1.1,-2.0,3.7,-2.2,-3.3,0.3,0.0,0.1,0.3,,-0.6,0.3,1.2,0.0,1.5,0.2,0.0,-0.4,-0.3,,,-0.1,,,0.3,-0.4,0.3,0.9,0.3,-4.3,-1.4,0.5,-0.6
2003-04,-0.1,-0.4,-1.0,3.7,4.4,-0.7,-0.9,-1.3,-1.0,-2.3,4.5,-2.3,-1.3,0.1,0.3,0.5,1.7,,-1.0,0.1,10.6,0.0,1.5,0.1,-0.2,-0.1,-0.3,,,0.0,,,-0.4,-0.3,0.8,0.3,-0.9,-4.3,-1.5,0.4,0.9
2003-05,-0.2,-0.8,-1.1,2.0,2.4,-0.5,-0.5,-1.3,-1.0,-2.2,2.8,-2.3,-1.3,0.1,0.4,0.4,1.7,,-0.2,0.1,10.6,-0.1,1.5,0.0,0.0,-0.6,-0.2,,,0.3,,,-0.2,-0.3,0.9,0.2,-0.5,-4.4,-1.4,-0.1,0.8
2003-06,-0.4,-1.1,-1.2,0.3,0.5,-0.3,-0.5,-1.5,-1.0,-2.2,1.8,-2.3,-1.3,-0.1,0.4,0.4,1.7,,-0.3,0.1,10.4,0.0,1.5,0.1,-0.1,-0.5,-0.2,,,0.3,,,-0.3,-0.3,0.9,0.2,-0.6,-4.5,-1.6,-0.6,0.9
2003-07,-0.2,-0.9,-0.9,-0.4,-0.4,-0.2,-0.3,-1.1,-0.9,-2.2,1.7,-1.7,-0.7,0.2,0.6,0.7,1.9,,-0.2,0.1,10.4,0.4,1.5,0.0,0.1,-0.3,-0.2,,,0.3,,,0.1,-0.3,0.9,0.2,0.3,-4.3,-1.6,-0.3,1.4
2003-08,-0.3,-1.2,-1.0,-2.2,-2.5,0.0,-0.2,-1.1,-0.9,-2.4,2.3,-1.5,-0.7,0.3,0.6,0.7,1.6,,-0.4,-0.5,10.4,0.3,1.5,0.0,0.2,0.2,-0.3,,,0.3,,,0.1,-0.4,0.9,0.3,0.4,-4.0,-1.6,-0.7,1.3
2003-09,-0.2,-0.8,-0.8,-0.4,-0.7,1.2,1.2,-0.9,-0.9,-1.9,2.6,-1.5,-0.4,0.2,0.5,0.6,1.6,,-0.4,-0.5,10.4,0.0,1.5,0.1,0.1,0.2,-0.3,,,0.2,,,0.1,-0.3,0.9,0.3,0.3,-3.9,-1.0,-0.3,1.3
2003-10,0.0,-0.5,-0.4,1.0,-0.6,11.5,11.9,-1.0,-0.9,-2.0,2.0,-1.4,0.5,0.0,0.4,0.5,1.3,,-0.3,-0.5,7.2,0.2,1.5,0.1,0.1,0.2,-0.2,,,0.1,,,0.1,-0.3,1.0,0.3,0.1,-4.1,-1.1,0.1,1.2
2003-11,-0.5,-1.3,-0.5,-3.6,-6.6,17.2,17.7,-1.0,-0.9,-1.9,1.2,-1.6,0.5,0.1,0.3,0.4,1.3,,-0.2,-0.5,7.2,0.3,1.5,0.1,0.0,0.2,-0.2,,,0.2,,,-0.2,-0.3,0.9,0.3,-0.7,-4.0,-1.1,-0.9,1.3
2003-12,-0.4,-0.9,-0.3,-1.4,-4.7,20.1,20.7,-1.0,-0.8,-1.7,1.0,-1.5,0.5,0.1,0.2,0.3,1.3,,-0.3,-0.5,7.2,0.2,1.5,0.1,-0.1,0.2,-0.2,,,0.0,,,-0.4,-0.3,1.1,0.3,-1.1,-4.2,-1.2,-0.5,1.3
2004-01,-0.3,-0.6,-0.3,1.1,-2.2,23.9,24.5,-1.2,-0.9,-2.0,0.4,-1.6,0.4,0.3,0.1,0.2,1.0,,-0.3,-1.8,7.2,0.3,1.5,0.1,-0.2,0.2,-0.2,,,-0.1,,,-0.5,-0.2,0.8,0.3,-1.3,-4.1,-1.3,0.0,1.1
2004-02,0.0,-0.2,-0.2,3.6,0.5,24.5,25.2,-1.2,-0.7,-1.5,-0.2,-1.5,0.4,0.4,0.2,0.1,0.8,,-0.3,-2.3,7.2,0.1,1.5,0.1,-0.1,0.6,-0.2,,,0.1,,,-0.5,-0.2,0.9,0.3,-1.4,-4.0,-1.0,0.5,1.0
2004-03,-0.1,-0.4,-0.3,2.8,-0.1,22.4,22.9,-1.2,-0.7,-1.3,-1.6,-1.7,0.4,0.2,0.2,0.3,0.8,,-0.3,-2.3,7.2,0.2,1.5,0.1,-0.1,0.7,-0.3,,,0.1,,,-0.5,-0.2,0.8,0.2,-1.1,-4.1,-1.0,0.2,1.0
2004-04,-0.4,-0.8,-0.4,0.4,-2.4,19.2,19.5,-1.2,-0.7,-1.2,-1.1,-1.7,-0.5,0.7,-0.1,-0.2,-0.9,,-0.1,-2.8,-1.3,-0.1,1.0,-0.1,0.2,1.4,-0.3,,,0.0,,,0.0,-0.1,0.6,0.7,-0.4,-4.2,-0.9,-0.4,-0.4
2004-05,-0.5,-0.8,-0.5,-0.1,-2.4,16.9,17.1,-1.3,-0.8,-0.8,-0.4,-2.0,-0.5,0.6,-0.1,-0.1,-0.9,,-0.6,-2.8,-1.3,0.0,1.0,0.0,0.1,1.3,-0.4,,,-0.2,,,0.1,-0.1,0.6,0.7,-0.2,-4.2,-0.7,-0.4,-0.4
2004-06,0.0,0.1,-0.1,3.9,2.1,15.6,15.8,-0.7,-0.7,-0.7,3.7,-1.8,-0.5,0.6,-0.1,-0.2,-0.9,,-0.6,-3.0,-1.2,0.0,1.0,0.0,0.1,1.3,-0.4,,,-0.2,,,0.0,-0.1,0.6,0.7,-0.6,-4.2,-0.6,0.9,-0.5
2004-07,-0.1,-0.1,-0.2,3.4,1.5,14.4,14.6,-0.8,-0.6,-0.9,4.8,-2.4,-0.5,0.3,-0.2,-0.2,-0.8,,-0.7,-2.8,-1.2,0.0,1.0,0.0,0.0,1.0,-0.4,,,-0.3,,,-0.1,-0.1,0.6,0.7,-0.6,-4.3,-0.9,0.6,-0.7
2004-08,-0.2,-0.2,-0.1,1.9,0.2,13.4,13.6,-0.7,-0.6,-0.2,4.9,-2.4,-0.5,0.4,-0.3,-0.2,-0.8,,-0.5,-2.1,-1.2,-0.4,1.0,0.0,-0.1,1.0,-0.4,,,-0.4,,,-0.1,0.0,0.5,0.7,-0.8,-4.3,-0.4,0.3,-0.7
2004-09,0.0,0.1,0.1,2.3,1.3,9.0,8.9,-0.3,-0.5,0.1,8.4,-2.4,-0.5,0.3,-0.2,-0.1,-0.7,,-0.6,-2.1,-1.2,0.1,1.0,-0.1,0.0,1.0,-0.4,,,-0.3,,,0.0,-0.1,0.5,0.7,-0.5,-4.2,-0.4,0.8,-0.6
2004-10,0.5,1.1,-0.1,8.1,10.4,-5.8,-6.2,-0.1,-0.5,0.7,9.2,-2.3,-0.9,0.5,-0.1,-0.1,-0.8,,-0.7,-2.1,-1.2,0.0,1.0,-0.1,0.1,0.8,-0.4,,,-0.1,,,0.1,-0.1,0.5,0.7,-0.1,-3.8,0.0,2.1,-0.7
2004-11,0.8,2.0,0.1,12.7,17.3,-11.9,-12.6,0.1,-0.4,1.2,10.8,-2.1,-0.9,0.4,-0.4,-0.5,-1.7,,-0.8,-2.1,-1.2,-2.4,1.0,-0.1,0.0,0.8,-0.4,,,-0.1,,,0.0,0.0,0.7,0.7,-0.4,-3.7,0.3,3.2,-1.4
2004-12,0.2,0.7,-0.1,4.6,8.2,-15.1,-15.7,0.1,-0.3,0.7,10.6,-2.1,-0.9,0.6,-0.3,-0.5,-1.6,,-0.7,-2.1,-1.2,-2.0,1.0,-0.1,0.0,0.8,-0.4,,,-0.1,,,0.0,-0.1,0.6,0.7,-0.3,-3.6,0.2,1.5,-1.3
2005-01,-0.1,0.3,-0.2,1.4,5.1,-18.4,-18.8,0.2,-0.3,1.1,9.8,-1.9,-1.3,0.5,-0.4,-0.6,-2.0,,-0.8,-0.8,-1.2,-3.5,1.0,-0.1,0.1,0.8,-0.4,,,0.0,,,0.1,-0.1,0.7,0.7,-0.4,-3.1,0.4,0.7,-1.7
2005-02,-0.3,-0.1,-0.3,-0.4,2.9,-19.0,-19.5,0.1,-0.3,0.9,9.2,-1.9,-1.3,0.2,-0.5,-0.5,-1.8,,-0.6,-0.3,-1.2,-3.6,1.0,-0.1,0.0,0.5,-0.4,,,-0.3,,,0.2,-0.1,0.6,0.7,0.0,-3.2,0.2,0.3,-1.6
2005-03,-0.2,0.2,-0.2,0.8,4.1,-18.0,-18.5,0.2,-0.2,1.0,9.3,-1.8,-1.3,0.3,-0.4,-0.6,-1.7,,-0.6,-0.3,-1.2,-3.4,1.0,-0.1,0.0,0.3,-0.3,,,-0.3,,,0.2,0.0,0.7,0.8,-0.1,-2.8,0.2,0.5,-1.6
2005-04,0.0,0.3,0.0,1.2,4.3,-16.3,-16.6,0.4,-0.3,0.8,12.1,-1.5,-1.7,0.0,-0.4,-0.4,-1.2,,-0.1,1.0,0.0,-3.5,1.6,0.0,-0.1,-0.2,-0.4,,,-0.3,,,0.1,-0.1,1.8,0.5,-0.1,-2.7,0.2,0.9,-1.3
2005-05,0.2,0.5,0.2,1.2,3.9,-15.1,-15.3,0.8,-0.1,0.8,12.8,-1.3,-1.7,0.1,-0.2,-0.3,-1.0,,0.1,1.5,0.0,-3.5,1.6,0.0,0.1,-0.1,-0.4,,,-0.1,,,0.3,-0.1,1.7,0.5,0.6,-2.5,0.3,1.0,-1.2
2005-06,-0.5,-0.7,-0.1,-5.2,-3.6,-14.3,-14.5,0.4,0.0,0.7,8.5,-1.4,-1.7,0.3,-0.3,-0.3,-1.0,,0.2,1.7,0.0,-3.7,1.6,0.0,0.0,-0.1,-0.4,,,0.1,,,0.2,-0.1,1.7,0.5,0.2,-2.5,0.3,-0.8,-1.1
2005-07,-0.3,-0.3,-0.1,-2.5,-0.5,-13.5,-13.8,0.4,0.0,0.8,9.4,-1.4,-2.1,0.3,-0.4,-0.5,-1.2,,0.1,1.5,0.0,-3.8,1.6,0.1,0.0,-0.1,-0.5,,,0.2,,,0.0,-0.2,1.7,0.5,-0.2,-2.5,0.4,-0.1,-1.3
2005-08,-0.3,-0.3,0.1,-3.7,-2.2,-12.4,-12.5,0.6,0.0,0.8,11.5,-1.4,-2.1,0.6,-0.3,-0.6,-1.3,,0.1,1.4,0.0,-4.0,1.6,0.1,0.1,-0.1,-0.4,,,0.2,,,0.0,-0.1,1.7,0.5,-0.3,-2.4,0.3,-0.2,-1.5
2005-09,-0.3,-0.5,0.0,-4.1,-3.1,-10.0,-10.0,0.4,0.0,0.2,9.4,-1.2,-2.1,0.6,-0.1,-0.5,-1.1,,0.1,1.4,0.0,-3.4,1.6,0.1,0.1,-0.1,-0.3,,,0.5,,,0.0,0.0,1.8,0.5,-0.4,-2.1,0.1,-0.5,-1.2
2005-10,-0.7,-1.3,0.1,-9.5,-9.8,-6.5,-6.5,0.4,0.0,0.0,9.6,-1.2,-0.5,0.6,-0.1,-0.4,-0.8,,0.1,1.4,1.3,-3.6,1.6,0.1,0.2,0.1,-0.3,,,0.4,,,0.0,0.0,1.7,0.5,-0.5,-2.1,-0.1,-1.6,-0.7
2005-11,-0.8,-1.6,0.0,-11.0,-11.8,-5.4,-5.3,0.3,-0.2,0.0,8.5,-1.1,-0.5,0.6,0.2,0.0,-0.1,,0.3,1.0,1.3,-1.4,1.6,0.0,0.2,0.1,-0.3,,,0.5,,,0.0,-0.2,1.7,0.5,-0.2,-2.1,0.0,-2.0,-0.1
2005-12,-0.1,-0.6,0.2,-5.1,-5.2,-4.8,-4.6,0.4,-0.2,0.5,8.4,-1.0,-0.5,0.5,0.2,0.0,0.0,,0.2,1.0,1.3,-1.4,1.6,0.1,0.3,0.1,-0.3,,,0.6,,,0.1,0.0,1.7,0.5,-0.2,-2.0,0.5,-0.6,-0.2
2006-01,-0.1,0.0,-0.2,0.2,0.8,-4.4,-4.2,-0.3,-0.4,0.2,11.0,-3.1,1.4,0.4,0.0,-0.2,0.4,,0.4,0.6,0.7,-0.1,1.6,0.0,-0.2,0.2,-0.3,,,0.2,,,-0.7,0.2,0.6,0.4,-1.8,-6.3,-0.2,1.1,0.7
2006-02,-0.1,-0.1,0.1,-2.2,-2.0,-3.9,-3.8,0.1,-0.4,1.1,13.5,-2.9,1.4,0.5,-0.1,-0.2,0.4,,0.4,0.6,0.7,-0.1,1.6,0.0,-0.2,0.1,-0.3,,,0.3,,,-0.9,0.1,0.6,0.4,-2.0,-6.2,0.4,0.7,0.6
2006-03,-0.2,-0.3,0.1,-3.8,-3.7,-3.5,-3.3,0.1,-0.5,0.6,14.0,-2.7,1.3,0.6,-0.1,-0.1,0.4,,0.3,0.6,0.7,-0.1,1.6,-0.1,-0.2,0.2,-0.3,,,0.1,,,-0.7,0.1,0.6,0.4,-1.8,-6.2,0.3,0.5,0.6
2006-04,-0.1,-0.1,0.0,-1.1,-0.8,-3.2,-3.0,-0.2,-0.3,0.7,9.3,-2.6,1.6,0.6,-0.1,-0.2,-0.1,,0.4,0.4,-1.2,-0.1,0.6,0.1,-0.2,0.3,-0.3,,,0.1,,,-0.6,0.1,1.1,0.7,-1.6,-6.0,0.4,0.7,0.4
2006-05,0.1,0.3,0.1,0.8,1.4,-3.3,-3.1,0.0,-0.5,0.4,11.3,-2.5,1.6,0.5,-0.1,-0.2,-0.2,,0.7,0.0,-1.2,-0.1,0.6,0.2,-0.1,0.5,-0.1,,,0.1,,,-0.4,0.1,1.2,0.7,-1.2,-5.8,0.4,1.3,0.3
2006-06,0.5,1.2,0.4,5.4,6.6,-3.0,-2.9,0.3,-0.4,0.7,12.3,-2.1,1.6,0.6,0.0,-0.1,-0.2,,0.8,0.0,-1.2,-0.2,0.6,0.2,0.0,0.6,-0.1,,,0.2,,,-0.2,0.1,1.2,0.7,-0.8,-5.3,0.6,2.3,0.3
2006-07,0.3,0.9,0.5,2.3,3.1,-3.1,-2.9,0.5,-0.3,1.0,11.3,-1.6,1.6,0.6,-0.1,-0.2,-0.2,,0.8,0.1,-1.2,-0.1,0.6,0.2,-0.1,0.6,-0.1,,,0.1,,,-0.6,0.1,1.2,0.7,-1.5,-5.4,1.0,1.9,0.6
2006-08,0.9,2.0,0.8,8.9,10.8,-3.9,-3.9,0.8,-0.3,1.0,13.2,-1.5,1.6,0.3,-0.1,-0.2,-0.2,,0.8,-0.1,-1.2,-0.2,0.6,0.2,-0.2,0.6,-0.1,,,-0.1,,,-0.5,0.1,1.1,0.8,-1.4,-5.4,1.0,3.3,0.5
2006-09,0.6,1.4,0.6,5.6,7.0,-3.9,-3.7,0.5,-0.2,0.3,11.5,-1.5,1.6,0.2,-0.2,-0.2,-0.3,,0.7,0.0,-1.2,-0.3,0.6,0.2,-0.2,0.6,-0.2,,,-0.3,,,-0.4,0.1,1.1,0.8,-1.1,-5.4,0.6,2.6,0.6
2006-10,0.4,1.0,0.4,4.6,5.6,-2.8,-2.6,0.4,-0.2,0.6,9.0,-1.4,0.7,0.3,-0.2,-0.1,-0.1,,0.7,0.0,-0.3,-0.3,0.6,0.1,-0.2,0.7,-0.1,,,-0.3,,,-0.5,0.0,1.2,0.8,-1.3,-5.1,0.7,2.1,0.5
2006-11,0.3,0.5,0.3,1.7,2.3,-2.2,-2.1,0.3,0.0,0.3,5.9,-1.1,0.6,0.4,0.1,0.3,0.0,,0.5,0.3,-0.3,-0.2,0.6,0.1,0.2,0.8,-0.2,,,-0.4,,,0.5,0.2,1.4,0.8,0.7,-4.7,0.5,1.2,0.5
2006-12,0.3,0.5,0.2,2.5,3.1,-1.9,-1.9,0.0,-0.1,0.3,5.3,-1.2,0.6,0.4,0.0,0.3,0.0,,0.4,0.3,-0.3,-0.6,0.6,0.1,0.2,0.9,-0.3,,,-0.4,,,0.5,0.1,1.4,0.8,0.6,-5.3,0.4,1.3,0.4
2007-01,0.0,-0.2,0.0,-0.8,-0.7,-1.6,-1.6,-0.2,-0.1,0.4,3.4,-1.4,0.3,0.5,0.1,0.3,0.0,,0.4,0.3,-0.3,-0.3,0.6,0.1,0.1,0.8,-0.2,,,-0.4,,,0.5,-0.2,1.3,0.9,0.7,-5.2,0.6,0.3,0.4
2007-02,-0.2,-0.4,-0.4,-0.5,-0.3,-1.7,-1.7,-0.5,0.0,0.0,-0.6,-1.2,0.3,0.4,0.1,0.3,0.1,,0.4,0.3,-0.3,0.0,0.6,0.1,0.1,0.8,-0.2,,,-0.4,,,0.3,0.0,1.3,0.9,0.2,-4.7,0.4,0.1,0.5
2007-03,-0.1,-0.1,-0.4,2.3,2.8,-1.4,-1.5,-0.6,0.0,-0.1,-1.4,-1.2,0.4,0.4,-0.1,0.0,-0.2,,0.5,0.3,-0.3,-0.8,0.6,0.1,-0.1,0.8,-0.2,,,-0.3,,,0.0,0.0,1.3,0.9,-0.4,-4.7,0.3,0.5,0.3
2007-04,0.0,0.0,-0.4,1.8,2.2,-1.5,-1.5,-0.5,0.0,0.2,-0.6,-1.3,0.4,0.4,0.1,0.2,0.4,,0.4,-0.2,1.7,0.2,0.6,0.0,0.0,0.8,-0.2,,,-0.4,,,0.0,0.0,2.3,0.7,-0.3,-4.6,0.4,0.5,0.7
2007-05,0.0,-0.2,-0.3,0.5,0.8,-1.4,-1.4,-0.4,0.1,0.2,-0.4,-1.2,0.4,0.4,0.0,0.2,0.4,,0.2,-0.2,1.7,0.1,0.6,0.2,0.0,0.5,-0.3,,,-0.4,,,0.0,0.0,2.3,0.7,-0.3,-4.6,0.3,0.3,0.7
2007-06,-0.2,-0.5,-0.2,-1.7,-1.6,-1.4,-1.4,-0.4,0.0,-0.1,1.4,-1.4,0.4,0.3,0.0,0.0,0.4,,0.1,-0.2,1.6,0.3,0.6,0.2,-0.2,0.4,-0.2,,,-0.4,,,-0.4,0.0,2.5,0.7,-1.1,-4.9,0.2,0.0,0.7
2007-07,0.0,-0.2,-0.3,0.5,0.7,-1.5,-1.5,-0.4,0.1,0.1,2.1,-1.8,0.4,0.2,0.0,0.2,0.4,,0.3,-0.3,1.6,0.3,0.6,0.1,-0.1,0.5,-0.2,,,-0.2,,,-0.1,-0.1,2.6,0.7,-0.7,-4.6,0.3,0.3,0.4
2007-08,-0.2,-0.6,-0.4,-1.9,-1.9,-1.0,-1.0,-0.6,0.1,0.3,0.4,-1.7,0.4,0.3,0.2,0.4,0.6,,0.2,0.3,1.6,0.5,0.6,0.1,0.1,0.8,-0.3,,,-0.1,,,0.1,0.0,2.7,0.6,-0.2,-4.4,0.4,-0.3,0.6
2007-09,-0.2,-0.5,-0.5,0.2,0.3,-1.3,-1.6,-0.7,-0.2,0.0,-0.3,-1.7,0.4,0.3,0.2,0.3,0.6,,0.3,0.2,1.6,0.3,0.6,0.2,0.1,0.7,-0.3,,,0.0,,,-0.1,0.0,3.1,0.6,-0.6,-4.2,0.2,-0.1,0.5
2007-10,0.3,0.3,0.0,2.3,3.0,-1.9,-2.0,-0.2,0.2,-0.1,2.3,-1.3,1.0,0.3,0.2,0.2,0.3,,0.2,0.2,0.1,0.4,0.6,0.2,0.1,0.7,-0.3,,,0.1,,,0.1,0.1,3.1,0.6,-0.4,-3.8,0.3,0.8,0.4
2007-11,0.6,0.9,0.6,2.6,3.2,-2.3,-2.5,0.6,0.3,0.1,9.3,-1.3,1.1,0.3,0.2,0.2,0.3,,0.4,0.2,0.1,0.3,0.6,0.2,0.2,0.7,-0.2,,,0.1,,,0.2,0.0,2.7,0.6,-0.1,-3.9,0.6,1.7,0.5
2007-12,0.7,1.3,1.2,1.5,2.1,-2.4,-2.6,1.5,0.7,-0.1,15.1,-1.2,1.1,0.2,0.3,0.3,0.3,,0.4,0.2,0.1,0.6,0.6,0.2,0.1,0.7,-0.2,,,0.1,,,0.2,0.2,2.8,0.6,-0.2,-3.6,0.3,2.3,0.5
2008-01,0.7,1.2,1.5,-1.1,-0.9,-2.4,-2.6,1.7,1.1,-0.1,15.6,-1.0,1.0,-0.1,0.3,0.5,0.5,,0.4,0.2,0.1,0.9,0.6,0.2,0.3,0.6,-0.2,,,0.1,,,0.4,0.4,3.1,0.6,0.2,-3.7,0.5,2.0,0.5
2008-02,1.0,1.6,1.7,1.2,1.7,-2.2,-2.4,1.9,1.4,-0.1,17.5,-1.1,1.0,0.1,0.3,0.4,0.3,,0.5,0.2,0.1,0.5,0.6,0.2,0.3,0.9,-0.2,,,0.0,,,0.5,0.3,3.1,0.7,0.5,-3.7,0.4,2.7,0.5
2008-03,1.2,1.9,2.0,0.8,1.2,-2.3,-2.4,2.3,2.1,-0.1,18.2,-1.0,0.9,0.0,0.5,0.6,0.3,,0.5,0.2,0.1,0.5,0.6,0.2,0.6,1.1,-0.1,,,0.1,,,0.8,0.4,3.1,0.7,1.1,-3.6,0.5,3.0,0.5
2008-04,0.8,1.4,1.6,0.5,0.9,-2.0,-2.2,1.4,3.0,-0.2,6.9,-1.0,2.8,0.4,0.3,0.5,-0.4,,0.5,-1.5,-0.7,0.6,1.0,0.3,0.5,1.4,-0.1,,,0.0,,,0.8,0.4,5.1,0.7,0.9,-4.2,0.5,2.3,0.5
2008-05,1.3,2.5,2.8,0.2,0.5,-2.2,-2.3,3.0,3.8,-0.2,17.6,-0.9,2.7,0.3,0.3,0.4,-0.3,,0.8,-1.5,-0.7,0.7,1.0,0.0,0.5,1.7,-0.1,,,0.1,,,0.7,0.5,5.0,0.7,0.5,-3.9,0.5,3.7,0.5
2008-06,2.0,3.7,3.7,3.0,3.6,-1.8,-2.0,4.1,4.5,0.0,23.9,-0.7,2.7,0.3,0.4,0.6,-0.3,,0.9,-1.5,-0.6,0.7,1.0,0.0,0.7,1.8,-0.2,,,0.1,,,1.0,0.6,4.9,0.7,1.1,-3.4,0.7,5.3,0.6
2008-07,2.3,4.3,4.6,2.3,2.8,-1.6,-1.7,4.9,4.8,-0.1,28.8,-0.5,4.3,0.3,0.5,0.6,-0.2,,0.6,-1.5,-0.6,0.7,1.0,0.3,0.7,1.9,-0.2,,,0.0,,,1.1,0.8,4.8,0.7,1.3,-3.7,0.7,6.2,1.0
2008-08,2.1,3.9,4.7,-0.6,-0.4,-1.7,-1.9,5.0,5.2,-0.1,28.0,-0.5,4.3,0.2,0.4,0.5,-0.4,,0.7,-1.9,-0.6,0.5,1.0,0.3,0.7,1.8,-0.1,,,0.0,,,1.0,0.8,5.1,0.7,1.1,-3.7,0.7,5.6,0.8
2008-09,2.1,3.7,4.3,-1.0,-1.0,-1.3,-1.2,4.7,5.5,0.1,23.7,-0.2,4.1,0.3,0.4,0.6,-0.4,,0.7,-1.8,-0.6,0.7,1.0,0.2,0.7,2.0,-0.2,,,0.0,,,1.2,0.8,4.7,0.7,1.6,-3.6,1.0,5.2,0.9
2008-10,1.7,3.1,3.6,-0.7,-0.8,0.3,0.3,3.8,5.7,0.1,15.0,-0.4,4.2,0.3,0.4,0.7,-0.5,,0.8,-1.8,-0.6,0.5,1.0,0.0,0.8,2.2,-0.2,,,-0.1,,,1.2,0.7,4.7,0.7,1.7,-3.7,1.0,4.4,0.8
2008-11,1.0,1.6,1.8,1.3,1.4,1.3,1.5,1.3,5.5,0.0,-3.8,-0.7,4.2,0.3,0.4,0.6,-0.5,,0.6,-1.8,-0.6,0.4,1.0,0.1,0.7,2.1,-0.2,,,-0.1,,,1.1,0.8,4.7,0.7,1.3,-3.6,0.7,2.5,0.8
2008-12,0.4,0.3,0.2,2.0,1.9,2.0,2.0,-0.7,5.0,0.1,-17.4,-0.9,4.2,0.3,0.3,0.6,-0.6,,0.5,-1.8,-0.6,0.2,1.0,0.1,0.8,2.1,-0.3,,,-0.2,,,1.1,0.7,4.9,0.7,1.4,-3.6,0.6,0.8,0.8
2009-01,0.0,-0.2,-0.4,1.9,1.8,1.8,1.9,-1.6,4.7,-1.0,-23.4,-0.9,6.8,0.4,0.2,0.3,-0.6,,0.5,-1.7,-0.6,0.0,1.0,0.1,0.5,2.1,-0.4,,,-0.3,,,0.7,0.7,15.0,0.7,0.1,-3.4,-0.4,0.3,1.5
2009-02,-0.1,-0.3,-0.3,-0.1,-0.4,1.8,1.9,-1.5,4.2,-0.4,-21.5,-0.9,6.8,0.9,0.2,0.5,-0.5,,0.5,-1.7,-0.6,0.3,1.0,0.1,0.4,1.9,-0.4,,,-0.4,,,0.9,0.7,14.9,0.7,0.3,-3.9,0.2,-0.1,1.5
2009-03,-0.3,-0.7,-0.5,-0.9,-1.2,1.8,1.8,-1.7,3.8,-0.6,-21.8,-1.1,6.9,0.9,0.2,0.4,-0.5,,0.4,-1.7,-0.6,0.3,1.0,0.1,0.4,1.7,-0.4,,,-0.3,,,0.8,0.5,15.0,0.5,0.3,-3.8,0.0,-0.4,1.5
2009-04,-0.1,-0.4,-0.3,-0.5,-0.8,1.4,1.4,-1.1,2.6,-0.2,-13.2,-1.7,5.0,0.8,0.0,0.1,-0.1,,-0.1,0.3,0.1,-0.9,0.6,0.1,0.1,1.4,-0.5,,,-0.2,,,0.1,0.4,11.9,0.7,-1.1,-4.1,0.1,0.1,1.3
2009-05,-1.1,-2.0,-2.2,-0.5,-0.7,1.5,1.4,-2.9,1.5,-0.3,-22.6,-1.9,1.0,0.7,0.0,0.0,-0.1,,-0.4,0.3,0.1,-0.9,0.6,0.2,-0.1,1.2,-0.6,,,-0.3,,,-0.2,0.2,12.2,0.7,-1.5,-4.5,0.0,-2.2,0.2
2009-06,-1.8,-3.4,-3.3,-2.4,-2.8,0.9,0.9,-4.0,0.7,-0.6,-26.3,-2.1,-0.5,0.7,-0.2,-0.1,-0.2,,-0.5,0.4,0.1,-1.0,0.6,0.0,-0.2,1.0,-0.5,,,-0.3,,,-0.5,0.1,12.1,0.7,-2.0,-4.6,-0.3,-3.7,-0.3
2009-07,-2.2,-4.2,-4.3,-3.2,-3.7,0.6,0.5,-4.8,0.2,-0.9,-27.9,-2.4,-3.4,0.8,-0.3,-0.3,-0.4,,-0.3,0.0,0.1,-1.1,0.6,-0.2,-0.3,0.7,-0.6,,,-0.3,,,-0.7,-0.1,12.1,0.7,-2.3,-4.8,-0.8,-4.9,-1.2
2009-08,-2.2,-4.1,-4.8,0.0,-0.1,0.4,0.5,-5.3,-0.5,-0.9,-29.1,-2.4,-4.1,0.7,-0.4,-0.5,-0.4,,-0.2,0.0,0.1,-1.0,0.6,-0.2,-0.4,0.5,-0.6,,,-0.2,,,-1.0,-0.2,11.8,0.7,-2.8,-4.8,-0.7,-4.8,-1.3
2009-09,-2.2,-4.0,-4.3,-0.9,-1.0,0.4,0.2,-4.7,-0.6,-1.3,-24.5,-2.7,-4.8,0.8,-0.4,-0.5,-0.4,,-0.2,-0.1,0.1,-1.0,0.5,-0.3,-0.5,0.3,-0.5,,,-0.2,,,-1.0,-0.2,11.8,0.7,-3.0,-4.9,-1.2,-4.4,-1.6
2009-10,-2.5,-4.4,-4.2,-5.1,-5.6,-1.2,-1.3,-4.3,-1.3,-1.4,-19.8,-3.0,-6.0,0.7,-0.5,-0.6,-0.2,,-0.2,-0.1,0.1,-0.9,0.5,0.2,-0.6,0.1,-0.5,,,-0.2,,,-1.1,-0.3,11.9,0.7,-3.2,-5.1,-1.5,-4.9,-1.9
2009-11,-1.9,-3.3,-3.0,-4.8,-5.3,-1.8,-2.0,-2.8,-1.5,-1.5,-8.4,-2.9,-5.8,0.7,-0.4,-0.5,-0.3,,-0.2,-0.1,0.1,-0.8,0.5,0.1,-0.5,0.0,-0.6,,,-0.2,,,-1.0,-0.4,12.6,0.7,-2.7,-5.2,-1.4,-3.5,-1.8
2009-12,-1.7,-2.7,-2.3,-5.5,-5.9,-2.3,-2.5,-1.9,-1.8,-2.0,2.6,-3.3,-5.4,0.6,-0.4,-0.6,-0.2,,0.0,-0.2,0.1,-0.8,0.5,0.1,-0.6,-0.1,-0.6,,,-0.3,,,-0.9,-0.3,12.7,0.7,-2.7,-5.6,-1.5,-2.7,-1.7
2010-01,-1.3,-2.3,-2.1,-3.2,-3.2,-2.5,-2.7,-1.2,-1.9,-1.6,10.9,-3.6,-8.2,0.7,-0.5,-0.6,-0.4,,-0.3,-0.3,0.1,-0.9,0.5,0.1,-0.6,-0.2,-0.5,,,-0.1,,,-1.0,-0.3,3.0,0.6,-2.4,-6.2,-1.2,-1.9,-2.5
2010-02,-1.1,-1.9,-1.9,-1.7,-1.6,-2.6,-2.8,-1.1,-1.8,-1.2,11.5,-3.6,-7.8,0.3,-0.4,-0.6,-0.3,,-0.3,-0.3,0.1,-1.0,0.5,0.1,-0.4,-0.1,-0.6,,,-0.1,,,-0.8,-0.3,3.3,0.7,-2.0,-5.5,-1.4,-1.4,-2.4
2010-03,-1.1,-1.9,-2.0,-1.3,-1.2,-2.6,-2.8,-1.3,-2.4,-1.6,12.0,-3.5,-7.4,0.2,-0.5,-0.5,-0.3,,-0.2,-0.3,0.1,-0.8,0.5,0.1,-0.5,-0.2,-0.7,,,-0.3,,,-0.8,-0.3,3.3,0.9,-2.0,-5.7,-1.8,-1.4,-2.3
2010-04,-1.2,-1.1,-1.8,2.1,2.6,-2.2,-2.3,-0.9,-2.2,-2.2,13.2,-2.9,-7.7,0.0,-1.2,-1.6,-3.2,,0.3,-0.3,0.2,-0.4,-68.3,0.0,-0.6,-0.2,-0.7,,,-0.2,,,-1.0,-0.4,3.5,-3.0,-0.7,-4.8,-2.0,-0.6,-4.4
2010-05,-0.9,-0.7,-1.0,1.6,2.0,-2.2,-2.3,-0.7,-2.2,-2.1,15.7,-3.0,-3.6,0.2,-1.3,-1.6,-3.3,,0.3,-0.3,0.2,-0.4,-68.3,0.0,-0.5,-0.2,-0.6,,,-0.3,,,-0.9,-0.3,3.2,-3.0,-0.4,-4.9,-1.9,0.2,-3.2
2010-06,-0.7,-0.2,-0.9,3.6,4.4,-2.2,-2.4,-0.8,-1.9,-1.8,12.3,-2.8,-1.9,0.1,-1.2,-1.6,-3.2,,0.2,-0.4,0.2,-0.4,-68.3,0.1,-0.5,-0.1,-0.6,,,-0.4,,,-0.7,-0.3,3.3,-3.0,-0.2,-4.9,-1.8,0.7,-2.8
2010-07,-0.9,-0.6,-1.0,2.4,3.1,-2.6,-2.8,-1.3,-2.1,-1.4,7.8,-2.9,0.0,0.3,-1.2,-1.5,-3.2,,0.2,-0.1,0.2,-0.7,-68.3,0.1,-0.5,0.0,-0.5,,,-0.3,,,-0.8,-0.2,3.3,-3.0,-0.3,-5.0,-1.5,0.2,-2.2
2010-08,-0.9,-0.6,-0.9,1.5,2.1,-2.8,-3.0,-1.3,-1.9,-1.3,7.0,-3.2,1.4,0.2,-1.1,-1.4,-3.1,,0.0,-0.1,0.2,-0.4,-68.3,0.1,-0.4,0.0,-0.5,,,-0.3,,,-0.5,-0.2,3.3,-3.0,0.1,-5.4,-1.5,0.1,-1.9
2010-09,-0.6,0.0,-1.0,5.6,6.9,-3.2,-3.3,-1.6,-1.9,-1.2,4.0,-3.0,2.7,0.3,-1.1,-1.4,-3.2,,0.0,-0.1,0.2,-0.7,-68.3,0.3,-0.4,-0.1,-0.5,,,-0.4,,,-0.5,-0.2,3.4,-3.0,0.1,-5.2,-1.5,1.0,-1.6
2010-10,0.2,1.2,-0.2,9.6,11.4,-4.6,-4.7,-0.7,-1.6,-1.6,4.0,-0.5,3.1,0.3,-0.8,-1.0,-2.2,,0.1,2.7,0.4,-0.2,-68.3,0.0,-0.3,-0.1,-0.6,,,-0.5,,,-0.3,-0.1,3.5,-3.0,0.7,-4.9,-1.4,2.5,0.8
2010-11,0.1,1.2,-0.2,8.5,10.5,-5.8,-6.0,-0.3,-1.5,-1.2,5.0,-0.5,2.3,0.2,-0.8,-1.0,-2.2,,0.1,2.7,0.4,-0.3,-68.3,0.0,-0.4,0.0,-0.5,,,-0.5,,,-0.5,-0.2,2.9,-3.0,0.2,-4.7,-1.4,2.5,0.5
2010-12,0.0,0.8,0.0,5.3,6.9,-6.7,-6.7,-0.2,-1.4,-1.1,5.8,-0.2,1.7,0.2,-0.8,-0.9,-2.2,,0.0,2.6,0.4,0.0,-68.3,0.0,-0.3,0.1,-0.4,,,-0.4,,,-0.4,-0.2,2.6,-3.0,0.6,-4.3,-1.4,2.0,0.4
2011-01,-0.6,-0.8,-1.5,3.0,4.4,-7.6,-7.7,-1.8,-1.5,-1.7,8.4,-4.5,0.8,0.3,-0.3,-0.3,-1.4,,-0.1,1.7,0.0,0.3,-62.0,-0.1,0.1,0.5,-0.4,-0.1,-0.5,-0.2,-0.2,-0.3,0.3,-0.2,0.3,-1.4,1.4,-10.8,-1.9,1.3,0.3
2011-02,-0.5,-0.7,-1.4,3.5,5.0,-7.6,-7.7,-1.7,-1.3,-1.0,7.6,-4.4,0.1,0.1,-0.3,-0.4,-1.4,,-0.1,1.7,0.0,0.1,-62.0,-0.3,0.0,0.3,-0.3,-0.1,-0.3,-0.2,-0.2,-0.1,0.2,-0.2,0.3,-1.4,1.1,-10.9,-1.4,1.4,0.1
2011-03,-0.5,-0.7,-1.1,1.4,2.6,-7.6,-7.7,-1.2,-1.1,-0.9,12.6,-4.6,-0.2,0.2,-0.4,-0.5,-1.4,,-0.2,1.7,0.0,0.0,-62.0,0.0,0.0,0.3,-0.3,-0.2,-0.4,-0.2,-0.2,-0.1,0.0,-0.2,0.2,-1.5,0.8,-10.8,-1.3,1.4,0.0
2011-04,-0.4,-1.1,-0.8,-3.0,-2.4,-7.4,-7.5,-1.1,-0.1,-0.6,12.7,-5.4,0.9,0.2,0.3,0.5,1.0,,-0.4,2.1,0.0,0.7,0.0,0.2,0.0,0.4,-0.3,-0.2,-0.3,-0.2,-0.2,-0.1,0.2,-0.2,-0.1,0.2,0.4,-12.5,-1.2,1.1,2.0
2011-05,-0.4,-1.1,-0.7,-3.8,-3.3,-7.5,-7.6,-1.0,-0.2,-0.7,9.3,-4.4,1.4,0.3,0.3,0.5,1.0,,-0.4,2.2,0.0,0.7,0.0,0.2,0.1,0.3,-0.3,-0.2,-0.3,-0.1,-0.1,-0.1,0.4,-0.1,0.1,0.2,0.8,-11.4,-1.0,0.8,2.1
2011-06,-0.4,-1.0,-0.8,-2.2,-1.6,-7.0,-7.1,-1.2,-0.4,-0.7,7.9,-4.3,1.8,0.3,0.3,0.4,1.0,,-0.4,2.1,0.0,0.8,0.0,-0.2,0.0,0.3,-0.4,-0.2,-0.4,-0.2,-0.2,-0.2,0.2,-0.1,0.0,0.2,0.4,-11.0,-0.8,0.9,2.2
2011-07,0.2,0.0,-0.3,1.0,1.9,-6.3,-6.4,-0.6,-0.1,0.2,9.8,-3.7,2.3,0.2,0.4,0.7,1.5,,-0.4,2.7,0.0,1.7,0.0,-0.1,0.1,0.3,-0.4,-0.3,-0.5,-0.2,-0.2,-0.3,0.5,-0.1,0.0,0.2,1.0,-9.5,-0.3,1.8,2.7
2011-08,0.2,0.0,0.1,-1.0,-0.4,-5.4,-5.5,-0.2,0.0,0.4,11.7,-3.4,2.5,0.3,0.3,0.6,1.2,,-0.3,2.7,0.0,0.5,0.0,-0.1,0.1,0.2,-0.4,-0.2,-0.5,-0.2,-0.2,-0.3,0.4,-0.1,0.0,0.2,0.9,-9.0,-0.3,1.7,2.5
2011-09,0.0,-0.4,-0.1,-3.1,-3.0,-4.1,-4.1,-0.4,0.0,0.0,9.7,-3.5,3.0,0.3,0.4,0.7,1.4,,-0.2,2.7,0.0,1.3,0.0,0.0,0.1,0.1,-0.4,-0.3,-0.5,-0.2,-0.2,-0.2,0.6,-0.1,0.0,0.2,1.2,-9.0,-0.6,1.1,2.9
2011-10,-0.2,-0.5,-0.4,-0.7,-1.0,2.0,2.1,-1.2,0.1,0.4,7.7,-5.0,3.9,0.3,0.1,0.2,0.4,,-0.3,0.7,0.0,0.4,0.0,0.0,0.0,0.1,-0.4,-0.3,-0.5,-0.2,-0.2,-0.3,0.2,-0.1,0.1,0.2,0.5,-9.3,-0.5,1.0,1.4
2011-11,-0.5,-1.0,-0.3,-4.3,-5.4,5.5,5.8,-1.2,0.0,-0.1,7.5,-4.7,4.9,0.3,-0.1,0.0,0.4,,-0.3,0.8,0.0,0.3,0.0,0.1,-0.2,0.1,-0.5,-0.3,-0.5,-0.3,-0.2,-0.3,-0.2,0.0,0.2,0.2,-0.6,-9.1,-0.7,0.4,1.7
2011-12,-0.2,-0.4,-0.3,-0.9,-1.8,6.6,6.9,-1.2,0.2,-0.2,7.3,-5.0,5.3,0.4,0.0,0.1,0.3,,-0.2,1.0,0.0,-0.4,0.0,0.0,-0.1,0.0,-0.4,-0.3,-0.5,-0.3,-0.3,-0.3,0.1,0.1,0.2,0.2,0.1,-10.0,-0.4,1.2,1.7
2012-01,0.1,0.2,-0.2,3.2,2.6,7.9,8.1,-1.1,0.2,0.7,4.3,-4.2,5.5,0.2,0.0,0.2,0.7,,-0.2,1.8,0.0,-0.1,0.0,0.1,-0.2,0.0,-0.5,-0.4,-0.5,-0.3,-0.3,-0.3,-0.1,0.0,0.2,0.2,-0.3,-8.2,0.0,1.7,2.0
2012-02,0.3,0.8,0.4,3.6,3.0,8.5,8.8,-0.5,0.2,0.9,3.0,-2.4,5.8,0.4,-0.1,0.0,0.7,,-0.2,1.8,0.0,-0.2,0.0,0.1,-0.4,0.0,-0.5,-0.3,-0.6,-0.3,-0.2,-0.4,-0.6,0.0,0.1,0.2,-1.2,-4.1,0.4,1.7,2.1
2012-03,0.5,1.1,0.5,5.3,4.8,8.8,9.1,-0.3,0.1,0.5,4.2,-2.3,5.7,0.5,0.0,0.1,0.6,,-0.1,1.8,0.0,-0.1,0.0,-0.3,-0.2,0.0,-0.5,-0.3,-0.6,-0.3,-0.2,-0.4,-0.3,0.1,0.3,0.3,-0.7,-4.2,0.1,2.2,2.1
2012-04,0.4,0.8,0.3,4.0,3.4,8.8,9.1,-0.5,-0.6,0.1,3.9,-1.7,5.6,0.6,0.1,0.2,0.7,,0.3,1.4,0.3,0.2,0.0,-0.3,-0.1,0.0,-0.6,-0.3,-0.7,-0.3,-0.3,-0.5,0.1,0.2,0.5,0.3,0.0,-3.0,-0.1,1.6,2.1
2012-05,0.2,0.3,-0.2,4.5,4.0,9.2,9.5,-1.1,-0.4,0.2,1.5,-2.8,4.7,0.6,0.0,0.2,0.7,,0.4,1.4,0.3,0.3,0.0,-0.2,-0.2,0.0,-0.6,-0.4,-0.7,-0.4,-0.4,-0.5,0.0,0.1,0.4,0.3,-0.2,-4.5,-0.3,1.3,1.8
2012-06,-0.2,-0.4,-0.4,0.8,-0.3,9.3,9.6,-1.3,-0.2,0.2,-1.7,-2.7,4.5,0.5,0.0,0.2,0.7,,0.4,1.4,0.3,0.2,0.0,0.0,-0.2,0.0,-0.6,-0.4,-0.7,-0.4,-0.4,-0.4,0.0,0.1,0.5,0.3,-0.2,-4.5,-0.4,0.3,1.8
2012-07,-0.4,-0.8,-0.6,-1.3,-2.7,10.3,10.7,-1.5,-0.2,0.4,-4.0,-2.6,4.2,0.5,-0.1,0.0,0.6,,0.4,1.4,0.3,-0.1,0.0,0.0,-0.3,0.0,-0.6,-0.4,-0.6,-0.4,-0.4,-0.4,-0.3,0.1,0.4,0.3,-0.7,-4.4,-0.3,-0.3,1.6
2012-08,-0.4,-0.9,-0.6,-1.3,-2.7,10.1,10.4,-1.7,-0.5,0.0,-4.1,-2.6,4.5,0.6,0.0,0.2,0.7,,0.4,1.4,0.3,0.3,0.0,-0.1,-0.2,0.0,-0.6,-0.4,-0.6,-0.4,-0.3,-0.4,0.0,0.1,0.5,0.3,-0.2,-4.6,-0.4,-0.4,1.8
2012-09,-0.3,-0.4,0.1,-2.5,-4.0,10.1,10.4,-0.9,-0.6,-0.1,1.8,-2.2,5.4,0.7,-0.2,-0.1,0.6,,0.5,1.4,0.3,-0.1,0.0,-0.2,-0.4,0.0,-0.6,-0.4,-0.7,-0.4,-0.3,-0.5,-0.6,0.1,0.5,0.3,-1.4,-4.0,-0.3,0.2,2.0
2012-10,-0.4,-0.6,0.2,-4.8,-6.5,8.7,9.0,-0.5,-0.7,0.0,3.9,-1.7,4.3,0.7,-0.2,-0.1,0.4,,0.5,1.6,0.3,0.0,0.0,-3.2,-0.4,-0.1,-0.6,-0.4,-0.7,-0.4,-0.4,-0.5,-0.4,0.1,0.6,0.3,-1.1,-3.0,-0.2,-0.3,1.6
2012-11,-0.2,-0.3,-0.1,-0.5,-1.6,7.6,7.8,-0.8,-0.6,-0.3,2.8,-2.2,3.4,0.7,0.0,0.1,0.4,,0.5,1.5,0.3,0.1,0.0,-3.1,-0.2,-0.1,-0.6,-0.4,-0.7,-0.4,-0.3,-0.5,0.1,0.1,0.2,0.3,-0.1,-3.6,-0.4,0.3,1.3
2012-12,-0.1,-0.1,-0.2,1.0,0.2,7.3,7.5,-0.8,-1.0,-0.1,3.1,-2.0,3.0,0.6,-0.2,-0.1,0.4,,0.5,1.5,0.3,0.1,0.0,-3.0,-0.4,-0.1,-0.6,-0.4,-0.7,-0.4,-0.3,-0.5,-0.4,0.0,0.2,0.3,-1.0,-3.1,-0.5,0.4,1.2
2013-01,-0.3,-0.4,-0.3,-0.4,-1.3,6.6,6.9,-0.9,-1.0,0.3,4.8,-2.8,2.6,0.6,-0.2,-0.1,0.0,,0.5,0.6,0.3,-0.5,0.0,-2.9,-0.3,0.0,-0.6,-0.3,-0.7,-0.4,-0.3,-0.5,-0.2,0.1,0.2,0.3,-0.5,-5.1,-0.3,0.3,0.7
2013-02,-0.7,-1.3,-0.6,-4.6,-6.0,6.0,6.2,-1.2,-1.0,-0.5,7.9,-4.0,2.1,0.5,-0.1,0.1,0.2,,0.5,0.6,0.3,0.4,0.0,-3.0,-0.2,-0.1,-0.6,-0.4,-0.7,-0.4,-0.3,-0.5,0.2,0.1,0.3,0.3,0.1,-8.0,-0.9,-0.2,0.8
2013-03,-0.9,-1.7,-0.7,-6.6,-8.1,5.8,5.9,-1.3,-1.1,-0.2,1.8,-2.7,2.1,0.5,-0.2,-0.1,0.2,,0.5,0.6,0.3,0.3,0.0,-3.2,-0.4,-0.1,-0.6,-0.4,-0.7,-0.4,-0.4,-0.5,-0.3,0.1,0.3,0.3,-0.9,-5.9,-0.2,-1.3,0.7
2013-04,-0.7,-1.4,-0.9,-4.2,-5.4,5.3,5.5,-1.6,-1.1,-0.1,-0.9,-2.8,2.9,0.5,0.0,0.2,1.0,,0.7,3.1,0.1,0.0,0.0,-2.8,-0.3,-0.1,-0.6,-0.4,-0.6,-0.4,-0.4,-0.4,-0.1,0.0,0.0,0.5,-0.5,-5.8,-0.2,-1.0,1.5
2013-05,-0.3,-0.6,0.0,-3.7,-4.9,5.4,5.5,-1.1,-1.0,-0.2,-0.4,-1.7,6.2,0.4,0.0,0.2,1.0,,0.7,3.0,0.1,-0.1,0.0,-2.8,-0.3,0.3,-0.6,-0.4,-0.6,-0.4,-0.3,-0.4,-0.2,0.1,0.2,0.5,-0.7,-3.6,0.0,-0.3,2.5
2013-06,0.2,0.3,0.7,-1.8,-2.7,4.7,4.8,-0.3,-0.8,-0.2,5.1,-1.3,7.1,0.5,0.1,0.3,1.0,,0.7,3.0,0.1,0.0,0.0,-2.9,-0.2,0.3,-0.6,-0.4,-0.7,-0.4,-0.4,-0.5,-0.1,0.1,0.1,0.5,-0.5,-2.7,0.0,0.9,2.8
2013-07,0.7,1.4,1.3,2.0,1.8,3.4,3.6,0.3,-0.9,0.6,8.4,-0.8,7.4,0.4,0.1,0.3,1.0,,0.7,3.0,0.0,0.0,0.0,-3.2,-0.2,0.4,-0.6,-0.4,-0.7,-0.4,-0.4,-0.5,-0.1,0.1,0.1,0.5,-0.4,-2.3,0.8,2.1,2.8
2013-08,0.9,1.8,1.6,2.3,2.4,2.1,2.1,0.9,-0.4,0.6,10.5,-0.4,6.6,0.3,0.0,0.2,0.9,,0.7,3.0,0.0,-0.3,0.0,-3.2,-0.2,0.5,-0.6,-0.4,-0.7,-0.4,-0.4,-0.6,-0.2,0.1,0.1,0.5,-0.7,-1.4,0.8,2.5,2.6
2013-09,1.1,2.1,1.4,6.5,7.4,0.6,0.6,0.7,-0.2,0.6,7.6,-0.3,6.0,0.3,0.1,0.3,1.0,,0.6,3.1,0.0,0.1,0.0,-3.3,-0.2,0.5,-0.6,-0.4,-0.7,-0.4,-0.4,-0.6,-0.1,0.1,0.1,0.6,-0.6,-1.3,0.7,2.9,2.5
2013-10,1.1,1.9,1.4,4.7,5.9,-3.6,-3.7,0.8,0.1,0.2,6.4,-0.1,6.3,0.3,0.4,0.8,1.9,,0.6,4.8,0.0,0.1,0.0,0.2,-0.1,0.5,-0.6,-0.4,-0.7,-0.4,-0.3,-0.6,0.2,0.1,0.0,0.6,0.0,-1.2,0.5,2.7,3.2
2013-11,1.5,2.5,1.8,6.3,8.1,-5.5,-5.7,1.3,0.3,0.6,7.7,0.7,6.1,0.3,0.6,1.0,1.9,,0.6,4.8,0.0,0.1,0.0,0.0,0.1,0.7,-0.6,-0.4,-0.6,-0.4,-0.3,-0.6,0.6,0.1,0.2,0.6,1.0,0.3,0.9,3.2,3.1
2013-12,1.6,2.6,2.0,6.0,7.7,-6.0,-6.2,1.5,0.8,0.6,6.6,1.1,5.9,0.3,0.6,1.1,1.9,,0.5,4.8,0.0,-0.1,0.0,-0.2,0.2,0.7,-0.6,-0.4,-0.6,-0.4,-0.3,-0.6,0.8,0.2,0.2,0.6,1.3,0.7,1.2,3.2,3.0
2014-01,1.4,2.2,2.2,1.9,3.1,-6.7,-6.9,1.8,1.1,0.1,6.2,1.6,6.2,0.4,0.5,0.9,1.8,,0.4,4.7,0.0,-0.1,0.0,-0.3,0.1,0.9,-0.5,-0.4,-0.6,-0.4,-0.3,-0.6,0.5,0.2,0.2,0.6,0.6,2.2,0.9,2.5,3.1
2014-02,1.5,2.6,2.1,4.8,6.4,-6.9,-7.0,1.5,1.0,0.8,3.0,1.8,6.9,0.5,0.6,1.0,1.9,,0.4,4.7,0.0,-0.1,0.0,0.4,0.2,0.9,-0.5,-0.4,-0.6,-0.4,-0.3,-0.6,0.6,0.2,0.2,0.6,0.9,2.6,1.3,2.8,3.3
2014-03,1.6,2.6,2.0,6.0,7.8,-6.7,-6.9,1.2,1.2,0.0,2.8,1.0,7.6,0.4,0.7,1.2,2.0,,0.3,4.7,0.0,0.2,0.0,0.7,0.3,0.9,-0.5,-0.3,-0.6,-0.4,-0.3,-0.6,0.9,0.3,0.0,0.8,1.4,1.1,0.6,3.2,3.6
2014-04,3.4,5.2,4.8,7.7,9.4,-4.7,-4.8,4.4,4.4,2.0,6.3,4.7,7.7,2.9,1.8,2.7,2.6,,-0.2,2.3,0.7,4.4,13.5,3.0,1.5,3.4,-0.5,-0.3,-0.6,-0.4,-0.2,-0.6,3.0,2.9,1.6,1.7,3.7,4.3,3.1,5.8,4.2
2014-05,3.7,5.7,5.2,8.9,10.8,-4.6,-4.8,4.6,4.4,2.2,9.3,4.1,9.5,2.8,1.8,2.7,3.0,,-0.4,2.8,0.7,4.8,13.5,3.0,1.4,3.1,-0.5,-0.3,-0.5,-0.3,-0.2,-0.6,2.9,3.0,1.6,1.7,3.3,3.5,3.0,6.6,5.0
2014-06,3.6,5.6,5.2,8.4,10.5,-5.6,-5.8,4.7,4.3,2.0,10.0,4.4,8.3,2.9,1.7,2.6,3.0,,-0.4,2.9,0.7,4.8,13.5,3.2,1.3,3.1,-0.4,-0.3,-0.5,-0.3,-0.2,-0.5,2.7,3.0,1.6,1.7,2.9,4.3,2.9,6.3,4.7
2014-07,3.4,5.1,5.0,5.4,6.9,-5.5,-5.8,4.8,4.7,2.2,9.9,4.2,7.1,3.0,1.8,2.8,3.5,,-0.4,3.6,0.7,5.5,13.5,3.2,1.3,3.0,-0.4,-0.3,-0.5,-0.3,-0.2,-0.5,2.7,3.0,1.7,1.7,2.9,4.4,2.8,5.6,4.6
2014-08,3.3,4.9,4.6,7.5,9.2,-5.1,-5.4,4.3,4.4,2.4,6.6,4.0,6.3,3.0,1.8,2.7,3.5,,-0.4,3.6,0.7,5.5,13.5,3.4,1.3,3.0,-0.4,-0.3,-0.5,-0.3,-0.2,-0.5,2.5,3.0,1.6,1.7,2.6,3.8,3.1,5.4,4.4
2014-09,3.2,4.6,4.2,7.9,9.7,-5.4,-5.7,4.0,4.4,2.5,5.0,3.7,4.9,3.0,1.9,2.8,3.6,,-0.4,3.6,0.7,5.8,13.5,3.5,1.3,3.2,-0.4,-0.3,-0.4,-0.3,-0.2,-0.5,2.6,3.1,1.7,1.7,2.7,3.4,3.2,5.1,4.0
2014-10,2.9,4.0,4.1,3.3,4.6,-7.3,-7.6,4.1,4.3,3.2,5.0,3.8,4.5,3.1,1.8,2.7,3.2,,-0.4,2.6,0.7,5.8,13.5,3.2,1.4,3.3,-0.4,-0.3,-0.4,-0.2,-0.2,-0.4,2.6,3.1,2.1,1.7,2.7,3.6,3.7,4.1,3.6
2014-11,2.4,3.2,3.8,0.1,1.1,-7.4,-7.7,3.5,4.2,3.4,2.2,3.3,5.1,3.2,1.7,2.6,3.2,,-0.4,2.6,0.7,6.1,13.5,3.3,1.2,3.2,-0.4,-0.3,-0.4,-0.3,-0.2,-0.5,2.3,3.1,2.1,1.7,2.1,2.6,3.7,3.2,3.8
2014-12,2.4,3.1,3.4,1.3,2.4,-7.6,-7.9,3.1,4.2,3.0,-0.8,3.1,5.5,3.0,1.8,2.6,3.2,,-0.3,2.6,0.7,6.0,13.5,3.4,1.3,3.2,-0.4,-0.2,-0.4,-0.3,-0.2,-0.5,2.5,3.1,2.4,1.7,2.4,2.4,3.4,3.1,4.0
2015-01,2.4,3.0,2.8,5.0,6.5,-7.5,-7.7,2.1,4.3,3.8,-8.5,2.9,6.1,3.0,1.7,2.6,3.2,,-0.3,2.6,0.7,6.0,13.5,3.4,1.3,3.4,-0.4,-0.2,-0.4,-0.2,-0.1,-0.6,2.3,3.2,2.1,1.7,2.0,1.5,4.0,3.1,4.1
2015-02,2.2,2.6,2.3,4.8,6.4,-7.6,-7.9,1.4,4.2,3.8,-12.7,2.5,6.5,3.1,1.8,2.7,3.2,,-0.2,2.7,0.7,6.0,13.5,2.8,1.3,3.4,-0.4,-0.2,-0.4,-0.2,-0.1,-0.5,2.5,3.2,2.1,1.6,2.4,0.6,4.0,2.6,4.3
2015-03,2.3,2.8,2.5,5.1,6.8,-8.0,-8.4,1.7,4.1,4.0,-10.3,2.5,6.5,3.2,1.8,2.7,3.2,,-0.2,2.7,0.7,5.8,13.5,2.7,1.4,3.4,-0.4,-0.2,-0.4,-0.2,-0.1,-0.6,2.7,3.2,2.1,1.6,2.9,1.0,4.0,2.9,4.2
2015-04,0.6,0.8,0.1,5.7,7.7,-10.4,-10.8,-0.8,1.6,1.7,-13.4,0.0,5.0,0.5,0.4,0.7,1.6,,0.2,2.6,-0.2,1.5,13.1,0.1,0.1,1.3,-0.4,-0.2,-0.5,-0.3,-0.1,-0.6,0.0,0.8,0.7,0.8,-0.8,-0.8,1.6,0.9,2.6
2015-05,0.5,0.6,-0.3,6.8,8.9,-10.2,-10.6,-0.5,1.9,1.6,-13.5,0.5,0.3,0.6,0.4,0.7,1.3,,0.4,2.2,-0.2,1.1,13.1,0.0,0.1,1.3,-0.4,-0.2,-0.5,-0.3,-0.2,-0.6,0.3,0.7,0.7,0.8,-0.3,-0.3,1.7,0.6,1.0
2015-06,0.4,0.2,-0.4,4.6,6.3,-9.2,-9.6,-0.4,1.8,1.9,-12.9,0.9,-1.5,0.6,0.5,0.9,1.3,,0.4,2.1,-0.2,1.1,13.1,0.0,0.3,1.8,-0.4,-0.1,-0.5,-0.3,-0.1,-0.6,0.4,0.7,0.7,0.8,0.0,0.6,1.9,-0.2,0.3
2015-07,0.2,0.0,-0.6,4.5,6.2,-9.1,-9.4,-0.3,1.8,1.6,-13.6,1.4,-3.7,0.6,0.5,0.8,0.8,,0.3,1.4,-0.2,0.3,13.1,0.1,0.4,1.8,-0.4,-0.1,-0.4,-0.3,-0.1,-0.6,0.7,0.8,0.6,0.8,0.7,1.1,2.0,-0.6,-0.7
2015-08,0.2,-0.1,-0.8,4.8,6.4,-9.0,-9.3,-0.3,2.0,1.9,-15.5,1.8,-5.1,0.7,0.5,0.9,0.8,,0.3,1.4,0.0,0.3,13.1,0.2,0.5,1.8,-0.3,-0.2,-0.4,-0.3,-0.1,-0.5,0.8,0.8,0.6,0.8,0.8,2.1,2.1,-0.8,-1.1
2015-09,0.0,-0.4,-0.8,2.6,3.8,-7.2,-7.4,-0.1,2.1,1.8,-16.9,2.5,-6.5,0.7,0.5,0.9,0.8,,0.3,1.2,0.1,0.3,13.1,0.1,0.5,1.7,-0.3,-0.1,-0.4,-0.2,-0.1,-0.4,0.9,0.7,0.5,0.8,1.0,3.9,1.9,-1.5,-1.6
2015-10,0.3,0.1,-0.7,6.7,7.7,-1.7,-1.8,-0.2,2.3,1.4,-17.1,2.3,-6.0,0.8,0.4,0.6,0.4,,0.3,0.0,0.1,0.7,13.1,0.1,0.4,1.7,-0.3,-0.1,-0.3,-0.2,-0.1,-0.4,0.6,0.8,2.2,0.8,0.4,3.8,1.5,-0.7,-1.6
2015-11,0.3,0.1,-0.4,4.8,5.4,0.3,0.3,0.2,2.4,1.6,-15.9,2.5,-5.9,0.6,0.5,0.8,0.3,,0.4,0.0,0.1,0.5,13.1,0.1,0.6,1.7,-0.3,-0.2,-0.4,-0.2,-0.1,-0.4,1.0,0.8,2.9,0.8,1.3,4.2,1.7,-0.8,-1.6
2015-12,0.2,-0.1,-0.4,2.9,3.1,1.3,1.3,0.2,2.3,1.5,-15.9,2.6,-5.8,0.8,0.4,0.7,0.3,,0.3,0.0,0.1,0.5,13.1,0.1,0.5,1.7,-0.3,-0.3,-0.3,-0.2,-0.2,-0.3,0.8,0.8,2.6,0.8,0.8,4.2,1.7,-1.1,-1.6
2016-01,-0.1,-0.5,-0.5,1.1,1.0,2.1,2.1,0.1,1.9,1.3,-15.2,1.6,-6.5,0.7,0.3,0.6,0.6,1.1,0.3,0.2,0.6,0.5,6.4,0.0,0.3,1.1,-0.2,-0.2,-0.2,-0.2,-0.2,-0.2,0.5,0.4,4.7,0.7,0.3,1.6,1.8,-1.3,-1.6
2016-02,0.2,0.1,-0.5,4.7,4.8,2.7,2.7,0.4,1.9,1.9,-14.2,1.6,-7.5,0.4,0.4,0.6,0.5,1.1,0.4,0.0,0.6,0.5,6.4,0.1,0.3,1.0,-0.3,-0.3,-0.3,-0.2,-0.2,-0.2,0.7,0.5,4.4,1.1,0.5,1.5,2.2,-0.6,-2.0
2016-03,0.0,-0.4,-1.0,4.7,4.9,3.3,3.3,0.0,1.8,1.6,-17.7,1.6,-8.9,0.4,0.3,0.6,0.5,1.1,0.4,0.0,0.6,0.5,6.4,0.1,0.3,1.1,-0.2,-0.3,-0.2,-0.2,-0.2,-0.2,0.6,0.5,4.4,1.1,0.3,1.2,2.2,-1.2,-2.4
2016-04,-0.3,-1.0,-1.2,1.6,1.4,4.1,4.1,-0.2,1.3,1.6,-14.7,1.1,-9.7,0.4,0.4,0.7,0.8,0.5,0.3,0.6,1.0,0.6,4.8,0.1,0.2,1.0,-0.3,-0.4,-0.3,-0.3,-0.3,-0.2,0.6,0.5,4.5,1.0,0.3,0.6,2.1,-1.9,-2.4
2016-05,-0.5,-1.3,-1.3,0.1,-0.2,3.5,3.5,-0.3,1.0,1.7,-14.8,1.0,-9.5,0.4,0.4,0.7,0.8,0.5,0.2,0.6,1.0,0.5,4.7,0.1,0.3,1.0,-0.3,-0.4,-0.3,-0.3,-0.3,-0.3,0.7,0.6,4.5,1.0,0.5,0.7,2.0,-2.3,-2.4
2016-06,-0.4,-1.1,-1.2,1.0,0.8,3.8,3.8,-0.3,1.2,1.5,-13.2,0.7,-9.3,0.2,0.4,0.7,0.8,0.5,0.2,0.6,1.0,0.5,4.9,0.2,0.2,0.9,-0.3,-0.4,-0.3,-0.3,-0.4,-0.2,0.7,0.6,4.5,1.0,0.5,0.0,1.8,-1.9,-2.2
2016-07,-0.4,-1.1,-1.3,1.5,1.2,4.1,4.1,-0.6,1.0,1.6,-13.7,0.1,-8.0,0.4,0.3,0.6,0.8,0.5,0.2,0.6,1.0,0.5,4.9,0.3,0.1,0.9,-0.3,-0.4,-0.3,-0.3,-0.4,-0.3,0.4,0.6,4.5,1.0,0.0,-1.0,1.8,-1.7,-1.8
2016-08,-0.5,-1.2,-1.2,-0.1,-0.5,4.5,4.5,-0.6,0.9,1.6,-12.0,-0.1,-7.4,0.3,0.2,0.5,0.6,0.5,0.2,0.6,0.7,0.1,4.9,0.3,0.1,0.8,-0.4,-0.4,-0.4,-0.4,-0.4,-0.4,0.4,0.6,4.6,1.0,-0.2,-1.3,1.8,-1.8,-1.7
2016-09,-0.5,-1.2,-1.2,0.2,-0.1,4.1,4.1,-0.8,0.7,0.8,-9.3,-0.9,-6.3,0.4,0.3,0.5,0.7,0.5,0.2,0.6,0.7,0.4,4.9,0.3,0.1,0.7,-0.4,-0.4,-0.4,-0.4,-0.4,-0.4,0.4,0.6,4.6,1.0,0.0,-3.1,1.3,-1.4,-1.3
2016-10,0.1,0.0,-1.1,7.3,7.6,4.6,4.6,-0.6,0.4,0.6,-8.0,-0.3,-6.4,0.2,0.3,0.5,0.6,0.5,0.2,0.6,0.7,0.0,4.9,0.1,0.2,0.7,-0.4,-0.4,-0.5,-0.4,-0.4,-0.6,0.7,0.6,1.5,1.0,0.5,-2.2,1.5,0.1,-1.4
2016-11,0.5,0.8,-1.0,12.7,13.5,4.4,4.4,-0.4,0.3,0.5,-4.9,-0.5,-6.5,0.1,0.2,0.4,0.5,0.5,0.2,0.6,0.7,-0.1,4.9,0.1,0.0,0.5,-0.4,-0.4,-0.5,-0.4,-0.4,-0.5,0.4,0.6,0.3,1.0,0.1,-2.4,1.3,1.2,-1.5
2016-12,0.3,0.5,-0.7,8.3,8.7,5.0,5.0,-0.1,0.3,0.1,0.5,-0.8,-6.1,0.1,0.2,0.4,0.5,0.5,0.2,0.6,0.7,-0.2,4.9,0.1,0.0,0.5,-0.4,-0.3,-0.5,-0.4,-0.3,-0.5,0.4,0.6,0.3,1.0,0.2,-2.4,0.8,0.9,-1.4
2017-01,0.4,0.7,0.0,5.3,5.4,4.9,4.9,0.7,0.3,0.5,9.2,-0.6,-5.5,0.2,0.2,0.5,0.6,0.5,0.2,0.9,0.7,-0.2,4.9,0.1,0.1,0.4,-0.4,-0.3,-0.5,-0.4,-0.3,-0.6,0.5,0.6,0.1,0.9,0.3,-2.0,1.0,1.1,-1.1
2017-02,0.3,0.4,0.4,1.6,1.3,4.5,4.5,0.9,0.4,0.9,13.2,-0.8,-4.3,0.5,0.1,0.2,0.7,0.5,0.2,0.9,0.7,0.0,4.9,0.1,-0.1,0.4,-0.4,-0.2,-0.5,-0.4,-0.3,-0.6,-0.1,0.4,0.6,0.4,-0.6,-2.5,1.1,0.8,-0.7
2017-03,0.2,0.4,0.4,0.6,0.2,4.9,4.9,0.7,0.4,0.5,16.2,-1.8,-2.6,0.3,0.1,0.3,0.6,0.5,0.3,0.9,0.7,-0.2,4.9,0.1,-0.1,0.3,-0.4,-0.3,-0.5,-0.4,-0.3,-0.6,0.1,0.4,0.6,0.4,-0.2,-4.2,0.6,1.1,-0.3
2017-04,0.4,0.8,0.7,1.9,1.6,4.4,4.4,0.8,0.6,0.0,12.8,-1.1,-0.4,0.2,0.0,0.1,-0.1,-0.2,0.3,0.0,0.0,-0.3,0.3,0.1,0.0,0.2,-0.4,-0.2,-0.5,-0.3,-0.2,-0.6,0.2,0.3,0.5,0.7,0.0,-2.6,0.3,1.5,-0.1
2017-05,0.4,0.8,0.9,1.4,1.0,5.0,5.0,0.7,0.6,0.2,11.2,-1.1,1.1,0.4,0.0,0.1,0.0,-0.2,0.3,0.0,0.0,-0.3,0.4,0.1,0.0,0.2,-0.4,-0.1,-0.5,-0.3,-0.2,-0.5,0.3,0.3,0.5,0.7,0.3,-2.5,0.3,1.5,0.3
2017-06,0.4,0.9,1.0,1.2,0.9,4.6,4.6,0.5,0.8,0.3,6.6,-1.0,3.1,0.7,-0.1,-0.1,0.0,-0.2,0.4,0.0,0.0,0.0,-0.4,0.0,-0.2,0.1,-0.4,-0.1,-0.5,-0.3,-0.2,-0.5,-0.2,0.3,0.5,0.5,-0.7,-2.1,0.5,1.5,0.9
2017-07,0.4,1.0,1.1,0.3,-0.1,4.8,4.8,0.6,0.9,0.2,6.6,-0.8,4.3,0.5,-0.1,0.0,0.1,-0.2,0.4,0.1,0.0,0.1,-0.5,0.0,-0.1,0.1,-0.3,-0.1,-0.4,-0.2,-0.2,-0.4,0.0,0.3,0.5,0.5,-0.4,-1.7,0.4,1.5,1.3
2017-08,0.7,1.4,1.4,1.6,1.3,4.9,4.9,0.8,0.8,0.8,7.6,-0.7,5.5,0.3,0.0,0.1,0.6,-0.2,0.4,0.1,2.7,-0.2,-0.5,0.6,-0.2,0.1,-0.3,-0.1,-0.4,-0.2,-0.2,-0.4,-0.3,0.3,0.3,0.5,-0.9,-1.5,0.6,2.0,1.9
2017-09,0.7,1.5,1.5,1.9,1.6,4.4,4.4,0.7,0.8,-0.2,7.2,-0.4,6.5,0.4,0.0,0.1,0.7,-0.2,0.4,0.1,2.7,0.2,-0.5,0.7,-0.2,0.2,-0.3,-0.2,-0.3,-0.2,-0.2,-0.4,-0.4,0.3,0.3,0.6,-1.2,-0.6,0.0,2.1,2.3
2017-10,0.2,0.4,1.7,-6.3,-7.2,4.2,4.2,1.0,1.0,-0.1,9.4,-0.2,6.5,0.4,0.0,0.1,0.8,-0.3,0.5,0.1,2.8,0.6,-0.5,0.7,-0.3,0.2,-0.3,-0.2,-0.3,-0.2,-0.2,-0.3,-0.5,0.3,0.0,0.6,-1.4,0.0,-0.2,0.6,2.4
2017-11,0.6,1.1,1.8,-2.6,-3.3,5.6,5.6,1.2,1.0,-0.3,10.1,0.0,6.0,1.0,0.1,0.2,0.9,-0.3,0.4,0.1,2.8,0.7,-0.5,0.7,-0.1,0.4,-0.2,-0.2,-0.3,-0.2,-0.2,-0.2,-0.2,0.3,0.1,0.6,-0.9,0.0,-0.3,1.5,2.3
2017-12,1.0,2.0,1.8,3.9,3.8,5.5,5.5,1.2,1.0,-0.2,9.0,0.0,5.5,1.1,0.1,0.2,0.9,-0.3,0.4,0.1,2.8,0.9,-0.5,0.6,-0.2,0.5,-0.2,-0.2,-0.3,-0.2,-0.2,-0.2,-0.4,0.3,0.0,0.6,-1.3,-0.3,0.1,2.8,2.2
2018-01,1.4,2.7,1.7,8.5,8.8,5.4,5.4,1.1,1.2,0.4,7.3,0.0,5.1,1.0,0.1,0.2,0.7,-0.3,0.3,-0.4,2.8,0.8,-0.5,0.6,-0.1,0.5,-0.2,-0.2,-0.2,-0.2,-0.2,-0.2,-0.2,0.4,0.3,0.6,-0.9,-0.1,0.5,3.6,1.9
2018-02,1.5,2.7,1.8,8.2,8.4,6.1,6.1,1.3,1.1,0.1,9.2,0.2,4.5,0.9,0.3,0.5,0.6,-0.3,0.3,-0.4,2.8,0.6,-0.5,0.6,0.2,0.6,-0.2,-0.2,-0.3,-0.2,-0.2,-0.2,0.5,0.5,-0.1,0.5,0.5,0.2,0.3,3.6,1.7
2018-03,1.1,2.0,1.6,4.5,4.4,5.7,5.7,1.3,1.0,-0.4,7.0,0.8,4.0,1.0,0.2,0.4,0.7,-0.3,0.3,-0.4,2.8,0.9,-0.5,0.5,0.0,0.7,-0.2,-0.2,-0.2,-0.2,-0.2,-0.2,0.1,0.5,0.1,0.5,-0.3,1.8,0.0,2.5,1.6
2018-04,0.6,1.0,1.3,0.0,-0.5,6.1,6.1,0.9,1.0,-0.3,7.0,-0.3,3.4,1.0,0.3,0.5,1.0,0.2,0.3,0.0,3.2,1.0,-0.6,0.6,0.0,0.9,-0.2,-0.2,-0.1,-0.2,-0.3,-0.1,0.0,0.5,0.2,0.5,-0.6,-1.0,0.1,1.5,1.7
2018-05,0.7,1.1,1.2,0.3,-0.2,5.8,5.8,1.0,0.9,-0.5,9.1,-0.3,2.8,0.9,0.2,0.4,0.9,0.2,0.2,0.0,3.2,0.8,-0.6,0.6,0.0,1.0,-0.1,-0.2,-0.1,-0.2,-0.2,-0.1,-0.1,0.5,0.2,0.5,-0.7,-0.9,0.0,1.6,1.5
2018-06,0.7,1.1,1.4,0.2,-0.4,6.4,6.4,1.1,0.4,-0.7,13.6,-0.2,2.6,0.8,0.3,0.4,0.9,0.2,0.2,0.0,3.2,0.7,-0.4,0.5,0.0,1.0,-0.1,-0.2,-0.1,-0.2,-0.2,0.0,-0.1,0.5,0.2,0.7,-0.7,-1.0,-0.2,1.8,1.4
2018-07,0.9,1.7,1.5,3.4,3.1,6.0,6.0,1.3,0.5,-0.4,14.3,-0.1,2.2,0.8,0.2,0.3,0.9,0.2,0.2,0.0,3.2,0.7,-0.4,0.6,-0.1,1.0,-0.2,-0.2,-0.2,-0.2,-0.2,-0.1,-0.3,0.6,0.2,0.7,-1.2,-0.7,0.1,2.4,1.3
2018-08,1.3,2.1,1.5,5.7,5.8,5.6,5.6,1.2,0.6,-0.7,13.9,-0.3,2.6,0.9,0.5,0.7,0.6,0.2,0.1,0.0,1.7,0.8,-0.4,0.0,0.4,1.1,-0.2,-0.2,-0.2,-0.2,-0.2,-0.1,0.9,0.6,0.2,0.7,1.1,-0.8,-0.1,3.0,1.2
2018-09,1.2,2.1,1.7,4.1,4.0,4.8,4.8,1.5,0.8,-0.5,14.8,0.1,3.0,0.9,0.2,0.4,0.5,0.2,0.1,0.0,1.6,0.7,-0.4,-0.1,0.1,1.0,-0.2,-0.2,-0.1,-0.2,-0.2,-0.1,0.2,0.6,0.2,0.6,-0.2,-0.3,0.1,2.9,1.2
2018-10,1.4,2.6,1.9,6.8,7.2,2.7,2.7,1.7,0.7,-0.1,15.5,0.1,3.7,0.9,0.2,0.4,0.5,0.2,0.0,0.3,1.6,0.2,-0.4,0.2,0.2,1.0,-0.2,-0.2,-0.1,-0.2,-0.2,-0.1,0.3,0.5,0.3,0.6,0.0,-0.9,0.5,3.6,1.6
2018-11,0.8,1.4,1.6,-0.4,-0.6,1.3,1.3,1.3,0.8,-0.4,11.9,0.0,4.6,0.4,0.3,0.5,0.5,0.2,0.1,0.3,1.6,0.3,-0.4,0.2,0.2,1.1,-0.2,-0.2,-0.2,-0.2,-0.2,-0.2,0.3,0.6,0.2,0.6,0.0,-0.7,0.2,2.0,1.9
2018-12,0.3,0.2,1.2,-5.3,-5.9,0.8,0.8,0.7,0.5,-0.2,5.5,0.0,5.3,0.3,0.3,0.5,0.5,0.2,0.1,0.3,1.6,0.0,-0.4,0.4,0.2,1.1,-0.1,-0.2,-0.1,-0.1,-0.1,-0.1,0.4,0.6,0.2,0.6,0.2,-0.2,-0.3,0.4,2.0
2019-01,0.2,-0.1,1.1,-6.3,-6.9,0.5,0.5,0.3,0.5,-0.2,1.7,0.0,6.1,1.8,0.5,0.8,0.9,0.2,0.2,1.3,1.6,0.3,-0.4,0.5,0.4,1.1,-0.1,-0.1,-0.1,-0.1,-0.1,-0.1,0.7,0.6,0.2,0.6,0.7,-0.4,-0.3,-0.1,2.6
2019-02,0.2,-0.1,1.1,-6.3,-6.9,0.1,0.1,0.3,0.5,-0.1,-0.3,0.2,6.6,1.8,0.4,0.7,0.9,0.2,0.1,1.3,1.6,0.3,-0.4,0.5,0.3,1.0,-0.1,-0.1,-0.1,-0.1,-0.1,-0.1,0.4,0.6,0.2,0.6,0.3,0.4,-0.2,-0.1,2.7
2019-03,0.5,0.7,1.3,-3.1,-3.4,0.0,0.0,0.6,0.6,0.1,1.6,0.5,6.4,1.9,0.3,0.5,0.9,0.2,0.1,1.3,1.6,0.1,-0.5,0.5,0.1,1.1,-0.1,-0.1,-0.1,-0.1,0.0,-0.1,0.1,0.6,0.4,0.7,-0.6,0.6,0.0,0.8,2.6
2019-04,0.9,1.2,1.4,0.3,0.3,-0.1,-0.1,0.8,0.8,0.2,2.3,0.6,5.2,2.1,0.5,0.7,0.7,-0.2,0.2,1.2,1.0,0.0,-0.7,0.7,0.4,1.1,-0.1,-0.1,0.0,-0.1,0.0,-0.1,0.7,0.9,0.3,0.8,0.6,1.0,0.0,1.5,2.2
2019-05,0.7,1.1,1.2,0.4,0.5,0.0,0.0,0.8,0.9,0.1,3.0,0.5,3.5,2.4,0.3,0.5,0.7,-0.1,0.2,1.2,1.0,0.1,-0.7,0.7,0.2,1.1,-0.1,-0.1,0.0,-0.1,-0.1,-0.1,0.2,1.1,0.3,0.8,-0.5,0.6,-0.1,1.4,1.7
2019-06,0.7,1.0,0.8,2.1,2.3,-0.2,-0.2,0.5,1.2,0.2,-1.3,0.2,2.6,2.6,0.4,0.5,0.8,-0.1,0.2,1.3,1.0,0.1,-0.1,0.7,0.2,1.0,0.0,0.0,0.0,0.0,0.0,0.0,0.2,1.0,0.2,0.8,-0.5,0.2,0.0,1.3,1.5
2019-07,0.5,0.8,0.9,0.0,0.0,-0.2,-0.2,0.6,1.3,0.4,-2.7,0.7,2.5,2.6,0.3,0.4,0.8,-0.1,0.2,1.3,1.0,0.0,0.0,0.9,0.1,1.0,0.0,-0.1,0.0,0.0,0.0,0.0,0.0,1.1,0.2,0.8,-0.9,1.1,0.2,0.8,1.4
2019-08,0.3,0.3,0.8,-2.4,-2.6,-0.2,-0.2,0.6,1.1,0.6,-3.1,1.0,1.5,2.9,0.2,0.3,0.6,-0.1,0.3,1.3,-0.1,0.2,0.0,0.9,0.1,0.9,0.0,0.0,0.0,0.0,0.0,0.0,-0.1,1.2,0.2,0.8,-1.2,1.5,0.3,0.1,1.0
2019-09,0.2,0.2,0.4,-1.1,-1.2,0.4,0.4,0.3,1.1,0.4,-4.7,0.8,0.2,2.9,0.3,0.4,0.6,-0.1,0.3,1.3,-0.1,0.1,0.0,1.3,0.1,1.0,0.0,0.0,0.0,0.0,0.0,-0.1,0.0,1.2,0.2,0.8,-1.1,1.2,0.0,0.1,0.7
2019-10,0.2,0.4,0.8,-1.6,-1.8,0.8,0.8,1.0,1.4,1.4,-5.0,1.8,-0.9,3.6,0.0,0.0,-2.7,-0.1,0.3,2.8,-10.1,1.9,-61.4,1.8,1.0,3.2,0.0,0.0,0.0,0.0,0.0,-0.1,1.3,3.2,1.8,1.2,0.2,1.7,1.3,0.1,-2.1
2019-11,0.5,1.0,1.1,0.7,0.7,0.6,0.6,1.1,1.4,1.7,-4.7,2.0,0.1,3.4,0.1,0.1,-2.6,-0.1,0.3,3.1,-10.1,2.1,-61.4,1.8,1.0,3.3,0.0,0.1,0.0,0.0,0.1,0.0,1.3,3.3,2.2,1.2,0.0,2.0,1.5,0.7,-1.7
2019-12,0.8,1.5,1.4,2.0,2.2,0.7,0.7,1.6,1.5,1.1,0.2,2.2,-0.6,3.4,0.2,0.2,-2.6,-0.1,0.3,3.1,-10.1,2.1,-61.4,1.5,1.1,3.3,0.0,0.1,0.0,0.0,0.1,-0.1,1.6,3.4,2.2,1.2,0.6,1.9,1.8,1.3,-1.9
2020-01,0.7,1.3,1.6,-0.4,-0.5,0.8,0.8,2.1,1.5,1.1,5.3,2.3,-1.5,2.0,0.0,0.0,-2.6,-0.1,0.3,3.1,-10.1,2.1,-61.4,1.5,1.0,3.3,0.0,0.1,0.0,0.0,0.1,0.0,1.2,3.4,2.2,1.2,-0.2,1.8,1.9,1.1,-2.2
2020-02,0.4,1.0,1.3,-0.3,-0.5,1.1,1.1,1.8,1.4,0.8,4.5,1.9,-2.4,2.1,-0.1,-0.2,-2.5,-0.1,0.3,3.0,-10.1,2.4,-61.4,1.5,0.7,3.3,0.1,0.1,0.0,0.0,0.1,0.0,0.7,3.4,2.1,1.1,-1.2,1.0,1.6,0.9,-2.4
2020-03,0.4,0.9,0.9,0.7,0.6,0.9,0.9,1.4,1.2,1.1,1.0,1.9,-2.6,2.1,0.0,-0.1,-2.5,-0.1,0.4,3.0,-10.1,2.4,-61.3,1.4,0.8,3.2,0.1,0.2,0.0,0.0,0.1,-0.1,1.0,3.4,2.0,1.1,-0.6,1.0,1.7,0.7,-2.4
2020-04,0.1,0.7,0.2,4.1,4.4,0.5,0.5,0.5,0.8,1.1,-7.2,1.7,-2.2,2.1,-0.6,-0.8,-3.2,-1.0,0.3,1.8,-10.6,2.3,-62.1,1.3,0.3,2.9,0.1,0.1,0.0,0.0,0.1,-0.1,-0.2,3.0,2.2,-1.4,-1.9,0.9,1.6,0.6,-2.8
2020-05,0.1,0.5,0.0,3.9,4.3,0.6,0.6,0.1,1.0,1.2,-13.0,2.1,-2.0,1.8,-0.4,-0.6,-3.0,-1.1,0.2,1.7,-10.6,3.1,-62.1,1.3,0.5,2.8,0.1,0.1,0.0,0.1,0.2,-0.1,0.3,2.9,2.1,-1.9,-0.7,1.5,1.8,0.1,-2.6
2020-06,0.1,0.5,0.3,2.4,2.6,0.5,0.5,0.4,0.7,0.9,-10.2,2.5,-1.7,1.6,-0.3,-0.5,-3.1,-2.0,0.1,1.6,-10.6,2.9,-62.1,1.4,0.7,2.9,0.0,0.1,0.0,0.1,0.2,0.0,0.7,2.9,2.3,-2.0,0.2,2.2,1.8,0.0,-2.6
2020-07,0.3,0.8,0.2,4.6,5.0,0.5,0.5,0.4,0.3,1.1,-8.0,2.3,-2.0,1.4,-0.2,-0.3,-3.4,-3.1,0.1,1.5,-10.6,2.1,-62.1,1.1,1.0,2.9,0.0,0.1,0.0,0.1,0.2,-0.1,1.4,2.7,2.3,-1.7,1.6,2.1,1.9,0.4,-2.8
2020-08,0.2,1.4,0.3,8.0,8.7,0.8,0.8,0.6,0.3,1.1,-5.5,2.1,-2.1,1.2,-1.0,-1.5,-3.5,-3.2,0.1,1.5,-10.6,1.7,-62.1,1.0,-0.1,2.9,0.0,0.1,0.0,0.1,0.2,0.0,-1.4,2.7,2.3,-1.8,-4.0,1.7,2.1,1.2,-2.9
2020-09,0.0,1.0,0.3,4.9,5.4,-0.2,-0.2,0.6,0.1,1.2,-4.5,2.2,-2.5,1.4,-0.9,-1.3,-3.5,-3.3,0.1,1.6,-10.6,1.7,-62.1,0.9,0.0,2.8,0.0,0.1,-0.1,0.1,0.1,-0.1,-1.0,2.7,2.3,-1.8,-3.2,1.7,2.3,0.6,-3.1
2020-10,-0.4,0.0,-0.5,3.5,3.9,-0.8,-0.8,-0.3,0.0,0.0,-7.8,1.1,-3.2,1.3,-0.8,-1.2,-0.3,-5.2,0.2,-0.1,-0.6,0.2,-1.8,-1.0,-1.0,0.7,0.0,0.1,-0.1,0.1,0.2,-0.1,-2.8,0.7,0.8,-2.2,-5.5,0.8,0.9,-0.3,-0.9
2020-11,-0.9,-1.0,-1.0,-0.5,-0.4,-1.5,-1.5,-0.4,-0.2,-0.2,-8.2,1.1,-6.0,1.5,-0.9,-1.3,-0.5,-5.3,0.1,-0.4,-0.6,0.1,-1.8,-0.9,-1.0,0.4,0.0,0.1,-0.1,0.1,0.1,-0.1,-2.7,0.5,0.6,-2.3,-5.1,0.6,0.9,-1.6,-1.9
2020-12,-1.2,-1.5,-1.2,-2.4,-2.5,-1.7,-1.7,-0.5,-0.2,0.1,-8.0,0.7,-6.9,1.4,-0.9,-1.3,-0.5,-5.3,0.2,-0.4,-0.6,0.0,-1.8,-0.9,-1.0,0.3,-0.1,0.1,-0.1,0.0,0.1,-0.1,-2.7,0.4,0.6,-2.3,-5.0,0.2,0.4,-2.1,-2.1
2021-01,-0.7,-1.3,-1.4,0.1,0.4,-2.4,-2.4,-0.8,-0.4,-0.2,-8.5,0.2,-7.3,1.5,0.0,0.0,-0.3,-9.0,0.1,0.4,-0.6,0.0,-2.7,-1.3,0.1,0.2,-0.1,0.1,-0.2,0.0,0.1,-0.2,0.2,0.4,0.6,-3.4,1.4,-0.3,0.1,-1.7,-2.2
2021-02,-0.5,-0.9,-1.1,0.5,0.8,-2.5,-2.5,-0.4,-0.3,0.1,-5.8,0.4,-6.9,1.4,0.0,-0.1,-0.3,-9.0,0.1,0.4,-0.6,-0.1,-2.7,-1.3,0.1,0.2,-0.1,0.2,-0.1,0.1,0.2,-0.1,-0.1,0.4,0.4,-3.3,0.9,-0.2,0.8,-1.4,-2.1
2021-03,-0.4,-0.7,-0.6,-0.4,-0.2,-2.4,-2.4,0.0,-0.2,0.0,0.0,0.3,-6.2,1.5,-0.1,-0.2,-0.2,-9.0,0.1,0.6,-0.6,0.0,-2.7,-1.3,-0.1,0.2,-0.1,0.1,-0.2,0.1,0.2,-0.2,-0.4,0.3,1.5,-3.4,0.2,-0.5,0.5,-0.9,-1.8
2021-04,-1.1,-0.4,0.2,-3.8,-3.9,-2.5,-2.5,0.8,-0.3,-0.5,10.6,0.5,-4.4,1.6,-1.8,-2.7,0.5,-0.5,0.0,1.6,-0.3,-0.1,0.0,-1.3,-2.6,0.2,-0.1,0.2,-0.2,0.2,0.3,-0.2,-6.6,0.4,2.0,0.8,-14.3,-0.5,0.4,-0.5,-0.8
2021-05,-0.8,0.2,0.7,-3.0,-3.0,-2.8,-2.8,1.1,-0.3,-0.5,15.7,0.4,-1.7,1.6,-1.8,-2.7,0.5,0.1,0.0,1.7,-0.3,-0.1,0.0,-1.3,-2.5,0.2,-0.2,0.1,-0.3,0.1,0.2,-0.2,-6.4,0.4,2.2,1.3,-14.1,-0.4,0.4,0.3,0.0
2021-06,-0.5,0.8,0.8,0.5,0.8,-2.7,-2.7,1.0,-0.3,-0.3,14.9,0.1,-0.5,1.5,-1.7,-2.5,0.6,1.8,0.1,1.8,-0.3,0.1,0.0,-1.3,-2.5,0.3,-0.2,0.1,-0.3,0.1,0.2,-0.3,-6.3,0.4,0.3,1.6,-13.9,-0.8,0.4,1.1,0.5
2021-07,-0.3,0.8,1.2,-2.3,-2.3,-2.7,-2.7,1.4,0.0,0.0,16.6,0.4,0.7,3.3,-1.5,-2.2,0.9,3.3,0.0,2.1,-0.3,0.7,0.0,-1.3,-2.2,0.4,-0.2,0.1,-0.3,0.1,0.2,-0.2,-5.7,0.3,0.6,1.3,-12.5,-0.3,0.5,1.1,1.0
2021-08,-0.4,0.5,1.4,-4.7,-4.8,-3.2,-3.2,1.4,0.2,0.0,14.2,0.6,1.4,3.2,-1.3,-2.0,0.8,3.4,0.1,2.0,-0.2,0.5,0.0,-1.3,-2.1,0.3,-0.1,0.1,-0.3,0.1,0.2,-0.2,-5.4,0.4,0.9,1.4,-12.0,-0.1,0.3,0.7,1.2
2021-09,0.2,1.8,1.7,1.8,2.2,-3.2,-3.2,1.4,0.5,-0.8,14.1,0.5,3.9,3.2,-1.4,-2.2,0.9,3.5,0.1,1.9,-0.2,1.1,0.0,-1.3,-2.2,0.3,-0.1,0.1,-0.2,0.2,0.2,-0.1,-5.8,0.4,0.2,1.3,-13.0,0.2,-0.3,2.4,2.0
2021-10,0.1,1.9,2.2,-0.3,0.1,-4.3,-4.3,1.7,0.8,-0.7,18.3,0.3,6.2,2.4,-1.8,-2.7,0.9,5.4,0.1,1.7,-0.6,0.9,0.0,0.1,-2.7,0.3,-0.1,0.1,-0.2,0.1,0.2,-0.1,-6.9,0.5,0.3,1.3,-15.5,-0.2,-0.2,2.7,2.5
2021-11,0.6,3.0,2.9,2.4,3.0,-4.8,-4.8,2.2,1.2,-0.5,23.6,0.2,9.0,2.4,-1.8,-2.7,0.7,5.5,0.1,1.7,-0.6,0.2,0.0,0.1,-2.6,0.6,-0.1,0.1,-0.2,0.1,0.2,-0.1,-6.8,0.8,0.2,1.4,-15.6,-0.2,-0.2,4.2,3.3
2021-12,0.8,3.4,3.0,4.9,6.0,-5.6,-5.6,2.0,1.2,-0.6,20.7,0.0,11.4,2.5,-1.9,-2.8,0.8,5.5,0.1,1.7,-0.6,0.6,0.0,0.1,-2.7,0.6,0.0,0.1,-0.1,0.1,0.2,-0.1,-7.2,0.8,0.2,1.4,-16.2,-0.6,-0.1,4.8,4.0
2022-01,0.5,3.7,3.5,4.1,5.0,-5.1,-5.1,2.3,1.4,0.8,20.3,0.3,13.5,2.5,-2.7,-4.1,-0.5,5.5,0.1,-1.3,-0.6,0.3,0.0,0.1,-3.5,0.8,0.0,0.1,-0.1,0.1,0.2,0.0,-9.0,0.9,0.2,1.4,-19.8,-0.3,0.9,5.0,3.6
2022-02,0.9,4.5,4.0,6.1,7.2,-5.1,-5.1,2.6,1.8,0.8,20.6,0.4,16.8,2.5,-2.6,-3.9,-0.5,5.5,0.1,-1.3,-0.6,0.4,0.0,0.1,-3.3,0.9,-0.1,0.1,-0.1,0.0,0.1,-0.1,-8.6,1.1,0.3,1.4,-19.1,0.0,0.6,6.1,4.6
2022-03,1.2,5.0,4.4,6.9,8.1,-5.9,-5.9,2.8,2.4,0.0,18.5,0.9,18.5,2.6,-2.5,-3.7,-0.6,5.5,0.1,-1.5,-0.6,0.4,0.0,0.1,-3.2,1.0,0.0,0.1,-0.1,0.1,0.1,-0.1,-8.3,1.2,0.4,1.5,-18.5,1.2,0.5,6.5,5.0
2022-04,2.5,5.3,4.7,7.1,8.4,-5.6,-5.6,3.3,3.1,0.3,15.7,1.7,17.6,2.5,-0.3,-0.5,-0.6,-0.1,0.2,-0.8,-1.5,0.5,0.0,0.1,-0.2,1.9,0.0,0.1,-0.1,0.0,0.1,-0.1,-1.2,1.8,0.1,0.9,-4.5,2.7,0.7,6.6,4.9
2022-05,2.5,5.1,4.5,7.4,8.7,-5.9,-5.9,3.2,3.1,0.7,13.9,1.9,15.9,2.5,-0.3,-0.5,-0.7,-0.6,0.0,-0.8,-1.5,0.0,0.0,0.0,-0.2,2.3,0.1,0.2,0.1,0.0,0.1,0.0,-1.2,2.0,0.2,0.8,-4.7,2.8,1.1,6.3,4.4
2022-06,2.4,4.9,4.8,4.3,5.3,-6.6,-6.6,3.6,3.7,0.7,13.3,2.2,15.4,2.4,-0.3,-0.4,-0.7,-0.6,0.1,-0.7,-1.5,-0.1,0.0,0.1,-0.2,2.8,0.1,0.2,0.1,0.0,0.1,0.0,-1.3,2.3,0.2,0.7,-5.0,3.1,1.3,5.9,4.3
2022-07,2.6,5.4,5.2,5.2,6.3,-6.1,-6.1,4.0,4.3,0.8,10.2,3.1,16.6,0.9,-0.2,-0.4,-0.7,-0.6,0.1,-0.9,-1.5,0.0,0.0,0.1,-0.1,3.4,0.1,0.2,0.0,0.0,0.1,0.0,-1.3,2.5,0.2,0.7,-5.2,4.4,1.6,6.3,4.6
2022-08,3.0,5.7,5.5,5.6,6.7,-5.7,-5.7,4.1,4.6,1.0,9.1,3.3,17.9,0.9,0.2,0.2,-0.6,-0.6,0.1,-0.9,-1.5,0.7,0.0,0.1,0.4,3.8,0.1,0.2,0.0,0.0,0.1,0.0,-0.1,2.6,0.2,0.7,-2.4,5.0,1.9,6.5,5.0
2022-09,3.0,5.6,5.9,2.3,2.9,-4.5,-4.5,4.7,5.1,1.7,9.1,4.1,17.4,0.9,0.2,0.3,-0.9,-1.5,0.1,-1.1,-1.5,0.1,0.0,0.0,0.6,4.1,0.0,0.2,0.0,0.0,0.1,-0.1,0.2,2.9,0.3,0.7,-2.0,5.7,2.6,6.1,4.8
2022-10,3.7,6.5,6.4,6.5,7.3,-1.8,-1.8,5.1,6.3,2.0,5.5,4.4,17.4,0.9,0.8,1.2,0.1,-1.8,0.1,0.3,-0.2,0.2,0.0,0.0,1.1,5.5,0.1,0.3,0.0,0.0,0.1,0.0,1.0,3.4,0.3,0.7,-0.7,6.2,3.1,7.2,5.3
2022-11,3.8,6.7,6.7,6.2,6.8,-0.1,-0.1,5.4,7.5,2.6,1.6,4.9,17.3,0.9,0.7,1.0,0.3,-2.6,0.2,0.6,-0.2,0.6,0.0,0.0,0.9,5.8,0.1,0.3,0.0,0.1,0.2,0.0,0.3,3.3,0.4,0.7,-2.3,6.6,3.6,7.3,5.5
2022-12,4.0,7.1,7.3,5.4,5.7,1.4,1.4,5.9,8.0,2.8,3.1,5.1,18.9,0.9,0.8,1.1,0.2,-4.3,0.1,0.6,-0.3,0.5,0.0,0.0,1.0,6.4,0.1,0.3,0.0,0.1,0.1,0.0,0.4,3.6,0.3,0.7,-2.3,6.9,3.8,7.8,6.0
2023-01,4.3,7.2,7.2,7.0,7.5,1.2,1.2,5.7,7.7,3.1,2.0,5.2,18.6,0.9,1.2,1.7,0.5,-5.1,0.1,1.4,-0.2,0.4,0.0,0.1,1.4,6.5,0.1,0.2,0.0,0.0,0.1,0.0,1.6,3.7,0.3,0.7,0.3,6.8,4.0,7.9,6.1
2023-02,3.3,5.1,5.0,6.7,7.1,1.4,1.4,5.8,8.1,3.3,-0.6,5.5,-0.9,0.9,1.3,1.9,0.5,-5.9,0.1,1.5,-0.2,0.3,0.0,0.1,1.5,7.2,0.1,0.2,0.0,0.1,0.1,0.0,1.7,3.7,0.3,1.0,0.6,6.6,4.4,4.9,0.1
2023-03,3.2,4.8,4.8,6.9,7.3,2.6,2.6,5.9,8.3,3.5,-2.7,6.0,-3.9,1.0,1.5,2.2,0.6,-6.6,0.1,1.6,-0.2,0.7,0.0,0.1,1.8,7.6,0.0,0.1,0.0,0.0,0.0,0.0,2.3,3.9,0.4,1.0,1.7,6.4,4.6,4.6,-0.8
2023-04,3.5,5.1,5.1,7.2,7.6,2.8,2.8,6.4,9.3,3.8,-1.9,6.1,-5.1,0.9,1.7,2.4,0.7,-5.1,0.2,0.7,0.2,2.1,0.0,0.2,2.0,7.3,0.1,0.1,0.0,0.1,0.1,0.0,2.8,3.6,0.7,1.4,2.9,6.4,4.8,4.9,-1.2
2023-05,3.2,4.7,4.6,7.1,7.4,3.4,3.4,6.7,9.6,3.8,-0.9,6.2,-10.9,2.5,1.7,2.5,0.8,-5.6,0.2,1.0,0.2,2.2,0.0,0.2,2.0,7.1,0.0,0.1,-0.1,0.0,0.1,0.0,2.9,3.7,0.8,1.5,3.1,6.4,4.8,4.3,-3.0
2023-06,3.3,4.9,4.9,6.2,6.4,4.3,4.3,6.8,9.8,4.3,-1.0,6.1,-8.7,3.5,1.6,2.3,0.7,-6.7,0.2,0.8,0.2,2.2,0.0,0.2,1.9,6.7,0.1,0.1,0.0,0.1,0.1,0.1,2.7,3.6,0.8,1.5,2.7,5.8,5.2,4.6,-2.4
2023-07,3.3,4.5,4.3,7.7,8.0,3.8,3.8,6.6,10.1,4.8,0.8,4.8,-12.4,4.5,2.0,2.9,0.7,-7.2,0.3,0.8,0.2,2.3,0.0,0.2,2.4,6.2,0.0,0.1,0.0,0.1,0.1,0.1,4.1,3.5,0.7,1.5,6.0,3.2,5.1,4.6,-3.6
2023-08,3.2,4.2,4.1,6.5,6.7,4.1,4.1,7.1,10.3,5.4,5.1,4.6,-16.1,5.0,2.0,3.0,0.7,-7.2,0.3,0.9,0.2,2.0,0.0,0.2,2.5,6.0,0.1,0.1,0.0,0.1,0.1,0.1,4.4,3.5,0.5,1.5,6.6,2.5,5.6,4.3,-4.9
2023-09,3.0,4.0,3.5,9.0,9.4,4.7,4.7,6.7,9.9,4.1,6.2,4.2,-18.9,5.0,2.0,2.9,0.9,-9.0,0.3,1.3,0.1,2.6,0.0,0.3,2.4,5.8,0.1,0.1,0.1,0.1,0.1,0.1,4.2,3.3,0.8,1.5,6.4,2.2,4.8,4.1,-5.7
2023-10,3.3,4.4,3.6,11.0,11.5,5.1,5.1,5.9,8.6,3.8,3.3,4.3,-13.1,5.5,2.1,3.1,-0.2,-10.4,0.3,-0.2,-0.8,3.0,0.0,-4.6,2.9,4.6,0.1,0.2,0.1,0.1,0.2,0.1,5.9,3.0,0.7,1.5,10.7,2.7,4.4,4.7,-4.5
2023-11,2.8,3.3,2.7,8.5,8.7,5.9,5.9,5.2,7.5,3.5,2.5,3.8,-14.6,5.7,2.3,3.4,-0.3,-9.7,0.3,-0.6,-0.8,3.2,0.0,-4.6,3.2,4.8,0.1,0.1,0.1,0.1,0.1,0.1,6.7,2.8,0.7,1.5,12.8,2.0,3.9,3.4,-5.1
2023-12,2.6,2.8,2.3,7.9,8.0,6.0,6.0,5.1,6.9,3.8,3.4,3.9,-17.1,6.1,2.3,3.3,-0.3,-8.1,0.3,-0.6,-0.7,2.9,0.0,-4.6,3.1,4.2,0.1,0.1,0.1,0.1,0.2,0.1,6.7,2.7,0.8,1.5,12.9,2.2,4.3,2.7,-6.1
2024-01,2.2,2.1,1.9,4.6,4.4,6.2,6.2,5.0,6.7,3.8,3.8,3.7,-18.0,5.8,2.2,3.2,0.0,-8.5,0.4,1.4,-0.8,0.5,0.0,-4.7,2.9,4.0,0.2,0.2,0.1,0.2,0.2,0.2,6.1,2.6,0.8,1.5,11.6,2.1,3.9,1.8,-6.2
2024-02,2.8,3.3,3.4,2.9,2.6,6.8,6.8,4.5,6.1,3.5,3.5,3.3,-4.3,5.9,2.2,3.1,0.0,-8.2,0.4,1.2,-0.8,0.7,-0.3,-4.7,2.9,3.5,0.2,0.2,0.2,0.2,0.2,0.2,6.2,2.6,0.8,1.5,11.7,2.0,3.7,3.5,-1.4
2024-03,2.7,3.3,3.1,4.2,3.9,7.2,7.2,3.8,5.5,2.9,3.3,2.5,-2.5,5.8,2.1,2.9,-0.1,-8.1,0.5,1.2,-0.8,0.3,-0.3,-4.8,2.8,3.1,0.2,0.2,0.2,0.2,0.2,0.2,5.9,2.4,0.9,1.4,11.2,1.2,3.2,3.7,-0.8
2024-04,2.5,3.1,2.6,5.8,5.7,7.9,7.9,3.2,4.1,2.4,3.4,2.4,-1.8,6.3,1.7,2.5,-0.3,-13.4,0.7,2.2,-1.0,-1.2,-4.4,-4.8,2.4,2.9,0.3,0.2,0.3,0.2,0.1,0.4,5.0,2.8,0.9,-0.6,9.6,1.3,3.0,3.5,-0.7
2024-05,2.8,3.9,3.5,5.9,5.6,9.5,9.5,2.9,3.7,2.4,3.4,2.0,8.4,4.7,1.6,2.2,-0.3,-12.6,0.7,2.1,-1.0,-1.3,-4.4,-4.8,2.2,2.8,0.3,0.2,0.3,0.2,0.1,0.4,4.5,2.6,0.8,-0.8,8.6,1.1,2.6,4.6,2.3
2024-06,2.8,3.8,3.5,5.6,5.1,12.3,12.3,2.7,3.0,2.4,3.1,2.3,9.5,4.2,1.7,2.4,0.0,-11.7,0.7,2.1,0.0,-1.1,-4.4,-4.7,2.3,2.8,0.3,0.2,0.3,0.3,0.2,0.4,4.8,2.6,1.0,-0.8,9.3,2.2,2.4,4.4,2.9
2024-07,2.8,4.0,4.0,4.3,3.3,17.2,17.2,2.3,2.3,2.5,2.2,2.2,16.5,3.2,1.4,1.9,-0.1,-11.0,0.7,2.2,0.0,-1.7,-4.4,-4.7,1.8,2.9,0.3,0.2,0.3,0.2,0.2,0.4,3.4,2.9,1.4,-0.8,5.8,2.1,2.7,4.6,4.9
2024-08,3.0,4.5,4.2,7.5,5.9,28.3,28.3,1.9,2.1,2.4,-1.9,2.5,19.7,2.9,1.4,2.0,-0.1,-11.5,0.7,2.1,0.0,-1.8,-4.4,-4.7,2.0,3.2,0.3,0.1,0.4,0.2,0.2,0.4,3.7,3.1,1.4,-0.8,6.1,2.6,2.5,5.1,5.7
2024-09,2.5,3.5,3.3,7.2,4.3,44.7,44.7,1.8,1.8,2.5,-2.8,2.6,11.6,2.9,1.3,1.9,0.0,-9.6,0.7,2.2,0.0,-1.5,-4.4,-4.8,1.8,3.3,0.3,0.1,0.4,0.3,0.1,0.5,3.2,2.9,1.4,-0.8,5.2,2.6,2.7,3.8,3.3
2024-10,2.3,2.9,2.9,6.3,2.2,58.9,58.9,2.1,2.2,2.6,0.7,2.1,3.4,2.3,1.5,2.2,1.0,-8.4,0.8,3.3,0.5,-1.3,-4.4,0.3,1.7,3.4,0.4,0.1,0.5,0.2,0.1,0.5,3.0,2.9,1.3,-0.8,4.8,1.8,2.6,3.1,1.7
2024-11,2.9,4.1,3.7,10.6,6.4,63.6,63.6,2.4,2.7,2.6,1.8,2.1,8.0,2.0,1.5,2.1,1.0,-8.4,0.8,3.4,0.5,-1.4,-4.4,0.3,1.7,2.9,0.4,0.1,0.5,0.3,0.1,0.6,3.1,3.0,1.1,-0.8,4.9,1.6,2.7,4.8,3.1
2024-12,3.6,5.4,4.3,15.6,11.6,64.5,64.5,2.2,2.9,2.9,1.2,1.6,14.5,1.8,1.6,2.3,1.0,-8.3,0.7,3.4,0.5,-1.5,-4.4,0.3,1.8,3.3,0.4,0.1,0.5,0.3,0.1,0.6,3.2,2.9,1.1,-0.8,5.3,0.9,2.6,6.6,5.1
2025-01,4.0,6.3,4.9,19.3,15.2,70.9,70.9,2.8,3.4,2.6,4.0,1.9,14.0,3.9,1.4,1.9,1.4,-7.4,0.7,3.1,0.5,0.9,-4.4,0.3,1.4,3.6,0.3,0.1,0.5,0.2,0.1,0.5,2.1,3.1,1.1,-0.8,2.5,1.4,2.6,7.9,5.2
2025-02,3.7,5.7,4.6,18.5,13.4,80.9,80.9,3.1,3.6,2.6,5.9,2.0,7.1,3.6,1.3,1.9,1.5,-7.0,0.7,3.2,0.5,0.8,-4.1,0.4,1.3,3.7,0.3,0.0,0.4,0.2,0.0,0.5,1.8,3.0,1.1,-0.8,2.1,1.6,2.5,7.0,3.1
2025-03,3.6,5.6,4.9,16.5,10.3,92.1,92.1,3.4,4.0,2.8,5.8,2.3,6.3,3.3,1.4,1.9,1.5,-6.5,0.7,3.2,0.5,0.9,-4.1,0.4,1.4,4.0,0.4,0.0,0.5,0.2,0.0,0.7,1.9,3.1,1.1,-0.9,2.2,2.2,2.8,6.7,2.9
2025-04,3.6,5.6,5.7,11.5,4.5,98.4,98.4,3.9,4.7,2.5,6.6,2.7,9.7,3.3,1.3,1.7,0.5,-4.6,0.7,3.2,1.0,1.1,-56.2,0.5,1.5,4.5,0.5,0.0,0.6,0.3,0.1,0.8,2.1,2.9,1.1,-0.2,2.4,2.5,2.4,6.7,3.3
2025-05,3.5,5.3,5.8,9.9,2.5,101.7,101.7,3.9,5.2,2.3,5.2,2.7,8.8,3.2,1.4,1.9,0.5,-4.9,0.7,3.3,1.0,1.4,-56.2,0.5,1.7,4.8,0.5,0.0,0.6,0.3,0.1,0.8,2.3,3.1,1.0,-0.2,2.8,2.2,2.5,6.3,3.2
2025-06,3.3,4.8,5.1,11.3,3.7,100.2,100.2,3.7,5.8,2.4,0.0,2.5,3.7,3.5,1.5,2.1,0.2,-4.8,0.5,3.2,0.0,1.3,-56.2,0.4,1.9,4.9,0.4,0.0,0.6,0.2,0.0,0.8,3.0,3.0,0.8,-0.3,4.4,1.7,2.7,5.7,1.4
2025-07,3.1,4.5,4.6,11.6,4.5,90.7,90.7,3.9,6.4,2.5,0.3,2.5,-1.0,3.4,1.5,2.1,0.3,-5.0,0.7,3.2,-0.1,1.6,-56.2,0.6,1.9,4.9,0.5,0.0,0.7,0.3,0.1,0.9,2.9,2.7,1.0,-0.3,4.3,1.4,2.7,5.3,-0.1
2025-08,2.7,3.7,3.8,9.7,3.9,69.7,69.7,4.0,6.5,2.5,1.6,2.2,-6.0,3.4,1.5,2.1,0.4,-5.7,0.6,3.4,-0.1,1.6,-56.2,0.6,1.9,4.8,0.5,0.1,0.7,0.3,0.1,0.9,2.9,2.8,1.0,-0.3,4.3,1.2,2.8,4.4,-1.7
2025-09,2.9,4.2,4.4,7.8,3.4,49.2,49.2,3.8,6.7,2.1,1.3,1.6,1.8,3.4,1.4,2.0,0.0,-5.4,0.6,3.2,-1.3,1.6,-56.2,0.5,1.9,4.5,0.5,0.1,0.6,0.3,0.1,0.8,3.0,2.9,0.7,-0.3,4.5,0.3,2.1,5.2,0.6
2025-10,3.0,4.2,4.4,7.1,3.2,40.2,40.2,3.8,6.4,1.9,0.9,2.1,2.3,3.5,1.6,2.2,-0.2,-4.8,0.6,3.3,-1.7,1.3,-56.2,0.2,2.2,4.7,0.5,0.2,0.7,0.4,0.2,0.9,3.4,3.0,0.7,-0.3,5.4,1.4,2.3,5.0,0.6
2025-11,2.9,4.0,4.2,6.8,3.1,37.1,37.1,3.5,6.1,1.5,0.3,1.9,3.3,3.5,1.6,2.1,-0.1,-4.8,0.6,3.3,-1.7,1.4,-56.2,0.2,2.1,4.5,0.6,0.2,0.7,0.4,0.2,0.9,3.4,3.0,0.6,-0.3,5.4,1.2,1.8,4.9,1.0
2025-12,2.1,2.7,3.2,4.0,0.4,34.4,34.4,3.1,5.8,1.3,-3.8,2.1,-2.2,3.6,1.4,1.9,-0.2,-4.8,0.6,3.4,-1.7,0.8,-56.2,0.2,2.0,4.4,0.6,0.3,0.8,0.5,0.3,0.9,3.0,3.0,0.7,-0.3,4.3,1.4,1.8,3.1,-0.8
2026-01,1.5,1.6,2.4,0.9,-2.4,27.7,27.7,2.3,5.5,1.3,-10.1,1.7,-1.9,1.5,1.5,2.0,-0.3,-17.7,0.6,2.8,-2.1,0.9,-39.9,0.3,2.0,4.0,0.7,0.2,0.8,0.5,0.2,0.9,3.2,2.9,0.5,-0.1,4.9,0.6,1.9,1.7,-0.8
2026-02,1.3,1.1,1.6,1.0,-1.2,16.9,16.9,2.3,5.5,0.9,-10.9,1.8,-7.1,1.7,1.5,2.0,-0.4,-18.0,0.7,2.6,-2.1,1.0,-39.9,0.2,2.0,3.8,0.7,0.3,0.9,0.5,0.3,1.0,3.3,2.9,0.3,0.0,5.1,0.9,1.7,1.0,-2.5
2026-03,1.5,1.4,1.9,-0.1,-1.1,6.7,6.7,3.0,5.4,1.2,-3.0,2.1,-7.1,2.0,1.5,2.0,-0.4,-18.0,0.6,2.7,-2.1,0.7,-39.9,0.2,2.1,4.0,0.7,0.3,0.9,0.6,0.3,1.0,3.3,2.9,0.3,0.1,5.0,1.5,1.8,1.3,-2.5
2026-04,1.4,1.6,1.7,1.8,2.0,0.7,0.7,2.2,4.6,0.9,-5.4,1.4,-2.9,1.7,1.2,1.5,-0.3,-71.7,0.6,2.7,-3.2,2.2,0.5,0.2,1.6,3.7,0.6,0.2,0.7,0.4,0.2,0.8,2.2,2.8,0.5,-4.3,4.5,0.9,1.8,1.6,-1.1
2026-05,1.5,1.8,1.6,2.5,3.7,-4.8,-4.8,2.4,4.3,0.9,-2.7,1.7,-3.2,1.8,1.2,1.6,-0.3,-71.7,0.7,2.8,-3.2,2.1,0.5,0.2,1.6,3.7,0.6,0.2,0.7,0.4,0.2,0.8,2.4,3.1,0.5,-4.2,4.7,1.2,1.9,1.8,-1.2
2026-06,1.6,2.2,2.0,2.4,4.2,-8.3,-8.3,2.8,3.9,0.8,2.4,2.1,-2.1,1.7,1.1,1.4,0.2,-71.6,0.8,2.8,-1.1,2.0,0.5,0.2,1.3,4.0,0.6,0.2,0.8,0.4,0.2,0.9,1.5,3.7,0.6,-4.2,2.4,1.4,2.3,2.3,-0.5
2026-07,1.9,2.7,2.4,3.4,5.9,-11.6,-11.6,3.2,4.0,0.4,2.1,3.0,-0.8,1.5,1.2,1.5,0.3,-71.7,0.8,3.0,-1.1,1.9,0.5,-0.6,1.4,4.2,0.7,0.2,0.8,0.4,0.1,0.9,1.7,4.1,0.3,-4.2,2.5,2.0,2.4,2.9,0.0
2026-08,1.9,2.6,2.4,2.4,5.3,-15.7,-15.7,3.4,3.7,0.6,1.6,4.0,-2.3,1.4,1.2,1.5,0.6,-71.4,0.8,2.9,0.2,1.9,0.5,-0.5,1.3,4.5,0.7,0.2,0.9,0.5,0.2,1.0,1.2,4.3,0.6,-4.2,1.4,3.0,2.5,2.6,-0.3
