iteration,date,log_likelihood_contribution
0,1980Q1,0.2624970136204414
0,1980Q2,1.9257358016143566
0,1980Q3,3.70725350898614
0,1980Q4,0.4637158139307136
0,1981Q1,2.44127146598327
0,1981Q2,0.3993548551354218
0,1981Q3,-4.171232924521544
0,1981Q4,4.2494957657171515
0,1982Q1,-15.702845795283835
0,1982Q2,0.5762670469244289
0,1982Q3,-0.39687964260975495
0,1982Q4,-21.126404057301663
0,1983Q1,-18.45872574532673
0,1983Q2,1.3261692276631338
0,1983Q3,1.653293235161807
0,1983Q4,-15.659882802264239
0,1984Q1,-2.675969172177017
0,1984Q2,-14.85487521765678
0,1984Q3,-0.818577772343323
0,1984Q4,2.968837853944147
0,1985Q1,-13.3280669087691
0,1985Q2,-8.05466071776517
0,1985Q3,-12.748035520578913
0,1985Q4,3.051523420298397
0,1986Q1,2.733064244601824
0,1986Q2,-4.272894695602307
0,1986Q3,-2.6231341957147754
0,1986Q4,3.3465588954837733
0,1987Q1,-0.824251795515532
0,1987Q2,2.371959514817767
0,1987Q3,1.764992217229194
0,1987Q4,1.6343551207135225
0,1988Q1,2.11264570790632
0,1988Q2,3.659269586919306
0,1988Q3,1.5017318158919375
0,1988Q4,3.4208543168373886
0,1989Q1,1.203588435243978
0,1989Q2,-5.0264540654835415
0,1989Q3,0.579817535459386
0,1989Q4,2.17549702267395
0,1990Q1,1.9351578052803289
0,1990Q2,-7.484852378340644
0,1990Q3,2.436302032489494
0,1990Q4,-14.473195700672765
0,1991Q1,-22.656620628834496
0,1991Q2,-13.524792150403709
0,1991Q3,-1.9051444129840371
0,1991Q4,0.44876136991780946
0,1992Q1,-12.794498530568054
0,1992Q2,1.8798537403728943
0,1992Q3,2.9408049572031287
0,1992Q4,2.929105477891608
0,1993Q1,1.7174927801706428
0,1993Q2,2.946206719855762
0,1993Q3,3.559643479053425
0,1993Q4,4.439535713643221
0,1994Q1,3.9087399152476654
0,1994Q2,3.637116083270114
0,1994Q3,3.1320252354910005
0,1994Q4,2.4350112593838578
0,1995Q1,3.0718677502352065
0,1995Q2,3.461466387550942
0,1995Q3,1.6242638326277117
0,1995Q4,4.410872731349098
0,1996Q1,2.59444601978929
0,1996Q2,3.6209723511371723
0,1996Q3,-1.081639742165005
0,1996Q4,4.0246510134054585
0,1997Q1,3.7015002153054244
0,1997Q2,-5.400409353557473
0,1997Q3,4.101688460925977
0,1997Q4,2.7478611289918167
0,1998Q1,1.450415076232781
0,1998Q2,3.198251082264008
0,1998Q3,2.188589499370446
0,1998Q4,2.6215573790700613
0,1999Q1,3.1979895078253073
0,1999Q2,3.725575116265081
0,1999Q3,3.381024508075967
0,1999Q4,0.36010463141681104
0,2000Q1,0.11483318723149782
0,2000Q2,1.5156592170496022
0,2000Q3,3.580191661523506
0,2000Q4,4.009841072772444
0,2001Q1,2.6639593918960953
0,2001Q2,3.7587561095901503
0,2001Q3,3.9839283978666646
0,2001Q4,3.7479405855291805
0,2002Q1,3.279627275852599
0,2002Q2,2.8467277400262367
0,2002Q3,4.013273827380508
0,2002Q4,3.2712350011834785
0,2003Q1,4.129635590946032
0,2003Q2,4.224626275595142
0,2003Q3,3.585815481825972
0,2003Q4,3.412221010523067
0,2004Q1,4.07706903482548
0,2004Q2,3.8117147054329754
0,2004Q3,3.7591662432099384
0,2004Q4,3.4218845579910138
0,2005Q1,3.792783295347366
0,2005Q2,4.1819259384751515
0,2005Q3,3.876002729693308
0,2005Q4,4.121364804047189
0,2006Q1,4.24150342047259
0,2006Q2,3.32611732906817
0,2006Q3,3.5508819058778736
0,2006Q4,3.619967743314913
0,2007Q1,3.2533799078433523
0,2007Q2,3.895561458303117
0,2007Q3,3.495173437910172
0,2007Q4,3.8464513726611655
0,2008Q1,3.874142804635338
0,2008Q2,4.344704705376164
0,2008Q3,3.380590554460835
0,2008Q4,3.0116522619178467
0,2009Q1,1.2689663000215283
0,2009Q2,1.1671364194700051
0,2009Q3,4.229986664593722
0,2009Q4,4.159862182337571
0,2010Q1,4.082558696473614
0,2010Q2,4.027241340075437
0,2010Q3,4.161304933259143
0,2010Q4,3.992199365598715
0,2011Q1,3.300939687349751
0,2011Q2,4.46105850189353
0,2011Q3,3.4998579618551333
0,2011Q4,2.5575385154000627
0,2012Q1,2.445448963642401
0,2012Q2,4.055940216032184
0,2012Q3,4.076481253266944
0,2012Q4,3.081176130848175
0,2013Q1,3.4076326115129065
0,2013Q2,4.261581972927181
0,2013Q3,4.340283968282513
0,2013Q4,4.293870093682236
0,2014Q1,4.179231788715127
0,2014Q2,4.202144555733239
0,2014Q3,3.493066371075688
0,2014Q4,3.9979177847170915
0,2015Q1,4.400456523038309
0,2015Q2,3.7874801688143775
0,2015Q3,4.467275636430126
0,2015Q4,4.120672943114915
0,2016Q1,3.821632551630916
0,2016Q2,4.208926427050187
0,2016Q3,3.8439546051253926
0,2016Q4,4.44903676065019
0,2017Q1,3.486090113022385
0,2017Q2,3.8558856207833303
0,2017Q3,4.071320629454907
0,2017Q4,4.44960018640832
0,2018Q1,4.441068438255734
0,2018Q2,4.286713922028923
0,2018Q3,3.846746779207151
0,2018Q4,4.109750314987185
0,2019Q1,4.179481656912488
0,2019Q2,4.25134570735509
0,2019Q3,4.241739405450357
0,2019Q4,4.28548825531137
0,2020Q1,3.803840881663148
0,2020Q2,-25.268072972625852
0,2020Q3,0.6067956992418275
0,2020Q4,3.606779062693574
0,2021Q1,2.3246243681316994
0,2021Q2,0.4582705777323195
0,2021Q3,-1.6914045212692566
0,2021Q4,3.008888828208255
0,2022Q1,2.3134734133039454
0,2022Q2,4.204062467008907
0,2022Q3,3.2510364577335435
0,2022Q4,4.245731928042523
0,2023Q1,4.442956626856765
0,2023Q2,4.117094399754901
0,2023Q3,4.287948569420956
0,2023Q4,2.7521318749450323
1,1980Q1,0.2577969579586874
1,1980Q2,1.9404142304993104
1,1980Q3,3.70127435082733
1,1980Q4,0.5695273013073399
1,1981Q1,2.4725175138396347
1,1981Q2,0.4795800530396912
1,1981Q3,-3.952067482457821
1,1981Q4,4.228064716354144
1,1982Q1,-14.979246416561733
1,1982Q2,0.6179346573081479
1,1982Q3,-0.3542258262798077
1,1982Q4,-20.581434802819278
1,1983Q1,-17.895844999611867
1,1983Q2,1.3686346382772605
1,1983Q3,1.6766315533616711
1,1983Q4,-14.951260361884254
1,1984Q1,-2.622867281772475
1,1984Q2,-14.056445259177174
1,1984Q3,-0.5589789194759369
1,1984Q4,2.9529624301114037
1,1985Q1,-12.851689057649434
1,1985Q2,-7.599869411347257
1,1985Q3,-11.925330605245392
1,1985Q4,3.1601490451060616
1,1986Q1,2.838114446691251
1,1986Q2,-3.9426488082599516
1,1986Q3,-2.465080096670424
1,1986Q4,3.3762888487519547
1,1987Q1,-0.6247402801120527
1,1987Q2,2.4046220006521066
1,1987Q3,1.8350731673371286
1,1987Q4,1.7146825919170645
1,1988Q1,2.1997101278065694
1,1988Q2,3.681821069442867
1,1988Q3,1.5496471186334997
1,1988Q4,3.4529147507961198
1,1989Q1,1.301938548600282
1,1989Q2,-4.765878758767819
1,1989Q3,0.7327255166314011
1,1989Q4,2.2700797293200723
1,1990Q1,1.9700480248391075
1,1990Q2,-7.076823352975687
1,1990Q3,2.4397079383917246
1,1990Q4,-13.881910106244133
1,1991Q1,-22.02919319818782
1,1991Q2,-12.967116299279086
1,1991Q3,-1.6679561973004002
1,1991Q4,0.4682175600212597
1,1992Q1,-12.24044198775813
1,1992Q2,1.8857869523266935
1,1992Q3,2.9544452229433977
1,1992Q4,2.913265208754
1,1993Q1,1.7505046402442104
1,1993Q2,2.9862113655318847
1,1993Q3,3.530166137805102
1,1993Q4,4.421648218901161
1,1994Q1,3.903014219284552
1,1994Q2,3.6391589850425614
1,1994Q3,3.16074424238971
1,1994Q4,2.467365912958696
1,1995Q1,3.065110730999213
1,1995Q2,3.440666278215584
1,1995Q3,1.6461682337804358
1,1995Q4,4.396606258599534
1,1996Q1,2.6366376661004223
1,1996Q2,3.6413112219717023
1,1996Q3,-0.9760098433647757
1,1996Q4,4.016834643072579
1,1997Q1,3.708432351268832
1,1997Q2,-5.14826596955886
1,1997Q3,4.110742148502293
1,1997Q4,2.7899520478294617
1,1998Q1,1.5608309617819818
1,1998Q2,3.2143830691483615
1,1998Q3,2.2791630522229753
1,1998Q4,2.6706052150380852
1,1999Q1,3.2414946044637816
1,1999Q2,3.7391483550971563
1,1999Q3,3.406097419089715
1,1999Q4,0.5015270033439942
1,2000Q1,0.2022212723319603
1,2000Q2,1.6085069996090096
1,2000Q3,3.5813702929154863
1,2000Q4,3.991210368181417
1,2001Q1,2.7291101085480527
1,2001Q2,3.764569481755629
1,2001Q3,3.9972242533144717
1,2001Q4,3.7642191254233124
1,2002Q1,3.2853811052367337
1,2002Q2,2.88484251395408
1,2002Q3,4.023304491052801
1,2002Q4,3.3083107169363046
1,2003Q1,4.134387482456212
1,2003Q2,4.225144470098244
1,2003Q3,3.5980633872884713
1,2003Q4,3.4356908726903352
1,2004Q1,4.079220856850622
1,2004Q2,3.824294642069554
1,2004Q3,3.7750485625991663
1,2004Q4,3.4260982778560307
1,2005Q1,3.811999155518219
1,2005Q2,4.168712270993269
1,2005Q3,3.88323777986505
1,2005Q4,4.124096147978358
1,2006Q1,4.222552047825128
1,2006Q2,3.320795983845509
1,2006Q3,3.5609374408260326
1,2006Q4,3.6334123019914175
1,2007Q1,3.277985785761495
1,2007Q2,3.8997361627779035
1,2007Q3,3.5178074185128385
1,2007Q4,3.8480773411469325
1,2008Q1,3.8729398904195276
1,2008Q2,4.327213513919594
1,2008Q3,3.375518555367875
1,2008Q4,3.034236454808733
1,2009Q1,1.2690400364092023
1,2009Q2,1.2545403405128304
1,2009Q3,4.205019790605659
1,2009Q4,4.1360628756141375
1,2010Q1,4.056828640270179
1,2010Q2,4.017678939330105
1,2010Q3,4.1428115335267535
1,2010Q4,3.978717311191299
1,2011Q1,3.290822617726172
1,2011Q2,4.441473064619169
1,2011Q3,3.4985227017129796
1,2011Q4,2.5903410295426914
1,2012Q1,2.494362088723385
1,2012Q2,4.048759891457912
1,2012Q3,4.061922666639383
1,2012Q4,3.1110612987118724
1,2013Q1,3.4121670825241104
1,2013Q2,4.244276482958284
1,2013Q3,4.322816967965032
1,2013Q4,4.273600814226039
1,2014Q1,4.1752747864280755
1,2014Q2,4.180975663289977
1,2014Q3,3.498283132443777
1,2014Q4,3.9861217000111844
1,2015Q1,4.378928421298142
1,2015Q2,3.769899430307023
1,2015Q3,4.446796280313785
1,2015Q4,4.101704240424377
1,2016Q1,3.8207496525572573
1,2016Q2,4.195812850524025
1,2016Q3,3.828109547575859
1,2016Q4,4.428640470318679
1,2017Q1,3.494877675366557
1,2017Q2,3.845268733297833
1,2017Q3,4.061207712029522
1,2017Q4,4.43039912880579
1,2018Q1,4.421721292520567
1,2018Q2,4.2688916223679225
1,2018Q3,3.8280485665748323
1,2018Q4,4.095669654345029
1,2019Q1,4.170219580135108
1,2019Q2,4.23720628915066
1,2019Q3,4.227682695212382
1,2019Q4,4.2667157988186535
1,2020Q1,3.8607009763722027
1,2020Q2,-11.633582023479574
1,2020Q3,2.1668624499532245
1,2020Q4,4.067190897415877
1,2021Q1,2.8146028360882758
1,2021Q2,1.475063196712433
1,2021Q3,2.6474731294688256
1,2021Q4,2.023454605435936
1,2022Q1,2.4204559758073376
1,2022Q2,3.6420006601262656
1,2022Q3,-0.33920000358403346
1,2022Q4,3.121284840369196
1,2023Q1,2.711340621500811
1,2023Q2,2.37821639452246
1,2023Q3,3.527587365662844
1,2023Q4,2.6034516345137124
2,1980Q1,0.2059747141155981
2,1980Q2,1.9071092626052284
2,1980Q3,3.702939564458323
2,1980Q4,1.3769257381496924
2,1981Q1,2.7654953260543236
2,1981Q2,0.8967097097131314
2,1981Q3,-2.4232233039709277
2,1981Q4,4.140832790507396
2,1982Q1,-10.05590108733531
2,1982Q2,0.694328863398201
2,1982Q3,-0.2597767530350765
2,1982Q4,-17.20712115702353
2,1983Q1,-15.089545303042955
2,1983Q2,1.5239302414167981
2,1983Q3,1.7221732609279452
2,1983Q4,-10.490131322349507
2,1984Q1,-2.6715874534990585
2,1984Q2,-8.515458285399994
2,1984Q3,1.4955232316855462
2,1984Q4,2.656058072323601
2,1985Q1,-9.682791982366263
2,1985Q2,-4.782985794818778
2,1985Q3,-6.799987747628878
2,1985Q4,3.775519678303207
2,1986Q1,3.3744878885844627
2,1986Q2,-1.9716770570384154
2,1986Q3,-1.5144663960966502
2,1986Q4,3.4805642896324
2,1987Q1,0.620137468992076
2,1987Q2,2.497719624076676
2,1987Q3,1.9822381726576497
2,1987Q4,2.0394414234492193
2,1988Q1,2.9249123163922595
2,1988Q2,3.844761324715421
2,1988Q3,1.8083375266496158
2,1988Q4,3.562935757289349
2,1989Q1,1.816167770630241
2,1989Q2,-3.3765311697567517
2,1989Q3,1.4663172839936673
2,1989Q4,2.8192495215937265
2,1990Q1,2.1665382327195046
2,1990Q2,-4.910010661523939
2,1990Q3,2.5346775519586267
2,1990Q4,-9.644633695912484
2,1991Q1,-18.88776434049617
2,1991Q2,-9.164513159494733
2,1991Q3,0.18920021782510776
2,1991Q4,0.4454020653094899
2,1992Q1,-8.771775998252863
2,1992Q2,1.8942518378354785
2,1992Q3,3.093686490924938
2,1992Q4,2.966235795720261
2,1993Q1,2.0626549947003356
2,1993Q2,3.280855341883143
2,1993Q3,3.317275096152076
2,1993Q4,4.36078846322903
2,1994Q1,3.88865025107107
2,1994Q2,3.6741884297928995
2,1994Q3,3.3638771887897834
2,1994Q4,2.647845076655904
2,1995Q1,3.0068892303766876
2,1995Q2,3.3174346085762085
2,1995Q3,1.7655653886159248
2,1995Q4,4.349664532836496
2,1996Q1,2.8931203528254015
2,1996Q2,3.845588275543016
2,1996Q3,-0.46027356671872255
2,1996Q4,3.9681990605000372
2,1997Q1,3.720070533980665
2,1997Q2,-3.996228293686917
2,1997Q3,4.161894177690879
2,1997Q4,2.87330828916947
2,1998Q1,2.0211564717217825
2,1998Q2,3.310927348853384
2,1998Q3,2.606925470681383
2,1998Q4,2.7918179309618587
2,1999Q1,3.361614467804161
2,1999Q2,3.796892968007594
2,1999Q3,3.526900785231565
2,1999Q4,1.0839402381064165
2,2000Q1,0.7085797472890172
2,2000Q2,2.016951937019989
2,2000Q3,3.5854062600545027
2,2000Q4,3.9987531713702866
2,2001Q1,2.944915916810374
2,2001Q2,3.771455303136391
2,2001Q3,4.015957068249836
2,2001Q4,3.7853297661556353
2,2002Q1,3.2633022099086624
2,2002Q2,2.9555167261528252
2,2002Q3,4.028492892201873
2,2002Q4,3.4035672776850285
2,2003Q1,4.129649211582905
2,2003Q2,4.212547530001865
2,2003Q3,3.606100424191408
2,2003Q4,3.467737143192826
2,2004Q1,4.06499060138232
2,2004Q2,3.861621986962918
2,2004Q3,3.81943955773542
2,2004Q4,3.41597967199475
2,2005Q1,3.8715034989284
2,2005Q2,4.108435243276419
2,2005Q3,3.8826063880270745
2,2005Q4,4.121362747971557
2,2006Q1,4.158813770351762
2,2006Q2,3.2638883168488917
2,2006Q3,3.555929189837119
2,2006Q4,3.650151202692354
2,2007Q1,3.340611868855225
2,2007Q2,3.905420351359252
2,2007Q3,3.5795252789965293
2,2007Q4,3.864362923178265
2,2008Q1,3.845469248595142
2,2008Q2,4.243891071684493
2,2008Q3,3.380337372013456
2,2008Q4,3.166875951249903
2,2009Q1,1.3882270377179076
2,2009Q2,1.5906092713150937
2,2009Q3,4.074761746576647
2,2009Q4,4.023981958718999
2,2010Q1,3.9704332496949433
2,2010Q2,3.9329552148183806
2,2010Q3,4.036744039901888
2,2010Q4,3.9136376188845414
2,2011Q1,3.1797886531026855
2,2011Q2,4.350193932204932
2,2011Q3,3.6082767082596217
2,2011Q4,2.808074054045229
2,2012Q1,2.79939607920999
2,2012Q2,4.066178837331267
2,2012Q3,4.020367337443875
2,2012Q4,3.318554367786808
2,2013Q1,3.47134478913569
2,2013Q2,4.17166625590225
2,2013Q3,4.259438206867375
2,2013Q4,4.208437280666488
2,2014Q1,4.181903199308378
2,2014Q2,4.112618779500664
2,2014Q3,3.5465579107479583
2,2014Q4,3.942897399060994
2,2015Q1,4.27655462230286
2,2015Q2,3.6643751592875415
2,2015Q3,4.365390271707354
2,2015Q4,3.9880797665522127
2,2016Q1,3.8338279611949737
2,2016Q2,4.135573600361202
2,2016Q3,3.6966713559436943
2,2016Q4,4.351663836198393
2,2017Q1,3.478473585890072
2,2017Q2,3.795191854602608
2,2017Q3,3.9853434009131283
2,2017Q4,4.34184641866111
2,2018Q1,4.3466081636288045
2,2018Q2,4.184033670781276
2,2018Q3,3.702570161134023
2,2018Q4,3.994473099372474
2,2019Q1,4.13796421713326
2,2019Q2,4.156766013333479
2,2019Q3,4.150118396786199
2,2019Q4,4.150409640765542
2,2020Q1,3.888387243296579
2,2020Q2,-12.497707862380869
2,2020Q3,2.5498614623334612
2,2020Q4,4.0731326585372205
2,2021Q1,2.7264300162122037
2,2021Q2,1.428567803412128
2,2021Q3,2.1968508406979237
2,2021Q4,2.220658281793531
2,2022Q1,2.415516062373155
2,2022Q2,3.6599968751343304
2,2022Q3,0.033948735286505105
2,2022Q4,3.1515385431525944
2,2023Q1,2.896516336139845
2,2023Q2,2.554311698765047
2,2023Q3,3.506552886417737
2,2023Q4,2.6171647892289274
3,1980Q1,-0.14298388033764464
3,1980Q2,1.8403672612148831
3,1980Q3,3.6842698013637674
3,1980Q4,2.6276375798177716
3,1981Q1,3.083387103990057
3,1981Q2,1.570304397364425
3,1981Q3,0.04666785437382348
3,1981Q4,3.926201699019267
3,1982Q1,-2.506109001495078
3,1982Q2,0.8366321080961474
3,1982Q3,0.09389193448704258
3,1982Q4,-10.897498054605794
3,1983Q1,-9.49156227878875
3,1983Q2,2.5975009824107422
3,1983Q3,2.0597214512462276
3,1983Q4,-3.984693482717649
3,1984Q1,-2.9513557337262144
3,1984Q2,-0.3006657601073526
3,1984Q3,3.8870863738253987
3,1984Q4,1.97941346314841
3,1985Q1,-4.604310624784727
3,1985Q2,-0.588202343199332
3,1985Q3,0.34567972356813614
3,1985Q4,4.092462590489978
3,1986Q1,3.7711623482304804
3,1986Q2,1.027697394108742
3,1986Q3,-0.12608751238476312
3,1986Q4,3.6401944844753182
3,1987Q1,2.546262623459728
3,1987Q2,2.640931967991979
3,1987Q3,2.2354993739078255
3,1987Q4,2.5395356709672274
3,1988Q1,3.9251118006048578
3,1988Q2,4.127844652241574
3,1988Q3,2.474547998159614
3,1988Q4,3.827277705141337
3,1989Q1,2.834952135971783
3,1989Q2,-0.7215828946358567
3,1989Q3,2.742141045999124
3,1989Q4,3.6390572795471297
3,1990Q1,2.430626749920861
3,1990Q2,-1.5288602827445992
3,1990Q3,2.5042334476261274
3,1990Q4,-2.87712557040971
3,1991Q1,-13.2867762326442
3,1991Q2,-2.7266879616715807
3,1991Q3,2.778167173115088
3,1991Q4,0.7198553594556789
3,1992Q1,-2.9576413074340513
3,1992Q2,2.2985864730382746
3,1992Q3,3.530284833843816
3,1992Q4,3.1975361157522144
3,1993Q1,2.5963889647330647
3,1993Q2,3.7816615186179483
3,1993Q3,2.882645072680388
3,1993Q4,4.19753000063772
3,1994Q1,3.784697677001129
3,1994Q2,3.726475853090122
3,1994Q3,3.7246010615135603
3,1994Q4,2.9675085132071786
3,1995Q1,2.8793894810870073
3,1995Q2,3.0414961850179125
3,1995Q3,1.7498936890569623
3,1995Q4,4.182721272556247
3,1996Q1,3.249630116480848
3,1996Q2,4.114605481954789
3,1996Q3,0.028442283451673767
3,1996Q4,3.764957552290175
3,1997Q1,3.650823122841017
3,1997Q2,-2.2427204221244645
3,1997Q3,4.197980529516934
3,1997Q4,3.049327434021232
3,1998Q1,2.789930816014385
3,1998Q2,3.448363673991577
3,1998Q3,3.1969085327145326
3,1998Q4,3.141950148706922
3,1999Q1,3.7156161160268315
3,1999Q2,4.037027761817002
3,1999Q3,3.795566330827733
3,1999Q4,2.1960993494038266
3,2000Q1,1.5904810119023791
3,2000Q2,2.9050991828498964
3,2000Q3,3.7230127775259754
3,2000Q4,4.001129476777635
3,2001Q1,3.1851414096963726
3,2001Q2,3.7246351121116006
3,2001Q3,4.003433173828119
3,2001Q4,3.7831002553003987
3,2002Q1,3.1672870779274747
3,2002Q2,3.076168825797774
3,2002Q3,4.028018524115819
3,2002Q4,3.5611415158726776
3,2003Q1,4.1350981115566885
3,2003Q2,4.16267377753129
3,2003Q3,3.6544811839348537
3,2003Q4,3.5349306421116435
3,2004Q1,4.064766649440892
3,2004Q2,3.9665901418504803
3,2004Q3,3.873117378696448
3,2004Q4,3.458763540826346
3,2005Q1,3.925141608756531
3,2005Q2,4.020957840906784
3,2005Q3,3.8535434289592008
3,2005Q4,4.060918810527917
3,2006Q1,4.0538736361553465
3,2006Q2,3.1136178511348187
3,2006Q3,3.4677417729298057
3,2006Q4,3.596727624983189
3,2007Q1,3.3555165973163326
3,2007Q2,3.9253267034384445
3,2007Q3,3.6387698275182556
3,2007Q4,3.8948776755475203
3,2008Q1,3.7904740298653348
3,2008Q2,4.057532778155218
3,2008Q3,3.400038305446112
3,2008Q4,3.32252713380691
3,2009Q1,1.6619878414281022
3,2009Q2,2.0452942757651607
3,2009Q3,3.7276294598701427
3,2009Q4,3.702985972257809
3,2010Q1,3.753244189999733
3,2010Q2,3.7872931815116373
3,2010Q3,3.8309383379466557
3,2010Q4,3.728927317153506
3,2011Q1,3.037917196226773
3,2011Q2,4.185546339370554
3,2011Q3,3.7233320777277235
3,2011Q4,3.158174616189248
3,2012Q1,3.197641069284236
3,2012Q2,4.090152590834914
3,2012Q3,3.9377985040259555
3,2012Q4,3.6074179504972013
3,2013Q1,3.602313766744001
3,2013Q2,4.064309341478028
3,2013Q3,4.1635453937366975
3,2013Q4,4.128725051860237
3,2014Q1,4.165003236037277
3,2014Q2,4.0331276049842515
3,2014Q3,3.6589863835189713
3,2014Q4,3.91344557088747
3,2015Q1,4.06861482484224
3,2015Q2,3.49097844376566
3,2015Q3,4.232740469170182
3,2015Q4,3.762648141067988
3,2016Q1,3.818380744156775
3,2016Q2,4.047207344460811
3,2016Q3,3.4907336609575426
3,2016Q4,4.221128749262134
3,2017Q1,3.4922888810397703
3,2017Q2,3.6849319906690554
3,2017Q3,3.859820239119634
3,2017Q4,4.195470631325539
3,2018Q1,4.214872837322856
3,2018Q2,4.0230309185520445
3,2018Q3,3.4876950581376276
3,2018Q4,3.835323504280366
3,2019Q1,4.075002393226822
3,2019Q2,4.0413849047351995
3,2019Q3,4.019130544053911
3,2019Q4,3.950641311040616
3,2020Q1,3.864266949311829
3,2020Q2,-13.39201191870098
3,2020Q3,2.5178830460339983
3,2020Q4,3.626685290214756
3,2021Q1,2.2177435122967237
3,2021Q2,1.3833809708028237
3,2021Q3,1.521424083116203
3,2021Q4,2.3061691062467347
3,2022Q1,2.4528861255141745
3,2022Q2,3.6134463916246555
3,2022Q3,0.15182074542750623
3,2022Q4,2.987902760714159
3,2023Q1,3.0351395478863843
3,2023Q2,2.7809400732775096
3,2023Q3,3.387031246975426
3,2023Q4,2.5638374292645953
4,1980Q1,-0.847553498089523
4,1980Q2,1.7827335063976149
4,1980Q3,3.6426155627067676
4,1980Q4,3.0812122386840715
4,1981Q1,3.1079377647834994
4,1981Q2,2.0359322511191666
4,1981Q3,1.1671644544170006
4,1981Q4,3.7536538710975815
4,1982Q1,0.5405407149805863
4,1982Q2,1.2035454830623569
4,1982Q3,0.5454708219976205
4,1982Q4,-7.051651152107233
4,1983Q1,-5.405103288332299
4,1983Q2,3.7067478117952217
4,1983Q3,2.1859810925684444
4,1983Q4,-2.3584159619356395
4,1984Q1,-2.845671684059184
4,1984Q2,2.4102925738903793
4,1984Q3,4.138804768620102
4,1984Q4,1.9588128916304863
4,1985Q1,-2.292260258210244
4,1985Q2,0.7065824146021953
4,1985Q3,2.203803345571745
4,1985Q4,3.667996659063962
4,1986Q1,3.5005699279887295
4,1986Q2,2.23211740695055
4,1986Q3,0.6385677434306318
4,1986Q4,3.5992446571305305
4,1987Q1,3.3938226724784757
4,1987Q2,2.481996934779271
4,1987Q3,2.2676330239881404
4,1987Q4,2.5594307742004254
4,1988Q1,4.090440048144704
4,1988Q2,4.154875545201894
4,1988Q3,2.9446574007426136
4,1988Q4,3.8960606084273213
4,1989Q1,3.417988680308749
4,1989Q2,0.7663749191493006
4,1989Q3,3.296491949028525
4,1989Q4,3.7721051478691248
4,1990Q1,2.3806989938126
4,1990Q2,-0.017584368723484012
4,1990Q3,2.1250512672163544
4,1990Q4,-0.0587647181066302
4,1991Q1,-9.386583908924118
4,1991Q2,0.3436851884309222
4,1991Q3,3.4195452068101058
4,1991Q4,1.4840644909051752
4,1992Q1,-0.2449447105936624
4,1992Q2,3.0377659010511535
4,1992Q3,3.807089298295093
4,1992Q4,3.218347056881703
4,1993Q1,2.8706913635655606
4,1993Q2,4.076316758072889
4,1993Q3,2.6655508001717223
4,1993Q4,4.015853408603289
4,1994Q1,3.5583826376023686
4,1994Q2,3.6704321938409024
4,1994Q3,3.912044464660701
4,1994Q4,3.0202081285854128
4,1995Q1,2.673551691834261
4,1995Q2,2.6971477518535005
4,1995Q3,1.377191639453498
4,1995Q4,3.9534678964922243
4,1996Q1,3.339420777861279
4,1996Q2,4.075488770574032
4,1996Q3,0.022782428614050332
4,1996Q4,3.5682143301629656
4,1997Q1,3.537647781767675
4,1997Q2,-1.4904186450513102
4,1997Q3,4.110125486601918
4,1997Q4,3.162556520784367
4,1998Q1,3.2023785514272474
4,1998Q2,3.372317526054864
4,1998Q3,3.4383299608122964
4,1998Q4,3.3894954164177684
4,1999Q1,3.957477039100689
4,1999Q2,4.183104354902578
4,1999Q3,3.8574784669145443
4,1999Q4,2.911901926392418
4,2000Q1,1.987890973049729
4,2000Q2,3.6275936852771573
4,2000Q3,3.894500523876919
4,2000Q4,3.822269678601001
4,2001Q1,3.1866339562753927
4,2001Q2,3.5701580584196324
4,2001Q3,4.014617889631037
4,2001Q4,3.791966540168718
4,2002Q1,3.263519948753872
4,2002Q2,3.228529683288433
4,2002Q3,4.030769529296605
4,2002Q4,3.6868391033829733
4,2003Q1,4.165934095568478
4,2003Q2,4.105344675385547
4,2003Q3,3.840591732274909
4,2003Q4,3.7036126578992046
4,2004Q1,4.139133344231233
4,2004Q2,4.104810432434558
4,2004Q3,3.9434588892309685
4,2004Q4,3.6950063232951442
4,2005Q1,3.94470419279703
4,2005Q2,4.055442676287394
4,2005Q3,3.9143507954443013
4,2005Q4,3.999117407481938
4,2006Q1,4.052787042165523
4,2006Q2,3.1414066040748434
4,2006Q3,3.5076941532508967
4,2006Q4,3.576205237612001
4,2007Q1,3.293642805020044
4,2007Q2,4.013952744587838
4,2007Q3,3.6484437272290555
4,2007Q4,3.9440567147837817
4,2008Q1,3.901068033669318
4,2008Q2,3.9526793920379095
4,2008Q3,3.5842336832724206
4,2008Q4,3.222049004442119
4,2009Q1,1.6385596330877288
4,2009Q2,1.9910635669798897
4,2009Q3,3.3750623277675333
4,2009Q4,3.4125185948296597
4,2010Q1,3.5938067214536695
4,2010Q2,3.770153721614605
4,2010Q3,3.7315964718094956
4,2010Q4,3.552120405256664
4,2011Q1,3.0668275631069486
4,2011Q2,4.097623513528617
4,2011Q3,3.6212679641538177
4,2011Q4,3.372928313588258
4,2012Q1,3.2350869451175255
4,2012Q2,4.090998509247765
4,2012Q3,3.8533715325144398
4,2012Q4,3.681854923482574
4,2013Q1,3.7866746044353135
4,2013Q2,4.0544526890378
4,2013Q3,4.1417792824482556
4,2013Q4,4.140386058905011
4,2014Q1,4.114548228784529
4,2014Q2,4.0826810811856555
4,2014Q3,3.7562046798591053
4,2014Q4,4.004522461312247
4,2015Q1,3.9129721378637754
4,2015Q2,3.4734742954532734
4,2015Q3,4.17427705385632
4,2015Q4,3.6318168599156473
4,2016Q1,3.7621819169009596
4,2016Q2,4.0703029489144384
4,2016Q3,3.4910998852765855
4,2016Q4,4.175168874125144
4,2017Q1,3.666017229735914
4,2017Q2,3.634963334717734
4,2017Q3,3.8641382938608366
4,2017Q4,4.162568801549858
4,2018Q1,4.173255229320812
4,2018Q2,3.9621994323465763
4,2018Q3,3.4478398619682586
4,2018Q4,3.8348720523422686
4,2019Q1,4.069070929130912
4,2019Q2,4.073452743832016
4,2019Q3,4.002025602932509
4,2019Q4,3.905373116909273
4,2020Q1,3.827254349476427
4,2020Q2,-12.408738797527581
4,2020Q3,1.513455496607948
4,2020Q4,2.641543488921467
4,2021Q1,1.5397110258186228
4,2021Q2,1.5384405480062018
4,2021Q3,1.6090704298137806
4,2021Q4,1.94473616690177
4,2022Q1,2.580747175633581
4,2022Q2,3.461229136436561
4,2022Q3,-0.4080234619707319
4,2022Q4,2.743387264937911
4,2023Q1,2.960329465354305
4,2023Q2,2.910426085203488
4,2023Q3,3.2359385637716445
4,2023Q4,2.4386357631701525
5,1980Q1,-2.2672750975098905
5,1980Q2,1.465857336970899
5,1980Q3,3.6268416147063673
5,1980Q4,3.2839253325296536
5,1981Q1,2.887085269210353
5,1981Q2,2.572795147228547
5,1981Q3,2.000508651000281
5,1981Q4,3.662658952645674
5,1982Q1,1.799895376183863
5,1982Q2,1.9502959832764413
5,1982Q3,0.6212610075751814
5,1982Q4,-5.79793716799457
5,1983Q1,-2.9993178574466564
5,1983Q2,4.101323702763269
5,1983Q3,2.643078958500886
5,1983Q4,-1.5545404689962696
5,1984Q1,-1.5763449597074883
5,1984Q2,3.0438460017843383
5,1984Q3,4.048929542721877
5,1984Q4,2.454943269968115
5,1985Q1,-0.9334798785636922
5,1985Q2,1.302977935096759
5,1985Q3,2.7569388950724862
5,1985Q4,3.680941500430136
5,1986Q1,3.585805381891901
5,1986Q2,2.7100709353762182
5,1986Q3,1.572495937276956
5,1986Q4,3.596374054558167
5,1987Q1,3.8095856434394006
5,1987Q2,2.3397808042130537
5,1987Q3,2.5147007417041305
5,1987Q4,2.765605886412276
5,1988Q1,4.159381322578954
5,1988Q2,4.197491755917342
5,1988Q3,2.750026814941749
5,1988Q4,3.974711512577137
5,1989Q1,3.677489456994564
5,1989Q2,1.5992024469646098
5,1989Q3,3.7228394310448927
5,1989Q4,3.563363915730349
5,1990Q1,2.7770945624372327
5,1990Q2,1.1722602788359198
5,1990Q3,1.8209224447218268
5,1990Q4,1.167109698380283
5,1991Q1,-6.197023165686582
5,1991Q2,1.770598329727442
5,1991Q3,3.717252396474591
5,1991Q4,2.482402594887647
5,1992Q1,1.2369290855395354
5,1992Q2,3.6610443937334805
5,1992Q3,3.8624001160333408
5,1992Q4,2.760154884551686
5,1993Q1,3.0441743935255614
5,1993Q2,4.127861627809964
5,1993Q3,2.3359910286745964
5,1993Q4,3.7624046664407755
5,1994Q1,3.273063696430723
5,1994Q2,3.46020635683358
5,1994Q3,3.9015389456387357
5,1994Q4,2.872937775026953
5,1995Q1,2.0874933427526123
5,1995Q2,1.8556777960178534
5,1995Q3,1.1058153966465603
5,1995Q4,3.6993104821428195
5,1996Q1,3.5539018891096354
5,1996Q2,4.028526445099937
5,1996Q3,0.16576291703053947
5,1996Q4,3.3923580184963265
5,1997Q1,3.5095200841793472
5,1997Q2,-0.9704805928446918
5,1997Q3,4.003504073802846
5,1997Q4,3.1014686114092456
5,1998Q1,3.5306323596267744
5,1998Q2,3.398055972130342
5,1998Q3,3.5429564667332123
5,1998Q4,3.343051197880682
5,1999Q1,4.089928953832203
5,1999Q2,4.128812765504557
5,1999Q3,3.981221705883174
5,1999Q4,3.374177837785123
5,2000Q1,2.1353469621259316
5,2000Q2,3.7947950341200642
5,2000Q3,3.654470604361534
5,2000Q4,3.5170234987104916
5,2001Q1,3.327714679075991
5,2001Q2,3.5814286447376276
5,2001Q3,4.095023577623195
5,2001Q4,3.868166739438172
5,2002Q1,3.3238281786861514
5,2002Q2,3.366775532812393
5,2002Q3,4.078597716771571
5,2002Q4,3.863520763781971
5,2003Q1,4.166064933229134
5,2003Q2,4.054811025655172
5,2003Q3,3.9491052676391645
5,2003Q4,3.8632300906211494
5,2004Q1,4.155315941318312
5,2004Q2,4.185422906601228
5,2004Q3,4.020225064830483
5,2004Q4,3.7480299082516613
5,2005Q1,4.022230545882854
5,2005Q2,3.9661603721377268
5,2005Q3,4.023988270320677
5,2005Q4,4.047632889581784
5,2006Q1,3.9451228896964037
5,2006Q2,3.100534174509574
5,2006Q3,3.648413651198139
5,2006Q4,3.7415422464008974
5,2007Q1,3.474729008041699
5,2007Q2,4.085636941041676
5,2007Q3,3.8254734473114853
5,2007Q4,3.964342418610487
5,2008Q1,3.936862326708053
5,2008Q2,3.793421296639889
5,2008Q3,3.616989983839676
5,2008Q4,2.956148416817552
5,2009Q1,1.475069640776613
5,2009Q2,1.9450532300301266
5,2009Q3,3.2326205077051555
5,2009Q4,3.3797814915387216
5,2010Q1,3.618748794005188
5,2010Q2,3.792969476152916
5,2010Q3,3.7228351757916935
5,2010Q4,3.537700249519829
5,2011Q1,2.9399729722078805
5,2011Q2,4.1083744346880025
5,2011Q3,3.6690848811874237
5,2011Q4,3.5647206187600453
5,2012Q1,3.4455391955647308
5,2012Q2,4.124470361579256
5,2012Q3,3.8380581754233964
5,2012Q4,3.814804077166768
5,2013Q1,3.849993245408829
5,2013Q2,4.018916001136717
5,2013Q3,4.147719668536835
5,2013Q4,4.148660694644008
5,2014Q1,4.152495372984233
5,2014Q2,4.088761241318313
5,2014Q3,3.8147526607257944
5,2014Q4,4.017957999446391
5,2015Q1,3.885248746497015
5,2015Q2,3.4608606427618045
5,2015Q3,4.164117298609573
5,2015Q4,3.600507881571968
5,2016Q1,3.799773825381555
5,2016Q2,4.0611275576424815
5,2016Q3,3.4067860258285556
5,2016Q4,4.182467319057446
5,2017Q1,3.7000244737613444
5,2017Q2,3.645162946498824
5,2017Q3,3.8532690629103232
5,2017Q4,4.162786390422855
5,2018Q1,4.175505233181075
5,2018Q2,3.9478699715655092
5,2018Q3,3.376918221007475
5,2018Q4,3.8003065900674073
5,2019Q1,4.102940978146582
5,2019Q2,4.079680639401992
5,2019Q3,4.015338125895463
5,2019Q4,3.8919616396078935
5,2020Q1,3.795077707214942
5,2020Q2,-13.487937745475437
5,2020Q3,0.7225226399632074
5,2020Q4,2.1013749683980745
5,2021Q1,1.2945152399510502
5,2021Q2,1.4108430673987304
5,2021Q3,1.23423755462691
5,2021Q4,1.504875435596516
5,2022Q1,2.3990679828449304
5,2022Q2,2.873576320665148
5,2022Q3,-1.928932181778097
5,2022Q4,2.180015309273173
5,2023Q1,2.53311168642067
5,2023Q2,2.844966897820039
5,2023Q3,3.040145023241785
5,2023Q4,2.242485179466746
6,1980Q1,-3.9394484699844288
6,1980Q2,1.2404814569580203
6,1980Q3,3.561135017387278
6,1980Q4,3.328096530369075
6,1981Q1,2.9460679429827223
6,1981Q2,2.964824975982223
6,1981Q3,2.281204552873424
6,1981Q4,3.6587111164237816
6,1982Q1,2.516891585803367
6,1982Q2,2.5732638063639235
6,1982Q3,0.445230462567932
6,1982Q4,-6.225829907725979
6,1983Q1,-2.264674527737137
6,1983Q2,3.914663151502006
6,1983Q3,2.8977397990104623
6,1983Q4,0.39804100843685
6,1984Q1,-0.05446842733779622
6,1984Q2,3.6446820650128444
6,1984Q3,4.065029528424037
6,1984Q4,2.639023975232779
6,1985Q1,0.3217189799244884
6,1985Q2,1.2306672280609425
6,1985Q3,2.75413271676538
6,1985Q4,3.8200041030784053
6,1986Q1,3.601687377783672
6,1986Q2,2.9432618484127504
6,1986Q3,2.30421541046168
6,1986Q4,3.529869675895454
6,1987Q1,3.8969572082727537
6,1987Q2,2.2764107006241083
6,1987Q3,2.475267188960384
6,1987Q4,2.5827690824940275
6,1988Q1,4.185915954055158
6,1988Q2,4.206403016020296
6,1988Q3,2.81635192287872
6,1988Q4,3.8871420081389845
6,1989Q1,3.7041740612453373
6,1989Q2,1.6662042104506773
6,1989Q3,3.9491631416816935
6,1989Q4,3.77628221057419
6,1990Q1,2.953414233367251
6,1990Q2,1.943503567761685
6,1990Q3,1.7986299181798735
6,1990Q4,1.9854091772170999
6,1991Q1,-4.551178321030198
6,1991Q2,2.3795215705639414
6,1991Q3,3.798113933146522
6,1991Q4,2.563270287609612
6,1992Q1,2.3481123325251154
6,1992Q2,3.5974571524857066
6,1992Q3,4.072093254187399
6,1992Q4,2.6797663489467096
6,1993Q1,3.3953584830577226
6,1993Q2,4.0775744155247695
6,1993Q3,2.252601431524587
6,1993Q4,3.869979109162923
6,1994Q1,3.56167240205255
6,1994Q2,3.6698935309830647
6,1994Q3,3.982883418338346
6,1994Q4,3.075288930094625
6,1995Q1,2.214860869423681
6,1995Q2,1.793082171986601
6,1995Q3,0.7577557832083044
6,1995Q4,3.687127024447508
6,1996Q1,3.383812082461718
6,1996Q2,3.721811949459548
6,1996Q3,-0.2765702311693907
6,1996Q4,2.9957259003923067
6,1997Q1,3.1763745913339054
6,1997Q2,-1.3075635835212047
6,1997Q3,3.735611293491067
6,1997Q4,2.6332845326801033
6,1998Q1,3.536576908081925
6,1998Q2,3.49644580056341
6,1998Q3,3.2605764515585474
6,1998Q4,3.0923416050217707
6,1999Q1,3.9918010375810953
6,1999Q2,4.155657700264915
6,1999Q3,4.019202072838108
6,1999Q4,3.04618772990708
6,2000Q1,2.3565870384120147
6,2000Q2,3.5926625856700243
6,2000Q3,3.747285531929119
6,2000Q4,3.821968710694419
6,2001Q1,3.33625924635454
6,2001Q2,3.5504006977910105
6,2001Q3,4.0269986909044055
6,2001Q4,3.718069271321584
6,2002Q1,3.2844530594337717
6,2002Q2,2.940280754327091
6,2002Q3,4.042625917561591
6,2002Q4,3.7282528986309496
6,2003Q1,4.189027199130278
6,2003Q2,4.150845841155994
6,2003Q3,3.7777289399077834
6,2003Q4,3.63663658418772
6,2004Q1,4.153685608413232
6,2004Q2,4.1345821520094
6,2004Q3,4.015507332598826
6,2004Q4,3.650902009689961
6,2005Q1,4.052237678133404
6,2005Q2,4.05016024385161
6,2005Q3,3.891012530315272
6,2005Q4,4.045919545087675
6,2006Q1,4.0521699261151465
6,2006Q2,3.216131805604873
6,2006Q3,3.3886499419447196
6,2006Q4,3.4866055194166927
6,2007Q1,3.272213984593887
6,2007Q2,4.0026525246051
6,2007Q3,3.689083920110101
6,2007Q4,3.9838381744399136
6,2008Q1,3.7137185840941767
6,2008Q2,3.7409943520996745
6,2008Q3,3.5416074066079157
6,2008Q4,3.408755123037955
6,2009Q1,1.2806149599779943
6,2009Q2,2.0593893237493983
6,2009Q3,3.206683669354987
6,2009Q4,3.3514406220391644
6,2010Q1,3.7325940277647884
6,2010Q2,3.888056044893697
6,2010Q3,3.8069025750670726
6,2010Q4,3.6243146424553707
6,2011Q1,3.1049919842076696
6,2011Q2,4.126704354434819
6,2011Q3,3.5486194132440674
6,2011Q4,3.570229103712886
6,2012Q1,3.5809559238134057
6,2012Q2,4.091227406530345
6,2012Q3,3.790063889366376
6,2012Q4,3.9596415545750565
6,2013Q1,3.931891448315783
6,2013Q2,4.0813520360429925
6,2013Q3,4.1426187949894056
6,2013Q4,4.157287703591278
6,2014Q1,4.18729634446904
6,2014Q2,4.107554105643445
6,2014Q3,3.8387853453748217
6,2014Q4,4.078517430577075
6,2015Q1,3.92916753057864
6,2015Q2,3.5569636868938432
6,2015Q3,4.187292873759782
6,2015Q4,3.7147786295137677
6,2016Q1,3.876796997040056
6,2016Q2,4.131074813925761
6,2016Q3,3.491121511225551
6,2016Q4,4.197258142101712
6,2017Q1,3.8498124125135194
6,2017Q2,3.7848552312404986
6,2017Q3,3.988724697122021
6,2017Q4,4.206310331328857
6,2018Q1,4.187324938593813
6,2018Q2,4.028689153481232
6,2018Q3,3.5272135066524966
6,2018Q4,3.9191390805945567
6,2019Q1,4.1475766877884155
6,2019Q2,4.112937135312729
6,2019Q3,4.060052295153397
6,2019Q4,3.9915568718904497
6,2020Q1,3.6689948892577022
6,2020Q2,-15.343009642533335
6,2020Q3,0.6348805631812291
6,2020Q4,2.4955918468371427
6,2021Q1,1.621515312643698
6,2021Q2,1.7699098323709306
6,2021Q3,1.5608389781595413
6,2021Q4,0.76325707142477
6,2022Q1,2.440554459334897
6,2022Q2,2.7409867093913274
6,2022Q3,-2.0833488896191783
6,2022Q4,2.01069678173608
6,2023Q1,2.636642580501189
6,2023Q2,3.1095673949948672
6,2023Q3,2.997267233513267
6,2023Q4,2.052649549218283
7,1980Q1,-3.868671021847854
7,1980Q2,1.088642918801694
7,1980Q3,3.565688244422279
7,1980Q4,3.3662429496686115
7,1981Q1,2.8715853886803755
7,1981Q2,3.182932485223898
7,1981Q3,2.4078852190486497
7,1981Q4,3.652625324632985
7,1982Q1,2.5630384749272945
7,1982Q2,2.932410713300926
7,1982Q3,0.5701655824892122
7,1982Q4,-5.668667735053569
7,1983Q1,-1.659974341674439
7,1983Q2,3.9628468246092097
7,1983Q3,2.6768981461290684
7,1983Q4,0.054851358296088115
7,1984Q1,0.8478636572933413
7,1984Q2,3.647362661841828
7,1984Q3,4.120523551228687
7,1984Q4,2.909389300794271
7,1985Q1,0.6345394178737744
7,1985Q2,1.2640357676607734
7,1985Q3,2.774147216511789
7,1985Q4,3.931660311452632
7,1986Q1,3.576623110270992
7,1986Q2,2.940622588341416
7,1986Q3,2.474651448729179
7,1986Q4,3.577992782495531
7,1987Q1,3.9156578670297773
7,1987Q2,2.3665928724076633
7,1987Q3,2.666285221679494
7,1987Q4,2.713671217165885
7,1988Q1,4.176748288243219
7,1988Q2,4.2122036853301115
7,1988Q3,2.8191694677371215
7,1988Q4,3.9224374323921394
7,1989Q1,3.808946776658974
7,1989Q2,1.865531066953281
7,1989Q3,4.0082897824209756
7,1989Q4,3.7143357723506187
7,1990Q1,3.0019556922484565
7,1990Q2,2.219156776569288
7,1990Q3,1.7165454379447183
7,1990Q4,2.108909553152328
7,1991Q1,-3.354760661125815
7,1991Q2,2.4361234512019863
7,1991Q3,3.5986210956599503
7,1991Q4,2.8926168854971195
7,1992Q1,2.3665793160690125
7,1992Q2,3.7810308903090317
7,1992Q3,4.081697958151392
7,1992Q4,2.827859120321304
7,1993Q1,3.352310529091613
7,1993Q2,4.089981285964045
7,1993Q3,2.105630967459783
7,1993Q4,3.8255490117070052
7,1994Q1,3.5314030772036817
7,1994Q2,3.680397641654054
7,1994Q3,4.019076151928732
7,1994Q4,3.080701772301535
7,1995Q1,2.1082939099465134
7,1995Q2,1.5714911329666057
7,1995Q3,0.5520884234099133
7,1995Q4,3.552750000613295
7,1996Q1,3.4575045820911368
7,1996Q2,3.636178493972067
7,1996Q3,-0.30130005658968173
7,1996Q4,2.9056631264024735
7,1997Q1,3.166371184625679
7,1997Q2,-1.014558211714899
7,1997Q3,3.6565259728285664
7,1997Q4,2.5905104423375582
7,1998Q1,3.6027075290558237
7,1998Q2,3.475915439346654
7,1998Q3,3.254838282521941
7,1998Q4,3.0531891911932965
7,1999Q1,4.02449694877843
7,1999Q2,4.156878351096412
7,1999Q3,4.022430595528349
7,1999Q4,3.1635905248883445
7,2000Q1,2.2936659978047915
7,2000Q2,3.619037119250823
7,2000Q3,3.702505430400676
7,2000Q4,3.7304759216195684
7,2001Q1,3.394351336271612
7,2001Q2,3.5919045526605125
7,2001Q3,4.0734066807395255
7,2001Q4,3.786950520082524
7,2002Q1,3.231473297558242
7,2002Q2,3.055497374734353
7,2002Q3,4.072272674489374
7,2002Q4,3.80777363940949
7,2003Q1,4.196950745885609
7,2003Q2,4.148500802476344
7,2003Q3,3.817753482597591
7,2003Q4,3.7147553754541627
7,2004Q1,4.171166443961336
7,2004Q2,4.160115235192193
7,2004Q3,4.06178018126422
7,2004Q4,3.6756270705750493
7,2005Q1,4.095413097541017
7,2005Q2,4.034904528393271
7,2005Q3,3.9464494665392036
7,2005Q4,4.082219784219953
7,2006Q1,4.013841178479205
7,2006Q2,3.184507920618268
7,2006Q3,3.4540080082307956
7,2006Q4,3.5699162469799894
7,2007Q1,3.3638893862689723
7,2007Q2,4.029920263367094
7,2007Q3,3.7635581673938177
7,2007Q4,3.9665610675345473
7,2008Q1,3.6697626977864424
7,2008Q2,3.6333845097794413
7,2008Q3,3.4846555357386833
7,2008Q4,3.3605549907835806
7,2009Q1,1.3814598851843494
7,2009Q2,2.198774594554012
7,2009Q3,3.0448050617071605
7,2009Q4,3.2046900282999875
7,2010Q1,3.676547952527387
7,2010Q2,3.839793395932049
7,2010Q3,3.7673552616421437
7,2010Q4,3.6127211755205533
7,2011Q1,3.02618328969505
7,2011Q2,4.129573108096885
7,2011Q3,3.5975896343781075
7,2011Q4,3.618078454012954
7,2012Q1,3.6609595037812683
7,2012Q2,4.108892052951829
7,2012Q3,3.8079557554379035
7,2012Q4,3.998045383640925
7,2013Q1,3.9363173241661693
7,2013Q2,4.059733441764444
7,2013Q3,4.152624200755407
7,2013Q4,4.1680073813582075
7,2014Q1,4.193279235502148
7,2014Q2,4.108076104582051
7,2014Q3,3.8732871379091014
7,2014Q4,4.039916265854097
7,2015Q1,3.8757499359691385
7,2015Q2,3.4873727886195263
7,2015Q3,4.188082882978794
7,2015Q4,3.6673692588961515
7,2016Q1,3.8837900636990166
7,2016Q2,4.112180985537106
7,2016Q3,3.4431209386842583
7,2016Q4,4.199340138887024
7,2017Q1,3.8325474743420167
7,2017Q2,3.754419973857368
7,2017Q3,3.976762623374253
7,2017Q4,4.20112933660459
7,2018Q1,4.19099585168027
7,2018Q2,4.007337602835822
7,2018Q3,3.488263643895009
7,2018Q4,3.903635306711087
7,2019Q1,4.15053001293373
7,2019Q2,4.101292325833005
7,2019Q3,4.042899911048585
7,2019Q4,3.958864107616025
7,2020Q1,3.686214282048774
7,2020Q2,-15.581738280929526
7,2020Q3,0.3406108935546235
7,2020Q4,2.39183236179374
7,2021Q1,1.4921883603695751
7,2021Q2,1.7592845266117139
7,2021Q3,1.5540089363049083
7,2021Q4,0.6936538388697175
7,2022Q1,2.462713780233612
7,2022Q2,2.5972095530581556
7,2022Q3,-2.386527294580401
7,2022Q4,1.8300109417491157
7,2023Q1,2.5162424031508888
7,2023Q2,3.0963510413744704
7,2023Q3,2.904936820469553
7,2023Q4,1.933903918426961
8,1980Q1,-2.6618993991190036
8,1980Q2,1.0157925261576755
8,1980Q3,3.5850034817906025
8,1980Q4,3.369868774721436
8,1981Q1,2.9118527877219007
8,1981Q2,3.440322467499291
8,1981Q3,2.465684313237368
8,1981Q4,3.686032300503026
8,1982Q1,2.6176843698086136
8,1982Q2,3.292955358895307
8,1982Q3,0.832353019843258
8,1982Q4,-5.12927671343118
8,1983Q1,-0.6150233497364255
8,1983Q2,3.9906169531740083
8,1983Q3,2.5412729282118414
8,1983Q4,-0.34725960731910366
8,1984Q1,1.964162375620492
8,1984Q2,3.51863326844087
8,1984Q3,4.078756747961078
8,1984Q4,3.3095669251769895
8,1985Q1,0.9879808710260334
8,1985Q2,1.2195479130869207
8,1985Q3,2.646856823547556
8,1985Q4,4.051782810656026
8,1986Q1,3.562581543437763
8,1986Q2,2.967738587776042
8,1986Q3,2.708946875405731
8,1986Q4,3.5676146939887703
8,1987Q1,3.934353416298786
8,1987Q2,2.4207311824161417
8,1987Q3,2.807302476101901
8,1987Q4,2.7997262096997626
8,1988Q1,4.150509308524313
8,1988Q2,4.187063431667705
8,1988Q3,2.8273768142971343
8,1988Q4,3.943542813827516
8,1989Q1,3.8846748961048587
8,1989Q2,2.0920688656066364
8,1989Q3,4.019218218788183
8,1989Q4,3.6554450102434943
8,1990Q1,3.039850999123246
8,1990Q2,2.4760170862842568
8,1990Q3,1.7088591363022387
8,1990Q4,2.2134227036733414
8,1991Q1,-1.9042570783336776
8,1991Q2,2.615144771152268
8,1991Q3,3.386774697819869
8,1991Q4,3.3319806967044574
8,1992Q1,2.4872593678572215
8,1992Q2,3.9581816126083367
8,1992Q3,4.075415633617351
8,1992Q4,2.826254202254778
8,1993Q1,3.4230840311782353
8,1993Q2,4.0609921258788555
8,1993Q3,1.9807854086666374
8,1993Q4,3.7130952655106766
8,1994Q1,3.446389686102026
8,1994Q2,3.655056250527995
8,1994Q3,4.033044774685899
8,1994Q4,3.0585913292064655
8,1995Q1,2.0371592441860367
8,1995Q2,1.3158511598107832
8,1995Q3,0.22830254402947547
8,1995Q4,3.409996998084318
8,1996Q1,3.4948790010486492
8,1996Q2,3.4413821315308213
8,1996Q3,-0.548790015790539
8,1996Q4,2.6983281838232247
8,1997Q1,3.027556050752129
8,1997Q2,-0.7823496063193547
8,1997Q3,3.5215901359146797
8,1997Q4,2.379303627590714
8,1998Q1,3.6080265230498325
8,1998Q2,3.4395646046494743
8,1998Q3,3.178221374886284
8,1998Q4,2.9212256634586016
8,1999Q1,4.016725304344748
8,1999Q2,4.1428101650088465
8,1999Q3,4.002675688398816
8,1999Q4,3.2365666526020256
8,2000Q1,2.2166764173330824
8,2000Q2,3.608470096574004
8,2000Q3,3.66714649947169
8,2000Q4,3.6358013243983027
8,2001Q1,3.351422221783692
8,2001Q2,3.5657338578996014
8,2001Q3,4.071730726661428
8,2001Q4,3.8055479214940124
8,2002Q1,3.187980153815019
8,2002Q2,3.166009227197854
8,2002Q3,4.051478371034991
8,2002Q4,3.835300974222841
8,2003Q1,4.182421588112367
8,2003Q2,4.12355851882022
8,2003Q3,3.84389932432405
8,2003Q4,3.77085314759477
8,2004Q1,4.1727630736286345
8,2004Q2,4.165436321262653
8,2004Q3,4.075699971388438
8,2004Q4,3.7082858899520144
8,2005Q1,4.097187814874384
8,2005Q2,4.0326173911830105
8,2005Q3,3.9796255316369327
8,2005Q4,4.071345950612647
8,2006Q1,3.9965429196457514
8,2006Q2,3.1997614174033195
8,2006Q3,3.533981508813935
8,2006Q4,3.6166783830640536
8,2007Q1,3.385006233252305
8,2007Q2,4.020920033555776
8,2007Q3,3.7864617637540636
8,2007Q4,3.939221784971086
8,2008Q1,3.6228365414575485
8,2008Q2,3.490498860367283
8,2008Q3,3.450659751636478
8,2008Q4,3.310369755037498
8,2009Q1,1.329381554189251
8,2009Q2,2.16510130227101
8,2009Q3,2.8532928836614326
8,2009Q4,3.039850422079125
8,2010Q1,3.654890817320256
8,2010Q2,3.840360409656642
8,2010Q3,3.761020185344802
8,2010Q4,3.5922317312748415
8,2011Q1,3.0571066030603706
8,2011Q2,4.124037157528252
8,2011Q3,3.563201117379375
8,2011Q4,3.6306466185665265
8,2012Q1,3.682079461051865
8,2012Q2,4.081388278092063
8,2012Q3,3.7510534827479685
8,2012Q4,4.009696930296026
8,2013Q1,3.946554591629619
8,2013Q2,4.048574797095567
8,2013Q3,4.140426615631382
8,2013Q4,4.163690048045336
8,2014Q1,4.174723455156635
8,2014Q2,4.105023913807639
8,2014Q3,3.88149305360903
8,2014Q4,4.028465296835966
8,2015Q1,3.8023729803902584
8,2015Q2,3.4892595127258796
8,2015Q3,4.170310993868469
8,2015Q4,3.642840663888169
8,2016Q1,3.8766227009577445
8,2016Q2,4.100429604703493
8,2016Q3,3.459134948859451
8,2016Q4,4.180102836671324
8,2017Q1,3.8757139529174
8,2017Q2,3.751396294940392
8,2017Q3,3.9871559304642408
8,2017Q4,4.190061541148054
8,2018Q1,4.1712646015761035
8,2018Q2,3.996897958972525
8,2018Q3,3.503366896241211
8,2018Q4,3.918985031923593
8,2019Q1,4.1394941701476125
8,2019Q2,4.088468818706357
8,2019Q3,4.0279717307770415
8,2019Q4,3.951333002073864
8,2020Q1,3.6666686424309036
8,2020Q2,-15.553695418882304
8,2020Q3,-0.05344063083441952
8,2020Q4,2.10937139498913
8,2021Q1,1.2875161030990339
8,2021Q2,1.8893517232727937
8,2021Q3,1.6421621466429959
8,2021Q4,0.7052283169979763
8,2022Q1,2.502680908989368
8,2022Q2,2.5207100941757683
8,2022Q3,-2.3036058456816564
8,2022Q4,1.674349249848539
8,2023Q1,2.5544453443799555
8,2023Q2,3.2307578229346774
8,2023Q3,2.783289606495228
8,2023Q4,1.6898020410891745
9,1980Q1,-1.750765648103151
9,1980Q2,0.8439799981681739
9,1980Q3,3.6233561727335917
9,1980Q4,3.4434991964731667
9,1981Q1,2.9232625625519164
9,1981Q2,3.616371838036912
9,1981Q3,2.577179442615402
9,1981Q4,3.8045408269584247
9,1982Q1,2.7062745191790256
9,1982Q2,3.4899683591958763
9,1982Q3,0.9882066003186694
9,1982Q4,-5.042176607495941
9,1983Q1,-0.1909282804306267
9,1983Q2,3.938752568140374
9,1983Q3,2.610290678984904
9,1983Q4,-0.061575249415546374
9,1984Q1,2.7773582060548128
9,1984Q2,3.5376333394908843
9,1984Q3,4.063294886560593
9,1984Q4,3.459890900461562
9,1985Q1,1.445114775275378
9,1985Q2,1.4144361180525986
9,1985Q3,2.7069980919456578
9,1985Q4,4.116306971103128
9,1986Q1,3.5979143787145333
9,1986Q2,2.9798890358982533
9,1986Q3,2.853340061357488
9,1986Q4,3.6627186534843315
9,1987Q1,3.937923885142485
9,1987Q2,2.635440796477411
9,1987Q3,3.037520908068112
9,1987Q4,2.9965241655112473
9,1988Q1,4.150121075189515
9,1988Q2,4.192873953993055
9,1988Q3,2.7011423339211924
9,1988Q4,4.009558154686671
9,1989Q1,3.9530574929618716
9,1989Q2,2.279533825856085
9,1989Q3,4.067963868485465
9,1989Q4,3.662500040697126
9,1990Q1,3.186389547253256
9,1990Q2,2.7554436689805493
9,1990Q3,1.8168876233477964
9,1990Q4,2.3831258642579636
9,1991Q1,-1.177166958996895
9,1991Q2,2.6210469637570695
9,1991Q3,3.277104268284665
9,1991Q4,3.4538293673427294
9,1992Q1,2.579774670125262
9,1992Q2,3.944607510614525
9,1992Q3,4.092184317883065
9,1992Q4,2.9050209545089434
9,1993Q1,3.498228185932833
9,1993Q2,4.058255934459092
9,1993Q3,1.7336211294038049
9,1993Q4,3.6637680901222507
9,1994Q1,3.498416046904551
9,1994Q2,3.709417725312804
9,1994Q3,4.0675283459178235
9,1994Q4,3.0691701729451664
9,1995Q1,1.907956897789707
9,1995Q2,0.9467873304583883
9,1995Q3,-0.09996907742259609
9,1995Q4,3.274447094608551
9,1996Q1,3.6180014883925877
9,1996Q2,3.2982608189442515
9,1996Q3,-0.9448777129060808
9,1996Q4,2.4298150726440437
9,1997Q1,2.8527961963783994
9,1997Q2,-0.5209643535815145
9,1997Q3,3.388224545030992
9,1997Q4,2.023134478846793
9,1998Q1,3.560500319715503
9,1998Q2,3.489228244086638
9,1998Q3,3.1693486749605664
9,1998Q4,2.7454255885945065
9,1999Q1,4.022655453467397
9,1999Q2,4.136779990817264
9,1999Q3,4.063375453629078
9,1999Q4,3.2899686095660563
9,2000Q1,2.0911375203254945
9,2000Q2,3.470447100542601
9,2000Q3,3.568366836398946
9,2000Q4,3.6518654477093144
9,2001Q1,3.3500712482667856
9,2001Q2,3.639889993776202
9,2001Q3,4.090711385404405
9,2001Q4,3.854491109557257
9,2002Q1,3.079206918361986
9,2002Q2,3.2871612452718315
9,2002Q3,4.0739867183782215
9,2002Q4,3.882688017386878
9,2003Q1,4.194282406060857
9,2003Q2,4.144820209230048
9,2003Q3,3.8177139152625745
9,2003Q4,3.80226763140924
9,2004Q1,4.180355364301556
9,2004Q2,4.179732983059723
9,2004Q3,4.0968877141775755
9,2004Q4,3.6564352134632347
9,2005Q1,4.134651787993094
9,2005Q2,4.024447103293446
9,2005Q3,4.001829540382131
9,2005Q4,4.1132623731248525
9,2006Q1,3.9884268226538566
9,2006Q2,3.147671069003615
9,2006Q3,3.574135122580549
9,2006Q4,3.6846227650044754
9,2007Q1,3.4749580227855352
9,2007Q2,4.007543675322441
9,2007Q3,3.853461975358892
9,2007Q4,3.94687227500012
9,2008Q1,3.473465314989923
9,2008Q2,3.3248605608751003
9,2008Q3,3.307916622926685
9,2008Q4,3.375210309157048
9,2009Q1,1.4039692806921669
9,2009Q2,2.149172051083043
9,2009Q3,2.6951001391062217
9,2009Q4,2.912027471186714
9,2010Q1,3.6659369046508026
9,2010Q2,3.8405396943878705
9,2010Q3,3.7832393525560293
9,2010Q4,3.6138309344330883
9,2011Q1,3.0763825450314966
9,2011Q2,4.149174537223823
9,2011Q3,3.595715071436768
9,2011Q4,3.6363709311324324
9,2012Q1,3.762786391001156
9,2012Q2,4.113482412368783
9,2012Q3,3.755364748837815
9,2012Q4,4.053928502420062
9,2013Q1,3.939283769926232
9,2013Q2,4.0501981933010365
9,2013Q3,4.149755139018333
9,2013Q4,4.179601239484097
9,2014Q1,4.193006945603713
9,2014Q2,4.104053961021074
9,2014Q3,3.9083341133188236
9,2014Q4,4.021205182829931
9,2015Q1,3.775173153206827
9,2015Q2,3.4853901529584617
9,2015Q3,4.197447163332185
9,2015Q4,3.6508141552022186
9,2016Q1,3.9168019435514974
9,2016Q2,4.104639239877624
9,2016Q3,3.451955817946578
9,2016Q4,4.198968062997364
9,2017Q1,3.88799064126774
9,2017Q2,3.767552160281147
9,2017Q3,4.001297079818688
9,2017Q4,4.20328866882414
9,2018Q1,4.186324734156163
9,2018Q2,4.003312363620627
9,2018Q3,3.5027019197656424
9,2018Q4,3.9289964949507254
9,2019Q1,4.156863528702216
9,2019Q2,4.090250779882627
9,2019Q3,4.027006902939965
9,2019Q4,3.9545429333222115
9,2020Q1,3.6729700316476492
9,2020Q2,-15.60473148585915
9,2020Q3,-0.1989407762960127
9,2020Q4,2.2387479084238597
9,2021Q1,1.3920907736588082
9,2021Q2,1.9620296664304218
9,2021Q3,1.7096388401958333
9,2021Q4,0.7634716029762947
9,2022Q1,2.4461000287161907
9,2022Q2,2.32669681967059
9,2022Q3,-2.6293614740402598
9,2022Q4,1.2990985202976524
9,2023Q1,2.4149501133354585
9,2023Q2,3.2774466019848343
9,2023Q3,2.6727674600039664
9,2023Q4,1.4479503160412555
10,1980Q1,-1.412533020746456
10,1980Q2,0.4264940268621511
10,1980Q3,3.6159763517202475
10,1980Q4,3.4690054958513543
10,1981Q1,3.080964334074782
10,1981Q2,3.838542136101699
10,1981Q3,2.518170645032772
10,1981Q4,4.079568363184399
10,1982Q1,2.8678837720721937
10,1982Q2,3.6491622386651463
10,1982Q3,1.4351600716882782
10,1982Q4,-4.462583298214161
10,1983Q1,0.650466253514772
10,1983Q2,4.05051305273589
10,1983Q3,2.5833030930668563
10,1983Q4,-0.1757544320747737
10,1984Q1,3.4568597633703844
10,1984Q2,3.286441665640168
10,1984Q3,4.066663556842636
10,1984Q4,3.706049391970878
10,1985Q1,1.857623516490595
10,1985Q2,1.298233762997508
10,1985Q3,2.655316953886118
10,1985Q4,4.204126963002939
10,1986Q1,3.6331392699288614
10,1986Q2,3.1412596620194186
10,1986Q3,3.0428358685597656
10,1986Q4,3.638468777585773
10,1987Q1,4.044981374900451
10,1987Q2,2.6891398210559054
10,1987Q3,3.226484145782813
10,1987Q4,3.133259906458474
10,1988Q1,4.207349109768851
10,1988Q2,4.286425987985209
10,1988Q3,2.689833001494211
10,1988Q4,4.086048385909838
10,1989Q1,4.123140268318057
10,1989Q2,2.456669373111538
10,1989Q3,4.086508799723773
10,1989Q4,3.742276668707595
10,1990Q1,3.2536233088583626
10,1990Q2,3.058101537015949
10,1990Q3,2.030219665566975
10,1990Q4,2.7924969426890733
10,1991Q1,-0.1816187658105335
10,1991Q2,2.722229463755358
10,1991Q3,3.2483200753129573
10,1991Q4,3.7744647319568667
10,1992Q1,2.787646176705511
10,1992Q2,4.075183241100847
10,1992Q3,4.162756569946608
10,1992Q4,2.817339055957804
10,1993Q1,3.722518576617027
10,1993Q2,4.142377655546807
10,1993Q3,1.420237386396772
10,1993Q4,3.4894035993865127
10,1994Q1,3.5005877929181834
10,1994Q2,3.8154550049480105
10,1994Q3,4.1961493949068265
10,1994Q4,3.062925508229175
10,1995Q1,1.861229344149253
10,1995Q2,0.47766834676296943
10,1995Q3,-0.9873641338728918
10,1995Q4,3.0589911998924046
10,1996Q1,3.756749469850292
10,1996Q2,3.162510085675458
10,1996Q3,-1.8249881220822717
10,1996Q4,2.060099713792289
10,1997Q1,2.4881169044416533
10,1997Q2,-0.46529773831584187
10,1997Q3,3.3296316414331875
10,1997Q4,1.3256278673637443
10,1998Q1,3.435500381429254
10,1998Q2,3.5654944126616437
10,1998Q3,3.1333689558055275
10,1998Q4,2.4431971781126753
10,1999Q1,4.050054176994166
10,1999Q2,4.229332930898666
10,1999Q3,4.142540542873718
10,1999Q4,3.3536395411529933
10,2000Q1,1.829339966002935
10,2000Q2,3.45416977584672
10,2000Q3,3.5236970394318656
10,2000Q4,3.662368873506062
10,2001Q1,3.178231721073185
10,2001Q2,3.7080926871384117
10,2001Q3,4.153733801524295
10,2001Q4,3.9522011310977794
10,2002Q1,3.0691516664131493
10,2002Q2,3.4754015430996863
10,2002Q3,4.12837982986258
10,2002Q4,3.970116393892323
10,2003Q1,4.28499872379438
10,2003Q2,4.229192626307735
10,2003Q3,3.895607487537621
10,2003Q4,3.946031919965842
10,2004Q1,4.287299131080707
10,2004Q2,4.277602794068126
10,2004Q3,4.196356744357299
10,2004Q4,3.7641986266268495
10,2005Q1,4.205345304240155
10,2005Q2,4.1382009682932335
10,2005Q3,4.107611128891556
10,2005Q4,4.187789008188901
10,2006Q1,4.081323379242981
10,2006Q2,3.2295209895154375
10,2006Q3,3.7416205383165813
10,2006Q4,3.79630299422644
10,2007Q1,3.5537115566660797
10,2007Q2,4.073916306488684
10,2007Q3,3.936066603255505
10,2007Q4,4.030832672068755
10,2008Q1,3.4534183396343914
10,2008Q2,3.118385016214786
10,2008Q3,3.2604715618900184
10,2008Q4,3.428840732345698
10,2009Q1,1.275107967746926
10,2009Q2,1.8404157050394145
10,2009Q3,2.40006482676771
10,2009Q4,2.737521566313005
10,2010Q1,3.8208392371100297
10,2010Q2,3.987720284850612
10,2010Q3,3.9475342622360365
10,2010Q4,3.6942320405736684
10,2011Q1,3.2538935732356222
10,2011Q2,4.212925934107588
10,2011Q3,3.545023621248659
10,2011Q4,3.6552274973936076
10,2012Q1,3.8400671361074297
10,2012Q2,4.19335833665526
10,2012Q3,3.690743304981939
10,2012Q4,4.137568274388888
10,2013Q1,4.020639736232034
10,2013Q2,4.154751842288355
10,2013Q3,4.226427310731063
10,2013Q4,4.283306525694868
10,2014Q1,4.276357183270286
10,2014Q2,4.20111594267717
10,2014Q3,4.002305737043359
10,2014Q4,4.128379570199011
10,2015Q1,3.746420814913123
10,2015Q2,3.628763278557323
10,2015Q3,4.279743684060915
10,2015Q4,3.743113785062324
10,2016Q1,4.017680429714407
10,2016Q2,4.204959355886996
10,2016Q3,3.556657506393938
10,2016Q4,4.2740434177605025
10,2017Q1,4.048282627523675
10,2017Q2,3.8840230815857515
10,2017Q3,4.1266217165678585
10,2017Q4,4.296548783423348
10,2018Q1,4.257233239395844
10,2018Q2,4.0988133029580665
10,2018Q3,3.642234516128698
10,2018Q4,4.062371270130052
10,2019Q1,4.238897834740781
10,2019Q2,4.1739441224848495
10,2019Q3,4.095394016371524
10,2019Q4,4.063630878508017
10,2020Q1,3.647198849089137
10,2020Q2,-15.910167313872895
10,2020Q3,-1.737441765841079
10,2020Q4,2.0540210849792446
10,2021Q1,1.5366359482771612
10,2021Q2,2.3656165807948177
10,2021Q3,2.010865366257814
10,2021Q4,0.5187282497421362
10,2022Q1,2.638322343810117
10,2022Q2,2.341108778198054
10,2022Q3,-2.842562638064819
10,2022Q4,0.9772389191496891
10,2023Q1,2.339740509038519
10,2023Q2,3.5319473886873274
10,2023Q3,2.5245857086858354
10,2023Q4,0.9414030131984155
11,1980Q1,-1.1735813368859889
11,1980Q2,-0.10885751149208023
11,1980Q3,3.649235804202949
11,1980Q4,3.507012653773548
11,1981Q1,3.1373490900083345
11,1981Q2,3.858187107003506
11,1981Q3,2.517182949869872
11,1981Q4,4.297691877246076
11,1982Q1,2.902145407893813
11,1982Q2,3.4938344124406076
11,1982Q3,1.5893858047209521
11,1982Q4,-4.802990652270164
11,1983Q1,0.36569260305886697
11,1983Q2,4.191319176491912
11,1983Q3,2.9968746352929125
11,1983Q4,0.6350936298250232
11,1984Q1,3.460075175823728
11,1984Q2,3.0454113765621615
11,1984Q3,4.228442058263042
11,1984Q4,3.6083758093193103
11,1985Q1,2.1759936881490636
11,1985Q2,1.1501195505108348
11,1985Q3,2.867302245664619
11,1985Q4,4.307420988003613
11,1986Q1,3.6732121704024694
11,1986Q2,3.1548410052313867
11,1986Q3,2.914264960068251
11,1986Q4,3.6589580451063
11,1987Q1,4.070428092954318
11,1987Q2,2.9232852527052033
11,1987Q3,3.418583342516563
11,1987Q4,3.313163129249992
11,1988Q1,4.293873781986476
11,1988Q2,4.392976756471948
11,1988Q3,2.503833689341864
11,1988Q4,4.198428289027395
11,1989Q1,4.225293417136948
11,1989Q2,2.4278936626447134
11,1989Q3,4.100144268940384
11,1989Q4,3.8727822206676614
11,1990Q1,3.4382770534018805
11,1990Q2,3.1835762989304013
11,1990Q3,2.219758080636204
11,1990Q4,3.053423882061885
11,1991Q1,-0.557092672049115
11,1991Q2,2.3603394171751457
11,1991Q3,3.54423946601194
11,1991Q4,3.6188425603772174
11,1992Q1,2.7427612716342344
11,1992Q2,3.898095302797238
11,1992Q3,4.2170618110122735
11,1992Q4,2.820382727283971
11,1993Q1,3.876319518578464
11,1993Q2,4.197363393461778
11,1993Q3,1.2367384102782593
11,1993Q4,3.520469999819811
11,1994Q1,3.6864275149118155
11,1994Q2,4.010733246343412
11,1994Q3,4.296677612623382
11,1994Q4,3.1248598182450524
11,1995Q1,1.9088668502308317
11,1995Q2,0.35649499239158366
11,1995Q3,-1.364939653867241
11,1995Q4,3.0594156220691167
11,1996Q1,3.9265275420998464
11,1996Q2,3.367200531659408
11,1996Q3,-2.415432166750133
11,1996Q4,1.937695755486557
11,1997Q1,2.2892154678519088
11,1997Q2,-0.43334780935693473
11,1997Q3,3.4653209614348914
11,1997Q4,0.7621494767625241
11,1998Q1,3.171139385877095
11,1998Q2,3.757744984295865
11,1998Q3,3.3326909597282235
11,1998Q4,2.3081698122952807
11,1999Q1,4.099770851583264
11,1999Q2,4.307121209764943
11,1999Q3,4.296251589763798
11,1999Q4,3.384145153086588
11,2000Q1,1.5851209319429005
11,2000Q2,3.3499148006298616
11,2000Q3,3.4380207082005274
11,2000Q4,3.846826054935507
11,2001Q1,3.045511661930971
11,2001Q2,3.880784340722503
11,2001Q3,4.190619633262468
11,2001Q4,4.0684420322825146
11,2002Q1,2.9811944359939986
11,2002Q2,3.642501214612562
11,2002Q3,4.249384417211143
11,2002Q4,4.060510746448182
11,2003Q1,4.376296180583863
11,2003Q2,4.345402120458981
11,2003Q3,3.852888518178329
11,2003Q4,4.013170217062597
11,2004Q1,4.365871341227491
11,2004Q2,4.349261424472305
11,2004Q3,4.2696012745190455
11,2004Q4,3.6984887586809423
11,2005Q1,4.312521372525986
11,2005Q2,4.197098289011531
11,2005Q3,4.161885662696696
11,2005Q4,4.314994777250652
11,2006Q1,4.149228843347415
11,2006Q2,3.1487456315474187
11,2006Q3,3.816025079004043
11,2006Q4,3.898466577557587
11,2007Q1,3.7031780484327097
11,2007Q2,4.105330940296068
11,2007Q3,4.057577747578857
11,2007Q4,4.132110049633208
11,2008Q1,3.325790312299862
11,2008Q2,3.0203061006896683
11,2008Q3,3.066122438509864
11,2008Q4,3.619722333354594
11,2009Q1,1.3999668516153148
11,2009Q2,1.611702320866092
11,2009Q3,2.3328322470141667
11,2009Q4,2.8026977868686465
11,2010Q1,3.994855741762605
11,2010Q2,4.037018779308548
11,2010Q3,4.109663105169684
11,2010Q4,3.8277619561140837
11,2011Q1,3.3867826541981003
11,2011Q2,4.297462305754855
11,2011Q3,3.6023853119208806
11,2011Q4,3.597831587692131
11,2012Q1,3.9419275165471763
11,2012Q2,4.334779574492181
11,2012Q3,3.7411496822151764
11,2012Q4,4.210997832177507
11,2013Q1,4.029588502308958
11,2013Q2,4.244467843392373
11,2013Q3,4.3044745819680195
11,2013Q4,4.38458035474505
11,2014Q1,4.384689137779708
11,2014Q2,4.269630331238389
11,2014Q3,4.074858223953495
11,2014Q4,4.223226346469391
11,2015Q1,3.814488873802964
11,2015Q2,3.725097337568556
11,2015Q3,4.385622282547769
11,2015Q4,3.848891931669255
11,2016Q1,4.136479654992195
11,2016Q2,4.315649005042368
11,2016Q3,3.6079931293495155
11,2016Q4,4.376016863011809
11,2017Q1,4.122397401487823
11,2017Q2,3.9842763504519447
11,2017Q3,4.213509101055865
11,2017Q4,4.39063015760201
11,2018Q1,4.354057146283061
11,2018Q2,4.181770524659485
11,2018Q3,3.7202449047473536
11,2018Q4,4.139292606163573
11,2019Q1,4.327726180289148
11,2019Q2,4.272305448372149
11,2019Q3,4.156438595668735
11,2019Q4,4.156035977916084
11,2020Q1,3.675293914788764
11,2020Q2,-16.54124465976942
11,2020Q3,-2.643880269365267
11,2020Q4,2.461926455302037
11,2021Q1,2.1007164095254143
11,2021Q2,2.5746478397414663
11,2021Q3,2.0861067153218693
11,2021Q4,0.4969394229064661
11,2022Q1,2.7001621929013204
11,2022Q2,2.558537569610527
11,2022Q3,-2.8488298722755987
11,2022Q4,0.8870003718842581
11,2023Q1,2.2645007603027083
11,2023Q2,3.5608451101573224
11,2023Q3,2.6205453994515855
11,2023Q4,0.8377168120810623
12,1980Q1,-1.631517849279164
12,1980Q2,-0.6364418650113217
12,1980Q3,3.623632883957539
12,1980Q4,3.4362733246931487
12,1981Q1,3.1108680176006196
12,1981Q2,3.674218473096081
12,1981Q3,2.3123829413589694
12,1981Q4,4.398119928026859
12,1982Q1,2.779801173349023
12,1982Q2,3.048285746584183
12,1982Q3,1.6400447967345557
12,1982Q4,-5.170586755327733
12,1983Q1,-0.11130275138906942
12,1983Q2,4.3485311542540535
12,1983Q3,3.267419008721976
12,1983Q4,0.7688117255736779
12,1984Q1,2.6944057150897063
12,1984Q2,2.820187334460516
12,1984Q3,4.313865505811011
12,1984Q4,3.325681236758513
12,1985Q1,1.9430682432013051
12,1985Q2,0.7449115061222065
12,1985Q3,3.0607065597273806
12,1985Q4,4.360790983697383
12,1986Q1,3.7702388071143873
12,1986Q2,3.0979796892065443
12,1986Q3,2.637653994155011
12,1986Q4,3.517619336721863
12,1987Q1,4.094621626803862
12,1987Q2,2.8396947249004225
12,1987Q3,3.3928925521188726
12,1987Q4,3.359467597910405
12,1988Q1,4.3825942628637335
12,1988Q2,4.465929607690946
12,1988Q3,2.3486742838308023
12,1988Q4,4.249939181201841
12,1989Q1,4.300522656653349
12,1989Q2,2.1559649269481396
12,1989Q3,4.030256673824715
12,1989Q4,3.935008054251208
12,1990Q1,3.4419332705556975
12,1990Q2,2.972219117081245
12,1990Q3,2.3033166250648187
12,1990Q4,3.0925232819621264
12,1991Q1,-1.6822190611407546
12,1991Q2,2.084653596332866
12,1991Q3,3.824833029630208
12,1991Q4,3.395199270411921
12,1992Q1,2.564219859795787
12,1992Q2,3.7155457211710683
12,1992Q3,4.239471866176991
12,1992Q4,2.62814711800354
12,1993Q1,3.9535382183845513
12,1993Q2,4.221446156739043
12,1993Q3,1.4855244751809407
12,1993Q4,3.649094970463049
12,1994Q1,3.7530836958172458
12,1994Q2,4.176364313183578
12,1994Q3,4.376563025007947
12,1994Q4,3.1672056794488403
12,1995Q1,2.041322966802466
12,1995Q2,0.7793801676136471
12,1995Q3,-1.1178178987402134
12,1995Q4,3.3136643385822917
12,1996Q1,3.9879253010277047
12,1996Q2,3.770370675804811
12,1996Q3,-2.0974975717951487
12,1996Q4,2.3394626682230113
12,1997Q1,2.553574958044363
12,1997Q2,-0.5808413300075772
12,1997Q3,3.7975178666831155
12,1997Q4,1.0191115311313546
12,1998Q1,3.078085313813167
12,1998Q2,3.8801927732251613
12,1998Q3,3.5428761639516697
12,1998Q4,2.5458554189737477
12,1999Q1,4.212513125324435
12,1999Q2,4.378914017924216
12,1999Q3,4.390254963486529
12,1999Q4,3.406488320177762
12,2000Q1,1.5547109720407342
12,2000Q2,3.445741769935566
12,2000Q3,3.5365887813100834
12,2000Q4,3.9351153070582177
12,2001Q1,2.910892617339499
12,2001Q2,3.9181350366955954
12,2001Q3,4.218027692236944
12,2001Q4,4.147923568414719
12,2002Q1,3.026935409861856
12,2002Q2,3.7104875273055997
12,2002Q3,4.359775271986133
12,2002Q4,4.137689609239298
12,2003Q1,4.460399076425689
12,2003Q2,4.432889443736383
12,2003Q3,3.871663682511368
12,2003Q4,4.09186327101343
12,2004Q1,4.443154933108664
12,2004Q2,4.406869797406886
12,2004Q3,4.341074046868997
12,2004Q4,3.722894063012344
12,2005Q1,4.372866947647506
12,2005Q2,4.268198282938517
12,2005Q3,4.217848565211082
12,2005Q4,4.390867767633258
12,2006Q1,4.22541563470787
12,2006Q2,3.126090801141042
12,2006Q3,3.892547179315123
12,2006Q4,3.9516121350797695
12,2007Q1,3.753543586571657
12,2007Q2,4.183727942669774
12,2007Q3,4.133213525513671
12,2007Q4,4.227696154204494
12,2008Q1,3.4367296089095585
12,2008Q2,3.241277331709383
12,2008Q3,3.1564208300627183
12,2008Q4,3.676401540746162
12,2009Q1,1.2680475831436238
12,2009Q2,1.44439510210639
12,2009Q3,2.464251723267237
12,2009Q4,3.0528485916634365
12,2010Q1,4.157027018634668
12,2010Q2,4.087926110228013
12,2010Q3,4.2481993956408735
12,2010Q4,3.9569842193367673
12,2011Q1,3.503078327063531
12,2011Q2,4.372637023842449
12,2011Q3,3.5867277485893316
12,2011Q4,3.5540196394949364
12,2012Q1,3.9503110554770906
12,2012Q2,4.428268556890554
12,2012Q3,3.8312724922071375
12,2012Q4,4.241216591670031
12,2013Q1,4.074174795367926
12,2013Q2,4.336254059016553
12,2013Q3,4.382864679200751
12,2013Q4,4.472202610288249
12,2014Q1,4.466486939713358
12,2014Q2,4.35551461018994
12,2014Q3,4.119740796107358
12,2014Q4,4.320946446446921
12,2015Q1,3.9257547986338244
12,2015Q2,3.817741744248817
12,2015Q3,4.458923038426283
12,2015Q4,3.9391022945445724
12,2016Q1,4.21318616372471
12,2016Q2,4.42595335929755
12,2016Q3,3.6913318095500944
12,2016Q4,4.455971059268515
12,2017Q1,4.1871607076832404
12,2017Q2,4.065895079486956
12,2017Q3,4.303793734359539
12,2017Q4,4.47373504433081
12,2018Q1,4.430436611971675
12,2018Q2,4.25893798858215
12,2018Q3,3.795060036422192
12,2018Q4,4.206684391125514
12,2019Q1,4.390167641002059
12,2019Q2,4.36316858443909
12,2019Q3,4.230775341177621
12,2019Q4,4.251652611441999
12,2020Q1,3.3963672504446647
12,2020Q2,-15.673592311835304
12,2020Q3,-4.147451441220124
12,2020Q4,2.8120253430445654
12,2021Q1,2.484720107556773
12,2021Q2,2.4663947437703104
12,2021Q3,2.491921179237202
12,2021Q4,0.395272052575387
12,2022Q1,2.927508526499129
12,2022Q2,2.714897830764448
12,2022Q3,-3.7218532874940706
12,2022Q4,1.4157533862680216
12,2023Q1,2.2745640636039424
12,2023Q2,3.462647600428743
12,2023Q3,2.863614032028023
12,2023Q4,1.097756754358672
13,1980Q1,-1.968303614068292
13,1980Q2,-0.9157715209424788
13,1980Q3,3.602392664195711
13,1980Q4,3.401519291215145
13,1981Q1,3.075192557475414
13,1981Q2,3.5704904431574014
13,1981Q3,2.2312474843010195
13,1981Q4,4.4406013510567295
13,1982Q1,2.761896521502031
13,1982Q2,2.8209057012210694
13,1982Q3,1.609138964637712
13,1982Q4,-5.504122248181687
13,1983Q1,-0.2924797460842825
13,1983Q2,4.404307323112084
13,1983Q3,3.426826101681433
13,1983Q4,0.9230938310480723
13,1984Q1,2.226997036397059
13,1984Q2,2.824980204121643
13,1984Q3,4.319731625686567
13,1984Q4,3.1360179262468293
13,1985Q1,1.8347511410683683
13,1985Q2,0.628227723842719
13,1985Q3,3.184517276677314
13,1985Q4,4.351761168798296
13,1986Q1,3.8193251384738676
13,1986Q2,3.0723702580074344
13,1986Q3,2.5252763630851645
13,1986Q4,3.4409312283513787
13,1987Q1,4.109547941088363
13,1987Q2,2.774810921607168
13,1987Q3,3.3623260504554127
13,1987Q4,3.389751099799755
13,1988Q1,4.422799309090735
13,1988Q2,4.488060985663111
13,1988Q3,2.260210004527043
13,1988Q4,4.269807791942793
13,1989Q1,4.3229958619016235
13,1989Q2,2.0148062192187153
13,1989Q3,4.0136678137913675
13,1989Q4,3.957927492377095
13,1990Q1,3.4407524317479465
13,1990Q2,2.8698462526156874
13,1990Q3,2.3432331778727185
13,1990Q4,3.1248604677020526
13,1991Q1,-2.331115825743045
13,1991Q2,2.070940316694026
13,1991Q3,3.9625114779814363
13,1991Q4,3.2213687576411196
13,1992Q1,2.538957493419134
13,1992Q2,3.578036250169808
13,1992Q3,4.249570816645318
13,1992Q4,2.5032393636595227
13,1993Q1,3.98446951266176
13,1993Q2,4.215156861677256
13,1993Q3,1.611508602819014
13,1993Q4,3.7234763921872958
13,1994Q1,3.787723582658192
13,1994Q2,4.2398126126907245
13,1994Q3,4.409191051307197
13,1994Q4,3.196967532817826
13,1995Q1,2.083185239224622
13,1995Q2,0.9608771106243825
13,1995Q3,-0.9610354288457632
13,1995Q4,3.43549730880134
13,1996Q1,4.000500059647949
13,1996Q2,3.908562806646915
13,1996Q3,-1.9013094058813858
13,1996Q4,2.5077041597963814
13,1997Q1,2.677733071589767
13,1997Q2,-0.6746437361537314
13,1997Q3,3.9101293070075718
13,1997Q4,1.1548713334442646
13,1998Q1,3.0623803373545058
13,1998Q2,3.9399648583046405
13,1998Q3,3.603794623470878
13,1998Q4,2.655513758054
13,1999Q1,4.267539470250729
13,1999Q2,4.402662176847976
13,1999Q3,4.4332910590747225
13,1999Q4,3.380643540545634
13,2000Q1,1.58426286466567
13,2000Q2,3.4485439108356353
13,2000Q3,3.585062710011599
13,2000Q4,3.983206763152854
13,2001Q1,2.8609609905087554
13,2001Q2,3.921034566592607
13,2001Q3,4.2195996529362265
13,2001Q4,4.168141875010511
13,2002Q1,3.039109846831102
13,2002Q2,3.7152435435088025
13,2002Q3,4.410326576736115
13,2002Q4,4.1668506832729415
13,2003Q1,4.493706975477261
13,2003Q2,4.471801976512273
13,2003Q3,3.864761237728507
13,2003Q4,4.109845117791223
13,2004Q1,4.473095158300818
13,2004Q2,4.425250521087907
13,2004Q3,4.368240140173948
13,2004Q4,3.717958030782643
13,2005Q1,4.401574816444171
13,2005Q2,4.294855095313054
13,2005Q3,4.231389692135648
13,2005Q4,4.422930934422462
13,2006Q1,4.257719432402327
13,2006Q2,3.116226533725814
13,2006Q3,3.9031758207046
13,2006Q4,3.9622816855480036
13,2007Q1,3.7714628474226375
13,2007Q2,4.2095270893305
13,2007Q3,4.165626027621746
13,2007Q4,4.2660710925067855
13,2008Q1,3.463987675203568
13,2008Q2,3.3434771679115984
13,2008Q3,3.198253710094596
13,2008Q4,3.6998796165635928
13,2009Q1,1.1625039204239331
13,2009Q2,1.401232055200822
13,2009Q3,2.554199974154388
13,2009Q4,3.1842308433767785
13,2010Q1,4.230216929769223
13,2010Q2,4.107353609270073
13,2010Q3,4.305604638648107
13,2010Q4,4.019448190520315
13,2011Q1,3.5480784036550115
13,2011Q2,4.407893879803771
13,2011Q3,3.5664133813005634
13,2011Q4,3.539182160984135
13,2012Q1,3.9611795433566614
13,2012Q2,4.464759111389424
13,2012Q3,3.8779846300399066
13,2012Q4,4.2610643994246855
13,2013Q1,4.097360340940165
13,2013Q2,4.377361228172985
13,2013Q3,4.414213728532273
13,2013Q4,4.506502482067768
13,2014Q1,4.501184211070009
13,2014Q2,4.389478552555551
13,2014Q3,4.132657974752261
13,2014Q4,4.364812175992891
13,2015Q1,3.9879853301591743
13,2015Q2,3.8608879385318335
13,2015Q3,4.48665407885565
13,2015Q4,3.983456099920593
13,2016Q1,4.247783257715283
13,2016Q2,4.470261673396085
13,2016Q3,3.7291946521507766
13,2016Q4,4.488139837552429
13,2017Q1,4.214629310265959
13,2017Q2,4.10568380902575
13,2017Q3,4.345328841247062
13,2017Q4,4.5089341037124155
13,2018Q1,4.4619926220880455
13,2018Q2,4.293749138472837
13,2018Q3,3.826598118460206
13,2018Q4,4.236797350423903
13,2019Q1,4.41621472197026
13,2019Q2,4.400575444082045
13,2019Q3,4.267279829403996
13,2019Q4,4.296479078053253
13,2020Q1,3.688737913827832
13,2020Q2,-18.399170670595424
13,2020Q3,-4.593447692110214
13,2020Q4,2.6893776434496646
13,2021Q1,2.5765821498568844
13,2021Q2,2.6248846026226444
13,2021Q3,1.7780072779152487
13,2021Q4,0.3832134802575
13,2022Q1,2.9836686123913614
13,2022Q2,3.244770279073381
13,2022Q3,-1.7288098561661593
13,2022Q4,1.911965457618459
13,2023Q1,2.863608013665173
13,2023Q2,3.6801286689371357
13,2023Q3,3.017802620487746
13,2023Q4,1.228572798814814
14,1980Q1,-2.3694328197767893
14,1980Q2,-1.0299622802220112
14,1980Q3,3.5684007768891193
14,1980Q4,3.3927281227784607
14,1981Q1,3.040308590648203
14,1981Q2,3.5400779121501276
14,1981Q3,2.1784963997991444
14,1981Q4,4.445726025724263
14,1982Q1,2.816132355231032
14,1982Q2,2.8702858110155223
14,1982Q3,1.5253670022659391
14,1982Q4,-5.703648878538557
14,1983Q1,-0.04369708565745167
14,1983Q2,4.434088346921957
14,1983Q3,3.4265756769139735
14,1983Q4,0.9726626618007255
14,1984Q1,2.055822533486503
14,1984Q2,3.0085098931085064
14,1984Q3,4.311966767064492
14,1984Q4,3.107478043671234
14,1985Q1,1.684611124385968
14,1985Q2,0.7757085882404362
14,1985Q3,3.2283680402900807
14,1985Q4,4.336662467846704
14,1986Q1,3.8478633414966064
14,1986Q2,3.059272010495084
14,1986Q3,2.586494414646497
14,1986Q4,3.4198864970222727
14,1987Q1,4.12691460825075
14,1987Q2,2.6676524214533304
14,1987Q3,3.286698498765613
14,1987Q4,3.3638303072027416
14,1988Q1,4.426561096263336
14,1988Q2,4.489392384497116
14,1988Q3,2.2341181149872544
14,1988Q4,4.253063716687874
14,1989Q1,4.312713649453828
14,1989Q2,1.9788949814166807
14,1989Q3,4.058557715611196
14,1989Q4,3.9387664289653843
14,1990Q1,3.3916003917700506
14,1990Q2,2.844183451750624
14,1990Q3,2.360565953273621
14,1990Q4,3.127935447482698
14,1991Q1,-2.4508295374508684
14,1991Q2,2.39794289734402
14,1991Q3,3.998649692929767
14,1991Q4,3.2041712516290652
14,1992Q1,2.672092565539649
14,1992Q2,3.5952361617889013
14,1992Q3,4.262314203308584
14,1992Q4,2.37445891281611
14,1993Q1,3.974726611224182
14,1993Q2,4.223500737430276
14,1993Q3,1.7856803865628441
14,1993Q4,3.7777137702229044
14,1994Q1,3.763089514888295
14,1994Q2,4.234922215083169
14,1994Q3,4.422862618196972
14,1994Q4,3.218559995432809
14,1995Q1,2.084917754543656
14,1995Q2,1.103057739622753
14,1995Q3,-0.7176829290213611
14,1995Q4,3.51977430806051
14,1996Q1,3.9575300048664177
14,1996Q2,3.9243773980247814
14,1996Q3,-1.490397768103179
14,1996Q4,2.655953516326604
14,1997Q1,2.834101848279855
14,1997Q2,-0.718735862629198
14,1997Q3,3.9266537575669367
14,1997Q4,1.4424285754727464
14,1998Q1,3.194352675299889
14,1998Q2,3.9313357014680057
14,1998Q3,3.575542164137122
14,1998Q4,2.7795649913693374
14,1999Q1,4.300474611132032
14,1999Q2,4.398234150423061
14,1999Q3,4.421126597278239
14,1999Q4,3.341558190975685
14,2000Q1,1.7472401742963015
14,2000Q2,3.455477696220809
14,2000Q3,3.6447862012576646
14,2000Q4,3.9634954445068327
14,2001Q1,2.9067804823526897
14,2001Q2,3.870630715576755
14,2001Q3,4.210537342258832
14,2001Q4,4.142917645553608
14,2002Q1,3.049116020708651
14,2002Q2,3.661792162750044
14,2002Q3,4.41168551954324
14,2002Q4,4.163934955075068
14,2003Q1,4.495402602083126
14,2003Q2,4.4717693511611865
14,2003Q3,3.8620127746470576
14,2003Q4,4.098163299437537
14,2004Q1,4.478098460546127
14,2004Q2,4.425306165155486
14,2004Q3,4.371276112567357
14,2004Q4,3.724132031636791
14,2005Q1,4.395031712921047
14,2005Q2,4.30003282365054
14,2005Q3,4.220413924579576
14,2005Q4,4.408422367054749
14,2006Q1,4.263454893918838
14,2006Q2,3.1293138365876203
14,2006Q3,3.8746830713148395
14,2006Q4,3.926928008365124
14,2007Q1,3.7300972085353896
14,2007Q2,4.21765647657532
14,2007Q3,4.1562610227018855
14,2007Q4,4.270956765305374
14,2008Q1,3.4939366928138047
14,2008Q2,3.448273301812803
14,2008Q3,3.2966112568792973
14,2008Q4,3.6663095447797396
14,2009Q1,0.991731257816991
14,2009Q2,1.4869211420000066
14,2009Q3,2.6070246967565045
14,2009Q4,3.2415224677896592
14,2010Q1,4.245884171927669
14,2010Q2,4.1379623163402135
14,2010Q3,4.30708866154704
14,2010Q4,4.034659696730169
14,2011Q1,3.5459501250823546
14,2011Q2,4.40814908321749
14,2011Q3,3.504601308653108
14,2011Q4,3.5709147993390555
14,2012Q1,3.9560528103717516
14,2012Q2,4.454911001889331
14,2012Q3,3.901520731539086
14,2012Q4,4.2712310922024335
14,2013Q1,4.134756799565314
14,2013Q2,4.385685374187208
14,2013Q3,4.414825033815645
14,2013Q4,4.502339927045676
14,2014Q1,4.4945951633426215
14,2014Q2,4.39853469000262
14,2014Q3,4.12499107477518
14,2014Q4,4.375013881645457
14,2015Q1,4.0112971354854885
14,2015Q2,3.870935873823825
14,2015Q3,4.4761639589380975
14,2015Q4,3.9862848790775107
14,2016Q1,4.247343972644494
14,2016Q2,4.4729640886096576
14,2016Q3,3.75114972275954
14,2016Q4,4.479472189249535
14,2017Q1,4.224575365082066
14,2017Q2,4.105081189827694
14,2017Q3,4.361100968236903
14,2017Q4,4.507981787047696
14,2018Q1,4.453994789194867
14,2018Q2,4.295258079042928
14,2018Q3,3.822690935793214
14,2018Q4,4.2454822275292265
14,2019Q1,4.410827938768071
14,2019Q2,4.396952090162619
14,2019Q3,4.282655891029841
14,2019Q4,4.301967785192604
14,2020Q1,3.6175765226547316
14,2020Q2,-18.59271350045281
14,2020Q3,-4.981839505859229
14,2020Q4,2.6558869420171325
14,2021Q1,2.5341638063189666
14,2021Q2,2.5509737284249843
14,2021Q3,1.7741999297545479
14,2021Q4,0.25047959869567116
14,2022Q1,3.0169049494635622
14,2022Q2,3.2331623328124315
14,2022Q3,-1.7729602853184812
14,2022Q4,2.124001927017474
14,2023Q1,2.960933333293279
14,2023Q2,3.6952635252306374
14,2023Q3,3.0792759762597512
14,2023Q4,1.3868582236710485
15,1980Q1,-1.9555064375535345
15,1980Q2,-1.2884110402642595
15,1980Q3,3.6057934132115674
15,1980Q4,3.3997026237368404
15,1981Q1,3.0503843454031903
15,1981Q2,3.529139062074172
15,1981Q3,2.1070208834845117
15,1981Q4,4.445191095112372
15,1982Q1,2.885892759427803
15,1982Q2,3.019756993277417
15,1982Q3,1.6039258722051737
15,1982Q4,-5.542617732371916
15,1983Q1,0.5895988129818557
15,1983Q2,4.423354405073418
15,1983Q3,3.379717902441411
15,1983Q4,1.2366790073664515
15,1984Q1,1.8411046923049348
15,1984Q2,3.1185305437757505
15,1984Q3,4.287752838191258
15,1984Q4,3.1335917323652485
15,1985Q1,1.5993387306086242
15,1985Q2,0.96097730776656
15,1985Q3,3.1867918896207383
15,1985Q4,4.325951287267079
15,1986Q1,3.809416579162066
15,1986Q2,2.965807165109366
15,1986Q3,2.6600823880822855
15,1986Q4,3.3818288719907263
15,1987Q1,4.1149392907786835
15,1987Q2,2.656641793086015
15,1987Q3,3.1813649052063226
15,1987Q4,3.3197906105637647
15,1988Q1,4.4076067876166665
15,1988Q2,4.467560560948137
15,1988Q3,2.1883341239222975
15,1988Q4,4.206912836134597
15,1989Q1,4.284778116035808
15,1989Q2,1.977466705394109
15,1989Q3,4.093019632595724
15,1989Q4,3.8996557337513784
15,1990Q1,3.3473006211996825
15,1990Q2,2.8505198616552914
15,1990Q3,2.518762767496685
15,1990Q4,3.162717522075533
15,1991Q1,-2.2667888572254533
15,1991Q2,2.8250408639091917
15,1991Q3,3.9776745238575497
15,1991Q4,3.1557208331396263
15,1992Q1,2.7995374380519484
15,1992Q2,3.586837451475394
15,1992Q3,4.253317053792261
15,1992Q4,2.2332875799924183
15,1993Q1,3.9786333733257875
15,1993Q2,4.167310793200185
15,1993Q3,1.9963054720613775
15,1993Q4,3.8326463135447177
15,1994Q1,3.738371508834769
15,1994Q2,4.258424114739036
15,1994Q3,4.429616827733972
15,1994Q4,3.2071711276135364
15,1995Q1,2.0233495806818897
15,1995Q2,1.2044646897885265
15,1995Q3,-0.4109137747887699
15,1995Q4,3.608970581932179
15,1996Q1,3.916745526870958
15,1996Q2,3.9021496033196925
15,1996Q3,-0.9974859027601344
15,1996Q4,2.7885193824795236
15,1997Q1,3.01318241183387
15,1997Q2,-0.6124659657713858
15,1997Q3,3.928697739628774
15,1997Q4,1.7524517195402867
15,1998Q1,3.301959027867034
15,1998Q2,3.89496681330265
15,1998Q3,3.5430164738110435
15,1998Q4,2.9063654961820995
15,1999Q1,4.318605374945842
15,1999Q2,4.369765264648676
15,1999Q3,4.376700037934659
15,1999Q4,3.3034733555718736
15,2000Q1,1.8692777266105507
15,2000Q2,3.4231020367700222
15,2000Q3,3.7053262161355582
15,2000Q4,3.898009463390646
15,2001Q1,2.9192476445109987
15,2001Q2,3.8186126100205167
15,2001Q3,4.131691314279834
15,2001Q4,4.107327209352768
15,2002Q1,3.030940618133374
15,2002Q2,3.677657115041903
15,2002Q3,4.3873546179676675
15,2002Q4,4.152846780162575
15,2003Q1,4.46882623224395
15,2003Q2,4.446841856937946
15,2003Q3,3.8252944927481503
15,2003Q4,4.092139894385004
15,2004Q1,4.451932319687616
15,2004Q2,4.388782421125089
15,2004Q3,4.352800956799735
15,2004Q4,3.692694507994165
15,2005Q1,4.357571509772912
15,2005Q2,4.27270040533047
15,2005Q3,4.1997068622392275
15,2005Q4,4.367360934839006
15,2006Q1,4.237543811220984
15,2006Q2,3.0989805875208964
15,2006Q3,3.894876850826625
15,2006Q4,3.8844312133024346
15,2007Q1,3.669387347968348
15,2007Q2,4.176958997263538
15,2007Q3,4.14698769958523
15,2007Q4,4.2395628440478585
15,2008Q1,3.4483714898838143
15,2008Q2,3.51462494637483
15,2008Q3,3.3501846663644312
15,2008Q4,3.617680069871316
15,2009Q1,0.8587009805844259
15,2009Q2,1.4378481923255508
15,2009Q3,2.5652372665468173
15,2009Q4,3.318217395373794
15,2010Q1,4.266008042467079
15,2010Q2,4.1288857585299645
15,2010Q3,4.292343713621561
15,2010Q4,4.035444264458084
15,2011Q1,3.5497755901017047
15,2011Q2,4.3932452430760165
15,2011Q3,3.425389389391417
15,2011Q4,3.555962169562406
15,2012Q1,3.92119675988895
15,2012Q2,4.4163690343890005
15,2012Q3,3.9024234962745243
15,2012Q4,4.254487805370433
15,2013Q1,4.1528494732082075
15,2013Q2,4.373781510482068
15,2013Q3,4.39006406197394
15,2013Q4,4.473024203049752
15,2014Q1,4.454919978938037
15,2014Q2,4.384785302434397
15,2014Q3,4.090491815933305
15,2014Q4,4.356531692877805
15,2015Q1,4.003015671372633
15,2015Q2,3.876867564098549
15,2015Q3,4.435251627814154
15,2015Q4,3.951453145978503
15,2016Q1,4.216366514208709
15,2016Q2,4.447899646395388
15,2016Q3,3.7697193605148454
15,2016Q4,4.445514860968334
15,2017Q1,4.2169330785996415
15,2017Q2,4.072628625408369
15,2017Q3,4.357694436380513
15,2017Q4,4.474952079364695
15,2018Q1,4.419427220018966
15,2018Q2,4.258207433628073
15,2018Q3,3.802447368843027
15,2018Q4,4.217761941477772
15,2019Q1,4.365290286359399
15,2019Q2,4.37321975654434
15,2019Q3,4.260183253140887
15,2019Q4,4.276529823433723
15,2020Q1,3.5144118617061273
15,2020Q2,-18.083667990001516
15,2020Q3,-5.943596036105877
15,2020Q4,2.6474805527799656
15,2021Q1,2.680812758795259
15,2021Q2,2.5919802814570057
15,2021Q3,1.6877050197803771
15,2021Q4,0.38297104730684595
15,2022Q1,3.0267774502248055
15,2022Q2,3.2730266892027444
15,2022Q3,-1.5147080208594517
15,2022Q4,2.3998110552739944
15,2023Q1,3.1267807139058927
15,2023Q2,3.6833341592628535
15,2023Q3,3.104452179560596
15,2023Q4,1.522952189529763
16,1980Q1,-1.5518804783720075
16,1980Q2,-1.7006908273432124
16,1980Q3,3.6785422788998616
16,1980Q4,3.459702262632933
16,1981Q1,3.03255319068509
16,1981Q2,3.579925122670847
16,1981Q3,2.129120476586552
16,1981Q4,4.435456475889635
16,1982Q1,2.866705621000759
16,1982Q2,3.321935797111272
16,1982Q3,1.6462785825601673
16,1982Q4,-5.508969184782567
16,1983Q1,1.2204392448559482
16,1983Q2,4.453202164564153
16,1983Q3,3.387764071700842
16,1983Q4,1.5293390687433606
16,1984Q1,1.855753805965108
16,1984Q2,3.2121696018836494
16,1984Q3,4.333112376002201
16,1984Q4,3.234447931427135
16,1985Q1,1.5277294185055346
16,1985Q2,1.211628903860253
16,1985Q3,3.0683198053348555
16,1985Q4,4.351941979421563
16,1986Q1,3.744069200296757
16,1986Q2,2.718677657512848
16,1986Q3,2.7747790910697923
16,1986Q4,3.4159524773724774
16,1987Q1,4.083345108914589
16,1987Q2,2.719699298019832
16,1987Q3,3.129672535177103
16,1987Q4,3.324786697396518
16,1988Q1,4.389921118633893
16,1988Q2,4.460558199636781
16,1988Q3,2.0872911173837254
16,1988Q4,4.214847020681714
16,1989Q1,4.276931346521751
16,1989Q2,1.9992618985956665
16,1989Q3,4.175062818375829
16,1989Q4,3.8136917771686827
16,1990Q1,3.401966551241573
16,1990Q2,2.862314980919673
16,1990Q3,2.658479660972265
16,1990Q4,3.098042341265341
16,1991Q1,-2.010491648454753
16,1991Q2,3.2166310144867047
16,1991Q3,3.979425732705459
16,1991Q4,3.160584902048918
16,1992Q1,2.8440985918536263
16,1992Q2,3.6296289944277853
16,1992Q3,4.264752210968917
16,1992Q4,2.1365870727445913
16,1993Q1,3.974930136669481
16,1993Q2,4.1336521862223705
16,1993Q3,2.09485196803642
16,1993Q4,3.9119958153651035
16,1994Q1,3.7527600969717034
16,1994Q2,4.296688734158662
16,1994Q3,4.446980724823083
16,1994Q4,3.1685536863046275
16,1995Q1,1.7706795895794825
16,1995Q2,1.0691184535239708
16,1995Q3,-0.17317295406060307
16,1995Q4,3.668290645460829
16,1996Q1,3.9075947850132966
16,1996Q2,3.8292854810726755
16,1996Q3,-0.7318162693435983
16,1996Q4,2.821284018001071
16,1997Q1,3.152892066323566
16,1997Q2,-0.5545153538554732
16,1997Q3,3.8821120873341024
16,1997Q4,1.9511156161606666
16,1998Q1,3.3992777631570488
16,1998Q2,3.883482563700881
16,1998Q3,3.5370221108022024
16,1998Q4,3.0016991620752913
16,1999Q1,4.360004686663519
16,1999Q2,4.338776083790654
16,1999Q3,4.3722832676757655
16,1999Q4,3.2950233855637574
16,2000Q1,1.8874254383633033
16,2000Q2,3.3559903194407386
16,2000Q3,3.7198285704634784
16,2000Q4,3.8320253747435555
16,2001Q1,2.9464763143925374
16,2001Q2,3.8154171529063152
16,2001Q3,4.078697082425001
16,2001Q4,4.102305964680263
16,2002Q1,3.0057599203118253
16,2002Q2,3.7381777123929782
16,2002Q3,4.398552413245549
16,2002Q4,4.178867222031005
16,2003Q1,4.457323693665845
16,2003Q2,4.438251928147446
16,2003Q3,3.7992151026532603
16,2003Q4,4.110689793765129
16,2004Q1,4.437049417608885
16,2004Q2,4.369622657309678
16,2004Q3,4.356247471536189
16,2004Q4,3.6497481067486963
16,2005Q1,4.357543816648852
16,2005Q2,4.239498941315252
16,2005Q3,4.210375674208129
16,2005Q4,4.367296114323119
16,2006Q1,4.209318109833045
16,2006Q2,3.0443086554243264
16,2006Q3,3.94810844791796
16,2006Q4,3.8937378772224616
16,2007Q1,3.664652431606452
16,2007Q2,4.146273092544538
16,2007Q3,4.187209300944154
16,2007Q4,4.206381979704392
16,2008Q1,3.354480192790091
16,2008Q2,3.5319811169016706
16,2008Q3,3.3470988369199617
16,2008Q4,3.5699974760101965
16,2009Q1,0.7755133140572594
16,2009Q2,1.2851509166079897
16,2009Q3,2.512302708459359
16,2009Q4,3.4024390912424503
16,2010Q1,4.2795041786715355
16,2010Q2,4.098937475077492
16,2010Q3,4.283088239903826
16,2010Q4,4.044914808370956
16,2011Q1,3.5102210856947123
16,2011Q2,4.421613258781988
16,2011Q3,3.417766616233312
16,2011Q4,3.5522683106367725
16,2012Q1,3.9171391037093297
16,2012Q2,4.409691847177397
16,2012Q3,3.936164780706262
16,2012Q4,4.265677859763806
16,2013Q1,4.16939264958316
16,2013Q2,4.371992159914117
16,2013Q3,4.391432379906175
16,2013Q4,4.470340002680031
16,2014Q1,4.448198728448541
16,2014Q2,4.38606016003126
16,2014Q3,4.07213937546208
16,2014Q4,4.345643122380994
16,2015Q1,4.018774396572677
16,2015Q2,3.867713370806758
16,2015Q3,4.431112534012927
16,2015Q4,3.9247095866726607
16,2016Q1,4.202624617951694
16,2016Q2,4.434121230597713
16,2016Q3,3.7595284498049786
16,2016Q4,4.449799198722998
16,2017Q1,4.19706524468414
16,2017Q2,4.057892542565873
16,2017Q3,4.361867599744239
16,2017Q4,4.468406776971372
16,2018Q1,4.4220169941148155
16,2018Q2,4.236454444094998
16,2018Q3,3.77269447822135
16,2018Q4,4.183467348995172
16,2019Q1,4.3469237055357235
16,2019Q2,4.370996246689424
16,2019Q3,4.252242174276223
16,2019Q4,4.264655588067301
16,2020Q1,3.512591102690449
16,2020Q2,-18.246492514031836
16,2020Q3,-6.7071663406941315
16,2020Q4,2.701760303142864
16,2021Q1,2.8700356778606597
16,2021Q2,2.556313873680338
16,2021Q3,1.2932410732673616
16,2021Q4,0.6353425620062438
16,2022Q1,2.965386831284995
16,2022Q2,3.262063743515088
16,2022Q3,-1.311498636520593
16,2022Q4,2.537435609899706
16,2023Q1,3.2610273214094034
16,2023Q2,3.663868264283541
16,2023Q3,3.0624984139944402
16,2023Q4,1.5367084087618963
17,1980Q1,-1.1440804077605087
17,1980Q2,-1.5524035393485347
17,1980Q3,3.7220078239228247
17,1980Q4,3.5304014008436773
17,1981Q1,3.010972484978308
17,1981Q2,3.5374420114017426
17,1981Q3,2.1402330510479044
17,1981Q4,4.404184078900443
17,1982Q1,2.925504234880222
17,1982Q2,3.3024126513562333
17,1982Q3,1.6904792678270169
17,1982Q4,-5.134841527820091
17,1983Q1,1.2668205687767893
17,1983Q2,4.42573185061742
17,1983Q3,3.199511113101768
17,1983Q4,1.4168927844725308
17,1984Q1,1.6091209962362778
17,1984Q2,3.3510211669817265
17,1984Q3,4.325956831833687
17,1984Q4,3.2045065235175336
17,1985Q1,1.452467696614689
17,1985Q2,1.290033694198431
17,1985Q3,3.1112495664381496
17,1985Q4,4.354807267563359
17,1986Q1,3.79435030148374
17,1986Q2,2.685552545990158
17,1986Q3,2.76219148059064
17,1986Q4,3.466384647239254
17,1987Q1,4.11552434252061
17,1987Q2,2.7418984467904792
17,1987Q3,3.0635399968560098
17,1987Q4,3.288679586724288
17,1988Q1,4.406466744731462
17,1988Q2,4.455664670228703
17,1988Q3,2.0705930772032866
17,1988Q4,4.208882845938328
17,1989Q1,4.2961985694861475
17,1989Q2,2.0351609580605254
17,1989Q3,4.179055802353217
17,1989Q4,3.788714761953548
17,1990Q1,3.370248052121194
17,1990Q2,2.822724324439954
17,1990Q3,2.6675545122370785
17,1990Q4,3.121854439618559
17,1991Q1,-2.0913730479211985
17,1991Q2,3.3280736210182895
17,1991Q3,3.9262684302873314
17,1991Q4,3.168420409367106
17,1992Q1,2.854214240350916
17,1992Q2,3.7266120472804136
17,1992Q3,4.27167856804224
17,1992Q4,2.1588547578357082
17,1993Q1,3.9591956717453867
17,1993Q2,4.1721293435356195
17,1993Q3,2.048647018133892
17,1993Q4,3.882429758785163
17,1994Q1,3.7124897233275744
17,1994Q2,4.289303870830937
17,1994Q3,4.454954846066483
17,1994Q4,3.0608899069611555
17,1995Q1,1.5500308365115711
17,1995Q2,0.8487746917553709
17,1995Q3,-0.20122926233264415
17,1995Q4,3.6351667713161766
17,1996Q1,3.93014089604755
17,1996Q2,3.799671828490089
17,1996Q3,-0.7371467681501711
17,1996Q4,2.843569359426607
17,1997Q1,3.218199984225958
17,1997Q2,-0.5048230677901877
17,1997Q3,3.8830143376862134
17,1997Q4,2.055281766756721
17,1998Q1,3.4499546764108393
17,1998Q2,3.819314951826448
17,1998Q3,3.5526382553339695
17,1998Q4,3.039959021988862
17,1999Q1,4.365472305384959
17,1999Q2,4.334305527065444
17,1999Q3,4.3464075369484725
17,1999Q4,3.4005369347936423
17,2000Q1,1.7798138598806688
17,2000Q2,3.436493630526642
17,2000Q3,3.7028828010695634
17,2000Q4,3.7295096150152394
17,2001Q1,2.9593622540616407
17,2001Q2,3.808265638220411
17,2001Q3,4.118391924455302
17,2001Q4,4.125269755728586
17,2002Q1,3.058390153611592
17,2002Q2,3.799329802167182
17,2002Q3,4.38836932138473
17,2002Q4,4.206923818024211
17,2003Q1,4.461921758196007
17,2003Q2,4.422374425257172
17,2003Q3,3.8716048041090123
17,2003Q4,4.171038775148335
17,2004Q1,4.4358994769462505
17,2004Q2,4.37869315708435
17,2004Q3,4.3767769230036
17,2004Q4,3.7103790060480533
17,2005Q1,4.3375876382596195
17,2005Q2,4.237850783645139
17,2005Q3,4.259349098428046
17,2005Q4,4.358621865068217
17,2006Q1,4.203447974804369
17,2006Q2,3.040232196910721
17,2006Q3,4.032441785524168
17,2006Q4,3.9248549845116716
17,2007Q1,3.6490192951086073
17,2007Q2,4.177249890532593
17,2007Q3,4.20086881446693
17,2007Q4,4.192064801660992
17,2008Q1,3.4099417900960587
17,2008Q2,3.5188938131605636
17,2008Q3,3.3923409567792104
17,2008Q4,3.4744233850128814
17,2009Q1,0.7533674788135563
17,2009Q2,1.1258741965340735
17,2009Q3,2.4475404377079584
17,2009Q4,3.373232996740035
17,2010Q1,4.255721624817534
17,2010Q2,4.083041613656697
17,2010Q3,4.258707236105621
17,2010Q4,4.008686824673085
17,2011Q1,3.4550020131265082
17,2011Q2,4.435009703770456
17,2011Q3,3.444307139884077
17,2011Q4,3.5662158828200576
17,2012Q1,3.8777224817357707
17,2012Q2,4.399877794080612
17,2012Q3,3.927942556358554
17,2012Q4,4.2520847919510265
17,2013Q1,4.175743709842894
17,2013Q2,4.360276608967077
17,2013Q3,4.400479609784929
17,2013Q4,4.473282715955859
17,2014Q1,4.438816629678867
17,2014Q2,4.3966774745269985
17,2014Q3,4.070382698489994
17,2014Q4,4.328626184076107
17,2015Q1,3.9912063841828918
17,2015Q2,3.836555158844693
17,2015Q3,4.442221921767922
17,2015Q4,3.8840469375861555
17,2016Q1,4.180373504598769
17,2016Q2,4.425662345995176
17,2016Q3,3.734486232476741
17,2016Q4,4.459324137241189
17,2017Q1,4.175341657191361
17,2017Q2,4.032098002992742
17,2017Q3,4.351827641733054
17,2017Q4,4.469285900400606
17,2018Q1,4.4280168570684975
17,2018Q2,4.222667934768358
17,2018Q3,3.7422593293305253
17,2018Q4,4.152497393309707
17,2019Q1,4.3400022279647
17,2019Q2,4.370370733057945
17,2019Q3,4.241752284060161
17,2019Q4,4.247822478145347
17,2020Q1,3.562502165828621
17,2020Q2,-17.732198253712724
17,2020Q3,-6.559371121463091
17,2020Q4,2.6830266335663957
17,2021Q1,2.8407915468798075
17,2021Q2,2.5333865950833188
17,2021Q3,1.10307539811373
17,2021Q4,0.8892489416787006
17,2022Q1,2.9704816062032426
17,2022Q2,3.2371526724604296
17,2022Q3,-1.3034216836456798
17,2022Q4,2.5066471239861405
17,2023Q1,3.253347536427607
17,2023Q2,3.631362625909416
17,2023Q3,2.966909326943286
17,2023Q4,1.4222934748310654
18,1980Q1,-0.8598937757512575
18,1980Q2,-1.506333434736991
18,1980Q3,3.7499188034567936
18,1980Q4,3.574096122419393
18,1981Q1,3.0181893109083093
18,1981Q2,3.5570529635737373
18,1981Q3,2.1864330978450353
18,1981Q4,4.382327471615388
18,1982Q1,2.9167429541932486
18,1982Q2,3.427532235199873
18,1982Q3,1.6693296247955631
18,1982Q4,-5.203188802177426
18,1983Q1,1.3645562196896686
18,1983Q2,4.434566854400007
18,1983Q3,3.2399425787692264
18,1983Q4,1.7429295074016165
18,1984Q1,1.5950460112807519
18,1984Q2,3.3859114504589356
18,1984Q3,4.326897516835796
18,1984Q4,3.222345361393067
18,1985Q1,1.4489795295414076
18,1985Q2,1.338135252239316
18,1985Q3,3.0310339227282226
18,1985Q4,4.371466518549894
18,1986Q1,3.7655822440364375
18,1986Q2,2.5458517142057886
18,1986Q3,2.8026529994871647
18,1986Q4,3.5474293332267393
18,1987Q1,4.07889163596229
18,1987Q2,2.829801508093837
18,1987Q3,3.021048912161345
18,1987Q4,3.262593122531337
18,1988Q1,4.414881039375156
18,1988Q2,4.453831231044974
18,1988Q3,2.026949273217313
18,1988Q4,4.233711712011603
18,1989Q1,4.278541373130316
18,1989Q2,2.024504762055368
18,1989Q3,4.231891965508217
18,1989Q4,3.7794906616928863
18,1990Q1,3.441914532955269
18,1990Q2,2.826684931374412
18,1990Q3,2.738609635163522
18,1990Q4,3.0840215935568063
18,1991Q1,-2.084211030144865
18,1991Q2,3.40401046515876
18,1991Q3,3.928402919374093
18,1991Q4,3.0684382053342407
18,1992Q1,2.8363351181916743
18,1992Q2,3.6758383679124838
18,1992Q3,4.290849507045661
18,1992Q4,2.144529581964069
18,1993Q1,3.9796900872192777
18,1993Q2,4.12445291074072
18,1993Q3,2.0302484164551218
18,1993Q4,3.9521525225551057
18,1994Q1,3.800273169855131
18,1994Q2,4.319438148157571
18,1994Q3,4.45541974826208
18,1994Q4,3.0508041216580253
18,1995Q1,1.434515201181334
18,1995Q2,0.7256702957987446
18,1995Q3,-0.15735183546169473
18,1995Q4,3.6517374973485017
18,1996Q1,3.9193035893488446
18,1996Q2,3.7259074211828818
18,1996Q3,-0.8114296332249831
18,1996Q4,2.7720181342138113
18,1997Q1,3.2093184004036046
18,1997Q2,-0.5582121844707642
18,1997Q3,3.8252301736953704
18,1997Q4,2.0123701737227746
18,1998Q1,3.445692167076505
18,1998Q2,3.8311974233503387
18,1998Q3,3.540233549146993
18,1998Q4,3.043110326453487
18,1999Q1,4.376470537927393
18,1999Q2,4.324987465109533
18,1999Q3,4.362826119550785
18,1999Q4,3.3592782588007726
18,2000Q1,1.741181225631168
18,2000Q2,3.350033952597167
18,2000Q3,3.692902408354619
18,2000Q4,3.775022029695104
18,2001Q1,2.9856048795575543
18,2001Q2,3.8390790672159425
18,2001Q3,4.099474749636825
18,2001Q4,4.12252875588913
18,2002Q1,3.0331850980797572
18,2002Q2,3.812950033272141
18,2002Q3,4.403013897718631
18,2002Q4,4.198255371726588
18,2003Q1,4.45536223030344
18,2003Q2,4.428177745344302
18,2003Q3,3.8267126169510757
18,2003Q4,4.150122813007946
18,2004Q1,4.4260341856719405
18,2004Q2,4.356307831363373
18,2004Q3,4.365241799095581
18,2004Q4,3.6489868630987505
18,2005Q1,4.362861904035145
18,2005Q2,4.209110630827436
18,2005Q3,4.246312906231877
18,2005Q4,4.374583859654484
18,2006Q1,4.186341065162791
18,2006Q2,2.983889864073367
18,2006Q3,4.029795183166909
18,2006Q4,3.925114437877789
18,2007Q1,3.6430360149507552
18,2007Q2,4.148096338042877
18,2007Q3,4.2132137742313365
18,2007Q4,4.16037276286473
18,2008Q1,3.295153192871081
18,2008Q2,3.4888619868319055
18,2008Q3,3.2958872527087646
18,2008Q4,3.5325151494951585
18,2009Q1,0.8441408858902117
18,2009Q2,1.0871946047023395
18,2009Q3,2.451074294754022
18,2009Q4,3.3954106690378074
18,2010Q1,4.238596059615542
18,2010Q2,4.04084604704658
18,2010Q3,4.24580197328169
18,2010Q4,4.015036043862019
18,2011Q1,3.4241245824762023
18,2011Q2,4.456019888123161
18,2011Q3,3.471917679609148
18,2011Q4,3.5414445280865285
18,2012Q1,3.8930000659419295
18,2012Q2,4.4019947668965616
18,2012Q3,3.9535834240297416
18,2012Q4,4.2700224154322
18,2013Q1,4.161051811613005
18,2013Q2,4.3570528551024665
18,2013Q3,4.401991224345127
18,2013Q4,4.475316703586868
18,2014Q1,4.450131272671941
18,2014Q2,4.390530278291007
18,2014Q3,4.0653625532548
18,2014Q4,4.322116656214637
18,2015Q1,4.012395928939946
18,2015Q2,3.812337725713209
18,2015Q3,4.45036185861197
18,2015Q4,3.8864385431197244
18,2016Q1,4.177151328626445
18,2016Q2,4.418173623831461
18,2016Q3,3.7146130974941554
18,2016Q4,4.46777461250957
18,2017Q1,4.151176834809771
18,2017Q2,4.032033171863647
18,2017Q3,4.343575416739175
18,2017Q4,4.469386960227891
18,2018Q1,4.434830789747488
18,2018Q2,4.222734193838155
18,2018Q3,3.725192256999434
18,2018Q4,4.131216402291282
18,2019Q1,4.340181961551146
18,2019Q2,4.372667548882549
18,2019Q3,4.238330341363305
18,2019Q4,4.241148284304447
18,2020Q1,3.5903716902027947
18,2020Q2,-17.624703692210065
18,2020Q3,-6.133209846730882
18,2020Q4,2.8903952463481044
18,2021Q1,2.9883002844937296
18,2021Q2,2.51976478009276
18,2021Q3,0.9549808407329872
18,2021Q4,1.01915641687963
18,2022Q1,2.9011297611879137
18,2022Q2,3.209695935236285
18,2022Q3,-1.318655315402558
18,2022Q4,2.415557783208819
18,2023Q1,3.2386904073965814
18,2023Q2,3.5683963746843896
18,2023Q3,2.9207444232385735
18,2023Q4,1.3989727218954813
19,1980Q1,-0.8654181768283404
19,1980Q2,-1.5150192817174855
19,1980Q3,3.7593452451645595
19,1980Q4,3.583549065334685
19,1981Q1,3.034025052669488
19,1981Q2,3.593049403955456
19,1981Q3,2.1837895750435283
19,1981Q4,4.400690128290977
19,1982Q1,2.880401871273366
19,1982Q2,3.486005060939802
19,1982Q3,1.668571311831828
19,1982Q4,-5.277878445705557
19,1983Q1,1.3700550353637833
19,1983Q2,4.452379876529659
19,1983Q3,3.249509084582989
19,1983Q4,1.6870211517233638
19,1984Q1,1.7448737697860421
19,1984Q2,3.343233041049369
19,1984Q3,4.339158984480063
19,1984Q4,3.291792808650749
19,1985Q1,1.4345793268292106
19,1985Q2,1.2834296039147062
19,1985Q3,2.9366832403755097
19,1985Q4,4.400565895273305
19,1986Q1,3.758628693334849
19,1986Q2,2.5065889712409937
19,1986Q3,2.824256312620796
19,1986Q4,3.562931450850298
19,1987Q1,4.08198670826942
19,1987Q2,2.828401722222081
19,1987Q3,3.017549850109269
19,1987Q4,3.2442996798826726
19,1988Q1,4.432013063675874
19,1988Q2,4.472531873231209
19,1988Q3,2.028843014858597
19,1988Q4,4.2560516760972265
19,1989Q1,4.29524084696148
19,1989Q2,2.011443067489335
19,1989Q3,4.252947006163037
19,1989Q4,3.7832401306271337
19,1990Q1,3.464208379255398
19,1990Q2,2.8273360696004346
19,1990Q3,2.732697871024661
19,1990Q4,3.047187884393151
19,1991Q1,-2.0261537089448733
19,1991Q2,3.385510839603785
19,1991Q3,3.919784873551493
19,1991Q4,3.1303514183746923
19,1992Q1,2.807388510423856
19,1992Q2,3.717057925622118
19,1992Q3,4.307729135267729
19,1992Q4,2.140250735573571
19,1993Q1,4.002043517722462
19,1993Q2,4.146195532742745
19,1993Q3,2.009435982179648
19,1993Q4,3.958320475180477
19,1994Q1,3.8060103874123934
19,1994Q2,4.329417259598828
19,1994Q3,4.473700345308992
19,1994Q4,3.039489092881183
19,1995Q1,1.395726664990383
19,1995Q2,0.6529718845635735
19,1995Q3,-0.22689007001561023
19,1995Q4,3.6498117903326683
19,1996Q1,3.9316821100875714
19,1996Q2,3.71038395117258
19,1996Q3,-0.9194560299113057
19,1996Q4,2.7428341086125316
19,1997Q1,3.1881148969878885
19,1997Q2,-0.6266198235554343
19,1997Q3,3.8238440879677187
19,1997Q4,1.956097130290677
19,1998Q1,3.440852419260761
19,1998Q2,3.8411584186532104
19,1998Q3,3.539633119385348
19,1998Q4,3.0290725178051465
19,1999Q1,4.389605724626543
19,1999Q2,4.344054735221589
19,1999Q3,4.38121105950044
19,1999Q4,3.3640214713359216
19,2000Q1,1.7053916304337915
19,2000Q2,3.3575004144878102
19,2000Q3,3.7006213403568986
19,2000Q4,3.781832173369015
19,2001Q1,2.973016849798006
19,2001Q2,3.8487573687163557
19,2001Q3,4.11731277084269
19,2001Q4,4.1342873842212615
19,2002Q1,3.044510913677704
19,2002Q2,3.8191377021246455
19,2002Q3,4.4188380195054195
19,2002Q4,4.210589751798654
19,2003Q1,4.47478991623118
19,2003Q2,4.4462231280650855
19,2003Q3,3.842738995065835
19,2003Q4,4.1634686373085295
19,2004Q1,4.443007958564384
19,2004Q2,4.371833486902515
19,2004Q3,4.383288612222328
19,2004Q4,3.6638172075360163
19,2005Q1,4.3801285609648755
19,2005Q2,4.225639847595918
19,2005Q3,4.263975469675361
19,2005Q4,4.3913511537142265
19,2006Q1,4.202878256784627
19,2006Q2,2.9865770633866706
19,2006Q3,4.044967883658607
19,2006Q4,3.9344686689456028
19,2007Q1,3.6438580529842586
19,2007Q2,4.165008773652244
19,2007Q3,4.225405139422541
19,2007Q4,4.171739635835418
19,2008Q1,3.2990671996382703
19,2008Q2,3.4804301780126927
19,2008Q3,3.2943679085552873
19,2008Q4,3.5398607835260134
19,2009Q1,0.8270394402046239
19,2009Q2,1.0272911061595065
19,2009Q3,2.4390448981716633
19,2009Q4,3.390855472433717
19,2010Q1,4.251678356785437
19,2010Q2,4.046101498655416
19,2010Q3,4.259170697391877
19,2010Q4,4.02295274074225
19,2011Q1,3.425211652610593
19,2011Q2,4.474596452243604
19,2011Q3,3.481798706672455
19,2011Q4,3.544114789509659
19,2012Q1,3.9004575065009006
19,2012Q2,4.417340597000995
19,2012Q3,3.957227446216815
19,2012Q4,4.286688566625701
19,2013Q1,4.1743914635867805
19,2013Q2,4.373124300310729
19,2013Q3,4.419438754239984
19,2013Q4,4.4940749474480866
19,2014Q1,4.4681290389418935
19,2014Q2,4.409513139253095
19,2014Q3,4.078655260801963
19,2014Q4,4.3386184667588665
19,2015Q1,4.020191771295669
19,2015Q2,3.8211614146678334
19,2015Q3,4.470099006970211
19,2015Q4,3.895568390930375
19,2016Q1,4.189403765177644
19,2016Q2,4.435259771242768
19,2016Q3,3.7202580130524536
19,2016Q4,4.487194725734255
19,2017Q1,4.163783876541404
19,2017Q2,4.045955649538766
19,2017Q3,4.358345997525764
19,2017Q4,4.488378876047775
19,2018Q1,4.453071007484
19,2018Q2,4.239867946777422
19,2018Q3,3.7355421860006066
19,2018Q4,4.142577985671522
19,2019Q1,4.357014407906645
19,2019Q2,4.389091162606834
19,2019Q3,4.252164617614952
19,2019Q4,4.256607736050734
19,2020Q1,3.608416134834547
19,2020Q2,-17.836747873282306
19,2020Q3,-6.067765127827574
19,2020Q4,2.88612406328369
19,2021Q1,2.9798381497478132
19,2021Q2,2.526863249571117
19,2021Q3,0.9223458162344236
19,2021Q4,1.0136245187252055
19,2022Q1,2.900576338445813
19,2022Q2,3.2083578630173752
19,2022Q3,-1.3906293386671633
19,2022Q4,2.3710881921102933
19,2023Q1,3.2226087774551813
19,2023Q2,3.5714655978668746
19,2023Q3,2.8973297860090823
19,2023Q4,1.3469089717537441
20,1980Q1,-0.8691922743746057
20,1980Q2,-1.3830324657232689
20,1980Q3,3.772394100513187
20,1980Q4,3.587246163441524
20,1981Q1,3.07583485830862
20,1981Q2,3.6435871408410163
20,1981Q3,2.1446802092184822
20,1981Q4,4.457164991740102
20,1982Q1,2.894363663257489
20,1982Q2,3.5020424752200436
20,1982Q3,1.6630135208457006
20,1982Q4,-5.462117777355937
20,1983Q1,1.2719808165366704
20,1983Q2,4.473621281352523
20,1983Q3,3.264680747349609
20,1983Q4,1.615442700469166
20,1984Q1,1.8910515631639289
20,1984Q2,3.2662758811912918
20,1984Q3,4.343071190146353
20,1984Q4,3.374775947647927
20,1985Q1,1.4587674293182755
20,1985Q2,1.0378657746843487
20,1985Q3,2.770092640390885
20,1985Q4,4.462124066716532
20,1986Q1,3.7800680990188926
20,1986Q2,2.525929986119456
20,1986Q3,2.8508714865683906
20,1986Q4,3.573857191188573
20,1987Q1,4.118015951176043
20,1987Q2,2.7797311759024934
20,1987Q3,2.939429036775066
20,1987Q4,3.1344650046130536
20,1988Q1,4.4922168476331725
20,1988Q2,4.52241064305512
20,1988Q3,2.0419258967639924
20,1988Q4,4.295003376432865
20,1989Q1,4.326379144967366
20,1989Q2,1.9637196126491565
20,1989Q3,4.28800703388146
20,1989Q4,3.8391128625892543
20,1990Q1,3.4851641714204247
20,1990Q2,2.8380374865609936
20,1990Q3,2.7172958023834877
20,1990Q4,3.076692456546492
20,1991Q1,-2.0388638749164656
20,1991Q2,3.328132968903079
20,1991Q3,3.92511414916964
20,1991Q4,3.193301583075723
20,1992Q1,2.8152182317139034
20,1992Q2,3.7662765751411627
20,1992Q3,4.345698725672204
20,1992Q4,2.0778835193375085
20,1993Q1,4.084789690016014
20,1993Q2,4.186848134716853
20,1993Q3,1.9826607469408644
20,1993Q4,3.9631175513965795
20,1994Q1,3.823255956582594
20,1994Q2,4.345779463539325
20,1994Q3,4.512661762503766
20,1994Q4,3.032117850158196
20,1995Q1,1.3941894676594346
20,1995Q2,0.5385967759837289
20,1995Q3,-0.39793220511544725
20,1995Q4,3.6473289300102762
20,1996Q1,3.953033946841934
20,1996Q2,3.68903934184552
20,1996Q3,-1.160549712678213
20,1996Q4,2.6925693112797506
20,1997Q1,3.114334122119236
20,1997Q2,-0.8343020856829622
20,1997Q3,3.841044234903479
20,1997Q4,1.7928102157456354
20,1998Q1,3.411088058342985
20,1998Q2,3.872212602440947
20,1998Q3,3.5198533382137627
20,1998Q4,2.982286624993416
20,1999Q1,4.4049731492513
20,1999Q2,4.397880581422596
20,1999Q3,4.421850396764174
20,1999Q4,3.3488946846903715
20,2000Q1,1.6623121908176555
20,2000Q2,3.3790345602648024
20,2000Q3,3.7246428036965296
20,2000Q4,3.821282239751854
20,2001Q1,2.9320108560839966
20,2001Q2,3.8479032254937326
20,2001Q3,4.152952345964037
20,2001Q4,4.142685599636764
20,2002Q1,3.077366738645517
20,2002Q2,3.7983597401477027
20,2002Q3,4.444891352131166
20,2002Q4,4.21653048114385
20,2003Q1,4.520550506666539
20,2003Q2,4.491527714885009
20,2003Q3,3.875765820671498
20,2003Q4,4.178600910109953
20,2004Q1,4.482624221587954
20,2004Q2,4.403826732485803
20,2004Q3,4.4186186470853706
20,2004Q4,3.698853757857145
20,2005Q1,4.416086359480793
20,2005Q2,4.268904053140913
20,2005Q3,4.29366329215797
20,2005Q4,4.420716999076727
20,2006Q1,4.248259269557883
20,2006Q2,2.9925238662037588
20,2006Q3,4.063676297829142
20,2006Q4,3.926777287746264
20,2007Q1,3.606289319911081
20,2007Q2,4.199767106109269
20,2007Q3,4.226509911401109
20,2007Q4,4.206688506154334
20,2008Q1,3.325126048855795
20,2008Q2,3.471171692220824
20,2008Q3,3.2959410947202623
20,2008Q4,3.580662616325249
20,2009Q1,0.7597889567027853
20,2009Q2,0.9085970215945709
20,2009Q3,2.439513082906965
20,2009Q4,3.3697121097787437
20,2010Q1,4.281928581789331
20,2010Q2,4.059523642767768
20,2010Q3,4.288603217981571
20,2010Q4,4.04267731252633
20,2011Q1,3.4343247252518085
20,2011Q2,4.509157029878202
20,2011Q3,3.4759331282174535
20,2011Q4,3.5352898480976664
20,2012Q1,3.9101728084029577
20,2012Q2,4.442618701800979
20,2012Q3,3.943050140054672
20,2012Q4,4.322533717334971
20,2013Q1,4.207544492249864
20,2013Q2,4.412502409324885
20,2013Q3,4.45559950639031
20,2013Q4,4.532560548365703
20,2014Q1,4.505197124700229
20,2014Q2,4.4519178067492735
20,2014Q3,4.109111478374527
20,2014Q4,4.380491983667588
20,2015Q1,4.033405369149622
20,2015Q2,3.844273461557154
20,2015Q3,4.511403045989258
20,2015Q4,3.917104191934382
20,2016Q1,4.218817890206196
20,2016Q2,4.477372745440626
20,2016Q3,3.7392667875359638
20,2016Q4,4.527519574491681
20,2017Q1,4.202311236690944
20,2017Q2,4.077729411359689
20,2017Q3,4.39344155548534
20,2017Q4,4.530954031918137
20,2018Q1,4.487800270739676
20,2018Q2,4.282495656273663
20,2018Q3,3.7638113859428057
20,2018Q4,4.173341224449831
20,2019Q1,4.396456133598443
20,2019Q2,4.426086635381521
20,2019Q3,4.283393416924831
20,2019Q4,4.293448529095006
20,2020Q1,3.6389658149438713
20,2020Q2,-18.201760206727798
20,2020Q3,-5.7147076847836935
20,2020Q4,2.886808430517018
20,2021Q1,2.936204681589638
20,2021Q2,2.575846304911292
20,2021Q3,0.9147226476545898
20,2021Q4,0.9684590669044755
20,2022Q1,2.9261908703094086
20,2022Q2,3.248789573917161
20,2022Q3,-1.5156765658839229
20,2022Q4,2.2723855385230713
20,2023Q1,3.1638440903097758
20,2023Q2,3.5685597798615505
20,2023Q3,2.8681010699194553
20,2023Q4,1.2677665639125948
21,1980Q1,-0.8936615931776215
21,1980Q2,-1.2536357310027064
21,1980Q3,3.7942315651780687
21,1980Q4,3.6085086026710407
21,1981Q1,3.0078722251211505
21,1981Q2,3.694081668912582
21,1981Q3,2.1487871067203317
21,1981Q4,4.4890417342289615
21,1982Q1,2.804235841139472
21,1982Q2,3.4883849579637376
21,1982Q3,1.6480008934728545
21,1982Q4,-5.651934621056565
21,1983Q1,1.1146052935925148
21,1983Q2,4.4669868246582105
21,1983Q3,3.2755915935022646
21,1983Q4,1.386997745410257
21,1984Q1,2.178795916009392
21,1984Q2,3.145976829472346
21,1984Q3,4.3560291829625415
21,1984Q4,3.417826516647136
21,1985Q1,1.5524114637641748
21,1985Q2,0.8857911370045515
21,1985Q3,2.6564439035442096
21,1985Q4,4.476855239768033
21,1986Q1,3.7678162123061725
21,1986Q2,2.499427106268796
21,1986Q3,2.8110818938597517
21,1986Q4,3.5958406081964718
21,1987Q1,4.115972848088223
21,1987Q2,2.776594603504946
21,1987Q3,2.954681417089512
21,1987Q4,3.0932286640831705
21,1988Q1,4.489605798394061
21,1988Q2,4.522824265195653
21,1988Q3,1.9394929916354915
21,1988Q4,4.328158482717007
21,1989Q1,4.338321471665674
21,1989Q2,1.982765434641891
21,1989Q3,4.2798738349847065
21,1989Q4,3.80631557364144
21,1990Q1,3.506377521999368
21,1990Q2,2.848620416196599
21,1990Q3,2.627216152325668
21,1990Q4,3.0361826274561787
21,1991Q1,-2.0186402556423495
21,1991Q2,3.141664351231773
21,1991Q3,3.8952257012133535
21,1991Q4,3.2700693464993167
21,1992Q1,2.7293127472197263
21,1992Q2,3.8046330207170094
21,1992Q3,4.344118943995836
21,1992Q4,2.079110810421883
21,1993Q1,4.087886695788778
21,1993Q2,4.22492219850723
21,1993Q3,2.016002614041306
21,1993Q4,3.9599813634141405
21,1994Q1,3.7946125468082963
21,1994Q2,4.321735490017901
21,1994Q3,4.505983883658631
21,1994Q4,3.069220308802776
21,1995Q1,1.4405546441716175
21,1995Q2,0.5292078316301287
21,1995Q3,-0.28682023728559614
21,1995Q4,3.6309213250018715
21,1996Q1,4.011707096966711
21,1996Q2,3.783212265211091
21,1996Q3,-1.0091440475870685
21,1996Q4,2.7915673861862658
21,1997Q1,3.1587123917951656
21,1997Q2,-0.7699846530562997
21,1997Q3,3.915727891992751
21,1997Q4,1.8144230775515302
21,1998Q1,3.4035608368457115
21,1998Q2,3.916382158079251
21,1998Q3,3.5708943268022413
21,1998Q4,3.0020975232311753
21,1999Q1,4.4050595758466
21,1999Q2,4.390677787991755
21,1999Q3,4.44088538196881
21,1999Q4,3.4006364328044074
21,2000Q1,1.7191256264151242
21,2000Q2,3.394384094907276
21,2000Q3,3.661233960017846
21,2000Q4,3.780164168575242
21,2001Q1,2.9512086780631046
21,2001Q2,3.8432512265201417
21,2001Q3,4.19134164476116
21,2001Q4,4.159689095013124
21,2002Q1,3.056823442065663
21,2002Q2,3.8153623523003777
21,2002Q3,4.459264133498515
21,2002Q4,4.238754688437276
21,2003Q1,4.526170888350887
21,2003Q2,4.488790460992708
21,2003Q3,3.900424131279406
21,2003Q4,4.197750268474161
21,2004Q1,4.481451364091683
21,2004Q2,4.414039282451614
21,2004Q3,4.432712439717681
21,2004Q4,3.69981905334577
21,2005Q1,4.426944756965832
21,2005Q2,4.258097580198318
21,2005Q3,4.319955155473605
21,2005Q4,4.436746890182336
21,2006Q1,4.237431083957823
21,2006Q2,2.941207690651328
21,2006Q3,4.087389581837553
21,2006Q4,3.9521661089430777
21,2007Q1,3.6232962186167654
21,2007Q2,4.2208793937987865
21,2007Q3,4.239151195159881
21,2007Q4,4.233871952193801
21,2008Q1,3.379531201767957
21,2008Q2,3.490882157953066
21,2008Q3,3.316565024056605
21,2008Q4,3.5398184684568106
21,2009Q1,0.7278856822423543
21,2009Q2,0.9840363854041176
21,2009Q3,2.487115009551718
21,2009Q4,3.3389228822881645
21,2010Q1,4.254574511896558
21,2010Q2,4.025743012040238
21,2010Q3,4.269433573341614
21,2010Q4,4.050983233293155
21,2011Q1,3.3638062911805227
21,2011Q2,4.518556083317111
21,2011Q3,3.499156423537911
21,2011Q4,3.5534802986305127
21,2012Q1,3.9313734757601404
21,2012Q2,4.457275791715527
21,2012Q3,3.9424216424814778
21,2012Q4,4.325293065325052
21,2013Q1,4.206973250027344
21,2013Q2,4.401587923363547
21,2013Q3,4.468558334958834
21,2013Q4,4.542600862190874
21,2014Q1,4.513025253267538
21,2014Q2,4.459780154218045
21,2014Q3,4.123221092902257
21,2014Q4,4.370258150768402
21,2015Q1,4.025239799474242
21,2015Q2,3.799361630041381
21,2015Q3,4.529430178047296
21,2015Q4,3.8951750223701262
21,2016Q1,4.2351401807519355
21,2016Q2,4.478570524573319
21,2016Q3,3.6951923058382072
21,2016Q4,4.541245641029335
21,2017Q1,4.183205852664232
21,2017Q2,4.055063076708395
21,2017Q3,4.384162780998214
21,2017Q4,4.539721129367753
21,2018Q1,4.502095513651312
21,2018Q2,4.27856679569619
21,2018Q3,3.7175963628646955
21,2018Q4,4.1481001673416165
21,2019Q1,4.410304719582349
21,2019Q2,4.428479427271318
21,2019Q3,4.285381342386751
21,2019Q4,4.281094124932538
21,2020Q1,3.67885449912897
21,2020Q2,-18.662186418839003
21,2020Q3,-5.262095400537683
21,2020Q4,2.8888992452257476
21,2021Q1,2.819304655299448
21,2021Q2,2.4898019577647243
21,2021Q3,0.714636035516814
21,2021Q4,1.0926596686592158
21,2022Q1,2.9700029215097086
21,2022Q2,3.300951673147278
21,2022Q3,-1.4852085480557307
21,2022Q4,2.2968808845242297
21,2023Q1,3.0830344189433196
21,2023Q2,3.515137995949725
21,2023Q3,2.9347666329609563
21,2023Q4,1.3828372281502408
22,1980Q1,-0.8429673370960158
22,1980Q2,-1.1102059554625043
22,1980Q3,3.7838873651031903
22,1980Q4,3.5860976864325345
22,1981Q1,3.0299303500182515
22,1981Q2,3.67791298002639
22,1981Q3,2.114803643198275
22,1981Q4,4.483426669452511
22,1982Q1,2.8772440440164253
22,1982Q2,3.4314041670665034
22,1982Q3,1.66459718709587
22,1982Q4,-5.623654344149516
22,1983Q1,1.140620423992737
22,1983Q2,4.454170149825073
22,1983Q3,3.286261204651087
22,1983Q4,1.4555683155187147
22,1984Q1,2.0962020407143545
22,1984Q2,3.154779160683925
22,1984Q3,4.331009635092848
22,1984Q4,3.4005019838361585
22,1985Q1,1.5817569496418575
22,1985Q2,0.8121420118346312
22,1985Q3,2.6670018183754927
22,1985Q4,4.473145356060362
22,1986Q1,3.785076483113226
22,1986Q2,2.5666718622820994
22,1986Q3,2.8163039662161355
22,1986Q4,3.5631130390927472
22,1987Q1,4.127597249626165
22,1987Q2,2.7348163727730794
22,1987Q3,2.8947868997675172
22,1987Q4,3.0368993473742902
22,1988Q1,4.495345401532292
22,1988Q2,4.517533027183902
22,1988Q3,1.9613760505753617
22,1988Q4,4.306763666963517
22,1989Q1,4.3226340511773085
22,1989Q2,1.9760494520556073
22,1989Q3,4.266239558884499
22,1989Q4,3.8359326049188476
22,1990Q1,3.4776585090976635
22,1990Q2,2.8539434892528925
22,1990Q3,2.6416303539566695
22,1990Q4,3.0967772926797346
22,1991Q1,-2.0199943822066952
22,1991Q2,3.176029431581994
22,1991Q3,3.9168958288264912
22,1991Q4,3.24276944555753
22,1992Q1,2.7978290364982863
22,1992Q2,3.776743218984576
22,1992Q3,4.333018090025698
22,1992Q4,2.021972662814516
22,1993Q1,4.1087498316689635
22,1993Q2,4.204675672189204
22,1993Q3,2.055157091704753
22,1993Q4,3.9481655667979005
22,1994Q1,3.7896116816346996
22,1994Q2,4.310313501274294
22,1994Q3,4.496265991985922
22,1994Q4,3.077508438328312
22,1995Q1,1.5045794191195365
22,1995Q2,0.5895346498352434
22,1995Q3,-0.2736606874420957
22,1995Q4,3.6391726688630257
22,1996Q1,3.98544950970825
22,1996Q2,3.770432690991152
22,1996Q3,-0.9787979789941987
22,1996Q4,2.798720928649462
22,1997Q1,3.13739557373371
22,1997Q2,-0.7986618681996651
22,1997Q3,3.9152380935696454
22,1997Q4,1.7993037223104165
22,1998Q1,3.3919878345117893
22,1998Q2,3.9120764766313485
22,1998Q3,3.5433162104988334
22,1998Q4,2.9952432072735293
22,1999Q1,4.386868928375484
22,1999Q2,4.390993033630859
22,1999Q3,4.426835258350447
22,1999Q4,3.3694862362284317
22,2000Q1,1.762648148772262
22,2000Q2,3.3932451024571666
22,2000Q3,3.677002762812223
22,2000Q4,3.7970565575567243
22,2001Q1,2.929151923470456
22,2001Q2,3.8083769238072844
22,2001Q3,4.169452102505073
22,2001Q4,4.1309049065774905
22,2002Q1,3.0648984032131725
22,2002Q2,3.7787294501175634
22,2002Q3,4.439545341265789
22,2002Q4,4.209763373436303
22,2003Q1,4.517699694007822
22,2003Q2,4.48411039830723
22,2003Q3,3.8905079516323666
22,2003Q4,4.1770307260919495
22,2004Q1,4.473874864777108
22,2004Q2,4.401295755057148
22,2004Q3,4.417971858310466
22,2004Q4,3.6976893962388417
22,2005Q1,4.41123475204952
22,2005Q2,4.2579162149531555
22,2005Q3,4.300355258172915
22,2005Q4,4.415548205725033
22,2006Q1,4.239571936380375
22,2006Q2,2.9497538264997134
22,2006Q3,4.067724520276231
22,2006Q4,3.915088252983831
22,2007Q1,3.5780888310872916
22,2007Q2,4.204411355773323
22,2007Q3,4.206611367570619
22,2007Q4,4.23178584459689
22,2008Q1,3.386424987350786
22,2008Q2,3.502246667004324
22,2008Q3,3.328714451502739
22,2008Q4,3.559642782739175
22,2009Q1,0.6802346583605914
22,2009Q2,0.9742664759079496
22,2009Q3,2.5055519821919963
22,2009Q4,3.3395782889502295
22,2010Q1,4.256382255981557
22,2010Q2,4.028705074892609
22,2010Q3,4.265408034986151
22,2010Q4,4.045009128577895
22,2011Q1,3.381323884434213
22,2011Q2,4.501117115325692
22,2011Q3,3.459896210487633
22,2011Q4,3.5351599291757063
22,2012Q1,3.9117283017375755
22,2012Q2,4.4357090717324885
22,2012Q3,3.914120736144495
22,2012Q4,4.31473229971721
22,2013Q1,4.207974363005997
22,2013Q2,4.400283225417583
22,2013Q3,4.455061040396123
22,2013Q4,4.527676297085147
22,2014Q1,4.497497276267713
22,2014Q2,4.451169731279311
22,2014Q3,4.112795771604662
22,2014Q4,4.370384041265268
22,2015Q1,4.016788985500701
22,2015Q2,3.810165174535051
22,2015Q3,4.513172125007461
22,2015Q4,3.8907420025635244
22,2016Q1,4.225159469175607
22,2016Q2,4.473304464951169
22,2016Q3,3.7075847733498133
22,2016Q4,4.526373051443714
22,2017Q1,4.19192569994671
22,2017Q2,4.052999743424171
22,2017Q3,4.381972048610228
22,2017Q4,4.529174371968436
22,2018Q1,4.484585108730849
22,2018Q2,4.273624223537784
22,2018Q3,3.724704048381899
22,2018Q4,4.149569144281217
22,2019Q1,4.3991757479247315
22,2019Q2,4.419782731105932
22,2019Q3,4.277745907181952
22,2019Q4,4.278773749970069
22,2020Q1,3.6577467464823123
22,2020Q2,-18.37222158241577
22,2020Q3,-5.161728037879165
22,2020Q4,2.8900191081000504
22,2021Q1,2.810655589117264
22,2021Q2,2.533925984601238
22,2021Q3,0.7886574234616406
22,2021Q4,1.0789638946020559
22,2022Q1,2.988033489482562
22,2022Q2,3.3424651774657903
22,2022Q3,-1.3653086522129376
22,2022Q4,2.3322564362889215
22,2023Q1,3.1037898724496564
22,2023Q2,3.5229474498840365
22,2023Q3,2.94531087078378
22,2023Q4,1.4100713328142218
23,1980Q1,-0.8366784674130621
23,1980Q2,-1.0433800316176827
23,1980Q3,3.777196691927519
23,1980Q4,3.583300648055573
23,1981Q1,3.0198230753662028
23,1981Q2,3.6678514163975846
23,1981Q3,2.1122000114878987
23,1981Q4,4.475107319265864
23,1982Q1,2.9065916500631688
23,1982Q2,3.4046772374926078
23,1982Q3,1.6697417654723852
23,1982Q4,-5.582803019253694
23,1983Q1,1.144650769020613
23,1983Q2,4.441251264749597
23,1983Q3,3.27711042951277
23,1983Q4,1.4849969981406494
23,1984Q1,2.0566146636729434
23,1984Q2,3.1765041779392926
23,1984Q3,4.321057443514564
23,1984Q4,3.3778658712682406
23,1985Q1,1.6078906895413536
23,1985Q2,0.8210884519867077
23,1985Q3,2.7058674093283175
23,1985Q4,4.462525775483096
23,1986Q1,3.7903368246207463
23,1986Q2,2.5907456015019723
23,1986Q3,2.812670796011373
23,1986Q4,3.5557217968445456
23,1987Q1,4.127981392827233
23,1987Q2,2.7320482399794384
23,1987Q3,2.8893589993572117
23,1987Q4,3.034877607230686
23,1988Q1,4.48840369443468
23,1988Q2,4.507291934118419
23,1988Q3,1.957185895676247
23,1988Q4,4.29367508845743
23,1989Q1,4.314301375948564
23,1989Q2,1.9872891822633338
23,1989Q3,4.257113127240438
23,1989Q4,3.837172981454505
23,1990Q1,3.4639647721942914
23,1990Q2,2.8626838609921075
23,1990Q3,2.6403770465289966
23,1990Q4,3.12459458065978
23,1991Q1,-2.0136708320703685
23,1991Q2,3.1849239183253095
23,1991Q3,3.91574745439624
23,1991Q4,3.223245627323419
23,1992Q1,2.8235470753207643
23,1992Q2,3.761198837692833
23,1992Q3,4.3252804530734
23,1992Q4,2.017210293366838
23,1993Q1,4.1018764974801565
23,1993Q2,4.1948142638684836
23,1993Q3,2.068537943416513
23,1993Q4,3.9420779831556354
23,1994Q1,3.785524686431237
23,1994Q2,4.302342874806918
23,1994Q3,4.486795164875224
23,1994Q4,3.0814376105991625
23,1995Q1,1.522996570084294
23,1995Q2,0.6152158188826427
23,1995Q3,-0.24825222962362936
23,1995Q4,3.6347873895323626
23,1996Q1,3.9790675690919777
23,1996Q2,3.7720596310674708
23,1996Q3,-0.9218539369360377
23,1996Q4,2.8128019870680196
23,1997Q1,3.1438725610070124
23,1997Q2,-0.7613511434231732
23,1997Q3,3.914257250653608
23,1997Q4,1.8156918709623389
23,1998Q1,3.393016377781749
23,1998Q2,3.9078113745478062
23,1998Q3,3.540166226617629
23,1998Q4,3.0002068838426394
23,1999Q1,4.377230069979543
23,1999Q2,4.381802689016334
23,1999Q3,4.416302175490559
23,1999Q4,3.3666388798928764
23,2000Q1,1.7827183443676904
23,2000Q2,3.3882365274506974
23,2000Q3,3.6713323107166635
23,2000Q4,3.7941602101431737
23,2001Q1,2.929881034113865
23,2001Q2,3.797213696588793
23,2001Q3,4.162877270952311
23,2001Q4,4.123928956483596
23,2002Q1,3.0574421528769156
23,2002Q2,3.7714066040741394
23,2002Q3,4.430082452812738
23,2002Q4,4.201651882106645
23,2003Q1,4.507756572353152
23,2003Q2,4.474859795687057
23,2003Q3,3.8843854668943143
23,2003Q4,4.169613093170621
23,2004Q1,4.463614988001194
23,2004Q2,4.391284926032741
23,2004Q3,4.4091445211334985
23,2004Q4,3.6914513357648517
23,2005Q1,4.401601215648806
23,2005Q2,4.249319783251925
23,2005Q3,4.291840265973417
23,2005Q4,4.405374245344285
23,2006Q1,4.230763405508649
23,2006Q2,2.9456754722796434
23,2006Q3,4.06069296592127
23,2006Q4,3.906224086148373
23,2007Q1,3.5709035218711067
23,2007Q2,4.195548550266495
23,2007Q3,4.197174048053077
23,2007Q4,4.225515546747898
23,2008Q1,3.3845873816425915
23,2008Q2,3.5026539854118406
23,2008Q3,3.3295792746220787
23,2008Q4,3.558018290424309
23,2009Q1,0.6708685077419387
23,2009Q2,0.9991416484501987
23,2009Q3,2.5074752352625165
23,2009Q4,3.3346359761966813
23,2010Q1,4.247735431413976
23,2010Q2,4.021788622570687
23,2010Q3,4.256802460792662
23,2010Q4,4.040298830501521
23,2011Q1,3.3777764403696793
23,2011Q2,4.4902649170958355
23,2011Q3,3.449043241548171
23,2011Q4,3.5336728508397304
23,2012Q1,3.907693060947625
23,2012Q2,4.425625169544697
23,2012Q3,3.90623692258542
23,2012Q4,4.306495122357028
23,2013Q1,4.201942230655085
23,2013Q2,4.391371253092416
23,2013Q3,4.445467330127201
23,2013Q4,4.517273477420594
23,2014Q1,4.487123514401473
23,2014Q2,4.441835890784678
23,2014Q3,4.105992048345952
23,2014Q4,4.360806878469991
23,2015Q1,4.009168488264557
23,2015Q2,3.803758286700611
23,2015Q3,4.502361057741315
23,2015Q4,3.8822689640943295
23,2016Q1,4.2180151181065595
23,2016Q2,4.464022952384379
23,2016Q3,3.703715869960995
23,2016Q4,4.515644428360141
23,2017Q1,4.185836165463433
23,2017Q2,4.044154038001164
23,2017Q3,4.374035254198687
23,2017Q4,4.519159604358508
23,2018Q1,4.474048986882295
23,2018Q2,4.263888177100184
23,2018Q3,3.71657534481863
23,2018Q4,4.142497162196467
23,2019Q1,4.39004522772019
23,2019Q2,4.410388909893144
23,2019Q3,4.269175229084206
23,2019Q4,4.269440428744175
23,2020Q1,3.645778660565871
23,2020Q2,-18.186839095140435
23,2020Q3,-5.118755843271552
23,2020Q4,2.903690736362611
23,2021Q1,2.8036569695427147
23,2021Q2,2.5316210805718433
23,2021Q3,0.8204828878597885
23,2021Q4,1.0825004635899762
23,2022Q1,2.995745935660174
23,2022Q2,3.3468407047245554
23,2022Q3,-1.3322636312904628
23,2022Q4,2.3509697776910974
23,2023Q1,3.1031481809640438
23,2023Q2,3.517060418304051
23,2023Q3,2.9535325266433485
23,2023Q4,1.4362393913822848
24,1980Q1,-0.8570287696607783
24,1980Q2,-1.0098305854273528
24,1980Q3,3.7719462579677447
24,1980Q4,3.5819934070621313
24,1981Q1,3.0142692118037715
24,1981Q2,3.6654449504322537
24,1981Q3,2.109697406104874
24,1981Q4,4.471579960404043
24,1982Q1,2.9173845194142505
24,1982Q2,3.3980421674415884
24,1982Q3,1.6687122954975488
24,1982Q4,-5.574503798526184
24,1983Q1,1.1451448479969346
24,1983Q2,4.436033393132746
24,1983Q3,3.2694995395544066
24,1983Q4,1.4922309770561482
24,1984Q1,2.0486411975434984
24,1984Q2,3.185818770863154
24,1984Q3,4.317782817281419
24,1984Q4,3.3713529039085373
24,1985Q1,1.617090899593968
24,1985Q2,0.8273156075281256
24,1985Q3,2.722831884790699
24,1985Q4,4.458239231937994
24,1986Q1,3.7914705510434685
24,1986Q2,2.5994380671563997
24,1986Q3,2.813687992909485
24,1986Q4,3.553116578231012
24,1987Q1,4.127559828731876
24,1987Q2,2.7309446820682792
24,1987Q3,2.8910790982441927
24,1987Q4,3.0379081855731283
24,1988Q1,4.485002286507945
24,1988Q2,4.5035521732285
24,1988Q3,1.955892626009402
24,1988Q4,4.287736761853293
24,1989Q1,4.31182919993834
24,1989Q2,1.9914024458516457
24,1989Q3,4.254710622731697
24,1989Q4,3.8378610892167444
24,1990Q1,3.4567838935536623
24,1990Q2,2.867483837395815
24,1990Q3,2.636580574482428
24,1990Q4,3.1342788236354244
24,1991Q1,-2.0059644475941383
24,1991Q2,3.1880867991301907
24,1991Q3,3.912897398912695
24,1991Q4,3.218854170643156
24,1992Q1,2.8348035799761875
24,1992Q2,3.757000535556447
24,1992Q3,4.323380332549474
24,1992Q4,2.017533613443696
24,1993Q1,4.0971639313025765
24,1993Q2,4.192162633750727
24,1993Q3,2.0744380321911575
24,1993Q4,3.940335311077323
24,1994Q1,3.783789871468287
24,1994Q2,4.298860603179173
24,1994Q3,4.483607971503408
24,1994Q4,3.0828752415752465
24,1995Q1,1.5300792607645182
24,1995Q2,0.6275627031263862
24,1995Q3,-0.24344702513816063
24,1995Q4,3.632677056942701
24,1996Q1,3.9756923592211075
24,1996Q2,3.7720163516697536
24,1996Q3,-0.8971871814078689
24,1996Q4,2.818426204674017
24,1997Q1,3.147315351938461
24,1997Q2,-0.7441300317185187
24,1997Q3,3.9126528825418134
24,1997Q4,1.8219771504156843
24,1998Q1,3.3948362618890116
24,1998Q2,3.906081612143574
24,1998Q3,3.538876145247908
24,1998Q4,3.002976485614143
24,1999Q1,4.373877935482492
24,1999Q2,4.378626052942835
24,1999Q3,4.411925346921446
24,1999Q4,3.3652626217302926
24,2000Q1,1.7902825375104854
24,2000Q2,3.3856641271510473
24,2000Q3,3.670211384416339
24,2000Q4,3.794677109754122
24,2001Q1,2.929433887233193
24,2001Q2,3.792596840013525
24,2001Q3,4.162001850802563
24,2001Q4,4.122716243243281
24,2002Q1,3.0520085741918894
24,2002Q2,3.7674336367536494
24,2002Q3,4.427078040872236
24,2002Q4,4.199331591441954
24,2003Q1,4.504297768749411
24,2003Q2,4.471811131558997
24,2003Q3,3.8822832944371584
24,2003Q4,4.166671433119887
24,2004Q1,4.459717099126844
24,2004Q2,4.387334517355157
24,2004Q3,4.40653014628302
24,2004Q4,3.689520051145496
24,2005Q1,4.398333113805997
24,2005Q2,4.246802346310897
24,2005Q3,4.288756192600892
24,2005Q4,4.401778220635738
24,2006Q1,4.2275855550603545
24,2006Q2,2.944961651015019
24,2006Q3,4.05699199499134
24,2006Q4,3.9025368387541945
24,2007Q1,3.5691909531402826
24,2007Q2,4.192883253977241
24,2007Q3,4.194217992101616
24,2007Q4,4.2228024449682176
24,2008Q1,3.3831346388213106
24,2008Q2,3.5021689657979502
24,2008Q3,3.3303389031085997
24,2008Q4,3.557866457733125
24,2009Q1,0.6613668078669832
24,2009Q2,1.0127948421753414
24,2009Q3,2.5044840990469988
24,2009Q4,3.331056365235421
24,2010Q1,4.244814388121242
24,2010Q2,4.019617311519952
24,2010Q3,4.254459311230685
24,2010Q4,4.039431044053182
24,2011Q1,3.3777108027160017
24,2011Q2,4.486094775756525
24,2011Q3,3.4434043518794386
24,2011Q4,3.5350715769101395
24,2012Q1,3.9075202785619574
24,2012Q2,4.4223569665864435
24,2012Q3,3.9037417699008894
24,2012Q4,4.304026559617221
24,2013Q1,4.200065923352705
24,2013Q2,4.388151986020378
24,2013Q3,4.442025332063439
24,2013Q4,4.513646712798511
24,2014Q1,4.4835148003971295
24,2014Q2,4.438648573489334
24,2014Q3,4.103577168761421
24,2014Q4,4.357072222390376
24,2015Q1,4.006179563109366
24,2015Q2,3.8016982121987795
24,2015Q3,4.498170359852824
24,2015Q4,3.879180994879759
24,2016Q1,4.215562055084387
24,2016Q2,4.460872743784425
24,2016Q3,3.703276312157695
24,2016Q4,4.511525358116361
24,2017Q1,4.184092903162438
24,2017Q2,4.041220615356554
24,2017Q3,4.371729962864363
24,2017Q4,4.5156533100808085
24,2018Q1,4.470123710803511
24,2018Q2,4.260275818187445
24,2018Q3,3.7135533806438388
24,2018Q4,4.141164529176324
24,2019Q1,4.38676099615076
24,2019Q2,4.406790777193169
24,2019Q3,4.266203983560048
24,2019Q4,4.266074428085258
24,2020Q1,3.6607605048010377
24,2020Q2,-18.358798520511073
24,2020Q3,-5.104907379430097
24,2020Q4,2.9003811445151264
24,2021Q1,2.7930585519828908
24,2021Q2,2.546054329870765
24,2021Q3,0.7782681297648604
24,2021Q4,1.079647410531983
24,2022Q1,2.9993979840301304
24,2022Q2,3.3772825965227016
24,2022Q3,-1.1721499310314982
24,2022Q4,2.382224139113713
24,2023Q1,3.144285245131684
24,2023Q2,3.5368461765941164
24,2023Q3,2.9608780754798745
24,2023Q4,1.4461785610550386
25,1980Q1,-0.8900100077218234
25,1980Q2,-0.9683544492612581
25,1980Q3,3.7649782987539053
25,1980Q4,3.581524636366142
25,1981Q1,3.0040435255263107
25,1981Q2,3.6648591863283877
25,1981Q3,2.109652543737703
25,1981Q4,4.467533484586536
25,1982Q1,2.928895135977095
25,1982Q2,3.3922581676048127
25,1982Q3,1.667848314675266
25,1982Q4,-5.5625291648514565
25,1983Q1,1.1449632325900296
25,1983Q2,4.429274001386306
25,1983Q3,3.2609580436181513
25,1983Q4,1.4989961711529571
25,1984Q1,2.051231490553974
25,1984Q2,3.196443399992768
25,1984Q3,4.314991988942253
25,1984Q4,3.3644716341682916
25,1985Q1,1.634945557914012
25,1985Q2,0.8390783799997776
25,1985Q3,2.745833610567117
25,1985Q4,4.452236840224197
25,1986Q1,3.7911086392022426
25,1986Q2,2.6088285176621344
25,1986Q3,2.8153693101324784
25,1986Q4,3.5508242701807067
25,1987Q1,4.126311541950468
25,1987Q2,2.7322237540111383
25,1987Q3,2.898613683150875
25,1987Q4,3.0458811894518716
25,1988Q1,4.479344810153451
25,1988Q2,4.498172862049082
25,1988Q3,1.9516381207069662
25,1988Q4,4.280637916085104
25,1989Q1,4.30920489011719
25,1989Q2,1.999757795412175
25,1989Q3,4.251707818839251
25,1989Q4,3.8365908829370405
25,1990Q1,3.4493336131979278
25,1990Q2,2.8765371772618282
25,1990Q3,2.62960663622158
25,1990Q4,3.146304414429153
25,1991Q1,-1.9865407611121597
25,1991Q2,3.187904428534237
25,1991Q3,3.908106497634601
25,1991Q4,3.2165364203069693
25,1992Q1,2.8473954414087195
25,1992Q2,3.7527173213124994
25,1992Q3,4.320828163742348
25,1992Q4,2.021542873054518
25,1993Q1,4.089514517090191
25,1993Q2,4.189524913618963
25,1993Q3,2.0788820950335674
25,1993Q4,3.937283833245456
25,1994Q1,3.781408674863568
25,1994Q2,4.294039391914754
25,1994Q3,4.479154498794135
25,1994Q4,3.0850511581358466
25,1995Q1,1.5368194866453901
25,1995Q2,0.6390710530404955
25,1995Q3,-0.23882570735083597
25,1995Q4,3.6272191336825887
25,1996Q1,3.973470942266462
25,1996Q2,3.772385990041467
25,1996Q3,-0.865364234678025
25,1996Q4,2.824857208389082
25,1997Q1,3.151461181945055
25,1997Q2,-0.7154111551357687
25,1997Q3,3.910089738970974
25,1997Q4,1.8274699210396088
25,1998Q1,3.39652230188637
25,1998Q2,3.9048473868851254
25,1998Q3,3.538936670970263
25,1998Q4,3.00579794785956
25,1999Q1,4.369493670024296
25,1999Q2,4.373537025167326
25,1999Q3,4.406831685834902
25,1999Q4,3.3653482265908274
25,2000Q1,1.798754908411822
25,2000Q2,3.381202934694224
25,2000Q3,3.6660748283714573
25,2000Q4,3.7940756806719573
25,2001Q1,2.9290338924993593
25,2001Q2,3.787879796574076
25,2001Q3,4.162017799541125
25,2001Q4,4.12262733594127
25,2002Q1,3.0432168712119907
25,2002Q2,3.7639890831690943
25,2002Q3,4.423837062401718
25,2002Q4,4.197704303611448
25,2003Q1,4.499500794522007
25,2003Q2,4.467409299905414
25,2003Q3,3.87966504040945
25,2003Q4,4.163537136578693
25,2004Q1,4.4541086276870585
25,2004Q2,4.3822106072534455
25,2004Q3,4.403431516586531
25,2004Q4,3.686429093654115
25,2005Q1,4.394518514914485
25,2005Q2,4.242721513238212
25,2005Q3,4.2853883089681695
25,2005Q4,4.397897131906175
25,2006Q1,4.222394876616845
25,2006Q2,2.9427753084310084
25,2006Q3,4.052842471984065
25,2006Q4,3.899664989315169
25,2007Q1,3.5699898763572797
25,2007Q2,4.189621405194019
25,2007Q3,4.191877296729851
25,2007Q4,4.219248876247768
25,2008Q1,3.3802783168962733
25,2008Q2,3.499474091890079
25,2008Q3,3.3298696329039084
25,2008Q4,3.5568369432681344
25,2009Q1,0.6506799087616248
25,2009Q2,1.032525126961219
25,2009Q3,2.4991244046977754
25,2009Q4,3.3249816624222293
25,2010Q1,4.240207625546658
25,2010Q2,4.015387493199124
25,2010Q3,4.251003141096414
25,2010Q4,4.038433430032715
25,2011Q1,3.375802623742885
25,2011Q2,4.48074295221457
25,2011Q3,3.4378036360911337
25,2011Q4,3.5381270723133933
25,2012Q1,3.9089994450417773
25,2012Q2,4.418931832515227
25,2012Q3,3.9009867314646893
25,2012Q4,4.3009996298479924
25,2013Q1,4.196933595449281
25,2013Q2,4.383254816160902
25,2013Q3,4.437616718164734
25,2013Q4,4.509124345004695
25,2014Q1,4.4791390055606115
25,2014Q2,4.434336546825019
25,2014Q3,4.10087376299652
25,2014Q4,4.351376549516261
25,2015Q1,4.001818595136494
25,2015Q2,3.797701133922115
25,2015Q3,4.492945926968963
25,2015Q4,3.8746289332981663
25,2016Q1,4.212743665730425
25,2016Q2,4.456321979446806
25,2016Q3,3.7010871357329638
25,2016Q4,4.506307901093476
25,2017Q1,4.180818310103499
25,2017Q2,4.036896427106528
25,2017Q3,4.368142893415659
25,2017Q4,4.511027352744674
25,2018Q1,4.465405877673074
25,2018Q2,4.255090256168492
25,2018Q3,3.7082813095673757
25,2018Q4,4.138639772629054
25,2019Q1,4.382670512917022
25,2019Q2,4.401875704265176
25,2019Q3,4.262000138991828
25,2019Q4,4.261082818030018
25,2020Q1,3.645440777797224
25,2020Q2,-18.194077174657057
25,2020Q3,-5.085781838987886
25,2020Q4,2.912651649428676
25,2021Q1,2.7828705359980344
25,2021Q2,2.533376748103851
25,2021Q3,0.8329768585623221
25,2021Q4,1.0622362090055688
25,2022Q1,3.0063319557828443
25,2022Q2,3.365795464112311
25,2022Q3,-1.2211227206967195
25,2022Q4,2.3848776448110747
25,2023Q1,3.1281944614802817
25,2023Q2,3.5289386937927842
25,2023Q3,2.9641198525540506
25,2023Q4,1.4592002948429883
26,1980Q1,-0.9523280425309197
26,1980Q2,-0.9170967732655484
26,1980Q3,3.7554445781801387
26,1980Q4,3.5845531577873873
26,1981Q1,2.9946294421172377
26,1981Q2,3.668408625473609
26,1981Q3,2.110207934901043
26,1981Q4,4.464798036881991
26,1982Q1,2.936952357532891
26,1982Q2,3.398499490609694
26,1982Q3,1.6634674674114356
26,1982Q4,-5.557974664982593
26,1983Q1,1.1405390914278368
26,1983Q2,4.4239149535571025
26,1983Q3,3.243160102937713
26,1983Q4,1.4934816941312423
26,1984Q1,2.0717274937300645
26,1984Q2,3.208429511872101
26,1984Q3,4.316251116060303
26,1984Q4,3.366736423148889
26,1985Q1,1.6476490496084826
26,1985Q2,0.8573382657233966
26,1985Q3,2.7662756727102806
26,1985Q4,4.44928372512567
26,1986Q1,3.7892472662209293
26,1986Q2,2.613185869277374
26,1986Q3,2.8219365635222236
26,1986Q4,3.5533586655286546
26,1987Q1,4.12489354832042
26,1987Q2,2.7379740654774096
26,1987Q3,2.9140508261423177
26,1987Q4,3.061116007341499
26,1988Q1,4.47497100748628
26,1988Q2,4.495980667093146
26,1988Q3,1.9516506659385535
26,1988Q4,4.2747780203004435
26,1989Q1,4.310573898158101
26,1989Q2,2.0071953185497478
26,1989Q3,4.253089568877039
26,1989Q4,3.8370069798716906
26,1990Q1,3.441856444168484
26,1990Q2,2.8863818724492525
26,1990Q3,2.6193855695473545
26,1990Q4,3.153058972400518
26,1991Q1,-1.9578397502597191
26,1991Q2,3.1861870577162277
26,1991Q3,3.898217387205632
26,1991Q4,3.223748439585164
26,1992Q1,2.856513091877991
26,1992Q2,3.7567932615176303
26,1992Q3,4.322571486537916
26,1992Q4,2.034908664136107
26,1993Q1,4.080201546624008
26,1993Q2,4.191637637237462
26,1993Q3,2.0742298569061512
26,1993Q4,3.9348964548334755
26,1994Q1,3.7806855159823116
26,1994Q2,4.290724640218748
26,1994Q3,4.4780683804115355
26,1994Q4,3.081940466268154
26,1995Q1,1.5317102466483243
26,1995Q2,0.6371933531758369
26,1995Q3,-0.26020769090579865
26,1995Q4,3.6185458985279024
26,1996Q1,3.972385633444916
26,1996Q2,3.7669720694061075
26,1996Q3,-0.8573808738873607
26,1996Q4,2.8222838310354303
26,1997Q1,3.1518770654238017
26,1997Q2,-0.6895067042955736
26,1997Q3,3.9027000738088984
26,1997Q4,1.8215795185270047
26,1998Q1,3.3985897956669935
26,1998Q2,3.9026094447995954
26,1998Q3,3.5394167421825045
26,1998Q4,3.0060909051843945
26,1999Q1,4.367471282129576
26,1999Q2,4.37181135653243
26,1999Q3,4.403449251165333
26,1999Q4,3.367982497723669
26,2000Q1,1.7940534371260095
26,2000Q2,3.377583442287545
26,2000Q3,3.665031136899655
26,2000Q4,3.7966468803858957
26,2001Q1,2.925136094724664
26,2001Q2,3.7864066203763045
26,2001Q3,4.167505025651481
26,2001Q4,4.127825782397017
26,2002Q1,3.0327536570679343
26,2002Q2,3.7623303750209844
26,2002Q3,4.423683015531693
26,2002Q4,4.199676717653886
26,2003Q1,4.497924860058754
26,2003Q2,4.4661201960944625
26,2003Q3,3.8803232227748286
26,2003Q4,4.163188532531079
26,2004Q1,4.45095518534832
26,2004Q2,4.379293793105839
26,2004Q3,4.404129024334924
26,2004Q4,3.68681820011036
26,2005Q1,4.393681735400319
26,2005Q2,4.242260064377594
26,2005Q3,4.285304546801088
26,2005Q4,4.397167498303397
26,2006Q1,4.219729101631816
26,2006Q2,2.9432405754382343
26,2006Q3,4.050532091508971
26,2006Q4,3.8998393863629284
26,2007Q1,3.574676960375752
26,2007Q2,4.189920787445527
26,2007Q3,4.193188749478143
26,2007Q4,4.215680954169297
26,2008Q1,3.3755390433699572
26,2008Q2,3.491777405453875
26,2008Q3,3.3277509530019485
26,2008Q4,3.557535519579041
26,2009Q1,0.6353841124343234
26,2009Q2,1.0451557144012389
26,2009Q3,2.482326142911091
26,2009Q4,3.3146031126444475
26,2010Q1,4.237821124496111
26,2010Q2,4.012485698157807
26,2010Q3,4.250858799720333
26,2010Q4,4.03876045862507
26,2011Q1,3.3766578324678926
26,2011Q2,4.478169621416115
26,2011Q3,3.4343503842542247
26,2011Q4,3.5445973515126292
26,2012Q1,3.91302574088271
26,2012Q2,4.418877955452927
26,2012Q3,3.8999212570802455
26,2012Q4,4.30102047964663
26,2013Q1,4.1954521648472936
26,2013Q2,4.3807572941404995
26,2013Q3,4.436021174801684
26,2013Q4,4.507968845425124
26,2014Q1,4.478016339932196
26,2014Q2,4.433182192478284
26,2014Q3,4.100277702239825
26,2014Q4,4.347615720720622
26,2015Q1,3.9979704594824392
26,2015Q2,3.7956016977549574
26,2015Q3,4.490586185646616
26,2015Q4,3.8716528743615406
26,2016Q1,4.211417125188148
26,2016Q2,4.454512721461086
26,2016Q3,3.7013380084767666
26,2016Q4,4.503895004713774
26,2017Q1,4.179563532032268
26,2017Q2,4.035330248921378
26,2017Q3,4.367237959412074
26,2017Q4,4.509483718094332
26,2018Q1,4.463718538300684
26,2018Q2,4.252394122192472
26,2018Q3,3.7051826374765238
26,2018Q4,4.139731405824741
26,2019Q1,4.381050254925531
26,2019Q2,4.3993130017805
26,2019Q3,4.259829580230204
26,2019Q4,4.258394294207534
26,2020Q1,3.6329556671575065
26,2020Q2,-18.071898794277985
26,2020Q3,-5.0651712121425145
26,2020Q4,2.925060060838797
26,2021Q1,2.76513919609773
26,2021Q2,2.5213997301769258
26,2021Q3,0.8996810753412037
26,2021Q4,1.0287619296266906
26,2022Q1,3.0132560870336405
26,2022Q2,3.352067495029393
26,2022Q3,-1.2770712804018194
26,2022Q4,2.3811109431113997
26,2023Q1,3.115455680127191
26,2023Q2,3.527364543607218
26,2023Q3,2.960303719112777
26,2023Q4,1.4566730712942602
27,1980Q1,-1.0364320093509658
27,1980Q2,-0.8605675903340915
27,1980Q3,3.744343028341745
27,1980Q4,3.590685151145887
27,1981Q1,2.990719764715644
27,1981Q2,3.6746089344255246
27,1981Q3,2.1101523387857846
27,1981Q4,4.464017448859508
27,1982Q1,2.93680159986445
27,1982Q2,3.4164669970973955
27,1982Q3,1.6539903558132325
27,1982Q4,-5.575945761781558
27,1983Q1,1.1340942333463104
27,1983Q2,4.422728435137255
27,1983Q3,3.220599895523377
27,1983Q4,1.4700146594082062
27,1984Q1,2.1083139608398107
27,1984Q2,3.2179334874991286
27,1984Q3,4.32288175301184
27,1984Q4,3.380370244250643
27,1985Q1,1.648047496238263
27,1985Q2,0.8830802358731171
27,1985Q3,2.7786448146675546
27,1985Q4,4.450666641675331
27,1986Q1,3.7852597412240385
27,1986Q2,2.609706848544965
27,1986Q3,2.831098515336695
27,1986Q4,3.5603243113731553
27,1987Q1,4.122734902012795
27,1987Q2,2.748217354576755
27,1987Q3,2.937482480466194
27,1987Q4,3.0844103649590746
27,1988Q1,4.47262042333238
27,1988Q2,4.498059189683359
27,1988Q3,1.9583047559093338
27,1988Q4,4.27124547516748
27,1989Q1,4.316110600296434
27,1989Q2,2.00991924742917
27,1989Q3,4.259122264983597
27,1989Q4,3.8398736689991075
27,1990Q1,3.4345273466813704
27,1990Q2,2.8911369139217094
27,1990Q3,2.6066643506353344
27,1990Q4,3.14669363032627
27,1991Q1,-1.9320707125340109
27,1991Q2,3.18349811934859
27,1991Q3,3.8869190577971455
27,1991Q4,3.241258537065459
27,1992Q1,2.857301379445042
27,1992Q2,3.769175909968982
27,1992Q3,4.328323860126473
27,1992Q4,2.057383843593005
27,1993Q1,4.070532981827479
27,1993Q2,4.1990068287975175
27,1993Q3,2.061111705600653
27,1993Q4,3.933897862642367
27,1994Q1,3.780938024661511
27,1994Q2,4.289204866168061
27,1994Q3,4.4809908639887945
27,1994Q4,3.0723394841746656
27,1995Q1,1.5142248539032859
27,1995Q2,0.6240377412178089
27,1995Q3,-0.308061575101374
27,1995Q4,3.6095178808464987
27,1996Q1,3.972000695066999
27,1996Q2,3.7560528476994963
27,1996Q3,-0.8813096121938377
27,1996Q4,2.809709306399319
27,1997Q1,3.1477374448806748
27,1997Q2,-0.6718771708323477
27,1997Q3,3.8912501301634785
27,1997Q4,1.8032193829916827
27,1998Q1,3.399809779598833
27,1998Q2,3.899374877273993
27,1998Q3,3.5409347475714417
27,1998Q4,3.0034492585254906
27,1999Q1,4.368876535979485
27,1999Q2,4.374626526260511
27,1999Q3,4.402488139020577
27,1999Q4,3.373188947943636
27,2000Q1,1.7734696771141145
27,2000Q2,3.375923418065921
27,2000Q3,3.6700203138690273
27,2000Q4,3.8035919372273317
27,2001Q1,2.9151775201014414
27,2001Q2,3.7879189687327055
27,2001Q3,4.177721943026831
27,2001Q4,4.137921847959375
27,2002Q1,3.022249120057621
27,2002Q2,3.7630707820280396
27,2002Q3,4.427278659945459
27,2002Q4,4.205335553602328
27,2003Q1,4.500516668943553
27,2003Q2,4.468997940377521
27,2003Q3,3.88460784725787
27,2003Q4,4.165802669078173
27,2004Q1,4.45143838512846
27,2004Q2,4.379399901234157
27,2004Q3,4.40899654272176
27,2004Q4,3.691424693023926
27,2005Q1,4.396097620459835
27,2005Q2,4.246936985382551
27,2005Q3,4.288747471478948
27,2005Q4,4.399915532371544
27,2006Q1,4.221455758817311
27,2006Q2,2.9486720632489942
27,2006Q3,4.050235926204794
27,2006Q4,3.9034107914735303
27,2007Q1,3.583452421980322
27,2007Q2,4.19397665332501
27,2007Q3,4.198493320455544
27,2007Q4,4.212735292691783
27,2008Q1,3.3700813893167956
27,2008Q2,3.4806813972222246
27,2008Q3,3.3253611416977025
27,2008Q4,3.560459829762761
27,2009Q1,0.6140604797657536
27,2009Q2,1.043647763698115
27,2009Q3,2.456071881807973
27,2009Q4,3.3028567109696882
27,2010Q1,4.239839830112424
27,2010Q2,4.012628339241523
27,2010Q3,4.2556214041465985
27,2010Q4,4.040635908347235
27,2011Q1,3.383721381324625
27,2011Q2,4.479145881090492
27,2011Q3,3.433698293559366
27,2011Q4,3.553251862476525
27,2012Q1,3.9180922078569203
27,2012Q2,4.422790103872303
27,2012Q3,3.900906915016752
27,2012Q4,4.304217923817413
27,2013Q1,4.196235076478409
27,2013Q2,4.382236499290171
27,2013Q3,4.437879851683639
27,2013Q4,4.510869186594167
27,2014Q1,4.480727981431984
27,2014Q2,4.436047441354226
27,2014Q3,4.101587818001631
27,2014Q4,4.34782117100545
27,2015Q1,3.996009628945928
27,2015Q2,3.798298247149021
27,2015Q3,4.491744542901448
27,2015Q4,3.871679937328358
27,2016Q1,4.211739825199729
27,2016Q2,4.456710749725822
27,2016Q3,3.7063426790815734
27,2016Q4,4.505001735198215
27,2017Q1,4.18174837901101
27,2017Q2,4.038285088089831
27,2017Q3,4.370114690998307
27,2017Q4,4.511915988123891
27,2018Q1,4.46573272758457
27,2018Q2,4.253450673121634
27,2018Q3,3.706707223217444
27,2018Q4,4.1458369974122435
27,2019Q1,4.382297565912459
27,2019Q2,4.400020513341355
27,2019Q3,4.26077210212622
27,2019Q4,4.259802757892968
27,2020Q1,3.6256612937558867
27,2020Q2,-18.025743833063164
27,2020Q3,-5.0461608668866464
27,2020Q4,2.932130435216738
27,2021Q1,2.7388506767858205
27,2021Q2,2.513433100949754
27,2021Q3,0.9732082765992471
27,2021Q4,0.9833687299998024
27,2022Q1,3.018002401629417
27,2022Q2,3.3409880745598812
27,2022Q3,-1.3205514910878717
27,2022Q4,2.374902839687879
27,2023Q1,3.114692338927079
27,2023Q2,3.5374622459337726
27,2023Q3,2.949429856248403
27,2023Q4,1.4348138451299128
28,1980Q1,-1.068283207565984
28,1980Q2,-0.7955572127202872
28,1980Q3,3.738059315077238
28,1980Q4,3.5939167549675277
28,1981Q1,2.999134670415849
28,1981Q2,3.670445403599952
28,1981Q3,2.103370718934672
28,1981Q4,4.465988179017546
28,1982Q1,2.9191371186967547
28,1982Q2,3.4137500143582886
28,1982Q3,1.6346050258326734
28,1982Q4,-5.681669054394538
28,1983Q1,1.1149040527055432
28,1983Q2,4.427075213358211
28,1983Q3,3.2265525504612134
28,1983Q4,1.4409099203666957
28,1984Q1,2.124980206086221
28,1984Q2,3.2088556456838857
28,1984Q3,4.330756359643131
28,1984Q4,3.3882893106681022
28,1985Q1,1.6353471018327341
28,1985Q2,0.90249525527233
28,1985Q3,2.777782584297719
28,1985Q4,4.453725014774905
28,1986Q1,3.780028777215905
28,1986Q2,2.601466147133369
28,1986Q3,2.820162399035825
28,1986Q4,3.564316071920079
28,1987Q1,4.1159325380866205
28,1987Q2,2.760830667317617
28,1987Q3,2.9591868003759343
28,1987Q4,3.1077800145322545
28,1988Q1,4.4709403250599005
28,1988Q2,4.5002947366767385
28,1988Q3,1.9620185373852164
28,1988Q4,4.271196442441675
28,1989Q1,4.3171462619659255
28,1989Q2,1.9976056196494807
28,1989Q3,4.261747489090031
28,1989Q4,3.845919017622216
28,1990Q1,3.427143883619187
28,1990Q2,2.8721284710496384
28,1990Q3,2.594785611803153
28,1990Q4,3.1132868789219916
28,1991Q1,-1.980737570698885
28,1991Q2,3.167493335978667
28,1991Q3,3.8937351359964274
28,1991Q4,3.2434271447930483
28,1992Q1,2.8371294003808565
28,1992Q2,3.7649784268928475
28,1992Q3,4.328696448674145
28,1992Q4,2.0745264300656734
28,1993Q1,4.065828726395134
28,1993Q2,4.202643034462489
28,1993Q3,2.0611053906574135
28,1993Q4,3.937976197090414
28,1994Q1,3.780336912780685
28,1994Q2,4.286093542416585
28,1994Q3,4.4813425192652625
28,1994Q4,3.0680392956263596
28,1995Q1,1.516989969704249
28,1995Q2,0.6433042576112649
28,1995Q3,-0.32769229627281504
28,1995Q4,3.6154840143702947
28,1996Q1,3.9702275663112934
28,1996Q2,3.758115742963097
28,1996Q3,-0.9062838816420493
28,1996Q4,2.8056932473367127
28,1997Q1,3.144496735727431
28,1997Q2,-0.6636312666262505
28,1997Q3,3.8905932813516677
28,1997Q4,1.787175957376053
28,1998Q1,3.3916898617406046
28,1998Q2,3.901027378689997
28,1998Q3,3.548404905140255
28,1998Q4,3.0021402484384403
28,1999Q1,4.370889167988655
28,1999Q2,4.377325047116938
28,1999Q3,4.403678545619343
28,1999Q4,3.375796453389664
28,2000Q1,1.7585982733263452
28,2000Q2,3.3720835722179725
28,2000Q3,3.6802537978323993
28,2000Q4,3.8189876194120917
28,2001Q1,2.898169913956703
28,2001Q2,3.7850253774658635
28,2001Q3,4.181703837614623
28,2001Q4,4.143351753698728
28,2002Q1,3.0115495220576243
28,2002Q2,3.7637004466280484
28,2002Q3,4.431417496221013
28,2002Q4,4.207192770869896
28,2003Q1,4.502636097449668
28,2003Q2,4.473016709116536
28,2003Q3,3.883945677508745
28,2003Q4,4.163873449299656
28,2004Q1,4.452318813093395
28,2004Q2,4.378398121855502
28,2004Q3,4.41049646824613
28,2004Q4,3.690312063730405
28,2005Q1,4.397908245000704
28,2005Q2,4.252120322756491
28,2005Q3,4.288520250299978
28,2005Q4,4.401699773735615
28,2006Q1,4.226435178551637
28,2006Q2,2.9555720491886155
28,2006Q3,4.046119359685325
28,2006Q4,3.905187905798102
28,2007Q1,3.591212971176378
28,2007Q2,4.193754036989901
28,2007Q3,4.201672332003808
28,2007Q4,4.212021501888843
28,2008Q1,3.367719905646126
28,2008Q2,3.4802764942399325
28,2008Q3,3.32483962263617
28,2008Q4,3.5684615220331457
28,2009Q1,0.5897326140581365
28,2009Q2,1.0372789581633337
28,2009Q3,2.4521529420292123
28,2009Q4,3.304447738570457
28,2010Q1,4.245797688452282
28,2010Q2,4.014132508152985
28,2010Q3,4.262481487425836
28,2010Q4,4.0440287973089015
28,2011Q1,3.400404684434803
28,2011Q2,4.480195250911919
28,2011Q3,3.433398118234428
28,2011Q4,3.554015991148529
28,2012Q1,3.918150736920247
28,2012Q2,4.426845794676673
28,2012Q3,3.90263178151145
28,2012Q4,4.305291953249284
28,2013Q1,4.195155367235403
28,2013Q2,4.386205352608127
28,2013Q3,4.438933974161031
28,2013Q4,4.512838590198645
28,2014Q1,4.483075492603614
28,2014Q2,4.437975525245036
28,2014Q3,4.099856788422152
28,2014Q4,4.3526357211596345
28,2015Q1,3.9994648571241567
28,2015Q2,3.8075168139296016
28,2015Q3,4.492565273641872
28,2015Q4,3.875386720613004
28,2016Q1,4.212122339487812
28,2016Q2,4.460812036427324
28,2016Q3,3.71657946200438
28,2016Q4,4.50567311646856
28,2017Q1,4.185558975153521
28,2017Q2,4.044447516312659
28,2017Q3,4.373301864604936
28,2017Q4,4.51436485484722
28,2018Q1,4.46713192734162
28,2018Q2,4.256273505431446
28,2018Q3,3.7125496255497366
28,2018Q4,4.1532554861027835
28,2019Q1,4.382865114273916
28,2019Q2,4.401238343093456
28,2019Q3,4.2634640786142395
28,2019Q4,4.264677841863686
28,2020Q1,3.622315557295385
28,2020Q2,-18.063597529333517
28,2020Q3,-4.976856304178911
28,2020Q4,2.9344038122920426
28,2021Q1,2.7098145528547706
28,2021Q2,2.509241054188883
28,2021Q3,1.0298570754576386
28,2021Q4,0.9685168211931954
28,2022Q1,3.015211950595342
28,2022Q2,3.3545067899197702
28,2022Q3,-1.2822334145878314
28,2022Q4,2.392919222194367
28,2023Q1,3.14025100595548
28,2023Q2,3.559313732239297
28,2023Q3,2.9526410009477493
28,2023Q4,1.4241541472674415
29,1980Q1,-1.0669884125827016
29,1980Q2,-0.7775079727145595
29,1980Q3,3.7372839888926075
29,1980Q4,3.596905530735617
29,1981Q1,3.0030676338730675
29,1981Q2,3.665124078718563
29,1981Q3,2.0975837218862505
29,1981Q4,4.46596388741046
29,1982Q1,2.915037109449774
29,1982Q2,3.408085157532791
29,1982Q3,1.6380230639784141
29,1982Q4,-5.665440786784075
29,1983Q1,1.106197370541179
29,1983Q2,4.428540545610181
29,1983Q3,3.2075905470113764
29,1983Q4,1.3984489993210945
29,1984Q1,2.1130226114031765
29,1984Q2,3.207962011403289
29,1984Q3,4.332184690510231
29,1984Q4,3.391307411823333
29,1985Q1,1.6175595519926307
29,1985Q2,0.9046031694984116
29,1985Q3,2.7787946006301727
29,1985Q4,4.456352993045198
29,1986Q1,3.783737341343923
29,1986Q2,2.6029396108299316
29,1986Q3,2.81465443317754
29,1986Q4,3.5646838148324242
29,1987Q1,4.118030525141618
29,1987Q2,2.7611765592454285
29,1987Q3,2.9617043069049123
29,1987Q4,3.1109220776701223
29,1988Q1,4.472413233943745
29,1988Q2,4.502534565430803
29,1988Q3,1.9700638549389389
29,1988Q4,4.269647441651324
29,1989Q1,4.321365796424839
29,1989Q2,1.9944879442913996
29,1989Q3,4.2597717731712965
29,1989Q4,3.8481486339557627
29,1990Q1,3.4187826872123885
29,1990Q2,2.861153860195274
29,1990Q3,2.591462176127208
29,1990Q4,3.1045504822486567
29,1991Q1,-1.996147777280183
29,1991Q2,3.1637016309245283
29,1991Q3,3.8883108756419844
29,1991Q4,3.253342677993502
29,1992Q1,2.8273170881985843
29,1992Q2,3.7769426823344663
29,1992Q3,4.329774997350392
29,1992Q4,2.084043844544044
29,1993Q1,4.063229324508937
29,1993Q2,4.209395090094735
29,1993Q3,2.056424885800566
29,1993Q4,3.933378774169465
29,1994Q1,3.773966079741945
29,1994Q2,4.28525656437708
29,1994Q3,4.483521525737097
29,1994Q4,3.057989176772552
29,1995Q1,1.5079871231789022
29,1995Q2,0.6387609278802504
29,1995Q3,-0.34642236069785515
29,1995Q4,3.6144790392540393
29,1996Q1,3.9712454842656837
29,1996Q2,3.7600832027222726
29,1996Q3,-0.9208545569653364
29,1996Q4,2.8074143418457176
29,1997Q1,3.1470880150904987
29,1997Q2,-0.6619450541393963
29,1997Q3,3.893764417881914
29,1997Q4,1.7910222153039501
29,1998Q1,3.392490839158665
29,1998Q2,3.8951234202326437
29,1998Q3,3.551703075974375
29,1998Q4,3.004117494291749
29,1999Q1,4.37247885129187
29,1999Q2,4.381055007439447
29,1999Q3,4.401643810120991
29,1999Q4,3.386309640144085
29,2000Q1,1.7438882666691145
29,2000Q2,3.3847915835814835
29,2000Q3,3.6853968022935675
29,2000Q4,3.814604042176647
29,2001Q1,2.8916084247265808
29,2001Q2,3.7839032965520665
29,2001Q3,4.186754087764927
29,2001Q4,4.1476059168663335
29,2002Q1,3.016242722058622
29,2002Q2,3.768488098144571
29,2002Q3,4.4318339186451485
29,2002Q4,4.210730885433192
29,2003Q1,4.505561955406635
29,2003Q2,4.474050044402103
29,2003Q3,3.8925142307131226
29,2003Q4,4.170225263656899
29,2004Q1,4.455047313376378
29,2004Q2,4.381502974452067
29,2004Q3,4.414242649242753
29,2004Q4,3.6999099165338496
29,2005Q1,4.396460553617416
29,2005Q2,4.256914375088784
29,2005Q3,4.293451112811999
29,2005Q4,4.401626947839984
29,2006Q1,4.229819988896211
29,2006Q2,2.961284306129811
29,2006Q3,4.051965998807443
29,2006Q4,3.9088267508079664
29,2007Q1,3.592388477631202
29,2007Q2,4.199246171509624
29,2007Q3,4.203136442885936
29,2007Q4,4.2131119160602735
29,2008Q1,3.378323389223954
29,2008Q2,3.481025630053055
29,2008Q3,3.333019486579771
29,2008Q4,3.561797337658584
29,2009Q1,0.581198473124974
29,2009Q2,1.0201646751219289
29,2009Q3,2.4424486321030474
29,2009Q4,3.300547951392642
29,2010Q1,4.247737095907245
29,2010Q2,4.017239552292156
29,2010Q3,4.264539376449903
29,2010Q4,4.0419077129239005
29,2011Q1,3.4043129738501037
29,2011Q2,4.480975141305019
29,2011Q3,3.4349260275791402
29,2011Q4,3.5561062166888147
29,2012Q1,3.9136538763563253
29,2012Q2,4.427873490271745
29,2012Q3,3.9012825583106356
29,2012Q4,4.304076457670775
29,2013Q1,4.197006122834315
29,2013Q2,4.387911177030239
29,2013Q3,4.4409108183996855
29,2013Q4,4.51474372586364
29,2014Q1,4.4833276074464345
29,2014Q2,4.440859126545473
29,2014Q3,4.1003754852833065
29,2014Q4,4.354281948091663
29,2015Q1,3.9973145516877797
29,2015Q2,3.8100980179205752
29,2015Q3,4.494100938378714
29,2015Q4,3.8743022114396553
29,2016Q1,4.21098004086405
29,2016Q2,4.462979575131396
29,2016Q3,3.720094816350784
29,2016Q4,4.507116481460402
29,2017Q1,4.187533387583409
29,2017Q2,4.045115978023151
29,2017Q3,4.374901187791914
29,2017Q4,4.516208732083285
29,2018Q1,4.468586362373967
29,2018Q2,4.257303838503622
29,2018Q3,3.7148519496013606
29,2018Q4,4.1555577133557575
29,2019Q1,4.383304418693506
29,2019Q2,4.402829332936637
29,2019Q3,4.2643641382030415
29,2019Q4,4.266119028762221
29,2020Q1,3.6257711504228274
29,2020Q2,-18.047562594379848
29,2020Q3,-4.994222543739568
29,2020Q4,2.9193614511245682
29,2021Q1,2.6939043941471175
29,2021Q2,2.511895530054102
29,2021Q3,1.0408577888863229
29,2021Q4,0.9707296864017825
29,2022Q1,3.0192877258550666
29,2022Q2,3.3600627251227384
29,2022Q3,-1.2658115837058732
29,2022Q4,2.3983655271519844
29,2023Q1,3.149850319800162
29,2023Q2,3.566855426218493
29,2023Q3,2.9466574168301847
29,2023Q4,1.4094869745227756
30,1980Q1,-1.059290072595732
30,1980Q2,-0.7692156503922583
30,1980Q3,3.7378339718147577
30,1980Q4,3.5996196691903073
30,1981Q1,3.0062175893640983
30,1981Q2,3.6602798832207526
30,1981Q3,2.0959305498457614
30,1981Q4,4.468120313420852
30,1982Q1,2.907404161837329
30,1982Q2,3.402827485470204
30,1982Q3,1.631743066091186
30,1982Q4,-5.700271643874933
30,1983Q1,1.0859877374393427
30,1983Q2,4.428970993837408
30,1983Q3,3.2117327369625777
30,1983Q4,1.4036162118183415
30,1984Q1,2.098109266352276
30,1984Q2,3.205931582627816
30,1984Q3,4.334714908023102
30,1984Q4,3.386391002250304
30,1985Q1,1.6088522369696743
30,1985Q2,0.9056648360069559
30,1985Q3,2.77751317603233
30,1985Q4,4.4582530576140185
30,1986Q1,3.783705288636736
30,1986Q2,2.596567709595559
30,1986Q3,2.8068485455580845
30,1986Q4,3.5687979261570724
30,1987Q1,4.115099494517632
30,1987Q2,2.768385820131124
30,1987Q3,2.9640247267000417
30,1987Q4,3.115055043028928
30,1988Q1,4.47427003905484
30,1988Q2,4.504561310641219
30,1988Q3,1.9690551452996772
30,1988Q4,4.272348379023855
30,1989Q1,4.321640687174653
30,1989Q2,1.9859910850247693
30,1989Q3,4.261164413992028
30,1989Q4,3.851387383764388
30,1990Q1,3.420469505243266
30,1990Q2,2.8512684729071074
30,1990Q3,2.5941372447336635
30,1990Q4,3.093982924638809
30,1991Q1,-2.035768217324958
30,1991Q2,3.1547162022026356
30,1991Q3,3.891402630271007
30,1991Q4,3.2416267998677615
30,1992Q1,2.814803265926753
30,1992Q2,3.769906294291422
30,1992Q3,4.330967770435688
30,1992Q4,2.0882684189597787
30,1993Q1,4.064170408914438
30,1993Q2,4.208955232164888
30,1993Q3,2.0554136002054886
30,1993Q4,3.9388251266239176
30,1994Q1,3.7796017125956665
30,1994Q2,4.287976588333953
30,1994Q3,4.484692558121277
30,1994Q4,3.0579894637263925
30,1995Q1,1.5090092697431636
30,1995Q2,0.6438796253470476
30,1995Q3,-0.34812359563204787
30,1995Q4,3.6195258153241894
30,1996Q1,3.9718789962691505
30,1996Q2,3.763440689334085
30,1996Q3,-0.9350203541700637
30,1996Q4,2.805819783997877
30,1997Q1,3.1464141738635023
30,1997Q2,-0.668534394572033
30,1997Q3,3.89566752138289
30,1997Q4,1.7859164559935392
30,1998Q1,3.3878097106411653
30,1998Q2,3.8973901827419724
30,1998Q3,3.5552449429164805
30,1998Q4,3.0045825300047797
30,1999Q1,4.374516439080454
30,1999Q2,4.382777472999959
30,1999Q3,4.404335662872203
30,1999Q4,3.385655581061024
30,2000Q1,1.7369115110079032
30,2000Q2,3.382024353436761
30,2000Q3,3.6881009905786457
30,2000Q4,3.8227336868553787
30,2001Q1,2.8889552522721513
30,2001Q2,3.7865511424138605
30,2001Q3,4.1873605221783246
30,2001Q4,4.149558051915395
30,2002Q1,3.0139741560757667
30,2002Q2,3.7702563806925546
30,2002Q3,4.434553884520012
30,2002Q4,4.211113173752237
30,2003Q1,4.507119755985046
30,2003Q2,4.476679481586899
30,2003Q3,3.8905610162091606
30,2003Q4,4.169480634047133
30,2004Q1,4.45623008925841
30,2004Q2,4.381466399479657
30,2004Q3,4.414712791128435
30,2004Q4,3.6971831082455786
30,2005Q1,4.39916471041974
30,2005Q2,4.257986006985334
30,2005Q3,4.293417648745086
30,2005Q4,4.404131143104568
30,2006Q1,4.231743149996613
30,2006Q2,2.960239884007118
30,2006Q3,4.051242940815474
30,2006Q4,3.9103834726105102
30,2007Q1,3.5946342995755307
30,2007Q2,4.199181316367619
30,2007Q3,4.204934004672512
30,2007Q4,4.2131528579680175
30,2008Q1,3.3749330170691874
30,2008Q2,3.48193371100377
30,2008Q3,3.328298709237611
30,2008Q4,3.5676945662170763
30,2009Q1,0.5854953313009061
30,2009Q2,1.0174129602146897
30,2009Q3,2.4455520380221505
30,2009Q4,3.3038219922707643
30,2010Q1,4.249262644862697
30,2010Q2,4.016436250058884
30,2010Q3,4.266742514325322
30,2010Q4,4.0440500489895745
30,2011Q1,3.407904575353633
30,2011Q2,4.483577581072287
30,2011Q3,3.4379778697555663
30,2011Q4,3.5539646031125973
30,2012Q1,3.914282686714024
30,2012Q2,4.430577270883128
30,2012Q3,3.904518535136614
30,2012Q4,4.305469441705642
30,2013Q1,4.196060909990027
30,2013Q2,4.389936035899367
30,2013Q3,4.4424381921944285
30,2013Q4,4.516700025829481
30,2014Q1,4.485786181496381
30,2014Q2,4.442062655882017
30,2014Q3,4.100722116340295
30,2014Q4,4.356543884417872
30,2015Q1,4.000749783368591
30,2015Q2,3.8117123986624355
30,2015Q3,4.4963215516889985
30,2015Q4,3.877113435479933
30,2016Q1,4.212248298181952
30,2016Q2,4.4652446372471575
30,2016Q3,3.722245335052148
30,2016Q4,4.509121068236053
30,2017Q1,4.187837391401062
30,2017Q2,4.047632724485096
30,2017Q3,4.376038988368836
30,2017Q4,4.518135034050196
30,2018Q1,4.470622861558139
30,2018Q2,4.259541525890716
30,2018Q3,3.716772466245348
30,2018Q4,4.157295598079423
30,2019Q1,4.384823896893495
30,2019Q2,4.404773726313217
30,2019Q3,4.266142974816915
30,2019Q4,4.268286023744478
30,2020Q1,3.6306422085444603
30,2020Q2,-18.09324714046773
30,2020Q3,-4.963141510482609
30,2020Q4,2.92899623015833
30,2021Q1,2.697508441662892
30,2021Q2,2.5124464875865895
30,2021Q3,1.037306823443786
30,2021Q4,0.9756986414042923
30,2022Q1,3.0162728693008543
30,2022Q2,3.368804635515647
30,2022Q3,-1.2389821842546018
30,2022Q4,2.402123666427055
30,2023Q1,3.1602788509274715
30,2023Q2,3.5712340756161294
30,2023Q3,2.9491289854380778
30,2023Q4,1.4077684576714682
31,1980Q1,-1.0542881973774891
31,1980Q2,-0.7676544516590011
31,1980Q3,3.738268796662238
31,1980Q4,3.6011245887389975
31,1981Q1,3.0058997742987374
31,1981Q2,3.656905351002234
31,1981Q3,2.094684032182667
31,1981Q4,4.468483864358624
31,1982Q1,2.9059224673122914
31,1982Q2,3.3987352116794955
31,1982Q3,1.630546296750997
31,1982Q4,-5.704223264833395
31,1983Q1,1.0754765480872872
31,1983Q2,4.428133689720122
31,1983Q3,3.210080462805364
31,1983Q4,1.407289306690946
31,1984Q1,2.0838916038645063
31,1984Q2,3.2074536025362117
31,1984Q3,4.3349707792142205
31,1984Q4,3.3814503642805613
31,1985Q1,1.603520217849732
31,1985Q2,0.9043254481595704
31,1985Q3,2.7790331266706985
31,1985Q4,4.458687886976733
31,1986Q1,3.785265531225646
31,1986Q2,2.594407285248458
31,1986Q3,2.803424972986623
31,1986Q4,3.5706714484034294
31,1987Q1,4.114329797344192
31,1987Q2,2.770577660395848
31,1987Q3,2.9623092040059795
31,1987Q4,3.1145179262590776
31,1988Q1,4.475366178730836
31,1988Q2,4.505199899683025
31,1988Q3,1.9676028076414998
31,1988Q4,4.2733218315779
31,1989Q1,4.321731017857365
31,1989Q2,1.9827631968982278
31,1989Q3,4.261230889891266
31,1989Q4,3.852436950790508
31,1990Q1,3.4208397348078603
31,1990Q2,2.8470152899641583
31,1990Q3,2.596791788150986
31,1990Q4,3.0921217191776273
31,1991Q1,-2.0544563335713697
31,1991Q2,3.151979998313708
31,1991Q3,3.891284271601799
31,1991Q4,3.2344852862785523
31,1992Q1,2.810104200158106
31,1992Q2,3.7670826706424654
31,1992Q3,4.331499791188247
31,1992Q4,2.0887249849975715
31,1993Q1,4.064257983980614
31,1993Q2,4.208613707721234
31,1993Q3,2.055742234347229
31,1993Q4,3.9412475235917928
31,1994Q1,3.782356710989327
31,1994Q2,4.2895613721218995
31,1994Q3,4.485141389842129
31,1994Q4,3.057997956729733
31,1995Q1,1.5088981799599783
31,1995Q2,0.6455860140138365
31,1995Q3,-0.34579600397842203
31,1995Q4,3.621804089385988
31,1996Q1,3.9720335770920645
31,1996Q2,3.7657811980128217
31,1996Q3,-0.9363219235388707
31,1996Q4,2.807237917300877
31,1997Q1,3.148105662081877
31,1997Q2,-0.6718635026734869
31,1997Q3,3.897284814883326
31,1997Q4,1.7879638562779125
31,1998Q1,3.387023860155451
31,1998Q2,3.8977725349399925
31,1998Q3,3.5566226568526376
31,1998Q4,3.006497132648338
31,1999Q1,4.375420374028963
31,1999Q2,4.383271443334232
31,1999Q3,4.405072994381739
31,1999Q4,3.385849194689626
31,2000Q1,1.7350822056140216
31,2000Q2,3.381917170956938
31,2000Q3,3.6884176526862045
31,2000Q4,3.825018759546014
31,2001Q1,2.889588490846547
31,2001Q2,3.787701814671106
31,2001Q3,4.187658812961841
31,2001Q4,4.1501868509541175
31,2002Q1,3.0139265771383057
31,2002Q2,3.7711814629187814
31,2002Q3,4.435328762431193
31,2002Q4,4.211172327614176
31,2003Q1,4.507614215482704
31,2003Q2,4.477383075286513
31,2003Q3,3.8901137245859374
31,2003Q4,4.169656656178526
31,2004Q1,4.456633354574332
31,2004Q2,4.381447912402559
31,2004Q3,4.4148356438163505
31,2004Q4,3.6963191547429632
31,2005Q1,4.4000346399665675
31,2005Q2,4.257904638578451
31,2005Q3,4.293561385528789
31,2005Q4,4.404943185671794
31,2006Q1,4.232033434046113
31,2006Q2,2.958661726279533
31,2006Q3,4.051513437293818
31,2006Q4,3.910996606147511
31,2007Q1,3.5945949504528687
31,2007Q2,4.199548223283658
31,2007Q3,4.205339745883258
31,2007Q4,4.213102274741989
31,2008Q1,3.3743692771591536
31,2008Q2,3.4832091467396946
31,2008Q3,3.326751389457558
31,2008Q4,3.569249086760571
31,2009Q1,0.5888834631799731
31,2009Q2,1.0173698363921648
31,2009Q3,2.4471631057220677
31,2009Q4,3.30486621362862
31,2010Q1,4.248905117748809
31,2010Q2,4.015707970301991
31,2010Q3,4.2668138016965615
31,2010Q4,4.044566485734042
31,2011Q1,3.407451906598695
31,2011Q2,4.4846721624542285
31,2011Q3,3.439234608145732
31,2011Q4,3.5531517283061866
31,2012Q1,3.9141979821481456
31,2012Q2,4.431318149822357
31,2012Q3,3.9060297638811248
31,2012Q4,4.305776003833575
31,2013Q1,4.195665858905184
31,2013Q2,4.390318433390214
31,2013Q3,4.443039826304021
31,2013Q4,4.5173543724478815
31,2014Q1,4.4865446243619305
31,2014Q2,4.4424180004833795
31,2014Q3,4.100938117733097
31,2014Q4,4.356852209258312
31,2015Q1,4.00189687761867
31,2015Q2,3.8109562960776193
31,2015Q3,4.497262557931982
31,2015Q4,3.877721030785811
31,2016Q1,4.2125692043043035
31,2016Q2,4.465818111107455
31,2016Q3,3.72210552606141
31,2016Q4,4.50993917983321
31,2017Q1,4.187238281651211
31,2017Q2,4.047796439107657
31,2017Q3,4.376087589434093
31,2017Q4,4.518725948827453
31,2018Q1,4.471361715710198
31,2018Q2,4.260123904231462
31,2018Q3,3.7165478822029163
31,2018Q4,4.157165396174699
31,2019Q1,4.385351056883896
31,2019Q2,4.405510374896496
31,2019Q3,4.266637090249303
31,2019Q4,4.268519195226809
31,2020Q1,3.633166057480629
31,2020Q2,-18.100070826857944
31,2020Q3,-4.95313524727473
31,2020Q4,2.93479186850068
31,2021Q1,2.7015061030384664
31,2021Q2,2.5115615785299754
31,2021Q3,1.0307722730328397
31,2021Q4,0.979763754996243
31,2022Q1,3.0161381174205752
31,2022Q2,3.372030326282064
31,2022Q3,-1.22958390134992
31,2022Q4,2.4038503129150697
31,2023Q1,3.1631103546149255
31,2023Q2,3.5704936986180695
31,2023Q3,2.9503803401915514
31,2023Q4,1.409283432210299
32,1980Q1,-1.0549997549735481
32,1980Q2,-0.7625796581098214
32,1980Q3,3.7378258942831533
32,1980Q4,3.6026809670698214
32,1981Q1,3.0041850671254764
32,1981Q2,3.6526397630981213
32,1981Q3,2.0917598262495662
32,1981Q4,4.46779010349713
32,1982Q1,2.9054685068540174
32,1982Q2,3.3943596571760124
32,1982Q3,1.6287025808389686
32,1982Q4,-5.706637633631875
32,1983Q1,1.0662637492408202
32,1983Q2,4.4270433693728215
32,1983Q3,3.2051502329609862
32,1983Q4,1.40913995900934
32,1984Q1,2.0664452304206797
32,1984Q2,3.2111362238684142
32,1984Q3,4.334809295395815
32,1984Q4,3.3757521294266652
32,1985Q1,1.5950001231267001
32,1985Q2,0.903328464181568
32,1985Q3,2.782072084839606
32,1985Q4,4.458712982027065
32,1986Q1,3.787853709521073
32,1986Q2,2.5922660171638574
32,1986Q3,2.8007912115839337
32,1986Q4,3.5724629121338944
32,1987Q1,4.113600760658689
32,1987Q2,2.7714839932956816
32,1987Q3,2.9592867076569687
32,1987Q4,3.1131499788498247
32,1988Q1,4.47624392333237
32,1988Q2,4.505528728732712
32,1988Q3,1.9651877691834878
32,1988Q4,4.273765419031857
32,1989Q1,4.321663203420696
32,1989Q2,1.9797971435442587
32,1989Q3,4.261203712945055
32,1989Q4,3.8531498497273975
32,1990Q1,3.41960725782046
32,1990Q2,2.8419461814414753
32,1990Q3,2.5992921171240533
32,1990Q4,3.0900352069856307
32,1991Q1,-2.0737252646930386
32,1991Q2,3.1518526887475673
32,1991Q3,3.890169931761271
32,1991Q4,3.2274417866283853
32,1992Q1,2.8063574108661147
32,1992Q2,3.7651581313899403
32,1992Q3,4.3319616984690645
32,1992Q4,2.0878523352547242
32,1993Q1,4.0632332330803616
32,1993Q2,4.208451724006609
32,1993Q3,2.0582152589933442
32,1993Q4,3.943949670341814
32,1994Q1,3.7846156477722057
32,1994Q2,4.290745453675043
32,1994Q3,4.485380203961551
32,1994Q4,3.0579848905413325
32,1995Q1,1.5085032471713107
32,1995Q2,0.6492369548216939
32,1995Q3,-0.34048748243577265
32,1995Q4,3.6248804494386024
32,1996Q1,3.971047094188433
32,1996Q2,3.7684255580720096
32,1996Q3,-0.9313472444108299
32,1996Q4,2.8110474564439896
32,1997Q1,3.152174134958302
32,1997Q2,-0.6749253492391478
32,1997Q3,3.8990667604796965
32,1997Q4,1.7947847423180514
32,1998Q1,3.3881315368372884
32,1998Q2,3.8973968199871223
32,1998Q3,3.557735331345976
32,1998Q4,3.0107067063761868
32,1999Q1,4.376486424030897
32,1999Q2,4.383480395272475
32,1999Q3,4.405053095269798
32,1999Q4,3.3862550324052867
32,2000Q1,1.7353478603938606
32,2000Q2,3.3825629519115417
32,2000Q3,3.688910433564116
32,2000Q4,3.8268883841138295
32,2001Q1,2.8909485103935566
32,2001Q2,3.787660994511686
32,2001Q3,4.188134817395815
32,2001Q4,4.150560568386071
32,2002Q1,3.013813186498039
32,2002Q2,3.7715119328922038
32,2002Q3,4.435717526988017
32,2002Q4,4.211034566579626
32,2003Q1,4.507910101045897
32,2003Q2,4.477752384892846
32,2003Q3,3.8900144259210205
32,2003Q4,4.169955315585358
32,2004Q1,4.456919012972275
32,2004Q2,4.381310212699814
32,2004Q3,4.414865195186468
32,2004Q4,3.6957942906794705
32,2005Q1,4.400414052308203
32,2005Q2,4.257660202672096
32,2005Q3,4.293568820060769
32,2005Q4,4.40516957829904
32,2006Q1,4.23209025689685
32,2006Q2,2.9567769800617176
32,2006Q3,4.051552930299128
32,2006Q4,3.911070639265566
32,2007Q1,3.5935266222976323
32,2007Q2,4.200211435309141
32,2007Q3,4.205244298224639
32,2007Q4,4.2128995981599715
32,2008Q1,3.3748281080276836
32,2008Q2,3.485958404097806
32,2008Q3,3.32677276838921
32,2008Q4,3.5700140541069323
32,2009Q1,0.5887581817695162
32,2009Q2,1.0190939051609473
32,2009Q3,2.448664446558294
32,2009Q4,3.305556685057365
32,2010Q1,4.247963866360969
32,2010Q2,4.015183041973498
32,2010Q3,4.266394115163397
32,2010Q4,4.044826430159787
32,2011Q1,3.4062434702362485
32,2011Q2,4.4854691353614085
32,2011Q3,3.439310943617204
32,2011Q4,3.5530150762582102
32,2012Q1,3.9136735471865203
32,2012Q2,4.431524218240118
32,2012Q3,3.9075332534435203
32,2012Q4,4.305850170221588
32,2013Q1,4.195544039641865
32,2013Q2,4.390450684921416
32,2013Q3,4.443435442962436
32,2013Q4,4.517672794167823
32,2014Q1,4.486874582824452
32,2014Q2,4.442623548925698
32,2014Q3,4.10088795837257
32,2014Q4,4.356785346563617
32,2015Q1,4.002843609606745
32,2015Q2,3.809537678397313
32,2015Q3,4.497868575708567
32,2015Q4,3.8778014684045266
32,2016Q1,4.212526181270454
32,2016Q2,4.466101988736976
32,2016Q3,3.7218512786973514
32,2016Q4,4.510424195732198
32,2017Q1,4.186363041409837
32,2017Q2,4.047352129689813
32,2017Q3,4.375979889825869
32,2017Q4,4.519043735787717
32,2018Q1,4.471718581400615
32,2018Q2,4.2603420343077225
32,2018Q3,3.715526486719322
32,2018Q4,4.15681041480019
32,2019Q1,4.385573302272135
32,2019Q2,4.405956580472908
32,2019Q3,4.267046969682934
32,2019Q4,4.268308570367551
32,2020Q1,3.6342739124573966
32,2020Q2,-18.08962697639842
32,2020Q3,-4.944625837549522
32,2020Q4,2.9415096827529874
32,2021Q1,2.7042296521870934
32,2021Q2,2.507893566146826
32,2021Q3,1.0264663853603246
32,2021Q4,0.9819642598268681
32,2022Q1,3.0172935761622517
32,2022Q2,3.374210508436688
32,2022Q3,-1.2246232832936759
32,2022Q4,2.4077731016820625
32,2023Q1,3.1655674928123534
32,2023Q2,3.568514629999812
32,2023Q3,2.952132298154458
32,2023Q4,1.413294186712387
33,1980Q1,-1.0600405286849046
33,1980Q2,-0.75513317913701
33,1980Q3,3.7372277641541345
33,1980Q4,3.6042260228621608
33,1981Q1,3.0019438632510553
33,1981Q2,3.6494831249845503
33,1981Q3,2.087128052302096
33,1981Q4,4.465560545388082
33,1982Q1,2.90276525602377
33,1982Q2,3.394077262552557
33,1982Q3,1.623250563469659
33,1982Q4,-5.722823141107453
33,1983Q1,1.0657336460492433
33,1983Q2,4.427442959860626
33,1983Q3,3.1986189249537347
33,1983Q4,1.4021132267836305
33,1984Q1,2.0576475859739336
33,1984Q2,3.214919338441857
33,1984Q3,4.335160662531188
33,1984Q4,3.374176172050988
33,1985Q1,1.5813728512608143
33,1985Q2,0.9050026545847922
33,1985Q3,2.781603910562403
33,1985Q4,4.458774923924629
33,1986Q1,3.790014207790771
33,1986Q2,2.5876796246650686
33,1986Q3,2.8001426534326024
33,1986Q4,3.5747320323395413
33,1987Q1,4.112378533356986
33,1987Q2,2.7711239188880272
33,1987Q3,2.9564330052049286
33,1987Q4,3.1116754024114464
33,1988Q1,4.476404598486639
33,1988Q2,4.505540466051928
33,1988Q3,1.9605786143403408
33,1988Q4,4.274630487379111
33,1989Q1,4.321174595393866
33,1989Q2,1.9778484617651624
33,1989Q3,4.26192270396591
33,1989Q4,3.852357829819425
33,1990Q1,3.4169093193272957
33,1990Q2,2.8351395590642126
33,1990Q3,2.5992436239373156
33,1990Q4,3.0818151621076657
33,1991Q1,-2.0893546950637134
33,1991Q2,3.1561937980055434
33,1991Q3,3.8885844413196384
33,1991Q4,3.2251730162231764
33,1992Q1,2.8021089327155715
33,1992Q2,3.76617505961288
33,1992Q3,4.33216235084173
33,1992Q4,2.085738195324005
33,1993Q1,4.0607423001013325
33,1993Q2,4.209111806054205
33,1993Q3,2.064467034180756
33,1993Q4,3.947354627004297
33,1994Q1,3.784539708026322
33,1994Q2,4.290377141387696
33,1994Q3,4.485223080385585
33,1994Q4,3.058515663778099
33,1995Q1,1.5074322328697876
33,1995Q2,0.655900327033418
33,1995Q3,-0.32835012615432113
33,1995Q4,3.629989790198482
33,1996Q1,3.968539465741353
33,1996Q2,3.7708651619339952
33,1996Q3,-0.9180754537808413
33,1996Q4,2.8176539079941385
33,1997Q1,3.1595340090577215
33,1997Q2,-0.6774262487179685
33,1997Q3,3.9006864781416564
33,1997Q4,1.8081807991124053
33,1998Q1,3.392582917335701
33,1998Q2,3.896402815247314
33,1998Q3,3.5586835922643862
33,1998Q4,3.017640188865391
33,1999Q1,4.378235398049979
33,1999Q2,4.383198959435402
33,1999Q3,4.404389952090786
33,1999Q4,3.3870133279181727
33,2000Q1,1.739947677087482
33,2000Q2,3.3835508149771845
33,2000Q3,3.690010815235655
33,2000Q4,3.8277100592056517
33,2001Q1,2.8934303055258255
33,2001Q2,3.785497248222638
33,2001Q3,4.18871203857696
33,2001Q4,4.150437738711338
33,2002Q1,3.0129008562077493
33,2002Q2,3.7715090207723323
33,2002Q3,4.435889087800552
33,2002Q4,4.210905234607293
33,2003Q1,4.5080842928147975
33,2003Q2,4.477819348158429
33,2003Q3,3.89030275964186
33,2003Q4,4.170300759955065
33,2004Q1,4.457381573096172
33,2004Q2,4.381519973959872
33,2004Q3,4.414866272502808
33,2004Q4,3.6953672613653494
33,2005Q1,4.400314412113677
33,2005Q2,4.257466553449506
33,2005Q3,4.293514168663842
33,2005Q4,4.40474082462124
33,2006Q1,4.232248158951138
33,2006Q2,2.954985638989435
33,2006Q3,4.051153637716177
33,2006Q4,3.9108464604078055
33,2007Q1,3.59169776999065
33,2007Q2,4.201118354506636
33,2007Q3,4.204894681708893
33,2007Q4,4.212868040283856
33,2008Q1,3.376881108168927
33,2008Q2,3.4913383352254748
33,2008Q3,3.329980886054404
33,2008Q4,3.5690351727794503
33,2009Q1,0.5807039285486155
33,2009Q2,1.0232016097920797
33,2009Q3,2.4511710538836335
33,2009Q4,3.3063553701966426
33,2010Q1,4.246666889489965
33,2010Q2,4.015667106840878
33,2010Q3,4.265524180087164
33,2010Q4,4.0448361788922425
33,2011Q1,3.404607379514044
33,2011Q2,4.48615763466333
33,2011Q3,3.4381274796856647
33,2011Q4,3.5542024198254825
33,2012Q1,3.9127295245875438
33,2012Q2,4.431202214393546
33,2012Q3,3.909209783817946
33,2012Q4,4.305972000531066
33,2013Q1,4.1961728734657795
33,2013Q2,4.390619859568219
33,2013Q3,4.44374911089386
33,2013Q4,4.517678728288906
33,2014Q1,4.486851844852252
33,2014Q2,4.442773567023061
33,2014Q3,4.10033989770366
33,2014Q4,4.35680782209597
33,2015Q1,4.003956674927989
33,2015Q2,3.8079602241673087
33,2015Q3,4.498223861275771
33,2015Q4,3.8773234666389156
33,2016Q1,4.212233152103961
33,2016Q2,4.466196914575216
33,2016Q3,3.7219412306795974
33,2016Q4,4.510637232313229
33,2017Q1,4.185544847113415
33,2017Q2,4.046378740947772
33,2017Q3,4.375926866917849
33,2017Q4,4.519211231803484
33,2018Q1,4.471775023110469
33,2018Q2,4.260280973804929
33,2018Q3,3.7135810571418157
33,2018Q4,4.15646589968396
33,2019Q1,4.385582283951596
33,2019Q2,4.406044319195052
33,2019Q3,4.267827103561937
33,2019Q4,4.267920376118402
33,2020Q1,3.634249630397576
33,2020Q2,-18.087127609782037
33,2020Q3,-4.936744375976369
33,2020Q4,2.944988449095804
33,2021Q1,2.7011267624802904
33,2021Q2,2.4996764710203907
33,2021Q3,1.0205235740739518
33,2021Q4,0.9843179266954314
33,2022Q1,3.0180128337419907
33,2022Q2,3.375553739803312
33,2022Q3,-1.2191337743947752
33,2022Q4,2.415830605643904
33,2023Q1,3.1702838980017534
33,2023Q2,3.566832882326313
33,2023Q3,2.954821292458105
33,2023Q4,1.4203608889131112
34,1980Q1,-1.0592356794023816
34,1980Q2,-0.7438617896050657
34,1980Q3,3.736220524519915
34,1980Q4,3.6062674790644462
34,1981Q1,3.0023632090551784
34,1981Q2,3.6488453163366708
34,1981Q3,2.08498889034097
34,1981Q4,4.462213755125589
34,1982Q1,2.90961702539674
34,1982Q2,3.398469838611616
34,1982Q3,1.6196341548059157
34,1982Q4,-5.723338965969004
34,1983Q1,1.0754672470397573
34,1983Q2,4.425828611629804
34,1983Q3,3.185781553582019
34,1983Q4,1.4015703519283504
34,1984Q1,2.053155060710267
34,1984Q2,3.2258779548882233
34,1984Q3,4.33373270036496
34,1984Q4,3.375506486835589
34,1985Q1,1.5751642122760905
34,1985Q2,0.9123891223762937
34,1985Q3,2.784949271113905
34,1985Q4,4.45818934574723
34,1986Q1,3.7913042668542114
34,1986Q2,2.58930873282325
34,1986Q3,2.8047882526151002
34,1986Q4,3.577448792593936
34,1987Q1,4.112757905174866
34,1987Q2,2.7728162783418684
34,1987Q3,2.954338245774679
34,1987Q4,3.110726988901578
34,1988Q1,4.476724881655756
34,1988Q2,4.505423837524753
34,1988Q3,1.9617406682260006
34,1988Q4,4.273403178082931
34,1989Q1,4.320568320655318
34,1989Q2,1.9806900039994897
34,1989Q3,4.263378756631611
34,1989Q4,3.8541804798792505
34,1990Q1,3.4129345623597143
34,1990Q2,2.8352507820095108
34,1990Q3,2.6004362765177294
34,1990Q4,3.082152784038299
34,1991Q1,-2.082739134637322
34,1991Q2,3.168067886336231
34,1991Q3,3.8830957937404973
34,1991Q4,3.225096479546766
34,1992Q1,2.806765172006807
34,1992Q2,3.7688773099772064
34,1992Q3,4.333407360272261
34,1992Q4,2.0878496922934087
34,1993Q1,4.058599773537038
34,1993Q2,4.208608589506701
34,1993Q3,2.0648867459716183
34,1993Q4,3.9485006377579235
34,1994Q1,3.7845376814218117
34,1994Q2,4.289882007104365
34,1994Q3,4.485296791486146
34,1994Q4,3.057014569572357
34,1995Q1,1.5035564341486132
34,1995Q2,0.655139046982069
34,1995Q3,-0.32955442564925175
34,1995Q4,3.6310814381841117
34,1996Q1,3.964904401734395
34,1996Q2,3.7649747758320835
34,1996Q3,-0.9167519141522407
34,1996Q4,2.815409389243147
34,1997Q1,3.161031542190778
34,1997Q2,-0.6771894732535007
34,1997Q3,3.8961342312888054
34,1997Q4,1.8127442063825
34,1998Q1,3.3970130661690927
34,1998Q2,3.8929183615642344
34,1998Q3,3.5557758816463814
34,1998Q4,3.019780170301523
34,1999Q1,4.378554707169109
34,1999Q2,4.38348321919517
34,1999Q3,4.402348963383189
34,1999Q4,3.3858103824816292
34,2000Q1,1.7412397152222368
34,2000Q2,3.3829386798033045
34,2000Q3,3.6925682053495583
34,2000Q4,3.8287511145346977
34,2001Q1,2.89522761456811
34,2001Q2,3.7839273600032532
34,2001Q3,4.188634286072349
34,2001Q4,4.15028045276043
34,2002Q1,3.011200917304028
34,2002Q2,3.771105886627476
34,2002Q3,4.4346879784126845
34,2002Q4,4.209752388535668
34,2003Q1,4.507882182402028
34,2003Q2,4.477687415585745
34,2003Q3,3.890011105076809
34,2003Q4,4.169881314258997
34,2004Q1,4.457404671125931
34,2004Q2,4.38120093771199
34,2004Q3,4.414485366594359
34,2004Q4,3.695249392630255
34,2005Q1,4.399611618016193
34,2005Q2,4.2576747683448755
34,2005Q3,4.292760389336526
34,2005Q4,4.403510654697764
34,2006Q1,4.2323754610973605
34,2006Q2,2.9549315526755806
34,2006Q3,4.050267185452827
34,2006Q4,3.909830099211028
34,2007Q1,3.589005252216166
34,2007Q2,4.2009761167971975
34,2007Q3,4.203595609764221
34,2007Q4,4.2112024883613675
34,2008Q1,3.37532002390417
34,2008Q2,3.4915441760442754
34,2008Q3,3.330807869542176
34,2008Q4,3.5697206752319057
34,2009Q1,0.5739319249876678
34,2009Q2,1.024823342050217
34,2009Q3,2.4465537707814824
34,2009Q4,3.3032744443033577
34,2010Q1,4.2451641111047556
34,2010Q2,4.016456086723054
34,2010Q3,4.264512779891459
34,2010Q4,4.0437180168470155
34,2011Q1,3.4046737140400025
34,2011Q2,4.485909313108459
34,2011Q3,3.436416120291338
34,2011Q4,3.5556146245122746
34,2012Q1,3.9120967495969876
34,2012Q2,4.429717233894304
34,2012Q3,3.908827523459138
34,2012Q4,4.306396039524721
34,2013Q1,4.196735758447071
34,2013Q2,4.3905523481439745
34,2013Q3,4.443293514830835
34,2013Q4,4.51710655653208
34,2014Q1,4.486327221737916
34,2014Q2,4.4423800129497755
34,2014Q3,4.099597482062139
34,2014Q4,4.35625746080669
34,2015Q1,4.003199143658552
34,2015Q2,3.80711087085467
34,2015Q3,4.497641825975274
34,2015Q4,3.876236981310462
34,2016Q1,4.211139415126412
34,2016Q2,4.465535034649842
34,2016Q3,3.7230365099417666
34,2016Q4,4.509945620376813
34,2017Q1,4.1854505697728115
34,2017Q2,4.0452800001641975
34,2017Q3,4.375690690570611
34,2017Q4,4.518652779161696
34,2018Q1,4.470967051895686
34,2018Q2,4.259768048455372
34,2018Q3,3.7125903065404047
34,2018Q4,4.156673848570954
34,2019Q1,4.384923814737331
34,2019Q2,4.405374773986654
34,2019Q3,4.267750484442104
34,2019Q4,4.267002859563157
34,2020Q1,3.6311567706592642
34,2020Q2,-18.049377087924967
34,2020Q3,-4.938511601840215
34,2020Q4,2.9471373309183733
34,2021Q1,2.697492263781408
34,2021Q2,2.496225114235983
34,2021Q3,1.0322960938637489
34,2021Q4,0.9804544994162678
34,2022Q1,3.0169154307895028
34,2022Q2,3.3702631471892737
34,2022Q3,-1.2302972049637377
34,2022Q4,2.413466552688921
34,2023Q1,3.1702432419553275
34,2023Q2,3.5645956204748153
34,2023Q3,2.950646567386567
34,2023Q4,1.418569043626257
35,1980Q1,-1.0610126132049373
35,1980Q2,-0.7466110531957124
35,1980Q3,3.7366527870554425
35,1980Q4,3.6060398606365625
35,1981Q1,3.0010971005380114
35,1981Q2,3.6500715438374236
35,1981Q3,2.085298038168478
35,1981Q4,4.462221698953921
35,1982Q1,2.9066105199215313
35,1982Q2,3.3995759300056747
35,1982Q3,1.6185530445098308
35,1982Q4,-5.7308545601481935
35,1983Q1,1.0779026497554445
35,1983Q2,4.426989265746317
35,1983Q3,3.188316457268446
35,1983Q4,1.3959182302991535
35,1984Q1,2.0613124644331395
35,1984Q2,3.223342670545472
35,1984Q3,4.334552171574747
35,1984Q4,3.3773317128949714
35,1985Q1,1.5755460510337476
35,1985Q2,0.912634780728542
35,1985Q3,2.7828605689211003
35,1985Q4,4.458131463554409
35,1986Q1,3.7906014582758147
35,1986Q2,2.5877927425912985
35,1986Q3,2.804580581392112
35,1986Q4,3.577207278508481
35,1987Q1,4.1124273067109165
35,1987Q2,2.7722233103268294
35,1987Q3,2.955759013358247
35,1987Q4,3.111355885068342
35,1988Q1,4.475987966790198
35,1988Q2,4.505033092871192
35,1988Q3,1.9591175052790968
35,1988Q4,4.27418008702047
35,1989Q1,4.3204430586933515
35,1989Q2,1.9817107158257112
35,1989Q3,4.263221712665357
35,1989Q4,3.8523782000085
35,1990Q1,3.4134625238268317
35,1990Q2,2.834968335208372
35,1990Q3,2.5982752250479715
35,1990Q4,3.0789614238621095
35,1991Q1,-2.080577533239918
35,1991Q2,3.166874482067864
35,1991Q3,3.883951435448523
35,1991Q4,3.228178382567421
35,1992Q1,2.8050989120097176
35,1992Q2,3.7698945853599937
35,1992Q3,4.332777759355512
35,1992Q4,2.0872186456842514
35,1993Q1,4.057977339578026
35,1993Q2,4.209228449496366
35,1993Q3,2.0664902596621673
35,1993Q4,3.9483761373995945
35,1994Q1,3.7829671027866785
35,1994Q2,4.288945012415709
35,1994Q3,4.484830550267492
35,1994Q4,3.0582108444674736
35,1995Q1,1.5043027254176997
35,1995Q2,0.6566118973353601
35,1995Q3,-0.32406985899434027
35,1995Q4,3.631547193998967
35,1996Q1,3.9654785409100466
35,1996Q2,3.7667534571105463
35,1996Q3,-0.9111116961164258
35,1996Q4,2.8178441281102673
35,1997Q1,3.1627457715851106
35,1997Q2,-0.6752045747558313
35,1997Q3,3.897341873855005
35,1997Q4,1.8155624118684526
35,1998Q1,3.3978350179664663
35,1998Q2,3.8936905948959044
35,1998Q3,3.556803090907949
35,1998Q4,3.0207965766363234
35,1999Q1,4.3788034476194175
35,1999Q2,4.382778770425692
35,1999Q3,4.402587183089546
35,1999Q4,3.386736518476489
35,2000Q1,1.7440783473262895
35,2000Q2,3.3830558574466165
35,2000Q3,3.6914362679437422
35,2000Q4,3.827350645056046
35,2001Q1,2.8959606559488984
35,2001Q2,3.7832574386801125
35,2001Q3,4.188752131366577
35,2001Q4,4.150170202554227
35,2002Q1,3.0107542097255497
35,2002Q2,3.7715290662207233
35,2002Q3,4.434847718304811
35,2002Q4,4.210205642224936
35,2003Q1,4.507676342543856
35,2003Q2,4.477304904639765
35,2003Q3,3.8902176591537434
35,2003Q4,4.170136060180211
35,2004Q1,4.457346544042617
35,2004Q2,4.381526156417344
35,2004Q3,4.414472029451241
35,2004Q4,3.6950106649930428
35,2005Q1,4.3994956929749
35,2005Q2,4.257297069951213
35,2005Q3,4.292964664793896
35,2005Q4,4.403495847442459
35,2006Q1,4.232048501816722
35,2006Q2,2.9544149471520367
35,2006Q3,4.050397033905468
35,2006Q4,3.9103453707810623
35,2007Q1,3.5897200678783903
35,2007Q2,4.201082804708692
35,2007Q3,4.203938285767279
35,2007Q4,4.211815676836186
35,2008Q1,3.376652100286578
35,2008Q2,3.4928936662408967
35,2008Q3,3.332297292467235
35,2008Q4,3.5681958242835545
35,2009Q1,0.5716174464464077
35,2009Q2,1.0269449046179955
35,2009Q3,2.4485126206199066
35,2009Q4,3.303744250106758
35,2010Q1,4.244906529720891
35,2010Q2,4.0165177022573175
35,2010Q3,4.264151993269095
35,2010Q4,4.043777705909448
35,2011Q1,3.4036588481958883
35,2011Q2,4.485864816439691
35,2011Q3,3.436537849555722
35,2011Q4,3.5562526371501333
35,2012Q1,3.9123434904063084
35,2012Q2,4.429813174442044
35,2012Q3,3.9090583056593387
35,2012Q4,4.306260616509738
35,2013Q1,4.196830179428491
35,2013Q2,4.390314269975771
35,2013Q3,4.4432937167671955
35,2013Q4,4.516989881938983
35,2014Q1,4.4862147767871035
35,2014Q2,4.442267736117681
35,2014Q3,4.099563806921841
35,2014Q4,4.356145849748458
35,2015Q1,4.003314405749966
35,2015Q2,3.8066734614345727
35,2015Q3,4.49764767494582
35,2015Q4,3.8759159096225604
35,2016Q1,4.211349643972209
35,2016Q2,4.46535720006171
35,2016Q3,3.7224013282437456
35,2016Q4,4.509926173800543
35,2017Q1,4.185160942781323
35,2017Q2,4.04488031006669
35,2017Q3,4.375490285740108
35,2017Q4,4.518575075730885
35,2018Q1,4.470990552792175
35,2018Q2,4.25950133172749
35,2018Q3,3.7117407489945156
35,2018Q4,4.156232092533104
35,2019Q1,4.384975311593935
35,2019Q2,4.40520073933737
35,2019Q3,4.26785988234006
35,2019Q4,4.266825291730165
35,2020Q1,3.6336203287066393
35,2020Q2,-18.087384904790227
35,2020Q3,-4.938819738549608
35,2020Q4,2.9438268907274585
35,2021Q1,2.6946974027766104
35,2021Q2,2.4950553851063892
35,2021Q3,1.0199894602394206
35,2021Q4,0.9837300801538627
35,2022Q1,3.0167153789680157
35,2022Q2,3.373392122174617
35,2022Q3,-1.2136955476939013
35,2022Q4,2.4177923871496803
35,2023Q1,3.1742587533878512
35,2023Q2,3.566471542972301
35,2023Q3,2.9528426635537666
35,2023Q4,1.4215419911508236
36,1980Q1,-1.058230674928259
36,1980Q2,-0.7501382301685711
36,1980Q3,3.7373377213213654
36,1980Q4,3.6057792289609587
36,1981Q1,3.001763912922106
36,1981Q2,3.65097855478742
36,1981Q3,2.0856970324428734
36,1981Q4,4.462699774267225
36,1982Q1,2.904425036472606
36,1982Q2,3.400435980731955
36,1982Q3,1.6182881015920438
36,1982Q4,-5.736098718012668
36,1983Q1,1.079729585091945
36,1983Q2,4.428127558434419
36,1983Q3,3.191096430608371
36,1983Q4,1.3926390490978302
36,1984Q1,2.0666323522112355
36,1984Q2,3.220778318119801
36,1984Q3,4.335143957938971
36,1984Q4,3.3791851877890298
36,1985Q1,1.5757221304391842
36,1985Q2,0.9122931044785116
36,1985Q3,2.7801909275081758
36,1985Q4,4.458512559416742
36,1986Q1,3.7899258755558964
36,1986Q2,2.5869406601948226
36,1986Q3,2.804233305592086
36,1986Q4,3.5769530060895365
36,1987Q1,4.112383421755931
36,1987Q2,2.7720826022010945
36,1987Q3,2.956597416488796
36,1987Q4,3.1116499673857314
36,1988Q1,4.4759169095274
36,1988Q2,4.5051707877261915
36,1988Q3,1.9586711817872096
36,1988Q4,4.274905560313528
36,1989Q1,4.3205186786186
36,1989Q2,1.9817965637945276
36,1989Q3,4.263238995254692
36,1989Q4,3.851787250630969
36,1990Q1,3.4142306763727457
36,1990Q2,2.8345299648387297
36,1990Q3,2.5974835867420953
36,1990Q4,3.0766464844005013
36,1991Q1,-2.079690586482667
36,1991Q2,3.1659230711881166
36,1991Q3,3.885065538871358
36,1991Q4,3.230281417212285
36,1992Q1,2.803610995881891
36,1992Q2,3.7704931688944785
36,1992Q3,4.33250979530026
36,1992Q4,2.08707896517547
36,1993Q1,4.058402392763249
36,1993Q2,4.209625736029445
36,1993Q3,2.066465148508357
36,1993Q4,3.9481316151395442
36,1994Q1,3.7821493894116136
36,1994Q2,4.288678004553471
36,1994Q3,4.48484090934876
36,1994Q4,3.0585611062969726
36,1995Q1,1.504587787703552
36,1995Q2,0.6565167971124466
36,1995Q3,-0.32293806432137817
36,1995Q4,3.63183492618823
36,1996Q1,3.966014918996719
36,1996Q2,3.7672717064959955
36,1996Q3,-0.9122010433974692
36,1996Q4,2.8178263764808538
36,1997Q1,3.16243698232436
36,1997Q2,-0.6756283696252119
36,1997Q3,3.897907064997685
36,1997Q4,1.815012912048497
36,1998Q1,3.3975466637106226
36,1998Q2,3.894201698982957
36,1998Q3,3.557249308294676
36,1998Q4,3.0203410920026963
36,1999Q1,4.379026868136636
36,1999Q2,4.382802791376313
36,1999Q3,4.403048288402284
36,1999Q4,3.3870998043729585
36,2000Q1,1.7444411206642463
36,2000Q2,3.383238140203531
36,2000Q3,3.6913089945474127
36,2000Q4,3.826836897817749
36,2001Q1,2.895727394836239
36,2001Q2,3.783213928853354
36,2001Q3,4.188669286918294
36,2001Q4,4.150110416456622
36,2002Q1,3.011041188891419
36,2002Q2,3.7719960374642207
36,2002Q3,4.4350869908965995
36,2002Q4,4.2104715937311195
36,2003Q1,4.507854846424434
36,2003Q2,4.477413484623702
36,2003Q3,3.8904040442812953
36,2003Q4,4.17035232263354
36,2004Q1,4.457642634171782
36,2004Q2,4.381978268113536
36,2004Q3,4.414606724782241
36,2004Q4,3.695091726744849
36,2005Q1,4.399612871005465
36,2005Q2,4.257488275345289
36,2005Q3,4.2932075160098355
36,2005Q4,4.403692853992802
36,2006Q1,4.232321787757721
36,2006Q2,2.9546885930529383
36,2006Q3,4.0506716859857415
36,2006Q4,3.9107613010582263
36,2007Q1,3.590212006317011
36,2007Q2,4.201152971389511
36,2007Q3,4.2042409010689
36,2007Q4,4.212347757258074
36,2008Q1,3.3773214755918195
36,2008Q2,3.4932683879450614
36,2008Q3,3.3328822606776587
36,2008Q4,3.5677124307032018
36,2009Q1,0.5712200033250823
36,2009Q2,1.026031845925175
36,2009Q3,2.4496586860377567
36,2009Q4,3.304370565256035
36,2010Q1,4.245338030661474
36,2010Q2,4.016896649193093
36,2010Q3,4.264376244829224
36,2010Q4,4.043851848196019
36,2011Q1,3.4038787760943423
36,2011Q2,4.486064103235503
36,2011Q3,3.4369574022786766
36,2011Q4,3.556193263849543
36,2012Q1,3.912345687589614
36,2012Q2,4.430079258690687
36,2012Q3,3.909087349441923
36,2012Q4,4.306334763791799
36,2013Q1,4.197000110022461
36,2013Q2,4.390569797564405
36,2013Q3,4.443494953543112
36,2013Q4,4.517176961486081
36,2014Q1,4.4864058706832735
36,2014Q2,4.442448369676613
36,2014Q3,4.099671442242768
36,2014Q4,4.356568773019073
36,2015Q1,4.003570950382145
36,2015Q2,3.8071370522249817
36,2015Q3,4.49788714431353
36,2015Q4,3.8761334104273764
36,2016Q1,4.211615736348891
36,2016Q2,4.465586574769445
36,2016Q3,3.7224967859079134
36,2016Q4,4.510167148972075
36,2017Q1,4.185433634826269
36,2017Q2,4.045149260665786
36,2017Q3,4.375660452622307
36,2017Q4,4.518796441865966
36,2018Q1,4.471238372879574
36,2018Q2,4.259724543689415
36,2018Q3,3.712001616777217
36,2018Q4,4.1563411476568435
36,2019Q1,4.385211153493376
36,2019Q2,4.405392824092613
36,2019Q3,4.268135968706857
36,2019Q4,4.26718426486197
36,2020Q1,3.63180417324815
36,2020Q2,-18.077417185409303
36,2020Q3,-4.940537488137563
36,2020Q4,2.9425531063600476
36,2021Q1,2.6940870772703076
36,2021Q2,2.4931644331198584
36,2021Q3,1.0234840766635216
36,2021Q4,0.9849761730914808
36,2022Q1,3.016063156982902
36,2022Q2,3.3707580773942087
36,2022Q3,-1.2275892049888473
36,2022Q4,2.4159623612482326
36,2023Q1,3.170804511582419
36,2023Q2,3.56530797603801
36,2023Q3,2.9528841416697524
36,2023Q4,1.4213015529356086
37,1980Q1,-1.057819111663151
37,1980Q2,-0.7500751770725405
37,1980Q3,3.737315275433118
37,1980Q4,3.6059481076551396
37,1981Q1,3.0018019457151963
37,1981Q2,3.6512207341228757
37,1981Q3,2.08585653657866
37,1981Q4,4.462522580838282
37,1982Q1,2.9053982385263364
37,1982Q2,3.4010104777139736
37,1982Q3,1.6183187647984303
37,1982Q4,-5.734710637921266
37,1983Q1,1.0807338511170101
37,1983Q2,4.427917720858161
37,1983Q3,3.190122403711226
37,1983Q4,1.3931973233830917
37,1984Q1,2.0669334920423705
37,1984Q2,3.2217692188092695
37,1984Q3,4.33498717581205
37,1984Q4,3.3793877778928176
37,1985Q1,1.576102731161534
37,1985Q2,0.9128254637670716
37,1985Q3,2.780592161761913
37,1985Q4,4.458442081578947
37,1986Q1,3.789944919514205
37,1986Q2,2.5874280168960753
37,1986Q3,2.8048613329455527
37,1986Q4,3.5771492339003093
37,1987Q1,4.112542996128299
37,1987Q2,2.7723167283991765
37,1987Q3,2.9565275678399865
37,1987Q4,3.111551837117899
37,1988Q1,4.475972283496547
37,1988Q2,4.505175177258824
37,1988Q3,1.9589152997400996
37,1988Q4,4.274809945303365
37,1989Q1,4.320510088698724
37,1989Q2,1.9823879444633459
37,1989Q3,4.263360177262568
37,1989Q4,3.8519877495120047
37,1990Q1,3.414120090949707
37,1990Q2,2.8351663264336437
37,1990Q3,2.5977080140713387
37,1990Q4,3.0774119508364763
37,1991Q1,-2.077563849008323
37,1991Q2,3.1668746703017647
37,1991Q3,3.8844832766901725
37,1991Q4,3.2304239521459195
37,1992Q1,2.8043857305444284
37,1992Q2,3.7707538370187006
37,1992Q3,4.332664809256076
37,1992Q4,2.087414442092544
37,1993Q1,4.058346918504281
37,1993Q2,4.209532592625264
37,1993Q3,2.065983669655394
37,1993Q4,3.948054726789601
37,1994Q1,3.7822359293945116
37,1994Q2,4.288717052149754
37,1994Q3,4.484882160566492
37,1994Q4,3.0584816084621487
37,1995Q1,1.5042165394874534
37,1995Q2,0.6557730364171213
37,1995Q3,-0.3237343589154662
37,1995Q4,3.631582349032949
37,1996Q1,3.965859941866386
37,1996Q2,3.7664957854629266
37,1996Q3,-0.9129090832365554
37,1996Q4,2.817124795394405
37,1997Q1,3.1621175838703524
37,1997Q2,-0.6755297568575775
37,1997Q3,3.897317230256424
37,1997Q4,1.8146323877065864
37,1998Q1,3.3977695880642003
37,1998Q2,3.89395220250164
37,1998Q3,3.556874164404994
37,1998Q4,3.0201362800733937
37,1999Q1,4.378982414353305
37,1999Q2,4.382845090961997
37,1999Q3,4.402939142655053
37,1999Q4,3.386910389994102
37,2000Q1,1.7444047510852787
37,2000Q2,3.3830723560220832
37,2000Q3,3.691385771596413
37,2000Q4,3.8268637369386376
37,2001Q1,2.8959285956897425
37,2001Q2,3.7832713367057482
37,2001Q3,4.18863722373579
37,2001Q4,4.150123696741497
37,2002Q1,3.010918004056788
37,2002Q2,3.772014116186663
37,2002Q3,4.434970151209878
37,2002Q4,4.2103774956662035
37,2003Q1,4.507838461241289
37,2003Q2,4.477405104461162
37,2003Q3,3.8903380535019547
37,2003Q4,4.17032385736319
37,2004Q1,4.457644171346913
37,2004Q2,4.381981047762962
37,2004Q3,4.414579092338794
37,2004Q4,3.695061843100633
37,2005Q1,4.3995959041657935
37,2005Q2,4.257486781070247
37,2005Q3,4.293152573156883
37,2005Q4,4.403639535276338
37,2006Q1,4.232295767793892
37,2006Q2,2.9546589385017916
37,2006Q3,4.050640343894642
37,2006Q4,3.9107265444682873
37,2007Q1,3.5900547384372423
37,2007Q2,4.201107114418199
37,2007Q3,4.2041520793076
37,2007Q4,4.2122148568141595
37,2008Q1,3.37699290043812
37,2008Q2,3.4929399367785114
37,2008Q3,3.3326969223830774
37,2008Q4,3.56786843898038
37,2009Q1,0.5712269513527111
37,2009Q2,1.0260953351288724
37,2009Q3,2.4490354057246755
37,2009Q4,3.303929834354178
37,2010Q1,4.245199663532463
37,2010Q2,4.016924302313296
37,2010Q3,4.264281309520459
37,2010Q4,4.043743983088423
37,2011Q1,3.403810611491492
37,2011Q2,4.4860407745548825
37,2011Q3,3.436920344098996
37,2011Q4,3.556302434069738
37,2012Q1,3.9124270748641843
37,2012Q2,4.429971886612014
37,2012Q3,3.9089797859592017
37,2012Q4,4.306419832424493
37,2013Q1,4.197029197624236
37,2013Q2,4.390546178414321
37,2013Q3,4.443459099687366
37,2013Q4,4.517149040628361
37,2014Q1,4.486397235317697
37,2014Q2,4.442407528553062
37,2014Q3,4.099688457796132
37,2014Q4,4.356489621934479
37,2015Q1,4.003428830167783
37,2015Q2,3.807033427712482
37,2015Q3,4.4978561351538175
37,2015Q4,3.876045988080636
37,2016Q1,4.211572396953421
37,2016Q2,4.465507502924672
37,2016Q3,3.722502713388882
37,2016Q4,4.510127469105534
37,2017Q1,4.185439650255425
37,2017Q2,4.045056877726694
37,2017Q3,4.375626106212191
37,2017Q4,4.518749444179441
37,2018Q1,4.471191677911255
37,2018Q2,4.259684902768646
37,2018Q3,3.7119427131348313
37,2018Q4,4.1563386547833625
37,2019Q1,4.385194569156921
37,2019Q2,4.405344675892548
37,2019Q3,4.268097434195221
37,2019Q4,4.267089122271052
37,2020Q1,3.632354125249335
37,2020Q2,-18.082222159211184
37,2020Q3,-4.941790641629552
37,2020Q4,2.942360614403265
37,2021Q1,2.6941027641221456
37,2021Q2,2.49379039214377
37,2021Q3,1.022151036276401
37,2021Q4,0.9847741766609834
37,2022Q1,3.015869305046727
37,2022Q2,3.3709878137220475
37,2022Q3,-1.224336749799698
37,2022Q4,2.4156183853810265
37,2023Q1,3.1715964208515155
37,2023Q2,3.565631710197622
37,2023Q3,2.95238073663071
37,2023Q4,1.4207393064804097
38,1980Q1,-1.0559836297598828
38,1980Q2,-0.751232273275722
38,1980Q3,3.737504839780492
38,1980Q4,3.6062907945393397
38,1981Q1,3.0020335462557792
38,1981Q2,3.6517474127563654
38,1981Q3,2.0861959419659337
38,1981Q4,4.462454725532791
38,1982Q1,2.906423312652071
38,1982Q2,3.4019535966769796
38,1982Q3,1.6182566823910083
38,1982Q4,-5.734110360798654
38,1983Q1,1.082183112579945
38,1983Q2,4.4278671446033835
38,1983Q3,3.189247998318416
38,1983Q4,1.3935197232911385
38,1984Q1,2.0682582098114515
38,1984Q2,3.222811037215934
38,1984Q3,4.334941775232949
38,1984Q4,3.379944966333465
38,1985Q1,1.576627665136757
38,1985Q2,0.9134375679358793
38,1985Q3,2.780650914529012
38,1985Q4,4.458479371913689
38,1986Q1,3.7898917999234003
38,1986Q2,2.5880046945598973
38,1986Q3,2.8056400216521107
38,1986Q4,3.577533627357166
38,1987Q1,4.112800756459067
38,1987Q2,2.772883385262525
38,1987Q3,2.956600591575792
38,1987Q4,3.111444734660939
38,1988Q1,4.476163308450316
38,1988Q2,4.505308708666338
38,1988Q3,1.9590679746159938
38,1988Q4,4.274986532421168
38,1989Q1,4.3205530778873005
38,1989Q2,1.9833174485014
38,1989Q3,4.26357545307083
38,1989Q4,3.8522880876703196
38,1990Q1,3.4142546750801834
38,1990Q2,2.835958279145966
38,1990Q3,2.5981275685656104
38,1990Q4,3.078060185551804
38,1991Q1,-2.074666114478294
38,1991Q2,3.167962380233767
38,1991Q3,3.883802773022125
38,1991Q4,3.230831848876803
38,1992Q1,2.804951809267499
38,1992Q2,3.7711794572211934
38,1992Q3,4.332912653515178
38,1992Q4,2.0880192845416743
38,1993Q1,4.058425478318813
38,1993Q2,4.209471951920979
38,1993Q3,2.0649607780890658
38,1993Q4,3.947986215835162
38,1994Q1,3.7824013113038224
38,1994Q2,4.28887078854279
38,1994Q3,4.485017743170308
38,1994Q4,3.0585208735939857
38,1995Q1,1.5037051906015035
38,1995Q2,0.6544282094533669
38,1995Q3,-0.3248439522584343
38,1995Q4,3.6313475685098355
38,1996Q1,3.9658036991303964
38,1996Q2,3.7654243600356567
38,1996Q3,-0.914996290874063
38,1996Q4,2.8158220879975193
38,1997Q1,3.161416190093543
38,1997Q2,-0.6758466755404413
38,1997Q3,3.89654598142695
38,1997Q4,1.8136436089629613
38,1998Q1,3.397930922237411
38,1998Q2,3.8937529435217177
38,1998Q3,3.556441810282582
38,1998Q4,3.019686310305594
38,1999Q1,4.379053809686313
38,1999Q2,4.382993912164718
38,1999Q3,4.403006083551337
38,1999Q4,3.386668578150009
38,2000Q1,1.7443139325673171
38,2000Q2,3.3827962174870443
38,2000Q3,3.6914787729420797
38,2000Q4,3.826998477413965
38,2001Q1,2.8962306227054953
38,2001Q2,3.7834842804263675
38,2001Q3,4.188579276729616
38,2001Q4,4.150197756058102
38,2002Q1,3.010777755678782
38,2002Q2,3.77228511808914
38,2002Q3,4.4349152234169456
38,2002Q4,4.210296715254516
38,2003Q1,4.507931236621052
38,2003Q2,4.47751274153866
38,2003Q3,3.890230115212518
38,2003Q4,4.170369629337618
38,2004Q1,4.457808645225498
38,2004Q2,4.382171240852769
38,2004Q3,4.41459224800362
38,2004Q4,3.6949533638946868
38,2005Q1,4.3997035431536275
38,2005Q2,4.257558701966878
38,2005Q3,4.2931432177910205
38,2005Q4,4.403702383946134
38,2006Q1,4.232379765405754
38,2006Q2,2.9545449586054593
38,2006Q3,4.050690825135048
38,2006Q4,3.9108686463637103
38,2007Q1,3.58994614836047
38,2007Q2,4.201084804100948
38,2007Q3,4.204126730098714
38,2007Q4,4.212191232419387
38,2008Q1,3.3765538889957423
38,2008Q2,3.492526063035591
38,2008Q3,3.3323765415237183
38,2008Q4,3.5682129004850625
38,2009Q1,0.5714218851154702
38,2009Q2,1.0258874732738366
38,2009Q3,2.4483973716878817
38,2009Q4,3.303373401203222
38,2010Q1,4.245081672524175
38,2010Q2,4.017055498009516
38,2010Q3,4.2642112574657824
38,2010Q4,4.043633204357244
38,2011Q1,3.4037224289603
38,2011Q2,4.486166143863828
38,2011Q3,3.437097249383993
38,2011Q4,3.556419540019522
38,2012Q1,3.9126223357824403
38,2012Q2,4.42995489923895
38,2012Q3,3.9088992761271033
38,2012Q4,4.30665480876314
38,2013Q1,4.197113356340994
38,2013Q2,4.390645747029702
38,2013Q3,4.443526961845724
38,2013Q4,4.51723997679408
38,2014Q1,4.486543439384953
38,2014Q2,4.442438225745615
38,2014Q3,4.099816347507831
38,2014Q4,4.356535022878965
38,2015Q1,4.003354838328017
38,2015Q2,3.8069432519762123
38,2015Q3,4.49798290118508
38,2015Q4,3.8760394984003073
38,2016Q1,4.211651242720988
38,2016Q2,4.46550922130236
38,2016Q3,3.7225303551881357
38,2016Q4,4.510228221904637
38,2017Q1,4.185518941707968
38,2017Q2,4.045015742336627
38,2017Q3,4.375639830921627
38,2017Q4,4.518810121115377
38,2018Q1,4.471273640228236
38,2018Q2,4.259763732177386
38,2018Q3,3.7119209564497506
38,2018Q4,4.156383370884874
38,2019Q1,4.385326179259508
38,2019Q2,4.405409136730875
38,2019Q3,4.268180975752029
38,2019Q4,4.267078153170561
38,2020Q1,3.633006012172081
38,2020Q2,-18.088854190533226
38,2020Q3,-4.944305631105458
38,2020Q4,2.9421359278508086
38,2021Q1,2.694396026761873
38,2021Q2,2.4942607903692404
38,2021Q3,1.020203666178039
38,2021Q4,0.9849922319653306
38,2022Q1,3.0153173880864017
38,2022Q2,3.3708012879762688
38,2022Q3,-1.2222350248539229
38,2022Q4,2.4143842018800905
38,2023Q1,3.1720877575481596
38,2023Q2,3.565811363847376
38,2023Q3,2.9515734404138003
38,2023Q4,1.4196906650616392
39,1980Q1,-1.05391242272443
39,1980Q2,-0.753485171859392
39,1980Q3,3.737782899369262
39,1980Q4,3.606727921041397
39,1981Q1,3.002199077843449
39,1981Q2,3.6523154426044018
39,1981Q3,2.086504649698141
39,1981Q4,4.46262034223455
39,1982Q1,2.907127348063248
39,1982Q2,3.402630757966181
39,1982Q3,1.618178552202909
39,1982Q4,-5.734482007543917
39,1983Q1,1.0829722373774593
39,1983Q2,4.428045673378345
39,1983Q3,3.1888862297537592
39,1983Q4,1.3933997618352838
39,1984Q1,2.069928843624839
39,1984Q2,3.2234683228040764
39,1984Q3,4.335093417100793
39,1984Q4,3.380432795132317
39,1985Q1,1.5770912185870873
39,1985Q2,0.9135986575134529
39,1985Q3,2.7805534564415906
39,1985Q4,4.458627031741268
39,1986Q1,3.789904412731918
39,1986Q2,2.5885681770036397
39,1986Q3,2.8061776489913113
39,1986Q4,3.577937885024017
39,1987Q1,4.113109056871748
39,1987Q2,2.7735704075015697
39,1987Q3,2.9568177763835903
39,1987Q4,3.111362521676775
39,1988Q1,4.476473513856005
39,1988Q2,4.505571803874021
39,1988Q3,1.9588511132438602
39,1988Q4,4.275466381065657
39,1989Q1,4.320687465489107
39,1989Q2,1.9842878983786432
39,1989Q3,4.263751280923543
39,1989Q4,3.852605221179596
39,1990Q1,3.4146338047277993
39,1990Q2,2.8365783548074868
39,1990Q3,2.598698095440695
39,1990Q4,3.0784413295765543
39,1991Q1,-2.0724145265985676
39,1991Q2,3.1685026100813998
39,1991Q3,3.8833127938141527
39,1991Q4,3.2312711815427075
39,1992Q1,2.804906777839721
39,1992Q2,3.7715747442544263
39,1992Q3,4.333169883458487
39,1992Q4,2.0886070025488657
39,1993Q1,4.058602406980707
39,1993Q2,4.209515999322832
39,1993Q3,2.06364393177021
39,1993Q4,3.9479527802135777
39,1994Q1,3.78268673644862
39,1994Q2,4.289167938910896
39,1994Q3,4.485230134411384
39,1994Q4,3.058791638940855
39,1995Q1,1.5033663578807817
39,1995Q2,0.6529918280623903
39,1995Q3,-0.32585393194528756
39,1995Q4,3.631252598552413
39,1996Q1,3.965930968083102
39,1996Q2,3.764634246579084
39,1996Q3,-0.9178573987255678
39,1996Q4,2.8144502733829793
39,1997Q1,3.160571580368142
39,1997Q2,-0.676662822906037
39,1997Q3,3.8960089433215908
39,1997Q4,1.8123437675669924
39,1998Q1,3.3978939195147992
39,1998Q2,3.8937750887715996
39,1998Q3,3.556202803680592
39,1998Q4,3.019234243379244
39,1999Q1,4.379277732539776
39,1999Q2,4.383223253877473
39,1999Q3,4.403321811855333
39,1999Q4,3.3865078913564837
39,2000Q1,1.744278541347212
39,2000Q2,3.3825600208894597
39,2000Q3,3.691475767904058
39,2000Q4,3.827295540656387
39,2001Q1,2.896519733761208
39,2001Q2,3.783797518438356
39,2001Q3,4.1885636829377475
39,2001Q4,4.150356714209322
39,2002Q1,3.010681106065598
39,2002Q2,3.7727660832449588
39,2002Q3,4.434993081338262
39,2002Q4,4.2102836518834525
39,2003Q1,4.508150455283309
39,2003Q2,4.477745544860642
39,2003Q3,3.8901397161385822
39,2003Q4,4.170542920174465
39,2004Q1,4.458144533335874
39,2004Q2,4.382560480192958
39,2004Q3,4.4146706186051405
39,2004Q4,3.6947995402747824
39,2005Q1,4.399949742243118
39,2005Q2,4.257694105521289
39,2005Q3,4.29321074134936
39,2005Q4,4.403916441268726
39,2006Q1,4.232567461939676
39,2006Q2,2.9542731028623646
39,2006Q3,4.050832375056442
39,2006Q4,3.9112001689603058
39,2007Q1,3.589947801170573
39,2007Q2,4.2011606430106365
39,2007Q3,4.204196394466288
39,2007Q4,4.212391606969911
39,2008Q1,3.376263561102413
39,2008Q2,3.492275900066992
39,2008Q3,3.332043107716638
39,2008Q4,3.568711557862578
39,2009Q1,0.571721771889611
39,2009Q2,1.0255377745329755
39,2009Q3,2.4480879007950795
39,2009Q4,3.3028814202028283
39,2010Q1,4.245025125474665
39,2010Q2,4.017255737069678
39,2010Q3,4.264206642405549
39,2010Q4,4.043598779062664
39,2011Q1,3.4035586031840097
39,2011Q2,4.486447500400518
39,2011Q3,3.437443220591324
39,2011Q4,3.5565262208097916
39,2012Q1,3.9129189475508372
39,2012Q2,4.430103139821296
39,2012Q3,3.90891263095161
39,2012Q4,4.306991339669632
39,2013Q1,4.197236730378266
39,2013Q2,4.390875055593235
39,2013Q3,4.443726030557795
39,2013Q4,4.517475683235067
39,2014Q1,4.486860803271354
39,2014Q2,4.442570854825536
39,2014Q3,4.100083952482223
39,2014Q4,4.356726192754954
39,2015Q1,4.003424046851806
39,2015Q2,3.8068436104019616
39,2015Q3,4.498296764552816
39,2015Q4,3.876159106225004
39,2016Q1,4.211901607745491
39,2016Q2,4.465642060632961
39,2016Q3,3.7225275079888838
39,2016Q4,4.510502154145237
39,2017Q1,4.185645049055969
39,2017Q2,4.045052942008679
39,2017Q3,4.3757157294748685
39,2017Q4,4.519014061216061
39,2018Q1,4.471517068368814
39,2018Q2,4.259983500869222
39,2018Q3,3.7119087783431626
39,2018Q4,4.1564687196365115
39,2019Q1,4.385639724290512
39,2019Q2,4.405629493583187
39,2019Q3,4.268413877735431
39,2019Q4,4.267187043721732
39,2020Q1,3.6335766474017066
39,2020Q2,-18.094996956108822
39,2020Q3,-4.947691722327429
39,2020Q4,2.9422709482375815
39,2021Q1,2.6951124093646364
39,2021Q2,2.4941424918124397
39,2021Q3,1.0179705489034414
39,2021Q4,0.9854602828031815
39,2022Q1,3.0147358213099165
39,2022Q2,3.370275200193559
39,2022Q3,-1.222386168423168
39,2022Q4,2.412662701605873
39,2023Q1,3.171977746303059
39,2023Q2,3.5656920771787597
39,2023Q3,2.9508752006824137
39,2023Q4,1.4186752104256106
40,1980Q1,-1.0544345133819455
40,1980Q2,-0.7564066293687954
40,1980Q3,3.7377263976615773
40,1980Q4,3.607165214157745
40,1981Q1,3.0016988799384143
40,1981Q2,3.6529063942476063
40,1981Q3,2.086509519339962
40,1981Q4,4.463079087473099
40,1982Q1,2.9080864358525185
40,1982Q2,3.4024341366912827
40,1982Q3,1.6182125990767373
40,1982Q4,-5.735219143310328
40,1983Q1,1.0824146136761592
40,1983Q2,4.428418775716129
40,1983Q3,3.189269693821071
40,1983Q4,1.3934051407619235
40,1984Q1,2.0718620570654087
40,1984Q2,3.2238859546750476
40,1984Q3,4.335427567036488
40,1984Q4,3.3803307804338685
40,1985Q1,1.5780607115445178
40,1985Q2,0.9127750300013648
40,1985Q3,2.7812787710877576
40,1985Q4,4.4587242727732
40,1986Q1,3.7902176908990213
40,1986Q2,2.5897587967816103
40,1986Q3,2.8065935694772066
40,1986Q4,3.5780692268125236
40,1987Q1,4.113564534497271
40,1987Q2,2.774092072101923
40,1987Q3,2.9572493709906533
40,1987Q4,3.11131834624429
40,1988Q1,4.476844850972025
40,1988Q2,4.505903470703241
40,1988Q3,1.9577888052437982
40,1988Q4,4.2761803611464435
40,1989Q1,4.320898581808293
40,1989Q2,1.9856543769581436
40,1989Q3,4.263714099716418
40,1989Q4,3.852992178615597
40,1990Q1,3.41514088399014
40,1990Q2,2.837408278697812
40,1990Q3,2.5995341791467297
40,1990Q4,3.079311995985197
40,1991Q1,-2.0702265940209257
40,1991Q2,3.1682577823116898
40,1991Q3,3.8831005290377956
40,1991Q4,3.231629031640868
40,1992Q1,2.8046362005350045
40,1992Q2,3.771706962893996
40,1992Q3,4.333354068650983
40,1992Q4,2.0887578809307863
40,1993Q1,4.058719898788669
40,1993Q2,4.209608952564742
40,1993Q3,2.062035031122056
40,1993Q4,3.947845536800226
40,1994Q1,3.783262309565735
40,1994Q2,4.289632289830296
40,1994Q3,4.48544675700624
40,1994Q4,3.0597178596324186
40,1995Q1,1.503838968566341
40,1995Q2,0.6519683434250307
40,1995Q3,-0.3266456285194934
40,1995Q4,3.6312365066811356
40,1996Q1,3.966148192116283
40,1996Q2,3.764329190417648
40,1996Q3,-0.920836243514275
40,1996Q4,2.813202791599146
40,1997Q1,3.159509448343412
40,1997Q2,-0.6779300663846195
40,1997Q3,3.8957783912066373
40,1997Q4,1.8106347246845655
40,1998Q1,3.397583020997862
40,1998Q2,3.8942028325508247
40,1998Q3,3.556144386102046
40,1998Q4,3.0189734647361153
40,1999Q1,4.379616284618484
40,1999Q2,4.383442495016109
40,1999Q3,4.403921737178316
40,1999Q4,3.3862727279957197
40,2000Q1,1.7449937805167957
40,2000Q2,3.3822604334917985
40,2000Q3,3.6911649471255283
40,2000Q4,3.828042676681101
40,2001Q1,2.896745658380047
40,2001Q2,3.784009861756102
40,2001Q3,4.188584118328311
40,2001Q4,4.150557957591682
40,2002Q1,3.010449836802131
40,2002Q2,3.773225494189658
40,2002Q3,4.435156265976749
40,2002Q4,4.210225731493276
40,2003Q1,4.508440602732935
40,2003Q2,4.478078037912608
40,2003Q3,3.8899609225234677
40,2003Q4,4.170788723368335
40,2004Q1,4.458629200048542
40,2004Q2,4.383145670726145
40,2004Q3,4.414733166321871
40,2004Q4,3.694479244702358
40,2005Q1,4.400305242605484
40,2005Q2,4.257816190275109
40,2005Q3,4.29321220011615
40,2005Q4,4.404224454206926
40,2006Q1,4.232772880281915
40,2006Q2,2.9536171897992505
40,2006Q3,4.050860058439835
40,2006Q4,3.911582676815655
40,2007Q1,3.5899490986837455
40,2007Q2,4.201312525055935
40,2007Q3,4.204222885595456
40,2007Q4,4.2129403025302405
40,2008Q1,3.376194226578313
40,2008Q2,3.492351211977331
40,2008Q3,3.3317352104474645
40,2008Q4,3.569649021265219
40,2009Q1,0.5715652359604397
40,2009Q2,1.0257800051134511
40,2009Q3,2.4482463281679836
40,2009Q4,3.302291057225238
40,2010Q1,4.2449557656225405
40,2010Q2,4.0175187932820835
40,2010Q3,4.264222209685838
40,2010Q4,4.043701244670703
40,2011Q1,3.403152642646626
40,2011Q2,4.486779163011975
40,2011Q3,3.437623969673871
40,2011Q4,3.5567353118342995
40,2012Q1,3.913469423889227
40,2012Q2,4.430390314252199
40,2012Q3,3.9089433894717276
40,2012Q4,4.307431327070169
40,2013Q1,4.197387269082548
40,2013Q2,4.391203916251275
40,2013Q3,4.443994487256161
40,2013Q4,4.517804376906499
40,2014Q1,4.487337350121145
40,2014Q2,4.442746424174679
40,2014Q3,4.100555853495084
40,2014Q4,4.3570049058069324
40,2015Q1,4.00362592891321
40,2015Q2,3.8065875028462575
40,2015Q3,4.498740248391732
40,2015Q4,3.87640985596203
40,2016Q1,4.212400103090841
40,2016Q2,4.465872300445358
40,2016Q3,3.722398066161925
40,2016Q4,4.5108935036871936
40,2017Q1,4.185799936061824
40,2017Q2,4.045114252720077
40,2017Q3,4.375821399240738
40,2017Q4,4.519322174296749
40,2018Q1,4.471858116232973
40,2018Q2,4.260313936108341
40,2018Q3,3.7117516062284333
40,2018Q4,4.156592637185153
40,2019Q1,4.3861673049714
40,2019Q2,4.40598161818527
40,2019Q3,4.268796940486831
40,2019Q4,4.26736610343425
40,2020Q1,3.6339488526051817
40,2020Q2,-18.09970747083087
40,2020Q3,-4.952907558631486
40,2020Q4,2.9435846478680707
40,2021Q1,2.696592901561364
40,2021Q2,2.4929910082617313
40,2021Q3,1.0153453657715552
40,2021Q4,0.9850494238780434
40,2022Q1,3.0146154800147382
40,2022Q2,3.369527813401044
40,2022Q3,-1.2245543537239296
40,2022Q4,2.4107784197695725
40,2023Q1,3.1712111984385563
40,2023Q2,3.565244525096986
40,2023Q3,2.9506919885739666
40,2023Q4,1.4184095301540491
41,1980Q1,-1.0536028255860952
41,1980Q2,-0.7571295380619087
41,1980Q3,3.7376013456221533
41,1980Q4,3.607339553554028
41,1981Q1,3.001724708803872
41,1981Q2,3.6527767447505886
41,1981Q3,2.085431832854842
41,1981Q4,4.46338864269317
41,1982Q1,2.9088176136740143
41,1982Q2,3.4008461391784666
41,1982Q3,1.619390177968079
41,1982Q4,-5.731768043799459
41,1983Q1,1.0817213445691825
41,1983Q2,4.42891110389977
41,1983Q3,3.188135343221665
41,1983Q4,1.388430044563905
41,1984Q1,2.072190578779111
41,1984Q2,3.223314266046338
41,1984Q3,4.335443424189392
41,1984Q4,3.3805515611923385
41,1985Q1,1.577254853399615
41,1985Q2,0.9107943515127239
41,1985Q3,2.7816325705694
41,1985Q4,4.4589121638818545
41,1986Q1,3.79104510794125
41,1986Q2,2.591763798937656
41,1986Q3,2.806293345445189
41,1986Q4,3.5774700661752865
41,1987Q1,4.114371974074127
41,1987Q2,2.7735826635899925
41,1987Q3,2.9570803183579213
41,1987Q4,3.1106166020261243
41,1988Q1,4.477206207042194
41,1988Q2,4.506208954078868
41,1988Q3,1.9577411895086887
41,1988Q4,4.276385204163324
41,1989Q1,4.3213072897269
41,1989Q2,1.9867642678414552
41,1989Q3,4.26296710565359
41,1989Q4,3.8534461831562052
41,1990Q1,3.4144005185911412
41,1990Q2,2.837071361062921
41,1990Q3,2.6000222506244386
41,1990Q4,3.0796431993265103
41,1991Q1,-2.068603198376895
41,1991Q2,3.167631822270331
41,1991Q3,3.8825692943673746
41,1991Q4,3.233430667958526
41,1992Q1,2.8038014149831
41,1992Q2,3.7731270114930977
41,1992Q3,4.333219018171728
41,1992Q4,2.0888177500194947
41,1993Q1,4.058706796766159
41,1993Q2,4.210222239119934
41,1993Q3,2.0608735828336497
41,1993Q4,3.946782866611981
41,1994Q1,3.782602362613238
41,1994Q2,4.289684859755182
41,1994Q3,4.4856191355615795
41,1994Q4,3.059757573696915
41,1995Q1,1.5044682897497972
41,1995Q2,0.6516665360271348
41,1995Q3,-0.3279482746802058
41,1995Q4,3.6312016671252834
41,1996Q1,3.9662339311167045
41,1996Q2,3.7646196007538855
41,1996Q3,-0.9232480394052276
41,1996Q4,2.813025932400411
41,1997Q1,3.1589356695719726
41,1997Q2,-0.6789497307885171
41,1997Q3,3.8963504460391145
41,1997Q4,1.810309318777696
41,1998Q1,3.3974020494890946
41,1998Q2,3.893880215075527
41,1998Q3,3.556228718889475
41,1998Q4,3.0191190424770733
41,1999Q1,4.379813860324921
41,1999Q2,4.383860418984387
41,1999Q3,4.403976820649112
41,1999Q4,3.3870971746131957
41,2000Q1,1.7452761258035157
41,2000Q2,3.3837790968252026
41,2000Q3,3.691313904625215
41,2000Q4,3.8277645722690616
41,2001Q1,2.8962262427982393
41,2001Q2,3.7835267206572203
41,2001Q3,4.188774854392322
41,2001Q4,4.150695197170988
41,2002Q1,3.0111804852387962
41,2002Q2,3.7737719395014535
41,2002Q3,4.434960229459861
41,2002Q4,4.210210003774628
41,2003Q1,4.508795785646421
41,2003Q2,4.478205119142143
41,2003Q3,3.8907620908505027
41,2003Q4,4.17158707321481
41,2004Q1,4.459228911104241
41,2004Q2,4.383931031443445
41,2004Q3,4.414938955449322
41,2004Q4,3.6953523502166927
41,2005Q1,4.400061566704968
41,2005Q2,4.2582987778167
41,2005Q3,4.293532888914397
41,2005Q4,4.404085680306913
41,2006Q1,4.233195270071806
41,2006Q2,2.953686567275062
41,2006Q3,4.051419076012644
41,2006Q4,3.9118805330510265
41,2007Q1,3.589471792546235
41,2007Q2,4.201872663326883
41,2007Q3,4.203928525503264
41,2007Q4,4.2136841817621224
41,2008Q1,3.377959841026896
41,2008Q2,3.4929834949705145
41,2008Q3,3.332972100920023
41,2008Q4,3.56941451041199
41,2009Q1,0.5701601224989274
41,2009Q2,1.02432479500155
41,2009Q3,2.4480002880162464
41,2009Q4,3.3014717304464005
41,2010Q1,4.2450256042533026
41,2010Q2,4.018193493329776
41,2010Q3,4.264230138832637
41,2010Q4,4.043348133720985
41,2011Q1,3.4030748458606066
41,2011Q2,4.486803465541509
41,2011Q3,3.4374273948168375
41,2011Q4,3.556953287247389
41,2012Q1,3.9130900623288216
41,2012Q2,4.430376958335669
41,2012Q3,3.9084018380645116
41,2012Q4,4.307365146609833
41,2013Q1,4.197730028766143
41,2013Q2,4.39151507570027
41,2013Q3,4.444201135841547
41,2013Q4,4.518000476999261
41,2014Q1,4.487438508125396
41,2014Q2,4.443014134955347
41,2014Q3,4.100892902730484
41,2014Q4,4.357304929002992
41,2015Q1,4.0033646084876935
41,2015Q2,3.806612406264708
41,2015Q3,4.498997964347551
41,2015Q4,3.8763329758474514
41,2016Q1,4.21255916745656
41,2016Q2,4.4661157394784095
41,2016Q3,3.7225657459306998
41,2016Q4,4.511118377172805
41,2017Q1,4.186147385665491
41,2017Q2,4.045027470104849
41,2017Q3,4.375933850324203
41,2017Q4,4.519542018112387
41,2018Q1,4.472002885364938
41,2018Q2,4.260519749196225
41,2018Q3,3.7117834708433697
41,2018Q4,4.156758346690239
41,2019Q1,4.386467633242907
41,2019Q2,4.406271520001467
41,2019Q3,4.269058513890892
41,2019Q4,4.267526716100343
41,2020Q1,3.6341645118032244
41,2020Q2,-18.095733340068232
41,2020Q3,-4.960838773395318
41,2020Q4,2.942473097458472
41,2021Q1,2.696297694856264
41,2021Q2,2.4924634126002028
41,2021Q3,1.0141891912618135
41,2021Q4,0.9853826214446393
41,2022Q1,3.0153895615434356
41,2022Q2,3.3696140469075453
41,2022Q3,-1.224880250058213
41,2022Q4,2.4102920986028025
41,2023Q1,3.1710995862381512
41,2023Q2,3.5652940635654002
41,2023Q3,2.9503130403859665
41,2023Q4,1.417611264410389
42,1980Q1,-1.0568323699271556
42,1980Q2,-0.758093933647662
42,1980Q3,3.737062323762497
42,1980Q4,3.607202118990399
42,1981Q1,3.0006852075375945
42,1981Q2,3.6530694513676183
42,1981Q3,2.0850775757110642
42,1981Q4,4.463856734579157
42,1982Q1,2.909512390659801
42,1982Q2,3.3993950599458556
42,1982Q3,1.6193033652730464
42,1982Q4,-5.734208223469267
42,1983Q1,1.0798515642189535
42,1983Q2,4.429119468820458
42,1983Q3,3.1904545461345126
42,1983Q4,1.3903061977802063
42,1984Q1,2.0738596348039677
42,1984Q2,3.222732468275568
42,1984Q3,4.335608042918546
42,1984Q4,3.3795911522825697
42,1985Q1,1.5792150411399208
42,1985Q2,0.9092186995542093
42,1985Q3,2.7829525310662095
42,1985Q4,4.458629137302094
42,1986Q1,3.7912612553222984
42,1986Q2,2.5931436376775325
42,1986Q3,2.8061647077837675
42,1986Q4,3.5769630291027292
42,1987Q1,4.114453694838221
42,1987Q2,2.773572900822417
42,1987Q3,2.9575892749669146
42,1987Q4,3.1106735338939453
42,1988Q1,4.477154656183301
42,1988Q2,4.506145167508726
42,1988Q3,1.955998780323804
42,1988Q4,4.276787846825135
42,1989Q1,4.321087426480551
42,1989Q2,1.9878109167297797
42,1989Q3,4.262540306766211
42,1989Q4,3.8536349748904684
42,1990Q1,3.4148377473809575
42,1990Q2,2.8378849445354724
42,1990Q3,2.6006430440987964
42,1990Q4,3.080601062396169
42,1991Q1,-2.067591536807698
42,1991Q2,3.166201073476871
42,1991Q3,3.8832492741827727
42,1991Q4,3.232885624793228
42,1992Q1,2.8036603408988956
42,1992Q2,3.7719232083407768
42,1992Q3,4.332893439856449
42,1992Q4,2.0879516784876837
42,1993Q1,4.058661746228328
42,1993Q2,4.209832290946136
42,1993Q3,2.0605234259053185
42,1993Q4,3.9467592303542034
42,1994Q1,3.7832994698539797
42,1994Q2,4.289880341726145
42,1994Q3,4.485393106602173
42,1994Q4,3.061500496283349
42,1995Q1,1.506900773838078
42,1995Q2,0.6532357915489211
42,1995Q3,-0.32660221908088705
42,1995Q4,3.631477990793441
42,1996Q1,3.9662253433228107
42,1996Q2,3.7652438000459716
42,1996Q3,-0.9231370297247743
42,1996Q4,2.8129093004212686
42,1997Q1,3.158152854358743
42,1997Q2,-0.6794341924211027
42,1997Q3,3.896626028123437
42,1997Q4,1.8090480684174177
42,1998Q1,3.3966743650574633
42,1998Q2,3.8948148441238537
42,1998Q3,3.5563512707238387
42,1998Q4,3.019192207783299
42,1999Q1,4.379826108516706
42,1999Q2,4.383622197589145
42,1999Q3,4.404478370820666
42,1999Q4,3.3863704753629476
42,2000Q1,1.7474888930285846
42,2000Q2,3.3829179553503064
42,2000Q3,3.6906685232887133
42,2000Q4,3.828960873068477
42,2001Q1,2.8962464375395696
42,2001Q2,3.7832648821389805
42,2001Q3,4.188423547354924
42,2001Q4,4.15048585831894
42,2002Q1,3.010506400176147
42,2002Q2,3.7735124504468667
42,2002Q3,4.434951438342551
42,2002Q4,4.209774584862225
42,2003Q1,4.508681323947909
42,2003Q2,4.478270339183815
42,2003Q3,3.890036298814115
42,2003Q4,4.171265147513664
42,2004Q1,4.45930079766024
42,2004Q2,4.384058824558311
42,2004Q3,4.414571408064265
42,2004Q4,3.694441358983168
42,2005Q1,4.4001913641715635
42,2005Q2,4.258022630323637
42,2005Q3,4.293012448420732
42,2005Q4,4.404116170145327
42,2006Q1,4.233062953238941
42,2006Q2,2.9527835837441767
42,2006Q3,4.050794805631063
42,2006Q4,3.9117183400961824
42,2007Q1,3.5893490890712116
42,2007Q2,4.201547834879876
42,2007Q3,4.203624230093241
42,2007Q4,4.2142072236484465
42,2008Q1,3.3777827120798283
42,2008Q2,3.493508457668079
42,2008Q3,3.332600662481536
42,2008Q4,3.570678685851802
42,2009Q1,0.569612836037245
42,2009Q2,1.02632295433783
42,2009Q3,2.449307777538543
42,2009Q4,3.301390128380749
42,2010Q1,4.244882603735655
42,2010Q2,4.0181856610332245
42,2010Q3,4.264126477810171
42,2010Q4,4.04360938735821
42,2011Q1,3.4027169125330663
42,2011Q2,4.486727343367023
42,2011Q3,3.4369991140445606
42,2011Q4,3.5569467060799425
42,2012Q1,3.9136663018772824
42,2012Q2,4.430458633571082
42,2012Q3,3.9083474021819273
42,2012Q4,4.3075177087349745
42,2013Q1,4.197586161034526
42,2013Q2,4.391576396419326
42,2013Q3,4.444108011542722
42,2013Q4,4.517955545864483
42,2014Q1,4.487612197816051
42,2014Q2,4.44282760815715
42,2014Q3,4.10112699971244
42,2014Q4,4.357360848578427
42,2015Q1,4.003642158482302
42,2015Q2,3.806303598948407
42,2015Q3,4.499032477330006
42,2015Q4,3.8765834855778145
42,2016Q1,4.212979635022463
42,2016Q2,4.466115307365345
42,2016Q3,3.7223111245005214
42,2016Q4,4.511125547123174
42,2017Q1,4.18611872210369
42,2017Q2,4.045005157316287
42,2017Q3,4.375832310024777
42,2017Q4,4.519527706255382
42,2018Q1,4.471977442667576
42,2018Q2,4.260599743234216
42,2018Q3,3.711455670443333
42,2018Q4,4.156732940096057
42,2019Q1,4.386727387488812
42,2019Q2,4.406328520943386
42,2019Q3,4.269223950213997
42,2019Q4,4.267541272461365
42,2020Q1,3.633543614807095
42,2020Q2,-18.093279957867146
42,2020Q3,-4.9625564344523845
42,2020Q4,2.945184159041414
42,2021Q1,2.698070998424215
42,2021Q2,2.49073278258905
42,2021Q3,1.013771078158923
42,2021Q4,0.9840841637073838
42,2022Q1,3.0158167745288162
42,2022Q2,3.3692113649575357
42,2022Q3,-1.2277192218871198
42,2022Q4,2.4098705911478304
42,2023Q1,3.1698938690980856
42,2023Q2,3.5645940201265933
42,2023Q3,2.9515036478931767
42,2023Q4,1.4195813088618277
43,1980Q1,-1.057433951126007
43,1980Q2,-0.7571944796986898
43,1980Q3,3.7369409633781236
43,1980Q4,3.6070315875284633
43,1981Q1,3.000532896012129
43,1981Q2,3.653019804478639
43,1981Q3,2.0849802765980208
43,1981Q4,4.463809772445105
43,1982Q1,2.9094129584559605
43,1982Q2,3.3989808369864836
43,1982Q3,1.6193285164517106
43,1982Q4,-5.7343227363069165
43,1983Q1,1.0796019271461632
43,1983Q2,4.4290689144044215
43,1983Q3,3.1907697380077975
43,1983Q4,1.3898635695782815
43,1984Q1,2.0742397491469053
43,1984Q2,3.2223613707915337
43,1984Q3,4.335547897893547
43,1984Q4,3.379520617175291
43,1985Q1,1.5795797210523865
43,1985Q2,0.9091870539716904
43,1985Q3,2.783195403062515
43,1985Q4,4.458488885405392
43,1986Q1,3.7912197629658446
43,1986Q2,2.593383501988896
43,1986Q3,2.805936833839823
43,1986Q4,3.5767300825195067
43,1987Q1,4.11439619168813
43,1987Q2,2.773399044985358
43,1987Q3,2.957790136184421
43,1987Q4,3.1108082960154153
43,1988Q1,4.476952755096496
43,1988Q2,4.50597607432413
43,1988Q3,1.9558805242866097
43,1988Q4,4.276616140789467
43,1989Q1,4.320975783854191
43,1989Q2,1.9879170456954003
43,1989Q3,4.26232394971366
43,1989Q4,3.853512454309122
43,1990Q1,3.4146455174927937
43,1990Q2,2.8379045923028583
43,1990Q3,2.6003332056451187
43,1990Q4,3.0805473983668064
43,1991Q1,-2.0673913923658187
43,1991Q2,3.165744520406773
43,1991Q3,3.8833720096582733
43,1991Q4,3.233034006291267
43,1992Q1,2.80366259442103
43,1992Q2,3.7717839708294725
43,1992Q3,4.332678062691715
43,1992Q4,2.0878835452489186
43,1993Q1,4.058493917513807
43,1993Q2,4.209778165722632
43,1993Q3,2.0608490771387866
43,1993Q4,3.9465810910185706
43,1994Q1,3.7830490388062556
43,1994Q2,4.289661116396179
43,1994Q3,4.485216193002726
43,1994Q4,3.06165735008823
43,1995Q1,1.5075056965652252
43,1995Q2,0.6540516765685616
43,1995Q3,-0.32599941072481187
43,1995Q4,3.6314559984229584
43,1996Q1,3.966199490259564
43,1996Q2,3.7655522020041157
43,1996Q3,-0.9220045539504875
43,1996Q4,2.8133372107233208
43,1997Q1,3.158300996787162
43,1997Q2,-0.6787261445926838
43,1997Q3,3.8968113229126384
43,1997Q4,1.8093413063879105
43,1998Q1,3.3966165471528678
43,1998Q2,3.894853547812059
43,1998Q3,3.5564539141017306
43,1998Q4,3.0192804156197868
43,1999Q1,4.379683012888244
43,1999Q2,4.383458493442925
43,1999Q3,4.404352290320974
43,1999Q4,3.386439939327331
43,2000Q1,1.7479516761535074
43,2000Q2,3.382941454698112
43,2000Q3,3.690560658501756
43,2000Q4,3.8288449813195458
43,2001Q1,2.896151024797752
43,2001Q2,3.7830520816615385
43,2001Q3,4.188356462622605
43,2001Q4,4.150394383278299
43,2002Q1,3.010375275805277
43,2002Q2,3.7733781132515842
43,2002Q3,4.434835565657728
43,2002Q4,4.20970017350799
43,2003Q1,4.508530552691015
43,2003Q2,4.4781145409156755
43,2003Q3,3.890001414614918
43,2003Q4,4.17117576065389
43,2004Q1,4.45916037900639
43,2004Q2,4.3839520238015055
43,2004Q3,4.414450315218626
43,2004Q4,3.6943948872839
43,2005Q1,4.400020605525402
43,2005Q2,4.257916763636421
43,2005Q3,4.2929068390219065
43,2005Q4,4.403964452256785
43,2006Q1,4.2329391066900355
43,2006Q2,2.9527971995220312
43,2006Q3,4.050679269628501
43,2006Q4,3.911607449911191
43,2007Q1,3.589358170578334
43,2007Q2,4.201433212535924
43,2007Q3,4.203515295371905
43,2007Q4,4.2142134877597694
43,2008Q1,3.3779758786493934
43,2008Q2,3.4936394625616387
43,2008Q3,3.3327974143559724
43,2008Q4,3.5705211688294662
43,2009Q1,0.5693172456334974
43,2009Q2,1.0268534391911754
43,2009Q3,2.449490270474465
43,2009Q4,3.301402925774485
43,2010Q1,4.244829375759292
43,2010Q2,4.01814617177272
43,2010Q3,4.2640505943671965
43,2010Q4,4.043571413497132
43,2011Q1,3.402737441224385
43,2011Q2,4.486535345712959
43,2011Q3,3.43682383611588
43,2011Q4,3.5569625732826644
43,2012Q1,3.913605206101842
43,2012Q2,4.430350433715735
43,2012Q3,3.9082362357917835
43,2012Q4,4.307354877304766
43,2013Q1,4.197495183296205
43,2013Q2,4.391443281490486
43,2013Q3,4.443967947421996
43,2013Q4,4.5178009455064165
43,2014Q1,4.487450490023152
43,2014Q2,4.442694809059429
43,2014Q3,4.101030617805945
43,2014Q4,4.357242050165363
43,2015Q1,4.003551384027234
43,2015Q2,3.8062856600208885
43,2015Q3,4.4988596638834295
43,2015Q4,3.876487550933224
43,2016Q1,4.21290597768707
43,2016Q2,4.466002106433687
43,2016Q3,3.7222751982263924
43,2016Q4,4.510957167507249
43,2017Q1,4.1860556675389065
43,2017Q2,4.044911231311627
43,2017Q3,4.37573202709616
43,2017Q4,4.519384806670602
43,2018Q1,4.471822254587208
43,2018Q2,4.260457699227076
43,2018Q3,3.7113700510765364
43,2018Q4,4.1566664839562835
43,2019Q1,4.3865973630261035
43,2019Q2,4.406185778259835
43,2019Q3,4.269114930026557
43,2019Q4,4.267440500347663
43,2020Q1,3.6330514984367963
43,2020Q2,-18.08913645529787
43,2020Q3,-4.961889047613427
43,2020Q4,2.9451433129308136
43,2021Q1,2.697629423509869
43,2021Q2,2.490452924552766
43,2021Q3,1.0151688597798252
43,2021Q4,0.9839365815176762
43,2022Q1,3.016027373525762
43,2022Q2,3.3690999858460122
43,2022Q3,-1.2287808833652223
43,2022Q4,2.410279449737954
43,2023Q1,3.169509936679438
43,2023Q2,3.5644679165483257
43,2023Q3,2.951832100895183
43,2023Q4,1.4201693151875143
44,1980Q1,-1.0576353930615205
44,1980Q2,-0.7558985818029011
44,1980Q3,3.736836553550677
44,1980Q4,3.6068614624709934
44,1981Q1,3.000496614742446
44,1981Q2,3.6529251373541323
44,1981Q3,2.084878123249697
44,1981Q4,4.463714928042612
44,1982Q1,2.9093710908254624
44,1982Q2,3.3985331263548444
44,1982Q3,1.6193369956260617
44,1982Q4,-5.734272309277394
44,1983Q1,1.0793061151431163
44,1983Q2,4.428946876814805
44,1983Q3,3.1908814557633214
44,1983Q4,1.389241793317122
44,1984Q1,2.0745033190239965
44,1984Q2,3.2220420040784994
44,1984Q3,4.3354344604137625
44,1984Q4,3.3794878774200567
44,1985Q1,1.5799195901559875
44,1985Q2,0.909316291162019
44,1985Q3,2.7834832755599335
44,1985Q4,4.45833251025619
44,1986Q1,3.791162839204354
44,1986Q2,2.593719702499529
44,1986Q3,2.805651864422481
44,1986Q4,3.576519771654388
44,1987Q1,4.114337972632204
44,1987Q2,2.773285150631355
44,1987Q3,2.9580211709830313
44,1987Q4,3.11097975620101
44,1988Q1,4.476730046669434
44,1988Q2,4.5057845194368085
44,1988Q3,1.9559351604060842
44,1988Q4,4.276364078021271
44,1989Q1,4.320840771010778
44,1989Q2,1.9880290421306395
44,1989Q3,4.2620776769378725
44,1989Q4,3.8534395707424993
44,1990Q1,3.4143442904291326
44,1990Q2,2.837904274658121
44,1990Q3,2.59997180281247
44,1990Q4,3.0804792047979106
44,1991Q1,-2.0671451405531744
44,1991Q2,3.1652773836218433
44,1991Q3,3.8833913217459024
44,1991Q4,3.233186706134076
44,1992Q1,2.8036771582692626
44,1992Q2,3.7716627691254176
44,1992Q3,4.332447365824278
44,1992Q4,2.087987874745752
44,1993Q1,4.05828842630767
44,1993Q2,4.209703479308665
44,1993Q3,2.061155445621826
44,1993Q4,3.9463533689518764
44,1994Q1,3.782727995445907
44,1994Q2,4.289395416242529
44,1994Q3,4.485019385404572
44,1994Q4,3.0617370962334007
44,1995Q1,1.5081586600278065
44,1995Q2,0.6549712899529117
44,1995Q3,-0.3255135847962496
44,1995Q4,3.631413248879077
44,1996Q1,3.9661423206080832
44,1996Q2,3.765794837447552
44,1996Q3,-0.9209169197447942
44,1996Q4,2.8137164189859676
44,1997Q1,3.1584309616837265
44,1997Q2,-0.6778356582402258
44,1997Q3,3.896949239637309
44,1997Q4,1.8096346139962085
44,1998Q1,3.3965587135173374
44,1998Q2,3.894803759745856
44,1998Q3,3.5565317542451447
44,1998Q4,3.0193194070008538
44,1999Q1,4.379496340328476
44,1999Q2,4.38329821810994
44,1999Q3,4.40415502050943
44,1999Q4,3.3865346975263986
44,2000Q1,1.7483409429652697
44,2000Q2,3.3829977402643268
44,2000Q3,3.690527295251576
44,2000Q4,3.8286960562065397
44,2001Q1,2.8960271781262192
44,2001Q2,3.782834889010342
44,2001Q3,4.1882765153577
44,2001Q4,4.150303867889857
44,2002Q1,3.010220089858157
44,2002Q2,3.7732444938891643
44,2002Q3,4.434673042490401
44,2002Q4,4.209600864631707
44,2003Q1,4.508354310935948
44,2003Q2,4.477929457514971
44,2003Q3,3.8899762752059135
44,2003Q4,4.171069393050158
44,2004Q1,4.4589943910043095
44,2004Q2,4.383816657862106
44,2004Q3,4.414308073438544
44,2004Q4,3.694374067416344
44,2005Q1,4.399798108900481
44,2005Q2,4.2578174204955515
44,2005Q3,4.292787919128468
44,2005Q4,4.403768360598477
44,2006Q1,4.23280941352034
44,2006Q2,2.952878723305645
44,2006Q3,4.050561169592342
44,2006Q4,3.911476254893368
44,2007Q1,3.5893548367176744
44,2007Q2,4.201288070153839
44,2007Q3,4.203376117977514
44,2007Q4,4.21417480163575
44,2008Q1,3.3781726987687986
44,2008Q2,3.4937224596838847
44,2008Q3,3.3330109390672376
44,2008Q4,3.5703178772612567
44,2009Q1,0.5690718281909048
44,2009Q2,1.027385610745788
44,2009Q3,2.4495474471100067
44,2009Q4,3.3013630204056517
44,2010Q1,4.244767101633534
44,2010Q2,4.018115621268752
44,2010Q3,4.263965728596933
44,2010Q4,4.043493665900187
44,2011Q1,3.402838859643281
44,2011Q2,4.486302938096687
44,2011Q3,3.4366497645510425
44,2011Q4,3.5569697276965133
44,2012Q1,3.9134930042919405
44,2012Q2,4.4302026017082135
44,2012Q3,3.90808747111647
44,2012Q4,4.307153148742224
44,2013Q1,4.19737938716371
44,2013Q2,4.39128333780395
44,2013Q3,4.443796002628493
44,2013Q4,4.517612662066512
44,2014Q1,4.487246152995606
44,2014Q2,4.442533946865059
44,2014Q3,4.1008979259359455
44,2014Q4,4.357094901564971
44,2015Q1,4.003414093587388
44,2015Q2,3.806296887795476
44,2015Q3,4.498643668984583
44,2015Q4,3.8763621513060063
44,2016Q1,4.212786145512024
44,2016Q2,4.465863654697729
44,2016Q3,3.7222836387132894
44,2016Q4,4.510744533508545
44,2017Q1,4.185991009969915
44,2017Q2,4.044800638408841
44,2017Q3,4.375612169728658
44,2017Q4,4.51920556634056
44,2018Q1,4.471626718654493
44,2018Q2,4.260284011360517
44,2018Q3,3.711310188797511
44,2018Q4,4.156607030617618
44,2019Q1,4.386421023378468
44,2019Q2,4.406005868146639
44,2019Q3,4.2689714371989655
44,2019Q4,4.267315465665347
44,2020Q1,3.632597197712337
44,2020Q2,-18.085179258019167
44,2020Q3,-4.960991053104339
44,2020Q4,2.9448979199110483
44,2021Q1,2.6969738001983448
44,2021Q2,2.4904142830462574
44,2021Q3,1.0168096282837564
44,2021Q4,0.9838707820836157
44,2022Q1,3.016198855468505
44,2022Q2,3.3691305080375575
44,2022Q3,-1.2290438839714701
44,2022Q4,2.4107827431013527
44,2023Q1,3.1693426458653904
44,2023Q2,3.5644683703339366
44,2023Q3,2.952094373512503
44,2023Q4,1.4206411503545953
45,1980Q1,-1.0572817247042297
45,1980Q2,-0.7550479414041966
45,1980Q3,3.736814954601894
45,1980Q4,3.6067715734638863
45,1981Q1,3.0006490503374903
45,1981Q2,3.6528367167346047
45,1981Q3,2.0848413178109126
45,1981Q4,4.463696789007901
45,1982Q1,2.9093101157817394
45,1982Q2,3.3981937629231878
45,1982Q3,1.6192649187767896
45,1982Q4,-5.734539455494543
45,1983Q1,1.078772825861312
45,1983Q2,4.428853912671668
45,1983Q3,3.1909953061674936
45,1983Q4,1.3888698304548317
45,1984Q1,2.0745741424465476
45,1984Q2,3.221790361226015
45,1984Q3,4.335371899090074
45,1984Q4,3.379476809524273
45,1985Q1,1.580118319026306
45,1985Q2,0.9094817876858268
45,1985Q3,2.7836492761656544
45,1985Q4,4.458265029765325
45,1986Q1,3.7910979829084037
45,1986Q2,2.5939873073225606
45,1986Q3,2.80534740375699
45,1986Q4,3.5764478954488026
45,1987Q1,4.1142952398126145
45,1987Q2,2.7733622776956732
45,1987Q3,2.958258807331286
45,1987Q4,3.1111763050526315
45,1988Q1,4.476622044031602
45,1988Q2,4.50569969127468
45,1988Q3,1.9561176212436324
45,1988Q4,4.276215482267534
45,1989Q1,4.320752826806912
45,1989Q2,1.9880386261098177
45,1989Q3,4.2619246690609085
45,1989Q4,3.8534957519236688
45,1990Q1,3.414169520184653
45,1990Q2,2.837857048232582
45,1990Q3,2.59977681367484
45,1990Q4,3.0803595780217083
45,1991Q1,-2.0672521353519784
45,1991Q2,3.164798616837966
45,1991Q3,3.8833921006391146
45,1991Q4,3.2331754605309984
45,1992Q1,2.8035372775783864
45,1992Q2,3.7715004698538137
45,1992Q3,4.332315614979143
45,1992Q4,2.0882555261350575
45,1993Q1,4.0581878896798464
45,1993Q2,4.209630130923866
45,1993Q3,2.061189774738612
45,1993Q4,3.946219802992333
45,1994Q1,3.7825738934453343
45,1994Q2,4.289262573242612
45,1994Q3,4.484918455119282
45,1994Q4,3.061774565974326
45,1995Q1,1.5086764066129827
45,1995Q2,0.6556182322306676
45,1995Q3,-0.32545517823302994
45,1995Q4,3.6314161902679905
45,1996Q1,3.9661204170199045
45,1996Q2,3.7658981729820695
45,1996Q3,-0.9207604016350537
45,1996Q4,2.8137543792977437
45,1997Q1,3.1583623101690055
45,1997Q2,-0.677337084762959
45,1997Q3,3.896998100062764
45,1997Q4,1.809544036454553
45,1998Q1,3.3964120216559612
45,1998Q2,3.894770227879189
45,1998Q3,3.556585834538821
45,1998Q4,3.0192168134106154
45,1999Q1,4.379380976958895
45,1999Q2,4.38324593985354
45,1999Q3,4.4040581790877855
45,1999Q4,3.386563289931644
45,2000Q1,1.7484383234736267
45,2000Q2,3.3829945189322324
45,2000Q3,3.690599433502808
45,2000Q4,3.828712142351737
45,2001Q1,2.8958993159352944
45,2001Q2,3.7827854459374444
45,2001Q3,4.188211754134373
45,2001Q4,4.150278818411538
45,2002Q1,3.010086172707588
45,2002Q2,3.7731948924334033
45,2002Q3,4.434584420706596
45,2002Q4,4.20952248099575
45,2003Q1,4.5082641097573735
45,2003Q2,4.47784927120544
45,2003Q3,3.889926340005647
45,2003Q4,4.170982127929125
45,2004Q1,4.458918030491859
45,2004Q2,4.383746152414055
45,2004Q3,4.414214265575822
45,2004Q4,3.694333563988466
45,2005Q1,4.399680451729093
45,2005Q2,4.257790701431971
45,2005Q3,4.292703740967137
45,2005Q4,4.4036712584883215
45,2006Q1,4.23276745745212
45,2006Q2,2.952976603578319
45,2006Q3,4.05047754895201
45,2006Q4,3.911413157968146
45,2007Q1,3.5893930192445933
45,2007Q2,4.201167400598033
45,2007Q3,4.203300617633273
45,2007Q4,4.214150586793135
45,2008Q1,3.37822758862119
45,2008Q2,3.493712545410686
45,2008Q3,3.333054408909299
45,2008Q4,3.5702801420359975
45,2009Q1,0.5691437497290548
45,2009Q2,1.0276708198903184
45,2009Q3,2.449531850874827
45,2009Q4,3.3013429645681476
45,2010Q1,4.24477366848544
45,2010Q2,4.0181263774283185
45,2010Q3,4.2639609888869145
45,2010Q4,4.043457409996772
45,2011Q1,3.403032319582832
45,2011Q2,4.4861803174056485
45,2011Q3,3.4366119764359526
45,2011Q4,3.556931742647972
45,2012Q1,3.9134292292472903
45,2012Q2,4.430140646716989
45,2012Q3,3.9080116949442623
45,2012Q4,4.307043952399951
45,2013Q1,4.1972826449007306
45,2013Q2,4.391212703656015
45,2013Q3,4.443701507201975
45,2013Q4,4.517517828149946
45,2014Q1,4.487150436232383
45,2014Q2,4.442439815715424
45,2014Q3,4.100822858353072
45,2014Q4,4.357037031514226
45,2015Q1,4.003357828540326
45,2015Q2,3.80637590885578
45,2015Q3,4.498528088717194
45,2015Q4,3.8763376805917535
45,2016Q1,4.212728349634579
45,2016Q2,4.4658083818551475
45,2016Q3,3.7223590931306787
45,2016Q4,4.510627678065854
45,2017Q1,4.185980394084504
45,2017Q2,4.044784189227153
45,2017Q3,4.375555838534162
45,2017Q4,4.519111635281573
45,2018Q1,4.471523147401601
45,2018Q2,4.260209765602202
45,2018Q3,3.711357256325178
45,2018Q4,4.156623486413829
45,2019Q1,4.386326912366983
45,2019Q2,4.405914202171071
45,2019Q3,4.268900812585985
45,2019Q4,4.267275967432655
45,2020Q1,3.63243377499887
45,2020Q2,-18.08420858224324
45,2020Q3,-4.960240979396721
45,2020Q4,2.9446788989308947
45,2021Q1,2.6965662395314913
45,2021Q2,2.4906822890674682
45,2021Q3,1.0178815413382751
45,2021Q4,0.9838990789140851
45,2022Q1,3.0161911349586705
45,2022Q2,3.36933919211143
45,2022Q3,-1.2283559731577167
45,2022Q4,2.411059645133715
45,2023Q1,3.1694926939304704
45,2023Q2,3.564646468536041
45,2023Q3,2.9522081553902817
45,2023Q4,1.420725510739926
46,1980Q1,-1.057882290252481
46,1980Q2,-0.7536389988270304
46,1980Q3,3.7366420304615104
46,1980Q4,3.606918028984385
46,1981Q1,3.0005880859975322
46,1981Q2,3.652597984931085
46,1981Q3,2.0848099737213643
46,1981Q4,4.463540301162653
46,1982Q1,2.9099187427194027
46,1982Q2,3.3978556463517235
46,1982Q3,1.619106539467773
46,1982Q4,-5.733055920406491
46,1983Q1,1.0774379952072932
46,1983Q2,4.428466868122266
46,1983Q3,3.1898366940999985
46,1983Q4,1.3887326941590699
46,1984Q1,2.073457954025099
46,1984Q2,3.222556356583101
46,1984Q3,4.335245723610335
46,1984Q4,3.3790947995767118
46,1985Q1,1.5800886025963212
46,1985Q2,0.9101837036229026
46,1985Q3,2.784790091603713
46,1985Q4,4.458139748887798
46,1986Q1,3.7912809752396126
46,1986Q2,2.5945726836797895
46,1986Q3,2.8051961675321238
46,1986Q4,3.576675221032566
46,1987Q1,4.114367616300783
46,1987Q2,2.7736927579818955
46,1987Q3,2.958530012152636
46,1987Q4,3.1115138490337317
46,1988Q1,4.476581276186648
46,1988Q2,4.5056533569969615
46,1988Q3,1.9564784418128132
46,1988Q4,4.275938737193833
46,1989Q1,4.320752852596714
46,1989Q2,1.988279409643246
46,1989Q3,4.2618357503724855
46,1989Q4,3.8537302200269385
46,1990Q1,3.4137734489042044
46,1990Q2,2.8380600568288656
46,1990Q3,2.5997267615709037
46,1990Q4,3.080854438692625
46,1991Q1,-2.0671400546403706
46,1991Q2,3.164583484028013
46,1991Q3,3.882765890417713
46,1991Q4,3.232849923395821
46,1992Q1,2.8036678099922367
46,1992Q2,3.771492532562048
46,1992Q3,4.332365217383151
46,1992Q4,2.0890248179877187
46,1993Q1,4.057826115395449
46,1993Q2,4.20958742846627
46,1993Q3,2.0607629219182475
46,1993Q4,3.946102594464475
46,1994Q1,3.782614543372662
46,1994Q2,4.289254438663619
46,1994Q3,4.48490872509168
46,1994Q4,3.0616388882510712
46,1995Q1,1.508829788182263
46,1995Q2,0.6558810657870504
46,1995Q3,-0.3262103591534622
46,1995Q4,3.6312567879897757
46,1996Q1,3.9660259429960667
46,1996Q2,3.765695218867256
46,1996Q3,-0.9209333824939652
46,1996Q4,2.8135004516720743
46,1997Q1,3.158336939999625
46,1997Q2,-0.6766785820007879
46,1997Q3,3.896743694382761
46,1997Q4,1.8095263115782405
46,1998Q1,3.3964901290965903
46,1998Q2,3.8944946354061307
46,1998Q3,3.556537312582253
46,1998Q4,3.0191893901842226
46,1999Q1,4.379301618934615
46,1999Q2,4.383265612024874
46,1999Q3,4.403876264614341
46,1999Q4,3.386659301160271
46,2000Q1,1.7482419557430808
46,2000Q2,3.3830376756903515
46,2000Q3,3.6907497342185387
46,2000Q4,3.828803481172561
46,2001Q1,2.895987732620985
46,2001Q2,3.7829332165483853
46,2001Q3,4.188317941174407
46,2001Q4,4.150448078350215
46,2002Q1,3.0098155598349594
46,2002Q2,3.7732081122692818
46,2002Q3,4.434482668572542
46,2002Q4,4.2094825488230025
46,2003Q1,4.508206910624657
46,2003Q2,4.477788274104437
46,2003Q3,3.88994342558875
46,2003Q4,4.17098881845407
46,2004Q1,4.458874932462986
46,2004Q2,4.383705303765201
46,2004Q3,4.414176852892547
46,2004Q4,3.6943652050557687
46,2005Q1,4.399590688041242
46,2005Q2,4.257783868758742
46,2005Q3,4.292671116593056
46,2005Q4,4.4036053389628576
46,2006Q1,4.232688076298991
46,2006Q2,2.953009348435355
46,2006Q3,4.050444058161212
46,2006Q4,3.9114154054411263
46,2007Q1,3.58943442847056
46,2007Q2,4.201135215781072
46,2007Q3,4.203255423883626
46,2007Q4,4.214024217348362
46,2008Q1,3.378134030090201
46,2008Q2,3.4935132722035664
46,2008Q3,3.3329605255457646
46,2008Q4,3.57028821713402
46,2009Q1,0.5694685711096024
46,2009Q2,1.028284588262598
46,2009Q3,2.448839810376365
46,2009Q4,3.3009387309899054
46,2010Q1,4.244650851345054
46,2010Q2,4.018142547871136
46,2010Q3,4.263921445255652
46,2010Q4,4.043381632250862
46,2011Q1,3.403123123014356
46,2011Q2,4.486098401966112
46,2011Q3,3.4366340616993805
46,2011Q4,3.5570760115779616
46,2012Q1,3.913457392403605
46,2012Q2,4.430094219614715
46,2012Q3,3.9080179863313846
46,2012Q4,4.307001041113282
46,2013Q1,4.197178424981024
46,2013Q2,4.391107978573266
46,2013Q3,4.44363963358224
46,2013Q4,4.517467065652318
46,2014Q1,4.487100193731941
46,2014Q2,4.442360542783623
46,2014Q3,4.100811455391648
46,2014Q4,4.35687512797192
46,2015Q1,4.00323138279402
46,2015Q2,3.806292178251537
46,2015Q3,4.498447525983247
46,2015Q4,3.8762718292741383
46,2016Q1,4.212660843689475
46,2016Q2,4.465738109572553
46,2016Q3,3.7224156998055404
46,2016Q4,4.510532553772789
46,2017Q1,4.185906474188332
46,2017Q2,4.04470175007755
46,2017Q3,4.375489193938141
46,2017Q4,4.519029258248303
46,2018Q1,4.471445826188006
46,2018Q2,4.2601214848334426
46,2018Q3,3.7113292847268315
46,2018Q4,4.156672246651633
46,2019Q1,4.386256550363693
46,2019Q2,4.405831396550211
46,2019Q3,4.2688229202156345
46,2019Q4,4.26715745662569
46,2020Q1,3.6319292904290092
46,2020Q2,-18.07780197979927
46,2020Q3,-4.959993197512221
46,2020Q4,2.945081491059502
46,2021Q1,2.6962340874454127
46,2021Q2,2.490683419460577
46,2021Q3,1.0207830778396696
46,2021Q4,0.9830872855474468
46,2022Q1,3.016290592219791
46,2022Q2,3.368734718505277
46,2022Q3,-1.2308943048469025
46,2022Q4,2.4105841093137563
46,2023Q1,3.168864870170923
46,2023Q2,3.564344647438673
46,2023Q3,2.9518921215752894
46,2023Q4,1.4204674082052398
47,1980Q1,-1.0585808542426154
47,1980Q2,-0.7520572524792275
47,1980Q3,3.7364884976108357
47,1980Q4,3.6068908608608283
47,1981Q1,3.0006571069496326
47,1981Q2,3.6522207057454135
47,1981Q3,2.084648265769994
47,1981Q4,4.46365234071703
47,1982Q1,2.90955537049729
47,1982Q2,3.396701176849362
47,1982Q3,1.618618250799087
47,1982Q4,-5.7341885452507135
47,1983Q1,1.0742266155306974
47,1983Q2,4.428290876314981
47,1983Q3,3.1900042205734973
47,1983Q4,1.3876702319393055
47,1984Q1,2.072891874304007
47,1984Q2,3.222073312063369
47,1984Q3,4.33532672718005
47,1984Q4,3.378615160070119
47,1985Q1,1.580086795819911
47,1985Q2,0.9105652757704523
47,1985Q3,2.7857538412010916
47,1985Q4,4.458057698425486
47,1986Q1,3.7913548929235548
47,1986Q2,2.595128770569744
47,1986Q3,2.8041488967924253
47,1986Q4,3.5767550385566778
47,1987Q1,4.1142888552504955
47,1987Q2,2.774110101838997
47,1987Q3,2.9593851496217303
47,1987Q4,3.112299665452421
47,1988Q1,4.4764407929934364
47,1988Q2,4.505601753034465
47,1988Q3,1.9566130126037415
47,1988Q4,4.275786083162382
47,1989Q1,4.320692280546322
47,1989Q2,1.9882045974991698
47,1989Q3,4.261513290251519
47,1989Q4,3.853925988685047
47,1990Q1,3.413471812581587
47,1990Q2,2.8377684734691377
47,1990Q3,2.599344553906784
47,1990Q4,3.080430490106484
47,1991Q1,-2.0688102501057664
47,1991Q2,3.162721638232843
47,1991Q3,3.882681926308364
47,1991Q4,3.2324541598379053
47,1992Q1,2.8026902384374974
47,1992Q2,3.7710190678443496
47,1992Q3,4.3321728755431055
47,1992Q4,2.0899421696489062
47,1993Q1,4.057420266735887
47,1993Q2,4.209558179646599
47,1993Q3,2.0604375281158975
47,1993Q4,3.9459580428664247
47,1994Q1,3.7825580032636874
47,1994Q2,4.289166457317795
47,1994Q3,4.484807402829778
47,1994Q4,3.0618709089964353
47,1995Q1,1.5101047303891693
47,1995Q2,0.6574856599173127
47,1995Q3,-0.32632106350838175
47,1995Q4,3.6314073221299408
47,1996Q1,3.966106665312965
47,1996Q2,3.766251077328313
47,1996Q3,-0.9211165298444222
47,1996Q4,2.8135630375569205
47,1997Q1,3.158252218945629
47,1997Q2,-0.6758711125484025
47,1997Q3,3.897007191280897
47,1997Q4,1.8092568987859483
47,1998Q1,3.39609784594999
47,1998Q2,3.8945586332621716
47,1998Q3,3.5569125521692087
47,1998Q4,3.019113917740425
47,1999Q1,4.379234673554165
47,1999Q2,4.383247883749742
47,1999Q3,4.403867648030492
47,1999Q4,3.3868579969599812
47,2000Q1,1.7483391343913937
47,2000Q2,3.3830585289939368
47,2000Q3,3.690901220957162
47,2000Q4,3.8291465579171797
47,2001Q1,2.895812099826223
47,2001Q2,3.7831003240740024
47,2001Q3,4.188384668815733
47,2001Q4,4.150647854314664
47,2002Q1,3.009366476360789
47,2002Q2,3.7732464905622645
47,2002Q3,4.434469387773999
47,2002Q4,4.2094372633468335
47,2003Q1,4.508139154864335
47,2003Q2,4.47775013893992
47,2003Q3,3.8898705138462133
47,2003Q4,4.170935014096554
47,2004Q1,4.458870375860135
47,2004Q2,4.383722049269683
47,2004Q3,4.414071980230897
47,2004Q4,3.694239199525271
47,2005Q1,4.399507443125833
47,2005Q2,4.257788021046307
47,2005Q3,4.2925827694583685
47,2005Q4,4.403590662905872
47,2006Q1,4.232650128853436
47,2006Q2,2.9530632149116904
47,2006Q3,4.050309141898446
47,2006Q4,3.9114790148524428
47,2007Q1,3.5897472537911734
47,2007Q2,4.201008245281687
47,2007Q3,4.203259377198335
47,2007Q4,4.214119242682225
47,2008Q1,3.378298558914736
47,2008Q2,3.4936139989140003
47,2008Q3,3.332954116453526
47,2008Q4,3.570368450648532
47,2009Q1,0.569951941410415
47,2009Q2,1.029356204557009
47,2009Q3,2.448774039338821
47,2009Q4,3.300860216003861
47,2010Q1,4.244697736683678
47,2010Q2,4.018234975334359
47,2010Q3,4.264019995213961
47,2010Q4,4.04343506519038
47,2011Q1,3.4034992803816575
47,2011Q2,4.486008506437208
47,2011Q3,3.436749701640398
47,2011Q4,3.5571214121780326
47,2012Q1,3.9135114670757245
47,2012Q2,4.4301899488230045
47,2012Q3,3.9081187570407705
47,2012Q4,4.306891349774587
47,2013Q1,4.196956318325304
47,2013Q2,4.391041133963118
47,2013Q3,4.44358257665393
47,2013Q4,4.517433048433267
47,2014Q1,4.487097805312462
47,2014Q2,4.442257665347155
47,2014Q3,4.100809089203742
47,2014Q4,4.356814495881058
47,2015Q1,4.003287708120699
47,2015Q2,3.8063999721542383
47,2015Q3,4.4983846886673415
47,2015Q4,3.8763810783354415
47,2016Q1,4.212713546785911
47,2016Q2,4.465759944012491
47,2016Q3,3.722571797614413
47,2016Q4,4.510448793077952
47,2017Q1,4.185866127180942
47,2017Q2,4.044759878607876
47,2017Q3,4.37544101577303
47,2017Q4,4.518975377975023
47,2018Q1,4.471397190522702
47,2018Q2,4.260092145671333
47,2018Q3,3.711432007333378
47,2018Q4,4.1568220690581255
47,2019Q1,4.386234782564512
47,2019Q2,4.405783042146756
47,2019Q3,4.268819287490032
47,2019Q4,4.267164398962687
47,2020Q1,3.632445878452128
47,2020Q2,-18.084858960195067
47,2020Q3,-4.958468729445977
47,2020Q4,2.9449123046579953
47,2021Q1,2.6955160870702564
47,2021Q2,2.491496433669184
47,2021Q3,1.0209668513043182
47,2021Q4,0.9829290330213611
47,2022Q1,3.016330553397067
47,2022Q2,3.370143598233298
47,2022Q3,-1.2251725522476011
47,2022Q4,2.4117420280568322
47,2023Q1,3.1703953320366214
47,2023Q2,3.5653125025959365
47,2023Q3,2.952400655367227
47,2023Q4,1.420685424069533
48,1980Q1,-1.0579321814612923
48,1980Q2,-0.7524099951465164
48,1980Q3,3.736606543716829
48,1980Q4,3.607018677466329
48,1981Q1,3.0009234816457298
48,1981Q2,3.6522913734953697
48,1981Q3,2.0847426703417433
48,1981Q4,4.463702768047207
48,1982Q1,2.9094349888893127
48,1982Q2,3.3969584428717057
48,1982Q3,1.618329087310315
48,1982Q4,-5.734961134450739
48,1983Q1,1.0738567854807615
48,1983Q2,4.428349718888579
48,1983Q3,3.1898790825204832
48,1983Q4,1.3873760851134112
48,1984Q1,2.073131609022981
48,1984Q2,3.2221414066411747
48,1984Q3,4.335426923475998
48,1984Q4,3.3788415958407496
48,1985Q1,1.5797998037375627
48,1985Q2,0.910906381800241
48,1985Q3,2.78559742735993
48,1985Q4,4.458171539229213
48,1986Q1,3.791319215708741
48,1986Q2,2.595061396739048
48,1986Q3,2.8040966874477293
48,1986Q4,3.577014715314812
48,1987Q1,4.11431312879913
48,1987Q2,2.7744215606455027
48,1987Q3,2.9595910490292088
48,1987Q4,3.1124812366196393
48,1988Q1,4.47653994526205
48,1988Q2,4.505723830453424
48,1988Q3,1.9567914193425646
48,1988Q4,4.275911919667223
48,1989Q1,4.320748751114292
48,1989Q2,1.9882045821260133
48,1989Q3,4.261633279822175
48,1989Q4,3.854050902849428
48,1990Q1,3.413557386290212
48,1990Q2,2.837709116100214
48,1990Q3,2.5993711456911077
48,1990Q4,3.080117756911542
48,1991Q1,-2.068958440842988
48,1991Q2,3.1626274647019335
48,1991Q3,3.882540758349081
48,1991Q4,3.2325054365517367
48,1992Q1,2.8023627266532363
48,1992Q2,3.771116340228545
48,1992Q3,4.33227953801422
48,1992Q4,2.0903733390284933
48,1993Q1,4.057428926783884
48,1993Q2,4.209611664708929
48,1993Q3,2.060019496502818
48,1993Q4,3.946026417109418
48,1994Q1,3.7826375817374087
48,1994Q2,4.2892580353664735
48,1994Q3,4.484914883084555
48,1994Q4,3.0618140790684345
48,1995Q1,1.5099690415156877
48,1995Q2,0.6572556149917825
48,1995Q3,-0.3268364701276196
48,1995Q4,3.631479277387303
48,1996Q1,3.966143168484574
48,1996Q2,3.766038113297913
48,1996Q3,-0.9222658870242988
48,1996Q4,2.8130961477615166
48,1997Q1,3.158039766676896
48,1997Q2,-0.6761648633466777
48,1997Q3,3.8968475373081164
48,1997Q4,1.8088608346833328
48,1998Q1,3.396073872270876
48,1998Q2,3.8945233968725823
48,1998Q3,3.5569092014681813
48,1998Q4,3.018938418039558
48,1999Q1,4.379337243732727
48,1999Q2,4.3833749903359855
48,1999Q3,4.40396737250741
48,1999Q4,3.3868621274798896
48,2000Q1,1.748044821043531
48,2000Q2,3.3830183815175943
48,2000Q3,3.6910779405642464
48,2000Q4,3.8292943897519836
48,2001Q1,2.895852119084493
48,2001Q2,3.7833160675293365
48,2001Q3,4.188443471856142
48,2001Q4,4.150774034254653
48,2002Q1,3.0093052912663323
48,2002Q2,3.773395545475713
48,2002Q3,4.434549705240138
48,2002Q4,4.209482881448774
48,2003Q1,4.508241151337022
48,2003Q2,4.477861678868773
48,2003Q3,3.889878845127167
48,2003Q4,4.1709863036550585
48,2004Q1,4.4590017887629125
48,2004Q2,4.383846662119247
48,2004Q3,4.414134483037812
48,2004Q4,3.6942346849951773
48,2005Q1,4.399611772142795
48,2005Q2,4.257892277009647
48,2005Q3,4.292643613077941
48,2005Q4,4.403700718999985
48,2006Q1,4.2327568940265685
48,2006Q2,2.9531225471196274
48,2006Q3,4.050362886570375
48,2006Q4,3.911604906630278
48,2007Q1,3.5898550173030612
48,2007Q2,4.201038960734774
48,2007Q3,4.203356585224892
48,2007Q4,4.214151562296895
48,2008Q1,3.3781898121105787
48,2008Q2,3.4935222245025943
48,2008Q3,3.332842540170626
48,2008Q4,3.570474126345742
48,2009Q1,0.5702440069836925
48,2009Q2,1.029235359327957
48,2009Q3,2.44857965630545
48,2009Q4,3.3008119483338243
48,2010Q1,4.244775551131327
48,2010Q2,4.018353736741915
48,2010Q3,4.264117070050673
48,2010Q4,4.043461332394657
48,2011Q1,3.4036454356121117
48,2011Q2,4.486139426667398
48,2011Q3,3.4369512748668054
48,2011Q4,3.5571487884754025
48,2012Q1,3.9135787273723746
48,2012Q2,4.430299744895986
48,2012Q3,3.9082269028730763
48,2012Q4,4.307005171689082
48,2013Q1,4.196977872151551
48,2013Q2,4.391139837419333
48,2013Q3,4.4436787067289085
48,2013Q4,4.517545709930723
48,2014Q1,4.487230851313748
48,2014Q2,4.44233119523115
48,2014Q3,4.100878501487244
48,2014Q4,4.356912171010615
48,2015Q1,4.003378940513782
48,2015Q2,3.8064957675711613
48,2015Q3,4.498503273724313
48,2015Q4,3.8764941459809172
48,2016Q1,4.2127911492061
48,2016Q2,4.46585722706261
48,2016Q3,3.7226845266170514
48,2016Q4,4.510556064758505
48,2017Q1,4.185931662065185
48,2017Q2,4.044865467945452
48,2017Q3,4.375515165281385
48,2017Q4,4.519073911513719
48,2018Q1,4.471506974079523
48,2018Q2,4.260201751693756
48,2018Q3,3.711556515637059
48,2018Q4,4.156943169330726
48,2019Q1,4.386334453186688
48,2019Q2,4.405874953510186
48,2019Q3,4.268921164715799
48,2019Q4,4.267262122947098
48,2020Q1,3.632555058085776
48,2020Q2,-18.086935697473294
48,2020Q3,-4.958582871988316
48,2020Q4,2.944817429995291
48,2021Q1,2.695475402924658
48,2021Q2,2.491672050874749
48,2021Q3,1.0211845275340377
48,2021Q4,0.982956218311656
48,2022Q1,3.0160417710626968
48,2022Q2,3.3700095046371414
48,2022Q3,-1.2254910345679786
48,2022Q4,2.4112871049111804
48,2023Q1,3.1704710058162053
48,2023Q2,3.5654190693547063
48,2023Q3,2.952134304532374
48,2023Q4,1.420137418252927
49,1980Q1,-1.061314109564882
49,1980Q2,-0.7533729744748774
49,1980Q3,3.736339308687063
49,1980Q4,3.6072278161730846
49,1981Q1,3.0009124593873233
49,1981Q2,3.6527362488868063
49,1981Q3,2.0846641390272707
49,1981Q4,4.463650582606919
49,1982Q1,2.90990271534009
49,1982Q2,3.398093868802621
49,1982Q3,1.6172736242288797
49,1982Q4,-5.73612253217572
49,1983Q1,1.0734884563284193
49,1983Q2,4.428746333878267
49,1983Q3,3.189437164728224
49,1983Q4,1.3869292498761672
49,1984Q1,2.0743584693686787
49,1984Q2,3.2230597109864374
49,1984Q3,4.335755117742937
49,1984Q4,3.3795301318049087
49,1985Q1,1.5786870946744531
49,1985Q2,0.9119285031899871
49,1985Q3,2.7860811237304617
49,1985Q4,4.4583870108991945
49,1986Q1,3.7916293295383796
49,1986Q2,2.5952101731411688
49,1986Q3,2.8048578989263278
49,1986Q4,3.5775738466525993
49,1987Q1,4.1146316633963655
49,1987Q2,2.7744930870603515
49,1987Q3,2.960043746449208
49,1987Q4,3.112921987404269
49,1988Q1,4.476762264330738
49,1988Q2,4.506047643241557
49,1988Q3,1.956830496716044
49,1988Q4,4.276201021463157
49,1989Q1,4.320965488462842
49,1989Q2,1.988803642713595
49,1989Q3,4.262122988042102
49,1989Q4,3.8542181524825545
49,1990Q1,3.413611686311232
49,1990Q2,2.8381684405771033
49,1990Q3,2.5993995762263173
49,1990Q4,3.0798354775626544
49,1991Q1,-2.067258075774906
49,1991Q2,3.163473200600135
49,1991Q3,3.882154957703011
49,1991Q4,3.233334845293295
49,1992Q1,2.802465415960963
49,1992Q2,3.771843258442744
49,1992Q3,4.332618426937031
49,1992Q4,2.0907138173374435
49,1993Q1,4.057118182414661
49,1993Q2,4.20989844862687
49,1993Q3,2.058858760792205
49,1993Q4,3.9461231224750852
49,1994Q1,3.782890959276625
49,1994Q2,4.289488708783873
49,1994Q3,4.485256477504292
49,1994Q4,3.061902194542591
49,1995Q1,1.5093826020800214
49,1995Q2,0.6565062904762908
49,1995Q3,-0.32831968458033156
49,1995Q4,3.631656370804304
49,1996Q1,3.9658723637309032
49,1996Q2,3.765090789773427
49,1996Q3,-0.9245291481388511
49,1996Q4,2.8118293762763384
49,1997Q1,3.1575957821733978
49,1997Q2,-0.677582335026254
49,1997Q3,3.8960652087476575
49,1997Q4,1.8082807538041514
49,1998Q1,3.396637799289248
49,1998Q2,3.8943897661312366
49,1998Q3,3.5565911125617
49,1998Q4,3.0188766333550987
49,1999Q1,4.37974708615898
49,1999Q2,4.383660479585346
49,1999Q3,4.404240976719792
49,1999Q4,3.3866943809717682
49,2000Q1,1.7481835780401793
49,2000Q2,3.38293097025319
49,2000Q3,3.691509165394877
49,2000Q4,3.82978403817617
49,2001Q1,2.896195621398867
49,2001Q2,3.7836231140219687
49,2001Q3,4.188755081097702
49,2001Q4,4.151069763532163
49,2002Q1,3.0090908794224207
49,2002Q2,3.7733850590489366
49,2002Q3,4.4347427857669075
49,2002Q4,4.2095699262906585
49,2003Q1,4.508543199089357
49,2003Q2,4.478171991092732
49,2003Q3,3.8900052955480944
49,2003Q4,4.1711906706952995
49,2004Q1,4.459481898946836
49,2004Q2,4.384355449487998
49,2004Q3,4.4143384849087415
49,2004Q4,3.6943295490900017
49,2005Q1,4.399889710369574
49,2005Q2,4.258192060157723
49,2005Q3,4.292757239783671
49,2005Q4,4.403934348762763
49,2006Q1,4.233010578418379
49,2006Q2,2.953233045408304
49,2006Q3,4.050328351317388
49,2006Q4,3.9117327604662386
49,2007Q1,3.58989639973149
49,2007Q2,4.2012398459757
49,2007Q3,4.203528552175953
49,2007Q4,4.21438332825751
49,2008Q1,3.3780662985960523
49,2008Q2,3.493572922167661
49,2008Q3,3.332966843422957
49,2008Q4,3.57079547126202
49,2009Q1,0.5696434288885168
49,2009Q2,1.0297110450401492
49,2009Q3,2.447870388429039
49,2009Q4,3.3005000639070143
49,2010Q1,4.2449973371198935
49,2010Q2,4.018993160107603
49,2010Q3,4.264384859361964
49,2010Q4,4.043561860199466
49,2011Q1,3.403773263399548
49,2011Q2,4.486461580098942
49,2011Q3,3.4369621830416923
49,2011Q4,3.55765033484215
49,2012Q1,3.9139434891194416
49,2012Q2,4.43056404158057
49,2012Q3,3.9085536712087507
49,2012Q4,4.30745947681702
49,2013Q1,4.197244675590296
49,2013Q2,4.39145005218469
49,2013Q3,4.443954344720092
49,2013Q4,4.517857668922625
49,2014Q1,4.487641605903043
49,2014Q2,4.442569150382988
49,2014Q3,4.10118683814259
49,2014Q4,4.357173526327609
49,2015Q1,4.003691471989975
49,2015Q2,3.806660804039521
49,2015Q3,4.498801746611704
49,2015Q4,3.8768552287267948
49,2016Q1,4.213101928844433
49,2016Q2,4.4661310329517985
49,2016Q3,3.7229499822646117
49,2016Q4,4.510842335876425
49,2017Q1,4.18617972987028
49,2017Q2,4.045164344142808
49,2017Q3,4.375812535955442
49,2017Q4,4.519375379414082
49,2018Q1,4.471786407636095
49,2018Q2,4.260532095171562
49,2018Q3,3.7117570926204486
49,2018Q4,4.157401344548508
49,2019Q1,4.386700964476918
49,2019Q2,4.406141072446052
49,2019Q3,4.269316079436962
49,2019Q4,4.267545639201564
49,2020Q1,3.6330615150222973
49,2020Q2,-18.09721494938058
49,2020Q3,-4.961113237051075
49,2020Q4,2.94483400699656
49,2021Q1,2.6953564874582208
49,2021Q2,2.4918214359783617
49,2021Q3,1.0202318737638478
49,2021Q4,0.9809576731510936
49,2022Q1,3.0156549372948502
49,2022Q2,3.3696610749406304
49,2022Q3,-1.2248359651899028
49,2022Q4,2.41059069880051
49,2023Q1,3.1714134916420074
49,2023Q2,3.5661289108608747
49,2023Q3,2.951475136780139
49,2023Q4,1.4189686606230887
50,1980Q1,-1.0609620308437728
50,1980Q2,-0.7533242319971301
50,1980Q3,3.736417643204809
50,1980Q4,3.607134904670013
50,1981Q1,3.0013565311699284
50,1981Q2,3.6527320681153066
50,1981Q3,2.0845854258877226
50,1981Q4,4.463720399569985
50,1982Q1,2.9092424344811922
50,1982Q2,3.39818574835705
50,1982Q3,1.6168978212799856
50,1982Q4,-5.737797300198235
50,1983Q1,1.0730599005773986
50,1983Q2,4.429034176836628
50,1983Q3,3.1901048012513
50,1983Q4,1.3860776113994082
50,1984Q1,2.0749115014856896
50,1984Q2,3.2224051990751295
50,1984Q3,4.335902123367818
50,1984Q4,3.3799855687634306
50,1985Q1,1.5780114439067634
50,1985Q2,0.912147567208053
50,1985Q3,2.785505319241236
50,1985Q4,4.45854054793
50,1986Q1,3.7915628718345378
50,1986Q2,2.5949252130822655
50,1986Q3,2.8045580847926326
50,1986Q4,3.5776396770567223
50,1987Q1,4.1145885676748994
50,1987Q2,2.7744826427383726
50,1987Q3,2.960289078558803
50,1987Q4,3.113153303819966
50,1988Q1,4.476769886945183
50,1988Q2,4.506129937133541
50,1988Q3,1.9570634849518198
50,1988Q4,4.276296695474833
50,1989Q1,4.320968855846688
50,1989Q2,1.9885364806996102
50,1989Q3,4.262175214269831
50,1989Q4,3.854203920020561
50,1990Q1,3.4136517337492
50,1990Q2,2.837744566967543
50,1990Q3,2.599211253017314
50,1990Q4,3.0788482707269473
50,1991Q1,-2.0679728629930914
50,1991Q2,3.163094563201007
50,1991Q3,3.8824574074063456
50,1991Q4,3.233684894543752
50,1992Q1,2.8018222598506926
50,1992Q2,3.771923855602317
50,1992Q3,4.332549364755913
50,1992Q4,2.090827029156275
50,1993Q1,4.057133198132951
50,1993Q2,4.209994103676975
50,1993Q3,2.0587431274716623
50,1993Q4,3.9461061639327633
50,1994Q1,3.7827508861325327
50,1994Q2,4.289441461976053
50,1994Q3,4.485301807823013
50,1994Q4,3.0618260281351586
50,1995Q1,1.5095029688338748
50,1995Q2,0.6568543665906734
50,1995Q3,-0.32844751969140074
50,1995Q4,3.631910292506051
50,1996Q1,3.9658486934209374
50,1996Q2,3.7651066367109842
50,1996Q3,-0.9253838568800727
50,1996Q4,2.811624189836124
50,1997Q1,3.1574530862324903
50,1997Q2,-0.6780281826278856
50,1997Q3,3.896111139757591
50,1997Q4,1.8080703734732926
50,1998Q1,3.396550412828189
50,1998Q2,3.894398976324594
50,1998Q3,3.5566818032204717
50,1998Q4,3.0187566618722315
50,1999Q1,4.379835740400721
50,1999Q2,4.3837445630533045
50,1999Q3,4.4043293610001735
50,1999Q4,3.3867645249763747
50,2000Q1,1.7480454569492148
50,2000Q2,3.383032616404485
50,2000Q3,3.691784302467961
50,2000Q4,3.8298778960337136
50,2001Q1,2.8960092855064286
50,2001Q2,3.7836672707000147
50,2001Q3,4.188772427974878
50,2001Q4,4.151094044845155
50,2002Q1,3.009150201596029
50,2002Q2,3.7733956861591613
50,2002Q3,4.434809179090452
50,2002Q4,4.209590231778646
50,2003Q1,4.508618246174462
50,2003Q2,4.478247936285131
50,2003Q3,3.890080358530298
50,2003Q4,4.171216864989261
50,2004Q1,4.4596151552750785
50,2004Q2,4.38448537234739
50,2004Q3,4.414367309874753
50,2004Q4,3.69440327657232
50,2005Q1,4.399905265143608
50,2005Q2,4.2583262770174235
50,2005Q3,4.292794067866393
50,2005Q4,4.403971280976132
50,2006Q1,4.2331532548367194
50,2006Q2,2.953485946052907
50,2006Q3,4.0503415289918845
50,2006Q4,3.9117577029640613
50,2007Q1,3.5899900910837204
50,2007Q2,4.201229080641791
50,2007Q3,4.203590317099287
50,2007Q4,4.214492072132708
50,2008Q1,3.3782335714387024
50,2008Q2,3.4937175124913553
50,2008Q3,3.3331480088094496
50,2008Q4,3.5707487447823487
50,2009Q1,0.5695896485294987
50,2009Q2,1.0294557190298743
50,2009Q3,2.4480088640143616
50,2009Q4,3.300752884852473
50,2010Q1,4.245235024902868
50,2010Q2,4.019237246348258
50,2010Q3,4.264561717330491
50,2010Q4,4.043588123098386
50,2011Q1,3.4041194038267486
50,2011Q2,4.486527180608102
50,2011Q3,3.4370349813122085
50,2011Q4,3.5576227310218753
50,2012Q1,3.9138624047373316
50,2012Q2,4.43065611944427
50,2012Q3,3.9086378400014765
50,2012Q4,4.307482537602898
50,2013Q1,4.197272450914788
50,2013Q2,4.3915668161261765
50,2013Q3,4.444015096241632
50,2013Q4,4.517923574191636
50,2014Q1,4.48771735020547
50,2014Q2,4.442633908063558
50,2014Q3,4.101193477235517
50,2014Q4,4.357339170691629
50,2015Q1,4.003853357988756
50,2015Q2,3.8069599661788884
50,2015Q3,4.4988528191841315
50,2015Q4,3.8770324205258606
50,2016Q1,4.213153905036925
50,2016Q2,4.466255176858118
50,2016Q3,3.723169177825734
50,2016Q4,4.510897630889053
50,2017Q1,4.186305147692833
50,2017Q2,4.045364566727589
50,2017Q3,4.375919903267583
50,2017Q4,4.519456085046027
50,2018Q1,4.471848208739604
50,2018Q2,4.26064922041448
50,2018Q3,3.7120076235802224
50,2018Q4,4.157585935358806
50,2019Q1,4.386754616929321
50,2019Q2,4.4062134531554
50,2019Q3,4.269431109802097
50,2019Q4,4.267724667566766
50,2020Q1,3.63250682188904
50,2020Q2,-18.093869585502723
50,2020Q3,-4.960422515349505
50,2020Q4,2.9446201366178433
50,2021Q1,2.6950540682883073
50,2021Q2,2.491697043077544
50,2021Q3,1.0223402721780612
50,2021Q4,0.9808338959758234
50,2022Q1,3.0154134388168554
50,2022Q2,3.3691031565060587
50,2022Q3,-1.228177908521075
50,2022Q4,2.4102652620959635
50,2023Q1,3.170900358341247
50,2023Q2,3.5661071494631402
50,2023Q3,2.951349833139333
50,2023Q4,1.4185410627517356
51,1980Q1,-1.0616381802346542
51,1980Q2,-0.7533183025413184
51,1980Q3,3.7363273700087394
51,1980Q4,3.6070699484330797
51,1981Q1,3.001225710723011
51,1981Q2,3.6527074336936574
51,1981Q3,2.0844963296442813
51,1981Q4,4.4637255614279745
51,1982Q1,2.9091987496957596
51,1982Q2,3.3980641472333675
51,1982Q3,1.6169072682816958
51,1982Q4,-5.737813631042089
51,1983Q1,1.0729816736611046
51,1983Q2,4.429115627051393
51,1983Q3,3.1904384744574177
51,1983Q4,1.3862179373439663
51,1984Q1,2.0749130520257246
51,1984Q2,3.2222735535134825
51,1984Q3,4.3359210518547915
51,1984Q4,3.379913467818792
51,1985Q1,1.5779398605521249
51,1985Q2,0.9120017799387359
51,1985Q3,2.785566622955459
51,1985Q4,4.458517732468128
51,1986Q1,3.7916322063567014
51,1986Q2,2.5949035304730055
51,1986Q3,2.8045556620927736
51,1986Q4,3.577552999334534
51,1987Q1,4.114586456565873
51,1987Q2,2.774311000215472
51,1987Q3,2.9602458485379595
51,1987Q4,3.1131166912760833
51,1988Q1,4.476739024431191
51,1988Q2,4.5061046491233085
51,1988Q3,1.9568909716956142
51,1988Q4,4.276311490384973
51,1989Q1,4.320946700831343
51,1989Q2,1.9885513668107646
51,1989Q3,4.262144979715251
51,1989Q4,3.85412773926286
51,1990Q1,3.413675894984409
51,1990Q2,2.837716965754937
51,1990Q3,2.5992471494526646
51,1990Q4,3.078798653404988
51,1991Q1,-2.0680218223164832
51,1991Q2,3.1630647793238955
51,1991Q3,3.8826293916882726
51,1991Q4,3.233708233264196
51,1992Q1,2.801805169975396
51,1992Q2,3.7718711417596786
51,1992Q3,4.332483380403324
51,1992Q4,2.0905490666271183
51,1993Q1,4.057104325037089
51,1993Q2,4.209988325124748
51,1993Q3,2.058830514435086
51,1993Q4,3.946092660167662
51,1994Q1,3.7827684596085276
51,1994Q2,4.289432832301833
51,1994Q3,4.485272839938641
51,1994Q4,3.061921458886151
51,1995Q1,1.5096056705411338
51,1995Q2,0.6570173633546728
51,1995Q3,-0.3281798437723662
51,1995Q4,3.6319725080575176
51,1996Q1,3.9658070515076767
51,1996Q2,3.7652044352502303
51,1996Q3,-0.9251083838606666
51,1996Q4,2.8117500110821014
51,1997Q1,3.1574967867352512
51,1997Q2,-0.6781799717173813
51,1997Q3,3.896176865305745
51,1997Q4,1.808192767083817
51,1998Q1,3.3965604877130176
51,1998Q2,3.8944594740386584
51,1998Q3,3.556699917661448
51,1998Q4,3.018862747943203
51,1999Q1,4.37984736919761
51,1999Q2,4.383696715579452
51,1999Q3,4.404354067880347
51,1999Q4,3.3867432780973683
51,2000Q1,1.748276108616385
51,2000Q2,3.3830363733471627
51,2000Q3,3.6917287235118335
51,2000Q4,3.829911906598494
51,2001Q1,2.8959981354425297
51,2001Q2,3.783586197378858
51,2001Q3,4.188755648439685
51,2001Q4,4.151043064654973
51,2002Q1,3.009178287780649
51,2002Q2,3.77331499156312
51,2002Q3,4.43480401613033
51,2002Q4,4.209561083545994
51,2003Q1,4.508598926444351
51,2003Q2,4.478231138816815
51,2003Q3,3.8900721498524655
51,2003Q4,4.1712089694632555
51,2004Q1,4.459618100342588
51,2004Q2,4.384496099484793
51,2004Q3,4.414338408602504
51,2004Q4,3.6943813038649775
51,2005Q1,4.399888284714789
51,2005Q2,4.258295450262054
51,2005Q3,4.29275939455269
51,2005Q4,4.403948374598359
51,2006Q1,4.233131994042275
51,2006Q2,2.9534455445865095
51,2006Q3,4.050299014690616
51,2006Q4,3.9117062726887584
51,2007Q1,3.5899460505306413
51,2007Q2,4.2012166455227895
51,2007Q3,4.2035590620944845
51,2007Q4,4.214543953716842
51,2008Q1,3.378313590339265
51,2008Q2,3.493851981515138
51,2008Q3,3.333229736726074
51,2008Q4,3.5707641145902804
51,2009Q1,0.5694067493359465
51,2009Q2,1.0295714490681571
51,2009Q3,2.448193999315929
51,2009Q4,3.3008407005365026
51,2010Q1,4.245249052143482
51,2010Q2,4.019266274873796
51,2010Q3,4.264556337508924
51,2010Q4,4.043598921755869
51,2011Q1,3.4040677291704977
51,2011Q2,4.4865061976393985
51,2011Q3,3.436937255547848
51,2011Q4,3.55763324267907
51,2012Q1,3.9138590065566503
51,2012Q2,4.430648432340935
51,2012Q3,3.908644948436944
51,2012Q4,4.307469468729483
51,2013Q1,4.197277552936291
51,2013Q2,4.3915652293732785
51,2013Q3,4.443999856569293
51,2013Q4,4.517904722614142
51,2014Q1,4.487709553281133
51,2014Q2,4.442621212648695
51,2014Q3,4.101198014490711
51,2014Q4,4.357344355792895
51,2015Q1,4.003895092483093
51,2015Q2,3.806950709099082
51,2015Q3,4.498835614174224
51,2015Q4,3.8770565749110713
51,2016Q1,4.213170279904461
51,2016Q2,4.466252133645602
51,2016Q3,3.72314026114684
51,2016Q4,4.510885375895488
51,2017Q1,4.186297013870232
51,2017Q2,4.045372603623118
51,2017Q3,4.375917845295595
51,2017Q4,4.5194486600038735
51,2018Q1,4.471832514064304
51,2018Q2,4.260648948139949
51,2018Q3,3.7119819155685083
51,2018Q4,4.157580094421586
51,2019Q1,4.386759872906346
51,2019Q2,4.406212294914491
51,2019Q3,4.269443647785421
51,2019Q4,4.267733600857588
51,2020Q1,3.6323927950583257
51,2020Q2,-18.092786788726883
51,2020Q3,-4.9604013912500005
51,2020Q4,2.944854232849495
51,2021Q1,2.6952095506677853
51,2021Q2,2.4914804537083373
51,2021Q3,1.0223092165222978
51,2021Q4,0.9806591730181657
51,2022Q1,3.015505880446223
51,2022Q2,3.369028333618618
51,2022Q3,-1.2287031269903865
51,2022Q4,2.410379228593353
51,2023Q1,3.170794379729234
51,2023Q2,3.5660489162153115
51,2023Q3,2.951477153181668
51,2023Q4,1.4187611972753857
52,1980Q1,-1.0629410472904661
52,1980Q2,-0.7532601146572109
52,1980Q3,3.736141189203473
52,1980Q4,3.6069609636152284
52,1981Q1,3.000951402432414
52,1981Q2,3.652579468810871
52,1981Q3,2.084338273532033
52,1981Q4,4.46367223652261
52,1982Q1,2.9091072608103774
52,1982Q2,3.397844359202283
52,1982Q3,1.6168830427339271
52,1982Q4,-5.737396578233371
52,1983Q1,1.0726685012175006
52,1983Q2,4.429281590459231
52,1983Q3,3.1911552872952873
52,1983Q4,1.3867797395604833
52,1984Q1,2.074529539002923
52,1984Q2,3.222114903965613
52,1984Q3,4.335948061638566
52,1984Q4,3.37970397624219
52,1985Q1,1.5775134438797287
52,1985Q2,0.9119185887043946
52,1985Q3,2.785770546212783
52,1985Q4,4.458460792489776
52,1986Q1,3.7918539110074363
52,1986Q2,2.5947364897646574
52,1986Q3,2.8045357615138244
52,1986Q4,3.5774752119072595
52,1987Q1,4.114575180705814
52,1987Q2,2.7739604507318383
52,1987Q3,2.960084855594327
52,1987Q4,3.1130304160561932
52,1988Q1,4.476666946141567
52,1988Q2,4.50603474454433
52,1988Q3,1.9565428461698802
52,1988Q4,4.276337300409198
52,1989Q1,4.320875429234729
52,1989Q2,1.9885883664366428
52,1989Q3,4.26211340843528
52,1989Q4,3.8539145549879628
52,1990Q1,3.4137595974113664
52,1990Q2,2.8376104394883734
52,1990Q3,2.5994303547955795
52,1990Q4,3.0786036719488394
52,1991Q1,-2.068249505981111
52,1991Q2,3.1631155319604822
52,1991Q3,3.882986296535941
52,1991Q4,3.2336500534191144
52,1992Q1,2.801702866924539
52,1992Q2,3.771753821543834
52,1992Q3,4.332325954791093
52,1992Q4,2.089937315782821
52,1993Q1,4.056983724220675
52,1993Q2,4.209950019894017
52,1993Q3,2.058923695586042
52,1993Q4,3.946081672463687
52,1994Q1,3.7828608654309193
52,1994Q2,4.289439478050292
52,1994Q3,4.485211188677678
52,1994Q4,3.0620563372551635
52,1995Q1,1.5096484786406488
52,1995Q2,0.6572638444437624
52,1995Q3,-0.3275544794686338
52,1995Q4,3.6321425746564993
52,1996Q1,3.9656735592663575
52,1996Q2,3.765324432171459
52,1996Q3,-0.9245938829420242
52,1996Q4,2.811940057176229
52,1997Q1,3.1576268863257906
52,1997Q2,-0.6786375023144622
52,1997Q3,3.89624037902923
52,1997Q4,1.8085879886925729
52,1998Q1,3.3966572303691205
52,1998Q2,3.894521328238014
52,1998Q3,3.5567159048176595
52,1998Q4,3.0191337849953834
52,1999Q1,4.3798898645662145
52,1999Q2,4.383569730890824
52,1999Q3,4.404395578643419
52,1999Q4,3.386716244323356
52,2000Q1,1.7487299677214252
52,2000Q2,3.3830501513025393
52,2000Q3,3.691627118687227
52,2000Q4,3.8299679781084226
52,2001Q1,2.896062457955023
52,2001Q2,3.783466633538676
52,2001Q3,4.188720121014001
52,2001Q4,4.150928683459684
52,2002Q1,3.0092784875408
52,2002Q2,3.7731435961835613
52,2002Q3,4.434779648773987
52,2002Q4,4.209483962030145
52,2003Q1,4.508539459231008
52,2003Q2,4.47817314163681
52,2003Q3,3.890062819924027
52,2003Q4,4.171203967393035
52,2004Q1,4.459628777905783
52,2004Q2,4.384524708222959
52,2004Q3,4.414254942573376
52,2004Q4,3.694327719743397
52,2005Q1,4.399839654212416
52,2005Q2,4.258196190630005
52,2005Q3,4.2926797137196235
52,2005Q4,4.403889344467493
52,2006Q1,4.23305669984277
52,2006Q2,2.9533487673909025
52,2006Q3,4.050227596108515
52,2006Q4,3.911590301465251
52,2007Q1,3.5898309830687314
52,2007Q2,4.2011670632243465
52,2007Q3,4.203495059557892
52,2007Q4,4.214627202340619
52,2008Q1,3.378456265622701
52,2008Q2,3.4941595070302696
52,2008Q3,3.3333908649661192
52,2008Q4,3.5707635499913932
52,2009Q1,0.5692021768361184
52,2009Q2,1.0298434112961337
52,2009Q3,2.4485712722565767
52,2009Q4,3.301078586978041
52,2010Q1,4.2452671221036855
52,2010Q2,4.0193521942987
52,2010Q3,4.264525664424992
52,2010Q4,4.0435888601383185
52,2011Q1,3.4039164910941544
52,2011Q2,4.486472028723832
52,2011Q3,3.436757657411838
52,2011Q4,3.557660531471073
52,2012Q1,3.913823389978885
52,2012Q2,4.430621254109635
52,2012Q3,3.908716340209449
52,2012Q4,4.307435877719181
52,2013Q1,4.197268423370218
52,2013Q2,4.3915423523985275
52,2013Q3,4.443959872813073
52,2013Q4,4.517853875283232
52,2014Q1,4.487690798284792
52,2014Q2,4.442577425237505
52,2014Q3,4.101201456339203
52,2014Q4,4.357332192483742
52,2015Q1,4.004016284536563
52,2015Q2,3.806911230879668
52,2015Q3,4.498791836531603
52,2015Q4,3.877124119660145
52,2016Q1,4.213187351114345
52,2016Q2,4.466228733262776
52,2016Q3,3.7230576924940193
52,2016Q4,4.5108528507177255
52,2017Q1,4.186237369755957
52,2017Q2,4.045390618226261
52,2017Q3,4.375897511962257
52,2017Q4,4.519420015492264
52,2018Q1,4.47179327007017
52,2018Q2,4.260640906815946
52,2018Q3,3.711923637558343
52,2018Q4,4.157554571553462
52,2019Q1,4.386760068744106
52,2019Q2,4.4062042551327245
52,2019Q3,4.269466776368235
52,2019Q4,4.267741643573729
52,2020Q1,3.6322415626056723
52,2020Q2,-18.0905164167475
52,2020Q3,-4.959975350747905
52,2020Q4,2.9454943026507605
52,2021Q1,2.695713161778444
52,2021Q2,2.491114552563789
52,2021Q3,1.0219330190297442
52,2021Q4,0.9804010500405123
52,2022Q1,3.015616232376313
52,2022Q2,3.368851526869126
52,2022Q3,-1.2295204644252085
52,2022Q4,2.4105948091181
52,2023Q1,3.170704114724465
52,2023Q2,3.5659413211188746
52,2023Q3,2.951647783084294
52,2023Q4,1.419118205688827
53,1980Q1,-1.0632558657647797
53,1980Q2,-0.7530955796382282
53,1980Q3,3.736043427371773
53,1980Q4,3.6068920811350917
53,1981Q1,3.000815024828876
53,1981Q2,3.6523353869804605
53,1981Q3,2.0842322993585682
53,1981Q4,4.463518750948821
53,1982Q1,2.9090114170848
53,1982Q2,3.397578556116034
53,1982Q3,1.6168202104427243
53,1982Q4,-5.736098616964011
53,1983Q1,1.0719731007140378
53,1983Q2,4.429415365539752
53,1983Q3,3.19181090966258
53,1983Q4,1.387289745520862
53,1984Q1,2.0736843830196663
53,1984Q2,3.2220243704268055
53,1984Q3,4.3359172079092145
53,1984Q4,3.3794955558423307
53,1985Q1,1.5766871250908148
53,1985Q2,0.9121904920254598
53,1985Q3,2.7860291010154183
53,1985Q4,4.458391515145602
53,1986Q1,3.792180985475957
53,1986Q2,2.594554297928853
53,1986Q3,2.804367463053356
53,1986Q4,3.5775626021686144
53,1987Q1,4.114591340105523
53,1987Q2,2.773685173790962
53,1987Q3,2.9598663659209614
53,1987Q4,3.112916063984562
53,1988Q1,4.476578332272379
53,1988Q2,4.5059299202109235
53,1988Q3,1.9563365527388425
53,1988Q4,4.276333529330476
53,1989Q1,4.320749735912368
53,1989Q2,1.9887267216421285
53,1989Q3,4.262052443966185
53,1989Q4,3.853654585565831
53,1990Q1,3.4138342539732736
53,1990Q2,2.83742004257644
53,1990Q3,2.599738126177969
53,1990Q4,3.0782147835412315
53,1991Q1,-2.0684807197564723
53,1991Q2,3.1631602028048755
53,1991Q3,3.883236940664335
53,1991Q4,3.2335469734526523
53,1992Q1,2.8013674197931877
53,1992Q2,3.771690603284573
53,1992Q3,4.3320960782751525
53,1992Q4,2.0894697770831514
53,1993Q1,4.056759203124351
53,1993Q2,4.209870460696008
53,1993Q3,2.0587736209597427
53,1993Q4,3.9459916472246506
53,1994Q1,3.7829229622940868
53,1994Q2,4.289440347382828
53,1994Q3,4.485128847970861
53,1994Q4,3.0620803421666745
53,1995Q1,1.5095920462600998
53,1995Q2,0.6574688941882574
53,1995Q3,-0.32685074933214686
53,1995Q4,3.632366531010378
53,1996Q1,3.9654918133945163
53,1996Q2,3.765309333173343
53,1996Q3,-0.924355802550509
53,1996Q4,2.811952057618079
53,1997Q1,3.157748446399056
53,1997Q2,-0.6791817791049368
53,1997Q3,3.8962092721673245
53,1997Q4,1.8091487180523305
53,1998Q1,3.396832190184708
53,1998Q2,3.894424255585059
53,1998Q3,3.5567034552499646
53,1998Q4,3.019399298926472
53,1999Q1,4.379929086273986
53,1999Q2,4.38341369314303
53,1999Q3,4.404387245344981
53,1999Q4,3.3867822065859285
53,2000Q1,1.7491515478342907
53,2000Q2,3.3831577793568046
53,2000Q3,3.6915895717707476
53,2000Q4,3.829921690956663
53,2001Q1,2.896259062848307
53,2001Q2,3.783437317274308
53,2001Q3,4.188658533599823
53,2001Q4,4.150802357185873
53,2002Q1,3.0094537565427726
53,2002Q2,3.773030244516101
53,2002Q3,4.4346845257065075
53,2002Q4,4.20935753385426
53,2003Q1,4.508438844956556
53,2003Q2,4.47805209452891
53,2003Q3,3.890094600212874
53,2003Q4,4.171236761477562
53,2004Q1,4.459657453211224
53,2004Q2,4.384592078982388
53,2004Q3,4.414114552046082
53,2004Q4,3.6942947419800745
53,2005Q1,4.399717690731516
53,2005Q2,4.258055237043324
53,2005Q3,4.2925926213913685
53,2005Q4,4.403778017682614
53,2006Q1,4.232939557896194
53,2006Q2,2.9532732213723927
53,2006Q3,4.050220206551773
53,2006Q4,3.911482075857557
53,2007Q1,3.5896738153850185
53,2007Q2,4.2010602933486005
53,2007Q3,4.203401248499182
53,2007Q4,4.214691397755236
53,2008Q1,3.3786564145532356
53,2008Q2,3.49450347054807
53,2008Q3,3.333598397964951
53,2008Q4,3.5706368945687865
53,2009Q1,0.5694119379211999
53,2009Q2,1.030153365095901
53,2009Q3,2.4488861041547105
53,2009Q4,3.301337512237991
53,2010Q1,4.245258203616193
53,2010Q2,4.019517166080895
53,2010Q3,4.264447083587442
53,2010Q4,4.043476140823501
53,2011Q1,3.4037460963196775
53,2011Q2,4.486426557633317
53,2011Q3,3.4366646718389884
53,2011Q4,3.5576823455146673
53,2012Q1,3.913693607789164
53,2012Q2,4.430549978004962
53,2012Q3,3.908826475212172
53,2012Q4,4.307354326321229
53,2013Q1,4.197209010262389
53,2013Q2,4.391472799508164
53,2013Q3,4.4438913742519714
53,2013Q4,4.517766067422849
53,2014Q1,4.487641642735053
53,2014Q2,4.442485559576613
53,2014Q3,4.101187155228027
53,2014Q4,4.357272503855126
53,2015Q1,4.004147163774406
53,2015Q2,3.806861150548854
53,2015Q3,4.498719146630105
53,2015Q4,3.8771953507584462
53,2016Q1,4.213161383785123
53,2016Q2,4.466164724822801
53,2016Q3,3.7229653156387776
53,2016Q4,4.510787706807255
53,2017Q1,4.186116414404952
53,2017Q2,4.0453871969291315
53,2017Q3,4.375829115357564
53,2017Q4,4.519347606233735
53,2018Q1,4.471722494894691
53,2018Q2,4.260603080073924
53,2018Q3,3.7118802953513663
53,2018Q4,4.1575058959315525
53,2019Q1,4.386725330137882
53,2019Q2,4.406169146294513
53,2019Q3,4.269469850877714
53,2019Q4,4.267718167478702
53,2020Q1,3.632172316101131
53,2020Q2,-18.087575478148
53,2020Q3,-4.959108989040926
53,2020Q4,2.9461117254536
53,2021Q1,2.6963282266735416
53,2021Q2,2.491008666878709
53,2021Q3,1.0214020567630229
53,2021Q4,0.9805649890228745
53,2022Q1,3.0155415267600825
53,2022Q2,3.368609130309093
53,2022Q3,-1.2300522711465032
53,2022Q4,2.41066475624429
53,2023Q1,3.170726438573124
53,2023Q2,3.5658292577651176
53,2023Q3,2.951601290503441
53,2023Q4,1.4192103016529098
54,1980Q1,-1.0618448281018535
54,1980Q2,-0.7538001637640663
54,1980Q3,3.7361756973962024
54,1980Q4,3.6067163405023206
54,1981Q1,3.0010664757093775
54,1981Q2,3.651941313157603
54,1981Q3,2.0843236230347033
54,1981Q4,4.463316341624606
54,1982Q1,2.9091099042982407
54,1982Q2,3.3971240136722622
54,1982Q3,1.615966131981947
54,1982Q4,-5.735549486089166
54,1983Q1,1.069231879144144
54,1983Q2,4.429367307751927
54,1983Q3,3.1932941426460495
54,1983Q4,1.390031158121161
54,1984Q1,2.0715543179870104
54,1984Q2,3.2221274098022126
54,1984Q3,4.335735662817975
54,1984Q4,3.3788476285148445
54,1985Q1,1.5755681126637424
54,1985Q2,0.9128410878380868
54,1985Q3,2.7865228558629873
54,1985Q4,4.458288764474217
54,1986Q1,3.7926213145718677
54,1986Q2,2.5944970865221384
54,1986Q3,2.8038327176182194
54,1986Q4,3.578082755702842
54,1987Q1,4.114586803491216
54,1987Q2,2.77370641891308
54,1987Q3,2.959456931763042
54,1987Q4,3.1126867582079587
54,1988Q1,4.476573578279127
54,1988Q2,4.505823810983588
54,1988Q3,1.9562393623819458
54,1988Q4,4.27641994369375
54,1989Q1,4.32031648994502
54,1989Q2,1.9888235727279406
54,1989Q3,4.26208512403117
54,1989Q4,3.8535675181188798
54,1990Q1,3.4142851029274435
54,1990Q2,2.8374126071701764
54,1990Q3,2.6005070206205403
54,1990Q4,3.077817995654507
54,1991Q1,-2.069610410448126
54,1991Q2,3.162833465985504
54,1991Q3,3.8835360867436273
54,1991Q4,3.2322485805561465
54,1992Q1,2.8007412531667715
54,1992Q2,3.770764528433768
54,1992Q3,4.331794051570174
54,1992Q4,2.089073648342852
54,1993Q1,4.056539346472887
54,1993Q2,4.209320484294777
54,1993Q3,2.0582680363447445
54,1993Q4,3.946213057793399
54,1994Q1,3.7835056342131113
54,1994Q2,4.289648791756117
54,1994Q3,4.485027236517114
54,1994Q4,3.06258671743785
54,1995Q1,1.510475688561013
54,1995Q2,0.6585986279139799
54,1995Q3,-0.325362234499889
54,1995Q4,3.633086865329602
54,1996Q1,3.9651036889216122
54,1996Q2,3.7650367006251475
54,1996Q3,-0.9247400707694045
54,1996Q4,2.8113107518424343
54,1997Q1,3.15755275694675
54,1997Q2,-0.6805988608564908
54,1997Q3,3.8958966653673364
54,1997Q4,1.8094710598707344
54,1998Q1,3.396958464625735
54,1998Q2,3.8944211087854885
54,1998Q3,3.556476072001561
54,1998Q4,3.019455616414805
54,1999Q1,4.379984709826338
54,1999Q2,4.38321854312666
54,1999Q3,4.404525690453915
54,1999Q4,3.386248401760889
54,2000Q1,1.7502472803724984
54,2000Q2,3.3826956697839483
54,2000Q3,3.6917546925180207
54,2000Q4,3.8303994005367805
54,2001Q1,2.8970520615858644
54,2001Q2,3.7838681727068613
54,2001Q3,4.188299219081305
54,2001Q4,4.150531962793911
54,2002Q1,3.009381790831674
54,2002Q2,3.772715934346027
54,2002Q3,4.434537593288029
54,2002Q4,4.208902661317286
54,2003Q1,4.508240988180075
54,2003Q2,4.477947344341852
54,2003Q3,3.8896465406245566
54,2003Q4,4.170935872263777
54,2004Q1,4.459743616790335
54,2004Q2,4.3846704531762715
54,2004Q3,4.41370657524503
54,2004Q4,3.69371300298231
54,2005Q1,4.399672904437427
54,2005Q2,4.257742219033823
54,2005Q3,4.292203832234976
54,2005Q4,4.403696963892868
54,2006Q1,4.232737762373761
54,2006Q2,2.9530095692686116
54,2006Q3,4.049912982963979
54,2006Q4,3.9111761709250374
54,2007Q1,3.5893900122221134
54,2007Q2,4.200563041757242
54,2007Q3,4.203196505587789
54,2007Q4,4.214752787072413
54,2008Q1,3.3783151385913675
54,2008Q2,3.494974535072297
54,2008Q3,3.3333315162216257
54,2008Q4,3.570952904617988
54,2009Q1,0.5712373436544826
54,2009Q2,1.0317779394391158
54,2009Q3,2.4495964457563018
54,2009Q4,3.301918483240642
54,2010Q1,4.245255616619427
54,2010Q2,4.019844124402491
54,2010Q3,4.264368952455171
54,2010Q4,4.043438329702276
54,2011Q1,3.403680205026059
54,2011Q2,4.486457055708196
54,2011Q3,3.436741717889471
54,2011Q4,3.557535201957921
54,2012Q1,3.9137175248078035
54,2012Q2,4.430488055749376
54,2012Q3,3.909247210367148
54,2012Q4,4.307380888273434
54,2013Q1,4.196970063559256
54,2013Q2,4.391375555497367
54,2013Q3,4.443775727528931
54,2013Q4,4.517642403497222
54,2014Q1,4.48769242111408
54,2014Q2,4.442232982224713
54,2014Q3,4.101192750510357
54,2014Q4,4.35719129194132
54,2015Q1,4.0046135256347934
54,2015Q2,3.8068399828257515
54,2015Q3,4.498636672060642
54,2015Q4,3.8775724081690646
54,2016Q1,4.213254572973484
54,2016Q2,4.466085451070025
54,2016Q3,3.7229089595199527
54,2016Q4,4.510700490165487
54,2017Q1,4.1859056748004315
54,2017Q2,4.045501807247758
54,2017Q3,4.375723562542927
54,2017Q4,4.519223918522563
54,2018Q1,4.471626611610024
54,2018Q2,4.26063399089957
54,2018Q3,3.711986189124722
54,2018Q4,4.157529251281184
54,2019Q1,4.386730923183959
54,2019Q2,4.406129443695931
54,2019Q3,4.269543672623774
54,2019Q4,4.267727987948116
54,2020Q1,3.6320691190805
54,2020Q2,-18.086926310188673
54,2020Q3,-4.956327573686355
54,2020Q4,2.9476240876826685
54,2021Q1,2.698048631791031
54,2021Q2,2.49166902608667
54,2021Q3,1.0210314880781897
54,2021Q4,0.9808273846379785
54,2022Q1,3.0148023578334824
54,2022Q2,3.3682440413543198
54,2022Q3,-1.2306972038054314
54,2022Q4,2.410193026695126
54,2023Q1,3.1707270582964906
54,2023Q2,3.565486948837561
54,2023Q3,2.9515664045040717
54,2023Q4,1.419484613354141
55,1980Q1,-1.0596457573685836
55,1980Q2,-0.7542674162376972
55,1980Q3,3.7364908122726344
55,1980Q4,3.6065537666951863
55,1981Q1,3.0014145785628843
55,1981Q2,3.651625188062403
55,1981Q3,2.0842195662020964
55,1981Q4,4.462968108229644
55,1982Q1,2.9090287823743792
55,1982Q2,3.396702621158062
55,1982Q3,1.615918548429856
55,1982Q4,-5.7311886188433405
55,1983Q1,1.0673897358868825
55,1983Q2,4.4293967071472515
55,1983Q3,3.192831841623579
55,1983Q4,1.3878577978765847
55,1984Q1,2.0703498333168695
55,1984Q2,3.221885511552934
55,1984Q3,4.335478080575505
55,1984Q4,3.379067347335461
55,1985Q1,1.573820910274034
55,1985Q2,0.9133198383488623
55,1985Q3,2.78662901460131
55,1985Q4,4.458281265862492
55,1986Q1,3.793200781537478
55,1986Q2,2.594897276129865
55,1986Q3,2.8032479607001757
55,1986Q4,3.5783323401972265
55,1987Q1,4.114971818980974
55,1987Q2,2.7731907913091884
55,1987Q3,2.9590854115316327
55,1987Q4,3.1122519260201873
55,1988Q1,4.476507844371782
55,1988Q2,4.505712837039564
55,1988Q3,1.9568115975707516
55,1988Q4,4.276238493303906
55,1989Q1,4.320222922689784
55,1989Q2,1.9893283974148788
55,1989Q3,4.261778854024079
55,1989Q4,3.853229890842242
55,1990Q1,3.4139893180742478
55,1990Q2,2.8372348514222816
55,1990Q3,2.6004517309718556
55,1990Q4,3.077283814436602
55,1991Q1,-2.068815312199817
55,1991Q2,3.1624737000987455
55,1991Q3,3.8830221982654067
55,1991Q4,3.232980708443789
55,1992Q1,2.7999977619553484
55,1992Q2,3.771561360562087
55,1992Q3,4.331455793911459
55,1992Q4,2.089271819453164
55,1993Q1,4.056080822938236
55,1993Q2,4.2094376167514955
55,1993Q3,2.057687559242831
55,1993Q4,3.9455995074004537
55,1994Q1,3.7828573533815315
55,1994Q2,4.289465883740313
55,1994Q3,4.484979316643591
55,1994Q4,3.0623044318697263
55,1995Q1,1.5106668854306355
55,1995Q2,0.6590260701927924
55,1995Q3,-0.32461761434989267
55,1995Q4,3.6333113021234063
55,1996Q1,3.9649563080347936
55,1996Q2,3.764973633881873
55,1996Q3,-0.9244936391032637
55,1996Q4,2.81132799118665
55,1997Q1,3.1578849513186027
55,1997Q2,-0.6809532381654391
55,1997Q3,3.8959682121892127
55,1997Q4,1.8109093742154032
55,1998Q1,3.397572481237118
55,1998Q2,3.8937942684318276
55,1998Q3,3.55639483599444
55,1998Q4,3.01966222665079
55,1999Q1,4.379993425243035
55,1999Q2,4.383164256544025
55,1999Q3,4.404275425883643
55,1999Q4,3.3868437042549937
55,2000Q1,1.7508127403210487
55,2000Q2,3.383648594663437
55,2000Q3,3.6919927443723015
55,2000Q4,3.8294909365584298
55,2001Q1,2.8976873941600862
55,2001Q2,3.7840446519065223
55,2001Q3,4.188326070721858
55,2001Q4,4.150466163613892
55,2002Q1,3.009911565092941
55,2002Q2,3.7728053673015887
55,2002Q3,4.434214821914571
55,2002Q4,4.208802069609055
55,2003Q1,4.508149233500741
55,2003Q2,4.477658643252531
55,2003Q3,3.8901431896167016
55,2003Q4,4.171277975395622
55,2004Q1,4.459933795698683
55,2004Q2,4.38503007786139
55,2004Q3,4.413601794749427
55,2004Q4,3.6941805163203707
55,2005Q1,4.399277849836697
55,2005Q2,4.257699507534993
55,2005Q3,4.292322313810874
55,2005Q4,4.4034295414865765
55,2006Q1,4.232619021317907
55,2006Q2,2.9532429787855135
55,2006Q3,4.050274610760123
55,2006Q4,3.911157420699866
55,2007Q1,3.589116191973832
55,2007Q2,4.200561096944272
55,2007Q3,4.203028526323617
55,2007Q4,4.214944554634961
55,2008Q1,3.3793189392274456
55,2008Q2,3.495503704119894
55,2008Q3,3.3342450048114256
55,2008Q4,3.5699057591984587
55,2009Q1,0.5723087500580992
55,2009Q2,1.0323164771345565
55,2009Q3,2.449406018545126
55,2009Q4,3.3019139904057937
55,2010Q1,4.2452103939056105
55,2010Q2,4.020411186986592
55,2010Q3,4.264204354280882
55,2010Q4,4.0430317289790105
55,2011Q1,3.403495050903179
55,2011Q2,4.486357665053417
55,2011Q3,3.436884621697014
55,2011Q4,3.5577241485083735
55,2012Q1,3.913293160378458
55,2012Q2,4.430301250574321
55,2012Q3,3.9093091438349323
55,2012Q4,4.307142797713187
55,2013Q1,4.196953510755805
55,2013Q2,4.391192465553192
55,2013Q3,4.443720306750639
55,2013Q4,4.517520226790654
55,2014Q1,4.487531577835602
55,2014Q2,4.442123117853914
55,2014Q3,4.101207948159697
55,2014Q4,4.357014956652148
55,2015Q1,4.0045679007944495
55,2015Q2,3.80681426268811
55,2015Q3,4.498526727801052
55,2015Q4,3.877536297233089
55,2016Q1,4.213150087909284
55,2016Q2,4.465975065013129
55,2016Q3,3.7228564369106216
55,2016Q4,4.510585562279488
55,2017Q1,4.185771282273272
55,2017Q2,4.045370355129141
55,2017Q3,4.37560974345956
55,2017Q4,4.519086100633615
55,2018Q1,4.471505856121666
55,2018Q2,4.260519437946263
55,2018Q3,3.71203673668827
55,2018Q4,4.1574911264337135
55,2019Q1,4.386638711846603
55,2019Q2,4.406042726043447
55,2019Q3,4.269518640211226
55,2019Q4,4.267622950316363
55,2020Q1,3.632237623817424
55,2020Q2,-18.08576800970627
55,2020Q3,-4.957162453214824
55,2020Q4,2.9463128660837117
55,2021Q1,2.697696475552309
55,2021Q2,2.492671655360047
55,2021Q3,1.0204044591261168
55,2021Q4,0.9818618686622096
55,2022Q1,3.014583767191008
55,2022Q2,3.368086931614321
55,2022Q3,-1.2302614999478392
55,2022Q4,2.4102193183097977
55,2023Q1,3.170896697220633
55,2023Q2,3.565439870819834
55,2023Q3,2.951047339825057
55,2023Q4,1.4189963710893605
56,1980Q1,-1.0590360284511187
56,1980Q2,-0.7549103504993857
56,1980Q3,3.7366479664061067
56,1980Q4,3.606584899751107
56,1981Q1,3.0016040036197476
56,1981Q2,3.6518163638203402
56,1981Q3,2.084385417981199
56,1981Q4,4.46307907371044
56,1982Q1,2.909160147336433
56,1982Q2,3.3969073065663338
56,1982Q3,1.6156856029637154
56,1982Q4,-5.732253825281617
56,1983Q1,1.0671145434698563
56,1983Q2,4.4292499607666675
56,1983Q3,3.1925400827183927
56,1983Q4,1.3880294371488517
56,1984Q1,2.070746115852084
56,1984Q2,3.2220188133907524
56,1984Q3,4.335474455023614
56,1984Q4,3.379129278118201
56,1985Q1,1.574331245272396
56,1985Q2,0.9132302509930832
56,1985Q3,2.7865163809591884
56,1985Q4,4.458335605993978
56,1986Q1,3.793004193251324
56,1986Q2,2.5950920640502693
56,1986Q3,2.8032839849568543
56,1986Q4,3.5784402953410073
56,1987Q1,4.114985489302334
56,1987Q2,2.7734912194644123
56,1987Q3,2.9592305554059304
56,1987Q4,3.1123093907011623
56,1988Q1,4.476612483170313
56,1988Q2,4.505810787194419
56,1988Q3,1.9569845750844967
56,1988Q4,4.2762979766878795
56,1989Q1,4.320246570431622
56,1989Q2,1.9892792867607718
56,1989Q3,4.26186532450667
56,1989Q4,3.853462669767368
56,1990Q1,3.4140795581778542
56,1990Q2,2.8375071075929377
56,1990Q3,2.600342813295552
56,1990Q4,3.0775950340658342
56,1991Q1,-2.0687072754302545
56,1991Q2,3.1622614372579303
56,1991Q3,3.882773286160675
56,1991Q4,3.2327763817655977
56,1992Q1,2.8001196939410034
56,1992Q2,3.771419278267282
56,1992Q3,4.331626434452424
56,1992Q4,2.0896992383593553
56,1993Q1,4.056225133616546
56,1993Q2,4.209382773498312
56,1993Q3,2.0575966142857545
56,1993Q4,3.945752041740038
56,1994Q1,3.7829710531839336
56,1994Q2,4.289548039551799
56,1994Q3,4.485058873660717
56,1994Q4,3.0624630621328865
56,1995Q1,1.5110001868230891
56,1995Q2,0.6591017499950378
56,1995Q3,-0.3249407342563755
56,1995Q4,3.633288191662721
56,1996Q1,3.965052449589226
56,1996Q2,3.764896659101042
56,1996Q3,-0.9249249871368175
56,1996Q4,2.8110766255362165
56,1997Q1,3.157694082075172
56,1997Q2,-0.6808555199024857
56,1997Q3,3.895893918205271
56,1997Q4,1.810415898199763
56,1998Q1,3.397466536856027
56,1998Q2,3.8938996254580585
56,1998Q3,3.556339379056751
56,1998Q4,3.01939745298969
56,1999Q1,4.37999508985257
56,1999Q2,4.383284878444552
56,1999Q3,4.404351768101766
56,1999Q4,3.386629091878974
56,2000Q1,1.750743258278971
56,2000Q2,3.3834146678601185
56,2000Q3,3.692074859937766
56,2000Q4,3.8296635597487945
56,2001Q1,2.897792227017206
56,2001Q2,3.784262846931968
56,2001Q3,4.188311574286036
56,2001Q4,4.150549659766256
56,2002Q1,3.0096972307012746
56,2002Q2,3.772852064938834
56,2002Q3,4.434284332037675
56,2002Q4,4.208817441796165
56,2003Q1,4.508214816861594
56,2003Q2,4.477765891803088
56,2003Q3,3.889994210157183
56,2003Q4,4.171183873089881
56,2004Q1,4.459963510015488
56,2004Q2,4.385029525518562
56,2004Q3,4.413644783055415
56,2004Q4,3.6940504427866734
56,2005Q1,4.399412819457116
56,2005Q2,4.257761417306314
56,2005Q3,4.29231949733287
56,2005Q4,4.403547708861151
56,2006Q1,4.23268228875359
56,2006Q2,2.9532226502792316
56,2006Q3,4.050210802207236
56,2006Q4,3.911209436265379
56,2007Q1,3.589216981009645
56,2007Q2,4.200546182065131
56,2007Q3,4.203087441229957
56,2007Q4,4.214926705368474
56,2008Q1,3.3790262952031442
56,2008Q2,3.4952910441837135
56,2008Q3,3.3339589785664714
56,2008Q4,3.5701115222717004
56,2009Q1,0.5727263175044532
56,2009Q2,1.0325847704933948
56,2009Q3,2.449244074445973
56,2009Q4,3.3017793963555198
56,2010Q1,4.2452150135442945
56,2010Q2,4.020368049042712
56,2010Q3,4.26426761107432
56,2010Q4,4.043145370069206
56,2011Q1,3.403615690352221
56,2011Q2,4.486440960458898
56,2011Q3,3.4370427830062127
56,2011Q4,3.5576991853068316
56,2012Q1,3.9134753850459623
56,2012Q2,4.430382834095566
56,2012Q3,3.9093519816472515
56,2012Q4,4.307263976460301
56,2013Q1,4.196956212847605
56,2013Q2,4.391242023345088
56,2013Q3,4.443781998904882
56,2013Q4,4.5176007030392515
56,2014Q1,4.487628198063413
56,2014Q2,4.442158135676169
56,2014Q3,4.101258977506096
56,2014Q4,4.357053452307631
56,2015Q1,4.004583577064019
56,2015Q2,3.806839921983451
56,2015Q3,4.498606795081263
56,2015Q4,3.8775902960499677
56,2016Q1,4.213236566985313
56,2016Q2,4.466031671168122
56,2016Q3,3.7229206455512247
56,2016Q4,4.510653614318677
56,2017Q1,4.185834032173306
56,2017Q2,4.045410898472084
56,2017Q3,4.375660123860517
56,2017Q4,4.519144631593293
56,2018Q1,4.471577378022059
56,2018Q2,4.260584129401736
56,2018Q3,3.712108496850768
56,2018Q4,4.157560896598936
56,2019Q1,4.38670774979898
56,2019Q2,4.406086352463705
56,2019Q3,4.269559987971745
56,2019Q4,4.267655962368951
56,2020Q1,3.632348089750045
56,2020Q2,-18.089698381391607
56,2020Q3,-4.957532284503101
56,2020Q4,2.946074959803069
56,2021Q1,2.6975780579881823
56,2021Q2,2.4930123276962477
56,2021Q3,1.0206305771975366
56,2021Q4,0.9817074018370131
56,2022Q1,3.014432215040571
56,2022Q2,3.3682190677187025
56,2022Q3,-1.2298579366569156
56,2022Q4,2.409942992688304
56,2023Q1,3.170871580979761
56,2023Q2,3.5654527727497745
56,2023Q3,2.9510640182361207
56,2023Q4,1.4189570994451852
57,1980Q1,-1.0583516876677717
57,1980Q2,-0.7556791735231823
57,1980Q3,3.736834298508506
57,1980Q4,3.6065392085615153
57,1981Q1,3.0018181005059006
57,1981Q2,3.6519798489115796
57,1981Q3,2.0845081949627184
57,1981Q4,4.463160936105756
57,1982Q1,2.909297352839282
57,1982Q2,3.396983700572157
57,1982Q3,1.6154707456034134
57,1982Q4,-5.732579108697976
57,1983Q1,1.0664266074463842
57,1983Q2,4.429098391164335
57,1983Q3,3.192219134127763
57,1983Q4,1.3878332630690355
57,1984Q1,2.0710277216682207
57,1984Q2,3.2220290036154733
57,1984Q3,4.3354168928153545
57,1984Q4,3.379206705029681
57,1985Q1,1.5746744702080258
57,1985Q2,0.9130424604256713
57,1985Q3,2.786421072962056
57,1985Q4,4.458383233888356
57,1986Q1,3.7928907692790395
57,1986Q2,2.5954199406043346
57,1986Q3,2.8032241900881534
57,1986Q4,3.5785202560425446
57,1987Q1,4.115074149480537
57,1987Q2,2.7736316681235436
57,1987Q3,2.959307496493528
57,1987Q4,3.1122633701000053
57,1988Q1,4.476703946833502
57,1988Q2,4.5058903332559685
57,1988Q3,1.9572466111306608
57,1988Q4,4.276311687241742
57,1989Q1,4.3202591790846165
57,1989Q2,1.989294195062722
57,1989Q3,4.261877219821556
57,1989Q4,3.853648016161724
57,1990Q1,3.41411514457579
57,1990Q2,2.8378065769860483
57,1990Q3,2.6001806482149035
57,1990Q4,3.077923282373227
57,1991Q1,-2.0683943463754755
57,1991Q2,3.1618853908336026
57,1991Q3,3.882452353874314
57,1991Q4,3.2327140781037063
57,1992Q1,2.800173586335492
57,1992Q2,3.7713880864322356
57,1992Q3,4.331737350792483
57,1992Q4,2.0901016076418184
57,1993Q1,4.056313796308667
57,1993Q2,4.209347315705058
57,1993Q3,2.057472846825933
57,1993Q4,3.9457900755047435
57,1994Q1,3.782967967021584
57,1994Q2,4.289594177655713
57,1994Q3,4.485128042362976
57,1994Q4,3.0626271852954474
57,1995Q1,1.5115048162371587
57,1995Q2,0.6593612574400014
57,1995Q3,-0.32511593646804826
57,1995Q4,3.633291310697813
57,1996Q1,3.9651333192446545
57,1996Q2,3.7648739614356748
57,1996Q3,-0.9251590268647876
57,1996Q4,2.810901963671351
57,1997Q1,3.1575593251144713
57,1997Q2,-0.6807950838851724
57,1997Q3,3.895882388296979
57,1997Q4,1.8101381806763053
57,1998Q1,3.3974357450902906
57,1998Q2,3.893943295042013
57,1998Q3,3.556271754569511
57,1998Q4,3.0191662875911165
57,1999Q1,4.379983432276173
57,1999Q2,4.383399377298396
57,1999Q3,4.4043909106107355
57,1999Q4,3.386483706029211
57,2000Q1,1.7508484400690527
57,2000Q2,3.3833420417024063
57,2000Q3,3.6921814365918566
57,2000Q4,3.8296889561582743
57,2001Q1,2.8979808563010074
57,2001Q2,3.7844936537972824
57,2001Q3,4.1882990040819665
57,2001Q4,4.150613195065028
57,2002Q1,3.009563952625526
57,2002Q2,3.7728685313872434
57,2002Q3,4.434300494394831
57,2002Q4,4.208812067607551
57,2003Q1,4.508265282697458
57,2003Q2,4.477827061018301
57,2003Q3,3.889921024316161
57,2003Q4,4.17113150235481
57,2004Q1,4.460018232721394
57,2004Q2,4.38508145323834
57,2004Q3,4.413672508993455
57,2004Q4,3.694000485971737
57,2005Q1,4.399482052745913
57,2005Q2,4.257819237314178
57,2005Q3,4.292328753389201
57,2005Q4,4.403620658340365
57,2006Q1,4.232724023579046
57,2006Q2,2.9532383459700875
57,2006Q3,4.050183767992712
57,2006Q4,3.9112325674636965
57,2007Q1,3.5892637869680257
57,2007Q2,4.200534613740394
57,2007Q3,4.203106082431993
57,2007Q4,4.214960055900917
57,2008Q1,3.3789247643542213
57,2008Q2,3.495178166366666
57,2008Q3,3.3338406079410636
57,2008Q4,3.5701494587967417
57,2009Q1,0.5732906101507638
57,2009Q2,1.0330147499919589
57,2009Q3,2.4490753051569607
57,2009Q4,3.3016394925056924
57,2010Q1,4.2452188289627975
57,2010Q2,4.020409979621067
57,2010Q3,4.264312239428989
57,2010Q4,4.043213869972099
57,2011Q1,3.403707248327807
57,2011Q2,4.486494375871884
57,2011Q3,3.4371893286188158
57,2011Q4,3.557705237337249
57,2012Q1,3.9136041920707156
57,2012Q2,4.430434712639949
57,2012Q3,3.909387271071445
57,2012Q4,4.307343926625645
57,2013Q1,4.196961863363518
57,2013Q2,4.3912589097470285
57,2013Q3,4.443832287911836
57,2013Q4,4.517659296943531
57,2014Q1,4.487694231902535
57,2014Q2,4.442176114960764
57,2014Q3,4.101319097544643
57,2014Q4,4.357061138336805
57,2015Q1,4.004584658495391
57,2015Q2,3.8068633983373763
57,2015Q3,4.498662508698304
57,2015Q4,3.8776398683797466
57,2016Q1,4.213317551578538
57,2016Q2,4.46607368952614
57,2016Q3,3.72297274283543
57,2016Q4,4.510698334853771
57,2017Q1,4.185885460958914
57,2017Q2,4.045431369177003
57,2017Q3,4.3756979897788435
57,2017Q4,4.519179960797988
57,2018Q1,4.471624083244363
57,2018Q2,4.260630052032815
57,2018Q3,3.7121910715830784
57,2018Q4,4.157628842075508
57,2019Q1,4.386763537868545
57,2019Q2,4.406113907149606
57,2019Q3,4.269594709226783
57,2019Q4,4.267672934550734
57,2020Q1,3.632362535026851
57,2020Q2,-18.092648838161594
57,2020Q3,-4.9581731570172956
57,2020Q4,2.9456317645157046
57,2021Q1,2.6973884296622495
57,2021Q2,2.4934664119285395
57,2021Q3,1.0211105351178364
57,2021Q4,0.9815448091071608
57,2022Q1,3.014333005979131
57,2022Q2,3.3682613824510117
57,2022Q3,-1.2300136258266203
57,2022Q4,2.409670142324934
57,2023Q1,3.170668238078844
57,2023Q2,3.5653744735770676
57,2023Q3,2.951061847623494
57,2023Q4,1.4189568063477793
58,1980Q1,-1.0584712714215074
58,1980Q2,-0.7559934701764419
58,1980Q3,3.736867345057065
58,1980Q4,3.606417276538207
58,1981Q1,3.0019021487725257
58,1981Q2,3.6521016218892877
58,1981Q3,2.084506093652662
58,1981Q4,4.463226080423026
58,1982Q1,2.909282917660473
58,1982Q2,3.396978261780825
58,1982Q3,1.6154346333126766
58,1982Q4,-5.732588225357539
58,1983Q1,1.0660411900239075
58,1983Q2,4.429099565600347
58,1983Q3,3.1924046975356886
58,1983Q4,1.3877004192150362
58,1984Q1,2.0714815977667653
58,1984Q2,3.2217401568027553
58,1984Q3,4.335385543467635
58,1984Q4,3.3793335658734422
58,1985Q1,1.5748628829093612
58,1985Q2,0.912711571070814
58,1985Q3,2.7862159527013137
58,1985Q4,4.458407485922761
58,1986Q1,3.7928267047183355
58,1986Q2,2.5955559126008287
58,1986Q3,2.803204854083593
58,1986Q4,3.5784410632253136
58,1987Q1,4.11512004110193
58,1987Q2,2.7735086313676556
58,1987Q3,2.9593150550579015
58,1987Q4,3.112172339537916
58,1988Q1,4.476716084480683
58,1988Q2,4.505912272650097
58,1988Q3,1.9573507134865498
58,1988Q4,4.276304137962699
58,1989Q1,4.320255548418295
58,1989Q2,1.9892817487914831
58,1989Q3,4.261847904989941
58,1989Q4,3.8536764056948574
58,1990Q1,3.4141581747469467
58,1990Q2,2.8379614502499666
58,1990Q3,2.6000796775696995
58,1990Q4,3.0780260027325643
58,1991Q1,-2.067991085187863
58,1991Q2,3.1615790601651916
58,1991Q3,3.8824318246544425
58,1991Q4,3.2328683505802487
58,1992Q1,2.8001731405540715
58,1992Q2,3.7713957003201517
58,1992Q3,4.331724272796656
58,1992Q4,2.090075078916699
58,1993Q1,4.056375854039449
58,1993Q2,4.209337467044446
58,1993Q3,2.0574732126576043
58,1993Q4,3.9457406165055575
58,1994Q1,3.7829274206619607
58,1994Q2,4.289584846035266
58,1994Q3,4.485140776761309
58,1994Q4,3.062738863395234
58,1995Q1,1.51185775801975
58,1995Q2,0.6595984160568245
58,1995Q3,-0.32511361015987283
58,1995Q4,3.633306156631034
58,1996Q1,3.965149499347649
58,1996Q2,3.7649114817116875
58,1996Q3,-0.925144961910088
58,1996Q4,2.8108883836981224
58,1997Q1,3.1574647245105654
58,1997Q2,-0.6808801349844442
58,1997Q3,3.895933145970164
58,1997Q4,1.8099652435782567
58,1998Q1,3.3973761665511706
58,1998Q2,3.8940147944141508
58,1998Q3,3.5562388426881544
58,1998Q4,3.019075233022475
58,1999Q1,4.3799619917310775
58,1999Q2,4.383432286472451
58,1999Q3,4.404419972835751
58,1999Q4,3.386396703932093
58,2000Q1,1.7510356930568785
58,2000Q2,3.383349736348349
58,2000Q3,3.692219454524305
58,2000Q4,3.8296859911987777
58,2001Q1,2.8979726748262022
58,2001Q2,3.784531567928659
58,2001Q3,4.188274725821653
58,2001Q4,4.150593912288764
58,2002Q1,3.0095608656851125
58,2002Q2,3.7727840739785035
58,2002Q3,4.434293251293669
58,2002Q4,4.208783604011654
58,2003Q1,4.5082770677120925
58,2003Q2,4.477840871738959
58,2003Q3,3.8899048723766105
58,2003Q4,4.171096088069443
58,2004Q1,4.460041942702453
58,2004Q2,4.385109015825482
58,2004Q3,4.413669233670239
58,2004Q4,3.6940024781579717
58,2005Q1,4.399483796924223
58,2005Q2,4.257842394633298
58,2005Q3,4.2923123091432265
58,2005Q4,4.403626587537314
58,2006Q1,4.23273804079488
58,2006Q2,2.9532669485222427
58,2006Q3,4.050143593867877
58,2006Q4,3.911179803194761
58,2007Q1,3.5892400997702922
58,2007Q2,4.200515162037522
58,2007Q3,4.203079175908609
58,2007Q4,4.215022758220399
58,2008Q1,3.378973736586618
58,2008Q2,3.4951957337103132
58,2008Q3,3.333878721804429
58,2008Q4,3.5701462028600286
58,2009Q1,0.5734279553151298
58,2009Q2,1.033176257921133
58,2009Q3,2.4490989956211426
58,2009Q4,3.3016386736847423
58,2010Q1,4.245261587215269
58,2010Q2,4.020450032631586
58,2010Q3,4.264349775239895
58,2010Q4,4.043250172449528
58,2011Q1,3.403758275033055
58,2011Q2,4.486486586745508
58,2011Q3,3.4371723640492284
58,2011Q4,3.5576971279021823
58,2012Q1,3.913637969201336
58,2012Q2,4.430445919494469
58,2012Q3,3.9093658587320315
58,2012Q4,4.307359332648464
58,2013Q1,4.196972861315128
58,2013Q2,4.391266649623451
58,2013Q3,4.4438396204351625
58,2013Q4,4.517669019858457
58,2014Q1,4.487707197546835
58,2014Q2,4.442180861771307
58,2014Q3,4.101346463735598
58,2014Q4,4.3570760983520405
58,2015Q1,4.004596451658529
58,2015Q2,3.8069128342655842
58,2015Q3,4.498663839692378
58,2015Q4,3.877681613395213
58,2016Q1,4.213360063780675
58,2016Q2,4.466096164491716
58,2016Q3,3.722997445453541
58,2016Q4,4.510701776895867
58,2017Q1,4.185924604494565
58,2017Q2,4.045466479343581
58,2017Q3,4.375723723877467
58,2017Q4,4.519188986139516
58,2018Q1,4.471626274698228
58,2018Q2,4.260653979408733
58,2018Q3,3.712252830894285
58,2018Q4,4.157667794276278
58,2019Q1,4.386782830020415
58,2019Q2,4.406121149709424
58,2019Q3,4.269610176224758
58,2019Q4,4.267700011353134
58,2020Q1,3.632374189823013
58,2020Q2,-18.094321464117257
58,2020Q3,-4.958398422970188
58,2020Q4,2.9453882951633252
58,2021Q1,2.697324097502852
58,2021Q2,2.4937529497352573
58,2021Q3,1.0211754408818976
58,2021Q4,0.9813485493187741
58,2022Q1,3.0143936713990227
58,2022Q2,3.3684309521128997
58,2022Q3,-1.229691259607824
58,2022Q4,2.409743614568793
58,2023Q1,3.1706676411905663
58,2023Q2,3.565435322652155
58,2023Q3,2.9511390957611243
58,2023Q4,1.4190368511982299
59,1980Q1,-1.059317953672899
59,1980Q2,-0.7568934127094691
59,1980Q3,3.736880933793585
59,1980Q4,3.6061883261036947
59,1981Q1,3.0017996930887647
59,1981Q2,3.6524578984706846
59,1981Q3,2.08464090757943
59,1981Q4,4.463313192720624
59,1982Q1,2.909775220748547
59,1982Q2,3.3969973094636456
59,1982Q3,1.6155572149753623
59,1982Q4,-5.730674034686791
59,1983Q1,1.065098750766451
59,1983Q2,4.428977822750445
59,1983Q3,3.192504986947174
59,1983Q4,1.387843352587692
59,1984Q1,2.0723772934436906
59,1984Q2,3.2215159967774474
59,1984Q3,4.335236019270836
59,1984Q4,3.379447144499279
59,1985Q1,1.5756522644986402
59,1985Q2,0.9119677931842949
59,1985Q3,2.786198739297637
59,1985Q4,4.458384003165562
59,1986Q1,3.7927959262778534
59,1986Q2,2.5960888668911783
59,1986Q3,2.8034059531449333
59,1986Q4,3.5782805010164576
59,1987Q1,4.1153531857446675
59,1987Q2,2.7731486547481685
59,1987Q3,2.9592243300615446
59,1987Q4,3.111838098474747
59,1988Q1,4.4767367700739635
59,1988Q2,4.505919343581389
59,1988Q3,1.9575221004464471
59,1988Q4,4.27622122138774
59,1989Q1,4.320275976919365
59,1989Q2,1.9895906032625548
59,1989Q3,4.261774109537037
59,1989Q4,3.8536809429686185
59,1990Q1,3.414287159548274
59,1990Q2,2.8387458865077053
59,1990Q3,2.5999576661538155
59,1990Q4,3.078940526418424
59,1991Q1,-2.065998489766101
59,1991Q2,3.161102671388958
59,1991Q3,3.882153077216219
59,1991Q4,3.2332590992892793
59,1992Q1,2.8005704536720524
59,1992Q2,3.7715468315744194
59,1992Q3,4.331717661942322
59,1992Q4,2.0899626700156104
59,1993Q1,4.056441986033663
59,1993Q2,4.209305041889273
59,1993Q3,2.057213711682264
59,1993Q4,3.9455080617923395
59,1994Q1,3.782894396027494
59,1994Q2,4.289596948804339
59,1994Q3,4.48517118802387
59,1994Q4,3.06296894421231
59,1995Q1,1.5124140874327345
59,1995Q2,0.6596426045144042
59,1995Q3,-0.3252795248956364
59,1995Q4,3.633113797977743
59,1996Q1,3.9652008327204724
59,1996Q2,3.7648153699243436
59,1996Q3,-0.9249133726704182
59,1996Q4,2.8107728344610496
59,1997Q1,3.157242403866591
59,1997Q2,-0.6809387042529256
59,1997Q3,3.8959031107836135
59,1997Q4,1.8095819199871057
59,1998Q1,3.397359653362403
59,1998Q2,3.8941209533537937
59,1998Q3,3.5560670848513465
59,1998Q4,3.0188966732288103
59,1999Q1,4.379880682729225
59,1999Q2,4.3834574758326745
59,1999Q3,4.404450616832062
59,1999Q4,3.3862191085847853
59,2000Q1,1.7515494329848353
59,2000Q2,3.383390584300783
59,2000Q3,3.6921505841489384
59,2000Q4,3.829524023557629
59,2001Q1,2.898094140399051
59,2001Q2,3.7846650938297253
59,2001Q3,4.188261399114708
59,2001Q4,4.15056735256586
59,2002Q1,3.0095829520832185
59,2002Q2,3.7725769607437774
59,2002Q3,4.4342245449527375
59,2002Q4,4.20872053964649
59,2003Q1,4.508268380076787
59,2003Q2,4.477811569658894
59,2003Q3,3.8899085098439605
59,2003Q4,4.171066960913774
59,2004Q1,4.460063462074444
59,2004Q2,4.3851720106659915
59,2004Q3,4.413657595954752
59,2004Q4,3.69403840517753
59,2005Q1,4.399461781477221
59,2005Q2,4.257818318406053
59,2005Q3,4.292286348479274
59,2005Q4,4.403620043614484
59,2006Q1,4.232664576973663
59,2006Q2,2.953205014829938
59,2006Q3,4.050096091413985
59,2006Q4,3.9110563774459335
59,2007Q1,3.5891318692766117
59,2007Q2,4.200487983560687
59,2007Q3,4.202995779965329
59,2007Q4,4.215143944015117
59,2008Q1,3.379057525102238
59,2008Q2,3.4951276281678263
59,2008Q3,3.3339350818554347
59,2008Q4,3.570067548199073
59,2009Q1,0.573904843154228
59,2009Q2,1.0336828730433907
59,2009Q3,2.448916787147153
59,2009Q4,3.3014371837662297
59,2010Q1,4.24523716681692
59,2010Q2,4.020468673164421
59,2010Q3,4.264339562505023
59,2010Q4,4.043279347644032
59,2011Q1,3.403614080367562
59,2011Q2,4.486439951862872
59,2011Q3,3.437116059177828
59,2011Q4,3.557771697046255
59,2012Q1,3.9137743042128883
59,2012Q2,4.430428764247233
59,2012Q3,3.9092812820700376
59,2012Q4,4.307400540132856
59,2013Q1,4.196991274740491
59,2013Q2,4.3912057977611525
59,2013Q3,4.443833918463929
59,2013Q4,4.517667407777362
59,2014Q1,4.487714121299114
59,2014Q2,4.442163187095669
59,2014Q3,4.101449648200271
59,2014Q4,4.356997858380735
59,2015Q1,4.00453491599718
59,2015Q2,3.8068513347552067
59,2015Q3,4.498647602086517
59,2015Q4,3.877698147818103
59,2016Q1,4.213446599044165
59,2016Q2,4.466075684880469
59,2016Q3,3.7228992347251233
59,2016Q4,4.510689953029864
59,2017Q1,4.18592794462791
59,2017Q2,4.045452729039156
59,2017Q3,4.375726272264497
59,2017Q4,4.519171692011915
59,2018Q1,4.471609758625857
59,2018Q2,4.260651357162896
59,2018Q3,3.7122658152239167
59,2018Q4,4.157666067179143
59,2019Q1,4.3868178650964404
59,2019Q2,4.40610410827282
59,2019Q3,4.269592596368722
59,2019Q4,4.267665598548493
59,2020Q1,3.631983945512072
59,2020Q2,-18.092388964536667
59,2020Q3,-4.959430748498711
59,2020Q4,2.9452916798094075
59,2021Q1,2.697485882892843
59,2021Q2,2.4940136819901966
59,2021Q3,1.0222833686427113
59,2021Q4,0.9805266432341564
59,2022Q1,3.0147120026156697
59,2022Q2,3.367974993925361
59,2022Q3,-1.2325964751896832
59,2022Q4,2.409216311407456
59,2023Q1,3.1695402791211924
59,2023Q2,3.5649483240423154
59,2023Q3,2.95106204438737
59,2023Q4,1.419206271884983
60,1980Q1,-1.0595761121941196
60,1980Q2,-0.7566870708762137
60,1980Q3,3.7368309595205087
60,1980Q4,3.6061167492937045
60,1981Q1,3.0018490167064336
60,1981Q2,3.652442443996288
60,1981Q3,2.084597269624768
60,1981Q4,4.463328771592961
60,1982Q1,2.90955409221837
60,1982Q2,3.3969477058711037
60,1982Q3,1.6155064571653983
60,1982Q4,-5.730974047160842
60,1983Q1,1.0649989693508308
60,1983Q2,4.429139421490197
60,1983Q3,3.1931096096702642
60,1983Q4,1.387851841473935
60,1984Q1,2.072623373149515
60,1984Q2,3.22118236312031
60,1984Q3,4.3352884915585985
60,1984Q4,3.3795615273836987
60,1985Q1,1.5754578090006142
60,1985Q2,0.911981615646245
60,1985Q3,2.7860240448352416
60,1985Q4,4.458406573578898
60,1986Q1,3.7928087365047682
60,1986Q2,2.595922761454484
60,1986Q3,2.8033254735483
60,1986Q4,3.5782334554921484
60,1987Q1,4.115324854625976
60,1987Q2,2.7730229702642237
60,1987Q3,2.9592614960553405
60,1987Q4,3.111881129171125
60,1988Q1,4.4766942197683175
60,1988Q2,4.505902919467857
60,1988Q3,1.9574729501697172
60,1988Q4,4.276247738928074
60,1989Q1,4.320245926993014
60,1989Q2,1.9895361500570656
60,1989Q3,4.261770422447291
60,1989Q4,3.853587328242753
60,1990Q1,3.414355141005236
60,1990Q2,2.8385986423817524
60,1990Q3,2.5999697204599834
60,1990Q4,3.078580159554294
60,1991Q1,-2.0661219698507747
60,1991Q2,3.160997286984701
60,1991Q3,3.882436491604285
60,1991Q4,3.233411028394962
60,1992Q1,2.8003569778151096
60,1992Q2,3.7715215010108505
60,1992Q3,4.331613125840924
60,1992Q4,2.0897467997395007
60,1993Q1,4.0564348263870516
60,1993Q2,4.209311112003583
60,1993Q3,2.0571826460700993
60,1993Q4,3.945456973034521
60,1994Q1,3.782874994672407
60,1994Q2,4.289562781310002
60,1994Q3,4.485144194161918
60,1994Q4,3.062958090146667
60,1995Q1,1.5124065179683157
60,1995Q2,0.6597319417497074
60,1995Q3,-0.3251645660404572
60,1995Q4,3.633200992747558
60,1996Q1,3.96515815313005
60,1996Q2,3.7648223362815703
60,1996Q3,-0.9250787775339724
60,1996Q4,2.8107402620495594
60,1997Q1,3.1571771219025715
60,1997Q2,-0.6811765622674164
60,1997Q3,3.895921493058903
60,1997Q4,1.8094996556410377
60,1998Q1,3.397293757098071
60,1998Q2,3.894164755259563
60,1998Q3,3.5561038217684704
60,1998Q4,3.0189138353977656
60,1999Q1,4.379896583857075
60,1999Q2,4.383419773298637
60,1999Q3,4.404490043488401
60,1999Q4,3.3862319355241954
60,2000Q1,1.751613639493859
60,2000Q2,3.3834068218873457
60,2000Q3,3.692176208395507
60,2000Q4,3.8295652542765204
60,2001Q1,2.8979517187099035
60,2001Q2,3.784598034041735
60,2001Q3,4.1882376762555165
60,2001Q4,4.150516873075529
60,2002Q1,3.00964956001277
60,2002Q2,3.7725128802308814
60,2002Q3,4.434226881777464
60,2002Q4,4.208690805002227
60,2003Q1,4.508254770043262
60,2003Q2,4.477801939110514
60,2003Q3,3.889923272770677
60,2003Q4,4.171059348362874
60,2004Q1,4.460080274358823
60,2004Q2,4.385192930422211
60,2004Q3,4.413624734208744
60,2004Q4,3.694038058686156
60,2005Q1,4.399433397118651
60,2005Q2,4.257812927706774
60,2005Q3,4.2922580470507565
60,2005Q4,4.403596122188374
60,2006Q1,4.232672368056586
60,2006Q2,2.953252034108288
60,2006Q3,4.050070778937846
60,2006Q4,3.9110116991971804
60,2007Q1,3.589119284432279
60,2007Q2,4.200444674074254
60,2007Q3,4.202982025678798
60,2007Q4,4.215195386674922
60,2008Q1,3.379142801629312
60,2008Q2,3.4952360189066303
60,2008Q3,3.3340304784171164
60,2008Q4,3.570066954282359
60,2009Q1,0.5737566272695265
60,2009Q2,1.0335330305119919
60,2009Q3,2.449099438238018
60,2009Q4,3.301603042058618
60,2010Q1,4.245320545314112
60,2010Q2,4.020528318541676
60,2010Q3,4.264379700416731
60,2010Q4,4.043273003496136
60,2011Q1,3.4036761269410416
60,2011Q2,4.486426003527753
60,2011Q3,3.4370599506830644
60,2011Q4,3.5577454314633727
60,2012Q1,3.9137191437258703
60,2012Q2,4.430433381466504
60,2012Q3,3.909285452062156
60,2012Q4,4.307379365676453
60,2013Q1,4.196982275386129
60,2013Q2,4.391225999684387
60,2013Q3,4.443819212078629
60,2013Q4,4.517653050471875
60,2014Q1,4.487712843468559
60,2014Q2,4.442158213205371
60,2014Q3,4.101436877256892
60,2014Q4,4.357042285665753
60,2015Q1,4.004607143489254
60,2015Q2,3.80694352274924
60,2015Q3,4.498629421033903
60,2015Q4,3.8777613354722154
60,2016Q1,4.213451062848423
60,2016Q2,4.4660924967435
60,2016Q3,3.7229315120908355
60,2016Q4,4.510679446899503
60,2017Q1,4.185940947348061
60,2017Q2,4.045523875001438
60,2017Q3,4.3757397582138475
60,2017Q4,4.5191730374212025
60,2018Q1,4.471599718044864
60,2018Q2,4.260673114218255
60,2018Q3,3.71232381311739
60,2018Q4,4.157695193831936
60,2019Q1,4.386815647928968
60,2019Q2,4.406108999319693
60,2019Q3,4.269614871950481
60,2019Q4,4.267720163714616
60,2020Q1,3.632152776016568
60,2020Q2,-18.094180542246654
60,2020Q3,-4.958788304267308
60,2020Q4,2.9452906144529436
60,2021Q1,2.6975374421627665
60,2021Q2,2.494163056646184
60,2021Q3,1.021635198607536
60,2021Q4,0.9806220811736406
60,2022Q1,3.0146817728651283
60,2022Q2,3.368296019115358
60,2022Q3,-1.2311281930396643
60,2022Q4,2.4095399329946723
60,2023Q1,3.170035010299492
60,2023Q2,3.5652702580534834
60,2023Q3,2.951111166169764
60,2023Q4,1.4191303582656567
61,1980Q1,-1.0595560221960287
61,1980Q2,-0.7564490846491054
61,1980Q3,3.7368062094104046
61,1980Q4,3.6061351962080668
61,1981Q1,3.0018514700993277
61,1981Q2,3.652425649908789
61,1981Q3,2.0846388502111117
61,1981Q4,4.463319646887514
61,1982Q1,2.909516090957029
61,1982Q2,3.3969482530281327
61,1982Q3,1.6155262106737132
61,1982Q4,-5.730905862669109
61,1983Q1,1.0650789881981853
61,1983Q2,4.429200590489675
61,1983Q3,3.1933561106772395
61,1983Q4,1.3879819250839307
61,1984Q1,2.0726873987044847
61,1984Q2,3.221139734394344
61,1984Q3,4.335316987724604
61,1984Q4,3.379591640543264
61,1985Q1,1.5754356597473644
61,1985Q2,0.9121289637410372
61,1985Q3,2.7860140149691204
61,1985Q4,4.458406872325951
61,1986Q1,3.792812325993158
61,1986Q2,2.5958121515725274
61,1986Q3,2.803314638659088
61,1986Q4,3.578245617934328
61,1987Q1,4.115306616578553
61,1987Q2,2.773034695626046
61,1987Q3,2.959297535136834
61,1987Q4,3.111940498848374
61,1988Q1,4.476666868415119
61,1988Q2,4.505882836479428
61,1988Q3,1.9574460531121245
61,1988Q4,4.276252481691793
61,1989Q1,4.320236231687033
61,1989Q2,1.9895511370442365
61,1989Q3,4.261783679943652
61,1989Q4,3.8535341303523545
61,1990Q1,3.414400485592512
61,1990Q2,2.838543186661365
61,1990Q3,2.600014393872888
61,1990Q4,3.0784510403704064
61,1991Q1,-2.066124760431433
61,1991Q2,3.1610427192353194
61,1991Q3,3.8825647642235483
61,1991Q4,3.233456601005283
61,1992Q1,2.8002900709559713
61,1992Q2,3.7715143926427146
61,1992Q3,4.331566953593396
61,1992Q4,2.089691321133626
61,1993Q1,4.056423195690726
61,1993Q2,4.209310110967743
61,1993Q3,2.0570833443738694
61,1993Q4,3.945419404417022
61,1994Q1,3.7828867606935024
61,1994Q2,4.289548553002962
61,1994Q3,4.485126175678088
61,1994Q4,3.062883666333768
61,1995Q1,1.5122219135690935
61,1995Q2,0.6595681928180999
61,1995Q3,-0.32521964071434617
61,1995Q4,3.6331834733431707
61,1996Q1,3.965150600238183
61,1996Q2,3.7647515253842454
61,1996Q3,-0.9252791097392921
61,1996Q4,2.8106565221488697
61,1997Q1,3.157121113653914
61,1997Q2,-0.6812083412431384
61,1997Q3,3.8958717995129195
61,1997Q4,1.8093886421081997
61,1998Q1,3.3972481811767223
61,1998Q2,3.8941619919807224
61,1998Q3,3.556123288555325
61,1998Q4,3.0189041945797346
61,1999Q1,4.379896396009496
61,1999Q2,4.383386786983262
61,1999Q3,4.4044992434385675
61,1999Q4,3.3862679347661
61,2000Q1,1.7515230598659288
61,2000Q2,3.3833950937152606
61,2000Q3,3.692164015743995
61,2000Q4,3.8295698542982524
61,2001Q1,2.8978503644307145
61,2001Q2,3.7845701163264374
61,2001Q3,4.188234088831338
61,2001Q4,4.150505614674167
61,2002Q1,3.0096816861955986
61,2002Q2,3.772519004176226
61,2002Q3,4.434225913420505
61,2002Q4,4.208687010376396
61,2003Q1,4.508238220403013
61,2003Q2,4.477786821563863
61,2003Q3,3.889934394868798
61,2003Q4,4.171065038589695
61,2004Q1,4.460067591990412
61,2004Q2,4.385182508139608
61,2004Q3,4.41360801980613
61,2004Q4,3.6940355539468626
61,2005Q1,4.399416749887994
61,2005Q2,4.257794901658258
61,2005Q3,4.292250591502701
61,2005Q4,4.40358372248357
61,2006Q1,4.232660288734656
61,2006Q2,2.9532613818884332
61,2006Q3,4.050079484937344
61,2006Q4,3.9110130190669175
61,2007Q1,3.589131751279357
61,2007Q2,4.200418157185587
61,2007Q3,4.202987834221711
61,2007Q4,4.2151866416454675
61,2008Q1,3.3791340451887804
61,2008Q2,3.495222779356839
61,2008Q3,3.3340289872300026
61,2008Q4,3.5700703497304094
61,2009Q1,0.5736971906762518
61,2009Q2,1.033332330986012
61,2009Q3,2.449125812891169
61,2009Q4,3.3016562233571065
61,2010Q1,4.2453399745456775
61,2010Q2,4.020512969448222
61,2010Q3,4.264382641772204
61,2010Q4,4.043249727027621
61,2011Q1,3.4036826988018096
61,2011Q2,4.486416922389947
61,2011Q3,3.437057306578267
61,2011Q4,3.557729750021366
61,2012Q1,3.9136866583390857
61,2012Q2,4.430429097515476
61,2012Q3,3.909275569104057
61,2012Q4,4.307364326519652
61,2013Q1,4.196962369099262
61,2013Q2,4.391223711769358
61,2013Q3,4.443803514290018
61,2013Q4,4.517639763327835
61,2014Q1,4.487705177453974
61,2014Q2,4.4421497105399625
61,2014Q3,4.1014212385772755
61,2014Q4,4.357048105793281
61,2015Q1,4.00462122714998
61,2015Q2,3.8069686417315944
61,2015Q3,4.498616154291725
61,2015Q4,3.877768893683502
61,2016Q1,4.213433028777803
61,2016Q2,4.4660838796298385
61,2016Q3,3.7229278685056117
61,2016Q4,4.510669281893778
61,2017Q1,4.185924766932245
61,2017Q2,4.045545999895646
61,2017Q3,4.375729052976845
61,2017Q4,4.519164905627907
61,2018Q1,4.471591724595576
61,2018Q2,4.26066956811744
61,2018Q3,3.712332007677647
61,2018Q4,4.157684772745439
61,2019Q1,4.38680173581255
61,2019Q2,4.406101780345372
61,2019Q3,4.2696068855330225
61,2019Q4,4.267730078822989
61,2020Q1,3.632154474085934
61,2020Q2,-18.093506303548295
61,2020Q3,-4.958269300251134
61,2020Q4,2.9454239225766594
61,2021Q1,2.697609626057462
61,2021Q2,2.4941228381402105
61,2021Q3,1.0215782685074486
61,2021Q4,0.9807366102750978
61,2022Q1,3.0146503893378274
61,2022Q2,3.368267334638181
61,2022Q3,-1.2311242450419515
61,2022Q4,2.409518267693315
61,2023Q1,3.1700839275062926
61,2023Q2,3.5653287357660264
61,2023Q3,2.9510310573148004
61,2023Q4,1.4189799635517448
62,1980Q1,-1.0599425337219506
62,1980Q2,-0.7563400524978618
62,1980Q3,3.7367445942633015
62,1980Q4,3.606152584884696
62,1981Q1,3.0017001095960403
62,1981Q2,3.652465248916806
62,1981Q3,2.0847620050885793
62,1981Q4,4.463312155558396
62,1982Q1,2.9097511383851193
62,1982Q2,3.396915912918795
62,1982Q3,1.6156402433262773
62,1982Q4,-5.730017175226276
62,1983Q1,1.0650430894944187
62,1983Q2,4.429205687246294
62,1983Q3,3.19355253582724
62,1983Q4,1.38840145019199
62,1984Q1,2.072754688917618
62,1984Q2,3.2212604724892904
62,1984Q3,4.335312995134439
62,1984Q4,3.3795103188555693
62,1985Q1,1.5757230920755503
62,1985Q2,0.9121981722234822
62,1985Q3,2.7862292567859166
62,1985Q4,4.458370192596635
62,1986Q1,3.7928486376239126
62,1986Q2,2.59583750428728
62,1986Q3,2.8034099372763572
62,1986Q4,3.578228217651968
62,1987Q1,4.115354887106493
62,1987Q2,2.7729896847819115
62,1987Q3,2.9593002271673177
62,1987Q4,3.1119461340463257
62,1988Q1,4.476637965777695
62,1988Q2,4.505844835131153
62,1988Q3,1.9573760600674865
62,1988Q4,4.276225373487329
62,1989Q1,4.3202424685214975
62,1989Q2,1.9897071414298981
62,1989Q3,4.261788334859375
62,1989Q4,3.853462504200035
62,1990Q1,3.414483797506037
62,1990Q2,2.83873259276528
62,1990Q3,2.600085707486395
62,1990Q4,3.0787189339212473
62,1991Q1,-2.065624708239592
62,1991Q2,3.161120978608712
62,1991Q3,3.8826279036842055
62,1991Q4,3.2335056348567424
62,1992Q1,2.800443958447098
62,1992Q2,3.77152436503511
62,1992Q3,4.3315291638272315
62,1992Q4,2.0895836520032725
62,1993Q1,4.0564037227518215
62,1993Q2,4.209297421417063
62,1993Q3,2.0568686206739804
62,1993Q4,3.9453227862933513
62,1994Q1,3.7829388529905943
62,1994Q2,4.289551758081859
62,1994Q3,4.485108338204919
62,1994Q4,3.062828547768628
62,1995Q1,1.5119858178620755
62,1995Q2,0.6592047539529453
62,1995Q3,-0.32536184067585605
62,1995Q4,3.6330478268279034
62,1996Q1,3.9651664357697665
62,1996Q2,3.7646209049470443
62,1996Q3,-0.9253592639588923
62,1996Q4,2.81054810894429
62,1997Q1,3.1570353762448002
62,1997Q2,-0.6811571229517117
62,1997Q3,3.8957743352822245
62,1997Q4,1.8091900732937507
62,1998Q1,3.397211363596235
62,1998Q2,3.8941788654183913
62,1998Q3,3.5561063799801165
62,1998Q4,3.018887660326741
62,1999Q1,4.379873205679912
62,1999Q2,4.383330677112507
62,1999Q3,4.404508493489899
62,1999Q4,3.3862842079290085
62,2000Q1,1.7514990153769698
62,2000Q2,3.383367287397329
62,2000Q3,3.6920667480168374
62,2000Q4,3.829522006731703
62,2001Q1,2.8977721871045876
62,2001Q2,3.784562132010354
62,2001Q3,4.188244278195537
62,2001Q4,4.150500138984692
62,2002Q1,3.009712654521373
62,2002Q2,3.772496435586221
62,2002Q3,4.4342097701530525
62,2002Q4,4.208683281964958
62,2003Q1,4.50820573978946
62,2003Q2,4.477750022724286
62,2003Q3,3.8899463619598857
62,2003Q4,4.171077013729727
62,2004Q1,4.460032296978279
62,2004Q2,4.385162005665827
62,2004Q3,4.413589343480876
62,2004Q4,3.694031582991723
62,2005Q1,4.3993968583383465
62,2005Q2,4.25774035260477
62,2005Q3,4.292240086216763
62,2005Q4,4.403570362589625
62,2006Q1,4.232598396633355
62,2006Q2,2.953202982855603
62,2006Q3,4.050088910601974
62,2006Q4,3.9110025810632685
62,2007Q1,3.5891290399090217
62,2007Q2,4.200392150360494
62,2007Q3,4.202984334684961
62,2007Q4,4.215178302889376
62,2008Q1,3.379098448067727
62,2008Q2,3.495148241933852
62,2008Q3,3.3339965173030697
62,2008Q4,3.570065852408506
62,2009Q1,0.573707905172955
62,2009Q2,1.0332009298632632
62,2009Q3,2.4490650966277485
62,2009Q4,3.301623870991758
62,2010Q1,4.245312395014279
62,2010Q2,4.020441043006936
62,2010Q3,4.264353105455189
62,2010Q4,4.043223147971451
62,2011Q1,3.403576801788164
62,2011Q2,4.486391530937226
62,2011Q3,3.4370375290865494
62,2011Q4,3.557748014597107
62,2012Q1,3.913702091996695
62,2012Q2,4.430413724132081
62,2012Q3,3.9092388706312495
62,2012Q4,4.307358101441486
62,2013Q1,4.196936098533394
62,2013Q2,4.3911871441074615
62,2013Q3,4.443776877187987
62,2013Q4,4.517618061838633
62,2014Q1,4.487691726230639
62,2014Q2,4.442129353660522
62,2014Q3,4.101428734599173
62,2014Q4,4.35700643737221
62,2015Q1,4.004597830203014
62,2015Q2,3.806921456337822
62,2015Q3,4.498594381652749
62,2015Q4,3.8777482183543057
62,2016Q1,4.213422127840101
62,2016Q2,4.466046901130102
62,2016Q3,3.7228508592783127
62,2016Q4,4.510651524714287
62,2017Q1,4.185873759174339
62,2017Q2,4.045536128601192
62,2017Q3,4.3756969029274515
62,2017Q4,4.519142311795391
62,2018Q1,4.471575839500095
62,2018Q2,4.260644651730588
62,2018Q3,3.7122879172083088
62,2018Q4,4.157634405735064
62,2019Q1,4.386787636944857
62,2019Q2,4.406080044732157
62,2019Q3,4.269574331203844
62,2019Q4,4.26770237207978
62,2020Q1,3.6323744460620784
62,2020Q2,-18.094713846950683
62,2020Q3,-4.95796768291161
62,2020Q4,2.9455834747986045
62,2021Q1,2.6977932482657403
62,2021Q2,2.494240470585182
62,2021Q3,1.0207592176566846
62,2021Q4,0.9807643479210033
62,2022Q1,3.014725506260789
62,2022Q2,3.3684472135055854
62,2022Q3,-1.229954272501299
62,2022Q4,2.409577222667784
62,2023Q1,3.170312778657216
62,2023Q2,3.56546114138364
62,2023Q3,2.9509364534097413
62,2023Q4,1.4188608254723922
63,1980Q1,-1.0597382046272967
63,1980Q2,-0.7558982452302851
63,1980Q3,3.7367208810085875
63,1980Q4,3.60623233039912
63,1981Q1,3.0016927931529733
63,1981Q2,3.6524811368437833
63,1981Q3,2.0849384776979423
63,1981Q4,4.463309110496898
63,1982Q1,2.9098292378516692
63,1982Q2,3.3969575325105854
63,1982Q3,1.6157144546392246
63,1982Q4,-5.72973721383992
63,1983Q1,1.0652674819023367
63,1983Q2,4.429263925566483
63,1983Q3,3.193896637330261
63,1983Q4,1.388791601136651
63,1984Q1,2.072950181234473
63,1984Q2,3.2213220269829383
63,1984Q3,4.335357430898449
63,1984Q4,3.379543716833046
63,1985Q1,1.5759537916735629
63,1985Q2,0.9125175199008968
63,1985Q3,2.7862781203474842
63,1985Q4,4.458365236225047
63,1986Q1,3.792808519529713
63,1986Q2,2.595684788317897
63,1986Q3,2.803445179847949
63,1986Q4,3.57827094194489
63,1987Q1,4.115336005858318
63,1987Q2,2.773108107489856
63,1987Q3,2.959402280184827
63,1987Q4,3.1120805372892466
63,1988Q1,4.476600119895664
63,1988Q2,4.505811251179517
63,1988Q3,1.9573563845005708
63,1988Q4,4.276224214487394
63,1989Q1,4.320241279580335
63,1989Q2,1.9897832546675822
63,1989Q3,4.261832364574126
63,1989Q4,3.853401830502261
63,1990Q1,3.414593124630576
63,1990Q2,2.8387479294919453
63,1990Q3,2.6001677794432583
63,1990Q4,3.078681256095778
63,1991Q1,-2.065428078782788
63,1991Q2,3.1612463257309913
63,1991Q3,3.882800125835704
63,1991Q4,3.233555023427532
63,1992Q1,2.800437620007439
63,1992Q2,3.771502525312428
63,1992Q3,4.331480485289465
63,1992Q4,2.089589866923446
63,1993Q1,4.056414080434651
63,1993Q2,4.209285231295114
63,1993Q3,2.056589861967876
63,1993Q4,3.9452467611557926
63,1994Q1,3.782990972918133
63,1994Q2,4.289537289190492
63,1994Q3,4.4850838194694775
63,1994Q4,3.062656288892922
63,1995Q1,1.5115443287455181
63,1995Q2,0.6586922223594351
63,1995Q3,-0.32565451673256707
63,1995Q4,3.632920914022785
63,1996Q1,3.9651938912632136
63,1996Q2,3.764408219356717
63,1996Q3,-0.9258649877166834
63,1996Q4,2.810303884506054
63,1997Q1,3.156867361922375
63,1997Q2,-0.6810722864386438
63,1997Q3,3.895621662154585
63,1997Q4,1.8087920011610374
63,1998Q1,3.397081686533907
63,1998Q2,3.894181896240803
63,1998Q3,3.5561296720548285
63,1998Q4,3.018797965887365
63,1999Q1,4.379854101780435
63,1999Q2,4.3832772610146336
63,1999Q3,4.404526113354398
63,1999Q4,3.3863371218881246
63,2000Q1,1.751216147357412
63,2000Q2,3.383291851605824
63,2000Q3,3.692019092448392
63,2000Q4,3.829525863097382
63,2001Q1,2.897549271692335
63,2001Q2,3.784543218207321
63,2001Q3,4.188244481142892
63,2001Q4,4.150506034036322
63,2002Q1,3.0097362633926323
63,2002Q2,3.772541675277556
63,2002Q3,4.43421445735694
63,2002Q4,4.208691546654434
63,2003Q1,4.508176219734546
63,2003Q2,4.477727885415144
63,2003Q3,3.8899488189800584
63,2003Q4,4.171079262441651
63,2004Q1,4.459985500946126
63,2004Q2,4.385115898293989
63,2004Q3,4.413569387147295
63,2004Q4,3.6940108136969765
63,2005Q1,4.399383573631871
63,2005Q2,4.257702502724873
63,2005Q3,4.292233632525884
63,2005Q4,4.403565226688476
63,2006Q1,4.232566839042621
63,2006Q2,2.9531971623580624
63,2006Q3,4.050113255262483
63,2006Q4,3.911030234113684
63,2007Q1,3.5891823874226394
63,2007Q2,4.200339787462283
63,2007Q3,4.203012201811797
63,2007Q4,4.215129556721985
63,2008Q1,3.378990547392709
63,2008Q2,3.4950067505095044
63,2008Q3,3.333902494079872
63,2008Q4,3.5701045125391047
63,2009Q1,0.5736628921289411
63,2009Q2,1.0327381686007202
63,2009Q3,2.449006293956374
63,2009Q4,3.301647466883093
63,2010Q1,4.245322255364696
63,2010Q2,4.020341870770741
63,2010Q3,4.264350509044495
63,2010Q4,4.04318354603088
63,2011Q1,3.403574107415321
63,2011Q2,4.486378766899995
63,2011Q3,3.437072838985391
63,2011Q4,3.5577140948150716
63,2012Q1,3.9136750213436056
63,2012Q2,4.430409699608291
63,2012Q3,3.9091947226674586
63,2012Q4,4.30734558520786
63,2013Q1,4.196887443007759
63,2013Q2,4.391174420751645
63,2013Q3,4.443747770876145
63,2013Q4,4.517599495636768
63,2014Q1,4.487682295847809
63,2014Q2,4.442114610765719
63,2014Q3,4.101402194449361
63,2014Q4,4.3570019062910275
63,2015Q1,4.0045886089049905
63,2015Q2,3.8069452477875334
63,2015Q3,4.49857609781219
63,2015Q4,3.8777371185874374
63,2016Q1,4.213384544665885
63,2016Q2,4.466020737194575
63,2016Q3,3.7228267416472156
63,2016Q4,4.510636862336911
63,2017Q1,4.185833241411406
63,2017Q2,4.045565050052694
63,2017Q3,4.375667332059909
63,2017Q4,4.519126465215071
63,2018Q1,4.471567343796756
63,2018Q2,4.2606309091543375
63,2018Q3,3.7122890966217437
63,2018Q4,4.157595488840655
63,2019Q1,4.386759118740894
63,2019Q2,4.406060825754197
63,2019Q3,4.269540795032733
63,2019Q4,4.267703846675229
63,2020Q1,3.632272436934284
63,2020Q2,-18.092245257000478
63,2020Q3,-4.95695848649283
63,2020Q4,2.9459099142044427
63,2021Q1,2.6979388056701348
63,2021Q2,2.4940930633619773
63,2021Q3,1.0210719303683997
63,2021Q4,0.9809624185581809
63,2022Q1,3.01467646575821
63,2022Q2,3.3682037695039506
63,2022Q3,-1.2308418814259374
63,2022Q4,2.4092915940965645
63,2023Q1,3.17010299923352
63,2023Q2,3.565428764237223
63,2023Q3,2.9506905833029515
63,2023Q4,1.4184908188439023
64,1980Q1,-1.0593608014502847
64,1980Q2,-0.7558058762776536
64,1980Q3,3.736759387226399
64,1980Q4,3.6062596140753698
64,1981Q1,3.001739600578838
64,1981Q2,3.6525367367516246
64,1981Q3,2.0851119384016727
64,1981Q4,4.463320670760412
64,1982Q1,2.9099985170454747
64,1982Q2,3.3969645684298557
64,1982Q3,1.6157310945944467
64,1982Q4,-5.72929551218845
64,1983Q1,1.065136609930891
64,1983Q2,4.429250535396001
64,1983Q3,3.194073598975492
64,1983Q4,1.3890594195917894
64,1984Q1,2.0731292137844544
64,1984Q2,3.2213755233898826
64,1984Q3,4.335346633450078
64,1984Q4,3.379567604493518
64,1985Q1,1.5762544202420212
64,1985Q2,0.9126577672899443
64,1985Q3,2.7863121485127644
64,1985Q4,4.458365261117874
64,1986Q1,3.7927625575549495
64,1986Q2,2.59570939875489
64,1986Q3,2.8034521124861143
64,1986Q4,3.578308764767787
64,1987Q1,4.115372587704783
64,1987Q2,2.7731923554391553
64,1987Q3,2.9594586255787485
64,1987Q4,3.112117410582104
64,1988Q1,4.47659539123945
64,1988Q2,4.5057981404847975
64,1988Q3,1.9574352354013937
64,1988Q4,4.276206124888472
64,1989Q1,4.320236403624595
64,1989Q2,1.9898734125680564
64,1989Q3,4.261850300816498
64,1989Q4,3.8534002214208845
64,1990Q1,3.4146841723359054
64,1990Q2,2.8388875737680035
64,1990Q3,2.6001946215371206
64,1990Q4,3.0788276726481127
64,1991Q1,-2.0650644759509236
64,1991Q2,3.161220238017354
64,1991Q3,3.8828209617852316
64,1991Q4,3.2335872533432335
64,1992Q1,2.800476135778903
64,1992Q2,3.771487723686346
64,1992Q3,4.33145740488372
64,1992Q4,2.089677199345778
64,1993Q1,4.056444667661453
64,1993Q2,4.209254515360465
64,1993Q3,2.056323495234143
64,1993Q4,3.945166853649245
64,1994Q1,3.783018610255537
64,1994Q2,4.289534746946156
64,1994Q3,4.485078963358465
64,1994Q4,3.0625716043171582
64,1995Q1,1.5113810025863441
64,1995Q2,0.6583894834442914
64,1995Q3,-0.32588751366807234
64,1995Q4,3.6328194078652207
64,1996Q1,3.965228193305045
64,1996Q2,3.764227587440693
64,1996Q3,-0.9262446252273016
64,1996Q4,2.8100801548919527
64,1997Q1,3.1567039496011855
64,1997Q2,-0.6809922738745842
64,1997Q3,3.8955029846367513
64,1997Q4,1.808427582443164
64,1998Q1,3.3969797023078794
64,1998Q2,3.8941887579136605
64,1998Q3,3.5561126297595025
64,1998Q4,3.01867329788302
64,1999Q1,4.379825045887126
64,1999Q2,4.383261391231926
64,1999Q3,4.404539108290598
64,1999Q4,3.3863314564718117
64,2000Q1,1.7510867683556919
64,2000Q2,3.3832376838885376
64,2000Q3,3.6920114702117703
64,2000Q4,3.829500927742677
64,2001Q1,2.8974356238631382
64,2001Q2,3.7845920001087685
64,2001Q3,4.1882303447245635
64,2001Q4,4.150514823633733
64,2002Q1,3.0097375404745828
64,2002Q2,3.7725608529007477
64,2002Q3,4.434202620240464
64,2002Q4,4.208680487461356
64,2003Q1,4.508157267009716
64,2003Q2,4.477712359276494
64,2003Q3,3.8899362536648514
64,2003Q4,4.171065219551695
64,2004Q1,4.4599602836581544
64,2004Q2,4.385094547681867
64,2004Q3,4.4135505554549015
64,2004Q4,3.69398924692924
64,2005Q1,4.399372884505625
64,2005Q2,4.257678249709269
64,2005Q3,4.292223427244954
64,2005Q4,4.40356541005175
64,2006Q1,4.2325393465014205
64,2006Q2,2.953188346042335
64,2006Q3,4.050124081688358
64,2006Q4,3.9110372228984858
64,2007Q1,3.5892063026243672
64,2007Q2,4.2002866236042244
64,2007Q3,4.203018674584248
64,2007Q4,4.215107711012744
64,2008Q1,3.3789071208106236
64,2008Q2,3.4948803755466447
64,2008Q3,3.333824681901471
64,2008Q4,3.5701153534314196
64,2009Q1,0.5738324083199413
64,2009Q2,1.0325230866774788
64,2009Q3,2.4489052665480675
64,2009Q4,3.3016177667607147
64,2010Q1,4.245320567527715
64,2010Q2,4.020274432859623
64,2010Q3,4.264349091543097
64,2010Q4,4.0431609446019685
64,2011Q1,3.403576400776508
64,2011Q2,4.4863707640604815
64,2011Q3,3.4371292740261246
64,2011Q4,3.5576897851680207
64,2012Q1,3.9136786992703465
64,2012Q2,4.430405212380136
64,2012Q3,3.9091564550091547
64,2012Q4,4.307348229148068
64,2013Q1,4.196847427883263
64,2013Q2,4.391154709053454
64,2013Q3,4.443729470129786
64,2013Q4,4.517589999532169
64,2014Q1,4.487680777352631
64,2014Q2,4.442098193009433
64,2014Q3,4.101397981621608
64,2014Q4,4.3569849038301465
64,2015Q1,4.00457225448249
64,2015Q2,3.806959472603719
64,2015Q3,4.4985656918856955
64,2015Q4,3.8777354109835125
64,2016Q1,4.213373110356786
64,2016Q2,4.466000978354352
64,2016Q3,3.7228101909481968
64,2016Q4,4.510626886162928
64,2017Q1,4.185805038819626
64,2017Q2,4.045583225108611
64,2017Q3,4.375645720848652
64,2017Q4,4.519111904340439
64,2018Q1,4.471561384330958
64,2018Q2,4.26062374765367
64,2018Q3,3.7123087929625047
64,2018Q4,4.15757214233234
64,2019Q1,4.3867434480045455
64,2019Q2,4.406043745734614
64,2019Q3,4.269514967136302
64,2019Q4,4.267698115191939
64,2020Q1,3.632203726718593
64,2020Q2,-18.091135189044845
64,2020Q3,-4.95639989684129
64,2020Q4,2.946015452115806
64,2021Q1,2.698024208063125
64,2021Q2,2.4941712398228404
64,2021Q3,1.0213935050987542
64,2021Q4,0.9810767020677194
64,2022Q1,3.014647855911794
64,2022Q2,3.3680599897448005
64,2022Q3,-1.2314665687426727
64,2022Q4,2.4090254135563036
64,2023Q1,3.1698782738581923
64,2023Q2,3.5653647746726693
64,2023Q3,2.9504889002379984
64,2023Q4,1.4182271191602545
65,1980Q1,-1.0589218786507946
65,1980Q2,-0.7558367116696418
65,1980Q3,3.7368207107633093
65,1980Q4,3.6062850034790244
65,1981Q1,3.001811034188394
65,1981Q2,3.652589155421248
65,1981Q3,2.0852611303471598
65,1981Q4,4.463346572534623
65,1982Q1,2.9102133586377583
65,1982Q2,3.396949776666985
65,1982Q3,1.6157168031668436
65,1982Q4,-5.729023086699161
65,1983Q1,1.0649644644502971
65,1983Q2,4.429202161901934
65,1983Q3,3.1940747559500124
65,1983Q4,1.389220605620617
65,1984Q1,2.073226584336305
65,1984Q2,3.2214835557403942
65,1984Q3,4.33532302325915
65,1984Q4,3.3795606320341456
65,1985Q1,1.5765859613866318
65,1985Q2,0.9127109458595579
65,1985Q3,2.786343756048642
65,1985Q4,4.458375269258728
65,1986Q1,3.7926950222251543
65,1986Q2,2.5957936491985336
65,1986Q3,2.8034536557406904
65,1986Q4,3.578330793034915
65,1987Q1,4.115420952020569
65,1987Q2,2.7732930118399493
65,1987Q3,2.9594976266965762
65,1987Q4,3.1121313002068964
65,1988Q1,4.476620032708649
65,1988Q2,4.505808323618095
65,1988Q3,1.9575556409985104
65,1988Q4,4.2761823630129845
65,1989Q1,4.320246909416164
65,1989Q2,1.989913350138174
65,1989Q3,4.261866891548767
65,1989Q4,3.853456639253938
65,1990Q1,3.4147369145581905
65,1990Q2,2.8390295524642744
65,1990Q3,2.600184397529806
65,1990Q4,3.0790590247494114
65,1991Q1,-2.064819287731434
65,1991Q2,3.161185093607854
65,1991Q3,3.8827706173288434
65,1991Q4,3.2335721964448254
65,1992Q1,2.80055508968712
65,1992Q2,3.771470643126543
65,1992Q3,4.331474386456731
65,1992Q4,2.089825517547372
65,1993Q1,4.056503208673995
65,1993Q2,4.2092291172445755
65,1993Q3,2.0561246929799224
65,1993Q4,3.94512119113507
65,1994Q1,3.783038950941246
65,1994Q2,4.289544137636051
65,1994Q3,4.48509423103513
65,1994Q4,3.062505130727221
65,1995Q1,1.511300567116474
65,1995Q2,0.6581780868468892
65,1995Q3,-0.3261292531882498
65,1995Q4,3.632735233848329
65,1996Q1,3.9652694305930973
65,1996Q2,3.7640838228044133
65,1996Q3,-0.9265376465810835
65,1996Q4,2.809913928465404
65,1997Q1,3.156576821503057
65,1997Q2,-0.6808705023290926
65,1997Q3,3.8954191805489775
65,1997Q4,1.8080868660260383
65,1998Q1,3.396880670291643
65,1998Q2,3.8942035547112877
65,1998Q3,3.556093485700935
65,1998Q4,3.018554382425016
65,1999Q1,4.379801110365366
65,1999Q2,4.383280602712438
65,1999Q3,4.404547169118275
65,1999Q4,3.386299811527638
65,2000Q1,1.750959826335202
65,2000Q2,3.3831906155438785
65,2000Q3,3.6920377862923366
65,2000Q4,3.8294843740699505
65,2001Q1,2.8973267668708944
65,2001Q2,3.784650723740082
65,2001Q3,4.188218732627767
65,2001Q4,4.150539867616215
65,2002Q1,3.009715762007237
65,2002Q2,3.7725869275724833
65,2002Q3,4.434201000557725
65,2002Q4,4.208679526442594
65,2003Q1,4.508158681240254
65,2003Q2,4.477718599526402
65,2003Q3,3.8899161816419734
65,2003Q4,4.171044890476974
65,2004Q1,4.459941454920846
65,2004Q2,4.385070343761967
65,2004Q3,4.413552137531738
65,2004Q4,3.69397396568567
65,2005Q1,4.399377776081916
65,2005Q2,4.257679923808914
65,2005Q3,4.292222322500174
65,2005Q4,4.403579252432964
65,2006Q1,4.23253425316297
65,2006Q2,2.953182809708026
65,2006Q3,4.0501292249202105
65,2006Q4,3.911048409285937
65,2007Q1,3.5892278334468863
65,2007Q2,4.200255439475212
65,2007Q3,4.203028463347282
65,2007Q4,4.215085060458042
65,2008Q1,3.378819791957735
65,2008Q2,3.4947513853257126
65,2008Q3,3.333745661655184
65,2008Q4,3.5701330099765776
65,2009Q1,0.5739939925763227
65,2009Q2,1.0323311263624677
65,2009Q3,2.4487678639973574
65,2009Q4,3.3015554534940525
65,2010Q1,4.2453154954124654
65,2010Q2,4.020196021175665
65,2010Q3,4.264359478699695
65,2010Q4,4.04316155390555
65,2011Q1,3.4036041291146084
65,2011Q2,4.486374977548167
65,2011Q3,3.437193713309169
65,2011Q4,3.557664387499395
65,2012Q1,3.913696097974536
65,2012Q2,4.430408936971235
65,2012Q3,3.9091152831710767
65,2012Q4,4.30736511335961
65,2013Q1,4.196822736902821
65,2013Q2,4.391147372714261
65,2013Q3,4.443726110071653
65,2013Q4,4.517596398385205
65,2014Q1,4.487687891795916
65,2014Q2,4.442096961178853
65,2014Q3,4.101397693965787
65,2014Q4,4.3569769138411525
65,2015Q1,4.004546084830926
65,2015Q2,3.8069755129240868
65,2015Q3,4.498569801857973
65,2015Q4,3.877728352447436
65,2016Q1,4.2133698883238315
65,2016Q2,4.465995881928954
65,2016Q3,3.722815818214715
65,2016Q4,4.510629430528706
65,2017Q1,4.1857946545845675
65,2017Q2,4.045597935683644
65,2017Q3,4.375638683651162
65,2017Q4,4.519110023963361
65,2018Q1,4.47156653635052
65,2018Q2,4.260626442759573
65,2018Q3,3.7123368412454743
65,2018Q4,4.157560251474119
65,2019Q1,4.38673522025256
65,2019Q2,4.4060356385400405
65,2019Q3,4.269496612285522
65,2019Q4,4.267695567342913
65,2020Q1,3.632170071463497
65,2020Q2,-18.090926574543385
65,2020Q3,-4.956162235702536
65,2020Q4,2.94599151107431
65,2021Q1,2.698024466580159
65,2021Q2,2.4943075679769535
65,2021Q3,1.021709568846961
65,2021Q4,0.9811532984650313
65,2022Q1,3.014654284090388
65,2022Q2,3.368030541012242
65,2022Q3,-1.231750748442181
65,2022Q4,2.408849657895964
65,2023Q1,3.1697261823125906
65,2023Q2,3.5653185311775837
65,2023Q3,2.9503302048604807
65,2023Q4,1.4180253454312801
66,1980Q1,-1.0585894928936455
66,1980Q2,-0.7559159711113743
66,1980Q3,3.7368814748141013
66,1980Q4,3.6062885181552318
66,1981Q1,3.001918973342699
66,1981Q2,3.6526331514075325
66,1981Q3,2.0853974634483405
66,1981Q4,4.4633910743483485
66,1982Q1,2.910480971700723
66,1982Q2,3.3968886866763
66,1982Q3,1.6156543534675847
66,1982Q4,-5.728702652392343
66,1983Q1,1.064589848187425
66,1983Q2,4.429174501345592
66,1983Q3,3.194093938973543
66,1983Q4,1.3892877695031522
66,1984Q1,2.0733288672325956
66,1984Q2,3.221563213929733
66,1984Q3,4.335296978453194
66,1984Q4,3.379554501477389
66,1985Q1,1.5769125768758556
66,1985Q2,0.9126606821756069
66,1985Q3,2.7862825296346454
66,1985Q4,4.458409960705962
66,1986Q1,3.792578079439364
66,1986Q2,2.5958241662090056
66,1986Q3,2.803439500634969
66,1986Q4,3.5783040787473346
66,1987Q1,4.115486738361855
66,1987Q2,2.773352658383866
66,1987Q3,2.959515626993757
66,1987Q4,3.1121203848526386
66,1988Q1,4.476665658853714
66,1988Q2,4.505842533582606
66,1988Q3,1.957749307936362
66,1988Q4,4.276136721930479
66,1989Q1,4.3202831941156
66,1989Q2,1.9898494867686285
66,1989Q3,4.261890955414406
66,1989Q4,3.853533017619036
66,1990Q1,3.4147865884480777
66,1990Q2,2.839132270720796
66,1990Q3,2.600146534245319
66,1990Q4,3.079317738917431
66,1991Q1,-2.0646506421327864
66,1991Q2,3.161116180073047
66,1991Q3,3.8827221778661283
66,1991Q4,3.233606426596295
66,1992Q1,2.8005920540119735
66,1992Q2,3.771488528324543
66,1992Q3,4.331497597002303
66,1992Q4,2.089961806705986
66,1993Q1,4.056597035684543
66,1993Q2,4.209220227728649
66,1993Q3,2.0559389873608245
66,1993Q4,3.945075830016867
66,1994Q1,3.7830521608908283
66,1994Q2,4.289563348031732
66,1994Q3,4.485136221479082
66,1994Q4,3.062376752741399
66,1995Q1,1.5111769546948564
66,1995Q2,0.6579989976813976
66,1995Q3,-0.32640119178240123
66,1995Q4,3.6326879810686763
66,1996Q1,3.9652966079839214
66,1996Q2,3.763928492529846
66,1996Q3,-0.9267755951517938
66,1996Q4,2.80980914088088
66,1997Q1,3.1564863188295655
66,1997Q2,-0.6807579552811349
66,1997Q3,3.8953618347905556
66,1997Q4,1.8076778300408751
66,1998Q1,3.3967342469084203
66,1998Q2,3.894247910477068
66,1998Q3,3.556092981249403
66,1998Q4,3.0184852670178124
66,1999Q1,4.379795762541343
66,1999Q2,4.383331065176244
66,1999Q3,4.404558938473752
66,1999Q4,3.3862479512465313
66,2000Q1,1.7507972680103143
66,2000Q2,3.383184347646939
66,2000Q3,3.6921390189603054
66,2000Q4,3.8294597239829162
66,2001Q1,2.8970591009403663
66,2001Q2,3.7846930241307635
66,2001Q3,4.1882088384781175
66,2001Q4,4.150580300463933
66,2002Q1,3.0097171685242587
66,2002Q2,3.772593032373088
66,2002Q3,4.434215375623077
66,2002Q4,4.208689773447103
66,2003Q1,4.50818262152415
66,2003Q2,4.477745810853434
66,2003Q3,3.889911760097363
66,2003Q4,4.171022897132047
66,2004Q1,4.459924066517303
66,2004Q2,4.385031845184419
66,2004Q3,4.413575982568996
66,2004Q4,3.693990221255777
66,2005Q1,4.399380281895892
66,2005Q2,4.257710675985311
66,2005Q3,4.292228289112701
66,2005Q4,4.403598791313354
66,2006Q1,4.232550974266559
66,2006Q2,2.9531875910095904
66,2006Q3,4.0501272966846145
66,2006Q4,3.911041371137972
66,2007Q1,3.5892312124105303
66,2007Q2,4.200238581007137
66,2007Q3,4.203042994942698
66,2007Q4,4.2150710228247865
66,2008Q1,3.378763515108999
66,2008Q2,3.494645341894665
66,2008Q3,3.3337237198870726
66,2008Q4,3.570126787618547
66,2009Q1,0.57406586040609
66,2009Q2,1.0319146557215726
66,2009Q3,2.4485755865989134
66,2009Q4,3.301508621335178
66,2010Q1,4.245336301299013
66,2010Q2,4.020069140198842
66,2010Q3,4.264407437582051
66,2010Q4,4.043187694239711
66,2011Q1,3.4036773563665026
66,2011Q2,4.486389780531105
66,2011Q3,3.43724906128616
66,2011Q4,3.557627461506086
66,2012Q1,3.9136918603188398
66,2012Q2,4.430423089690433
66,2012Q3,3.9090539010924736
66,2012Q4,4.307392320377031
66,2013Q1,4.1968100557434775
66,2013Q2,4.391157710703103
66,2013Q3,4.443734447712106
66,2013Q4,4.517619752689054
66,2014Q1,4.487701387485357
66,2014Q2,4.4421207490622
66,2014Q3,4.101391560350271
66,2014Q4,4.356990174569244
66,2015Q1,4.004526451987383
66,2015Q2,3.8070304273376285
66,2015Q3,4.498584276629914
66,2015Q4,3.8777283681079804
66,2016Q1,4.213365413908644
66,2016Q2,4.466013611711645
66,2016Q3,3.7228585889641193
66,2016Q4,4.510644915036384
66,2017Q1,4.185791962378284
66,2017Q2,4.045644407384736
66,2017Q3,4.375654405076068
66,2017Q4,4.51912498699579
66,2018Q1,4.471583206394917
66,2018Q2,4.2606491087801786
66,2018Q3,3.7124014528123417
66,2018Q4,4.157557499416022
66,2019Q1,4.386722868589564
66,2019Q2,4.406037152417948
66,2019Q3,4.269485853985978
66,2019Q4,4.267716519521759
66,2020Q1,3.632133094317125
66,2020Q2,-18.09114738115906
66,2020Q3,-4.956026601670509
66,2020Q4,2.945894574881743
66,2021Q1,2.6979849181785065
66,2021Q2,2.494513012498079
66,2021Q3,1.0221312634989816
66,2021Q4,0.9811718645085037
66,2022Q1,3.014796227765787
66,2022Q2,3.368176722049711
66,2022Q3,-1.2317427305360074
66,2022Q4,2.4088960343621166
66,2023Q1,3.1696766585788714
66,2023Q2,3.5653212039680895
66,2023Q3,2.950146406839689
66,2023Q4,1.417799027973861
67,1980Q1,-1.0586119343024762
67,1980Q2,-0.7562459887920641
67,1980Q3,3.7369358130226584
67,1980Q4,3.606278887680351
67,1981Q1,3.001974937878246
67,1981Q2,3.652669722201418
67,1981Q3,2.085728039896638
67,1981Q4,4.463511461792847
67,1982Q1,2.9110158681390788
67,1982Q2,3.3966535004192484
67,1982Q3,1.615212616186441
67,1982Q4,-5.728775845306156
67,1983Q1,1.0630568191894838
67,1983Q2,4.429107096781116
67,1983Q3,3.1946481393556314
67,1983Q4,1.3903634111906067
67,1984Q1,2.0734910483713134
67,1984Q2,3.221693172810735
67,1984Q3,4.335276998582905
67,1984Q4,3.379239788302843
67,1985Q1,1.5777444437286983
67,1985Q2,0.9124578350998176
67,1985Q3,2.7860371387375147
67,1985Q4,4.458441258874781
67,1986Q1,3.7921101714707577
67,1986Q2,2.5953945448637032
67,1986Q3,2.8033404316351693
67,1986Q4,3.5782137258782214
67,1987Q1,4.115457047459609
67,1987Q2,2.77357287421305
67,1987Q3,2.959586378722538
67,1987Q4,3.112165972114465
67,1988Q1,4.476723817225461
67,1988Q2,4.50589363956094
67,1988Q3,1.9579126664286992
67,1988Q4,4.276051369328075
67,1989Q1,4.320306422580857
67,1989Q2,1.9893940676584978
67,1989Q3,4.262003368291053
67,1989Q4,3.853633401017036
67,1990Q1,3.415098563092107
67,1990Q2,2.8392401031516865
67,1990Q3,2.6001690762943976
67,1990Q4,3.0798036686405674
67,1991Q1,-2.064973097366268
67,1991Q2,3.160769495997006
67,1991Q3,3.8827691896142738
67,1991Q4,3.2332635411313437
67,1992Q1,2.8004094931211645
67,1992Q2,3.7711535183283575
67,1992Q3,4.331514902539346
67,1992Q4,2.0900746464752444
67,1993Q1,4.05680426680901
67,1993Q2,4.209059144013782
67,1993Q3,2.0557971642725157
67,1993Q4,3.945245238639127
67,1994Q1,3.783359041407067
67,1994Q2,4.289692119290045
67,1994Q3,4.485210305729726
67,1994Q4,3.062209217112267
67,1995Q1,1.5109572422505813
67,1995Q2,0.6580394345182388
67,1995Q3,-0.3262958183331275
67,1995Q4,3.632823767385449
67,1996Q1,3.9652856564434487
67,1996Q2,3.7637131184478143
67,1996Q3,-0.9264755243241352
67,1996Q4,2.8098939608701534
67,1997Q1,3.156533052334164
67,1997Q2,-0.6804245454064315
67,1997Q3,3.8953043300196004
67,1997Q4,1.8067793294679722
67,1998Q1,3.396244832524105
67,1998Q2,3.894608668156382
67,1998Q3,3.556219325982365
67,1998Q4,3.0186357534269375
67,1999Q1,4.379839348278466
67,1999Q2,4.383369752371503
67,1999Q3,4.404657942402051
67,1999Q4,3.3858823040324113
67,2000Q1,1.750654596737546
67,2000Q2,3.382881519000664
67,2000Q3,3.6923714940403043
67,2000Q4,3.8296434932546273
67,2001Q1,2.8962242957532793
67,2001Q2,3.7847775335483513
67,2001Q3,4.18809444778959
67,2001Q4,4.150661013214185
67,2002Q1,3.0095449128670357
67,2002Q2,3.7725004869615466
67,2002Q3,4.4343251291969485
67,2002Q4,4.2086785329432335
67,2003Q1,4.508195194710665
67,2003Q2,4.477828339009165
67,2003Q3,3.8896693546068484
67,2003Q4,4.170809553870863
67,2004Q1,4.459782966367477
67,2004Q2,4.384778019065391
67,2004Q3,4.413571646749962
67,2004Q4,3.6937631904724055
67,2005Q1,4.399438613560674
67,2005Q2,4.257673950640119
67,2005Q3,4.292115578713887
67,2005Q4,4.403682301051203
67,2006Q1,4.232515895738646
67,2006Q2,2.9529573520429393
67,2006Q3,4.049933155739423
67,2006Q4,3.9109468584226237
67,2007Q1,3.589254376407405
67,2007Q2,4.200100352015629
67,2007Q3,4.203099762549294
67,2007Q4,4.214994339044815
67,2008Q1,3.378387608168332
67,2008Q2,3.494542869645792
67,2008Q3,3.333531972867875
67,2008Q4,3.5702943296555545
67,2009Q1,0.5741791674583623
67,2009Q2,1.0310138817124628
67,2009Q3,2.44835313871588
67,2009Q4,3.3016150815795404
67,2010Q1,4.245345319775127
67,2010Q2,4.019497887840976
67,2010Q3,4.26453773397183
67,2010Q4,4.0433955529833785
67,2011Q1,3.4038079399558003
67,2011Q2,4.486449467998657
67,2011Q3,3.4373446867213437
67,2011Q4,3.5574719947888367
67,2012Q1,3.9137562928005227
67,2012Q2,4.430491487127245
67,2012Q3,3.909010280712349
67,2012Q4,4.307491821897125
67,2013Q1,4.19670463054692
67,2013Q2,4.391162345616407
67,2013Q3,4.443727754242216
67,2013Q4,4.517664274663574
67,2014Q1,4.487749263166719
67,2014Q2,4.442144742030173
67,2014Q3,4.101326522866937
67,2014Q4,4.357002731675212
67,2015Q1,4.004608592593749
67,2015Q2,3.8071027458360875
67,2015Q3,4.498611998832776
67,2015Q4,3.8777722614278556
67,2016Q1,4.213371265485182
67,2016Q2,4.466046880731854
67,2016Q3,3.72292229716758
67,2016Q4,4.510677933251973
67,2017Q1,4.185670974111365
67,2017Q2,4.045787322478514
67,2017Q3,4.375673665036505
67,2017Q4,4.519149070664383
67,2018Q1,4.471621504913552
67,2018Q2,4.260704138276222
67,2018Q3,3.7124933970153116
67,2018Q4,4.157479762173626
67,2019Q1,4.386664662628789
67,2019Q2,4.406024158647783
67,2019Q3,4.269455632748423
67,2019Q4,4.267759621359421
67,2020Q1,3.6320051124254067
67,2020Q2,-18.09256448948659
67,2020Q3,-4.9549385870365015
67,2020Q4,2.946424146756372
67,2021Q1,2.6983630568435464
67,2021Q2,2.494722510950567
67,2021Q3,1.0228955047207187
67,2021Q4,0.9811007393811715
67,2022Q1,3.0153956431062863
67,2022Q2,3.368926322441065
67,2022Q3,-1.2309261452350997
67,2022Q4,2.409742880011639
67,2023Q1,3.1698082403972148
67,2023Q2,3.5652551765333365
67,2023Q3,2.9499994938243774
67,2023Q4,1.417857076181165
68,1980Q1,-1.0583933016501197
68,1980Q2,-0.7562117915067343
68,1980Q3,3.7370271111355873
68,1980Q4,3.606375883304672
68,1981Q1,3.001992931561637
68,1981Q2,3.65260538976098
68,1981Q3,2.0858138528114476
68,1981Q4,4.463477288503315
68,1982Q1,2.911422014284314
68,1982Q2,3.396386999608789
68,1982Q3,1.6151899764684536
68,1982Q4,-5.72681515312725
68,1983Q1,1.0623800870504168
68,1983Q2,4.429192205880871
68,1983Q3,3.1939150979179027
68,1983Q4,1.3882488639587653
68,1984Q1,2.073877610571224
68,1984Q2,3.2218171963746967
68,1984Q3,4.335271601438731
68,1984Q4,3.3793593967831135
68,1985Q1,1.5777689033828644
68,1985Q2,0.9123520093978521
68,1985Q3,2.785599974056391
68,1985Q4,4.458530298578134
68,1986Q1,3.791759359786163
68,1986Q2,2.594971063670988
68,1986Q3,2.803225172782186
68,1986Q4,3.577956604928361
68,1987Q1,4.115617602726126
68,1987Q2,2.773491710438389
68,1987Q3,2.959646229221834
68,1987Q4,3.1121427297921134
68,1988Q1,4.476741265291003
68,1988Q2,4.505943977513515
68,1988Q3,1.9583242348345418
68,1988Q4,4.2758218180400185
68,1989Q1,4.320561211304602
68,1989Q2,1.9891000311653144
68,1989Q3,4.2619357276558665
68,1989Q4,3.8535311925432585
68,1990Q1,3.4148785617996515
68,1990Q2,2.838921272060138
68,1990Q3,2.5997830867065863
68,1990Q4,3.079921124979094
68,1991Q1,-2.064694248610513
68,1991Q2,3.1607522403972172
68,1991Q3,3.882390756486796
68,1991Q4,3.2341478542099256
68,1992Q1,2.7999949219126896
68,1992Q2,3.771943980085176
68,1992Q3,4.331501871879427
68,1992Q4,2.0904511329483575
68,1993Q1,4.056797999816259
68,1993Q2,4.209353645667626
68,1993Q3,2.0557308611284717
68,1993Q4,3.944980990685578
68,1994Q1,3.7829233196810126
68,1994Q2,4.289592019835408
68,1994Q3,4.485323328180124
68,1994Q4,3.0614313456758078
68,1995Q1,1.5099343496567852
68,1995Q2,0.6576010907754117
68,1995Q3,-0.32641705690972955
68,1995Q4,3.6327893348071587
68,1996Q1,3.965338399644952
68,1996Q2,3.7636368954901696
68,1996Q3,-0.9255377069645281
68,1996Q4,2.810579346205585
68,1997Q1,3.157134732961495
68,1997Q2,-0.6794534871113731
68,1997Q3,3.895506591942486
68,1997Q4,1.8068640458522491
68,1998Q1,3.396115292768096
68,1998Q2,3.8945606569718985
68,1998Q3,3.556514118956155
68,1998Q4,3.019158760469833
68,1999Q1,4.379937774868666
68,1999Q2,4.383481062501756
68,1999Q3,4.404500591038003
68,1999Q4,3.386280440193646
68,2000Q1,1.7501179545046068
68,2000Q2,3.3835075622309954
68,2000Q3,3.6927002461716425
68,2000Q4,3.828998193108226
68,2001Q1,2.8951200508937953
68,2001Q2,3.7845687174369886
68,2001Q3,4.188230796453477
68,2001Q4,4.150883381020981
68,2002Q1,3.0097709288643677
68,2002Q2,3.772717954739514
68,2002Q3,4.434353769646046
68,2002Q4,4.208915278293054
68,2003Q1,4.50828934272497
68,2003Q2,4.477809235794486
68,2003Q3,3.8900399299933914
68,2003Q4,4.171037077670102
68,2004Q1,4.459704229237066
68,2004Q2,4.384676145834094
68,2004Q3,4.413772763985339
68,2004Q4,3.6942017333302415
68,2005Q1,4.399267097789594
68,2005Q2,4.2578122363895075
68,2005Q3,4.292324267746787
68,2005Q4,4.403635864564007
68,2006Q1,4.232553065175611
68,2006Q2,2.952983407589884
68,2006Q3,4.0501630377556905
68,2006Q4,3.911055394571261
68,2007Q1,3.589252715230275
68,2007Q2,4.200314188164809
68,2007Q3,4.20319619924145
68,2007Q4,4.214978815751889
68,2008Q1,3.3788982941536982
68,2008Q2,3.4946223882154612
68,2008Q3,3.334189609741359
68,2008Q4,3.569602122473038
68,2009Q1,0.5733301157198705
68,2009Q2,1.0290583497439458
68,2009Q3,2.44760358440982
68,2009Q4,3.301421926201661
68,2010Q1,4.2453124642747575
68,2010Q2,4.01901482105532
68,2010Q3,4.264612177483829
68,2010Q4,4.043369706393095
68,2011Q1,3.4038449896165215
68,2011Q2,4.4864526687543504
68,2011Q3,3.437433437920631
68,2011Q4,3.5575400474138683
68,2012Q1,3.9134684481902466
68,2012Q2,4.430478579606039
68,2012Q3,3.908758797325807
68,2012Q4,4.307424461140548
68,2013Q1,4.19675945944185
68,2013Q2,4.391144435218974
68,2013Q3,4.443765979941755
68,2013Q4,4.517716703352425
68,2014Q1,4.487662203787978
68,2014Q2,4.4422825982424285
68,2014Q3,4.101229371432923
68,2014Q4,4.356986624409634
68,2015Q1,4.004402644526005
68,2015Q2,3.8071584736790447
68,2015Q3,4.498637436685807
68,2015Q4,3.877532796668044
68,2016Q1,4.213218417982714
68,2016Q2,4.466071249897596
68,2016Q3,3.7230133768423412
68,2016Q4,4.510708704785281
68,2017Q1,4.185568386421617
68,2017Q2,4.045773667923251
68,2017Q3,4.375692060437807
68,2017Q4,4.519179601904694
68,2018Q1,4.471654502714609
68,2018Q2,4.260674293284278
68,2018Q3,3.712501525774991
68,2018Q4,4.157336112700407
68,2019Q1,4.3865306559250685
68,2019Q2,4.40599351871377
68,2019Q3,4.269383802546434
68,2019Q4,4.267740517806917
68,2020Q1,3.6319801806538003
68,2020Q2,-18.092179602565963
68,2020Q3,-4.956284272690093
68,2020Q4,2.9454603167901867
68,2021Q1,2.697504790624521
68,2021Q2,2.4946930780687193
68,2021Q3,1.0234124872088985
68,2021Q4,0.9816270909591736
68,2022Q1,3.016437908260684
68,2022Q2,3.3698106689130216
68,2022Q3,-1.2295325966962798
68,2022Q4,2.411228053963119
68,2023Q1,3.170223879341812
68,2023Q2,3.5653503911191637
68,2023Q3,2.9495300025111524
68,2023Q4,1.4174909032807403
69,1980Q1,-1.0589883215331648
69,1980Q2,-0.7562546377678352
69,1980Q3,3.736925023465762
69,1980Q4,3.6063191683934384
69,1981Q1,3.001888232628352
69,1981Q2,3.6524412294211035
69,1981Q3,2.085578389686787
69,1981Q4,4.463440661655852
69,1982Q1,2.911219286631833
69,1982Q2,3.3962916454590193
69,1982Q3,1.6149886111923633
69,1982Q4,-5.728033783523754
69,1983Q1,1.06233818465694
69,1983Q2,4.429184845783966
69,1983Q3,3.194098180438597
69,1983Q4,1.3889242216677982
69,1984Q1,2.07324253646631
69,1984Q2,3.221817533167052
69,1984Q3,4.335271224327871
69,1984Q4,3.3790826654020147
69,1985Q1,1.577365097204566
69,1985Q2,0.9122400800589525
69,1985Q3,2.785640481606319
69,1985Q4,4.4584787886213935
69,1986Q1,3.7917988346681417
69,1986Q2,2.594771837379381
69,1986Q3,2.8031807930545316
69,1986Q4,3.577940375126419
69,1987Q1,4.115459026007205
69,1987Q2,2.7734523621571228
69,1987Q3,2.9595070129834777
69,1987Q4,3.1121046273598214
69,1988Q1,4.476725858978661
69,1988Q2,4.505924208643797
69,1988Q3,1.9580537029378835
69,1988Q4,4.2758636118790205
69,1989Q1,4.320462119785913
69,1989Q2,1.9888620692382886
69,1989Q3,4.261951635183854
69,1989Q4,3.8535392041401364
69,1990Q1,3.4148748875613384
69,1990Q2,2.8386802569052643
69,1990Q3,2.599942592857776
69,1990Q4,3.079677017449368
69,1991Q1,-2.0657236454395953
69,1991Q2,3.1608340244475173
69,1991Q3,3.88254383348564
69,1991Q4,3.2336330358598793
69,1992Q1,2.7999145941423436
69,1992Q2,3.7715789464063585
69,1992Q3,4.331492319467103
69,1992Q4,2.090143200163072
69,1993Q1,4.056763574649489
69,1993Q2,4.2092258417914685
69,1993Q3,2.0562189710755003
69,1993Q4,3.9452682133982298
69,1994Q1,3.783119647250671
69,1994Q2,4.289653368356589
69,1994Q3,4.485286096825395
69,1994Q4,3.0616927623486614
69,1995Q1,1.510306576111783
69,1995Q2,0.6583144251313855
69,1995Q3,-0.3256777469151304
69,1995Q4,3.633090128400288
69,1996Q1,3.9651934433166027
69,1996Q2,3.7638762958474166
69,1996Q3,-0.924812843424661
69,1996Q4,2.8108805856676122
69,1997Q1,3.157363287008085
69,1997Q2,-0.679712918161524
69,1997Q3,3.8956181845364597
69,1997Q4,1.80733871565513
69,1998Q1,3.396180174849933
69,1998Q2,3.894659505993509
69,1998Q3,3.5565221693001132
69,1998Q4,3.0194041678118726
69,1999Q1,4.379977983482912
69,1999Q2,4.383433077983537
69,1999Q3,4.4045222966052595
69,1999Q4,3.386060478730478
69,2000Q1,1.7504904234743042
69,2000Q2,3.383309070471359
69,2000Q3,3.692702834484695
69,2000Q4,3.8292820152489657
69,2001Q1,2.895292039525998
69,2001Q2,3.784505835811287
69,2001Q3,4.188136643002255
69,2001Q4,4.150796115618607
69,2002Q1,3.009656677753278
69,2002Q2,3.7725863683800114
69,2002Q3,4.434375905482238
69,2002Q4,4.20883085162488
69,2003Q1,4.508257026989309
69,2003Q2,4.477829676145696
69,2003Q3,3.889850401443958
69,2003Q4,4.170905705982702
69,2004Q1,4.459682756017453
69,2004Q2,4.384609336406174
69,2004Q3,4.413701827839547
69,2004Q4,3.693999935537212
69,2005Q1,4.399308306226919
69,2005Q2,4.257752759925983
69,2005Q3,4.292203968949671
69,2005Q4,4.403631363710418
69,2006Q1,4.232540354417217
69,2006Q2,2.9528716731658697
69,2006Q3,4.049992499014838
69,2006Q4,3.910951550020015
69,2007Q1,3.589177732783791
69,2007Q2,4.200256277519793
69,2007Q3,4.203150143380612
69,2007Q4,4.214960728630076
69,2008Q1,3.378767073759618
69,2008Q2,3.494857169240795
69,2008Q3,3.3341082794582952
69,2008Q4,3.5698159114289063
69,2009Q1,0.5732163963253223
69,2009Q2,1.0295899058043818
69,2009Q3,2.4479782652840085
69,2009Q4,3.3016309740753886
69,2010Q1,4.2452971116917295
69,2010Q2,4.019027271144337
69,2010Q3,4.264602456019172
69,2010Q4,4.0434572254000605
69,2011Q1,3.403847032713533
69,2011Q2,4.4864599471079885
69,2011Q3,3.4373089693203998
69,2011Q4,3.5574900204678155
69,2012Q1,3.9135050349742437
69,2012Q2,4.430472773302984
69,2012Q3,3.908880910601436
69,2012Q4,4.3074362196754326
69,2013Q1,4.196747254631532
69,2013Q2,4.391157578416668
69,2013Q3,4.4437459047987184
69,2013Q4,4.517691248956344
69,2014Q1,4.487665907340341
69,2014Q2,4.442244827548528
69,2014Q3,4.101195879225029
69,2014Q4,4.356999403629172
69,2015Q1,4.0045271128720445
69,2015Q2,3.807120944437723
69,2015Q3,4.498619622893587
69,2015Q4,3.877595603796225
69,2016Q1,4.213238746630418
69,2016Q2,4.466073514577253
69,2016Q3,3.7230236162055332
69,2016Q4,4.510692026525299
69,2017Q1,4.185552120239523
69,2017Q2,4.045773037457627
69,2017Q3,4.375695010675077
69,2017Q4,4.519166814711933
69,2018Q1,4.471631405832635
69,2018Q2,4.260681054531908
69,2018Q3,3.712459113346486
69,2018Q4,4.15734379707061
69,2019Q1,4.38653030270069
69,2019Q2,4.405994980907026
69,2019Q3,4.269413504164401
69,2019Q4,4.26774344480424
69,2020Q1,3.6320202791688763
69,2020Q2,-18.093473791790775
69,2020Q3,-4.9561549057590195
69,2020Q4,2.945936255226143
69,2021Q1,2.697842162651882
69,2021Q2,2.4945093881122333
69,2021Q3,1.0228978397879498
69,2021Q4,0.9814382874419292
69,2022Q1,3.0164170579686216
69,2022Q2,3.370080357655909
69,2022Q3,-1.2284099576146197
69,2022Q4,2.41173579286697
69,2023Q1,3.1706410750988696
69,2023Q2,3.5653842576527666
69,2023Q3,2.949948421494552
69,2023Q4,1.4181371561178007
70,1980Q1,-1.0595256768919654
70,1980Q2,-0.7562225159908866
70,1980Q3,3.7368317854110153
70,1980Q4,3.60627499114125
70,1981Q1,3.0017745368378197
70,1981Q2,3.652263763771023
70,1981Q3,2.085329739417195
70,1981Q4,4.463367086499158
70,1982Q1,2.91104213227937
70,1982Q2,3.3961564863905
70,1982Q3,1.6148175128560447
70,1982Q4,-5.7287129986231236
70,1983Q1,1.062298543855119
70,1983Q2,4.429231916505942
70,1983Q3,3.1941723868538703
70,1983Q4,1.3890100236323821
70,1984Q1,2.072755818407363
70,1984Q2,3.22179249526303
70,1984Q3,4.335271731828429
70,1984Q4,3.378891159100286
70,1985Q1,1.5768437395539303
70,1985Q2,0.9121652454167708
70,1985Q3,2.785591061596177
70,1985Q4,4.458436173829424
70,1986Q1,3.7918173380268714
70,1986Q2,2.5944964025142134
70,1986Q3,2.803118039856349
70,1986Q4,3.577874353974291
70,1987Q1,4.11534121848518
70,1987Q2,2.7733439237571185
70,1987Q3,2.9593751878588597
70,1987Q4,3.1120513352335726
70,1988Q1,4.476688789645756
70,1988Q2,4.505893625949854
70,1988Q3,1.9578319869207723
70,1988Q4,4.275862442977965
70,1989Q1,4.3204015672591645
70,1989Q2,1.988644787773314
70,1989Q3,4.261933375962072
70,1989Q4,3.853474590343226
70,1990Q1,3.4148030253624713
70,1990Q2,2.8383508720174553
70,1990Q3,2.6000257631230035
70,1990Q4,3.079347546428184
70,1991Q1,-2.0665540507003257
70,1991Q2,3.160957603553766
70,1991Q3,3.8826419662017715
70,1991Q4,3.233406682055052
70,1992Q1,2.7997240574774116
70,1992Q2,3.7714391076501483
70,1992Q3,4.331443466411388
70,1992Q4,2.089861493538721
70,1993Q1,4.056684437213489
70,1993Q2,4.2091744073105035
70,1993Q3,2.056684563783958
70,1993Q4,3.945452285006749
70,1994Q1,3.783170822424511
70,1994Q2,4.289663080901695
70,1994Q3,4.485250960168644
70,1994Q4,3.061796959118336
70,1995Q1,1.5104569108059
70,1995Q2,0.6589302352946347
70,1995Q3,-0.3248927552183556
70,1995Q4,3.6333840017768995
70,1996Q1,3.9650438838369446
70,1996Q2,3.7641011631011727
70,1996Q3,-0.9238837043166246
70,1996Q4,2.8113193063749113
70,1997Q1,3.157721714201844
70,1997Q2,-0.6798094967164703
70,1997Q3,3.895768786902088
70,1997Q4,1.8079503234355623
70,1998Q1,3.396275754659021
70,1998Q2,3.8947055357595453
70,1998Q3,3.556582730473072
70,1998Q4,3.0197702793302135
70,1999Q1,4.380035350301552
70,1999Q2,4.383382842058702
70,1999Q3,4.404495897134904
70,1999Q4,3.3859767206207136
70,2000Q1,1.7508143300466088
70,2000Q2,3.3832887763927673
70,2000Q3,3.6927483438384017
70,2000Q4,3.829383114808457
70,2001Q1,2.8952956873469615
70,2001Q2,3.7843683579616503
70,2001Q3,4.18807230504198
70,2001Q4,4.150732402447692
70,2002Q1,3.009624739593322
70,2002Q2,3.7725036047048497
70,2002Q3,4.434378725946436
70,2002Q4,4.208785908335264
70,2003Q1,4.5082291930787655
70,2003Q2,4.477819144091028
70,2003Q3,3.88977193522617
70,2003Q4,4.170847927107381
70,2004Q1,4.459655658331116
70,2004Q2,4.384550068511067
70,2004Q3,4.413658010761674
70,2004Q4,3.6939147349975325
70,2005Q1,4.399284611708022
70,2005Q2,4.257711132839477
70,2005Q3,4.2921298969793185
70,2005Q4,4.403589811589161
70,2006Q1,4.232525019628953
70,2006Q2,2.9527834491299396
70,2006Q3,4.049890541021069
70,2006Q4,3.910870119981028
70,2007Q1,3.5890853078546647
70,2007Q2,4.200242229282926
70,2007Q3,4.2031074697992326
70,2007Q4,4.214955272137049
70,2008Q1,3.3788147356019316
70,2008Q2,3.4951520101966373
70,2008Q3,3.3342287872142315
70,2008Q4,3.5698344497669874
70,2009Q1,0.5728781106486354
70,2009Q2,1.0297741344944606
70,2009Q3,2.4482404091260466
70,2009Q4,3.3018081649966398
70,2010Q1,4.245272335894892
70,2010Q2,4.019000407572772
70,2010Q3,4.264585404140319
70,2010Q4,4.043501149105043
70,2011Q1,3.403828731966674
70,2011Q2,4.486450266720615
70,2011Q3,3.4371811879924827
70,2011Q4,3.5574745822336853
70,2012Q1,3.913453507658901
70,2012Q2,4.430444231277155
70,2012Q3,3.9089476663028404
70,2012Q4,4.307411020557599
70,2013Q1,4.196750903431122
70,2013Q2,4.391156605017619
70,2013Q3,4.443722409988629
70,2013Q4,4.517658339927411
70,2014Q1,4.487634316965115
70,2014Q2,4.44222239888732
70,2014Q3,4.101140646636179
70,2014Q4,4.357000807364805
70,2015Q1,4.004603851170856
70,2015Q2,3.807088383696484
70,2015Q3,4.4985914342803115
70,2015Q4,3.8776006989824134
70,2016Q1,4.213217843531972
70,2016Q2,4.466066349171975
70,2016Q3,3.723038643330104
70,2016Q4,4.510666635410156
70,2017Q1,4.185512462302468
70,2017Q2,4.045752884294598
70,2017Q3,4.375689384876885
70,2017Q4,4.519146242475235
70,2018Q1,4.471599437329838
70,2018Q2,4.260667061391995
70,2018Q3,3.7124023260949968
70,2018Q4,4.157317332954105
70,2019Q1,4.3864969747619345
70,2019Q2,4.405980939593608
70,2019Q3,4.269426825335338
70,2019Q4,4.2677336143804565
70,2020Q1,3.632053837935757
70,2020Q2,-18.09427117664601
70,2020Q3,-4.956331122757081
70,2020Q4,2.946171555466796
70,2021Q1,2.697975777599707
70,2021Q2,2.4942772269375544
70,2021Q3,1.0223602558063005
70,2021Q4,0.9814229729938075
70,2022Q1,3.0165614337575892
70,2022Q2,3.3704501802495326
70,2022Q3,-1.2270784605781957
70,2022Q4,2.4125079693721947
70,2023Q1,3.1711453350856913
70,2023Q2,3.56544715835203
70,2023Q3,2.9502614689720223
70,2023Q4,1.418693255126935
71,1980Q1,-1.0594680799887657
71,1980Q2,-0.7562036178523384
71,1980Q3,3.7368243742607703
71,1980Q4,3.6062837974106925
71,1981Q1,3.00174704074508
71,1981Q2,3.652188115806155
71,1981Q3,2.0852728914029974
71,1981Q4,4.463307699407879
71,1982Q1,2.911072895383874
71,1982Q2,3.396073293460586
71,1982Q3,1.6146826347209853
71,1982Q4,-5.728784557332084
71,1983Q1,1.062180704933037
71,1983Q2,4.429255392309732
71,1983Q3,3.1941749950659535
71,1983Q4,1.3889239487843628
71,1984Q1,2.072613701888346
71,1984Q2,3.2218575970017493
71,1984Q3,4.335260735950034
71,1984Q4,3.3788143121941228
71,1985Q1,1.5766507559246001
71,1985Q2,0.9122366469166923
71,1985Q3,2.785539345431305
71,1985Q4,4.458414722242807
71,1986Q1,3.7917729463123147
71,1986Q2,2.5943227440947827
71,1986Q3,2.8030765266459072
71,1986Q4,3.5778540320516514
71,1987Q1,4.115307233784429
71,1987Q2,2.773344336542513
71,1987Q3,2.9593380059414103
71,1987Q4,3.1120341526958155
71,1988Q1,4.476665632623643
71,1988Q2,4.505871319772455
71,1988Q3,1.9577708425341962
71,1988Q4,4.275837436407138
71,1989Q1,4.320376430517966
71,1989Q2,1.988571508521734
71,1989Q3,4.261924615491763
71,1989Q4,3.8534296362822946
71,1990Q1,3.414771533192259
71,1990Q2,2.8381950051070506
71,1990Q3,2.600053969202511
71,1990Q4,3.0792085595834284
71,1991Q1,-2.066802367055553
71,1991Q2,3.1610540075023748
71,1991Q3,3.8826331215504686
71,1991Q4,3.2333742204432094
71,1992Q1,2.7995811287998627
71,1992Q2,3.771434467936668
71,1992Q3,4.33140368095896
71,1992Q4,2.0898141496135625
71,1993Q1,4.056635410985945
71,1993Q2,4.209149338539646
71,1993Q3,2.0568245364089788
71,1993Q4,3.945505117683754
71,1994Q1,3.7831604980936593
71,1994Q2,4.289653172339104
71,1994Q3,4.485234632815836
71,1994Q4,3.061761824842755
71,1995Q1,1.5103930296409853
71,1995Q2,0.6591387477141395
71,1995Q3,-0.3244901899795849
71,1995Q4,3.633525184749366
71,1996Q1,3.9649671594120557
71,1996Q2,3.7641243540810976
71,1996Q3,-0.9234123544732631
71,1996Q4,2.8115230960365016
71,1997Q1,3.157924099740603
71,1997Q2,-0.6797170380417645
71,1997Q3,3.8958049845102947
71,1997Q4,1.8081945606203034
71,1998Q1,3.396300026833718
71,1998Q2,3.8947142807275426
71,1998Q3,3.556629251646342
71,1998Q4,3.0199814477709737
71,1999Q1,4.380068374625744
71,1999Q2,4.383354026491995
71,1999Q3,4.404464243501002
71,1999Q4,3.3859596580324682
71,2000Q1,1.7509335334325904
71,2000Q2,3.3833024898715136
71,2000Q3,3.6928102328341295
71,2000Q4,3.829364171551838
71,2001Q1,2.895183672371724
71,2001Q2,3.7842954415037235
71,2001Q3,4.188030411786465
71,2001Q4,4.15071818566582
71,2002Q1,3.0096098281087365
71,2002Q2,3.7725022130752226
71,2002Q3,4.4343682641255535
71,2002Q4,4.208768462997764
71,2003Q1,4.508208544493465
71,2003Q2,4.477799019983042
71,2003Q3,3.8897447935492107
71,2003Q4,4.170826989878397
71,2004Q1,4.459624229134882
71,2004Q2,4.384502376293708
71,2004Q3,4.413634130158367
71,2004Q4,3.6938817103793
71,2005Q1,4.399244906005441
71,2005Q2,4.257683852948074
71,2005Q3,4.29209566525155
71,2005Q4,4.403555413347836
71,2006Q1,4.23250450214257
71,2006Q2,2.952721221014796
71,2006Q3,4.049856305347788
71,2006Q4,3.910842369589372
71,2007Q1,3.589036710773395
71,2007Q2,4.200221854415303
71,2007Q3,4.203089203523532
71,2007Q4,4.214937856985553
71,2008Q1,3.378847214825991
71,2008Q2,3.4952847275009917
71,2008Q3,3.3343296958668716
71,2008Q4,3.5697788979725216
71,2009Q1,0.5726921392824873
71,2009Q2,1.0296544151617573
71,2009Q3,2.4482732977408976
71,2009Q4,3.301865540385976
71,2010Q1,4.245239131248081
71,2010Q2,4.018919719568303
71,2010Q3,4.264568936694402
71,2010Q4,4.043504726329887
71,2011Q1,3.403817129821344
71,2011Q2,4.486442282941503
71,2011Q3,3.4371518897639994
71,2011Q4,3.5574675551148704
71,2012Q1,3.913398269770386
71,2012Q2,4.430416620007004
71,2012Q3,3.9089506697772283
71,2012Q4,4.307392295112917
71,2013Q1,4.196738071988242
71,2013Q2,4.391141566424808
71,2013Q3,4.443701142430959
71,2013Q4,4.517635232155937
71,2014Q1,4.487604770177206
71,2014Q2,4.442206641539727
71,2014Q3,4.101094208678926
71,2014Q4,4.356986940422943
71,2015Q1,4.004620576219194
71,2015Q2,3.8070706004980384
71,2015Q3,4.498571370154574
71,2015Q4,3.8775744127800715
71,2016Q1,4.213184231600087
71,2016Q2,4.466048455886098
71,2016Q3,3.723049251339994
71,2016Q4,4.5106466527342315
71,2017Q1,4.185461690940793
71,2017Q2,4.045735277469763
71,2017Q3,4.375670778339426
71,2017Q4,4.519124499691442
71,2018Q1,4.471577307597445
71,2018Q2,4.260647476625183
71,2018Q3,3.712368738859324
71,2018Q4,4.157273455040477
71,2019Q1,4.386455825448394
71,2019Q2,4.405957038267159
71,2019Q3,4.26941720586109
71,2019Q4,4.267714677026733
71,2020Q1,3.6320603793302926
71,2020Q2,-18.094507703693765
71,2020Q3,-4.956393925580715
71,2020Q4,2.9462297264419206
71,2021Q1,2.69799019431218
71,2021Q2,2.494179054792224
71,2021Q3,1.0221536930331885
71,2021Q4,0.9815842048311643
71,2022Q1,3.0166904979583884
71,2022Q2,3.370685146771735
71,2022Q3,-1.2263004786239202
71,2022Q4,2.412972837434232
71,2023Q1,3.171420198825003
71,2023Q2,3.5654629583590465
71,2023Q3,2.950300166604067
71,2023Q4,1.418872541287072
72,1980Q1,-1.0598907797116421
72,1980Q2,-0.7565212531082901
72,1980Q3,3.736765322843862
72,1980Q4,3.6062936880762653
72,1981Q1,3.001496202895643
72,1981Q2,3.6521741481588363
72,1981Q3,2.085223008188933
72,1981Q4,4.463180976927819
72,1982Q1,2.9114510518438506
72,1982Q2,3.3959296123116287
72,1982Q3,1.6145253674633944
72,1982Q4,-5.7279689744116595
72,1983Q1,1.0619553391517251
72,1983Q2,4.429291634839214
72,1983Q3,3.1941854760243302
72,1983Q4,1.3890219942148243
72,1984Q1,2.0724491050580713
72,1984Q2,3.2221939382833624
72,1984Q3,4.335220040933303
72,1984Q4,3.3786065365404916
72,1985Q1,1.5765105524491072
72,1985Q2,0.9123599142225607
72,1985Q3,2.7858514909237373
72,1985Q4,4.458330527201548
72,1986Q1,3.791883538487686
72,1986Q2,2.5943507964669976
72,1986Q3,2.8031793804268417
72,1986Q4,3.5778447021610154
72,1987Q1,4.115387886946635
72,1987Q2,2.7732223073303093
72,1987Q3,2.9592358635775033
72,1987Q4,3.11191814600811
72,1988Q1,4.476627729398536
72,1988Q2,4.505811311294276
72,1988Q3,1.9575115562584866
72,1988Q4,4.275820966460438
72,1989Q1,4.320326739966476
72,1989Q2,1.988839066091368
72,1989Q3,4.261895466765682
72,1989Q4,3.8533056533827814
72,1990Q1,3.4147608891489174
72,1990Q2,2.838292244096851
72,1990Q3,2.6001830813768856
72,1990Q4,3.079370556202054
72,1991Q1,-2.066368797114964
72,1991Q2,3.16136049299634
72,1991Q3,3.8825549364466183
72,1991Q4,3.233408243778973
72,1992Q1,2.7996391440865187
72,1992Q2,3.7714981578093925
72,1992Q3,4.33132974917909
72,1992Q4,2.0896066819890238
72,1993Q1,4.056481105796674
72,1993Q2,4.209104139583343
72,1993Q3,2.056815806482392
72,1993Q4,3.9454839426197994
72,1994Q1,3.7831679232108906
72,1994Q2,4.289651515789775
72,1994Q3,4.48519788428458
72,1994Q4,3.0618531387701307
72,1995Q1,1.5103406540154922
72,1995Q2,0.6592532312340849
72,1995Q3,-0.32385043053080764
72,1995Q4,3.633647644858083
72,1996Q1,3.964840422203508
72,1996Q2,3.7640606147019686
72,1996Q3,-0.9226970402139658
72,1996Q4,2.8116890782732695
72,1997Q1,3.158148833430362
72,1997Q2,-0.6797119220337882
72,1997Q3,3.8957592487670216
72,1997Q4,1.8086262099854413
72,1998Q1,3.396483220808877
72,1998Q2,3.8946999317974145
72,1998Q3,3.5566028372614777
72,1998Q4,3.020286385196605
72,1999Q1,4.380117050195811
72,1999Q2,4.383263952623891
72,1999Q3,4.40443491056765
72,1999Q4,3.385926931089489
72,2000Q1,1.7514202113136124
72,2000Q2,3.383318605188292
72,2000Q3,3.6927686943710407
72,2000Q4,3.8292811154960784
72,2001Q1,2.8952740813179396
72,2001Q2,3.7842110131211433
72,2001Q3,4.187978940782185
72,2001Q4,4.150671177749563
72,2002Q1,3.00959667019283
72,2002Q2,3.7724731838905936
72,2002Q3,4.4343067407738275
72,2002Q4,4.2087076053363015
72,2003Q1,4.508154616878037
72,2003Q2,4.477730450600785
72,2003Q3,3.8897170331095965
72,2003Q4,4.170835973061044
72,2004Q1,4.459614227090003
72,2004Q2,4.384514478495902
72,2004Q3,4.413568753219025
72,2004Q4,3.693818446477256
72,2005Q1,4.399175094333498
72,2005Q2,4.257589881334457
72,2005Q3,4.292031263543539
72,2005Q4,4.403486497580715
72,2006Q1,4.232415402963039
72,2006Q2,2.9525417002912344
72,2006Q3,4.049813932879018
72,2006Q4,3.9107940382165465
72,2007Q1,3.5889091634398906
72,2007Q2,4.200187657836238
72,2007Q3,4.203023705086045
72,2007Q4,4.21496999067069
72,2008Q1,3.3789343556984024
72,2008Q2,3.495507075111015
72,2008Q3,3.3345065818164477
72,2008Q4,3.5696871397442833
72,2009Q1,0.5724912386096372
72,2009Q2,1.0298776582553488
72,2009Q3,2.448324069102307
72,2009Q4,3.3018469675749116
72,2010Q1,4.245129522588898
72,2010Q2,4.01889487456248
72,2010Q3,4.264474495657731
72,2010Q4,4.043465891111187
72,2011Q1,3.4036084657660943
72,2011Q2,4.486417500531842
72,2011Q3,3.437066216596254
72,2011Q4,3.55755280329045
72,2012Q1,3.9133879729885774
72,2012Q2,4.430352385017684
72,2012Q3,3.908964326443636
72,2012Q4,4.3073860710204634
72,2013Q1,4.196733564847774
72,2013Q2,4.391087471105582
72,2013Q3,4.443661275021731
72,2013Q4,4.517586114247908
72,2014Q1,4.48757010589966
72,2014Q2,4.442153996193066
72,2014Q3,4.101085349238777
72,2014Q4,4.356917840401123
72,2015Q1,4.004636904500211
72,2015Q2,3.806934953598857
72,2015Q3,4.498538465401977
72,2015Q4,3.8775317765688895
72,2016Q1,4.213174415880928
72,2016Q2,4.465985002697581
72,2016Q3,3.7229602882576467
72,2016Q4,4.510611560783972
72,2017Q1,4.185359849148802
72,2017Q2,4.0456555228095255
72,2017Q3,4.375614467732893
72,2017Q4,4.519074986239377
72,2018Q1,4.471534255047392
72,2018Q2,4.260600207068855
72,2018Q3,3.712232465786051
72,2018Q4,4.157184839492171
72,2019Q1,4.386430603535523
72,2019Q2,4.405915838943961
72,2019Q3,4.269412350764571
72,2019Q4,4.2676448807004865
72,2020Q1,3.631875180005823
72,2020Q2,-18.092554530239482
72,2020Q3,-4.957101809419322
72,2020Q4,2.9465794342963676
72,2021Q1,2.6982515644611986
72,2021Q2,2.4937646414788692
72,2021Q3,1.0219703416642498
72,2021Q4,0.9815415679849337
72,2022Q1,3.0168594241116855
72,2022Q2,3.370446329659715
72,2022Q3,-1.2272238343642847
72,2022Q4,2.4131245319508365
72,2023Q1,3.171203936224911
72,2023Q2,3.5651561326761
72,2023Q3,2.9502756009351363
72,2023Q4,1.419201281331956
73,1980Q1,-1.0596971117063232
73,1980Q2,-0.7563819976379236
73,1980Q3,3.736752817874265
73,1980Q4,3.6063560282107145
73,1981Q1,3.001430822172958
73,1981Q2,3.6522016377423965
73,1981Q3,2.085341189838393
73,1981Q4,4.463118570351176
73,1982Q1,2.9116997155032487
73,1982Q2,3.395911161771031
73,1982Q3,1.6144829947069286
73,1982Q4,-5.727390684008769
73,1983Q1,1.0619855514050602
73,1983Q2,4.429346823628307
73,1983Q3,3.1944201534223824
73,1983Q4,1.3892647969731597
73,1984Q1,2.0725998334820432
73,1984Q2,3.2223815060514633
73,1984Q3,4.3352227951220295
73,1984Q4,3.37858425907573
73,1985Q1,1.5766214261661773
73,1985Q2,0.9126580358779766
73,1985Q3,2.7859763393155714
73,1985Q4,4.458296781730633
73,1986Q1,3.7918894288029263
73,1986Q2,2.5942812106624396
73,1986Q3,2.803245556667054
73,1986Q4,3.5778859512021772
73,1987Q1,4.115424994124335
73,1987Q2,2.7732729741431426
73,1987Q3,2.959268557513909
73,1987Q4,3.111947274419032
73,1988Q1,4.476589999698386
73,1988Q2,4.505764880576206
73,1988Q3,1.9574240360235708
73,1988Q4,4.275812809888725
73,1989Q1,4.3202987704246265
73,1989Q2,1.9890383112985357
73,1989Q3,4.2619130199555215
73,1989Q4,3.853220580797692
73,1990Q1,3.414834195130103
73,1990Q2,2.838363175410799
73,1990Q3,2.6002935008434034
73,1990Q4,3.0794073571443494
73,1991Q1,-2.0659294750700488
73,1991Q2,3.161578403432679
73,1991Q3,3.8826086185297046
73,1991Q4,3.233498535011236
73,1992Q1,2.7996426835908883
73,1992Q2,3.7715347962409718
73,1992Q3,4.331260439165245
73,1992Q4,2.0895668102961533
73,1993Q1,4.05642634823406
73,1993Q2,4.209070825683502
73,1993Q3,2.0565715859507456
73,1993Q4,3.945404369563752
73,1994Q1,3.783189427604459
73,1994Q2,4.289634548796507
73,1994Q3,4.485166394825164
73,1994Q4,3.06176513218243
73,1995Q1,1.5100209375393034
73,1995Q2,0.658935207111512
73,1995Q3,-0.32379095258888846
73,1995Q4,3.6336169121752646
73,1996Q1,3.964801360617621
73,1996Q2,3.7638409087275986
73,1996Q3,-0.9228235284201105
73,1996Q4,2.811540461361391
73,1997Q1,3.158100266889874
73,1997Q2,-0.6796499906140374
73,1997Q3,3.8956100258193587
73,1997Q4,1.8084929943941557
73,1998Q1,3.3964691088668593
73,1998Q2,3.8946828225987193
73,1998Q3,3.556594153512893
73,1998Q4,3.020330761522806
73,1999Q1,4.380122990016091
73,1999Q2,4.383194591924633
73,1999Q3,4.404431312162493
73,1999Q4,3.3859457435637763
73,2000Q1,1.7514411298330925
73,2000Q2,3.38327725017973
73,2000Q3,3.692740495423757
73,2000Q4,3.8292340580720023
73,2001Q1,2.8951551370005304
73,2001Q2,3.784171694529726
73,2001Q3,4.187946339823937
73,2001Q4,4.150653752641739
73,2002Q1,3.009607128715536
73,2002Q2,3.7725032579298414
73,2002Q3,4.4342731105104365
73,2002Q4,4.208677288385751
73,2003Q1,4.508110799370973
73,2003Q2,4.477683616754185
73,2003Q3,3.889706370646508
73,2003Q4,4.170840182146217
73,2004Q1,4.4595832548992504
73,2004Q2,4.384495648510986
73,2004Q3,4.413521295395172
73,2004Q4,3.6937765105453813
73,2005Q1,4.399127913992007
73,2005Q2,4.257526527355384
73,2005Q3,4.291996576129511
73,2005Q4,4.403447830361769
73,2006Q1,4.232358262892785
73,2006Q2,2.952465801465677
73,2006Q3,4.049816487319042
73,2006Q4,3.9107932393388816
73,2007Q1,3.5888818391043587
73,2007Q2,4.200125819117272
73,2007Q3,4.203007715114226
73,2007Q4,4.214952276740269
73,2008Q1,3.3788994610463225
73,2008Q2,3.495497874408226
73,2008Q3,3.334525803812311
73,2008Q4,3.569663858266638
73,2009Q1,0.5724095784581964
73,2009Q2,1.029629391274813
73,2009Q3,2.448280396718741
73,2009Q4,3.30183976284534
73,2010Q1,4.245087584768228
73,2010Q2,4.0188221362195105
73,2010Q3,4.264430049506966
73,2010Q4,4.043410969105303
73,2011Q1,3.4035282956272734
73,2011Q2,4.486398418007885
73,2011Q3,3.4370693830490717
73,2011Q4,3.5575634814992876
73,2012Q1,3.913357415894678
73,2012Q2,4.430315854843438
73,2012Q3,3.9089300893096848
73,2012Q4,4.307376257133159
73,2013Q1,4.196695646458695
73,2013Q2,4.391055096835854
73,2013Q3,4.443622408143539
73,2013Q4,4.5175507378730675
73,2014Q1,4.487548059667482
73,2014Q2,4.442117867661754
73,2014Q3,4.101062035562223
73,2014Q4,4.356885557130456
73,2015Q1,4.004633696627286
73,2015Q2,3.8069011423285426
73,2015Q3,4.498511347872462
73,2015Q4,3.8775051783008463
73,2016Q1,4.213142485528451
73,2016Q2,4.465937722598307
73,2016Q3,3.7229145499191203
73,2016Q4,4.510584739600979
73,2017Q1,4.1852889031687335
73,2017Q2,4.045641588342731
73,2017Q3,4.375567223606034
73,2017Q4,4.519039961586413
73,2018Q1,4.471507868397133
73,2018Q2,4.260571124666912
73,2018Q3,3.7121842653832933
73,2018Q4,4.157120635414906
73,2019Q1,4.386398005156433
73,2019Q2,4.405881982987286
73,2019Q3,4.269387430446164
73,2019Q4,4.26761568539546
73,2020Q1,3.632116789018135
73,2020Q2,-18.094069009172216
73,2020Q3,-4.956722604063138
73,2020Q4,2.9467119327170392
73,2021Q1,2.698399520249197
73,2021Q2,2.4938386049892953
73,2021Q3,1.020990384110982
73,2021Q4,0.9818651468002892
73,2022Q1,3.0168555147212857
73,2022Q2,3.370682632349017
73,2022Q3,-1.2255965902194772
73,2022Q4,2.413294170835788
73,2023Q1,3.171637112289746
73,2023Q2,3.5653295494417754
73,2023Q3,2.950106411222574
73,2023Q4,1.4190226508457027
74,1980Q1,-1.0593098201001752
74,1980Q2,-0.7563703400891928
74,1980Q3,3.7367948198773213
74,1980Q4,3.6063802145784822
74,1981Q1,3.0015010740804873
74,1981Q2,3.652248246958337
74,1981Q3,2.08542932486189
74,1981Q4,4.463117675094123
74,1982Q1,2.9118431079091893
74,1982Q2,3.395925989748947
74,1982Q3,1.6144425027472344
74,1982Q4,-5.7272376251143235
74,1983Q1,1.0619306310914527
74,1983Q2,4.429349332269815
74,1983Q3,3.1944793918130703
74,1983Q4,1.3893173084603903
74,1984Q1,2.072760484106852
74,1984Q2,3.2224455158523617
74,1984Q3,4.335212079068547
74,1984Q4,3.3786303373800295
74,1985Q1,1.5767691445094965
74,1985Q2,0.9127513634021351
74,1985Q3,2.7859492238592596
74,1985Q4,4.458306687987901
74,1986Q1,3.791845777899237
74,1986Q2,2.594304332378612
74,1986Q3,2.8032617974105407
74,1986Q4,3.577912770110023
74,1987Q1,4.115459003293989
74,1987Q2,2.773341324937568
74,1987Q3,2.959298586484872
74,1987Q4,3.11195277671989
74,1988Q1,4.476600422263848
74,1988Q2,4.50576852513761
74,1988Q3,1.957492916216427
74,1988Q4,4.2758062598025175
74,1989Q1,4.320295969737178
74,1989Q2,1.989098993204697
74,1989Q3,4.261930356675867
74,1989Q4,3.8532422923086864
74,1990Q1,3.4148723834478893
74,1990Q2,2.838430707026319
74,1990Q3,2.6003107858528747
74,1990Q4,3.0794735216116567
74,1991Q1,-2.0656849776143114
74,1991Q2,3.161615317335209
74,1991Q3,3.8825899317918307
74,1991Q4,3.233550758901271
74,1992Q1,2.799654166744215
74,1992Q2,3.7715544491768567
74,1992Q3,4.331254853313433
74,1992Q4,2.089648628083949
74,1993Q1,4.056452582552579
74,1993Q2,4.209053486514693
74,1993Q3,2.0564104462489574
74,1993Q4,3.945363047588613
74,1994Q1,3.7831915766659816
74,1994Q2,4.289632056256419
74,1994Q3,4.4851717462411695
74,1994Q4,3.0617082693246553
74,1995Q1,1.509922339960755
74,1995Q2,0.6587726346786287
74,1995Q3,-0.32391793073518027
74,1995Q4,3.633586741673255
74,1996Q1,3.964804298368584
74,1996Q2,3.7636981724108307
74,1996Q3,-0.9230842425533305
74,1996Q4,2.8113919996132144
74,1997Q1,3.158004351811368
74,1997Q2,-0.6796158463528581
74,1997Q3,3.8955257938145342
74,1997Q4,1.8082682395598875
74,1998Q1,3.396414841829115
74,1998Q2,3.894678559509056
74,1998Q3,3.5565735080456733
74,1998Q4,3.0202657188093456
74,1999Q1,4.380116916396538
74,1999Q2,4.383200763707905
74,1999Q3,4.404436125116634
74,1999Q4,3.3859283503979665
74,2000Q1,1.7513784549698022
74,2000Q2,3.383250182426095
74,2000Q3,3.6927751281742016
74,2000Q4,3.8292234074042644
74,2001Q1,2.89506572001784
74,2001Q2,3.784190831742706
74,2001Q3,4.187927731710082
74,2001Q4,4.150659794219204
74,2002Q1,3.0096026112991527
74,2002Q2,3.772526340279798
74,2002Q3,4.43426337402983
74,2002Q4,4.208664378607671
74,2003Q1,4.508108719510541
74,2003Q2,4.477683580093881
74,2003Q3,3.889695914421481
74,2003Q4,4.1708303530370605
74,2004Q1,4.459578373081505
74,2004Q2,4.384489304838996
74,2004Q3,4.413512378841067
74,2004Q4,3.693764252798949
74,2005Q1,4.399119535246184
74,2005Q2,4.257526183156827
74,2005Q3,4.291988369689542
74,2005Q4,4.403445107643007
74,2006Q1,4.232357504651049
74,2006Q2,2.952463018483516
74,2006Q3,4.049819814311829
74,2006Q4,3.910797260949169
74,2007Q1,3.5888781940640087
74,2007Q2,4.200094987961473
74,2007Q3,4.2030052290047495
74,2007Q4,4.214942043788268
74,2008Q1,3.3788547579906805
74,2008Q2,3.4954367858948174
74,2008Q3,3.3345018625223903
74,2008Q4,3.569671677383008
74,2009Q1,0.5724591313093788
74,2009Q2,1.0294474084385814
74,2009Q3,2.4481997447133748
74,2009Q4,3.30180901078072
74,2010Q1,4.245087094709969
74,2010Q2,4.018785608970345
74,2010Q3,4.264433461699007
74,2010Q4,4.043396231264863
74,2011Q1,3.4035500556700233
74,2011Q2,4.486400773611881
74,2011Q3,3.4371049007108962
74,2011Q4,3.5575487447480127
74,2012Q1,3.913350772032729
74,2012Q2,4.430309642216895
74,2012Q3,3.9088985079792997
74,2012Q4,4.307386504888994
74,2013Q1,4.196680796040388
74,2013Q2,4.3910547647305
74,2013Q3,4.443615975643738
74,2013Q4,4.51755001579492
74,2014Q1,4.487550865350402
74,2014Q2,4.442113703802312
74,2014Q3,4.101056366346469
74,2014Q4,4.356887222415404
74,2015Q1,4.004624808932404
74,2015Q2,3.8069209123572145
74,2015Q3,4.4985112530587905
74,2015Q4,3.877503321562132
74,2016Q1,4.213135202769933
74,2016Q2,4.46593228016298
74,2016Q3,3.722926823459068
74,2016Q4,4.510583553614843
74,2017Q1,4.18528083067116
74,2017Q2,4.04565509816129
74,2017Q3,4.37556037563674
74,2017Q4,4.519036157490758
74,2018Q1,4.471507215009516
74,2018Q2,4.260574394338526
74,2018Q3,3.712204528106687
74,2018Q4,4.15711281523074
74,2019Q1,4.38639001915367
74,2019Q2,4.405875051478673
74,2019Q3,4.2693806473984175
74,2019Q4,4.267618229691202
74,2020Q1,3.632081730818939
74,2020Q2,-18.093712346007983
74,2020Q3,-4.956535790028104
74,2020Q4,2.9467119025224258
74,2021Q1,2.698409074587653
74,2021Q2,2.493897266847489
74,2021Q3,1.0211753839118516
74,2021Q4,0.9819707844518359
74,2022Q1,3.016834807747368
74,2022Q2,3.370632343408678
74,2022Q3,-1.2258235916016194
74,2022Q4,2.4131681354677177
74,2023Q1,3.1715620727877707
74,2023Q2,3.565306000984573
74,2023Q3,2.9499597139285223
74,2023Q4,1.4188416437307945
75,1980Q1,-1.0579349673278928
75,1980Q2,-0.7566865737080732
75,1980Q3,3.7369593023849217
75,1980Q4,3.6064225215543737
75,1981Q1,3.0018022602935277
75,1981Q2,3.6524326574728643
75,1981Q3,2.08555947717858
75,1981Q4,4.463076955369461
75,1982Q1,2.912311234922627
75,1982Q2,3.395986244697534
75,1982Q3,1.614123290025411
75,1982Q4,-5.727043596987757
75,1983Q1,1.0615799759822218
75,1983Q2,4.429397829615752
75,1983Q3,3.194580062492296
75,1983Q4,1.389133453051031
75,1984Q1,2.073361515679848
75,1984Q2,3.2226267738532863
75,1984Q3,4.3351557452938385
75,1984Q4,3.3788540376948424
75,1985Q1,1.5769045951224916
75,1985Q2,0.9129594346951886
75,1985Q3,2.785736060723708
75,1985Q4,4.4583536171206175
75,1986Q1,3.791745021152427
75,1986Q2,2.5944440201152474
75,1986Q3,2.8033274401894444
75,1986Q4,3.578020694503268
75,1987Q1,4.1156033771546845
75,1987Q2,2.7735041760165036
75,1987Q3,2.959337054661564
75,1987Q4,3.111854897308037
75,1988Q1,4.476663085298199
75,1988Q2,4.5058093687977205
75,1988Q3,1.9576986905959068
75,1988Q4,4.275823250993712
75,1989Q1,4.320258561065906
75,1989Q2,1.9893497795851225
75,1989Q3,4.2619779900845325
75,1989Q4,3.8533425456875503
75,1990Q1,3.414943672815552
75,1990Q2,2.8386058487890438
75,1990Q3,2.600399867374938
75,1990Q4,3.079536344547062
75,1991Q1,-2.0648205889724984
75,1991Q2,3.1617780899201824
75,1991Q3,3.8824168401516137
75,1991Q4,3.233798279047522
75,1992Q1,2.7995868044580874
75,1992Q2,3.771685528472309
75,1992Q3,4.33124054012313
75,1992Q4,2.089887849545286
75,1993Q1,4.056499646323527
75,1993Q2,4.208989339055878
75,1993Q3,2.0559708064190905
75,1993Q4,3.9452736829080672
75,1994Q1,3.7831681600100846
75,1994Q2,4.289634944609414
75,1994Q3,4.485204926014533
75,1994Q4,3.0616560397380224
75,1995Q1,1.5098658930523756
75,1995Q2,0.6585913507615615
75,1995Q3,-0.32403316190548015
75,1995Q4,3.6336698959902485
75,1996Q1,3.9647247427075243
75,1996Q2,3.7632489834877623
75,1996Q3,-0.9238103000835389
75,1996Q4,2.810939617964893
75,1997Q1,3.1577564538076848
75,1997Q2,-0.6797474110585311
75,1997Q3,3.895272117002756
75,1997Q4,1.8077865697445739
75,1998Q1,3.396358429376808
75,1998Q2,3.8946389420849483
75,1998Q3,3.556455607679747
75,1998Q4,3.0201443782733826
75,1999Q1,4.380146705775165
75,1999Q2,4.3832538725642385
75,1999Q3,4.404455230711493
75,1999Q4,3.3858057184879313
75,2000Q1,1.7514778396209105
75,2000Q2,3.3831992057346794
75,2000Q3,3.692979026325491
75,2000Q4,3.829228627432317
75,2001Q1,2.8949245364577143
75,2001Q2,3.7842463184874497
75,2001Q3,4.187831322397029
75,2001Q4,4.15065275686923
75,2002Q1,3.009574636946935
75,2002Q2,3.7725815740192528
75,2002Q3,4.434210081277523
75,2002Q4,4.208572497914962
75,2003Q1,4.508122581638615
75,2003Q2,4.477701637940856
75,2003Q3,3.88964363930564
75,2003Q4,4.170796837140621
75,2004Q1,4.459631245571318
75,2004Q2,4.384540293451271
75,2004Q3,4.413467727929127
75,2004Q4,3.6937074939721875
75,2005Q1,4.399086743155534
75,2005Q2,4.257550012139214
75,2005Q3,4.291936768188742
75,2005Q4,4.403420894018661
75,2006Q1,4.232389035273727
75,2006Q2,2.9524400233438
75,2006Q3,4.049798473606296
75,2006Q4,3.910780460803691
75,2007Q1,3.5887756229016032
75,2007Q2,4.199998922951365
75,2007Q3,4.202951501396616
75,2007Q4,4.214967115141023
75,2008Q1,3.378794454750463
75,2008Q2,3.4954086164805345
75,2008Q3,3.334538838659013
75,2008Q4,3.5696984261889813
75,2009Q1,0.5725719926949937
75,2009Q2,1.0291239730621196
75,2009Q3,2.4480069657796295
75,2009Q4,3.301710501125015
75,2010Q1,4.2450849625092735
75,2010Q2,4.018790668794008
75,2010Q3,4.264442182322288
75,2010Q4,4.0433491722238015
75,2011Q1,3.4036319822494407
75,2011Q2,4.4864301700809746
75,2011Q3,3.4371876561759156
75,2011Q4,3.5575326034439767
75,2012Q1,3.9133253850055314
75,2012Q2,4.430279526658065
75,2012Q3,3.9088332584398797
75,2012Q4,4.307445384432122
75,2013Q1,4.1966709388386425
75,2013Q2,4.391082590877361
75,2013Q3,4.443613033981843
75,2013Q4,4.5175583469060765
75,2014Q1,4.487579537625695
75,2014Q2,4.442103224887891
75,2014Q3,4.10105637496984
75,2014Q4,4.356919365988545
75,2015Q1,4.004642055481672
75,2015Q2,3.8069873096049114
75,2015Q3,4.4985292549285765
75,2015Q4,3.8775316998403784
75,2016Q1,4.213143566259012
75,2016Q2,4.465936207836401
75,2016Q3,3.72301004782695
75,2016Q4,4.510593471892532
75,2017Q1,4.185283400375455
75,2017Q2,4.045695176794634
75,2017Q3,4.375559087232663
75,2017Q4,4.51903652826552
75,2018Q1,4.471509991867509
75,2018Q2,4.260611581511327
75,2018Q3,3.712279740356389
75,2018Q4,4.15712641608266
75,2019Q1,4.386393386097686
75,2019Q2,4.405872080287802
75,2019Q3,4.2694101487718426
75,2019Q4,4.267642540084916
75,2020Q1,3.6319705645435767
75,2020Q2,-18.093645993059354
75,2020Q3,-4.956678494711234
75,2020Q4,2.9465882666896555
75,2021Q1,2.69842670961937
75,2021Q2,2.4940997640935363
75,2021Q3,1.0216066153476495
75,2021Q4,0.9822502385348888
75,2022Q1,3.016723316729809
75,2022Q2,3.370498369003863
75,2022Q3,-1.2263558075440608
75,2022Q4,2.4128518873495644
75,2023Q1,3.1714467482772086
75,2023Q2,3.565214078218036
75,2023Q3,2.949545550699245
75,2023Q4,1.418408751777486
76,1980Q1,-1.0575160347153965
76,1980Q2,-0.7570495567301592
76,1980Q3,3.737023494945343
76,1980Q4,3.606460053866894
76,1981Q1,3.0019490115558414
76,1981Q2,3.652541265746586
76,1981Q3,2.0855375281846724
76,1981Q4,4.4630692500640885
76,1982Q1,2.9123957591701606
76,1982Q2,3.3960111520982537
76,1982Q3,1.6137993432113875
76,1982Q4,-5.727395133137625
76,1983Q1,1.061083757558682
76,1983Q2,4.429517490857851
76,1983Q3,3.1947626466251178
76,1983Q4,1.388792051469606
76,1984Q1,2.0738077873854444
76,1984Q2,3.2226139832798264
76,1984Q3,4.335197190173551
76,1984Q4,3.37899849795902
76,1985Q1,1.576676307065699
76,1985Q2,0.9130786937390951
76,1985Q3,2.785553458065306
76,1985Q4,4.458407417592873
76,1986Q1,3.7917168674946735
76,1986Q2,2.5943967530325693
76,1986Q3,2.8033149939948494
76,1986Q4,3.5781229836149415
76,1987Q1,4.115662206786529
76,1987Q2,2.7736052839735024
76,1987Q3,2.9594417178161416
76,1987Q4,3.111859852357048
76,1988Q1,4.476705187679871
76,1988Q2,4.50586560460023
76,1988Q3,1.9577005439605322
76,1988Q4,4.275908100974367
76,1989Q1,4.320250199036827
76,1989Q2,1.9894686257168077
76,1989Q3,4.262021141580364
76,1989Q4,3.853370834703778
76,1990Q1,3.4150123037884486
76,1990Q2,2.838577921851055
76,1990Q3,2.6004784982511318
76,1990Q4,3.079293255849368
76,1991Q1,-2.0646059257870517
76,1991Q2,3.161758932649492
76,1991Q3,3.882349123596188
76,1991Q4,3.233981376070533
76,1992Q1,2.7992975905072317
76,1992Q2,3.7717798950828607
76,1992Q3,4.331234464550981
76,1992Q4,2.090006968066908
76,1993Q1,4.056470772410912
76,1993Q2,4.208991008021821
76,1993Q3,2.055720878917682
76,1993Q4,3.9452841078250054
76,1994Q1,3.783191420831828
76,1994Q2,4.289671360834745
76,1994Q3,4.485246136511945
76,1994Q4,3.061697810518665
76,1995Q1,1.5098878169057848
76,1995Q2,0.6586372646163294
76,1995Q3,-0.3239703730814423
76,1995Q4,3.633839943802511
76,1996Q1,3.964665050411334
76,1996Q2,3.763079722410842
76,1996Q3,-0.9242880819790029
76,1996Q4,2.810707251262555
76,1997Q1,3.1576653156357812
76,1997Q2,-0.6800213170020255
76,1997Q3,3.8951752508370006
76,1997Q4,1.8076154973761152
76,1998Q1,3.3963544689510448
76,1998Q2,3.8946515399738404
76,1998Q3,3.556443236198559
76,1998Q4,3.0201646524641625
76,1999Q1,4.3802346141068425
76,1999Q2,4.383299917421465
76,1999Q3,4.4045219458726255
76,1999Q4,3.385752281017054
76,2000Q1,1.7516111422011038
76,2000Q2,3.3831822359743606
76,2000Q3,3.6931175556823543
76,2000Q4,3.8293169571915096
76,2001Q1,2.8948851160833105
76,2001Q2,3.7842976339849037
76,2001Q3,4.187802328002075
76,2001Q4,4.15067853621597
76,2002Q1,3.0095399206525206
76,2002Q2,3.7726369570504854
76,2002Q3,4.434222005143685
76,2002Q4,4.20853668276241
76,2003Q1,4.508163959457617
76,2003Q2,4.477747817484876
76,2003Q3,3.889617887825046
76,2003Q4,4.170809062753816
76,2004Q1,4.459720416847367
76,2004Q2,4.38463090908215
76,2004Q3,4.413457317220319
76,2004Q4,3.6936595720195067
76,2005Q1,4.399103857307282
76,2005Q2,4.2575845288104945
76,2005Q3,4.29191829872073
76,2005Q4,4.403442232631504
76,2006Q1,4.232436607749286
76,2006Q2,2.952400682176898
76,2006Q3,4.049783855269843
76,2006Q4,3.9108053018598006
76,2007Q1,3.588744398191253
76,2007Q2,4.19997465896515
76,2007Q3,4.202950908114014
76,2007Q4,4.215037570140572
76,2008Q1,3.3788097188832236
76,2008Q2,3.4955095881475597
76,2008Q3,3.334601677294668
76,2008Q4,3.56974745867497
76,2009Q1,0.5725737170522214
76,2009Q2,1.0290471543343798
76,2009Q3,2.447985302200191
76,2009Q4,3.301708147403289
76,2010Q1,4.245112186713715
76,2010Q2,4.0188622086055314
76,2010Q3,4.264477691654089
76,2010Q4,4.0433518592358615
76,2011Q1,3.403681391728159
76,2011Q2,4.486493960913096
76,2011Q3,3.437248437234775
76,2011Q4,3.5575566129276432
76,2012Q1,3.913335932535686
76,2012Q2,4.430311624923572
76,2012Q3,3.9088730632375874
76,2012Q4,4.30751120300407
76,2013Q1,4.196683679373006
76,2013Q2,4.391138484957841
76,2013Q3,4.443649017839964
76,2013Q4,4.517602085491276
76,2014Q1,4.4876460642587155
76,2014Q2,4.442124482936503
76,2014Q3,4.101088085909261
76,2014Q4,4.356979386043904
76,2015Q1,4.0047253978796125
76,2015Q2,3.8070330775632373
76,2015Q3,4.498584972709374
76,2015Q4,3.8776030706409044
76,2016Q1,4.213194410349498
76,2016Q2,4.465980963728392
76,2016Q3,3.723076043716306
76,2016Q4,4.5106418613959365
76,2017Q1,4.185297726381975
76,2017Q2,4.045750846241105
76,2017Q3,4.375587799190332
76,2017Q4,4.5190774865384515
76,2018Q1,4.471552768896619
76,2018Q2,4.260674621463882
76,2018Q3,3.7123292641935866
76,2018Q4,4.157174005268178
76,2019Q1,4.386444057148627
76,2019Q2,4.405913424408122
76,2019Q3,4.2694845049309285
76,2019Q4,4.267696934068498
76,2020Q1,3.6319421598777772
76,2020Q2,-18.094413265644377
76,2020Q3,-4.956998332712706
76,2020Q4,2.946630383736229
76,2021Q1,2.698502052035149
76,2021Q2,2.494070344118269
76,2021Q3,1.0216494911313294
76,2021Q4,0.9823239898676843
76,2022Q1,3.016639780304971
76,2022Q2,3.370432134477897
76,2022Q3,-1.2266636509859499
76,2022Q4,2.412749169777818
76,2023Q1,3.1714879604095083
76,2023Q2,3.5651992131002572
76,2023Q3,2.9493872377237573
76,2023Q4,1.418225981456481
77,1980Q1,-1.0580183210576024
77,1980Q2,-0.7581307804147439
77,1980Q3,3.7370635354399306
77,1980Q4,3.606404220389923
77,1981Q1,3.002092312289468
77,1981Q2,3.652632220259565
77,1981Q3,2.0853254272751145
77,1981Q4,4.463197400803712
77,1982Q1,2.9126637087702894
77,1982Q2,3.395698997142113
77,1982Q3,1.6134831356014967
77,1982Q4,-5.727383396569087
77,1983Q1,1.0595305096379373
77,1983Q2,4.429541101091604
77,1983Q3,3.1943849903539725
77,1983Q4,1.3879199997165146
77,1984Q1,2.0736037644175775
77,1984Q2,3.222653717521734
77,1984Q3,4.335221112097598
77,1984Q4,3.378886933732354
77,1985Q1,1.5764286508144534
77,1985Q2,0.9126280303117262
77,1985Q3,2.785769904469574
77,1985Q4,4.45851830071757
77,1986Q1,3.7918706684035417
77,1986Q2,2.5949130734421506
77,1986Q3,2.8031986979013572
77,1986Q4,3.5781377724754853
77,1987Q1,4.115902588340111
77,1987Q2,2.773547851819743
77,1987Q3,2.9595294729021284
77,1987Q4,3.111794904893948
77,1988Q1,4.476892335611752
77,1988Q2,4.5060559983023305
77,1988Q3,1.9579018336675649
77,1988Q4,4.275983101584207
77,1989Q1,4.3203640147450475
77,1989Q2,1.9895190102992832
77,1989Q3,4.261994906517484
77,1989Q4,3.853633105778506
77,1990Q1,3.4149299180698502
77,1990Q2,2.8387277472915136
77,1990Q3,2.600444203403762
77,1990Q4,3.0796017025785045
77,1991Q1,-2.0647653645697597
77,1991Q2,3.1613173809701847
77,1991Q3,3.882033456658429
77,1991Q4,3.2340460802206543
77,1992Q1,2.7991800107240383
77,1992Q2,3.771921724201511
77,1992Q3,4.331385727785049
77,1992Q4,2.090285863678214
77,1993Q1,4.056479571543263
77,1993Q2,4.209098908061376
77,1993Q3,2.055439942246548
77,1993Q4,3.945283717665294
77,1994Q1,3.783218853546318
77,1994Q2,4.289818885379756
77,1994Q3,4.485412610647059
77,1994Q4,3.0619148344043285
77,1995Q1,1.510489812606635
77,1995Q2,0.6590399122975872
77,1995Q3,-0.324399262991677
77,1995Q4,3.63398574222129
77,1996Q1,3.9646914885156828
77,1996Q2,3.7631766939360625
77,1996Q3,-0.9249241930744372
77,1996Q4,2.8105380183282027
77,1997Q1,3.1575359706373574
77,1997Q2,-0.6805266235062675
77,1997Q3,3.895270413404101
77,1997Q4,1.8074592732763777
77,1998Q1,3.3963932821376037
77,1998Q2,3.8946749517367225
77,1998Q3,3.5564066868744626
77,1998Q4,3.02009269239466
77,1999Q1,4.3803560141037385
77,1999Q2,4.383527136325733
77,1999Q3,4.404637357594813
77,1999Q4,3.3856920585264505
77,2000Q1,1.7517931428075384
77,2000Q2,3.3833560834653635
77,2000Q3,3.6933297387760256
77,2000Q4,3.829464312373066
77,2001Q1,2.895064742462287
77,2001Q2,3.7845163770497043
77,2001Q3,4.187892016996145
77,2001Q4,4.150815175294575
77,2002Q1,3.0095147852286006
77,2002Q2,3.772665426993303
77,2002Q3,4.434286314780284
77,2002Q4,4.208562620201533
77,2003Q1,4.5083315998543165
77,2003Q2,4.47790136797621
77,2003Q3,3.8896838410444343
77,2003Q4,4.170906872314338
77,2004Q1,4.459951966837319
77,2004Q2,4.3848718017825545
77,2004Q3,4.413564125870009
77,2004Q4,3.6937608249101346
77,2005Q1,4.399209288135053
77,2005Q2,4.257768307389377
77,2005Q3,4.291995064288371
77,2005Q4,4.4035577565339095
77,2006Q1,4.232591411472809
77,2006Q2,2.952447562865407
77,2006Q3,4.049809369828914
77,2006Q4,3.9108658696995544
77,2007Q1,3.588739052282126
77,2007Q2,4.200112140745517
77,2007Q3,4.202976242400765
77,2007Q4,4.2152355288072885
77,2008Q1,3.378990745642353
77,2008Q2,3.49562163108737
77,2008Q3,3.3347042461181644
77,2008Q4,3.5698232068134335
77,2009Q1,0.5728573359733762
77,2009Q2,1.0294618514667708
77,2009Q3,2.447804718716054
77,2009Q4,3.301544728786663
77,2010Q1,4.245207705873305
77,2010Q2,4.019125792664311
77,2010Q3,4.2646115449223405
77,2010Q4,4.043443501482842
77,2011Q1,3.403802224750466
77,2011Q2,4.486622920585331
77,2011Q3,3.437327211734535
77,2011Q4,3.5576611058510794
77,2012Q1,3.9134644449834726
77,2012Q2,4.430443823791315
77,2012Q3,3.9089676582138875
77,2012Q4,4.307650436656354
77,2013Q1,4.196788659631028
77,2013Q2,4.39126933542691
77,2013Q3,4.443794428784132
77,2013Q4,4.517759783711163
77,2014Q1,4.487811331015092
77,2014Q2,4.442241661467786
77,2014Q3,4.101254731402108
77,2014Q4,4.357094245439812
77,2015Q1,4.004810519184249
77,2015Q2,3.8071033429507626
77,2015Q3,4.498740224489686
77,2015Q4,3.8777554941422983
77,2016Q1,4.2133686526641085
77,2016Q2,4.46613925000252
77,2016Q3,3.723206939015327
77,2016Q4,4.510784855327555
77,2017Q1,4.1854426853071045
77,2017Q2,4.045846424621163
77,2017Q3,4.375721653610045
77,2017Q4,4.519218335853848
77,2018Q1,4.471684641050851
77,2018Q2,4.260830003977601
77,2018Q3,3.7124740106181955
77,2018Q4,4.157370515907312
77,2019Q1,4.386618325411734
77,2019Q2,4.406056715533893
77,2019Q3,4.26964630610299
77,2019Q4,4.267816919961642
77,2020Q1,3.632103136222721
77,2020Q2,-18.098816731932843
77,2020Q3,-4.959215406885026
77,2020Q4,2.946207576483155
77,2021Q1,2.698418021518169
77,2021Q2,2.494454507652335
77,2021Q3,1.0216959564093506
77,2021Q4,0.981648020450582
77,2022Q1,3.0166981103963835
77,2022Q2,3.3706155997836826
77,2022Q3,-1.2264094606367353
77,2022Q4,2.412630459463486
77,2023Q1,3.171602087627245
77,2023Q2,3.5653085178478428
77,2023Q3,2.9494319456502422
77,2023Q4,1.4181495165187474
78,1980Q1,-1.058317706160211
78,1980Q2,-0.7578320345485885
78,1980Q3,3.736964966970536
78,1980Q4,3.6064512136328717
78,1981Q1,3.002035910016186
78,1981Q2,3.652536474537852
78,1981Q3,2.085213526831122
78,1981Q4,4.463179049703665
78,1982Q1,2.91240173043229
78,1982Q2,3.395581457924049
78,1982Q3,1.613348314304195
78,1982Q4,-5.728076902964807
78,1983Q1,1.0593527462811911
78,1983Q2,4.429684168966267
78,1983Q3,3.1948789322447917
78,1983Q4,1.388121841650554
78,1984Q1,2.073491119958073
78,1984Q2,3.222523778484037
78,1984Q3,4.335323004251666
78,1984Q4,3.3787969711059236
78,1985Q1,1.5760281083981522
78,1985Q2,0.9128647430966446
78,1985Q3,2.7858141220581376
78,1985Q4,4.458506418586967
78,1986Q1,3.7919358151172218
78,1986Q2,2.594635867537513
78,1986Q3,2.8030872519410006
78,1986Q4,3.5782014336331374
78,1987Q1,4.115794122577492
78,1987Q2,2.773626651933082
78,1987Q3,2.9596480578285265
78,1987Q4,3.111954984727236
78,1988Q1,4.476842865516626
78,1988Q2,4.506035614531697
78,1988Q3,1.9576474015673604
78,1988Q4,4.276067618230726
78,1989Q1,4.320314288981824
78,1989Q2,1.9894934326846694
78,1989Q3,4.262007099736516
78,1989Q4,3.8535516969602415
78,1990Q1,3.414995998893301
78,1990Q2,2.8384463926790766
78,1990Q3,2.600622867105547
78,1990Q4,3.079094707279256
78,1991Q1,-2.065421509957364
78,1991Q2,3.1612866514246005
78,1991Q3,3.88228194575504
78,1991Q4,3.2339123014175213
78,1992Q1,2.798822912344299
78,1992Q2,3.7717635292325733
78,1992Q3,4.3313089306719235
78,1992Q4,2.0901487403527654
78,1993Q1,4.056379562863204
78,1993Q2,4.2090725261029736
78,1993Q3,2.0554310623386454
78,1993Q4,3.9453698004699946
78,1994Q1,3.7833418461576365
78,1994Q2,4.289846655458604
78,1994Q3,4.485375167639176
78,1994Q4,3.0619751033242064
78,1995Q1,1.5104352970571635
78,1995Q2,0.6591843178252903
78,1995Q3,-0.32413971879771086
78,1995Q4,3.6341488788132814
78,1996Q1,3.964629876266334
78,1996Q2,3.763245425036962
78,1996Q3,-0.9251100974184379
78,1996Q4,2.8105050517532115
78,1997Q1,3.1575435783804826
78,1997Q2,-0.6807673906920719
78,1997Q3,3.8952729090613136
78,1997Q4,1.8075369175550455
78,1998Q1,3.3963542785168706
78,1998Q2,3.894716213856924
78,1998Q3,3.5564940875117705
78,1998Q4,3.0202132114124947
78,1999Q1,4.380415670692482
78,1999Q2,4.383464760428582
78,1999Q3,4.40469746866247
78,1999Q4,3.385706002319072
78,2000Q1,1.7518304621581993
78,2000Q2,3.3832670448855455
78,2000Q3,3.693305453604972
78,2000Q4,3.829664305050012
78,2001Q1,2.895042913967528
78,2001Q2,3.784474193950154
78,2001Q3,4.187870653927177
78,2001Q4,4.1507969960369095
78,2002Q1,3.009482663870302
78,2002Q2,3.7726826307747707
78,2002Q3,4.4343160490766245
78,2002Q4,4.208532352074073
78,2003Q1,4.5083121288181305
78,2003Q2,4.477906468850385
78,2003Q3,3.889625924264949
78,2003Q4,4.170898606190922
78,2004Q1,4.459970023953075
78,2004Q2,4.384884490509986
78,2004Q3,4.413512543004839
78,2004Q4,3.6936553763403555
78,2005Q1,4.399222877822338
78,2005Q2,4.257727623652892
78,2005Q3,4.291944396273632
78,2005Q4,4.403560815935437
78,2006Q1,4.232586572399469
78,2006Q2,2.9523895538013933
78,2006Q3,4.049766399877524
78,2006Q4,3.910880067153004
78,2007Q1,3.5887690314848184
78,2007Q2,4.200068858072201
78,2007Q3,4.202987357395172
78,2007Q4,4.21525546488826
78,2008Q1,3.3789605480637968
78,2008Q2,3.4957619683834498
78,2008Q3,3.334670669722133
78,2008Q4,3.5699589241267624
78,2009Q1,0.5727254745479686
78,2009Q2,1.0295030448124267
78,2009Q3,2.4480538872204525
78,2009Q4,3.3017134594138655
78,2010Q1,4.245235674452329
78,2010Q2,4.019171379417461
78,2010Q3,4.264619213223513
78,2010Q4,4.043447262738781
78,2011Q1,3.403811653720921
78,2011Q2,4.486641788557139
78,2011Q3,3.4373056885322235
78,2011Q4,3.5576429748252867
78,2012Q1,3.913450724239042
78,2012Q2,4.430470493103632
78,2012Q3,3.909056904651346
78,2012Q4,4.3076457100756524
78,2013Q1,4.1967528356576835
78,2013Q2,4.3912952988066865
78,2013Q3,4.4437860119197685
78,2013Q4,4.517753880278345
78,2014Q1,4.487836516379755
78,2014Q2,4.442223421770214
78,2014Q3,4.101244528203115
78,2014Q4,4.357130734837022
78,2015Q1,4.004922723793822
78,2015Q2,3.807115382040153
78,2015Q3,4.498746213812941
78,2015Q4,3.877824147565525
78,2016Q1,4.21338205385636
78,2016Q2,4.466151035561312
78,2016Q3,3.7232122174132902
78,2016Q4,4.5107904885757995
78,2017Q1,4.185416737677132
78,2017Q2,4.0458865358101495
78,2017Q3,4.3757137594998365
78,2017Q4,4.5192245571550735
78,2018Q1,4.471690847721779
78,2018Q2,4.260849428658134
78,2018Q3,3.712459659256482
78,2018Q4,4.157383873157091
78,2019Q1,4.386635154350791
78,2019Q2,4.406076180542593
78,2019Q3,4.269683902869679
78,2019Q4,4.267851436918624
78,2020Q1,3.632026865049749
78,2020Q2,-18.097237245733872
78,2020Q3,-4.958574383807363
78,2020Q4,2.946781781721799
78,2021Q1,2.698723109131863
78,2021Q2,2.4940787180313526
78,2021Q3,1.0216568311889058
78,2021Q4,0.9817133758215255
78,2022Q1,3.0165837910721898
78,2022Q2,3.3704688060769836
78,2022Q3,-1.2268679334351749
78,2022Q4,2.4126439145593297
78,2023Q1,3.1716734305367646
78,2023Q2,3.5653187887316706
78,2023Q3,2.9495129400790487
78,2023Q4,1.418202750105717
79,1980Q1,-1.0586436452589334
79,1980Q2,-0.757632331016719
79,1980Q3,3.736894485437401
79,1980Q4,3.6064648611243277
79,1981Q1,3.0019384348413323
79,1981Q2,3.6524683664257753
79,1981Q3,2.085150245246744
79,1981Q4,4.463157540134541
79,1982Q1,2.9123713917808254
79,1982Q2,3.395419678317446
79,1982Q3,1.6133779070249887
79,1982Q4,-5.727841092563798
79,1983Q1,1.0591964224007397
79,1983Q2,4.429721188082135
79,1983Q3,3.194961765829458
79,1983Q4,1.3880304441888227
79,1984Q1,2.0733127426780755
79,1984Q2,3.2225141716139225
79,1984Q3,4.335348686875662
79,1984Q4,3.3786859167483954
79,1985Q1,1.5759005040916247
79,1985Q2,0.9129444712493124
79,1985Q3,2.7859901796047435
79,1985Q4,4.458477491734848
79,1986Q1,3.792008133870889
79,1986Q2,2.594610916836516
79,1986Q3,2.8030240618180153
79,1986Q4,3.5781825512764818
79,1987Q1,4.115783958843356
79,1987Q2,2.773602472732131
79,1987Q3,2.959699836684961
79,1987Q4,3.1120209666013343
79,1988Q1,4.47680470790339
79,1988Q2,4.506007614192709
79,1988Q3,1.957546613598018
79,1988Q4,4.276057858400831
79,1989Q1,4.320311256664636
79,1989Q2,1.9895355165790116
79,1989Q3,4.261965147201235
79,1989Q4,3.853496001577802
79,1990Q1,3.4149616664178803
79,1990Q2,2.838361007881346
79,1990Q3,2.600664587290499
79,1990Q4,3.079010283540639
79,1991Q1,-2.0656061409035367
79,1991Q2,3.1612507449990215
79,1991Q3,3.8823418714387046
79,1991Q4,3.2339067391146847
79,1992Q1,2.7987308904127945
79,1992Q2,3.7717576515067224
79,1992Q3,4.331262397958795
79,1992Q4,2.0900980121898742
79,1993Q1,4.056296056600052
79,1993Q2,4.209089676797297
79,1993Q3,2.0554223906150213
79,1993Q4,3.945337809290951
79,1994Q1,3.7833372995850283
79,1994Q2,4.289837982709151
79,1994Q3,4.48534968169565
79,1994Q4,3.0619683900948167
79,1995Q1,1.5103987263636407
79,1995Q2,0.6592307861512796
79,1995Q3,-0.3240571110196324
79,1995Q4,3.634158510464893
79,1996Q1,3.964620085016485
79,1996Q2,3.7633218964930304
79,1996Q3,-0.9250116146149274
79,1996Q4,2.81057836578809
79,1997Q1,3.157600120130053
79,1997Q2,-0.6807324778800474
79,1997Q3,3.895310844072562
79,1997Q4,1.8076707724403263
79,1998Q1,3.396362836143589
79,1998Q2,3.8947011270958733
79,1998Q3,3.556547876820731
79,1998Q4,3.0202996112979763
79,1999Q1,4.380423573089516
79,1999Q2,4.383426218694398
79,1999Q3,4.404688413504783
79,1999Q4,3.3857849158430993
79,2000Q1,1.7518471748114277
79,2000Q2,3.3833150244616297
79,2000Q3,3.693262853966159
79,2000Q4,3.829661501272207
79,2001Q1,2.895028238875663
79,2001Q2,3.784433559947746
79,2001Q3,4.187887191418578
79,2001Q4,4.150801046174549
79,2002Q1,3.0094966740526914
79,2002Q2,3.7726976217905976
79,2002Q3,4.434308132770023
79,2002Q4,4.208536767993938
79,2003Q1,4.508293573844285
79,2003Q2,4.47788041916604
79,2003Q3,3.8896535751947634
79,2003Q4,4.170931967013519
79,2004Q1,4.4599651072137645
79,2004Q2,4.384891119328061
79,2004Q3,4.413498674416162
79,2004Q4,3.693668253038775
79,2005Q1,4.3991955769102296
79,2005Q2,4.257705474013738
79,2005Q3,4.291943157274081
79,2005Q4,4.403540698471383
79,2006Q1,4.232563792004853
79,2006Q2,2.9523708841788645
79,2006Q3,4.049779364873815
79,2006Q4,3.910893510241567
79,2007Q1,3.588782326487828
79,2007Q2,4.200076210789098
79,2007Q3,4.202985226896242
79,2007Q4,4.215267710282836
79,2008Q1,3.379031684970732
79,2008Q2,3.4958241656920985
79,2008Q3,3.3347211994828703
79,2008Q4,3.5699339490687265
79,2009Q1,0.5726367277046274
79,2009Q2,1.0295291276962142
79,2009Q3,2.448100385182576
79,2009Q4,3.301735394942663
79,2010Q1,4.245225904363458
79,2010Q2,4.019183930608403
79,2010Q3,4.264602624453545
79,2010Q4,4.04342548536733
79,2011Q1,3.4037763347937293
79,2011Q2,4.486623090556667
79,2011Q3,3.437278996682858
79,2011Q4,3.557663475839434
79,2012Q1,3.913425536508228
79,2012Q2,4.4304658155866985
79,2012Q3,3.909067805140672
79,2012Q4,4.307613945081879
79,2013Q1,4.19673797638272
79,2013Q2,4.391280902741688
79,2013Q3,4.443772028593889
79,2013Q4,4.517737556433667
79,2014Q1,4.487820769753171
79,2014Q2,4.442210171123184
79,2014Q3,4.101240163571758
79,2014Q4,4.357115580217705
79,2015Q1,4.004926194651771
79,2015Q2,3.8070916828850088
79,2015Q3,4.4987315465652555
79,2015Q4,3.8778159019594476
79,2016Q1,4.213370850095514
79,2016Q2,4.466138163023787
79,2016Q3,3.7231890555907134
79,2016Q4,4.510776382889605
79,2017Q1,4.1853910621826005
79,2017Q2,4.045871501129789
79,2017Q3,4.375695015264401
79,2017Q4,4.519211337988429
79,2018Q1,4.471678135627336
79,2018Q2,4.260831397018975
79,2018Q3,3.7124256304214653
79,2018Q4,4.157369387215151
79,2019Q1,4.386626217110852
79,2019Q2,4.406069146604686
79,2019Q3,4.269677776820861
79,2019Q4,4.267839463015241
79,2020Q1,3.632031740161975
79,2020Q2,-18.09647278895201
79,2020Q3,-4.958569450239816
79,2020Q4,2.9469310183170503
79,2021Q1,2.6987779483284227
79,2021Q2,2.493939386734525
79,2021Q3,1.0215370737129383
79,2021Q4,0.9817219220699864
79,2022Q1,3.0166259759507996
79,2022Q2,3.370467550869436
79,2022Q3,-1.2267729090209523
79,2022Q4,2.412748609966838
79,2023Q1,3.1717408226782293
79,2023Q2,3.565345250914583
79,2023Q3,2.9495572442216793
79,2023Q4,1.418253886453957
80,1980Q1,-1.0590283707080648
80,1980Q2,-0.7571668651566039
80,1980Q3,3.736792863230856
80,1980Q4,3.6064545028995925
80,1981Q1,3.001837463359392
80,1981Q2,3.6523750202392757
80,1981Q3,2.0850647029369203
80,1981Q4,4.463143878340061
80,1982Q1,2.9123672484568477
80,1982Q2,3.3950784911718737
80,1982Q3,1.613427658523161
80,1982Q4,-5.727577058246533
80,1983Q1,1.0587485044834652
80,1983Q2,4.429682839423864
80,1983Q3,3.195051549380688
80,1983Q4,1.3880585742359708
80,1984Q1,2.072927690843325
80,1984Q2,3.222491023132463
80,1984Q3,4.335351794499202
80,1984Q4,3.378434107506462
80,1985Q1,1.5759169374531248
80,1985Q2,0.9130388391707576
80,1985Q3,2.7863819384565542
80,1985Q4,4.458411806239143
80,1986Q1,3.792110394731651
80,1986Q2,2.5947344837792907
80,1986Q3,2.80287209386025
80,1986Q4,3.578153853669609
80,1987Q1,4.11575738237829
80,1987Q2,2.773622783905558
80,1987Q3,2.9598313717715143
80,1987Q4,3.112156388260206
80,1988Q1,4.476739832739419
80,1988Q2,4.505953469463703
80,1988Q3,1.957466993984366
80,1988Q4,4.276005567489393
80,1989Q1,4.3202787475954665
80,1989Q2,1.989594471338592
80,1989Q3,4.261876476064757
80,1989Q4,3.8534851530666203
80,1990Q1,3.4148834277194506
80,1990Q2,2.838326551727853
80,1990Q3,2.600695635304147
80,1990Q4,3.0790337297756096
80,1991Q1,-2.065974796854631
80,1991Q2,3.1610347475602127
80,1991Q3,3.88239958962289
80,1991Q4,3.23373006286607
80,1992Q1,2.7986994765150115
80,1992Q2,3.7716058807286212
80,1992Q3,4.331207161079137
80,1992Q4,2.0901251977997086
80,1993Q1,4.056182113140862
80,1993Q2,4.209066353963098
80,1993Q3,2.0554317053771753
80,1993Q4,3.9452990382703734
80,1994Q1,3.7833570880858156
80,1994Q2,4.289820645032145
80,1994Q3,4.485292625466158
80,1994Q4,3.0620307611069517
80,1995Q1,1.5105917830325706
80,1995Q2,0.65945791357698
80,1995Q3,-0.32405073853437383
80,1995Q4,3.63411973764084
80,1996Q1,3.964632879113068
80,1996Q2,3.7634815877331214
80,1996Q3,-0.9249255219723542
80,1996Q4,2.810631760109774
80,1997Q1,3.1575954087368894
80,1997Q2,-0.680571343485739
80,1997Q3,3.895368116081351
80,1997Q4,1.8077633996233518
80,1998Q1,3.396323321329115
80,1998Q2,3.8946828772549233
80,1998Q3,3.5566063854618744
80,1998Q4,3.0203023358825556
80,1999Q1,4.3803791991554
80,1999Q2,4.3833697620548575
80,1999Q3,4.404662073322269
80,1999Q4,3.3858551575703295
80,2000Q1,1.7518569937735307
80,2000Q2,3.383312469280267
80,2000Q3,3.69317976105825
80,2000Q4,3.8297218388588483
80,2001Q1,2.895087953794242
80,2001Q2,3.7844245090236623
80,2001Q3,4.187897545024836
80,2001Q4,4.150802966340049
80,2002Q1,3.0094469791284273
80,2002Q2,3.772690209022468
80,2002Q3,4.434282883675536
80,2002Q4,4.208519191401492
80,2003Q1,4.508245016941329
80,2003Q2,4.4778366034839605
80,2003Q3,3.889641088879085
80,2003Q4,4.170930540539781
80,2004Q1,4.459933898616482
80,2004Q2,4.38487302237629
80,2004Q3,4.413455918522805
80,2004Q4,3.6936425682304233
80,2005Q1,4.39916336513742
80,2005Q2,4.257662848737001
80,2005Q3,4.2919153871424
80,2005Q4,4.403512406555505
80,2006Q1,4.232518463102634
80,2006Q2,2.9523677987904495
80,2006Q3,4.04976242013229
80,2006Q4,3.9108963526156426
80,2007Q1,3.5888330265304784
80,2007Q2,4.20005155618525
80,2007Q3,4.202968116614938
80,2007Q4,4.215259906177318
80,2008Q1,3.3790527654629425
80,2008Q2,3.4958299510743416
80,2008Q3,3.3346769925145043
80,2008Q4,3.5699695459335525
80,2009Q1,0.5727201091861756
80,2009Q2,1.0298331415652089
80,2009Q3,2.4481641657076536
80,2009Q4,3.3017371016528037
80,2010Q1,4.245207402299768
80,2010Q2,4.019212780388926
80,2010Q3,4.264575967775786
80,2010Q4,4.043404931861206
80,2011Q1,3.4037737275159916
80,2011Q2,4.486570337859219
80,2011Q3,3.437248437651891
80,2011Q4,3.557667892836307
80,2012Q1,3.9134256876979108
80,2012Q2,4.430455487358448
80,2012Q3,3.9090835153685095
80,2012Q4,4.307554765067811
80,2013Q1,4.196685128419619
80,2013Q2,4.391239887477753
80,2013Q3,4.443733109302378
80,2013Q4,4.517696786656379
80,2014Q1,4.487787345015233
80,2014Q2,4.4421632915747935
80,2014Q3,4.101231559316547
80,2014Q4,4.357070542683745
80,2015Q1,4.00491234526951
80,2015Q2,3.807059919919137
80,2015Q3,4.498687154588747
80,2015Q4,3.8778098981417584
80,2016Q1,4.213356689371425
80,2016Q2,4.466106669157007
80,2016Q3,3.72315992574726
80,2016Q4,4.510731259938305
80,2017Q1,4.185364665444489
80,2017Q2,4.045841164165822
80,2017Q3,4.375655953291047
80,2017Q4,4.519171628775418
80,2018Q1,4.471639571414045
80,2018Q2,4.260789337505891
80,2018Q3,3.7123914820178596
80,2018Q4,4.157365168482557
80,2019Q1,4.386604556384572
80,2019Q2,4.406042000733309
80,2019Q3,4.269646288979113
80,2019Q4,4.267806132905876
80,2020Q1,3.6320092636440906
80,2020Q2,-18.09524976317504
80,2020Q3,-4.958285219160809
80,2020Q4,2.947153076881717
80,2021Q1,2.698820083743097
80,2021Q2,2.4938810975631993
80,2021Q3,1.0217245295663684
80,2021Q4,0.9816295895460367
80,2022Q1,3.0166153229808392
80,2022Q2,3.3704491125365577
80,2022Q3,-1.2266651044876102
80,2022Q4,2.412769044472333
80,2023Q1,3.171756261812677
80,2023Q2,3.5653854369423392
80,2023Q3,2.9496962679626346
80,2023Q4,1.4183798823194782
81,1980Q1,-1.0592783969335997
81,1980Q2,-0.7566638608812948
81,1980Q3,3.7367341637439306
81,1980Q4,3.6064294022527013
81,1981Q1,3.0018591099703626
81,1981Q2,3.6523933667038326
81,1981Q3,2.0849354894771372
81,1981Q4,4.4631121601251085
81,1982Q1,2.9123224616316
81,1982Q2,3.394833657471615
81,1982Q3,1.6134650953922858
81,1982Q4,-5.727049491822793
81,1983Q1,1.0583733703003575
81,1983Q2,4.429720824952682
81,1983Q3,3.1949468379037453
81,1983Q4,1.387081923068831
81,1984Q1,2.073109223221779
81,1984Q2,3.2223255427676394
81,1984Q3,4.335366794050026
81,1984Q4,3.3784862525531336
81,1985Q1,1.5757949845225232
81,1985Q2,0.9131409165906987
81,1985Q3,2.786532625902713
81,1985Q4,4.458399110393412
81,1986Q1,3.7921774494052016
81,1986Q2,2.594885483035724
81,1986Q3,2.802748675105272
81,1986Q4,3.5780968893423717
81,1987Q1,4.115805929224422
81,1987Q2,2.7735641215954194
81,1987Q3,2.9600483154305226
81,1987Q4,3.112284831371154
81,1988Q1,4.476672056562544
81,1988Q2,4.5059256108620716
81,1988Q3,1.957558800146474
81,1988Q4,4.275927462461064
81,1989Q1,4.320304639877628
81,1989Q2,1.9897243656822128
81,1989Q3,4.261773605292832
81,1989Q4,3.8534497568752526
81,1990Q1,3.4147001989473083
81,1990Q2,2.838269897915549
81,1990Q3,2.600546717438193
81,1990Q4,3.0788990566184795
81,1991Q1,-2.0658478828835554
81,1991Q2,3.160810285292375
81,1991Q3,3.882329835439326
81,1991Q4,3.234051008706165
81,1992Q1,2.7985944136131913
81,1992Q2,3.7717962032702963
81,1992Q3,4.331155141627876
81,1992Q4,2.0902920775392366
81,1993Q1,4.056041719531503
81,1993Q2,4.2091688584400595
81,1993Q3,2.0553734375414856
81,1993Q4,3.9451237365776404
81,1994Q1,3.783154419553096
81,1994Q2,4.289728018376296
81,1994Q3,4.485263580021235
81,1994Q4,3.0619563702496917
81,1995Q1,1.510675869687351
81,1995Q2,0.6595800409686658
81,1995Q3,-0.3242661965588143
81,1995Q4,3.6340385654533627
81,1996Q1,3.9646622927831667
81,1996Q2,3.7635858612845885
81,1996Q3,-0.9249753092924218
81,1996Q4,2.810679388633047
81,1997Q1,3.157603038348276
81,1997Q2,-0.6803306411437307
81,1997Q3,3.8954345453216357
81,1997Q4,1.8078853046070464
81,1998Q1,3.396348996318078
81,1998Q2,3.8945733270799634
81,1998Q3,3.556669662733703
81,1998Q4,3.0202839712052523
81,1999Q1,4.380347587844551
81,1999Q2,4.383365625281057
81,1999Q3,4.404594094021706
81,1999Q4,3.3860765020950847
81,2000Q1,1.7517783654067376
81,2000Q2,3.383523162448803
81,2000Q3,3.6931852244837815
81,2000Q4,3.8295959981080374
81,2001Q1,2.89505868596217
81,2001Q2,3.784377932141232
81,2001Q3,4.187970382080318
81,2001Q4,4.150846119223887
81,2002Q1,3.009476041366705
81,2002Q2,3.772736533191038
81,2002Q3,4.434241933883753
81,2002Q4,4.208554944505829
81,2003Q1,4.508236056942682
81,2003Q2,4.477790399418644
81,2003Q3,3.8897811723051423
81,2003Q4,4.171023827324141
81,2004Q1,4.459949132142999
81,2004Q2,4.3849255127169835
81,2004Q3,4.41347182304538
81,2004Q4,3.693790051437337
81,2005Q1,4.399085847749783
81,2005Q2,4.2576999328526455
81,2005Q3,4.291968730564234
81,2005Q4,4.40346418262222
81,2006Q1,4.232521862521881
81,2006Q2,2.9524872342077164
81,2006Q3,4.049836523244437
81,2006Q4,3.910939606849574
81,2007Q1,3.588886986772618
81,2007Q2,4.200100014040996
81,2007Q3,4.202963164810858
81,2007Q4,4.215291647426795
81,2008Q1,3.3792852112478915
81,2008Q2,3.495845011537436
81,2008Q3,3.3348497568443665
81,2008Q4,3.5698050595612183
81,2009Q1,0.572599029309862
81,2009Q2,1.029883342386492
81,2009Q3,2.4480463271128468
81,2009Q4,3.301647898122455
81,2010Q1,4.245225098835608
81,2010Q2,4.0193185438890735
81,2010Q3,4.264574738489662
81,2010Q4,4.0433363739962225
81,2011Q1,3.403826495828909
81,2011Q2,4.486514005085394
81,2011Q3,3.437231434592471
81,2011Q4,3.5577349344828035
81,2012Q1,3.9133581564004385
81,2012Q2,4.430441012891864
81,2012Q3,3.9090399766823003
81,2012Q4,4.3074808688998
81,2013Q1,4.1966849426900135
81,2013Q2,4.391216679384452
81,2013Q3,4.44371899720869
81,2013Q4,4.517675435058788
81,2014Q1,4.487743618937181
81,2014Q2,4.442157936078462
81,2014Q3,4.101230305152916
81,2014Q4,4.357048099728178
81,2015Q1,4.004840890357894
81,2015Q2,3.807089687785792
81,2015Q3,4.498653109928102
81,2015Q4,3.877769986675855
81,2016Q1,4.213326716102236
81,2016Q2,4.466097409220644
81,2016Q3,3.723186786124926
81,2016Q4,4.510696659062033
81,2017Q1,4.185385494554762
81,2017Q2,4.0458152207611855
81,2017Q3,4.375644601865032
81,2017Q4,4.5191509192506985
81,2018Q1,4.471612207897668
81,2018Q2,4.260754140152158
81,2018Q3,3.7123998471945403
81,2018Q4,4.157395493752466
81,2019Q1,4.386583072617814
81,2019Q2,4.406021751272554
81,2019Q3,4.26962694630988
81,2019Q4,4.267792052453374
81,2020Q1,3.631942307601297
81,2020Q2,-18.093908840381403
81,2020Q3,-4.958529655192118
81,2020Q4,2.9468465741370267
81,2021Q1,2.6984259771578487
81,2021Q2,2.493886179082451
81,2021Q3,1.022255499673682
81,2021Q4,0.9815588960526282
81,2022Q1,3.0166511219844567
81,2022Q2,3.370382302491941
81,2022Q3,-1.2268571675919198
81,2022Q4,2.4127932078143774
81,2023Q1,3.1717434467827985
81,2023Q2,3.5654964383075587
81,2023Q3,2.9496851609514216
81,2023Q4,1.418254217960258
82,1980Q1,-1.0594121347165428
82,1980Q2,-0.7563039805934801
82,1980Q3,3.736673538209175
82,1980Q4,3.6063997123564078
82,1981Q1,3.001864807034058
82,1981Q2,3.652439618639237
82,1981Q3,2.084900944503924
82,1981Q4,4.463069811203533
82,1982Q1,2.9126382526582515
82,1982Q2,3.3944799838999007
82,1982Q3,1.613282861777412
82,1982Q4,-5.726649717699928
82,1983Q1,1.0575112245138434
82,1983Q2,4.429668907356628
82,1983Q3,3.19509228544064
82,1983Q4,1.3871147074030654
82,1984Q1,2.0730478903099754
82,1984Q2,3.2224303247512083
82,1984Q3,4.3353292144571896
82,1984Q4,3.3782779857164726
82,1985Q1,1.5759934910194477
82,1985Q2,0.9133333248131259
82,1985Q3,2.7869430501337735
82,1985Q4,4.458334305588074
82,1986Q1,3.792227597142724
82,1986Q2,2.5951384130464916
82,1986Q3,2.802656931524246
82,1986Q4,3.578106031406482
82,1987Q1,4.115856938321919
82,1987Q2,2.7736353672378478
82,1987Q3,2.9602517498597454
82,1987Q4,3.112401336779468
82,1988Q1,4.4766193675746715
82,1988Q2,4.505880529951572
82,1988Q3,1.9575841855670135
82,1988Q4,4.275848757807625
82,1989Q1,4.320241703453929
82,1989Q2,1.9899268643671673
82,1989Q3,4.261713604087718
82,1989Q4,3.8534968355767965
82,1990Q1,3.4146419802309653
82,1990Q2,2.8384324051564325
82,1990Q3,2.600573195552029
82,1990Q4,3.079086133612752
82,1991Q1,-2.065710553435676
82,1991Q2,3.160624565553726
82,1991Q3,3.882272693425032
82,1991Q4,3.233953024941167
82,1992Q1,2.7986503956519817
82,1992Q2,3.771655025539587
82,1992Q3,4.331107001141023
82,1992Q4,2.0904427183863175
82,1993Q1,4.055920795470357
82,1993Q2,4.209095446472601
82,1993Q3,2.055209752230719
82,1993Q4,3.945057550012371
82,1994Q1,3.78318236352753
82,1994Q2,4.289707455506982
82,1994Q3,4.485216369190288
82,1994Q4,3.0620538748353754
82,1995Q1,1.5109708203228873
82,1995Q2,0.6598438222463505
82,1995Q3,-0.3243267986184595
82,1995Q4,3.634019956310649
82,1996Q1,3.9646279076873148
82,1996Q2,3.763543918945568
82,1996Q3,-0.9250883962920966
82,1996Q4,2.8105254924620358
82,1997Q1,3.157478761377806
82,1997Q2,-0.6801687255083522
82,1997Q3,3.895353700050245
82,1997Q4,1.8077454550943086
82,1998Q1,3.3962993945246636
82,1998Q2,3.894553623056477
82,1998Q3,3.5566512331793416
82,1998Q4,3.0202115505797966
82,1999Q1,4.3802988243567835
82,1999Q2,4.383325964647378
82,1999Q3,4.404570590852841
82,1999Q4,3.3860388697855894
82,2000Q1,1.7519131880985381
82,2000Q2,3.3834444139012554
82,2000Q3,3.6931891370560956
82,2000Q4,3.829691309337573
82,2001Q1,2.895104336762504
82,2001Q2,3.784416950136854
82,2001Q3,4.187939021081809
82,2001Q4,4.1508471015411335
82,2002Q1,3.0093517206326066
82,2002Q2,3.772700534004459
82,2002Q3,4.43418930708286
82,2002Q4,4.2084847878898435
82,2003Q1,4.508181108912459
82,2003Q2,4.477751037721699
82,2003Q3,3.8897119378325526
82,2003Q4,4.1709730314760005
82,2004Q1,4.45992865306996
82,2004Q2,4.384915766524978
82,2004Q3,4.413399438536272
82,2004Q4,3.6937093556966536
82,2005Q1,4.399044953224962
82,2005Q2,4.257657316326325
82,2005Q3,4.2918962910057985
82,2005Q4,4.40342599207263
82,2006Q1,4.2324725361411035
82,2006Q2,2.952471929156439
82,2006Q3,4.049766512378849
82,2006Q4,3.9109071706750402
82,2007Q1,3.588901221908153
82,2007Q2,4.200014286470047
82,2007Q3,4.202915964273115
82,2007Q4,4.215286741259989
82,2008Q1,3.379230485129482
82,2008Q2,3.4958150977020184
82,2008Q3,3.334787696859496
82,2008Q4,3.569879431350682
82,2009Q1,0.5727789936200698
82,2009Q2,1.0302667666532885
82,2009Q3,2.447991255257991
82,2009Q4,3.301581275552806
82,2010Q1,4.2452001420789856
82,2010Q2,4.019353925273665
82,2010Q3,4.264554880997737
82,2010Q4,4.043315704648374
82,2011Q1,3.403867511960986
82,2011Q2,4.486460960161579
82,2011Q3,3.4372152753664977
82,2011Q4,3.5577527180011677
82,2012Q1,3.9133902441258934
82,2012Q2,4.430417398475396
82,2012Q3,3.9090385559041043
82,2012Q4,4.307456429525064
82,2013Q1,4.196619758742257
82,2013Q2,4.3911733472460375
82,2013Q3,4.443669499769205
82,2013Q4,4.517630607804374
82,2014Q1,4.487721760016783
82,2014Q2,4.442092450934962
82,2014Q3,4.1012258028044375
82,2014Q4,4.356997268678704
82,2015Q1,4.004834027969749
82,2015Q2,3.80708011261909
82,2015Q3,4.498601980097475
82,2015Q4,3.877784341946057
82,2016Q1,4.213326168489546
82,2016Q2,4.466059814335938
82,2016Q3,3.723193053819622
82,2016Q4,4.510641704870854
82,2017Q1,4.185360008006697
82,2017Q2,4.045801591789799
82,2017Q3,4.3756051410983785
82,2017Q4,4.519101174279302
82,2018Q1,4.4715637098708765
82,2018Q2,4.260720628903274
82,2018Q3,3.7123978013425942
82,2018Q4,4.1574111228870585
82,2019Q1,4.386560538551481
82,2019Q2,4.405980610062502
82,2019Q3,4.269602405238805
82,2019Q4,4.267759290349043
82,2020Q1,3.6319020504356962
82,2020Q2,-18.093622620854266
82,2020Q3,-4.958279541369022
82,2020Q4,2.947006728000571
82,2021Q1,2.6984369508569204
82,2021Q2,2.494024230032231
82,2021Q3,1.022646882887848
82,2021Q4,0.9813809870746422
82,2022Q1,3.0166037574743756
82,2022Q2,3.3703824360687786
82,2022Q3,-1.2265857632233734
82,2022Q4,2.4127378104192747
82,2023Q1,3.1717889779883297
82,2023Q2,3.5655526237077795
82,2023Q3,2.949695444997195
82,2023Q4,1.4182691929202287
83,1980Q1,-1.0596869715535586
83,1980Q2,-0.7556574221256032
83,1980Q3,3.7366138819456296
83,1980Q4,3.6063127426588277
83,1981Q1,3.0019749899994514
83,1981Q2,3.65258296418265
83,1981Q3,2.0848604735291048
83,1981Q4,4.463020276870065
83,1982Q1,2.9127022503647675
83,1982Q2,3.3944037343588427
83,1982Q3,1.6130247697744138
83,1982Q4,-5.727036430531019
83,1983Q1,1.057030187222292
83,1983Q2,4.429632085311513
83,1983Q3,3.1953624149947144
83,1983Q4,1.3871596893435418
83,1984Q1,2.0734773896368237
83,1984Q2,3.222316787519845
83,1984Q3,4.3353046162702285
83,1984Q4,3.378307969565511
83,1985Q1,1.5761899950175282
83,1985Q2,0.9135223271354875
83,1985Q3,2.7869517559179084
83,1985Q4,4.458296870821228
83,1986Q1,3.7921210858297405
83,1986Q2,2.5951287219160286
83,1986Q3,2.802648223106072
83,1986Q4,3.5781032029094497
83,1987Q1,4.115800388425825
83,1987Q2,2.7736837044552196
83,1987Q3,2.9604888489745944
83,1987Q4,3.1125447597919473
83,1988Q1,4.476529052557639
83,1988Q2,4.505830203739443
83,1988Q3,1.9576830338841167
83,1988Q4,4.2757551104616995
83,1989Q1,4.320160401711288
83,1989Q2,1.9899408418768854
83,1989Q3,4.2617301348089205
83,1989Q4,3.8535145781615907
83,1990Q1,3.414601182572913
83,1990Q2,2.838536007091167
83,1990Q3,2.600462484431926
83,1990Q4,3.0790189399762413
83,1991Q1,-2.065576954394917
83,1991Q2,3.1604715631971687
83,1991Q3,3.882284616317523
83,1991Q4,3.2339498102353037
83,1992Q1,2.7987360109067643
83,1992Q2,3.7715008935738075
83,1992Q3,4.331080982508407
83,1992Q4,2.0905490740473507
83,1993Q1,4.055851248163123
83,1993Q2,4.209019515326948
83,1993Q3,2.0552952288456723
83,1993Q4,3.9450794543114345
83,1994Q1,3.7831827909907503
83,1994Q2,4.289636555493067
83,1994Q3,4.485160062821258
83,1994Q4,3.0621146826014343
83,1995Q1,1.5112391039439732
83,1995Q2,0.6601871710349396
83,1995Q3,-0.3243824082733413
83,1995Q4,3.6340126484637016
83,1996Q1,3.96457585077119
83,1996Q2,3.7634970035644986
83,1996Q3,-0.9250482074307023
83,1996Q4,2.8104264896336746
83,1997Q1,3.157380585076506
83,1997Q2,-0.6799672019315084
83,1997Q3,3.8952620840927206
83,1997Q4,1.8075851188289134
83,1998Q1,3.3962436763397132
83,1998Q2,3.8945636749844468
83,1998Q3,3.5566196864604174
83,1998Q4,3.020096157943231
83,1999Q1,4.380226107427558
83,1999Q2,4.383284836741071
83,1999Q3,4.404532007514442
83,1999Q4,3.3859386860007046
83,2000Q1,1.7519620802038767
83,2000Q2,3.383280906327892
83,2000Q3,3.6932304971136256
83,2000Q4,3.8298146159514097
83,2001Q1,2.8950932438637382
83,2001Q2,3.784422036161483
83,2001Q3,4.187902986642839
83,2001Q4,4.150823064379859
83,2002Q1,3.0091919054501473
83,2002Q2,3.772587966267369
83,2002Q3,4.434162421805991
83,2002Q4,4.208427773242453
83,2003Q1,4.508120706170043
83,2003Q2,4.477724123187159
83,2003Q3,3.8896118453383157
83,2003Q4,4.170853665139863
83,2004Q1,4.459866452801493
83,2004Q2,4.384838965603034
83,2004Q3,4.413338081542996
83,2004Q4,3.6936140745162613
83,2005Q1,4.399023824507536
83,2005Q2,4.257627791898976
83,2005Q3,4.291815629625798
83,2005Q4,4.403393509789167
83,2006Q1,4.232438730011697
83,2006Q2,2.9525357215433594
83,2006Q3,4.049647922777364
83,2006Q4,3.9108298928535095
83,2007Q1,3.588940797805535
83,2007Q2,4.19991070860527
83,2007Q3,4.202887697614781
83,2007Q4,4.215225521488418
83,2008Q1,3.3790824003660584
83,2008Q2,3.495734593358697
83,2008Q3,3.3346827299000745
83,2008Q4,3.569968259722819
83,2009Q1,0.572829716706865
83,2009Q2,1.0306053511129325
83,2009Q3,2.4479655865568724
83,2009Q4,3.3015940449367314
83,2010Q1,4.2452187019615515
83,2010Q2,4.01936077525172
83,2010Q3,4.264569833962891
83,2010Q4,4.043332677979472
83,2011Q1,3.40400194160505
83,2011Q2,4.486398918425801
83,2011Q3,3.43716643184104
83,2011Q4,3.5577387580341826
83,2012Q1,3.9134194721241373
83,2012Q2,4.430394011499937
83,2012Q3,3.9090389107552737
83,2012Q4,4.307432168269029
83,2013Q1,4.196562672635474
83,2013Q2,4.3911365577954795
83,2013Q3,4.4436127688726605
83,2013Q4,4.517577631514019
83,2014Q1,4.487685360152527
83,2014Q2,4.442033223747299
83,2014Q3,4.101180167229526
83,2014Q4,4.356963799644856
83,2015Q1,4.004833820663096
83,2015Q2,3.8071372662543945
83,2015Q3,4.4985288480100385
83,2015Q4,3.8778024074516773
83,2016Q1,4.213302677234784
83,2016Q2,4.466028451790465
83,2016Q3,3.7232437993504552
83,2016Q4,4.510571009828586
83,2017Q1,4.18536441473968
83,2017Q2,4.04582058414497
83,2017Q3,4.375589094529428
83,2017Q4,4.519050342759306
83,2018Q1,4.471504913145881
83,2018Q2,4.260686102048089
83,2018Q3,3.7124367631687507
83,2018Q4,4.157450487375015
83,2019Q1,4.38651170930192
83,2019Q2,4.405924403377963
83,2019Q3,4.269565093875732
83,2019Q4,4.267745308232813
83,2020Q1,3.631912719485773
83,2020Q2,-18.094776614787285
83,2020Q3,-4.957290241571423
83,2020Q4,2.9469928085101063
83,2021Q1,2.6982254423324763
83,2021Q2,2.4943022194898323
83,2021Q3,1.0230655790015715
83,2021Q4,0.9811456112122872
83,2022Q1,3.016504879052153
83,2022Q2,3.370578264198982
83,2022Q3,-1.225510770007138
83,2022Q4,2.4129008106834946
83,2023Q1,3.1720887089879195
83,2023Q2,3.5657917844183844
83,2023Q3,2.949784245293832
83,2023Q4,1.418308842954684
84,1980Q1,-1.060078013339278
84,1980Q2,-0.7556594103718339
84,1980Q3,3.736591848512803
84,1980Q4,3.606240685838487
84,1981Q1,3.002020841931807
84,1981Q2,3.652682027364996
84,1981Q3,2.0847956471270805
84,1981Q4,4.463012418425515
84,1982Q1,2.9127980298063583
84,1982Q2,3.394371321159218
84,1982Q3,1.6128417982124228
84,1982Q4,-5.727221700069894
84,1983Q1,1.0566090118635376
84,1983Q2,4.429594088391519
84,1983Q3,3.195333465408063
84,1983Q4,1.387084609638138
84,1984Q1,2.07362033788905
84,1984Q2,3.222309206812999
84,1984Q3,4.335281331939994
84,1984Q4,3.378297211008742
84,1985Q1,1.5762497701707519
84,1985Q2,0.9134647867085839
84,1985Q3,2.7869832324501056
84,1985Q4,4.45829490255451
84,1986Q1,3.7920946250560563
84,1986Q2,2.595220071958591
84,1986Q3,2.802676229040062
84,1986Q4,3.578092352959512
84,1987Q1,4.11581801453103
84,1987Q2,2.7736478418785153
84,1987Q3,2.960563030535073
84,1987Q4,3.112554373596991
84,1988Q1,4.476525811203031
84,1988Q2,4.505842089710799
84,1988Q3,1.9577606957115674
84,1988Q4,4.2757172126217595
84,1989Q1,4.320143947991254
84,1989Q2,1.9899343765806141
84,1989Q3,4.261747016253827
84,1989Q4,3.8535678838494287
84,1990Q1,3.4145603429025098
84,1990Q2,2.838656107407518
84,1990Q3,2.600376013112281
84,1990Q4,3.0791183800345245
84,1991Q1,-2.065489777497575
84,1991Q2,3.1603747202440644
84,1991Q3,3.8821996544017097
84,1991Q4,3.2339415145618853
84,1992Q1,2.7988484082809646
84,1992Q2,3.7714590936269503
84,1992Q3,4.3311186953207965
84,1992Q4,2.0906049883282307
84,1993Q1,4.055829721315175
84,1993Q2,4.209000665766466
84,1993Q3,2.055375016659297
84,1993Q4,3.945120225159826
84,1994Q1,3.783188586108976
84,1994Q2,4.289631942374556
84,1994Q3,4.485169562084815
84,1994Q4,3.0622096529432303
84,1995Q1,1.5115059261129384
84,1995Q2,0.6604618459608878
84,1995Q3,-0.3244185776356181
84,1995Q4,3.6340375974701695
84,1996Q1,3.9645478426417524
84,1996Q2,3.7635114771065816
84,1996Q3,-0.9249373088638562
84,1996Q4,2.810416695412957
84,1997Q1,3.1573651377512775
84,1997Q2,-0.6799640206050608
84,1997Q3,3.8952476634081012
84,1997Q4,1.807576376264254
84,1998Q1,3.396273461462455
84,1998Q2,3.8945788496770284
84,1998Q3,3.5565755370983654
84,1998Q4,3.020052999969578
84,1999Q1,4.380212432724829
84,1999Q2,4.383309208978386
84,1999Q3,4.404526784774753
84,1999Q4,3.3858482098024467
84,2000Q1,1.7520795036259575
84,2000Q2,3.383226555158423
84,2000Q3,3.693280373283248
84,2000Q4,3.829882586889916
84,2001Q1,2.8951761848686175
84,2001Q2,3.784463843991994
84,2001Q3,4.18790428314027
84,2001Q4,4.15082856482717
84,2002Q1,3.0091061660713745
84,2002Q2,3.772509319336483
84,2002Q3,4.434163430161544
84,2002Q4,4.2084091963101296
84,2003Q1,4.508124018019283
84,2003Q2,4.477740723349405
84,2003Q3,3.889569645879793
84,2003Q4,4.170803678457145
84,2004Q1,4.459873657871406
84,2004Q2,4.384838003057021
84,2004Q3,4.4133363757637465
84,2004Q4,3.693587300250678
84,2005Q1,4.399041688992502
84,2005Q2,4.257645098003057
84,2005Q3,4.2917920490504615
84,2005Q4,4.403401985740562
84,2006Q1,4.23244609638615
84,2006Q2,2.9525676096737947
84,2006Q3,4.049584302974757
84,2006Q4,3.9107868557934715
84,2007Q1,3.588942713294821
84,2007Q2,4.199897413723876
84,2007Q3,4.202876899570828
84,2007Q4,4.215226222987848
84,2008Q1,3.379034733923608
84,2008Q2,3.4957249716386327
84,2008Q3,3.334655421246267
84,2008Q4,3.57001170216279
84,2009Q1,0.5728940327646996
84,2009Q2,1.030935909350489
84,2009Q3,2.4479208626813214
84,2009Q4,3.301565587300099
84,2010Q1,4.245234373886431
84,2010Q2,4.019408007740136
84,2010Q3,4.264595816597531
84,2010Q4,4.0433720762377785
84,2011Q1,3.404063594783018
84,2011Q2,4.486393821321948
84,2011Q3,3.43713843333369
84,2011Q4,3.557762425942758
84,2012Q1,3.913473747174694
84,2012Q2,4.4304029564419505
84,2012Q3,3.909063878403985
84,2012Q4,4.307454295715733
84,2013Q1,4.19656908172515
84,2013Q2,4.391138064726224
84,2013Q3,4.443615527792169
84,2013Q4,4.517581741405134
84,2014Q1,4.487695968306458
84,2014Q2,4.442029030955255
84,2014Q3,4.101190619583924
84,2014Q4,4.35696024826426
84,2015Q1,4.004844918245511
84,2015Q2,3.807159284190153
84,2015Q3,4.498521457246438
84,2015Q4,3.877831305151509
84,2016Q1,4.213326360822912
84,2016Q2,4.466039908378709
84,2016Q3,3.723280840158786
84,2016Q4,4.510563511773836
84,2017Q1,4.185394496922171
84,2017Q2,4.0458355964143795
84,2017Q3,4.375610942877628
84,2017Q4,4.519051840317162
84,2018Q1,4.47150007790832
84,2018Q2,4.260694585224499
84,2018Q3,3.712468661091347
84,2018Q4,4.157501459665059
84,2019Q1,4.386520601724966
84,2019Q2,4.4059214614117375
84,2019Q3,4.2695755746082495
84,2019Q4,4.267751974785499
84,2020Q1,3.631670641282124
84,2020Q2,-18.09369174219875
84,2020Q3,-4.957366624647561
84,2020Q4,2.9469975184996535
84,2021Q1,2.698121030034606
84,2021Q2,2.4942954732694655
84,2021Q3,1.0240278568589622
84,2021Q4,0.9807189420231599
84,2022Q1,3.016508190246543
84,2022Q2,3.3703515735728424
84,2022Q3,-1.2267989348610433
84,2022Q4,2.41276028582904
84,2023Q1,3.1717590829742432
84,2023Q2,3.5656625995444933
84,2023Q3,2.9498372578266987
84,2023Q4,1.4184204900401745
85,1980Q1,-1.0601742713760753
85,1980Q2,-0.7556090501067256
85,1980Q3,3.7366082248005643
85,1980Q4,3.6062082208430644
85,1981Q1,3.002051939560288
85,1981Q2,3.652751653533426
85,1981Q3,2.0848256274188355
85,1981Q4,4.4630004700568575
85,1982Q1,2.91271646811698
85,1982Q2,3.3945960415912206
85,1982Q3,1.6128384750521199
85,1982Q4,-5.727460096882089
85,1983Q1,1.056982007494403
85,1983Q2,4.429583204897752
85,1983Q3,3.195286868032633
85,1983Q4,1.3870994876972627
85,1984Q1,2.073898891468587
85,1984Q2,3.2222577663168614
85,1984Q3,4.335271697317809
85,1984Q4,3.3784486951159787
85,1985Q1,1.5763028685179723
85,1985Q2,0.9134296531707347
85,1985Q3,2.7867468185513813
85,1985Q4,4.458310690116497
85,1986Q1,3.7920008439265986
85,1986Q2,2.5950843700038773
85,1986Q3,2.8027830686265185
85,1986Q4,3.5780753025469663
85,1987Q1,4.115779707932259
85,1987Q2,2.7735971306225515
85,1987Q3,2.96052317392945
85,1987Q4,3.1125192162155844
85,1988Q1,4.47651465818553
85,1988Q2,4.505840146916505
85,1988Q3,1.9578192857778784
85,1988Q4,4.275697768349334
85,1989Q1,4.320148632722798
85,1989Q2,1.9898370450151206
85,1989Q3,4.261801344935825
85,1989Q4,3.8535416930503694
85,1990Q1,3.4145673969883106
85,1990Q2,2.838678452754751
85,1990Q3,2.6002712838922095
85,1990Q4,3.0790838481407388
85,1991Q1,-2.06532732543337
85,1991Q2,3.160483663297989
85,1991Q3,3.8821954982069853
85,1991Q4,3.2340326559761308
85,1992Q1,2.798963148909145
85,1992Q2,3.771508617058028
85,1992Q3,4.331149302016497
85,1992Q4,2.090560473839521
85,1993Q1,4.055876708432637
85,1993Q2,4.209011458704235
85,1993Q3,2.0555337762136894
85,1993Q4,3.9451605449207845
85,1994Q1,3.7831504845520656
85,1994Q2,4.289599930867066
85,1994Q3,4.485174118449465
85,1994Q4,3.0621616815102755
85,1995Q1,1.5114180020858932
85,1995Q2,0.6604112565653191
85,1995Q3,-0.32441853105536644
85,1995Q4,3.634010463521753
85,1996Q1,3.964544482557426
85,1996Q2,3.7634832430857155
85,1996Q3,-0.9247270446386011
85,1996Q4,2.8104849117160366
85,1997Q1,3.1574178783624003
85,1997Q2,-0.6799048814559265
85,1997Q3,3.895235728678097
85,1997Q4,1.8076089890107259
85,1998Q1,3.396309165281326
85,1998Q2,3.8945856663736698
85,1998Q3,3.5565483333865133
85,1998Q4,3.020041710421423
85,1999Q1,4.380196527203084
85,1999Q2,4.383312637782552
85,1999Q3,4.404505165505533
85,1999Q4,3.3858158979224315
85,2000Q1,1.7520338652101448
85,2000Q2,3.3832022220735913
85,2000Q3,3.6932921005081956
85,2000Q4,3.8298330850069733
85,2001Q1,2.8951545884919
85,2001Q2,3.78444055489331
85,2001Q3,4.187910824890063
85,2001Q4,4.150814878918414
85,2002Q1,3.009108183839639
85,2002Q2,3.77246317622243
85,2002Q3,4.4341749853014285
85,2002Q4,4.208430961099407
85,2003Q1,4.508124853317217
85,2003Q2,4.477743232225022
85,2003Q3,3.889572652121303
85,2003Q4,4.170775271247568
85,2004Q1,4.459843597767913
85,2004Q2,4.384795760415114
85,2004Q3,4.41335809156995
85,2004Q4,3.693606049544088
85,2005Q1,4.399050778187751
85,2005Q2,4.257653532943903
85,2005Q3,4.291803457035444
85,2005Q4,4.4034043067335435
85,2006Q1,4.232449221766331
85,2006Q2,2.952608961357427
85,2006Q3,4.049572927987293
85,2006Q4,3.910759810946105
85,2007Q1,3.588942217467118
85,2007Q2,4.199905127528369
85,2007Q3,4.2028900432198
85,2007Q4,4.2151870676005645
85,2008Q1,3.3789922281748366
85,2008Q2,3.495680853345995
85,2008Q3,3.3346542079744315
85,2008Q4,3.569972409905785
85,2009Q1,0.5727997447760962
85,2009Q2,1.0308674766927504
85,2009Q3,2.4478910360701813
85,2009Q4,3.3015829342070937
85,2010Q1,4.245244161798929
85,2010Q2,4.019370404493822
85,2010Q3,4.264605430327757
85,2010Q4,4.04339050323514
85,2011Q1,3.4040807295691216
85,2011Q2,4.486389086107871
85,2011Q3,3.437117676508091
85,2011Q4,3.557757552124314
85,2012Q1,3.913472698734707
85,2012Q2,4.4303946835576875
85,2012Q3,3.9090502977588617
85,2012Q4,4.307458455884338
85,2013Q1,4.196588502310694
85,2013Q2,4.391134191785087
85,2013Q3,4.443614882555011
85,2013Q4,4.517578581514975
85,2014Q1,4.487681402634497
85,2014Q2,4.442039556646359
85,2014Q3,4.101168431896068
85,2014Q4,4.356959109250076
85,2015Q1,4.004826440446698
85,2015Q2,3.807178582496488
85,2015Q3,4.498509959079631
85,2015Q4,3.877810675673229
85,2016Q1,4.213307210390252
85,2016Q2,4.466036936320931
85,2016Q3,3.723289226853976
85,2016Q4,4.510556423992989
85,2017Q1,4.185406831700244
85,2017Q2,4.045838901652578
85,2017Q3,4.375624215562578
85,2017Q4,4.519050802985541
85,2018Q1,4.47149502284117
85,2018Q2,4.260687277343036
85,2018Q3,3.7124771604681452
85,2018Q4,4.157498639167811
85,2019Q1,4.3865013887405215
85,2019Q2,4.405908752254753
85,2019Q3,4.269560475060658
85,2019Q4,4.267750648344442
85,2020Q1,3.631695911053482
85,2020Q2,-18.09451919534903
85,2020Q3,-4.957120740943353
85,2020Q4,2.946818664868239
85,2021Q1,2.697962718955592
85,2021Q2,2.4943747090371597
85,2021Q3,1.0239959412653143
85,2021Q4,0.9806785974667402
85,2022Q1,3.0165215273956507
85,2022Q2,3.370438489064541
85,2022Q3,-1.226471344578541
85,2022Q4,2.4128792585623917
85,2023Q1,3.1718379144132816
85,2023Q2,3.5657188138985125
85,2023Q3,2.9498508778065213
85,2023Q4,1.4184409696061508
86,1980Q1,-1.0604225309630317
86,1980Q2,-0.755509033112518
86,1980Q3,3.736603805436276
86,1980Q4,3.6062189888390215
86,1981Q1,3.0020438486384498
86,1981Q2,3.6528535920337566
86,1981Q3,2.0848501541059563
86,1981Q4,4.462947473871266
86,1982Q1,2.912790534787991
86,1982Q2,3.394704474821056
86,1982Q3,1.6126930490319653
86,1982Q4,-5.727373855368983
86,1983Q1,1.0569338956112935
86,1983Q2,4.429606061413744
86,1983Q3,3.195250193099103
86,1983Q4,1.3869449238022562
86,1984Q1,2.074137291623753
86,1984Q2,3.2223619690513754
86,1984Q3,4.335289390606083
86,1984Q4,3.37851245937102
86,1985Q1,1.576275854484519
86,1985Q2,0.9136102133129063
86,1985Q3,2.7867181899571483
86,1985Q4,4.458320257362405
86,1986Q1,3.791969349188973
86,1986Q2,2.594954057120629
86,1986Q3,2.8028811043246806
86,1986Q4,3.5781216017566333
86,1987Q1,4.115792071372299
86,1987Q2,2.7735913668702254
86,1987Q3,2.960594524012047
86,1987Q4,3.112560666371377
86,1988Q1,4.476494017168747
86,1988Q2,4.505837250833223
86,1988Q3,1.9578402344844652
86,1988Q4,4.275679072187985
86,1989Q1,4.320159531098822
86,1989Q2,1.989871347373838
86,1989Q3,4.261869055788255
86,1989Q4,3.8534907112523524
86,1990Q1,3.414565356009499
86,1990Q2,2.83873029205148
86,1990Q3,2.600193868836361
86,1990Q4,3.079054938559142
86,1991Q1,-2.065142528474688
86,1991Q2,3.1606280330330896
86,1991Q3,3.88214451210367
86,1991Q4,3.2341635298912856
86,1992Q1,2.799041069077797
86,1992Q2,3.771610064379786
86,1992Q3,4.331180173010809
86,1992Q4,2.0905992723225353
86,1993Q1,4.05583141664967
86,1993Q2,4.20904598742899
86,1993Q3,2.055531147537589
86,1993Q4,3.94517580955595
86,1994Q1,3.7831206214396365
86,1994Q2,4.289574976882153
86,1994Q3,4.485185062634434
86,1994Q4,3.062089598023773
86,1995Q1,1.5112229026389734
86,1995Q2,0.6602711128982346
86,1995Q3,-0.3244771060222673
86,1995Q4,3.6339821651217026
86,1996Q1,3.9645338666449015
86,1996Q2,3.763395207042977
86,1996Q3,-0.9246578058764738
86,1996Q4,2.8104662944300114
86,1997Q1,3.157471734229152
86,1997Q2,-0.679841483702476
86,1997Q3,3.8951629726647026
86,1997Q4,1.8076589625708488
86,1998Q1,3.3963903068968273
86,1998Q2,3.894556283507271
86,1998Q3,3.5565367896433124
86,1998Q4,3.0200599523758074
86,1999Q1,4.38020935481972
86,1999Q2,4.383307396585923
86,1999Q3,4.404490162571353
86,1999Q4,3.3858409948993495
86,2000Q1,1.751976946804318
86,2000Q2,3.383196599621055
86,2000Q3,3.6933062756120867
86,2000Q4,3.8297797513892458
86,2001Q1,2.8951659709895576
86,2001Q2,3.784451055679228
86,2001Q3,4.18795122071491
86,2001Q4,4.150840279363274
86,2002Q1,3.009088454999545
86,2002Q2,3.7724593826303927
86,2002Q3,4.434188223314162
86,2002Q4,4.20846516002334
86,2003Q1,4.50812765551258
86,2003Q2,4.477739859508322
86,2003Q3,3.8896016391900394
86,2003Q4,4.170786051092296
86,2004Q1,4.459836306741308
86,2004Q2,4.384790316674076
86,2004Q3,4.4133810471988975
86,2004Q4,3.693630927969671
86,2005Q1,4.399057145512477
86,2005Q2,4.257656126779539
86,2005Q3,4.291827605339853
86,2005Q4,4.403412002455519
86,2006Q1,4.2324401436775565
86,2006Q2,2.9526302118259955
86,2006Q3,4.049584487080314
86,2006Q4,3.910770566899141
86,2007Q1,3.588968773000594
86,2007Q2,4.199919967663212
86,2007Q3,4.202922263410062
86,2007Q4,4.215158124162092
86,2008Q1,3.3789656167909152
86,2008Q2,3.495646677257744
86,2008Q3,3.3346730652437095
86,2008Q4,3.5699102122925397
86,2009Q1,0.5727227438690696
86,2009Q2,1.0308489962948229
86,2009Q3,2.447787113288045
86,2009Q4,3.3015618546565997
86,2010Q1,4.245240199845523
86,2010Q2,4.019361678575354
86,2010Q3,4.2646082505238025
86,2010Q4,4.043388631977946
86,2011Q1,3.4040662279524856
86,2011Q2,4.486398529393309
86,2011Q3,3.437128726800723
86,2011Q4,3.557803970691274
86,2012Q1,3.9134833615526956
86,2012Q2,4.430399425376148
86,2012Q3,3.9090696684707678
86,2012Q4,4.307473426890576
86,2013Q1,4.196600316829981
86,2013Q2,4.391126275474184
86,2013Q3,4.443621802182297
86,2013Q4,4.517584424704575
86,2014Q1,4.487683368063883
86,2014Q2,4.442049429298084
86,2014Q3,4.101162753739031
86,2014Q4,4.356947321089016
86,2015Q1,4.00482024860868
86,2015Q2,3.807175640523731
86,2015Q3,4.498510690145339
86,2015Q4,3.8777964329749413
86,2016Q1,4.213296056980712
86,2016Q2,4.466032431181498
86,2016Q3,3.7232872973027646
86,2016Q4,4.510558261159385
86,2017Q1,4.185397103818933
86,2017Q2,4.045839982440541
86,2017Q3,4.375630968779788
86,2017Q4,4.519054405991213
86,2018Q1,4.471501258166611
86,2018Q2,4.2606811348441935
86,2018Q3,3.712467444953285
86,2018Q4,4.157500899879286
86,2019Q1,4.386495048608301
86,2019Q2,4.405900965155627
86,2019Q3,4.269558362565374
86,2019Q4,4.267745039850301
86,2020Q1,3.631759925254186
86,2020Q2,-18.095448097709838
86,2020Q3,-4.956894491474731
86,2020Q4,2.946721496943564
86,2021Q1,2.697811271388097
86,2021Q2,2.494402110891318
86,2021Q3,1.023876223538697
86,2021Q4,0.980623715302571
86,2022Q1,3.0165052707606783
86,2022Q2,3.37045702280473
86,2022Q3,-1.2261678818276582
86,2022Q4,2.412936783378952
86,2023Q1,3.1719590344765507
86,2023Q2,3.5657917903281144
86,2023Q3,2.9497815323131173
86,2023Q4,1.4183546414473809
87,1980Q1,-1.0614254094729718
87,1980Q2,-0.7551160002713289
87,1980Q3,3.7365379017839637
87,1980Q4,3.6062628913308465
87,1981Q1,3.001975984069028
87,1981Q2,3.653122393113323
87,1981Q3,2.0848526850495728
87,1981Q4,4.462770159097984
87,1982Q1,2.9130937618608077
87,1982Q2,3.394846052562802
87,1982Q3,1.6121594836153283
87,1982Q4,-5.727046686801884
87,1983Q1,1.0563708497658708
87,1983Q2,4.4296871522373875
87,1983Q3,3.1952273588927222
87,1983Q4,1.3866022619692568
87,1984Q1,2.0745462836520216
87,1984Q2,3.222762295297906
87,1984Q3,4.335356799495552
87,1984Q4,3.3785252919761417
87,1985Q1,1.576074145647289
87,1985Q2,0.9142248903848
87,1985Q3,2.7868465140156893
87,1985Q4,4.458333146549481
87,1986Q1,3.7919569238997517
87,1986Q2,2.59457400193631
87,1986Q3,2.803128451004609
87,1986Q4,3.5782891247963575
87,1987Q1,4.115835503514318
87,1987Q2,2.7735933636926537
87,1987Q3,2.960848873189599
87,1987Q4,3.1127277397274167
87,1988Q1,4.476430215715692
87,1988Q2,4.505827346216944
87,1988Q3,1.9578331692994069
87,1988Q4,4.275628317566283
87,1989Q1,4.320175849839288
87,1989Q2,1.99000250732669
87,1989Q3,4.2620700236575875
87,1989Q4,3.853347881484146
87,1990Q1,3.4145521161899377
87,1990Q2,2.8388547246022036
87,1990Q3,2.600053328349662
87,1990Q4,3.0789688966139783
87,1991Q1,-2.0648997356758976
87,1991Q2,3.1610446666162146
87,1991Q3,3.882020395788096
87,1991Q4,3.234408461162497
87,1992Q1,2.7992392677847553
87,1992Q2,3.7718256071903284
87,1992Q3,4.331269242737676
87,1992Q4,2.0906936773130758
87,1993Q1,4.055636510592087
87,1993Q2,4.20913076586241
87,1993Q3,2.0554845807094977
87,1993Q4,3.9452557490915057
87,1994Q1,3.783108623106079
87,1994Q2,4.289533203597551
87,1994Q3,4.485214746852607
87,1994Q4,3.06191947585927
87,1995Q1,1.510685426863085
87,1995Q2,0.6599410283044387
87,1995Q3,-0.3246272029606283
87,1995Q4,3.633944548125754
87,1996Q1,3.964474161989625
87,1996Q2,3.763158169877909
87,1996Q3,-0.9245202474651961
87,1996Q4,2.81037930115228
87,1997Q1,3.1576307275779802
87,1997Q2,-0.6797547352336135
87,1997Q3,3.894935456098004
87,1997Q4,1.807854005771547
87,1998Q1,3.3966408030051722
87,1998Q2,3.894467222875521
87,1998Q3,3.5565131109768875
87,1998Q4,3.020153598395659
87,1999Q1,4.380266324800534
87,1999Q2,4.383281258796887
87,1999Q3,4.404462258135039
87,1999Q4,3.3859061335787746
87,2000Q1,1.7518390806475503
87,2000Q2,3.383150246007876
87,2000Q3,3.693343038021886
87,2000Q4,3.829714189017439
87,2001Q1,2.895254981837925
87,2001Q2,3.7845032776692626
87,2001Q3,4.18807647640341
87,2001Q4,4.150923205563962
87,2002Q1,3.0090018508971905
87,2002Q2,3.7724406735356855
87,2002Q3,4.434233582945574
87,2002Q4,4.208550090020764
87,2003Q1,4.508132105959824
87,2003Q2,4.477735207059119
87,2003Q3,3.889664120649855
87,2003Q4,4.170816718267691
87,2004Q1,4.459829624694918
87,2004Q2,4.384787334831817
87,2004Q3,4.413432270709616
87,2004Q4,3.6936678962988383
87,2005Q1,4.399087463794177
87,2005Q2,4.25765023807972
87,2005Q3,4.291879939775853
87,2005Q4,4.403440980911799
87,2006Q1,4.232406163921736
87,2006Q2,2.952663749038466
87,2006Q3,4.049598427420766
87,2006Q4,3.910802175670728
87,2007Q1,3.589050657406726
87,2007Q2,4.199955028012069
87,2007Q3,4.203016286653814
87,2007Q4,4.21507863269855
87,2008Q1,3.3788629536253065
87,2008Q2,3.495583988040943
87,2008Q3,3.3346935482988016
87,2008Q4,3.5697919268688194
87,2009Q1,0.5725390038100069
87,2009Q2,1.0309448219852229
87,2009Q3,2.4475175546863635
87,2009Q4,3.30152105204773
87,2010Q1,4.24522669609415
87,2010Q2,4.019368855193043
87,2010Q3,4.264616931836976
87,2010Q4,4.043388217594432
87,2011Q1,3.404014747687614
87,2011Q2,4.486435601204155
87,2011Q3,3.437153396582946
87,2011Q4,3.557951887233093
87,2012Q1,3.9135319109704323
87,2012Q2,4.430426064203853
87,2012Q3,3.9091742920320236
87,2012Q4,4.307524446909333
87,2013Q1,4.196621603902389
87,2013Q2,4.391106962877725
87,2013Q3,4.443643347020546
87,2013Q4,4.517604389481486
87,2014Q1,4.48770555177108
87,2014Q2,4.442070618278921
87,2014Q3,4.101157304802316
87,2014Q4,4.356912010692349
87,2015Q1,4.004839507921928
87,2015Q2,3.807151090708425
87,2015Q3,4.498518211275268
87,2015Q4,3.877784693579879
87,2016Q1,4.213277055149236
87,2016Q2,4.466023832205462
87,2016Q3,3.723278569991773
87,2016Q4,4.510567575645988
87,2017Q1,4.185357341893288
87,2017Q2,4.045850830036636
87,2017Q3,4.37564928552684
87,2017Q4,4.5190681971651525
87,2018Q1,4.471523600384684
87,2018Q2,4.2606708817403
87,2018Q3,3.712430554042236
87,2018Q4,4.157522756346901
87,2019Q1,4.386490662967667
87,2019Q2,4.405888030756154
87,2019Q3,4.2695672333224035
87,2019Q4,4.2677327445884154
87,2020Q1,3.6318048447663633
87,2020Q2,-18.09639954188396
87,2020Q3,-4.956122055676621
87,2020Q4,2.946742617845789
87,2021Q1,2.697517995365719
87,2021Q2,2.4943027792732972
87,2021Q3,1.0239460764349064
87,2021Q4,0.98030393082619
87,2022Q1,3.0164345618705646
87,2022Q2,3.3702772511375434
87,2022Q3,-1.226320489601072
87,2022Q4,2.412952344437397
87,2023Q1,3.172099070509593
87,2023Q2,3.565881596919339
87,2023Q3,2.9495864280745083
87,2023Q4,1.4181367963759661
88,1980Q1,-1.0611400260038488
88,1980Q2,-0.7548638564972112
88,1980Q3,3.736524646659001
88,1980Q4,3.6062180582197105
88,1981Q1,3.002132472033134
88,1981Q2,3.6530552350287753
88,1981Q3,2.084662843072615
88,1981Q4,4.462751736453189
88,1982Q1,2.913167426088944
88,1982Q2,3.3947316399411607
88,1982Q3,1.6122179301061377
88,1982Q4,-5.726887622022355
88,1983Q1,1.0564315772458994
88,1983Q2,4.429711613077601
88,1983Q3,3.1952291382446623
88,1983Q4,1.386700146445552
88,1984Q1,2.0740828315917934
88,1984Q2,3.2227249654939136
88,1984Q3,4.335294430995232
88,1984Q4,3.378490311877199
88,1985Q1,1.5757791408383706
88,1985Q2,0.9139498515654028
88,1985Q3,2.786633056809615
88,1985Q4,4.458374673927497
88,1986Q1,3.7920091394092434
88,1986Q2,2.5945163531084923
88,1986Q3,2.803160584172683
88,1986Q4,3.5782237527178444
88,1987Q1,4.115841304423259
88,1987Q2,2.7734647438533773
88,1987Q3,2.9606007023981933
88,1987Q4,3.112504618360397
88,1988Q1,4.476488875989583
88,1988Q2,4.5058612384755925
88,1988Q3,1.9579620779083133
88,1988Q4,4.275602384620357
88,1989Q1,4.320167022660094
88,1989Q2,1.9898165974092437
88,1989Q3,4.262084306884608
88,1989Q4,3.8534319257269325
88,1990Q1,3.414489105860515
88,1990Q2,2.838680327561824
88,1990Q3,2.6002122652340662
88,1990Q4,3.0789387544083775
88,1991Q1,-2.06531381087414
88,1991Q2,3.161252775741948
88,1991Q3,3.882086736786712
88,1991Q4,3.234313094587571
88,1992Q1,2.7993013924318113
88,1992Q2,3.7718097731899056
88,1992Q3,4.331290120060027
88,1992Q4,2.090474990956753
88,1993Q1,4.055741450997892
88,1993Q2,4.209113636628989
88,1993Q3,2.055640288301782
88,1993Q4,3.94530076618985
88,1994Q1,3.7831509460783304
88,1994Q2,4.289563699600105
88,1994Q3,4.485237505970765
88,1994Q4,3.061832492038902
88,1995Q1,1.5106427047114237
88,1995Q2,0.659958057209959
88,1995Q3,-0.3247260559015954
88,1995Q4,3.634026283746927
88,1996Q1,3.964385245430393
88,1996Q2,3.7631209655412032
88,1996Q3,-0.9246968086915404
88,1996Q4,2.8103895164116386
88,1997Q1,3.1576049032665585
88,1997Q2,-0.6801300471517306
88,1997Q3,3.8949574741219366
88,1997Q4,1.8078815608138128
88,1998Q1,3.396621870680412
88,1998Q2,3.8944185971425487
88,1998Q3,3.556438858565924
88,1998Q4,3.020175738359117
88,1999Q1,4.380265084426586
88,1999Q2,4.3833353134317425
88,1999Q3,4.404439534451754
88,1999Q4,3.3858430614444104
88,2000Q1,1.7517293966668945
88,2000Q2,3.3832173587696737
88,2000Q3,3.6934465702349994
88,2000Q4,3.829785996598226
88,2001Q1,2.895170381388926
88,2001Q2,3.784429450067753
88,2001Q3,4.188043233942152
88,2001Q4,4.150859699510279
88,2002Q1,3.009135348450805
88,2002Q2,3.7723673184500677
88,2002Q3,4.434218478097407
88,2002Q4,4.2085024783780485
88,2003Q1,4.508159104406587
88,2003Q2,4.477767791705419
88,2003Q3,3.8896840803062176
88,2003Q4,4.170801496868764
88,2004Q1,4.459848379399659
88,2004Q2,4.3847704049468375
88,2004Q3,4.413437339898025
88,2004Q4,3.6937263956875723
88,2005Q1,4.399079310911163
88,2005Q2,4.257697384909611
88,2005Q3,4.2918699288937
88,2005Q4,4.4034148618674855
88,2006Q1,4.2324675575817325
88,2006Q2,2.9527307608686932
88,2006Q3,4.049593948940432
88,2006Q4,3.910719798939226
88,2007Q1,3.5889086654765445
88,2007Q2,4.199971165759286
88,2007Q3,4.202957982895206
88,2007Q4,4.215061154276697
88,2008Q1,3.378890418471154
88,2008Q2,3.4956289032266636
88,2008Q3,3.3347170300698483
88,2008Q4,3.5698588555991977
88,2009Q1,0.572429104919403
88,2009Q2,1.030628133137732
88,2009Q3,2.447572355824788
88,2009Q4,3.3015956902118124
88,2010Q1,4.24527517527876
88,2010Q2,4.019400570382598
88,2010Q3,4.264643342915612
88,2010Q4,4.043377314491498
88,2011Q1,3.4040938151215876
88,2011Q2,4.486438056421715
88,2011Q3,3.4370694599388223
88,2011Q4,3.5578685386962547
88,2012Q1,3.9134339020887388
88,2012Q2,4.430395333380702
88,2012Q3,3.9091354155289024
88,2012Q4,4.307513612362224
88,2013Q1,4.196658829916667
88,2013Q2,4.391152169671348
88,2013Q3,4.443648407659108
88,2013Q4,4.517606352949143
88,2014Q1,4.4876952904840595
88,2014Q2,4.442097846795587
88,2014Q3,4.101136309987926
88,2014Q4,4.356963986699134
88,2015Q1,4.004851441785645
88,2015Q2,3.80721606179013
88,2015Q3,4.498516654555802
88,2015Q4,3.877804808997058
88,2016Q1,4.213246589607443
88,2016Q2,4.466053394895486
88,2016Q3,3.723345692873372
88,2016Q4,4.510572195132223
88,2017Q1,4.185409111465154
88,2017Q2,4.045885158673986
88,2017Q3,4.375682220625024
88,2017Q4,4.5190834669039575
88,2018Q1,4.4715162915599995
88,2018Q2,4.26070260982144
88,2018Q3,3.712498746715871
88,2018Q4,4.157552095015264
88,2019Q1,4.386482200234902
88,2019Q2,4.405911234533532
88,2019Q3,4.269576381453927
88,2019Q4,4.267770810181607
88,2020Q1,3.631804286104072
88,2020Q2,-18.09536300496325
88,2020Q3,-4.955945988245402
88,2020Q4,2.9467717703500313
88,2021Q1,2.6976362222059214
88,2021Q2,2.4944318360105227
88,2021Q3,1.0240109770591972
88,2021Q4,0.9803137397218009
88,2022Q1,3.0164576146872477
88,2022Q2,3.3703859236676053
88,2022Q3,-1.2260971438827326
88,2022Q4,2.4130095548894475
88,2023Q1,3.1722291590776663
88,2023Q2,3.5659178419118214
88,2023Q3,2.9495541757197152
88,2023Q4,1.4180531588007481
89,1980Q1,-1.060601847668793
89,1980Q2,-0.754625824831634
89,1980Q3,3.7365754924979084
89,1980Q4,3.606225572656319
89,1981Q1,3.002289541528107
89,1981Q2,3.6529973626605434
89,1981Q3,2.084337031405748
89,1981Q4,4.46271812653769
89,1982Q1,2.9132182938861457
89,1982Q2,3.3943591419825956
89,1982Q3,1.6121401317780926
89,1982Q4,-5.726713590506964
89,1983Q1,1.0557988537730685
89,1983Q2,4.4297198760373115
89,1983Q3,3.1950855286570397
89,1983Q4,1.3865390643746212
89,1984Q1,2.073078611027562
89,1984Q2,3.222759765119167
89,1984Q3,4.3352521651624585
89,1984Q4,3.3781889117543384
89,1985Q1,1.575205696231321
89,1985Q2,0.9135299901070346
89,1985Q3,2.786385781970794
89,1985Q4,4.458463023868364
89,1986Q1,3.792143268003944
89,1986Q2,2.594256593028832
89,1986Q3,2.8031010459994086
89,1986Q4,3.578246920039663
89,1987Q1,4.115843233842314
89,1987Q2,2.7733794191844194
89,1987Q3,2.960305441954054
89,1987Q4,3.1121809757209045
89,1988Q1,4.476600684925197
89,1988Q2,4.505938704373196
89,1988Q3,1.9580159299796747
89,1988Q4,4.27562911990071
89,1989Q1,4.320181505195356
89,1989Q2,1.9894931880979225
89,1989Q3,4.262143660678579
89,1989Q4,3.8535261825435363
89,1990Q1,3.4144260283608565
89,1990Q2,2.838340384645032
89,1990Q3,2.600434792317376
89,1990Q4,3.0788559339921386
89,1991Q1,-2.066717912398369
89,1991Q2,3.161411600766334
89,1991Q3,3.8820878861552366
89,1991Q4,3.233962795933849
89,1992Q1,2.7992758849697905
89,1992Q2,3.7717531678833884
89,1992Q3,4.331407876744503
89,1992Q4,2.0902664747212647
89,1993Q1,4.055854685738835
89,1993Q2,4.209144201720095
89,1993Q3,2.0559618111769717
89,1993Q4,3.9455035612518734
89,1994Q1,3.783269992000897
89,1994Q2,4.289654963026727
89,1994Q3,4.485296724153807
89,1994Q4,3.061729862642676
89,1995Q1,1.510525071417185
89,1995Q2,0.6599318233202034
89,1995Q3,-0.32475145711365627
89,1995Q4,3.634159238005589
89,1996Q1,3.964361370683912
89,1996Q2,3.7632776220974518
89,1996Q3,-0.924836087095346
89,1996Q4,2.8105451045837606
89,1997Q1,3.157730847784719
89,1997Q2,-0.6806790554946422
89,1997Q3,3.895107577342217
89,1997Q4,1.8081933172426696
89,1998Q1,3.396662515301493
89,1998Q2,3.8943555737246207
89,1998Q3,3.556427332655521
89,1998Q4,3.020259054471503
89,1999Q1,4.380304064864021
89,1999Q2,4.3834310167258765
89,1999Q3,4.404443205075248
89,1999Q4,3.385858243758979
89,2000Q1,1.7514319505721803
89,2000Q2,3.383328090111492
89,2000Q3,3.6935056770336834
89,2000Q4,3.829878369715333
89,2001Q1,2.895277035254933
89,2001Q2,3.784440551939761
89,2001Q3,4.188082395169898
89,2001Q4,4.150841275638965
89,2002Q1,3.009304817556144
89,2002Q2,3.772364441032671
89,2002Q3,4.434263914651622
89,2002Q4,4.208517203871497
89,2003Q1,4.5082324276027315
89,2003Q2,4.477841171067212
89,2003Q3,3.889742985291825
89,2003Q4,4.170836415826567
89,2004Q1,4.459896497091816
89,2004Q2,4.384771925107361
89,2004Q3,4.4134983936998475
89,2004Q4,3.693807940681257
89,2005Q1,4.399145727940307
89,2005Q2,4.257759711881717
89,2005Q3,4.29193385599475
89,2005Q4,4.403456885349362
89,2006Q1,4.232555715931397
89,2006Q2,2.952762252233567
89,2006Q3,4.049666812959991
89,2006Q4,3.9107090599985237
89,2007Q1,3.588800884859529
89,2007Q2,4.200072309360185
89,2007Q3,4.202959461586444
89,2007Q4,4.215026795380881
89,2008Q1,3.3789156501968076
89,2008Q2,3.495694370517159
89,2008Q3,3.3346549341524447
89,2008Q4,3.5699261882288034
89,2009Q1,0.5725333164577364
89,2009Q2,1.030392266091991
89,2009Q3,2.447701550636831
89,2009Q4,3.3017022372802938
89,2010Q1,4.245299873524662
89,2010Q2,4.019431084144126
89,2010Q3,4.264661049992837
89,2010Q4,4.043389094639693
89,2011Q1,3.4041002378527274
89,2011Q2,4.486513647797346
89,2011Q3,3.4370806334185824
89,2011Q4,3.557768323167786
89,2012Q1,3.9133441513334466
89,2012Q2,4.430415612421331
89,2012Q3,3.9091968062534344
89,2012Q4,4.307519465660421
89,2013Q1,4.196712980383037
89,2013Q2,4.391215951079558
89,2013Q3,4.443712878412467
89,2013Q4,4.517660658288613
89,2014Q1,4.487726990935696
89,2014Q2,4.442170071768135
89,2014Q3,4.101141122018695
89,2014Q4,4.357027306458461
89,2015Q1,4.004891065211582
89,2015Q2,3.807214866877202
89,2015Q3,4.498583141360549
89,2015Q4,3.877827826760924
89,2016Q1,4.213232277324321
89,2016Q2,4.466118190246351
89,2016Q3,3.7233735177541303
89,2016Q4,4.510638828976747
89,2017Q1,4.18545097386661
89,2017Q2,4.045900294368127
89,2017Q3,4.375730511483397
89,2017Q4,4.5191465721147965
89,2018Q1,4.471568293786292
89,2018Q2,4.260759392484152
89,2018Q3,3.712534245665822
89,2018Q4,4.1575745645073106
89,2019Q1,4.386516383501342
89,2019Q2,4.405984900695607
89,2019Q3,4.26960951510113
89,2019Q4,4.267811693916251
89,2020Q1,3.6318567019335304
89,2020Q2,-18.09371726601746
89,2020Q3,-4.955291808895609
89,2020Q4,2.9469365701362236
89,2021Q1,2.697809779972395
89,2021Q2,2.4943964298152785
89,2021Q3,1.0239567487709058
89,2021Q4,0.9805185374349188
89,2022Q1,3.0164058374179397
89,2022Q2,3.370379005731069
89,2022Q3,-1.226552208993489
89,2022Q4,2.4128992695309552
89,2023Q1,3.1721634903998916
89,2023Q2,3.5657673681728994
89,2023Q3,2.949606664701683
89,2023Q4,1.4180643232732257
90,1980Q1,-1.0601510255210895
90,1980Q2,-0.7539364940245479
90,1980Q3,3.7366476267347624
90,1980Q4,3.60618892401031
90,1981Q1,3.002456804989194
90,1981Q2,3.6531276623172646
90,1981Q3,2.08393321713721
90,1981Q4,4.462634073933393
90,1982Q1,2.9132660720441876
90,1982Q2,3.393767763241774
90,1982Q3,1.611809102152276
90,1982Q4,-5.726929999179186
90,1983Q1,1.0546684228696614
90,1983Q2,4.429744938660013
90,1983Q3,3.195112883197882
90,1983Q4,1.3858701194449043
90,1984Q1,2.072408465115028
90,1984Q2,3.22270850929271
90,1984Q3,4.33523434659328
90,1984Q4,3.3778094594848374
90,1985Q1,1.574758843298818
90,1985Q2,0.9131851365563715
90,1985Q3,2.7861146094928664
90,1985Q4,4.458548840191141
90,1986Q1,3.792240661746559
90,1986Q2,2.5938729351319054
90,1986Q3,2.8029977226347054
90,1986Q4,3.578271404477741
90,1987Q1,4.115828520279965
90,1987Q2,2.7732874476590177
90,1987Q3,2.960217460691495
90,1987Q4,3.111923323077368
90,1988Q1,4.476642544128326
90,1988Q2,4.505978111026104
90,1988Q3,1.9580015578369636
90,1988Q4,4.275628052682458
90,1989Q1,4.320162004111092
90,1989Q2,1.9891875179521161
90,1989Q3,4.262228002162563
90,1989Q4,3.8535524488446704
90,1990Q1,3.4143176548926277
90,1990Q2,2.838008017585894
90,1990Q3,2.6004596319255637
90,1990Q4,3.078674965525395
90,1991Q1,-2.068467511952874
90,1991Q2,3.1614693744817766
90,1991Q3,3.882118046020719
90,1991Q4,3.233654764065289
90,1992Q1,2.7993420723487565
90,1992Q2,3.771654996025079
90,1992Q3,4.331544347277457
90,1992Q4,2.09010529066757
90,1993Q1,4.0559115387079485
90,1993Q2,4.209208733389375
90,1993Q3,2.056518277823989
90,1993Q4,3.9457564684272803
90,1994Q1,3.783299138949097
90,1994Q2,4.289655155499726
90,1994Q3,4.485309823401052
90,1994Q4,3.0616599493228502
90,1995Q1,1.5104988884598591
90,1995Q2,0.6600404054488713
90,1995Q3,-0.32464784669127056
90,1995Q4,3.634248448785332
90,1996Q1,3.964399197705755
90,1996Q2,3.7635911903865975
90,1996Q3,-0.9246701820206704
90,1996Q4,2.8108400080783444
90,1997Q1,3.157942830099115
90,1997Q2,-0.6809953766997632
90,1997Q3,3.895327190523178
90,1997Q4,1.808678348175535
90,1998Q1,3.3967483780685
90,1998Q2,3.8942972674509155
90,1998Q3,3.556472089292706
90,1998Q4,3.020296014317976
90,1999Q1,4.380300289474582
90,1999Q2,4.383487176503744
90,1999Q3,4.404422201443171
90,1999Q4,3.385949446414706
90,2000Q1,1.751103323575609
90,2000Q2,3.383397449235441
90,2000Q3,3.6934815187361836
90,2000Q4,3.829927650870447
90,2001Q1,2.8955091788318272
90,2001Q2,3.7844462462530686
90,2001Q3,4.188167922299543
90,2001Q4,4.150826910690709
90,2002Q1,3.0093948496485354
90,2002Q2,3.772355282321403
90,2002Q3,4.434324798882555
90,2002Q4,4.208573413055273
90,2003Q1,4.508278981956863
90,2003Q2,4.477888221382323
90,2003Q3,3.889810458165114
90,2003Q4,4.170851133819176
90,2004Q1,4.459901535004108
90,2004Q2,4.384740563884216
90,2004Q3,4.413565983056465
90,2004Q4,3.6938786648852564
90,2005Q1,4.399222924196728
90,2005Q2,4.257801550780815
90,2005Q3,4.292022581528655
90,2005Q4,4.403505877102355
90,2006Q1,4.232620772813628
90,2006Q2,2.952835230139333
90,2006Q3,4.049743089221626
90,2006Q4,3.910722174305942
90,2007Q1,3.5887867200491614
90,2007Q2,4.200176789813467
90,2007Q3,4.202996605802579
90,2007Q4,4.214955146130782
90,2008Q1,3.378928913309732
90,2008Q2,3.4957217384939483
90,2008Q3,3.334556243050848
90,2008Q4,3.569932240357859
90,2009Q1,0.5726255738836903
90,2009Q2,1.0304515060425654
90,2009Q3,2.4479064465761526
90,2009Q4,3.3018229302895143
90,2010Q1,4.245310465418052
90,2010Q2,4.019464624851997
90,2010Q3,4.264657847838434
90,2010Q4,4.043407470268178
90,2011Q1,3.4041030840604307
90,2011Q2,4.486568915594114
90,2011Q3,3.4371131101597596
90,2011Q4,3.557684201167798
90,2012Q1,3.9132752858992568
90,2012Q2,4.430441551898894
90,2012Q3,3.9092892398764216
90,2012Q4,4.307493959504155
90,2013Q1,4.196751114583967
90,2013Q2,4.391244434983927
90,2013Q3,4.44376773473586
90,2013Q4,4.517695361457078
90,2014Q1,4.487733363880218
90,2014Q2,4.442225934442953
90,2014Q3,4.101121773542104
90,2014Q4,4.3570603425856875
90,2015Q1,4.004907722234176
90,2015Q2,3.807196291421862
90,2015Q3,4.4986275869031775
90,2015Q4,3.87781697186517
90,2016Q1,4.213202191674755
90,2016Q2,4.466163149970237
90,2016Q3,3.723373515107213
90,2016Q4,4.510681977304001
90,2017Q1,4.185486720157449
90,2017Q2,4.045882859352947
90,2017Q3,4.375762577663807
90,2017Q4,4.519192054545209
90,2018Q1,4.471607104135187
90,2018Q2,4.260778301985802
90,2018Q3,3.7125309265178683
90,2018Q4,4.157590628948093
90,2019Q1,4.386532201968435
90,2019Q2,4.406030306901896
90,2019Q3,4.269616557143961
90,2019Q4,4.267825316871282
90,2020Q1,3.6319124813706427
90,2020Q2,-18.09243366414637
90,2020Q3,-4.953618385080416
90,2020Q4,2.94694500627374
90,2021Q1,2.697618254026902
90,2021Q2,2.494294307164441
90,2021Q3,1.024027059175781
90,2021Q4,0.9808138019774382
90,2022Q1,3.0162364457539876
90,2022Q2,3.370346872532553
90,2022Q3,-1.2269788440914429
90,2022Q4,2.41280919306874
90,2023Q1,3.1720618524544264
90,2023Q2,3.5656500300752487
90,2023Q3,2.9498204835907416
90,2023Q4,1.4182303522812512
91,1980Q1,-1.059684566100306
91,1980Q2,-0.7537971207512557
91,1980Q3,3.7367549931235695
91,1980Q4,3.6061337842301713
91,1981Q1,3.002445241722982
91,1981Q2,3.653364137956152
91,1981Q3,2.0837510602746265
91,1981Q4,4.462604782364885
91,1982Q1,2.913401942634252
91,1982Q2,3.3933049181206045
91,1982Q3,1.611684900932635
91,1982Q4,-5.726952884446314
91,1983Q1,1.054079042251813
91,1983Q2,4.429718196009515
91,1983Q3,3.195162289310611
91,1983Q4,1.3853254666697024
91,1984Q1,2.0723756593553158
91,1984Q2,3.222647806186945
91,1984Q3,4.3352020018486925
91,1984Q4,3.377506792635821
91,1985Q1,1.5749801115008641
91,1985Q2,0.9127840995203016
91,1985Q3,2.785984845632886
91,1985Q4,4.458563415323298
91,1986Q1,3.7922566116022787
91,1986Q2,2.5937766148239616
91,1986Q3,2.8029723860111515
91,1986Q4,3.5782038632263276
91,1987Q1,4.1158542110865834
91,1987Q2,2.773199503520127
91,1987Q3,2.960204617815845
91,1987Q4,3.1116957566393824
91,1988Q1,4.47663810995195
91,1988Q2,4.505962270370471
91,1988Q3,1.957852191923982
91,1988Q4,4.275633622625485
91,1989Q1,4.320136993580661
91,1989Q2,1.989153562155161
91,1989Q3,4.262232312092983
91,1989Q4,3.853519976385359
91,1990Q1,3.4142824013109223
91,1990Q2,2.838016726499339
91,1990Q3,2.600366435423142
91,1990Q4,3.0788510354082064
91,1991Q1,-2.069207126626858
91,1991Q2,3.1614321305660926
91,1991Q3,3.8821124791930033
91,1991Q4,3.2335096161313173
91,1992Q1,2.799600464215147
91,1992Q2,3.771568038586087
91,1992Q3,4.3316294376622215
91,1992Q4,2.0899831837755896
91,1993Q1,4.055981689228655
91,1993Q2,4.20924392282769
91,1993Q3,2.0569860520485688
91,1993Q4,3.9458794751547934
91,1994Q1,3.7832401923287375
91,1994Q2,4.289606568205691
91,1994Q3,4.4852749327416666
91,1994Q4,3.061747121795212
91,1995Q1,1.5106537492840433
91,1995Q2,0.6600875624789584
91,1995Q3,-0.3243612760156438
91,1995Q4,3.634183660918894
91,1996Q1,3.9645299654233024
91,1996Q2,3.7639217253895296
91,1996Q3,-0.9241544957573895
91,1996Q4,2.8111667964731595
91,1997Q1,3.1581016964756303
91,1997Q2,-0.680900448654727
91,1997Q3,3.895552633558781
91,1997Q4,1.8090377131724429
91,1998Q1,3.3968047902014264
91,1998Q2,3.894322026488487
91,1998Q3,3.5565157439880233
91,1998Q4,3.020259173088715
91,1999Q1,4.38024131466074
91,1999Q2,4.383475958460428
91,1999Q3,4.404404356492672
91,1999Q4,3.3860234815660974
91,2000Q1,1.7510551580819484
91,2000Q2,3.383401974641842
91,2000Q3,3.693293160212732
91,2000Q4,3.8298337067811286
91,2001Q1,2.895783417730443
91,2001Q2,3.7844374199745054
91,2001Q3,4.1882083271689226
91,2001Q4,4.150793837971157
91,2002Q1,3.009413475594279
91,2002Q2,3.77237534308569
91,2002Q3,4.434347432474839
91,2002Q4,4.208627032755032
91,2003Q1,4.5082757871272605
91,2003Q2,4.477877306426504
91,2003Q3,3.8898313690245705
91,2003Q4,4.170850167701544
91,2004Q1,4.459857943042548
91,2004Q2,4.384701503255551
91,2004Q3,4.413601219293164
91,2004Q4,3.6938895008256885
91,2005Q1,4.3992706186494495
91,2005Q2,4.257778496704253
91,2005Q3,4.292086228775236
91,2005Q4,4.4035358388900265
91,2006Q1,4.232612024549555
91,2006Q2,2.952817164650325
91,2006Q3,4.04980432451995
91,2006Q4,3.91075832595197
91,2007Q1,3.588817515640021
91,2007Q2,4.200241689339795
91,2007Q3,4.20301887687728
91,2007Q4,4.214918118917913
91,2008Q1,3.378943819493081
91,2008Q2,3.4956890170765984
91,2008Q3,3.3344608230533765
91,2008Q4,3.5698797875401493
91,2009Q1,0.5727488360316175
91,2009Q2,1.030727518382915
91,2009Q3,2.4481241471687696
91,2009Q4,3.3018319767749844
91,2010Q1,4.24524821295063
91,2010Q2,4.019427264578087
91,2010Q3,4.264589381577289
91,2010Q4,4.043418989776573
91,2011Q1,3.403981373802921
91,2011Q2,4.486571798300559
91,2011Q3,3.437151254224644
91,2011Q4,3.557638297829385
91,2012Q1,3.9132880872323224
91,2012Q2,4.430439580975862
91,2012Q3,3.909305750247311
91,2012Q4,4.307456708596977
91,2013Q1,4.19676706066592
91,2013Q2,4.391213046845492
91,2013Q3,4.443784362971426
91,2013Q4,4.5176916853185975
91,2014Q1,4.4877067302644
91,2014Q2,4.442232965162724
91,2014Q3,4.101114565243296
91,2014Q4,4.357029780139374
91,2015Q1,4.004850221220267
91,2015Q2,3.807094667093509
91,2015Q3,4.498639447167333
91,2015Q4,3.8777411364653704
91,2016Q1,4.213190143981299
91,2016Q2,4.466146846366422
91,2016Q3,3.7232735901829925
91,2016Q4,4.5106900372062695
91,2017Q1,4.185485457926638
91,2017Q2,4.045791699833202
91,2017Q3,4.37574087576464
91,2017Q4,4.519190976012683
91,2018Q1,4.471614264955343
91,2018Q2,4.260741020761645
91,2018Q3,3.71243765864
91,2018Q4,4.157529802817431
91,2019Q1,4.386534283268874
91,2019Q2,4.406027575330485
91,2019Q3,4.269581606075392
91,2019Q4,4.267774292415807
91,2020Q1,3.632018634992938
91,2020Q2,-18.09270057999766
91,2020Q3,-4.952785795862379
91,2020Q4,2.9467566788849378
91,2021Q1,2.697398565324911
91,2021Q2,2.49417726737146
91,2021Q3,1.0235544990268237
91,2021Q4,0.9811995363559749
91,2022Q1,3.01613489971354
91,2022Q2,3.3703512607423964
91,2022Q3,-1.2269895168118925
91,2022Q4,2.4127166633368935
91,2023Q1,3.171844973675419
91,2023Q2,3.565489116955793
91,2023Q3,2.9501116611761686
91,2023Q4,1.418605185830729
92,1980Q1,-1.0588304749051636
92,1980Q2,-0.7531141025072436
92,1980Q3,3.736811041442151
92,1980Q4,3.6061727710510443
92,1981Q1,3.002434985272602
92,1981Q2,3.6535440219651703
92,1981Q3,2.0838101238984694
92,1981Q4,4.462541985004977
92,1982Q1,2.913348373040736
92,1982Q2,3.3932426294525646
92,1982Q3,1.611822917062601
92,1982Q4,-5.726812083192872
92,1983Q1,1.0546206440225396
92,1983Q2,4.429769551714734
92,1983Q3,3.195578936578146
92,1983Q4,1.3852984587527577
92,1984Q1,2.0729179688812436
92,1984Q2,3.22249089701243
92,1984Q3,4.335208331862237
92,1984Q4,3.377534383418822
92,1985Q1,1.5753225108797513
92,1985Q2,0.9128687918354492
92,1985Q3,2.7856572956789414
92,1985Q4,4.458537756199821
92,1986Q1,3.7921324303134654
92,1986Q2,2.5933950442564733
92,1986Q3,2.8030442687025756
92,1986Q4,3.578165426515975
92,1987Q1,4.115756668327813
92,1987Q2,2.773255567976901
92,1987Q3,2.9602640695254987
92,1987Q4,3.111648769369345
92,1988Q1,4.4765305266565205
92,1988Q2,4.505863153820426
92,1988Q3,1.9576845956553939
92,1988Q4,4.275626822390478
92,1989Q1,4.320081038119116
92,1989Q2,1.9892031981217007
92,1989Q3,4.262254828280462
92,1989Q4,3.853347882127679
92,1990Q1,3.4143651247856486
92,1990Q2,2.8379503294676436
92,1990Q3,2.600385644074324
92,1990Q4,3.078687962697675
92,1991Q1,-2.069200935100713
92,1991Q2,3.1616325235663005
92,1991Q3,3.882309909372684
92,1991Q4,3.233601028638546
92,1992Q1,2.7996984793711737
92,1992Q2,3.771532926630676
92,1992Q3,4.331577987934409
92,1992Q4,2.089833698712189
92,1993Q1,4.05603433112786
92,1993Q2,4.209232203435014
92,1993Q3,2.057191072965652
92,1993Q4,3.9458746197995263
92,1994Q1,3.783178503185724
92,1994Q2,4.289498984945566
92,1994Q3,4.48517237241713
92,1994Q4,3.061606156299478
92,1995Q1,1.5102476874819062
92,1995Q2,0.6596256036961017
92,1995Q3,-0.324207201555442
92,1995Q4,3.63401596538052
92,1996Q1,3.964620226840351
92,1996Q2,3.7639385773256206
92,1996Q3,-0.9240209117650346
92,1996Q4,2.811248567378048
92,1997Q1,3.1581104469664334
92,1997Q2,-0.6806012921068119
92,1997Q3,3.895562755139938
92,1997Q4,1.8090336595131862
92,1998Q1,3.3967257434918574
92,1998Q2,3.8943212255559567
92,1998Q3,3.5565731395454305
92,1998Q4,3.0201953128458374
92,1999Q1,4.380150903109328
92,1999Q2,4.383356136468527
92,1999Q3,4.404359569795008
92,1999Q4,3.386146836523416
92,2000Q1,1.7507788184257054
92,2000Q2,3.383325300995236
92,2000Q3,3.693078477833734
92,2000Q4,3.829697627555021
92,2001Q1,2.895708798489367
92,2001Q2,3.784315590185882
92,2001Q3,4.188184753675707
92,2001Q4,4.1507206516734385
92,2002Q1,3.0094716869475935
92,2002Q2,3.7724391488617965
92,2002Q3,4.434329763367461
92,2002Q4,4.208652788343546
92,2003Q1,4.508196857291714
92,2003Q2,4.477797406437455
92,2003Q3,3.889835189843072
92,2003Q4,4.170831621865869
92,2004Q1,4.459725989478209
92,2004Q2,4.384575141380232
92,2004Q3,4.413569771192971
92,2004Q4,3.6938628709448285
92,2005Q1,4.39923758333427
92,2005Q2,4.257683599885
92,2005Q3,4.29209739354935
92,2005Q4,4.4034974897079895
92,2006Q1,4.232542361425386
92,2006Q2,2.952796530100001
92,2006Q3,4.049865693485403
92,2006Q4,3.910789794716175
92,2007Q1,3.5888649860427964
92,2007Q2,4.200201162402282
92,2007Q3,4.203033052944262
92,2007Q4,4.214805560059665
92,2008Q1,3.3788588747380226
92,2008Q2,3.4955486637130706
92,2008Q3,3.3343422640587708
92,2008Q4,3.569826516400923
92,2009Q1,0.5726410417334415
92,2009Q2,1.0303424528912464
92,2009Q3,2.4482896407408075
92,2009Q4,3.301901833719165
92,2010Q1,4.245185241194611
92,2010Q2,4.019258354469663
92,2010Q3,4.264493077398043
92,2010Q4,4.04334829219477
92,2011Q1,3.4038727356101237
92,2011Q2,4.486513598722133
92,2011Q3,3.4371721991401767
92,2011Q4,3.5575441005542245
92,2012Q1,3.9132074537092514
92,2012Q2,4.430379019796459
92,2012Q3,3.909226659882873
92,2012Q4,4.3073654997464494
92,2013Q1,4.196715002200032
92,2013Q2,4.391145700634162
92,2013Q3,4.443721895829747
92,2013Q4,4.517618059132605
92,2014Q1,4.4876175251760095
92,2014Q2,4.4421872502781135
92,2014Q3,4.101029521946867
92,2014Q4,4.356977305664967
92,2015Q1,4.004764140822371
92,2015Q2,3.8070342830266464
92,2015Q3,4.498578687750066
92,2015Q4,3.877621443370472
92,2016Q1,4.213089359399403
92,2016Q2,4.466062528890808
92,2016Q3,3.723159495508379
92,2016Q4,4.510633175027526
92,2017Q1,4.185416971419114
92,2017Q2,4.0457142391100085
92,2017Q3,4.375658035824174
92,2017Q4,4.51912799651761
92,2018Q1,4.471563182392055
92,2018Q2,4.260652152520331
92,2018Q3,3.712332846523797
92,2018Q4,4.157392520259454
92,2019Q1,4.3864519390072125
92,2019Q2,4.4059625610840065
92,2019Q3,4.269480863390452
92,2019Q4,4.267703226451164
92,2020Q1,3.631931972659205
92,2020Q2,-18.089292217938706
92,2020Q3,-4.951116578444882
92,2020Q4,2.9469231111236516
92,2021Q1,2.6973669919128334
92,2021Q2,2.4938360218100812
92,2021Q3,1.0234738587731025
92,2021Q4,0.9819107072389364
92,2022Q1,3.0160093898798808
92,2022Q2,3.3700911850397444
92,2022Q3,-1.2278050883121772
92,2022Q4,2.412483406060918
92,2023Q1,3.171503663596341
92,2023Q2,3.565319558814547
92,2023Q3,2.9500870639868944
92,2023Q4,1.4185789430879963
93,1980Q1,-1.058486271550838
93,1980Q2,-0.7531169545612064
93,1980Q3,3.7369482342176292
93,1980Q4,3.606031664242916
93,1981Q1,3.0023498464346567
93,1981Q2,3.654109505126924
93,1981Q3,2.08364114030431
93,1981Q4,4.46249864666394
93,1982Q1,2.9137180178477484
93,1982Q2,3.3927520847198096
93,1982Q3,1.611696473414769
93,1982Q4,-5.7266258792126425
93,1983Q1,1.054182849259961
93,1983Q2,4.429729589015662
93,1983Q3,3.1957522561818266
93,1983Q4,1.3845874771631852
93,1984Q1,2.0736331295786363
93,1984Q2,3.222390713492684
93,1984Q3,4.335140933487379
93,1984Q4,3.3772387011505036
93,1985Q1,1.5761242684862018
93,1985Q2,0.9122395963988028
93,1985Q3,2.7854149877723247
93,1985Q4,4.4585227078680605
93,1986Q1,3.7920413891092313
93,1986Q2,2.593337902435064
93,1986Q3,2.8032262285126563
93,1986Q4,3.577970726104067
93,1987Q1,4.115821623177275
93,1987Q2,2.7730546302668095
93,1987Q3,2.9603194474165946
93,1987Q4,3.111303966945342
93,1988Q1,4.476475953384326
93,1988Q2,4.505805808655478
93,1988Q3,1.957446729367187
93,1988Q4,4.275601690617203
93,1989Q1,4.320037617727835
93,1989Q2,1.9893245826102888
93,1989Q3,4.262272756238976
93,1989Q4,3.853251842261486
93,1990Q1,3.414357990002869
93,1990Q2,2.8382690205982875
93,1990Q3,2.6001557165700273
93,1990Q4,3.0792083754590207
93,1991Q1,-2.069304734663122
93,1991Q2,3.161696089026254
93,1991Q3,3.882279661644394
93,1991Q4,3.2336345064361973
93,1992Q1,2.8003815677280675
93,1992Q2,3.771467442176703
93,1992Q3,4.331701945844658
93,1992Q4,2.0896016128748234
93,1993Q1,4.056160687152346
93,1993Q2,4.20926756283093
93,1993Q3,2.0578950779692273
93,1993Q4,3.9459912267284802
93,1994Q1,3.783035969410371
93,1994Q2,4.28937999428151
93,1994Q3,4.485098044806367
93,1994Q4,3.0617948064478213
93,1995Q1,1.5104990751290206
93,1995Q2,0.6595729976044309
93,1995Q3,-0.323817769927798
93,1995Q4,3.6337896575614534
93,1996Q1,3.9648281959856115
93,1996Q2,3.7643253450829244
93,1996Q3,-0.923052011570678
93,1996Q4,2.811692677906299
93,1997Q1,3.158273231921727
93,1997Q2,-0.680249415278019
93,1997Q3,3.8958165904795763
93,1997Q4,1.8094071828173788
93,1998Q1,3.3968165596224535
93,1998Q2,3.8944025536582902
93,1998Q3,3.55657190586968
93,1998Q4,3.0200631229356043
93,1999Q1,4.380016294597929
93,1999Q2,4.38330288061206
93,1999Q3,4.404319617480713
93,1999Q4,3.386184026785803
93,2000Q1,1.7508442354914862
93,2000Q2,3.3832508210840304
93,2000Q3,3.692726768311954
93,2000Q4,3.8294851639029326
93,2001Q1,2.8960991077382743
93,2001Q2,3.7842651057081813
93,2001Q3,4.188217751682778
93,2001Q4,4.150642751447702
93,2002Q1,3.009454070374715
93,2002Q2,3.7724159202927785
93,2002Q3,4.434340180292821
93,2002Q4,4.208726957173084
93,2003Q1,4.508161635560975
93,2003Q2,4.477753295016175
93,2003Q3,3.8898315296977923
93,2003Q4,4.170790624448687
93,2004Q1,4.459616467319518
93,2004Q2,4.384485138648002
93,2004Q3,4.41361092962462
93,2004Q4,3.693856330573376
93,2005Q1,4.399294987549055
93,2005Q2,4.257622438487184
93,2005Q3,4.29216681042939
93,2005Q4,4.403523518073493
93,2006Q1,4.232490533092049
93,2006Q2,2.952762047985506
93,2006Q3,4.049915387412217
93,2006Q4,3.9108114851412097
93,2007Q1,3.588916014972408
93,2007Q2,4.200268462308319
93,2007Q3,4.20305163327485
93,2007Q4,4.214740196421962
93,2008Q1,3.3788187550189477
93,2008Q2,3.4954080805016563
93,2008Q3,3.3341882458273657
93,2008Q4,3.5697366185121715
93,2009Q1,0.5727129959082919
93,2009Q2,1.0308179458325855
93,2009Q3,2.4485514264632395
93,2009Q4,3.3018444420349735
93,2010Q1,4.245072118308178
93,2010Q2,4.019159254348217
93,2010Q3,4.264370216202778
93,2010Q4,4.04337042433299
93,2011Q1,3.4036512952936864
93,2011Q2,4.486473741719606
93,2011Q3,3.4371751902955827
93,2011Q4,3.5575062131301025
93,2012Q1,3.9132823582484937
93,2012Q2,4.430347102916882
93,2012Q3,3.909183818518459
93,2012Q4,4.307315862396714
93,2013Q1,4.19674599042827
93,2013Q2,4.39106937372713
93,2013Q3,4.443716733068589
93,2013Q4,4.517584162677175
93,2014Q1,4.487550733530627
93,2014Q2,4.442174757380555
93,2014Q3,4.10101512162574
93,2014Q4,4.356899008347563
93,2015Q1,4.004622878392755
93,2015Q2,3.806866010172352
93,2015Q3,4.498559297229536
93,2015Q4,3.8774695621917052
93,2016Q1,4.213069207600668
93,2016Q2,4.466000536383808
93,2016Q3,3.7229740118236205
93,2016Q4,4.510612400546561
93,2017Q1,4.185417970990818
93,2017Q2,4.045553560205997
93,2017Q3,4.375611902016879
93,2017Q4,4.519096974786339
93,2018Q1,4.471544074220511
93,2018Q2,4.260563919524833
93,2018Q3,3.712163382741576
93,2018Q4,4.157276051448298
93,2019Q1,4.386435075386426
93,2019Q2,4.405920985815199
93,2019Q3,4.2693961710878545
93,2019Q4,4.2675967463029005
93,2020Q1,3.6321501871584645
93,2020Q2,-18.091293746440265
93,2020Q3,-4.950327006240913
93,2020Q4,2.9464592817115935
93,2021Q1,2.69696504023624
93,2021Q2,2.4937645436620177
93,2021Q3,1.022435402362119
93,2021Q4,0.9823237711814214
93,2022Q1,3.015909556488868
93,2022Q2,3.370177330350833
93,2022Q3,-1.2271777313855852
93,2022Q4,2.4123971656267913
93,2023Q1,3.1712478399284416
93,2023Q2,3.56516562364888
93,2023Q3,2.9505289911469355
93,2023Q4,1.4191905688386308
94,1980Q1,-1.0587838884779552
94,1980Q2,-0.7532021682690235
94,1980Q3,3.736918919349855
94,1980Q4,3.6059422126180323
94,1981Q1,3.0023473222986725
94,1981Q2,3.654403774364847
94,1981Q3,2.083561068488894
94,1981Q4,4.462501047665743
94,1982Q1,2.913933743430565
94,1982Q2,3.3926860014325055
94,1982Q3,1.611732842659762
94,1982Q4,-5.726272151342412
94,1983Q1,1.0542341375456727
94,1983Q2,4.429769510317292
94,1983Q3,3.195915153146227
94,1983Q4,1.38434775161073
94,1984Q1,2.0742920958808733
94,1984Q2,3.2222818115156358
94,1984Q3,4.335122029597516
94,1984Q4,3.3772762253719124
94,1985Q1,1.5764997800794034
94,1985Q2,0.9119885984899292
94,1985Q3,2.7852929758397416
94,1985Q4,4.4585140534214736
94,1986Q1,3.791969442703507
94,1986Q2,2.593389283148041
94,1986Q3,2.8034260671021354
94,1986Q4,3.577822781113436
94,1987Q1,4.115867430607725
94,1987Q2,2.7729280271533057
94,1987Q3,2.960406546905786
94,1987Q4,3.1112122232638986
94,1988Q1,4.4764447975555886
94,1988Q2,4.505796350436162
94,1988Q3,1.9574378079048138
94,1988Q4,4.275570778637645
94,1989Q1,4.320040661506855
94,1989Q2,1.9894488892466553
94,1989Q3,4.262277224434652
94,1989Q4,3.8532352193062382
94,1990Q1,3.4143574871886857
94,1990Q2,2.838497913185084
94,1990Q3,2.6001202607929086
94,1990Q4,3.0794611862070873
94,1991Q1,-2.068716403406486
94,1991Q2,3.1617871018826564
94,1991Q3,3.8822783182370397
94,1991Q4,3.2338632258860414
94,1992Q1,2.800708847398907
94,1992Q2,3.7715242446396937
94,1992Q3,4.331740484931551
94,1992Q4,2.0894857831200366
94,1993Q1,4.056211909253247
94,1993Q2,4.209285208346733
94,1993Q3,2.058036774902701
94,1993Q4,3.9459606123683613
94,1994Q1,3.782985218619426
94,1994Q2,4.289347529363727
94,1994Q3,4.485085636371733
94,1994Q4,3.0618567599570263
94,1995Q1,1.510580642169741
94,1995Q2,0.6594766296256731
94,1995Q3,-0.32395991871423035
94,1995Q4,3.633660063967095
94,1996Q1,3.964865947865677
94,1996Q2,3.7643390474317924
94,1996Q3,-0.9229793847408514
94,1996Q4,2.811696912222313
94,1997Q1,3.1581873630429866
94,1997Q2,-0.6801911793795083
94,1997Q3,3.8958221228441787
94,1997Q4,1.8093055887167533
94,1998Q1,3.396808509419357
94,1998Q2,3.8944320751210504
94,1998Q3,3.556514497806786
94,1998Q4,3.019958659857487
94,1999Q1,4.3799647717877415
94,1999Q2,4.3833008201805805
94,1999Q3,4.404310329617563
94,1999Q4,3.386148602506477
94,2000Q1,1.7508607051861382
94,2000Q2,3.3832255452134863
94,2000Q3,3.6926392615691253
94,2000Q4,3.8294501441255795
94,2001Q1,2.8961285184447867
94,2001Q2,3.7842192296420487
94,2001Q3,4.188215878118228
94,2001Q4,4.150610488286319
94,2002Q1,3.009465033908508
94,2002Q2,3.7723695003908273
94,2002Q3,4.434332329676696
94,2002Q4,4.208736425285808
94,2003Q1,4.50815838128081
94,2003Q2,4.477750545543756
94,2003Q3,3.8898323243461093
94,2003Q4,4.170776793694438
94,2004Q1,4.459593814196067
94,2004Q2,4.3844688440948145
94,2004Q3,4.413626920639695
94,2004Q4,3.693882605736361
94,2005Q1,4.399304646842409
94,2005Q2,4.257630288105375
94,2005Q3,4.2921739922611755
94,2005Q4,4.403520475420049
94,2006Q1,4.232491637087988
94,2006Q2,2.952797123075255
94,2006Q3,4.049908387237486
94,2006Q4,3.9107910112715945
94,2007Q1,3.5889151511652133
94,2007Q2,4.200288782092167
94,2007Q3,4.203039130052512
94,2007Q4,4.214735013558485
94,2008Q1,3.378797591925381
94,2008Q2,3.49531633434358
94,2008Q3,3.33415097861291
94,2008Q4,3.569760388752019
94,2009Q1,0.5726120968177386
94,2009Q2,1.0308562376791581
94,2009Q3,2.448553097484236
94,2009Q4,3.301790315181915
94,2010Q1,4.245075354032697
94,2010Q2,4.019162446555948
94,2010Q3,4.264360464905299
94,2010Q4,4.043376523064641
94,2011Q1,3.403632270670278
94,2011Q2,4.486441037622482
94,2011Q3,3.4371131261496277
94,2011Q4,3.5575063339597564
94,2012Q1,3.913316241323125
94,2012Q2,4.4303315702811155
94,2012Q3,3.90912130703326
94,2012Q4,4.307310358578363
94,2013Q1,4.196777259999786
94,2013Q2,4.391066296936594
94,2013Q3,4.443709520071616
94,2013Q4,4.517574349832114
94,2014Q1,4.487531599591612
94,2014Q2,4.442178886220176
94,2014Q3,4.1010234040591005
94,2014Q4,4.356894138602455
94,2015Q1,4.004561622530241
94,2015Q2,3.806859624069555
94,2015Q3,4.498542033528059
94,2015Q4,3.8774365845728003
94,2016Q1,4.213069277038963
94,2016Q2,4.465989516870118
94,2016Q3,3.722948418800903
94,2016Q4,4.510599863420326
94,2017Q1,4.185461597017653
94,2017Q2,4.045530791308553
94,2017Q3,4.375618285482622
94,2017Q4,4.519090993757097
94,2018Q1,4.471531065229443
94,2018Q2,4.260548263529132
94,2018Q3,3.7121496681957526
94,2018Q4,4.157273989912858
94,2019Q1,4.386435156867781
94,2019Q2,4.405912670897869
94,2019Q3,4.2693735509544775
94,2019Q4,4.267584508442794
94,2020Q1,3.6322290146561986
94,2020Q2,-18.0922860826185
94,2020Q3,-4.950751929517985
94,2020Q4,2.9462615276079376
94,2021Q1,2.696888456513812
94,2021Q2,2.493848769843208
94,2021Q3,1.0221306693873768
94,2021Q4,0.9821689133665532
94,2022Q1,3.0159280087200466
94,2022Q2,3.3702329599771073
94,2022Q3,-1.2267211321044638
94,2022Q4,2.412353073699218
94,2023Q1,3.1712653217490416
94,2023Q2,3.565244574340598
94,2023Q3,2.9506147168197066
94,2023Q4,1.4192534067755997
95,1980Q1,-1.0593770135405167
95,1980Q2,-0.7535699502172015
95,1980Q3,3.7368503297250495
95,1980Q4,3.6058172122169165
95,1981Q1,3.002357839419231
95,1981Q2,3.654830856811464
95,1981Q3,2.0834627306075366
95,1981Q4,4.462544784173188
95,1982Q1,2.9142404658117362
95,1982Q2,3.392692445614006
95,1982Q3,1.6118779785270774
95,1982Q4,-5.725678799088977
95,1983Q1,1.05450408198182
95,1983Q2,4.429852453811927
95,1983Q3,3.196131087618675
95,1983Q4,1.384082957720839
95,1984Q1,2.0753151892278816
95,1984Q2,3.222112125557275
95,1984Q3,4.335113128153306
95,1984Q4,3.3773960990644536
95,1985Q1,1.57705390377986
95,1985Q2,0.9115935620750908
95,1985Q3,2.785109442938857
95,1985Q4,4.458514306229587
95,1986Q1,3.7918541556388137
95,1986Q2,2.59350882091643
95,1986Q3,2.803770135680151
95,1986Q4,3.577583466185999
95,1987Q1,4.115944818972849
95,1987Q2,2.77274852310067
95,1987Q3,2.960540561829318
95,1987Q4,3.111106494943815
95,1988Q1,4.476424241610384
95,1988Q2,4.505812796107605
95,1988Q3,1.957471961523412
95,1988Q4,4.275542768234798
95,1989Q1,4.320078545973975
95,1989Q2,1.9896312018072742
95,1989Q3,4.262287901583208
95,1989Q4,3.8532448867434943
95,1990Q1,3.4143793256561104
95,1990Q2,2.838863254048254
95,1990Q3,2.6001219958601363
95,1990Q4,3.079873247803064
95,1991Q1,-2.0676543364745266
95,1991Q2,3.1619475565204875
95,1991Q3,3.882278686048623
95,1991Q4,3.2342520728743414
95,1992Q1,2.8011864712979726
95,1992Q2,3.7716458080516544
95,1992Q3,4.331814339462796
95,1992Q4,2.0893279275673513
95,1993Q1,4.056315731259193
95,1993Q2,4.20932312331432
95,1993Q3,2.058141017893444
95,1993Q4,3.945894974894649
95,1994Q1,3.7829410888387534
95,1994Q2,4.289341144787471
95,1994Q3,4.485099374908552
95,1994Q4,3.0619381022069327
95,1995Q1,1.5106612827507537
95,1995Q2,0.6592397013310309
95,1995Q3,-0.32437452025935354
95,1995Q4,3.6334524129550534
95,1996Q1,3.964921139392849
95,1996Q2,3.7643030544701332
95,1996Q3,-0.9231316959828346
95,1996Q4,2.8116030714542988
95,1997Q1,3.157980314498599
95,1997Q2,-0.680197283617721
95,1997Q3,3.895797624542964
95,1997Q4,1.8090034474875694
95,1998Q1,3.396763365088188
95,1998Q2,3.8944840500974305
95,1998Q3,3.5564112456959815
95,1998Q4,3.01977315331449
95,1999Q1,4.3799092527724435
95,1999Q2,4.3833306473967655
95,1999Q3,4.40432111415299
95,1999Q4,3.3860730876739047
95,2000Q1,1.750826567847385
95,2000Q2,3.383199238903255
95,2000Q3,3.692541270428321
95,2000Q4,3.8294347717507273
95,2001Q1,2.896113309669056
95,2001Q2,3.7841688497773673
95,2001Q3,4.18821458955556
95,2001Q4,4.150581351353822
95,2002Q1,3.009505259525879
95,2002Q2,3.7723128402547457
95,2002Q3,4.4343348970847805
95,2002Q4,4.208758165887261
95,2003Q1,4.508181163509186
95,2003Q2,4.477775628856104
95,2003Q3,3.889839304436892
95,2003Q4,4.1707748495916235
95,2004Q1,4.4595897283433565
95,2004Q2,4.384470827856218
95,2004Q3,4.413669637128158
95,2004Q4,3.6939430564586813
95,2005Q1,4.399335716690811
95,2005Q2,4.25767436875164
95,2005Q3,4.2921919120812015
95,2005Q4,4.403533843855681
95,2006Q1,4.232522076473709
95,2006Q2,2.952867708112288
95,2006Q3,4.049903105559147
95,2006Q4,3.910771878233187
95,2007Q1,3.5889185187449506
95,2007Q2,4.200337204895755
95,2007Q3,4.203030356058506
95,2007Q4,4.2147475884180885
95,2008Q1,3.3787570066373585
95,2008Q2,3.4951552481801373
95,2008Q3,3.334087958562531
95,2008Q4,3.5698411376492896
95,2009Q1,0.572449376242238
95,2009Q2,1.0307817615470283
95,2009Q3,2.448497894901947
95,2009Q4,3.3016965140501187
95,2010Q1,4.24511293986174
95,2010Q2,4.0191889379896395
95,2010Q3,4.264379448302876
95,2010Q4,4.043397099792929
95,2011Q1,3.4036393086616146
95,2011Q2,4.486409239667271
95,2011Q3,3.437019526825029
95,2011Q4,3.557509604836617
95,2012Q1,3.91338087729585
95,2012Q2,4.430328585751712
95,2012Q3,3.909021253418988
95,2012Q4,4.307326874472448
95,2013Q1,4.19684266575263
95,2013Q2,4.391093584046765
95,2013Q3,4.443717022052645
95,2013Q4,4.517584998530588
95,2014Q1,4.4875294372508066
95,2014Q2,4.442208400077075
95,2014Q3,4.101058626619803
95,2014Q4,4.356917231544116
95,2015Q1,4.004479688505561
95,2015Q2,3.8068822251766026
95,2015Q3,4.498537637733874
95,2015Q4,3.8774146213575054
95,2016Q1,4.213089151926593
95,2016Q2,4.465998426410494
95,2016Q3,3.7229381634233953
95,2016Q4,4.51060407390689
95,2017Q1,4.185556940172798
95,2017Q2,4.045528810453836
95,2017Q3,4.375653469299176
95,2017Q4,4.519106111117449
95,2018Q1,4.471532702542445
95,2018Q2,4.260554035755288
95,2018Q3,3.7121671093824222
95,2018Q4,4.15730081714822
95,2019Q1,4.386458617347066
95,2019Q2,4.405926151854259
95,2019Q3,4.269361077895461
95,2019Q4,4.267595986407991
95,2020Q1,3.6322068348249137
95,2020Q2,-18.09249265377931
95,2020Q3,-4.952005714951218
95,2020Q4,2.9460410957986127
95,2021Q1,2.6968973317186693
95,2021Q2,2.4939008532106635
95,2021Q3,1.0221275917385118
95,2021Q4,0.9817334817328267
95,2022Q1,3.0159887899787408
95,2022Q2,3.3701103187295756
95,2022Q3,-1.2270988111217154
95,2022Q4,2.41209624064675
95,2023Q1,3.171057340280159
95,2023Q2,3.5652817733183233
95,2023Q3,2.9506631632523987
95,2023Q4,1.4192264738653186
96,1980Q1,-1.0592878898819107
96,1980Q2,-0.7535197317307754
96,1980Q3,3.7368271124807255
96,1980Q4,3.6058365841094173
96,1981Q1,3.002357085009752
96,1981Q2,3.65486584888778
96,1981Q3,2.0834785863374656
96,1981Q4,4.462553279998592
96,1982Q1,2.9142665872381466
96,1982Q2,3.3926776128187
96,1982Q3,1.6119615414060857
96,1982Q4,-5.7255721580739944
96,1983Q1,1.0546912472184178
96,1983Q2,4.429888695456756
96,1983Q3,3.1963019802431436
96,1983Q4,1.3842672587669789
96,1984Q1,2.0753955649336393
96,1984Q2,3.2220989204003825
96,1984Q3,4.335131487536369
96,1984Q4,3.3773762642385967
96,1985Q1,1.5771538282150814
96,1985Q2,0.9116345453065087
96,1985Q3,2.78510160533696
96,1985Q4,4.458506194322703
96,1986Q1,3.791834076013988
96,1986Q2,2.593445844419815
96,1986Q3,2.803815387896914
96,1986Q4,3.5775598251113077
96,1987Q1,4.115923233001669
96,1987Q2,2.7727890024062045
96,1987Q3,2.960579168952417
96,1987Q4,3.1111352620924455
96,1988Q1,4.476410198628564
96,1988Q2,4.505803225489178
96,1988Q3,1.957433996652321
96,1988Q4,4.275554456151707
96,1989Q1,4.320075004865297
96,1989Q2,1.9896599611245707
96,1989Q3,4.262295841546425
96,1989Q4,3.8532318071307143
96,1990Q1,3.41442642658623
96,1990Q2,2.838864979824586
96,1990Q3,2.600220089580893
96,1990Q4,3.0798776040801443
96,1991Q1,-2.0676093726574267
96,1991Q2,3.1620342899657286
96,1991Q3,3.8823665917798733
96,1991Q4,3.2342392804679347
96,1992Q1,2.801218517795953
96,1992Q2,3.771604194070209
96,1992Q3,4.331807709740814
96,1992Q4,2.0892809548373044
96,1993Q1,4.056340851437136
96,1993Q2,4.20930802367707
96,1993Q3,2.0581001277844417
96,1993Q4,3.9458909211190973
96,1994Q1,3.782986779057964
96,1994Q2,4.289355952604409
96,1994Q3,4.485088418701362
96,1994Q4,3.0619119724944976
96,1995Q1,1.5105370096199482
96,1995Q2,0.6590595881662709
96,1995Q3,-0.3244859865053771
96,1995Q4,3.633402997309129
96,1996Q1,3.9649355254748175
96,1996Q2,3.764262238036517
96,1996Q3,-0.9233497201956764
96,1996Q4,2.8115171961099525
96,1997Q1,3.1578968312519446
96,1997Q2,-0.680213606224628
96,1997Q3,3.8957614969365757
96,1997Q4,1.8088621203309883
96,1998Q1,3.3966996914012757
96,1998Q2,3.894495654950127
96,1998Q3,3.556411828958348
96,1998Q4,3.0197286760728166
96,1999Q1,4.379899002168105
96,1999Q2,4.383312967125392
96,1999Q3,4.4043343504159465
96,1999Q4,3.3860714414712736
96,2000Q1,1.7507095528751622
96,2000Q2,3.3831532996634888
96,2000Q3,3.6924970628378935
96,2000Q4,3.8294721834605503
96,2001Q1,2.8960568365313786
96,2001Q2,3.7841521999835193
96,2001Q3,4.188198164806854
96,2001Q4,4.150569424851871
96,2002Q1,3.0095258179432247
96,2002Q2,3.7723352409924695
96,2002Q3,4.43433992419369
96,2002Q4,4.208757111031731
96,2003Q1,4.508172720220377
96,2003Q2,4.477775769616324
96,2003Q3,3.8898207562561287
96,2003Q4,4.170771899525344
96,2004Q1,4.459573122909668
96,2004Q2,4.384450481590263
96,2004Q3,4.413661081038641
96,2004Q4,3.693923963292843
96,2005Q1,4.399342869779361
96,2005Q2,4.257661819134936
96,2005Q3,4.292183565592015
96,2005Q4,4.403536328135784
96,2006Q1,4.232519374406253
96,2006Q2,2.9528631412243698
96,2006Q3,4.0499085306242035
96,2006Q4,3.910784353145626
96,2007Q1,3.5889358943411227
96,2007Q2,4.200324394361484
96,2007Q3,4.203036563137252
96,2007Q4,4.2147276302237815
96,2008Q1,3.378694272669499
96,2008Q2,3.4950964692361493
96,2008Q3,3.3340132630397195
96,2008Q4,3.5699065911138375
96,2009Q1,0.5724348777469164
96,2009Q2,1.0306135191418515
96,2009Q3,2.448526596641884
96,2009Q4,3.30171939251068
96,2010Q1,4.24511976639734
96,2010Q2,4.019161685860876
96,2010Q3,4.264376157141637
96,2010Q4,4.043387538619917
96,2011Q1,3.403638752659349
96,2011Q2,4.48640389152159
96,2011Q3,3.4370182895416197
96,2011Q4,3.5574768377249955
96,2012Q1,3.9133762482939423
96,2012Q2,4.430327300706188
96,2012Q3,3.909003297745804
96,2012Q4,4.30732032893583
96,2013Q1,4.196831621771228
96,2013Q2,4.391099389532369
96,2013Q3,4.443707348341485
96,2013Q4,4.51757909785988
96,2014Q1,4.4875270290382625
96,2014Q2,4.4422045662184
96,2014Q3,4.101052019928215
96,2014Q4,4.356925348120771
96,2015Q1,4.0044746910462745
96,2015Q2,3.8068869382028767
96,2015Q3,4.498533338543752
96,2015Q4,3.877412945944945
96,2016Q1,4.2130783284443165
96,2016Q2,4.4659914697035115
96,2016Q3,3.7229258251387773
96,2016Q4,4.510601924737723
96,2017Q1,4.18555713434721
96,2017Q2,4.045534761263712
96,2017Q3,4.3756453184369155
96,2017Q4,4.519103026886056
96,2018Q1,4.47153077645964
96,2018Q2,4.260551650279381
96,2018Q3,3.7121651773919297
96,2018Q4,4.157287124258621
96,2019Q1,4.386454497712112
96,2019Q2,4.405927708785722
96,2019Q3,4.269349493356888
96,2019Q4,4.267599054006546
96,2020Q1,3.63237371410732
96,2020Q2,-18.093405944139967
96,2020Q3,-4.9519538503060225
96,2020Q4,2.9461164264930106
96,2021Q1,2.697036110530669
96,2021Q2,2.4939639513210485
96,2021Q3,1.0215655225660156
96,2021Q4,0.9818630009500602
96,2022Q1,3.015943505976974
96,2022Q2,3.3702563493220645
96,2022Q3,-1.2261241941303993
96,2022Q4,2.412117671903901
96,2023Q1,3.171310013386064
96,2023Q2,3.565427340005714
96,2023Q3,2.9506523767565325
96,2023Q4,1.4191288611956132
97,1980Q1,-1.059606298086158
97,1980Q2,-0.7538827347771511
97,1980Q3,3.736772510584605
97,1980Q4,3.6058277318508614
97,1981Q1,3.0023501906140835
97,1981Q2,3.6549638814845036
97,1981Q3,2.0834920639730288
97,1981Q4,4.4626066434056995
97,1982Q1,2.914354520958722
97,1982Q2,3.392766638506046
97,1982Q3,1.612106944812984
97,1982Q4,-5.725268989313186
97,1983Q1,1.054949860527214
97,1983Q2,4.429939609334657
97,1983Q3,3.196369893743168
97,1983Q4,1.3843589639382623
97,1984Q1,2.075699725353131
97,1984Q2,3.2220728287914806
97,1984Q3,4.335157824187514
97,1984Q4,3.37744303806578
97,1985Q1,1.5773258790153752
97,1985Q2,0.9115618678870314
97,1985Q3,2.7851167483937407
97,1985Q4,4.458508749652382
97,1986Q1,3.7918027871183133
97,1986Q2,2.593528994648471
97,1986Q3,2.803951316939951
97,1986Q4,3.577483642285733
97,1987Q1,4.115952310866348
97,1987Q2,2.7727802920254128
97,1987Q3,2.9606493059923347
97,1987Q4,3.111170804251331
97,1988Q1,4.476424019055572
97,1988Q2,4.5058324427260095
97,1988Q3,1.957461899486673
97,1988Q4,4.275570994805201
97,1989Q1,4.320116986011064
97,1989Q2,1.9897445261787214
97,1989Q3,4.262297075035793
97,1989Q4,3.853262050259745
97,1990Q1,3.4144710478699754
97,1990Q2,2.8390006153741645
97,1990Q3,2.6003104309311014
97,1990Q4,3.0800373890118706
97,1991Q1,-2.0671063258322686
97,1991Q2,3.162104192759361
97,1991Q3,3.8823804968114475
97,1991Q4,3.234373610157866
97,1992Q1,2.8013228979389164
97,1992Q2,3.7716566455536427
97,1992Q3,4.33183546187985
97,1992Q4,2.0892660265539025
97,1993Q1,4.056381550062104
97,1993Q2,4.209322269737827
97,1993Q3,2.0579670795966205
97,1993Q4,3.9458443628389483
97,1994Q1,3.783026587691709
97,1994Q2,4.289405718612887
97,1994Q3,4.485119897138513
97,1994Q4,3.061928602631699
97,1995Q1,1.5104937302056696
97,1995Q2,0.6588632151861473
97,1995Q3,-0.32481460955887265
97,1995Q4,3.6333215942510138
97,1996Q1,3.96495401381362
97,1996Q2,3.7641833508218436
97,1996Q3,-0.923713012386469
97,1996Q4,2.811356350278511
97,1997Q1,3.1577405677341925
97,1997Q2,-0.6802924124194547
97,1997Q3,3.8957050001919473
97,1997Q4,1.808594949620447
97,1998Q1,3.3966401146014173
97,1998Q2,3.894520907020479
97,1998Q3,3.5563736668881676
97,1998Q4,3.019646645408514
97,1999Q1,4.379907586411934
97,1999Q2,4.383343098656177
97,1999Q3,4.40436894864916
97,1999Q4,3.386033454551578
97,2000Q1,1.7506344667277056
97,2000Q2,3.383141842153298
97,2000Q3,3.69248560687394
97,2000Q4,3.829517898332035
97,2001Q1,2.8959903217849057
97,2001Q2,3.784163559692436
97,2001Q3,4.188195490363221
97,2001Q4,4.150585291517789
97,2002Q1,3.009552664260414
97,2002Q2,3.7723491210512967
97,2002Q3,4.434354416763988
97,2002Q4,4.208768796241381
97,2003Q1,4.508200744233821
97,2003Q2,4.477807768716051
97,2003Q3,3.889819045539503
97,2003Q4,4.170793834659432
97,2004Q1,4.459600081894903
97,2004Q2,4.384478807211948
97,2004Q3,4.413683756226633
97,2004Q4,3.6939463086875914
97,2005Q1,4.399367786265419
97,2005Q2,4.257695433371128
97,2005Q3,4.292189684236343
97,2005Q4,4.40355895329475
97,2006Q1,4.232547560776707
97,2006Q2,2.9528832646582686
97,2006Q3,4.049912899199924
97,2006Q4,3.910802144027317
97,2007Q1,3.5889540604712202
97,2007Q2,4.200347793194379
97,2007Q3,4.203047335301351
97,2007Q4,4.214751777202902
97,2008Q1,3.37865817644776
97,2008Q2,3.495019954928816
97,2008Q3,3.3339689296704247
97,2008Q4,3.569991321466481
97,2009Q1,0.5723998418441707
97,2009Q2,1.0304592732691455
97,2009Q3,2.4484538822509276
97,2009Q4,3.3016775948822934
97,2010Q1,4.245156558612031
97,2010Q2,4.0191851206703735
97,2010Q3,4.264409395567689
97,2010Q4,4.043399969200438
97,2011Q1,3.4036640616462126
97,2011Q2,4.486411603210319
97,2011Q3,3.436999980306075
97,2011Q4,3.55748263918137
97,2012Q1,3.913415197365988
97,2012Q2,4.43034880977545
97,2012Q3,3.908972705505473
97,2012Q4,4.307349357662069
97,2013Q1,4.196858336202144
97,2013Q2,4.391135716652089
97,2013Q3,4.443723769064702
97,2013Q4,4.517605231298491
97,2014Q1,4.4875551646654745
97,2014Q2,4.442229666194549
97,2014Q3,4.101087296639882
97,2014Q4,4.356957662653374
97,2015Q1,4.004464378297759
97,2015Q2,3.8069155551965546
97,2015Q3,4.4985532988024755
97,2015Q4,3.8774358445539185
97,2016Q1,4.21310536711651
97,2016Q2,4.466014015895916
97,2016Q3,3.7229407329704522
97,2016Q4,4.51062517355132
97,2017Q1,4.185603654553118
97,2017Q2,4.04556408264136
97,2017Q3,4.375672858829012
97,2017Q4,4.519128026528946
97,2018Q1,4.471552117216759
97,2018Q2,4.260579619709164
97,2018Q3,3.7121989619827227
97,2018Q4,4.1573178299971545
97,2019Q1,4.386485557181432
97,2019Q2,4.405956620897662
97,2019Q3,4.269365900054346
97,2019Q4,4.267628281640906
97,2020Q1,3.6323134428144432
97,2020Q2,-18.09285099064203
97,2020Q3,-4.952974693545212
97,2020Q4,2.9461696463826703
97,2021Q1,2.6972214506447765
97,2021Q2,2.4939347271475945
97,2021Q3,1.02173059795378
97,2021Q4,0.981583795945987
97,2022Q1,3.015980601099405
97,2022Q2,3.370094569493888
97,2022Q3,-1.2267764471999643
97,2022Q4,2.4118899535022233
97,2023Q1,3.171151290205816
97,2023Q2,3.565420003858009
97,2023Q3,2.9505840887398103
97,2023Q4,1.4189792340599974
98,1980Q1,-1.0596517723087882
98,1980Q2,-0.7544626259066938
98,1980Q3,3.73674925625966
98,1980Q4,3.605884808054145
98,1981Q1,3.0023362123672586
98,1981Q2,3.655048479397241
98,1981Q3,2.0835338799770593
98,1981Q4,4.462674001184865
98,1982Q1,2.9144840268182257
98,1982Q2,3.392775382946761
98,1982Q3,1.6122865589257556
98,1982Q4,-5.724929326465043
98,1983Q1,1.055311581926866
98,1983Q2,4.43003050052683
98,1983Q3,3.1964057127847014
98,1983Q4,1.3844130272264845
98,1984Q1,2.075748031408369
98,1984Q2,3.2221935503336647
98,1984Q3,4.33523111406942
98,1984Q4,3.377388472626364
98,1985Q1,1.5774893047119023
98,1985Q2,0.9116087375282103
98,1985Q3,2.7852569354408256
98,1985Q4,4.458527252100173
98,1986Q1,3.7918109827613904
98,1986Q2,2.5935776258884102
98,1986Q3,2.8040744228995473
98,1986Q4,3.577429453500719
98,1987Q1,4.116001922246951
98,1987Q2,2.772854599709299
98,1987Q3,2.960758339241414
98,1987Q4,3.111263652447528
98,1988Q1,4.476466651535314
98,1988Q2,4.505883669678287
98,1988Q3,1.9574468250118358
98,1988Q4,4.275630949870893
98,1989Q1,4.320193024431857
98,1989Q2,1.989843715022538
98,1989Q3,4.2623179248013345
98,1989Q4,3.853297675244137
98,1990Q1,3.4145380244841457
98,1990Q2,2.8390825107928905
98,1990Q3,2.60046797253795
98,1990Q4,3.080231057620752
98,1991Q1,-2.0669507867170616
98,1991Q2,3.162310954206607
98,1991Q3,3.882440924170704
98,1991Q4,3.23441972192148
98,1992Q1,2.801449119865308
98,1992Q2,3.7717070520105276
98,1992Q3,4.331904830039545
98,1992Q4,2.0893003559569086
98,1993Q1,4.056443783648185
98,1993Q2,4.209371335577853
98,1993Q3,2.0577699628981154
98,1993Q4,3.945819860869423
98,1994Q1,3.783089104448602
98,1994Q2,4.289493986983577
98,1994Q3,4.485174505174071
98,1994Q4,3.0618934597008494
98,1995Q1,1.5102489724441535
98,1995Q2,0.6584153222618863
98,1995Q3,-0.3252717238240912
98,1995Q4,3.63319950029093
98,1996Q1,3.9650338081888945
98,1996Q2,3.764122310023294
98,1996Q3,-0.9243257354360326
98,1996Q4,2.811151834589378
98,1997Q1,3.1575772787545713
98,1997Q2,-0.6803841625884468
98,1997Q3,3.8956576590996574
98,1997Q4,1.8083199394567337
98,1998Q1,3.3965775046613054
98,1998Q2,3.894531045716784
98,1998Q3,3.5563714273237577
98,1998Q4,3.0195390131412037
98,1999Q1,4.3799435746179185
98,1999Q2,4.383389480907716
98,1999Q3,4.404428456149626
98,1999Q4,3.3860665445560674
98,2000Q1,1.750361599542308
98,2000Q2,3.383147067631879
98,2000Q3,3.6924346924455675
98,2000Q4,3.829549336470386
98,2001Q1,2.8959487715395476
98,2001Q2,3.7842080226316868
98,2001Q3,4.188220579327167
98,2001Q4,4.150635991052067
98,2002Q1,3.0096179341067906
98,2002Q2,3.772466828600962
98,2002Q3,4.434403753706546
98,2002Q4,4.2088330716878115
98,2003Q1,4.508256381881237
98,2003Q2,4.477861616015121
98,2003Q3,3.889845707818545
98,2003Q4,4.170868771209375
98,2004Q1,4.459646444692818
98,2004Q2,4.3845304966128795
98,2004Q3,4.413741792328306
98,2004Q4,3.693992041641558
98,2005Q1,4.399428354463371
98,2005Q2,4.2577466381406595
98,2005Q3,4.292243842584647
98,2005Q4,4.403619775142639
98,2006Q1,4.23259951048461
98,2006Q2,2.952907144637776
98,2006Q3,4.049983772024819
98,2006Q4,3.9109018611291617
98,2007Q1,3.589034682373344
98,2007Q2,4.200415838569221
98,2007Q3,4.203110549789724
98,2007Q4,4.2147694756931635
98,2008Q1,3.3786026509086478
98,2008Q2,3.4948945672365235
98,2008Q3,3.3338719252490634
98,2008Q4,3.5700828055896947
98,2009Q1,0.5724066356104438
98,2009Q2,1.0301341599985623
98,2009Q3,2.4483809098712372
98,2009Q4,3.301641105137257
98,2010Q1,4.245198270783931
98,2010Q2,4.019208611573393
98,2010Q3,4.264446317195469
98,2010Q4,4.043407087348128
98,2011Q1,3.4036707116772007
98,2011Q2,4.48645643888515
98,2011Q3,3.43705108034313
98,2011Q4,3.5574819492593246
98,2012Q1,3.913459658242476
98,2012Q2,4.43040129644616
98,2012Q3,3.9089651713345264
98,2012Q4,4.3073906316764745
98,2013Q1,4.196896850636582
98,2013Q2,4.391195935130987
98,2013Q3,4.443769410506133
98,2013Q4,4.517662069470417
98,2014Q1,4.487609348104546
98,2014Q2,4.442282105503009
98,2014Q3,4.10113811176152
98,2014Q4,4.357013347344846
98,2015Q1,4.004454320067982
98,2015Q2,3.8069353795061374
98,2015Q3,4.49861180235507
98,2015Q4,3.877456348266888
98,2016Q1,4.213139081217675
98,2016Q2,4.4660533155350555
98,2016Q3,3.7229426781130908
98,2016Q4,4.5106849415572245
98,2017Q1,4.18565840205062
98,2017Q2,4.045593857294295
98,2017Q3,4.3757083765086575
98,2017Q4,4.519180771657684
98,2018Q1,4.4716102229299866
98,2018Q2,4.260623179730265
98,2018Q3,3.7122267918951675
98,2018Q4,4.157343451772714
98,2019Q1,4.386541335420229
98,2019Q2,4.406015489670241
98,2019Q3,4.26939559745126
98,2019Q4,4.267670248004768
98,2020Q1,3.6322843479494713
98,2020Q2,-18.09192291815331
98,2020Q3,-4.954309072947087
98,2020Q4,2.9462457581482795
98,2021Q1,2.6974907137173934
98,2021Q2,2.4937736245001965
98,2021Q3,1.0217400888146861
98,2021Q4,0.9814712127829903
98,2022Q1,3.015937349123959
98,2022Q2,3.3697876849511808
98,2022Q3,-1.2278687915395041
98,2022Q4,2.411461604603906
98,2023Q1,3.1708991767217576
98,2023Q2,3.565370430702304
98,2023Q3,2.950467542135521
98,2023Q4,1.4187003566758114
99,1980Q1,-1.0593545007511134
99,1980Q2,-0.7549317635743584
99,1980Q3,3.7367906937777993
99,1980Q4,3.6059320897162332
99,1981Q1,3.002367244772305
99,1981Q2,3.6551859230127213
99,1981Q3,2.0834894173453313
99,1981Q4,4.4626949766968576
99,1982Q1,2.9146421855839804
99,1982Q2,3.392612563375694
99,1982Q3,1.6122931636163154
99,1982Q4,-5.724883960135443
99,1983Q1,1.0554085798635184
99,1983Q2,4.430111289098464
99,1983Q3,3.1964189427878407
99,1983Q4,1.384258042260067
99,1984Q1,2.0755858978892925
99,1984Q2,3.222373062617937
99,1984Q3,4.335294423361805
99,1984Q4,3.3771881834932307
99,1985Q1,1.5775752906903393
99,1985Q2,0.9116375489440287
99,1985Q3,2.785341200760234
99,1985Q4,4.458559521300928
99,1986Q1,3.7918285530060603
99,1986Q2,2.593504164129592
99,1986Q3,2.804158980218584
99,1986Q4,3.5773994778768867
99,1987Q1,4.1160420476387785
99,1987Q2,2.772931015890598
99,1987Q3,2.9608516609977498
99,1987Q4,3.1112901381972415
99,1988Q1,4.476512063541906
99,1988Q2,4.505931360892109
99,1988Q3,1.9573937464744278
99,1988Q4,4.275692586594563
99,1989Q1,4.320243224337547
99,1989Q2,1.9898651766785855
99,1989Q3,4.2623729059828745
99,1989Q4,3.853325664854903
99,1990Q1,3.4145716665068426
99,1990Q2,2.8390799493774006
99,1990Q3,2.6005812574549383
99,1990Q4,3.0803809820981556
99,1991Q1,-2.067403225427638
99,1991Q2,3.162592235542945
99,1991Q3,3.8825007625846366
99,1991Q4,3.234318803777344
99,1992Q1,2.8016470366557256
99,1992Q2,3.77169360628321
99,1992Q3,4.332020207246889
99,1992Q4,2.089317339066673
99,1993Q1,4.0565178660827765
99,1993Q2,4.209424179734603
99,1993Q3,2.0578155701845704
99,1993Q4,3.9459037467166374
99,1994Q1,3.7831341509872916
99,1994Q2,4.289562267286362
99,1994Q3,4.485218987038961
99,1994Q4,3.0618678683781857
99,1995Q1,1.5100257080582762
99,1995Q2,0.6580580369231908
99,1995Q3,-0.3255266091412894
99,1995Q4,3.6331167121843277
99,1996Q1,3.9651350317349863
99,1996Q2,3.76418035971781
99,1996Q3,-0.9246849840481524
99,1996Q4,2.8110938422709757
99,1997Q1,3.1575399170759413
99,1997Q2,-0.6804603428066232
99,1997Q3,3.8956850690329117
99,1997Q4,1.8082999839590115
99,1998Q1,3.396581301758209
99,1998Q2,3.8945264975133767
99,1998Q3,3.556387599960408
99,1998Q4,3.0194498379253667
99,1999Q1,4.379972642424728
99,1999Q2,4.38343461509307
99,1999Q3,4.4044704842718065
99,1999Q4,3.38611893608463
99,2000Q1,1.7500494304014524
99,2000Q2,3.3831356042534315
99,2000Q3,3.692357299117914
99,2000Q4,3.8295608331809845
99,2001Q1,2.8960472875800516
99,2001Q2,3.7842595455767905
99,2001Q3,4.188257424314314
99,2001Q4,4.150674279094793
99,2002Q1,3.009673040357276
99,2002Q2,3.772596180742715
99,2002Q3,4.4344691997635
99,2002Q4,4.208918307865135
99,2003Q1,4.508311300531961
99,2003Q2,4.4779162703842506
99,2003Q3,3.889867431992701
99,2003Q4,4.170929119694187
99,2004Q1,4.459676358987449
99,2004Q2,4.3845575547882545
99,2004Q3,4.41381183843397
99,2004Q4,3.694026126097192
99,2005Q1,4.399512975867263
99,2005Q2,4.2577913429513226
99,2005Q3,4.292319527044324
99,2005Q4,4.403693953301029
99,2006Q1,4.232655866392731
99,2006Q2,2.9529391012306574
99,2006Q3,4.050069848039056
99,2006Q4,3.9110140990322595
99,2007Q1,3.5891290036587584
99,2007Q2,4.2005016654731895
99,2007Q3,4.203192082970036
99,2007Q4,4.214748914901286
99,2008Q1,3.3785235206810373
99,2008Q2,3.494780713245437
99,2008Q3,3.333735501534767
99,2008Q4,3.5701461279082602
99,2009Q1,0.5724665253391663
99,2009Q2,1.0299426599372365
99,2009Q3,2.4484026374217236
99,2009Q4,3.3016479747623046
99,2010Q1,4.245219389971487
99,2010Q2,4.019227412172669
99,2010Q3,4.264461829370741
99,2010Q4,4.043422807949339
99,2011Q1,3.40365996327284
99,2011Q2,4.486515789437702
99,2011Q3,3.437132643845725
99,2011Q4,3.5574587992875686
99,2012Q1,3.913495979362873
99,2012Q2,4.4304535931335405
99,2012Q3,3.9089989611476375
99,2012Q4,4.307421697682033
99,2013Q1,4.196940112292836
99,2013Q2,4.391248122727126
99,2013Q3,4.443824243979536
99,2013Q4,4.517718162406962
99,2014Q1,4.48765488314
99,2014Q2,4.442336575752913
99,2014Q3,4.101169187179406
99,2014Q4,4.357062890111525
99,2015Q1,4.0044450483652
99,2015Q2,3.806929282372392
99,2015Q3,4.498675910256186
99,2015Q4,3.8774559670904774
99,2016Q1,4.213158564336617
99,2016Q2,4.466089715916993
99,2016Q3,3.7229298717594084
99,2016Q4,4.510748053938547
99,2017Q1,4.185709239674664
99,2017Q2,4.045595082157162
99,2017Q3,4.375740176090954
99,2017Q4,4.5192340034075915
99,2018Q1,4.47167235482806
99,2018Q2,4.260655201302442
99,2018Q3,3.7122287242721415
99,2018Q4,4.15735430906831
99,2019Q1,4.3865907966867645
99,2019Q2,4.406072124153223
99,2019Q3,4.269418588816525
99,2019Q4,4.267697140525695
99,2020Q1,3.632321813350158
99,2020Q2,-18.09157817596426
99,2020Q3,-4.9550903083384945
99,2020Q4,2.946220368619865
99,2021Q1,2.6976240112363437
99,2021Q2,2.493592055642145
99,2021Q3,1.0215434301118527
99,2021Q4,0.9815784284658307
99,2022Q1,3.0157891733604734
99,2022Q2,3.3695273690051017
99,2022Q3,-1.2286875121908913
99,2022Q4,2.4110791156382048
99,2023Q1,3.170697835851079
99,2023Q2,3.565297075088939
99,2023Q3,2.9504656148615593
99,2023Q4,1.41856761475088
100,1980Q1,-1.0589250498371339
100,1980Q2,-0.7553708104875891
100,1980Q3,3.736863339255412
100,1980Q4,3.605963468311511
100,1981Q1,3.002446651575773
100,1981Q2,3.655284895372532
100,1981Q3,2.0834580687524653
100,1981Q4,4.462671966967765
100,1982Q1,2.9146552767204774
100,1982Q2,3.392615215860899
100,1982Q3,1.6122069156624184
100,1982Q4,-5.725179472850108
100,1983Q1,1.0556894908786263
100,1983Q2,4.430179998441317
100,1983Q3,3.1963174382955275
100,1983Q4,1.383902040072249
100,1984Q1,2.075556914890877
100,1984Q2,3.2225124266920684
100,1984Q3,4.335344220837557
100,1984Q4,3.3771411455895732
100,1985Q1,1.5774922706832113
100,1985Q2,0.9118033554544311
100,1985Q3,2.785294211898745
100,1985Q4,4.458586953745069
100,1986Q1,3.7917949976371053
100,1986Q2,2.5933724826985833
100,1986Q3,2.8042175804333063
100,1986Q4,3.577402014965468
100,1987Q1,4.11604706711068
100,1987Q2,2.7730063710622623
100,1987Q3,2.9609397657536665
100,1987Q4,3.111341723377433
100,1988Q1,4.476530074086644
100,1988Q2,4.505960849712742
100,1988Q3,1.957391532486601
100,1988Q4,4.275733109835359
100,1989Q1,4.320269853895969
100,1989Q2,1.9898488167222093
100,1989Q3,4.262428111184046
100,1989Q4,3.8533211024524534
100,1990Q1,3.4145583242178885
100,1990Q2,2.839009250795512
100,1990Q3,2.600582756343838
100,1990Q4,3.0803237342528784
100,1991Q1,-2.0677669626758766
100,1991Q2,3.162883016232034
100,1991Q3,3.882500610739231
100,1991Q4,3.234309393541725
100,1992Q1,2.8017460725430237
100,1992Q2,3.7717404790020543
100,1992Q3,4.332106915230337
100,1992Q4,2.0893994249868744
100,1993Q1,4.05654569107695
100,1993Q2,4.209472493679787
100,1993Q3,2.057950055633593
100,1993Q4,3.945993738769966
100,1994Q1,3.7830918784090137
100,1994Q2,4.289580606392022
100,1994Q3,4.48524936967525
100,1994Q4,3.06183036305724
100,1995Q1,1.509852610096209
100,1995Q2,0.6579118612563009
100,1995Q3,-0.3255527762628825
100,1995Q4,3.6331122674573546
100,1996Q1,3.9651878352491905
100,1996Q2,3.7642272345977172
100,1996Q3,-0.9247474167930196
100,1996Q4,2.8111226620032803
100,1997Q1,3.1576151532281584
100,1997Q2,-0.6804248143490383
100,1997Q3,3.8957093612048808
100,1997Q4,1.808470606065519
100,1998Q1,3.396659440535312
100,1998Q2,3.894489674138681
100,1998Q3,3.5564047619134347
100,1998Q4,3.019426545464781
100,1999Q1,4.380006658993451
100,1999Q2,4.3834671285543925
100,1999Q3,4.404472019490502
100,1999Q4,3.386171576900465
100,2000Q1,1.7498556052130407
100,2000Q2,3.3831446187633487
100,2000Q3,3.6923493091306554
100,2000Q4,3.8295109036444197
100,2001Q1,2.8961557397021935
100,2001Q2,3.7842889938943247
100,2001Q3,4.1882762284170045
100,2001Q4,4.150702860705633
100,2002Q1,3.0096957180748545
100,2002Q2,3.7727110421655516
100,2002Q3,4.434513336616221
100,2002Q4,4.208993143476409
100,2003Q1,4.508348530297917
100,2003Q2,4.477947434220326
100,2003Q3,3.8898880781237097
100,2003Q4,4.170970946255368
100,2004Q1,4.459696034409032
100,2004Q2,4.384575280740104
100,2004Q3,4.413866866453084
100,2004Q4,3.694059070255381
100,2005Q1,4.3995612204110355
100,2005Q2,4.257832066048688
100,2005Q3,4.292381275585303
100,2005Q4,4.403737386442794
100,2006Q1,4.232702987492897
100,2006Q2,2.9529954521744948
100,2006Q3,4.050134891336449
100,2006Q4,3.9111044923088114
100,2007Q1,3.5892091472492966
100,2007Q2,4.200565733476982
100,2007Q3,4.20326201958065
100,2007Q4,4.214718551469619
100,2008Q1,3.3784852709224764
100,2008Q2,3.494734826633753
100,2008Q3,3.3336969962119483
100,2008Q4,3.570114919645908
100,2009Q1,0.572457198611978
100,2009Q2,1.029838466857734
100,2009Q3,2.4484059064291808
100,2009Q4,3.3016715160681773
100,2010Q1,4.245233437524285
100,2010Q2,4.0192596076215406
100,2010Q3,4.264471672700943
100,2010Q4,4.04342981969292
100,2011Q1,3.4036819407494594
100,2011Q2,4.486559970914532
100,2011Q3,3.437206793336535
100,2011Q4,3.557457378375139
100,2012Q1,3.9135023954037504
100,2012Q2,4.430482158747845
100,2012Q3,3.909040056543403
100,2012Q4,4.307438318415216
100,2013Q1,4.196981083649847
100,2013Q2,4.391282370333634
100,2013Q3,4.443863229324176
100,2013Q4,4.5177529021733305
100,2014Q1,4.487674709506947
100,2014Q2,4.442373400879185
100,2014Q3,4.101169382248205
100,2014Q4,4.357097789016957
100,2015Q1,4.004437462680838
100,2015Q2,3.806940391103036
100,2015Q3,4.498714768031585
100,2015Q4,3.8774419232351494
100,2016Q1,4.2131573000289055
100,2016Q2,4.4661114359905305
100,2016Q3,3.7229465019715295
100,2016Q4,4.510785501509308
100,2017Q1,4.185747626372632
100,2017Q2,4.045586210242785
100,2017Q3,4.375765388185171
100,2017Q4,4.519265551255117
100,2018Q1,4.471711205876162
100,2018Q2,4.260668388532369
100,2018Q3,3.7122334104501267
100,2018Q4,4.157364422271514
100,2019Q1,4.386610174340228
100,2019Q2,4.406101154818278
100,2019Q3,4.26943642097124
100,2019Q4,4.267711971225321
100,2020Q1,3.632364589776656
100,2020Q2,-18.092181045799492
100,2020Q3,-4.95584653742365
100,2020Q4,2.9459767100767964
100,2021Q1,2.6975503686038493
100,2021Q2,2.493488006121964
100,2021Q3,1.021356438810995
100,2021Q4,0.9817528111861069
100,2022Q1,3.0156334693934426
100,2022Q2,3.369394853919237
100,2022Q3,-1.2289191461554605
100,2022Q4,2.410952582186863
100,2023Q1,3.1707008485834107
100,2023Q2,3.5652973296829806
100,2023Q3,2.9504773099486936
100,2023Q4,1.4185036903374808
101,1980Q1,-1.0586509540021938
101,1980Q2,-0.755697585165441
101,1980Q3,3.7368945712314354
101,1980Q4,3.605944311575685
101,1981Q1,3.0024994173770243
101,1981Q2,3.6553692618984206
101,1981Q3,2.083407063008834
101,1981Q4,4.462634667834463
101,1982Q1,2.914767866231435
101,1982Q2,3.3925381758401514
101,1982Q3,1.612030168695926
101,1982Q4,-5.725698566858755
101,1983Q1,1.0557492212645956
101,1983Q2,4.430178083871944
101,1983Q3,3.196411381546026
101,1983Q4,1.3842258620934471
101,1984Q1,2.0753219000393694
101,1984Q2,3.222692063445248
101,1984Q3,4.335344331725091
101,1984Q4,3.376928643036387
101,1985Q1,1.5775393934940158
101,1985Q2,0.9119117764441129
101,1985Q3,2.785336397729638
101,1985Q4,4.458567031259991
101,1986Q1,3.791746830819457
101,1986Q2,2.5932535696022327
101,1986Q3,2.8042839090968075
101,1986Q4,3.5773979664625646
101,1987Q1,4.116000292723946
101,1987Q2,2.773089384975119
101,1987Q3,2.9609736570752005
101,1987Q4,3.111354133786103
101,1988Q1,4.476530565076308
101,1988Q2,4.505958844876739
101,1988Q3,1.957329234611069
101,1988Q4,4.275749474904179
101,1989Q1,4.320219344430202
101,1989Q2,1.9897880302674475
101,1989Q3,4.262491429359143
101,1989Q4,3.8533506181618913
101,1990Q1,3.414589445506265
101,1990Q2,2.8390115502315134
101,1990Q3,2.6006770594525586
101,1990Q4,3.0803892512217192
101,1991Q1,-2.0682769243351373
101,1991Q2,3.163153504299655
101,1991Q3,3.882554696272305
101,1991Q4,3.233997085338809
101,1992Q1,2.8019506269385577
101,1992Q2,3.7715275158782577
101,1992Q3,4.3321780043804266
101,1992Q4,2.089364737236086
101,1993Q1,4.056583966187937
101,1993Q2,4.209396239433526
101,1993Q3,2.0582044681145075
101,1993Q4,3.946181215643529
101,1994Q1,3.7831886484411346
101,1994Q2,4.289623930567848
101,1994Q3,4.485244137742745
101,1994Q4,3.0619304262971183
101,1995Q1,1.5099203821177158
101,1995Q2,0.6580384887526467
101,1995Q3,-0.32535718352280085
101,1995Q4,3.633171697812722
101,1996Q1,3.9651769800289927
101,1996Q2,3.7642793766370954
101,1996Q3,-0.9245900528756685
101,1996Q4,2.8111534205002258
101,1997Q1,3.1576655595972243
101,1997Q2,-0.680440468108725
101,1997Q3,3.895701981224565
101,1997Q4,1.8086121195337483
101,1998Q1,3.396696472469503
101,1998Q2,3.894517361175238
101,1998Q3,3.556373810839994
101,1998Q4,3.0194066176980976
101,1999Q1,4.380006883708127
101,1999Q2,4.3834585079946775
101,1999Q3,4.404479149389457
101,1999Q4,3.3860446449570665
101,2000Q1,1.7498460348884146
101,2000Q2,3.382969976755175
101,2000Q3,3.6923244850183807
101,2000Q4,3.8296193624818384
101,2001Q1,2.8963256938949424
101,2001Q2,3.7843256086495924
101,2001Q3,4.188218310583743
101,2001Q4,4.150671041126737
101,2002Q1,3.009625775661645
101,2002Q2,3.772714502421513
101,2002Q3,4.434541324505901
101,2002Q4,4.208986505420148
101,2003Q1,4.5083384126456885
101,2003Q2,4.477969735442996
101,2003Q3,3.889765257644399
101,2003Q4,4.170894569783167
101,2004Q1,4.459668593651679
101,2004Q2,4.384521336951379
101,2004Q3,4.413852842741944
101,2004Q4,3.6939445757284184
101,2005Q1,4.3996198021668675
101,2005Q2,4.257810934304832
101,2005Q3,4.292345382477202
101,2005Q4,4.403766900143157
101,2006Q1,4.232708144358302
101,2006Q2,2.95298279307755
101,2006Q3,4.05007997689292
101,2006Q4,3.911104314231216
101,2007Q1,3.589242302153335
101,2007Q2,4.200539093828452
101,2007Q3,4.203283482457001
101,2007Q4,4.214652084570542
101,2008Q1,3.378280587494771
101,2008Q2,3.494698069364855
101,2008Q3,3.3335196056679726
101,2008Q4,3.570240234874703
101,2009Q1,0.5725762195456023
101,2009Q2,1.03004306634806
101,2009Q3,2.448532175363217
101,2009Q4,3.301757207989178
101,2010Q1,4.245224697227185
101,2010Q2,4.019250078181397
101,2010Q3,4.264464605563396
101,2010Q4,4.043474739695716
101,2011Q1,3.4037075298644783
101,2011Q2,4.4865795503700525
101,2011Q3,3.4372231055160327
101,2011Q4,3.5574059759867507
101,2012Q1,3.91355255352966
101,2012Q2,4.430487724022869
101,2012Q3,3.9091057727138114
101,2012Q4,4.307458542156502
101,2013Q1,4.196978894651028
101,2013Q2,4.391292489521825
101,2013Q3,4.4438623529135235
101,2013Q4,4.51775051241652
101,2014Q1,4.4876819928726155
101,2014Q2,4.442359717749271
101,2014Q3,4.101147505052415
101,2014Q4,4.357106020023595
101,2015Q1,4.00446857651391
101,2015Q2,3.8069289219206377
101,2015Q3,4.498715785774935
101,2015Q4,3.87745618675688
101,2016Q1,4.213158755733644
101,2016Q2,4.466106295825199
101,2016Q3,3.722949860282374
101,2016Q4,4.510786447216832
101,2017Q1,4.1857599835287695
101,2017Q2,4.045576510074461
101,2017Q3,4.375769175325448
101,2017Q4,4.5192625252207455
101,2018Q1,4.4717130393022035
101,2018Q2,4.260666800742587
101,2018Q3,3.712225842934817
101,2018Q4,4.157363597958475
101,2019Q1,4.386609191496962
101,2019Q2,4.406102983716537
101,2019Q3,4.269435916895219
101,2019Q4,4.267707078240074
101,2020Q1,3.6323309325642947
101,2020Q2,-18.092412733387516
101,2020Q3,-4.956070145292763
101,2020Q4,2.946084741371199
101,2021Q1,2.6977175978080856
101,2021Q2,2.4934083853010516
101,2021Q3,1.0213378619911881
101,2021Q4,0.981763787151448
101,2022Q1,3.015459497920451
101,2022Q2,3.369282124143253
101,2022Q3,-1.2291328573087839
101,2022Q4,2.410862079763884
101,2023Q1,3.1706728354137437
101,2023Q2,3.5652268957348348
101,2023Q3,2.950613666603767
101,2023Q4,1.4186889637366926
102,1980Q1,-1.0582689182335896
102,1980Q2,-0.7559539626859113
102,1980Q3,3.7369516266985694
102,1980Q4,3.6059452044186644
102,1981Q1,3.0025843290409746
102,1981Q2,3.6553861377282364
102,1981Q3,2.0833652848384685
102,1981Q4,4.462551781620821
102,1982Q1,2.9146700329852058
102,1982Q2,3.3926667922475224
102,1982Q3,1.6119261398984155
102,1982Q4,-5.7259835556826015
102,1983Q1,1.0561957436863492
102,1983Q2,4.430211823311808
102,1983Q3,3.1961899843018085
102,1983Q4,1.3837792068212837
102,1984Q1,2.0753214828070403
102,1984Q2,3.2227840265497494
102,1984Q3,4.335353093963025
102,1984Q4,3.37700338071316
102,1985Q1,1.5772762658958026
102,1985Q2,0.9121859353557147
102,1985Q3,2.785227428066301
102,1985Q4,4.45856265232658
102,1986Q1,3.7916892581928106
102,1986Q2,2.593102744543362
102,1986Q3,2.804319055057319
102,1986Q4,3.5774050919552463
102,1987Q1,4.115966481660558
102,1987Q2,2.7731187267114015
102,1987Q3,2.9610182114947703
102,1987Q4,3.1114087939130934
102,1988Q1,4.476501576134254
102,1988Q2,4.505947371522639
102,1988Q3,1.9573794776792468
102,1988Q4,4.275733105942204
102,1989Q1,4.320210881222943
102,1989Q2,1.9897531264072335
102,1989Q3,4.262515159318341
102,1989Q4,3.8533024807007026
102,1990Q1,3.414504258324757
102,1990Q2,2.838885490756539
102,1990Q3,2.6006055561065624
102,1990Q4,3.080173288625302
102,1991Q1,-2.068430335923048
102,1991Q2,3.16344091039727
102,1991Q3,3.882489651366935
102,1991Q4,3.234072237744898
102,1992Q1,2.8019647599777704
102,1992Q2,3.771627184617048
102,1992Q3,4.332204542396316
102,1992Q4,2.0894579521644
102,1993Q1,4.056537940865165
102,1993Q2,4.20942125639835
102,1993Q3,2.058424384392019
102,1993Q4,3.94624188328554
102,1994Q1,3.7830662764571525
102,1994Q2,4.289587111308447
102,1994Q3,4.485242772444213
102,1994Q4,3.0618759058432143
102,1995Q1,1.5098202798521498
102,1995Q2,0.6581464851295253
102,1995Q3,-0.3251382209818674
102,1995Q4,3.6332350687151838
102,1996Q1,3.9651512590626634
102,1996Q2,3.7643096847548354
102,1996Q3,-0.9242594714498527
102,1996Q4,2.8112915923930117
102,1997Q1,3.157857805667498
102,1997Q2,-0.6802764946211513
102,1997Q3,3.895717616684105
102,1997Q4,1.8090032016062567
102,1998Q1,3.396844963047565
102,1998Q2,3.8944331740202403
102,1998Q3,3.5563800053328567
102,1998Q4,3.019482681418345
102,1999Q1,4.380027848724409
102,1999Q2,4.3834571846652715
102,1999Q3,4.404417032134761
102,1999Q4,3.3860951854947716
102,2000Q1,1.7498161443701772
102,2000Q2,3.3830179990590765
102,2000Q3,3.6923770851114828
102,2000Q4,3.8295050098853665
102,2001Q1,2.896420445905374
102,2001Q2,3.7843043094613935
102,2001Q3,4.1882076483325825
102,2001Q4,4.150672214001291
102,2002Q1,3.0096296996862537
102,2002Q2,3.7727799946478204
102,2002Q3,4.434537433601117
102,2002Q4,4.209026179625503
102,2003Q1,4.5083360631234735
102,2003Q2,4.477954012238786
102,2003Q3,3.8897856981552437
102,2003Q4,4.170912473701759
102,2004Q1,4.4596609323661305
102,2004Q2,4.38451360180603
102,2004Q3,4.413871190127733
102,2004Q4,3.693980846218262
102,2005Q1,4.399600952507688
102,2005Q2,4.2578279380984805
102,2005Q3,4.292371719583145
102,2005Q4,4.403750207967338
102,2006Q1,4.2327225585057535
102,2006Q2,2.953053065677655
102,2006Q3,4.050109961217485
102,2006Q4,3.9111399629423595
102,2007Q1,3.5892729875873597
102,2007Q2,4.200566220103311
102,2007Q3,4.203311477917888
102,2007Q4,4.214607194594235
102,2008Q1,3.3783046504269936
102,2008Q2,3.494737006519693
102,2008Q3,3.333600241221979
102,2008Q4,3.570110847166396
102,2009Q1,0.5724806012485053
102,2009Q2,1.030045583778501
102,2009Q3,2.4485081424919395
102,2009Q4,3.3017910079798884
102,2010Q1,4.24521877683467
102,2010Q2,4.019287670788087
102,2010Q3,4.264453286848206
102,2010Q4,4.043456605253289
102,2011Q1,3.403745391593829
102,2011Q2,4.48657964205391
102,2011Q3,3.4372459672902904
102,2011Q4,3.5574261420052595
102,2012Q1,3.9135086353551385
102,2012Q2,4.430468023989455
102,2012Q3,3.9091338562266698
102,2012Q4,4.307437754693257
102,2013Q1,4.197005173680696
102,2013Q2,4.391289040107068
102,2013Q3,4.4438625283609845
102,2013Q4,4.517740100034623
102,2014Q1,4.4876521105311395
102,2014Q2,4.442359887898368
102,2014Q3,4.101107644269761
102,2014Q4,4.357103526703601
102,2015Q1,4.004448936842382
102,2015Q2,3.8069432235189407
102,2015Q3,4.498702543896376
102,2015Q4,3.8774172716055433
102,2016Q1,4.213120061770168
102,2016Q2,4.466094084231443
102,2016Q3,3.722983966456513
102,2016Q4,4.510773389164025
102,2017Q1,4.18576925986117
102,2017Q2,4.045544454727898
102,2017Q3,4.375771638344917
102,2017Q4,4.519250204952903
102,2018Q1,4.471703036383394
102,2018Q2,4.2606423290767514
102,2018Q3,3.712220588765725
102,2018Q4,4.157359373918902
102,2019Q1,4.386578505491436
102,2019Q2,4.4060868713575685
102,2019Q3,4.2694298566432
102,2019Q4,4.26769218388324
102,2020Q1,3.6323599418932955
102,2020Q2,-18.093289750119055
102,2020Q3,-4.956792578999329
102,2020Q4,2.945713173439991
102,2021Q1,2.697501180566493
102,2021Q2,2.493397746383013
102,2021Q3,1.0211976079846177
102,2021Q4,0.9819387086540026
102,2022Q1,3.0153604491587833
102,2022Q2,3.369302194305388
102,2022Q3,-1.2286725594978085
102,2022Q4,2.4110560563161734
102,2023Q1,3.1708981167123027
102,2023Q2,3.565298485558367
102,2023Q3,2.9506402166684484
102,2023Q4,1.4187292928477166
103,1980Q1,-1.0582204093731917
103,1980Q2,-0.7559934882183024
103,1980Q3,3.7369423621631275
103,1980Q4,3.605916655911579
103,1981Q1,3.002582281101774
103,1981Q2,3.6554126719046196
103,1981Q3,2.0833190164994315
103,1981Q4,4.462481119270675
103,1982Q1,2.9146566249810038
103,1982Q2,3.3927057338554296
103,1982Q3,1.6119137132547534
103,1982Q4,-5.725897620409288
103,1983Q1,1.0564699689658155
103,1983Q2,4.43020746470424
103,1983Q3,3.196123208015294
103,1983Q4,1.3836693579860104
103,1984Q1,2.075354796862445
103,1984Q2,3.222814563845297
103,1984Q3,4.335330531613413
103,1984Q4,3.3770033716649057
103,1985Q1,1.5772049401720394
103,1985Q2,0.9123141683889204
103,1985Q3,2.7851998099723043
103,1985Q4,4.45852153792639
103,1986Q1,3.791645247895724
103,1986Q2,2.5930160983867636
103,1986Q3,2.804373387261624
103,1986Q4,3.577366510794142
103,1987Q1,4.115925087775869
103,1987Q2,2.773099314483277
103,1987Q3,2.9610394685989254
103,1987Q4,3.1114208264142347
103,1988Q1,4.476446880248372
103,1988Q2,4.505905425432284
103,1988Q3,1.9573746512450318
103,1988Q4,4.275688063530766
103,1989Q1,4.32017871294416
103,1989Q2,1.9897638592300981
103,1989Q3,4.262506016470075
103,1989Q4,3.853246666144182
103,1990Q1,3.4144490906667797
103,1990Q2,2.8388623538973876
103,1990Q3,2.6005951089626027
103,1990Q4,3.0801129570715484
103,1991Q1,-2.0683580763019176
103,1991Q2,3.163615250258492
103,1991Q3,3.8824579343780083
103,1991Q4,3.234096033460794
103,1992Q1,2.8020401584155135
103,1992Q2,3.771639732583753
103,1992Q3,4.332194059222938
103,1992Q4,2.089441869876545
103,1993Q1,4.056488432359386
103,1993Q2,4.209400095442964
103,1993Q3,2.0586218205868203
103,1993Q4,3.946270359399043
103,1994Q1,3.7830081115245626
103,1994Q2,4.289553228016617
103,1994Q3,4.485211123733095
103,1994Q4,3.061875513138544
103,1995Q1,1.5098184386529612
103,1995Q2,0.6582794815771362
103,1995Q3,-0.3249202895906791
103,1995Q4,3.6332523258026033
103,1996Q1,3.965115071304701
103,1996Q2,3.764343272937138
103,1996Q3,-0.9238636300097021
103,1996Q4,2.811418878240877
103,1997Q1,3.1579834406930334
103,1997Q2,-0.6801095834450033
103,1997Q3,3.8957240017452675
103,1997Q4,1.8092774619675827
103,1998Q1,3.396927492427089
103,1998Q2,3.8943897393086933
103,1998Q3,3.55636967665692
103,1998Q4,3.0195488656153726
103,1999Q1,4.380009859031041
103,1999Q2,4.383418832513732
103,1999Q3,4.404357246878945
103,1999Q4,3.386096556773258
103,2000Q1,1.7498702033299613
103,2000Q2,3.383014439037269
103,2000Q3,3.6923665595597983
103,2000Q4,3.8294416413426697
103,2001Q1,2.896485297720453
103,2001Q2,3.78426158877375
103,2001Q3,4.188175970682781
103,2001Q4,4.150643179294454
103,2002Q1,3.009618747760689
103,2002Q2,3.772776490755792
103,2002Q3,4.434510685250661
103,2002Q4,4.209023605054775
103,2003Q1,4.508300289960967
103,2003Q2,4.477915734256502
103,2003Q3,3.889767692387131
103,2003Q4,4.1708943259684945
103,2004Q1,4.4596198344116
103,2004Q2,4.384471784171608
103,2004Q3,4.413852164153794
103,2004Q4,3.6939742030043283
103,2005Q1,4.399566968476007
103,2005Q2,4.257801526479025
103,2005Q3,4.2923542550717535
103,2005Q4,4.403713236790094
103,2006Q1,4.232695265080053
103,2006Q2,2.9530715851235323
103,2006Q3,4.050096535303337
103,2006Q4,3.9111249827054815
103,2007Q1,3.5892702014261637
103,2007Q2,4.2005541891639036
103,2007Q3,4.203300488982746
103,2007Q4,4.214561126246326
103,2008Q1,3.378294790143446
103,2008Q2,3.494759023498855
103,2008Q3,3.3336284907489366
103,2008Q4,3.570049072756248
103,2009Q1,0.572421191188162
103,2009Q2,1.0301393173746982
103,2009Q3,2.448521506999064
103,2009Q4,3.3018151637992466
103,2010Q1,4.245191758231876
103,2010Q2,4.019283539214037
103,2010Q3,4.2644206328307135
103,2010Q4,4.043438995424031
103,2011Q1,3.4037397038021893
103,2011Q2,4.486544187597363
103,2011Q3,3.4372134619634913
103,2011Q4,3.5574297738950307
103,2012Q1,3.913480645521503
103,2012Q2,4.4304284661406665
103,2012Q3,3.909133807016434
103,2012Q4,4.307400802138956
103,2013Q1,4.197002203807939
103,2013Q2,4.391257950997889
103,2013Q3,4.443831680058254
103,2013Q4,4.517701303274479
103,2014Q1,4.487603732928695
103,2014Q2,4.442330494758164
103,2014Q3,4.1010675023850895
103,2014Q4,4.35706998609508
103,2015Q1,4.004419708379783
103,2015Q2,3.8069246747116883
103,2015Q3,4.49865951723531
103,2015Q4,3.8773752543520215
103,2016Q1,4.213078917508547
103,2016Q2,4.466056636421205
103,2016Q3,3.722977025984775
103,2016Q4,4.510732775694228
103,2017Q1,4.1857533561838025
103,2017Q2,4.045501167579355
103,2017Q3,4.375749374546122
103,2017Q4,4.519211879163539
103,2018Q1,4.471664873337544
103,2018Q2,4.260598102799706
103,2018Q3,3.7121890990917077
103,2018Q4,4.157331399673031
103,2019Q1,4.386534245430335
103,2019Q2,4.406050593927939
103,2019Q3,4.269397638103804
103,2019Q4,4.267654819832304
103,2020Q1,3.6323538663463055
103,2020Q2,-18.093275618472138
103,2020Q3,-4.9571689931429574
103,2020Q4,2.9455988029087097
103,2021Q1,2.697448087370177
103,2021Q2,2.493381930040987
103,2021Q3,1.0211053494000155
103,2021Q4,0.981985006186195
103,2022Q1,3.0153423585352046
103,2022Q2,3.3693274947091343
103,2022Q3,-1.2282817925520728
103,2022Q4,2.4112319526523978
103,2023Q1,3.1710274962249825
103,2023Q2,3.5653228790566955
103,2023Q3,2.9507070215718505
103,2023Q4,1.4188653899752297
104,1980Q1,-1.0586120643845156
104,1980Q2,-0.7562704119799681
104,1980Q3,3.7368770711547397
104,1980Q4,3.6058703204392497
104,1981Q1,3.0025362367208652
104,1981Q2,3.655431490085748
104,1981Q3,2.083248819967251
104,1981Q4,4.462457372895652
104,1982Q1,2.9147131961464288
104,1982Q2,3.392718285550597
104,1982Q3,1.6119886031123736
104,1982Q4,-5.725563733200438
104,1983Q1,1.056678481669492
104,1983Q2,4.4302093106967355
104,1983Q3,3.1960474272185895
104,1983Q4,1.3837107104757038
104,1984Q1,2.075289903159723
104,1984Q2,3.222856264305259
104,1984Q3,4.3353148378348365
104,1984Q4,3.3769498933026307
104,1985Q1,1.5771786519299913
104,1985Q2,0.9123051057121732
104,1985Q3,2.785287453878699
104,1985Q4,4.458481811662112
104,1986Q1,3.791637883359557
104,1986Q2,2.5930411230454102
104,1986Q3,2.8044669981739667
104,1986Q4,3.5772774853706197
104,1987Q1,4.115916043248472
104,1987Q2,2.773032205205367
104,1987Q3,2.9610473853456174
104,1987Q4,3.1114292778212667
104,1988Q1,4.4764216486004935
104,1988Q2,4.505892492554567
104,1988Q3,1.957381280044951
104,1988Q4,4.275648762335243
104,1989Q1,4.320179269065801
104,1989Q2,1.9897816521035825
104,1989Q3,4.262484485535319
104,1989Q4,3.853234567126424
104,1990Q1,3.414405538980535
104,1990Q2,2.8389121128965407
104,1990Q3,2.6006493461297966
104,1990Q4,3.080221250829324
104,1991Q1,-2.068175876179934
104,1991Q2,3.163758247350456
104,1991Q3,3.8824298677778777
104,1991Q4,3.2341026321498365
104,1992Q1,2.802174178247607
104,1992Q2,3.771646096863962
104,1992Q3,4.332205385478699
104,1992Q4,2.0893806194745146
104,1993Q1,4.056459412582521
104,1993Q2,4.2093861710347005
104,1993Q3,2.058745068335475
104,1993Q4,3.9462825753189623
104,1994Q1,3.7830074997929595
104,1994Q2,4.289572588896484
104,1994Q3,4.485210022579687
104,1994Q4,3.0619145581333784
104,1995Q1,1.509873989736187
104,1995Q2,0.6583911529570718
104,1995Q3,-0.32488400577461096
104,1995Q4,3.63324776446234
104,1996Q1,3.965080725035837
104,1996Q2,3.76437993702314
104,1996Q3,-0.9236175576192291
104,1996Q4,2.8114958851378735
104,1997Q1,3.1580406862264696
104,1997Q2,-0.680064057938794
104,1997Q3,3.895732266300162
104,1997Q4,1.8094352828184492
104,1998Q1,3.396979577857837
104,1998Q2,3.8943734152270983
104,1998Q3,3.5563393567220642
104,1998Q4,3.0195999823355466
104,1999Q1,4.380005871694496
104,1999Q2,4.3834110254279555
104,1999Q3,4.404327178070989
104,1999Q4,3.386060052643722
104,2000Q1,1.7499293575100623
104,2000Q2,3.3830230383843967
104,2000Q3,3.692358510626578
104,2000Q4,3.8294355528174187
104,2001Q1,2.8965309017755656
104,2001Q2,3.784239360253298
104,2001Q3,4.188153918369487
104,2001Q4,4.150629178634858
104,2002Q1,3.009626850344721
104,2002Q2,3.7727520191904964
104,2002Q3,4.434497915063838
104,2002Q4,4.209022544445653
104,2003Q1,4.508290573593758
104,2003Q2,4.477906503055093
104,2003Q3,3.889750926054037
104,2003Q4,4.170890880643359
104,2004Q1,4.459608600106321
104,2004Q2,4.384457604508733
104,2004Q3,4.413850521351139
104,2004Q4,3.6939847744797065
104,2005Q1,4.3995554004791995
104,2005Q2,4.257800213774369
104,2005Q3,4.292338715516199
104,2005Q4,4.40369667656859
104,2006Q1,4.232687499166291
104,2006Q2,2.9530881903022204
104,2006Q3,4.050075288016805
104,2006Q4,3.911105072175175
104,2007Q1,3.5892604145850058
104,2007Q2,4.200567385973266
104,2007Q3,4.203289111597726
104,2007Q4,4.214548001018754
104,2008Q1,3.3782874343896783
104,2008Q2,3.4947725697922785
104,2008Q3,3.333641138798057
104,2008Q4,3.5700520997631457
104,2009Q1,0.5723744331052871
104,2009Q2,1.0302322302572304
104,2009Q3,2.4485036716878934
104,2009Q4,3.301818219939882
104,2010Q1,4.2451902379321655
104,2010Q2,4.019305848404444
104,2010Q3,4.264417241896617
104,2010Q4,4.04344526436317
104,2011Q1,3.4037417301712143
104,2011Q2,4.4865204500525016
104,2011Q3,3.437154899919822
104,2011Q4,3.5574433258958678
104,2012Q1,3.913486582253877
104,2012Q2,4.430411716795919
104,2012Q3,3.9091331158572395
104,2012Q4,4.307388698769265
104,2013Q1,4.197018969701082
104,2013Q2,4.391252963653557
104,2013Q3,4.443819477384072
104,2013Q4,4.517687515526283
104,2014Q1,4.487583492831436
104,2014Q2,4.442322512662369
104,2014Q3,4.101063048991226
104,2014Q4,4.35705729037232
104,2015Q1,4.004401106967471
104,2015Q2,3.806915928385872
104,2015Q3,4.498637083161642
104,2015Q4,3.877364871504306
104,2016Q1,4.213069755198632
104,2016Q2,4.466044812223307
104,2016Q3,3.722979128721398
104,2016Q4,4.510714649054788
104,2017Q1,4.185766319495298
104,2017Q2,4.045482807249283
104,2017Q3,4.375752718562434
104,2017Q4,4.519197574760419
104,2018Q1,4.471646286508023
104,2018Q2,4.260582070726226
104,2018Q3,3.7121820929528884
104,2018Q4,4.157334222408437
104,2019Q1,4.386521356379944
104,2019Q2,4.406042626050102
104,2019Q3,4.269386724150418
104,2019Q4,4.26764138219488
104,2020Q1,3.6323536110006125
104,2020Q2,-18.093433431076022
104,2020Q3,-4.958198311913536
104,2020Q4,2.945560413586419
104,2021Q1,2.697549797341135
104,2021Q2,2.49339796813286
104,2021Q3,1.0210140417215299
104,2021Q4,0.9817541386788262
104,2022Q1,3.0153992839760937
104,2022Q2,3.369350867656988
104,2022Q3,-1.228010179123249
104,2022Q4,2.4113581669558766
104,2023Q1,3.1711289025189178
104,2023Q2,3.565361468293972
104,2023Q3,2.9507832614402503
104,2023Q4,1.4189829224511388
105,1980Q1,-1.0587891280751727
105,1980Q2,-0.7560862782621118
105,1980Q3,3.736810129482973
105,1980Q4,3.605866815810848
105,1981Q1,3.002475762373078
105,1981Q2,3.6553406634358967
105,1981Q3,2.0832393578656676
105,1981Q4,4.462431019952044
105,1982Q1,2.914634721842619
105,1982Q2,3.3927248971387183
105,1982Q3,1.612096896915606
105,1982Q4,-5.725331744035747
105,1983Q1,1.0568664142002104
105,1983Q2,4.430210180087977
105,1983Q3,3.1961317846311452
105,1983Q4,1.3839267068426966
105,1984Q1,2.0751699651199007
105,1984Q2,3.2228126768883785
105,1984Q3,4.335306913782795
105,1984Q4,3.3769298181711864
105,1985Q1,1.5770992683149938
105,1985Q2,0.9123899254433563
105,1985Q3,2.7853395281281923
105,1985Q4,4.458438262222313
105,1986Q1,3.7916430991280903
105,1986Q2,2.5929762843850535
105,1986Q3,2.8044530483062546
105,1986Q4,3.577247466687375
105,1987Q1,4.115860505765374
105,1987Q2,2.7730157931156767
105,1987Q3,2.9610318989726636
105,1987Q4,3.1114691791961695
105,1988Q1,4.4763723479458095
105,1988Q2,4.505848927573803
105,1988Q3,1.957340704866446
105,1988Q4,4.2756168525795895
105,1989Q1,4.320154373354759
105,1989Q2,1.9897729012845669
105,1989Q3,4.26244891203705
105,1989Q4,3.8531814870075074
105,1990Q1,3.4143973761313404
105,1990Q2,2.8388466835313046
105,1990Q3,2.60072044489913
105,1990Q4,3.080134161408676
105,1991Q1,-2.0681376532511555
105,1991Q2,3.163781713618003
105,1991Q3,3.8824915614127504
105,1991Q4,3.2340740652659106
105,1992Q1,2.802110264351714
105,1992Q2,3.7716064445620834
105,1992Q3,4.3321433592413445
105,1992Q4,2.0893019435880693
105,1993Q1,4.056410384440404
105,1993Q2,4.209352776394596
105,1993Q3,2.058771464100855
105,1993Q4,3.946259900466905
105,1994Q1,3.783023285787298
105,1994Q2,4.289563920469714
105,1994Q3,4.485174160456466
105,1994Q4,3.061892648245159
105,1995Q1,1.5098301956143243
105,1995Q2,0.6584509755131989
105,1995Q3,-0.32477078277684424
105,1995Q4,3.6332595482177186
105,1996Q1,3.9650374666126447
105,1996Q2,3.764386335363262
105,1996Q3,-0.9234592248081936
105,1996Q4,2.811546122031585
105,1997Q1,3.15807777343033
105,1997Q2,-0.6800040207226523
105,1997Q3,3.895725688114005
105,1997Q4,1.8095149939076243
105,1998Q1,3.3969641562444552
105,1998Q2,3.894361743286449
105,1998Q3,3.556354154362304
105,1998Q4,3.0196735516972852
105,1999Q1,4.379991965261676
105,1999Q2,4.383360042228436
105,1999Q3,4.404299236967268
105,1999Q4,3.3860674983530408
105,2000Q1,1.7499575039695996
105,2000Q2,3.383020860099746
105,2000Q3,3.692339373516356
105,2000Q4,3.8294400969618945
105,2001Q1,2.896471128637546
105,2001Q2,3.784187185484771
105,2001Q3,4.188123829098042
105,2001Q4,4.15060149319622
105,2002Q1,3.009640140406348
105,2002Q2,3.772729135200551
105,2002Q3,4.434471526837417
105,2002Q4,4.208996839470168
105,2003Q1,4.508250565292338
105,2003Q2,4.477869108670811
105,2003Q3,3.8897347496821664
105,2003Q4,4.170878537102581
105,2004Q1,4.45957222813509
105,2004Q2,4.384419677419107
105,2004Q3,4.413812604518558
105,2004Q4,3.693966876118119
105,2005Q1,4.399512874845781
105,2005Q2,4.257760451380941
105,2005Q3,4.292302178248371
105,2005Q4,4.403656598901723
105,2006Q1,4.2326504685438175
105,2006Q2,2.9530717728936917
105,2006Q3,4.050053062135588
105,2006Q4,3.911075353071607
105,2007Q1,3.5892421900739557
105,2007Q2,4.200534222923748
105,2007Q3,4.203264398130957
105,2007Q4,4.214527678771946
105,2008Q1,3.3782917380821638
105,2008Q2,3.494807765384987
105,2008Q3,3.333659554772188
105,2008Q4,3.570049589937142
105,2009Q1,0.572315062512549
105,2009Q2,1.0301951759051127
105,2009Q3,2.448540079340868
105,2009Q4,3.3018640130389993
105,2010Q1,4.245178449304227
105,2010Q2,4.01927945126819
105,2010Q3,4.26439700120471
105,2010Q4,4.043423830745875
105,2011Q1,3.4037299015957316
105,2011Q2,4.486481827186124
105,2011Q3,3.437105218172949
105,2011Q4,3.5574306834718987
105,2012Q1,3.913448160664268
105,2012Q2,4.43038101857552
105,2012Q3,3.9091210546349453
105,2012Q4,4.307349189662042
105,2013Q1,4.19699122609264
105,2013Q2,4.391226420440147
105,2013Q3,4.443781320466064
105,2013Q4,4.517648663822523
105,2014Q1,4.487546093144449
105,2014Q2,4.442290151514098
105,2014Q3,4.1010335781871845
105,2014Q4,4.35703121113732
105,2015Q1,4.00439765280298
105,2015Q2,3.8069060073638417
105,2015Q3,4.498595260943623
105,2015Q4,3.8773513093971257
105,2016Q1,4.213037109824427
105,2016Q2,4.466013630495156
105,2016Q3,3.722964507758645
105,2016Q4,4.510676563841272
105,2017Q1,4.185732905466887
105,2017Q2,4.045469823141846
105,2017Q3,4.375724922342243
105,2017Q4,4.519162441251311
105,2018Q1,4.4716093777939445
105,2018Q2,4.260551264244202
105,2018Q3,3.7121612895045857
105,2018Q4,4.157305680299909
105,2019Q1,4.386483938233603
105,2019Q2,4.4060146621608345
105,2019Q3,4.26935876338483
105,2019Q4,4.267620124337452
105,2020Q1,3.6322854049013698
105,2020Q2,-18.092031972435837
105,2020Q3,-4.958158686080404
105,2020Q4,2.9457528937227497
105,2021Q1,2.697686265047076
105,2021Q2,2.493315308014527
105,2021Q3,1.0211046253949454
105,2021Q4,0.9817455935595789
105,2022Q1,3.0154539798519693
105,2022Q2,3.3693317114178196
105,2022Q3,-1.2280519632762257
105,2022Q4,2.4114733144165057
105,2023Q1,3.1711534816599145
105,2023Q2,3.565353130573444
105,2023Q3,2.950794587472374
105,2023Q4,1.4190360181217265
106,1980Q1,-1.0588623926091643
106,1980Q2,-0.7561877125354437
106,1980Q3,3.736815656102091
106,1980Q4,3.6058722720468284
106,1981Q1,3.002467567657793
106,1981Q2,3.6553468009198085
106,1981Q3,2.0832572628339467
106,1981Q4,4.462455737287621
106,1982Q1,2.91465181554881
106,1982Q2,3.392715780658158
106,1982Q3,1.612089514131188
106,1982Q4,-5.725369935163204
106,1983Q1,1.0567868580268254
106,1983Q2,4.430212792797464
106,1983Q3,3.1961212990611427
106,1983Q4,1.3839229717623
106,1984Q1,2.075162076732173
106,1984Q2,3.2228289443035445
106,1984Q3,4.335320124107175
106,1984Q4,3.3769156077067666
106,1985Q1,1.5771400044779749
106,1985Q2,0.912360561408152
106,1985Q3,2.7853777671842583
106,1985Q4,4.45845035407029
106,1986Q1,3.791653364098232
106,1986Q2,2.593015904010902
106,1986Q3,2.8044463217326783
106,1986Q4,3.5772525062325986
106,1987Q1,4.115880831301035
106,1987Q2,2.7730214372915096
106,1987Q3,2.961044628090084
106,1987Q4,3.1114808924790793
106,1988Q1,4.47639144040236
106,1988Q2,4.505866457850743
106,1988Q3,1.957341780289895
106,1988Q4,4.275632127888585
106,1989Q1,4.320171991958012
106,1989Q2,1.9897751954222294
106,1989Q3,4.2624546114073905
106,1989Q4,3.853199569171439
106,1990Q1,3.414411616531647
106,1990Q2,2.8388742227945967
106,1990Q3,2.6007074247669895
106,1990Q4,3.0801862353602045
106,1991Q1,-2.068159256667574
106,1991Q2,3.163741793102867
106,1991Q3,3.8824892195394103
106,1991Q4,3.234068225844576
106,1992Q1,2.8021164335494086
106,1992Q2,3.771609150945671
106,1992Q3,4.332159917906708
106,1992Q4,2.08932420897523
106,1993Q1,4.056423696254209
106,1993Q2,4.209366817672596
106,1993Q3,2.058722539229422
106,1993Q4,3.9462579457509523
106,1994Q1,3.783034737182705
106,1994Q2,4.289578897015715
106,1994Q3,4.48519051895119
106,1994Q4,3.0619038862250125
106,1995Q1,1.509839903437443
106,1995Q2,0.6584161006915461
106,1995Q3,-0.3248419591452265
106,1995Q4,3.6332483350797715
106,1996Q1,3.9650586094019022
106,1996Q2,3.764391111990082
106,1996Q3,-0.9235464042921695
106,1996Q4,2.8115206427920745
106,1997Q1,3.1580535328071626
106,1997Q2,-0.680031505610267
106,1997Q3,3.8957306586658156
106,1997Q4,1.809453436564466
106,1998Q1,3.3969532415834074
106,1998Q2,3.8943779315576603
106,1998Q3,3.5563593594277214
106,1998Q4,3.019652180962046
106,1999Q1,4.380002137084647
106,1999Q2,4.383377100467313
106,1999Q3,4.404319577974378
106,1999Q4,3.3860679128789943
106,2000Q1,1.7499432923769858
106,2000Q2,3.383023040132022
106,2000Q3,3.692339077647416
106,2000Q4,3.829450018259313
106,2001Q1,2.8964728982736783
106,2001Q2,3.784211356177877
106,2001Q3,4.188139392767202
106,2001Q4,4.150619346469659
106,2002Q1,3.0096368459276155
106,2002Q2,3.7727384137389293
106,2002Q3,4.434486595340126
106,2002Q4,4.209009793952864
106,2003Q1,4.508267145911147
106,2003Q2,4.477885205689354
106,2003Q3,3.889741520903437
106,2003Q4,4.1708892133722495
106,2004Q1,4.459588665977148
106,2004Q2,4.384437944518996
106,2004Q3,4.4138276582573575
106,2004Q4,3.693973031133018
106,2005Q1,4.39953105801412
106,2005Q2,4.257774180130202
106,2005Q3,4.292315244635256
106,2005Q4,4.403676184937893
106,2006Q1,4.232661888992507
106,2006Q2,2.953070056225057
106,2006Q3,4.050060595494438
106,2006Q4,3.911090573768294
106,2007Q1,3.5892584714534403
106,2007Q2,4.200548431760518
106,2007Q3,4.203278296397407
106,2007Q4,4.214543985556881
106,2008Q1,3.3782930137041762
106,2008Q2,3.4947960911869593
106,2008Q3,3.333650525379408
106,2008Q4,3.570060706903193
106,2009Q1,0.5723402811177865
106,2009Q2,1.0301987965046777
106,2009Q3,2.4485249567816654
106,2009Q4,3.301850076165647
106,2010Q1,4.245187808003351
106,2010Q2,4.019286362520912
106,2010Q3,4.264410742698985
106,2010Q4,4.043436731258821
106,2011Q1,3.403730866312925
106,2011Q2,4.486497582941185
106,2011Q3,3.4371222496210994
106,2011Q4,3.557439307343263
106,2012Q1,3.913469960210074
106,2012Q2,4.430400249066129
106,2012Q3,3.9091287189568487
106,2012Q4,4.307366384666417
106,2013Q1,4.196998704349035
106,2013Q2,4.391238398761505
106,2013Q3,4.443797104198029
106,2013Q4,4.517666935652036
106,2014Q1,4.4875658198993875
106,2014Q2,4.442304073757721
106,2014Q3,4.101051385354605
106,2014Q4,4.357042535947733
106,2015Q1,4.004405000082455
106,2015Q2,3.8069097660950955
106,2015Q3,4.498613953845945
106,2015Q4,3.8773642314984116
106,2016Q1,4.213056004160386
106,2016Q2,4.466028599557651
106,2016Q3,3.72296644758156
106,2016Q4,4.5106943562673045
106,2017Q1,4.185743098284139
106,2017Q2,4.045481684560802
106,2017Q3,4.375736860113847
106,2017Q4,4.519178903703508
106,2018Q1,4.471627095157862
106,2018Q2,4.260566697134258
106,2018Q3,3.712170464816793
106,2018Q4,4.157318429034947
106,2019Q1,4.386502980820518
106,2019Q2,4.406029484369949
106,2019Q3,4.269372280063877
106,2019Q4,4.267632464391434
106,2020Q1,3.632299854344417
106,2020Q2,-18.09240135220455
106,2020Q3,-4.9582580351560175
106,2020Q4,2.945738642001885
106,2021Q1,2.6976864994504526
106,2021Q2,2.4933237666361787
106,2021Q3,1.0210937288528434
106,2021Q4,0.9816967952062168
106,2022Q1,3.01545906825603
106,2022Q2,3.3693262881829065
106,2022Q3,-1.2281371233909502
106,2022Q4,2.4114269925656804
106,2023Q1,3.171122681329968
106,2023Q2,3.5653537025577755
106,2023Q3,2.9507901965837653
106,2023Q4,1.4190105917644127
107,1980Q1,-1.0589399767159975
107,1980Q2,-0.7563013892049808
107,1980Q3,3.7368153966919078
107,1980Q4,3.6058761247760645
107,1981Q1,3.002451283163645
107,1981Q2,3.655328529606282
107,1981Q3,2.083287345657196
107,1981Q4,4.4624831001916165
107,1982Q1,2.914639314084236
107,1982Q2,3.3927039662350476
107,1982Q3,1.6121048088710808
107,1982Q4,-5.725416510233535
107,1983Q1,1.056749965712056
107,1983Q2,4.430212974668654
107,1983Q3,3.1961246943668
107,1983Q4,1.3839540863646254
107,1984Q1,2.0751214174773014
107,1984Q2,3.222833826571162
107,1984Q3,4.3353358462829386
107,1984Q4,3.3768914020131175
107,1985Q1,1.5771887003282719
107,1985Q2,0.9123600544458164
107,1985Q3,2.7854392954076377
107,1985Q4,4.4584533302781475
107,1986Q1,3.7916562885691243
107,1986Q2,2.593053003441806
107,1986Q3,2.804420074846493
107,1986Q4,3.5772480202003747
107,1987Q1,4.115888612973433
107,1987Q2,2.77303609694082
107,1987Q3,2.9610693983860177
107,1987Q4,3.11152000122624
107,1988Q1,4.4764008459973095
107,1988Q2,4.505876127644504
107,1988Q3,1.9573404704409927
107,1988Q4,4.275641770485549
107,1989Q1,4.320186806639922
107,1989Q2,1.9897679120303624
107,1989Q3,4.2624490456393405
107,1989Q4,3.853210389781668
107,1990Q1,3.4144257319318596
107,1990Q2,2.8388883894170527
107,1990Q3,2.6006943553816884
107,1990Q4,3.080225921841571
107,1991Q1,-2.0682065489154287
107,1991Q2,3.1636855897081535
107,1991Q3,3.882503007026037
107,1991Q4,3.23404516935035
107,1992Q1,2.8021044322682744
107,1992Q2,3.7715936494840916
107,1992Q3,4.332164751775571
107,1992Q4,2.089353480324322
107,1993Q1,4.056430466495527
107,1993Q2,4.209374273348814
107,1993Q3,2.0586787678783027
107,1993Q4,3.94625149957616
107,1994Q1,3.783043701850028
107,1994Q2,4.289592358391156
107,1994Q3,4.485200463644901
107,1994Q4,3.061914926859293
107,1995Q1,1.509857314365655
107,1995Q2,0.6584098697718712
107,1995Q3,-0.3248883769696782
107,1995Q4,3.633237555933986
107,1996Q1,3.965081398984759
107,1996Q2,3.764411168588525
107,1996Q3,-0.9235955130286939
107,1996Q4,2.8115118387658216
107,1997Q1,3.158038618394758
107,1997Q2,-0.6800159001485326
107,1997Q3,3.895743425831416
107,1997Q4,1.8094012830674782
107,1998Q1,3.3969312300046743
107,1998Q2,3.894397504598045
107,1998Q3,3.5563761111782997
107,1998Q4,3.0196376868201833
107,1999Q1,4.380009024881369
107,1999Q2,4.383385444060783
107,1999Q3,4.404336065666355
107,1999Q4,3.3860718915408086
107,2000Q1,1.7499288308871344
107,2000Q2,3.3830225810557915
107,2000Q3,3.6923352630943036
107,2000Q4,3.829456791211758
107,2001Q1,2.8964605261156953
107,2001Q2,3.7842324543506916
107,2001Q3,4.1881478598664845
107,2001Q4,4.150636477679763
107,2002Q1,3.0096298441755285
107,2002Q2,3.7727513824346564
107,2002Q3,4.434499723178365
107,2002Q4,4.209022890002663
107,2003Q1,4.508276484195363
107,2003Q2,4.4778948205788955
107,2003Q3,3.8897420452952085
107,2003Q4,4.170896716744325
107,2004Q1,4.459596777484356
107,2004Q2,4.384448029056401
107,2004Q3,4.413837051560555
107,2004Q4,3.693973452602992
107,2005Q1,4.399542702894759
107,2005Q2,4.257781797204716
107,2005Q3,4.292322903435449
107,2005Q4,4.403691534099822
107,2006Q1,4.232667076299053
107,2006Q2,2.9530686174120246
107,2006Q3,4.0500644686699
107,2006Q4,3.911106908303175
107,2007Q1,3.5892849950764316
107,2007Q2,4.200555905256668
107,2007Q3,4.20329323499959
107,2007Q4,4.2145570956556915
107,2008Q1,3.378293063931226
107,2008Q2,3.4947862962873346
107,2008Q3,3.3336416452717095
107,2008Q4,3.570067377551019
107,2009Q1,0.5723712180089966
107,2009Q2,1.0302008321243457
107,2009Q3,2.4485170899257795
107,2009Q4,3.301847209722489
107,2010Q1,4.245197303072384
107,2010Q2,4.019285393174258
107,2010Q3,4.264424014120368
107,2010Q4,4.043449683587763
107,2011Q1,3.403737783199376
107,2011Q2,4.4865064366416645
107,2011Q3,3.4371390393075067
107,2011Q4,3.557443962199666
107,2012Q1,3.9134884275461372
107,2012Q2,4.430417493274845
107,2012Q3,3.909135727693311
107,2012Q4,4.3073755945127195
107,2013Q1,4.196998678529025
107,2013Q2,4.391245166655441
107,2013Q3,4.443806338328389
107,2013Q4,4.5176791024374525
107,2014Q1,4.487579085337667
107,2014Q2,4.442311735223677
107,2014Q3,4.1010632668939895
107,2014Q4,4.3570495131723295
107,2015Q1,4.004411207883592
107,2015Q2,3.806915612686701
107,2015Q3,4.498625424278363
107,2015Q4,3.877375242436869
107,2016Q1,4.2130705483405615
107,2016Q2,4.466038613149469
107,2016Q3,3.7229679605867383
107,2016Q4,4.510705443408003
107,2017Q1,4.1857480290979545
107,2017Q2,4.0454922583246695
107,2017Q3,4.375743949812761
107,2017Q4,4.519188971455804
107,2018Q1,4.471639244415724
107,2018Q2,4.260576112392407
107,2018Q3,3.7121791446615156
107,2018Q4,4.1573265830617
107,2019Q1,4.386514770617925
107,2019Q2,4.406038854079928
107,2019Q3,4.269380137412352
107,2019Q4,4.26764173201185
107,2020Q1,3.6323019093914084
107,2020Q2,-18.09265292954187
107,2020Q3,-4.958412695378838
107,2020Q4,2.9457324992291483
107,2021Q1,2.6977007700784936
107,2021Q2,2.4933258153747975
107,2021Q3,1.021112956874243
107,2021Q4,0.9816553734727091
107,2022Q1,3.015472048504391
107,2022Q2,3.3693285061698006
107,2022Q3,-1.2282011298907145
107,2022Q4,2.411414099147595
107,2023Q1,3.1711010340747405
107,2023Q2,3.565360330633692
107,2023Q3,2.9507983745766886
107,2023Q4,1.419000893845722
108,1980Q1,-1.0589261701938613
108,1980Q2,-0.7564032535600944
108,1980Q3,3.736822582421926
108,1980Q4,3.6058707270960646
108,1981Q1,3.0024550502996274
108,1981Q2,3.6552961491935454
108,1981Q3,2.083309063120363
108,1981Q4,4.462496663345021
108,1982Q1,2.914593501761491
108,1982Q2,3.3926928456992025
108,1982Q3,1.612119574177536
108,1982Q4,-5.725510759035835
108,1983Q1,1.0567890017199613
108,1983Q2,4.4302084361326575
108,1983Q3,3.1961086967165815
108,1983Q4,1.3839530371358117
108,1984Q1,2.075030669069471
108,1984Q2,3.2228326866795487
108,1984Q3,4.335345532384015
108,1984Q4,3.3768638728308664
108,1985Q1,1.5772058567292202
108,1985Q2,0.9123965570308665
108,1985Q3,2.785480747919124
108,1985Q4,4.458450040791247
108,1986Q1,3.7916435254720677
108,1986Q2,2.593059436436004
108,1986Q3,2.8043813076157296
108,1986Q4,3.577233378817332
108,1987Q1,4.115878818468941
108,1987Q2,2.773052352417215
108,1987Q3,2.9610943446453897
108,1987Q4,3.111568858998589
108,1988Q1,4.476398596170392
108,1988Q2,4.505876260751033
108,1988Q3,1.9573574896712476
108,1988Q4,4.275637259924943
108,1989Q1,4.320193158306244
108,1989Q2,1.9897294791548963
108,1989Q3,4.262439440077923
108,1989Q4,3.8532130527668764
108,1990Q1,3.4144210747336343
108,1990Q2,2.8388677231628163
108,1990Q3,2.600667725507921
108,1990Q4,3.0802281336977124
108,1991Q1,-2.0683391804688425
108,1991Q2,3.163658021447999
108,1991Q3,3.88252186620783
108,1991Q4,3.2340041512608417
108,1992Q1,2.80209631556955
108,1992Q2,3.7715677828484093
108,1992Q3,4.332166215290802
108,1992Q4,2.0893896509904333
108,1993Q1,4.056433882927624
108,1993Q2,4.209375977352831
108,1993Q3,2.0587005107477463
108,1993Q4,3.946256672737755
108,1994Q1,3.783032067567721
108,1994Q2,4.289594916934032
108,1994Q3,4.485202492735783
108,1994Q4,3.061913616157156
108,1995Q1,1.5098778467487377
108,1995Q2,0.6584559785252724
108,1995Q3,-0.3248804430394978
108,1995Q4,3.6332363432045827
108,1996Q1,3.9650994422602768
108,1996Q2,3.7644534333921786
108,1996Q3,-0.9235477853285312
108,1996Q4,2.811547157281723
108,1997Q1,3.158061078759313
108,1997Q2,-0.6799483520142369
108,1997Q3,3.8957702247319337
108,1997Q4,1.809421576855581
108,1998Q1,3.396920448027579
108,1998Q2,3.8944046620862354
108,1998Q3,3.5563977265170896
108,1998Q4,3.0196337971658442
108,1999Q1,4.38000891509513
108,1999Q2,4.383387398259089
108,1999Q3,4.404334856216153
108,1999Q4,3.386080989591288
108,2000Q1,1.7499016031488464
108,2000Q2,3.383025851523851
108,2000Q3,3.6923381420088863
108,2000Q4,3.8294452684621145
108,2001Q1,2.8964537794169343
108,2001Q2,3.78424445654173
108,2001Q3,4.188147153627504
108,2001Q4,4.150646393604167
108,2002Q1,3.0096242731054854
108,2002Q2,3.772766144659064
108,2002Q3,4.434508220454665
108,2002Q4,4.209038074144775
108,2003Q1,4.508277577522498
108,2003Q2,4.4778958675178355
108,2003Q3,3.8897394570734054
108,2003Q4,4.170897230622317
108,2004Q1,4.4595920207423845
108,2004Q2,4.384442543592339
108,2004Q3,4.413843255923302
108,2004Q4,3.6939757693912547
108,2005Q1,4.399545256105418
108,2005Q2,4.2577866250191665
108,2005Q3,4.292328636842431
108,2005Q4,4.4036981774568655
108,2006Q1,4.23266970489057
108,2006Q2,2.953084052798938
108,2006Q3,4.050067414046717
108,2006Q4,3.911120323017954
108,2007Q1,3.5893164341646786
108,2007Q2,4.20055972161113
108,2007Q3,4.203308309396152
108,2007Q4,4.214554360234789
108,2008Q1,3.3782918076072708
108,2008Q2,3.4947796521613634
108,2008Q3,3.333638596109849
108,2008Q4,3.5700528275553083
108,2009Q1,0.5724006673808555
108,2009Q2,1.0302040972749262
108,2009Q3,2.4485185908382636
108,2009Q4,3.3018631341769096
108,2010Q1,4.245206333082517
108,2010Q2,4.019280926582465
108,2010Q3,4.264434064865618
108,2010Q4,4.043459718126977
108,2011Q1,3.4037597843634377
108,2011Q2,4.486506479660045
108,2011Q3,3.437154160923316
108,2011Q4,3.557439838155358
108,2012Q1,3.9134918520784256
108,2012Q2,4.430425895195121
108,2012Q3,3.909143144003349
108,2012Q4,4.307371257682697
108,2013Q1,4.196995750726515
108,2013Q2,4.391245187228704
108,2013Q3,4.443807918690137
108,2013Q4,4.517681500032255
108,2014Q1,4.487578101997908
108,2014Q2,4.442313054797502
108,2014Q3,4.10105997899734
108,2014Q4,4.357051218790827
108,2015Q1,4.00441075476783
108,2015Q2,3.80692731402259
108,2015Q3,4.498625172946845
108,2015Q4,3.877376766354624
108,2016Q1,4.213071078890833
108,2016Q2,4.4660414720470385
108,2016Q3,3.72297550099981
108,2016Q4,4.510705662902996
108,2017Q1,4.185751495509978
108,2017Q2,4.0454960158971724
108,2017Q3,4.37574697720393
108,2017Q4,4.519189604046339
108,2018Q1,4.471641691045326
108,2018Q2,4.260575007593718
108,2018Q3,3.7121891405140963
108,2018Q4,4.157329823645207
108,2019Q1,4.386511903707148
108,2019Q2,4.4060388869059235
108,2019Q3,4.269378337360602
108,2019Q4,4.267644813697327
108,2020Q1,3.6322686248153477
108,2020Q2,-18.092576296976297
108,2020Q3,-4.95859115975596
108,2020Q4,2.945684365468184
108,2021Q1,2.69768363204002
108,2021Q2,2.493319908575927
108,2021Q3,1.0212463834399554
108,2021Q4,0.9816451776893969
108,2022Q1,3.0154743921969116
108,2022Q2,3.3693143974298874
108,2022Q3,-1.228345432168422
108,2022Q4,2.411435600450524
108,2023Q1,3.171070118984486
108,2023Q2,3.5653572458738316
108,2023Q3,2.950824071132126
108,2023Q4,1.4190191151477056
109,1980Q1,-1.0589199021573208
109,1980Q2,-0.7563826932867439
109,1980Q3,3.7368205197302244
109,1980Q4,3.6058711078092327
109,1981Q1,3.002451061971179
109,1981Q2,3.6552664001940993
109,1981Q3,2.083325910893148
109,1981Q4,4.462505303338112
109,1982Q1,2.914561758370341
109,1982Q2,3.392682315235385
109,1982Q3,1.612139990692222
109,1982Q4,-5.725537007661005
109,1983Q1,1.0567913113753593
109,1983Q2,4.430202882048114
109,1983Q3,3.1961284892504946
109,1983Q4,1.384002451845447
109,1984Q1,2.0749783490886586
109,1984Q2,3.2228164798692047
109,1984Q3,4.335348326482842
109,1984Q4,3.3768512881980848
109,1985Q1,1.577218942587685
109,1985Q2,0.9124097102982476
109,1985Q3,2.785500856766694
109,1985Q4,4.45844647090985
109,1986Q1,3.791640912729221
109,1986Q2,2.5930597004757203
109,1986Q3,2.8043514570536487
109,1986Q4,3.577230326843064
109,1987Q1,4.115868873767625
109,1987Q2,2.7730620870842655
109,1987Q3,2.9610988701738252
109,1987Q4,3.111591153597857
109,1988Q1,4.4763947256199295
109,1988Q2,4.505872051496431
109,1988Q3,1.9573599581884582
109,1988Q4,4.275634163885824
109,1989Q1,4.320192438812283
109,1989Q2,1.9897092577821844
109,1989Q3,4.262430850634569
109,1989Q4,3.853211806758288
109,1990Q1,3.4144253208542232
109,1990Q2,2.8388516162579416
109,1990Q3,2.6006636595712327
109,1990Q4,3.0802189897678347
109,1991Q1,-2.0684011848928243
109,1991Q2,3.1636203241257994
109,1991Q3,3.882542986808447
109,1991Q4,3.233976290687356
109,1992Q1,2.8020720053557935
109,1992Q2,3.7715443838446636
109,1992Q3,4.3321561864382225
109,1992Q4,2.0893971191857066
109,1993Q1,4.056434640203731
109,1993Q2,4.209371221070471
109,1993Q3,2.058693339602047
109,1993Q4,3.9462519413584407
109,1994Q1,3.7830349394734974
109,1994Q2,4.289594683735206
109,1994Q3,4.485198565870698
109,1994Q4,3.061908869196211
109,1995Q1,1.509883937183027
109,1995Q2,0.6584721780454053
109,1995Q3,-0.32487667478355675
109,1995Q4,3.6332347042436983
109,1996Q1,3.9651055173658216
109,1996Q2,3.7644677871385075
109,1996Q3,-0.9235431211211402
109,1996Q4,2.81155566487252
109,1997Q1,3.1580607486375913
109,1997Q2,-0.6799215410398611
109,1997Q3,3.8957795952640657
109,1997Q4,1.8094067917630299
109,1998Q1,3.396900788191532
109,1998Q2,3.8944114114410544
109,1998Q3,3.5564108022186423
109,1998Q4,3.0196322798622517
109,1999Q1,4.380005340354042
109,1999Q2,4.383382497548709
109,1999Q3,4.404335495017234
109,1999Q4,3.386085525492764
109,2000Q1,1.7498889131516382
109,2000Q2,3.3830235481086888
109,2000Q3,3.6923362188450333
109,2000Q4,3.829447111560612
109,2001Q1,2.8964336506406676
109,2001Q2,3.784246094881266
109,2001Q3,4.188144525778738
109,2001Q4,4.150647721387688
109,2002Q1,3.0096225495104605
109,2002Q2,3.7727675211573377
109,2002Q3,4.43450917698304
109,2002Q4,4.209038720635671
109,2003Q1,4.508273326408963
109,2003Q2,4.47789273491859
109,2003Q3,3.8897359958074196
109,2003Q4,4.170894109894854
109,2004Q1,4.459585811144373
109,2004Q2,4.384435715620186
109,2004Q3,4.413839741041776
109,2004Q4,3.693971520694626
109,2005Q1,4.399542211285863
109,2005Q2,4.257782753577923
109,2005Q3,4.292325805393791
109,2005Q4,4.403697562518871
109,2006Q1,4.23266587328751
109,2006Q2,2.9530846625567952
109,2006Q3,4.050065534145578
109,2006Q4,3.91112117959659
109,2007Q1,3.5893265100909804
109,2007Q2,4.200553663364391
109,2007Q3,4.203310583121649
109,2007Q4,4.214553014318963
109,2008Q1,3.3782903995437192
109,2008Q2,3.494777357223411
109,2008Q3,3.333633812240298
109,2008Q4,3.5700523547997385
109,2009Q1,0.5724176037799902
109,2009Q2,1.0301925207194396
109,2009Q3,2.448526119583114
109,2009Q4,3.301874401423026
109,2010Q1,4.245209270589017
109,2010Q2,4.019271181116535
109,2010Q3,4.264436744985753
109,2010Q4,4.043461590406436
109,2011Q1,3.403767399590639
109,2011Q2,4.486502874056118
109,2011Q3,3.437158115674571
109,2011Q4,3.5574330786239283
109,2012Q1,3.913489272432197
109,2012Q2,4.430427369082159
109,2012Q3,3.9091428827995625
109,2012Q4,4.3073656990831175
109,2013Q1,4.19698755977519
109,2013Q2,4.391241914242964
109,2013Q3,4.443804109789686
109,2013Q4,4.517678617155239
109,2014Q1,4.487575332109381
109,2014Q2,4.442309605483923
109,2014Q3,4.101056358184349
109,2014Q4,4.357049430400919
109,2015Q1,4.004412248007847
109,2015Q2,3.806931903935561
109,2015Q3,4.4986214530391315
109,2015Q4,3.8773783495592156
109,2016Q1,4.213069106988426
109,2016Q2,4.466039966805679
109,2016Q3,3.722975703956371
109,2016Q4,4.510702290043306
109,2017Q1,4.185747096555683
109,2017Q2,4.045499181176896
109,2017Q3,4.375744053003883
109,2017Q4,4.5191865577125245
109,2018Q1,4.471639364398336
109,2018Q2,4.260572744208713
109,2018Q3,3.712192514073756
109,2018Q4,4.157327500622808
109,2019Q1,4.386507581999478
109,2019Q2,4.406036171572905
109,2019Q3,4.269374471731031
109,2019Q4,4.267645053372892
109,2020Q1,3.6322873384945193
109,2020Q2,-18.09274526630741
109,2020Q3,-4.958531814253966
109,2020Q4,2.9456872971274457
109,2021Q1,2.6976901236525395
109,2021Q2,2.4933447641664275
109,2021Q3,1.0212090963147977
109,2021Q4,0.9816677202275126
109,2022Q1,3.0154804913973066
109,2022Q2,3.369362946178734
109,2022Q3,-1.2281576667515504
109,2022Q4,2.411479423233073
109,2023Q1,3.171116788238442
109,2023Q2,3.565385658678723
109,2023Q3,2.950835400612454
109,2023Q4,1.4190207777094725
