,Motor vehicles and parts,Furnishings and durable household equipment,Recreational goods and vehicles,Other durable goods,Food and beverages purchased for off-premises consumption,Clothing and footwear,Gasoline and other energy goods,Other nondurable goods,Housing excluding gas and electric utilities,Gas and electric utilities,Health care,Transportation services,Recreation services,Food services and accommodations,Financial services and insurance,Other services,Final consumption expenditures of nonprofit institutions serving households (NPISHs)
1960-01,-8.2008831705361,1.3593435673560528,2.3835420978433053,0.43271764333301377,-1.7978165096400378,-1.3832100986685414,-8.458581820823706,1.2954258466045143,0.1293070310612654,1.3550502102483097,-5.933239426237136,3.7588430490151037,2.800069722336773,5.491825518017235,10.149697026734161,1.2114947121135922,-14.934650751901469
1960-02,1.8846254090323367,2.0215494295852787,2.6611867879282824,1.6309654887908032,-1.4278761572475207,5.450805296054861,-3.4910585132027605,0.3790147424753032,0.26027532128667374,4.130633367958025,12.741495225988464,1.9564072027018709,3.74051467779255,5.076696736882269,2.373777838625335,0.4385557219628744,-18.636924350984007
1960-03,-10.493668278372937,2.5123351234469737,3.1090489580443137,1.228382418070617,6.470613352148025,1.0456207259187833,-10.490956505429539,1.7538400239356156,-0.3485458161672783,2.01901915724787,10.75451810250252,-0.3865040707451417,0.4592941822386898,0.0,2.4888857726102165,0.658253270005571,-16.760989215462864
1960-04,2.225841848064536,1.1827101741674673,0.46362730880096237,-0.8223662498961115,12.828010513931009,4.647926677903191,8.839575805322886,-0.827763135540549,0.12959531807719138,4.169869077481825,10.204387376425084,0.3880037209209597,3.066085840288535,1.4926647096512369,6.37737602692805,3.7808399119372504,-7.631065503177625
1960-05,-1.272180042308657,0.27315450540181807,1.8546082561249122,0.684527865786011,0.07461526160301712,-0.5968304337354735,-3.8533441681235847,0.15128590177597712,4.5160616816845245,2.282648350849814,14.468781799370078,0.19376709632008549,-0.7287601649803799,-0.36955252515988857,4.511873979236802,2.9825224230491942,-14.592817154473414
1960-06,-7.607406972654795,-0.08389114634325123,-0.4715592833501314,1.190981455774387,-2.068509376761052,-0.7115842104881032,8.547432722117376,-0.6781125019409306,0.33469599292010876,-0.5409019131874859,9.556544336190287,3.8404854365432506,4.66989081263236,0.867449570775003,5.464572667718137,3.7595903849611867,-10.575033242988429
1960-07,-0.9628490513886923,1.1601513328869828,0.9642061579066441,-0.10752526561333964,-0.07468956801927051,1.9998181934263615,13.97118120407388,0.15135268621915277,3.627110627139185,2.260967870438546,6.232901502763566,2.3402169502983794,2.2086701449016033,3.891345600947105,4.594884439710567,1.3083588346057606,-7.553942104567202
1960-08,0.4445260389101868,0.10486118046251214,0.245485765294573,-0.32228676688615954,0.37423939241305604,3.934085537228449,13.810613969870822,0.5305865194105586,0.16199830466692156,2.5721187768302345,7.69734267758253,1.5516098605859119,6.6515522857989895,-0.368229525188446,5.539721954129395,2.2973890486716497,-2.724780582799091
1960-09,-12.343332021690657,1.6897739972351777,0.5675017035628338,-0.39388237282448335,0.7495280711423025,1.8500155295571918,-1.8390285090243874,0.91075210944489,1.670383470664527,0.07763274849372781,7.008759394910724,2.923535306991676,0.7260594668901721,0.7404326876154554,3.9618143971436037,4.184427983021166,-0.7685050352485567
1960-10,-2.5776431337836025,1.0515888563535913,-1.2896075174683386,-0.9290071499219676,6.929301093270879,-0.0915471404285495,-8.475298424983968,-0.3769668539444049,0.48321222008165243,-0.028549763487895063,3.2255331045174973,2.621318126470573,2.0991826547394066,1.360453407439599,5.976305945398797,0.7564465192572367,-2.00379985227791
1960-11,20.787064843088633,-1.371549572852515,-0.75853101261385,1.373224514752569,4.623477793090269,-1.6137082759943855,19.43788144208829,1.291898296153704,5.095397176640648,0.19075233810816883,4.653877215487023,4.294485485534882,0.0,-0.7341661839647018,4.047069779258128,1.6263482426192688,-1.113825270424862
1960-12,-19.84217049175252,1.411828348880384,-0.6585937926736118,-0.32236372501439625,4.759983152468394,2.904103397398816,-8.415121291523963,0.07549306051553017,0.18494942724900376,0.3073020395817361,-0.39408816245755096,6.582210755987061,3.576925778733786,4.130237540581394,2.17144815128405,-0.5360719850566742,7.105059101052058
1961-01,7.451690921879739,-0.6047790611491743,-0.9207050246064608,2.6877368273295232,-1.5361336271187964,-2.084280277019235,5.107582389495047,1.290427344816636,0.23639345382076016,0.005646397478131782,-1.9568845322936346,0.09493294652482831,5.157014098847612,1.6033373518437033,-2.5674193965954606,-1.8127196144320235,3.7230208047415614
1961-02,1.7234473791990945,-0.2925298291041156,-0.7312922043437031,-1.1750781115135278,1.037604291953631,2.175380030205365,-1.6065447316850445,-0.6013889106503023,0.4970240872472331,5.645966769425903,-1.3757869972578218,3.5677586375505888,6.076944067893986,4.74666253724505,0.6813639095170965,0.5397854861827645,7.831966218355091
1961-03,2.4668134820602594,0.9247355915495303,-1.4157359579910156,-4.285550387110504,-1.6820153161690055,-0.2741393358219102,-13.750604094729901,0.3777500505646847,0.31838285516527787,0.22027133729796144,-2.1566026297988206,5.032040906547919,0.0892027445466459,-0.12173470481818827,0.0,0.43142123158670387,7.865688504210144
1961-04,6.43039149743454,0.27219651288243885,-0.19897701167824744,-0.07191226395562023,-2.7688284082683645,-4.0413585338262115,-25.84676836699391,0.6048368841090612,4.779719563025719,0.4439494572745728,-1.7708809065146713,2.4774425952576395,0.9851770345421729,5.237925890166029,0.9089125796014175,1.1900866611311178,0.6811606106290169
1961-05,6.438859296417121,0.8816527108820305,-0.19177964820409343,0.5770428649510606,-5.409420481128402,2.2966404026211196,10.441691132054043,-0.07533192778318432,0.34436024388129205,2.7770220907313847,0.0,6.684463187176837,3.25469208722029,1.097159851688878,0.6804623858469805,1.8428503450624412,5.89607956652487
1961-06,4.9682935799434835,0.9863595892859012,-2.158930984966645,-1.7829076258917942,-4.5118684562808875,-1.2983256224900708,3.880665559029972,-0.07533665716262794,3.3907521639208182,-2.0957014663536833,-0.5944009647206205,0.2809315737688056,1.9722942422624623,1.2186303866152493,5.798334780598546,2.606661962694923,10.387612988930005
1961-07,3.741947162188719,-1.0594460102734904,-1.3666946286513215,0.18018283726286555,3.1021938600826804,4.685569554459312,13.74464096419703,-0.2258680853541195,1.6694326706132578,-0.025298486092872885,1.1991863468019393,3.8048482875241874,3.1492337099972456,4.194774319449235,7.319964225889852,-1.171809589273154,1.4002108113900125
1961-08,4.890691379683942,0.3348094412640945,-1.328784139309791,0.8311828720203529,-1.6982638900455815,1.0331970153940162,12.275415023047987,-0.3011101181270459,0.11840435094436774,-4.716119067025226,0.3978774638753624,1.9750906781556443,3.7799392995193415,-0.601592417479524,6.799615129250869,1.294131545194932,6.354294020037599
1961-09,10.044967287351891,-1.3080190418203852,0.1273713264807741,-2.0315024401634796,-2.722838194951016,1.1937645820280673,1.996704701348806,-0.7514053675283794,0.33529053111354123,0.10656933749613184,3.6323046600379216,0.0,3.131157106671134,9.176749297680553,6.1724798547711845,1.8358849985761205,6.483445602814464
1961-10,-2.1453867132082416,0.12553612758647859,-2.2885612998089777,0.36097786250612884,0.14949542521840442,-1.5625713838546607,-10.60218756450001,0.5294161010903853,0.2843410792244594,2.494998297528306,0.595384018970857,3.306141498541959,4.305573323057277,-0.23940138257696475,4.631746326650088,1.615836814111904,-3.1129124861273727
1961-11,-12.518865630971943,0.2931116629382613,-1.727849938366166,0.21637857891330103,-2.144557428740057,0.15999539483573244,7.770325721819082,1.0609311233594543,0.15842234563032687,-0.23546598669011987,2.1978982643475975,0.09284691202231521,-0.5247418956559557,4.9010095548687405,6.117141151475525,1.722085641399973,-0.3569300215925386
1961-12,5.187929941401914,-0.7499313980651179,-1.02056146092242,-0.7538216559628497,2.039012962701059,-0.41028700847439703,-17.0372745088573,-0.526166225325797,0.02349030098320881,-0.13541092917133124,2.597475668295135,2.724651818679913,3.474691185125911,0.8388626641852248,6.666490294230187,0.6417090501388945,0.4864249925794484
1962-01,-2.3197237855611674,0.1465137314592191,-1.3285142991872445,1.6340747273862366,5.591212018770486,-7.4113980653020555,3.8549564722808682,2.2081037563873585,4.376778368583301,2.4729533078744925,3.6050271853346194,2.6236225778432987,2.2084736861226695,-0.47614234431206937,10.630769704164834,2.6973176012689226,-0.10208855301812036
1962-02,3.890362243766776,0.6292255679132497,-0.3103334066001828,0.32443608476611097,6.585645149491781,1.5280432420853085,16.332778878739006,0.8308371302578887,1.5111506720716816,-2.488127393349693,5.435403434090635,2.9020826392845755,2.471918897171088,3.8865564238285355,4.07677254537524,1.0686514554614668,-3.145744379077453
1962-03,4.992988990651903,0.9236194410299436,-1.3411660996506258,2.03389093573918,2.999030235435396,7.5024187447477075,-21.44056537918231,2.2792496971193676,2.003860365866239,0.06220990628627021,0.7852078529176465,1.2980812273382103,2.8237609432785415,2.6488548136111234,1.738772301891367,3.453523472672826,6.891275379595796
1962-04,2.3978889091538225,-1.4317212124125844,-0.6715936510861775,-23.122470664612994,0.5918601882108687,-1.2481517424652866,28.035866328799266,-0.22492258855618674,-2.7444819162124268,-0.1770081575575566,7.686091771238779,6.249027241791483,1.4876666640017966,0.35670014527660054,4.168746021697123,2.2477996519423282,0.5872136308961329
1962-05,1.6296701632915633,-1.1027292206394312,-1.2855099533351955,1.4043505065625572,-2.2623327541249516,-0.25104350675591025,-1.962324415893013,-1.268679159152264,4.814775771547297,-0.12779590447030698,0.5843665053538949,0.735347161913924,1.485824687321835,3.8642657275096415,2.7156288040152132,2.351577219327039,0.050912175403583504
1962-06,3.6857366419879245,-0.06277627898049198,-1.7533676932193432,29.339512039493208,-1.248874164331104,2.4027977720411764,-14.054972664491306,-1.1957259424789757,0.36720345895691064,-0.09462221720768493,5.370549181404671,3.2518783623720626,3.434406709218818,6.077839196413404,2.162274196928582,1.916535017619836,-2.2416016898950453
1962-07,2.0219030385355996,-0.02093053670501055,-0.41422291719204196,0.9374087123342756,-3.921771470268065,1.2847545728916776,-16.3523631428413,0.0,1.1749644237214696,2.0615659592964075,1.5576519117564303,1.4707874056540948,0.34639498029807037,5.304262657512915,-0.9575668443709051,-0.7351942836847813,1.618202490975662
1962-08,2.820215166015938,-1.0001653199513627,-0.33015377359585374,-6.370671844541754,4.004894866625386,-4.222158798987485,21.1122019426369,0.07524690037905568,3.2335578969583167,2.5411341015770805,4.130914498724847,-1.1791692378216756,1.6547147808115614,-0.7009999627702768,-3.576365604383047,-0.3158861951090608,-3.6795248555591242
1962-09,3.659593660648275,-0.7308064779202428,-1.6122897112958445,0.2889388525837422,15.24818722770247,15.944449743242073,42.901554163634614,0.9063382774247675,0.2033852954590909,-0.5044709490630184,4.116744813019713,1.2855656333572218,3.2409535260641498,-3.575678156579909,-1.173685024993254,3.536775639747103,5.712660245400469
1962-10,-12.520353538183393,0.9685834972603891,-1.1566806589467071,-0.5395751289639428,-3.735639798907875,-1.9251698360195246,-8.26224588984581,0.8298968958217356,0.47086418325563706,-4.665951186465245,2.130155659378552,-0.45501002515646594,3.0550907175990405,6.415964710283917,-0.8556860308994163,2.6611900482963025,-0.7853280004443186
1962-11,1.2297164447826248,0.2096655072007403,0.23230756267813568,-1.6469864411117308,1.1055381224294836,-5.382312865665517,1.2767638495948974,0.9050281461014276,0.48957886616416424,-0.13284674690314802,6.301340184076043,1.1924186912073642,2.4311415514891577,2.7250877883853164,3.3825795468630737,2.3332883383933467,-2.2658587268744035
1962-12,-0.6678536756382636,-0.230127428034399,-1.2304231987770864,1.1622146864410876,-7.495491846358259,-4.102514243863286,13.702709891289322,0.45124015386517335,0.27499579510443795,-0.23933735654303456,0.0,-3.849259387438031,1.1198333877964428,3.5597597457797114,2.6024224224320047,3.18783384605994,5.459469183610954
1963-01,-4.062311457510859,0.020948806278608956,-0.5662599723433526,1.7462575490578836,11.069963183371812,4.68161956691977,-13.659813920489693,1.5869189176437537,4.977627139275542,2.2303390787260957,1.3415117353880124,2.309990400085238,-0.8528733088939755,1.2882271875947593,4.362170685874789,3.826279017109546,7.2875951268184025
1963-02,5.432425265899221,0.02094844057420886,-0.12901539495167036,2.552202270143966,1.9172285335667727,1.832780090304964,-1.7180887206308504,-0.22454380141679886,0.21590591851232688,-0.55549444635411,3.6755335418437785,-1.98938407334468,0.7738846103436225,3.906190009507582,-3.8719970356842937,3.062202674535164,0.4044143159909419
1963-03,3.440700873364233,-1.0630344467755681,2.548701072514259,1.7035009283303593,-5.06053597541456,0.523008398208491,-12.10499876550195,-0.14977530916959747,0.13054866336730253,-0.08185537215364969,0.3800470525393784,1.6579300502681305,3.4794311233920405,0.6978068509017055,-2.012377255827791,1.9916365090159927,1.6517180029789191
1963-04,0.907187301751633,0.5464467407878537,-0.7848970294680013,-2.6605565803736075,-5.430765071182641,1.5068785506242133,-3.90193750062654,5.4530640351232895,1.5632911668221672,-0.28197767177868815,1.5276600890375303,-0.7278760903901227,1.2019603880186969,1.3992584101415462,-0.7470284194126875,1.1467666186716574,1.8029548190578115
1963-05,0.9856831652286457,0.5040858976606888,2.018535608651706,-1.038874171597215,-0.2941715117667498,-1.372757289259996,7.767969015025256,4.725656939738165,3.213040718197724,-0.3409818512187246,2.8781935668587666,2.3076805210802354,3.553906225908565,4.728674931884846,-0.10709981579140049,1.67039849724413,3.474364978025246
1963-06,6.25108542088646,0.27264369146964285,0.2724593321137059,0.21637207637672518,12.115945790858262,2.1291027766838333,-17.326833392137143,6.032800379881653,0.29428595600702323,-2.4244090748790637,4.827287404591529,-1.3590337870258096,1.8872768872592482,-0.46016600223385273,2.3832060771180386,1.458181279563897,-0.1503602099178325
1963-07,-2.1251471315373416,0.20961789510585138,0.37195499552347133,-0.7537991072565253,4.618599344766117,2.2407615769932665,21.099256076140428,0.742203457323587,0.48849423890831023,-2.169271111605997,2.4742991948492277,1.9337165834285797,6.648268502535104,-1.2612703762041821,2.7068085018140398,2.72021231337658,4.4784605185332005
1963-08,-1.2437489584975259,-0.041868010487533525,-0.018375062538678044,-0.35983049323613514,0.3640441362471103,0.7708256216480747,20.459072978324212,2.164971200707666,0.5104890097255455,-2.257449604836792,5.980430481400645,-0.8170940105456936,1.874147361818701,0.0,4.13135998694254,1.244367146174774,-2.029968021360573
1963-09,15.211473463664316,2.8851334332796297,3.006685497781336,-0.8260829226678923,-4.413392774187097,-1.390839763380003,-23.95513812462209,0.5177662904223279,0.22205008030187212,2.791220336987088,2.266193711082609,0.6402173391723442,3.078658878842422,4.717059561682779,1.2837483161793894,0.9309877068888195,-0.07506959226869503
1963-10,-0.7707091062824856,0.14632231873521473,2.057625570801691,1.1971019261593607,-1.449074985091603,3.141018699504672,12.128539921222137,4.1330822566089775,4.517130590465035,2.459242506140513,1.1251640864528012,-0.5454945239493303,5.6955346960904984,5.179412514208881,1.8211351287693134,2.603683420840608,1.1323365223078197
1963-11,-5.9091059626154685,2.2152761533218213,1.6855482200651917,-1.2542203512816208,6.464403773992511,3.388220395794561,-6.756650261185482,0.0735361673142032,0.28320026331820625,2.4715713808693085,2.0697039353883895,6.573065691229618,4.094133048026727,-0.7987405955458105,5.212470657906243,2.5980466525443724,2.9400373128889434
1963-12,-0.5431606489417207,0.6691969287490052,-19.24987453457788,44.95290337660298,2.572523288198836,1.1526708720311252,5.390918315638649,5.26858195256843,0.057619927275953664,-4.374659665794267,4.752360347405982,-0.9032682430717309,1.7667020561920488,0.11466244990812058,6.301767956857618,2.1735477074706244,-0.8449954000491644
1964-01,4.405744990667637,-0.4781985679137457,2.365594670307525,-10.25780603687323,8.976244869811678,1.8803083519395525,-3.437396682377536,0.5871183838883853,0.14257816905560716,-4.8095404269342446,6.291207306937663,2.943674193131174,2.2733487581719114,2.902698536519255,5.052948155185688,1.8570534959736484,-3.076646713804476
1964-02,4.510684016719901,0.12514337726305946,1.7178611769075536,2.426865456070959,0.28828809029624036,0.022428858371026372,0.0,0.8814291377315486,3.103921155540079,-1.732422122065136,2.8015949768237736,5.6657056247245485,2.950368354090238,-0.3424165597527673,4.813005563448014,3.951314834052999,-0.5991244891398906
1964-03,-3.084537250360553,-0.6649441379976362,0.37145105426017455,-1.086612467775483,0.07198344072261165,0.4719666936257694,-5.129738140738304,0.8071129735474525,0.1207240016418254,2.691176264659356,3.173108292737825,0.6327901052948892,1.0002696138950329,5.149112759638008,6.327589747450646,1.6412699150870624,1.7927499873752861
1964-04,-0.03872404230951254,0.22964299624999018,-2.0126582959236528,8.836534297226951,0.8668900627590626,1.785415360519127,-4.141298021450912,0.2926113511273254,0.3501327140414734,5.515154630582564,4.494348534979098,-0.09005290003616384,0.9994365323902077,1.0296902058262614,3.9060754748281523,1.6390282244222787,-4.40968765665628
1964-05,-2.3372444043672003,-0.4162180555880801,-1.3909824679586458,0.3506820131791155,-2.48780153724244,0.9893674817848197,-7.057815065567585,-0.7279312822063067,1.6931236347738077,2.2769646934277077,2.4030290910933116,-0.9865759669050678,1.0822331409526598,3.5846493117084988,4.537701869542898,2.4643650642117265,-1.0243401710018252
1964-06,1.1312723213063203,-0.6032066231010713,-3.129103355029328,0.6670640682516105,5.767331440066181,-0.06707720150034291,0.11847754955705003,-0.510373475504533,-0.010090282536201478,2.804158021580805,1.469661613109663,-0.09013406837304894,5.9498439318882435,0.45471691979492856,4.092320902889934,2.3557464197234035,9.565489310893138
1964-07,2.5495090946749066,-1.6773120582595502,0.44073771668022843,0.5611559288739576,3.7937921302072963,0.7181029419279783,-0.3546270252408945,0.8072116868109269,0.1769772879766096,0.30630586713285,3.330462551231239,-0.27019910849536144,2.3308017186195906,0.0,3.7593594689682375,2.8689047626973885,0.8761535438015944
1964-08,-2.901204264179491,-0.7704884301138137,-1.3589678079650724,-0.06990969714265605,-0.6415756136892492,-1.9714523437004083,-1.6455696342973836,0.21941176701865128,4.644221785077707,-2.4865995869148616,4.8295585747345715,6.118243452334471,4.359611041598344,0.11345907173796466,4.171873004788984,3.069341373057499,-1.99954229948206
1964-09,-0.7344499765505552,-1.4746467855118572,-0.66941415599715,0.03497369651155324,7.163886242486339,-1.7986689860806648,5.718865712818499,0.9538004409789913,-0.004003137807107038,0.023575773900441632,2.3792080824780903,0.1796541177893296,3.0733849074473296,-0.9033532393981636,4.475526602633484,3.061511277788176,0.7261541559733908
1964-10,-6.255564682130954,-0.25095839117169616,-0.8699207331880898,0.5609100248343379,0.9285371988050795,-2.2195821944643757,5.940409311996486,0.5121471702838054,-0.02233710832121316,0.13178961639170872,5.367880483127729,1.1728749628242108,-0.6517288625602191,3.4578768595706633,4.9890342612752825,1.618170019858023,0.14975350287607103
1964-11,5.601572722926229,-1.4354442568542014,-0.2686056075934862,1.761604056874,1.0712590367791153,3.863676832116547,3.7034752876351718,1.3951130673204082,-0.011467823865218829,0.06786711342841034,4.9671921892452175,1.443909987688352,2.063130843035532,-1.125691693099784,2.663780047883235,2.4329311624151417,0.6754266376008511
1964-12,4.074960108728631,-1.1056046217832294,-1.7014424341451395,-0.1743602716872572,0.640928364315374,3.0426891298156233,8.010478344625248,0.43814206699104297,1.6266636860690964,-0.12427563331831593,2.171534320766555,0.0,1.0661828265280615,1.9425195535663908,1.1166925711730835,3.249276328845152,4.424152477181864
1965-01,0.6990715563688132,-0.4607241325363054,-0.40332565223688555,-7.804064610711969,-2.386409327771777,2.2342303817075138,12.02079749301328,2.8037308283066054,-0.3081181219677487,-0.19292608614516205,4.006763986894146,3.2716984509363556,1.9747037639140874,4.854099219391794,-1.5031659671392084,3.6522631620991453,4.925809956701888
1965-02,-1.422209634431848,0.5894306308195318,-0.9168235726568552,-1.431352383829776,-3.2225115738039656,-0.37842555819136425,0.4621152918877769,3.245357212176514,3.0811428641137395,-2.544586309312924,0.7154538291290535,-0.17846515220574233,1.1457286051302695,1.588319185427567,-0.20188418486705162,2.6177423631651653,11.334125986771927
1965-03,0.19385787421237755,-1.0649582370259147,0.1386734908372933,-2.0217174059068532,4.363227923268598,-2.0986165352703257,7.753232792383469,1.8273796763361938,0.1614686436155921,-0.28773966431092646,0.894515161633791,4.465497522662432,1.5563361550242627,3.4272645267601654,-1.005859096295536,1.9027184088553195,2.8559770617278435
1965-04,-1.8052419079184756,-0.6282701925730438,-3.1554985052170137,7.205965580405493,4.1997615463075455,1.8023627019928323,3.7270108949027936,2.3409302370114737,0.30946708912231724,-2.484813379184403,5.661070679699631,2.793978280481957,2.7137455925917875,1.9236532820830154,2.144691341706162,2.506451065207327,-0.24430452708144035
1965-05,3.028040738480242,0.23139819189756938,-2.4504324207456407,1.304233796976928,6.3373324311537305,1.437370321408693,0.0,3.672467158579984,3.397193176241675,-0.29043489979063697,3.4197600477979373,3.060990691541643,2.624595983886313,-1.3356632942406854,1.8324768982103334,1.4939345154042938,9.117918280744618
1965-06,-19.5140397417497,0.8436395963180798,-1.43542675991577,1.9422303801035046,22.880312098314892,4.08602147419852,7.679224772847659,2.4028720696693373,0.32461827094527607,-2.564986402752867,3.410043013802322,0.35484549473054905,3.283334703889551,0.4493953745739798,3.3778053161573895,2.0946007656575727,-1.303568423556667
1965-07,0.7908483958605661,-1.914547166511682,-2.263023351560689,-1.9395568733954538,0.41628062536207544,1.2734296093382058,-2.134850018011236,0.0,1.4869356089812769,-0.03299416650284215,0.8847543026289983,2.9613108459521476,2.694359370658117,1.6941574707055151,4.200398192855914,3.303698729873261,0.5117519525674741
1965-08,5.819536113178869,-2.103376726570838,-2.304253712550508,-3.1052490282599265,-8.12598982985514,5.550280762819582,-1.4678635411395136,0.1438589935423673,0.2966545780764829,2.326684816265878,2.4935648144092992,0.9759266913971443,1.3767290167797874,10.673794763176158,3.2534053591093626,1.784929801907742,0.3895229542700607
1965-09,1.3009231085997497,-0.5673097968163843,-2.3642002027745135,-3.9960157477991753,-4.23770664835218,-3.925559112665711,5.363187693435534,0.7211074182353894,0.4012677628105976,-2.3947207502505785,3.935691205792846,2.499314473962566,1.7828940137547766,7.3383973204821595,3.9671080303703032,3.695124532871641,5.937675374064244
1965-10,-16.692492453545725,-0.2736480343732639,-4.457477456887881,-8.22956504849789,1.4083450981200674,1.5174897097677498,9.822270753690198,0.8653792753816614,1.5006924142497047,4.7419407934299995,2.4803122916678966,3.035937963969637,1.373115058508012,1.1088411174648982,4.471199686322347,1.876411820938717,2.617883996023096
1965-11,2.127047065892995,0.761565331728109,-4.068417122891088,-3.1802965494717728,2.259393695618339,2.9157401420289775,-1.8948853305143842,0.7201553551214879,3.455790540576298,-0.13911493605706093,2.1181922503958006,3.209002040674469,-0.9578853277739552,2.9037466501076192,5.075945292516515,2.6718989725310394,5.489299714567353
1965-12,22.65167205198675,0.10538980087972938,-3.8394863298526705,-4.764921568676728,7.948764542174791,2.908673178004584,5.541887434128379,3.128635015212655,0.484428003857329,2.551180142700593,4.0886373647659235,-1.2198512815762896,5.005998008411172,1.7736262871688835,8.73095948791127,3.16675156234405,4.434979197811595
1966-01,-20.767207471934267,0.570265386255131,-0.03446113754878022,2.6381261057924155,7.15569363854085,3.8326566080428837,0.11217573032116235,2.606504696389944,3.458390090066521,-2.247529701885742,2.997355904800969,-1.2210925588552968,4.48494602264593,2.6672526329489132,9.305068819840345,-0.5822399920770049,1.154781932243587
1966-02,9.10940262966211,0.3162969524970416,2.5492723004390427,1.1461878364239064,18.49507116809348,3.2536847771524435,-3.6374611480418872,1.4373595610799317,1.679269158024499,0.07751836661806788,8.093552430366735,-0.3506461470862199,2.415019664586082,1.3226594005484316,10.721471757299096,-1.3543811055055421,6.042700253807709
1966-03,-1.373223038929039,0.8452737890092488,0.9827554374800984,-0.5680794300884306,10.235188670145545,2.6824965607493256,0.3378850818460677,2.233271186502539,0.012756573243821734,2.6694919638223347,1.213419756571188,0.08786380548180261,4.459193502172187,6.0724413458406845,8.110291949478409,-0.873604165080677,3.333166053144754
1966-04,4.47711112590512,2.381601372604325,-1.5356142891928104,10.870608923981862,5.597826884913881,3.620796890225253,0.0,3.3973735625610457,4.341759637703113,0.0,7.846283904437112,2.846786823575065,4.2780159593677425,-0.10884846317547048,6.520590152228123,8.087494672425667,4.553039994668295
1966-05,-0.510812758178425,1.2669643411661768,0.18751339910136888,-0.21165257593115383,-6.69570733757231,3.3625843716743598,5.886654921413648,3.095417741783857,-0.20453102488913188,-0.11243152814967017,4.1854520348799,-0.4372055589412005,3.690417950214009,10.254731633471081,5.679230499175247,8.241586874652306,8.365582862632714
1966-06,0.6719010602653341,2.7177466966075814,-1.02731983098443,2.2116957344747945,0.20262847370295933,3.9369769986247416,-0.4466355316215087,3.1602839500995072,0.6379862212445131,0.20682707478500983,9.98026295679959,4.562819410508689,0.07869110059541828,10.04990844038607,5.054454399517283,8.807797939576867,-3.329425750725923
1966-07,4.747148222578934,4.396870788632601,1.0611612964568362,1.705261733870156,-4.103790620365588,6.94774848124502,7.523016376611968,2.067356703795409,0.6675501617597224,0.02702800585927534,4.841976679957938,5.8260455014186086,-0.470925943810796,5.379664503319304,5.728264978456088,3.891203152919931,7.851557249763386
1966-08,-1.364390433711804,3.495137671672399,2.2555306699927113,0.03520765143580906,18.22409424036664,-0.6870365971024306,3.7338407811095875,2.4235499890065126,0.46133500772149727,-2.7324003391061558,6.774716100870304,5.523668198666121,1.5053696221211776,1.0722800847144276,7.09686984854927,3.484650932447586,5.861415815554372
1966-09,-1.4434783501857007,2.8431897444589183,1.1623187122129952,2.420100015221327,3.2523032587292944,6.4545257275319345,11.305563958671883,0.9185321975936578,4.539929937992171,0.08181310465473768,9.073085229757783,5.316758272943245,5.394526549845335,4.237937576343942,4.882362914568494,3.7690467172374564,-0.2558807602494384
1966-10,0.8288745108357531,2.411650518959263,0.20986584788018625,8.423982491928639,-0.13309669742305186,3.241466400490056,3.5750474386774034,2.129720341638297,4.686323284003624,-0.17978382352491495,8.286822467677602,3.23457919090655,4.878898827230649,4.002545059482165,3.9890360421668936,5.137261584155484,9.77681295688786
1966-11,-1.0168741168174567,3.4697221064213357,0.7304134463039569,3.5458415093296836,-3.987587283909677,4.028032583487939,4.018078257615554,4.001862284038649,0.1661500977777175,-0.33309840188966433,5.941849609589078,4.292426665667248,3.4032608841516376,8.237688349006644,2.634731399217749,3.449043356171,4.14474438077701
1966-12,12.107753302480662,4.529577242369887,0.37393119205746395,-0.3126942758786111,-2.7055835534512074,6.697025005720159,1.984318150223352,1.6208723974625805,1.3992797845400196,2.3355588135422156,4.020695705716171,4.633581392904285,2.674727348240724,8.52122707957934,-1.7486227690510447,2.858540444986679,-1.6687074712006478
1967-01,-17.926875207351255,0.1440613042415828,7.021038422645631,8.642414337936488,-6.243514749199763,3.64155448627721,6.9759908707425655,1.8315804672933922,3.2860034905074054,-0.21396554004301516,7.633817508630347,2.0665178372118564,3.3061414985416926,5.680393352012381,-1.933863816043413,-0.46818220832784974,2.779900759576437
1967-02,-2.775742962312988,0.2882781965925174,-5.570055608878399,1.812166218389799,-1.935369468886905,4.13386820694952,0.32586529455691515,2.5402953164260333,3.2951620890924183,2.4031347648685752,6.890550869540668,3.459870636553619,1.8720210930878611,5.982250394478927,-3.479764124844731,2.468231499245288,-1.8936413964254717
1967-03,2.1646794297326855,-0.7376260076889185,1.2165852759694173,-2.3554758204952453,-3.4513629990196026,4.689355255149086,-3.415123103062223,0.8385207337871403,0.1860414272858435,-0.4616853353899497,5.141641564391497,2.751334694676788,2.736434753431327,4.650349207097371,-2.5824843382803886,2.8470119432303376,2.000593521617633
1967-04,6.108148636281352,2.4336427732494004,-0.05319738321581946,0.7286047936044149,-5.984848258859277,2.5899999381051586,11.313170723237675,1.9651948630821314,1.473281965251183,-0.1833654708085608,5.28879167960179,5.558998492806877,4.400960214788152,9.013521808613767,0.4687308399164092,3.128330404172286,7.347775138732038
1967-05,4.50645252129005,2.6808495841915025,-0.2316091861161218,2.0229527516362866,1.851323644280689,3.7261223715499225,0.0,1.2572595583105084,0.5520167587727887,-2.564756404042201,4.092492652262214,4.29950644418966,3.747864064404216,3.9602359073104942,0.7506415985006232,4.083180116864971,10.243636762135399
1967-06,1.5030375714166766,1.942724216203917,1.473491070752564,-0.9959706615065511,9.044336085930116,4.277137244993567,-0.107724752879379,-0.34632999706116774,4.346070537682656,4.9104025073615665,7.96498431458339,1.6086016620891819,5.0898208521364285,2.999650607347215,3.899482910692109,2.918703368563813,0.09081105005168677
1967-07,15.299127867872308,3.216636687427643,-1.1857680659755565,1.9509320567022703,5.103255444073529,6.179757380204598,1.7383000466304033,5.768200013486835,0.47551814628759015,-0.21990945899381664,5.213414024616347,5.153903347883548,4.908932154768175,5.209906426478361,3.213593387461944,1.305444448266635,0.6143966302331716
1967-08,8.494768083167825,3.6287796811687256,-0.9912740392266528,4.6468028392263605,5.222218661950961,3.276909629739966,1.517312349198896,6.396762258097,0.4085954836877681,2.217163177562953,9.244844035750454,4.260131769447262,4.019832434070603,3.3966358178600498,3.300685708456297,2.0561636977387554,3.1984754211022537
1967-09,7.855831978894412,3.010138609540336,-0.8714074203420852,3.1351821756955056,-1.394592631578384,3.1405059199255847,13.087339287506715,5.06135424005727,4.624286451422299,2.402447499945559,5.151875473314793,3.7270766587106596,6.384204890307021,4.644550524516711,5.9961249071592615,2.5245110397269066,3.7501107890606677
1967-10,12.871355908619119,1.903194874307479,4.42702631926184,-0.6489325388210565,2.094224563195546,3.833374856304239,-9.943189939111752,4.611365887953456,3.2112611088662257,-0.012362417186484453,6.118143980318003,2.0112469786827125,6.191242826271148,4.103056036983399,9.120194845664154,2.708114406065887,0.5879121713022739
1967-11,5.077200829109452,2.2304114732971003,3.953929621033425,2.7767191655984513,2.158676352615596,4.545686304505825,15.492307070185118,3.9561134891169303,0.38528675089413156,2.291327751138872,7.411121337337567,3.11085018906041,6.1594732717816125,7.362911968076702,8.064486808346105,2.137549270498784,4.227166959744455
1967-12,-11.223934875324005,3.9728305894070726,3.5421023443184207,3.0863317676706803,1.0721363822561392,5.340624074094125,-11.631753717163395,3.6618241384622108,1.3146607780476494,0.003408769469670503,5.560424073088521,5.85721963363357,8.83516400130464,4.895345816714225,7.135479436266445,4.023020350585882,9.437646781935483
1968-01,5.107381754414786,9.215118899372165,3.933233930849056,0.9248753750711325,6.445408486395521,5.744749951793016,10.90350421098365,4.776547277506671,4.413362974271218,0.16244436913845917,7.002692289318202,5.051236364198286,5.849638917669364,3.533953321102623,3.677756610840044,8.75796417229373,3.4418920789974106
1968-02,0.8380105772396895,5.47433741786818,1.9333579223394626,1.821491013576737,4.877661857836557,8.195931063276474,3.5625456179340986,2.871765274878646,2.968686841484458,-0.031210461025865666,5.02055511976105,5.804267570107058,7.226128969411483,7.371960008099232,14.700545621592799,7.814399507456304,3.225866574760805
1968-03,1.8739600346562524,7.0072773535396315,0.191505781766943,0.8884528033411332,1.864127977444019,6.401321597433696,-3.1318106210415753,3.5580278561910816,1.7409737179083118,1.9916680908634188,10.394619408460448,5.262165723196843,3.5721654654871315,3.9097792256686192,16.763225565069927,6.225551698593446,-2.4552983660294014
1968-04,1.8325351965914338,4.301045802550796,1.3739870225987216,-2.620596658234531,3.9588957619340226,8.852123625954045,-6.6889812974678335,5.364189736987712,4.317270820065078,0.4532286292860954,3.854337449602707,5.154105628163808,5.003189803780739,3.1875163321693156,6.336145976323726,4.122041422335299,6.237279106422489
1968-05,3.1443203780961992,2.2530905138216095,2.397716721028864,1.3718777150006245,4.082105282126336,6.848359025604589,7.054717633271723,4.36296356588568,3.3059279747249315,-0.2537579436879156,3.685757148113411,4.036403015133527,3.471817634869878,7.596890109671195,11.315034892848374,4.480466759054846,6.649755449981698
1968-06,1.6334700869480967,2.7930253597786114,2.653094395576816,1.2669438549967493,-0.45740343723462695,6.998745463655465,4.996728930406258,4.001401918768122,1.5583171218854774,2.3709597475393362,9.255282390783304,5.791939583232719,5.423702382666407,8.070505719700073,11.400862537711621,5.116189788173586,0.5069185614581473
1968-07,3.0930836548774154,3.0690729292297103,3.2719255770800704,8.07210808576908,3.527586384872672,5.916978001135353,0.21177085592789524,2.4163974608079952,3.0011444730592807,0.1888938585691058,2.8773218892033325,2.1882901563278656,5.626805358186604,4.33894531075405,11.864077599328592,3.1568076011355695,6.23792437718651
1968-08,3.510763371953618,3.6269767934012265,2.880432415654899,7.873227754390788,4.737343406468186,7.424440780287278,12.628236048673958,2.34384087094599,1.4625828799622154,2.2384752706352096,7.716356596832474,6.514814208599473,5.072941737849113,6.242625974124794,9.22796069749392,5.639192852043484,6.901052220211645
1968-09,5.804165205670331,3.939606145067809,3.976254177133831,7.606270345188704,4.515276707684501,6.736757461603093,-6.795027554135046,2.609787024151955,4.673954810972614,0.09820762628347524,6.719402633819005,2.4982774594999757,2.9741227298788253,7.2279859699251325,7.790996943865358,3.9542580824419193,-0.08695651629544443
1968-10,4.721459185841037,3.20242113382021,2.7919625129736003,7.701178606024661,8.620733257731938,4.401602567922636,3.6408392683024537,4.031952068317968,3.6506288320846236,0.12887691829326364,7.624229250593739,7.991813009775894,3.9241657290745913,3.191353180161549,8.37229734817062,6.336623800544228,8.397641084742347
1968-11,7.050607999818803,3.916232631270522,1.3671489607926413,4.535978572013177,2.0141735124986404,3.8253565007972945,6.1533590361686485,4.702406475489673,1.9556365942192677,-0.19889002225146335,5.557302917333762,7.010495148060114,3.323200511501012,7.06408695321763,8.13483059682083,4.7399237711135855,4.699893213098805
1968-12,-10.331246749967015,2.7855483675578663,2.7482613561683467,6.6023230517942455,0.25740011645163374,5.799726080790957,-8.914299309991625,4.342925396026276,5.048793124451656,0.23075583121443533,5.072941737849113,4.489445154603167,2.803306578921516,4.7317280962686725,9.243466323695614,4.630338255286448,9.844386368771962
1969-01,-1.6271829875768584,3.794380144301557,3.768836052703728,11.040106877616495,4.257829853779094,7.006996919641728,11.287524005889772,0.9837331085162715,3.124837169396333,2.4853046286129388,6.889628255798841,7.360515400768852,4.922707211091337,5.205354015485564,14.461395631855467,4.431591850443817,8.331044395210041
1969-02,6.966315822937941,3.7624900714997134,2.0811057564218416,3.374563135435271,-1.9672015019801425,3.6159665494155613,3.7152465658048417,2.4405814651944135,1.4885916124254495,-0.026203877814590104,8.862768190108007,5.503427087179347,1.9209094972661767,5.4779079754272875,4.909742519718985,4.86650468293317,5.211244791356262
1969-03,10.003740336442647,5.0092591960698485,0.6242998609750527,2.7971392366096914,3.718085138804228,4.174735037022281,15.464002198048131,4.247166630570409,3.7209543817139368,4.735403831020468,10.200563507257954,11.145103017443091,6.226560516901847,3.798826498672181,7.80613855622172,5.660169168935347,11.623599979246823
1969-04,-0.11037018891355554,3.834185398090617,2.408844359361728,7.335271770091523,7.40212764822632,4.711019352381429,11.007614145065325,6.203426322228167,1.8647163737797845,4.888184897139869,9.185854161027972,8.864716479258462,4.869545526035801,6.416785680714332,7.842021214448147,5.003561183802141,4.659209936846809
1969-05,-4.893146023268113,4.514850349422672,6.0574546956769115,1.1989650690573006,7.560474508011694,5.738210517889808,-2.119794140471143,2.2170611089261882,7.658956350099366,2.5950149318706206,6.394026062202007,6.031733900313219,5.580993858920058,7.465557619064356,8.048703752476571,4.269986739554565,7.993194711935847
1969-06,4.296514490282632,1.9745512937354714,1.7255249058281352,3.6328494666603595,15.180421203122197,5.572938313565534,7.278280372074097,4.135885646308468,1.6912070763607012,2.516861174878926,6.211574046762047,4.965705594733683,4.032367980178342,5.954575834986153,5.045083554808172,4.965069291326296,10.50081642999261
1969-07,0.7763242957351757,4.431231744361619,0.26165152816071124,3.456185832770564,7.288992399154148,8.465470321943913,-6.5939266705570265,6.0030450797618595,7.664151568386046,4.285118833128143,6.1795960947131245,6.455938539236072,4.522485826178624,7.18719288801084,5.605488577354745,5.210961980937512,3.7189572617751576
1969-08,3.4778644353747,1.7526984577198146,0.9878789035308921,0.03201408592672372,3.7890317914826666,-1.8193706426885892,1.3354253561138174,4.966601200497678,1.5543709147312068,2.605736526522473,6.589538101930215,3.281007094987487,4.721199868001524,6.853760087032823,5.579432094074899,5.454221847530749,6.429244684049418
1969-09,-3.0759824520548706,3.2170409988548476,0.7641096776492162,6.491152419676394,8.016215840464858,7.722021085063635,-2.020813458482962,4.813150467627869,4.422241254481185,4.486540287819674,9.373554863202394,6.88083108342139,3.0659671558311175,9.73688169390754,6.5478349979393835,3.503549329617961,5.342958826829114
1969-10,9.079893832974628,3.7133318021201234,0.40660312423352885,3.2310040454757827,-0.3070229147946413,3.0295568164145026,0.10221028885555317,2.4360395070385232,4.2390318147603745,6.855160635405988,8.41031820662792,4.411349103399664,4.333741936700686,12.12834468884827,6.8437602380433615,4.624137545645901,1.5117183044108806
1969-11,3.715673805359443,1.8164411731465657,-0.9916275934224505,2.148588559787923,11.786843300335592,6.107927316007777,-6.729506161513166,5.979103941615849,4.604888002012308,4.435679630027178,7.183087689632495,5.015131797349137,5.388222364301387,5.006763593266084,6.064860655373017,3.4800094183059738,5.951677089944685
1969-12,-1.0513022075421263,1.3195324635906225,-1.8547607695429402,2.08012043035799,11.134077385274054,3.232823810764507,7.434296510025207,4.497977916257434,4.346359824117441,2.6520274345513295,6.9959771722962305,13.246787610286193,4.157661505867072,5.729883454302009,8.091164231281267,5.552001475916701,11.918373720298604
1970-01,-0.2912884440145924,1.697592599617348,-3.3919910236480666,-0.0948979117603499,8.5315240610343,2.4559625402939878,-3.615572123646571,5.201872556797804,4.944314310085085,2.160065273713374,10.006784703413828,17.354779952649423,4.002700571165785,6.167781186449828,1.780426562288584,1.924426466581064,-2.878017689757617
1970-02,0.5117571488405526,3.513111640887523,0.003641599814963037,5.1830215919701494,5.913916412583609,4.29200896858819,4.922865150658784,5.441459094772894,3.0918966305637285,4.3661531693591105,5.6256035560000806,14.545007132803223,5.115305819083926,10.577160186079372,3.189259565676017,4.306027665984025,4.725368543682729
1970-03,2.9929912156729355,-0.4649316349318644,3.7631805007057872,1.4594039103932088,1.502940476868142,-0.7240115091447841,-16.29252868608807,5.416901568804233,5.886070263556076,0.060903722426708384,9.442158296515558,3.85302997985868,3.346784628351984,7.936464118789277,3.4960427055162224,6.018810632352367,-0.5174461106685846
1970-04,1.464281710979165,4.5675393245996565,-5.235627964545331,1.1391081832819117,4.0075748634355035,3.2267968446529682,49.669955049987855,4.679999504954968,2.9146203174502894,4.672828119942762,8.36823175443091,2.4485656044035187,6.27910882254985,14.06951007059023,3.7221945322577277,7.4706608787803885,4.044692468345135
1970-05,3.5804490643155606,0.13010243747184624,-0.27679290929357725,5.909272807995514,5.0464727013963095,2.6969431755312856,-6.695103094872246,2.558831180117793,5.260509532775037,2.3109371934435297,9.018797198969608,3.172626062623163,4.983211464928816,6.428406539137699,2.615573782085656,5.094473997533444,5.296275316014909
1970-06,4.019450020272952,-0.12993339096306622,-1.31963426540872,0.942993931344227,-0.2955735685963634,4.691138750735324,-8.975257539624227,6.007587411148996,4.264914665794084,7.0738277110535375,8.24853720798393,7.39987294809592,3.16979362573675,4.163370578883674,5.520892023972324,4.733197929648325,-0.9662157655078607
1970-07,6.502665786058004,2.1003507636472074,0.5160814569499239,2.051831849654362,2.4547851290332545,2.8837177080749843,8.868487386191726,5.848520483705433,4.766316432535067,4.4344121362839495,5.440878713554453,7.580384124716977,5.854037610676244,6.821604992299024,3.2960958068395385,4.040840660247547,2.0205554381266477
1970-08,6.963056219060659,-0.01854126585220106,1.4771905703431232,2.366848826260437,2.9948391184400958,2.361524831439765,-14.900470061590475,4.606451992031446,5.428681408667013,4.063619105525262,4.204851222795569,7.009925897196667,4.512433656200043,4.56442435656732,1.899218948870307,4.867222317300257,3.620858697131557
1970-09,9.068375937449602,0.8563265610710857,1.4605963266606015,1.6956736025947716,5.6837191586734725,6.785152726501398,10.037438100341856,2.892629453809703,3.381342829806089,8.987530828297885,6.345057293263978,10.122705684099898,5.5961382094021905,3.327936606039139,8.0262888006144,6.283761798471765,11.364860541009714
1970-10,18.737886887906985,3.3868564513370503,2.869843911501091,-3.0373896238725107,2.913213398073422,4.552072216003911,16.89141044977078,4.199523080781642,5.403096021444287,11.699697543236942,5.235015796496301,7.944684926618528,5.36398228324797,4.185799594920092,7.732757978347027,7.014541106780747,7.898675521587051
1970-11,10.31157833007439,3.644339065500457,14.608309249778673,10.213537182384025,-3.4560394366453306,5.875442862146207,5.748449833201508,3.4349017988934083,5.789724520444106,11.729780976120562,4.547400673909374,5.849469420315856,7.270064796005626,6.714474587259267,5.947964791152027,7.652583942273905,6.501210634367971
1970-12,15.806044502041438,2.7421344773107537,1.5443875860348122,0.8387106606979833,0.6476756863182276,5.122362125451918,8.477916128954742,3.3630047909973593,8.008807904705883,8.45486921105203,8.699027138205896,7.927106548481766,3.021452351859266,7.11877681580777,3.6052528048716503,5.012460016145859,3.2762311041029335
1971-01,11.296532888023503,1.1270870928493215,6.647135735140797,3.2638273310796384,-8.99424959097036,2.7647838784110146,4.645653506821601,4.410844409776038,3.046091166003606,6.744719310366554,1.5218480329230566,4.080258197633468,5.906239631115517,7.871140583597769,5.126795180504495,5.81777320793333,12.500254222686813
1971-02,5.852216226621043,3.4698633181792005,0.06423772498123093,2.211778149893684,2.149814136762074,3.881196903496731,-12.954683690743352,3.5265511522962534,5.451941856115061,5.981177867581722,3.0609906915419094,2.187076172939162,4.663710929210785,6.594825102935342,5.952890726001847,6.784007149997695,4.142686991647948
1971-03,-0.26985226161679865,-0.5297799270339021,8.36731463166025,1.144981523892219,7.0667556649747665,1.499365939936248,-5.630458598080457,2.963273408724776,4.87464617808393,6.256106238581927,3.440802834192813,13.010764233366912,4.645659012648995,2.310606725260489,5.156326063560468,5.757312436977102,9.95912868262554
1971-04,2.1146403138851966,3.291431524400812,7.477362709836832,3.024368770530006,10.898634715944567,3.628536280296668,-13.067160965971524,5.55318700871601,3.9008410155173534,5.967935118162959,6.969531045894706,8.685663555036015,3.2389393580011028,2.1398374645140272,8.454943226426703,4.59266911054661,-1.1079612326343358
1971-05,2.662264816570614,1.4900733125337684,4.570094388200352,1.6381469743394383,5.060109511636468,7.16876416396115,1.1203890541733985,3.4303925205338537,6.707561430042097,3.993947081564442,4.961634597815245,9.125766463151908,2.5114759626422734,5.846345737408343,8.08517493433223,5.464212129181889,8.006684570306577
1971-06,1.3542667485920479,2.361044019101599,4.063962101643814,6.399747045862614,8.17282771559995,2.9354767252288028,4.863445660279009,3.8480039092462226,5.4723461890781255,8.272747430635352,5.330419425845978,8.985582453834784,3.7479565559264794,5.307427723389213,9.1921152374137,5.601083597098344,4.111416042952265
1971-07,3.5173555494895092,0.5111732292174542,4.042992613035534,4.066672162262508,1.5072910662528693,3.856045190604185,-9.814406993191128,2.5625006284982765,3.4243533029928663,8.641700428570797,4.533250959038515,11.639135707694258,3.9329809848850372,3.5226704261755115,8.50653460557529,9.753969331941859,4.895995856380719
1971-08,-22.4327071322893,4.51482956259508,0.08370145992468991,3.4872644719943446,2.324577592627697,-5.283828651520284,50.820516179861116,3.5843902902675584,4.51317846722048,7.8413901954590415,5.029364635772193,9.466616317945231,2.9433210582864966,6.4543514215218645,9.057943318405703,4.497712203681581,10.78526369966475
1971-09,-16.09733466947877,-0.4344670968171038,1.6189268016468805,6.165381220783317,-0.3438227851713882,5.015414540469143,4.718618137051189,3.5737167196338238,4.184713819536245,4.195177959722707,3.1039003138213284,0.5808152914521969,4.237170298400317,3.493812537632124,5.323482086170683,5.669353441942437,2.693233237658399
1971-10,-0.6579778088611987,-0.23563698027214697,-1.2288915551343482,-2.679207529467187,1.9110935748699376,1.0229277953809346,2.7762259248020227,1.648557503628667,1.5050985142737172,-0.5790311479117571,3.725516490101155,1.6202291862540408,-0.375959039335394,2.5004603862267105,5.080199858640455,5.880717207302877,2.0843900531172244
1971-11,2.0698909577697266,-0.41663147339269235,-0.4694493779171416,4.752707395238609,3.43481253489355,1.2659798892410423,-7.72276886640928,1.3505045489121237,2.8917235671743757,6.820257027336507,5.2346624539515885,0.8384118255195139,1.0726296396723622,2.821354450860225,5.716525990036669,5.143020535912357,2.8523590484554218
1971-12,5.658163316064457,2.8320419454112455,3.04332467306323,6.856955975770496,10.662457244062695,1.8586484317857144,2.7886676031595004,1.5852883891201541,3.740019213995538,5.568348162627235,5.721072077193701,3.456279735316725,3.375931027058976,1.5996464576672142,7.305220447301131,6.300029404724294,-1.0779022656124515
1972-01,11.476273162603977,1.366981092620545,2.9498779437326483,7.104489384921475,8.474064902800805,3.9032655737031074,-11.598417216027102,5.18400580169498,3.962341618385956,5.917257646479279,3.5559165979341945,6.051514308004791,3.495507856153668,3.709262693430504,13.290696324631046,4.087773997352273,10.972496519208264
1972-02,2.4922290852690265,-0.2530042933855281,-0.6192153879324591,-1.183768374518901,16.24013269976723,1.72784432637334,-3.5109740708320736,2.877855506721194,3.523225953446807,3.7312507920141957,4.7944366638133395,2.774093855661275,4.715031170743678,2.316886164756249,6.026278354435433,6.795055924860294,3.1789379247867178
1972-03,2.942114115549277,1.9351888935616346,-2.025345659452571,-0.29744915352718504,-1.9831327135715116,0.7385903440823682,0.09947361062589977,1.3383243360197472,3.949513873040811,5.724687988591359,2.914482796728479,1.5362160250521617,0.9987953118821613,3.1211048130634023,4.43168389587425,3.517719728015667,-1.3543301540904662
1972-04,5.410970345164112,1.491650267416178,5.046800605319146,1.5300662119615893,-0.5000336873944966,1.3079960581145356,-9.137683550970877,2.0407962782619915,1.0287560385948913,3.9101285034139677,3.0302292297110345,0.7005411478554491,1.752420252325848,6.231402731769098,3.0167466049211056,4.726952991207756,1.6865125204364562
1972-05,2.192820998309597,1.1975182303920473,-1.605123544143705,8.080555591146155,0.2789074325588947,1.4276976817909182,8.642583681331217,2.154891739314224,3.841747496131087,2.1726782332308625,1.5614521472582243,1.5333534177447206,1.4981776529059854,5.046533568880718,4.053861800415159,4.555865742705056,3.69434214213058
1972-06,-0.27055955629871065,1.817719432304199,0.8737762637972102,0.47403808063899433,1.6272354438321424,-0.6297449641400332,-10.054420161546673,2.2685004118934593,3.323207389649485,4.115278986281745,4.2493148404751935,1.3388034900861712,0.620987467589007,3.164507409515238,3.553165938357883,4.008386068207703,7.2773039705734455
1972-07,1.8099318776004791,3.0848517277753285,1.9611652006621405,3.6960122107955184,7.001033751591712,1.3057114454506635,12.513462707996448,1.5625817065434422,4.022641967812812,3.7927869464961184,8.632423629946606,4.455808311294707,3.1388083828718605,2.9962322305725486,5.005702631476638,3.244360221707021,1.8337984689585918
1972-08,4.310253402316255,0.05387809950305744,2.7282491975243905,4.540652541655699,5.32481299621097,-5.826417324237521,17.236282015725223,0.9799840828474737,4.2190730885289796,5.987558574869345,4.4497451243911135,1.4601759935515934,3.4485728360981405,4.3521763339144925,3.6660021582582303,3.011991358947408,10.663996477841309
1972-09,3.7358118446255473,4.357771777268105,0.1208676425063615,2.4337183943074825,8.818509293256671,10.861870575503163,23.855339114242803,1.9671507298930413,4.296663662314804,4.217493020782426,2.8555363276691503,3.195303039079511,2.36442390125855,5.71127482903504,1.609533755810033,3.8244813034369995,6.1948090394677635
1972-10,-19.669937140353788,2.1316161075288775,1.627125709931998,2.159600977029985,3.952453098534292,4.705210104179569,2.141212501504808,0.11455846011934057,0.7721488925016784,5.838843419027739,3.3307193070317487,5.670766887003831,2.42255748336917,2.72719566036983,1.2033282849977844,6.605578253968458,6.294241029919823
1972-11,-0.9538607749364103,2.383026816281375,0.9101950503759726,4.019972450727316,5.245835155716372,2.6392088493009336,5.624261304220557,1.4985314362599311,5.621613884859733,4.0957207780748295,4.046278625666644,3.3652143304876425,1.6681302642645113,5.348533547785439,1.8756786032541717,4.237600204405401,4.025592528795441
1972-12,2.563668758626836,3.9186490402526086,0.5489504331850359,3.855575693802704,6.366051789015592,4.99406086588039,-1.3326789959313023,1.7868254583816023,6.3598625578422,4.070122711425839,2.4734959156701652,4.065098229714192,3.926475307959554,2.7874595272745717,0.8655313176570756,4.445487746030796,5.295860773416505
1973-01,-0.8170399230113312,0.9457249715585814,1.3020073212843153,-2.2428962153111187,18.905459843022964,1.2694751676949556,3.2104978600853817,1.7841688619503415,6.824899878621338,15.125862979185056,3.064297418294193,5.347949453374179,-1.0326669384243536,2.624659295353604,-16.214536613848797,-0.9213530935029746,-11.578615049421636
1973-02,5.718378492365783,2.0608140386929152,2.4407712356735667,1.8198223989539297,18.79979089217807,2.190299206940338,18.192468975357244,2.9462780020665935,3.3024105599300357,4.640763791041103,6.812592760759362,6.105688953476918,6.282705885859241,6.423366797202723,2.58577231358863,1.7229613230097973,2.288647422040202
1973-03,2.026755717483586,2.147601933360499,2.794229634090928,-2.5564434962665805,34.15882321074164,9.483985750016233,4.5237382102669255,5.299384618342273,3.5689782453581564,4.61347453314398,5.434987287732862,3.122962447054367,5.609259752658002,7.274156814012267,5.7145872577700985,7.577257629989331,5.243908148617038
1973-04,6.54260442769774,0.6209645146154186,2.2273519458299473,16.11052057806086,18.925026000429447,6.621439735279511,20.164771047908946,6.409389342216332,5.529263972687426,6.035619522812641,6.135648088653234,6.513506549037595,7.636170123664088,10.650141701844662,6.817405819740019,11.681749077068492,23.01463663453287
1973-05,1.6002614448814123,4.5112812994462015,1.2718395341864808,4.761381920448393,12.637471666582979,3.5176955856969006,10.261969472062527,2.6798779817277074,5.891025954213958,1.9886614978768868,4.072179470639514,4.807719707861691,2.9866011363627987,14.718831822347255,5.446124774700034,5.015104582601482,-4.750628543403879
1973-06,-0.639486238174769,4.3477461902851955,0.7605308030121494,5.432359807123044,11.50805202922367,5.15596610250868,29.18591245512583,3.4249822899297566,0.2564821187079902,6.643429413552138,5.126121909262338,8.271143236454282,6.039532233842815,7.7929021615773975,5.908499982198223,14.01201828738159,40.851131620465075
1973-07,1.9078415454149455,2.575406060877383,2.0524769174211643,6.249339665136366,1.4453680011621062,-1.3242583973849253,1.447065848070217,5.751105748748131,4.405434305017386,1.9018952868997019,3.1045426768741224,2.693031015200198,1.0195070051087995,7.5072911403780695,1.925732114723977,19.24924669517962,23.491729640488956
1973-08,1.7676600731728387,1.091538591593455,2.107976791504873,1.8608783433496923,81.69028365965767,3.3945433714637874,4.113877764437923,1.1214837192781602,7.346687470765012,3.4382521555258005,11.663503100851337,6.138787172848015,7.269284113636365,11.178202702971785,12.34641143660098,5.649218358905239,-6.416099941304642
1973-09,-2.3646837952764677,3.1962769839248395,1.934594626876729,5.2229296339771025,0.3770764258339332,2.844498154797459,-5.40641807315777,3.741247877506315,2.7101496813645376,9.253460460184936,5.160674472259341,3.972495155513567,6.4694638619315015,21.352513690837505,4.381303913577184,13.418743960612712,44.87324657509948
1973-10,-2.4353433514403333,1.6001422060071935,3.426973091837504,-2.8961268476302426,5.003198783049334,3.3769455102671264,70.46879676914295,3.902140560799472,3.936900325304471,7.749364469149866,9.059481953074688,7.166033543375128,6.6848751572088805,18.880577973378188,5.381548426031335,3.885556129401735,-8.623298543469392
1973-11,2.426991512926291,5.192709556121211,0.4205664729270753,7.760798011143022,16.819458817281774,3.468564149495612,86.60252023931601,6.794090024223998,4.828626881414011,11.655383843954215,5.449112342280049,4.6162242661967,4.063200809984235,14.31811259763187,5.832657826358401,8.026342692459764,10.484982243912345
1973-12,-0.9741137144378742,2.262550376989836,3.6640480003227838,5.711549339989785,10.966725752828687,3.9976842747169172,90.72669975917805,4.32508589373215,7.555111483377752,11.551756388021573,5.772309540130549,14.248272725177525,5.26880722113281,9.466876757461694,9.30814813841403,16.220041510455307,5.409309507040794
1974-01,-1.874735713968756,10.849358430106616,7.222555109013773,10.003077388500659,19.20453496684269,5.100679852550871,121.76096725577739,8.020363202221104,-0.49550048413508074,35.83502874149305,9.621385351391098,2.7298042352218443,4.515894741409809,7.6873149634847815,12.959671081653457,8.433476593388223,25.471701559204575
1974-02,1.84174736605196,6.74533314713428,4.309229533396164,12.336657777786808,34.309673622150314,13.695908845995874,83.93348582846578,7.967139793215106,4.204510874842371,32.785076502215475,10.25765125895104,7.248077244330342,7.745400175277539,6.546469774829555,9.550661797834659,10.49507444994735,25.915180805568248
1974-03,5.610101295590231,13.594773780213277,3.6771473622901008,14.743104632164282,20.587216884150973,13.021400372866099,97.98778089944511,10.796813555562036,0.49082743537365303,31.703447094228565,13.766249613241621,7.950598932881481,8.314423421601823,8.253137143395527,8.66098307196772,23.660816466134584,15.502431566368436
1974-04,8.590602545334725,12.516260204317508,4.436603047175525,5.260701349668806,0.3477501416154771,11.316769608258648,22.654000674523054,16.62101201437336,4.399526237147078,19.995501010255268,7.402462180571767,13.088596381302242,4.321145035841001,14.151125625908323,7.131349168294787,7.337095865022025,30.23525859579732
1974-05,20.78154888617185,12.015135242960785,5.919020413320553,7.442821516073206,8.048784551891487,14.028920603121042,30.219635748053086,19.292460398233956,0.41157790712558207,17.499981883961667,16.301038734075334,11.422614659884033,22.662029365610394,10.935809342835668,8.88189971834703,17.970077742764158,25.589725135645036
1974-06,31.975051678012555,14.68488989261676,12.80293561884509,12.443476305251444,0.6485412293359083,10.503344769711887,4.788002365247412,19.540882985285712,7.274669313128546,11.745595852662728,14.64740479128579,16.030793770530096,2.8415291677204912,13.635070961845308,7.168432931614976,10.890924955635107,13.39314537954106
1974-07,26.412708149927177,16.208261927713274,9.46599011924183,5.517269955586501,-0.38707548279439674,10.260639827181883,7.396826821888625,24.727040750876018,3.6114789372799994,13.823093439677914,11.799023969461619,11.415781801397994,9.880483776252568,14.813888751999492,8.040412090012715,6.798151220977466,-9.863498271132777
1974-08,11.527410714746145,21.294345842007758,2.376309864473769,3.969916581594979,23.758089306267216,25.905547887020287,-3.2902095820250166,17.9050499145784,4.132070821776024,20.694390783508542,17.387319192454864,10.8197341877176,7.641400167477652,13.028495602307144,10.288571148222324,8.200631203297437,16.98532287169554
1974-09,19.64400627792704,13.338548220353875,10.464857053661692,30.094586045679538,28.101932094003736,1.7669593318607513,-2.4536130679257084,18.630184531450734,7.062131069773403,16.681267315406267,13.783932219107541,19.0261783988646,8.779528617969824,9.496320975302975,9.022390925773704,9.725812624934726,11.55871040401375
1974-10,23.2546772797259,17.2674570281667,9.302679750689148,8.459612072798173,12.021203673956716,4.30108660400943,-11.915435956085652,17.146714564762267,8.23309041677196,8.079761180242627,12.39289596267714,10.146109978942231,9.309008066464685,11.795269313978562,6.523193521534898,0.12092506221348387,-0.8846553627209874
1974-11,5.8624053187257275,11.882110226201936,5.697606373069775,8.124097946165154,14.992094206919958,6.854915287765162,-4.431169055076822,16.570124140786913,5.891207823461664,11.62773245067985,11.385626014661842,15.646982069883798,10.542356558553445,9.262654370510726,9.034868077509707,6.14863360022575,14.58505564192496
1974-12,6.151104542946517,10.86443749318815,2.9738828588052213,15.06622384693066,17.133157283196464,0.19289378104319077,0.12620949115655922,15.358002177916742,6.726390798160864,20.53182471501842,12.808921875782264,15.264262414680507,13.139609999917855,11.590281619115906,7.507499331613676,6.9455684531801065,5.521765615077556
1975-01,-8.561274360091808,8.456462500266593,10.073295545255467,0.9120596212609078,5.799606429509185,-0.3403853201489948,3.9806524707607593,11.605560010533988,14.74852485057645,45.948752544774685,9.136427477263286,13.117864370093013,8.886615533400754,8.635402127698665,6.400151409210575,2.479026900250081,-0.2818818467569817
1975-02,12.680485039484179,10.076162462832805,5.161882139494001,5.5569859584729375,-2.211090478489963,3.2042052357809103,-0.8140855364729305,13.111881270730263,6.867826438491043,14.316579432301179,10.331766569360145,6.581856025930688,7.624222283824378,10.98924870046234,5.504615890722575,7.208655272534825,38.424549305035384
1975-03,23.5936985401771,5.779418863343944,5.530336035523997,5.1365522478289405,-6.473579510327965,1.8642156807968657,5.018015441794876,5.81394281393719,3.4375385476424603,1.2258583217752195,7.033015343551585,8.201014348130919,2.666985891050766,4.932291062958649,6.337038574310494,7.6089065564604486,13.50572218407935
1975-04,4.244627889362995,9.878215618025198,24.9967668883486,3.9433971517012,-5.788266245030671,0.8299835545202416,1.895578934536335,7.4521896068484805,6.701748910805461,15.382183436484942,9.870591330671207,9.476891355139472,3.689184874579743,6.12602547408525,9.151014927917611,1.9031005549146274,-26.61223521394015
1975-05,-3.5076516531264312,4.925916737146152,-1.4639959534689662,7.628438798905135,0.9736232307937742,1.052641484950012,14.590993115852967,1.4799132509863755,6.675981648768126,2.322454924228823,6.734463819168757,8.52055774551037,3.0294723385095867,4.950536272488715,6.987101749894187,9.005014647379905,37.45274340391305
1975-06,6.363020112540707,1.5212427893524394,-0.07345533051976716,3.5220264421601977,10.745735570783065,-1.0562765663175044,27.742201348435238,4.1606440699883285,6.540861072453463,10.213701029818733,13.908726827797357,11.665746164441494,4.863970997704836,2.993899864839178,6.16024471942036,10.721289456692595,7.543611119564564
1975-07,6.298624163629674,4.961317142217325,4.61090565849791,7.29405860067347,18.723189350290028,7.348406885866465,46.383560561270976,2.9659543672862387,6.7211041696472185,5.520090704480074,9.828168189635122,6.665011869762361,3.8154661729451034,5.737596808933998,0.8552033029709749,19.999095507943675,28.50472397906172
1975-08,8.464244153204703,2.8203440786986667,3.8140046204987677,4.713197158124349,7.799700418187139,4.9186695588252505,12.588238896031378,2.3512528108855735,3.604283540369657,10.392564627061907,8.347041496072638,3.9093848099932105,4.180131460986525,8.77307896009909,1.773536445641799,0.6296637883111078,-6.514213896509968
1975-09,9.402122366208587,7.131463666021864,1.3585357708857604,2.3476745751222605,-0.9367308468234969,-3.859950512591326,12.069976426623331,5.649782676068371,6.470431896082762,21.08017787153713,14.057005467898076,13.834555133233795,8.378289484184576,8.133400472706963,4.510752651344507,7.368717141607761,8.477091052865248
1975-10,7.389581553722713,5.835626708328245,3.656227897104025,5.118957219580378,10.992122505836432,3.0164010949165654,11.886078328586013,4.343980187561147,10.481633934172807,9.56036849030204,10.264145266996039,5.185940460598504,3.4458423514876824,8.45971491220201,9.66268016157088,1.1974483951906034,-15.768128790691494
1975-11,4.172013998939383,8.284511563170227,4.8658792080296775,4.893918842720391,6.732821572350511,3.339854690565214,0.6291835788262867,4.987450612455913,6.851793803634587,21.6713996500691,13.978020182557827,9.394783230714143,8.1856726227312,8.590124127588151,15.772321634767472,10.068012355547085,14.14581471864318
1975-12,16.71498611530633,1.894711763132717,15.108176560504937,5.177862342328976,4.701245587571412,1.9863375092354252,-1.3595598566417122,6.672011605039185,6.782028245600746,13.672787168737411,11.82637455729414,9.638814936045348,4.627483682306499,6.290293913433365,1.6731350121584665,3.889496981503404,35.150607760511555
1976-01,3.726685122171003,5.167989633970027,8.359514857010186,7.810863234695975,-0.806176365321587,5.460084104925977,-0.625961212272963,6.6825886544115365,6.865770299819718,-1.1750386725806528,7.7691702948168295,8.882028830004817,8.316689181638726,4.494311627500247,2.7988507139061314,7.053294916523956,9.13581549646334
1976-02,8.364174236829914,6.507708790228484,-8.260625888553285,-0.4541598723948437,-13.13265168180957,3.235494092088209,-8.815375744586639,7.879162340372048,6.93353123603988,13.335367961852818,7.813195442850596,2.765083828010817,1.216201418817353,8.514243889470663,0.442049293648461,2.421907351307695,0.5788106557067518
1976-03,5.159937648385027,3.4548654248374833,-14.249311091698402,6.335097618454322,-6.8737888781183365,1.1479166192616352,-9.512607161086105,5.808242664112484,6.560998510139671,8.081117050436681,9.645357625522388,7.665403499539836,3.21818781805967,4.745345546209179,-2.936431928563199,6.055070314223876,-7.320236820598169
1976-04,7.619325212401207,2.0570263453181026,18.065364201436516,3.045516343350063,-3.2472392235463943,2.7933599014963173,-11.630233704481386,4.857373356335715,3.46716252534478,5.6444123438423865,7.4237489652551725,5.801773323516546,4.823316722723092,6.528621029980353,-6.485456089208763,7.1390974968065235,1.284980633455346
1976-05,5.998898485627735,1.6050871511704923,14.152926861221072,3.650511744470153,4.702755184519569,6.771467019338462,8.902726908824278,4.472214482407955,6.354935796397165,9.175458287077888,8.392531220705468,7.78224970336896,4.075364816084881,8.069085358807904,-2.526527514906629,6.105329516649438,1.8982666379094848
1976-06,5.109049490497153,4.7906895437959784,-6.927964024353828,1.9133222886043688,3.545395433873577,3.700997911189541,15.429820978760844,3.4150042129318603,6.745794870554289,10.623830724362172,10.749345290518853,7.230135148727346,5.675672432856627,4.2589795579838,4.66334988573589,5.4406244618101285,-6.260630717711557
1976-07,4.916901539874297,4.72734070322316,13.207275679034481,6.45659530483671,4.548320633323399,7.016160316885034,3.268834060867354,3.7200998652007877,6.229729965780528,4.127765327724853,6.273439099813483,4.919126635691562,5.701155974011973,8.228143080694682,14.34626994651711,10.441458037731067,-7.613661509838121
1976-08,13.549091096780064,-2.632265950911139,-15.85933111227269,11.334804078223758,6.165107057877761,6.372503060047263,3.9710677286343143,3.5291840097904537,9.817272835753531,6.548945031018016,9.768423704078888,8.202882052856575,4.434032812129063,7.2149561937984386,13.929468904277375,7.199194730291714,16.589789813312805
1976-09,13.518272873416137,3.502629415252634,12.2107975692606,11.100255868541243,4.185819269855795,4.308459548329546,9.417318715759016,5.638718466262094,6.752239707570684,9.605463207250153,8.33174911722696,8.346041097872625,5.96416748844999,6.404603970898148,8.568043521552804,5.3385900592114455,7.512537022509602
1976-10,19.489424908290466,3.0715763278473363,9.116435147568946,4.605825991765222,4.733959428368917,1.388899676276889,14.953330796487286,6.248387573034719,9.387183448060954,14.534152405486145,6.061188634029713,5.36178054227594,7.0762153566126695,4.744005787640959,1.8480254304532817,-0.32054108575279017,1.6484387147176705
1976-11,0.9175751532198406,3.4110184232391205,3.3248170611378525,1.3450374904307782,0.7333869079360733,4.49286811269225,13.629229583690838,8.504013794927467,6.240807954654759,17.713668634151645,12.025655801126511,3.2474785658918925,2.512031016559235,4.667890769168115,3.6658938293795185,4.980186009876686,9.671129806021428
1976-12,7.805173673178767,5.58991635184527,-6.263492583951269,4.703011912404764,3.7142091459790194,5.546130421422446,5.985588633176708,4.608738616389507,11.379895716024357,32.15234094646071,4.172743292201919,6.960641654048461,4.76634981033246,6.436719709358352,8.121142352914102,4.903901996503368,30.693407366917324
1977-01,2.199489564628143,10.001588120172823,19.30803125218268,16.496181835590583,3.149300756789475,7.203699593703994,11.256955748864161,6.687955577686644,9.718062033331432,10.09312011772867,9.180148656119357,6.679724657157071,3.7918043772218635,7.039628067624681,-4.744547722038139,7.633988239827771,22.840535314743036
1977-02,2.9902073665867057,0.08307564024732095,-4.671342216888963,-7.538738368272946,21.795508600162194,14.8517019858607,16.200243925236755,7.865834130984939,13.10436457387456,3.812167206029282,8.323198392662734,8.717919991279889,7.690281582099301,6.595100664287079,9.779399010716382,8.151321519309995,-0.6676792062563552
1977-03,5.097388692487348,1.252709671165264,-2.488410643956973,-1.1111731848081563,7.867016382005709,-11.089798595309897,10.828688579821266,6.607829315954583,7.968654337132741,17.737242549357866,12.405339394071802,13.48652311139178,3.6074678138728,8.98721890512737,6.900848492674094,6.530509166246223,-4.052986602176977
1977-04,-1.3539918570385723,4.832099481568619,1.314219034838171,2.8191596768235128,16.10223187437363,-1.1296201841496156,2.1652001837737522,4.16504764160146,8.94746718203061,3.686180552214413,10.344022923656615,4.614763472641448,4.8382869817873875,13.167794903190222,18.581623037427164,2.9594890997829415,-2.7283096122000083
1977-05,1.3204691336289542,2.5353331559550885,10.488024642197535,7.070579825236156,6.967504778071376,8.59607268550513,7.925244213492166,4.366585222939268,7.135584633712622,-0.7309381398339254,7.689730341383294,6.779865211855518,3.336590820442331,10.383196390514149,13.29632622383734,1.9946856235617316,-2.579108115688755
1977-06,2.4697883318748115,4.644776184347887,3.6212558834121333,2.8428167782339697,8.459318021480211,7.58905985346825,-4.4776290093923805,9.098506149350992,8.33877953967448,5.091216339111826,7.893228545557407,7.583836050617654,4.706276248372054,8.409806009452424,14.252177917556486,5.31864305017038,15.56366372642557
1977-07,7.562000176407979,4.05749307937735,3.7351170853538562,7.493794085618899,1.6158796704884626,12.529187152411868,-4.03288326207435,3.806884122639742,6.949948232206182,13.566948921150912,6.427876046017222,5.868974273371563,3.216951362210674,5.682169150824046,20.39257219069306,7.318666470180402,22.62023056048996
1977-08,2.0852032933095677,8.707480300102887,1.3461843772305748,4.278745375535942,3.664400387712319,2.813031275022415,1.1304131440559084,4.817447877542236,8.692537181950932,14.71758416739597,5.901424929625887,6.115258158958969,5.614195417703871,8.032009348809233,15.391293331625455,0.5669235720756616,11.583600119529258
1977-09,3.2289003157620177,0.9800174298586928,0.34682750619716707,1.3049654161384705,0.9844504632042783,-7.978385118698316,7.181344271625845,8.391358861928055,11.723679461481273,2.9811899512981244,8.4253131868693,7.461066033216213,5.736301000943933,5.618187580373779,10.217608557935677,0.4634091030547127,3.019819207432972
1977-10,16.226898200635766,2.630799156205832,-0.11152083016436887,-0.15628049192826232,1.9023245887397566,4.500199874098865,12.766210335305207,6.1279402156245055,4.399028404633176,6.672749219070329,5.026139663017681,5.188727611399924,4.875557424487331,7.22590004723056,13.01328529703316,3.2841690326433026,9.019371165015965
1977-11,7.545291352969086,3.8212028765585604,2.8902480516260987,3.7960528053290865,9.084538747239845,9.29738741591315,11.521141930874968,4.99426350805916,7.973467187900529,11.667381256181653,7.5112015835385515,1.8115975355341707,5.587877954916909,5.29034238971835,10.396655265186983,5.782337011117855,-1.176006138805663
1977-12,11.533751745442578,8.430524151449648,8.218170304192007,12.094672324432976,4.662368792541383,2.960477390708638,8.115191868580297,5.015600294221767,6.954082105541848,-2.3948257638997106,7.059240631541797,14.655394849422954,3.677250959020273,5.641433212697189,-0.4337081361265316,5.433064010416455,2.4528613841874103
1978-01,8.86081137979624,-1.0517285187404801,5.0087332021296005,6.356036412461963,11.803832591012275,-3.1365110165274768,-0.7234799089265276,5.03659690995919,6.13338016518048,-3.0644053576605157,11.609628902681312,5.80809191474716,8.895601387728668,6.256454351116836,33.22206787896083,3.1928678790998033,24.04321086633001
1978-02,4.657626048138153,2.8482990245447315,0.6316178636052827,2.5089143884380327,13.38915869602506,-14.59404440524209,-5.854902001148899,3.771427319076359,5.823108259535137,15.916768704916183,11.003038212398186,13.364834190494745,5.890991925601741,11.122886239787832,13.292269520243138,5.128776989754358,-10.476211558703696
1978-03,5.89429589449173,8.172309124836508,6.207715827320093,5.271177062593635,16.551336837732443,6.70499123769106,2.4783972259142972,4.419339832118796,5.340942116648506,14.54788373568434,7.920388178756799,-3.156281826557983,6.0549094874622345,9.544065093739995,19.19671139514083,5.476948183305863,1.0249751188032175
1978-04,2.160619645253292,10.886029199192127,11.654013554916887,0.3933346517242864,21.65182625037354,12.676599280137868,-3.7331786363128616,2.8483094528410025,5.559153607410505,13.908974333124547,7.3162688038817425,5.997836987466232,10.62206076434613,10.334561077045956,21.56357686728918,8.171144862483803,6.756746878370712
1978-05,8.179037778545094,6.167433707392367,3.030126075446171,13.578089016020956,20.37688143383809,6.899339096767854,2.1613670844788047,5.093444508629119,8.220199292598585,12.693057947618591,7.271950697029839,7.421495690507651,4.180192218143808,12.418661335311509,4.1027920561443665,6.3087782455437225,9.866579386509521
1978-06,10.583624960331539,6.8014717109134315,-0.8268710690251035,11.313567614866793,18.498300021860725,2.869357746841361,3.064494596105094,4.251424630874201,5.458655547654145,1.836117550359928,4.1601492507310045,3.8625083743149213,4.961298616321286,12.998304027083885,5.217349790498882,13.188331325060076,21.66884869502852
1978-07,8.851871301287373,3.210176578956414,1.9421705066579698,7.266514093581344,4.769821694728926,-3.9645989707138396,7.858275871095133,14.354362916575703,5.863379396519308,0.6370451219378959,12.670343741617973,8.809295107578642,6.210566441790877,11.305824694204581,0.4049564248681081,7.724156228075607,24.76642772610258
1978-08,8.530900570675959,8.215412400836497,2.851672029139829,7.268128018998121,2.131418585858813,0.9401688782348039,14.34575961719915,3.9069606901243947,5.573853369137161,2.889867428494197,13.42315292220604,5.611925827248321,7.83658848376001,12.898757880583322,8.049694223035697,6.5315234373612086,-17.632472883858185
1978-09,5.907643806655449,8.409367493011066,2.9954822168401174,8.333607052265268,4.3994054895851065,0.885533820508333,16.50509990365414,5.832026895498865,10.720468197227873,5.037512448660619,6.825438716899179,12.674792568207938,10.179225719733198,7.235316370099287,3.2594802864266192,3.90292043995748,32.69043289373652
1978-10,8.075468113291118,10.29758198482973,4.616041429782003,9.867510953848813,8.729436744264918,4.108048313928325,24.59131771672012,5.641898514484467,7.989891294188833,16.972747594220692,13.515497306634593,18.79689314799704,6.180762787223881,9.829370888108645,21.218041195349425,6.321230527509769,-0.07667976239412733
1978-11,8.52307329975799,5.497450551666816,3.4465461145247733,13.56692433090101,6.230779397434771,0.7210303903624427,22.003461636921774,6.504636579354739,8.630961129684156,0.6442759931495123,15.5854791943709,-11.842397633212453,4.273474266886668,10.668432307301012,10.595682738949908,4.269569834556175,-14.564633859407895
1978-12,9.51546035832247,4.96859635125817,6.37613985812977,-4.579608500244447,6.061676591913412,-1.8985518276351532,21.841790124164806,5.066024002843417,5.992018681468125,8.894987214747685,3.587699435804237,3.8764846052622204,11.48583907585381,9.41236406969772,-7.621619601481433,7.5406262205022445,20.51866356426222
1979-01,3.5973320411252674,4.908600939278052,4.569605950873967,3.468020624208412,26.54211627381242,4.084380425008272,11.274808451957007,10.820936517500247,6.483558351966945,16.229513073769787,17.479615503381375,9.243424386739951,7.720550147490757,10.039488277806363,-20.075776419864198,7.493558251073207,22.445319322679435
1979-02,13.537569255030203,10.778710314338348,4.029732928592522,13.801699565921432,19.78238565892776,-2.0777787451515373,12.009995599578849,7.465557619064356,5.243377834429208,10.236487868455146,8.704527213600265,12.397755806019228,-3.3335490355743236,13.796404362639203,-32.79726701302608,6.438977463649187,-1.346025671157347
1979-03,8.3285756593529,6.074472056337354,6.969175931823579,3.6943887816452747,9.149033663891126,2.801890582216804,69.65799899856056,7.180125698649409,5.151724095670085,8.027178486598107,7.263735950526273,7.474314715482944,10.72190072433945,12.177811516940418,11.674037809557136,7.105501215246202,5.56060807217913
1979-04,13.570725535533757,5.288363839838861,10.677132562756775,6.882842061559802,6.364654249723656,5.983655097629059,79.57793487920648,3.512340140763781,4.962119048240687,7.442327689946948,5.937201856613927,14.118341980590987,9.974341999684233,10.773100886140208,86.2765185296261,8.671752859189308,17.81686610818136
1979-05,4.828247373025918,2.1166099360858226,2.149728771069137,9.233135404105465,8.665561512454412,6.610304474152784,78.5072401259093,5.197861192153441,13.405524033019267,9.422996514138827,7.041810979343643,10.476949849242502,9.24857383468487,14.629531385370242,54.49459088531421,8.860938773471027,-0.3797697497331276
1979-06,4.161840526605642,3.3367282898708384,1.470973286084476,6.0687168343076525,3.508466033730162,1.0559332868870452,105.69968695891161,4.136449249275187,8.054480254450302,20.79980787715996,7.142397490687613,6.7514227889575285,7.014529200464259,8.64564989414507,10.954181648487783,8.945954823696912,38.14007839000375
1979-07,4.400329272039127,4.932729816968107,3.336200503238307,11.61041977767896,5.978010919611032,-0.20978554882914446,85.59631903507766,6.982407298153603,8.021876658938076,15.991780778510801,11.039091793597722,15.08883555107019,3.476075887656749,9.999311378498321,-8.011115792523803,6.765015611328007,16.931091253488685
1979-08,2.971548679488545,4.529880848694012,5.250651927140559,12.46611628519998,-3.754769030536542,-1.8094045991326357,75.59698094680873,9.736842617692876,12.721111158397447,18.87929553811063,11.589343691820808,15.544997975169771,7.396739267318675,8.28107463194765,3.429513508785176,10.66902884106331,8.030943186499906
1979-09,3.2129396884426065,4.006570102962614,6.3611233403628065,21.478779769632283,8.563165867780697,3.6893903299654918,62.85479071391791,5.429920466471216,12.63216927235431,15.444435654768473,9.344191067431652,18.524362850102328,3.615973324004651,6.849895874351386,5.540173922642233,8.215891639994389,33.87116334626099
1979-10,7.4591895371853845,6.873616669338567,5.114950456546197,17.27144420511424,9.090083120862769,3.4209618465115277,26.569746680851345,6.625446017047398,17.86067489619394,17.819270150115397,12.533653553300894,17.13601032212242,5.8857998358524455,13.325735678430872,1.9204095360940032,1.2209908498369115,-5.854682010447521
1979-11,6.254984935096197,13.279813678196707,2.151013294929327,21.29838221199907,8.21285168085737,4.985602300058356,20.706976302898617,12.368105848452004,4.618136399280481,7.730058658653682,12.191171037596703,27.324758294497542,4.823845745671451,9.456511129253297,-11.825790346428477,12.077024933392089,13.945190603135504
1979-12,8.374338061133479,5.537338803091707,3.7317506530785582,24.500143912556016,10.126548905104471,6.306409676443248,31.3595523424977,8.386531103097505,5.820930597519047,19.103434998083912,12.843501696272973,22.337624881923634,-3.1825924452685284,10.846116710410069,8.543074888246348,11.808843325241526,11.308193852451097
1980-01,12.73203236501772,13.005858245836578,7.8683008259814,26.865829200989786,6.262441103046834,5.536328324840256,115.38904154927363,11.450824103349433,8.363528644900109,5.590413405632244,15.177734024508794,14.489438056112846,7.809643105698449,11.159995931008005,-7.562455871119922,10.915702769205016,6.278043959424218
1980-02,15.729570560111217,11.583818873402517,9.77082518468495,39.57251236986741,-1.170147559711654,3.284603880054493,70.6072457247193,13.803313911327763,7.70681172513179,29.234177164359565,20.81689942191065,17.19675038526769,17.381130674633294,8.813375689072744,19.896367103234702,12.363991468025247,-0.9900155991361625
1980-03,3.272412729304519,13.697590363760614,8.919290074472496,62.700388881224065,13.12342790887282,7.443185823191523,90.66474355145779,10.909804059817807,9.069754870267799,16.477213829655547,10.727970260033937,10.146908179696101,15.15079104126209,10.796278424119233,22.511577830155073,10.707870315465563,24.235092346620068
1980-04,9.193443502289721,7.237346920966403,6.201697067658296,11.184104524084315,8.628319109166661,2.416542743228134,-2.2059635242032694,9.646735350450243,2.729998294464142,19.70894518257671,12.03258324645413,17.08129552575923,11.051612886973206,7.194679451159258,-8.91204670447655,7.867304754633131,8.760848900121276
1980-05,5.2987947641528255,7.304122573724459,3.5961118774185064,13.570377509547749,9.475139558153067,1.321842526574657,0.7287335528830097,11.287979613504273,12.286778758748419,21.69917300800297,7.740835096271437,16.38153420284676,11.38483037300453,9.535802119960257,19.811860222449297,9.472756886124479,25.059095553148868
1980-06,-2.03740302568739,11.319792106553539,0.7369007718541543,52.69153212536604,8.129095565682709,3.271883544531917,-4.681800282239534,10.625399711478867,17.486699402674954,21.62251088382836,10.72074577132045,9.758819353449999,6.427015654430335,10.11383291404091,10.112753762468941,-12.885107980775635,14.645969796055791
1980-07,6.822102010640418,6.197174598752775,5.922984048164781,-17.03990540798449,17.633540684826478,4.090545147707281,-0.053970180173545934,8.962666207310743,5.515751344079489,18.02289272648303,13.439309007123178,18.636783987635354,9.38996450642553,5.195255413723099,8.21688623492376,35.52632031017309,-24.886233806238454
1980-08,14.103291952078312,5.821132043312938,9.618632970688923,27.363924794722184,23.554944464921633,0.9285349275377941,0.6226082346125983,8.142998204474505,8.851114928005765,11.428528952136908,13.749398381598187,14.4302297998387,5.531140195459239,8.529278753163204,11.173884129009837,8.361949687722902,-9.386086126782367
1980-09,14.68016211833596,11.718547345469998,9.189454883201954,5.217976975054239,16.701683051526995,4.533860817347346,-0.18868978542587733,7.839856362792608,13.94655309090924,7.744485213079355,13.658744452477123,22.660250959898143,9.190478845084971,10.257028266126955,18.223266448482022,10.601623425034123,10.679185445462158
1980-10,3.2031273319497178,5.330368951855569,2.360139485109536,-2.9940043627690316,10.106383471643298,8.361735305563677,7.044475492857605,5.351023440438629,13.88840670076572,8.366751126773808,15.379304940063033,11.834395414682785,5.905338007345806,8.356041346580302,31.180100466122916,7.175680144267482,4.413000424578706
1980-11,10.993579699564137,4.165572306055276,6.323015003949561,16.580762704447327,14.847039144952756,3.0993508422409777,4.266815196860252,6.04999662596426,9.455753785604614,10.58596021635909,11.701149343621676,10.251801359717682,0.0379128946727203,9.972808969577862,27.81555180920239,9.775634584150694,14.590453155679771
1980-12,3.641118778665464,3.1837833298013596,1.8386372651985061,4.94470483484426,8.076613517952168,2.386993351203537,12.89716820543747,11.216033734101561,10.660126796015001,14.661890926072108,7.038718646145847,14.684938088273736,6.116137490451701,10.016127685243536,4.458282335613739,7.899659398291492,5.454677338058556
1981-01,5.312142591144475,6.36152327949473,4.547561599348304,7.544047402128218,1.716044606987377,0.43728749806135614,62.25641148859877,8.824125711419883,9.733022329902585,12.786457992773514,20.102573462080198,15.683845568286836,12.802491936412185,11.184165727812424,27.40067134498778,11.444699836445583,-2.6759908862035053
1981-02,5.059886767694266,17.9197742794589,4.033701888645491,-12.581290776491194,3.289745597801619,7.19448661665556,105.00743625509404,9.384255268341724,9.515097442014376,18.722612045461172,10.133847009838902,15.893896980813116,14.429539369046829,16.51214885650503,-2.925139834353896,10.852714953439246,18.316176736252455
1981-03,-3.3308848140155223,8.342858226175931,6.2892726353628525,-0.8272639430188855,6.127063541010647,2.8623621317930503,41.90169393063785,6.145274700984427,8.771242692107517,9.934834282333437,11.061375042514566,19.612864983810052,-1.539841227006633,6.553549058439434,0.8734629065975108,12.287618704847514,8.62904318284472
1981-04,18.646181271461405,5.115676152969084,7.061018852325662,7.925513359748559,-1.179966001477517,5.486657510077775,-16.548586160068226,10.020882031471778,8.64044029637161,18.946818807171127,7.977166375271105,2.0361049039852697,1.3017221668477186,7.582002251976805,-0.3616305635299577,13.345610751515991,6.381436350649339
1981-05,23.0556704774199,5.40681341818956,2.1255321038464947,1.363891641207693,-2.761798282781658,0.07387570079275818,-15.63492011659564,14.11805596941118,13.631370247646469,11.373805067035182,6.782615934708502,-4.766934055402416,4.715465750631753,7.377194569739931,1.4957542246299083,7.133511093982237,39.696314822754175
1981-06,10.382535895389221,7.076617548629915,-0.35648797331289117,0.8906597691543006,2.976022074081053,2.3511151745558845,-10.908255363706443,7.114975755938779,7.744293013218018,13.162905435837867,10.183582304524009,12.504108216739107,4.00840692125648,6.903569596356496,-9.212778789411791,8.414066707273204,9.666167035402085
1981-07,6.779442132240399,7.046379377215928,2.499470611114507,3.154857398369715,10.241212341570517,3.9387889579727275,-5.3527320073991635,3.385617888891801,8.496843256560815,21.180598877783076,17.40141746416548,17.35023759468892,1.5882702972817908,7.67879879499227,3.559033973603154,12.256339432121433,-23.46772172215732
1981-08,6.27930499401641,6.73757301200868,0.33528247290899316,4.511159926408803,5.63715059715082,4.970804101522885,-0.024287810436207646,5.911460102793953,17.761906065475497,16.050355443715425,17.45461466905507,5.278051470853518,6.6005340783381605,7.359581576540397,-9.987547946525355,10.124766717230926,-9.328498438602729
1981-09,5.273542313920521,8.981716654401527,5.4300532495536125,-1.0917020222320661,3.897990902589399,2.4539803938176563,5.044061012314893,9.455974041702397,10.877822242309065,11.251528510795206,12.19445892719313,10.48041850885264,7.9628770438122665,5.790993722481619,-6.3398635658097895,18.06885613751479,6.825255945554365
1981-10,6.896153815033834,3.6986899219403124,5.967962487203127,10.428807627739655,-2.591840663982603,-0.5705108579494023,3.4149442902138505,9.283088414783025,10.215710900546092,1.1838975942561891,14.525689486477656,6.072825165326634,8.689216194342308,6.178173980172219,-3.1990459810971372,10.383149644056356,-4.432888584389594
1981-11,5.888093489659685,7.058144142490175,6.275957997790704,-4.843944894886287,-0.5970196161738661,-2.086261861916472,4.580503057400942,5.57078784462004,7.998512765959442,27.335017902583658,17.171980684262735,3.0528038605608154,4.849344708591019,4.208012703348318,14.62320284479337,12.449634936463006,-15.258576228657606
1981-12,7.100001154207924,-0.8085692171673209,-1.6722477275509906,10.586401982788662,1.336239515531168,1.3129789414044746,-3.0333601265691734,7.455126462008388,8.12962329195086,7.341875756410254,7.284568343991182,-0.8945151086485303,3.417960458954772,4.082862794559539,-3.136335700101922,3.861516020334399,4.873997931158014
1982-01,4.643474313723184,8.176147528950928,3.1487317265267434,-1.9678194485310607,7.9495349643138535,-1.1513919580919074,-5.883201753822076,4.916509276122616,8.87829850047195,22.792954867244752,14.399205953135485,4.705264889810135,8.528075730481245,6.440370332517298,22.498209169360027,6.9405740376641045,-6.524815113319759
1982-02,-4.8605327786439005,9.933841242407837,6.19567137538326,1.711656091308722,7.537529153332589,2.5789790556309145,-18.32852151324944,12.207118549666829,4.821373521838002,5.099560127541136,9.203653733755711,2.290274830429695,6.272719062168353,4.449446691650527,1.1965232015324734,6.019618895915779,-15.393008945673415
1982-03,0.055491755748260374,4.350285749704974,2.8434709107096445,-7.81817254546906,-3.2394001675175477,5.56503018495198,-21.342344263426906,8.220935877857816,7.479437376097198,21.927656050499,8.400798195200277,6.646006281269146,1.9219349840722488,5.679594123132703,16.225253466904597,2.696387234342157,-21.899180728700852
1982-04,6.962228186392938,5.505759111380182,-0.6826879643683781,-7.712326209602127,1.4522569928393958,2.6733784157129126,-48.04451852643735,7.443729882028505,3.9005107620179613,4.643064185976065,9.174293032910708,9.895423795053905,2.638074575374927,4.122288243107808,1.7211079911567229,9.279743475731017,-9.648559364692677
1982-05,8.318547789648623,6.498441773671604,3.672551262128243,1.6382317663157009,10.425270786563235,1.1789415636356049,4.6333938879840275,6.778183808126892,9.207165265264194,13.006932097635682,5.988698510483914,3.386549285267626,4.739666919502716,5.45072970164171,17.829624524485176,5.5929964918366215,1.6459821478720382
1982-06,5.4469029472302255,3.092764548586846,-1.448192442589702,3.9996907391475878,8.121996673952925,1.4222021858666611,71.3731077501552,6.2495906182482575,4.6315191226406816,5.1069749033372025,7.727612590331656,11.657051852901912,13.595284811688234,7.589634751593022,9.692214009991673,3.8274110126128136,21.96418340404438
1982-07,2.2042413894630464,3.495786887577923,2.5610815871356385,-0.8445301478986256,0.6356921119467396,3.169406454167989,17.872001820845984,7.841341662657153,12.451934068190296,2.419576874786533,15.947503829330302,5.470611392479152,3.3412859255235183,5.971338788141223,18.151374632172335,4.549890750326613,-10.488068814836248
1982-08,-1.2633120801869735,-7.755644521656036,-4.272053681277132,2.4016022323557484,-5.795144016600695,-2.0144845145622536,-1.633189066006091,4.914435735825062,7.0273310974425796,7.256982724839833,13.674017786740556,6.7626533571207625,7.797258711593402,4.828204883774201,29.93646913622929,2.8927027131914196,-14.325792322566588
1982-09,0.2547035429915523,0.33091385096226666,-2.301229542213268,9.889965571757852,-1.114806256494505,-1.8284429759495513,-9.519240704335141,9.232420376398732,4.610071136847749,15.598624930982762,6.956038601981218,4.064923798298992,3.9494555317770796,6.35002953993935,9.190592808404396,5.6255953113874435,-6.538019356577052
1982-10,-0.8505645715291887,12.528152483300792,9.174255191269198,2.5965569971837743,-1.493627346574189,-1.188455470853822,0.2520477567580226,13.309990467844779,11.474179041321886,30.32631935388612,9.583067531649547,-3.099737467618491,7.282287297503798,3.166331534466904,23.327278520530072,8.505491078943761,-12.984666776583452
1982-11,1.0779680232776645,-3.1741920820489655,-7.8095862586400555,0.6573853051908163,-1.0667017201208884,-1.8092817735785527,-3.8081156931285887,8.217449455540415,6.550003062600451,13.317412225883185,12.415297907345234,-3.994126784627128,3.0354759903002515,3.8565048991282103,8.74424979346089,6.514268327845629,-8.799005821465645
1982-12,4.372122689265723,4.244621329327258,-5.705651419723634,-5.2904538949791196,-1.9493668706758505,-0.6394669490747629,-24.128323607563573,10.699048664129784,4.407728660143895,12.532676406719023,4.702690335283344,1.1416023265866215,0.4420947054504021,3.9839155048713604,0.9467128175143724,6.772539387427412,8.951763700140658
1983-01,10.085567868501876,2.1603855451968412,-0.5741469773696717,10.782432107663876,-2.1282977355809307,6.647573218607938,-14.604912796441871,11.606928096536361,8.165795921591501,5.143878558546566,10.946009256305821,-0.21590006281064777,6.424136888090404,4.774999832875904,28.614962490534058,9.655097086160925,-19.934858582899828
1983-02,2.432780868694029,3.4748626668374083,2.3112969874695466,8.312139521104989,1.3411080943396714,3.449383173212772,-32.0994502157809,5.060062367423912,5.152977491898869,3.6809677110918315,16.460619525134046,-7.685806742822421,4.793521808108081,2.643916831505666,4.048864206497993,4.493060565036733,-23.93768780405596
1983-03,2.2631166423626947,2.9979314286185943,1.9306575633527334,2.0845667958200975,10.231697969221187,-2.1284960718456314,-20.97310710243052,6.010908810415105,1.3454956880130986,7.47257211264849,5.874739414845687,5.777947313302145,2.6196061951356375,3.7733088247762447,-12.642911442566895,4.547126370345733,-12.527194060569968
1983-04,1.930724522592553,3.3953236942544818,-4.373684393021005,5.158658733252497,3.9558398634049308,2.2116018174899166,48.34982345420285,5.127176436440317,10.717440339253393,8.773527029770612,5.110075463861086,18.99302156903517,7.312574805988636,5.813201548040681,-20.86811362243003,4.388905778187002,5.858843756884524
1983-05,1.5647519208368266,-3.3978997626259777,-5.40170544688211,8.204560716025133,4.732462570274398,6.121424952557386,34.445123552830225,0.2970863097823573,2.9302719043405423,1.5939977419668239,4.496397667874463,15.582380268507713,2.6666993248934068,3.606410867141374,-13.75827012588865,6.356245287866935,-7.316093327916495
1983-06,3.552183594845393,7.29469704761021,-2.3325300228064227,-4.859977135691407,-1.0790246887720567,5.926494645302016,5.114713607906851,3.284158333437781,4.188867827059317,-2.1651755061155575,6.258046405868356,-3.399433489701409,4.58605072462841,1.9009205791518102,17.248522426326108,4.071018704959206,65.84562441675106
1983-07,3.1019300679547612,6.855139874786698,-4.776962324958012,10.29103253613679,0.050494423508884445,7.4619773547345725,3.5032229929238046,9.127758994059887,5.371912345495367,4.37423864092612,10.650305432194006,13.991141139246688,-1.5144158777177785,0.5958110151909279,68.35255644925692,5.524878075521666,-40.363163780340116
1983-08,4.951362903071144,-6.908280050188509,2.380964540901842,7.87644171577615,0.5567022158381896,-2.222953639696823,8.900735854747532,1.912035788875488,3.6295978504512716,-6.4055430637419475,13.122506689008695,9.149868032642395,-3.205043460475321,5.270276752697622,43.132912049350125,4.350238053927558,-14.57917405453848
1983-09,6.286818068978639,0.7755101990838176,-0.712692932796688,3.6393078545619684,3.5116053003065195,-4.238018093387497,-8.054490154145743,0.8025818496678383,5.3904136330775065,9.040846748910614,6.376250921447979,3.240509331314234,7.7160377799532665,6.702444078945713,18.17345643266104,1.8756262524879164,15.465788355642385
1983-10,5.62399013347461,2.401497693155119,-0.09567145694179269,-9.824408544309037,2.1593561072982714,-3.1046259077368576,-6.590473249797291,4.014304629277832,3.307153815460273,13.175866269266233,8.917289683497675,-0.206949999870909,9.882014553539564,5.905045043785284,-11.578348097261703,7.013083028777034,-20.611525573017218
1983-11,4.572356266259514,4.683048909571541,-1.3011608190582113,14.230226200089803,-1.694276384765503,1.6448928537922125,-13.693076728562536,4.829592168085983,5.223482122019085,9.950841070112615,8.987586277310733,10.410792483613385,5.104451750654571,4.445822168705971,-21.779311225037358,5.128270216092812,-3.169301674712055
1983-12,0.5942999636067592,3.3249621102134252,-1.982120949615318,0.7498357129850586,3.214971947065992,-0.07138112262964347,-10.581509598451666,3.0568187059378804,5.196453125499656,1.4963484331281585,6.426212830003131,1.995766080345529,1.28219201181623,3.022113982563912,-18.726697520347425,3.029109688581122,-16.421512444434537
1984-01,-2.2416715380045193,-1.8166098567758637,-1.3474032671379477,0.7641122619013174,17.055040887288442,5.0026665130304515,7.469542326848688,4.9356905018748565,4.51750606150445,-4.9772492029215964,8.559836599977766,9.771706028134641,3.921513529240195,7.209426127129026,-18.42519197287317,19.154084767699242,12.166732369984024
1984-02,1.4231616430637972,-2.485465994304803,1.193239551547065,-6.1280662912264745,9.445811114585489,-3.2803532574299687,17.015059556484058,4.067522845351612,5.2004166106147,5.932476509830575,8.277827768756474,6.982111906944377,6.6378660917734145,5.163574981098962,66.98573453257713,10.30109861400157,-4.419840192758217
1984-03,2.664806065203673,-0.04862847345121768,-6.690369330216372,13.510850872119606,1.3845460238767426,-3.3930384301966487,1.7072095119382125,2.5430803740634778,6.599710295290162,1.470554054459483,6.736993761247523,0.5580555129529374,4.694930166060218,4.840299175899032,23.324072437015374,2.32955386961764,-3.4107155236578146
1984-04,6.2620106438796785,8.45341094489922,7.835552034271087,0.30612035261525783,-2.2825619274211784,-0.21435580872627424,-1.3192164932786077,4.370811184692047,9.769912200760245,10.483057167689402,6.268925077119802,-1.9796989528009568,4.8785847059533705,4.887438535498423,9.765218314148871,3.5060480651377235,7.187527969216356
1984-05,4.558477014876927,-0.8757698430876815,-6.974784339904383,0.7007867668127554,-5.253768580803775,-1.7151307569956864,-3.914164133878595,1.1780612694905823,3.2385892747631484,2.8239186831498175,6.578765605076553,7.382207958457965,4.1231428509688195,5.399446783319828,4.321038436666402,2.4159596375552317,-5.346467037774117
1984-06,3.6644717681086902,-1.4217769927464152,-4.070385740943882,6.71413282551363,5.130626051718368,-5.831787060410376,-11.827073559581947,4.784227652663242,5.256370243427222,-4.377377787074832,7.098345620686075,-6.401796800826354,6.593826582740547,2.2030069218433646,7.916229310636358,0.5099590646651775,-1.2482955647734384
1984-07,2.6097986662796835,-3.4676365932145625,-2.947677152435746,-0.40429752557447074,2.789767347842176,7.9945621004494205,-18.459638273563684,7.059471258030037,8.712568312476332,22.556997188395457,6.081634322331686,-2.031851097506998,4.285192550907668,4.606477053402491,20.36014648970228,1.2145278124249925,-9.805815005825291
1984-08,3.6630834086379016,3.211737385513347,2.241582778768736,-9.06406182930649,6.518144864347075,10.018668589886403,-11.826852954828414,1.5046742123332235,4.6190632433837475,8.502595138911428,4.3419427153970735,2.07399151690546,5.263407010941701,5.114133224630502,13.810537194544704,0.06352399142077747,-9.21612116873276
1984-09,0.6863783890347364,8.445067001132545,-0.8953030135049445,2.8516938563797334,-3.056471632342994,1.5126041406011925,5.7676197911736615,4.5974685116726866,5.664357591808744,8.526683600061125,5.070712825369306,-19.31408956408913,2.1054105934145584,1.1011517864816245,-7.044434717079895,2.960526411022979,6.979242934024188
1984-10,-0.9362364297519465,-2.0580500236331623,-2.0989752006180695,1.9526505698459262,1.602448009579982,2.1593604007158707,13.559415673971875,1.4711472325992903,4.2939225226290345,-2.6335634862049373,7.555163035716372,25.769863528898206,5.363401109411425,3.430511986246265,-6.950552502210772,2.2721766784359776,-9.149631903004519
1984-11,2.2819618044430223,4.172948118474573,1.0079201595311948,0.6849746079754304,-1.480780090186351,-1.8590065714454984,-5.90412717980745,2.486062241577902,4.277561035034916,1.6181917384522126,7.465978163927356,5.282986260235822,2.316776296765566,3.388574409152212,-2.647770817913664,1.9456355785638868,-9.77979377692848
1984-12,0.342079801571904,-0.92752405433979,-2.9615357744007254,-5.807209374665179,1.726540986317282,4.348142132069555,-12.56960891050789,4.458261817123255,6.529909322437155,-2.7477568981497003,5.888469206450897,4.313587045559197,6.8845551465956945,5.940648022735684,25.887009095904222,-0.5352702334186277,-10.16562417702599
1985-01,5.011317976109009,-3.1630869478359025,0.6761218585010997,-3.0927016725845857,3.374516622030388,0.17668273518769428,3.1148825191634977,5.506534747977354,4.499591717871465,1.1951403833468266,6.064457480595586,7.230189618128846,5.6917828277340154,1.6214180778957532,53.62751504814127,2.9117597849400267,6.391109976800369
1985-02,7.234566966425726,8.692470868737058,1.7033786387511851,12.239636282389332,4.095895478483813,11.639934423584442,0.9529897061864911,5.135870666689146,8.921668617347711,0.9547617762117877,5.3834590763043755,1.2040996954435945,2.288691798977971,6.753428160567454,5.408659310940411,4.042352917861103,5.392646684820956
1985-03,2.0474783133735075,-1.539296047549965,2.570054256615739,7.1816816282783025,2.8042480558832628,2.679191593036667,20.474883925474163,2.398713234374572,4.164297912739179,5.459837126161715,7.724125892839284,0.3995000976241059,6.733835883020212,4.8705354365546905,4.980882750132909,9.939855244366825,-6.788561005727233
1985-04,0.6601427744084898,8.931411327939042,-4.756838791596252,3.960085619130882,-3.222733140532308,-4.164886954728464,22.359904174426546,3.923215515440348,3.6024159958356172,3.0110630203940225,5.606515515218846,-6.359356942527972,5.331480198017657,4.531500021551116,-9.707147262131121,4.676666828240239,-9.581699355748741
1985-05,-1.22432904447064,-1.398997236370414,-10.636379220163072,-3.601152910836669,-3.0898499255526457,0.5736150071985913,-4.2677919791588526,3.3137757852424787,13.343135017900899,0.3544378218375499,6.383287956202577,5.258215567503588,0.6767990428508508,7.149406424398297,1.1671128721947754,3.4355816131626193,2.5272269245656176
1985-06,3.0297088548221662,-4.714605416666384,-4.410458986671861,1.6691786902368166,0.4149413893116627,10.077088715784122,2.6642031051892223,3.7182221742776855,5.506363550123172,-3.4415882814939125,6.189383115510494,9.521733850637993,5.369144272749393,5.534894416324931,-7.797544355292607,9.520956315929553,4.482905325726816
1985-07,-0.9223802212607657,-4.934251608017181,1.476844681421996,1.7545218524468886,0.708545458679688,-3.5416828451526605,0.8701808037842484,3.474647879282955,5.3943041985296425,-1.379953820189761,4.576660781968278,-10.365175417168038,3.692710135831345,1.550965978752461,26.228824343824254,5.605910630926991,-5.9383327993802855
1985-08,3.7891851643437002,1.1682741572140998,-7.571575053683965,7.730383308602162,-0.2431215633347028,-0.7060394299666761,-12.918082785580342,5.7739477075960055,8.412787876916905,-6.834059530629988,4.520180828922937,10.409281024133477,2.6482430913914445,4.524473765009951,21.792565222224702,5.323069207896292,6.2783363018306115
1985-09,3.239648037706089,-3.4463437208451797,0.39979295366701084,-11.161665626535688,0.0,2.7529597821713603,-4.140698953300303,5.3817310979223265,3.099181263801909,5.307921932092929,5.598714466079047,6.7411281043392,0.06073642735022755,5.323839907940164,-8.32789260684298,5.651190347644808,9.245351840698234
1985-10,0.9594069791014626,8.337500955098553,0.2579982207700837,1.6705729009366177,3.4870565164061285,-0.05794777778205251,2.5061876550897866,6.3976281011942415,4.6834882151217005,-1.5679510246469408,4.676349378358369,6.468336654508788,4.618343476931908,4.83076993160505,-19.241916212766373,3.1349948226621738,4.139378875183253
1985-11,0.4866817046946137,8.81586248056836,-7.169995408911722,1.2597348672904962,6.2660385477185665,6.455391122647125,11.081666103046594,1.4329296444504758,9.548812343283597,0.013917899294080271,5.667975122576241,-9.040614194161789,5.804602577415396,4.09806163355857,-13.665328861838088,6.247151803994844,10.120127341931928
1985-12,2.968802795967407,-3.5018426708470884,-7.733064729686245,5.302079298203943,8.39786260898363,0.2424602779183438,9.739842488389684,3.158325256816341,5.043694922406172,3.6892773138056834,5.369909955778263,-6.541032237429922,4.987066848957444,1.4650843587908025,11.970133600310696,5.612539139403827,-0.589102552268217
1986-01,3.3738316911684274,-0.853425943176167,1.2848264294513134,-2.295329147864089,1.448958704760761,0.8682302076759907,-0.5478425869982151,8.059053463888176,6.033484148251511,4.3168029353015,6.742310898746551,2.234148239722944,8.7251747193408,3.3429434944367564,38.16386124637376,6.217441327015072,-13.795433170001004
1986-02,-0.7963348565970585,-4.8064742193507755,-3.4002069629203824,6.134668163564139,-2.580781104140939,-13.1960725323218,-45.693994168774225,6.143017037948217,3.4681228227807726,2.5954653937044103,6.665862856405003,-2.500839470542271,6.686943603417728,3.853119329429555,21.87686669197937,5.432577830863461,-8.112945489989853
1986-03,1.4255228306027101,8.585221902903406,-4.961813255576453,-7.880693619202816,0.4813371993162896,-6.950173207040356,-78.27419371155383,1.411169120667255,10.316892389248956,-3.8030899637116145,8.37742859978945,9.594469841995036,-1.9369852721496161,3.7797503365635032,3.2699082712776217,4.32399621533377,-14.722265996970096
1986-04,2.2700359294082206,-0.7668208351742978,-2.926548870666268,9.223172212214914,1.96177118645946,-0.40974953073927844,-72.20509300006893,2.0472537652371336,8.967087507124493,-10.637004600869183,6.01050179148177,-0.32020005834774157,3.495383388829265,4.500162377093386,-12.332648426717407,6.2913086735586266,-17.062465388643623
1986-05,8.718995652576943,0.6579211395443485,-2.6352802588174407,8.228741573212073,3.1357325379929746,-1.7343043980580841,10.796965426843164,1.7739697379870911,2.491630491767549,-5.264097388862698,4.4741495069180015,-0.7377015834396095,2.9675980983369543,5.0029214084372775,-9.614052404128802,5.638518818813454,2.5785420479792043
1986-06,7.539991790413758,6.64557607084757,-2.3088924035590486,3.0615589459395354,0.07173529370090304,-0.9010309892255819,34.860441206972695,2.852860186707562,4.375561444245912,17.56620354165792,6.033748330348154,5.283761371038653,4.393594447015814,6.672136889975633,-5.7759460550879,6.973942188902682,-1.7856833472443934
1986-07,6.272969075488466,2.3304386611430195,-4.599445720751749,5.44816946901443,10.90767442575924,3.0280594897070356,-53.51670488469591,7.523849453363773,4.122663340332666,-8.989924403756133,5.328867960407857,-3.053874178457505,2.2272739744809256,2.1980641751589314,-8.551199944310417,1.8193329028457716,-8.75614949125616
1986-08,3.8342300817812536,-4.235489417958682,1.383991658780248,18.461816506689633,11.0701363441285,8.704294410446067,-44.7232315055505,3.787805255375898,3.3963857964401267,2.4546475610317087,5.939540758348749,-0.8836828455890733,1.953998709557836,3.1435309234064235,-11.182421548645483,3.9339804979549697,-2.8134646800165863
1986-09,2.6999092540330505,6.540188836343619,-4.365166721748115,-1.8578404761875111,-0.5856898877828809,3.0231587081497757,33.244759014088096,0.7162010888330128,5.965603891998095,-3.697636461138143,6.507374191187143,1.2651911641242908,4.331741071725603,5.144166339497791,7.202006306443298,3.322619940776983,-0.056901430968581135
1986-10,3.0268779920625377,1.4980050344965745,-1.735798691812751,-0.4993285709191553,1.968219713203756,-3.4870343803077186,-21.809453768499566,1.6533010327606679,5.932672784831183,-21.627431248287444,7.970114958586461,10.556143454045364,3.8316531325462533,3.181251838835153,6.058960243399203,5.658988136158105,0.9604409124118085
1986-11,7.965271710129285,-4.16011588373959,-0.3963678121089109,11.373408968541998,3.8681097666613207,-0.023305948738694404,-8.993239240804474,1.6028210297063694,3.7963452747496795,-4.241885296120107,6.171468490633636,10.517716009005685,3.668961361534251,5.59011747939957,-7.423084816709979,0.08629678372427119,-4.194049232596598
1986-12,2.735692135210721,8.212523738038179,-1.4611224648611754,3.7001770262331313,0.5628063143783057,7.5695709424994595,10.709938266277042,6.796352696766217,2.868500986215672,-1.1565102492966828,6.433713664530516,2.375909655478492,0.6985854580279671,3.541003195140058,-19.652357703263423,1.1852285905870952,-11.51255827709603
1987-01,3.6211966296288534,-1.2677626291396904,10.802559181523641,13.880473231174895,7.768267501114767,4.19064598625305,119.08905818095552,7.059017971983472,4.0910575213202405,4.0370709821967,6.9492891002365775,16.04080040142526,5.7119354156582425,6.087625852581047,-18.166377188846127,-2.9746693635979815,3.324805902102135
1987-02,-2.7642719158238793,6.324307312237609,-2.36285462983572,12.565020638968827,3.325597147062598,5.380944211665883,88.8766495068041,5.875290590444426,5.769095715504879,-4.7930118818148015,2.256230221790534,-6.4418480657316035,7.428730195516309,2.435789985990211,-7.065465011793903,1.245293091600863,13.682381561030542
1987-03,5.8609558569636455,-0.8650337832174171,0.30376460166090524,8.10702663587788,0.417867111353587,7.941649032642228,3.4880760823763346,5.086871401474324,5.658437034303043,2.181132678499398,9.28987999260027,-0.6465817368294546,3.0546463593857487,4.032500410940054,-5.605198322286531,1.1276854555577476,-11.314637567885555
1987-04,8.795176709665498,6.27608177764829,-4.394209376132485,0.8592570151835011,1.5159916358821413,5.166513391591865,9.96828390389819,2.7778207923887965,6.714812859166486,-7.60793184691011,7.387459492638326,4.989010850278208,5.756115094782599,2.7402097641779033,5.516293786852455,4.786484166787064,5.211976751016789
1987-05,10.872363317278344,-5.048937911555152,-3.5106409273976014,0.7778583402135331,7.239058232616058,3.6654520661588252,-17.563982524201283,4.520987680232613,3.7165242312479307,3.5963060748917197,7.017740482458956,2.5912581854504513,3.5313524388727924,2.8782209052250263,3.9452475334049497,2.6071653424184937,-13.313722648229366
1987-06,7.674208798199822,0.2149908625287189,-7.069538615186732,15.492504728689882,6.000744369144417,-3.349175290106987,25.780572481547036,4.889637411454473,2.016667371450964,17.094192457481917,7.191916849304003,12.378050356128579,3.345205739984358,5.995528378032389,-0.736054062454683,0.9756021088826117,2.140155880529826
1987-07,4.901211646718373,5.130565897611428,-6.010164453210876,5.2003671163088905,-4.086937886334807,-2.373130039753557,28.222764428310754,4.845759030626451,1.3505588611506525,-5.09311340590255,6.722187436443683,0.8309790965258967,4.2739412691609635,5.0856212843734205,3.7288455047470137,2.9799286302095274,3.3094345484142584
1987-08,3.3639768319116525,0.3072563700244446,-1.045820881001347,10.586170764606372,2.508873128339051,5.644290786357131,33.28745101299477,1.2450365808032826,7.464572639716316,7.673224488713903,5.805428296191173,7.527771316930432,4.317447934199636,1.7379498294292084,-3.182974850309239,4.38529242083856,11.533148602564935
1987-09,3.8352483751636246,3.407709486737165,1.251084430581062,6.3543135352218005,1.7326091492356532,4.2546538968083025,-5.425522333230859,5.180437844929564,3.8011953600739945,2.4179199186128653,7.251223078853419,13.082081364849273,5.153003017667479,4.448192182207955,7.703558663320886,2.3804721515422678,-2.339613854880518
1987-10,3.3279745562089014,-2.682384375167024,3.1900277812819233,6.512993289578595,0.7348546363793007,9.869243644962777,-0.4728061523242011,1.5156158405684295,7.993061281986025,-16.85572406025426,5.431550148543107,6.758360848604217,6.07327457094462,2.151532743856266,8.869205266581904,5.366194080135922,2.982159274512952
1987-11,1.646970361327016,-2.2889496210539706,2.886376069083463,-1.6636244068787165,-1.657028683895756,7.7899100316432435,3.303944908689549,2.138977798181818,2.374623809594878,9.718188081863133,7.1051336122602615,2.266590849260286,-1.1644701167144778,4.769148002910106,-3.909635686852586,3.348970826310138,-5.88752958405605
1987-12,-4.242705005983338,-0.5200260727118988,-4.970972243016969,6.843388755371871,5.277149022813221,-4.805532712157268,-10.175947593244683,2.9261471907113146,7.398687358325873,-3.2708290425767172,5.478127285475742,-1.694939316498556,4.440572057755077,2.532716561044146,6.964589020656153,2.3874958798023815,-6.209186309514614
1988-01,-8.761687872770663,2.7724736452384935,-0.7337631061529071,14.147192919589436,4.8960590122893555,5.764486421578119,-13.100340792484443,10.64870529001678,5.529815589144582,-4.562151808579729,9.403061565078552,5.788776691650943,6.32001153685724,6.617508414877427,11.68905521568564,4.729592513345837,11.798535513725671
1988-02,-1.6231422710790921,-2.9058845616411477,3.8697818157745534,1.4962876461715569,-1.4217903620225902,-14.603078462598285,-5.639925794236744,5.179778276218627,4.476727730608987,1.1538569210798544,9.925636522072857,1.552557397538834,-1.4288415228859486,4.628956261882355,0.9464969829473091,7.6942400114274445,-10.512094682532346
1988-03,-1.4869806282669873,16.348432534867065,0.0983046676507282,9.622891560926172,0.8447679992975798,14.56925613443303,-8.745400705099604,0.6965416411777836,3.469467557301975,0.8488651487838395,7.909855009082256,9.489263993127617,4.666182653494988,6.815566791630423,6.266277272397214,2.1602344945681695,2.0616337868579526
1988-04,2.1604173514348846,1.2487265715389606,-0.1421147080374885,5.881002167464788,5.808318502398069,18.97016344113982,8.455194149301981,7.786036131367036,2.7963551636324135,4.154454070200764,9.261651849910812,3.4045912499515385,6.9722939302582665,4.867670946248004,1.833962012394763,11.398474071800768,1.2512148466045314
1988-05,3.7574722828965568,-0.7964164869457391,-1.7137672339109122,4.971294774884805,3.5865189177717527,0.684022073643642,-3.939327073146204,3.894007178123182,3.4489162597122425,-6.5738905417905835,10.357986158104481,4.195084056524423,1.1582883720542725,3.56054506339194,9.97669589089989,3.773983468731945,-7.411145545330178
1988-06,5.903699911746907,2.0977291282093358,-0.1862935658896725,1.6343961966156728,5.478391036000652,3.8019412786322038,-0.3888944026747443,3.263124670617712,5.125792124748929,12.603795477943901,7.598499689851068,6.486190305051798,3.197694354460978,4.162088232042471,17.634043151005805,1.62854287372447,-1.3237788239078618
1988-07,3.40816632419787,0.681292466351513,-3.9265100369408557,12.697658989931293,13.501663286986032,4.221595768551967,11.295427987814932,10.200849547997514,3.6954906619647288,3.39730129781175,9.155830970089408,5.358171360757247,0.27369124350535845,4.760923612834778,7.720186502779147,3.841945131604807,-2.543812963757064
1988-08,7.198102019515096,0.10094790771970619,-1.9776347288740004,-0.4432898894131565,5.092158232343147,-14.752967067880151,18.94845945749326,0.6600999434303034,5.137461882060745,1.0885086084695628,7.559878845939227,5.452141068532823,8.249000139131791,3.7168111106838486,8.793156880706343,2.3711055240706047,-6.502139844450872
1988-09,6.6824054885636475,1.5332334314965834,3.9643687676764072,19.47046690213501,6.9144383524959,18.477165853688817,-14.48450394676607,6.989207036188394,4.732139395370716,9.05602978320379,8.136695481791767,1.1232472860594367,4.318383999513231,4.311945726269495,6.343106253595021,7.195952719500842,2.80467813291998
1988-10,0.4891273919320538,3.4803187458068763,0.7158515264584331,13.530586650805487,1.4619842217452383,8.262393668025059,-10.77438897289198,4.721190715631174,2.408932247189699,9.689249485068974,9.034240746325217,2.804245274579431,12.967453053687294,5.098157276933724,2.378800462024011,5.066973330874158,-5.6535348709692235
1988-11,-0.10666191608915687,2.9624765954260335,3.0524238308268448,-0.38439930481478646,0.33016285828058045,0.39090728135844355,-1.482488814865368,4.205418283934659,5.484200029859898,1.208801845710239,6.762828201744053,4.339055439135953,1.2659339575736617,1.2209268359960612,0.1848814805076593,4.202839185960716,0.5166531338459901
1988-12,5.27669753319171,-2.7707269739586704,0.7995769582535228,-3.8544254950369616,4.873415319970853,4.782727197907133,-3.54731932334329,5.683725869223033,3.737010203137725,0.5286242698208543,9.961403876726438,5.320091772709312,5.230945500981554,4.961034435984568,1.3806926215544246,4.160284785084611,-14.325832754639023
1989-01,8.333055184387339,3.1124025047116755,4.209690404645694,3.796304581408183,5.633469858174656,2.7098744760023274,15.46796161490278,11.320276706936717,4.14986689032677,2.041704949048806,8.199841507700212,11.775902243555514,10.839591998224263,4.22916931548849,5.76034455681167,5.038567198524557,3.543479114510828
1989-02,4.839285409675798,-5.823923963898936,-2.797066535214676,10.806919102186562,10.113037088353561,-12.156035965221811,22.82515093466038,5.493159860821906,3.646249205573815,-4.438164254027022,12.588948490792395,12.341898419852448,2.5110573882068277,5.553989105320212,1.6918510791806174,0.9371480631074292,-17.978599479812218
1989-03,-0.2400689052067806,-9.977537780686596,-5.789545425914778,-1.881573317555485,5.970702410394724,4.544547521793008,28.43764562270397,5.5797933100644626,4.088521888413266,3.3057844562658367,7.966766274644543,10.066071426363909,5.6496785716354525,7.794827987069297,4.627187055071258,-0.07989258463116933,4.565701353477625
1989-04,3.74358045040748,1.0021103902618789,-1.9289399655260775,11.373241641609798,8.34669730351354,6.165604213021103,213.30375660437997,4.579705207716533,4.17355042113341,6.050642931433603,7.914249175688526,-0.7290759612975095,1.9855292726424167,3.04505531197381,4.854458798812367,6.669704213178296,-11.963044493281593
1989-05,1.3260475858989151,1.3931342843755967,-3.5485727945987033,1.9244839730489183,7.738810672805774,3.798690967022056,21.110100186402825,5.068566021310783,5.2472104622391935,-0.9525075635211877,8.20458872152756,-1.6027438012381157,2.4901049261476516,4.776052648707685,2.657246138288616,4.40595327496307,-11.207898193115062
1989-06,0.08980578897734848,2.3290349426110524,6.290399897864707,-5.454448787816412,3.889241596698656,-3.908910056737702,-13.361875088231479,5.355184317833195,3.956372199984459,2.0717172746183232,9.423986672059414,-6.136669097322622,7.681407313311084,4.114634370832637,4.041425096261242,4.22516715070218,-13.629246236509518
1989-07,-1.4563029666821659,5.179290605015474,-0.9014814288055506,11.59191392915455,4.955592737994263,-6.531702914971527,-12.349973979853168,6.987561301451373,4.5759900301404866,7.403872783395871,9.257596210834507,-1.8053024416896601,6.66392333368484,8.134194459581678,-2.9076477231335662,-0.47261580156121585,-2.1447333963481197
1989-08,-0.28422352370249815,2.88684028531494,-10.190193577430195,10.509162610829947,1.3147244642958134,-14.840688637828503,-38.23448582177669,4.99602472544094,5.627569890977724,3.23175462073535,7.598773884648002,6.709239948196366,2.29770086408001,1.0494225765451448,-3.0407467042080194,4.266728968070388,-14.122089922695869
1989-09,-1.2956932501907659,4.077662287164485,3.169707771148267,-0.9304061743209857,0.0,13.857460066025551,-22.4385290775831,3.641105936321276,3.842193418487394,-2.234896345739157,9.986855875279034,4.966765861875122,4.634738079681,3.8851986318206633,0.8607988134796241,6.119988243890839,-21.537779711728998
1989-10,2.2271963631357306,3.884474537141136,3.9354311910425377,-2.587157000823992,4.951735082627917,11.023144947379127,16.558552314252715,2.8648929648011467,6.528993908552327,3.007698448321827,7.012168579447731,5.058718614323521,1.7089918850604402,6.208124177396668,2.5477749716622533,0.5757764886296757,-6.57236676606553
1989-11,5.760858549893255,-2.8144207346211036,4.276475597231544,3.0525533908887015,3.5589148177455954,1.5537892288203015,-15.72133012087753,0.9929755430440723,4.587626794330468,3.6534503985583555,9.030655495892393,-0.7468557299322942,3.2282620553456987,3.879071728461825,2.4098923159935337,1.5502381839990642,-14.314167199622684
1989-12,2.1670139277265132,-8.99134785326774,-0.6854655078093463,-7.684640677435928,4.241359004558887,-5.307788249268763,2.630290008611147,6.046226994263426,5.277399703237595,4.077616256092931,10.920863293410132,-6.564266805242447,7.0231134532169115,4.049099367659692,5.730589064813674,4.168522741094005,-0.6118478049579323
1990-01,0.31281589931844156,9.689779249547303,-3.0437101603625116,16.30306188711579,17.52054477410223,-0.16224324843335802,219.46391088758165,7.057503821390987,4.286765330712328,-9.685451972271542,4.298030707612255,17.462604078940778,8.535420293624352,4.635217369350331,1.1643949417588395,6.138980207377864,10.433868547324575
1990-02,-0.9181040355592862,4.971228986011589,-0.9666131935953448,49.42624669015525,10.800610956879098,29.022857337528496,-25.76593948166328,9.04865075990189,0.8326345300454285,11.556954335315982,7.969577825810981,1.3476335199181788,6.530892881686823,5.348880711209114,6.675766227728408,2.456164377387471,-9.719723518088486
1990-03,-4.374435898684903,-0.3168864002256355,-2.3246720256934417,10.51859823235819,0.5107980451584337,14.429877458808127,-10.943270885551215,2.328843367950939,9.794110442317393,0.027341386643553456,9.64442107811827,20.39988303688418,5.858148593649237,8.231097819330957,-3.646052302938796,7.684922907026048,-12.8758998705925
1990-04,-2.3932664429292982,2.106038098595553,-0.8372630806669279,2.2851556256547,-4.859906627712974,2.2979904882421076,3.1326460940962697,4.1941994415993555,4.320656848791016,-3.3362728203875647,8.809565036693389,3.3974298364944477,2.5052755965179863,2.3227923483842394,5.900462372530835,5.194242326975473,-10.050913034648111
1990-05,-0.07481436338567793,-0.5508819451013114,-0.30778770634923847,6.490328568979975,1.753060256814054,-3.144082054425401,-12.628735004311897,6.456576823381788,3.3001176427006396,-5.546411626306336,9.555741243562842,1.6174848880404324,8.557923667685152,4.685781990729376,1.4133589583921413,6.2999621999657585,-9.66313921580384
1990-06,-1.9728027232664203,-5.516583225890459,-3.4327678341208756,-0.7605888354155321,10.483431795770336,3.1274103042617796,6.230602237788041,8.064062516732085,9.83908359774226,6.891539170590222,6.859792081939964,-1.4068975998652977,8.36381815876921,3.799712722531612,6.376221326826181,6.508940097752447,-5.669295806128016
1990-07,0.10500720966952759,9.332087828463443,-0.25910591813386175,-2.7215513391024904,5.972630730659589,2.016464509711269,1.4312394767014291,5.624809137279252,5.560079331950063,-7.625131295142895,10.663270153694103,-1.0787717751403747,7.6979875641511875,5.653173229423336,-6.08987988183004,-3.1365398402649403,-16.102890769957867
1990-08,1.8749932084884513,-3.379205254594886,-1.3906237141185662,3.872372010900027,4.338558423966332,-0.43775390113648394,179.7938193172234,1.9559614240205692,7.911732794364146,0.7621213489329648,10.741513697931659,10.375132720668812,4.114960583236527,3.2918227052487037,9.3841510215952,6.6526354630584095,-9.687251968026223
1990-09,0.7962648923661497,0.11783499479594006,0.7134185222931411,6.360239451113925,2.932037186935177,4.618752281861838,175.23685667293876,7.747529717013291,2.1647434073275518,5.72541952805512,6.7027663784474445,2.8726015370393876,8.670989544560669,2.7579965214946656,5.900264441557246,6.509164858978367,-2.946244186965008
1990-10,2.32823239573412,6.980517333511682,0.07607662826154549,6.326717083192879,4.18738723682992,-2.814881260818758,137.22410116679418,2.9640523134822017,2.5741452587464186,-2.1409443542786843,8.985625356981618,17.852201049953422,1.9557296668546442,4.178568272658922,0.8092003362218936,5.680549421703129,0.6674212460183071
1990-11,3.257767252369903,-10.79369652769544,-1.2618129214422735,4.513054252449189,1.3264140156565407,-2.4346048897434858,-1.1312577644555177,1.121787197005908,0.2413799949515516,9.931811176447901,9.41813713645747,-0.6093104456006748,4.040283728564598,2.370973554352984,-1.4505487428461805,2.983285721434381,-13.324293818241117
1990-12,8.536643574422808,-2.169725504477793,-11.576606603717776,-24.920895468010475,-2.212109430918785,8.522630811007993,0.02232080568911332,7.461973627405927,3.75606848316119,-1.9353779792522174,6.889190315996019,-14.416003076688744,5.182568668619458,4.809016769868957,-5.69400772194345,0.6238218294123632,-10.480303093371235
1991-01,9.163562003830506,5.643632260229503,0.6810492118558997,37.242919452635135,14.383441128161788,-1.8122657989108615,-50.132654093642806,10.593330731806594,4.31387714973035,24.831966240720615,7.87440122514611,3.0135376040847817,5.866467246346407,9.21435770987964,5.00001610916716,7.481785904556926,-10.393560020893345
1991-02,3.8088141746644544,5.331533174466618,15.154637328648546,1.6661871768052672,6.470779863895193,-0.32190345526318387,-58.175166627537266,6.511215238688428,3.0767733619382343,3.9843030033553495,6.938832733964273,3.8555622303503068,5.3355901966215535,3.0486478562301578,-16.512531312420542,12.532563985900769,-5.889737052671872
1991-03,0.7784872334018811,-3.744675988846402,4.047111676173576,-5.112561293175766,0.29538440241636543,-0.14553264135974686,-44.46689302568313,8.133468851988734,2.3807872118356777,-2.908015615360948,7.058284618153299,10.87361118197534,5.912316496980208,1.775811994185128,-5.247677831797404,4.03827481353769,-13.771825270022141
1991-04,1.3688086074282957,0.44476813363796275,-3.9903512153579235,20.430687064742116,5.998113779068048,3.2302997699054092,-6.90302059924206,6.4731739664873,2.5194304301104697,-6.762397165757994,6.017632918511606,-9.788696539571129,4.321929770230981,5.107377804340185,-6.994293326532208,2.6419605880281027,-1.55814768642063
1991-05,2.976515350917719,8.70512016515188,-9.861799451485375,-2.69505812294466,3.1154253663887355,6.08817673631965,16.252699013668348,1.8351624683969225,3.5170113921762614,7.3456381766725976,6.5883875978807405,8.41661233001898,9.165186305467032,3.853795967798157,11.858273606799653,2.088997642791224,21.842577145799268
1991-06,2.804592980293452,-6.192522582325111,-2.574700812925401,-19.753258910613614,5.336950343160174,1.3505238651706053,-11.924344622580108,2.372566722513292,1.7413271710799316,-9.670876518910298,6.526386313996824,7.548778448384907,3.3532760644670923,4.012572386307234,10.668349089947494,4.1096196556800635,-13.673264476189528
1991-07,7.207372165155146,10.816972345213394,-8.246185280149687,35.53844503570751,-7.682273429549635,-0.2883920146319663,-18.00138509657041,3.785806054861629,1.8016551567525019,9.546115899334229,6.516988803404944,4.466472571662661,2.8874345129365153,2.1613733446562033,5.926831205045269,3.9449233298437747,-14.057835684187147
1991-08,-0.41844716758235867,-4.097863236303745,-6.14930068769114,3.3436749763134044,-3.25620685082183,8.216670618852962,16.38291628705961,5.997105091615351,2.5568490469159544,-4.384606345493591,8.507984200645712,4.2189814385309,3.480079740823716,2.757629692509278,0.48184021681270117,3.9069897783656993,-4.848387434657109
1991-09,-0.8068733067425615,3.2865566977181127,7.182036844351614,7.2810968693025835,-1.364456920243673,6.032857984092099,3.223403912741696,2.982518925843358,2.692278788473912,5.483816928662444,6.4877237932545295,12.070667799237555,6.138449096586029,5.3013666799860415,8.482957059471152,10.299389769383138,-14.827609705865829
1991-10,2.621427125653275,-1.25752254189615,-1.4275965022765846,14.338821372505773,-0.47028767882195677,-3.096239265608003,-3.617120958117437,0.9765487172813447,4.310994516553479,6.8950271840558575,6.7330066875807,3.668176912188126,1.6306840568515613,2.0481330246302942,0.5036187126713276,2.486520674041226,-3.8141324203670113
1991-11,3.9394730847067905,-2.9583929416498456,0.13354609711602183,5.898911776717908,2.0823813530531643,7.988025947327726,17.50572185836743,4.635161203264682,3.68549262082829,2.017350943661822,7.995681092598628,-8.365564415724513,3.710174632729357,-2.781295404161055,-6.997403958707659,4.546674226495884,-11.186850332844767
1991-12,2.8137249145438803,-5.440885671659135,-9.425711482053934,-21.30094262962202,0.23559427691302037,-0.28410272962856586,9.997209313697741,4.889209459595789,5.348421161173222,7.952552688115833,8.019191927227709,-2.4933971403948596,-3.555176895516665,3.4130771980462438,11.142786804115733,3.422666427794474,-4.69214704816533
1992-01,-1.3983291557055688,11.349949411906213,-3.801899788488894,5.991599477541465,-0.9954293743085763,-3.4698360840949016,-26.718314810909362,4.059029310443196,2.314502252541928,-3.4659720779789738,7.461008867749008,22.881612287242525,-2.691033108223062,0.27964404967741885,6.28464176014929,3.8286012891001198,-13.207502890935263
1992-02,-4.270531254471499,7.794943066501281,0.28655534934609594,16.878879258349254,4.956325726425215,-6.905751550316374,-5.356012508602614,5.802310145783185,3.2052177823747696,-1.935169504359291,7.590295706729933,1.449046586418823,6.848364731635992,2.0432428682678694,3.108138022370377,8.12021542340422,-15.380892923782497
1992-03,0.6658118612274722,2.059088111307106,-3.6071180553005733,-5.273836785962316,3.5754320531262707,1.6945250635710174,2.3348736074510823,3.7784412113054833,3.196617379023703,-1.657980637950962,7.941829777250775,-0.11811022257723902,7.5945319177954,1.4732989412624686,6.498534845890291,5.921046479508552,-22.622062337923698
1992-04,6.106474278192731,3.0932279919344774,-0.9488673434828843,-3.827903262858001,-1.7782462716432246,-3.078502556773255,-2.361249312052538,7.251599077102067,2.429785989135036,6.17228593909751,6.091366765532169,8.445412198653779,5.751049513481266,4.088434339204872,7.93913053494153,0.7960312735995512,7.541570669290176
1992-05,5.245395884622583,-5.565212671229769,2.067794269228629,9.620203469795863,-2.221540176726433,5.4705888856064755,10.802311508340212,0.804873751086066,2.564059760365023,2.50012440221441,6.572416075731358,-11.250389363940904,3.7753694954502537,1.3728566378665485,-2.4291280624780476,2.4516014296507738,-16.018094664181536
1992-06,2.998494484612668,-1.8819646129259127,-12.757780592450207,-3.112774064572421,5.409184429503577,-0.32654976111190503,28.525407285616478,1.8551301438351375,1.4281817066007507,3.4565660531025832,5.930991266907815,-16.989115115659224,1.209766400752188,0.9744138179216266,3.8574909094181153,4.729309291351069,-9.103361937174824
1992-07,-0.455207439830152,5.667789404482115,-4.595114063415995,12.676537381965524,-1.6998125223245397,0.9445596617816188,8.467022102774457,7.482783260156944,2.397682364143483,1.3588855329198957,6.359500531613005,34.916098103418356,4.135644260788762,3.445820936213173,0.713952992292799,4.445134560810549,2.5877597014336784
1992-08,6.89701142950403,-5.033784685305854,-2.7284153057730576,0.6873064031435838,8.670939064811844,-1.6020477279565348,-5.865376253321697,0.4709994090836167,2.7008223615438975,1.8670579220306793,5.822975675382214,-28.427185785409126,3.6066373185361877,2.1848601863384554,2.5805581124375143,4.524883530125501,-3.4650092411163014
1992-09,3.150314393548048,-3.139823057012747,-5.416255116420521,-2.3502062448965355,2.625501218656101,1.3896233718856177,-3.4228248431081965,-0.612629101318074,-0.12523729130726746,6.586030508673479,6.89406265845931,15.517682477977424,0.8142602618182337,4.980302767276101,3.7585537790432166,2.0200758443907674,-17.879522700977844
1992-10,1.0517492758544522,5.296289001076526,3.575390740786344,-0.8800671559276219,-1.420321607987829,1.5018881443154442,14.45955539467738,-1.454574217093696,4.33404548880949,1.8880107006454816,7.165392742228072,36.446500208923794,3.2681937650450577,-0.022876969464913355,12.931538115252717,1.7596558438887078,-2.410273439208299
1992-11,2.1982381295631015,6.521883392093253,-5.241723965735701,6.5118967968726515,-3.088898913600213,2.842495901506248,3.9631831134157025,2.674938730221066,3.868143250442957,13.192319103460349,5.845508341932537,4.126296806396845,0.8341504936346888,0.5734970718989096,4.963864871188028,0.7133171094608759,-16.449961282016147
1992-12,2.151056103001081,-8.38885731027692,-10.779551907961427,-4.290788983566185,0.4664336912897138,1.1564559510673256,3.5460964022515418,6.756728738162643,3.3445265868138785,2.0590387033726287,6.2158064648573985,-3.196933959059245,1.2640917409046937,0.7572896698609943,7.794176243431972,2.293005631803835,-9.14105447122935
1993-01,5.085729314135867,-3.9787245135070703,-0.8107753200587098,13.924961833646199,0.8758571481532806,-8.526309997534653,-1.9557599100556322,4.584273089374413,3.7463752305474163,-2.6904200453651272,6.020346082814543,14.958370695959534,3.0229314715791045,1.125637952337022,9.10831447896767,5.51093195866903,-13.577997736961667
1993-02,1.6958932675648963,1.333864601537904,-0.5888827620399217,-14.875037627136967,3.283477251458722,8.1042657785944,0.5998743314970412,2.13225805501962,3.3039736248626106,-16.011754356046758,3.760481326699372,3.401894272018091,4.7755799324711745,1.3555093421133924,-5.549068193812046,3.894269541118578,13.254176091898117
1993-03,4.574521075990412,6.4276911286852645,-8.579985634459808,-11.535052700822646,-0.4819229114854662,-4.564092379235706,-7.9609140719536065,2.256037065497729,3.092428151028459,22.666009929440143,2.8221694413439247,6.525067607352675,5.549789509923531,2.491223096563755,9.23962627315904,3.318821888482537,0.42370723938616184
1993-04,7.695201134508145,4.970101298972396,0.1044218076867276,17.545362991547897,2.2059918583335447,-2.8441974772200562,-5.882177470655526,1.4719919885880284,3.240688195865893,7.576796670485253,4.23903445843985,-6.161216268328262,7.261265184723209,5.004856796728774,9.11778133563339,2.2416585087876584,-0.5902299592892679
1993-05,5.645877498644958,-2.1071720012353357,-5.642153778718018,-3.7033540946284083,9.09811090336563,-6.160144838234172,-23.06904987358811,2.0311333684055244,3.246326829135149,8.72652165116017,7.790565553249884,-1.948650448770095,-3.214782068114108,3.0569162804761296,20.924182914185387,9.768506703900638,-2.475306733153182
1993-06,4.795215293326094,2.007716836178308,-4.52061195914305,6.0331175088297995,-2.3117796959519543,-3.306207441739284,-14.108831589770698,-3.30907381088843,2.2133330093191184,2.8817691307157167,3.6135432229556175,8.271565703389538,5.297813807564156,1.801017905342217,-5.147698554828506,2.1513692833815545,-2.8112544969003506
1993-07,7.109940485960231,-1.1378507174150343,-0.0597338271385639,-3.275785500614048,-0.5741885815285452,0.9230425219149518,-7.71949818586859,0.41085127497866303,1.9057103833462596,2.904841284933002,5.13108525106607,2.0902335545580852,1.8648866913743456,1.6607046232328448,6.825368436829704,2.7655355713899876,-7.606199050295636
1993-08,4.4918193687273344,2.513598441641496,-2.447593546218063,-1.854294585331251,2.387253168845338,10.064784754746348,-4.720138425321297,-3.7654506857888514,2.0467483618595628,1.8585151453841764,3.143737218705378,0.22778673179431053,6.0986086597493605,0.5198169043187928,6.590653964750626,3.4713107087994244,-9.60732384748335
1993-09,5.300384860599716,1.7768520748050243,-1.317813596236217,14.61164348798345,-0.6114533339616646,-7.6518800186939355,-10.918831014946583,-7.539951762031361,1.9048606657811717,3.9655282961419624,3.9111207205754006,-4.674386660147545,3.5561118889782195,2.369226557017612,10.040291492083941,2.4548109722540845,8.063503438500618
1993-10,5.990120451069125,6.154468491218967,0.6958344872478595,3.2683749237682136,6.371195079737535,-3.418279221412912,71.04492035122416,0.7222901739967647,2.8720548378047273,0.3481225819714773,3.4339553847363424,8.273605294613517,3.5906460316414535,1.5631323446683831,-6.092420347784467,4.4444894848596705,-2.2055118850060618
1993-11,6.702818968938007,2.997237953902143,-5.0593810359897295,-0.9501399446872338,2.7813580705312813,9.282293718924283,-15.835676484738503,3.1750182853271136,2.811162991946081,-5.3259352867816245,2.9848577635325224,3.34022936930809,3.0199189177873897,1.5155370600256513,2.9732451963960127,3.6244124132619016,1.7830530061356376
1993-12,1.3098998760034286,-2.112436502606174,-5.503302666413978,-12.961689780815233,2.5994472991381024,-3.750468776903104,-15.239462557398475,2.650938836672845,3.623413402261577,1.5249437437772517,3.613389885401208,-9.083513212351857,3.0569238620678396,1.513625466198687,-6.303015252142618,4.024845058929349,1.7281429153136019
1994-01,1.8117005592191315,6.46288359513465,-1.9626602808045623,-2.5259645123320795,0.36138523871083184,-10.436259263202219,-10.797904100230992,0.48440174381554346,3.5235469739295366,-5.042935739993326,6.107260702757089,2.0335042507898304,2.494539122461603,0.8774258848700756,-6.854508310750429,2.9214853022917264,-8.627592011335206
1994-02,0.5637947490483741,-2.5760770588361903,1.5038951812232249,18.804709804596676,-2.3472544360100267,-9.471469732066573,25.437953162356507,0.21493812318027494,4.051674994031584,5.570974585177035,4.196898311029162,2.262247481285584,2.6661719050918187,-0.13426821805767597,6.473885717188255,7.2564745055686775,1.6161737712139912
1994-03,5.598943322957428,-3.0257910007374322,-0.44259902751047075,19.35743213613057,-1.6797735871341701,3.630569949589124,-6.86935117628571,2.168134099934793,3.7444911192626273,6.622565858249763,3.463420811253548,15.664376238860944,1.5840971301381623,2.605964665313354,8.255580544630448,2.6733601281931696,7.223115800426783
1994-04,3.2446094118972812,2.8944052236946627,-0.8094042519909639,-10.692373548743351,2.270918262143118,4.409934227704748,-4.899243947866728,1.6735640497477222,2.3709186623371847,-7.223654906227727,3.323623745207227,-3.316646255547362,-4.425910259933518,3.5422750511475254,3.930844240589426,2.244296511003707,-4.462085440148689
1994-05,5.655545195301093,10.045662988979686,-0.9472140594026124,-2.1027732147911538,2.344282651807039,1.0454871158592116,-22.934854888305402,4.402244285733703,3.668747740368028,-2.5412695524461792,3.9632666998796973,-2.2286645125258353,2.005128560489089,2.5698889305602712,0.20518854061422065,1.6206396077642182,-0.9585821796014637
1994-06,7.9324678860712705,4.809183352628632,-2.582873465585822,-5.9951522527956325,5.424485860725592,4.271019418603639,7.905381590482219,1.5389822339346937,1.790093422028205,-0.491036171058401,4.774645371956421,0.9250963331552509,0.9310903673407811,2.4961481325381563,0.7770501832074173,3.3727345742548653,4.907811851958366
1994-07,5.2062777883359335,3.8441945606706884,-0.6831298177799261,15.625357528924644,6.155907133658545,-3.3154981708282905,46.752887037215984,0.8909950633594121,2.4686720653769756,-0.1609549557460066,5.517259775981498,-2.0285133831971724,2.153906595867161,-0.7958837237742156,4.009095555334796,6.027663803458094,-6.772682408993269
1994-08,6.174970283661252,-5.636464912033001,-3.44505134510551,3.2672378840871374,2.4713203436689257,-8.997812959731,62.02413705257057,2.1128510121621202,2.866449559420148,1.3380889557137676,2.4053455396982004,6.828643412251401,-1.2827874853454158,1.7005955150613428,-4.530699442372422,4.081827513523328,14.365250753267889
1994-09,6.556692916810958,-6.449950865481091,-1.2778564847145901,-2.433621122547036,0.7340971122498985,1.157912434733599,-5.663045634102226,1.4793314585221928,1.6579593583523344,-4.947062694223392,2.6117525213742443,-1.8922489435118872,-1.3267040379398076,2.511785247503795,1.328808249585478,5.434794519717712,7.108655610049741
1994-10,6.906011015120894,-2.6469381487272403,-6.288586580886257,-1.170974402800895,-2.68491922498314,-5.594292342578289,-3.3750598952625666,3.3570886908457664,3.057821986051179,-1.6756436151536547,5.83719837807164,1.509880503578187,4.8012199687982315,2.1675345724252892,7.25976923919629,4.071936710365476,-2.479938098901857
1994-11,6.347469502437386,1.62153898299493,-3.996011140142297,3.4149958248313794,1.2092819198238347,-0.3148832343305097,8.268196208735956,-0.7380905034836127,3.3118930822346737,3.3013942442435384,2.761718794713053,-4.5631523468559365,4.089521676406593,3.4321845361239056,4.217885058144022,1.6531068456774545,6.522793678703498
1994-12,3.7140478216248995,-6.194255595590015,-2.611435342257795,-6.7040442616713385,5.660824609897852,-5.870897262044417,-0.542033244008544,-0.9486372770251661,3.5359240673932035,-2.4802202659322092,2.6505459530630437,-7.945511042436482,1.6818714340120833,0.5741611175346772,0.04508312124806846,1.2842291592499944,2.356752155459496
1995-01,4.139331099233634,3.5974743428715428,2.1890726468774657,10.455678895771946,-0.7820097120967318,-1.8024924673241571,-7.350874595607859,2.175702620972264,3.6777942751450077,6.859899994656771,10.743930764885912,0.17044777913828302,3.0548842797991638,0.7732418875795233,0.9279013825825411,6.927670061204627,-34.151526856593264
1995-02,3.4138004495370966,1.374680318833832,-4.472986254193712,-5.3897557793906365,5.756070028095062,-11.173049939650026,-3.586978365124427,2.7123870591736265,2.8307138109744834,1.5986630405721014,1.5288018622129584,10.357174592186436,1.4158805651783846,2.5370996884648944,3.616555527539056,1.254291023485421,26.726517016308016
1995-03,8.026424591780579,0.7284264109975513,-10.406250107910186,14.6805819076951,-0.40868714390580596,3.4082136263419383,-8.964308454841753,-1.206797735356424,2.9241826083563627,-0.29568525774823495,3.324767062372125,13.345056786861242,3.745952412917619,4.892523426978568,0.8791565672197965,0.6778079624739419,11.580637758328072
1995-04,0.10097503171646594,0.297625342934027,2.1745162361823223,-1.0984968298258013,9.453376995551555,0.320221749300309,-0.28932437982076564,2.348787770253624,3.3205734157127242,-1.7033580954643246,2.735410710667363,2.4222105084859447,4.992391413287045,4.4850006000727305,5.826279370988963,7.777245212529982,-14.095803069464663
1995-05,2.0500251888835974,-6.410685085636736,-5.187799136248605,-13.773162529380922,-0.7733344012109233,-3.160599962464028,11.206623060999243,3.6076738477320625,4.087834530461731,-5.011332043628858,1.6825212408201562,10.014609664569818,4.684770561914742,3.4298554438293216,0.7843610133627221,4.494288428823712,6.636245527583107
1995-06,1.7902302088944388,-1.8558659781554687,-18.305505014602417,19.82890640876409,0.7048974053888157,-8.3288739141817,5.925709641955379,2.051271803202326,3.11679112787544,2.2553381089763347,3.241285327506427,6.531495703673751,-4.596207118707129,2.039385560672491,2.3456708986910213,2.4083364736523283,-1.7459772196448453
1995-07,-2.9399140231442966,7.076168696657925,-2.936551994773695,-4.358793874731937,1.207799131642684,2.734919175468087,-8.653782777913877,4.424708859166215,2.927999201935605,0.12465188353258938,0.0,0.8815100735345638,3.1958729789349327,2.4565129964001287,4.918378233771703,1.8931533628282926,3.0187309279429364
1995-08,0.6955577570540772,5.737936040414016,-9.160268208541611,15.172252031109657,1.7679584520031932,2.5857144062681137,-11.775327436836813,4.553585561851592,2.9589152826389853,12.375431358717236,4.143865979678685,4.323803699939011,4.277670438429615,1.4380407139746199,2.3996402939817196,1.31970982587859,8.693137916558014
1995-09,-1.7992578744845389,2.6002640502816865,-6.159764327187878,-4.238588400323573,2.8760704838163287,1.7061459726475992,-12.876261116587406,1.73245553225152,2.9383620728753,-15.989885812386618,2.2186963214602784,-0.30918669945141364,6.377733609089775,3.961852863234383,5.235898125580918,0.45854748176719085,-9.741591375288849
1995-10,4.034851611869827,1.5582854202667251,-8.944964697398062,-0.06979845414056829,3.3041285235533513,0.8593473917528183,1.021771265317395,2.2949758850044244,3.8684295286058212,12.850955145481002,3.873996471968999,8.395503702167662,2.558926865444655,2.396488624304549,7.263796890126173,1.8239292730577672,0.9272310378493298
1995-11,3.1639826056828024,-9.05487002672507,-6.478045319438019,-2.113884012511902,-0.9495622266856962,-5.135531522706859,-20.048953184834982,3.3378621408278297,3.6863642685992737,-1.8159426741826135,2.5526492742192985,-6.8844368395869715,2.0848129807882865,0.7553853368213792,1.4339706423764698,1.6735141722363567,-0.06831961932504127
1995-12,6.389093062106155,-0.40176957984823236,-3.5273277608623643,6.469714886180822,2.0939877606180657,-2.358226228930782,24.876003792301972,-0.39619542905057203,3.70976537273624,4.122082454672316,2.8316375710540242,-11.015363781606236,2.9974582471872235,0.36602064115320854,4.285076643688712,4.161424104233835,-1.3077351896275902
1996-01,3.5507572749579053,7.063871380527997,-5.9957118825691325,-4.906138648783431,3.2919416119681078,3.298541709953806,50.38939619639926,0.7796049902201618,2.611790149088744,4.878391766628387,0.8339490549153172,-12.412032055742328,1.4849016026468265,2.5652653482274523,3.749675668929231,2.6345936798088943,6.987869443721739
1996-02,4.31370538840099,-1.099766305774308,-4.885204356864159,-11.485577364529009,4.6464087673027565,-2.156880363841507,-0.5415091096826918,4.902838743639015,2.332637332190468,6.734460624533245,2.256652476528842,4.66917593597882,6.977387091104936,2.0561872974113493,1.8422223301752805,1.8923117262008793,-11.91561716469326
1996-03,4.143715137661563,-0.4954303750074218,-6.564733482354579,10.597047412353078,5.638672192798078,4.901763515713431,37.40173248960335,2.274357362050927,4.590971201559202,-5.073668565595579,1.7902257893062767,10.977636179384298,2.842225898487971,3.678273519572328,-6.833552215384797,4.580818662913311,16.794565284546124
1996-04,-3.9073819144247124,2.6550364008289584,-11.204833059771923,-3.1826612449333824,4.795959678861927,-4.189912639673132,70.03727551562231,1.2245362899752976,2.0506984107304005,12.113442003368547,2.329510388192624,1.5900321686174612,3.343478384651588,4.619532546063132,12.017539341292327,-0.6542717541279885,10.0571368251956
1996-05,0.5967657557977013,-6.780107306724526,-10.047040457616063,-9.715978779494893,-0.23441891727736808,-1.313843872590914,7.70521125190935,1.657278133715323,3.265240268383307,3.9813671095548786,2.2848408450855784,2.822210010691628,4.674756990326578,4.358352333485271,6.2983755867608515,6.98534347879487,3.6277297873022363
1996-06,0.09918584141475062,1.9147398534769655,-6.472519383838282,-0.6553634705035005,7.388860283726895,-6.994815374203689,-33.51745787627982,-3.8651129942734563,2.456527590936841,-11.099109039531363,4.241007655987783,-0.45626256738319215,2.3144662209539923,1.514651589527083,4.481228233219503,4.348705517779772,-9.786441604349994
1996-07,-0.09908756058397694,2.472937663770458,-8.799458303078445,14.227982942062622,4.786384111251918,-5.104331060378975,-5.457992847992954,3.0281867311762634,2.0808058793312822,15.942714967969707,0.41149853868609476,0.9924565707053246,4.775301241575702,4.227094301105527,8.786316365741587,3.4067453102369694,12.685147178449352
1996-08,3.8202594970905945,1.8545734560481364,-2.219048635947085,-13.100236341803996,4.301867722111297,-14.634872102563733,-9.242063672591216,1.6563250330478008,2.8122109608170964,6.264167079866612,2.271752075982225,2.159934110847872,2.1764697242543596,2.473707313680862,2.673362112788613,4.08908703101476,-1.9270372344993292
1996-09,4.487747602692882,2.606502571299707,-10.459799623163523,-1.4282717336713158,2.869778503071596,13.726590155290674,1.4906717130896752,1.9843625340649318,2.3295484922459364,-1.588110126169462,2.86667161262093,21.240569134224963,4.64183825690565,2.490140631918125,4.201868040440027,3.552391975955027,3.8955684362530496
1996-10,3.057695985332498,-3.0395054072719696,-5.820812661038543,5.34721696380458,5.875710820934432,-1.3106930624825153,29.226937357341743,0.2735002084151894,2.597616005782233,-0.48580302209785264,2.3813691173907525,12.157913903966833,5.831456892354803,4.960576154120111,5.003817834212354,5.598965290396851,2.6763729776964063
1996-11,-0.6732023810383625,-4.484452599601363,-6.602823034489724,-4.477497375262606,1.7653819187250397,4.066874214885652,21.024180902655853,1.1151106444130976,2.6372408198190866,4.391009929679646,3.133654714903633,-11.175647232973173,-0.3214839099189182,3.7440552417446593,6.649215426177846,3.7950870664688274,7.742585043707684
1996-12,0.7643275290873275,-3.262390375484181,-10.988050046467212,-19.26105456422913,0.1944736447273776,1.5660548426274845,31.776889232978057,0.9935537570687325,2.3032023177376404,9.379622273999399,1.8371126264880244,-6.024290468646665,4.686908162430492,2.6592898844918,0.21001409938261606,2.6919894296701496,3.4896682717560745
1997-01,-0.5022011876768206,2.2577335074205784,-9.657713282235658,14.671949735227807,-1.6127504181103869,4.092854765733178,6.086542082247326,1.2337062829656409,2.644673972171585,20.609885363748415,-0.05803970721568463,-1.6486096439754405,4.397201045912658,2.3979519547151495,2.0752819479203044,0.5199555099915099,1.8691053387813295
1997-02,5.1150112305836215,5.937643074444554,-5.657102856575936,-3.5702689134914367,4.493478480170343,-4.87699995013614,-2.13907989494051,1.7673480240169237,2.8220063424495345,3.4506282037616742,1.95252372610355,3.173347938928184,2.260780853914124,2.414392952838562,7.2454927764048715,0.9614348438514497,20.862850315260182
1997-03,2.749396832748019,-2.154748152956998,-7.1963407534376795,11.611391337826449,-2.662814554210957,-0.1194878175769909,-22.739908091187587,2.422997781401204,2.4814550437441962,-10.102019270816708,3.8934537346548392,11.752645716912014,2.4602584005060324,3.260044390261041,7.914279017602643,3.050710171073101,-9.407210157153989
1997-04,-6.852964551507712,2.2199954609698924,-19.10254340173583,-11.505951075446298,1.0469174239214452,16.274986934129032,-25.0430419282341,6.226571036960027,3.5475577969105387,-6.634389940724805,2.257190981427537,7.864005568716004,4.674683151363013,3.2086515600295185,3.296844226684059,3.6986446693068498,1.236749339285903
1997-05,-2.451779161865242,1.6312332797359774,-10.299178802693355,-0.4801400593546612,1.13510871913316,4.8601039450515415,-35.56671126786116,-0.06748871418540414,2.8250028081857614,-9.992927858227297,1.7635066593625126,-9.793684426567783,3.035176717295518,0.37170200735243686,2.398698154222667,4.592227327572096,-0.03275600838912318
1997-06,-5.092939721529999,-1.5279343696759318,-2.704345227517957,5.39350309116442,1.3836725137488681,-6.40080076011269,-11.979641692281417,-4.07396282465966,2.780847516921603,10.853588422762028,2.5439046901191587,4.141979984541555,3.3735766616110663,3.879932310120182,11.339969335488576,4.328165808076534,-0.08187381425586171
1997-07,0.9430478863160952,-3.2580621153550204,-10.050609844298252,2.7256524935416415,1.2573348038971588,-3.4176984617763084,-3.2542920805951225,0.5263108629542268,3.834562725213475,-1.3513214409571317,0.4222507458073066,0.28595238630999553,2.1308112199147855,2.0319318213881887,-3.710857538896528,0.15749578421313526,34.76265684206521
1997-08,-0.9342375785780566,-3.672561328535784,-6.257428812695764,-3.40511627049801,2.7426479970323436,-10.741819410133257,64.23463416464463,-3.3010269831476924,3.518146593648641,-7.499337985663368,1.5233397324361686,-2.172915064193104,2.831743692217703,1.7572581962618683,2.946155155115604,-0.9205919025644937,-12.06074442261248
1997-09,1.5679126002520194,2.9909835005171415,-4.968529485080742,-10.683245058292234,0.6159738434465822,3.865478252733112,18.867434363898816,0.5446177171414712,2.8442784464733917,10.858502746517784,2.338869377309627,18.997101399967796,2.3625854043836325,3.68565322959189,4.204372672514767,-0.2163242059117887,3.528451047282921
1997-10,4.855408344455148,-0.4010456726299627,-8.500184215259509,0.33012349918459805,0.7392055401608921,-4.212992809690697,-4.177222025062388,3.149961580821836,2.5811412491761,0.8480471431480563,-2.135805654726064,15.70608230106223,2.6185978361384477,3.7376993899263633,-0.42657935269068137,0.592269150984448,36.47267648550865
1997-11,-5.275796166558644,-5.193190146538473,-6.086900383150573,-3.6449152680033015,1.0568865295995433,0.41456747893928725,-21.529507888559053,1.0031868918068954,3.6089217170668597,13.970406676139246,1.8707725185306279,-13.589346745818599,-3.370058546862098,2.949942342524081,6.303580121222563,1.8455985197699087,-0.5010297229654848
1997-12,-4.200998672425604,1.8586696990216867,-6.39065629323764,2.761430661596087,-0.4893099152935898,1.159957247333132,-9.556067849396388,-1.461411760294884,2.738474530846857,-20.950811737971197,3.4717639136819134,-9.304216918937858,3.588856450139577,6.028861354989989,-0.96801087620213,0.7492325089285545,-1.1556202146181804
1998-01,-1.2810204602044295,2.427615875830802,-9.557157825146179,0.5372535545591584,5.036277728306637,-4.556389837936536,-37.65829396731159,5.857766658285257,3.0026252152928867,-8.495742366145265,1.283108093198293,11.823006772723833,2.512586440813247,0.18201577540783997,-0.626666757488159,1.7418123140365394,19.925147765386477
1998-02,-1.0615218633860946,-1.7178999085395108,-12.166300493393479,2.132440219303211,-2.245091086035611,-11.359655650989954,-32.909812498950465,8.595474155830129,2.8316972934729456,-15.738597815786381,1.879861129158833,4.0142916687533114,5.256156129857037,1.4644306208039248,-1.2704323691705932,1.4011433879237867,6.764108399768309
1998-03,-2.479160433144545,4.851468612953758,-1.8500726644271825,-5.833388446196897,1.815715443856103,-3.536282205510688,-37.87699312145546,-6.838651806109331,3.788500724793775,1.337236227111882,3.766438367500058,3.9100253037379185,4.948458319774907,1.5035532449122258,0.22359039822983373,4.354322923585929,2.365251694734982
1998-04,0.987260684717417,8.505973182228054,-7.224536672945847,2.065709375558722,1.3171668256473978,-3.771201247757261,-24.344435747948978,11.02639026667287,2.9565989690527372,3.8116051690226804,2.1217010847921935,-2.6768877161684745,1.1090191023287455,3.522189562510225,-4.881499170479842,4.399472890932166,16.282370682719293
1998-05,-7.289822997200113,-7.621870872717141,-13.01276303280906,-5.411897539689614,1.5100241027858896,6.676035657939705,23.831409636300947,3.8204730213580174,3.426025191933535,1.2156473680235758,2.794258566309349,-4.142813865871298,0.5234448358472532,3.927495104207024,0.2857869977239691,5.256483354095365,7.693307910071523
1998-06,-3.0585612727722533,1.060451834453624,-8.708107943311894,-11.42961021534049,0.7339416943385357,0.7530627322902328,16.68083288896256,-4.830963490219775,3.672606586531657,-4.984274291524738,1.7867989810775642,-0.6662745751127575,2.423691629267144,0.34107690780149635,-16.584386729969445,1.4816232415610253,0.16599906930345742
1998-07,8.126382582996538,4.981416784004256,-11.626931260442142,-3.004896728925599,1.7014776426910405,0.06619715480002952,-1.5608713754568404,6.147575402477945,3.364065789940174,-3.8042209579127295,1.2496683728870472,7.345517394154455,0.36719369660680456,1.4717603674779145,15.911579684317045,1.147057126553741,4.272948637686058
1998-08,1.8851368933566537,-7.601916115999252,-12.677836435474443,2.796119748366932,3.5321702811497158,17.090209245153297,-23.18320467572672,0.4163798089831472,3.2337059464588203,-3.810092244287744,1.2673923999971803,4.389297781244261,4.668169504326913,2.590514059405691,4.760949318890484,2.047761147769833,7.631792487513422
1998-09,1.9074938254994178,-6.029389277761132,-9.611154104359997,-2.873136356357653,-1.2407216447496983,-15.224713060373517,-9.527950515861994,6.4127552964834855,3.2454998757272424,-8.731105180190513,3.1830392216731562,0.9101853076986632,5.37351425121908,6.9588396866710145,-15.823525586109632,3.1501476424907526,-0.5065417667785455
1998-10,-1.1613769222202253,2.6935229299388297,-8.163732529534984,1.959727330203287,5.695166187203382,-1.4579145062508347,8.859695589241735,0.6965531308885886,3.725501226031458,-3.0001144628706067,1.5474313557602537,1.9151491302878298,0.4408973825394735,2.2862659279555997,12.774942028364178,4.295756842634213,0.0896726886998156
1998-11,2.3372886003956594,-2.955852569728157,-11.093444583057233,-3.0793539210101084,1.7581971706894794,2.3451713642655525,-14.35221315902131,-3.1907398414432464,2.5630708410891545,3.4639872921588433,2.6900841556225297,-2.7811342821283724,4.249581054399099,3.4202548977638525,-6.562381279517771,3.111031364133088,-1.8073134800674961
1998-12,-2.247452484138457,-0.9793984221340812,-8.785332404998902,-10.673873461602824,-0.36152576510888323,-9.102614188772861,-24.002097703437475,25.84590566981897,2.4996292478239868,-0.31106736113174493,2.607564901636139,-6.34438084159158,3.1902220363751566,3.2273379806306846,0.6393653513756536,3.0833226836043615,-0.6860354486122655
1999-01,0.9490142819599923,5.183006049171679,-7.11765303134041,-8.985441428577644,4.758026257182046,-4.057654256363586,-8.340764722929773,14.374199268337406,2.48015158024546,-1.0062225984032724,2.335149054318819,1.2869780865851554,4.717940898586925,0.45410717617129226,-4.6852533136267915,2.1963392592981634,2.1465013684153877
1999-02,-3.4837336772062355,-7.315178243294684,-7.140956738418403,4.0398141114458275,0.6894741563789886,-6.794830430387677,-19.705299194746928,-2.0694403467317546,1.7702316323281897,4.818169827701513,2.7683404576957837,2.1213125171521297,2.044955545462823,0.8303493355035441,-4.6641181714984885,2.386722721848633,0.6594782932413779
1999-03,-2.4150135428839925,-0.8424882838672709,-10.01664158410679,-5.098834820976295,-1.5007819105163689,-2.4845272449881106,40.06511907600665,-5.522228722252088,2.3779661373939387,0.5765181515533957,1.5886407718769924,14.99312255825509,1.312132292047119,3.0734622638461273,-0.6403779163709378,1.2037785535848,3.104973679123435
1999-04,1.2178322530818964,5.031892586355213,-4.453892974282347,9.464097466088205,2.5746691710167413,11.468255923021054,274.1420702720568,10.167014210575086,3.2667785468014854,-6.271402392624193,1.1362545473994512,-7.647370284973254,6.112839231494749,4.507787100726368,2.008266822432181,0.9533422979408845,12.474265649442827
1999-05,0.9269051956186658,-10.360266296732911,-4.274057060325687,0.9924639256142287,2.1834659379815102,-0.21149779969041882,-14.775459305508276,-1.7034978271170287,2.5321214722565433,-1.61800992561546,2.5849757129202677,11.005154400275273,3.5125504035078636,1.4372782005196427,0.1035241248868779,1.8941826414200058,1.3208232781116935
1999-06,2.610620373462602,0.5240298544259892,-12.381167048143249,-7.459587044977067,0.08566960992826278,1.809050311075766,-7.606652892575494,3.0466746831178115,2.140111693107616,-0.4857883627191084,2.0700021762900978,0.587716738699573,3.928493631345975,0.7449363920610574,-4.2202863509743676,0.741142093238456,3.9602880129624873
1999-07,3.962837136357722,0.5416010772100632,-8.158339734603615,-2.79467179650027,1.344035182263359,-3.7399548476001354,61.71084673145768,4.69858997160415,2.6268483580287327,3.458379703287595,2.5560920011766353,-0.7555341656374837,2.9142108849944393,4.25928116378218,4.7957972924429715,2.1020355990642337,7.847838129020346
1999-08,3.2838493163557025,-4.141987164123806,-8.878755842230445,-0.22465189606629687,1.8110897805606152,-4.663831349671166,80.01491541958956,-2.1657944963199394,2.7190407947107698,4.657705884927932,1.5195918921056428,-0.8415880616816862,2.9836835502233816,2.6187153349477077,-0.6394092961217068,2.1754190381735983,7.749974195627507
1999-09,1.9331816104257937,2.6252006029689356,-10.239008443641106,-2.958127983038028,3.576068758936568,3.2182434832672024,51.91027996107791,9.42229191356363,2.934550823398352,10.808245261849958,2.4722060584165373,2.301456426740578,2.2152147648467846,4.134117670472226,5.712026990703478,2.866141209314521,13.86481566988358
1999-10,0.40808909478911026,-3.9085033992121376,-7.129960472868424,3.4241938704074437,0.9407604375140322,2.6815837650292718,4.785026468470677,-0.30125434012177044,2.1484962149059372,2.7853919986035036,2.542179641531761,5.833430902679293,4.196989848845956,1.030376010823697,5.576657123397721,2.512281772308289,12.05512298332354
1999-11,0.19760398709338656,-3.6035506678879448,-5.112334572374544,-5.040665398119836,3.4045715722499814,-4.04957302706962,-9.902470941746133,-2.542667391937392,3.994694254315223,1.8442842034954277,2.518077130053342,2.882666582090887,4.45141591666669,2.344827690623874,1.6739619679743578,4.32732531429918,-4.6454066161120355
1999-12,-3.0170455595776025,-3.6144033591114733,-6.644367444528809,-2.5295814120545823,1.7275731728722654,3.965042397281704,78.74751503377004,0.4305669858215788,2.5219181159092274,-8.748415800906152,3.847508523016341,-3.8462927757808796,6.582622175620845,3.2307167482986454,2.3599780583204444,2.383318769162379,6.568559684562869
2000-01,-1.6570391317568212,5.832990569006258,-4.881059182893699,1.6285406261898894,1.0899849416577512,-6.123999883222342,26.286075070031202,2.234021829078525,6.255730476336119,2.024907373017104,4.534771911269941,4.017935290338359,3.1032447622296955,4.077215247425503,6.242844604424724,3.5872388412347966,-7.797542232766219
2000-02,-3.1491514402919307,-0.10682967075145156,-8.928426515702936,2.845390324991337,3.474230246753529,-3.9741647171076755,89.99928564981295,2.5544397343899794,3.426489056901061,14.732102587626539,2.3285874281565144,7.6605264989523025,3.208064058810356,1.798487350024569,6.576506241028945,-0.48305345502763775,8.134123602335809
2000-03,3.405114771436879,7.830294175211572,-4.280017562562721,3.026091052793123,3.3771429758309157,0.27039444374967747,170.01798292612557,6.6103344340365355,3.5499166906356017,-2.610705284941439,1.018759676016745,6.202704917729207,6.434694568660859,4.2958829027196055,-2.7366578551980103,-1.185683646789526,14.836759703707102
2000-04,1.3708092185528153,-2.57162338859237,-7.419724607562895,1.3036913382817428,0.6755400024714309,-6.036243310210465,-48.52174899339552,12.466734110573485,2.9464809277259363,2.6451054894306214,2.248210490973168,3.661780591358954,-1.3516047564252842,1.0354985451713983,-11.347169165669978,1.1999107928361896,12.635848438194452
2000-05,3.621382232253234,-4.678103938321076,9.863068891592409,-18.987962280067716,6.139876287307855,0.4646344756123133,-20.06594149071007,-4.523768484945833,3.2753440925896493,-0.13798823590798204,2.613218003068707,2.385947514064579,3.0183195954758046,2.780776241323868,-1.767453242821171,3.098091970815098,5.556482812840469
2000-06,1.1156910501293194,-4.046687161634854,-7.0336378427910855,-10.547992399739814,0.6212768205106967,-2.2596850824645798,166.83755211675458,-1.8334329207475242,3.75608411096513,30.222780118144254,1.2869623749750536,1.9693492709841998,8.051740379174866,3.537780421329284,-0.6748153242260746,-1.1826891973271136,16.2937166618476
2000-07,-3.7418184817074707,4.235916026204856,-8.645366556424516,5.416123164528597,6.4415951352042145,-3.3452854037885005,-8.88952549792792,7.966907932457712,2.982399479176534,20.196068618307915,9.420319848660142,-2.5401073685939135,6.0260690084375845,4.0573637867271195,3.4395278317136624,3.3229641071972793,-14.414428941507785
2000-08,-3.346930783268387,-5.7308728072133714,-8.243841551335695,-0.447689148642727,3.9314879494487087,0.421050018705893,-45.181594928578825,-0.9316341294703268,3.4923535158128516,-3.489600818995542,2.9330711794873787,16.694060129820265,3.8442032607601595,2.1961939318817514,0.9868172847592671,1.4939965124134202,2.8175579989189403
2000-09,1.6864329444909565,6.828062462676421,-3.594198796401016,4.5470426853102985,0.21594526597104036,5.6716290942046,118.62013217667555,3.2787261067982465,3.824368399294209,23.17255360731614,3.090749235994461,1.6915282619285765,5.694614500428741,2.984334371776076,4.358680132456816,-2.5448531041635247,11.959524652189346
2000-10,0.07430110183539451,-4.480493818381848,-6.846034163737991,4.654879762854636,0.48222396010146884,-2.99817124191587,-9.625432860551864,-3.7923620018404214,3.792206473986459,21.598885110903332,3.101091234333353,11.520427169163572,0.6593725657834781,2.7836927380366028,1.7872724481949431,5.616327989737657,0.19166698874564236
2000-11,4.548426474118328,-2.0797011619832273,-6.755681053946394,6.7052174801220055,0.8825615519996832,-1.1608174054823284,-5.188661978705788,7.257254367757482,3.191628459261242,-3.3516836653277204,2.474805471763486,-5.513014067365008,2.714585747100551,2.912165777378095,-0.7300347912360006,2.353603716342212,12.462523969705952
2000-12,5.680121119559911,-5.265881466951239,-5.525445791261008,-4.714197933713205,6.904823716947828,-1.6433514242515046,-8.59395196412227,-3.2116718285729484,3.615093737987607,27.136701002080986,2.6508315226190016,-3.0787036768531006,1.9304084586696524,-0.6166523922583766,-0.22372303291247064,5.889670637601174,7.664856293259503
2001-01,-0.13495343603973087,0.9391228272590535,-8.651094435430052,11.249469102953258,0.9600986537575906,1.7746363091138084,-1.082480158729937,6.357696606763197,3.451236984619843,127.41656927503576,5.743613802745329,1.2831466547875037,4.45793405194852,5.2206671364764645,12.244816839746719,3.9619268944165453,16.889528204013793
2001-02,-1.402808068924577,0.7211236684047329,-10.527762562847398,-6.910954499047017,7.509023822479066,3.128614791900808,-15.656717050546254,2.728104744822213,3.5456345748849483,-3.3031656118065245,4.264349701187631,-0.5776951778659445,3.364393441787028,2.8941719158277257,3.3789580858492485,4.767075971446233,-0.43756111356599847
2001-03,-1.137179325300619,-6.6820502677022215,-10.94940270505067,9.23996097666786,2.015379176984955,-1.4940953991552597,-28.625542116014113,-1.2291306652667977,4.727267245974032,-10.345535269146788,2.62330703361906,0.7476342272053405,1.3084809323316904,4.834802274434646,-0.4816285864041703,4.3495169424862645,0.17291924495423938
2001-04,0.17238721329879692,1.3447927108757751,-3.769673828516218,-8.547489766358417,1.0673938032719432,-10.827271022403906,21.43514593526803,10.15779579986753,4.197140011479639,-8.084496862242885,4.3489035862389835,-0.0661685620195751,7.741520317479567,1.4191225374591498,-1.6176325457980756,1.2788135861347971,0.3060763820331269
2001-05,-0.8089100020854723,-7.075523393222882,-8.242045437202083,-4.1176865559903515,2.043465081310636,-8.14085943183278,154.3837741934402,-4.005782841837535,4.959472670967835,9.197074644925763,1.472775147030192,-6.0320367440942935,3.402175267566254,3.119808920454692,-0.22140026734972507,2.9791403799512617,10.957103843148786
2001-06,-0.626017674788848,0.7285168537641162,-5.524577911788331,18.27627287891702,4.847698732684713,-1.0428957999107369,-20.854586379161333,4.910559856636931,4.566923927125877,2.633400558502541,3.9667282970205386,-1.47043012033381,-1.1940587254432922,5.028833866459825,0.12097585739165861,3.736603497592905,6.899935074897523
2001-07,4.486753733458415,-0.4435602865887067,-3.6759785995012173,0.02141308509822082,3.781949334119017,-2.0210653470085216,-69.31490798943945,9.481825623259699,3.7224661516960023,-14.000288546913154,1.1853953064108191,-1.865825322350867,1.7026971840309768,1.950026282580608,3.9380331169136973,9.365264061439294,1.5034340058320161
2001-08,-2.0904312370860656,-4.252207958970555,-10.321014994721423,-9.230285587916665,3.8203115680723654,-8.088591596570872,-21.26436110055102,-4.864581819548652,4.91926216393479,-15.68627404883186,3.5734415221148064,2.2752963622882927,2.800904089749734,4.769225261540977,-0.22070801610185597,4.067776234652154,-2.7000787139050186
2001-09,-15.999749045180412,2.2077051230469324,-9.790690639954015,-13.332297368635636,-0.2578529622505821,-2.5735097124243045,152.38515152728263,9.897420837303251,4.6051928599729175,-21.6459015190403,3.830658099854367,-11.29082790605802,5.204781928558,-1.6352369688044321,-57.9998248425879,3.426353337507737,-4.882714495183393
2001-10,14.419402518521451,-5.120899565772841,-4.048249056057984,18.586139576174567,5.355977846254745,-3.304627861091247,-70.6213831459765,-4.42599476214125,5.306642356730373,-23.98346257743633,1.6478979294837437,1.6263941632147505,0.46756873228031015,1.086970982950053,120.05176113995759,5.753424848625466,-4.978072304358783
2001-11,3.165522752929384,-2.7761793040680605,-5.23365452401412,-13.076867924497382,-0.6887549201595289,-3.8336103989669246,-72.26654518872051,7.8157353234721505,4.762098640639678,0.3398537031000126,2.6272906078026237,5.332187269501976,4.945291175631361,4.676222579756306,0.16188593648813754,2.472588488735483,-0.356425465490795
2001-12,1.6484936507985992,-2.3268182431870787,-5.986478907643167,-2.050324518462443,-1.9281373270285007,-5.617547444084181,-44.04145823225127,-5.382914816537909,4.77233789752074,-7.837031966051833,2.4986433467443003,-3.406957569074931,0.2583699726430133,2.453885787771082,-2.340029207024641,2.739047310043752,-1.5626477086148172
2002-01,-3.207453269166738,-2.385166534005434,-8.806302804723376,8.216780751742391,5.327311667375589,-4.3854620189915146,11.723388602619721,1.962325643155105,3.825665909080511,-8.75561248866351,-1.0393869004057033,-4.643984219774689,2.259138083062706,2.6165612697661045,-0.04050837962075171,4.813342926890707,3.9364950101753005
2002-02,-6.903909608659897,-5.192159393498208,-5.8797496187560245,-13.89139293694016,3.3369876372009832,5.837697487537907,-10.608800214542867,6.8021957919153,3.4254836074770756,-2.4249090343083757,1.6574927325465172,3.0730091396817594,2.16731180227252,4.676160692459019,6.185545493056188,3.0466531559069754,11.948290082677726
2002-03,-0.2352005606650831,-0.6808223431211124,-10.190520389704893,12.350083729969285,1.8056994708390395,3.673109335934366,135.0690498978742,-5.341162065098926,3.8492109593317947,4.6764891737538505,2.8779191414926686,1.982692924143259,5.013081051670376,-0.41552750963332885,3.585170428220219,2.4997430415655497,1.2362572290692597
2002-04,0.8461081760202216,1.1884267501561574,-4.5336019897558755,-3.0440878671058047,3.9496221473356963,-1.3988367293726212,122.22809350932255,13.773561585355187,3.6505795109604167,-1.2321226934897234,3.011286858127571,7.919243579508195,6.4470541467188,1.917910949317414,3.9070777310481697,1.479324134654214,2.2036964392530445
2002-05,-0.5805947222288443,0.6755298440908275,0.7135225358552821,-6.018064401161228,-7.228913965809747,-4.957975128622749,8.19599482331872,-5.45160483868723,2.570983700060925,0.5259716813130977,3.161342662058231,2.6472730543884326,1.5561342199523098,2.264917477499795,5.083250992885646,5.076265800937985,-1.6821730292916448
2002-06,-0.012391381778287247,-1.301430493518263,-11.006515124866912,-1.9112538805223456,-1.1945307211501,-5.964399746838501,3.1770436995551155,5.9246356731908145,3.177114599020592,-7.369304671778476,1.6945972806875043,-0.5637602407888131,2.4694361417793242,2.408095609720351,5.836819482818911,5.127725691648388,2.951363997762635
2002-07,3.2061863410866476,-3.021750322007255,-6.609236670889407,-4.691343292353601,1.6800224713447331,-3.177764289650198,18.23419020455499,0.5259883166732982,3.237065243156545,-0.06760683978842552,6.100875192019073,-7.155270227664412,3.9976433109873533,1.122295734394263,7.091309665671819,9.768455520510733,-7.990034775755794
2002-08,0.4210389799194525,-6.845275328400058,-0.8596402249637869,-4.867743561292892,-0.17595420677419815,9.729333043447763,12.893540172685425,1.281236826792287,2.2176008355650145,0.905558178105248,3.9693319455776033,1.1101342367469291,1.9228413884740059,4.442102747987575,3.939334244801307,5.805460928200179,-4.860051756547801
2002-09,0.7189680629795525,3.6625378723705637,-9.312978628974866,2.506515569323331,2.2974185469885278,-10.670288074214639,8.410133001146146,1.841666707180889,3.5159255595932137,4.541560974708947,3.973681356220826,8.093752348182504,1.560458994945435,2.0629653311262874,6.378794930174014,2.282356352212944,-3.3333638816859246
2002-10,-1.3132607003293773,-0.8597094569379848,-4.419825140512302,-0.813942612706231,-0.8119843270235183,-3.813810104115156,63.64637417586933,-4.134552598207142,2.6584187455573227,9.93265020640588,1.945588363618378,2.503424758032491,5.164251868671665,1.133344840670114,6.989050610502878,0.9779244862553771,0.1321804071830579
2002-11,-3.741622975424652,-4.937026046547444,-4.2021610296844365,-5.606553866965324,3.1962508167881154,0.8876746722163986,-5.5040032187990136,-0.4191819831227628,2.8644481280643452,3.834545332853434,4.5454712641309625,-6.417561370778957,1.9944135560867826,3.986771334132966,5.0794244324422255,2.572726334643116,-5.972006511582695
2002-12,-3.3213895040952957,-8.612417173317322,-5.612819555707516,0.456101672775322,0.2714840146954334,-3.8347201538123654,-0.7691936725931714,-0.4791007720875817,2.769239433169668,9.405756982394543,5.715717090362982,4.438539254449392,4.644328803499342,1.2546889002315709,1.228424098693237,2.42786504194612,-5.2464439790315005
2003-01,-11.662227490011146,0.4991807389403302,-6.511700946496268,-6.4065397209002395,0.8484304974662571,-4.606822647239572,197.83812899498884,0.7833645217920182,3.5811685014623507,2.713482829574776,1.959969844033571,1.8930720202629425,3.3143871030309136,0.49963465271611884,3.743047456837356,6.401068059930148,-2.178430898843131
2003-02,-4.671602089509208,0.5744878109219309,-7.9062099294364145,0.6827917948076356,5.2868773195108965,-3.7226207589127425,172.68537896224564,-1.9033352847223295,1.8534972430614305,24.61592806556809,2.464132708672473,2.295717839767697,6.358270552421708,2.410896891427572,10.750015703527627,6.241932731090305,-4.282547147183802
2003-03,1.549963068866389,-2.5882108864322517,-7.254361914868513,-6.447864481432708,2.9751579931725836,-9.487946844342721,-0.9078942588641281,-0.3899556382509495,2.2746116709037256,78.85894072221716,4.610855597317887,7.778882080128158,2.0520240631096476,-0.08876723909582163,9.400647483374037,5.112594307573448,-0.6417662341302699
2003-04,-3.933749998895719,-0.684712016990896,-6.236801402476189,0.16834304375665798,0.3328948926746067,-4.711669119895157,-69.7555921243449,3.5122151965421677,2.0665882334348185,-7.819289526011497,3.9595598945302957,-1.5677200691066706,-1.3446645483052744,-0.31924772392176726,12.482724086327401,4.7757327696548835,-14.278860541246118
2003-05,-2.634944786992144,-12.861781317834108,-11.091965612672173,-3.453652594843193,1.9476544728515677,-2.0324542266847767,-72.00242826385441,-2.9711195256188594,2.417533420911311,-2.2019601903351838,8.317860892972039,5.624715356484433,5.6937510883102505,7.437635133033749,9.375837448946523,2.2593480626287965,-12.281978158634121
2003-06,-4.284450153222819,-4.713727192325856,-8.563225121448836,2.525274117180598,7.7000424383081745,4.876603188042772,5.319999782265183,0.40641937521410654,0.6373189827712622,-0.126240213320028,2.3420019885473042,3.58258621066212,1.623354950428535,1.5831864816646224,4.790521022016847,0.21676442756368708,-1.9471392026932377
2003-07,-0.012715029677989875,-1.4625893708005822,-5.332212743531262,-0.5931573528952683,-1.341947564941759,5.456557183625121,56.77858415639327,6.1284387913122185,3.083342462372074,-2.5357123304899476,4.555081585173748,6.825454172201328,2.6591998578917586,3.366753036535286,5.004737217216526,2.885413222782507,-2.6239583481016515
2003-08,-5.923724634182481,-4.93925101456677,-6.818526851202655,0.19103890400469226,7.07269925769094,-2.7191947882694523,157.02301957951096,-0.2984961043408729,3.0646464244766802,-2.3137265789674455,2.660636463733712,0.21155833422288328,2.8044694916869117,1.8983552524600489,6.5641842690109975,5.343753678374519,3.4319850138910146
2003-09,-2.6137754034973426,-0.393456276677262,-6.461367537729612,-2.7925509299810414,2.769672172523463,0.5974044008323354,105.20695042622536,-1.1154305065509518,3.267664947793092,7.790406513904036,1.4013706287920646,0.17895267249561364,3.588707398857749,1.3784356614235715,6.54801904980431,5.042830312094937,6.091599586976293
2003-10,-8.216875785680545,1.3644567355391324,-1.9455010215593482,-5.899304447095943,4.552107953564777,2.831193863562609,-52.356187584345946,-1.839710602522715,3.3093887901810115,-9.849986571066015,6.818817441918901,3.4334304506387303,0.6375262141179228,4.803765101792767,6.687472667947514,3.3113872434844094,-4.64706746118142
2003-11,-2.070036994950941,-4.3211986110506135,-2.531415067488385,-4.680470515021906,4.810310501862647,-1.779726047895902,-2.9272865338510923,-0.7765018345673114,3.1284780612861995,-9.351768966107798,2.933819204897925,0.19465766585111677,1.2121892933973033,2.831798395277385,5.227605604120478,3.896302396446605,4.644124606080147
2003-12,-0.5671488775514488,-3.388256195195949,-3.89247332052729,-3.353792626691132,6.811797019654109,-5.340908162010482,33.2052759407226,2.8559399663018903,1.5758322418170545,4.475636672610284,1.4374011524565855,7.160244865214693,3.690142510281502,4.264963603642347,1.1867944189552393,3.443569163239313,5.384939008996481
2004-01,0.7264597642991033,4.610205585775584,-4.507649724983375,9.104609834214749,-2.9003082661933077,-1.3215332938502633,111.02182947081545,1.9166461565903292,2.6791419338614952,9.330943004365167,9.092477122285846,-3.8300035060834903,4.842005349893985,2.8330121278119513,5.0857290913375985,5.679415004229638,-12.700768431012953
2004-02,2.3508629547952964,3.632991268666985,-4.096189012044582,-0.15815333835230705,1.319319122946272,-1.0330748374026033,20.346517218319992,4.216943656445604,2.8772010913598045,12.759713885385882,3.73781781638447,0.08084890922115395,1.8087387518793907,0.9399273067710379,-1.489307116530103,4.3098152544679635,-2.7088058591257624
2004-03,1.7681211577199152,-1.9795363867314508,-1.7026397636666357,0.8626752626235357,4.16136523283861,2.7598859350673965,1.1152950017557783,2.94165291288091,3.0101035760348838,-12.019813186114003,3.0556989962588155,-1.3332868140888299,2.1345862714924557,6.25086882400403,-0.8289610113691004,2.0274559060274644,0.1659138713516306
2004-04,1.477997591689073,-1.831572815960425,-2.049623632427533,6.31043779602698,2.46963590291005,1.3249987676746233,-25.859862942227053,1.6005547148363108,4.0440212066714665,3.8578208212431964,3.5695750613036203,-2.8897284979289783,2.7896667811472264,4.8427277010239855,9.298666701328862,1.4161939756669906,12.240986200129523
2004-05,2.0905740567799036,-2.730550980283253,-6.996517395105406,-0.30307967852345463,10.41422365661302,2.9129590191990573,78.93366747668298,0.983195778197965,3.167408432691876,5.059445791997552,3.0389202364352608,-3.714565243653556,2.3719139792962363,4.358286874926232,3.9510200586432953,0.6155986909446964,-0.21868371025760558
2004-06,-0.49961197880956654,3.4628939222391963,-4.0638670003364075,-2.258732304504163,2.4129958303408916,3.64437541920668,51.86333317575562,-0.23683225703027277,3.1373035343966738,21.16221065584647,2.35401964586317,3.1023228694113003,4.034782877143495,1.880133816220808,4.012304750174023,3.1278854049612725,-4.199987558923901
2004-07,-2.375810812440826,-4.1003662582607125,-8.630438960395582,2.460575402265497,1.0672122943174323,-2.0403778747956847,-11.895480207325937,-0.723818332360826,2.684082362981477,7.322685709893095,2.6385750902227834,9.812822773994334,1.6917009498812252,5.567218116907857,3.6847792700722692,3.4515375894705214,-6.77042270722219
2004-08,-4.733623215291138,-5.966863081922602,-6.536283064607273,-9.117420417804167,0.5166049624911739,-6.177534622696379,-0.9208315808057144,0.624641669804471,3.185915730379496,10.613983144538963,2.5525664248668756,0.11278724317378419,1.9002832827587524,2.1803130260812598,1.6497927792940459,4.4900887838446035,-7.505656132485628
2004-09,5.347752856227217,0.1555272631219573,-3.380030077071061,-6.463550105544213,-2.737828779518181,-3.528829675117773,29.74651590319577,3.3864741697012812,2.171597568769057,-5.424365716149349,2.0361968925018292,-3.688061021367961,3.218686263541426,5.816893913994781,3.778690595504286,5.14152616564485,3.374023347463284
2004-10,5.946428521770097,11.672994548346892,-6.1566354875402185,-1.3364091309802761,7.408521980217619,3.8858001855900604,129.11575453410907,4.448675266706448,2.1407258659490447,-6.663866680540586,2.4310456110049783,4.971919164149585,2.557349804561637,2.8051168387373426,1.6064394580485475,2.1561654106579287,1.2550242412370016
2004-11,9.424838167121052,-3.98630151305025,-8.146192975623412,3.2062603153049762,4.467002814435306,3.6587246400550777,57.805404464456366,-0.014726727142555518,1.7818715493730597,35.55322559284277,2.378357744727877,10.743342605786443,3.3666520801013844,1.1517977171675797,3.1228821154727138,6.197609708699803,5.203337427173671
2004-12,3.8276257680280645,-2.8774520785330826,-6.709126394401144,15.421018323574165,-0.9584471708167119,-10.523529857710868,-19.409668092848232,-1.15731961673331,2.5244649318985957,1.1997152759299246,2.7715888675503564,-2.3198644218485054,1.8507903335198472,2.1932472022272886,1.7614557022924249,5.2333215495145025,10.773267253692387
2005-01,0.4316311793853389,4.011485919101476,-3.2233264610433854,-14.594655285291092,-2.8670436296262203,7.016928580521631,-46.731761402284235,3.3071191178461135,3.626618453559405,-5.552836517839454,6.1890091194006125,4.468308402810162,3.580206612876835,3.899065497921095,9.713232956811613,5.856305506328852,13.963084946882498
2005-02,1.7876436153801079,0.2994937780800955,-8.541923983132138,0.2623285886311555,-2.6238421480160423,-3.6365947276396637,73.19317974195856,2.0029634297187515,3.5208338290036556,8.124923629986714,5.831572784046202,3.1499240473412238,1.3789699615278428,4.634743708343425,2.673060942769001,0.9134994296452925,-6.963720686330966
2005-03,-0.8816896770222571,4.699150464083868,-5.52976950352525,-0.9073576143052486,3.8785380249034773,6.102930007746354,24.117995960432516,-0.6293314592779486,2.4375444219320475,3.8418850551229067,2.1881801047414884,13.438134242793499,2.2570987123027297,8.292171889234655,2.756540387561235,2.681052329719491,18.8315238847262
2005-04,1.8249093466532251,0.8391593419291077,-2.742670239090017,-6.2961489941275595,12.481500740821193,-5.924853648657569,28.65698702414159,-0.04404828110360359,2.237342383491314,25.099239566870303,2.9061778628001633,0.5673073220691771,2.573876876865633,0.14928568183687485,4.967364116145245,4.597893450915147,-5.1079822539006114
2005-05,4.975228165427947,4.018558368158787,-2.605701706327457,4.168816469773762,-1.1582738897580103,-1.363006769736208,-40.7774631040104,4.786836250311155,3.0298825818962705,8.946444258349562,2.507158310415303,1.0101058093180404,3.0183639356854197,-0.1987055884606681,1.9595790629847842,4.742786575693625,-0.2422474008585196
2005-06,-1.0645803294126566,-6.8567090268027435,-4.674081115488137,-8.4377376439995,-1.7932639746039536,-3.189160173722938,6.325466660124235,0.2783082437388451,1.9434211030521231,-1.0175926825529036,2.486312844183014,4.92690146752226,0.0,3.0590186471806335,4.523284778483472,2.5433361325463144,-8.229417375516535
2005-07,-6.333701980148443,-1.8328549699801355,-4.373712134722019,0.023012973463276687,2.3292888024524006,-4.796346861064416,174.7858565791493,3.4917191432276784,3.192044369535618,13.650424720654119,2.138833882518809,3.768923781905764,3.9462937145963384,2.762663540006982,5.6253083205931365,2.553805461098757,5.053869705939484
2005-08,-6.605515337148338,-3.993940305347654,-6.1947091788177255,9.32742913639224,-0.40256644479969017,2.6232675498019997,196.78609457761365,1.3500091232814704,2.290549976928258,18.767040596215455,2.243645077264267,0.48424480426731975,5.936336779033868,1.813129930178392,2.2727133588118953,-0.7393017481755471,3.139691236543407
2005-09,3.6651457310497237,-4.351509070824278,-2.140874474351484,10.0508243255089,3.13732028318221,-5.801402435736969,750.0186820345068,1.8955046611746962,3.3033084325176487,58.05574862585996,4.114427993991865,18.241121891713608,9.846327426369905,-2.6683513912591383,3.712245237039591,2.518331010539754,-1.3266063086200042
2005-10,5.453149812016633,-0.2715654583567484,-7.172258405159948,-6.120266070691683,1.2742264048348773,0.5958089608594674,-46.04392612514453,3.1574052820990017,2.4132168305195156,77.8900898523407,5.331628886462214,2.2820241983254164,4.827052155154643,9.665623650811007,8.406616460091021,2.2764994799766347,2.029731405633095
2005-11,2.882341258125365,1.2405568820604396,-8.67826880892878,2.080973994075319,4.714280357390321,2.857758229370222,-81.80734900310318,3.477961330437984,4.605394076854563,17.537986306205312,3.303511184372576,20.72705558516801,-0.489314368900462,4.03767875606782,2.6800249073426485,4.30307559751808,0.28333530036577237
2005-12,0.9501869320515999,5.296113088186516,-8.96750510601494,-0.9508555141608643,1.2079716309071564,-5.941924581835789,-17.465766901509227,3.0359085005817743,2.684358527758368,-20.51263711530774,1.284754861857773,-8.189753374453845,2.339816566598385,2.811633729158891,0.18644194106494094,4.719206991811564,8.577866241883282
2006-01,1.6509314224158134,-0.38577408696351956,-6.447676702541861,3.291478767974776,4.259192497155162,0.8219388214832923,98.15535071700397,2.3039186071370565,4.365108907795512,45.18883083963816,2.198367792847189,5.2617778881518085,3.734985198751284,4.116072490067002,4.686363479999178,4.6369499732564545,3.0522539856312703
2006-02,-0.251453585061745,-3.4991517019378193,-3.0208734982759,-6.4721435646374665,-2.091089084542752,-9.830259812367736,-13.235397357477884,1.3477001658446897,4.053309256435855,-14.515025365226464,3.1306076612316325,8.913504465387657,2.2190506429076384,4.490142399664876,1.905623445264082,4.634981741502009,2.4698318967083743
2006-03,-0.6527105289833357,-3.3967516378011875,-5.4928399266026435,-6.76438902576394,2.1055927999622304,16.069179480013183,-9.536834895396673,3.8648785142198383,4.037130719319881,-14.93949151079821,3.476576746557747,1.6508424681216605,4.776368703580491,5.047411620919373,7.091771413183512,4.080660786633805,-1.7439881303769944
2006-04,-1.0530067396615883,1.9814616302992416,-4.6583335449002945,10.543844881433184,-2.1779974967099602,4.564029914060708,127.86835020982204,1.618092094492729,4.897371894256741,-13.875146454798259,3.082806959360851,2.2904267211668383,1.7892288316408766,2.526098264618226,12.018842216259952,4.538440238889629,7.103918343250948
2006-05,-1.2285935970714146,1.5147466195097659,-8.241303071368634,8.069550103927048,0.6081826760863773,0.5180643300381593,21.25995555438116,2.1549787764443495,5.234392422681822,-3.4611907142577447,3.549686291905063,4.729309594409181,5.272997190440942,4.830774117298531,8.47341661930512,2.4070464930182833,-7.932008764924903
2006-06,-1.9263850958012863,-1.9024623452078004,-11.139325094738261,0.4646608045201672,3.9738480572512724,2.362268228837472,4.069772779311176,3.043946870360248,5.376642669190113,-3.4208680903827005,3.661698350761977,5.100631865631655,4.808226389664694,2.5599493268081197,6.269208242342406,4.747350092250713,3.7347844347825454
2006-07,0.430651652054892,1.7419094832737736,-0.7735552913437638,-2.004889016793543,2.0978394892997576,-11.608726849802697,121.29262301825996,-0.6540338624280384,4.477503025937946,0.6865731159597432,3.7422232261408173,1.843646500342011,3.7121766868116746,3.0626646348143716,-7.055574985483193,4.54124978903967,1.0568287975769808
2006-08,-0.6551364099123158,1.0618637662999086,-4.259403527868145,8.855883458569025,2.8916922688737356,7.687901652433915,39.867707498856284,0.9170304720027556,4.309476187634509,6.955298410214961,3.4718904029721998,-0.059348646851331566,2.2545355831446345,3.0384825381463587,1.243980159060687,2.658791466648691,1.5809246164963264
2006-09,-0.4416326983291974,-5.466397441743376,-14.210033749956352,-1.474161045395772,3.443509652158805,5.379570940726208,-76.92530141203552,4.5848457118849995,4.769229212479775,9.527853582987046,2.405945813866106,-2.9283326184747493,0.3743701560504853,1.0866854025525008,6.810487511843766,4.917976717793637,-0.8205172792100202
2006-10,-1.71912832892549,6.059474782527108,-5.268773996663889,0.4399460896266083,3.509159621921487,-4.105849160909514,-72.67439575366848,-0.7079282426100342,5.136902828997281,-31.166777569510273,2.146702215194818,0.6566324116445088,0.6294786207829528,4.044934145004708,8.313348601872473,3.695401920225261,-2.885643363975343
2006-11,-3.844537616578214,-1.2708429828935053,-5.980407470040094,3.987414746807949,-0.3933107758921639,-6.033811692328261,-11.11183962471678,-3.784480924754763,3.8083235421590977,13.859610285059109,1.7704317690556248,6.3961044879082385,3.474642748759127,3.213355494586456,-0.4547969295161436,1.3391497248522732,-2.463656339967213
2006-12,-1.889647886970347,-3.7440935164675393,-7.134058804861976,3.140274870809634,-2.5392399346602423,4.098642175394307,143.02815445820366,1.652153033894077,4.3933176204833835,7.953058270085456,3.2628437766975438,-11.027943760927839,3.4338827873757527,3.6772030192143035,2.7533900467263672,1.8172072737417277,3.5001317151667877
2007-01,0.38251842457348584,-2.442459618262449,-9.026513508559763,8.685434105201084,9.139595502983134,-0.7378300977638697,-28.324214691049466,7.554431164176245,3.7478678067074833,6.115442576658214,13.90253380349411,7.347237035950482,3.5313619024735843,5.967434776781855,4.780522355427408,1.2013428258686565,9.179704969150503
2007-02,-1.4535163555936537,4.160616994808652,-5.28117335795698,7.430479444346894,9.938658180982141,1.7548238193933363,19.965765822811086,0.39701243335819036,3.778480006603213,7.846058976126646,4.007773177136054,6.749388656205624,1.851915012310057,5.311828444269651,-0.22632654178826872,3.8840144128844623,2.662364890474511
2007-03,2.434573138449747,-1.226519313633312,-6.269100040220444,-12.741155583510066,7.662903399262344,-1.6760152515664317,109.71004686965694,-1.112031583271722,3.663166401617657,13.080527798656338,1.8549977196336664,2.1176394716751368,2.9218561962931933,0.5160976278641094,1.368131402489281,5.187071299079249,1.6076277490274737
2007-04,0.34382643494688114,-1.3814703793742722,-6.887124624164254,-4.260005760581809,2.7844839700992496,-4.497279949311106,39.459440817961465,0.8102157616225458,2.2863752099599344,0.00878756589719476,1.618910685336905,0.0442420771866292,5.705258239991973,5.5152280886964,6.21715147448878,4.051953966623012,-1.9191575804865413
2007-05,-0.6589553305946683,-1.2869181547078612,-4.158482419184361,4.671466085827625,5.266664612316974,-2.6927519944818346,67.30679121459559,0.7526547530777972,2.0881060907541826,0.32919325088598406,1.6749105995921054,-1.9289185435946932,4.43391709943155,4.920713886449146,2.8682814080370322,3.465301254131292,-2.2586717779777388
2007-06,-1.1260180716854418,2.5431574008423663,-7.146640773724144,15.15688072366974,6.533041456284594,-9.587672849609962,3.448749565924203,0.7949140611750227,2.5442079486482916,11.430264867046436,2.899717715195993,8.38386687827246,-0.20463341582330763,5.727623302752849,3.472461846911057,1.788066550654288,5.403431955570004
2007-07,1.2289158205884387,-3.8302937197927878,-8.00678938370326,-6.300956401784575,2.969142629335786,-0.2627393257918498,7.504843199645261,3.0524556659542013,2.7948184710154145,-10.259922080488193,1.9733487831517182,7.007220876731068,-0.2776710379458147,5.619475680100416,2.8367889461903495,2.362284646256252,4.498901833953828
2007-08,1.2533810887529029,-4.854066092559684,-13.044570197259176,-4.392775698234919,4.700687425934458,-4.9579719680977625,-23.054991521334312,1.4761629246426988,3.3275920693858207,-7.867328984579247,3.0782974000089336,4.616708131648917,-1.1646396382964164,3.8192919419034466,4.1647250246335865,5.4637615228926295,7.623095619758091
2007-09,0.905687952847356,-5.563922054155579,-3.9585609385032194,5.1181819707156295,3.9513892583611376,-0.1508848484861769,48.09027147749205,3.2437570545105876,3.6219544036558027,3.9347020529279852,3.759465153921804,-1.8157081936993613,5.927521037755024,3.870421719484085,11.777646530167507,4.159167680487341,1.1265396991732457
2007-10,-0.6202348274309322,-0.4322264460229541,-0.7804931693385697,4.378819983437254,4.857112422520626,3.6850105304781167,10.713826523272662,3.7277288790851015,3.333890195418321,8.42847575710639,7.472299954866002,10.90099223780121,5.132598489154838,2.6818200507799927,2.8910419525331355,3.282725982774082,-17.753609950142014
2007-11,2.4010295918562186,-0.28517207890256246,-7.602705344215566,-0.22086219390804462,5.0856818147700045,2.7053016432171395,182.09106364088856,2.106265471639013,4.3160412649392965,2.2238639644313274,0.6783068340405984,9.604203735143058,6.256318805782501,2.784849701864278,4.542780093378829,2.55256182630601,-1.876103082008418
2007-12,-0.8962559088911304,-5.021616602936474,-6.1188410061620235,-0.9467124515646907,1.1181267956404062,7.40017613869699,16.189584661686762,3.565204530058441,3.6078935665804,0.9443038760431399,5.40955643204617,-2.182994075526268,1.4835376111548948,2.700710017688701,-0.5314563550999685,5.1836001665122255,3.268865467286819
2008-01,-4.021178024396632,7.11617344255393,0.8107052531686865,2.9151680743191077,9.172316066884534,-0.3106568430340406,10.661761211885246,3.138111843645608,2.7929543173913274,-4.367788392237837,0.8725887341229033,7.474595731307265,5.425799891362115,5.614605674309736,-1.5254996599748605,4.640344873731883,4.368109598541459
2008-02,-5.893294833636897,-0.9692938037316523,-4.597723142250443,13.162632912404337,6.225270686895379,-7.970487577680574,17.34650668752287,1.7091013111913966,2.288197955926319,15.353502537491014,2.464786858424639,3.28537985987849,1.5334057900391773,3.549434229581805,-1.511963851647069,4.459871375932178,-0.9181668372291063
2008-03,-0.10229633084587464,3.0638798893915853,-6.609409568438318,7.535685873283393,1.6591398384131262,-6.762155288792615,23.01161408219827,4.504519745320512,2.6138090204874453,21.90278381511339,1.8467637112477675,11.705718420319844,3.987870785986236,5.777125124040805,-3.965140426492919,4.959574706683578,12.017927555988095
2008-04,-5.328357585174793,-8.051470640275138,-6.321490331707724,5.852617070902899,16.8535043520748,2.5249492029925324,-6.1841213634476695,2.193046728534731,2.876247942494925,35.63881417973251,2.7131384559366367,1.6182106944118813,2.575402420492545,-0.8632076419749501,-7.459115953483497,9.334369059566328,-7.547472911295394
2008-05,-3.0663806686985984,-1.2972791116076854,-5.067950953904743,0.04324129476820371,4.1764391125671985,-0.41437922672383776,77.22647891313316,-0.4271167134876408,1.6264231251007066,34.11766177064668,1.9389595004369875,19.410153491069227,4.484869843875217,4.485820968440191,-1.2309803117358298,5.781508312101424,11.646175411006698
2008-06,-3.036661692819509,1.565032051845372,-0.12596828759969814,-0.1404108589190045,8.076143540025903,-3.357780445866476,235.66094750443702,3.2655946261080926,3.4222933368439623,29.023511686873338,1.6672805319624118,10.361604705066574,3.613029534583778,4.997594910891023,4.078054697070921,4.718578904512949,2.3962534240743683
2008-07,-1.0414507903181436,3.362117610852877,-2.9909169530174418,6.109674870421977,14.641251356997543,5.100832153646273,51.88857753617568,1.5116297724628636,2.2842396465261317,47.445104481224945,3.5271873268507115,0.22025159511160908,4.395711048181417,6.381624392492036,-3.7502116473755454,3.6639375121467976,1.189263066807511
2008-08,-4.507360649160952,2.6841491008553486,-5.646683429095567,-0.493645097141604,6.614812936091408,8.442106548191575,-43.581281509594895,2.913147107359171,2.545865054598262,-6.878559971372011,1.9838920502985635,1.1888714808745426,5.2053749182989995,3.205124031045248,-3.97646478831738,2.855852779201773,-1.0467556632991815
2008-09,-5.932998450908745,4.220382783415677,-4.741644700150582,-6.1771666229411775,7.884456253554295,-1.1178156512653858,1.1755391954235028,3.6694298657358404,2.9550074187121744,-28.665142549966195,0.9858578951860153,14.58770402637537,1.7010215935286288,4.43074888522641,-5.876554174044724,0.8720422908749192,5.980454081676978
2008-10,-6.171893758715408,0.3239459734994954,0.12757692767235707,4.740714258369927,5.1433666102791875,-8.979700016704417,-80.29022165953187,1.7097928275900287,3.3476656970357954,-16.51659774826615,3.493838186884801,3.3785110001433694,-2.34813300013057,3.7448869775746907,-22.938914861855196,2.592824509201863,-18.218379365671122
2008-11,-2.681489349105326,-3.6324409147704517,-6.332818046529853,-4.381451502746037,2.624792503320772,1.2794692927420526,-98.27217750175922,1.8323156107382887,8.962530581835138,-41.666979058721346,2.4510192997744484,-3.044532960055535,-4.735434461463594,3.0095818328257806,-16.288860944329265,4.088985825486091,-0.31520511643093885
2008-12,-3.1735975215163803,-4.4007923202861505,-8.042086054495613,0.7706568512048984,-0.5060460802385536,-8.598898409841382,-90.82370453764767,2.567090491918611,2.9603982288021857,-12.90647164965919,2.333661543461174,1.7933165642009419,-3.0374216822082745,2.165755753717269,-10.896382589090493,2.1864882170447464,2.1790518323244745
2009-01,1.660145176616834,3.5899759793519337,-5.9585144901608045,-2.309974868567455,-0.803720475272407,-1.5729953510270955,35.91072299723565,4.04822250804433,2.7666214693818247,-6.496126938454627,5.339226602682379,5.2186589387203774,2.5076482039904313,3.116387083335548,-21.211246593919665,0.6309632361034989,-15.122135080448917
2009-02,-1.034942224227875,5.526223617699699,-4.805895524841752,3.756299972393884,-3.635648131614244,23.366274658649022,110.07460092764498,3.9924141897417,2.100932352716267,-13.178147376663574,2.207417472741602,-4.740535287188297,5.047329864734773,1.1242195045923609,-11.097458428103979,0.21893806322028642,-0.7694310791131365
2009-03,-4.097298140961769,4.59925108418302,-10.16820439244588,-0.6566382865387688,-3.2546537245099927,4.57055884118569,-42.26049538620078,16.850693760635103,2.9188898380948736,-17.383641292320018,2.3564685804744023,-3.677823133257152,0.6354527336070337,0.13068650933347747,-10.703690405650168,1.5276776095159983,-10.645739564643586
2009-04,4.368551251877717,-1.1645737073724516,-3.3496823481028337,3.2783566599447145,-4.8771424533128656,-1.4932079437760981,10.745164194625879,17.822307679171324,2.039247965424673,-19.675227404191155,1.7557252921019728,3.3267636992406313,-7.156236881596967,2.5245464905677473,0.9813436198572445,1.4565521126757908,6.777519983816482
2009-05,4.421219274059296,-2.022209797058694,-7.571208501782478,-0.7836747288973211,-4.140734220736109,-1.3722901204703875,64.89314984680807,1.9664102145153795,2.301180751112497,-21.756615653696066,3.6607703913646983,-7.751717613811127,2.3037534323033793,-1.3812895646719614,3.722654988243823,1.2615391791197084,-8.070546390598665
2009-06,7.491128452279705,-0.925449542389789,-6.267460190351226,-4.466277531642793,1.0609160490497205,3.3383349018554,659.8344532529322,1.9498107460236946,1.7960058410821045,-9.18556993606935,2.410514141495179,-4.609697368932375,9.999192310346006,-0.8376007197987256,4.97597152196585,1.6742907193541212,-0.7783541494650881
2009-07,-0.039134900769777214,-7.018483105460471,-12.914836814789087,-1.3444211609957235,-4.97264879346877,-3.447228240278799,-6.326550030319078,4.322994398240376,0.1662817342450884,-7.642440588791999,1.620822805565747,9.654204477567664,1.425397389892069,-1.3265369136503669,5.900133214201642,2.156326182031787,4.707684078089103
2009-08,3.539912044036808,-14.166513240103795,-6.303909739931024,-5.047350565709763,0.19881038583773325,4.2024617058187275,89.85343839111506,1.2761237907246148,1.147378338250582,-2.281906091353103,4.6885520192436525,12.088042016732214,4.925519168760473,2.3189938183325154,4.052536031651988,2.485213655263907,-9.470047218061739
2009-09,12.822360076620342,2.8908819924699847,-9.954768668638081,9.841029330638795,-3.401372764632149,4.420076581784493,13.547514584596465,5.188987287750457,-0.8461381029511439,-1.429615321845934,0.2154228531686453,4.187407098319174,0.26535216480045865,2.447827603533592,3.205213598538248,3.538142788944887,9.20673513396002
2009-10,18.075404283704067,-5.593999588503118,-3.5948886326237828,7.674624093104354,1.295597173704266,-3.86373869357427,14.547144670392754,0.914568094475321,-0.026878472399349818,8.371824733563837,7.422511431096956,2.0874006538971646,-1.4407675055384872,4.74388478751484,29.651180666128816,5.582281992785254,-11.325531783833231
2009-11,12.545394420462141,-5.970510441930809,-5.670159805225927,0.24707370654852845,0.6385221518706352,-6.219621193417934,68.26400849835616,-0.5058601060658141,-0.7707186078751649,14.221866512505056,2.830019674753692,7.311163315591873,2.5281611592675945,0.259702639827486,6.184511009975169,2.1731154512958817,-4.791394006389327
2009-12,6.260632131009847,-2.179334121469567,-9.486286906222151,-7.616229371652439,2.0067346106849904,5.394693769387482,-6.241933534477062,0.1692147922681464,0.0902048886446849,-5.618170623415086,2.1821494778699435,3.7678647227507023,-3.1851558001942726,1.4503187879007395,4.9439615730917374,2.7319408789098887,-1.003891873456575
2010-01,4.260936000298998,-1.8769259488249812,-5.183678335462627,-5.041549076000617,1.5595096561247246,-3.96375490368136,32.49548226788688,1.6905534228502717,-0.0757508574363186,0.952417058234234,2.3548528975976035,-0.701778617486748,0.7430002922947931,1.0265156699548195,14.707379479063487,1.8641609521691471,3.0986023714288713
2010-02,1.4310280782487528,-7.870959333291494,-6.01694411310466,-5.465339958960158,1.1961051801981037,4.06269007430311,-24.871047572853467,1.846535404270666,0.23061206917751598,-4.013567665605633,2.350241044017709,1.4449845762388724,-1.08367393838118,-0.11496454001470591,7.9424087069547955,1.38622665586412,-0.8673011840009015
2010-03,-1.974939471767001,-2.6087430945258228,-3.271411652631029,3.251063351773098,3.2971479322888575,-1.087864017033191,-11.314274875733076,1.9624326101407075,-0.24137221088317284,13.770697734516935,2.67123925805699,2.375290903071381,-1.8704530820660925,1.2582166691324392,11.242599481075155,5.237969941702403,-3.034102955233653
2010-04,-2.540249814931572,-5.553132926767357,-7.477624311878639,-1.2748659233927317,1.3782073272087025,-6.932305369197234,0.5861869598543068,-1.146100825353169,0.32126184746748,-0.5448419976714192,2.4892228066050626,1.561295875439761,6.143385485410757,2.4694909436159707,4.202031304274456,2.8976522712464314,-4.045483360571723
2010-05,-1.4038417114608737,-2.06639422571383,-10.469063617958806,5.485862491902682,0.3029618834970549,-1.6019277981307534,-20.27589629122778,-0.27178145926286534,0.9973085990328201,-4.117635667100372,0.8085182674612001,3.727687399547741,2.964423665327276,2.5524075925067446,10.267131106784678,1.7522981671592497,0.39795708784482464
2010-06,5.006163464940472,-9.683563119856608,-9.767715919081631,-2.219103149854851,-1.1251148869406924,0.5274050803730113,-22.546737823207984,0.9502714527870548,0.961834267703221,-5.136866518105032,2.8067745376437747,1.5277277355385976,3.6441891658383296,1.6720939604502494,-0.7010061673571211,1.3197538073762116,-4.7804035432163605
2010-07,-2.074618393825456,-4.313609064920487,-8.071974177315012,-7.367240346886261,0.5674835761926955,-1.430509199099772,30.964470766306817,0.4672282299237107,0.7244545407860237,5.999703013700963,0.9388206416732547,2.1286185232509025,1.8721518620429034,-0.12849416152658222,-3.570553352466377,2.3546445253144865,7.991896106859242
2010-08,2.7313887734511155,-3.298491573220441,-1.9821318408739685,9.047642953562729,0.6201292057178565,-6.304100220249998,19.152739645431783,3.0318159749049167,0.21171023899000385,1.727805104722635,2.2461648749919405,-4.242439612168725,0.8330489560502308,2.8218307425050604,4.21806496563264,1.878703566034834,-2.884673049577169
2010-09,2.8913538480345835,-3.5895307943694776,-4.223103791473104,-0.7132342011038739,3.147951600459331,2.7310222010732854,16.655874891355936,0.8556375424149554,1.146345021368389,-6.7052743703685085,2.0143787247185685,-5.204484158740897,-3.855548674065512,3.049397568177481,-1.1923942193471482,3.130568695642766,0.20561434399186673
2010-10,0.7860426291094624,-0.8105536131131408,-5.158968669952202,-2.519826752770704,0.539091125152158,-2.4127426350257664,94.39562569866933,-0.12896844944679797,0.9879737451674808,-2.842507922947435,1.8109128981968592,5.54593548711193,1.3534443855222733,1.2009007358590562,14.918145102114666,0.5275292861717018,2.436654830296958
2010-11,4.319835887196466,-10.141912276060216,-5.04138920887427,13.72038262890709,2.2115268583379866,-1.6632672643710045,36.93239556105363,2.5194652371197,1.9167631933919793,-8.862106981901462,1.2904181827263494,7.210516796262123,2.3945242902356556,1.0561901223340442,2.253247433843164,1.7631305206198045,1.2506209706715898
2010-12,2.9484867606800247,-1.5682672679377618,-15.935815707062606,5.422095186692277,1.4755670281943134,1.0907139331913784,89.20148855276034,0.45170199710122816,1.5448526143959862,5.7319434418180215,0.8269252531252658,2.979564346719088,-0.5378215608677017,2.8027693806342846,-5.86722444935297,-0.01313075494487892,12.028304756832696
2011-01,5.948605383873118,5.368556803581281,-4.916530860412727,4.101556852580113,8.510123510843727,5.7572736520641765,26.679747080590154,1.725783027331973,1.760927235254961,-4.411528857335423,0.2878605829462977,7.736624949065951,3.2278340016499873,2.9706338678246125,8.879176738496009,1.1086557452151702,2.3922189095070268
2011-02,3.7248516889652583,-0.5027922415742236,-0.7394007178082806,3.877414820463687,7.947876597839043,0.30160835237964534,24.617317230483103,2.7729474970672907,2.134775823391788,6.617801560475622,3.6929203424170165,6.771679342498005,2.5396077461021793,0.12719572899009268,-0.09449562259097322,2.615404422977319,-1.07431990557465
2011-03,1.20748929115444,-4.524877890944823,-6.878708062906447,1.8561458435033762,10.878532388818996,-2.0629567107997127,86.08860010345758,2.3071929830418503,1.4875048127543478,5.839876785781373,2.516297371814913,11.042064151982899,2.0003048570066184,3.4864214424570106,5.177030438096786,0.8806607872396288,-0.8208670752908875
2011-04,6.1271825636126875,4.245341001160674,-5.813485465487034,10.280788047287604,4.435908258728305,0.5038936298796592,76.76051297804425,4.614011584212818,1.539948436402394,5.035055996317128,2.351585410416268,-3.4957721793003604,2.038965827354078,4.073667362414035,9.268819831753516,2.862568424993883,-0.7811758905169164
2011-05,9.18430458813111,4.96399552893978,-9.348588810231895,-0.5045760442814129,5.645855820338497,12.14852673363216,17.6366394574903,0.9093224288959645,1.6816874787018987,5.8620666302737545,2.3469863332955088,7.832513127880314,6.365999913268849,2.3980566649250967,1.853496494453566,3.567802329426617,7.596886568412087
2011-06,8.149230091687865,3.3036916406871786,-6.143739044467111,-0.43131911168339254,2.5665969570395575,6.771737364228092,-31.224543211921052,-0.025486364657656413,2.0254061013770475,-4.446841576770833,1.9331703427841074,-5.044389946978434,-0.2454070147997922,7.203610710172015,-0.015550789495555328,1.2827611241766013,-7.44945633563715
2011-07,1.0501813402726157,-0.8938952656394217,-2.647902970755256,0.3485283048555887,4.7719846320483095,8.988700858340938,1.4316517164295606,-0.597370428436339,2.6422711651905573,5.349276059326713,1.2350004594888775,-0.8313966153684293,-1.0055743391042204,6.023611371429172,1.9614275806270953,0.9137523087080046,6.820833690023642
2011-08,2.0719114338028977,2.7818258886482594,-9.671917913413786,1.0912017787246597,7.199764872708103,9.909354052509523,4.954532469996287,1.3213196915351721,2.6933910880258427,1.6222312805121764,1.9017900956951994,5.248804689627229,3.9076987440375355,2.495112677912248,2.7194804948002638,6.388709201063114,-4.209131734325378
2011-09,-0.8117662299474637,-7.9868364292125404,-7.338432139286299,-6.039950708344389,6.810107049230307,-1.1640818158256683,10.348415358580777,4.034040134966199,2.075774054178603,4.870478359909303,2.319342823153514,6.981965880070362,1.6328506871064796,1.042290686700098,-1.4160145071278385,1.5093566171896944,-3.180300037019368
2011-10,1.1814210329787356,1.149801790181182,-7.503702426270175,12.122973767743828,1.3800386189160463,2.9808738704750093,-11.125406681976568,1.662951158360082,2.5540095627414994,-5.071293562211999,0.03861355824570367,3.950042392600084,0.6548259052004513,1.0413861721506157,-7.326533727432949,1.3244268839208706,2.2573065541876547
2011-11,1.9823083650754691,-3.384897521182839,-1.9207274840877697,-3.74084615544793,-0.9299807579748243,10.95930181949598,12.885210725157293,2.72109856267706,2.0703226001317576,-6.635086844451288,1.5290952777502032,0.7890760990202361,3.227794642500248,3.7780719246222505,6.541295609681752,2.3322830565418506,5.2303778216135965
2011-12,0.5515132826783065,-0.5557993083928126,-2.3789897054715348,-2.731882504334482,2.4447193834953973,0.9819046095991268,-24.62166681946758,0.9656237389831679,2.5068669087000783,-6.509685836723822,3.4595130923438244,1.0313508881916622,6.69116630420008,3.084791007647869,6.440059349850058,1.921104963603959,-11.390187677390152
2012-01,1.0208130030819662,5.288591452860514,-3.991621645128818,6.02262337234809,5.077029079130901,4.654452242190077,22.102094416319783,2.234486112592915,2.428646214320418,-8.310971332832107,0.9783650992683857,4.022898727366031,9.228491089991643,1.3816708949416334,11.843191516097896,3.219804690050765,16.038830926933013
2012-02,-2.526205509927326,5.617219130425832,-5.859056958204678,-0.9090648737331453,-0.8758933160920246,-2.8218342149891606,46.78688947308367,1.6396987858075418,2.1988583592152944,-10.57745942668502,2.0812732148433044,4.823550508461216,-2.69688059008093,4.506485364518009,7.9257235014553284,1.9911858736887167,-6.207528986291844
2012-03,3.860893156597922,-5.2093313472880265,-8.836020643859433,-2.059459228802807,2.4947667991777056,8.295028125988747,11.701465138344357,4.381952841114356,2.7645925417491,-6.012910379322367,1.3376152412561515,-0.10052249920750045,3.891524121968959,1.4026658068248876,2.491414650844481,3.3507783004224523,3.6784295913470544
2012-04,0.035800056303836314,0.7144515645002514,-6.0839874256939925,-9.307689965864974,0.6824747712806278,8.315308231568142,-0.2659742608383642,-0.85035806556224,3.1664010614640636,-3.410183686875512,2.30981255293341,2.6337038406412105,0.9402214949359111,3.2267800350820552,4.332756000158944,1.6840450306958799,2.380882490866698
2012-05,1.9257574233604746,-1.0001392705697665,-3.6727798247008003,-0.46562405240692106,-0.9968177124016098,3.1457302443950175,-43.141195610269975,-1.4972114800903213,1.8889645902849805,-8.063437558617537,2.3314066067809947,1.68129721591741,0.562724624817168,4.302320489753675,1.3235355197739995,3.192410318925365,-7.1176397356308545
2012-06,-1.6080688887998407,-1.0632283601041959,-8.420264109756936,-3.0645715640612803,2.136474275114586,-4.604941397628903,-39.53110153091755,2.944764706688363,1.7448392569769267,1.2170436181563105,1.240902606672023,-0.4375836312371595,6.4901676827967325,5.164299653884696,0.5451365879530323,2.18154652096314,3.7946747394921987
2012-07,1.7070148134465501,5.810758298162111,-3.655000405754405,-15.131798496604777,0.14831902377716588,-0.05947513021890005,-14.108817831445265,2.1414529806424776,2.2076953408086686,-5.4482258928356675,2.9752632788809796,-5.4483368498130735,0.8671285831151732,-0.5658455830087061,6.929475869667234,0.20312079821434015,-3.094537002867126
2012-08,-0.6531623185738078,-4.665955989539916,-8.771132600896713,9.607579160400403,0.42070902323816384,-8.972754332685628,136.07374614313161,0.06265042424977718,3.39837527770952,3.5205974335405177,1.5704065061301176,1.0627655652981849,3.6720474353392207,2.128669351313106,2.5517306531701367,-0.05071261685365425,-0.5927704917435328
2012-09,-0.23809748834046074,-6.078363283831479,-5.285797324570263,1.910607555298549,-0.45583499031094377,10.368102510893152,83.83561457244532,1.0699068951475654,2.7237025979576,1.0757404893801281,1.1837635144988923,0.6940801853848821,2.802164636409854,2.5796682932450743,1.463030224158457,1.0448649903552543,1.223198827450589
2012-10,2.1547164786276385,0.7503102490242997,-6.159287141113278,-1.569843094583201,3.1443712128887746,9.760067227728086,20.44329586002536,0.6904858056718366,2.7614795702857187,4.361024041821682,0.24057092459834895,3.6945532684531157,1.7708577056434027,1.7230920012192952,12.75097310686688,3.3445714480644373,11.114387896530209
2012-11,1.6665703913125496,3.0520356490210343,-1.2673792774932413,-6.64608709647595,1.901106010994913,0.05902751988031696,-43.83449607377325,-0.6360237415382275,2.2948472679551246,9.3350604595704,0.15184744869232158,-0.08770601219589835,0.8074747703494811,0.4985085012313206,4.274318494130536,3.8573518983995525,4.145395110241057
2012-12,4.771169546132037,-5.3846588586754285,-4.789985288257248,-0.8253601095379648,2.6514238099183185,0.3664677565362595,-26.902820394991277,-4.509257702421032,2.0807477138651276,0.7503420452936505,3.7288826683002485,1.9603815680465653,1.392681579971189,1.256818274508742,2.297493771125736,2.2010355398177195,-7.839823387000977
2013-01,1.9103906062910125,0.9002071286989155,-4.270766700434503,1.0494285763330113,1.619590199731391,8.349801412182444,0.4873666988108649,0.6046654515151184,2.307783391108864,2.4293654911274665,2.5374439857779096,3.3286918186607783,1.59123263908989,2.786679818112625,3.7620982469800612,4.818243879680528,0.8764235664039832
2013-02,-2.38441042330626,1.4214505599441152,-3.0913160915026383,2.678754752329371,0.7995570531823981,0.24638837824131343,116.50543440787517,-2.996616069983171,2.618059733072675,3.7085176116120833,2.5449612127195653,0.9149287523001037,3.594497346731762,1.9319925694906814,5.4033538390645175,1.9586063171747492,-6.381102707466679
2013-03,-0.5787072212066313,-6.977354407194825,-7.7079278735652785,-2.2310222621780174,1.1202699363893176,-10.855164271527617,-48.30634578671202,3.244622362984706,2.80892835142883,-6.930012827512277,2.142108920468222,-0.1869129223434518,-2.4367691455697726,1.5078647168179637,4.264314976385397,5.340559714024762,2.359559963622182
2013-04,-0.2957863065366384,-2.3984704089933473,-10.99624660280708,0.7987293394671635,1.3295796431088691,-0.7779845163780164,-43.092375613575804,2.142470990336709,2.633942618014018,12.226697157754218,-5.423751676136723,-6.683890987250674,-1.9268353801163762,4.3025286338931545,11.738259894435664,-0.818600092964139,18.2274615098899
2013-05,-0.011849803723940067,-2.0602473093083162,-1.8196767179770257,-2.4755565349118602,-3.0014454177369476,-0.5196122750686483,-9.425638589473861,-1.7281588280938953,2.7252446249314666,13.120283848811653,1.9175344188721022,1.084273691072224,3.4206478010282204,3.3917844132130837,4.615014697182862,1.758178771003549,-2.870066173218444
2013-06,2.396029715967929,-1.4362030964136907,-3.965268501397723,-0.021537218924105872,2.7545990226060635,0.2845960386144597,21.30413589116904,0.9200505102643142,2.587603148275397,-2.513234066819814,2.607237488974201,3.851740542233739,2.1329005888076624,2.0629115992034652,4.867520490467658,1.806179395498475,3.0369432480572556
2013-07,1.9088522199635305,-7.60775601452961,-4.77584639742018,-1.9426017139342333,1.056555430189321,6.911108890653428,3.428556667526772,0.21340578308779445,1.8233205673167774,-1.4498431391434696,1.4645898337662944,7.3459203812571205,1.7159602566441556,4.4604992205808935,3.301945337265333,-0.19856653252038337,1.2957990925065888
2013-08,0.8654405462671821,-3.810159858489248,-7.10298880723318,-9.83907625613476,0.6616474469842926,-0.8911761053539191,21.218393404215163,2.3957423361604446,3.1294838903030087,-5.90980238906107,-0.8360625071357042,0.7478309480840828,3.778167515953479,-0.5923795926749964,9.121273861400358,3.048331926620085,-0.6876460700277809
2013-09,3.6711939635518887,-3.020662904250959,-3.7618740141334928,-2.4847555078792882,-0.6694332051406904,-1.369928472204418,-19.13706247362392,0.03754869552725637,2.2506498918705375,7.357210076556453,2.8186262312867916,3.981138600504641,3.456522250549754,-0.7239390431081905,2.9622183540077174,1.2839450114923379,-0.13265383150047327
2013-10,0.6963301571641711,-1.9119347289769384,-2.47705095293127,-5.2969841673828455,0.8092323748191799,-2.921070314158547,-6.677051037191184,2.0589083825148347,2.7035811965982592,0.5951182890949758,2.773543068427431,3.4051817175563714,0.835258990960619,-2.701346877861177,12.385365217440292,4.355551632540244,-7.30972574186829
2013-11,1.4796792206233533,-3.5146629099976456,-3.5029623241317753,-3.576526115942713,-1.8758620114985969,2.9360791457910596,6.078568487868785,0.07498047034764088,2.8736180155065627,0.33660216836033374,1.4697231503645103,-8.029442651453877,3.8065998554362546,7.306444864253625,6.374301166459473,2.760502197046888,2.3221297824695286
2013-12,0.3646572182948393,-7.4412338097616715,-7.279569525740692,-6.023506991886474,1.7376852712758017,13.260474436351677,25.599761049991955,-4.9434509234905555,3.309568209334479,1.4267699647577237,0.6750677825120732,19.85971153557029,0.6364889452483258,1.218111381109943,2.4392639638359803,-0.6625945968285141,4.740067893294508
2014-01,-3.295052193840431,0.4476321276575046,-2.5456055506243525,-7.4316315822772205,1.7723892712081968,-5.318207892594417,24.04190424427948,4.062920921489144,2.504551312578518,23.870895679407656,0.8251844749767034,-12.000765862110374,4.68000786449152,1.5232086264624245,8.077777955908783,1.7752581368243758,3.78308831091958
2014-02,-1.252440512930264,-2.6785182810556973,-5.576898905041173,-7.633060279605197,3.467546720130299,-5.040303492553888,-8.898086750241074,2.9652536197902313,2.5665567806565592,9.1044452457401,1.2140851090227667,-4.137604304810227,1.284175020396261,3.0232331473972307,0.08299233000732542,0.505321771458167,1.4260486398763428
2014-03,-3.021472166502137,-7.073553989219916,-3.295864339389243,0.17916794109915646,5.5715649558854,1.7094790951912575,-18.33596016821153,0.28724696679796047,3.2952102350386925,39.99586122304035,1.3890189419437649,8.896463363572526,0.4776778396951675,5.273424402345461,5.0345676132991235,0.480415445463267,2.001980790055602
2014-04,1.7387421043798312,-5.917772982851788,1.840212598343327,-5.005083743795957,3.7166964886300224,1.2897006047231985,17.84321609309416,1.5698844489287378,3.0280546810769193,-23.602056489302136,0.497950119316215,3.812099679591907,3.028691826203156,3.8639237011189875,5.5186783226483405,2.1463765001871193,3.0930772639760074
2014-05,-0.24748451709823982,-4.792717910022093,-9.535616104230371,-3.580053473263267,6.8928571212708345,3.1586260976388614,-14.174245744646875,3.594672803528365,2.7110331206299243,14.753409574954146,1.7520547452363644,2.021355699902694,0.9935563358142829,6.3014894287066525,9.089987053982117,-0.6480944653214471,0.0526939785024938
2014-06,-1.3253707196749787,0.9127105530876145,-1.249387710960559,-5.491385563330331,0.08402226099368804,1.6412678964232486,3.9804219025762366,3.7636189261323283,2.6222412840166243,0.1480133828462904,2.0017066831581554,-1.5226508841116426,2.125260225845138,-0.5035469095874712,2.8536870568079076,0.15964383772051338,0.2901192527007712
2014-07,3.0423546254961353,-0.2654988078143683,-5.551165703877803,2.207255488741655,2.880811464223676,-0.7581059663246847,-9.314925658340801,1.1573094348326762,3.1748371021847355,2.5125054743627917,0.33468796016662417,2.158257997310531,2.907914646856713,4.951022232312474,6.283655998884163,1.3828934987756725,3.273929782551388
2014-08,2.141947914125275,-4.08686101283573,-3.6855080696131415,-3.338368236846301,3.267699631375165,-5.922746565112358,-15.881420719100525,-2.867797866165056,2.768643108072144,-9.933353175323145,1.7712457739665677,0.9729237817543535,-2.7759332797171576,2.7814261661322837,0.446682136177623,2.0410306827320035,-0.5501208678441616
2014-09,1.8028044821412514,-1.7642870544778977,-6.057844599557294,-2.5426741308854584,2.2552618419199977,4.247463852152178,-27.343856973367654,3.360630098280093,3.0595037371099476,-5.253195598515836,1.3926084665593752,0.6019545585450148,-0.24314411982122586,3.4630918629567464,3.4424456016542315,-0.40300982253380635,2.0420094520914756
2014-10,-1.0636798808486447,1.8638937568389524,-1.1293797199979472,-6.371089315428047,0.3341352155755928,0.1526007874200319,-30.27179322804806,2.109423684125966,3.277710773656306,-6.1242939887018455,-3.9141509599810775,0.0489905887514519,1.8348314866525994,3.3473020310460733,-1.3116321428618294,0.8107815166263688,30.37597180841438
2014-11,-2.8998870341625627,-5.9980768919073,-7.471241100894799,-8.184365052701082,2.7377547948978176,-4.558245696032759,-48.69593148335003,0.04937611125239716,3.692508471017897,-7.571647311450825,2.65684912656734,5.61265527435082,-1.5372015245430415,4.211545096429714,6.637160327900848,-1.7952330052947274,-0.6777937238152454
2014-12,-3.410437756368445,-7.755019637185034,-11.552987976752071,-0.09197956642722493,2.8778065959484067,-6.209495232876295,-66.22907059760126,4.662849480390152,2.681593316114328,10.877237795163675,1.2050605854623253,3.4416113076708887,0.7971842349162372,3.1032381552563493,3.36250331713579,1.256618486944916,-2.2609863666474217
2015-01,-5.729945839246442,-2.666655759849701,-1.6336544367606454,-3.875014361092821,-0.27237049350077314,-4.678939425601736,-86.2343186674839,-1.5865579550080167,4.272235239053335,-9.391775977188853,-4.021742725001431,-5.346024410310546,3.155775935435723,2.690553796927131,-0.14698265313010106,2.964082739269336,4.5281200166760405
2015-02,8.908237235466299,-0.15773015499270793,0.5032812234231576,-3.6424385795224112,0.9409500751885513,-1.1232460475927852,43.54611320562689,1.225554702820797,3.482059721587283,-1.1144171130619829,1.7351886815353046,-4.308206588385321,1.8413974913951137,1.4690671076476702,-0.40044440635681466,-0.9479946175306009,2.7241298103608536
2015-03,1.448361431315237,-0.7752806571586723,-3.80543415270187,-4.211468235219318,-3.245132801479844,7.198247370736355,56.858468793592685,1.1621428436454195,3.4695296056712843,-12.619060569337693,0.7321240179841926,-0.5866639043862754,2.8937033776227805,2.9802887993340077,5.035407915412193,0.13446540343409197,2.7048585431673544
2015-04,2.9486778451044415,8.421321864126806,-0.5677357208747402,-5.910042077662247,-2.617975845326992,-1.6666280334582728,-19.26676962490379,1.6837543129791355,3.3702844698036527,-6.427098963553957,2.298081304473021,1.4191820652672327,3.2267125645061734,2.700509543774632,5.9657865131498955,0.40384825749011366,-3.3531289697054434
2015-05,3.8866762389684117,-6.742149885932025,-1.8675146734090209,-1.8065692372756792,-0.10713168741043333,-4.975710009441769,95.01683832648943,2.3185708871965804,3.2146559023091603,-11.603591329717855,0.2964790928713379,1.8650173931883396,4.544866389650282,-0.32749343713787127,3.899675393721047,-0.5116636263981511,13.0243571077566
2015-06,1.5334714855953724,-3.7770841753059448,-4.458318945782036,-3.0783482802059448,3.1532990652964887,-3.8323827901627805,29.07954546763982,-1.13290806077887,3.969400967591308,6.30681798564332,0.9040699951653242,-2.5975563848781857,4.8704704964058765,-1.6902328013910006,5.666395849084993,4.182803786045253,4.879504308392879
2015-07,-1.798347378079257,-4.756031838695296,-8.023929065340752,3.308933358180366,2.098864310218085,1.0672482489560764,1.0551111370948218,-0.4403662642165629,3.467528627852956,-6.687540664069946,1.588959974655979,3.8024076582700683,1.866405973505314,5.464770044267109,3.000496564672983,-0.40102633704811597,-5.506154753610948
2015-08,-2.3068649719059975,-7.008868705241566,0.17754757717565184,-10.94011578504589,1.914047075277292,5.9382736613344145,-28.021963605912326,-2.0045189179860867,3.215596826310585,-0.6402824567953713,1.8869520861504174,-4.498002940102797,0.012570644386467045,0.31496202510932214,2.616127969418458,1.9289152011048083,7.9008279682359905
2015-09,0.29388261917822067,3.434474821198785,2.8183661884093603,-1.6638453230134687,0.9274699191916147,-1.6719589528892853,-70.77101747456204,2.9879232871719674,3.8565605223773947,-5.694407087181464,1.2109832293807132,1.8925620827502154,-1.8939652302362053,8.136612634707173,-1.611750163874981,0.8912570439886691,-0.6653217171307957
2015-10,-4.92043037001475,-2.131988819881725,-4.537135497115685,1.8482025748603803,1.7771751109643574,-6.477180950123174,-15.003769951388168,1.0216921047369487,2.883370057519552,-4.697626675649358,-1.269320531823992,-0.13460663773369186,3.3748189820805186,3.323344064053324,-3.508936086657155,2.209133203248692,11.389458841195289
2015-11,-1.6840557655913746,-7.734504258785558,1.97177868099212,-12.627619070969388,-3.601465285306793,4.835678016817924,-1.6445610129927513,0.7739717608832519,2.643290463289194,-4.1296006624615185,1.4100536495301963,-0.18353389492453687,-0.3885132918945211,3.2756549020318326,7.6328716118506446,1.859160811502325,-8.156167461372043
2015-12,-2.8421669450255815,-0.7100223171447428,-6.305996775571421,1.2125855710461764,-3.84119805396117,1.124524725470022,-40.207832187303204,-1.0228325281229633,2.8586759359186864,-9.564752849629542,1.6822790633260531,-4.814001556156178,1.3521350718916914,-0.06212176703640493,4.658546760155202,-0.3023231259679071,1.6215010264695184
2016-01,-0.14188168247495359,4.253884783587414,-9.775351112397512,9.127765654395436,0.5841110853572529,-11.13565607920367,-44.712984816209364,1.9394189992100408,3.4989427141007834,-5.126655690320526,-0.6477578277968243,8.930086668568315,2.7050726101684353,5.4901908791724185,10.386687707343501,0.6438691251012596,3.8201248720706182
2016-02,0.9626595966212736,-7.911929195712652,-4.512900238970041,8.879546952996797,1.4714490404256209,5.413494897844395,-69.53394803973173,4.109665895814096,3.4400400732859993,-5.926151347329489,2.1050781354855053,2.9326752183145954,3.342155169460348,2.287962096679874,-0.10327243650087858,-0.9402146842045211,11.687091606932842
2016-03,-0.9769177755218239,2.084482337989302,-7.64058046617333,-11.764587026560003,-5.313710213891176,2.5642490969901566,121.1219327006019,0.5006884295552183,3.3088153974891954,-1.0282195290255425,0.40478946740374333,3.5903990867230062,5.370682685960482,0.9301922777265048,8.017188136660746,3.1585921631299696,0.3727552722409877
2016-04,4.4055022992181225,-2.0645161361397157,7.711946906788181,9.000405208973095,0.3343480105123753,-0.9266159647363104,79.4730869999319,1.8174441394013918,3.6197547967513843,0.9856894091642143,1.2927473680677926,0.20667324640726292,5.2815943472791504,0.6435953461866317,8.626699310059882,0.8735600500322294,8.591754201982148
2016-05,1.1735112783396229,-3.5291582353828455,-18.9330889416909,14.761806687097078,-5.0862177683826175,6.75545858511033,23.5757618462503,-3.540754692435155,4.21687120980736,4.140554152772946,2.848608377218831,-1.9019147097527722,2.8202935790855976,3.840142542938829,9.005739346464203,3.720930514120413,-3.929849608392444
2016-06,-3.920776244244184,-6.1375703136068545,-9.780241300585912,-10.889910835578497,-2.7539482717533814,-3.6885798359568844,67.94821813850777,3.645514857628984,3.605613749890213,1.0032142557328427,0.3665498462065431,6.061247296176808,6.599594354647453,4.0061978348855165,4.9688641841218795,-1.3043878735206627,2.5626961727624797
2016-07,-3.3510534478003007,-6.19105406068906,1.987832847218285,-11.758949788107188,-1.60792970360919,-3.0767083699369757,-46.56633035447264,1.827096595674349,3.3825708111396624,12.300111711548478,2.941120409917719,6.337706446848634,-0.11047518562016245,-0.024507301011489346,6.807606352115436,1.9332183829393834,1.127860161363059
2016-08,-1.1318631895817166,-7.52670703184839,-5.171773689338355,5.499526278692635,-0.9689257615437374,0.5387676223190141,-10.248562860823341,6.8737600522059905,3.442952454055037,6.294579172021919,1.9266665062171784,-5.389287445306201,-0.061394575919582195,4.056485705694457,4.332786156520729,1.2586317660993496,7.646973141220692
2016-09,5.18482140107317,-1.1590283917520816,-6.261979910998317,-6.724070917461522,-1.100730706373243,-1.0218340068292142,43.24914680444367,6.233176591021783,4.369543494082095,7.986030829902613,1.3810939355730634,-12.749347909425857,2.5347106556947496,2.8082548593113543,1.9404846806638787,2.2833958408975397,-1.314316059608045
2016-10,-4.635596969811429,4.6804889642435565,-8.278593798694233,2.823544453480409,0.04815602459906643,6.241326773861933,61.39960725627507,-2.235539870729497,3.8891670803274714,-1.2371694039631564,1.404078652656593,-0.9866087398527568,-0.06126981505230056,4.3116728200344845,5.351828890212551,-0.8961361259018474,7.175435308390066
2016-11,-7.22118990301881,-11.020023559693081,-11.216430527500187,-0.14253189723206772,-2.380792110449703,1.4479569078760246,7.0155959214131425,-3.3539055625625425,4.057432458973564,-2.6832228489449994,1.6112773911405975,9.607717048650644,0.8243867018223661,-0.33949649285043293,3.3786536868263495,0.25243531820124954,3.680025363234307
2016-12,-0.9387510497143814,-2.9575353282707884,-6.0977612753571275,-3.956040568061936,-1.9007859445658526,-4.6360619628379895,51.8541281505251,0.8239714780406304,3.4691946851888478,-0.5797191403333124,1.523192486663727,13.002352221239866,1.38062061601385,2.035179981563995,2.4159710621292074,-1.1582248340258006,5.033179159082524
2017-01,1.503226644551936,13.3335998129271,10.772514673250178,-2.4644366721589983,2.4181065379542455,-1.7148772082190789,84.76958808331287,1.8246012189701677,3.4521553342995226,3.125143508869832,0.48451474719903853,1.136649275334034,8.315396812136244,3.5990785608836617,7.896331342347129,3.3177537145098634,2.0395524930236775
2017-02,-0.4167136083818357,-3.0031207438497853,-3.140382591885549,10.226695704116873,2.179375767881253,-1.6585659345896508,-19.058041064663158,3.7736877964124504,3.262494729024512,8.313788029610336,0.6300336793125805,4.651181338982213,8.101447701833031,2.5812807803212268,0.6403722064831641,-0.2991725653172628,12.609882883042145
2017-03,0.9227247728853971,-3.2167691964150036,-8.23529203723129,-10.184495687103068,3.322718111280576,4.489080113606803,-13.983374861479781,0.04804323799758592,2.756559483505283,-2.392976891345322,2.281515201761719,-16.704135880947856,0.3386479083009375,-1.8660674330322369,3.1873509853979964,-2.792386168645189,-8.102969960856143
2017-04,-1.3626659774349403,-6.7994159596389885,-2.565236708563645,9.219766817067843,0.988529431861962,-4.11300317185157,-6.891826729159467,-0.036017107739605425,2.7008719965923023,11.909011784445012,1.2850387217140824,14.071912856269586,1.887359579676473,4.488522638071446,10.525295055439997,-1.4085535089050527,12.679412154736113
2017-05,-1.0572850564319114,-3.209499618607725,0.721692886087566,-9.768722146729381,-0.5024664217391339,-5.0544844712803965,-46.0448585717196,-2.375349229143009,3.15067044944195,6.85565135628492,1.19843028391029,0.16846323447206046,0.5922297801419729,2.5456574707771074,9.019685657408072,1.015117572927693,-6.534032199549378
2017-06,-4.710245483707087,-4.300067525918971,0.7333203976581437,-4.491703598947483,-2.2673572269721998,-0.9085322340152135,-12.756533930436165,3.0127529532756103,3.473092820716017,4.267453086570616,1.8680284326961338,5.849699842001366,0.9559318793844973,-1.6100390744335336,7.6300756657165625,1.6712540137633347,-4.635918120585325
2017-07,-5.494806531075835,-10.144615596744266,6.470751031452093,-9.512578231399537,2.062492586246356,-0.2400070856682368,-20.184610575942653,5.347812511764816,3.166884270153525,0.9101645716762752,0.27655431695863264,-6.622251032107663,5.781636919052757,-5.316117682401522,2.0065621231398545,3.2520660127145717,6.661161416781769
2017-08,-0.28888668292648134,-2.2107236495004456,-9.75485540256551,3.0108539087990716,0.7706240682254117,-0.7185813070808122,93.36687898389506,-1.8953969802614656,4.296775681387666,-3.429259755658798,0.8194782663252687,-0.372411086500124,4.412259973435395,10.943850283551937,3.9068238180929082,-4.890375443686468,2.8633648332023975
2017-09,-5.9553365687074695,-5.332096298457289,-4.793096997503465,5.262281184943074,0.6976995929999452,2.998134805507613,258.7547241923499,-1.9924422081966653,3.5985562262391024,-4.5129441549421,2.5365950627894485,5.984301499813793,1.1763042147437064,4.512120757349236,1.3432412831443807,1.3667836035095915,4.002622917803045
2017-10,5.9868518351598565,-0.6179208313802698,4.467955522575817,3.2008406132839395,1.4233207636448864,2.4130178824963044,-34.14746869969105,-0.023976502913058972,3.970538186664574,-4.989890756878923,5.372049203103857,4.79832333668182,0.01192789585555687,4.918597277806858,7.84114907793978,0.6140644228955328,-15.55823827812548
2017-11,1.4322899136691936,-2.961752788748484,-11.271289455397703,-1.1943840869189426,-1.3797122767670755,-10.148082482163057,66.49499495032218,-1.8426721970832394,3.45102204599268,1.0062795055723717,0.1312081400814069,4.145801919914227,1.985823985902746,-1.7456674861655475,6.029183520991599,0.8795698676646646,6.234724414896808
2017-12,3.97308213728087,-3.20591908084773,-8.700883784791158,-5.311962854902241,0.7093412640467145,-6.976447287485654,2.1260948902784182,1.950577523160879,4.131917918797079,4.02354542581298,1.7542011490602416,-7.484119084832031,2.6635526532466036,3.6191589308812944,9.65760652218355,1.5579634815017007,-0.8022187862503305
2018-01,0.9647003798275655,7.727602219851537,9.171610990967483,-2.2350887538304054,3.4672887328701663,9.71439008438053,45.3567658364586,2.4366022460456493,3.4495269890219005,-6.366970820597794,1.3532797939586283,-1.9807300311437404,2.9135301096947064,1.0857841473057572,7.652178770892815,8.53235846346465,11.151080109616519
2018-02,-1.1455722124914414,0.4746802539890238,-14.050046152968287,7.972468949937861,-1.9294002542413757,7.775284639634905,19.692359995227584,2.3216357032983748,2.4283582635027834,16.346801824021952,1.9552055160968917,13.489604248995434,4.289973711819406,2.8234729368348033,3.468107394130193,3.7750124590127276,-3.4718900743062164
2018-03,0.7470220161053032,-2.5198406906054016,-2.995514014051792,-3.2448123491213954,0.5155889745424025,5.8042037973695,-32.6403543980641,1.3457563898142455,3.676004220961615,-3.144485495545424,3.362402427381972,5.048577080608618,-1.1864823578801142,4.356930875276821,8.538719895178737,-0.8622290996454396,3.177678982568244
2018-04,-4.638458145987023,16.48127061122826,2.6325654557253664,-1.7578109437510037,1.2869360321976053,10.085847595225882,43.68834452201518,-0.7844728559928349,3.828690275094093,-3.6603074141095315,2.9632691768196384,-1.57181511520047,-1.2461142207419118,1.173731565061531,3.0670735790634174,2.666485126468965,-3.276611477824942
2018-05,4.625231113959916,-3.486623414428447,-10.237516550576908,-0.6139966438847178,-3.166130815538193,2.2952018787963047,17.838249015763942,2.3770477144286817,3.2263797602888555,1.0487337507329997,1.079868000255324,0.16575890148429195,4.382031038128398,9.445490370534614,3.1300381623400764,-1.4934675826176358,7.901322118462528
2018-06,0.13210764868198943,-9.23471033336124,-2.4302967781151263,-12.517921652705088,0.8657174420922731,-8.744313112618807,4.633393887984316,0.6811807002380155,2.8754260464415315,-5.857451276385639,1.5804394506175434,2.8155801085401277,6.133524767115572,-3.7233815420935956,4.1742967738734205,4.97061325437389,4.3499913480608665
2018-07,-0.3235515998909255,0.45031035624185645,2.0591089961753406,3.549895319085161,1.6641165327671459,-7.786388208064421,-7.074455677343172,-1.9119160308030958,3.584707929582831,-3.772711850748811,1.5903141235905416,3.1241747723335767,1.6434509500599548,0.37600198926470707,5.015362185185479,4.432895961569705,-3.6092215809644057
2018-08,1.80339841449777,-5.950313570225618,-4.045589446862696,-9.708815773370949,1.0688717752960653,-20.597495285653,24.198965453274425,-0.5116067356339848,3.718588449300242,4.157425246304269,-0.10585069168620453,2.3197959497557763,-0.24582835301731887,3.3694549911808203,2.248902898764027,-1.0071351968536812,7.021333913942307
2018-09,-4.483989000304756,3.257071122821653,-3.349120170148201,-6.377240136570506,2.5365835796984815,20.354855362679825,21.08404658000684,-3.5557678752141997,2.639968701576678,-11.446304848738176,1.8273912408279136,10.366871824988188,2.8136956366242805,0.6332989865794225,5.507772703797942,4.0168025810099595,1.2589781750489415
2018-10,2.8275320087638223,9.824353583416624,-4.046533657116303,-10.108519681072481,-1.1261531759483412,6.779231951987841,15.262117859103652,0.44367761204497924,3.4887053186189343,5.699507436248408,2.5918301622771756,-1.2167356016679953,-0.5482660974844067,1.6723369962054813,3.940465505197488,-0.7718733419345147,3.3657485492762262
2018-11,5.248107855222894,0.09665045011153506,-2.89494007872263,0.5997795495217728,2.5946867279913466,-7.546665043178702,-48.75066637229726,1.4692338950741624,4.6947152625751665,-1.7677610188137183,3.1518018964281413,12.452106681812136,3.0246405721457092,0.2336811532864358,-0.23598477684764196,0.2822254771693844,6.94068666490586
2018-12,1.3228383409583877,-1.9031178577879393,2.929606800546769,-7.25714660229515,3.0163371562301755,-6.909096290719063,-48.90193320297508,-2.2934498701087214,2.9684102417933955,27.821164919758658,1.756521786433174,0.17340952620248373,5.074506171487769,6.82087143085468,5.595684547752122,4.114677729646132,1.5196220900696833
2019-01,4.471227537646727,12.262233204006279,-3.1876021302510216,0.6789082283257697,3.008774808182979,1.413748870156395,-44.8232067465536,4.732484703033113,2.8135043269086113,-9.099288969879826,0.03503939463065375,3.056495296492723,1.5804322632487544,4.826966857958248,-7.793878017679989,2.102969111757269,8.782449241690582
2019-02,-1.0419244827352125,4.3237134196510985,-8.361948250634544,2.0354899755232303,4.680740077034695,2.7060020668324913,32.443558713379915,-5.293002033599592,3.535673787857596,-6.587585543897978,1.8488649793507506,-7.986798979102683,-2.399229945287751,6.3016990788277605,7.172008154639475,0.7502016532169087,-6.011768927519423
2019-03,-0.41596248148199066,-6.673858869353555,-2.5903900390660817,-16.391898442073416,0.8765466787959975,-7.624473855267677,63.631909593347814,4.785769945699125,4.089006986821175,3.3241494058358523,0.9838291221673012,-2.3978536960554298,7.59133167074415,2.371616209626115,3.265703726431446,-3.378823746739279,5.1806066287127805
2019-04,1.3302180848515865,-5.62402366304704,-13.425415962312137,19.815201467060795,-5.883062021362795,-0.8350134907385565,110.51948563244744,2.2665579838458294,4.58413346151576,-6.883361646537045,3.455421938659753,7.1772805222991565,5.558700016546836,4.0209045526770515,9.067045497325953,-1.8227489274919684,-3.765848693178797
2019-05,0.5965442470911464,5.781219642406676,-4.896552833035662,7.6049401622572566,2.165884593720402,-1.3290714234158285,-17.68492157208329,1.209608532097528,2.8922739916381834,-5.547239532790538,0.5240340778520203,4.0490611641766705,-5.877464499933538,3.6285735117064233,1.5427886548530445,0.7530483986717851,2.8442391963881875
2019-06,-0.03567164215477758,5.6019461990648445,4.421564797251198,14.334964243339488,-1.2465782744404352,7.942527113541908,-43.558767777519094,-2.992278955585559,3.7464440446006275,-3.8819900333320834,1.6378857215599618,-5.59913706906614,0.0,0.698054174269247,0.1775393684053217,7.112392964717551,13.392728278090903
2019-07,-2.840405458630224,-3.8160821787461274,-13.988286031104625,-14.644444751064068,-0.6845785216974765,1.3138899256760705,19.304179415860425,4.2434662217951225,3.1507440564367606,0.9865706031535915,1.9185008576139806,2.4934953154145623,3.4422212555334175,2.712249249923082,4.2948016635201425,1.348208839435805,2.6543023947434907
2019-08,4.265616256680027,-6.275152887864499,-2.6993818423756144,-4.00886813996979,0.17785062808466368,-2.436645298196549,-15.17974414017187,3.8340843834332006,3.018788095829228,-3.254726435120414,2.2339901864111944,1.9579424081287433,3.5752263977811616,-1.0752939710219511,0.7537722762440691,-0.4297842071875446,-0.08031168153989077
2019-09,-1.0404462237816992,5.84124631240337,0.7198804335466269,-11.368560643838721,2.6009300412964453,4.1564259947920235,6.953963208556635,-5.553375290757046,3.42219449420611,-3.1380171386426903,1.9589316864695894,1.8139748456293736,-1.9263692930745036,5.627871262372963,-0.14342385288492743,-1.2617216350073734,3.4509234024459268
2019-10,-1.5817256140441827,-6.651672268173181,-1.308914355465396,10.190927394492055,1.8956504982212685,-13.890702676929912,25.302585681956135,7.853909645195745,2.6193600523871208,6.662921580817582,5.3296696888583295,3.569230127717793,7.355788730312973,-1.6198683548002912,-4.381160315682342,2.27279848194466,5.7548197088967745
2019-11,-1.1605858407269465,-4.525443223024483,-10.523744430793291,2.9564387966712458,1.18655430624377,-1.6125504576148808,5.649107440385404,0.03550173280466584,3.1523721441767627,2.2677678141435065,1.3408268822657776,-3.2124816632441044,6.422583158690398,0.2613375035727783,0.03325251095303017,3.1866425156404032,-14.281338687320766
2019-12,2.531640133296098,-6.486184291391195,-9.82912856546394,-17.65698778206506,0.8284221910264788,-5.819949568321947,53.25733047675485,4.787263533709862,3.1421168778218433,3.6329463287855246,1.0492993577028153,26.715143431632903,3.7187519508881106,0.6258425122859457,4.547136184357825,3.945004861053847,11.79877421102864
2020-01,0.6201900529935855,9.27822942738854,-6.207512302205465,2.5164543876075918,4.349379988280533,-1.1129284938066974,-9.440404745827834,0.10612215834835403,3.925149820608609,-0.387986615626601,1.7684255692781203,-11.01646790302999,2.8532823648614203,6.863811592113489,6.302927474476272,6.329476540419088,-5.003404718638205
2020-02,2.257757253260051,7.450347165539428,6.774291706879709,-1.1090226551130566,4.810691025966185,5.304877727646229,-36.66029595812748,-1.7302426058277365,3.4073406500943593,-5.169069241829538,1.952125853895148,-2.066059448436719,-2.9616822142527477,8.380704242122672,-0.05491161380882792,0.6694342753810867,10.749212419026621
2020-03,0.4994588809100975,-4.265779632902289,-6.219305838032884,-9.383834654535372,4.864750279405294,-12.879875030100418,-75.87921569980547,0.22446348286919715,4.5347723512078275,-14.720330877774867,1.8559177636845003,-18.297061900560973,4.001870548331454,-8.942807038224531,5.333260500518477,-0.710693769095494,-3.67091645310319
2020-04,-3.1785997650196185,-1.068476012268238,-16.670979166564447,-3.8669961699355437,29.301797985421075,-38.03604938054016,-90.14983396857852,1.293757138705054,5.695126295409136,-27.73475602119322,4.924051443411681,-20.689084043043792,-0.643456661831221,-5.576413247661415,-21.96374005945986,1.4828992881874115,-2.572954406272099
2020-05,5.19765148832021,2.62731700671488,-2.784724914807868,0.3854426259896071,9.128571404843044,-27.79419680649675,-41.17777152819302,-0.4939277922591412,2.984988420337187,-5.3218497011311205,6.253974073184554,4.419990943993146,7.4353997143765005,5.368919920343229,0.30191328928990124,1.0160892002945676,-4.636684852847495
2020-06,-10.591172369223312,4.738889195813045,-3.477751457446865,-1.9818940197758095,4.363299263288334,19.94827369329566,186.92942787157904,1.819132294267245,1.8402996183604525,-6.310467231640338,2.702077403801484,11.018559993789578,-3.129713748850882,6.081901333498618,8.9550368652338,-1.312622946611608,-3.2260565526382123
2020-07,9.875211104207171,0.5414687810898711,16.182175365625827,-3.9465382691935558,-9.906785594749824,9.642961188814603,76.20546568927597,5.132675773494677,2.675415882468668,-2.115638951395149,2.9738766010360296,-10.581529041630178,-5.908055423886605,4.718609493861159,13.18287030454095,5.321754602284368,5.600153337562497
2020-08,23.11849365367444,28.8766610988457,0.0,-7.463366416336481,0.14799843628638953,5.156704902439935,42.9660216094903,0.9065739258394823,1.8461018146011199,-4.245591310493213,3.4996942132777153,-5.386134324523084,6.255027001000779,3.8855820178819833,3.4996234755988453,2.6764104283538925,-3.275954176748219
2020-09,25.208832081591726,-0.8308216237495558,-23.842336860994216,4.86501826919552,-1.7601966874094432,0.5042142029846763,18.91571148474178,-5.692256530919293,1.0915729082936476,17.322198191806713,1.7766671715463422,17.099113487347783,4.752292751820497,5.901855876324769,4.578352949065767,2.425012344823596,9.599346333968995
2020-10,4.708635498060354,-1.0062317757066008,2.3809386862797544,-1.309730570177492,2.3838464403265425,-2.737126807731727,-12.187046424091786,-3.395639796121619,2.4174291573389572,6.321487181162588,1.5805638778147335,4.953986269103194,3.7986526581603286,0.3894708047727402,3.2515726855194993,0.14828119407828133,-6.5517024037603955
2020-11,-3.7513570825604026,8.122805893965213,12.591741184354488,-18.645590847265183,-0.4425252725737905,2.7213985858915324,-10.821851515740487,2.3751707799078536,0.6940797899154472,14.441171463894186,1.4309551211181493,11.26628158848375,4.566602322523727,5.415607639679898,-5.052832355741888,-1.5615105483542502,-5.4708787724872305
2020-12,1.5426526606836743,-7.545211104606697,15.670569149355718,-1.5025767725107442,3.595257666732965,3.0063471410134657,178.78557463339772,-1.7534180812387223,1.6648889981339954,14.13832477789776,0.6616705778165866,-7.761446695492369,-0.5348772682446823,3.53865065724126,20.51808394773451,1.945776651686959,44.203428624999866
2021-01,-3.8575675984219626,0.282724176626048,-1.9853989401302563,16.23166753473391,0.4887395349316703,14.621437108866964,104.1758364297003,5.528787555577974,2.145980164422512,-8.74644239099741,10.301556687390834,-3.4338887337658663,-5.234382848823394,3.847327336404649,7.305897421014906,3.084905503367019,1.8727778628279568
2021-02,-4.530773320783188,3.707830615176788,3.33667787979679,-6.1792831237046375,1.8404484422967382,-6.58350902527185,111.95862437024937,-2.2556523137343687,2.842836671674598,17.15473303951185,7.021798983179983,4.7059973913540665,5.735973507229364,1.9177516686074148,8.660065377921855,2.5523950878804547,-3.9367337977139427
2021-03,2.2068192577441748,9.069312527856743,-2.022866269850321,14.764164581309336,1.2980055690058334,-1.0183751670121755,96.36617456722396,0.9457872032019754,2.96835097819792,4.702974611366284,1.6322170261040103,21.33839932006314,6.215360935042624,5.960903980632626,25.044551960999772,0.3293876394899975,15.658127596212278
2021-04,47.22950448768144,8.373034553996362,7.729219280068311,11.632269033862453,3.200574237448328,12.47603037563576,-9.80572457283092,8.5007301587275,2.537468490921624,15.968040976053132,0.90627149831779,24.512176254477545,9.037033982961319,10.11475542054201,1.7321423188674023,2.511470424201434,19.004385707259665
2021-05,47.67050407421631,15.268001576131018,9.496931423392518,9.847511080906756,3.78555495562225,10.084245782180012,0.42198554483112716,-1.864747696697766,3.242248815573223,8.240405416394992,0.8723242859542957,4.39739092046052,3.043978229550448,7.329935195143689,10.522688438965266,5.473152525373837,9.750996362809916
2021-06,60.70913718508717,6.215840243155402,-7.010755243870037,-9.197693362206182,7.341051082985373,9.043525887198411,33.864364443877925,-3.125238913706685,3.503250740999664,3.3193709437601138,-0.7120299015189291,21.09893117603645,5.646247309123686,14.175987128699985,5.670639658676424,1.3601380023672283,13.211776541067088
2021-07,10.97134204966601,-1.4233563047993503,2.375593385145236,1.0687684206069914,6.476749491710709,-0.38632244428589146,31.491148448424333,3.8073134657456986,3.502066628315492,7.228999011468318,2.5475292970883245,18.838734731564124,5.550691738835067,17.22198771379535,5.611589704013253,3.555969168004358,9.860398514318124
2021-08,5.151700957705474,16.918921368602714,13.331875456525921,16.463159448210195,5.468975071050908,2.296672358957519,60.74018940727477,0.39836695233674835,3.2288419095039433,12.150076002832844,1.691962407659675,-10.495495037450153,4.418657776803636,2.799269235231727,4.367339992975583,3.6381669875581224,16.787325761654827
2021-09,7.091595345640345,15.293813597748485,-13.430513088497575,-12.293228071778628,13.436101065428963,-5.241898409451073,20.557552917433664,4.218197419536107,5.151922983718293,15.822599089667232,3.100604043925914,-23.211994224523913,3.917174722759076,6.664744540472678,3.6757972472279077,2.546014077566894,20.792204345110644
2021-10,26.481286115428194,4.753359362473253,17.494808203984547,3.598094825532283,10.028034915481232,13.756903977086687,68.03370693945763,6.229770365676268,5.24616063845138,38.03580102066837,0.18597776622710782,7.981480248563,11.823116252469191,9.482947149262522,-1.722467066872091,2.7464082478696694,10.077276783769396
2021-11,25.39657143936629,12.561371793112453,-6.909113734606254,-7.109650417743341,9.471824926408079,10.345051257610894,58.80416638308819,3.044187356045458,4.98315523917281,7.582236660869723,2.733079042294473,35.21362230157157,-0.31091252110067025,9.904229143045917,12.238955067236802,0.23412991969700148,10.17250891749082
2021-12,29.412852983964278,12.516787500879012,-5.134767118993366,13.270945031170655,5.754233944020726,10.377684365395812,49.51215831494722,3.286353129091757,4.934139344176325,8.190955617846797,3.0178372882175175,19.752699099798043,3.2034226260122756,9.923969740971096,4.218472256638317,6.216666312217334,41.779024907957776
2022-01,14.17309650426759,25.138302171136615,11.606731591241836,13.453169694106437,10.534730110368962,8.71299019701044,3.8071410422206187,7.895178801155156,6.0177659331713595,27.355929312881443,7.141616346190305,-17.664772282523145,7.852623206486542,2.2751169352042577,10.510804752608083,1.438603821276474,-13.008747750439376
2022-02,1.7634483183851524,9.87352137524442,2.4129101223075544,-11.409503104589646,16.367147567928562,9.30484764659154,73.4906236220973,11.966947256525895,6.327890941460801,-0.09643336868707664,1.469834956229743,15.790140513716944,8.786312666325946,9.447202332918048,-5.101883803725238,7.813563043433391,5.509630011058908
2022-03,-13.096648163995116,17.927247252212176,-7.836252331865512,3.50491733251892,15.762078087902509,3.7130902467965132,341.6528120675424,3.646951955290656,6.129178818592007,11.12811504756901,0.7152567609898908,70.96044150042613,4.596625795622411,6.558268660051647,2.8146515754905455,4.054270234969137,13.814586825353658
2022-04,1.8400185988451279,9.043044642977227,-4.945504532216716,-4.7981230480103605,11.694362708249816,-0.930031765216266,-26.255383408451237,4.034243194788334,6.289367199614704,13.212209593297297,-1.2557806124581017,26.11305943416462,1.0474479421520577,7.184123945408483,2.9821046360968273,3.7001614072155853,21.496683300998743
2022-05,16.266694075650268,-6.35421138087554,0.6539231926794509,6.537482999367006,15.1128171694622,5.427408552883084,57.41003625689509,3.658715513460953,7.345166159971983,36.1906292381768,2.94608187954295,3.185821281679435,6.464849961866026,10.627070320338428,1.755008744244324,-0.44709924282531066,2.516711908105518
2022-06,5.840260953331589,3.894971136499281,11.657592063239019,4.078653059792248,12.432038053845563,7.998604279576393,188.67490857848173,8.903366215722453,8.74390424495266,38.18109860949947,7.6745375260861115,22.587042708403835,7.521268827122274,2.63464813747436,1.098277597117292,6.365648919721023,0.37744782808086796
2022-07,0.6865473000316813,4.09727610127486,-12.22241932652991,-3.0780146565576483,15.953141487506372,-1.2494189579509651,-62.75012098193071,7.243395228372007,8.460325828644288,-2.080715893038354,2.087606273212317,-9.687222797849792,6.853737437605756,4.279557997854089,-6.0300004978894535,5.0279010327410445,11.775972381861365
2022-08,6.719987303941344,8.987923012683341,8.205787951202236,2.334588310033059,10.09712021669018,3.9996217729371564,-62.76052071569642,9.65119150234921,8.914453325892179,20.848362839742897,2.8057222355093447,8.410157514040971,-0.49545728992979043,7.837334343590596,14.174462851957914,1.0228699393844742,15.861435943954682
2022-09,1.8798656365378363,1.7891840216039512,5.994563146880316,12.198672847186964,8.397792046439513,-0.9304769474545949,-37.89510387090316,0.6520124668307536,10.095614538823927,14.292444290766259,1.8618555351538335,21.917172024502474,1.1548989513098462,6.8057715191837564,7.0355164528123515,5.991405075675149,12.13008839888059
2022-10,-2.592639432104138,-7.446146687868172,-3.8800299410248096,-7.025443284570176,6.684644095689296,-1.877713666170655,63.613454645945964,4.197206226831018,7.8502528340800515,-7.661932041463415,3.463396517751738,12.726778945755779,7.781601686959583,16.042000232015074,0.4030188280611524,3.234726461478865,5.8829306680283855
2022-11,-2.661953891687796,-5.945031478424001,-15.468751546143434,7.381961552455918,6.018557440755035,-0.1540276453500411,-21.13072935182685,1.6252394388623026,8.39568329415792,-7.007120431649028,0.9497188312312943,-6.109351967489641,13.190032234152405,4.040972434301837,10.702115297823589,6.070071559428847,16.828274470749992
2022-12,-5.056684373779707,2.5154613320025776,-9.39128795399673,14.328882849584046,4.848204865702788,1.7089606828108561,-59.040065199836164,2.6959829974195104,10.022347747507743,19.691483855547908,1.1097166563380334,23.383146528066323,5.760566045660842,5.949882233929937,6.714310737468043,3.2430094271740373,15.4470757156443
2023-01,-4.611691021336927,7.273829037249269,7.818884717836028,6.2830247728887345,5.02056028728759,8.343357364803428,25.26200144300079,7.741742353383785,8.786984605222447,25.663842582131725,-0.03181547000615792,12.389237402923747,8.56917293056927,9.046166552494883,9.58649006107757,5.809560415487058,13.197684267435527
2023-02,-10.918548686856921,1.6573210490359758,5.208511745279032,1.3715132765193205,2.8069738333769134,8.932848976507103,5.285458644485019,4.400863674062916,8.972556152044753,-19.789935173776318,2.023243040233935,7.780850862060529,10.993695993104335,9.286044450169474,3.8683546461464324,4.20618542344795,-4.802438718298618
2023-03,-0.019028288665645654,-1.0624884247308342,-3.3691705223528268,0.9113986406432462,-2.317671705630253,3.9108069208732887,-42.53689316095055,8.863206371055599,6.043913976503679,-25.505068346730454,3.9452741098303434,8.06192925644822,-0.2985864690453477,10.40178692533491,-3.5300241061044013,4.213455734079075,10.232808100094527
2023-04,18.97219479643082,-11.71204063508755,-8.535360398345727,4.693974667783496,-0.18262421214427782,4.018739743061905,33.691525885842964,1.1022845256323466,6.759101187143268,-18.260237197064466,5.031142581790604,-11.350687393537717,3.813420498840925,-0.11171882937170974,5.923329707919711,12.449603590953329,-2.637461651899864
2023-05,16.685186105406345,-7.311846401390265,-2.944505428539679,-0.3413174006196118,1.9021636435595957,4.898970359125787,-49.087335537351464,6.332224370644113,6.485362882517665,-15.014539171155361,2.713769658093601,0.43298125742277094,-3.1148987998891875,8.312178047510631,-4.104479014712348,1.9794394608844135,10.366417778423243
2023-06,-2.1269613627822204,-3.858696025770181,-8.791412674527177,1.9840283453784524,-1.23218889766743,3.225013028572743,9.13155647999304,-0.0854693193560796,5.52008547702505,4.7789154391084,0.7472437172223456,-4.460574157542685,5.903298300904192,0.5473402133949312,6.6960408238981195,4.323325011174761,11.81686433511857
2023-07,-7.432466926392234,-2.865430854977702,-13.780641796039173,-4.99072917954445,2.844337480924475,-0.28779305178781023,2.257245463455826,-3.636213116365128,5.686516856969748,-1.0329591632821877,4.536106509397131,12.871739497674639,9.095081661661197,1.5556583341408192,15.984221022621137,-2.8379107496229072,-0.6334336190328083
2023-08,-2.4641772265703077,2.8960121050358723,-9.126323772712508,-5.663639419814803,3.0445046815554155,3.6214327005811064,220.11159406033514,3.5518012268981547,5.314563840695818,-0.9019858125706826,1.0809997696086038,-7.354504336605827,2.127298726156468,-2.004394667488363,5.927642478859307,1.4138669358437106,1.6365015014912165
2023-09,-9.519958271934081,-4.425927030137389,15.308323093731646,-9.2763024186305,3.648278581398312,-6.823588189484253,32.172018272130565,-0.06412425638041563,6.49664780944017,7.640735101445073,2.5651714542793025,17.502316324191657,7.982975775168821,10.55547918589157,4.514201513815008,0.43740818210804555,11.574604663380672
2023-10,-4.7872420511744895,-2.084415644350268,-4.434494228081565,1.8261675337789551,3.0178164397448803,-0.3348259496140482,-42.942180687688015,5.579562804242477,5.203812075222447,5.166448201517482,6.209036091759557,9.438094414129994,2.4987304566140622,0.0734343532939219,-4.793385738288391,1.4011624751452123,-8.989300352247408
