類・品目,総合,財,生鮮食品を除く財,農水畜産物,生鮮商品,他の農水畜産物,米類,工業製品,食料工業製品,繊維製品,石油製品,他の工業製品,電気・都市ガス・水道,出版物,サービス,持家の帰属家賃を除くサービス,公共サービス,外食,公営・都市再生機構・公社家賃,家事関連サービス,医療・福祉関連サービス,運輸・通信関連サービス,教育関連サービス,教養娯楽関連サービス,一般サービス,外食,民営家賃,民営家賃（木造）,民営家賃（非木造）,持家の帰属家賃,持家の帰属家賃（木造）,持家の帰属家賃（非木造）,他のサービス,家事関連サービス,医療・福祉関連サービス,教育関連サービス,通信・教養娯楽関連サービス,耐久消費財,半耐久消費財,非耐久消費財,公共料金
Group/Item,All items,Goods,"Goods, less fresh food","Agricultural, aquatic & livestock products","Fresh food, raw meats & cut flowers","Other agricultural, aquatic & livestock products",Rice,Industrial products,Food products,Textiles,Petroleum products,Other industrial products,"Electricity, manufactured & piped gas & water charges",Publications,Services,"Services, less imputed rent",Public services,Meals outside the home,"House rent, public, Urban Renaissance Agency & public corporation",Services related to domestic duties,Services related to medical care & welfare,Services related to forwarding & communication,Services related to education,Services related to culture & recreation,General services,Meals outside the home,"House rent, private","House rent, private (wooden)","House rent, private (non-wooden)",Imputed rent,Imputed rent (wooden),Imputed rent (non-wooden),Other services,Services related to domestic duties,Services related to medical care & welfare,Services related to education,"Services related to communication, culture & recreation",Durable goods,Semi-durable goods,Non-durable goods,Public utilities charges
類・品目符号(Group/Item code),0201,0202,0241,0203,0204,0205,0206,0207,0208,0211,0214,0215,0218,0219,0220,0242,0221,0243,0222,0223,0224,0225,0226,0227,0228,0229,0230,0245,0246,0231,0247,0248,0232,0233,0234,0235,0236,0237,0238,0239,0240
含類総連番(Serial number),801,802,836,803,804,805,831,806,807,808,809,810,811,812,813,837,814,815,816,817,818,819,820,821,822,823,824,838,839,825,840,841,826,827,828,829,830,832,833,834,835
ウエイト(Weight),3543757090,1784525160,1650272398,262830115,227087988,35742127,35742127,1294287490,555407694,105720530,100320723,532838543,195102831,32304724,1759231930,1180160310,382284967,6069272,3442595,162245321,100902509,80217267,5446675,23961328,1376946963,173952365,76922872,,,579071620,,,547000106,173474194,12668017,102557900,258299995,239912446,219406737,1325205977,591827132
ウエイト１万分比(Weight per 10000),10000,5036,4657,742,641,101,101,3652,1567,298,283,1504,551,91,4964,3330,1079,17,10,458,285,226,15,68,3886,491,217,,,1634,,,1544,490,36,289,729,677,619,3740,1670
197001,,,,,,,,,,,,,,,,,,,,,,,,,,,,,,,,,,,,,,,,,
197002,,,,,,,,,,,,,,,,,,,,,,,,,,,,,,,,,,,,,,,,,
197003,,,,,,,,,,,,,,,,,,,,,,,,,,,,,,,,,,,,,,,,,
197004,,,,,,,,,,,,,,,,,,,,,,,,,,,,,,,,,,,,,,,,,
197005,,,,,,,,,,,,,,,,,,,,,,,,,,,,,,,,,,,,,,,,,
197006,,,,,,,,,,,,,,,,,,,,,,,,,,,,,,,,,,,,,,,,,
197007,,,,,,,,,,,,,,,,,,,,,,,,,,,,,,,,,,,,,,,,,
197008,,,,,,,,,,,,,,,,,,,,,,,,,,,,,,,,,,,,,,,,,
197009,,,,,,,,,,,,,,,,,,,,,,,,,,,,,,,,,,,,,,,,,
197010,,,,,,,,,,,,,,,,,,,,,,,,,,,,,,,,,,,,,,,,,
197011,,,,,,,,,,,,,,,,,,,,,,,,,,,,,,,,,,,,,,,,,
197012,,,,,,,,,,,,,,,,,,,,,,,,,,,,,,,,,,,,,,,,,
197101,6.5,5.7,5.7,4.5,5.6,1.1,1.0,6.7,8.2,10.0,5.2,2.0,0.2,4.8,7.4,8.1,5.8,,9.7,-2.3,10.0,5.6,1.4,0.0,9.0,11.3,8.2,,,8.3,,,8.2,12.2,,5.2,40.1,-0.7,,,2.6
197102,6.0,5.4,5.6,2.4,2.8,0.8,0.7,6.7,8.7,8.5,5.1,2.0,0.2,8.9,6.9,7.3,3.2,,9.6,-2.5,0.3,5.3,1.4,0.0,9.4,12.2,8.5,,,8.5,,,8.2,12.1,,5.2,40.1,-1.0,,,1.4
197103,5.3,4.2,5.9,-1.5,-2.3,0.5,0.7,6.6,8.8,8.7,5.9,1.9,0.1,9.1,6.6,7.1,2.7,,9.6,-2.8,0.3,5.0,1.4,0.0,8.9,12.0,8.3,,,8.3,,,8.2,12.0,,5.2,40.1,-1.0,,,1.4
197104,5.8,4.5,5.5,-1.2,-2.0,0.5,0.7,6.6,8.3,9.1,8.5,1.7,-0.4,17.0,7.5,8.2,2.6,,10.0,-2.5,0.3,5.3,1.0,0.0,10.0,11.9,8.8,,,8.7,,,10.8,12.3,,8.2,46.8,-1.3,,,1.4
197105,6.4,5.3,6.0,0.3,0.3,0.3,0.5,6.9,8.7,9.9,9.3,1.4,-0.1,18.1,7.8,8.1,2.9,,10.5,-2.7,0.3,5.3,1.0,0.0,10.7,11.3,8.9,,,10.5,,,10.7,12.2,,8.2,45.8,-1.7,,,1.7
197106,6.9,6.0,6.5,1.5,2.2,0.3,0.5,7.4,8.9,12.8,10.0,1.2,-0.1,17.9,7.9,8.1,3.0,,10.8,-2.5,0.3,5.3,1.0,0.0,10.7,11.3,8.8,,,11.1,,,10.6,12.6,,8.2,45.8,-1.9,,,1.4
197107,6.9,6.0,6.4,1.8,2.2,0.3,0.4,7.1,8.8,10.9,10.0,1.2,-0.2,18.4,8.1,8.3,2.8,,11.1,3.1,-0.7,5.3,1.0,0.0,11.1,11.2,8.7,,,10.5,,,11.4,12.0,,8.2,45.8,-2.0,,,1.1
197108,7.0,6.3,6.6,4.8,6.4,0.3,0.4,6.5,8.6,9.1,9.7,0.7,-0.1,18.2,7.8,8.3,3.1,,11.0,3.1,0.0,5.3,1.0,0.0,10.2,11.2,7.7,,,8.7,,,11.4,12.0,,8.2,45.8,-2.4,,,1.1
197109,8.0,8.0,6.3,12.3,16.6,0.3,0.3,6.2,8.0,9.0,8.9,0.8,-0.1,18.1,7.5,8.1,3.2,,10.1,3.5,0.0,5.3,1.0,0.0,9.7,11.4,7.3,,,8.5,,,10.5,11.9,,8.2,43.8,-2.3,,,1.1
197110,6.5,6.1,5.5,6.3,8.1,0.5,0.5,5.7,7.1,8.0,7.4,0.8,0.0,18.4,7.0,7.3,1.9,,6.4,3.1,0.0,1.3,1.0,0.0,9.2,10.3,7.8,,,8.7,,,10.3,11.3,,8.2,44.1,-2.0,,,0.8
197111,5.5,4.3,5.1,1.3,1.4,0.3,0.4,5.1,6.4,8.0,6.1,0.7,0.0,14.1,7.0,7.2,1.9,,6.0,3.1,0.0,1.3,1.0,0.0,9.6,9.6,8.1,,,9.2,,,10.1,10.7,,8.2,44.1,-2.0,,,0.8
197112,4.8,3.6,4.5,-0.6,-0.8,0.8,0.5,4.8,5.8,7.3,5.4,0.8,0.0,14.0,6.9,6.9,1.8,,5.8,3.1,0.0,1.1,1.0,0.0,9.5,8.8,7.9,,,9.2,,,10.0,10.1,,8.2,44.1,-1.8,,,1.1
197201,4.1,2.7,4.0,-3.1,-4.3,0.8,0.5,4.4,5.6,6.0,5.2,0.5,-0.1,15.0,6.7,6.7,1.7,,4.8,2.8,0.0,1.1,1.0,0.0,9.0,8.2,7.9,,,9.2,,,9.7,10.0,,8.2,6.1,-2.2,,,1.1
197202,4.5,2.6,3.9,-1.9,-2.8,0.8,0.6,4.1,5.2,6.2,4.4,0.5,0.0,9.4,7.6,8.0,6.3,,4.7,2.8,12.6,2.7,1.0,0.0,8.6,7.4,7.7,,,9.2,,,9.7,10.0,,8.2,6.4,-1.9,,,3.1
197203,5.3,3.8,3.7,2.6,2.9,1.0,0.7,4.0,5.2,5.9,3.2,0.5,0.0,10.5,7.8,8.1,6.5,,4.7,3.1,12.6,2.7,1.0,0.0,8.9,7.8,7.7,,,9.0,,,9.7,9.9,,8.2,6.1,-1.9,,,3.1
197204,5.0,3.4,3.7,3.9,4.7,1.6,1.0,3.4,5.1,4.1,0.2,0.3,0.6,2.9,7.5,7.4,6.9,,5.1,3.0,12.6,2.7,7.4,0.0,8.7,7.5,7.8,,,10.5,,,7.6,9.3,,8.3,0.3,-2.0,,,3.7
197205,5.2,3.8,3.2,6.4,8.2,1.8,1.6,3.2,4.5,3.8,-0.4,0.8,0.6,2.1,7.3,7.5,6.8,,5.4,3.0,12.6,2.4,7.4,0.0,8.2,7.7,7.8,,,9.1,,,7.8,8.8,,9.8,0.5,-1.3,,,3.4
197206,4.8,3.2,2.9,4.0,4.6,2.6,2.1,3.2,4.4,3.8,-0.7,1.2,0.7,1.9,7.2,7.5,6.8,,5.4,3.0,12.6,2.6,7.4,0.0,8.1,7.7,8.2,,,8.6,,,7.8,8.7,,9.8,0.3,-1.1,,,3.4
197207,5.0,3.4,3.5,4.4,5.0,2.6,2.1,3.4,4.1,4.9,-0.7,1.2,0.7,2.0,7.4,7.6,7.0,,5.3,3.0,12.6,2.9,7.4,0.0,8.5,7.4,8.2,,,9.5,,,7.8,9.1,,9.8,0.3,-0.9,,,3.7
197208,5.9,4.6,3.2,8.4,10.6,2.6,2.2,3.5,4.0,5.9,-0.7,1.2,3.1,2.2,7.9,7.7,7.5,,6.3,3.0,12.6,4.0,7.4,0.0,8.9,7.2,8.7,,,11.2,,,7.8,9.1,,9.8,0.3,-0.8,,,4.2
197209,3.9,1.7,3.3,-3.0,-4.6,2.6,2.2,3.3,3.9,5.2,-0.4,0.8,3.1,2.1,8.0,7.5,7.4,,6.7,-1.7,12.6,4.0,7.4,0.0,8.8,7.1,9.0,,,11.6,,,7.5,9.0,,9.8,0.5,-1.3,,,4.5
197210,4.4,2.1,4.1,-1.1,-4.6,9.6,9.4,3.4,3.8,5.8,-0.4,1.0,3.0,2.0,8.3,7.8,7.9,,6.8,-1.5,12.6,4.2,8.8,0.0,9.2,7.5,9.1,,,12.2,,,7.5,9.3,,9.8,0.3,-1.0,,,4.2
197211,5.1,3.1,4.3,2.6,0.1,10.1,9.8,3.4,3.6,5.6,0.0,1.3,3.3,1.7,8.3,7.8,8.3,,7.4,-1.3,12.6,4.5,8.8,0.0,9.1,7.5,8.9,,,12.0,,,7.5,9.2,,9.8,0.3,-0.8,,,4.8
197212,5.7,4.0,4.4,5.7,4.5,9.3,9.8,3.7,3.6,6.3,0.4,1.7,3.3,1.9,8.4,8.2,8.5,,8.3,-1.3,12.6,4.7,8.8,0.0,9.0,9.0,8.8,,,11.7,,,7.4,9.6,,9.8,0.3,-0.5,,,4.5
197301,6.7,5.2,5.1,8.7,8.2,9.6,9.9,4.1,4.0,7.8,0.7,2.0,3.3,3.3,8.9,8.6,9.0,,8.7,-1.1,12.6,5.0,8.8,0.0,9.7,9.4,8.5,,,11.5,,,7.9,9.9,,9.8,1.4,0.2,,,4.7
197302,7.0,6.3,6.3,7.9,7.1,9.8,9.9,6.0,6.6,10.3,5.4,2.0,3.2,4.4,8.0,7.5,4.5,,8.7,-1.1,0.0,3.6,8.8,0.0,10.0,10.2,8.8,,,11.6,,,8.3,10.6,,9.8,1.4,0.0,,,2.7
197303,8.7,8.6,8.5,11.2,12.0,9.8,10.0,8.0,8.5,15.1,7.2,2.3,3.2,6.2,8.5,8.2,5.0,,9.0,-1.1,0.0,4.1,8.8,0.0,10.3,11.0,9.0,,,11.8,,,9.2,12.1,,9.8,1.4,-0.1,,,2.7
197304,9.4,9.7,9.7,11.2,11.8,9.2,9.8,9.8,9.2,19.9,8.5,2.7,3.3,6.1,8.6,8.9,5.9,,8.8,-0.2,0.0,4.4,10.4,0.0,9.7,12.6,8.5,,,9.8,,,9.5,14.3,,9.1,1.1,-0.1,,,3.3
197305,10.8,11.7,10.9,15.0,17.0,9.2,9.4,11.3,9.6,25.1,9.2,3.3,3.5,6.1,8.8,9.1,5.7,,8.4,0.0,0.0,4.4,10.4,0.0,10.0,13.2,8.4,,,9.4,,,10.0,15.0,,9.7,1.1,0.7,,,3.3
197306,11.0,11.1,11.4,12.0,12.9,8.6,8.9,11.6,10.8,23.5,9.8,3.6,2.9,6.4,10.2,11.1,5.8,,9.3,0.2,0.0,4.4,10.4,0.0,12.0,14.1,8.1,,,9.7,,,14.1,16.4,,10.3,11.6,1.2,,,3.3
197307,11.7,12.1,11.5,14.0,16.0,8.6,9.1,11.9,11.4,23.2,10.0,4.1,2.9,15.1,10.4,11.1,6.0,,9.3,1.0,0.0,4.6,10.4,0.0,12.2,14.5,8.6,,,10.3,,,14.1,16.3,,10.3,11.6,1.4,,,3.3
197308,11.9,12.5,12.6,13.4,14.9,8.9,9.2,12.6,11.8,24.8,11.2,4.8,0.5,16.1,10.3,11.3,5.6,,8.1,1.7,0.0,3.6,10.4,0.0,12.2,14.7,8.6,,,10.2,,,14.5,17.4,,10.3,11.1,1.8,,,3.0
197309,14.2,15.8,14.1,21.7,25.9,9.4,9.6,14.2,12.9,28.0,11.6,6.0,0.5,20.4,10.6,11.8,5.6,,7.8,6.5,0.0,3.6,12.5,0.0,12.8,15.4,8.9,,,9.8,,,15.5,18.7,,10.3,11.4,2.6,,,2.7
197310,13.9,15.8,15.2,15.9,20.6,3.8,3.8,16.2,14.6,30.6,13.3,7.6,2.4,20.2,9.8,10.8,0.9,,6.7,6.9,-16.4,3.3,11.0,0.0,13.1,16.6,8.5,,,9.0,,,16.1,19.6,,10.3,11.4,4.2,,,1.1
197311,15.2,17.6,16.9,16.4,20.9,5.0,5.2,18.8,17.4,31.4,21.5,9.7,2.1,20.6,10.4,11.9,0.6,,6.8,6.9,-16.4,3.0,11.0,0.0,13.7,19.9,8.3,,,8.0,,,17.2,22.1,,10.3,11.4,6.0,,,0.5
197312,18.3,21.6,21.0,20.3,25.2,6.1,6.1,23.4,21.6,33.4,44.2,13.7,2.1,20.1,11.6,13.3,0.5,,5.7,6.3,-16.4,2.8,11.0,0.0,15.2,20.8,8.4,,,8.1,,,20.5,29.1,,10.3,11.9,8.7,,,0.5
197401,21.9,26.8,25.2,25.2,32.2,6.4,6.2,29.3,30.5,34.8,45.4,19.1,2.7,20.2,12.6,14.9,0.4,,5.5,6.9,-16.4,2.5,11.0,0.0,16.4,23.7,8.6,,,8.3,,,22.7,33.8,,10.3,12.6,13.3,,,0.5
197402,24.9,30.0,27.5,32.8,42.5,6.6,6.4,31.1,32.7,34.6,37.1,24.9,3.0,25.4,14.5,17.5,6.1,,5.5,8.4,-0.8,4.0,11.0,0.0,17.3,25.6,8.2,,,7.8,,,24.0,36.3,,10.3,13.1,22.1,,,3.5
197403,22.8,26.7,25.6,22.9,28.2,6.6,6.2,29.9,31.9,29.5,34.9,25.9,3.0,22.7,14.4,17.3,5.7,,5.7,9.6,-0.8,3.7,11.0,0.0,17.1,25.2,8.2,,,8.0,,,24.2,36.2,,10.3,15.1,23.8,,,3.7
197404,23.7,27.7,25.6,27.3,34.1,6.6,6.3,29.6,32.0,25.2,49.5,26.5,3.0,23.3,15.3,18.4,5.3,,5.0,11.0,-0.8,3.5,8.5,0.0,18.4,23.7,8.0,,,7.9,,,27.6,35.1,,19.9,17.6,24.7,,,3.4
197405,22.0,24.8,25.7,15.8,18.5,6.8,6.5,29.9,34.1,23.8,49.1,26.2,3.0,23.0,15.5,18.9,6.3,,4.7,14.1,-0.8,3.7,9.4,0.0,18.5,23.8,7.7,,,7.4,,,27.9,35.8,,19.5,17.9,24.2,,,3.9
197406,22.3,26.4,26.9,17.7,21.6,6.8,6.7,30.4,33.5,24.8,57.2,26.4,17.3,22.8,15.1,17.1,6.0,,3.8,14.4,-0.8,3.5,9.4,0.0,16.5,23.2,7.6,,,7.1,,,23.9,35.1,,19.4,7.5,24.7,,,6.1
197407,23.8,28.6,28.2,23.7,29.3,7.0,6.8,30.5,34.2,23.8,57.6,26.8,17.6,37.0,15.3,17.3,6.2,,3.8,15.3,-0.8,3.2,9.4,0.0,16.4,23.1,7.4,,,6.5,,,24.4,36.2,,19.4,7.7,25.5,,,6.3
197408,23.9,28.4,27.1,24.7,30.3,7.2,7.0,29.6,35.1,19.1,56.0,26.5,17.8,39.2,15.9,18.1,7.8,,5.0,15.4,-0.8,8.6,9.4,0.0,16.9,24.0,7.6,,,6.8,,,24.6,36.0,,19.4,8.5,25.4,,,7.1
197409,22.5,25.9,26.3,19.3,22.5,7.2,7.0,28.1,34.4,15.0,59.1,25.7,23.5,34.8,16.3,18.4,8.6,,5.5,15.7,-0.8,9.8,7.4,0.0,16.8,24.5,7.1,,,6.9,,,24.6,35.3,,19.4,8.7,24.5,,,8.4
197410,24.8,27.4,27.6,26.8,23.9,35.8,35.9,26.9,33.2,13.5,57.6,25.3,22.0,44.0,19.9,23.1,22.1,,5.7,15.4,37.6,13.2,7.4,0.0,17.8,27.5,7.4,,,7.3,,,24.8,35.3,,19.4,9.5,25.0,,,14.9
197411,24.5,26.9,26.5,29.1,26.9,35.1,35.2,24.9,31.8,12.3,53.3,22.6,26.5,44.4,20.7,23.1,23.8,,5.8,15.4,37.6,15.0,7.4,0.0,18.5,26.4,8.1,,,9.3,,,24.3,33.4,,19.4,9.7,22.9,,,16.5
197412,21.0,21.9,22.2,22.0,18.4,34.1,34.0,20.3,28.2,10.1,28.7,18.0,26.5,43.8,19.7,21.9,24.3,,7.6,16.2,37.6,15.4,7.4,0.0,17.2,25.5,8.1,,,9.6,,,21.3,26.5,,19.4,9.2,19.7,,,17.0
197501,16.8,16.2,17.3,15.3,12.9,33.0,33.5,14.6,19.5,7.2,27.2,12.5,23.0,41.1,18.5,20.3,24.6,,7.8,15.5,37.6,15.2,7.4,0.0,16.9,22.8,8.3,,,9.8,,,19.0,22.3,,19.4,9.3,15.0,,,16.7
197502,13.6,12.5,14.1,10.4,5.5,32.5,33.4,11.3,14.9,5.9,28.9,7.3,22.7,34.8,16.3,17.4,17.7,,7.8,14.0,16.0,13.5,7.4,0.0,15.8,20.3,8.8,,,10.1,,,17.5,19.3,,19.4,8.5,7.0,,,13.6
197503,13.9,13.2,14.1,16.4,13.5,32.6,33.4,10.2,13.7,5.2,29.9,5.9,24.0,34.2,15.9,16.8,17.6,,7.8,12.7,16.0,12.9,7.4,0.0,15.2,19.3,8.9,,,9.9,,,16.5,17.6,,19.4,7.2,5.7,,,13.6
197504,13.4,11.4,13.2,12.9,6.3,32.6,33.2,8.9,13.0,4.9,16.0,5.5,24.1,33.4,17.6,18.8,17.9,,8.5,11.2,16.0,14.1,7.0,0.0,16.3,19.1,9.4,,,10.7,,,21.0,16.3,,31.0,16.6,4.1,,,13.5
197505,14.0,12.4,11.6,20.1,14.5,32.2,32.6,7.8,10.9,4.0,15.8,4.8,24.0,33.8,17.5,18.2,17.1,,8.7,9.0,16.0,13.8,6.0,0.0,16.1,18.1,10.1,,,11.8,,,20.4,15.0,,28.9,16.1,4.0,,,12.9
197506,13.4,11.5,10.4,21.3,15.8,31.9,32.3,7.0,10.6,3.6,8.7,4.4,9.2,33.6,16.5,18.1,17.8,,9.4,8.8,16.0,14.1,6.0,0.0,15.7,17.6,10.4,,,12.0,,,20.0,14.1,,28.3,16.2,3.3,,,11.2
197507,11.4,8.8,8.9,14.6,7.8,31.9,32.0,6.5,9.5,3.9,8.5,3.6,9.1,10.7,16.3,18.1,17.2,,9.5,7.2,16.0,13.8,6.0,0.0,15.9,17.3,10.5,,,12.4,,,20.2,12.9,,28.3,18.0,2.6,,,10.6
197508,10.2,7.2,8.2,10.6,3.2,31.3,31.6,5.7,8.1,3.7,8.6,3.2,10.5,7.6,15.8,17.2,15.5,,8.1,6.7,16.0,8.1,6.0,0.0,15.5,16.7,10.2,,,12.1,,,19.7,12.1,,28.3,17.7,2.3,,,10.0
197509,10.4,7.8,8.8,14.4,5.2,49.1,49.2,5.3,7.9,4.1,6.1,2.7,7.5,7.6,15.2,16.7,15.0,,7.6,6.3,16.0,7.4,6.0,0.0,15.4,16.2,10.1,,,12.1,,,19.0,11.2,,28.3,17.2,1.8,,,10.9
197510,9.7,8.1,6.1,18.2,19.9,17.6,17.5,4.8,7.1,4.5,5.2,1.5,7.2,0.7,12.5,13.2,7.0,,7.7,6.2,0.0,4.3,6.0,0.0,13.9,12.1,9.9,,,11.6,,,18.4,9.8,,28.3,17.1,0.7,,,6.7
197511,8.3,6.5,5.3,14.2,15.5,16.8,16.5,4.2,5.7,5.2,0.8,1.6,4.1,0.6,11.4,12.2,5.7,,7.5,6.0,0.0,3.0,6.0,0.0,12.6,10.0,9.7,,,10.7,,,17.9,9.0,,28.3,17.5,1.2,,,5.5
197512,7.8,5.8,5.0,12.0,13.1,16.6,16.5,3.9,4.6,5.5,2.0,1.6,4.6,0.8,11.3,12.1,6.8,,5.8,5.9,0.0,3.4,6.0,0.0,12.0,8.7,9.9,,,10.6,,,17.6,8.2,,28.3,17.9,1.2,,,5.9
197601,8.7,7.7,6.4,15.9,15.7,17.0,17.0,5.5,4.8,5.6,3.7,5.6,6.6,1.0,10.5,11.2,6.9,,6.1,5.9,0.0,7.0,6.0,0.0,11.1,8.5,9.7,,,9.4,,,16.0,7.9,,60.2,16.8,1.5,,,16.6
197602,9.3,8.1,6.4,17.8,18.0,17.2,17.1,5.5,5.1,5.3,4.3,5.3,6.4,1.1,11.0,11.8,9.1,,6.2,5.5,0.0,9.1,6.0,0.0,11.3,8.8,10.1,,,10.0,,,15.8,8.1,,60.2,17.0,1.2,,,17.2
197603,8.7,7.4,6.6,12.4,11.4,16.8,16.9,6.0,5.8,6.1,3.7,5.6,6.1,2.4,11.1,11.9,8.9,,5.6,5.5,0.0,9.1,6.0,0.0,11.7,8.9,10.1,,,10.1,,,15.8,8.3,,60.2,16.6,1.2,,,16.9
197604,9.4,8.5,6.7,17.1,17.2,16.8,17.0,6.1,5.9,6.0,3.4,5.6,6.7,2.3,10.8,11.2,14.1,,10.2,5.5,8.4,8.2,61.8,0.0,10.6,10.2,10.1,,,10.3,,,11.0,8.8,32.0,43.3,5.3,1.6,,,20.0
197605,9.2,8.1,7.2,15.3,14.9,16.6,17.0,6.2,5.7,7.6,3.3,5.7,7.2,2.3,10.9,11.7,14.8,,10.0,6.9,8.4,8.4,61.8,0.0,10.5,10.7,10.1,,,10.1,,,10.9,9.0,30.0,44.5,5.5,1.5,,,20.6
197606,9.6,8.5,7.1,16.0,15.8,16.6,17.0,6.5,5.4,9.2,3.9,5.5,7.3,2.3,11.2,11.9,16.4,,9.4,7.2,8.4,8.2,61.8,52.8,10.7,10.5,10.3,,,10.5,,,10.7,8.9,30.0,44.9,4.8,1.5,,,21.0
197607,9.9,9.1,7.4,17.0,17.1,16.4,16.8,7.0,5.2,9.1,10.3,5.7,10.0,2.4,11.3,11.6,16.1,,9.8,7.2,8.4,8.2,61.8,52.8,10.3,10.6,10.1,,,10.3,,,10.1,9.3,28.4,44.9,3.2,1.6,,,21.7
197608,9.4,8.2,7.5,12.1,11.2,16.6,16.8,6.9,5.3,8.5,11.1,6.0,11.6,3.7,11.4,11.7,15.7,,10.1,7.2,8.4,7.9,61.8,52.8,10.3,10.3,10.2,,,10.3,,,10.7,9.7,29.8,44.9,3.6,1.8,,,21.8
197609,9.8,9.0,7.5,12.8,13.2,11.2,11.1,7.4,5.3,9.4,11.1,6.3,16.0,3.9,11.9,11.6,15.9,,10.0,7.3,8.4,7.7,63.4,52.8,10.2,9.9,10.4,,,10.6,,,10.7,10.1,30.6,44.9,3.8,1.8,,,22.0
197610,8.7,7.3,7.5,5.7,4.6,10.6,10.6,7.4,5.1,9.8,11.1,6.1,17.8,3.8,12.0,11.7,16.1,,9.9,7.5,8.4,7.7,65.0,52.8,10.4,9.9,10.3,,,10.6,,,10.6,10.0,29.6,44.9,3.0,1.6,,,22.3
197611,9.2,7.5,7.3,6.5,5.3,10.7,10.6,7.5,5.2,9.9,11.0,6.1,17.2,4.0,12.9,13.1,22.7,,15.3,7.4,8.4,11.4,65.0,52.8,10.1,9.7,10.1,,,10.3,,,10.4,10.1,29.1,44.9,2.6,0.8,,,25.1
197612,10.5,8.1,7.6,9.0,8.4,10.7,10.6,7.5,5.7,9.7,9.6,6.2,16.7,4.2,14.7,15.5,32.8,,17.9,7.2,8.4,37.6,65.0,52.8,10.3,9.6,10.4,,,10.9,,,10.3,10.3,29.1,44.9,2.4,0.7,,,29.6
197701,9.4,6.9,6.3,9.2,8.8,10.8,10.7,5.6,5.5,9.2,8.0,2.7,16.1,3.5,14.1,14.7,31.0,,22.3,7.2,8.4,33.1,65.0,52.8,10.0,8.7,10.2,,,10.8,,,10.1,10.0,25.6,16.3,2.4,0.7,,,17.7
197702,9.3,7.0,6.2,10.1,9.9,10.8,10.6,5.3,5.1,8.1,7.4,2.9,17.9,3.7,13.7,14.2,28.9,,23.6,7.4,8.4,32.0,65.0,52.8,9.7,8.5,9.8,,,10.3,,,10.1,9.7,26.0,16.3,2.2,0.9,,,17.4
197703,9.5,7.3,5.9,12.2,12.5,10.8,10.6,5.2,4.4,8.5,7.4,2.9,17.7,2.2,13.7,14.1,28.9,,23.7,7.4,8.4,32.3,65.0,52.8,9.6,8.5,9.8,,,10.2,,,10.0,9.4,26.0,16.3,2.4,0.9,,,17.4
197704,8.8,6.3,5.6,7.3,6.3,11.0,10.6,5.4,4.7,9.0,7.9,3.1,17.3,2.4,13.2,13.6,29.1,,22.3,7.0,0.0,42.8,26.6,52.8,8.9,7.5,9.5,,,9.9,,,8.8,9.1,9.3,13.1,3.0,0.6,,,17.2
197705,9.4,7.0,5.7,9.8,9.5,11.0,10.6,5.5,5.4,7.3,8.2,3.3,17.0,2.4,13.8,14.4,28.4,,24.9,5.1,0.0,43.9,26.6,52.8,9.7,7.4,9.4,,,9.9,,,11.1,8.8,9.3,13.0,9.4,1.3,,,16.9
197706,8.6,6.2,5.5,7.2,6.2,11.0,10.6,5.3,6.2,5.2,7.7,3.3,16.4,2.6,13.3,13.9,26.8,,24.8,4.9,0.0,44.3,26.6,0.0,9.4,7.3,9.1,,,9.2,,,11.1,8.8,9.3,12.7,9.4,1.3,,,16.4
197707,7.7,4.8,5.3,3.3,1.2,11.1,10.7,4.9,6.8,5.0,0.8,3.3,13.3,2.7,12.9,13.8,27.3,,25.4,5.0,0.0,44.3,26.6,0.0,9.2,7.3,9.0,,,9.1,,,11.1,8.3,8.0,12.7,9.4,1.2,,,15.8
197708,8.6,6.2,4.9,10.2,9.9,10.9,10.7,4.8,7.0,4.5,-0.4,3.2,10.7,1.3,12.6,13.7,27.4,,26.7,5.0,0.0,44.5,26.6,0.0,9.1,7.1,8.9,,,9.6,,,10.4,7.9,6.4,12.7,9.4,1.1,,,15.1
197709,7.7,5.1,4.7,6.7,6.1,9.0,8.9,4.7,6.9,4.9,-0.7,3.0,5.0,1.2,11.8,13.3,27.0,,26.9,4.8,0.0,44.2,25.4,0.0,8.9,6.7,8.6,,,9.0,,,10.3,7.2,5.8,12.7,9.0,1.1,,,13.6
197710,7.6,4.9,4.2,7.0,6.3,9.4,9.1,4.6,6.9,4.1,-1.0,3.0,2.9,1.3,11.6,13.1,26.4,,27.7,4.6,0.0,44.1,24.6,0.0,8.8,6.5,8.9,,,9.7,,,9.9,7.0,5.8,12.7,9.0,1.3,,,13.1
197711,6.5,3.9,4.2,3.0,1.2,9.0,8.9,4.4,7.0,3.8,-1.2,2.8,3.0,1.3,10.3,11.4,19.6,,22.0,4.6,0.0,39.4,24.6,0.0,8.6,6.5,8.7,,,9.5,,,9.9,6.6,6.1,12.7,9.0,1.3,,,10.4
197712,5.0,3.1,4.0,0.2,-2.3,9.0,9.0,4.2,6.9,3.3,-1.6,2.7,2.9,1.0,8.1,8.5,9.1,,19.8,4.6,0.0,12.1,24.6,0.0,8.3,6.3,8.3,,,8.8,,,9.5,6.0,6.1,12.7,8.8,1.2,,,5.8
197801,4.5,2.4,3.8,-1.9,-4.7,8.9,8.9,4.0,6.7,3.2,-2.4,2.4,3.2,1.0,8.0,8.4,9.3,,16.3,4.6,3.1,12.2,24.6,0.0,8.1,5.8,8.1,,,8.5,,,9.3,5.6,5.7,12.4,8.8,1.1,,,6.1
197802,4.5,2.1,3.5,-2.4,-5.1,8.7,8.9,3.9,6.8,3.1,-3.3,2.4,1.6,2.2,8.3,8.8,10.4,,14.8,4.6,13.0,10.7,24.6,0.0,8.3,5.6,8.4,,,9.2,,,9.6,5.4,20.1,12.4,8.6,1.0,,,6.6
197803,4.8,2.6,3.2,-0.5,-2.8,8.7,8.9,3.6,6.8,2.8,-4.5,2.1,1.7,4.4,8.2,8.7,10.4,,14.7,4.6,13.0,10.7,24.6,0.0,8.0,5.1,8.1,,,9.1,,,9.4,5.1,20.6,12.4,8.6,0.9,,,6.6
197804,4.2,2.4,3.3,0.2,-2.0,8.7,8.9,3.3,6.3,2.8,-5.9,1.9,1.1,4.4,7.0,7.0,7.0,,13.1,4.4,13.0,2.2,31.3,0.0,7.4,4.9,8.3,,,9.4,,,7.9,4.3,17.8,8.6,7.9,0.8,,,4.9
197805,3.9,2.5,3.4,0.2,-2.0,8.7,9.0,3.4,6.1,4.0,-7.0,1.8,1.0,4.3,5.9,5.7,6.4,,10.8,4.2,13.0,1.2,31.3,0.0,6.4,4.4,8.1,,,9.1,,,5.6,4.3,17.8,8.3,1.5,0.6,,,4.6
197806,3.9,2.2,2.8,0.3,-1.8,8.7,9.0,2.8,5.4,4.0,-8.0,1.9,1.3,5.2,5.9,5.7,6.2,,11.0,3.9,13.0,0.9,31.3,0.0,6.6,4.6,8.0,,,9.4,,,5.5,3.9,17.8,8.5,1.4,0.7,,,4.4
197807,4.6,3.4,2.8,4.8,3.8,8.6,8.8,2.8,4.9,4.1,-8.8,2.2,1.3,5.3,6.2,6.0,7.4,,9.9,2.5,13.0,1.7,31.3,0.0,6.3,4.4,7.7,,,9.3,,,5.3,3.9,17.8,8.5,1.2,1.4,,,5.1
197808,4.6,3.4,2.7,6.1,5.3,8.6,8.8,2.4,4.5,3.5,-9.4,2.2,1.2,5.3,6.0,5.8,7.3,,8.9,2.2,13.0,1.6,31.3,0.0,6.1,4.4,7.5,,,8.9,,,5.3,3.7,18.0,8.5,0.8,1.5,,,5.2
197809,4.1,2.7,1.9,3.7,4.3,1.6,1.5,2.2,4.0,3.3,-10.4,2.2,1.2,5.3,6.0,5.8,7.7,,15.7,2.2,13.0,1.7,31.3,0.0,5.9,4.1,7.5,,,8.9,,,5.2,3.7,18.0,8.5,1.0,1.6,,,4.6
197810,3.7,2.1,1.5,2.8,3.6,0.1,0.3,1.9,3.8,3.3,-11.5,2.1,-4.1,7.3,5.6,5.9,8.7,,14.8,2.2,13.0,2.3,30.8,0.0,5.7,3.7,7.5,,,8.4,,,5.2,3.5,18.0,8.5,1.2,1.2,,,3.6
197811,3.8,2.1,1.4,3.5,4.6,0.1,0.2,1.7,3.4,3.4,-12.4,2.1,-4.2,8.3,5.4,5.9,8.6,,17.0,2.4,13.0,2.0,30.8,0.0,5.7,3.3,7.3,,,8.2,,,5.1,3.5,18.0,8.5,0.8,1.2,,,3.8
197812,3.9,2.4,1.3,4.5,6.0,0.0,0.0,1.7,3.0,3.8,-12.6,1.9,-3.4,9.1,5.5,5.8,8.6,,16.4,2.9,13.0,2.0,30.8,0.0,5.7,3.2,7.1,,,8.4,,,5.2,3.7,18.0,8.5,0.8,1.1,,,3.8
197901,3.6,1.9,1.0,2.7,3.4,0.0,0.0,1.6,2.6,4.1,-12.1,1.8,-3.4,9.2,5.4,5.7,8.7,,15.8,2.6,9.6,3.1,30.8,0.0,5.5,3.0,7.0,,,8.3,,,5.1,3.7,17.7,8.5,0.7,1.0,,,3.9
197902,2.8,1.0,1.0,-0.4,-1.0,2.1,2.1,1.4,2.4,3.8,-11.4,1.6,-3.6,7.7,4.8,5.1,7.0,,16.0,2.6,0.0,3.1,30.8,0.0,5.1,2.9,6.5,,,7.3,,,4.8,3.9,3.3,8.5,0.8,1.0,,,3.1
197903,2.7,1.0,1.3,-0.2,-0.8,2.4,2.3,1.6,2.1,4.2,-8.7,1.8,-3.7,5.4,4.8,5.0,6.8,,15.9,2.6,0.0,3.1,30.8,0.0,4.9,3.0,6.2,,,7.1,,,4.7,3.8,2.9,8.5,0.7,1.1,,,3.1
197904,2.9,1.6,1.5,0.8,0.4,2.2,2.3,1.8,1.9,3.6,-2.5,1.4,1.5,5.3,4.7,4.7,6.2,,14.8,1.7,0.0,3.2,17.5,0.0,4.6,2.9,5.3,,,6.3,,,4.6,4.0,5.6,6.3,1.8,1.3,,,3.5
197905,3.2,2.2,1.9,2.5,2.6,2.2,2.2,1.9,1.1,5.3,0.2,1.2,1.4,5.4,4.8,4.8,6.1,,15.1,1.7,0.0,3.2,17.5,0.0,4.6,2.8,4.8,,,6.0,,,5.1,4.3,5.8,6.5,2.7,1.1,,,3.6
197906,3.8,3.2,2.7,3.8,4.2,2.2,2.2,3.0,0.9,6.0,15.6,0.5,1.4,4.0,4.8,4.9,7.4,,15.0,1.6,0.0,3.9,17.5,0.0,4.2,2.8,4.2,,,5.1,,,4.8,4.5,5.8,6.5,1.8,1.1,,,4.2
197907,4.3,4.0,2.7,7.2,8.8,2.2,2.3,3.0,0.5,6.0,20.7,0.3,1.4,3.9,4.4,4.5,5.9,,14.9,2.8,0.0,3.0,17.5,0.0,4.2,2.8,4.0,,,4.7,,,4.8,5.0,5.8,6.5,1.2,0.5,,,3.6
197908,3.1,2.0,2.8,-1.5,-2.5,2.2,2.3,3.3,0.5,5.1,27.4,0.2,1.7,4.2,4.6,5.0,6.0,,15.0,3.0,0.0,3.4,17.5,0.0,4.4,2.8,3.8,,,4.4,,,5.5,5.2,5.6,6.2,3.3,0.6,,,3.6
197909,3.2,2.2,3.4,-2.2,-3.3,2.2,2.3,3.8,0.7,5.0,32.7,0.6,1.7,3.9,4.6,4.9,6.0,,9.2,3.0,0.0,3.6,17.5,0.0,4.5,2.8,3.9,,,4.7,,,5.4,5.3,5.6,6.5,2.5,0.6,,,3.6
197910,4.2,3.9,3.9,2.7,2.9,2.2,2.3,4.4,0.6,5.6,38.3,1.0,7.4,2.1,4.8,4.7,5.1,,9.3,3.0,0.0,2.9,17.5,0.0,4.4,2.9,3.3,,,4.4,,,5.4,5.6,5.6,6.5,2.3,0.9,,,4.4
197911,5.0,5.0,4.2,6.6,7.8,2.2,2.3,4.6,0.6,4.9,41.3,1.2,7.5,1.1,5.1,5.0,5.6,,7.4,3.3,0.0,3.4,17.5,0.0,4.7,3.1,3.5,,,4.4,,,6.1,6.0,5.5,6.5,3.8,1.0,,,4.4
197912,5.6,6.2,4.6,9.9,12.1,2.2,2.3,5.2,0.8,5.0,50.7,1.5,6.6,0.6,4.9,5.0,5.4,,7.6,2.7,0.0,3.5,17.5,0.0,4.5,3.2,3.4,,,4.3,,,5.9,6.5,5.5,6.5,2.7,1.3,,,4.4
198001,6.4,7.1,5.0,13.1,16.2,2.5,2.3,5.4,1.0,4.5,52.8,2.2,6.8,0.6,5.6,5.6,5.3,,7.5,3.0,0.0,2.2,18.7,0.0,5.4,3.9,3.4,,,4.5,,,7.4,6.9,5.8,6.5,6.7,1.3,,,4.2
198002,7.7,9.3,5.8,19.1,23.2,2.1,2.2,6.4,1.4,3.9,63.5,1.8,8.1,0.7,5.6,5.6,5.5,,7.4,3.3,0.0,2.2,18.7,0.0,5.4,4.2,3.5,,,4.5,,,7.1,7.1,5.8,6.5,6.2,1.3,,,4.3
198003,7.7,9.1,6.2,15.9,17.4,2.1,2.3,7.1,2.6,3.5,61.9,2.5,8.3,1.2,5.7,5.8,6.3,,7.7,3.3,0.2,3.1,18.7,0.0,5.7,5.0,3.6,,,4.4,,,7.1,7.6,5.8,6.5,6.2,1.5,,,4.8
198004,8.1,9.3,8.9,9.3,10.3,2.2,2.3,7.9,3.6,5.0,56.0,2.9,34.3,1.3,8.2,6.4,5.6,,5.9,4.4,0.2,3.0,21.9,0.0,5.9,6.0,4.0,,,4.6,,,7.6,8.3,3.5,7.4,6.9,1.7,,,10.0
198005,8.0,8.7,9.7,2.7,2.6,2.3,2.4,9.6,5.0,5.4,57.0,4.8,34.7,1.3,8.6,7.1,7.2,,6.7,4.3,0.2,3.5,21.9,24.0,6.3,6.8,4.1,,,4.4,,,7.4,8.5,3.5,6.7,7.1,1.7,,,13.9
198006,8.2,9.4,10.0,4.3,6.0,2.3,2.5,9.1,5.3,5.9,37.8,5.8,34.8,11.6,8.5,6.9,6.1,,6.5,4.8,0.1,2.8,21.9,24.0,6.6,7.1,4.3,,,4.8,,,7.7,8.8,3.5,6.5,7.5,1.8,,,13.2
198007,7.5,8.2,9.8,-0.2,-0.9,2.3,2.6,8.9,5.6,6.0,31.7,6.3,35.5,14.3,8.6,6.9,6.2,,7.8,5.2,0.1,2.8,21.9,24.0,6.6,7.1,4.5,,,5.1,,,7.7,8.4,3.3,6.5,8.7,1.8,,,13.7
198008,8.4,9.6,9.6,6.4,7.6,2.3,2.6,8.4,6.0,5.4,24.3,6.6,35.4,14.1,8.7,6.9,6.1,,7.6,5.2,0.1,2.4,21.9,24.0,6.7,7.2,4.6,,,5.2,,,7.7,8.5,3.3,6.7,8.1,1.6,,,13.5
198009,8.7,10.1,9.0,9.3,11.7,2.3,2.6,8.1,6.4,4.6,19.7,6.8,36.2,14.3,8.5,6.7,5.9,,6.8,5.0,0.1,2.3,22.1,24.0,6.4,7.2,4.3,,,4.8,,,7.6,8.3,3.5,6.3,8.5,1.8,,,13.6
198010,7.5,8.2,9.7,2.6,2.9,3.0,2.9,7.8,6.9,4.8,15.4,7.1,36.1,14.0,8.5,6.8,6.1,,6.7,5.2,0.1,2.4,22.1,24.0,6.5,7.3,4.3,,,4.5,,,7.6,8.1,3.5,6.3,8.8,1.9,,,13.5
198011,8.0,9.3,9.7,6.3,7.5,4.2,3.9,8.0,7.2,5.4,13.7,7.0,36.2,15.0,8.4,6.6,5.6,,6.3,4.9,0.1,1.9,22.1,24.0,6.1,7.2,4.4,,,4.5,,,7.0,7.6,3.3,6.3,7.6,1.9,,,13.5
198012,6.9,7.5,9.3,0.8,1.8,4.5,4.2,7.3,7.5,5.2,6.8,7.0,36.2,14.9,8.2,6.3,5.0,,6.3,4.9,0.1,0.4,22.1,24.0,6.3,7.2,4.6,,,4.8,,,7.2,7.0,3.3,6.3,8.5,1.7,,,13.2
198101,7.2,8.3,8.8,5.7,5.9,4.4,4.4,6.5,7.5,4.1,5.3,6.7,35.5,16.6,5.6,5.8,4.5,,7.6,5.0,0.6,0.5,20.9,24.0,5.9,7.2,4.4,,,4.5,,,6.2,6.6,3.3,6.3,6.4,2.4,5.8,9.7,13.0
198102,6.3,6.7,7.7,2.2,2.0,2.7,2.7,5.6,7.2,4.6,-1.5,7.1,34.1,16.6,5.6,5.9,5.0,,7.5,4.6,0.6,1.3,20.9,24.0,5.7,6.8,4.3,,,4.4,,,6.1,6.3,3.3,6.3,6.4,2.4,5.8,7.6,12.9
198103,6.1,6.6,7.3,3.9,4.2,2.6,2.5,4.9,6.1,4.2,-2.2,6.5,33.4,16.6,5.3,5.4,4.1,,7.6,4.5,-1.4,0.3,20.9,24.0,5.5,6.2,4.3,,,4.5,,,6.2,5.8,3.3,6.3,6.6,2.3,5.3,7.6,12.3
198104,5.0,5.2,4.6,7.3,8.3,3.5,3.4,4.2,5.4,3.9,-3.8,6.1,3.4,17.5,4.8,4.8,4.0,,8.9,4.5,-1.4,0.5,11.8,24.0,5.1,5.3,4.2,,,4.6,,,5.2,4.8,3.2,5.1,5.5,1.6,4.8,5.9,6.0
198105,5.0,5.2,4.1,9.0,10.3,3.6,3.6,3.8,5.1,4.2,-0.9,3.6,2.9,17.0,4.9,5.0,5.1,,8.3,4.6,-1.4,3.2,11.8,0.0,4.9,5.0,4.1,,,4.7,,,5.1,4.3,3.2,5.5,5.0,1.8,4.9,5.8,3.6
198106,4.8,4.7,3.7,9.2,10.5,3.7,3.6,3.5,5.0,3.5,-0.7,3.2,2.9,5.2,4.9,4.9,5.2,,8.2,0.0,0.3,3.5,11.8,0.0,4.7,4.8,4.3,,,4.9,,,4.8,4.0,9.1,5.5,5.6,1.6,4.2,5.2,3.9
198107,4.4,4.2,3.5,8.3,9.4,4.3,4.1,3.3,5.3,2.3,0.4,2.6,2.3,1.4,4.8,4.8,5.3,,4.9,-0.4,0.3,4.0,11.8,0.0,4.7,4.8,4.5,,,4.9,,,4.7,3.8,9.6,5.5,5.2,1.4,3.0,5.0,3.7
198108,4.2,4.0,3.9,5.2,5.6,4.4,4.2,3.8,5.0,3.3,6.3,1.8,2.2,1.4,4.6,4.5,4.6,,4.9,-0.5,0.5,2.4,11.8,0.0,4.6,4.7,4.4,,,5.0,,,4.3,3.5,10.0,5.5,4.3,1.3,3.4,4.5,3.5
198109,4.0,3.6,3.8,3.0,2.7,4.6,4.4,4.1,4.6,4.5,8.7,1.4,1.9,1.7,4.6,4.5,4.7,,5.0,-0.5,0.5,2.5,11.6,0.0,4.7,4.6,4.4,,,5.0,,,4.4,3.3,10.4,5.7,4.5,1.5,4.0,3.8,3.3
198110,4.2,4.0,3.9,4.0,3.8,4.7,4.6,4.3,4.3,5.4,10.3,1.2,2.1,2.1,4.5,4.4,4.7,,4.9,-0.9,0.5,2.5,11.6,0.0,4.5,4.6,4.3,,,4.9,,,4.1,3.1,10.4,5.7,4.2,1.8,4.6,4.2,3.6
198111,3.8,3.3,3.5,1.7,0.9,4.9,4.7,3.8,4.1,3.9,10.9,0.7,3.2,2.0,4.5,4.4,4.9,,5.5,-1.1,0.5,2.9,11.6,0.0,4.5,4.5,4.1,,,4.9,,,4.1,3.3,10.6,5.7,4.0,1.5,3.3,3.5,4.0
198112,4.3,4.2,3.9,6.0,6.3,4.8,4.6,3.8,3.8,4.0,11.5,0.6,3.3,1.5,4.7,4.7,5.8,,5.5,-1.1,0.5,4.4,11.6,0.0,4.4,4.5,4.0,,,4.7,,,4.0,3.1,10.6,5.7,4.0,1.3,3.4,4.7,4.2
198201,3.3,2.6,3.2,-0.6,-1.9,4.6,4.5,3.6,3.9,3.2,11.9,0.4,3.3,1.4,4.5,4.5,6.0,,5.5,-1.3,0.5,5.0,11.6,0.0,4.0,4.2,3.7,,,4.5,,,3.7,3.0,10.4,5.7,2.8,1.2,2.7,2.7,4.5
198202,3.2,2.4,2.9,-0.8,-2.0,4.6,4.4,3.4,3.9,2.5,11.9,0.3,3.2,1.5,4.4,4.4,5.6,,5.5,-1.3,0.5,4.9,11.6,0.0,4.2,4.2,3.8,,,4.4,,,3.8,3.1,13.3,5.7,2.7,1.1,2.3,2.6,4.3
198203,3.0,2.0,2.6,-2.2,-3.8,4.5,4.4,3.4,3.9,2.4,11.8,0.1,3.3,1.3,4.6,4.4,5.9,,5.4,-1.4,1.6,5.0,11.6,0.0,4.0,4.2,3.9,,,4.5,,,3.6,3.0,13.3,5.7,2.4,0.8,2.2,2.1,4.5
198204,3.0,2.1,2.9,-1.5,-3.0,4.8,4.7,3.2,3.7,2.1,12.2,-0.2,3.2,0.6,4.2,4.2,5.4,,6.5,-1.7,1.6,4.6,7.4,0.0,4.0,3.9,3.9,,,4.3,,,3.7,2.9,14.8,5.6,2.8,0.5,1.9,2.3,4.3
198205,2.5,1.6,2.5,-2.0,-3.7,4.7,4.5,2.6,2.7,3.7,7.0,0.2,3.3,0.9,3.7,3.6,4.0,,6.7,-1.8,1.6,2.2,7.4,0.0,3.6,3.2,3.8,,,4.0,,,3.6,2.8,14.6,5.6,2.4,0.1,2.9,1.4,3.5
198206,2.3,1.4,2.6,-2.7,-4.5,4.7,4.4,2.6,2.6,3.8,6.7,0.0,3.4,1.0,3.7,3.6,3.7,,6.8,1.9,0.0,2.2,7.4,0.0,3.6,3.0,3.5,,,3.8,,,3.9,2.6,8.4,5.6,2.4,-0.1,2.9,1.2,3.2
198207,1.9,0.7,2.2,-5.3,-7.7,4.1,3.9,2.2,2.3,2.5,6.9,0.0,3.3,1.0,3.7,3.6,3.8,,6.7,2.0,0.0,1.8,7.4,0.0,3.6,3.0,3.4,,,3.9,,,3.8,2.6,7.9,5.6,2.6,-0.2,2.1,0.3,3.2
198208,3.2,2.7,2.1,4.2,4.2,4.0,3.8,2.2,2.2,3.4,6.2,-0.1,3.2,1.1,3.7,3.7,4.3,,5.7,1.9,0.0,3.4,7.4,0.0,3.6,2.8,3.4,,,3.8,,,3.9,2.6,7.5,5.6,2.9,-0.3,2.7,3.0,3.5
198209,3.2,3.0,2.5,5.8,6.2,3.9,3.7,2.0,2.2,2.7,5.8,-0.3,3.1,2.3,3.6,3.6,4.1,,5.5,1.7,0.0,3.3,7.5,0.0,3.5,2.9,3.5,,,3.7,,,3.7,2.6,6.9,5.6,2.2,-0.8,2.7,3.5,3.3
198210,3.1,2.8,2.1,5.3,5.8,3.4,3.3,2.0,2.1,3.1,5.3,-0.5,2.7,2.2,3.7,3.7,4.0,,5.3,1.9,0.0,3.4,7.5,0.0,3.3,2.9,3.4,,,3.5,,,3.8,2.6,7.1,5.6,2.7,-1.1,2.8,3.2,3.2
198211,2.3,1.5,2.0,-0.9,-1.9,3.1,3.0,2.3,2.1,4.1,5.2,-0.3,1.6,1.9,3.6,3.6,3.8,,4.5,2.0,0.0,2.9,7.5,0.0,3.4,2.9,3.4,,,3.5,,,3.8,2.5,7.3,5.6,2.6,-1.1,3.6,1.1,2.7
198212,2.0,0.8,1.6,-3.5,-5.1,3.1,2.9,2.1,2.2,3.3,5.1,-0.4,1.5,2.5,3.6,3.6,3.6,,5.3,2.3,0.0,2.9,7.5,0.0,3.4,2.9,3.5,,,3.5,,,3.9,2.6,7.5,5.6,2.7,-1.1,3.0,0.5,2.7
198301,2.1,1.3,1.6,-0.6,-1.2,3.0,2.9,1.9,1.8,3.3,4.5,-0.4,1.4,2.2,3.3,3.3,3.2,,5.6,2.3,-1.2,2.3,7.5,0.0,3.3,2.8,3.4,,,3.3,,,3.8,2.4,7.5,5.6,2.3,-1.3,3.0,1.1,2.3
198302,2.0,1.2,1.6,-0.1,-0.9,2.8,2.9,1.5,1.7,2.8,2.6,0.1,1.3,2.3,3.4,3.3,3.0,,6.1,2.1,-1.0,1.7,7.5,0.0,3.3,2.8,3.3,,,3.5,,,3.7,2.3,5.0,5.6,2.7,-1.1,2.7,1.0,2.1
198303,2.3,1.9,1.6,3.5,3.6,2.8,2.9,1.3,1.6,2.5,0.8,0.3,1.2,2.2,3.1,3.3,3.2,,6.2,2.1,-1.0,1.7,7.5,0.0,3.3,2.8,3.2,,,3.2,,,3.9,2.3,5.0,5.8,3.2,-1.0,2.5,2.0,2.2
198304,2.1,1.3,1.2,2.2,2.3,1.6,1.7,1.0,1.7,2.6,-3.4,1.2,0.5,2.1,3.1,3.1,2.9,,4.0,2.4,-1.0,1.9,4.7,0.0,3.1,2.7,3.3,,,3.2,,,3.4,2.3,2.0,4.8,3.0,-0.5,2.6,1.2,1.7
198305,2.7,2.6,1.3,7.7,9.5,1.6,1.6,1.4,1.8,2.6,-5.0,2.5,0.5,1.9,2.8,2.7,1.8,,5.4,2.4,-1.0,1.1,4.7,0.0,3.1,2.6,3.2,,,3.6,,,3.3,2.1,1.8,4.6,2.7,-0.7,2.6,3.0,3.0
198306,2.0,1.6,1.1,3.1,3.6,1.5,1.6,1.2,1.9,1.4,-6.1,2.8,0.4,1.9,2.7,2.6,1.5,,5.4,2.5,-1.0,0.7,4.7,0.0,3.1,2.6,3.2,,,3.4,,,3.3,2.0,2.7,4.6,2.8,-0.6,1.8,1.7,2.8
198307,2.3,2.2,1.3,5.9,7.3,1.5,1.6,1.3,1.9,2.8,-7.3,3.0,0.3,1.9,2.6,2.6,1.4,,5.7,2.4,-1.0,0.7,4.7,0.0,3.1,2.4,3.1,,,3.3,,,3.3,1.7,2.7,4.6,2.9,-0.5,2.7,2.4,2.6
198308,1.3,0.6,0.5,0.6,0.4,1.5,1.6,0.7,1.9,1.8,-11.9,3.6,0.3,1.8,2.6,2.5,1.0,,6.6,2.4,-1.0,-0.5,4.7,0.0,2.9,2.5,3.1,,,3.2,,,3.3,1.6,2.7,4.6,2.8,-0.6,2.0,0.4,2.4
198309,0.9,-0.1,0.8,-3.5,-4.6,1.5,1.6,1.0,1.9,2.5,-10.4,3.5,0.3,0.4,2.6,2.4,1.0,,7.0,2.4,-1.0,-0.6,4.6,0.0,2.9,2.3,2.9,,,3.2,,,3.2,1.4,2.9,4.6,3.2,-0.3,2.1,-0.7,2.4
198310,1.5,0.8,0.9,0.5,0.1,1.3,1.5,1.0,2.4,1.6,-9.8,3.7,0.2,0.4,2.5,2.5,1.2,,9.8,2.2,-1.0,-0.7,4.6,0.0,3.2,2.4,2.9,,,3.4,,,3.4,1.4,2.7,4.6,3.1,-0.1,1.6,0.7,2.5
198311,1.9,1.5,1.3,3.0,3.5,1.5,1.6,1.3,2.6,2.5,-10.5,3.9,0.3,0.4,2.6,2.5,1.1,,9.9,2.1,-1.0,-0.6,4.6,0.0,3.0,2.6,2.8,,,3.3,,,3.3,1.3,2.3,4.6,3.4,0.2,2.1,1.6,2.6
198312,1.7,1.3,1.0,2.7,2.9,1.6,1.7,1.1,2.6,2.1,-11.9,4.2,0.3,0.5,2.4,2.4,1.3,,9.0,1.8,-1.0,-0.6,4.6,0.0,2.9,2.6,2.6,,,3.0,,,3.2,1.1,2.1,4.6,3.1,0.1,1.8,1.3,2.5
198401,1.9,1.5,1.2,3.2,3.6,1.8,1.8,1.1,2.7,2.3,-12.1,4.2,0.3,0.6,2.5,2.4,1.3,,9.1,2.0,0.2,-0.6,4.6,0.0,2.9,2.7,2.5,,,2.7,,,3.0,1.1,2.3,4.6,3.2,0.2,1.9,1.6,2.6
198402,2.9,2.9,1.6,9.1,10.8,3.2,3.1,1.4,2.7,2.9,-10.3,3.6,0.4,0.6,2.5,2.6,1.7,,8.4,2.1,0.0,0.9,4.6,0.0,2.7,2.6,2.5,,,2.5,,,3.1,1.1,2.0,4.6,3.1,-0.1,2.2,3.5,3.0
198403,2.5,2.4,1.5,6.3,7.0,3.7,3.6,1.5,2.7,2.5,-8.5,3.5,0.4,0.6,2.5,2.5,1.5,,8.4,2.1,-1.4,1.1,4.6,0.0,2.9,2.6,2.4,,,2.6,,,3.1,1.1,3.2,4.6,2.9,0.1,2.0,2.9,3.0
198404,2.3,2.2,1.7,4.0,4.2,3.9,3.8,1.9,2.6,2.9,-5.5,2.9,0.8,0.7,2.6,2.6,2.2,,8.3,2.1,-1.4,1.2,4.7,15.5,2.6,2.7,2.2,,,2.2,,,2.8,1.0,7.0,4.4,2.3,-0.3,2.3,2.5,3.6
198405,2.0,1.4,2.0,0.1,-0.7,3.8,3.7,1.7,3.3,2.6,-4.9,1.8,1.4,0.8,2.9,3.2,3.7,,7.0,1.9,-1.4,2.2,4.7,15.5,2.7,3.1,2.1,,,1.6,,,3.0,1.0,7.4,4.2,3.2,0.0,2.2,1.4,2.6
198406,1.9,1.3,1.5,0.6,-0.3,3.8,3.8,1.6,3.0,2.5,-4.9,1.7,1.5,0.6,2.9,3.2,3.8,,6.8,1.9,-1.4,2.3,4.7,15.5,2.5,3.3,1.9,,,1.6,,,2.9,1.1,6.5,4.2,2.7,-0.2,2.1,1.3,2.8
198407,2.5,2.2,1.6,4.6,4.8,3.8,3.8,1.7,2.9,2.4,-3.6,1.4,1.5,0.6,3.0,3.3,4.1,,8.0,2.1,-1.4,2.8,4.7,15.5,2.5,3.4,1.9,,,1.5,,,3.0,1.3,6.5,4.2,2.6,-0.1,1.9,2.5,2.9
198408,1.9,1.1,1.8,-1.4,-2.9,3.8,3.8,1.9,3.0,2.6,-2.0,1.4,1.5,0.6,3.0,3.3,4.4,,8.1,1.9,-1.4,3.2,4.7,15.5,2.7,3.3,1.8,,,1.7,,,2.8,1.3,6.5,4.2,2.6,0.1,2.1,0.9,3.0
198409,2.3,1.8,1.6,2.4,2.0,3.9,3.9,1.6,3.0,1.8,-0.9,1.1,1.6,0.8,2.9,3.3,4.2,,8.0,2.1,-1.4,3.1,4.7,15.5,2.7,3.3,1.8,,,1.7,,,2.9,1.4,6.5,4.2,2.3,-0.2,1.6,2.1,3.0
198410,2.2,1.4,1.8,0.3,-0.5,4.4,4.4,1.9,2.3,3.5,-1.3,1.1,1.7,0.5,3.2,3.5,5.2,,5.6,2.1,6.8,3.1,5.0,15.5,2.4,3.1,1.9,,,1.6,,,2.7,1.4,6.5,4.2,2.2,0.0,2.7,1.2,3.5
198411,2.2,1.6,1.5,1.2,0.4,3.9,3.9,1.5,2.1,2.8,-1.5,1.2,1.6,0.6,3.1,3.5,5.5,,5.8,2.1,6.8,3.4,5.0,15.5,2.4,2.8,2.0,,,1.7,,,2.7,1.5,6.6,4.2,2.0,-0.2,2.3,1.4,3.6
198412,2.6,2.3,1.6,4.8,5.1,3.8,3.9,1.6,2.0,3.3,-1.3,1.1,1.6,0.7,3.3,3.5,5.3,,5.8,2.2,6.8,3.3,5.0,15.5,2.5,2.7,2.2,,,2.0,,,2.7,1.5,6.6,4.2,2.2,-0.1,2.6,2.4,3.7
198501,2.9,2.5,1.6,5.6,4.6,4.1,3.8,1.6,1.9,4.1,-2.1,1.5,1.6,0.4,3.4,3.8,5.3,,5.5,2.2,6.8,3.2,5.0,15.5,3.2,2.7,2.4,,,2.3,,,4.4,1.5,6.1,4.2,3.7,0.1,3.1,2.5,3.6
198502,1.5,0.5,1.7,-2.5,-5.2,2.8,2.6,1.4,1.8,3.3,-3.5,1.4,1.5,0.4,3.2,3.4,4.8,,5.6,2.3,6.8,1.7,5.0,15.5,3.1,2.7,2.3,,,2.4,,,3.9,1.4,6.1,4.2,2.7,-0.1,2.7,0.0,3.2
198503,1.8,0.7,1.9,-2.1,-4.6,3.5,3.5,1.5,1.7,3.8,-2.7,1.3,1.5,0.7,3.3,3.6,5.1,,5.6,2.3,12.6,1.6,5.0,15.5,3.1,2.7,2.4,,,2.5,,,4.0,1.4,9.1,4.2,2.7,-0.1,3.0,0.1,3.4
198504,2.0,1.2,1.9,0.7,-0.3,3.4,3.4,1.4,1.7,3.2,-2.5,1.3,1.2,0.4,3.0,3.3,4.0,,6.1,2.2,12.6,1.5,4.3,0.0,3.1,2.5,2.5,,,2.4,,,3.9,1.4,5.3,4.5,2.4,-0.1,2.6,0.9,2.8
198505,1.8,0.7,0.8,-0.5,-0.6,3.4,3.5,1.1,1.0,3.1,-2.1,1.1,0.6,0.4,3.4,3.5,4.1,,5.9,8.5,12.6,0.7,4.3,0.0,2.9,2.1,2.6,,,2.7,,,3.7,1.5,5.3,4.5,1.9,-0.3,2.5,0.2,2.7
198506,2.5,1.9,1.2,4.7,5.8,3.4,3.4,1.3,1.1,3.5,-1.5,1.0,0.5,0.6,3.3,3.5,4.1,,5.9,8.5,12.6,0.7,4.3,0.0,2.9,1.8,2.8,,,2.5,,,3.8,1.4,5.3,4.5,2.3,-0.2,2.8,1.9,2.6
198507,2.4,1.8,1.3,4.8,5.2,3.3,3.4,1.2,1.1,3.3,-2.4,1.2,0.5,0.6,3.1,3.3,3.8,,4.4,8.2,12.6,0.2,4.3,0.0,2.9,1.8,2.8,,,2.6,,,3.7,1.4,5.4,4.5,2.1,-0.2,2.7,1.9,2.5
198508,2.3,1.8,2.1,6.3,8.4,3.3,3.4,0.6,0.9,1.1,-3.2,1.3,0.5,2.5,3.3,3.4,4.0,,4.3,8.3,12.6,1.0,4.3,0.0,2.7,2.0,2.8,,,2.3,,,3.7,1.4,5.4,4.5,2.0,-0.3,1.4,2.2,2.6
198509,1.7,0.6,0.7,-0.4,0.4,3.1,3.3,1.0,0.8,4.2,-7.1,1.8,0.4,2.1,3.3,3.4,4.2,,4.1,8.8,12.6,1.1,4.3,0.0,2.9,2.0,2.9,,,2.4,,,3.8,1.4,5.2,4.7,2.1,-0.1,3.5,-0.2,2.6
198510,2.3,1.8,0.0,5.4,6.2,2.3,2.6,0.8,1.1,3.5,-7.5,1.5,0.4,2.2,3.0,3.2,3.3,,4.2,9.2,4.0,1.8,4.0,0.0,3.0,2.1,2.9,,,2.5,,,3.8,1.4,5.2,4.7,2.3,-0.1,3.0,1.7,2.3
198511,1.9,1.1,0.3,1.9,2.3,1.7,1.9,1.0,1.1,3.8,-6.8,1.0,0.4,2.2,3.1,3.2,3.2,,4.1,9.2,4.0,1.6,4.0,0.0,3.0,2.1,2.9,,,2.7,,,3.8,1.2,5.1,4.7,2.4,-0.1,3.2,0.6,2.0
198512,1.9,1.0,0.4,1.1,1.1,1.6,1.8,1.0,1.1,4.0,-5.6,0.8,0.4,2.2,3.0,3.1,3.1,,4.1,8.9,4.0,1.5,4.0,0.0,2.9,1.9,2.7,,,2.7,,,3.7,1.2,5.2,4.7,2.1,0.0,3.3,0.5,1.9
198601,1.5,0.9,0.6,2.7,3.0,1.2,1.2,0.4,0.8,1.9,-4.4,0.3,0.3,2.0,2.5,2.4,3.3,,3.9,8.8,2.4,1.5,4.0,0.0,2.2,1.7,2.5,,,2.6,,,2.0,1.2,5.6,4.7,0.3,-0.9,1.7,0.9,2.0
198602,1.8,1.1,0.6,3.7,4.2,1.6,1.7,0.6,0.9,2.5,-3.4,0.4,0.3,1.7,2.5,2.5,3.3,,3.9,8.8,2.4,1.6,4.0,0.0,2.4,1.8,2.5,,,2.6,,,2.5,1.4,5.6,4.7,1.6,-0.7,2.0,1.2,2.0
198603,1.3,0.3,0.5,0.2,0.1,0.5,0.6,0.4,0.9,2.5,-5.5,0.5,0.3,2.0,2.5,2.5,3.0,,3.9,8.8,0.0,1.6,4.0,0.0,2.3,1.9,2.2,,,2.6,,,2.4,1.2,1.4,4.5,1.7,-0.7,1.9,0.1,1.9
198604,1.0,-0.1,0.3,-1.9,-2.4,0.5,0.6,0.2,1.0,2.6,-7.7,0.6,0.3,2.3,2.5,2.5,3.3,,3.3,8.7,1.7,1.6,4.9,0.0,2.3,1.8,2.2,,,2.6,,,2.3,1.2,5.5,3.0,2.4,-0.6,1.9,-0.8,2.1
198605,1.1,0.4,0.6,0.0,-0.2,0.5,0.6,0.3,1.0,2.4,-9.2,1.6,0.4,5.3,2.1,2.1,1.7,,3.2,2.5,1.7,1.4,4.9,0.0,2.3,1.8,2.3,,,2.5,,,2.5,1.2,5.5,3.2,2.5,-0.8,1.8,0.1,2.4
198606,0.6,-0.6,-0.3,-1.4,-1.9,0.5,0.6,0.1,0.8,2.6,-11.1,1.7,-6.4,5.4,2.1,2.0,1.7,,3.3,2.2,1.7,1.4,4.9,0.0,2.3,1.9,2.2,,,2.6,,,2.4,1.2,5.6,3.2,2.1,-0.8,1.9,-1.2,0.8
198607,0.1,-1.3,-0.6,-4.1,-5.1,0.4,0.4,-0.2,0.6,2.4,-12.8,1.7,-7.0,5.4,2.1,2.0,1.7,,2.9,2.2,1.7,1.2,4.9,0.0,2.3,1.7,2.4,,,2.7,,,2.4,1.2,5.6,3.2,2.1,-0.9,1.7,-2.3,0.6
198608,0.1,-1.3,-0.8,-3.2,-4.1,0.5,0.5,-0.3,0.6,2.5,-13.8,1.7,-7.0,3.9,2.1,2.0,1.4,,2.8,2.2,1.7,1.1,4.9,0.0,2.4,1.6,2.4,,,2.7,,,2.5,1.2,5.6,3.2,2.6,-1.0,1.5,-2.1,0.6
198609,0.5,-0.9,-1.1,-0.3,-0.5,0.6,0.6,-0.5,0.5,2.2,-14.9,1.6,-7.0,4.1,2.3,2.1,2.1,,2.6,1.7,1.7,1.5,5.1,0.0,2.3,1.6,2.4,,,2.9,,,2.4,1.1,5.9,3.0,2.6,-1.2,1.4,-1.4,1.0
198610,-0.3,-2.2,-1.2,-5.9,-7.4,0.7,0.6,-0.8,0.2,2.1,-16.9,1.8,-7.0,4.2,2.3,2.2,2.3,,2.4,3.6,1.7,0.7,5.1,0.0,2.3,1.4,2.5,,,2.9,,,2.4,1.1,5.9,3.0,2.5,-1.4,1.4,-3.3,1.0
198611,0.0,-1.5,-1.4,-1.8,-2.3,0.7,0.6,-1.2,0.1,1.6,-19.5,2.0,-6.9,4.2,2.2,2.1,2.2,,2.3,3.6,1.7,0.7,5.1,0.0,2.1,1.4,2.3,,,2.7,,,2.3,1.1,5.9,3.0,2.1,-1.4,1.0,-2.4,1.0
198612,-0.3,-2.1,-1.6,-4.0,-5.2,0.7,0.6,-1.3,0.0,1.7,-21.2,2.1,-6.9,4.1,2.1,2.1,2.2,,2.6,3.6,1.7,0.7,5.1,0.0,2.1,1.4,2.3,,,2.6,,,2.3,1.1,5.8,3.0,2.2,-1.5,1.2,-3.1,1.0
198701,-1.1,-3.6,-2.3,-9.1,-11.3,0.6,0.6,-1.5,0.1,0.9,-22.0,2.1,-9.4,3.9,2.2,2.1,2.4,,2.3,3.8,3.5,0.8,5.1,0.0,2.1,1.4,2.4,,,2.7,,,2.1,0.9,5.9,3.0,2.0,-1.5,0.5,-5.0,0.6
198702,-1.0,-3.3,-2.0,-9.3,-11.4,0.1,0.1,-1.2,0.0,1.0,-18.4,1.7,-9.7,4.2,2.3,2.1,2.4,,2.3,3.7,3.5,0.6,5.1,0.0,2.1,1.4,2.6,,,2.7,,,2.2,0.9,5.9,3.0,2.0,-1.6,0.6,-4.8,0.3
198703,-0.5,-2.5,-1.9,-5.6,-6.8,0.1,0.1,-1.1,-0.2,1.2,-16.6,1.6,-9.7,4.0,2.2,2.1,2.4,,2.3,3.7,3.5,0.6,5.1,0.0,2.1,1.1,2.8,,,2.6,,,2.4,0.9,6.1,3.2,2.2,-1.6,0.8,-3.6,0.3
198704,0.1,-1.5,-1.7,-1.4,-1.9,0.0,0.0,-0.7,-0.4,1.0,-11.5,1.3,-9.8,3.8,2.1,1.9,2.2,,3.3,3.3,1.8,0.4,4.4,0.0,2.0,1.0,3.0,,,2.6,,,2.0,1.1,1.6,3.1,1.7,-1.6,0.8,-2.0,0.0
198705,0.0,-1.7,-2.0,-1.2,-1.4,0.0,0.0,-0.9,-0.5,1.3,-9.9,0.2,-9.9,0.8,2.0,1.9,2.1,,3.3,3.1,1.8,0.4,4.4,0.0,2.0,1.0,2.6,,,2.5,,,2.0,0.9,1.5,3.3,1.7,-1.7,1.0,-2.3,-1.2
198706,0.3,-1.1,-1.3,-1.5,-2.0,0.0,0.0,-0.8,-0.6,1.3,-8.0,0.0,-3.3,0.7,2.3,2.0,2.2,,3.2,3.2,1.8,2.3,4.4,0.0,2.4,0.8,3.6,,,3.6,,,2.1,1.1,1.3,3.3,1.9,-1.8,0.9,-1.6,0.5
198707,0.1,-1.7,-1.1,-5.0,-6.2,0.2,0.2,-0.7,-0.5,0.3,-6.0,-0.2,-2.7,0.7,2.3,2.0,2.2,,4.0,3.1,1.8,2.3,4.4,0.0,2.4,0.9,3.5,,,3.7,,,2.1,1.1,1.2,3.3,1.9,-1.9,0.3,-2.2,0.8
198708,0.4,-1.2,-0.9,-3.4,-4.2,0.1,0.1,-0.5,-0.5,0.9,-4.4,-0.4,-2.7,0.9,2.4,1.9,2.4,,4.2,3.0,1.8,2.5,4.4,0.0,2.3,0.8,3.5,,,3.7,,,2.2,1.2,1.2,3.3,1.8,-2.0,0.7,-1.6,0.8
198709,0.8,-0.1,-0.7,1.7,2.1,0.0,0.0,-0.4,-0.4,0.7,-3.1,-0.4,-2.7,1.1,2.1,1.8,1.7,,4.3,3.0,1.8,2.1,4.2,0.0,2.2,0.8,3.4,,,3.5,,,2.1,1.2,0.9,3.4,1.5,-2.0,0.6,-0.1,0.3
198710,0.7,-0.2,-0.8,0.7,0.9,-0.2,-0.1,-0.3,-0.4,0.9,-0.8,-0.6,-2.7,1.1,1.9,1.6,1.2,,4.2,1.0,1.8,2.3,4.2,0.0,2.2,0.8,3.3,,,3.4,,,2.1,1.2,0.9,3.4,1.5,-2.0,0.7,-0.3,0.0
198711,0.7,-0.4,-0.7,-0.6,-0.7,-0.4,-0.3,0.0,-0.4,0.8,2.1,-0.9,-2.8,1.1,2.0,1.6,1.2,,4.3,0.9,1.8,2.2,4.2,0.0,2.2,0.8,3.3,,,3.3,,,2.2,1.3,0.9,3.4,1.9,-2.2,0.8,-0.4,0.0
198712,0.8,0.0,-0.5,0.7,1.2,-0.9,-0.9,0.0,-0.3,0.7,3.2,-1.1,-2.8,1.0,1.9,1.6,1.2,,4.0,0.9,1.8,2.2,4.2,0.0,2.2,0.8,3.3,,,3.0,,,2.2,1.3,1.0,3.4,1.8,-2.2,0.7,0.0,0.0
198801,0.9,0.2,-0.3,1.4,2.3,-1.7,-1.8,-0.1,-0.4,0.6,3.5,-1.0,-1.9,1.0,1.8,1.6,1.0,,4.0,0.7,0.0,2.2,4.2,0.0,2.2,0.8,3.3,,,2.9,,,2.4,1.6,0.9,3.4,2.0,-2.2,0.7,0.4,-0.1
198802,0.7,-0.1,-0.6,1.9,2.8,-1.7,-1.8,-0.5,-0.4,0.0,-1.7,-0.6,-1.5,1.0,1.8,1.6,0.9,,4.1,0.7,0.0,2.1,4.2,0.0,2.1,0.7,3.1,,,2.9,,,2.3,1.5,0.9,3.4,1.9,-2.1,0.3,0.1,0.1
198803,0.7,0.0,-0.6,2.1,3.1,-1.7,-1.8,-0.5,-0.3,0.3,-3.3,-0.6,-1.5,0.6,1.7,1.4,0.5,,4.1,0.7,0.0,1.9,4.2,0.0,2.1,0.9,3.1,,,3.0,,,2.1,1.6,0.7,3.3,1.5,-2.1,0.4,0.1,-0.1
198804,0.3,-0.7,-0.7,-1.0,-0.8,-1.7,-1.8,-0.7,-0.2,0.7,-7.7,-0.4,-1.4,0.6,1.6,1.4,0.3,,3.2,0.8,-1.1,2.1,3.6,0.0,2.2,0.8,3.2,,,2.8,,,2.4,1.5,2.6,3.5,1.8,-2.2,0.7,-1.1,-0.2
198805,0.2,-0.8,-0.7,-1.8,-1.8,-1.7,-1.8,-0.7,-0.1,1.0,-8.1,-0.3,-1.4,0.8,1.7,1.3,0.3,,2.9,0.8,-1.1,2.1,3.6,0.0,2.2,0.8,3.1,,,2.8,,,2.4,1.6,2.6,3.3,1.9,-2.1,0.8,-1.3,-0.2
198806,0.2,-0.7,-0.6,-1.1,-0.9,-1.7,-1.8,-0.7,0.0,0.8,-8.1,-0.5,-1.4,0.8,1.3,1.3,0.4,,3.0,0.9,-0.6,1.6,3.6,0.0,1.7,0.8,2.0,,,1.5,,,2.2,1.5,2.6,3.5,1.6,-2.3,0.8,-1.0,-0.1
198807,0.5,0.0,-0.6,2.5,3.6,-1.7,-1.8,-0.7,0.0,0.9,-7.6,-0.4,-1.4,0.8,1.2,1.2,0.4,,2.7,1.0,-0.6,1.6,3.6,0.0,1.5,0.7,1.9,,,1.3,,,2.2,1.5,2.8,3.5,1.5,-2.2,0.8,-0.1,-0.1
198808,0.7,0.2,-0.6,3.7,5.2,-1.7,-1.8,-0.5,0.0,0.9,-6.7,-0.5,-1.4,0.5,1.2,1.3,0.4,,2.6,1.0,-0.6,1.6,3.6,0.0,1.5,0.8,1.8,,,1.3,,,2.2,1.3,2.8,3.5,1.7,-2.1,0.7,0.3,-0.1
198809,0.6,0.0,-0.4,1.5,2.4,-1.7,-1.8,-0.2,0.0,2.0,-6.3,-0.4,-1.4,0.4,1.3,1.2,0.4,,2.6,0.9,-0.6,1.6,3.6,0.0,1.7,0.7,2.0,,,1.4,,,2.2,1.5,2.9,3.3,1.8,-2.0,1.6,-0.2,-0.2
198810,1.1,0.9,-0.1,5.6,7.6,-1.6,-1.7,-0.2,0.2,1.8,-6.4,-0.5,-1.4,0.6,1.4,1.3,0.5,,4.1,0.8,-0.6,1.6,3.6,0.0,1.7,0.8,2.2,,,1.5,,,2.2,1.5,2.9,3.3,1.9,-2.0,1.4,1.1,-0.1
198811,1.2,1.0,-0.1,6.5,8.5,-1.3,-1.4,-0.2,0.2,2.3,-6.9,-0.3,-1.4,0.1,1.4,1.3,0.5,,4.0,0.8,-0.6,1.6,3.6,0.0,1.8,0.8,2.3,,,1.7,,,2.2,1.5,2.9,3.3,1.6,-1.8,1.6,1.2,-0.1
198812,1.0,0.5,0.0,3.2,4.3,-0.9,-0.9,0.0,0.3,2.4,-6.5,-0.3,-1.4,0.3,1.5,1.4,0.5,,4.2,0.8,-0.6,1.6,3.6,0.0,1.8,0.8,2.2,,,2.1,,,2.2,1.6,2.9,3.3,1.6,-1.6,1.7,0.4,-0.1
198901,1.1,0.6,0.1,2.7,3.4,0.0,0.0,0.1,0.3,2.7,-5.7,-0.3,0.3,0.7,1.6,1.4,0.6,,4.2,0.8,-0.6,2.2,3.6,0.0,1.8,0.8,2.3,,,2.1,,,2.3,1.6,2.9,3.3,1.9,-1.6,1.8,0.5,0.5
198902,1.0,0.6,0.4,0.9,1.2,-0.1,-0.1,0.2,0.4,2.6,-3.6,-0.6,0.3,5.7,1.4,1.4,0.3,,4.1,0.8,-0.6,2.1,3.6,0.0,1.9,1.0,2.2,,,2.0,,,2.4,1.7,3.1,3.3,1.8,-1.8,1.8,0.5,0.2
198903,1.1,0.6,0.5,0.8,0.9,-0.1,-0.1,0.3,0.4,2.6,-2.1,-0.6,0.3,5.7,1.7,1.6,0.6,,4.1,0.8,-0.6,2.3,3.6,0.0,2.0,1.0,2.3,,,2.0,,,2.6,1.8,3.1,3.6,2.1,-1.9,1.9,0.5,0.3
198904,2.4,1.7,1.7,1.5,1.5,1.8,1.8,1.7,2.5,4.6,0.9,-0.8,-1.0,8.7,3.2,3.4,2.0,,6.0,1.0,1.0,4.7,2.6,2.9,3.5,4.2,2.3,,,2.3,,,4.4,4.3,3.3,4.5,4.3,-4.2,3.7,2.0,1.1
198905,2.9,2.4,2.1,4.9,5.6,1.9,1.9,1.8,2.5,4.4,1.9,-0.9,-0.9,8.6,3.4,3.6,2.3,,5.8,1.2,1.0,4.8,2.6,2.9,3.7,4.4,2.4,,,2.5,,,4.5,4.3,3.3,4.5,4.5,-4.2,3.7,2.9,1.3
198906,3.0,2.6,2.2,4.7,5.4,1.9,1.9,2.0,2.4,4.7,3.0,-0.6,-1.0,8.7,3.6,3.7,2.3,,5.8,1.1,0.5,3.4,2.6,2.9,4.0,4.5,2.8,,,3.2,,,4.6,4.6,3.4,4.4,4.6,-3.7,3.9,2.9,1.2
198907,3.0,2.5,2.2,4.3,4.9,1.9,1.9,2.0,2.5,4.5,4.0,-0.7,-0.9,8.7,3.7,3.8,2.3,,6.1,1.2,0.5,3.5,2.6,2.9,4.0,4.5,2.8,,,3.2,,,4.7,4.6,3.3,4.4,4.8,-3.8,3.8,2.9,1.2
198908,2.6,1.7,2.1,0.6,0.2,1.9,1.9,1.9,2.5,4.7,3.3,-0.6,-0.9,8.7,3.7,3.7,2.3,,6.1,1.3,0.5,3.5,2.6,2.9,4.0,4.5,2.9,,,3.2,,,4.6,4.7,3.3,4.4,4.5,-3.7,4.0,1.8,1.3
198909,2.6,1.9,2.3,0.6,0.3,1.9,1.9,2.2,2.6,5.6,3.3,-0.6,-0.9,8.7,3.6,3.8,2.4,,6.0,1.5,0.5,3.4,2.6,2.9,3.9,4.6,2.7,,,3.1,,,4.6,4.7,3.1,4.5,4.4,-3.6,4.5,1.8,1.3
198910,2.9,2.4,2.3,2.7,2.7,2.1,2.1,2.3,2.4,5.8,3.8,-0.6,-0.9,8.5,3.6,3.8,2.3,,4.5,1.6,0.5,3.3,2.6,2.9,4.0,4.6,2.5,,,3.0,,,4.7,4.7,3.1,4.5,4.8,-3.4,4.8,2.4,1.3
198911,2.3,1.3,2.4,-3.3,-4.7,2.3,2.3,2.5,2.5,5.7,5.5,-0.6,-0.9,8.8,3.5,3.8,2.3,,4.8,1.9,0.5,3.3,2.6,2.9,3.9,4.5,2.4,,,2.8,,,4.8,4.8,3.1,4.5,4.8,-3.3,4.6,0.7,1.4
198912,2.6,1.9,2.3,0.3,-0.3,2.6,2.6,2.4,2.3,5.6,6.8,-0.6,-0.9,9.1,3.6,3.7,2.3,,4.7,1.9,0.5,3.3,2.6,2.9,4.0,4.5,2.6,,,2.8,,,4.7,4.6,3.1,4.5,4.9,-3.2,4.4,1.9,1.4
199001,3.0,2.7,2.5,4.1,4.5,2.8,2.7,2.3,2.5,5.2,7.2,-0.7,-0.9,8.5,3.6,4.0,2.3,,4.6,2.2,0.5,2.7,2.6,3.5,4.3,4.6,2.6,,,3.0,,,5.2,4.7,3.3,4.5,5.9,-3.2,4.4,2.9,1.5
199002,3.6,3.7,2.5,9.9,11.8,2.9,2.8,2.3,2.5,5.3,6.4,-0.4,-0.9,4.3,3.7,3.9,2.6,,4.8,2.3,0.5,2.9,2.6,3.5,4.1,4.4,2.6,,,3.0,,,4.8,4.5,3.1,4.5,5.0,-2.6,4.6,4.2,1.7
199003,3.5,3.5,2.7,7.9,9.2,2.9,2.8,2.7,3.0,5.8,6.7,-0.6,-0.9,4.3,3.6,3.8,2.7,,4.8,2.3,0.5,2.9,2.6,3.5,4.0,4.4,2.5,,,3.0,,,4.7,4.7,3.2,4.3,4.7,-2.6,4.9,3.9,1.9
199004,2.5,2.4,1.5,6.7,8.1,0.9,0.9,1.6,1.0,4.1,4.9,-0.4,0.2,1.5,2.7,2.7,2.2,,2.9,2.2,0.8,-0.5,3.0,28.8,2.9,1.6,2.3,,,3.0,,,3.7,2.8,4.4,5.7,3.1,-0.1,3.3,2.5,1.5
199005,2.7,2.7,1.7,7.1,8.7,0.9,0.8,1.7,1.1,4.7,4.6,-0.3,0.2,1.6,2.6,2.7,2.0,,3.1,2.2,0.8,-0.6,3.0,28.8,2.9,1.6,2.4,,,2.8,,,3.7,2.9,4.4,5.7,3.4,-0.2,3.6,2.7,1.3
199006,2.2,1.8,1.4,3.0,3.6,0.9,0.7,1.7,1.5,4.2,4.0,-0.4,0.2,1.6,2.5,2.5,1.9,,3.0,2.2,0.8,-0.7,3.0,28.8,2.7,1.4,2.3,,,2.6,,,3.7,2.9,4.4,5.7,2.7,-0.3,3.3,1.7,1.2
199007,2.3,2.1,1.7,3.9,4.7,0.9,0.8,1.8,1.7,4.4,3.3,-0.2,0.1,1.6,2.6,2.6,1.9,,2.7,2.0,0.8,-0.7,3.0,28.8,2.8,1.7,2.3,,,2.7,,,3.7,2.9,4.5,5.7,3.1,-0.1,3.6,1.9,1.2
199008,2.9,3.1,2.1,7.9,9.9,0.9,0.8,2.1,2.1,4.5,3.6,-0.1,0.1,1.9,2.7,2.6,1.9,,2.7,1.8,0.8,-0.7,3.0,28.8,3.0,1.7,2.3,,,2.8,,,3.9,2.9,4.5,5.7,4.0,-0.1,3.6,3.3,1.1
199009,3.0,3.2,2.3,7.4,8.9,0.9,0.7,2.3,2.6,3.8,4.3,0.0,0.1,2.0,2.7,2.6,1.8,,3.0,1.7,0.8,-0.7,3.0,28.8,3.0,1.8,2.4,,,3.0,,,3.8,3.0,4.7,5.6,3.2,0.1,3.4,3.4,1.2
199010,3.5,4.1,3.0,8.3,10.2,0.7,0.5,3.3,3.4,4.0,14.0,-0.1,0.1,1.8,2.7,2.6,1.8,,3.2,1.6,0.8,-0.7,3.0,28.8,3.0,1.9,2.4,,,3.0,,,3.8,3.2,4.7,5.7,3.0,0.0,3.5,4.7,1.1
199011,4.2,5.3,3.6,12.7,16.0,0.4,0.2,3.8,4.0,3.8,18.3,0.0,0.1,1.9,3.0,2.8,2.0,,3.0,1.5,0.8,-0.4,3.0,28.8,3.3,2.1,2.4,,,3.4,,,3.9,3.2,4.7,5.7,3.3,0.0,3.5,6.5,1.1
199012,3.8,4.6,3.7,7.7,9.7,0.2,0.0,4.2,4.6,4.1,18.4,0.1,0.2,2.1,3.0,2.9,2.0,,3.0,1.6,0.8,-0.1,3.0,28.8,3.3,2.3,2.5,,,3.4,,,4.0,3.6,4.5,5.7,2.9,0.0,3.8,5.4,1.2
199101,4.0,4.8,3.4,11.5,13.9,0.0,0.0,3.8,4.7,3.7,16.7,0.1,0.2,1.8,3.0,2.9,1.5,,3.2,1.2,0.7,-0.1,3.0,28.1,3.5,2.5,2.4,,,2.9,,,4.6,3.6,4.7,5.7,4.8,-1.4,3.6,6.1,0.9
199102,3.6,4.1,3.4,6.8,8.1,-0.2,-0.2,3.8,5.0,3.9,13.9,0.5,0.2,2.3,2.9,2.8,1.6,,3.2,1.2,0.7,0.0,3.0,28.1,3.2,2.6,2.4,,,2.9,,,4.0,4.0,4.9,5.7,2.9,-1.0,3.8,4.9,1.1
199103,3.6,4.0,3.3,7.7,9.3,-0.3,-0.3,3.7,4.9,4.0,10.4,0.9,0.2,2.4,2.9,2.9,1.6,,3.2,1.3,0.7,0.1,3.0,28.1,3.4,2.7,2.5,,,2.9,,,4.2,3.8,4.8,6.0,3.2,-0.7,3.9,4.9,1.1
199104,3.4,4.1,3.4,7.7,9.2,-0.3,-0.3,3.6,5.2,3.8,8.1,1.1,0.3,3.3,2.5,2.3,0.2,,1.9,-1.0,0.0,-0.1,2.7,0.0,3.2,2.7,2.5,,,2.8,,,3.9,3.8,1.3,4.9,3.3,-0.4,4.0,4.9,0.1
199105,3.4,4.0,3.5,6.3,7.6,-0.3,-0.3,3.8,5.3,4.3,7.6,1.4,0.2,3.3,2.5,2.4,0.1,,1.6,-1.1,0.0,-0.1,2.7,0.0,3.2,2.8,2.6,,,2.9,,,3.8,4.0,1.3,5.0,2.7,-0.1,4.4,4.4,0.1
199106,3.4,4.1,3.6,6.4,7.8,-0.4,-0.4,4.0,5.3,4.6,7.0,1.5,0.2,3.4,2.7,2.5,0.1,,1.4,-1.2,0.0,-0.2,2.7,0.0,3.4,3.0,2.9,,,3.1,,,4.2,4.0,1.2,5.0,3.8,0.1,4.7,4.6,0.1
199107,3.5,4.1,3.4,7.1,8.8,-0.4,-0.4,3.8,5.3,4.3,6.7,1.5,0.2,3.3,2.8,2.6,0.5,,1.3,0.5,0.0,-0.2,2.7,0.0,3.5,2.9,2.9,,,3.2,,,4.1,4.4,1.2,5.0,3.4,0.2,4.4,4.7,0.2
199108,3.3,3.9,3.2,6.5,7.9,-0.4,-0.4,3.6,4.9,4.4,6.3,1.4,0.2,3.1,2.7,2.5,0.5,,1.3,0.6,0.0,-0.1,2.7,0.0,3.3,2.9,3.0,,,3.1,,,3.8,4.5,1.2,5.0,2.6,0.0,4.4,4.3,0.3
199109,2.7,2.8,2.9,0.7,0.8,-0.4,-0.4,3.5,4.5,5.1,5.2,1.3,0.2,3.0,2.7,2.6,0.5,,1.2,0.5,0.0,-0.1,2.7,0.0,3.4,2.9,3.0,,,3.1,,,4.1,4.5,1.0,5.0,3.2,-0.2,4.8,2.5,0.2
199110,2.7,2.6,2.4,3.8,4.6,-0.2,-0.2,2.7,3.8,4.6,-3.9,1.6,0.2,2.9,2.7,2.5,0.5,,0.9,0.6,0.0,-0.1,2.7,0.0,3.3,2.7,2.9,,,3.1,,,4.0,4.5,-0.8,4.7,3.1,0.3,4.4,2.4,0.4
199111,3.1,3.5,2.2,9.9,11.9,-0.1,-0.1,2.1,3.4,4.8,-7.4,1.6,0.2,3.1,2.5,2.4,0.4,,0.7,0.6,0.0,-0.5,2.7,0.0,3.2,2.8,2.8,,,2.6,,,4.0,4.6,-0.8,4.7,3.3,0.3,4.5,3.5,0.3
199112,2.7,2.8,2.0,7.1,8.2,1.8,1.8,2.0,3.2,4.6,-7.6,1.6,0.1,2.9,2.5,2.6,0.8,,0.7,0.5,0.0,1.1,2.7,0.0,3.2,2.6,2.6,,,2.5,,,4.1,4.7,-0.8,4.7,3.1,0.4,4.5,2.7,0.6
199201,1.8,1.4,1.9,-1.0,-1.7,2.6,2.6,1.9,3.1,3.7,-6.3,1.7,0.1,7.2,2.3,2.4,1.0,,0.8,0.6,1.9,1.1,2.7,0.0,2.8,2.7,2.7,,,2.6,,,3.1,5.0,-1.0,4.7,0.4,0.4,3.8,0.9,1.0
199202,2.0,1.5,1.9,-0.8,-1.6,3.4,3.4,2.0,3.0,4.2,-5.3,1.2,0.1,8.9,2.7,2.7,1.0,,0.8,0.5,1.9,1.1,2.7,0.0,3.1,2.6,2.7,,,2.7,,,4.1,4.9,-1.2,4.7,3.3,0.1,3.9,1.0,0.9
199203,2.0,1.5,2.0,-2.0,-2.9,3.6,3.6,2.1,2.8,4.4,-3.5,1.1,0.2,9.4,2.7,2.7,0.9,,0.7,0.5,1.9,1.0,2.7,0.0,3.1,2.6,2.6,,,2.8,,,4.1,5.1,-1.2,4.6,3.4,0.2,4.0,0.7,0.7
199204,2.4,1.9,2.0,0.8,0.3,3.7,3.7,2.1,2.8,4.4,-2.4,0.9,0.2,8.6,3.1,3.3,2.3,,2.8,2.9,4.7,2.4,3.7,0.0,3.4,2.6,2.9,,,2.9,,,4.5,5.5,8.1,4.7,3.0,-0.2,4.0,1.5,1.8
199205,2.0,1.2,1.8,-2.0,-3.1,3.7,3.7,1.8,2.6,3.6,-2.3,0.8,0.3,8.5,3.2,3.3,2.4,,3.1,2.9,4.7,2.4,3.7,0.0,3.5,2.6,3.1,,,3.0,,,4.5,5.5,8.2,4.5,3.3,-0.3,3.3,0.8,1.8
199206,2.3,1.5,1.7,0.0,-0.7,3.9,3.9,1.7,2.5,3.6,-2.1,0.7,0.3,8.5,3.2,3.3,2.5,,3.2,3.0,4.7,2.5,3.7,0.0,3.4,2.5,3.0,,,2.7,,,4.5,5.6,8.3,4.6,3.3,-0.2,3.2,1.3,1.8
199207,1.7,0.6,1.6,-4.5,-6.2,4.0,4.0,1.5,2.4,2.7,-2.0,0.7,0.3,8.5,2.9,3.0,1.5,,3.2,1.4,4.7,1.2,3.7,0.0,3.4,2.6,2.9,,,2.7,,,4.5,5.6,8.3,4.6,3.2,-0.2,2.6,0.1,1.3
199208,1.7,0.7,1.7,-4.2,-5.7,4.1,4.1,1.7,2.4,3.2,-1.7,0.7,0.3,8.5,2.9,3.1,1.5,,3.2,1.3,4.7,1.2,3.7,0.0,3.4,2.5,2.8,,,2.6,,,4.6,5.5,8.3,4.6,3.6,-0.1,3.0,0.1,1.3
199209,2.0,1.4,1.7,-0.4,-1.2,4.1,4.1,1.5,2.3,2.1,-0.9,0.8,0.4,8.8,3.0,3.0,1.5,,3.2,1.4,4.7,1.2,3.7,0.0,3.4,2.6,2.8,,,2.6,,,4.6,5.5,8.3,4.6,3.6,0.1,2.3,1.2,1.3
199210,1.1,-0.3,1.5,-8.4,-10.9,4.6,4.6,1.4,2.3,1.8,-0.3,0.6,0.5,8.9,2.7,2.8,1.5,,3.6,1.4,4.7,1.0,3.7,0.0,3.2,1.4,2.9,,,2.7,,,4.7,5.3,10.4,4.8,3.7,-0.2,2.1,-1.0,1.2
199211,0.7,-1.2,1.2,-12.6,-15.8,5.4,5.3,1.3,2.1,1.6,-0.4,0.6,0.5,9.0,2.9,3.1,1.5,,3.8,1.4,4.7,1.3,3.7,0.0,3.4,2.5,2.9,,,2.7,,,4.6,5.2,10.4,4.8,3.4,-0.2,1.9,-2.3,1.4
199212,1.2,-0.3,1.2,-7.9,-10.3,3.8,3.6,1.1,1.8,1.4,-0.5,0.6,0.5,9.5,2.9,2.9,1.0,,3.8,1.4,4.7,-0.5,3.7,0.0,3.4,2.5,3.0,,,2.8,,,4.5,5.2,10.4,4.8,3.3,-0.3,1.8,-1.0,1.1
199301,1.3,0.0,0.9,-4.0,-5.6,3.1,2.9,0.9,1.7,0.4,-0.1,0.3,0.5,4.0,2.8,2.7,0.9,,3.5,1.7,2.7,-0.4,3.7,0.0,3.3,2.2,3.0,,,2.7,,,4.4,4.8,10.4,4.9,3.2,-0.4,1.0,-0.3,0.7
199302,1.4,0.4,0.9,-1.5,-2.4,2.6,2.4,0.8,1.6,0.0,0.9,0.3,0.5,1.7,2.7,2.7,0.9,,3.5,1.8,2.7,-0.5,3.7,0.0,3.3,2.2,2.9,,,2.6,,,4.4,4.8,10.3,4.9,3.1,-0.5,0.8,0.3,0.7
199303,1.2,0.2,0.7,-1.7,-2.6,2.5,2.2,0.7,1.4,0.1,1.1,0.3,0.4,1.3,2.6,2.6,1.0,,3.6,1.7,2.7,-0.5,3.7,0.0,3.3,2.1,3.1,,,2.7,,,4.3,4.6,10.4,4.9,3.0,-0.5,0.8,0.2,0.8
199304,0.9,-0.5,0.6,-5.2,-6.7,2.2,1.8,0.6,1.0,0.4,1.6,0.2,0.8,1.3,2.3,2.2,0.5,,2.8,-0.4,1.0,-0.7,3.7,0.0,2.8,2.0,2.6,,,2.4,,,3.6,3.9,2.0,4.2,3.0,-0.4,0.8,-0.9,0.5
199305,0.9,-0.2,0.5,-3.6,-4.8,2.2,1.8,0.5,0.8,0.3,1.7,-0.1,0.7,1.9,2.2,2.1,0.5,,3.1,-0.3,1.0,-0.7,3.7,0.0,2.7,1.8,2.3,,,2.3,,,3.5,3.7,2.0,4.2,2.7,-0.6,0.8,-0.5,0.5
199306,0.9,0.0,0.6,-2.2,-3.1,1.7,1.4,0.4,0.6,0.2,1.8,-0.1,0.8,1.9,2.1,2.1,0.5,,3.2,-0.3,1.0,-0.8,3.7,0.0,2.5,1.7,2.2,,,2.2,,,3.4,3.6,1.9,4.1,2.7,-0.9,0.7,-0.1,0.6
199307,1.9,1.6,0.6,7.5,8.8,1.3,0.9,0.4,0.7,0.2,1.7,-0.2,0.9,2.0,2.2,2.2,1.3,,3.2,0.2,1.0,0.7,3.7,0.0,2.4,1.6,2.2,,,2.2,,,3.2,3.2,1.8,4.1,2.5,-1.1,0.7,2.3,1.1
199308,1.9,1.7,0.4,7.9,9.2,1.1,0.7,0.3,0.5,0.2,1.3,-0.2,0.9,2.2,2.2,2.1,1.3,,3.1,0.2,1.0,0.7,3.7,0.0,2.4,1.6,2.2,,,2.3,,,3.2,3.3,1.8,4.1,2.1,-1.1,0.6,2.4,1.0
199309,1.5,1.0,0.1,4.8,5.5,1.4,1.0,0.0,0.4,-0.4,0.2,-0.3,0.8,1.9,2.2,2.2,1.3,,3.0,0.1,1.0,0.7,3.8,0.0,2.4,1.5,2.2,,,2.4,,,3.1,3.3,1.8,4.1,2.0,-1.2,0.3,1.5,1.2
199310,1.3,0.6,0.2,3.0,3.0,3.9,3.5,-0.1,0.4,-0.4,-0.6,-0.4,0.6,1.7,2.4,2.5,1.4,,2.8,0.1,1.0,1.1,3.8,0.0,2.6,2.7,2.1,,,2.3,,,3.2,3.3,1.7,4.1,2.1,-1.6,0.2,1.0,1.4
199311,0.9,0.2,0.2,2.1,0.4,8.9,8.6,-0.3,0.4,-0.7,-1.5,-0.5,-0.4,1.5,1.9,1.8,0.2,,3.6,0.1,1.0,-1.8,3.8,0.0,2.4,1.5,2.1,,,2.2,,,3.1,3.2,1.8,4.1,2.1,-1.6,0.0,0.5,0.4
199312,1.0,0.4,-0.1,4.4,3.2,9.3,8.9,-0.5,0.4,-1.0,-1.9,-0.5,-0.5,-0.7,1.8,1.7,0.2,,3.4,0.1,1.0,-1.9,3.8,0.0,2.3,1.3,2.1,,,2.2,,,3.0,2.9,1.8,4.1,2.3,-1.8,-0.4,1.0,0.4
199401,1.2,0.8,0.1,5.1,4.2,9.5,9.0,-0.4,0.3,-0.7,-2.2,-0.5,-0.5,4.5,1.8,1.6,0.0,,3.5,-0.3,1.0,-1.9,3.8,0.0,2.3,1.5,2.0,,,2.3,,,2.8,2.7,1.8,4.0,2.0,-1.9,-0.1,1.4,0.5
199402,1.1,0.7,0.0,4.9,3.8,9.8,9.3,-0.6,0.3,-1.3,-2.3,-0.5,-0.5,4.9,1.8,1.6,0.3,,3.4,-0.3,1.0,-1.4,3.8,0.0,2.3,1.5,2.1,,,2.5,,,2.6,2.6,1.8,4.0,1.7,-1.9,-0.5,1.4,0.6
199403,1.3,0.9,0.2,6.7,4.3,17.5,17.1,-0.6,0.2,-1.2,-2.3,-0.8,-0.4,5.1,1.8,1.6,0.3,,3.4,-0.3,1.0,-1.2,3.8,0.0,2.2,1.5,2.0,,,2.4,,,2.4,2.4,1.7,3.7,1.5,-2.2,-0.5,1.8,1.0
199404,0.8,0.2,0.3,3.3,-0.6,21.0,20.7,-0.7,0.1,-1.2,-2.4,-1.0,-0.6,5.2,1.7,1.4,0.5,,3.5,1.6,1.2,-1.1,3.6,0.0,2.1,1.3,2.0,,,2.3,,,2.1,2.3,3.8,2.9,1.0,-2.4,-0.5,0.8,1.4
199405,0.8,0.1,0.4,2.2,-2.0,21.7,21.4,-0.6,0.4,-1.1,-2.4,-0.9,-0.5,4.8,1.7,1.6,0.5,,3.2,1.4,1.2,-1.2,3.6,0.0,2.0,1.3,1.9,,,2.1,,,2.5,2.1,3.8,3.0,1.9,-2.2,-0.5,0.7,1.4
199406,0.6,-0.5,0.1,-0.4,-4.9,20.2,19.8,-0.7,0.4,-1.4,-2.5,-1.0,-0.3,5.1,1.7,1.5,0.5,,3.2,1.7,1.2,-1.1,3.6,0.0,2.0,1.4,1.8,,,2.2,,,2.3,2.1,3.8,3.0,1.4,-2.2,-0.7,-0.1,1.2
199407,-0.2,-1.6,-0.1,-6.3,-11.3,18.3,17.9,-0.9,0.1,-1.6,-2.6,-1.2,-0.4,5.1,1.7,1.5,0.3,,3.3,1.0,1.2,-1.3,3.6,0.0,2.0,1.3,1.8,,,2.0,,,2.5,2.2,3.9,3.0,1.7,-2.4,-0.8,-1.7,1.1
199408,0.0,-1.2,0.0,-3.9,-7.8,16.1,15.6,-1.0,0.3,-1.9,-2.6,-1.2,-0.3,5.3,1.6,1.5,0.2,,3.3,1.0,1.2,-1.4,3.6,0.0,1.9,1.3,1.7,,,2.0,,,2.2,2.1,3.9,3.0,1.4,-2.4,-0.9,-1.0,0.9
199409,0.2,-0.8,-0.2,-1.8,-3.7,7.1,6.5,-0.9,0.1,-1.5,-2.5,-1.3,-0.3,5.4,1.4,1.1,0.2,,3.4,1.1,1.2,-1.4,3.5,0.0,1.7,-0.2,1.7,,,2.3,,,2.4,2.0,3.9,3.0,1.9,-2.7,-0.7,-0.6,0.4
199410,0.7,0.1,-0.6,3.0,3.6,-1.1,-1.9,-0.9,0.1,-1.5,-2.4,-1.4,-0.1,5.4,1.6,1.4,0.1,,3.3,1.0,1.2,-1.7,3.5,0.0,2.0,1.2,1.8,,,2.3,,,2.4,1.9,4.7,3.0,1.9,-2.6,-0.7,0.7,-0.1
199411,1.0,0.5,-0.8,5.1,8.2,-7.5,-8.1,-1.0,-0.1,-1.5,-2.1,-1.5,0.9,5.7,1.9,1.7,1.3,,2.5,0.9,1.2,0.9,3.5,0.0,2.0,1.1,1.9,,,2.5,,,2.3,1.9,4.7,3.0,1.6,-2.9,-0.8,1.3,0.5
199412,0.7,-0.3,-0.9,1.1,3.7,-9.4,-9.7,-0.9,0.0,-1.3,-2.4,-1.6,1.0,4.5,1.8,1.7,1.2,,2.6,0.9,1.2,0.9,3.5,0.0,1.9,0.9,1.8,,,2.3,,,2.4,1.9,4.8,3.0,1.7,-2.8,-0.6,0.2,0.4
199501,0.6,-0.4,-0.9,0.7,3.0,-9.4,-9.8,-1.1,-0.1,-1.4,-2.8,-1.2,1.0,3.3,1.7,1.7,1.3,,2.9,1.0,1.2,0.8,3.4,0.0,2.1,0.9,1.8,,,2.1,,,2.3,1.9,4.9,3.0,1.6,-2.8,-0.7,-0.1,0.3
199502,0.2,-1.2,-1.2,-2.4,-0.7,-10.2,-10.4,-1.2,-0.2,-1.5,-3.0,-1.4,1.0,1.9,1.8,1.8,1.7,,3.0,2.0,1.2,1.3,3.4,0.0,2.0,0.8,1.8,,,2.0,,,2.3,1.9,4.9,3.0,1.7,-3.2,-1.0,-1.0,0.8
199503,-0.4,-2.1,-1.5,-7.3,-5.1,-16.2,-16.5,-1.2,-0.1,-1.3,-3.2,-1.7,0.9,1.4,1.8,1.8,2.0,,3.0,2.0,1.2,1.7,3.4,0.0,1.9,0.7,1.7,,,1.8,,,2.2,1.8,4.9,3.1,1.6,-3.3,-0.9,-2.3,0.5
199504,-0.2,-1.5,-1.5,-5.0,-1.4,-18.6,-18.8,-1.0,0.1,-0.9,-3.4,-1.6,0.8,1.3,1.5,1.6,1.9,,3.7,1.9,0.1,1.8,1.9,0.0,1.4,0.2,1.6,,,1.7,,,1.8,1.8,1.9,3.4,-0.1,-3.1,-0.7,-1.6,0.2
199505,0.0,-1.0,-1.6,-1.6,2.9,-19.1,-19.3,-1.2,-0.3,-1.0,-4.0,-1.7,0.7,1.2,1.4,1.2,1.8,,3.2,1.9,0.1,1.9,1.9,0.0,1.2,-0.5,1.5,,,1.9,,,1.6,1.8,1.8,3.1,-0.7,-3.2,-0.6,-0.9,0.2
199506,0.3,-0.6,-1.6,1.2,6.3,-18.0,-18.0,-1.2,-0.3,-1.0,-4.3,-1.8,0.4,1.3,1.3,1.2,1.8,,3.0,1.5,0.1,1.9,1.9,0.0,1.2,-0.6,1.5,,,2.0,,,1.5,1.7,1.9,3.1,-0.5,-3.1,-0.6,-0.2,0.1
199507,0.1,-0.9,-1.5,-0.4,4.0,-16.2,-16.4,-1.2,-0.3,-1.2,-4.3,-1.5,0.3,1.0,1.3,1.0,1.8,,3.0,1.5,0.1,2.0,1.9,0.0,1.1,-0.6,1.6,,,2.1,,,1.2,1.3,1.8,3.0,-1.0,-3.1,-0.8,-0.6,0.2
199508,-0.2,-1.5,-1.6,-3.8,-1.2,-14.3,-14.5,-1.3,-0.5,-1.1,-4.4,-1.7,0.2,0.5,1.3,1.1,1.9,,3.0,1.5,0.1,2.1,1.9,0.0,1.2,-0.6,1.6,,,2.1,,,1.3,1.4,1.8,3.0,-1.0,-3.2,-0.9,-1.6,0.4
199509,0.2,-1.0,-1.1,-2.2,-0.9,-8.0,-8.0,-1.1,-0.5,-0.2,-4.4,-1.8,0.2,0.6,1.6,1.6,2.7,,2.9,1.4,0.1,4.5,1.9,0.0,1.3,0.7,1.6,,,1.7,,,1.3,1.1,1.9,3.2,-0.8,-3.3,-0.2,-1.1,1.4
199510,-0.6,-2.1,-1.1,-6.9,-7.4,-5.0,-4.7,-1.1,-0.5,-0.4,-4.6,-1.8,0.2,0.6,1.4,1.2,2.7,,2.6,1.4,0.1,4.5,1.9,0.0,0.9,-0.6,1.6,,,1.7,,,1.0,1.0,1.2,3.2,-1.2,-3.3,-0.4,-2.5,1.8
199511,-0.7,-2.2,-1.0,-8.1,-8.9,-4.3,-4.0,-1.0,-0.4,-0.2,-4.8,-1.8,0.2,0.5,1.3,1.3,2.7,,2.9,1.4,0.1,4.6,1.9,0.0,0.8,-0.8,1.5,,,1.4,,,1.2,1.0,1.1,3.2,-0.8,-3.4,-0.2,-2.7,1.9
199512,-0.3,-1.5,-0.9,-4.6,-5.0,-3.1,-2.8,-1.1,-0.6,-0.1,-4.6,-1.8,0.2,0.5,1.3,1.3,2.7,,3.2,1.4,0.1,4.5,1.9,0.0,0.9,-0.6,1.4,,,1.4,,,1.1,0.9,1.0,3.2,-0.7,-3.3,-0.1,-1.8,1.9
199601,-0.5,-2.0,-1.4,-4.9,-4.9,-3.8,-3.7,-1.4,-0.7,-0.1,-4.5,-2.2,-1.9,0.8,1.1,1.0,2.7,,3.5,1.6,0.1,4.8,2.0,0.0,0.6,-2.1,1.0,,,1.3,,,1.4,1.4,1.0,3.2,0.2,-4.3,-0.3,-2.1,1.3
199602,-0.4,-1.6,-1.2,-3.6,-3.6,-3.3,-3.2,-1.3,-0.5,0.4,-4.3,-2.1,-1.9,1.0,1.1,0.9,2.1,,3.5,0.6,0.1,3.9,2.0,0.0,0.8,-1.2,1.0,,,1.4,,,1.2,1.3,1.0,3.2,-0.5,-4.2,0.2,-1.8,0.7
199603,-0.1,-1.1,-1.1,-1.5,-1.1,-3.2,-3.1,-1.1,-0.4,0.6,-4.3,-1.9,-1.9,0.8,1.1,0.9,1.8,,3.4,0.6,0.1,3.4,2.0,0.0,0.8,-1.1,1.1,,,1.4,,,1.2,1.3,1.0,3.5,-0.6,-4.0,0.3,-1.2,0.6
199604,0.2,-0.6,-1.0,2.1,3.1,-3.2,-3.1,-1.2,-0.7,0.8,-4.2,-1.8,-1.5,0.8,1.1,1.0,1.6,,2.1,1.1,1.4,2.7,2.9,0.1,1.0,-0.5,1.2,,,1.6,,,1.2,1.0,3.6,2.1,0.5,-3.9,0.3,-0.3,0.5
199605,0.2,-0.8,-1.0,0.5,1.0,-3.2,-3.1,-1.1,-0.5,0.6,-3.5,-1.8,-1.6,0.7,1.2,1.1,1.6,,2.3,1.2,1.4,2.7,2.9,0.1,1.0,0.3,1.0,,,1.5,,,1.0,0.9,3.7,2.1,0.3,-4.1,0.2,-0.6,0.5
199606,0.0,-1.2,-1.0,-2.2,-2.1,-2.9,-2.9,-1.0,-0.4,0.9,-3.1,-1.9,-1.6,0.7,1.2,1.1,1.8,,2.3,1.1,1.4,2.7,2.9,0.1,1.0,0.2,1.0,,,1.5,,,1.1,0.8,3.7,2.1,0.3,-4.1,0.2,-1.1,0.6
199607,0.4,-0.2,-0.7,3.1,4.2,-3.1,-3.0,-1.0,-0.5,1.1,-2.9,-2.3,-0.4,0.7,1.2,1.2,1.8,,2.4,1.3,1.4,2.6,2.9,0.1,1.0,0.2,0.9,,,1.4,,,1.1,1.0,3.7,2.2,0.4,-4.0,0.4,0.2,0.8
199608,0.2,-0.6,-0.9,0.8,1.6,-3.4,-3.4,-1.1,-0.4,0.7,-3.0,-2.3,-0.4,0.6,1.2,1.2,1.8,,2.4,1.3,1.4,2.7,2.9,0.1,1.0,0.2,0.9,,,1.4,,,1.2,0.8,3.7,2.2,0.5,-4.0,0.1,-0.4,0.8
199609,0.0,-0.9,-0.8,-1.5,-1.2,-3.0,-2.9,-0.9,-0.1,1.0,-3.1,-2.1,-0.5,0.4,1.1,0.9,0.8,,2.4,1.4,1.4,0.1,2.9,0.1,1.1,0.3,1.0,,,1.5,,,1.1,0.9,3.6,2.0,0.4,-3.7,0.2,-0.8,0.2
199610,0.5,-0.1,-0.5,2.5,3.3,-1.3,-1.2,-0.7,0.0,1.2,-2.8,-2.0,-0.1,0.5,1.0,0.9,0.9,,2.3,1.4,1.4,0.1,2.9,0.1,1.0,0.3,0.9,,,1.4,,,1.1,0.9,3.4,2.0,0.4,-3.6,0.5,0.3,0.2
199611,0.5,0.0,-0.5,2.9,3.5,-0.4,-0.3,-0.6,0.1,1.4,-1.9,-1.9,0.0,0.4,1.1,0.9,0.8,,1.8,1.4,1.4,0.0,2.9,0.1,1.1,0.3,0.9,,,1.5,,,1.3,0.9,3.4,2.0,0.7,-3.4,0.5,0.4,0.2
199612,0.6,0.5,-0.2,5.0,6.0,0.0,0.0,-0.4,0.1,1.4,-0.7,-2.0,0.0,0.3,0.9,0.6,0.5,,1.5,1.4,1.4,-0.5,2.9,0.1,0.9,-0.6,0.9,,,1.6,,,1.1,0.9,3.4,2.0,0.4,-3.5,0.5,1.0,0.0
199701,0.6,0.2,0.0,2.3,2.6,0.6,0.5,-0.5,0.2,0.7,0.2,-1.9,2.1,0.6,0.9,0.7,0.2,,0.9,1.1,1.4,-0.7,2.9,0.1,1.2,1.2,1.0,,,1.7,,,0.7,0.5,3.3,2.0,-0.5,-3.5,0.0,0.8,0.7
199702,0.6,0.2,0.0,2.1,2.4,0.4,0.3,-0.4,0.1,0.4,1.3,-1.9,2.1,0.6,0.9,0.7,0.2,,1.0,1.1,1.4,-0.6,2.9,0.1,1.0,0.3,0.9,,,1.6,,,1.0,0.5,3.3,2.0,0.4,-3.3,-0.2,0.9,0.7
199703,0.5,0.0,0.1,0.7,0.7,0.3,0.2,-0.4,0.0,0.8,1.8,-1.9,2.1,0.8,0.8,0.6,0.3,,0.8,1.1,1.4,-0.7,2.9,0.1,1.0,0.2,0.8,,,1.6,,,1.1,0.6,3.3,1.6,0.7,-3.2,0.1,0.5,0.6
199704,1.9,1.8,2.0,1.6,1.6,1.3,1.2,1.6,2.3,2.2,3.6,0.1,4.1,2.7,2.0,2.1,1.2,,0.7,0.9,0.4,1.3,1.9,1.6,2.2,3.0,0.9,,,1.6,,,2.7,2.5,1.9,2.2,3.4,-1.1,1.8,2.2,1.8
199705,1.9,1.8,2.1,0.9,0.9,0.9,0.9,1.6,2.2,2.4,3.3,0.1,5.1,2.5,2.0,2.1,0.9,,0.6,-0.6,0.4,1.5,1.9,1.6,2.3,3.0,1.0,,,1.7,,,2.7,2.6,1.9,2.2,3.2,-0.8,2.0,2.2,1.9
199706,2.2,2.4,2.2,4.5,5.2,0.7,0.7,1.6,2.3,2.2,2.7,0.3,5.4,2.5,2.0,2.1,0.9,,0.5,-0.2,0.4,1.4,1.9,1.6,2.3,3.2,1.1,,,1.7,,,2.7,2.7,1.8,2.2,3.2,-0.7,2.1,3.0,2.0
199707,1.9,1.7,2.1,0.3,0.3,0.7,0.6,1.7,2.5,2.0,2.3,0.7,4.8,2.6,2.0,2.1,0.9,,0.5,-0.3,0.4,1.5,1.9,1.7,2.3,3.3,1.0,,,1.6,,,2.9,2.7,1.8,2.2,3.4,-0.6,1.9,2.0,2.0
199708,2.1,2.1,2.2,2.7,3.1,0.6,0.5,1.7,2.5,2.3,2.1,0.7,4.8,3.0,2.0,2.1,0.9,,0.4,-0.2,0.4,1.6,1.9,1.6,2.3,3.3,0.9,,,1.6,,,2.8,2.8,1.9,2.2,3.4,-0.6,2.1,2.6,1.9
199709,2.4,2.2,2.3,2.6,3.1,0.0,-0.1,1.8,2.3,2.7,2.1,0.6,4.8,2.9,2.6,3.1,4.2,,0.4,-0.3,30.9,1.5,1.9,1.6,2.2,2.7,0.8,,,1.5,,,2.8,2.8,1.9,2.3,3.4,-0.5,2.5,2.5,4.3
199710,2.5,2.1,1.9,3.1,4.1,-3.5,-3.6,1.6,2.1,2.7,1.2,0.6,4.4,3.0,2.9,3.4,4.2,,0.5,-0.3,30.9,1.5,1.9,1.6,2.5,3.4,0.7,,,1.5,,,3.2,2.9,1.9,2.3,4.2,-0.5,2.4,2.4,4.1
199711,2.1,1.5,1.8,-0.4,0.3,-5.0,-5.2,1.5,2.1,2.8,0.1,0.6,4.3,3.0,2.7,3.2,4.3,,0.5,-0.2,30.9,1.6,1.9,1.6,2.3,3.4,0.7,,,1.4,,,2.8,2.8,2.0,2.3,3.1,-0.6,2.5,1.5,4.1
199712,1.8,0.7,1.6,-4.6,-4.4,-5.6,-5.8,1.4,2.1,3.0,-1.4,0.7,4.3,3.0,2.8,3.3,4.4,,0.5,-0.2,30.9,1.9,1.9,1.6,2.3,3.7,0.6,,,1.4,,,2.8,2.8,2.0,2.3,3.3,-0.5,2.6,0.4,4.3
199801,1.8,1.2,1.3,-0.6,0.3,-5.7,-5.9,1.2,2.0,2.4,-2.4,0.8,3.4,2.7,2.7,3.1,4.5,,0.7,-0.1,30.9,1.9,1.9,1.6,2.1,2.8,0.6,,,1.5,,,2.6,2.7,2.0,2.3,3.0,-0.2,2.1,1.1,3.9
199802,1.9,1.2,1.0,1.5,2.7,-5.8,-6.0,1.2,2.0,2.8,-3.9,0.8,0.8,2.5,2.6,3.0,4.1,,0.6,-0.1,30.9,1.0,1.9,1.6,2.1,2.9,0.7,,,1.4,,,2.6,2.5,2.0,2.3,3.0,-0.2,2.5,1.1,2.9
199803,2.2,1.9,1.0,5.4,7.4,-5.9,-6.1,1.1,2.1,2.7,-5.1,0.9,0.8,2.6,2.5,2.9,4.1,,0.6,0.0,30.9,1.1,1.9,1.6,2.1,2.5,0.8,,,1.5,,,2.5,2.4,2.1,2.4,2.9,-0.2,2.5,2.0,2.9
199804,0.4,-0.5,-0.9,0.8,2.1,-6.8,-7.0,-0.7,0.1,1.4,-7.4,-1.1,-1.4,0.7,1.3,1.4,2.8,,-3.9,-0.1,29.3,-0.4,2.1,-0.1,0.7,0.3,0.6,,,1.0,,,0.7,0.5,2.4,1.8,-0.2,-2.3,1.0,-0.6,1.4
199805,0.5,0.0,-1.1,4.4,6.4,-6.7,-6.8,-0.8,0.0,1.0,-7.8,-1.1,-2.3,1.0,1.1,1.2,2.9,,-4.7,0.5,29.3,-0.6,2.1,-0.1,0.6,0.2,0.4,,,0.9,,,0.7,0.4,2.4,1.8,-0.3,-2.4,0.7,0.1,1.2
199806,0.1,-0.7,-1.1,0.4,1.5,-6.3,-6.5,-0.8,0.0,1.2,-7.6,-1.1,-2.6,0.9,1.0,1.1,2.6,,-4.8,-0.3,29.3,-0.6,2.1,-0.1,0.5,0.2,0.4,,,0.7,,,0.5,0.3,2.4,1.8,-0.5,-2.2,0.8,-0.9,1.0
199807,-0.1,-1.1,-1.3,-1.4,-0.6,-5.8,-6.0,-1.0,0.0,0.8,-7.2,-1.4,-3.1,0.7,0.9,1.0,2.6,,-5.0,-0.3,29.3,-0.7,2.1,-0.2,0.4,-0.4,0.4,,,0.7,,,0.4,0.3,2.4,1.8,-0.9,-2.3,0.3,-1.3,0.8
199808,-0.3,-1.5,-1.1,-4.1,-3.7,-5.7,-5.8,-0.8,-0.2,1.3,-6.7,-1.2,-3.0,0.3,0.9,1.0,2.7,,-5.0,-0.4,29.3,-0.7,2.1,-0.1,0.4,0.1,0.4,,,0.7,,,0.3,0.2,2.3,1.8,-1.1,-2.0,0.7,-2.1,0.9
199809,-0.2,-0.7,-1.2,1.2,2.1,-4.6,-4.7,-0.9,0.0,0.5,-6.4,-1.2,-3.0,0.5,0.2,0.0,-0.6,,-5.1,-0.4,-0.8,-0.6,2.1,-0.1,0.4,0.6,0.3,,,0.6,,,0.3,0.2,2.3,1.7,-1.0,-2.0,0.2,-0.7,-1.5
199810,0.2,0.5,-0.9,7.7,8.7,1.5,1.5,-0.8,0.2,0.5,-5.9,-1.2,-3.6,0.4,0.0,-0.2,-0.7,,-5.6,-0.4,-0.8,-0.7,2.1,-0.1,0.2,-0.1,0.3,,,0.5,,,0.2,0.2,2.3,1.7,-1.1,-2.0,0.1,1.0,-1.6
199811,0.8,1.6,-0.7,15.1,17.1,3.4,3.6,-0.8,0.3,-0.1,-5.6,-1.2,-3.6,0.3,0.0,-0.1,-0.8,,-5.4,-0.5,-0.8,-0.7,2.1,-0.1,0.2,-0.1,0.2,,,0.4,,,0.3,0.2,2.2,1.7,-0.7,-1.9,-0.3,2.6,-1.5
199812,0.6,1.3,-0.5,11.9,13.4,3.7,3.9,-0.5,0.4,-0.3,-5.2,-0.5,-3.6,0.5,-0.1,-0.1,-0.7,,-5.7,-0.5,-0.8,-0.7,2.1,-0.1,0.2,-0.1,0.2,,,0.3,,,0.3,0.1,2.2,1.7,-0.8,-1.6,-0.3,2.1,-1.4
199901,0.2,0.4,-0.4,4.8,5.0,3.6,3.8,-0.3,0.6,0.6,-5.0,-0.6,-3.2,0.3,0.0,0.0,-0.6,,-5.6,-0.6,-0.8,-0.4,2.1,-0.1,0.1,0.3,0.0,,,0.0,,,0.2,0.1,2.3,1.7,-1.1,-1.6,0.2,0.7,-1.1
199902,-0.1,0.0,-0.1,1.4,0.9,3.9,4.1,-0.4,0.6,0.1,-4.5,-0.7,-0.8,0.3,-0.1,-0.1,-0.3,,-5.7,-0.6,-0.8,0.2,2.1,-0.1,0.0,0.2,-0.2,,,-0.1,,,0.2,0.1,2.3,1.7,-1.3,-1.6,-0.1,0.2,-0.4
199903,-0.4,-0.8,-0.2,-2.4,-3.3,4.1,4.4,-0.3,0.6,-0.2,-3.7,-0.7,-0.8,0.3,0.1,0.1,-0.4,,-5.9,-0.7,-0.8,0.2,2.1,-0.1,0.1,0.7,-0.2,,,0.0,,,0.2,0.0,2.2,1.7,-1.1,-1.6,-0.5,-0.7,-0.4
199904,-0.1,-0.3,-0.3,0.3,-0.3,4.0,4.1,-0.3,0.5,-0.1,-3.1,-0.7,-1.7,0.3,0.0,-0.1,-0.1,,-0.6,-1.0,0.8,0.0,1.4,0.0,0.1,0.2,-0.2,,,0.2,,,-0.1,-0.1,0.4,1.3,-1.5,-1.5,-0.4,-0.1,-0.4
199905,-0.4,-0.9,-0.1,-3.3,-4.3,3.8,3.9,-0.2,0.6,-0.1,-2.6,-0.5,-1.7,0.2,0.1,0.1,0.2,,0.2,-0.2,0.8,0.1,1.4,0.0,0.0,0.2,-0.2,,,0.1,,,-0.1,-0.2,0.3,1.4,-1.2,-1.2,-0.4,-1.0,-0.3
199906,-0.3,-0.8,-0.2,-3.2,-4.2,3.0,3.2,-0.2,0.5,-0.3,-1.6,-0.5,-1.7,0.2,0.2,0.2,0.4,,1.2,0.2,0.8,0.1,1.4,0.0,0.1,0.2,-0.1,,,0.2,,,0.1,-0.3,0.3,1.4,-0.5,-1.3,-0.6,-0.9,-0.2
199907,-0.1,-0.3,-0.1,-0.2,-0.7,2.5,2.6,-0.1,0.5,-0.2,-0.7,-0.5,-2.1,0.1,0.2,0.2,-0.1,,1.4,0.2,-2.5,0.2,1.4,0.0,0.2,0.7,-0.2,,,0.2,,,0.1,-0.4,0.3,1.4,-0.3,-1.2,-0.5,-0.2,-0.5
199908,0.3,0.5,-0.2,3.9,4.1,2.6,2.7,0.0,0.7,-0.2,0.2,-0.6,-2.2,0.3,0.1,0.1,-0.2,,1.3,0.2,-2.5,0.2,1.4,0.0,0.1,0.2,-0.2,,,0.2,,,0.1,-0.4,0.3,1.4,-0.6,-1.4,-0.5,1.0,-1.3
199909,-0.2,-0.3,-0.2,-0.7,-1.0,1.8,1.8,-0.1,0.4,-0.4,1.2,-0.6,-2.2,0.4,0.1,0.0,-0.2,,1.4,0.2,-2.5,0.0,1.4,0.0,0.1,0.2,-0.1,,,0.1,,,0.1,-0.4,0.3,1.4,-0.5,-1.6,-0.6,-0.1,-1.3
199910,-0.7,-1.4,-0.2,-7.1,-7.8,-2.5,-2.5,0.0,0.3,-0.2,2.4,-0.8,-1.0,0.5,0.0,0.0,-0.2,,1.4,0.2,-2.5,0.0,1.4,0.0,0.1,0.2,-0.1,,,0.2,,,0.1,-0.5,0.3,1.4,-0.5,-1.5,-0.5,-1.6,-1.0
199911,-1.2,-2.3,-0.4,-12.3,-13.5,-4.0,-4.1,0.0,0.1,-0.4,3.5,-0.7,-1.0,0.4,0.1,-0.1,-0.2,,0.3,0.2,-2.5,0.0,1.4,0.0,0.1,0.2,0.0,,,0.2,,,0.0,-0.5,0.3,1.4,-0.6,-1.5,-0.6,-2.9,-1.1
199912,-1.1,-2.4,-0.6,-11.6,-12.9,-4.3,-4.4,-0.3,0.0,-0.4,4.4,-1.4,-1.1,0.4,0.2,0.1,-0.1,,0.0,0.2,-2.5,0.3,1.4,0.0,0.3,0.8,0.0,,,0.3,,,0.0,-0.5,0.3,1.4,-0.7,-1.9,-0.7,-2.8,-1.2
200001,-0.9,-1.9,-0.6,-8.3,-9.0,-4.1,-4.3,-0.4,-0.4,-0.6,4.6,-1.4,-0.3,0.3,0.1,0.0,-0.3,,-0.2,0.3,-2.5,-0.4,1.4,0.0,0.2,0.3,0.1,,,0.3,,,0.2,-0.5,0.2,1.4,-0.2,-2.4,-0.8,-2.1,-1.0
200002,-0.6,-1.5,-0.6,-6.7,-7.1,-4.0,-4.3,-0.4,-0.3,-0.4,4.9,-1.6,-0.3,0.4,0.2,0.0,-0.3,,-0.1,0.3,-2.5,-0.6,1.4,0.0,0.4,0.3,0.2,,,0.7,,,0.0,-0.5,0.2,1.4,-0.2,-2.5,-0.6,-1.6,-0.9
200003,-0.5,-0.9,-0.6,-3.3,-3.2,-4.1,-4.3,-0.5,-0.4,-0.7,5.6,-1.8,-0.3,0.2,-0.1,-0.3,-0.1,,0.1,0.3,-2.5,0.0,1.4,0.0,0.2,-1.1,-0.1,,,0.4,,,0.1,-0.5,0.3,1.3,0.7,-2.8,-0.7,-0.7,-0.7
200004,-0.8,-1.2,-0.4,-5.7,-5.9,-3.9,-4.2,-0.5,-0.4,-1.0,6.7,-1.8,1.4,0.2,-0.3,-0.5,-0.7,,-0.7,0.6,-3.2,-1.0,1.5,-0.5,0.0,-1.3,-0.1,,,0.3,,,0.0,-0.4,3.6,1.0,0.8,-2.7,-1.1,-1.0,-0.6
200005,-0.7,-1.4,-0.5,-6.8,-7.4,-3.6,-4.2,-0.5,-0.4,-0.8,7.0,-2.3,1.4,0.2,0.1,-0.2,-0.7,,0.4,0.6,-3.2,-1.0,1.5,-0.5,0.5,-1.3,-0.1,,,0.7,,,0.8,-0.3,3.6,0.9,2.5,-3.1,-1.0,-1.3,-0.5
200006,-0.7,-1.2,-0.5,-5.2,-5.5,-3.0,-3.5,-0.5,-0.6,-0.8,6.9,-2.6,1.4,0.1,-0.2,-0.5,-0.8,,-0.4,0.7,-3.2,-1.2,1.5,-0.6,0.2,-1.1,-0.3,,,0.6,,,-0.1,-0.2,3.6,0.9,0.2,-3.4,-0.9,-0.9,-0.6
200007,-0.5,-0.9,-0.4,-4.3,-4.4,-3.2,-3.6,-0.6,-0.7,-0.7,6.3,-2.6,2.7,0.4,-0.1,-0.4,-0.2,,-0.4,0.6,0.2,-1.2,1.5,-0.8,0.4,-1.3,-0.1,,,0.6,,,-0.1,-0.1,3.6,0.9,2.6,-3.4,-0.8,-0.5,-0.2
200008,-0.8,-1.4,-0.5,-6.5,-6.9,-3.5,-4.0,-0.8,-0.9,-0.8,5.7,-2.8,2.7,0.2,-0.1,-0.3,0.0,,-0.4,0.6,0.2,-0.7,1.5,-0.8,0.9,-1.1,-0.2,,,0.4,,,-0.1,-0.2,3.6,0.9,5.9,-3.5,-0.9,-1.2,0.7
200009,-0.8,-1.5,-0.8,-5.6,-5.9,-3.9,-4.1,-1.0,-0.7,-2.2,4.8,-3.1,2.7,0.2,-0.2,-0.4,-0.3,,-0.2,0.6,0.2,-1.2,1.5,-0.6,0.4,-1.4,-0.2,,,0.5,,,0.0,-0.1,3.6,0.9,2.2,-3.4,-1.8,-1.1,0.6
200010,-0.9,-1.6,-1.0,-5.6,-5.7,-3.7,-4.3,-0.9,-0.7,-2.1,5.8,-3.4,0.1,0.0,-0.2,-0.5,-0.6,,0.1,0.8,0.2,-1.9,1.5,-0.5,0.0,-1.4,-0.2,,,0.5,,,-0.1,-0.1,3.6,0.9,-0.4,-3.3,-1.8,-1.3,-0.1
200011,-0.5,-0.9,-0.9,-1.9,-1.4,-4.0,-4.8,-0.8,-0.7,-1.9,5.8,-3.5,0.1,0.2,-0.2,-0.5,-0.5,,1.0,0.8,0.2,-2.0,1.5,-0.4,0.0,-1.4,-0.2,,,0.7,,,0.0,-0.2,3.6,0.9,-0.9,-3.4,-1.7,-0.4,-0.2
200012,-0.2,-0.2,-0.9,2.6,3.9,-4.0,-4.6,-0.9,-0.7,-2.0,5.5,-3.6,0.2,0.1,-0.1,-0.4,-0.4,,1.4,0.8,0.2,-2.0,1.5,-0.4,0.1,-1.4,-0.3,,,0.4,,,0.1,-0.1,3.6,0.9,0.8,-3.4,-1.8,0.6,-0.2
200101,-0.3,-0.4,-1.4,4.9,6.3,-4.1,-4.2,-1.6,-0.8,-1.8,5.5,-3.7,-0.3,0.2,-0.1,-0.4,-0.2,,1.7,0.7,3.0,-2.1,1.5,-0.5,-0.1,-1.4,-0.3,,,0.4,,,-0.1,0.0,3.6,0.9,-1.1,-7.4,-1.6,1.0,-0.2
200102,-0.3,-0.5,-1.4,4.9,6.3,-4.2,-4.3,-1.6,-0.9,-2.0,5.2,-3.7,-0.4,0.2,-0.2,-0.4,-0.2,,1.6,0.7,3.0,-1.9,1.5,-0.5,-0.3,-1.3,-0.3,,,0.3,,,-0.3,-0.1,3.6,0.9,-1.4,-7.3,-1.7,0.9,-0.2
200103,-0.7,-1.2,-1.5,0.5,1.2,-4.3,-4.3,-1.8,-0.7,-2.8,4.5,-3.6,-0.4,0.2,-0.2,-0.4,-0.7,,1.6,0.7,3.0,-3.1,1.5,-0.5,0.0,-0.2,-0.2,,,0.3,,,-0.3,0.0,3.5,1.0,-1.6,-7.2,-2.1,0.0,-0.6
200104,-0.7,-1.4,-1.6,-0.6,0.0,-4.2,-4.3,-1.9,-0.9,-2.5,3.5,-3.7,-0.4,0.3,0.1,-0.2,-0.2,,1.7,1.7,2.3,-2.6,1.4,0.2,0.3,-0.2,-0.2,,,0.9,,,-0.2,0.0,0.4,1.0,-1.2,-7.4,-1.8,-0.4,-0.3
200105,-0.7,-1.2,-1.7,1.3,2.1,-4.2,-4.3,-1.8,-1.0,-2.3,2.9,-3.5,-0.3,0.3,-0.3,-0.5,-0.6,,0.3,1.7,2.3,-3.4,1.4,0.2,-0.1,-0.2,-0.3,,,0.4,,,-0.6,-0.1,0.4,1.0,-2.2,-7.1,-1.6,-0.2,-0.6
200106,-0.8,-1.5,-1.6,-0.9,-0.4,-4.3,-4.3,-1.9,-0.9,-2.3,2.2,-3.5,-0.3,0.3,-0.1,-0.2,-0.4,,-0.1,2.9,2.3,-3.4,1.4,0.3,0.1,-0.5,-0.3,,,0.4,,,0.0,-0.1,0.4,1.0,-0.5,-7.2,-1.6,-0.6,-0.4
200107,-0.8,-1.6,-1.7,-0.8,-0.4,-3.9,-4.0,-1.9,-0.9,-2.4,1.9,-3.6,-1.2,0.3,-0.1,-0.3,-0.2,,-0.2,2.9,2.3,-3.2,1.4,0.2,0.1,-0.3,-0.3,,,0.6,,,-0.2,-0.2,0.4,1.0,-1.1,-7.3,-1.6,-0.7,-0.5
200108,-0.7,-1.3,-1.7,1.1,1.8,-3.3,-3.4,-1.9,-0.8,-2.8,1.5,-3.4,-1.2,0.3,-0.1,-0.3,-0.2,,-0.2,2.9,2.3,-3.1,1.4,0.0,0.0,-0.7,-0.2,,,0.6,,,-0.1,-0.1,0.4,1.0,-0.8,-7.1,-1.8,-0.3,-0.5
200109,-0.8,-1.5,-1.6,-1.0,-0.7,-2.4,-2.6,-1.8,-0.9,-2.0,1.2,-3.2,-1.1,0.2,-0.1,-0.3,-0.4,,-0.3,2.9,2.3,-3.3,1.4,0.1,0.0,-0.4,-0.2,,,0.6,,,-0.4,-0.2,0.3,1.0,-1.4,-6.6,-1.3,-0.8,-0.5
200110,-0.8,-1.6,-1.5,-1.2,-1.1,-1.0,-1.1,-2.1,-1.3,-2.5,-0.8,-2.9,1.5,0.3,0.1,-0.1,0.1,,-0.6,3.8,2.3,-2.7,1.4,0.2,0.1,-0.5,-0.3,,,0.7,,,-0.2,-0.2,0.3,1.0,-0.9,-6.1,-1.7,-0.8,0.4
200111,-1.0,-2.1,-1.6,-3.9,-4.4,-0.3,-0.2,-2.3,-1.2,-2.5,-2.3,-3.1,1.5,0.4,0.0,-0.2,0.0,,-0.6,3.8,2.3,-2.6,1.4,-2.2,0.0,-0.5,-0.3,,,0.4,,,-0.3,-0.1,0.3,1.0,-1.2,-6.3,-1.8,-1.5,0.4
200112,-1.2,-2.6,-1.8,-6.3,-7.3,-0.2,-0.2,-2.5,-1.3,-2.9,-3.7,-3.1,1.5,0.6,0.0,-0.2,0.1,,-0.4,3.8,2.3,-2.4,1.4,-2.2,0.1,-0.5,-0.2,,,0.7,,,-0.2,-0.2,0.3,1.0,-0.9,-6.0,-2.2,-2.2,0.4
200201,-1.4,-2.8,-1.9,-6.9,-7.8,-0.1,-0.2,-2.5,-1.2,-3.1,-4.4,-3.1,1.0,0.3,0.0,-0.2,-0.2,,-0.5,3.8,0.0,-2.2,1.4,-2.2,0.1,-0.5,-0.2,,,0.8,,,0.0,-0.3,0.3,1.0,-0.5,-5.9,-2.3,-2.4,0.1
200202,-1.6,-3.1,-1.9,-8.9,-10.2,-0.3,-0.3,-2.5,-1.3,-3.1,-4.6,-3.1,1.1,0.3,0.1,-0.1,-0.1,,-0.4,3.8,0.0,-2.0,1.4,-2.2,0.2,0.2,-0.2,,,0.7,,,-0.3,-0.2,0.3,1.0,-1.1,-5.8,-2.2,-2.9,0.2
200203,-1.2,-2.6,-1.8,-6.4,-7.3,-0.1,-0.2,-2.3,-1.2,-2.6,-4.5,-3.1,1.0,0.1,0.2,0.0,0.2,,-0.5,3.8,0.0,-1.2,1.4,-2.2,0.2,0.3,-0.3,,,0.7,,,-0.2,-0.3,0.3,1.0,-0.8,-5.8,-1.9,-2.4,0.4
200204,-1.1,-2.1,-1.9,-2.6,-3.0,-0.2,-0.1,-2.1,-1.1,-2.3,-4.0,-2.9,-1.2,0.1,0.0,-0.2,-0.2,,-0.7,2.7,-1.8,-1.0,1.5,-2.1,0.0,-0.1,-0.2,,,0.3,,,-0.1,-0.4,0.0,1.0,-0.6,-5.5,-1.7,-1.7,-0.5
200205,-0.9,-1.7,-1.7,-0.7,-0.8,0.1,0.0,-2.1,-1.0,-2.8,-2.4,-2.8,-1.3,0.1,-0.1,-0.1,0.1,,-0.8,2.7,-1.8,-0.2,1.5,-2.1,-0.2,0.5,-0.2,,,0.0,,,-0.5,-0.3,0.0,1.1,-1.7,-5.1,-2.2,-1.1,-0.2
200206,-0.7,-1.4,-1.7,1.3,1.5,-0.1,-0.1,-2.1,-1.2,-2.9,-2.0,-2.6,-1.3,0.2,0.0,0.0,-0.1,,-0.6,1.4,-1.8,0.0,1.5,-2.2,0.0,0.4,-0.2,,,0.0,,,-0.1,-0.3,0.0,1.1,-0.6,-4.6,-2.1,-0.7,-0.4
200207,-0.8,-1.5,-1.8,1.3,1.7,-0.2,-0.2,-2.1,-1.2,-2.9,-2.4,-2.5,-1.6,0.1,0.0,0.0,-0.3,,-0.4,1.4,-1.8,-0.3,1.5,-2.4,0.0,0.5,-0.2,,,-0.1,,,0.0,-0.2,0.0,1.1,-0.5,-4.5,-2.2,-0.9,-0.6
200208,-0.9,-1.6,-1.8,0.5,0.8,-0.7,-0.7,-2.3,-1.4,-2.7,-2.9,-2.7,-1.6,0.2,0.0,0.0,-0.1,,-0.5,1.4,-1.8,0.0,1.5,-2.2,0.0,0.2,-0.2,,,-0.1,,,0.0,-0.2,0.1,1.0,-0.5,-4.8,-2.0,-1.1,-0.5
200209,-0.7,-1.5,-1.7,1.5,1.8,-0.8,-0.8,-2.1,-1.2,-2.5,-2.9,-2.6,-2.0,0.2,0.0,0.0,-0.1,,-0.5,1.4,-1.8,-0.2,1.5,-2.2,0.0,0.2,-0.2,,,-0.1,,,0.1,-0.3,0.2,1.0,-0.2,-4.8,-2.0,-0.8,-0.7
200210,-0.9,-1.7,-1.8,-0.3,-0.3,-0.9,-1.0,-1.9,-0.8,-2.4,-2.6,-2.6,-3.4,0.3,-0.1,0.0,0.0,,-0.3,0.3,1.2,-0.1,1.5,-2.2,-0.1,0.3,-0.3,,,-0.2,,,0.0,-0.3,0.2,1.0,-0.3,-4.6,-1.9,-1.3,-0.8
200211,-0.4,-0.7,-1.6,5.8,6.9,-0.7,-0.8,-1.8,-0.9,-2.5,-1.3,-2.5,-3.4,0.2,0.0,0.1,0.2,,-0.3,0.3,1.2,-0.2,1.5,0.2,0.0,0.3,-0.3,,,-0.2,,,0.1,-0.3,0.2,1.0,-0.2,-4.4,-1.9,0.0,-0.8
200212,-0.3,-0.5,-1.5,5.9,7.0,-0.6,-0.7,-1.5,-0.9,-2.1,-0.2,-2.5,-3.4,0.0,0.1,0.2,0.2,,-0.4,0.3,1.2,-0.2,1.5,0.2,0.0,0.3,-0.3,,,-0.1,,,0.1,-0.3,0.1,1.0,-0.1,-4.4,-1.4,0.2,-0.7
200301,-0.4,-0.9,-1.5,3.5,4.1,-0.7,-0.8,-1.6,-0.9,-2.6,0.7,-2.4,-3.4,0.1,0.1,0.1,0.3,,-0.4,0.3,1.2,-0.1,1.5,0.2,0.0,0.3,-0.4,,,-0.1,,,-0.2,-0.4,0.3,1.0,-0.8,-4.4,-1.7,-0.3,-0.7
200302,-0.2,-0.4,-1.5,5.5,6.6,-0.5,-0.7,-1.4,-0.8,-2.4,1.8,-2.3,-3.4,0.1,0.0,0.1,0.2,,-0.7,0.3,1.2,-0.2,1.5,0.2,0.0,-0.4,-0.4,,,-0.1,,,0.3,-0.4,0.3,1.0,0.3,-4.4,-1.6,0.3,-0.8
200303,-0.1,-0.3,-1.3,5.6,6.7,-0.7,-0.8,-1.4,-1.1,-2.0,3.7,-2.2,-3.3,0.3,0.0,0.1,0.3,,-0.6,0.3,1.2,0.0,1.5,0.2,0.0,-0.4,-0.3,,,-0.1,,,0.3,-0.4,0.3,0.9,0.3,-4.3,-1.4,0.5,-0.6
200304,-0.1,-0.4,-1.0,3.7,4.4,-0.7,-0.9,-1.3,-1.0,-2.3,4.5,-2.3,-1.3,0.1,0.3,0.5,1.7,,-1.0,0.1,10.6,0.0,1.5,0.1,-0.2,-0.1,-0.3,,,0.0,,,-0.4,-0.3,0.8,0.3,-0.9,-4.3,-1.5,0.4,0.9
200305,-0.2,-0.8,-1.1,2.0,2.4,-0.5,-0.5,-1.3,-1.0,-2.2,2.8,-2.3,-1.3,0.1,0.4,0.4,1.7,,-0.2,0.1,10.6,-0.1,1.5,0.0,0.0,-0.6,-0.2,,,0.3,,,-0.2,-0.3,0.9,0.2,-0.5,-4.4,-1.4,-0.1,0.8
200306,-0.4,-1.1,-1.2,0.3,0.5,-0.3,-0.5,-1.5,-1.0,-2.2,1.8,-2.3,-1.3,-0.1,0.4,0.4,1.7,,-0.3,0.1,10.4,0.0,1.5,0.1,-0.1,-0.5,-0.2,,,0.3,,,-0.3,-0.3,0.9,0.2,-0.6,-4.5,-1.6,-0.6,0.9
200307,-0.2,-0.9,-0.9,-0.4,-0.4,-0.2,-0.3,-1.1,-0.9,-2.2,1.7,-1.7,-0.7,0.2,0.6,0.7,1.9,,-0.2,0.1,10.4,0.4,1.5,0.0,0.1,-0.3,-0.2,,,0.3,,,0.1,-0.3,0.9,0.2,0.3,-4.3,-1.6,-0.3,1.4
200308,-0.3,-1.2,-1.0,-2.2,-2.5,0.0,-0.2,-1.1,-0.9,-2.4,2.3,-1.5,-0.7,0.3,0.6,0.7,1.6,,-0.4,-0.5,10.4,0.3,1.5,0.0,0.2,0.2,-0.3,,,0.3,,,0.1,-0.4,0.9,0.3,0.4,-4.0,-1.6,-0.7,1.3
200309,-0.2,-0.8,-0.8,-0.4,-0.7,1.2,1.2,-0.9,-0.9,-1.9,2.6,-1.5,-0.4,0.2,0.5,0.6,1.6,,-0.4,-0.5,10.4,0.0,1.5,0.1,0.1,0.2,-0.3,,,0.2,,,0.1,-0.3,0.9,0.3,0.3,-3.9,-1.0,-0.3,1.3
200310,0.0,-0.5,-0.4,1.0,-0.6,11.5,11.9,-1.0,-0.9,-2.0,2.0,-1.4,0.5,0.0,0.4,0.5,1.3,,-0.3,-0.5,7.2,0.2,1.5,0.1,0.1,0.2,-0.2,,,0.1,,,0.1,-0.3,1.0,0.3,0.1,-4.1,-1.1,0.1,1.2
200311,-0.5,-1.3,-0.5,-3.6,-6.6,17.2,17.7,-1.0,-0.9,-1.9,1.2,-1.6,0.5,0.1,0.3,0.4,1.3,,-0.2,-0.5,7.2,0.3,1.5,0.1,0.0,0.2,-0.2,,,0.2,,,-0.2,-0.3,0.9,0.3,-0.7,-4.0,-1.1,-0.9,1.3
200312,-0.4,-0.9,-0.3,-1.4,-4.7,20.1,20.7,-1.0,-0.8,-1.7,1.0,-1.5,0.5,0.1,0.2,0.3,1.3,,-0.3,-0.5,7.2,0.2,1.5,0.1,-0.1,0.2,-0.2,,,0.0,,,-0.4,-0.3,1.1,0.3,-1.1,-4.2,-1.2,-0.5,1.3
200401,-0.3,-0.6,-0.3,1.1,-2.2,23.9,24.5,-1.2,-0.9,-2.0,0.4,-1.6,0.4,0.3,0.1,0.2,1.0,,-0.3,-1.8,7.2,0.3,1.5,0.1,-0.2,0.2,-0.2,,,-0.1,,,-0.5,-0.2,0.8,0.3,-1.3,-4.1,-1.3,0.0,1.1
200402,0.0,-0.2,-0.2,3.6,0.5,24.5,25.2,-1.2,-0.7,-1.5,-0.2,-1.5,0.4,0.4,0.2,0.1,0.8,,-0.3,-2.3,7.2,0.1,1.5,0.1,-0.1,0.6,-0.2,,,0.1,,,-0.5,-0.2,0.9,0.3,-1.4,-4.0,-1.0,0.5,1.0
200403,-0.1,-0.4,-0.3,2.8,-0.1,22.4,22.9,-1.2,-0.7,-1.3,-1.6,-1.7,0.4,0.2,0.2,0.3,0.8,,-0.3,-2.3,7.2,0.2,1.5,0.1,-0.1,0.7,-0.3,,,0.1,,,-0.5,-0.2,0.8,0.2,-1.1,-4.1,-1.0,0.2,1.0
200404,-0.4,-0.8,-0.4,0.4,-2.4,19.2,19.5,-1.2,-0.7,-1.2,-1.1,-1.7,-0.5,0.7,-0.1,-0.2,-0.9,,-0.1,-2.8,-1.3,-0.1,1.0,-0.1,0.2,1.4,-0.3,,,0.0,,,0.0,-0.1,0.6,0.7,-0.4,-4.2,-0.9,-0.4,-0.4
200405,-0.5,-0.8,-0.5,-0.1,-2.4,16.9,17.1,-1.3,-0.8,-0.8,-0.4,-2.0,-0.5,0.6,-0.1,-0.1,-0.9,,-0.6,-2.8,-1.3,0.0,1.0,0.0,0.1,1.3,-0.4,,,-0.2,,,0.1,-0.1,0.6,0.7,-0.2,-4.2,-0.7,-0.4,-0.4
200406,0.0,0.1,-0.1,3.9,2.1,15.6,15.8,-0.7,-0.7,-0.7,3.7,-1.8,-0.5,0.6,-0.1,-0.2,-0.9,,-0.6,-3.0,-1.2,0.0,1.0,0.0,0.1,1.3,-0.4,,,-0.2,,,0.0,-0.1,0.6,0.7,-0.6,-4.2,-0.6,0.9,-0.5
200407,-0.1,-0.1,-0.2,3.4,1.5,14.4,14.6,-0.8,-0.6,-0.9,4.8,-2.4,-0.5,0.3,-0.2,-0.2,-0.8,,-0.7,-2.8,-1.2,0.0,1.0,0.0,0.0,1.0,-0.4,,,-0.3,,,-0.1,-0.1,0.6,0.7,-0.6,-4.3,-0.9,0.6,-0.7
200408,-0.2,-0.2,-0.1,1.9,0.2,13.4,13.6,-0.7,-0.6,-0.2,4.9,-2.4,-0.5,0.4,-0.3,-0.2,-0.8,,-0.5,-2.1,-1.2,-0.4,1.0,0.0,-0.1,1.0,-0.4,,,-0.4,,,-0.1,0.0,0.5,0.7,-0.8,-4.3,-0.4,0.3,-0.7
200409,0.0,0.1,0.1,2.3,1.3,9.0,8.9,-0.3,-0.5,0.1,8.4,-2.4,-0.5,0.3,-0.2,-0.1,-0.7,,-0.6,-2.1,-1.2,0.1,1.0,-0.1,0.0,1.0,-0.4,,,-0.3,,,0.0,-0.1,0.5,0.7,-0.5,-4.2,-0.4,0.8,-0.6
200410,0.5,1.1,-0.1,8.1,10.4,-5.8,-6.2,-0.1,-0.5,0.7,9.2,-2.3,-0.9,0.5,-0.1,-0.1,-0.8,,-0.7,-2.1,-1.2,0.0,1.0,-0.1,0.1,0.8,-0.4,,,-0.1,,,0.1,-0.1,0.5,0.7,-0.1,-3.8,0.0,2.1,-0.7
200411,0.8,2.0,0.1,12.7,17.3,-11.9,-12.6,0.1,-0.4,1.2,10.8,-2.1,-0.9,0.4,-0.4,-0.5,-1.7,,-0.8,-2.1,-1.2,-2.4,1.0,-0.1,0.0,0.8,-0.4,,,-0.1,,,0.0,0.0,0.7,0.7,-0.4,-3.7,0.3,3.2,-1.4
200412,0.2,0.7,-0.1,4.6,8.2,-15.1,-15.7,0.1,-0.3,0.7,10.6,-2.1,-0.9,0.6,-0.3,-0.5,-1.6,,-0.7,-2.1,-1.2,-2.0,1.0,-0.1,0.0,0.8,-0.4,,,-0.1,,,0.0,-0.1,0.6,0.7,-0.3,-3.6,0.2,1.5,-1.3
200501,-0.1,0.3,-0.2,1.4,5.1,-18.4,-18.8,0.2,-0.3,1.1,9.8,-1.9,-1.3,0.5,-0.4,-0.6,-2.0,,-0.8,-0.8,-1.2,-3.5,1.0,-0.1,0.1,0.8,-0.4,,,0.0,,,0.1,-0.1,0.7,0.7,-0.4,-3.1,0.4,0.7,-1.7
200502,-0.3,-0.1,-0.3,-0.4,2.9,-19.0,-19.5,0.1,-0.3,0.9,9.2,-1.9,-1.3,0.2,-0.5,-0.5,-1.8,,-0.6,-0.3,-1.2,-3.6,1.0,-0.1,0.0,0.5,-0.4,,,-0.3,,,0.2,-0.1,0.6,0.7,0.0,-3.2,0.2,0.3,-1.6
200503,-0.2,0.2,-0.2,0.8,4.1,-18.0,-18.5,0.2,-0.2,1.0,9.3,-1.8,-1.3,0.3,-0.4,-0.6,-1.7,,-0.6,-0.3,-1.2,-3.4,1.0,-0.1,0.0,0.3,-0.3,,,-0.3,,,0.2,0.0,0.7,0.8,-0.1,-2.8,0.2,0.5,-1.6
200504,0.0,0.3,0.0,1.2,4.3,-16.3,-16.6,0.4,-0.3,0.8,12.1,-1.5,-1.7,0.0,-0.4,-0.4,-1.2,,-0.1,1.0,0.0,-3.5,1.6,0.0,-0.1,-0.2,-0.4,,,-0.3,,,0.1,-0.1,1.8,0.5,-0.1,-2.7,0.2,0.9,-1.3
200505,0.2,0.5,0.2,1.2,3.9,-15.1,-15.3,0.8,-0.1,0.8,12.8,-1.3,-1.7,0.1,-0.2,-0.3,-1.0,,0.1,1.5,0.0,-3.5,1.6,0.0,0.1,-0.1,-0.4,,,-0.1,,,0.3,-0.1,1.7,0.5,0.6,-2.5,0.3,1.0,-1.2
200506,-0.5,-0.7,-0.1,-5.2,-3.6,-14.3,-14.5,0.4,0.0,0.7,8.5,-1.4,-1.7,0.3,-0.3,-0.3,-1.0,,0.2,1.7,0.0,-3.7,1.6,0.0,0.0,-0.1,-0.4,,,0.1,,,0.2,-0.1,1.7,0.5,0.2,-2.5,0.3,-0.8,-1.1
200507,-0.3,-0.3,-0.1,-2.5,-0.5,-13.5,-13.8,0.4,0.0,0.8,9.4,-1.4,-2.1,0.3,-0.4,-0.5,-1.2,,0.1,1.5,0.0,-3.8,1.6,0.1,0.0,-0.1,-0.5,,,0.2,,,0.0,-0.2,1.7,0.5,-0.2,-2.5,0.4,-0.1,-1.3
200508,-0.3,-0.3,0.1,-3.7,-2.2,-12.4,-12.5,0.6,0.0,0.8,11.5,-1.4,-2.1,0.6,-0.3,-0.6,-1.3,,0.1,1.4,0.0,-4.0,1.6,0.1,0.1,-0.1,-0.4,,,0.2,,,0.0,-0.1,1.7,0.5,-0.3,-2.4,0.3,-0.2,-1.5
200509,-0.3,-0.5,0.0,-4.1,-3.1,-10.0,-10.0,0.4,0.0,0.2,9.4,-1.2,-2.1,0.6,-0.1,-0.5,-1.1,,0.1,1.4,0.0,-3.4,1.6,0.1,0.1,-0.1,-0.3,,,0.5,,,0.0,0.0,1.8,0.5,-0.4,-2.1,0.1,-0.5,-1.2
200510,-0.7,-1.3,0.1,-9.5,-9.8,-6.5,-6.5,0.4,0.0,0.0,9.6,-1.2,-0.5,0.6,-0.1,-0.4,-0.8,,0.1,1.4,1.3,-3.6,1.6,0.1,0.2,0.1,-0.3,,,0.4,,,0.0,0.0,1.7,0.5,-0.5,-2.1,-0.1,-1.6,-0.7
200511,-0.8,-1.6,0.0,-11.0,-11.8,-5.4,-5.3,0.3,-0.2,0.0,8.5,-1.1,-0.5,0.6,0.2,0.0,-0.1,,0.3,1.0,1.3,-1.4,1.6,0.0,0.2,0.1,-0.3,,,0.5,,,0.0,-0.2,1.7,0.5,-0.2,-2.1,0.0,-2.0,-0.1
200512,-0.1,-0.6,0.2,-5.1,-5.2,-4.8,-4.6,0.4,-0.2,0.5,8.4,-1.0,-0.5,0.5,0.2,0.0,0.0,,0.2,1.0,1.3,-1.4,1.6,0.1,0.3,0.1,-0.3,,,0.6,,,0.1,0.0,1.7,0.5,-0.2,-2.0,0.5,-0.6,-0.2
200601,-0.1,0.0,-0.2,0.2,0.8,-4.4,-4.2,-0.3,-0.4,0.2,11.0,-3.1,1.4,0.4,0.0,-0.2,0.4,,0.4,0.6,0.7,-0.1,1.6,0.0,-0.2,0.2,-0.3,,,0.2,,,-0.7,0.2,0.6,0.4,-1.8,-6.3,-0.2,1.1,0.7
200602,-0.1,-0.1,0.1,-2.2,-2.0,-3.9,-3.8,0.1,-0.4,1.1,13.5,-2.9,1.4,0.5,-0.1,-0.2,0.4,,0.4,0.6,0.7,-0.1,1.6,0.0,-0.2,0.1,-0.3,,,0.3,,,-0.9,0.1,0.6,0.4,-2.0,-6.2,0.4,0.7,0.6
200603,-0.2,-0.3,0.1,-3.8,-3.7,-3.5,-3.3,0.1,-0.5,0.6,14.0,-2.7,1.3,0.6,-0.1,-0.1,0.4,,0.3,0.6,0.7,-0.1,1.6,-0.1,-0.2,0.2,-0.3,,,0.1,,,-0.7,0.1,0.6,0.4,-1.8,-6.2,0.3,0.5,0.6
200604,-0.1,-0.1,0.0,-1.1,-0.8,-3.2,-3.0,-0.2,-0.3,0.7,9.3,-2.6,1.6,0.6,-0.1,-0.2,-0.1,,0.4,0.4,-1.2,-0.1,0.6,0.1,-0.2,0.3,-0.3,,,0.1,,,-0.6,0.1,1.1,0.7,-1.6,-6.0,0.4,0.7,0.4
200605,0.1,0.3,0.1,0.8,1.4,-3.3,-3.1,0.0,-0.5,0.4,11.3,-2.5,1.6,0.5,-0.1,-0.2,-0.2,,0.7,0.0,-1.2,-0.1,0.6,0.2,-0.1,0.5,-0.1,,,0.1,,,-0.4,0.1,1.2,0.7,-1.2,-5.8,0.4,1.3,0.3
200606,0.5,1.2,0.4,5.4,6.6,-3.0,-2.9,0.3,-0.4,0.7,12.3,-2.1,1.6,0.6,0.0,-0.1,-0.2,,0.8,0.0,-1.2,-0.2,0.6,0.2,0.0,0.6,-0.1,,,0.2,,,-0.2,0.1,1.2,0.7,-0.8,-5.3,0.6,2.3,0.3
200607,0.3,0.9,0.5,2.3,3.1,-3.1,-2.9,0.5,-0.3,1.0,11.3,-1.6,1.6,0.6,-0.1,-0.2,-0.2,,0.8,0.1,-1.2,-0.1,0.6,0.2,-0.1,0.6,-0.1,,,0.1,,,-0.6,0.1,1.2,0.7,-1.5,-5.4,1.0,1.9,0.6
200608,0.9,2.0,0.8,8.9,10.8,-3.9,-3.9,0.8,-0.3,1.0,13.2,-1.5,1.6,0.3,-0.1,-0.2,-0.2,,0.8,-0.1,-1.2,-0.2,0.6,0.2,-0.2,0.6,-0.1,,,-0.1,,,-0.5,0.1,1.1,0.8,-1.4,-5.4,1.0,3.3,0.5
200609,0.6,1.4,0.6,5.6,7.0,-3.9,-3.7,0.5,-0.2,0.3,11.5,-1.5,1.6,0.2,-0.2,-0.2,-0.3,,0.7,0.0,-1.2,-0.3,0.6,0.2,-0.2,0.6,-0.2,,,-0.3,,,-0.4,0.1,1.1,0.8,-1.1,-5.4,0.6,2.6,0.6
200610,0.4,1.0,0.4,4.6,5.6,-2.8,-2.6,0.4,-0.2,0.6,9.0,-1.4,0.7,0.3,-0.2,-0.1,-0.1,,0.7,0.0,-0.3,-0.3,0.6,0.1,-0.2,0.7,-0.1,,,-0.3,,,-0.5,0.0,1.2,0.8,-1.3,-5.1,0.7,2.1,0.5
200611,0.3,0.5,0.3,1.7,2.3,-2.2,-2.1,0.3,0.0,0.3,5.9,-1.1,0.6,0.4,0.1,0.3,0.0,,0.5,0.3,-0.3,-0.2,0.6,0.1,0.2,0.8,-0.2,,,-0.4,,,0.5,0.2,1.4,0.8,0.7,-4.7,0.5,1.2,0.5
200612,0.3,0.5,0.2,2.5,3.1,-1.9,-1.9,0.0,-0.1,0.3,5.3,-1.2,0.6,0.4,0.0,0.3,0.0,,0.4,0.3,-0.3,-0.6,0.6,0.1,0.2,0.9,-0.3,,,-0.4,,,0.5,0.1,1.4,0.8,0.6,-5.3,0.4,1.3,0.4
200701,0.0,-0.2,0.0,-0.8,-0.7,-1.6,-1.6,-0.2,-0.1,0.4,3.4,-1.4,0.3,0.5,0.1,0.3,0.0,,0.4,0.3,-0.3,-0.3,0.6,0.1,0.1,0.8,-0.2,,,-0.4,,,0.5,-0.2,1.3,0.9,0.7,-5.2,0.6,0.3,0.4
200702,-0.2,-0.4,-0.4,-0.5,-0.3,-1.7,-1.7,-0.5,0.0,0.0,-0.6,-1.2,0.3,0.4,0.1,0.3,0.1,,0.4,0.3,-0.3,0.0,0.6,0.1,0.1,0.8,-0.2,,,-0.4,,,0.3,0.0,1.3,0.9,0.2,-4.7,0.4,0.1,0.5
200703,-0.1,-0.1,-0.4,2.3,2.8,-1.4,-1.5,-0.6,0.0,-0.1,-1.4,-1.2,0.4,0.4,-0.1,0.0,-0.2,,0.5,0.3,-0.3,-0.8,0.6,0.1,-0.1,0.8,-0.2,,,-0.3,,,0.0,0.0,1.3,0.9,-0.4,-4.7,0.3,0.5,0.3
200704,0.0,0.0,-0.4,1.8,2.2,-1.5,-1.5,-0.5,0.0,0.2,-0.6,-1.3,0.4,0.4,0.1,0.2,0.4,,0.4,-0.2,1.7,0.2,0.6,0.0,0.0,0.8,-0.2,,,-0.4,,,0.0,0.0,2.3,0.7,-0.3,-4.6,0.4,0.5,0.7
200705,0.0,-0.2,-0.3,0.5,0.8,-1.4,-1.4,-0.4,0.1,0.2,-0.4,-1.2,0.4,0.4,0.0,0.2,0.4,,0.2,-0.2,1.7,0.1,0.6,0.2,0.0,0.5,-0.3,,,-0.4,,,0.0,0.0,2.3,0.7,-0.3,-4.6,0.3,0.3,0.7
200706,-0.2,-0.5,-0.2,-1.7,-1.6,-1.4,-1.4,-0.4,0.0,-0.1,1.4,-1.4,0.4,0.3,0.0,0.0,0.4,,0.1,-0.2,1.6,0.3,0.6,0.2,-0.2,0.4,-0.2,,,-0.4,,,-0.4,0.0,2.5,0.7,-1.1,-4.9,0.2,0.0,0.7
200707,0.0,-0.2,-0.3,0.5,0.7,-1.5,-1.5,-0.4,0.1,0.1,2.1,-1.8,0.4,0.2,0.0,0.2,0.4,,0.3,-0.3,1.6,0.3,0.6,0.1,-0.1,0.5,-0.2,,,-0.2,,,-0.1,-0.1,2.6,0.7,-0.7,-4.6,0.3,0.3,0.4
200708,-0.2,-0.6,-0.4,-1.9,-1.9,-1.0,-1.0,-0.6,0.1,0.3,0.4,-1.7,0.4,0.3,0.2,0.4,0.6,,0.2,0.3,1.6,0.5,0.6,0.1,0.1,0.8,-0.3,,,-0.1,,,0.1,0.0,2.7,0.6,-0.2,-4.4,0.4,-0.3,0.6
200709,-0.2,-0.5,-0.5,0.2,0.3,-1.3,-1.6,-0.7,-0.2,0.0,-0.3,-1.7,0.4,0.3,0.2,0.3,0.6,,0.3,0.2,1.6,0.3,0.6,0.2,0.1,0.7,-0.3,,,0.0,,,-0.1,0.0,3.1,0.6,-0.6,-4.2,0.2,-0.1,0.5
200710,0.3,0.3,0.0,2.3,3.0,-1.9,-2.0,-0.2,0.2,-0.1,2.3,-1.3,1.0,0.3,0.2,0.2,0.3,,0.2,0.2,0.1,0.4,0.6,0.2,0.1,0.7,-0.3,,,0.1,,,0.1,0.1,3.1,0.6,-0.4,-3.8,0.3,0.8,0.4
200711,0.6,0.9,0.6,2.6,3.2,-2.3,-2.5,0.6,0.3,0.1,9.3,-1.3,1.1,0.3,0.2,0.2,0.3,,0.4,0.2,0.1,0.3,0.6,0.2,0.2,0.7,-0.2,,,0.1,,,0.2,0.0,2.7,0.6,-0.1,-3.9,0.6,1.7,0.5
200712,0.7,1.3,1.2,1.5,2.1,-2.4,-2.6,1.5,0.7,-0.1,15.1,-1.2,1.1,0.2,0.3,0.3,0.3,,0.4,0.2,0.1,0.6,0.6,0.2,0.1,0.7,-0.2,,,0.1,,,0.2,0.2,2.8,0.6,-0.2,-3.6,0.3,2.3,0.5
200801,0.7,1.2,1.5,-1.1,-0.9,-2.4,-2.6,1.7,1.1,-0.1,15.6,-1.0,1.0,-0.1,0.3,0.5,0.5,,0.4,0.2,0.1,0.9,0.6,0.2,0.3,0.6,-0.2,,,0.1,,,0.4,0.4,3.1,0.6,0.2,-3.7,0.5,2.0,0.5
200802,1.0,1.6,1.7,1.2,1.7,-2.2,-2.4,1.9,1.4,-0.1,17.5,-1.1,1.0,0.1,0.3,0.4,0.3,,0.5,0.2,0.1,0.5,0.6,0.2,0.3,0.9,-0.2,,,0.0,,,0.5,0.3,3.1,0.7,0.5,-3.7,0.4,2.7,0.5
200803,1.2,1.9,2.0,0.8,1.2,-2.3,-2.4,2.3,2.1,-0.1,18.2,-1.0,0.9,0.0,0.5,0.6,0.3,,0.5,0.2,0.1,0.5,0.6,0.2,0.6,1.1,-0.1,,,0.1,,,0.8,0.4,3.1,0.7,1.1,-3.6,0.5,3.0,0.5
200804,0.8,1.4,1.6,0.5,0.9,-2.0,-2.2,1.4,3.0,-0.2,6.9,-1.0,2.8,0.4,0.3,0.5,-0.4,,0.5,-1.5,-0.7,0.6,1.0,0.3,0.5,1.4,-0.1,,,0.0,,,0.8,0.4,5.1,0.7,0.9,-4.2,0.5,2.3,0.5
200805,1.3,2.5,2.8,0.2,0.5,-2.2,-2.3,3.0,3.8,-0.2,17.6,-0.9,2.7,0.3,0.3,0.4,-0.3,,0.8,-1.5,-0.7,0.7,1.0,0.0,0.5,1.7,-0.1,,,0.1,,,0.7,0.5,5.0,0.7,0.5,-3.9,0.5,3.7,0.5
200806,2.0,3.7,3.7,3.0,3.6,-1.8,-2.0,4.1,4.5,0.0,23.9,-0.7,2.7,0.3,0.4,0.6,-0.3,,0.9,-1.5,-0.6,0.7,1.0,0.0,0.7,1.8,-0.2,,,0.1,,,1.0,0.6,4.9,0.7,1.1,-3.4,0.7,5.3,0.6
200807,2.3,4.3,4.6,2.3,2.8,-1.6,-1.7,4.9,4.8,-0.1,28.8,-0.5,4.3,0.3,0.5,0.6,-0.2,,0.6,-1.5,-0.6,0.7,1.0,0.3,0.7,1.9,-0.2,,,0.0,,,1.1,0.8,4.8,0.7,1.3,-3.7,0.7,6.2,1.0
200808,2.1,3.9,4.7,-0.6,-0.4,-1.7,-1.9,5.0,5.2,-0.1,28.0,-0.5,4.3,0.2,0.4,0.5,-0.4,,0.7,-1.9,-0.6,0.5,1.0,0.3,0.7,1.8,-0.1,,,0.0,,,1.0,0.8,5.1,0.7,1.1,-3.7,0.7,5.6,0.8
200809,2.1,3.7,4.3,-1.0,-1.0,-1.3,-1.2,4.7,5.5,0.1,23.7,-0.2,4.1,0.3,0.4,0.6,-0.4,,0.7,-1.8,-0.6,0.7,1.0,0.2,0.7,2.0,-0.2,,,0.0,,,1.2,0.8,4.7,0.7,1.6,-3.6,1.0,5.2,0.9
200810,1.7,3.1,3.6,-0.7,-0.8,0.3,0.3,3.8,5.7,0.1,15.0,-0.4,4.2,0.3,0.4,0.7,-0.5,,0.8,-1.8,-0.6,0.5,1.0,0.0,0.8,2.2,-0.2,,,-0.1,,,1.2,0.7,4.7,0.7,1.7,-3.7,1.0,4.4,0.8
200811,1.0,1.6,1.8,1.3,1.4,1.3,1.5,1.3,5.5,0.0,-3.8,-0.7,4.2,0.3,0.4,0.6,-0.5,,0.6,-1.8,-0.6,0.4,1.0,0.1,0.7,2.1,-0.2,,,-0.1,,,1.1,0.8,4.7,0.7,1.3,-3.6,0.7,2.5,0.8
200812,0.4,0.3,0.2,2.0,1.9,2.0,2.0,-0.7,5.0,0.1,-17.4,-0.9,4.2,0.3,0.3,0.6,-0.6,,0.5,-1.8,-0.6,0.2,1.0,0.1,0.8,2.1,-0.3,,,-0.2,,,1.1,0.7,4.9,0.7,1.4,-3.6,0.6,0.8,0.8
200901,0.0,-0.2,-0.4,1.9,1.8,1.8,1.9,-1.6,4.7,-1.0,-23.4,-0.9,6.8,0.4,0.2,0.3,-0.6,,0.5,-1.7,-0.6,0.0,1.0,0.1,0.5,2.1,-0.4,,,-0.3,,,0.7,0.7,15.0,0.7,0.1,-3.4,-0.4,0.3,1.5
200902,-0.1,-0.3,-0.3,-0.1,-0.4,1.8,1.9,-1.5,4.2,-0.4,-21.5,-0.9,6.8,0.9,0.2,0.5,-0.5,,0.5,-1.7,-0.6,0.3,1.0,0.1,0.4,1.9,-0.4,,,-0.4,,,0.9,0.7,14.9,0.7,0.3,-3.9,0.2,-0.1,1.5
200903,-0.3,-0.7,-0.5,-0.9,-1.2,1.8,1.8,-1.7,3.8,-0.6,-21.8,-1.1,6.9,0.9,0.2,0.4,-0.5,,0.4,-1.7,-0.6,0.3,1.0,0.1,0.4,1.7,-0.4,,,-0.3,,,0.8,0.5,15.0,0.5,0.3,-3.8,0.0,-0.4,1.5
200904,-0.1,-0.4,-0.3,-0.5,-0.8,1.4,1.4,-1.1,2.6,-0.2,-13.2,-1.7,5.0,0.8,0.0,0.1,-0.1,,-0.1,0.3,0.1,-0.9,0.6,0.1,0.1,1.4,-0.5,,,-0.2,,,0.1,0.4,11.9,0.7,-1.1,-4.1,0.1,0.1,1.3
200905,-1.1,-2.0,-2.2,-0.5,-0.7,1.5,1.4,-2.9,1.5,-0.3,-22.6,-1.9,1.0,0.7,0.0,0.0,-0.1,,-0.4,0.3,0.1,-0.9,0.6,0.2,-0.1,1.2,-0.6,,,-0.3,,,-0.2,0.2,12.2,0.7,-1.5,-4.5,0.0,-2.2,0.2
200906,-1.8,-3.4,-3.3,-2.4,-2.8,0.9,0.9,-4.0,0.7,-0.6,-26.3,-2.1,-0.5,0.7,-0.2,-0.1,-0.2,,-0.5,0.4,0.1,-1.0,0.6,0.0,-0.2,1.0,-0.5,,,-0.3,,,-0.5,0.1,12.1,0.7,-2.0,-4.6,-0.3,-3.7,-0.3
200907,-2.2,-4.2,-4.3,-3.2,-3.7,0.6,0.5,-4.8,0.2,-0.9,-27.9,-2.4,-3.4,0.8,-0.3,-0.3,-0.4,,-0.3,0.0,0.1,-1.1,0.6,-0.2,-0.3,0.7,-0.6,,,-0.3,,,-0.7,-0.1,12.1,0.7,-2.3,-4.8,-0.8,-4.9,-1.2
200908,-2.2,-4.1,-4.8,0.0,-0.1,0.4,0.5,-5.3,-0.5,-0.9,-29.1,-2.4,-4.1,0.7,-0.4,-0.5,-0.4,,-0.2,0.0,0.1,-1.0,0.6,-0.2,-0.4,0.5,-0.6,,,-0.2,,,-1.0,-0.2,11.8,0.7,-2.8,-4.8,-0.7,-4.8,-1.3
200909,-2.2,-4.0,-4.3,-0.9,-1.0,0.4,0.2,-4.7,-0.6,-1.3,-24.5,-2.7,-4.8,0.8,-0.4,-0.5,-0.4,,-0.2,-0.1,0.1,-1.0,0.5,-0.3,-0.5,0.3,-0.5,,,-0.2,,,-1.0,-0.2,11.8,0.7,-3.0,-4.9,-1.2,-4.4,-1.6
200910,-2.5,-4.4,-4.2,-5.1,-5.6,-1.2,-1.3,-4.3,-1.3,-1.4,-19.8,-3.0,-6.0,0.7,-0.5,-0.6,-0.2,,-0.2,-0.1,0.1,-0.9,0.5,0.2,-0.6,0.1,-0.5,,,-0.2,,,-1.1,-0.3,11.9,0.7,-3.2,-5.1,-1.5,-4.9,-1.9
200911,-1.9,-3.3,-3.0,-4.8,-5.3,-1.8,-2.0,-2.8,-1.5,-1.5,-8.4,-2.9,-5.8,0.7,-0.4,-0.5,-0.3,,-0.2,-0.1,0.1,-0.8,0.5,0.1,-0.5,0.0,-0.6,,,-0.2,,,-1.0,-0.4,12.6,0.7,-2.7,-5.2,-1.4,-3.5,-1.8
200912,-1.7,-2.7,-2.3,-5.5,-5.9,-2.3,-2.5,-1.9,-1.8,-2.0,2.6,-3.3,-5.4,0.6,-0.4,-0.6,-0.2,,0.0,-0.2,0.1,-0.8,0.5,0.1,-0.6,-0.1,-0.6,,,-0.3,,,-0.9,-0.3,12.7,0.7,-2.7,-5.6,-1.5,-2.7,-1.7
201001,-1.3,-2.3,-2.1,-3.2,-3.2,-2.5,-2.7,-1.2,-1.9,-1.6,10.9,-3.6,-8.2,0.7,-0.5,-0.6,-0.4,,-0.3,-0.3,0.1,-0.9,0.5,0.1,-0.6,-0.2,-0.5,,,-0.1,,,-1.0,-0.3,3.0,0.6,-2.4,-6.2,-1.2,-1.9,-2.5
201002,-1.1,-1.9,-1.9,-1.7,-1.6,-2.6,-2.8,-1.1,-1.8,-1.2,11.5,-3.6,-7.8,0.3,-0.4,-0.6,-0.3,,-0.3,-0.3,0.1,-1.0,0.5,0.1,-0.4,-0.1,-0.6,,,-0.1,,,-0.8,-0.3,3.3,0.7,-2.0,-5.5,-1.4,-1.4,-2.4
201003,-1.1,-1.9,-2.0,-1.3,-1.2,-2.6,-2.8,-1.3,-2.4,-1.6,12.0,-3.5,-7.4,0.2,-0.5,-0.5,-0.3,,-0.2,-0.3,0.1,-0.8,0.5,0.1,-0.5,-0.2,-0.7,,,-0.3,,,-0.8,-0.3,3.3,0.9,-2.0,-5.7,-1.8,-1.4,-2.3
201004,-1.2,-1.1,-1.8,2.1,2.6,-2.2,-2.3,-0.9,-2.2,-2.2,13.2,-2.9,-7.7,0.0,-1.2,-1.6,-3.2,,0.3,-0.3,0.2,-0.4,-68.3,0.0,-0.6,-0.2,-0.7,,,-0.2,,,-1.0,-0.4,3.5,-3.0,-0.7,-4.8,-2.0,-0.6,-4.4
201005,-0.9,-0.7,-1.0,1.6,2.0,-2.2,-2.3,-0.7,-2.2,-2.1,15.7,-3.0,-3.6,0.2,-1.3,-1.6,-3.3,,0.3,-0.3,0.2,-0.4,-68.3,0.0,-0.5,-0.2,-0.6,,,-0.3,,,-0.9,-0.3,3.2,-3.0,-0.4,-4.9,-1.9,0.2,-3.2
201006,-0.7,-0.2,-0.9,3.6,4.4,-2.2,-2.4,-0.8,-1.9,-1.8,12.3,-2.8,-1.9,0.1,-1.2,-1.6,-3.2,,0.2,-0.4,0.2,-0.4,-68.3,0.1,-0.5,-0.1,-0.6,,,-0.4,,,-0.7,-0.3,3.3,-3.0,-0.2,-4.9,-1.8,0.7,-2.8
201007,-0.9,-0.6,-1.0,2.4,3.1,-2.6,-2.8,-1.3,-2.1,-1.4,7.8,-2.9,0.0,0.3,-1.2,-1.5,-3.2,,0.2,-0.1,0.2,-0.7,-68.3,0.1,-0.5,0.0,-0.5,,,-0.3,,,-0.8,-0.2,3.3,-3.0,-0.3,-5.0,-1.5,0.2,-2.2
201008,-0.9,-0.6,-0.9,1.5,2.1,-2.8,-3.0,-1.3,-1.9,-1.3,7.0,-3.2,1.4,0.2,-1.1,-1.4,-3.1,,0.0,-0.1,0.2,-0.4,-68.3,0.1,-0.4,0.0,-0.5,,,-0.3,,,-0.5,-0.2,3.3,-3.0,0.1,-5.4,-1.5,0.1,-1.9
201009,-0.6,0.0,-1.0,5.6,6.9,-3.2,-3.3,-1.6,-1.9,-1.2,4.0,-3.0,2.7,0.3,-1.1,-1.4,-3.2,,0.0,-0.1,0.2,-0.7,-68.3,0.3,-0.4,-0.1,-0.5,,,-0.4,,,-0.5,-0.2,3.4,-3.0,0.1,-5.2,-1.5,1.0,-1.6
201010,0.2,1.2,-0.2,9.6,11.4,-4.6,-4.7,-0.7,-1.6,-1.6,4.0,-0.5,3.1,0.3,-0.8,-1.0,-2.2,,0.1,2.7,0.4,-0.2,-68.3,0.0,-0.3,-0.1,-0.6,,,-0.5,,,-0.3,-0.1,3.5,-3.0,0.7,-4.9,-1.4,2.5,0.8
201011,0.1,1.2,-0.2,8.5,10.5,-5.8,-6.0,-0.3,-1.5,-1.2,5.0,-0.5,2.3,0.2,-0.8,-1.0,-2.2,,0.1,2.7,0.4,-0.3,-68.3,0.0,-0.4,0.0,-0.5,,,-0.5,,,-0.5,-0.2,2.9,-3.0,0.2,-4.7,-1.4,2.5,0.5
201012,0.0,0.8,0.0,5.3,6.9,-6.7,-6.7,-0.2,-1.4,-1.1,5.8,-0.2,1.7,0.2,-0.8,-0.9,-2.2,,0.0,2.6,0.4,0.0,-68.3,0.0,-0.3,0.1,-0.4,,,-0.4,,,-0.4,-0.2,2.6,-3.0,0.6,-4.3,-1.4,2.0,0.4
201101,-0.6,-0.8,-1.5,3.0,4.4,-7.6,-7.7,-1.8,-1.5,-1.7,8.4,-4.5,0.8,0.3,-0.3,-0.3,-1.4,,-0.1,1.7,0.0,0.3,-62.0,-0.1,0.1,0.5,-0.4,-0.1,-0.5,-0.2,-0.2,-0.3,0.3,-0.2,0.3,-1.4,1.4,-10.8,-1.9,1.3,0.3
201102,-0.5,-0.7,-1.4,3.5,5.0,-7.6,-7.7,-1.7,-1.3,-1.0,7.6,-4.4,0.1,0.1,-0.3,-0.4,-1.4,,-0.1,1.7,0.0,0.1,-62.0,-0.3,0.0,0.3,-0.3,-0.1,-0.3,-0.2,-0.2,-0.1,0.2,-0.2,0.3,-1.4,1.1,-10.9,-1.4,1.4,0.1
201103,-0.5,-0.7,-1.1,1.4,2.6,-7.6,-7.7,-1.2,-1.1,-0.9,12.6,-4.6,-0.2,0.2,-0.4,-0.5,-1.4,,-0.2,1.7,0.0,0.0,-62.0,0.0,0.0,0.3,-0.3,-0.2,-0.4,-0.2,-0.2,-0.1,0.0,-0.2,0.2,-1.5,0.8,-10.8,-1.3,1.4,0.0
201104,-0.4,-1.1,-0.8,-3.0,-2.4,-7.4,-7.5,-1.1,-0.1,-0.6,12.7,-5.4,0.9,0.2,0.3,0.5,1.0,,-0.4,2.1,0.0,0.7,0.0,0.2,0.0,0.4,-0.3,-0.2,-0.3,-0.2,-0.2,-0.1,0.2,-0.2,-0.1,0.2,0.4,-12.5,-1.2,1.1,2.0
201105,-0.4,-1.1,-0.7,-3.8,-3.3,-7.5,-7.6,-1.0,-0.2,-0.7,9.3,-4.4,1.4,0.3,0.3,0.5,1.0,,-0.4,2.2,0.0,0.7,0.0,0.2,0.1,0.3,-0.3,-0.2,-0.3,-0.1,-0.1,-0.1,0.4,-0.1,0.1,0.2,0.8,-11.4,-1.0,0.8,2.1
201106,-0.4,-1.0,-0.8,-2.2,-1.6,-7.0,-7.1,-1.2,-0.4,-0.7,7.9,-4.3,1.8,0.3,0.3,0.4,1.0,,-0.4,2.1,0.0,0.8,0.0,-0.2,0.0,0.3,-0.4,-0.2,-0.4,-0.2,-0.2,-0.2,0.2,-0.1,0.0,0.2,0.4,-11.0,-0.8,0.9,2.2
201107,0.2,0.0,-0.3,1.0,1.9,-6.3,-6.4,-0.6,-0.1,0.2,9.8,-3.7,2.3,0.2,0.4,0.7,1.5,,-0.4,2.7,0.0,1.7,0.0,-0.1,0.1,0.3,-0.4,-0.3,-0.5,-0.2,-0.2,-0.3,0.5,-0.1,0.0,0.2,1.0,-9.5,-0.3,1.8,2.7
201108,0.2,0.0,0.1,-1.0,-0.4,-5.4,-5.5,-0.2,0.0,0.4,11.7,-3.4,2.5,0.3,0.3,0.6,1.2,,-0.3,2.7,0.0,0.5,0.0,-0.1,0.1,0.2,-0.4,-0.2,-0.5,-0.2,-0.2,-0.3,0.4,-0.1,0.0,0.2,0.9,-9.0,-0.3,1.7,2.5
201109,0.0,-0.4,-0.1,-3.1,-3.0,-4.1,-4.1,-0.4,0.0,0.0,9.7,-3.5,3.0,0.3,0.4,0.7,1.4,,-0.2,2.7,0.0,1.3,0.0,0.0,0.1,0.1,-0.4,-0.3,-0.5,-0.2,-0.2,-0.2,0.6,-0.1,0.0,0.2,1.2,-9.0,-0.6,1.1,2.9
201110,-0.2,-0.5,-0.4,-0.7,-1.0,2.0,2.1,-1.2,0.1,0.4,7.7,-5.0,3.9,0.3,0.1,0.2,0.4,,-0.3,0.7,0.0,0.4,0.0,0.0,0.0,0.1,-0.4,-0.3,-0.5,-0.2,-0.2,-0.3,0.2,-0.1,0.1,0.2,0.5,-9.3,-0.5,1.0,1.4
201111,-0.5,-1.0,-0.3,-4.3,-5.4,5.5,5.8,-1.2,0.0,-0.1,7.5,-4.7,4.9,0.3,-0.1,0.0,0.4,,-0.3,0.8,0.0,0.3,0.0,0.1,-0.2,0.1,-0.5,-0.3,-0.5,-0.3,-0.2,-0.3,-0.2,0.0,0.2,0.2,-0.6,-9.1,-0.7,0.4,1.7
201112,-0.2,-0.4,-0.3,-0.9,-1.8,6.6,6.9,-1.2,0.2,-0.2,7.3,-5.0,5.3,0.4,0.0,0.1,0.3,,-0.2,1.0,0.0,-0.4,0.0,0.0,-0.1,0.0,-0.4,-0.3,-0.5,-0.3,-0.3,-0.3,0.1,0.1,0.2,0.2,0.1,-10.0,-0.4,1.2,1.7
201201,0.1,0.2,-0.2,3.2,2.6,7.9,8.1,-1.1,0.2,0.7,4.3,-4.2,5.5,0.2,0.0,0.2,0.7,,-0.2,1.8,0.0,-0.1,0.0,0.1,-0.2,0.0,-0.5,-0.4,-0.5,-0.3,-0.3,-0.3,-0.1,0.0,0.2,0.2,-0.3,-8.2,0.0,1.7,2.0
201202,0.3,0.8,0.4,3.6,3.0,8.5,8.8,-0.5,0.2,0.9,3.0,-2.4,5.8,0.4,-0.1,0.0,0.7,,-0.2,1.8,0.0,-0.2,0.0,0.1,-0.4,0.0,-0.5,-0.3,-0.6,-0.3,-0.2,-0.4,-0.6,0.0,0.1,0.2,-1.2,-4.1,0.4,1.7,2.1
201203,0.5,1.1,0.5,5.3,4.8,8.8,9.1,-0.3,0.1,0.5,4.2,-2.3,5.7,0.5,0.0,0.1,0.6,,-0.1,1.8,0.0,-0.1,0.0,-0.3,-0.2,0.0,-0.5,-0.3,-0.6,-0.3,-0.2,-0.4,-0.3,0.1,0.3,0.3,-0.7,-4.2,0.1,2.2,2.1
201204,0.4,0.8,0.3,4.0,3.4,8.8,9.1,-0.5,-0.6,0.1,3.9,-1.7,5.6,0.6,0.1,0.2,0.7,,0.3,1.4,0.3,0.2,0.0,-0.3,-0.1,0.0,-0.6,-0.3,-0.7,-0.3,-0.3,-0.5,0.1,0.2,0.5,0.3,0.0,-3.0,-0.1,1.6,2.1
201205,0.2,0.3,-0.2,4.5,4.0,9.2,9.5,-1.1,-0.4,0.2,1.5,-2.8,4.7,0.6,0.0,0.2,0.7,,0.4,1.4,0.3,0.3,0.0,-0.2,-0.2,0.0,-0.6,-0.4,-0.7,-0.4,-0.4,-0.5,0.0,0.1,0.4,0.3,-0.2,-4.5,-0.3,1.3,1.8
201206,-0.2,-0.4,-0.4,0.8,-0.3,9.3,9.6,-1.3,-0.2,0.2,-1.7,-2.7,4.5,0.5,0.0,0.2,0.7,,0.4,1.4,0.3,0.2,0.0,0.0,-0.2,0.0,-0.6,-0.4,-0.7,-0.4,-0.4,-0.4,0.0,0.1,0.5,0.3,-0.2,-4.5,-0.4,0.3,1.8
201207,-0.4,-0.8,-0.6,-1.3,-2.7,10.3,10.7,-1.5,-0.2,0.4,-4.0,-2.6,4.2,0.5,-0.1,0.0,0.6,,0.4,1.4,0.3,-0.1,0.0,0.0,-0.3,0.0,-0.6,-0.4,-0.6,-0.4,-0.4,-0.4,-0.3,0.1,0.4,0.3,-0.7,-4.4,-0.3,-0.3,1.6
201208,-0.4,-0.9,-0.6,-1.3,-2.7,10.1,10.4,-1.7,-0.5,0.0,-4.1,-2.6,4.5,0.6,0.0,0.2,0.7,,0.4,1.4,0.3,0.3,0.0,-0.1,-0.2,0.0,-0.6,-0.4,-0.6,-0.4,-0.3,-0.4,0.0,0.1,0.5,0.3,-0.2,-4.6,-0.4,-0.4,1.8
201209,-0.3,-0.4,0.1,-2.5,-4.0,10.1,10.4,-0.9,-0.6,-0.1,1.8,-2.2,5.4,0.7,-0.2,-0.1,0.6,,0.5,1.4,0.3,-0.1,0.0,-0.2,-0.4,0.0,-0.6,-0.4,-0.7,-0.4,-0.3,-0.5,-0.6,0.1,0.5,0.3,-1.4,-4.0,-0.3,0.2,2.0
201210,-0.4,-0.6,0.2,-4.8,-6.5,8.7,9.0,-0.5,-0.7,0.0,3.9,-1.7,4.3,0.7,-0.2,-0.1,0.4,,0.5,1.6,0.3,0.0,0.0,-3.2,-0.4,-0.1,-0.6,-0.4,-0.7,-0.4,-0.4,-0.5,-0.4,0.1,0.6,0.3,-1.1,-3.0,-0.2,-0.3,1.6
201211,-0.2,-0.3,-0.1,-0.5,-1.6,7.6,7.8,-0.8,-0.6,-0.3,2.8,-2.2,3.4,0.7,0.0,0.1,0.4,,0.5,1.5,0.3,0.1,0.0,-3.1,-0.2,-0.1,-0.6,-0.4,-0.7,-0.4,-0.3,-0.5,0.1,0.1,0.2,0.3,-0.1,-3.6,-0.4,0.3,1.3
201212,-0.1,-0.1,-0.2,1.0,0.2,7.3,7.5,-0.8,-1.0,-0.1,3.1,-2.0,3.0,0.6,-0.2,-0.1,0.4,,0.5,1.5,0.3,0.1,0.0,-3.0,-0.4,-0.1,-0.6,-0.4,-0.7,-0.4,-0.3,-0.5,-0.4,0.0,0.2,0.3,-1.0,-3.1,-0.5,0.4,1.2
201301,-0.3,-0.4,-0.3,-0.4,-1.3,6.6,6.9,-0.9,-1.0,0.3,4.8,-2.8,2.6,0.6,-0.2,-0.1,0.0,,0.5,0.6,0.3,-0.5,0.0,-2.9,-0.3,0.0,-0.6,-0.3,-0.7,-0.4,-0.3,-0.5,-0.2,0.1,0.2,0.3,-0.5,-5.1,-0.3,0.3,0.7
201302,-0.7,-1.3,-0.6,-4.6,-6.0,6.0,6.2,-1.2,-1.0,-0.5,7.9,-4.0,2.1,0.5,-0.1,0.1,0.2,,0.5,0.6,0.3,0.4,0.0,-3.0,-0.2,-0.1,-0.6,-0.4,-0.7,-0.4,-0.3,-0.5,0.2,0.1,0.3,0.3,0.1,-8.0,-0.9,-0.2,0.8
201303,-0.9,-1.7,-0.7,-6.6,-8.1,5.8,5.9,-1.3,-1.1,-0.2,1.8,-2.7,2.1,0.5,-0.2,-0.1,0.2,,0.5,0.6,0.3,0.3,0.0,-3.2,-0.4,-0.1,-0.6,-0.4,-0.7,-0.4,-0.4,-0.5,-0.3,0.1,0.3,0.3,-0.9,-5.9,-0.2,-1.3,0.7
201304,-0.7,-1.4,-0.9,-4.2,-5.4,5.3,5.5,-1.6,-1.1,-0.1,-0.9,-2.8,2.9,0.5,0.0,0.2,1.0,,0.7,3.1,0.1,0.0,0.0,-2.8,-0.3,-0.1,-0.6,-0.4,-0.6,-0.4,-0.4,-0.4,-0.1,0.0,0.0,0.5,-0.5,-5.8,-0.2,-1.0,1.5
201305,-0.3,-0.6,0.0,-3.7,-4.9,5.4,5.5,-1.1,-1.0,-0.2,-0.4,-1.7,6.2,0.4,0.0,0.2,1.0,,0.7,3.0,0.1,-0.1,0.0,-2.8,-0.3,0.3,-0.6,-0.4,-0.6,-0.4,-0.3,-0.4,-0.2,0.1,0.2,0.5,-0.7,-3.6,0.0,-0.3,2.5
201306,0.2,0.3,0.7,-1.8,-2.7,4.7,4.8,-0.3,-0.8,-0.2,5.1,-1.3,7.1,0.5,0.1,0.3,1.0,,0.7,3.0,0.1,0.0,0.0,-2.9,-0.2,0.3,-0.6,-0.4,-0.7,-0.4,-0.4,-0.5,-0.1,0.1,0.1,0.5,-0.5,-2.7,0.0,0.9,2.8
201307,0.7,1.4,1.3,2.0,1.8,3.4,3.6,0.3,-0.9,0.6,8.4,-0.8,7.4,0.4,0.1,0.3,1.0,,0.7,3.0,0.0,0.0,0.0,-3.2,-0.2,0.4,-0.6,-0.4,-0.7,-0.4,-0.4,-0.5,-0.1,0.1,0.1,0.5,-0.4,-2.3,0.8,2.1,2.8
201308,0.9,1.8,1.6,2.3,2.4,2.1,2.1,0.9,-0.4,0.6,10.5,-0.4,6.6,0.3,0.0,0.2,0.9,,0.7,3.0,0.0,-0.3,0.0,-3.2,-0.2,0.5,-0.6,-0.4,-0.7,-0.4,-0.4,-0.6,-0.2,0.1,0.1,0.5,-0.7,-1.4,0.8,2.5,2.6
201309,1.1,2.1,1.4,6.5,7.4,0.6,0.6,0.7,-0.2,0.6,7.6,-0.3,6.0,0.3,0.1,0.3,1.0,,0.6,3.1,0.0,0.1,0.0,-3.3,-0.2,0.5,-0.6,-0.4,-0.7,-0.4,-0.4,-0.6,-0.1,0.1,0.1,0.6,-0.6,-1.3,0.7,2.9,2.5
201310,1.1,1.9,1.4,4.7,5.9,-3.6,-3.7,0.8,0.1,0.2,6.4,-0.1,6.3,0.3,0.4,0.8,1.9,,0.6,4.8,0.0,0.1,0.0,0.2,-0.1,0.5,-0.6,-0.4,-0.7,-0.4,-0.3,-0.6,0.2,0.1,0.0,0.6,0.0,-1.2,0.5,2.7,3.2
201311,1.5,2.5,1.8,6.3,8.1,-5.5,-5.7,1.3,0.3,0.6,7.7,0.7,6.1,0.3,0.6,1.0,1.9,,0.6,4.8,0.0,0.1,0.0,0.0,0.1,0.7,-0.6,-0.4,-0.6,-0.4,-0.3,-0.6,0.6,0.1,0.2,0.6,1.0,0.3,0.9,3.2,3.1
201312,1.6,2.6,2.0,6.0,7.7,-6.0,-6.2,1.5,0.8,0.6,6.6,1.1,5.9,0.3,0.6,1.1,1.9,,0.5,4.8,0.0,-0.1,0.0,-0.2,0.2,0.7,-0.6,-0.4,-0.6,-0.4,-0.3,-0.6,0.8,0.2,0.2,0.6,1.3,0.7,1.2,3.2,3.0
201401,1.4,2.2,2.2,1.9,3.1,-6.7,-6.9,1.8,1.1,0.1,6.2,1.6,6.2,0.4,0.5,0.9,1.8,,0.4,4.7,0.0,-0.1,0.0,-0.3,0.1,0.9,-0.5,-0.4,-0.6,-0.4,-0.3,-0.6,0.5,0.2,0.2,0.6,0.6,2.2,0.9,2.5,3.1
201402,1.5,2.6,2.1,4.8,6.4,-6.9,-7.0,1.5,1.0,0.8,3.0,1.8,6.9,0.5,0.6,1.0,1.9,,0.4,4.7,0.0,-0.1,0.0,0.4,0.2,0.9,-0.5,-0.4,-0.6,-0.4,-0.3,-0.6,0.6,0.2,0.2,0.6,0.9,2.6,1.3,2.8,3.3
201403,1.6,2.6,2.0,6.0,7.8,-6.7,-6.9,1.2,1.2,0.0,2.8,1.0,7.6,0.4,0.7,1.2,2.0,,0.3,4.7,0.0,0.2,0.0,0.7,0.3,0.9,-0.5,-0.3,-0.6,-0.4,-0.3,-0.6,0.9,0.3,0.0,0.8,1.4,1.1,0.6,3.2,3.6
201404,3.4,5.2,4.8,7.7,9.4,-4.7,-4.8,4.4,4.4,2.0,6.3,4.7,7.7,2.9,1.8,2.7,2.6,,-0.2,2.3,0.7,4.4,13.5,3.0,1.5,3.4,-0.5,-0.3,-0.6,-0.4,-0.2,-0.6,3.0,2.9,1.6,1.7,3.7,4.3,3.1,5.8,4.2
201405,3.7,5.7,5.2,8.9,10.8,-4.6,-4.8,4.6,4.4,2.2,9.3,4.1,9.5,2.8,1.8,2.7,3.0,,-0.4,2.8,0.7,4.8,13.5,3.0,1.4,3.1,-0.5,-0.3,-0.5,-0.3,-0.2,-0.6,2.9,3.0,1.6,1.7,3.3,3.5,3.0,6.6,5.0
201406,3.6,5.6,5.2,8.4,10.5,-5.6,-5.8,4.7,4.3,2.0,10.0,4.4,8.3,2.9,1.7,2.6,3.0,,-0.4,2.9,0.7,4.8,13.5,3.2,1.3,3.1,-0.4,-0.3,-0.5,-0.3,-0.2,-0.5,2.7,3.0,1.6,1.7,2.9,4.3,2.9,6.3,4.7
201407,3.4,5.1,5.0,5.4,6.9,-5.5,-5.8,4.8,4.7,2.2,9.9,4.2,7.1,3.0,1.8,2.8,3.5,,-0.4,3.6,0.7,5.5,13.5,3.2,1.3,3.0,-0.4,-0.3,-0.5,-0.3,-0.2,-0.5,2.7,3.0,1.7,1.7,2.9,4.4,2.8,5.6,4.6
201408,3.3,4.9,4.6,7.5,9.2,-5.1,-5.4,4.3,4.4,2.4,6.6,4.0,6.3,3.0,1.8,2.7,3.5,,-0.4,3.6,0.7,5.5,13.5,3.4,1.3,3.0,-0.4,-0.3,-0.5,-0.3,-0.2,-0.5,2.5,3.0,1.6,1.7,2.6,3.8,3.1,5.4,4.4
201409,3.2,4.6,4.2,7.9,9.7,-5.4,-5.7,4.0,4.4,2.5,5.0,3.7,4.9,3.0,1.9,2.8,3.6,,-0.4,3.6,0.7,5.8,13.5,3.5,1.3,3.2,-0.4,-0.3,-0.4,-0.3,-0.2,-0.5,2.6,3.1,1.7,1.7,2.7,3.4,3.2,5.1,4.0
201410,2.9,4.0,4.1,3.3,4.6,-7.3,-7.6,4.1,4.3,3.2,5.0,3.8,4.5,3.1,1.8,2.7,3.2,,-0.4,2.6,0.7,5.8,13.5,3.2,1.4,3.3,-0.4,-0.3,-0.4,-0.2,-0.2,-0.4,2.6,3.1,2.1,1.7,2.7,3.6,3.7,4.1,3.6
201411,2.4,3.2,3.8,0.1,1.1,-7.4,-7.7,3.5,4.2,3.4,2.2,3.3,5.1,3.2,1.7,2.6,3.2,,-0.4,2.6,0.7,6.1,13.5,3.3,1.2,3.2,-0.4,-0.3,-0.4,-0.3,-0.2,-0.5,2.3,3.1,2.1,1.7,2.1,2.6,3.7,3.2,3.8
201412,2.4,3.1,3.4,1.3,2.4,-7.6,-7.9,3.1,4.2,3.0,-0.8,3.1,5.5,3.0,1.8,2.6,3.2,,-0.3,2.6,0.7,6.0,13.5,3.4,1.3,3.2,-0.4,-0.2,-0.4,-0.3,-0.2,-0.5,2.5,3.1,2.4,1.7,2.4,2.4,3.4,3.1,4.0
201501,2.4,3.0,2.8,5.0,6.5,-7.5,-7.7,2.1,4.3,3.8,-8.5,2.9,6.1,3.0,1.7,2.6,3.2,,-0.3,2.6,0.7,6.0,13.5,3.4,1.3,3.4,-0.4,-0.2,-0.4,-0.2,-0.1,-0.6,2.3,3.2,2.1,1.7,2.0,1.5,4.0,3.1,4.1
201502,2.2,2.6,2.3,4.8,6.4,-7.6,-7.9,1.4,4.2,3.8,-12.7,2.5,6.5,3.1,1.8,2.7,3.2,,-0.2,2.7,0.7,6.0,13.5,2.8,1.3,3.4,-0.4,-0.2,-0.4,-0.2,-0.1,-0.5,2.5,3.2,2.1,1.6,2.4,0.6,4.0,2.6,4.3
201503,2.3,2.8,2.5,5.1,6.8,-8.0,-8.4,1.7,4.1,4.0,-10.3,2.5,6.5,3.2,1.8,2.7,3.2,,-0.2,2.7,0.7,5.8,13.5,2.7,1.4,3.4,-0.4,-0.2,-0.4,-0.2,-0.1,-0.6,2.7,3.2,2.1,1.6,2.9,1.0,4.0,2.9,4.2
201504,0.6,0.8,0.1,5.7,7.7,-10.4,-10.8,-0.8,1.6,1.7,-13.4,0.0,5.0,0.5,0.4,0.7,1.6,,0.2,2.6,-0.2,1.5,13.1,0.1,0.1,1.3,-0.4,-0.2,-0.5,-0.3,-0.1,-0.6,0.0,0.8,0.7,0.8,-0.8,-0.8,1.6,0.9,2.6
201505,0.5,0.6,-0.3,6.8,8.9,-10.2,-10.6,-0.5,1.9,1.6,-13.5,0.5,0.3,0.6,0.4,0.7,1.3,,0.4,2.2,-0.2,1.1,13.1,0.0,0.1,1.3,-0.4,-0.2,-0.5,-0.3,-0.2,-0.6,0.3,0.7,0.7,0.8,-0.3,-0.3,1.7,0.6,1.0
201506,0.4,0.2,-0.4,4.6,6.3,-9.2,-9.6,-0.4,1.8,1.9,-12.9,0.9,-1.5,0.6,0.5,0.9,1.3,,0.4,2.1,-0.2,1.1,13.1,0.0,0.3,1.8,-0.4,-0.1,-0.5,-0.3,-0.1,-0.6,0.4,0.7,0.7,0.8,0.0,0.6,1.9,-0.2,0.3
201507,0.2,0.0,-0.6,4.5,6.2,-9.1,-9.4,-0.3,1.8,1.6,-13.6,1.4,-3.7,0.6,0.5,0.8,0.8,,0.3,1.4,-0.2,0.3,13.1,0.1,0.4,1.8,-0.4,-0.1,-0.4,-0.3,-0.1,-0.6,0.7,0.8,0.6,0.8,0.7,1.1,2.0,-0.6,-0.7
201508,0.2,-0.1,-0.8,4.8,6.4,-9.0,-9.3,-0.3,2.0,1.9,-15.5,1.8,-5.1,0.7,0.5,0.9,0.8,,0.3,1.4,0.0,0.3,13.1,0.2,0.5,1.8,-0.3,-0.2,-0.4,-0.3,-0.1,-0.5,0.8,0.8,0.6,0.8,0.8,2.1,2.1,-0.8,-1.1
201509,0.0,-0.4,-0.8,2.6,3.8,-7.2,-7.4,-0.1,2.1,1.8,-16.9,2.5,-6.5,0.7,0.5,0.9,0.8,,0.3,1.2,0.1,0.3,13.1,0.1,0.5,1.7,-0.3,-0.1,-0.4,-0.2,-0.1,-0.4,0.9,0.7,0.5,0.8,1.0,3.9,1.9,-1.5,-1.6
201510,0.3,0.1,-0.7,6.7,7.7,-1.7,-1.8,-0.2,2.3,1.4,-17.1,2.3,-6.0,0.8,0.4,0.6,0.4,,0.3,0.0,0.1,0.7,13.1,0.1,0.4,1.7,-0.3,-0.1,-0.3,-0.2,-0.1,-0.4,0.6,0.8,2.2,0.8,0.4,3.8,1.5,-0.7,-1.6
201511,0.3,0.1,-0.4,4.8,5.4,0.3,0.3,0.2,2.4,1.6,-15.9,2.5,-5.9,0.6,0.5,0.8,0.3,,0.4,0.0,0.1,0.5,13.1,0.1,0.6,1.7,-0.3,-0.2,-0.4,-0.2,-0.1,-0.4,1.0,0.8,2.9,0.8,1.3,4.2,1.7,-0.8,-1.6
201512,0.2,-0.1,-0.4,2.9,3.1,1.3,1.3,0.2,2.3,1.5,-15.9,2.6,-5.8,0.8,0.4,0.7,0.3,,0.3,0.0,0.1,0.5,13.1,0.1,0.5,1.7,-0.3,-0.3,-0.3,-0.2,-0.2,-0.3,0.8,0.8,2.6,0.8,0.8,4.2,1.7,-1.1,-1.6
201601,-0.1,-0.5,-0.5,1.1,1.0,2.1,2.1,0.1,1.9,1.3,-15.2,1.6,-6.5,0.7,0.3,0.6,0.6,1.1,0.3,0.2,0.6,0.5,6.4,0.0,0.3,1.1,-0.2,-0.2,-0.2,-0.2,-0.2,-0.2,0.5,0.4,4.7,0.7,0.3,1.6,1.8,-1.3,-1.6
201602,0.2,0.1,-0.5,4.7,4.8,2.7,2.7,0.4,1.9,1.9,-14.2,1.6,-7.5,0.4,0.4,0.6,0.5,1.1,0.4,0.0,0.6,0.5,6.4,0.1,0.3,1.0,-0.3,-0.3,-0.3,-0.2,-0.2,-0.2,0.7,0.5,4.4,1.1,0.5,1.5,2.2,-0.6,-2.0
201603,0.0,-0.4,-1.0,4.7,4.9,3.3,3.3,0.0,1.8,1.6,-17.7,1.6,-8.9,0.4,0.3,0.6,0.5,1.1,0.4,0.0,0.6,0.5,6.4,0.1,0.3,1.1,-0.2,-0.3,-0.2,-0.2,-0.2,-0.2,0.6,0.5,4.4,1.1,0.3,1.2,2.2,-1.2,-2.4
201604,-0.3,-1.0,-1.2,1.6,1.4,4.1,4.1,-0.2,1.3,1.6,-14.7,1.1,-9.7,0.4,0.4,0.7,0.8,0.5,0.3,0.6,1.0,0.6,4.8,0.1,0.2,1.0,-0.3,-0.4,-0.3,-0.3,-0.3,-0.2,0.6,0.5,4.5,1.0,0.3,0.6,2.1,-1.9,-2.4
201605,-0.5,-1.3,-1.3,0.1,-0.2,3.5,3.5,-0.3,1.0,1.7,-14.8,1.0,-9.5,0.4,0.4,0.7,0.8,0.5,0.2,0.6,1.0,0.5,4.7,0.1,0.3,1.0,-0.3,-0.4,-0.3,-0.3,-0.3,-0.3,0.7,0.6,4.5,1.0,0.5,0.7,2.0,-2.3,-2.4
201606,-0.4,-1.1,-1.2,1.0,0.8,3.8,3.8,-0.3,1.2,1.5,-13.2,0.7,-9.3,0.2,0.4,0.7,0.8,0.5,0.2,0.6,1.0,0.5,4.9,0.2,0.2,0.9,-0.3,-0.4,-0.3,-0.3,-0.4,-0.2,0.7,0.6,4.5,1.0,0.5,0.0,1.8,-1.9,-2.2
201607,-0.4,-1.1,-1.3,1.5,1.2,4.1,4.1,-0.6,1.0,1.6,-13.7,0.1,-8.0,0.4,0.3,0.6,0.8,0.5,0.2,0.6,1.0,0.5,4.9,0.3,0.1,0.9,-0.3,-0.4,-0.3,-0.3,-0.4,-0.3,0.4,0.6,4.5,1.0,0.0,-1.0,1.8,-1.7,-1.8
201608,-0.5,-1.2,-1.2,-0.1,-0.5,4.5,4.5,-0.6,0.9,1.6,-12.0,-0.1,-7.4,0.3,0.2,0.5,0.6,0.5,0.2,0.6,0.7,0.1,4.9,0.3,0.1,0.8,-0.4,-0.4,-0.4,-0.4,-0.4,-0.4,0.4,0.6,4.6,1.0,-0.2,-1.3,1.8,-1.8,-1.7
201609,-0.5,-1.2,-1.2,0.2,-0.1,4.1,4.1,-0.8,0.7,0.8,-9.3,-0.9,-6.3,0.4,0.3,0.5,0.7,0.5,0.2,0.6,0.7,0.4,4.9,0.3,0.1,0.7,-0.4,-0.4,-0.4,-0.4,-0.4,-0.4,0.4,0.6,4.6,1.0,0.0,-3.1,1.3,-1.4,-1.3
201610,0.1,0.0,-1.1,7.3,7.6,4.6,4.6,-0.6,0.4,0.6,-8.0,-0.3,-6.4,0.2,0.3,0.5,0.6,0.5,0.2,0.6,0.7,0.0,4.9,0.1,0.2,0.7,-0.4,-0.4,-0.5,-0.4,-0.4,-0.6,0.7,0.6,1.5,1.0,0.5,-2.2,1.5,0.1,-1.4
201611,0.5,0.8,-1.0,12.7,13.5,4.4,4.4,-0.4,0.3,0.5,-4.9,-0.5,-6.5,0.1,0.2,0.4,0.5,0.5,0.2,0.6,0.7,-0.1,4.9,0.1,0.0,0.5,-0.4,-0.4,-0.5,-0.4,-0.4,-0.5,0.4,0.6,0.3,1.0,0.1,-2.4,1.3,1.2,-1.5
201612,0.3,0.5,-0.7,8.3,8.7,5.0,5.0,-0.1,0.3,0.1,0.5,-0.8,-6.1,0.1,0.2,0.4,0.5,0.5,0.2,0.6,0.7,-0.2,4.9,0.1,0.0,0.5,-0.4,-0.3,-0.5,-0.4,-0.3,-0.5,0.4,0.6,0.3,1.0,0.2,-2.4,0.8,0.9,-1.4
201701,0.4,0.7,0.0,5.3,5.4,4.9,4.9,0.7,0.3,0.5,9.2,-0.6,-5.5,0.2,0.2,0.5,0.6,0.5,0.2,0.9,0.7,-0.2,4.9,0.1,0.1,0.4,-0.4,-0.3,-0.5,-0.4,-0.3,-0.6,0.5,0.6,0.1,0.9,0.3,-2.0,1.0,1.1,-1.1
201702,0.3,0.4,0.4,1.6,1.3,4.5,4.5,0.9,0.4,0.9,13.2,-0.8,-4.3,0.5,0.1,0.2,0.7,0.5,0.2,0.9,0.7,0.0,4.9,0.1,-0.1,0.4,-0.4,-0.2,-0.5,-0.4,-0.3,-0.6,-0.1,0.4,0.6,0.4,-0.6,-2.5,1.1,0.8,-0.7
201703,0.2,0.4,0.4,0.6,0.2,4.9,4.9,0.7,0.4,0.5,16.2,-1.8,-2.6,0.3,0.1,0.3,0.6,0.5,0.3,0.9,0.7,-0.2,4.9,0.1,-0.1,0.3,-0.4,-0.3,-0.5,-0.4,-0.3,-0.6,0.1,0.4,0.6,0.4,-0.2,-4.2,0.6,1.1,-0.3
201704,0.4,0.8,0.7,1.9,1.6,4.4,4.4,0.8,0.6,0.0,12.8,-1.1,-0.4,0.2,0.0,0.1,-0.1,-0.2,0.3,0.0,0.0,-0.3,0.3,0.1,0.0,0.2,-0.4,-0.2,-0.5,-0.3,-0.2,-0.6,0.2,0.3,0.5,0.7,0.0,-2.6,0.3,1.5,-0.1
201705,0.4,0.8,0.9,1.4,1.0,5.0,5.0,0.7,0.6,0.2,11.2,-1.1,1.1,0.4,0.0,0.1,0.0,-0.2,0.3,0.0,0.0,-0.3,0.4,0.1,0.0,0.2,-0.4,-0.1,-0.5,-0.3,-0.2,-0.5,0.3,0.3,0.5,0.7,0.3,-2.5,0.3,1.5,0.3
201706,0.4,0.9,1.0,1.2,0.9,4.6,4.6,0.5,0.8,0.3,6.6,-1.0,3.1,0.7,-0.1,-0.1,0.0,-0.2,0.4,0.0,0.0,0.0,-0.4,0.0,-0.2,0.1,-0.4,-0.1,-0.5,-0.3,-0.2,-0.5,-0.2,0.3,0.5,0.5,-0.7,-2.1,0.5,1.5,0.9
201707,0.4,1.0,1.1,0.3,-0.1,4.8,4.8,0.6,0.9,0.2,6.6,-0.8,4.3,0.5,-0.1,0.0,0.1,-0.2,0.4,0.1,0.0,0.1,-0.5,0.0,-0.1,0.1,-0.3,-0.1,-0.4,-0.2,-0.2,-0.4,0.0,0.3,0.5,0.5,-0.4,-1.7,0.4,1.5,1.3
201708,0.7,1.4,1.4,1.6,1.3,4.9,4.9,0.8,0.8,0.8,7.6,-0.7,5.5,0.3,0.0,0.1,0.6,-0.2,0.4,0.1,2.7,-0.2,-0.5,0.6,-0.2,0.1,-0.3,-0.1,-0.4,-0.2,-0.2,-0.4,-0.3,0.3,0.3,0.5,-0.9,-1.5,0.6,2.0,1.9
201709,0.7,1.5,1.5,1.9,1.6,4.4,4.4,0.7,0.8,-0.2,7.2,-0.4,6.5,0.4,0.0,0.1,0.7,-0.2,0.4,0.1,2.7,0.2,-0.5,0.7,-0.2,0.2,-0.3,-0.2,-0.3,-0.2,-0.2,-0.4,-0.4,0.3,0.3,0.6,-1.2,-0.6,0.0,2.1,2.3
201710,0.2,0.4,1.7,-6.3,-7.2,4.2,4.2,1.0,1.0,-0.1,9.4,-0.2,6.5,0.4,0.0,0.1,0.8,-0.3,0.5,0.1,2.8,0.6,-0.5,0.7,-0.3,0.2,-0.3,-0.2,-0.3,-0.2,-0.2,-0.3,-0.5,0.3,0.0,0.6,-1.4,0.0,-0.2,0.6,2.4
201711,0.6,1.1,1.8,-2.6,-3.3,5.6,5.6,1.2,1.0,-0.3,10.1,0.0,6.0,1.0,0.1,0.2,0.9,-0.3,0.4,0.1,2.8,0.7,-0.5,0.7,-0.1,0.4,-0.2,-0.2,-0.3,-0.2,-0.2,-0.2,-0.2,0.3,0.1,0.6,-0.9,0.0,-0.3,1.5,2.3
201712,1.0,2.0,1.8,3.9,3.8,5.5,5.5,1.2,1.0,-0.2,9.0,0.0,5.5,1.1,0.1,0.2,0.9,-0.3,0.4,0.1,2.8,0.9,-0.5,0.6,-0.2,0.5,-0.2,-0.2,-0.3,-0.2,-0.2,-0.2,-0.4,0.3,0.0,0.6,-1.3,-0.3,0.1,2.8,2.2
201801,1.4,2.7,1.7,8.5,8.8,5.4,5.4,1.1,1.2,0.4,7.3,0.0,5.1,1.0,0.1,0.2,0.7,-0.3,0.3,-0.4,2.8,0.8,-0.5,0.6,-0.1,0.5,-0.2,-0.2,-0.2,-0.2,-0.2,-0.2,-0.2,0.4,0.3,0.6,-0.9,-0.1,0.5,3.6,1.9
201802,1.5,2.7,1.8,8.2,8.4,6.1,6.1,1.3,1.1,0.1,9.2,0.2,4.5,0.9,0.3,0.5,0.6,-0.3,0.3,-0.4,2.8,0.6,-0.5,0.6,0.2,0.6,-0.2,-0.2,-0.3,-0.2,-0.2,-0.2,0.5,0.5,-0.1,0.5,0.5,0.2,0.3,3.6,1.7
201803,1.1,2.0,1.6,4.5,4.4,5.7,5.7,1.3,1.0,-0.4,7.0,0.8,4.0,1.0,0.2,0.4,0.7,-0.3,0.3,-0.4,2.8,0.9,-0.5,0.5,0.0,0.7,-0.2,-0.2,-0.2,-0.2,-0.2,-0.2,0.1,0.5,0.1,0.5,-0.3,1.8,0.0,2.5,1.6
201804,0.6,1.0,1.3,0.0,-0.5,6.1,6.1,0.9,1.0,-0.3,7.0,-0.3,3.4,1.0,0.3,0.5,1.0,0.2,0.3,0.0,3.2,1.0,-0.6,0.6,0.0,0.9,-0.2,-0.2,-0.1,-0.2,-0.3,-0.1,0.0,0.5,0.2,0.5,-0.6,-1.0,0.1,1.5,1.7
201805,0.7,1.1,1.2,0.3,-0.2,5.8,5.8,1.0,0.9,-0.5,9.1,-0.3,2.8,0.9,0.2,0.4,0.9,0.2,0.2,0.0,3.2,0.8,-0.6,0.6,0.0,1.0,-0.1,-0.2,-0.1,-0.2,-0.2,-0.1,-0.1,0.5,0.2,0.5,-0.7,-0.9,0.0,1.6,1.5
201806,0.7,1.1,1.4,0.2,-0.4,6.4,6.4,1.1,0.4,-0.7,13.6,-0.2,2.6,0.8,0.3,0.4,0.9,0.2,0.2,0.0,3.2,0.7,-0.4,0.5,0.0,1.0,-0.1,-0.2,-0.1,-0.2,-0.2,0.0,-0.1,0.5,0.2,0.7,-0.7,-1.0,-0.2,1.8,1.4
201807,0.9,1.7,1.5,3.4,3.1,6.0,6.0,1.3,0.5,-0.4,14.3,-0.1,2.2,0.8,0.2,0.3,0.9,0.2,0.2,0.0,3.2,0.7,-0.4,0.6,-0.1,1.0,-0.2,-0.2,-0.2,-0.2,-0.2,-0.1,-0.3,0.6,0.2,0.7,-1.2,-0.7,0.1,2.4,1.3
201808,1.3,2.1,1.5,5.7,5.8,5.6,5.6,1.2,0.6,-0.7,13.9,-0.3,2.6,0.9,0.5,0.7,0.6,0.2,0.1,0.0,1.7,0.8,-0.4,0.0,0.4,1.1,-0.2,-0.2,-0.2,-0.2,-0.2,-0.1,0.9,0.6,0.2,0.7,1.1,-0.8,-0.1,3.0,1.2
201809,1.2,2.1,1.7,4.1,4.0,4.8,4.8,1.5,0.8,-0.5,14.8,0.1,3.0,0.9,0.2,0.4,0.5,0.2,0.1,0.0,1.6,0.7,-0.4,-0.1,0.1,1.0,-0.2,-0.2,-0.1,-0.2,-0.2,-0.1,0.2,0.6,0.2,0.6,-0.2,-0.3,0.1,2.9,1.2
201810,1.4,2.6,1.9,6.8,7.2,2.7,2.7,1.7,0.7,-0.1,15.5,0.1,3.7,0.9,0.2,0.4,0.5,0.2,0.0,0.3,1.6,0.2,-0.4,0.2,0.2,1.0,-0.2,-0.2,-0.1,-0.2,-0.2,-0.1,0.3,0.5,0.3,0.6,0.0,-0.9,0.5,3.6,1.6
201811,0.8,1.4,1.6,-0.4,-0.6,1.3,1.3,1.3,0.8,-0.4,11.9,0.0,4.6,0.4,0.3,0.5,0.5,0.2,0.1,0.3,1.6,0.3,-0.4,0.2,0.2,1.1,-0.2,-0.2,-0.2,-0.2,-0.2,-0.2,0.3,0.6,0.2,0.6,0.0,-0.7,0.2,2.0,1.9
201812,0.3,0.2,1.2,-5.3,-5.9,0.8,0.8,0.7,0.5,-0.2,5.5,0.0,5.3,0.3,0.3,0.5,0.5,0.2,0.1,0.3,1.6,0.0,-0.4,0.4,0.2,1.1,-0.1,-0.2,-0.1,-0.1,-0.1,-0.1,0.4,0.6,0.2,0.6,0.2,-0.2,-0.3,0.4,2.0
201901,0.2,-0.1,1.1,-6.3,-6.9,0.5,0.5,0.3,0.5,-0.2,1.7,0.0,6.1,1.8,0.5,0.8,0.9,0.2,0.2,1.3,1.6,0.3,-0.4,0.5,0.4,1.1,-0.1,-0.1,-0.1,-0.1,-0.1,-0.1,0.7,0.6,0.2,0.6,0.7,-0.4,-0.3,-0.1,2.6
201902,0.2,-0.1,1.1,-6.3,-6.9,0.1,0.1,0.3,0.5,-0.1,-0.3,0.2,6.6,1.8,0.4,0.7,0.9,0.2,0.1,1.3,1.6,0.3,-0.4,0.5,0.3,1.0,-0.1,-0.1,-0.1,-0.1,-0.1,-0.1,0.4,0.6,0.2,0.6,0.3,0.4,-0.2,-0.1,2.7
201903,0.5,0.7,1.3,-3.1,-3.4,0.0,0.0,0.6,0.6,0.1,1.6,0.5,6.4,1.9,0.3,0.5,0.9,0.2,0.1,1.3,1.6,0.1,-0.5,0.5,0.1,1.1,-0.1,-0.1,-0.1,-0.1,0.0,-0.1,0.1,0.6,0.4,0.7,-0.6,0.6,0.0,0.8,2.6
201904,0.9,1.2,1.4,0.3,0.3,-0.1,-0.1,0.8,0.8,0.2,2.3,0.6,5.2,2.1,0.5,0.7,0.7,-0.2,0.2,1.2,1.0,0.0,-0.7,0.7,0.4,1.1,-0.1,-0.1,0.0,-0.1,0.0,-0.1,0.7,0.9,0.3,0.8,0.6,1.0,0.0,1.5,2.2
201905,0.7,1.1,1.2,0.4,0.5,0.0,0.0,0.8,0.9,0.1,3.0,0.5,3.5,2.4,0.3,0.5,0.7,-0.1,0.2,1.2,1.0,0.1,-0.7,0.7,0.2,1.1,-0.1,-0.1,0.0,-0.1,-0.1,-0.1,0.2,1.1,0.3,0.8,-0.5,0.6,-0.1,1.4,1.7
201906,0.7,1.0,0.8,2.1,2.3,-0.2,-0.2,0.5,1.2,0.2,-1.3,0.2,2.6,2.6,0.4,0.5,0.8,-0.1,0.2,1.3,1.0,0.1,-0.1,0.7,0.2,1.0,0.0,0.0,0.0,0.0,0.0,0.0,0.2,1.0,0.2,0.8,-0.5,0.2,0.0,1.3,1.5
201907,0.5,0.8,0.9,0.0,0.0,-0.2,-0.2,0.6,1.3,0.4,-2.7,0.7,2.5,2.6,0.3,0.4,0.8,-0.1,0.2,1.3,1.0,0.0,0.0,0.9,0.1,1.0,0.0,-0.1,0.0,0.0,0.0,0.0,0.0,1.1,0.2,0.8,-0.9,1.1,0.2,0.8,1.4
201908,0.3,0.3,0.8,-2.4,-2.6,-0.2,-0.2,0.6,1.1,0.6,-3.1,1.0,1.5,2.9,0.2,0.3,0.6,-0.1,0.3,1.3,-0.1,0.2,0.0,0.9,0.1,0.9,0.0,0.0,0.0,0.0,0.0,0.0,-0.1,1.2,0.2,0.8,-1.2,1.5,0.3,0.1,1.0
201909,0.2,0.2,0.4,-1.1,-1.2,0.4,0.4,0.3,1.1,0.4,-4.7,0.8,0.2,2.9,0.3,0.4,0.6,-0.1,0.3,1.3,-0.1,0.1,0.0,1.3,0.1,1.0,0.0,0.0,0.0,0.0,0.0,-0.1,0.0,1.2,0.2,0.8,-1.1,1.2,0.0,0.1,0.7
201910,0.2,0.4,0.8,-1.6,-1.8,0.8,0.8,1.0,1.4,1.4,-5.0,1.8,-0.9,3.6,0.0,0.0,-2.7,-0.1,0.3,2.8,-10.1,1.9,-61.4,1.8,1.0,3.2,0.0,0.0,0.0,0.0,0.0,-0.1,1.3,3.2,1.8,1.2,0.2,1.7,1.3,0.1,-2.1
201911,0.5,1.0,1.1,0.7,0.7,0.6,0.6,1.1,1.4,1.7,-4.7,2.0,0.1,3.4,0.1,0.1,-2.6,-0.1,0.3,3.1,-10.1,2.1,-61.4,1.8,1.0,3.3,0.0,0.1,0.0,0.0,0.1,0.0,1.3,3.3,2.2,1.2,0.0,2.0,1.5,0.7,-1.7
201912,0.8,1.5,1.4,2.0,2.2,0.7,0.7,1.6,1.5,1.1,0.2,2.2,-0.6,3.4,0.2,0.2,-2.6,-0.1,0.3,3.1,-10.1,2.1,-61.4,1.5,1.1,3.3,0.0,0.1,0.0,0.0,0.1,-0.1,1.6,3.4,2.2,1.2,0.6,1.9,1.8,1.3,-1.9
202001,0.7,1.3,1.6,-0.4,-0.5,0.8,0.8,2.1,1.5,1.1,5.3,2.3,-1.5,2.0,0.0,0.0,-2.6,-0.1,0.3,3.1,-10.1,2.1,-61.4,1.5,1.0,3.3,0.0,0.1,0.0,0.0,0.1,0.0,1.2,3.4,2.2,1.2,-0.2,1.8,1.9,1.1,-2.2
202002,0.4,1.0,1.3,-0.3,-0.5,1.1,1.1,1.8,1.4,0.8,4.5,1.9,-2.4,2.1,-0.1,-0.2,-2.5,-0.1,0.3,3.0,-10.1,2.4,-61.4,1.5,0.7,3.3,0.1,0.1,0.0,0.0,0.1,0.0,0.7,3.4,2.1,1.1,-1.2,1.0,1.6,0.9,-2.4
202003,0.4,0.9,0.9,0.7,0.6,0.9,0.9,1.4,1.2,1.1,1.0,1.9,-2.6,2.1,0.0,-0.1,-2.5,-0.1,0.4,3.0,-10.1,2.4,-61.3,1.4,0.8,3.2,0.1,0.2,0.0,0.0,0.1,-0.1,1.0,3.4,2.0,1.1,-0.6,1.0,1.7,0.7,-2.4
202004,0.1,0.7,0.2,4.1,4.4,0.5,0.5,0.5,0.8,1.1,-7.2,1.7,-2.2,2.1,-0.6,-0.8,-3.2,-1.0,0.3,1.8,-10.6,2.3,-62.1,1.3,0.3,2.9,0.1,0.1,0.0,0.0,0.1,-0.1,-0.2,3.0,2.2,-1.4,-1.9,0.9,1.6,0.6,-2.8
202005,0.1,0.5,0.0,3.9,4.3,0.6,0.6,0.1,1.0,1.2,-13.0,2.1,-2.0,1.8,-0.4,-0.6,-3.0,-1.1,0.2,1.7,-10.6,3.1,-62.1,1.3,0.5,2.8,0.1,0.1,0.0,0.1,0.2,-0.1,0.3,2.9,2.1,-1.9,-0.7,1.5,1.8,0.1,-2.6
202006,0.1,0.5,0.3,2.4,2.6,0.5,0.5,0.4,0.7,0.9,-10.2,2.5,-1.7,1.6,-0.3,-0.5,-3.1,-2.0,0.1,1.6,-10.6,2.9,-62.1,1.4,0.7,2.9,0.0,0.1,0.0,0.1,0.2,0.0,0.7,2.9,2.3,-2.0,0.2,2.2,1.8,0.0,-2.6
202007,0.3,0.8,0.2,4.6,5.0,0.5,0.5,0.4,0.3,1.1,-8.0,2.3,-2.0,1.4,-0.2,-0.3,-3.4,-3.1,0.1,1.5,-10.6,2.1,-62.1,1.1,1.0,2.9,0.0,0.1,0.0,0.1,0.2,-0.1,1.4,2.7,2.3,-1.7,1.6,2.1,1.9,0.4,-2.8
202008,0.2,1.4,0.3,8.0,8.7,0.8,0.8,0.6,0.3,1.1,-5.5,2.1,-2.1,1.2,-1.0,-1.5,-3.5,-3.2,0.1,1.5,-10.6,1.7,-62.1,1.0,-0.1,2.9,0.0,0.1,0.0,0.1,0.2,0.0,-1.4,2.7,2.3,-1.8,-4.0,1.7,2.1,1.2,-2.9
202009,0.0,1.0,0.3,4.9,5.4,-0.2,-0.2,0.6,0.1,1.2,-4.5,2.2,-2.5,1.4,-0.9,-1.3,-3.5,-3.3,0.1,1.6,-10.6,1.7,-62.1,0.9,0.0,2.8,0.0,0.1,-0.1,0.1,0.1,-0.1,-1.0,2.7,2.3,-1.8,-3.2,1.7,2.3,0.6,-3.1
202010,-0.4,0.0,-0.5,3.5,3.9,-0.8,-0.8,-0.3,0.0,0.0,-7.8,1.1,-3.2,1.3,-0.8,-1.2,-0.3,-5.2,0.2,-0.1,-0.6,0.2,-1.8,-1.0,-1.0,0.7,0.0,0.1,-0.1,0.1,0.2,-0.1,-2.8,0.7,0.8,-2.2,-5.5,0.8,0.9,-0.3,-0.9
202011,-0.9,-1.0,-1.0,-0.5,-0.4,-1.5,-1.5,-0.4,-0.2,-0.2,-8.2,1.1,-6.0,1.5,-0.9,-1.3,-0.5,-5.3,0.1,-0.4,-0.6,0.1,-1.8,-0.9,-1.0,0.4,0.0,0.1,-0.1,0.1,0.1,-0.1,-2.7,0.5,0.6,-2.3,-5.1,0.6,0.9,-1.6,-1.9
202012,-1.2,-1.5,-1.2,-2.4,-2.5,-1.7,-1.7,-0.5,-0.2,0.1,-8.0,0.7,-6.9,1.4,-0.9,-1.3,-0.5,-5.3,0.2,-0.4,-0.6,0.0,-1.8,-0.9,-1.0,0.3,-0.1,0.1,-0.1,0.0,0.1,-0.1,-2.7,0.4,0.6,-2.3,-5.0,0.2,0.4,-2.1,-2.1
202101,-0.7,-1.3,-1.4,0.1,0.4,-2.4,-2.4,-0.8,-0.4,-0.2,-8.5,0.2,-7.3,1.5,0.0,0.0,-0.3,-9.0,0.1,0.4,-0.6,0.0,-2.7,-1.3,0.1,0.2,-0.1,0.1,-0.2,0.0,0.1,-0.2,0.2,0.4,0.6,-3.4,1.4,-0.3,0.1,-1.7,-2.2
202102,-0.5,-0.9,-1.1,0.5,0.8,-2.5,-2.5,-0.4,-0.3,0.1,-5.8,0.4,-6.9,1.4,0.0,-0.1,-0.3,-9.0,0.1,0.4,-0.6,-0.1,-2.7,-1.3,0.1,0.2,-0.1,0.2,-0.1,0.1,0.2,-0.1,-0.1,0.4,0.4,-3.3,0.9,-0.2,0.8,-1.4,-2.1
202103,-0.4,-0.7,-0.6,-0.4,-0.2,-2.4,-2.4,0.0,-0.2,0.0,0.0,0.3,-6.2,1.5,-0.1,-0.2,-0.2,-9.0,0.1,0.6,-0.6,0.0,-2.7,-1.3,-0.1,0.2,-0.1,0.1,-0.2,0.1,0.2,-0.2,-0.4,0.3,1.5,-3.4,0.2,-0.5,0.5,-0.9,-1.8
202104,-1.1,-0.4,0.2,-3.8,-3.9,-2.5,-2.5,0.8,-0.3,-0.5,10.6,0.5,-4.4,1.6,-1.8,-2.7,0.5,-0.5,0.0,1.6,-0.3,-0.1,0.0,-1.3,-2.6,0.2,-0.1,0.2,-0.2,0.2,0.3,-0.2,-6.6,0.4,2.0,0.8,-14.3,-0.5,0.4,-0.5,-0.8
202105,-0.8,0.2,0.7,-3.0,-3.0,-2.8,-2.8,1.1,-0.3,-0.5,15.7,0.4,-1.7,1.6,-1.8,-2.7,0.5,0.1,0.0,1.7,-0.3,-0.1,0.0,-1.3,-2.5,0.2,-0.2,0.1,-0.3,0.1,0.2,-0.2,-6.4,0.4,2.2,1.3,-14.1,-0.4,0.4,0.3,0.0
202106,-0.5,0.8,0.8,0.5,0.8,-2.7,-2.7,1.0,-0.3,-0.3,14.9,0.1,-0.5,1.5,-1.7,-2.5,0.6,1.8,0.1,1.8,-0.3,0.1,0.0,-1.3,-2.5,0.3,-0.2,0.1,-0.3,0.1,0.2,-0.3,-6.3,0.4,0.3,1.6,-13.9,-0.8,0.4,1.1,0.5
202107,-0.3,0.8,1.2,-2.3,-2.3,-2.7,-2.7,1.4,0.0,0.0,16.6,0.4,0.7,3.3,-1.5,-2.2,0.9,3.3,0.0,2.1,-0.3,0.7,0.0,-1.3,-2.2,0.4,-0.2,0.1,-0.3,0.1,0.2,-0.2,-5.7,0.3,0.6,1.3,-12.5,-0.3,0.5,1.1,1.0
202108,-0.4,0.5,1.4,-4.7,-4.8,-3.2,-3.2,1.4,0.2,0.0,14.2,0.6,1.4,3.2,-1.3,-2.0,0.8,3.4,0.1,2.0,-0.2,0.5,0.0,-1.3,-2.1,0.3,-0.1,0.1,-0.3,0.1,0.2,-0.2,-5.4,0.4,0.9,1.4,-12.0,-0.1,0.3,0.7,1.2
202109,0.2,1.8,1.7,1.8,2.2,-3.2,-3.2,1.4,0.5,-0.8,14.1,0.5,3.9,3.2,-1.4,-2.2,0.9,3.5,0.1,1.9,-0.2,1.1,0.0,-1.3,-2.2,0.3,-0.1,0.1,-0.2,0.2,0.2,-0.1,-5.8,0.4,0.2,1.3,-13.0,0.2,-0.3,2.4,2.0
202110,0.1,1.9,2.2,-0.3,0.1,-4.3,-4.3,1.7,0.8,-0.7,18.3,0.3,6.2,2.4,-1.8,-2.7,0.9,5.4,0.1,1.7,-0.6,0.9,0.0,0.1,-2.7,0.3,-0.1,0.1,-0.2,0.1,0.2,-0.1,-6.9,0.5,0.3,1.3,-15.5,-0.2,-0.2,2.7,2.5
202111,0.6,3.0,2.9,2.4,3.0,-4.8,-4.8,2.2,1.2,-0.5,23.6,0.2,9.0,2.4,-1.8,-2.7,0.7,5.5,0.1,1.7,-0.6,0.2,0.0,0.1,-2.6,0.6,-0.1,0.1,-0.2,0.1,0.2,-0.1,-6.8,0.8,0.2,1.4,-15.6,-0.2,-0.2,4.2,3.3
202112,0.8,3.4,3.0,4.9,6.0,-5.6,-5.6,2.0,1.2,-0.6,20.7,0.0,11.4,2.5,-1.9,-2.8,0.8,5.5,0.1,1.7,-0.6,0.6,0.0,0.1,-2.7,0.6,0.0,0.1,-0.1,0.1,0.2,-0.1,-7.2,0.8,0.2,1.4,-16.2,-0.6,-0.1,4.8,4.0
202201,0.5,3.7,3.5,4.1,5.0,-5.1,-5.1,2.3,1.4,0.8,20.3,0.3,13.5,2.5,-2.7,-4.1,-0.5,5.5,0.1,-1.3,-0.6,0.3,0.0,0.1,-3.5,0.8,0.0,0.1,-0.1,0.1,0.2,0.0,-9.0,0.9,0.2,1.4,-19.8,-0.3,0.9,5.0,3.6
202202,0.9,4.5,4.0,6.1,7.2,-5.1,-5.1,2.6,1.8,0.8,20.6,0.4,16.8,2.5,-2.6,-3.9,-0.5,5.5,0.1,-1.3,-0.6,0.4,0.0,0.1,-3.3,0.9,-0.1,0.1,-0.1,0.0,0.1,-0.1,-8.6,1.1,0.3,1.4,-19.1,0.0,0.6,6.1,4.6
202203,1.2,5.0,4.4,6.9,8.1,-5.9,-5.9,2.8,2.4,0.0,18.5,0.9,18.5,2.6,-2.5,-3.7,-0.6,5.5,0.1,-1.5,-0.6,0.4,0.0,0.1,-3.2,1.0,0.0,0.1,-0.1,0.1,0.1,-0.1,-8.3,1.2,0.4,1.5,-18.5,1.2,0.5,6.5,5.0
202204,2.5,5.3,4.7,7.1,8.4,-5.6,-5.6,3.3,3.1,0.3,15.7,1.7,17.6,2.5,-0.3,-0.5,-0.6,-0.1,0.2,-0.8,-1.5,0.5,0.0,0.1,-0.2,1.9,0.0,0.1,-0.1,0.0,0.1,-0.1,-1.2,1.8,0.1,0.9,-4.5,2.7,0.7,6.6,4.9
202205,2.5,5.1,4.5,7.4,8.7,-5.9,-5.9,3.2,3.1,0.7,13.9,1.9,15.9,2.5,-0.3,-0.5,-0.7,-0.6,0.0,-0.8,-1.5,0.0,0.0,0.0,-0.2,2.3,0.1,0.2,0.1,0.0,0.1,0.0,-1.2,2.0,0.2,0.8,-4.7,2.8,1.1,6.3,4.4
202206,2.4,4.9,4.8,4.3,5.3,-6.6,-6.6,3.6,3.7,0.7,13.3,2.2,15.4,2.4,-0.3,-0.4,-0.7,-0.6,0.1,-0.7,-1.5,-0.1,0.0,0.1,-0.2,2.8,0.1,0.2,0.1,0.0,0.1,0.0,-1.3,2.3,0.2,0.7,-5.0,3.1,1.3,5.9,4.3
202207,2.6,5.4,5.2,5.2,6.3,-6.1,-6.1,4.0,4.3,0.8,10.2,3.1,16.6,0.9,-0.2,-0.4,-0.7,-0.6,0.1,-0.9,-1.5,0.0,0.0,0.1,-0.1,3.4,0.1,0.2,0.0,0.0,0.1,0.0,-1.3,2.5,0.2,0.7,-5.2,4.4,1.6,6.3,4.6
202208,3.0,5.7,5.5,5.6,6.7,-5.7,-5.7,4.1,4.6,1.0,9.1,3.3,17.9,0.9,0.2,0.2,-0.6,-0.6,0.1,-0.9,-1.5,0.7,0.0,0.1,0.4,3.8,0.1,0.2,0.0,0.0,0.1,0.0,-0.1,2.6,0.2,0.7,-2.4,5.0,1.9,6.5,5.0
202209,3.0,5.6,5.9,2.3,2.9,-4.5,-4.5,4.7,5.1,1.7,9.1,4.1,17.4,0.9,0.2,0.3,-0.9,-1.5,0.1,-1.1,-1.5,0.1,0.0,0.0,0.6,4.1,0.0,0.2,0.0,0.0,0.1,-0.1,0.2,2.9,0.3,0.7,-2.0,5.7,2.6,6.1,4.8
202210,3.7,6.5,6.4,6.5,7.3,-1.8,-1.8,5.1,6.3,2.0,5.5,4.4,17.4,0.9,0.8,1.2,0.1,-1.8,0.1,0.3,-0.2,0.2,0.0,0.0,1.1,5.5,0.1,0.3,0.0,0.0,0.1,0.0,1.0,3.4,0.3,0.7,-0.7,6.2,3.1,7.2,5.3
202211,3.8,6.7,6.7,6.2,6.8,-0.1,-0.1,5.4,7.5,2.6,1.6,4.9,17.3,0.9,0.7,1.0,0.3,-2.6,0.2,0.6,-0.2,0.6,0.0,0.0,0.9,5.8,0.1,0.3,0.0,0.1,0.2,0.0,0.3,3.3,0.4,0.7,-2.3,6.6,3.6,7.3,5.5
202212,4.0,7.1,7.3,5.4,5.7,1.4,1.4,5.9,8.0,2.8,3.1,5.1,18.9,0.9,0.8,1.1,0.2,-4.3,0.1,0.6,-0.3,0.5,0.0,0.0,1.0,6.4,0.1,0.3,0.0,0.1,0.1,0.0,0.4,3.6,0.3,0.7,-2.3,6.9,3.8,7.8,6.0
202301,4.3,7.2,7.2,7.0,7.5,1.2,1.2,5.7,7.7,3.1,2.0,5.2,18.6,0.9,1.2,1.7,0.5,-5.1,0.1,1.4,-0.2,0.4,0.0,0.1,1.4,6.5,0.1,0.2,0.0,0.0,0.1,0.0,1.6,3.7,0.3,0.7,0.3,6.8,4.0,7.9,6.1
202302,3.3,5.1,5.0,6.7,7.1,1.4,1.4,5.8,8.1,3.3,-0.6,5.5,-0.9,0.9,1.3,1.9,0.5,-5.9,0.1,1.5,-0.2,0.3,0.0,0.1,1.5,7.2,0.1,0.2,0.0,0.1,0.1,0.0,1.7,3.7,0.3,1.0,0.6,6.6,4.4,4.9,0.1
202303,3.2,4.8,4.8,6.9,7.3,2.6,2.6,5.9,8.3,3.5,-2.7,6.0,-3.9,1.0,1.5,2.2,0.6,-6.6,0.1,1.6,-0.2,0.7,0.0,0.1,1.8,7.6,0.0,0.1,0.0,0.0,0.0,0.0,2.3,3.9,0.4,1.0,1.7,6.4,4.6,4.6,-0.8
202304,3.5,5.1,5.1,7.2,7.6,2.8,2.8,6.4,9.3,3.8,-1.9,6.1,-5.1,0.9,1.7,2.4,0.7,-5.1,0.2,0.7,0.2,2.1,0.0,0.2,2.0,7.3,0.1,0.1,0.0,0.1,0.1,0.0,2.8,3.6,0.7,1.4,2.9,6.4,4.8,4.9,-1.2
202305,3.2,4.7,4.6,7.1,7.4,3.4,3.4,6.7,9.6,3.8,-0.9,6.2,-10.9,2.5,1.7,2.5,0.8,-5.6,0.2,1.0,0.2,2.2,0.0,0.2,2.0,7.1,0.0,0.1,-0.1,0.0,0.1,0.0,2.9,3.7,0.8,1.5,3.1,6.4,4.8,4.3,-3.0
202306,3.3,4.9,4.9,6.2,6.4,4.3,4.3,6.8,9.8,4.3,-1.0,6.1,-8.7,3.5,1.6,2.3,0.7,-6.7,0.2,0.8,0.2,2.2,0.0,0.2,1.9,6.7,0.1,0.1,0.0,0.1,0.1,0.1,2.7,3.6,0.8,1.5,2.7,5.8,5.2,4.6,-2.4
202307,3.3,4.5,4.3,7.7,8.0,3.8,3.8,6.6,10.1,4.8,0.8,4.8,-12.4,4.5,2.0,2.9,0.7,-7.2,0.3,0.8,0.2,2.3,0.0,0.2,2.4,6.2,0.0,0.1,0.0,0.1,0.1,0.1,4.1,3.5,0.7,1.5,6.0,3.2,5.1,4.6,-3.6
202308,3.2,4.2,4.1,6.5,6.7,4.1,4.1,7.1,10.3,5.4,5.1,4.6,-16.1,5.0,2.0,3.0,0.7,-7.2,0.3,0.9,0.2,2.0,0.0,0.2,2.5,6.0,0.1,0.1,0.0,0.1,0.1,0.1,4.4,3.5,0.5,1.5,6.6,2.5,5.6,4.3,-4.9
202309,3.0,4.0,3.5,9.0,9.4,4.7,4.7,6.7,9.9,4.1,6.2,4.2,-18.9,5.0,2.0,2.9,0.9,-9.0,0.3,1.3,0.1,2.6,0.0,0.3,2.4,5.8,0.1,0.1,0.1,0.1,0.1,0.1,4.2,3.3,0.8,1.5,6.4,2.2,4.8,4.1,-5.7
202310,3.3,4.4,3.6,11.0,11.5,5.1,5.1,5.9,8.6,3.8,3.3,4.3,-13.1,5.5,2.1,3.1,-0.2,-10.4,0.3,-0.2,-0.8,3.0,0.0,-4.6,2.9,4.6,0.1,0.2,0.1,0.1,0.2,0.1,5.9,3.0,0.7,1.5,10.7,2.7,4.4,4.7,-4.5
202311,2.8,3.3,2.7,8.5,8.7,5.9,5.9,5.2,7.5,3.5,2.5,3.8,-14.6,5.7,2.3,3.4,-0.3,-9.7,0.3,-0.6,-0.8,3.2,0.0,-4.6,3.2,4.8,0.1,0.1,0.1,0.1,0.1,0.1,6.7,2.8,0.7,1.5,12.8,2.0,3.9,3.4,-5.1
202312,2.6,2.8,2.3,7.9,8.0,6.0,6.0,5.1,6.9,3.8,3.4,3.9,-17.1,6.1,2.3,3.3,-0.3,-8.1,0.3,-0.6,-0.7,2.9,0.0,-4.6,3.1,4.2,0.1,0.1,0.1,0.1,0.2,0.1,6.7,2.7,0.8,1.5,12.9,2.2,4.3,2.7,-6.1
202401,2.2,2.1,1.9,4.6,4.4,6.2,6.2,5.0,6.7,3.8,3.8,3.7,-18.0,5.8,2.2,3.2,0.0,-8.5,0.4,1.4,-0.8,0.5,0.0,-4.7,2.9,4.0,0.2,0.2,0.1,0.2,0.2,0.2,6.1,2.6,0.8,1.5,11.6,2.1,3.9,1.8,-6.2
202402,2.8,3.3,3.4,2.9,2.6,6.8,6.8,4.5,6.1,3.5,3.5,3.3,-4.3,5.9,2.2,3.1,0.0,-8.2,0.4,1.2,-0.8,0.7,-0.3,-4.7,2.9,3.5,0.2,0.2,0.2,0.2,0.2,0.2,6.2,2.6,0.8,1.5,11.7,2.0,3.7,3.5,-1.4
202403,2.7,3.3,3.1,4.2,3.9,7.2,7.2,3.8,5.5,2.9,3.3,2.5,-2.5,5.8,2.1,2.9,-0.1,-8.1,0.5,1.2,-0.8,0.3,-0.3,-4.8,2.8,3.1,0.2,0.2,0.2,0.2,0.2,0.2,5.9,2.4,0.9,1.4,11.2,1.2,3.2,3.7,-0.8
202404,2.5,3.1,2.6,5.8,5.7,7.9,7.9,3.2,4.1,2.4,3.4,2.4,-1.8,6.3,1.7,2.5,-0.3,-13.4,0.7,2.2,-1.0,-1.2,-4.4,-4.8,2.4,2.9,0.3,0.2,0.3,0.2,0.1,0.4,5.0,2.8,0.9,-0.6,9.6,1.3,3.0,3.5,-0.7
202405,2.8,3.9,3.5,5.9,5.6,9.5,9.5,2.9,3.7,2.4,3.4,2.0,8.4,4.7,1.6,2.2,-0.3,-12.6,0.7,2.1,-1.0,-1.3,-4.4,-4.8,2.2,2.8,0.3,0.2,0.3,0.2,0.1,0.4,4.5,2.6,0.8,-0.8,8.6,1.1,2.6,4.6,2.3
202406,2.8,3.8,3.5,5.6,5.1,12.3,12.3,2.7,3.0,2.4,3.1,2.3,9.5,4.2,1.7,2.4,0.0,-11.7,0.7,2.1,0.0,-1.1,-4.4,-4.7,2.3,2.8,0.3,0.2,0.3,0.3,0.2,0.4,4.8,2.6,1.0,-0.8,9.3,2.2,2.4,4.4,2.9
202407,2.8,4.0,4.0,4.3,3.3,17.2,17.2,2.3,2.3,2.5,2.2,2.2,16.5,3.2,1.4,1.9,-0.1,-11.0,0.7,2.2,0.0,-1.7,-4.4,-4.7,1.8,2.9,0.3,0.2,0.3,0.2,0.2,0.4,3.4,2.9,1.4,-0.8,5.8,2.1,2.7,4.6,4.9
202408,3.0,4.5,4.2,7.5,5.9,28.3,28.3,1.9,2.1,2.4,-1.9,2.5,19.7,2.9,1.4,2.0,-0.1,-11.5,0.7,2.1,0.0,-1.8,-4.4,-4.7,2.0,3.2,0.3,0.1,0.4,0.2,0.2,0.4,3.7,3.1,1.4,-0.8,6.1,2.6,2.5,5.1,5.7
202409,2.5,3.5,3.3,7.2,4.3,44.7,44.7,1.8,1.8,2.5,-2.8,2.6,11.6,2.9,1.3,1.9,0.0,-9.6,0.7,2.2,0.0,-1.5,-4.4,-4.8,1.8,3.3,0.3,0.1,0.4,0.3,0.1,0.5,3.2,2.9,1.4,-0.8,5.2,2.6,2.7,3.8,3.3
202410,2.3,2.9,2.9,6.3,2.2,58.9,58.9,2.1,2.2,2.6,0.7,2.1,3.4,2.3,1.5,2.2,1.0,-8.4,0.8,3.3,0.5,-1.3,-4.4,0.3,1.7,3.4,0.4,0.1,0.5,0.2,0.1,0.5,3.0,2.9,1.3,-0.8,4.8,1.8,2.6,3.1,1.7
202411,2.9,4.1,3.7,10.6,6.4,63.6,63.6,2.4,2.7,2.6,1.8,2.1,8.0,2.0,1.5,2.1,1.0,-8.4,0.8,3.4,0.5,-1.4,-4.4,0.3,1.7,2.9,0.4,0.1,0.5,0.3,0.1,0.6,3.1,3.0,1.1,-0.8,4.9,1.6,2.7,4.8,3.1
202412,3.6,5.4,4.3,15.6,11.6,64.5,64.5,2.2,2.9,2.9,1.2,1.6,14.5,1.8,1.6,2.3,1.0,-8.3,0.7,3.4,0.5,-1.5,-4.4,0.3,1.8,3.3,0.4,0.1,0.5,0.3,0.1,0.6,3.2,2.9,1.1,-0.8,5.3,0.9,2.6,6.6,5.1
202501,4.0,6.3,4.9,19.3,15.2,70.9,70.9,2.8,3.4,2.6,4.0,1.9,14.0,3.9,1.4,1.9,1.4,-7.4,0.7,3.1,0.5,0.9,-4.4,0.3,1.4,3.6,0.3,0.1,0.5,0.2,0.1,0.5,2.1,3.1,1.1,-0.8,2.5,1.4,2.6,7.9,5.2
202502,3.7,5.7,4.6,18.5,13.4,80.9,80.9,3.1,3.6,2.6,5.9,2.0,7.1,3.6,1.3,1.9,1.5,-7.0,0.7,3.2,0.5,0.8,-4.1,0.4,1.3,3.7,0.3,0.0,0.4,0.2,0.0,0.5,1.8,3.0,1.1,-0.8,2.1,1.6,2.5,7.0,3.1
202503,3.6,5.6,4.9,16.5,10.3,92.1,92.1,3.4,4.0,2.8,5.8,2.3,6.3,3.3,1.4,1.9,1.5,-6.5,0.7,3.2,0.5,0.9,-4.1,0.4,1.4,4.0,0.4,0.0,0.5,0.2,0.0,0.7,1.9,3.1,1.1,-0.9,2.2,2.2,2.8,6.7,2.9
202504,3.6,5.6,5.7,11.5,4.5,98.4,98.4,3.9,4.7,2.5,6.6,2.7,9.7,3.3,1.3,1.7,0.5,-4.6,0.7,3.2,1.0,1.1,-56.2,0.5,1.5,4.5,0.5,0.0,0.6,0.3,0.1,0.8,2.1,2.9,1.1,-0.2,2.4,2.5,2.4,6.7,3.3
202505,3.5,5.3,5.8,9.9,2.5,101.7,101.7,3.9,5.2,2.3,5.2,2.7,8.8,3.2,1.4,1.9,0.5,-4.9,0.7,3.3,1.0,1.4,-56.2,0.5,1.7,4.8,0.5,0.0,0.6,0.3,0.1,0.8,2.3,3.1,1.0,-0.2,2.8,2.2,2.5,6.3,3.2
202506,3.3,4.8,5.1,11.3,3.7,100.2,100.2,3.7,5.8,2.4,0.0,2.5,3.7,3.5,1.5,2.1,0.2,-4.8,0.5,3.2,0.0,1.3,-56.2,0.4,1.9,4.9,0.4,0.0,0.6,0.2,0.0,0.8,3.0,3.0,0.8,-0.3,4.4,1.7,2.7,5.7,1.4
202507,3.1,4.5,4.6,11.6,4.5,90.7,90.7,3.9,6.4,2.5,0.3,2.5,-1.0,3.4,1.5,2.1,0.3,-5.0,0.7,3.2,-0.1,1.6,-56.2,0.6,1.9,4.9,0.5,0.0,0.7,0.3,0.1,0.9,2.9,2.7,1.0,-0.3,4.3,1.4,2.7,5.3,-0.1
202508,2.7,3.7,3.8,9.7,3.9,69.7,69.7,4.0,6.5,2.5,1.6,2.2,-6.0,3.4,1.5,2.1,0.4,-5.7,0.6,3.4,-0.1,1.6,-56.2,0.6,1.9,4.8,0.5,0.1,0.7,0.3,0.1,0.9,2.9,2.8,1.0,-0.3,4.3,1.2,2.8,4.4,-1.7
202509,2.9,4.2,4.4,7.8,3.4,49.2,49.2,3.8,6.7,2.1,1.3,1.6,1.8,3.4,1.4,2.0,0.0,-5.4,0.6,3.2,-1.3,1.6,-56.2,0.5,1.9,4.5,0.5,0.1,0.6,0.3,0.1,0.8,3.0,2.9,0.7,-0.3,4.5,0.3,2.1,5.2,0.6
202510,3.0,4.2,4.4,7.1,3.2,40.2,40.2,3.8,6.4,1.9,0.9,2.1,2.3,3.5,1.6,2.2,-0.2,-4.8,0.6,3.3,-1.7,1.3,-56.2,0.2,2.2,4.7,0.5,0.2,0.7,0.4,0.2,0.9,3.4,3.0,0.7,-0.3,5.4,1.4,2.3,5.0,0.6
202511,2.9,4.0,4.2,6.8,3.1,37.1,37.1,3.5,6.1,1.5,0.3,1.9,3.3,3.5,1.6,2.1,-0.1,-4.8,0.6,3.3,-1.7,1.4,-56.2,0.2,2.1,4.5,0.6,0.2,0.7,0.4,0.2,0.9,3.4,3.0,0.6,-0.3,5.4,1.2,1.8,4.9,1.0
202512,2.1,2.7,3.2,4.0,0.4,34.4,34.4,3.1,5.8,1.3,-3.8,2.1,-2.2,3.6,1.4,1.9,-0.2,-4.8,0.6,3.4,-1.7,0.8,-56.2,0.2,2.0,4.4,0.6,0.3,0.8,0.5,0.3,0.9,3.0,3.0,0.7,-0.3,4.3,1.4,1.8,3.1,-0.8
202601,1.5,1.6,2.4,0.9,-2.4,27.7,27.7,2.3,5.5,1.3,-10.1,1.7,-1.9,1.5,1.5,2.0,-0.3,-17.7,0.6,2.8,-2.1,0.9,-39.9,0.3,2.0,4.0,0.7,0.2,0.8,0.5,0.2,0.9,3.2,2.9,0.5,-0.1,4.9,0.6,1.9,1.7,-0.8
202602,1.3,1.1,1.6,1.0,-1.2,16.9,16.9,2.3,5.5,0.9,-10.9,1.8,-7.1,1.7,1.5,2.0,-0.4,-18.0,0.7,2.6,-2.1,1.0,-39.9,0.2,2.0,3.8,0.7,0.3,0.9,0.5,0.3,1.0,3.3,2.9,0.3,0.0,5.1,0.9,1.7,1.0,-2.5
202603,1.5,1.4,1.9,-0.1,-1.1,6.7,6.7,3.0,5.4,1.2,-3.0,2.1,-7.1,2.0,1.5,2.0,-0.4,-18.0,0.6,2.7,-2.1,0.7,-39.9,0.2,2.1,4.0,0.7,0.3,0.9,0.6,0.3,1.0,3.3,2.9,0.3,0.1,5.0,1.5,1.8,1.3,-2.5
202604,1.4,1.6,1.7,1.8,2.0,0.7,0.7,2.2,4.6,0.9,-5.4,1.4,-2.9,1.7,1.2,1.5,-0.3,-71.7,0.6,2.7,-3.2,2.2,0.5,0.2,1.6,3.7,0.6,0.2,0.7,0.4,0.2,0.8,2.2,2.8,0.5,-4.3,4.5,0.9,1.8,1.6,-1.1
202605,1.5,1.8,1.6,2.5,3.7,-4.8,-4.8,2.4,4.3,0.9,-2.7,1.7,-3.2,1.8,1.2,1.6,-0.3,-71.7,0.7,2.8,-3.2,2.1,0.5,0.2,1.6,3.7,0.6,0.2,0.7,0.4,0.2,0.8,2.4,3.1,0.5,-4.2,4.7,1.2,1.9,1.8,-1.2
202606,1.6,2.2,2.0,2.4,4.2,-8.3,-8.3,2.8,3.9,0.8,2.4,2.1,-2.1,1.7,1.1,1.4,0.2,-71.6,0.8,2.8,-1.1,2.0,0.5,0.2,1.3,4.0,0.6,0.2,0.8,0.4,0.2,0.9,1.5,3.7,0.6,-4.2,2.4,1.4,2.3,2.3,-0.5
202607,1.9,2.7,2.4,3.4,5.9,-11.6,-11.6,3.2,4.0,0.4,2.1,3.0,-0.8,1.5,1.2,1.5,0.3,-71.7,0.8,3.0,-1.1,1.9,0.5,-0.6,1.4,4.2,0.7,0.2,0.8,0.4,0.1,0.9,1.7,4.1,0.3,-4.2,2.5,2.0,2.4,2.9,0.0
202608,1.9,2.6,2.4,2.4,5.3,-15.7,-15.7,3.4,3.7,0.6,1.6,4.0,-2.3,1.4,1.2,1.5,0.6,-71.4,0.8,2.9,0.2,1.9,0.5,-0.5,1.3,4.5,0.7,0.2,0.9,0.5,0.2,1.0,1.2,4.3,0.6,-4.2,1.4,3.0,2.5,2.6,-0.3
