類・品目,総合,生鮮食品を除く総合,持家の帰属家賃を除く総合,持家の帰属家賃及び生鮮食品を除く総合,生鮮食品及びエネルギーを除く総合,食料（酒類を除く）及びエネルギーを除く総合,食料,生鮮食品,生鮮食品を除く食料,穀類,魚介類,生鮮魚介（再掲）,肉類,乳卵類,野菜・海藻,生鮮野菜（再掲）,果物,生鮮果物（再掲）,油脂・調味料,菓子類,調理食品,飲料,酒類,外食,住居,持家の帰属家賃を除く住居,家賃,持家の帰属家賃を除く家賃,設備修繕・維持,光熱・水道,電気代,ガス代,他の光熱,上下水道料,家具・家事用品,家庭用耐久財,室内装備品,寝具類,家事雑貨,家事用消耗品,家事サービス,被服及び履物,衣料,和服,洋服,シャツ・セーター・下着類,シャツ・セーター類,下着類,履物類,他の被服,被服関連サービス,保健医療,医薬品・健康保持用摂取品,保健医療用品・器具,保健医療サービス,交通・通信,交通,自動車等関係費,通信,教育,授業料等,教科書・学習参考教材,補習教育,教養娯楽,教養娯楽用耐久財,教養娯楽用品,書籍・他の印刷物,教養娯楽サービス,諸雑費,理美容サービス,理美容用品,身の回り用品,たばこ,他の諸雑費,エネルギー,教育関係費,教養娯楽関係費,情報通信関係費
Group/Item,All items,"All items, less fresh food","All items, less imputed rent","All items, less imputed rent & fresh food","All items, less fresh food and energy","All items, less food (less alcoholic beverages) and energy",Food,Fresh food,"Food, less fresh food",Cereals,Fish & seafood,Fresh fish & seafood (reentry),Meats,Dairy products & eggs,Vegetables & seaweeds,Fresh vegetables (reentry),Fruits,Fresh fruits (reentry),"Oils, fats & seasonings",Cakes & candies,Cooked food,Beverages,Alcoholic beverages,Meals outside the home,Housing,"Housing, less imputed rent",Rent,"Rent, less imputed rent",Repairs & maintenance,"Fuel, light & water charges",Electricity,Gas,Other fuel & light,Water & sewerage charges,Furniture & household utensils,Household durable goods,Interior furnishings,Bedding,Domestic utensils,Domestic non-durable goods,Domestic services,Clothes & footwear,Clothes,Japanese clothing,Clothing,"Shirts, sweaters & underwear",Shirts & sweaters,Underwear,Footwear,Other clothing,Services related to clothing,Medical care,Medicines & health fortification,Medical supplies & appliances,Medical services,Transportation & communication,Public transportation,Private transportation,Communication,Education,School fees,School textbooks & reference books for study,Tutorial fees,Culture & recreation,Recreational durable goods,Recreational goods,Books & other reading materials,Recreational services,Miscellaneous,Personal care services,Toilet articles,Personal effects,Tobacco,Other miscellaneous,Energy,Expenses for education,Expenses for culture & recreation,Expenses for information & communication
類・品目符号(Group/Item code),0001,0161,0163,0166,0178,0168,0002,0157,0172,0003,0008,0158,0013,0016,0021,0159,0027,0160,0030,0033,0034,0037,0041,0042,0045,0164,0046,0165,0051,0054,0056,0057,0058,0059,0060,0061,0066,0070,0073,0077,0081,0082,0083,0084,0085,0089,0090,0094,0098,0103,0106,0107,0108,0109,0110,0111,0112,0113,0117,0118,0119,0120,0121,0122,0123,0128,0134,0138,0145,0146,0147,0151,0155,0156,0167,0162,0173,0169
含類総連番(Serial number),001,740,742,745,747,748,002,736,741,003,021,737,055,067,079,738,128,739,148,172,191,226,249,258,286,743,287,744,295,315,316,318,321,323,326,327,344,349,355,370,385,393,394,395,397,427,428,444,455,462,468,473,474,488,501,506,507,526,554,561,562,572,575,580,581,592,627,637,675,676,683,712,724,727,746,749,750,751
ウエイト(Weight),3543757090,3409504328,2964685470,2830432708,3144158123,2341950403,975803165,134252762,841550403,89417743,63331028,34438066,85873687,46467605,97870815,65627165,37528886,34187531,42480425,94788055,138511440,60169161,39342683,180021637,773321148,194249528,659437087,80365467,113884061,247346867,133318023,49084785,13761542,51182517,131897186,44403921,5998863,8214562,24963736,38822448,9493656,105807048,42767080,1089323,41677757,32904173,22334968,10569205,15793408,8627972,5714415,165090296,41625151,30404943,93060202,511544532,62835244,328857072,119852216,110104238,79573626,2099663,28430949,320898162,25613499,70186803,30205061,194892799,201944448,39164099,55642785,20480111,13470674,73186779,265346205,131247113,350010046,151648778
ウエイト１万分比(Weight per 10000),10000,9621,8366,7987,8872,6609,2754,379,2375,252,179,97,242,131,276,185,106,96,120,267,391,170,111,508,2182,548,1861,227,321,698,376,139,39,144,372,125,17,23,70,110,27,299,121,3,118,93,63,30,45,24,16,466,117,86,263,1444,177,928,338,311,225,6,80,906,72,198,85,550,570,111,157,58,38,207,749,370,988,428
197001,,,7.8,,,,,,,,,,,,,,,,,,,,,,,,,,,,,,,,,,,,,,,,,,,,,,,,,,,,,,,,,,,,,,,,,,,,,,,,,,,
197002,,,8.5,,,,,,,,,,,,,,,,,,,,,,,,,,,,,,,,,,,,,,,,,,,,,,,,,,,,,,,,,,,,,,,,,,,,,,,,,,,
197003,,,8.3,,,,,,,,,,,,,,,,,,,,,,,,,,,,,,,,,,,,,,,,,,,,,,,,,,,,,,,,,,,,,,,,,,,,,,,,,,,
197004,,,8.3,,,,,,,,,,,,,,,,,,,,,,,,,,,,,,,,,,,,,,,,,,,,,,,,,,,,,,,,,,,,,,,,,,,,,,,,,,,
197005,,,7.6,,,,,,,,,,,,,,,,,,,,,,,,,,,,,,,,,,,,,,,,,,,,,,,,,,,,,,,,,,,,,,,,,,,,,,,,,,,
197006,,,6.8,,,,,,,,,,,,,,,,,,,,,,,,,,,,,,,,,,,,,,,,,,,,,,,,,,,,,,,,,,,,,,,,,,,,,,,,,,,
197007,,,6.3,,,,,,,,,,,,,,,,,,,,,,,,,,,,,,,,,,,,,,,,,,,,,,,,,,,,,,,,,,,,,,,,,,,,,,,,,,,
197008,,,5.8,,,,,,,,,,,,,,,,,,,,,,,,,,,,,,,,,,,,,,,,,,,,,,,,,,,,,,,,,,,,,,,,,,,,,,,,,,,
197009,,,7.4,,,,,,,,,,,,,,,,,,,,,,,,,,,,,,,,,,,,,,,,,,,,,,,,,,,,,,,,,,,,,,,,,,,,,,,,,,,
197010,,,8.6,,,,,,,,,,,,,,,,,,,,,,,,,,,,,,,,,,,,,,,,,,,,,,,,,,,,,,,,,,,,,,,,,,,,,,,,,,,
197011,,,8.6,,,,,,,,,,,,,,,,,,,,,,,,,,,,,,,,,,,,,,,,,,,,,,,,,,,,,,,,,,,,,,,,,,,,,,,,,,,
197012,,,8.3,,,,,,,,,,,,,,,,,,,,,,,,,,,,,,,,,,,,,,,,,,,,,,,,,,,,,,,,,,,,,,,,,,,,,,,,,,,
197101,6.5,6.1,6.3,6.0,6.5,6.5,6.8,8.9,6.2,4.0,14.0,17.4,2.2,-2.2,11.0,14.7,-6.7,-7.4,8.9,8.5,25.6,4.2,7.2,11.3,8.2,8.1,8.3,8.4,7.5,3.0,0.0,1.1,14.3,,5.1,3.3,9.1,4.7,8.0,5.2,7.9,10.8,11.7,10.9,12.1,11.1,9.8,12.1,8.4,8.0,10.7,8.1,2.9,10.2,10.0,3.9,6.9,2.6,0.2,3.6,4.6,0.0,,5.1,-0.6,7.4,6.5,6.5,5.3,15.3,3.5,6.7,0.0,0.6,3.2,,,
197102,6.0,6.1,5.8,5.9,6.2,6.1,6.2,5.5,6.5,3.7,14.5,17.9,1.5,-2.9,7.4,6.5,-8.5,-9.0,8.9,8.3,23.0,4.4,7.2,12.2,8.3,7.9,8.4,8.5,7.4,3.2,0.0,1.0,14.5,,5.1,2.9,9.7,5.0,8.2,5.3,7.2,9.6,9.3,9.7,9.2,10.6,9.3,11.7,8.3,8.1,10.7,1.5,3.0,10.0,0.3,3.9,6.5,3.0,0.2,7.0,4.6,16.0,,4.8,-1.2,6.4,6.4,6.5,5.5,14.8,5.1,6.6,0.0,0.6,3.3,,,
197103,5.3,6.3,5.1,6.2,6.2,6.1,4.3,-3.5,6.9,3.6,13.1,15.8,1.9,-0.4,-3.5,-11.1,-12.7,-13.3,8.8,8.4,18.2,4.3,7.2,12.0,8.1,7.8,8.4,8.4,7.1,3.2,0.0,1.1,15.2,,5.2,3.0,9.6,5.3,8.3,5.4,7.1,9.5,9.7,8.1,10.3,10.0,8.9,11.1,7.9,8.7,10.7,1.5,3.0,9.4,0.3,3.6,5.6,3.3,0.2,7.0,4.6,16.0,,4.8,-1.4,6.5,6.6,6.4,5.2,14.1,4.6,5.8,0.0,0.6,3.7,,,
197104,5.8,6.6,5.6,6.4,6.8,7.0,4.3,-3.0,6.5,3.6,14.5,18.5,1.7,0.1,-5.4,-14.3,-8.9,-9.4,8.6,8.4,8.7,4.3,7.2,11.9,8.4,8.2,8.7,8.8,7.4,3.3,-0.2,1.4,16.2,,5.2,2.6,9.7,5.9,8.1,5.4,9.5,9.5,9.6,9.3,9.8,10.7,10.8,10.6,7.7,8.7,11.2,1.4,3.0,8.9,0.3,4.0,5.2,4.7,0.4,8.8,7.0,16.0,,8.8,-1.5,6.6,17.3,11.1,4.9,14.1,4.0,5.3,0.0,0.7,4.6,,,
197105,6.4,7.3,6.1,6.9,7.3,7.3,5.2,-1.5,7.0,3.5,18.4,25.3,2.4,8.3,-6.7,-17.5,-8.1,-8.4,7.8,8.6,4.9,3.6,7.2,11.3,9.6,8.3,10.2,9.0,7.6,3.9,-0.2,2.8,16.9,,4.9,2.0,7.3,7.2,8.1,5.4,9.9,10.5,12.0,14.5,11.1,10.6,12.4,9.0,7.4,8.9,11.1,1.5,3.1,8.5,0.3,4.3,4.9,4.5,2.6,8.8,7.0,16.0,,8.7,-1.8,5.9,18.7,10.9,4.5,12.9,3.3,5.1,0.0,0.7,5.1,,,
197106,6.9,7.6,6.7,7.4,7.6,7.7,6.0,0.8,7.8,3.3,19.3,26.9,2.8,9.7,4.0,-3.4,-17.9,-18.4,7.0,8.8,6.2,3.3,7.1,11.3,10.0,8.3,10.5,9.0,7.3,4.0,-0.2,3.4,17.1,,4.9,2.0,7.2,6.8,8.5,5.7,9.0,13.3,18.4,21.8,17.3,10.7,13.0,8.7,7.8,8.6,11.1,1.4,3.0,8.0,0.3,4.3,4.7,4.8,2.6,8.8,7.0,16.0,,8.4,-2.3,4.6,18.6,11.0,4.6,13.6,3.0,5.0,0.0,0.7,5.3,,,
197107,6.9,7.3,6.7,7.0,7.5,7.6,6.0,1.4,7.3,3.0,18.3,24.9,3.1,7.9,-4.5,-19.5,-3.4,-3.4,6.5,9.2,6.1,3.0,7.1,11.2,10.1,9.4,10.1,9.0,10.1,4.2,-0.2,3.8,17.5,,4.9,1.6,7.2,5.9,8.0,7.2,8.9,10.8,12.5,21.3,9.5,11.0,13.0,9.3,7.8,8.6,11.2,0.6,3.0,6.7,-0.7,4.6,4.7,5.0,3.7,8.8,7.0,16.0,,8.5,-2.3,5.1,19.1,10.9,4.5,13.2,2.7,5.0,0.0,0.7,5.5,,,
197108,7.0,7.1,6.9,7.0,7.1,6.9,7.3,6.5,7.3,2.5,17.8,23.7,4.4,11.6,3.3,-5.9,-1.9,-1.9,5.9,9.4,6.1,2.9,7.0,11.2,8.8,8.9,8.6,8.0,10.0,4.2,-0.2,3.9,17.6,,4.5,0.7,7.4,5.1,7.9,7.1,9.3,10.1,13.8,20.9,11.1,5.7,2.2,8.8,7.7,8.1,11.0,1.0,2.8,5.3,0.0,4.6,4.6,4.9,3.8,8.8,7.0,16.0,,8.3,-2.8,4.2,19.0,10.7,4.6,13.7,2.4,4.7,0.0,0.7,5.4,,,
197109,8.0,7.0,8.0,6.9,7.1,6.7,10.4,19.4,8.1,1.7,18.3,24.1,6.8,16.1,23.8,29.2,3.5,3.7,4.3,9.0,6.0,2.4,6.4,11.4,8.5,8.4,8.2,7.7,9.4,4.0,-0.2,3.8,15.9,,3.6,-0.3,7.0,4.4,7.7,6.7,8.7,9.3,11.8,15.6,10.4,6.7,3.8,9.3,7.6,7.9,10.5,1.1,3.0,4.6,0.0,4.5,4.7,4.8,3.8,8.8,7.0,16.0,,7.9,-2.0,5.1,18.8,9.2,4.6,14.0,2.4,4.3,0.0,0.9,5.2,,,
197110,6.5,6.3,6.4,6.2,6.4,6.2,7.1,9.7,6.3,1.5,16.3,20.0,6.5,6.6,8.1,4.7,4.3,4.5,3.3,8.2,6.7,2.0,1.7,10.3,8.5,8.4,8.4,7.6,9.3,3.6,-0.2,3.8,12.7,,3.8,0.6,6.7,4.5,6.8,6.3,9.1,8.3,8.7,14.3,6.6,8.4,9.3,7.6,7.3,7.6,10.3,1.1,3.3,3.5,0.0,2.9,1.2,4.3,3.7,8.9,7.1,16.0,,7.8,-2.4,4.0,19.2,9.5,4.3,13.2,2.2,4.2,0.0,0.9,4.5,,,
197111,5.5,6.0,5.2,5.7,6.0,5.9,4.6,0.1,5.6,1.2,9.8,9.1,5.9,6.7,-2.6,-12.3,4.2,4.6,3.2,7.5,5.9,1.8,0.1,9.6,9.0,8.9,8.8,8.0,10.0,3.0,-0.2,3.5,9.9,,3.7,0.9,6.1,5.1,6.2,4.9,9.3,8.1,8.9,14.8,6.8,7.8,8.6,7.1,7.4,6.7,9.5,0.9,3.1,2.6,0.0,2.8,1.2,4.2,3.7,8.9,7.1,16.0,,6.5,-3.0,2.9,13.4,9.5,4.1,12.5,2.2,4.0,0.0,0.9,3.8,,,
197112,4.8,5.5,4.6,5.2,5.7,5.7,3.5,-4.3,5.9,1.3,8.6,7.4,5.9,7.4,-9.0,-21.5,2.2,2.4,2.9,7.2,5.3,1.0,0.1,8.8,8.9,8.6,8.9,7.7,9.7,2.7,-0.2,3.2,8.3,,3.6,1.0,6.3,5.2,6.1,4.0,7.4,7.4,7.9,13.7,5.9,7.4,7.8,7.0,7.1,5.8,9.5,0.9,3.1,1.2,0.0,2.6,1.3,3.5,3.7,8.9,7.1,16.0,,6.4,-2.6,2.9,13.2,9.5,4.1,12.7,1.9,3.9,0.0,0.9,3.5,,,
197201,4.1,5.2,3.8,4.9,5.3,5.4,2.1,-7.7,4.9,1.1,7.4,6.9,6.0,3.1,-14.2,-28.2,0.7,0.8,3.6,7.4,4.9,1.2,0.0,8.2,9.0,8.7,8.7,7.5,10.3,2.3,-0.2,2.9,6.7,,2.8,-0.2,5.0,5.2,5.4,3.6,7.8,6.3,7.2,12.0,5.3,4.4,3.8,4.9,6.5,5.4,9.5,0.8,2.9,0.9,0.0,2.5,1.0,3.4,3.7,8.9,7.1,16.0,,6.7,-2.5,2.9,14.5,9.2,3.7,11.8,1.9,2.7,0.0,0.6,3.1,,,
197202,4.5,5.8,4.1,5.5,5.7,6.0,2.3,-6.5,4.5,1.2,6.9,6.3,6.7,4.5,-11.9,-24.0,0.7,0.8,3.8,7.1,4.5,1.1,0.0,7.4,9.0,8.6,8.7,7.5,9.9,1.9,-0.2,2.9,5.2,,2.5,-0.3,4.1,4.8,5.1,3.3,8.5,6.7,8.3,11.5,7.0,4.3,3.9,4.7,6.7,5.2,9.3,9.6,3.2,1.2,12.6,4.0,3.5,3.2,6.9,5.5,7.1,0.0,,6.7,-1.8,3.6,12.9,9.4,3.3,11.5,0.2,2.5,0.0,0.6,2.7,,,
197203,5.3,5.7,5.0,5.4,6.0,6.0,4.3,0.8,5.0,1.3,6.1,5.4,6.9,9.2,-3.4,-11.3,9.1,9.7,3.8,7.2,4.8,1.0,0.0,7.8,8.7,8.5,8.4,7.4,9.6,1.6,-0.2,2.5,3.7,,2.0,-1.3,3.9,4.2,4.8,3.1,8.4,6.5,7.9,13.2,5.9,4.4,3.5,5.1,6.5,5.1,9.4,9.6,3.4,0.9,12.6,3.9,3.6,2.6,7.1,5.5,7.1,0.0,,7.4,-1.4,5.4,14.5,9.3,3.5,12.1,0.3,2.7,0.0,0.6,2.1,,,
197204,5.0,5.4,4.5,4.9,5.5,5.3,4.8,2.7,5.4,1.5,7.3,7.8,7.3,9.7,2.0,-2.4,2.6,2.8,3.2,7.1,6.1,0.7,0.0,7.5,9.7,8.2,9.7,7.6,9.0,1.4,-0.2,2.0,2.1,,1.9,-1.1,3.5,3.1,4.6,2.9,9.5,4.8,4.0,9.8,1.9,4.2,2.6,5.6,6.1,4.8,8.9,9.7,3.7,1.0,12.6,3.4,3.7,1.1,7.0,6.9,8.9,0.0,,3.5,-1.3,5.7,3.9,4.7,3.6,12.4,0.3,2.4,0.0,1.0,0.9,,,
197205,5.2,4.9,4.8,4.5,5.3,5.2,5.5,8.0,4.7,2.0,4.8,3.8,6.6,2.9,13.5,16.6,3.5,3.8,2.7,6.6,7.0,0.9,0.0,7.7,8.6,7.9,8.6,7.5,8.3,1.0,-0.2,1.3,1.1,,1.6,-0.9,4.3,1.4,3.6,2.7,9.1,3.9,2.9,10.9,0.1,4.0,2.9,4.9,5.7,4.1,8.3,10.2,3.8,12.1,12.6,3.1,4.2,1.0,4.7,7.6,9.6,0.0,,4.3,-0.5,10.2,2.9,4.9,3.5,12.5,0.2,1.9,0.0,1.0,0.5,,,
197206,4.8,4.9,4.4,4.6,5.1,5.1,4.6,3.8,4.5,2.9,4.2,2.8,6.3,2.4,7.3,6.3,2.5,2.6,2.5,6.3,6.3,1.2,0.0,7.7,8.4,8.1,8.3,7.9,8.4,0.9,-0.2,0.7,1.0,,1.4,-0.9,4.0,0.6,3.3,2.2,9.9,4.5,4.1,8.0,2.6,4.2,2.6,5.7,5.5,4.4,8.1,10.3,4.1,12.2,12.6,3.2,4.4,1.0,4.7,7.6,9.7,0.0,,3.9,0.0,7.4,2.4,4.8,3.7,13.0,0.2,2.6,0.0,1.0,0.4,,,
197207,5.0,5.1,4.6,4.7,5.2,5.5,4.6,4.5,4.6,2.9,5.2,4.6,5.4,3.1,16.2,24.3,-9.7,-10.1,2.0,5.8,6.9,1.2,0.0,7.4,9.0,8.2,8.9,7.8,8.7,0.7,-0.2,0.4,0.8,,1.4,-0.2,3.6,1.0,3.1,0.6,10.4,5.5,6.7,11.2,5.1,3.7,2.9,4.3,5.4,4.1,8.1,10.4,4.2,12.3,12.6,3.2,5.3,0.8,3.5,7.6,9.7,0.0,,4.1,0.1,8.4,2.6,4.9,3.8,13.3,0.1,2.5,0.0,1.0,0.3,,,
197208,5.9,5.2,5.6,4.7,5.5,5.9,6.3,14.2,4.2,3.0,3.7,2.3,4.0,1.6,17.2,24.8,20.9,21.8,1.9,5.3,6.4,1.2,0.0,7.2,10.1,8.6,10.4,8.3,8.9,2.3,-0.2,6.1,0.5,,1.3,0.2,3.3,1.2,2.8,0.5,10.0,6.6,8.5,11.3,7.3,5.5,7.4,3.9,5.9,4.3,7.9,10.4,4.4,12.5,12.6,3.8,6.8,1.0,3.4,7.6,9.7,0.0,,4.3,0.0,9.7,3.0,4.9,3.8,13.1,0.2,2.7,0.0,1.0,1.8,,,
197209,3.9,4.8,3.3,4.2,5.1,5.6,1.3,-6.8,3.6,3.2,0.4,-2.9,2.2,-1.9,-9.8,-20.0,5.3,5.5,2.3,5.3,7.4,1.2,0.0,7.1,10.1,7.8,10.9,8.8,6.6,2.2,-0.2,6.1,0.0,,0.9,-1.6,3.3,1.8,2.8,0.7,9.9,5.8,6.8,11.1,5.2,3.6,3.3,4.0,6.8,3.7,7.9,10.3,4.0,12.3,12.6,3.9,6.8,1.0,3.4,7.6,9.7,0.0,,3.9,-0.2,6.8,2.9,5.1,4.0,13.4,0.1,3.2,0.0,1.6,1.7,,,
197210,4.4,5.5,3.9,4.9,5.9,6.0,2.2,-8.7,5.4,8.6,0.9,-1.6,3.1,3.1,-11.7,-22.4,1.1,1.0,2.4,5.2,9.4,1.4,0.0,7.5,10.4,7.6,11.3,8.9,5.9,2.0,-0.2,6.3,-0.9,,1.1,-1.0,2.7,1.8,3.5,0.6,9.2,6.1,7.4,11.0,6.0,3.1,1.7,4.4,7.4,3.3,7.8,10.1,3.3,12.2,12.6,4.2,7.4,1.0,3.5,8.2,10.4,0.0,,4.0,0.0,7.4,2.8,4.7,4.3,14.1,0.1,3.6,0.0,1.6,1.6,,,
197211,5.1,5.7,4.5,5.2,6.1,6.1,3.6,-3.5,5.6,9.0,5.4,6.4,4.2,4.7,-1.6,-8.0,-11.2,-11.9,2.0,5.0,7.7,1.4,0.0,7.5,10.2,7.4,11.2,8.7,5.9,2.3,-0.2,6.9,-0.7,,1.4,-0.4,3.4,1.4,3.7,0.5,9.0,6.0,6.7,11.5,4.8,3.5,2.6,4.4,8.2,3.8,8.1,10.1,2.9,12.2,12.6,4.4,7.8,1.0,3.8,8.2,10.4,0.0,,4.7,0.2,8.2,5.6,4.7,4.8,15.5,0.1,4.5,0.0,1.6,1.9,,,
197212,5.7,6.0,5.3,5.5,6.3,6.2,5.1,2.1,5.7,8.8,5.0,6.3,5.0,4.8,14.4,20.5,-22.2,-23.3,1.9,5.1,9.1,1.4,0.0,9.0,10.1,7.8,10.8,8.6,7.0,2.3,-0.2,7.0,-0.4,,1.6,0.3,1.5,1.6,4.2,0.7,9.1,6.7,7.7,12.2,5.9,3.7,3.0,4.4,8.9,3.7,7.8,10.0,2.9,12.2,12.6,4.4,7.8,1.1,3.8,8.2,10.4,0.0,,4.9,0.6,9.1,5.9,4.6,5.1,15.8,0.2,5.4,0.0,1.6,1.9,,,
197301,6.7,6.5,6.2,6.0,6.9,6.9,6.6,7.1,6.7,8.9,7.7,9.6,6.0,7.8,20.8,31.9,-21.9,-23.0,1.2,4.7,12.5,1.5,0.1,9.4,9.9,7.9,10.8,8.6,7.1,2.3,-0.2,7.2,-0.3,,2.4,2.0,0.9,1.6,4.2,0.6,9.6,8.7,10.1,14.1,8.5,7.3,9.6,5.3,9.7,4.1,7.9,10.1,2.9,12.5,12.6,5.0,9.1,1.3,3.8,8.2,10.4,0.0,,5.1,0.8,9.7,4.4,5.4,5.4,16.6,0.2,6.1,0.0,1.6,2.1,,,
197302,7.0,7.2,6.7,6.8,7.5,6.6,7.6,4.0,8.7,8.9,6.2,6.2,9.7,10.0,21.8,22.6,-18.5,-19.4,3.7,5.7,12.4,2.0,0.1,10.2,10.6,8.9,10.9,8.7,9.0,2.7,-0.2,7.5,0.8,,3.1,2.8,1.8,3.7,5.5,0.6,9.0,10.8,13.0,18.6,10.8,8.3,10.3,6.5,11.3,5.0,8.5,1.4,2.8,12.5,0.0,4.6,7.2,3.6,0.7,8.2,10.5,0.0,,5.6,0.8,10.0,6.0,5.5,4.9,17.3,-5.2,7.7,0.0,1.6,3.8,,,
197303,8.7,8.5,8.4,8.3,8.8,7.9,10.0,9.2,10.3,9.1,9.1,9.4,17.0,12.9,26.2,30.7,-12.5,-13.2,6.6,5.9,15.0,2.1,0.1,11.0,11.5,10.5,11.1,9.0,12.4,3.1,-0.2,8.1,2.1,,4.4,3.5,4.1,7.7,6.3,1.1,8.9,15.6,17.7,21.3,16.2,11.0,13.9,8.5,13.6,6.6,9.9,1.3,2.7,12.7,0.0,5.3,8.3,4.4,1.1,10.8,10.5,12.1,,5.4,0.9,11.0,4.2,5.7,5.3,18.0,-5.3,9.2,0.0,1.6,4.6,,,
197304,9.4,9.3,9.4,9.2,9.5,8.7,10.5,9.7,10.6,9.1,10.1,10.1,18.0,11.6,21.6,22.5,-5.8,-6.2,8.0,6.4,17.7,2.3,0.0,12.6,10.6,11.8,9.5,8.5,15.8,3.9,0.0,9.9,4.6,,6.1,5.3,5.0,12.6,7.5,1.9,8.8,19.8,22.6,28.8,20.2,12.0,14.4,10.0,15.8,8.3,11.2,1.3,2.5,12.5,0.0,5.9,9.2,5.1,1.0,12.1,12.1,12.1,,4.9,0.8,10.2,4.2,4.8,5.8,18.4,-5.3,10.5,0.0,1.2,5.6,,,
197305,10.8,10.4,10.9,10.5,10.4,9.8,12.4,17.4,11.0,8.8,13.2,14.3,18.6,10.4,27.3,32.4,1.2,1.1,8.8,7.0,18.5,2.7,0.2,13.2,10.7,12.3,9.1,8.5,16.9,4.4,0.0,10.7,5.4,,7.3,6.1,5.8,15.0,9.5,2.2,9.3,25.2,33.2,26.9,35.7,12.3,13.1,11.6,17.3,10.2,12.3,0.7,2.4,1.3,0.0,6.1,8.9,5.6,1.1,12.1,12.1,12.1,,5.2,1.3,11.1,4.1,4.8,6.2,18.7,-5.2,12.6,0.0,1.2,6.0,,,
197306,11.0,10.9,11.1,10.9,11.1,10.7,11.8,11.5,11.8,8.3,11.1,9.4,19.3,10.0,18.3,17.7,7.2,7.4,9.4,7.3,21.4,2.7,6.5,14.1,10.9,12.3,9.3,8.1,17.5,4.4,-0.4,10.6,6.1,,8.2,7.0,6.3,16.8,11.2,2.7,8.7,23.1,27.0,29.5,26.0,12.6,14.9,10.5,17.9,10.6,13.8,0.7,2.4,1.1,0.0,6.6,8.9,6.9,1.6,12.3,12.3,12.1,,8.8,1.5,10.2,4.6,13.6,6.3,18.9,-5.2,12.8,0.0,1.2,5.9,,,
197307,11.7,11.4,11.9,11.5,11.8,11.2,13.0,15.4,12.8,8.7,10.3,6.1,21.1,10.1,22.8,25.8,17.4,18.0,10.1,7.0,19.9,2.8,6.8,14.5,11.4,12.7,9.9,8.7,17.7,4.7,-0.4,10.8,7.1,,8.8,7.5,7.6,16.8,12.3,2.8,9.2,22.9,25.8,25.5,26.0,13.5,14.2,13.0,18.4,11.6,14.0,0.7,2.8,1.2,0.0,6.6,8.4,7.0,2.0,12.3,12.3,12.1,,11.1,1.8,9.1,16.2,13.5,6.9,19.6,-5.1,14.2,0.0,20.8,6.2,,,
197308,11.9,11.8,12.0,11.9,12.2,11.7,12.9,12.6,13.1,9.0,15.4,13.4,22.7,10.8,14.9,11.6,13.1,13.4,10.7,7.4,19.4,3.0,6.8,14.7,11.7,13.4,9.7,8.6,19.3,3.4,-0.4,5.4,8.5,,9.7,7.9,9.5,18.4,14.2,3.0,9.3,24.2,27.1,30.6,25.5,16.1,16.3,15.9,18.2,13.1,14.8,0.9,3.3,1.2,0.0,6.0,7.0,7.0,2.1,12.3,12.3,12.1,,11.9,3.3,10.8,17.4,13.6,7.4,20.4,-5.2,15.4,0.0,20.8,5.1,,,
197309,14.2,13.4,14.6,13.8,13.7,13.1,16.9,25.7,14.8,9.4,15.6,12.4,25.5,17.7,40.8,56.5,10.4,10.7,10.5,9.3,21.9,3.0,6.9,15.4,12.7,16.1,9.4,8.6,25.6,3.7,-0.4,5.5,10.1,,11.9,10.7,8.2,22.0,15.9,5.9,9.6,27.0,27.3,34.5,24.4,27.7,33.5,22.9,20.4,15.3,16.2,0.9,3.4,1.1,0.0,6.3,7.0,7.7,2.1,12.5,12.6,12.1,,13.8,4.1,13.9,23.1,13.5,8.0,20.4,-5.2,18.6,0.0,20.5,5.3,,,
197310,13.9,13.5,14.2,14.0,13.7,13.1,15.5,19.6,14.4,5.8,17.8,14.5,26.7,12.1,30.9,36.3,8.2,8.5,12.8,11.2,20.9,3.3,9.0,16.6,12.4,16.6,8.9,8.4,27.0,6.0,-0.2,9.8,14.9,,15.1,15.1,10.7,23.6,17.1,9.8,9.6,29.9,31.2,36.1,29.1,31.6,38.9,25.2,22.3,16.9,18.1,-10.5,3.5,1.4,-16.4,6.4,6.4,8.9,2.0,11.8,11.8,12.1,,13.6,4.7,13.4,22.9,13.5,8.2,21.0,-5.3,18.9,0.0,20.5,7.7,,,
197311,15.2,14.9,15.9,15.5,15.0,14.1,17.4,21.5,16.4,7.7,21.7,18.7,26.6,8.0,33.8,39.3,4.8,5.1,19.8,13.3,24.8,4.3,10.9,19.9,12.2,17.7,8.0,8.1,29.8,7.7,-0.2,10.8,21.6,,20.8,17.5,9.7,25.6,19.8,33.8,9.9,30.9,32.2,34.2,31.5,32.8,38.3,27.9,24.6,18.1,20.2,-10.4,3.8,2.5,-16.4,8.2,6.2,13.8,1.8,11.8,11.8,12.1,,13.7,5.3,16.3,19.6,13.7,8.6,21.3,-4.9,19.2,0.0,20.5,11.1,,,
197312,18.3,17.6,19.1,18.5,17.4,16.1,20.9,26.9,19.3,10.1,26.4,23.8,26.6,13.2,33.2,35.2,18.9,19.9,30.1,18.9,29.6,7.9,10.9,20.8,14.6,23.1,8.1,8.2,41.4,15.2,-0.2,29.0,31.7,,27.0,21.0,14.2,29.3,24.8,51.6,10.1,32.9,33.9,36.1,33.0,35.0,40.3,30.3,29.0,20.1,23.4,-10.1,3.7,7.6,-16.4,11.9,5.8,24.0,1.8,11.8,11.8,12.1,,15.6,7.3,22.9,18.9,14.3,10.6,26.2,-2.3,19.5,0.0,20.5,22.3,,,
197401,21.9,21.0,23.1,22.2,20.6,17.9,27.4,35.6,25.4,17.8,28.0,24.1,26.9,31.6,46.9,54.7,24.9,26.1,37.9,26.7,33.4,14.2,11.1,23.7,15.4,25.7,8.2,8.2,47.2,16.7,0.8,27.4,39.7,,35.2,28.1,21.8,34.1,33.6,67.5,9.5,34.0,33.5,37.1,32.2,35.7,36.6,35.0,35.3,22.6,28.5,-9.2,4.3,18.7,-16.4,12.6,5.0,27.2,1.8,13.5,11.8,20.7,,17.3,11.7,24.9,20.0,15.3,12.9,29.6,1.2,22.6,0.0,20.5,24.1,,,
197402,24.9,22.8,26.3,24.2,22.9,20.6,31.6,51.1,26.8,19.9,34.3,31.5,26.7,30.9,60.1,88.0,27.5,28.4,36.2,35.3,42.0,17.5,11.8,25.6,15.4,26.8,7.9,7.9,49.6,15.9,0.8,26.1,37.3,,39.4,37.8,29.3,36.8,43.4,53.5,10.6,34.1,31.6,34.2,30.5,37.8,36.3,39.1,38.3,25.5,30.6,2.3,4.4,30.1,-0.8,14.7,8.7,28.4,1.7,13.5,11.7,20.7,,21.7,17.7,33.8,26.8,15.7,15.5,31.6,9.3,24.9,0.0,20.5,21.6,,,
197403,22.8,21.7,24.0,22.9,21.8,19.9,27.0,34.4,25.0,19.7,30.5,25.7,19.9,18.2,41.6,53.1,20.0,20.2,31.9,40.2,43.6,18.8,11.8,25.2,14.9,25.7,8.0,7.9,46.5,15.4,0.8,25.6,35.9,,40.3,40.6,28.1,33.3,45.6,53.9,11.4,29.9,27.5,30.8,26.2,36.3,34.8,37.8,37.9,24.9,29.7,2.6,5.1,32.5,-0.8,14.2,8.0,28.2,1.1,10.8,11.7,7.7,,22.1,18.5,32.1,28.1,16.2,16.3,32.8,10.4,25.6,0.0,20.5,20.8,,,
197404,23.7,22.0,24.9,23.3,21.9,19.7,28.9,41.9,25.4,19.5,34.9,33.0,19.7,23.0,44.0,56.4,33.7,34.4,30.7,42.4,39.7,19.7,11.9,23.7,14.8,24.8,7.8,7.7,44.2,14.7,0.8,23.9,32.9,,42.1,45.9,30.1,28.9,46.6,52.2,17.3,26.1,24.3,26.7,23.3,33.1,28.9,36.9,37.2,24.6,28.9,2.8,5.2,33.5,-0.8,17.6,7.5,37.5,1.1,16.4,18.7,7.7,,23.7,19.6,29.9,29.0,20.3,16.9,33.0,11.0,27.2,0.0,23.2,25.7,,,
197405,22.0,22.2,23.1,23.6,22.2,19.9,24.9,18.5,27.0,19.7,31.1,26.8,20.4,27.7,10.8,1.1,35.9,36.6,30.6,45.1,39.6,21.4,24.1,23.8,14.4,24.9,7.4,7.3,45.1,14.5,0.8,23.3,33.1,,40.1,41.3,29.5,28.1,46.2,51.8,20.4,24.9,23.1,26.1,22.1,32.9,23.7,41.0,36.3,24.2,28.2,2.7,5.4,34.3,-0.8,17.6,8.0,37.2,1.0,16.6,18.9,7.7,,22.5,18.9,23.7,28.5,20.8,18.4,37.4,12.1,26.7,0.0,23.2,25.7,,,
197406,22.3,22.3,23.6,23.7,21.5,19.1,25.3,22.5,26.2,19.4,33.2,31.3,19.7,24.3,16.9,9.1,26.8,27.0,31.8,46.6,37.0,22.1,18.1,23.2,14.3,24.9,7.2,7.2,45.0,29.5,23.9,25.0,62.1,,39.3,41.4,29.5,27.1,43.9,50.3,20.5,26.0,26.4,22.1,28.1,32.9,22.3,42.4,35.9,24.0,27.5,2.7,5.4,35.2,-0.8,17.1,7.8,36.1,0.6,16.7,18.9,7.7,,19.5,19.2,29.8,28.1,11.6,18.7,37.2,12.8,27.1,0.0,23.7,38.9,,,
197407,23.8,23.1,25.2,24.5,22.2,20.0,28.0,34.1,26.3,19.2,36.5,39.3,18.7,30.3,33.4,38.8,21.4,21.4,33.0,47.9,41.5,22.2,19.0,23.1,14.0,24.9,6.6,7.0,45.2,30.3,23.9,25.1,65.2,,39.3,41.5,29.9,26.5,44.0,49.1,22.8,25.2,25.0,20.9,26.6,31.8,22.5,39.9,35.5,23.9,28.3,3.2,5.1,41.9,-0.8,17.1,7.9,36.0,0.2,16.7,18.9,7.7,,24.3,20.5,32.8,46.4,12.1,19.6,39.9,13.2,27.1,0.0,3.6,39.3,,,
197408,23.9,23.0,25.4,24.5,22.0,19.4,29.0,36.5,27.1,19.2,33.6,35.4,18.7,34.2,34.9,41.3,31.8,32.2,36.8,47.7,42.4,22.1,19.0,24.0,14.0,24.7,7.0,7.3,44.2,30.2,23.9,25.0,64.7,,38.9,41.9,28.5,24.8,42.8,50.0,23.7,21.0,18.1,14.9,19.6,27.7,18.8,35.3,35.1,22.6,28.1,3.4,4.9,47.2,-0.8,18.8,12.2,35.5,0.0,16.7,18.9,7.7,,24.5,18.9,30.6,49.1,12.3,20.0,41.3,13.4,26.4,0.0,3.6,39.0,,,
197409,22.5,22.2,23.8,23.5,21.2,18.5,26.2,24.7,26.4,18.8,33.3,36.0,16.1,36.0,24.4,23.3,12.8,12.5,38.1,46.4,39.5,22.7,18.9,24.5,13.2,23.1,6.9,7.0,40.5,36.7,23.9,45.0,65.5,,38.5,43.9,30.6,19.4,41.5,46.9,23.9,17.1,14.2,8.5,16.7,20.0,15.4,24.2,31.9,20.8,26.9,4.1,6.6,50.7,-0.8,19.2,13.8,34.7,0.0,16.5,18.7,7.7,,23.1,18.2,29.0,43.0,12.6,19.8,42.5,14.0,22.9,0.0,2.9,44.4,,,
197410,24.8,24.7,26.2,26.2,23.9,20.3,29.2,24.9,30.7,39.3,30.2,31.9,14.6,37.3,27.1,29.7,9.3,8.9,38.7,44.9,39.9,24.1,16.6,27.5,13.4,22.6,7.4,7.2,39.0,35.3,23.6,41.4,62.3,,36.3,41.9,28.0,17.8,39.9,42.0,25.4,15.5,12.8,6.7,15.4,17.3,13.9,20.5,29.5,19.3,25.8,30.1,7.6,51.8,37.6,24.3,25.5,34.0,2.6,24.3,18.7,46.2,,24.9,18.1,36.3,43.4,13.7,20.4,43.1,14.3,23.2,0.0,2.9,42.8,,,
197411,24.5,24.2,25.8,25.5,23.1,19.6,29.6,29.7,29.6,37.5,29.1,31.1,14.2,42.1,27.3,32.0,22.8,23.0,37.8,44.0,38.7,24.1,14.6,26.4,14.0,21.2,8.9,7.8,35.1,36.3,23.6,48.1,55.1,,29.5,38.4,28.6,16.0,37.1,16.2,25.8,14.1,11.5,7.0,13.4,15.6,13.2,17.8,26.2,18.1,24.8,30.1,7.6,51.4,37.6,25.9,30.1,32.6,2.6,24.4,18.8,46.2,,24.0,17.2,30.6,43.8,14.0,20.3,43.2,14.0,22.5,0.0,2.9,43.5,,,
197412,21.0,21.1,21.9,22.0,20.6,17.3,25.3,20.3,26.5,34.7,23.9,24.3,14.1,33.3,15.0,12.3,25.2,25.6,28.8,38.1,34.1,21.4,14.6,25.5,11.7,15.6,9.2,8.1,22.6,27.3,23.6,27.2,42.4,,22.8,33.9,24.4,12.6,31.4,1.7,25.7,11.7,8.9,5.0,10.5,13.3,11.1,15.2,21.1,16.5,22.3,29.7,7.7,44.7,37.6,22.1,31.3,21.9,2.6,24.4,18.8,46.2,,21.3,15.0,19.7,43.2,13.7,18.4,37.9,11.2,22.0,0.0,2.9,30.3,,,
197501,16.8,17.8,17.4,18.4,17.1,15.2,18.0,14.1,20.1,25.6,19.7,20.1,13.6,13.0,0.5,-7.6,21.7,22.1,21.8,31.1,27.3,15.9,14.3,22.8,11.1,12.8,9.4,8.3,16.9,24.0,18.5,27.6,34.1,,14.8,25.6,17.4,8.1,22.5,-8.9,26.3,8.7,6.8,3.8,8.1,9.1,8.2,10.0,14.5,13.7,17.7,28.8,7.8,31.3,37.6,21.5,32.8,19.1,2.6,22.4,18.8,35.7,,20.0,11.7,19.1,42.9,12.5,16.3,33.5,7.5,19.9,0.0,2.9,26.8,,,
197502,13.6,14.9,13.9,15.4,14.1,12.3,13.8,4.1,17.3,23.3,16.1,17.0,10.7,13.9,-8.6,-18.5,18.8,19.4,20.0,22.1,19.1,13.4,13.7,20.3,10.5,11.0,9.7,8.7,13.1,24.5,18.5,28.7,35.0,,10.4,16.2,9.9,3.7,13.0,-1.8,25.5,7.3,7.7,4.2,9.2,5.8,6.1,5.6,10.1,10.1,15.4,14.1,7.5,19.8,16.0,17.8,27.2,15.1,2.6,22.4,18.8,35.7,,15.4,6.2,9.6,34.5,12.4,14.7,30.8,5.3,17.6,0.0,2.9,27.4,,,
197503,13.9,14.7,14.2,15.0,13.8,11.6,15.6,10.3,17.7,23.3,16.1,18.1,11.1,27.5,-4.8,-13.2,29.1,30.3,20.7,17.6,14.1,14.5,13.7,19.3,10.3,10.6,9.6,8.7,12.3,25.3,18.5,30.7,35.5,,8.2,12.8,8.4,2.4,10.3,-3.0,25.6,6.5,7.8,5.3,8.8,4.2,4.2,4.1,7.8,8.4,14.5,13.8,6.6,17.9,16.0,17.7,26.8,15.1,2.6,22.4,18.8,35.7,,14.9,5.2,9.8,33.8,11.9,13.7,28.7,4.4,16.4,0.0,2.9,28.2,,,
197504,13.4,14.7,13.6,15.0,14.1,12.7,13.4,0.6,16.8,23.2,13.4,14.1,10.3,20.2,-11.4,-22.7,30.2,31.2,20.5,15.5,13.4,14.8,13.9,19.1,10.4,10.0,10.4,9.3,10.6,25.3,18.5,30.7,35.2,,4.1,4.5,5.5,1.4,8.3,-2.6,18.3,6.1,8.4,4.8,10.0,2.8,4.2,1.5,6.3,6.9,13.0,14.2,8.7,17.6,16.0,14.3,26.8,7.6,2.7,29.7,28.3,35.7,,19.1,4.6,14.3,32.7,20.5,13.7,28.1,7.9,14.4,0.0,1.4,22.3,,,
197505,14.0,13.3,14.1,13.5,13.0,11.9,15.6,14.9,14.7,22.6,13.8,15.6,9.6,12.5,13.9,18.3,24.5,25.3,20.6,13.3,13.5,14.0,3.1,18.1,10.8,9.6,11.4,10.0,9.2,24.9,18.5,30.5,34.2,,3.6,4.4,4.6,0.6,7.2,-2.8,16.5,5.6,8.2,4.9,9.3,0.4,4.5,-2.8,5.6,5.9,12.8,14.8,11.3,16.8,16.0,13.9,25.9,7.6,2.7,29.6,28.1,35.7,,18.3,4.2,10.7,33.2,20.2,12.8,25.4,6.9,13.7,0.0,1.4,21.9,,,
197506,13.4,12.7,13.4,12.7,13.0,11.7,15.8,15.4,14.7,22.2,15.3,17.7,12.0,15.7,14.6,20.6,20.4,21.2,20.6,11.7,12.8,14.1,3.2,17.6,10.8,9.5,11.5,10.4,8.8,10.3,-3.2,28.2,9.8,,3.2,3.6,3.9,0.4,6.8,-2.9,18.6,5.1,7.5,6.3,7.9,-0.4,4.1,-3.9,5.2,5.4,11.9,16.5,17.4,16.4,16.0,13.7,26.2,6.7,2.7,29.3,27.9,35.7,,17.7,3.8,7.8,33.0,20.5,12.8,26.1,6.2,13.1,0.0,1.0,10.1,,,
197507,11.4,11.7,11.4,11.7,11.9,10.4,12.8,3.2,14.7,21.9,12.0,12.6,15.4,10.1,-1.3,-8.2,16.9,17.6,18.8,11.8,10.1,14.4,2.3,17.3,10.9,9.1,11.9,10.4,8.1,10.0,-3.2,27.8,8.5,,2.5,2.9,3.0,-0.1,5.9,-3.1,16.4,5.4,8.5,6.9,9.2,-1.0,3.1,-4.0,4.9,4.8,10.9,16.0,18.0,10.9,16.0,13.5,25.9,6.7,2.7,29.4,28.0,35.7,,11.3,2.3,4.1,4.8,22.3,11.2,22.3,6.4,11.3,0.0,1.0,9.8,,,
197508,10.2,10.8,10.0,10.7,11.3,10.1,10.3,-3.2,13.6,21.5,11.0,11.1,15.8,4.7,-3.0,-10.4,-5.0,-5.0,11.8,11.9,9.4,14.4,4.0,16.7,10.5,8.4,11.6,10.0,7.1,10.8,-3.2,27.3,8.7,,1.9,2.2,2.4,-0.3,5.0,-4.0,16.2,5.2,7.9,6.5,8.5,-0.3,3.0,-2.8,4.5,4.2,10.4,15.7,18.2,6.8,16.0,11.9,21.2,6.8,2.8,29.4,28.0,35.7,,10.6,1.9,6.9,1.2,22.0,10.5,20.5,6.4,10.4,0.0,1.0,9.7,,,
197509,10.4,11.3,10.3,11.3,11.5,9.7,11.8,1.6,14.5,33.2,8.6,7.9,16.6,-1.2,-6.8,-14.8,20.8,21.5,11.3,11.2,9.0,13.8,6.3,16.2,10.3,8.2,11.5,9.9,6.8,6.7,-3.2,9.5,7.6,,0.8,0.7,0.6,0.1,3.4,-4.5,16.2,5.2,7.9,9.1,7.4,0.1,3.0,-2.4,4.1,3.9,9.9,15.2,16.7,4.4,16.0,11.6,20.4,6.6,2.8,29.4,27.9,35.7,,10.1,1.5,5.0,1.1,21.6,9.9,18.9,6.1,9.9,0.0,1.7,5.4,,,
197510,9.7,8.4,9.6,8.3,8.8,8.1,12.6,23.8,9.9,12.7,10.8,12.9,17.2,-0.3,15.7,23.0,35.1,36.5,9.2,10.1,8.3,12.0,7.5,12.1,9.9,8.0,11.0,9.7,6.6,6.0,-3.2,7.5,6.9,,-0.2,-1.1,1.3,-0.3,2.5,-5.0,15.0,5.4,7.2,10.1,6.1,2.1,4.5,-0.1,4.0,4.5,9.0,3.9,15.8,3.1,0.0,6.9,10.3,6.0,0.2,21.2,27.9,0.0,,9.3,0.6,2.7,1.0,21.2,9.2,17.0,6.1,9.5,0.0,1.7,4.4,,,
197511,8.3,7.5,8.1,7.3,8.2,7.9,9.9,17.9,8.5,12.0,8.8,10.6,17.7,-1.8,12.5,19.0,13.9,14.6,3.1,8.9,6.9,11.3,8.0,10.0,9.5,7.9,10.4,9.6,6.5,4.0,-3.2,1.5,6.1,,-0.5,-1.6,1.0,-0.6,1.8,-4.8,16.1,5.9,8.4,11.3,7.3,2.4,5.1,-0.1,3.2,4.5,7.9,3.8,15.7,2.3,0.0,4.4,6.9,3.3,0.2,21.2,27.8,0.0,,9.4,0.7,3.1,0.7,21.3,8.6,15.1,5.9,9.6,0.0,1.7,0.8,,,
197512,7.8,7.4,7.6,7.2,7.9,8.0,8.2,15.0,7.6,11.9,8.0,10.2,17.7,-4.5,10.0,15.9,2.6,2.7,0.2,7.7,6.1,10.1,8.1,8.7,9.3,7.6,10.2,9.4,6.1,4.5,-3.2,1.4,7.1,,-0.7,-1.9,-0.1,-0.8,1.2,-4.1,16.0,6.2,9.4,12.4,8.3,2.3,4.9,-0.1,3.2,4.1,7.3,3.8,15.7,1.9,0.0,5.8,9.6,3.7,0.2,21.2,27.8,0.0,,9.4,0.4,3.1,1.1,21.5,8.2,14.5,5.8,8.7,0.0,1.7,1.1,,,
197601,8.7,8.1,8.7,7.9,8.5,8.7,9.8,16.2,8.2,11.1,9.6,13.1,17.6,-1.3,22.3,35.9,-3.1,-3.3,0.2,6.3,7.3,6.5,13.2,8.5,8.6,7.7,9.5,9.4,5.6,5.9,0.0,2.9,11.3,,-1.1,-1.6,-0.4,-1.7,-1.3,-2.5,14.1,6.0,8.5,12.2,7.4,3.3,6.4,0.1,2.9,5.2,6.1,4.1,13.1,4.2,1.3,6.7,14.9,5.2,0.2,17.7,24.5,0.0,,8.6,-1.0,3.3,1.4,18.9,20.8,14.5,4.8,5.8,49.0,1.0,2.8,13.2,,
197602,9.3,8.5,9.3,8.3,8.8,9.1,10.8,19.9,8.5,11.1,8.5,11.7,17.7,0.3,27.2,44.0,2.5,2.5,0.2,6.2,7.9,7.6,13.3,8.8,9.2,8.1,10.0,9.8,6.4,6.0,0.0,2.3,12.3,,-0.8,-1.8,-0.3,-1.4,-1.0,-0.9,13.9,5.6,7.7,12.1,6.4,3.8,7.2,0.2,2.6,5.4,5.7,4.1,13.0,4.1,1.3,8.5,15.2,5.3,7.8,17.7,24.5,0.0,,8.3,-1.0,2.2,1.5,18.8,20.3,14.4,4.1,5.0,49.0,1.0,2.8,13.1,,
197603,8.7,8.4,8.6,8.2,8.7,9.4,8.9,12.8,7.9,12.4,9.0,12.6,16.4,-5.5,16.6,25.8,-0.6,-0.7,0.1,6.1,6.4,7.7,13.4,8.9,9.5,8.6,10.0,9.8,7.2,5.8,0.0,1.4,12.9,,-0.7,-1.6,-0.7,-1.0,-1.1,-0.9,13.4,6.5,9.3,11.5,8.7,3.6,6.6,0.4,3.6,5.2,5.9,3.9,12.1,4.3,1.3,8.4,15.3,5.0,7.8,17.9,24.5,1.1,,8.8,-1.2,3.5,2.9,18.5,20.1,14.6,4.3,4.0,49.0,1.0,2.4,13.9,,
197604,9.4,8.5,9.3,8.3,8.8,9.2,10.9,20.4,8.3,12.7,8.5,11.7,16.4,-1.6,33.9,54.6,-5.3,-5.5,0.1,5.6,7.0,7.0,13.2,10.2,9.8,9.0,10.3,10.1,7.9,6.3,0.0,1.1,13.3,,0.7,0.6,1.2,0.0,-0.8,-1.2,19.7,6.4,8.3,12.7,7.0,4.4,7.4,1.1,4.0,5.8,6.7,10.5,7.7,3.8,13.0,7.6,14.5,3.8,7.7,17.2,23.7,1.1,,5.2,-1.2,6.3,2.8,8.1,20.3,14.7,4.3,3.9,49.0,13.0,2.2,14.5,,
197605,9.2,8.7,9.2,8.7,9.0,9.3,10.3,15.7,9.1,12.9,10.4,15.5,16.0,5.0,18.4,28.0,1.6,1.6,-0.4,5.5,7.5,7.0,12.5,10.7,9.7,9.2,10.2,10.1,8.0,6.7,0.0,0.9,13.5,,0.8,-0.2,2.2,0.8,0.0,-1.2,21.0,7.5,9.5,11.7,8.9,6.4,9.7,2.5,4.5,5.9,6.7,10.2,6.5,3.6,12.7,7.8,14.9,4.0,7.7,17.7,24.4,1.1,,5.0,-1.0,4.3,2.8,8.2,20.9,14.4,2.9,4.1,49.0,136.7,2.1,15.2,,
197606,9.6,8.8,9.5,8.6,9.4,10.0,10.3,17.9,8.6,12.9,9.5,15.3,13.6,4.7,17.7,28.7,10.3,10.6,-0.5,5.3,7.2,6.8,10.8,10.5,10.0,9.2,10.5,10.2,8.2,7.1,0.0,1.6,14.2,,1.0,-0.1,3.7,0.7,0.4,-0.6,19.3,9.3,12.7,12.4,12.8,7.5,11.6,2.8,4.8,5.9,7.0,9.4,4.0,2.4,12.7,7.8,14.7,4.0,7.7,17.8,24.6,1.1,,6.0,-1.1,5.7,2.8,9.8,20.9,14.7,3.0,3.7,49.0,136.7,2.4,15.2,,
197607,9.9,8.9,9.9,8.9,9.2,9.8,10.5,21.0,7.9,13.0,11.9,18.5,10.0,6.6,12.1,19.3,25.0,25.8,-0.5,4.1,6.2,7.2,10.6,10.6,10.0,9.6,10.3,10.3,8.9,10.4,5.2,5.1,13.3,,1.3,-0.3,4.7,1.2,0.7,0.9,18.4,9.2,12.4,13.0,12.4,7.5,11.2,3.2,5.2,6.0,7.1,9.0,3.4,2.2,12.5,9.1,14.4,7.0,7.7,17.8,24.6,1.1,,5.4,-1.0,6.5,2.9,8.1,21.3,15.7,4.0,3.5,49.0,136.4,7.3,15.2,,
197608,9.4,9.2,9.2,9.2,9.1,9.8,8.9,13.4,7.6,13.1,11.1,16.6,8.3,6.5,8.6,12.6,9.3,9.5,1.4,4.0,5.0,7.1,8.7,10.3,10.2,10.0,10.3,10.2,9.7,11.6,8.7,7.2,11.6,,1.9,0.1,5.5,1.9,1.2,1.5,17.7,8.8,11.5,13.3,10.9,7.2,10.3,3.8,5.2,6.3,7.4,9.2,3.2,2.2,12.9,9.2,13.9,7.2,7.6,17.8,24.6,1.1,,5.4,-0.7,3.5,4.6,8.6,21.5,15.8,4.8,3.9,49.0,136.4,9.1,15.2,,
197609,9.8,9.0,9.7,9.0,8.9,9.9,9.1,17.8,6.8,10.8,14.1,20.7,6.4,4.1,15.4,22.8,8.1,8.3,0.0,3.7,5.1,7.3,6.6,9.9,10.4,10.0,10.5,10.3,9.7,14.6,19.1,7.6,10.5,,4.6,4.7,5.8,5.4,2.2,2.8,18.4,9.3,11.2,12.1,11.0,8.5,11.2,5.3,7.0,7.7,7.7,9.2,3.0,2.1,12.8,9.0,13.6,7.2,7.6,18.0,24.9,1.1,,6.2,-0.7,6.9,4.9,8.7,21.9,16.4,5.1,4.8,49.0,139.8,12.5,15.4,,
197610,8.7,9.0,8.6,9.0,8.8,9.9,6.1,5.3,6.5,10.7,15.1,21.7,4.3,4.4,0.2,-2.0,-3.6,-3.8,-1.2,3.6,5.1,6.9,5.7,9.9,10.4,10.2,10.5,10.3,10.0,15.6,19.1,11.7,9.0,,3.1,-0.1,6.9,6.0,2.9,4.5,18.5,9.7,12.2,12.4,12.2,8.9,11.4,5.9,7.6,5.7,8.3,9.3,3.3,2.1,12.8,9.2,14.0,7.2,7.6,18.3,25.3,1.1,,5.6,-0.4,5.3,4.7,8.1,21.5,16.0,3.8,4.2,49.0,139.9,13.5,15.6,,
197611,9.2,9.3,9.1,9.2,9.1,10.6,6.5,7.5,6.2,10.9,14.7,20.5,2.4,2.5,-6.1,-12.3,16.3,16.6,-1.7,4.0,4.8,6.7,5.5,9.7,10.3,10.2,10.5,10.4,10.0,15.0,19.1,11.4,7.9,,3.8,0.3,7.5,6.4,3.6,5.7,17.7,10.0,12.2,13.1,12.0,8.9,11.3,6.1,8.4,5.7,8.6,9.3,3.7,2.1,12.7,13.6,33.1,5.5,7.7,18.3,25.3,1.1,,6.0,-0.5,7.1,5.0,7.9,21.6,15.8,5.3,4.0,49.0,139.9,13.3,15.8,,
197612,10.5,10.6,10.4,10.6,10.3,12.1,7.3,10.9,6.4,10.9,12.0,14.5,0.8,7.0,-3.2,-8.8,30.4,31.3,0.1,4.4,4.4,6.7,5.4,9.6,10.7,10.7,10.9,10.9,10.3,14.6,19.1,11.4,6.7,,4.1,0.5,7.7,7.6,4.0,6.3,17.5,9.8,11.5,11.9,11.4,9.4,12.0,6.5,8.8,5.8,8.9,9.5,4.2,2.4,12.7,21.6,27.9,4.9,51.4,18.3,25.3,1.1,,7.0,-0.3,12.9,5.3,7.4,21.7,15.7,5.3,4.3,49.0,139.9,12.7,15.8,,
197701,9.4,9.4,9.2,9.2,9.1,10.3,7.3,11.0,6.3,11.3,11.8,13.4,0.1,9.0,-4.6,-9.9,41.1,42.5,0.6,4.3,4.4,6.5,0.3,8.7,10.6,10.5,10.9,11.1,9.9,14.0,19.1,11.3,5.6,,4.4,0.6,7.9,8.2,4.3,6.8,16.8,8.9,10.2,12.4,9.6,8.9,10.8,6.7,8.5,6.1,8.7,9.3,5.5,2.8,11.9,19.5,22.7,4.0,51.4,18.2,25.3,1.8,11.6,6.5,-0.1,11.7,4.1,7.4,6.9,15.0,8.0,4.1,0.0,139.9,11.9,15.6,,
197702,9.3,8.9,9.2,8.8,8.7,9.9,7.4,13.4,5.5,11.3,13.9,17.0,-0.7,7.4,0.2,-2.6,33.2,34.1,0.6,4.2,3.5,5.2,0.2,8.5,10.2,10.1,10.3,10.8,9.3,15.2,19.1,14.9,5.6,,4.4,0.4,7.6,7.8,4.4,7.0,16.8,8.1,8.8,13.4,7.4,7.6,8.3,6.8,8.6,6.3,8.5,9.7,6.5,3.4,12.1,17.9,22.1,3.5,43.3,18.2,25.3,1.8,11.6,6.6,0.2,11.6,4.3,7.4,6.9,14.7,8.2,4.3,0.0,139.9,12.9,15.7,,
197703,9.5,8.8,9.4,8.7,8.6,9.7,8.3,16.8,5.8,9.8,15.2,18.8,-1.1,11.1,7.3,7.7,26.1,26.7,0.6,4.2,3.1,5.5,0.1,8.5,10.0,9.6,10.3,10.6,8.6,15.1,19.1,14.7,5.4,,4.5,0.5,7.9,8.1,5.0,6.9,16.7,8.4,9.4,13.2,8.3,8.1,9.3,7.0,8.5,6.8,8.5,10.1,7.5,4.5,12.1,17.9,22.3,3.7,43.3,18.0,25.3,0.7,11.3,5.7,0.2,8.4,2.6,7.6,6.9,14.2,7.9,5.0,0.0,139.9,12.7,14.8,,
197704,8.8,8.6,8.6,8.5,8.4,9.6,6.5,10.5,5.2,9.3,18.6,22.4,-1.6,2.9,-5.7,-11.4,31.3,32.0,1.4,4.1,3.7,6.1,0.1,7.5,9.8,9.4,10.0,10.4,8.3,15.0,19.6,15.7,5.3,,3.3,-2.2,6.9,9.4,5.4,6.7,11.7,8.8,9.7,11.2,9.2,9.5,11.2,7.4,8.3,7.1,7.9,3.9,8.2,5.8,2.1,21.6,20.6,4.2,61.1,13.4,16.8,0.7,14.5,5.1,0.4,2.7,3.1,8.2,7.5,13.4,11.8,5.3,0.0,122.6,13.3,11.5,,
197705,9.4,8.9,9.3,8.7,8.7,10.0,7.5,14.5,5.5,9.1,20.1,21.2,-1.9,2.4,0.6,-2.9,30.4,30.9,1.7,4.2,3.6,6.1,0.1,7.4,9.7,9.4,10.0,10.4,8.2,14.5,19.6,15.8,5.5,,4.9,2.1,6.6,8.8,5.5,6.5,9.9,7.3,7.0,11.6,5.8,7.7,8.2,7.0,8.2,7.2,7.8,3.9,8.6,6.3,2.0,22.0,22.5,3.9,61.1,13.3,16.7,0.7,14.5,8.3,0.5,6.9,3.1,13.9,6.4,12.6,11.8,5.3,0.0,6.3,13.5,11.1,,
197706,8.6,8.6,8.5,8.6,8.2,9.0,6.8,9.6,6.0,9.2,24.1,24.3,-1.1,2.1,0.6,-3.9,7.1,6.9,0.5,4.4,4.2,8.1,0.3,7.3,9.2,9.1,9.5,10.2,7.9,13.7,19.6,14.3,4.7,,4.8,2.1,5.6,9.4,5.8,5.8,10.2,5.3,3.7,10.6,1.9,6.2,5.1,7.5,8.3,7.2,7.9,4.1,8.9,7.0,2.0,22.3,23.6,3.9,61.1,13.3,16.6,0.7,14.5,7.0,0.5,5.3,3.2,11.8,6.3,12.1,11.6,5.3,0.0,6.3,13.0,11.1,,
197707,7.7,8.3,7.7,8.1,8.3,9.0,5.4,2.1,6.2,9.2,22.3,20.0,-0.8,0.7,-1.0,-7.4,-9.8,-10.4,0.4,4.5,4.8,8.8,2.1,7.3,9.0,8.7,9.4,10.1,7.3,9.9,13.7,10.6,2.0,,4.6,2.1,4.9,9.1,6.1,4.8,10.7,5.2,3.5,9.0,2.0,5.7,4.5,7.3,8.2,6.9,7.7,4.0,8.5,7.3,1.9,20.6,23.6,0.8,61.1,13.3,16.6,0.7,14.4,7.5,0.5,7.2,3.4,11.6,5.8,11.0,10.2,5.5,0.0,6.3,7.5,11.1,,
197708,8.6,8.1,8.5,7.9,8.3,9.1,8.1,14.6,6.5,9.0,24.3,23.4,-0.8,1.3,9.4,9.9,7.3,7.0,0.4,4.2,5.6,9.4,2.9,7.1,9.2,8.6,9.7,10.2,7.0,7.7,10.0,8.5,1.4,,4.2,1.8,3.7,8.1,6.0,4.4,10.8,4.7,3.1,8.3,1.5,4.9,3.2,6.9,7.9,6.2,7.3,3.6,8.1,7.5,1.5,20.5,23.8,0.7,61.1,13.3,16.6,0.7,14.4,7.3,0.4,8.9,1.7,11.3,5.7,10.8,10.2,5.3,0.0,6.3,5.6,11.1,,
197709,7.7,7.6,7.6,7.4,7.9,8.6,6.9,8.8,6.4,6.9,21.7,19.1,0.0,3.1,4.6,2.7,2.0,1.6,1.0,4.1,5.4,10.4,3.2,6.7,8.7,8.3,9.3,9.9,6.6,3.6,0.4,8.1,0.8,,3.4,1.6,2.5,5.0,5.6,2.9,10.1,5.2,5.0,6.1,4.7,4.6,4.6,4.7,6.8,5.9,6.7,3.5,7.6,7.7,1.4,20.5,23.2,0.7,61.1,13.1,16.4,0.7,14.4,6.3,0.4,4.4,1.4,11.2,5.4,10.2,9.8,4.7,0.0,4.8,2.2,10.9,,
197710,7.6,7.6,7.5,7.3,7.9,8.5,7.0,9.1,6.3,6.8,20.7,17.6,0.9,3.1,-1.1,-6.1,16.1,16.2,1.2,3.9,5.7,11.1,3.3,6.5,9.2,8.3,9.8,10.2,6.1,2.2,0.4,3.8,0.5,,3.2,2.2,1.8,4.9,5.3,1.3,9.6,4.6,4.0,5.4,3.6,3.9,4.5,3.2,6.6,5.3,6.2,3.3,7.2,7.8,1.3,20.1,22.4,0.7,61.1,12.9,16.0,0.7,14.4,5.8,0.3,2.6,1.4,10.9,5.3,9.9,9.7,4.8,0.0,4.7,1.0,10.8,,
197711,6.5,7.0,6.2,6.9,7.3,7.6,5.4,1.6,6.6,6.8,16.8,11.8,1.4,3.4,-3.9,-11.8,0.7,0.4,1.8,3.7,6.0,11.4,3.2,6.5,8.9,8.0,9.5,9.8,6.2,2.2,0.4,3.9,0.5,,3.0,2.4,1.3,4.6,5.2,0.4,9.5,4.1,3.6,4.2,3.4,3.6,4.4,2.6,6.4,5.1,5.5,3.3,6.7,7.9,1.4,14.5,4.5,0.7,60.9,12.9,16.0,0.7,14.4,5.5,0.2,1.0,1.5,10.8,5.0,9.7,8.2,4.8,0.0,4.7,0.9,10.6,,
197712,5.0,5.7,4.8,5.3,6.1,5.8,4.4,-3.2,6.4,7.2,15.1,9.7,1.8,1.8,-1.8,-8.6,-14.9,-15.8,1.2,3.3,6.1,11.4,3.3,6.3,8.4,7.6,8.9,9.1,6.0,2.0,0.4,3.9,0.0,,2.7,2.4,0.8,3.8,4.9,-0.4,9.5,3.6,3.1,5.4,2.5,2.9,3.3,2.5,5.7,4.8,4.8,3.2,6.2,7.6,1.4,5.5,4.8,0.5,14.4,12.9,16.0,0.7,14.4,4.9,0.0,-0.7,1.1,10.7,4.7,8.6,8.1,4.6,0.0,4.7,0.6,10.5,,
197801,4.5,5.4,4.3,5.3,5.8,5.7,3.4,-5.9,5.9,7.1,16.3,12.0,1.8,-0.9,-4.0,-10.8,-22.7,-23.7,1.0,3.1,5.2,11.6,3.3,5.8,8.0,7.2,8.4,8.8,5.5,2.1,0.4,4.2,-1.0,,2.7,2.7,0.2,3.2,5.3,-0.7,9.8,3.7,3.3,5.4,2.7,2.8,3.1,2.2,5.5,4.7,4.6,4.4,5.2,6.6,3.8,5.2,4.6,-0.2,14.4,12.5,16.0,0.0,11.8,4.6,-0.2,-2.3,1.3,10.7,4.0,8.3,5.2,4.4,0.0,4.7,0.4,10.1,,
197802,4.5,5.6,4.2,5.3,6.0,6.1,2.8,-6.6,5.7,7.3,15.5,10.2,1.6,-6.2,-6.3,-13.3,-18.3,-19.2,1.1,3.1,5.3,11.2,3.3,5.6,8.4,7.1,9.1,8.7,5.3,0.9,0.4,0.9,-2.4,,2.7,2.7,0.0,3.9,5.3,-0.6,9.7,3.4,3.1,4.6,2.7,2.5,2.8,2.1,5.2,4.2,4.5,11.2,4.1,5.9,14.6,4.5,4.6,-0.5,12.4,13.2,16.0,4.0,11.8,5.8,-0.3,3.3,1.7,10.6,4.1,8.2,5.2,4.6,0.0,4.7,-1.0,10.5,,
197803,4.8,5.7,4.5,5.3,6.0,6.4,3.2,-2.5,4.9,7.4,15.3,9.0,1.2,-11.6,-3.3,-8.6,-9.1,-9.5,1.2,2.6,5.4,9.8,3.3,5.1,8.2,7.0,8.9,8.7,5.1,0.8,0.4,1.0,-2.8,,2.5,2.2,0.2,3.8,5.0,-0.5,9.8,3.2,2.4,4.9,1.6,2.7,3.3,1.9,5.1,4.2,4.2,11.0,3.2,4.9,14.8,4.3,4.6,-1.4,12.4,13.2,16.0,4.0,12.1,7.4,-0.4,7.5,4.7,10.6,3.9,7.9,5.1,4.1,0.0,4.7,-1.6,10.6,,
197804,4.2,5.0,3.9,4.5,5.3,5.3,3.4,-2.5,5.3,7.4,11.0,3.8,1.0,-3.3,-1.8,-6.1,-5.9,-6.3,0.4,2.5,5.2,8.9,3.3,4.9,8.3,6.7,9.1,8.6,4.4,0.4,0.0,0.3,-3.1,,2.8,3.6,0.2,1.8,4.5,-0.6,8.6,3.1,2.7,5.5,2.0,2.2,2.8,1.7,4.9,4.6,3.8,10.2,2.4,3.4,14.2,0.4,4.6,-2.3,0.1,12.0,14.8,4.0,7.4,5.7,-0.7,4.4,4.5,8.9,3.0,7.6,1.3,3.9,0.0,1.5,-2.4,9.3,,
197805,3.9,4.7,3.5,4.3,5.1,5.2,3.2,-3.3,5.0,7.5,7.3,0.5,0.7,-2.9,-0.3,-3.8,-7.4,-7.7,0.3,2.2,4.7,8.6,9.3,4.4,8.0,6.5,8.9,8.3,4.5,0.4,0.0,0.2,-3.4,,1.6,1.3,0.0,1.5,4.1,-0.8,8.1,4.2,5.2,4.8,5.3,2.3,3.0,1.6,4.4,4.2,3.5,10.1,2.0,3.0,14.2,-0.5,2.6,-3.0,0.1,12.0,14.6,4.0,8.1,3.9,-0.6,7.7,4.3,3.3,2.9,7.4,1.4,3.7,0.0,1.5,-2.9,9.2,,
197806,3.9,4.3,3.5,4.0,4.9,5.1,3.2,-1.8,4.7,7.4,5.4,0.1,-0.3,-3.0,-3.0,-8.5,2.3,2.3,0.7,2.1,4.2,6.4,9.1,4.6,8.2,6.5,9.1,8.2,4.5,0.6,0.0,0.7,-3.6,,1.6,1.6,-0.1,1.0,3.6,-0.8,7.9,4.2,5.5,6.1,5.4,1.7,2.0,1.4,4.1,3.9,3.0,10.0,1.9,2.5,14.2,-0.9,1.9,-3.5,0.1,11.9,14.5,4.0,8.1,3.4,-0.6,3.7,5.7,3.2,2.6,6.2,1.4,3.6,0.0,1.5,-3.3,9.2,,
197807,4.6,4.3,4.1,3.9,4.8,5.3,4.8,7.2,4.2,7.2,5.4,0.9,-1.2,-2.4,15.2,23.1,2.5,2.5,0.7,2.0,2.6,4.9,7.1,4.4,8.0,6.3,8.9,7.8,4.4,0.4,0.0,0.4,-3.7,,1.6,1.6,-0.2,1.0,3.3,-0.7,7.8,4.1,5.7,6.1,5.5,1.6,1.7,1.4,4.0,3.9,2.9,9.9,1.9,2.0,14.2,0.2,6.5,-4.3,0.1,11.9,14.5,4.0,8.1,3.5,2.0,2.4,5.7,3.3,2.8,6.2,2.7,3.6,0.0,1.5,-3.7,9.2,,
197808,4.6,4.2,4.2,3.9,4.6,5.1,5.1,9.1,3.8,7.3,6.1,1.6,-1.1,-0.7,13.1,18.3,10.9,11.3,0.8,1.9,2.8,1.0,6.3,4.4,7.7,6.0,8.5,7.6,4.2,0.5,0.0,0.3,-3.6,,1.8,2.0,0.5,1.5,3.3,-0.8,7.4,3.6,4.7,6.1,4.1,1.5,1.4,1.5,4.2,3.4,2.8,10.0,2.0,1.9,14.2,-0.1,6.5,-4.7,0.1,12.0,14.6,4.0,8.1,3.7,2.0,4.5,5.7,3.0,2.4,5.6,1.8,3.0,0.0,1.5,-4.0,9.2,,
197809,4.1,3.8,3.7,3.4,4.3,5.2,3.6,6.9,2.7,2.2,3.8,-1.3,-1.3,-1.9,10.3,13.7,11.7,12.1,0.4,1.5,2.6,-0.6,6.0,4.1,7.8,6.2,8.7,8.2,4.0,0.4,0.0,0.3,-4.5,,1.9,2.0,1.2,1.6,3.5,-0.9,7.4,3.3,3.2,5.9,2.4,3.3,4.8,1.6,3.5,3.7,2.7,10.0,2.2,1.5,14.3,-0.2,6.5,-5.1,0.1,12.0,14.5,4.0,8.1,4.1,2.0,6.6,5.7,2.9,2.3,5.4,1.8,3.0,0.0,1.4,-4.4,9.1,,
197810,3.7,3.4,3.3,3.0,4.2,5.2,3.2,6.6,2.3,1.3,2.6,-2.9,-1.5,-3.0,12.2,17.1,9.1,9.4,0.3,1.6,2.1,-1.5,5.9,3.7,7.5,6.2,8.3,8.1,4.1,-3.9,-7.7,-2.6,-6.4,,1.4,1.1,0.5,1.4,3.3,-0.9,7.3,3.2,3.1,6.2,2.2,3.2,4.8,1.4,2.8,3.3,2.3,10.0,2.4,1.3,14.3,0.6,9.4,-5.6,0.1,12.0,14.5,4.0,8.2,4.2,1.8,4.3,8.4,3.0,2.4,5.4,1.8,3.1,0.0,1.4,-8.2,9.1,,
197811,3.8,3.3,3.4,2.9,4.1,5.2,3.3,7.7,2.0,0.9,1.9,-3.8,-1.4,-1.5,16.0,25.5,10.0,10.4,0.2,1.1,1.3,-1.9,5.9,3.3,7.4,6.1,8.2,7.9,3.9,-4.2,-7.7,-2.9,-8.3,,1.1,0.7,0.1,1.0,3.2,-1.0,7.1,3.4,3.5,7.6,2.3,3.4,4.7,1.6,2.5,3.0,2.4,10.0,2.7,1.2,14.2,0.5,9.4,-5.6,0.1,12.0,14.5,4.0,8.2,4.7,1.5,6.3,9.8,2.9,2.4,5.6,1.7,3.2,0.0,1.4,-8.7,9.0,,
197812,3.9,3.4,3.5,3.0,4.2,5.5,3.4,10.0,1.8,0.5,3.6,-0.3,-1.3,0.0,10.2,15.4,21.6,22.6,-0.1,1.0,1.2,-2.1,5.8,3.2,7.4,6.0,8.2,7.8,4.0,-3.6,-7.7,-3.0,-8.7,,0.9,0.4,0.3,0.4,3.2,-0.9,7.1,3.8,4.3,8.5,3.1,3.5,4.8,1.6,2.5,3.0,2.5,9.9,2.9,0.9,14.2,0.5,9.0,-5.5,0.1,12.3,14.5,5.7,8.2,4.5,1.7,4.7,10.2,2.9,2.4,5.4,1.7,3.2,0.0,1.4,-8.8,9.2,,
197901,3.6,3.3,3.2,2.8,4.1,5.2,2.7,6.8,1.8,0.3,2.8,-1.2,-1.5,-1.1,3.0,2.1,26.7,27.9,-0.3,0.9,1.6,-2.5,5.8,3.0,7.4,6.1,8.2,7.7,4.3,-3.6,-7.7,-3.3,-8.1,,0.8,0.3,0.3,1.0,2.6,-1.0,6.7,4.0,4.7,9.0,3.3,3.6,5.2,1.8,2.3,2.4,2.5,8.2,2.8,0.6,11.6,1.1,10.7,-5.2,0.1,12.2,14.5,5.7,8.4,4.2,1.6,2.5,10.3,2.9,2.3,5.1,1.7,3.0,0.0,1.4,-8.7,9.4,,
197902,2.8,2.9,2.4,2.5,3.6,4.6,1.6,1.0,1.7,1.6,2.9,-0.6,-1.6,-1.2,-5.6,-11.7,19.2,20.0,-0.7,0.6,1.8,-2.5,5.9,2.9,6.8,6.1,7.3,7.3,4.6,-3.7,-7.7,-3.3,-6.9,,1.0,0.5,1.2,0.7,2.4,-0.9,6.5,3.7,3.9,10.2,1.9,4.0,5.8,2.1,2.2,2.4,2.3,1.2,3.2,0.2,0.8,1.2,10.7,-5.1,0.1,11.5,14.5,1.6,8.4,3.0,1.3,-2.2,9.7,2.9,2.2,5.2,1.8,2.7,0.0,1.4,-8.3,8.9,,
197903,2.7,2.9,2.3,2.6,3.5,4.6,1.3,0.4,1.7,1.7,2.2,-0.4,-1.6,-0.4,-1.9,-5.2,7.8,8.1,-0.8,0.5,1.7,-2.7,5.9,3.0,6.6,5.9,7.0,6.8,4.7,-3.6,-7.7,-3.4,-6.5,,1.0,0.6,1.0,1.1,2.2,-0.9,6.6,4.0,5.1,10.2,3.4,3.6,5.0,1.9,1.5,2.3,2.4,1.1,3.4,-0.1,0.7,1.8,10.5,-3.2,0.1,11.5,14.5,1.6,8.4,2.9,1.5,-0.2,6.6,2.9,2.4,5.1,1.7,3.4,0.0,1.4,-7.2,8.9,,
197904,2.9,3.0,2.6,2.7,3.3,4.2,1.7,2.3,1.6,1.7,5.1,4.8,-1.7,-0.3,1.0,-0.3,1.7,1.7,-0.7,0.5,1.3,-2.8,5.9,2.9,5.9,5.5,6.3,6.1,4.9,0.1,0.0,-0.9,-6.0,,1.0,0.7,0.9,1.6,2.3,-0.9,5.1,3.4,3.9,10.4,1.8,3.3,4.5,1.9,1.4,2.6,2.4,1.7,3.7,0.2,1.4,3.6,10.7,0.8,0.1,8.3,9.6,1.6,9.3,3.2,1.5,-0.5,6.5,3.5,2.3,5.0,1.7,3.4,0.0,0.1,-1.2,6.7,,
197905,3.2,3.1,3.1,2.9,3.3,4.2,1.9,4.6,1.2,1.6,6.6,7.9,-1.5,0.6,-0.2,-2.0,7.6,7.8,-0.9,0.4,1.4,-2.9,0.1,2.8,5.8,5.5,6.0,5.7,5.2,0.2,0.0,-0.7,-5.2,,0.9,0.1,0.6,2.2,2.5,-0.8,4.9,4.7,6.5,10.6,5.3,3.7,5.4,1.6,2.0,2.8,2.4,1.8,3.9,0.2,1.5,4.2,10.7,2.3,0.1,8.4,9.7,1.6,8.8,3.9,1.4,1.6,6.7,4.3,2.3,4.9,1.6,3.7,0.0,0.2,-0.1,6.9,,
197906,3.8,3.6,3.8,3.5,3.4,4.4,2.3,6.4,1.1,1.6,5.7,6.9,-0.6,1.3,4.3,5.3,6.7,6.8,-1.1,0.3,1.4,-2.8,0.1,2.8,5.1,5.2,5.1,5.0,5.5,2.8,0.0,-0.6,16.5,,0.9,0.0,0.6,2.7,2.4,-0.4,4.9,5.5,8.2,11.2,7.3,3.2,4.8,1.4,2.1,2.9,2.9,1.8,4.0,0.3,1.5,8.1,14.7,8.7,0.1,8.4,9.8,1.6,8.8,3.2,1.3,2.5,4.8,3.5,2.5,5.0,1.6,4.4,0.0,0.2,6.6,6.9,,
197907,4.3,3.6,4.2,3.6,3.3,4.2,3.5,12.4,1.1,1.6,4.3,5.6,-0.2,0.5,15.2,23.6,9.9,10.2,-0.9,0.2,1.7,-2.7,0.1,2.8,5.2,5.8,4.7,4.9,6.9,3.8,0.0,-0.3,24.5,,1.4,0.5,0.9,3.4,2.7,-0.1,4.5,5.5,7.8,11.1,6.8,3.4,5.1,1.3,2.5,3.2,3.4,1.8,4.0,0.4,1.5,7.4,9.7,11.1,0.1,8.4,9.8,1.6,8.8,2.8,-1.3,3.2,4.8,2.9,2.5,5.4,0.3,5.1,0.0,0.2,8.9,6.8,,
197908,3.1,3.7,3.1,3.5,3.2,4.0,0.3,-2.6,1.3,1.6,2.0,2.5,-0.3,0.0,-6.7,-12.1,1.5,1.4,-0.9,0.0,0.6,0.3,0.1,2.8,5.0,5.8,4.4,4.7,7.0,5.4,0.0,0.9,35.3,,1.4,0.6,1.4,2.9,2.5,0.4,4.7,4.9,6.7,10.8,5.4,2.3,3.2,1.2,3.3,3.7,3.5,1.8,3.9,0.4,1.5,8.6,10.2,13.4,0.1,8.3,9.8,1.6,8.2,2.7,-1.3,-2.1,5.0,4.8,2.9,5.7,0.4,6.6,0.0,0.2,12.0,6.8,,
197909,3.2,4.1,3.1,4.0,3.4,4.2,-0.1,-4.9,1.3,1.6,1.6,1.9,-0.4,2.7,-6.9,-12.1,-5.3,-5.6,-0.5,0.2,1.0,0.8,0.1,2.8,5.2,6.1,4.6,4.3,8.0,7.3,0.0,3.5,43.8,,2.2,2.4,1.8,1.8,2.9,1.1,4.5,5.3,6.5,9.5,5.7,3.5,5.0,1.4,5.1,3.2,3.8,1.8,3.7,0.6,1.4,9.0,10.7,14.3,0.1,8.4,9.8,1.6,8.9,2.8,-1.4,0.5,4.6,4.2,3.2,6.0,0.3,8.4,0.0,0.3,14.5,7.0,,
197910,4.2,4.3,4.2,4.3,3.3,4.3,1.8,3.5,1.3,1.6,3.8,6.3,-0.6,1.6,7.6,10.3,-7.1,-7.3,-0.3,0.3,0.4,0.9,0.1,2.9,5.1,6.0,4.3,3.9,8.8,14.0,8.3,9.9,52.1,,2.6,2.3,2.1,1.9,3.9,2.3,4.4,5.9,7.6,9.4,7.0,3.9,5.6,1.8,6.1,1.6,4.1,1.7,3.5,0.7,1.4,8.5,7.9,15.5,0.1,8.4,9.8,1.6,8.8,3.1,-1.3,4.3,2.3,4.1,3.6,6.3,0.3,9.7,0.0,0.3,21.5,7.0,,
197911,5.0,4.5,4.9,4.5,3.6,4.4,3.4,10.3,1.5,1.7,5.2,9.2,-0.3,5.3,17.9,28.4,-6.9,-7.2,0.0,0.4,0.8,0.9,0.2,3.1,5.2,6.3,4.3,3.8,9.4,15.0,8.3,11.5,57.5,,3.0,2.4,2.6,2.2,4.3,3.2,4.6,5.2,6.2,8.5,5.6,3.4,4.8,1.8,6.8,2.2,4.4,1.7,3.4,0.7,1.4,9.0,8.7,15.9,0.1,8.4,9.8,1.6,8.8,3.3,-0.7,3.3,1.0,5.3,3.9,6.7,0.3,10.9,0.0,0.3,22.9,7.2,,
197912,5.6,4.9,5.8,4.9,3.6,4.3,4.8,16.3,1.8,1.7,5.4,10.1,-0.3,7.0,33.4,56.6,-12.8,-13.3,0.4,0.7,1.0,0.9,0.2,3.2,5.2,6.5,4.1,3.8,9.9,17.2,8.3,13.4,77.2,,3.5,2.8,2.6,2.9,4.8,4.3,4.6,5.3,5.9,7.5,5.4,3.6,5.3,1.6,7.2,2.4,5.1,1.7,3.3,0.8,1.4,10.0,9.1,18.3,0.1,8.1,9.8,0.0,8.8,3.0,-0.6,3.8,0.8,4.5,4.6,7.2,0.4,13.7,0.0,0.3,27.4,7.1,,
198001,6.4,5.3,6.6,5.4,3.8,4.7,6.1,22.1,1.4,2.1,5.1,9.8,0.0,4.3,46.0,77.1,-14.1,-14.7,0.4,1.1,1.0,1.1,0.3,3.9,5.5,6.7,4.3,3.8,10.3,18.1,8.3,15.6,79.1,,3.8,2.6,3.5,3.1,5.3,5.2,5.0,4.9,5.2,6.5,4.8,3.5,4.7,1.8,7.6,2.5,5.0,1.8,3.4,0.9,1.5,9.7,7.2,18.7,0.1,8.1,9.8,0.0,8.6,5.2,-0.2,7.5,0.9,7.7,5.1,7.8,0.4,15.4,0.0,0.3,28.6,7.0,,
198002,7.7,5.8,8.0,6.0,4.1,4.9,8.5,31.1,1.8,2.5,5.5,10.8,0.8,6.6,62.9,107.1,-9.3,-9.7,1.5,1.8,1.4,1.3,0.4,4.2,5.5,6.9,4.4,3.8,10.8,22.2,10.1,19.3,96.2,,4.3,2.6,3.7,4.1,5.7,7.3,5.1,4.4,3.8,5.4,3.2,3.2,4.3,1.9,8.3,2.6,5.8,1.8,3.2,1.2,1.5,10.8,7.2,21.7,0.1,8.1,9.8,0.0,8.6,5.6,-0.2,11.5,0.9,6.7,7.0,8.2,0.3,24.4,0.0,0.3,34.2,7.1,,
198003,7.7,6.2,8.0,6.3,4.6,5.0,8.4,22.5,3.0,3.5,5.9,11.2,1.3,12.1,45.8,72.5,-3.3,-3.5,3.6,2.6,2.4,1.6,4.1,5.0,5.9,8.1,4.3,4.0,13.2,23.4,10.1,22.6,96.5,,5.4,3.4,4.1,4.3,7.0,10.2,4.9,4.1,2.8,5.3,1.9,3.4,4.3,2.2,9.1,2.5,6.0,1.9,3.1,1.3,1.7,10.7,8.8,20.4,0.1,8.5,9.8,2.3,9.0,4.2,0.0,7.0,0.9,5.7,7.5,8.4,0.4,27.2,0.0,0.3,34.4,7.4,,
198004,8.1,7.6,8.4,7.9,5.4,5.8,6.3,11.5,4.2,4.6,5.0,9.5,2.1,9.5,18.7,25.9,3.3,3.4,4.4,3.5,3.7,1.8,6.2,6.0,6.3,9.0,4.5,4.2,14.8,42.7,41.3,40.6,102.4,,7.9,7.8,4.5,5.0,8.5,12.1,6.9,5.7,5.0,5.2,5.1,4.6,6.2,2.4,9.6,4.0,7.9,1.6,3.0,1.3,1.1,9.4,8.6,16.9,0.0,9.7,10.9,2.3,10.9,4.7,0.0,8.2,0.8,6.1,7.8,9.3,0.5,27.3,0.0,1.4,48.1,8.3,,
198005,8.0,8.4,8.2,8.8,6.2,6.7,4.6,2.2,5.3,5.3,3.8,7.9,3.1,7.9,5.6,4.0,-5.8,-6.1,5.2,5.0,4.5,2.3,10.6,6.8,6.2,9.1,4.4,4.3,14.8,44.0,41.1,42.2,109.3,,7.2,4.1,5.5,5.6,9.6,14.2,7.6,6.2,5.7,5.3,5.8,4.9,6.7,2.7,9.8,4.0,8.8,1.5,3.1,1.5,1.1,10.1,10.8,17.0,0.0,9.5,10.8,2.3,10.8,4.3,-0.3,2.1,1.0,7.7,15.1,8.8,0.6,28.3,21.7,1.3,48.9,8.4,,
198006,8.2,8.5,8.4,8.7,6.5,7.3,5.2,6.2,5.7,5.6,2.4,5.7,2.6,6.2,13.4,17.2,-6.9,-7.2,6.2,5.5,5.4,2.6,10.7,7.1,6.6,9.2,4.7,4.5,14.8,40.7,41.1,42.7,71.5,,7.7,4.4,5.9,5.5,10.2,15.3,7.5,6.6,6.2,5.8,6.3,5.3,7.3,2.8,10.1,4.2,8.9,1.4,2.9,1.4,0.9,6.5,6.7,10.7,0.0,9.5,10.7,2.3,10.8,8.0,-0.3,7.2,14.6,7.5,15.2,9.8,0.7,28.0,21.7,1.3,40.6,8.3,,
198007,7.5,8.4,7.7,8.7,6.7,7.3,3.5,-3.1,5.9,5.8,1.9,4.8,2.8,6.1,-6.0,-14.2,0.4,0.3,6.7,6.0,6.2,2.6,10.7,7.1,6.6,9.0,5.0,4.8,13.8,40.3,42.4,43.4,60.2,,7.7,4.1,6.5,5.1,10.6,16.4,7.9,6.7,6.7,5.6,7.0,5.0,6.8,2.8,10.2,4.0,8.6,1.6,2.9,2.7,0.9,5.4,6.7,7.8,0.0,9.5,10.7,2.3,10.8,8.6,-0.3,5.6,18.2,7.7,15.2,10.0,0.8,27.2,21.7,1.3,38.1,8.3,,
198008,8.4,8.2,8.7,8.5,6.9,7.5,6.1,6.7,6.1,5.9,0.2,1.5,2.8,10.7,16.2,21.2,-0.1,-0.2,7.9,6.4,6.2,2.9,10.7,7.2,6.7,8.9,5.1,4.7,13.9,38.1,42.4,42.1,46.4,,8.0,3.7,6.3,5.7,11.6,17.0,7.4,6.2,5.8,5.9,5.7,4.1,5.6,2.6,9.9,4.0,8.7,1.6,3.0,3.1,0.9,4.1,6.1,5.1,0.0,9.6,10.7,2.3,11.4,9.8,-0.5,10.8,18.0,8.3,14.9,9.8,0.8,26.0,21.7,1.3,33.9,8.4,,
198009,8.7,8.0,8.9,8.4,6.6,7.2,7.8,16.2,5.5,6.0,1.5,3.1,3.0,2.3,25.8,36.3,8.4,8.7,8.8,7.3,6.1,3.0,10.8,7.2,6.2,8.3,4.7,4.6,12.6,36.2,42.4,40.1,38.3,,8.8,5.3,6.7,6.7,11.6,17.0,7.5,5.2,4.2,4.6,4.1,4.2,3.5,5.0,8.4,4.3,8.6,1.7,3.1,3.4,1.0,3.5,5.6,4.1,0.0,9.4,10.6,2.3,10.9,8.8,-0.4,7.0,18.3,7.6,14.7,9.7,0.9,24.7,21.7,1.2,31.6,8.3,,
198010,7.5,8.2,7.8,8.6,6.9,7.1,5.1,1.0,6.7,6.3,0.7,0.8,3.7,10.1,0.4,-4.3,4.8,4.9,10.0,7.5,6.8,3.6,10.9,7.3,5.9,8.0,4.5,4.5,11.9,33.7,42.6,35.9,31.8,,8.5,4.5,8.3,7.2,11.3,16.6,7.9,5.1,3.3,4.7,2.9,5.6,5.3,6.1,8.0,4.9,8.4,1.8,3.5,3.3,1.0,3.2,5.8,3.2,0.5,9.4,10.6,2.3,10.9,9.7,-0.2,9.7,17.8,8.5,14.4,9.4,1.0,23.5,21.7,1.2,28.9,8.3,,
198011,8.0,8.3,8.4,8.7,6.9,7.1,6.7,7.5,6.8,7.0,0.5,-0.1,4.0,7.0,5.7,3.5,22.2,23.0,10.3,8.1,7.0,4.0,10.8,7.2,5.9,7.8,4.5,4.5,11.4,32.8,42.6,34.6,28.3,,8.6,4.7,8.7,7.5,11.1,16.3,7.6,5.7,4.4,4.7,4.2,6.1,5.9,6.4,7.3,4.8,8.1,1.8,3.6,3.3,1.0,2.8,4.8,2.7,0.5,10.0,10.6,6.2,10.9,9.4,-0.3,10.6,17.8,7.6,13.9,8.7,1.1,22.0,21.7,1.2,27.9,8.7,,
198012,6.9,7.8,7.1,8.1,6.7,6.9,4.6,-0.1,7.0,7.1,1.1,0.3,4.2,3.4,-10.5,-20.7,22.4,23.2,10.6,8.5,6.9,4.2,10.9,7.2,5.9,7.5,4.8,4.7,10.6,29.4,42.6,32.4,13.8,,8.3,4.6,8.9,7.3,10.8,15.2,7.6,5.4,3.9,5.3,3.5,6.3,5.9,6.6,6.7,4.9,7.5,1.8,3.4,3.4,1.0,1.2,4.4,0.7,-2.0,10.0,10.6,6.2,11.1,9.2,-0.9,9.4,17.7,7.8,13.2,8.0,1.1,19.0,21.7,1.2,23.5,8.6,,
198101,7.2,7.4,7.3,7.6,6.3,6.0,6.7,4.6,7.3,7.4,0.5,-1.9,4.5,9.5,3.9,1.7,22.7,23.9,9.7,8.7,6.2,4.4,10.8,7.2,5.2,6.4,4.7,5.1,8.3,28.9,43.6,29.8,12.8,,8.1,4.9,8.0,6.7,10.5,13.1,9.7,4.5,2.9,6.2,1.9,5.3,5.2,5.5,6.8,4.8,7.5,2.2,4.2,4.1,1.1,1.1,4.4,0.2,-1.9,8.6,8.4,6.3,10.6,8.6,-1.4,8.9,17.7,7.7,9.9,7.3,1.5,9.9,21.0,1.6,21.3,7.7,8.2,
198102,6.3,6.8,6.4,7.1,6.1,5.9,5.3,-0.7,6.9,5.8,0.1,-3.1,4.9,12.4,-2.2,-6.5,14.6,15.2,9.1,8.7,5.4,4.1,10.6,6.8,5.2,6.3,4.6,5.0,7.9,24.8,41.2,25.3,2.2,,7.6,5.2,6.8,6.1,10.3,11.2,9.6,5.0,4.1,6.6,3.5,5.1,4.7,5.5,6.7,4.5,7.0,2.2,4.2,4.0,1.1,0.4,4.8,-2.1,0.0,8.6,8.4,6.3,10.6,7.6,-1.6,4.8,17.6,7.8,8.8,6.7,1.4,5.9,21.0,1.6,16.2,7.8,7.4,
198103,6.1,6.3,6.3,6.5,5.6,5.6,5.3,2.4,6.1,4.7,2.3,0.5,5.3,8.2,1.9,-0.3,10.5,10.9,7.2,8.3,4.8,4.0,7.5,6.2,5.0,5.8,4.7,5.0,6.9,23.2,41.2,21.5,1.8,,7.1,5.2,6.5,5.6,9.7,8.4,9.6,4.5,3.7,6.7,2.8,4.7,4.3,5.3,6.5,4.5,6.5,1.3,4.5,4.1,-0.5,0.1,3.2,-2.2,0.0,8.6,8.4,4.0,10.2,8.0,-1.9,6.2,17.8,8.0,8.5,6.5,1.4,4.3,21.0,1.6,15.1,7.5,7.3,
198104,5.0,4.5,5.1,4.9,5.2,5.2,6.0,9.7,5.1,4.0,1.6,-0.7,5.4,3.0,15.4,20.6,8.8,9.1,6.3,8.1,4.4,4.8,5.1,5.3,5.0,5.5,4.8,5.2,5.9,2.9,0.9,4.9,-1.6,,5.9,4.1,5.9,5.0,8.1,7.0,8.2,4.1,3.4,6.7,2.6,4.4,4.0,5.1,6.0,4.3,4.7,1.5,5.1,4.8,-0.5,0.2,3.1,-2.5,1.1,6.9,6.4,12.5,7.3,7.6,-2.1,6.1,18.0,7.1,8.2,6.2,1.4,3.9,21.0,2.0,-0.6,6.3,7.0,
198105,5.0,4.5,5.1,4.5,4.7,4.8,6.5,13.2,4.9,3.5,3.0,1.3,4.8,1.0,17.5,25.7,15.2,15.9,6.0,6.6,4.3,5.2,7.9,5.0,4.8,5.1,4.8,5.1,5.2,2.5,0.9,3.3,-0.1,,4.6,2.5,5.1,4.3,6.7,5.3,7.8,4.3,3.9,6.4,3.4,4.6,4.9,4.4,5.7,4.0,3.8,1.6,5.4,5.3,-0.4,2.9,7.8,0.1,1.2,7.2,6.8,12.5,7.2,6.6,-1.9,6.1,17.4,5.3,2.8,6.4,1.5,3.4,0.0,2.0,0.5,6.6,7.1,
198106,4.8,4.3,4.7,4.1,4.5,4.5,6.4,13.5,4.7,3.5,4.0,2.8,4.8,3.7,12.7,18.2,22.5,23.4,5.1,6.3,3.9,5.2,7.8,4.8,4.5,3.6,5.0,5.2,1.9,2.5,0.9,2.8,0.6,,4.3,2.4,4.6,4.1,6.3,4.1,6.7,3.6,2.5,5.6,1.9,4.5,4.1,5.3,5.0,4.2,3.4,3.4,5.7,5.5,2.0,3.1,8.2,0.4,1.1,7.2,6.8,12.5,7.5,4.3,-2.0,4.7,4.5,5.8,2.6,5.5,1.6,3.1,0.0,2.0,0.6,6.7,5.2,
198107,4.4,3.8,4.4,3.9,4.2,4.0,6.1,11.8,4.9,4.8,4.9,3.8,4.2,2.7,10.3,14.3,19.6,20.4,4.4,6.2,3.8,5.2,7.7,4.8,4.2,3.1,4.8,4.6,1.2,1.9,0.2,1.7,1.3,,3.7,2.3,4.0,3.7,5.8,2.7,6.5,2.5,0.9,5.8,-0.3,3.8,2.8,5.5,4.4,3.8,3.1,3.4,5.9,4.7,2.1,3.7,8.8,1.1,1.1,7.2,6.8,12.5,7.6,3.6,-2.1,5.2,0.6,5.6,2.4,4.8,2.6,2.3,0.0,2.0,0.7,6.8,4.6,
198108,4.2,4.2,4.1,4.0,4.1,4.0,4.8,5.6,4.7,5.1,5.5,4.8,3.9,-1.4,1.6,-0.1,13.6,14.2,3.4,5.7,4.5,5.2,7.7,4.7,4.2,2.8,4.8,4.6,0.7,2.6,0.2,1.4,6.8,,3.4,2.7,3.4,3.1,4.7,1.5,6.5,3.2,2.7,5.7,2.0,3.8,2.7,5.4,3.8,3.8,2.9,3.5,6.1,4.2,2.5,4.7,8.9,4.6,-1.8,7.2,6.8,12.5,7.5,4.0,-2.1,8.4,0.5,4.9,2.3,4.7,3.0,2.1,0.0,2.0,3.5,6.7,5.1,
198109,4.0,4.2,3.9,4.1,4.2,4.2,3.9,1.7,4.5,5.2,6.3,7.0,3.8,2.1,-1.9,-4.9,4.0,4.2,2.5,4.8,3.8,5.2,7.6,4.6,4.1,2.8,4.8,4.4,0.6,2.6,0.2,0.2,9.4,,3.1,3.3,2.6,3.1,4.0,0.6,6.3,4.4,5.9,4.7,6.2,2.5,2.3,3.2,3.2,3.8,2.7,3.6,6.4,4.3,2.5,5.6,9.2,6.4,-1.8,7.3,7.0,12.5,7.4,3.2,-2.4,4.4,0.7,5.0,2.4,4.5,3.4,1.6,0.0,3.0,4.2,6.7,4.4,
198110,4.2,4.0,4.1,4.0,4.0,4.0,4.4,5.4,4.2,5.4,5.8,6.8,3.3,1.0,3.3,3.0,5.7,5.9,1.5,4.8,3.9,4.7,7.5,4.6,4.0,2.6,4.8,4.4,0.3,3.2,0.6,0.2,11.9,,2.7,3.6,1.6,2.2,3.5,-0.2,5.8,5.3,7.8,3.9,8.7,3.3,3.7,2.3,2.7,2.6,2.5,3.6,6.0,4.5,2.5,5.9,9.3,6.9,-2.1,7.3,7.0,12.5,7.4,2.2,-2.3,-0.1,1.1,4.8,2.4,4.5,3.8,1.3,0.0,3.0,5.1,6.6,3.5,
198111,3.8,4.0,3.6,3.9,3.9,3.9,3.5,1.2,4.0,5.6,6.2,7.5,2.7,0.1,0.0,-2.1,-3.8,-4.0,1.2,4.6,4.0,4.2,7.4,4.5,4.0,2.5,4.8,4.4,0.2,4.2,0.6,0.3,13.3,,2.2,3.2,0.6,1.9,3.0,-0.7,5.8,3.7,4.9,4.0,5.3,2.7,3.1,1.9,2.3,2.4,2.6,3.6,5.8,4.5,2.5,6.3,10.0,7.1,-2.1,7.1,7.0,8.2,7.4,2.2,-2.8,0.1,1.3,4.7,2.3,4.2,4.0,0.9,0.0,3.0,5.3,6.5,3.5,
198112,4.3,4.0,4.3,4.1,3.9,3.9,4.8,8.1,4.0,5.5,4.3,4.8,2.4,2.1,10.4,15.7,3.5,3.7,0.8,3.9,4.0,3.7,7.4,4.5,3.8,2.3,4.6,4.3,0.1,4.3,0.6,0.2,14.4,,2.1,3.0,0.2,2.1,2.8,-0.6,5.9,3.9,5.2,3.4,5.7,2.7,3.1,1.8,2.3,2.4,2.4,3.6,5.8,4.7,2.5,7.0,10.4,7.3,0.4,7.1,7.0,8.2,7.2,2.8,-2.3,2.9,0.9,4.7,2.3,4.2,4.1,0.8,0.0,3.0,5.5,6.6,4.2,
198201,3.3,3.6,3.3,3.6,3.5,3.6,2.5,-1.9,3.6,5.5,4.8,5.4,1.7,-2.7,-10.4,-17.0,11.6,12.0,1.2,4.1,4.0,4.2,7.4,4.2,3.7,2.3,4.4,4.1,0.0,4.3,0.6,0.3,14.8,,1.8,2.4,0.0,2.2,2.5,-0.5,5.2,3.0,3.7,3.1,3.9,1.9,2.0,2.0,2.1,2.4,2.6,3.6,5.8,4.4,2.5,7.4,11.2,7.5,0.4,7.1,7.0,8.2,7.2,1.4,-2.7,-0.4,0.7,3.7,2.2,4.1,4.3,0.5,0.0,3.0,5.8,6.4,3.1,
198202,3.2,3.6,3.1,3.5,3.4,3.5,2.2,-1.6,3.1,5.4,6.8,8.9,1.1,-7.8,-10.3,-16.7,8.5,9.0,1.2,3.7,3.8,4.2,7.3,4.2,3.5,2.3,4.3,4.2,0.0,4.3,0.6,0.3,14.7,,1.5,1.9,-0.3,1.6,2.3,-0.6,5.1,2.4,3.0,3.3,2.9,1.8,1.7,1.6,1.7,2.1,2.4,3.9,5.5,4.4,3.1,7.3,11.7,7.7,-1.5,7.1,7.0,8.2,7.2,1.8,-2.6,1.4,0.8,3.6,2.2,4.2,4.3,0.6,0.0,3.0,5.8,6.3,3.6,
198203,3.0,3.5,2.8,3.3,3.3,3.5,1.8,-2.9,3.0,5.4,5.2,6.2,0.5,-8.8,-11.6,-18.7,9.6,10.0,1.4,3.7,4.0,4.0,7.3,4.2,3.6,2.2,4.4,4.2,-0.2,4.4,0.6,0.2,14.9,,1.1,1.5,-1.4,0.9,2.0,-0.3,5.1,2.4,3.0,2.5,3.2,1.5,1.4,1.7,1.5,1.9,2.4,4.3,5.1,4.2,4.0,7.2,11.9,7.6,-1.5,6.9,7.0,8.2,6.9,1.2,-2.4,-0.9,0.7,3.3,2.1,4.1,4.3,0.3,0.0,3.0,5.7,6.3,3.1,
198204,3.0,3.5,2.8,3.3,3.2,3.4,1.9,-2.9,3.3,5.4,6.8,8.7,0.4,-4.7,-10.6,-17.2,4.0,4.1,1.3,3.1,3.7,3.2,7.3,3.9,3.6,2.4,4.4,4.5,-0.3,4.2,0.6,0.3,14.9,,0.8,0.8,-2.2,0.7,1.9,-0.4,4.3,2.1,2.7,2.8,2.7,1.0,0.4,1.7,1.5,2.6,2.4,4.3,4.5,4.0,4.4,7.1,11.9,7.9,-2.6,5.9,6.4,0.0,5.0,1.4,-2.4,-0.4,0.7,3.6,2.2,3.5,4.6,-0.1,0.0,6.1,5.9,5.2,3.1,
198205,2.5,3.1,2.3,3.0,3.1,3.0,1.1,-5.0,2.8,5.3,5.9,7.3,0.3,-1.4,-9.1,-15.7,-6.7,-7.0,0.6,3.3,4.1,2.3,0.1,3.2,3.4,2.3,4.1,4.4,-0.2,3.6,0.6,0.4,9.5,,0.6,0.4,-1.6,0.7,1.8,-0.6,4.3,3.7,4.7,2.6,5.0,3.7,4.8,1.9,1.0,2.4,2.3,4.1,4.1,3.5,4.3,4.2,7.8,4.6,-2.8,5.8,6.2,0.0,5.1,1.6,-2.4,0.4,0.9,3.3,2.0,3.4,4.5,-0.3,0.0,6.1,3.7,5.1,2.8,
198206,2.3,2.9,2.2,2.9,2.9,2.9,0.8,-6.7,2.6,5.1,6.2,7.6,0.9,-3.5,-7.4,-13.8,-15.7,-16.4,0.3,3.1,4.5,2.1,0.1,3.0,3.6,3.6,4.0,4.3,2.5,3.6,0.6,0.4,8.7,,0.5,0.0,-1.6,1.1,1.9,-0.5,4.3,3.7,5.2,2.4,5.7,2.9,3.4,2.1,1.0,2.3,2.3,2.4,3.7,3.2,1.9,4.1,7.8,4.3,-2.8,5.9,6.3,0.0,4.8,2.1,-2.5,2.2,1.0,3.3,1.8,3.2,4.3,-0.4,0.0,6.1,3.4,5.0,3.0,
198207,1.9,3.0,1.7,2.8,2.8,2.9,-0.2,-11.6,2.5,3.6,5.4,6.7,1.8,-2.6,-12.5,-22.5,-22.0,-22.8,-0.2,3.5,4.4,1.9,0.1,3.0,3.7,3.5,4.0,4.2,2.5,3.4,0.6,0.4,8.6,,0.5,-0.3,-1.3,1.4,1.8,-0.2,4.5,2.3,2.8,1.7,3.1,1.9,1.7,2.1,1.0,2.4,2.3,2.2,3.4,2.8,1.8,4.2,7.6,4.6,-2.8,5.9,6.3,0.0,4.8,1.7,-2.7,0.8,1.0,3.4,1.7,3.3,3.3,-0.4,0.0,6.1,3.6,4.9,2.7,
198208,3.2,2.9,3.1,2.8,2.9,3.1,3.2,7.1,2.3,3.3,7.3,9.7,1.9,-3.1,10.8,16.3,-7.5,-7.8,-0.4,3.6,3.7,1.8,0.1,2.8,3.6,3.4,3.9,4.0,2.5,3.5,0.6,0.4,8.4,,0.6,-0.5,-1.3,2.1,1.9,0.3,4.5,3.1,3.6,1.8,4.1,3.8,4.5,2.4,1.1,2.5,2.3,2.0,3.1,2.5,1.6,4.7,7.6,4.1,0.1,5.9,6.3,0.0,4.8,1.7,-2.8,0.5,1.3,3.5,1.6,3.2,2.8,-0.2,0.0,6.1,3.3,4.9,2.7,
198209,3.2,2.7,3.2,2.7,2.8,3.0,3.4,7.9,2.3,3.1,10.1,14.3,1.9,-3.1,6.6,9.0,-2.9,-3.2,-0.9,3.4,4.2,1.7,0.1,2.9,3.5,3.3,3.8,4.0,2.3,3.5,0.6,0.4,9.0,,0.5,-1.1,-1.1,1.6,1.9,0.5,4.6,2.5,2.1,2.4,2.0,4.1,5.2,2.1,1.2,3.1,2.1,2.0,2.9,2.7,1.5,4.1,7.4,3.3,0.1,5.9,6.4,0.0,4.8,3.1,-2.9,6.8,2.6,3.1,1.5,3.1,2.3,0.3,0.0,5.5,3.0,5.0,4.0,
198210,3.1,2.8,3.1,2.7,2.8,3.0,3.2,7.5,2.2,2.6,7.1,9.1,2.0,-4.0,9.2,13.8,-1.6,-1.7,-0.9,2.9,4.3,1.5,0.1,2.9,3.4,3.3,3.6,3.8,2.4,3.1,0.0,0.4,8.4,,0.4,-1.3,-1.0,2.2,1.8,0.5,4.4,2.8,3.1,4.4,2.8,3.2,4.1,2.0,1.4,1.3,1.9,2.1,2.9,3.0,1.6,4.0,7.3,3.1,0.2,5.9,6.4,0.0,4.8,3.1,-3.0,6.2,2.5,3.4,1.3,3.0,1.7,0.2,0.0,5.5,2.7,5.0,3.9,
198211,2.3,2.6,2.3,2.5,2.6,2.8,1.1,-2.7,2.1,2.3,5.1,5.9,2.3,-5.2,-6.7,-12.7,-3.0,-3.3,-0.6,2.6,4.0,1.5,0.1,2.9,3.3,3.1,3.6,3.8,2.4,2.2,0.0,0.4,8.1,,0.5,-1.4,-0.9,2.4,1.9,0.7,4.6,3.8,5.1,4.6,5.2,3.5,4.5,1.9,1.2,1.5,1.8,2.1,3.0,3.2,1.6,3.7,6.5,3.1,0.2,5.9,6.4,0.0,4.8,2.3,-3.0,2.8,2.2,3.3,1.3,3.1,1.5,0.6,0.0,5.5,2.7,5.0,3.1,
198212,2.0,2.5,1.8,2.3,2.5,2.8,0.4,-5.6,1.7,2.3,4.6,4.9,2.3,-9.7,-8.2,-15.2,-8.7,-9.2,-0.6,3.0,3.7,1.7,0.1,2.9,3.4,3.4,3.6,3.8,2.6,2.2,0.0,0.4,7.8,,0.5,-1.3,-0.5,2.2,1.9,0.5,4.5,2.9,3.6,4.5,3.4,3.2,3.8,2.0,1.4,1.3,1.8,2.1,3.1,3.1,1.7,3.6,6.1,3.1,0.2,5.9,6.4,0.0,4.8,1.8,-3.7,0.5,2.6,3.4,1.4,3.1,1.5,0.9,0.0,5.5,2.7,4.9,2.7,
198301,2.1,2.4,2.0,2.3,2.4,2.6,1.0,-1.7,1.6,2.2,4.5,5.2,2.4,-8.4,2.8,2.6,-16.4,-17.2,-1.1,1.7,3.4,1.1,0.1,2.8,3.3,3.3,3.5,3.8,2.6,2.0,0.0,0.3,6.9,,0.3,-1.5,-1.0,1.8,1.7,0.4,4.8,3.1,4.2,5.5,3.9,2.7,3.2,1.8,1.4,1.3,1.6,1.4,2.3,3.5,0.7,3.1,5.3,2.6,0.2,5.9,6.4,0.0,4.9,2.6,-3.6,4.7,2.4,3.2,1.3,2.9,1.3,0.8,0.0,5.5,2.2,4.9,3.2,
198302,2.0,2.3,1.9,2.1,2.4,2.6,1.2,-1.4,1.9,2.2,4.4,5.2,2.8,-4.8,1.6,0.6,-12.7,-13.3,-1.5,1.6,3.3,1.0,0.1,2.8,3.4,3.2,3.5,3.9,2.3,1.5,0.0,0.3,4.2,,0.5,-1.2,-0.3,1.8,1.6,0.9,4.9,2.7,3.2,5.2,2.5,2.8,3.6,1.6,1.5,1.2,1.6,1.2,2.4,3.6,0.3,2.3,4.2,1.7,0.2,5.9,6.4,0.0,4.9,2.5,-3.2,3.1,2.5,3.4,1.3,2.7,1.3,0.8,0.0,5.5,1.3,5.0,2.8,
198303,2.3,2.3,2.3,2.3,2.4,2.5,2.3,3.5,2.1,2.1,4.8,6.3,3.1,0.3,7.4,9.8,-7.4,-7.8,-1.5,1.6,3.6,1.0,0.1,2.8,3.2,3.1,3.3,3.9,2.2,1.1,0.0,0.3,2.2,,0.7,-1.5,0.7,1.9,1.5,1.1,5.2,2.4,2.6,5.0,1.9,2.7,3.1,1.9,1.2,1.6,1.6,1.3,2.4,3.6,0.3,1.9,4.6,0.6,0.3,5.9,6.4,0.0,5.6,2.9,-3.4,4.9,2.5,3.7,1.4,2.7,1.2,1.2,0.0,5.5,0.4,5.1,3.4,
198304,2.1,2.1,2.0,2.0,2.4,2.5,1.9,1.6,1.9,1.6,3.0,3.8,2.8,0.2,4.1,4.2,-4.8,-5.0,-1.3,1.6,3.4,0.8,0.1,2.7,3.2,2.9,3.3,3.4,2.2,0.3,0.0,0.3,-0.9,,0.8,-0.8,1.2,1.9,1.4,1.2,3.6,2.5,2.8,5.0,2.1,2.8,3.3,2.1,1.5,2.5,1.5,0.9,2.5,3.4,-0.3,0.7,4.6,-2.1,0.3,4.7,5.2,0.0,3.2,3.1,-2.2,5.5,2.3,3.5,1.6,2.6,1.5,1.4,0.0,25.0,-1.6,4.1,3.5,
198305,2.7,1.9,2.7,1.8,2.3,2.6,3.8,13.5,1.7,1.7,3.3,4.2,2.5,-2.3,18.8,28.9,9.0,9.3,-0.7,1.3,2.4,0.8,0.1,2.6,3.2,3.0,3.6,3.7,2.0,0.1,0.0,0.3,-2.5,,0.7,-1.1,1.1,1.7,1.5,1.0,3.3,2.5,2.8,5.6,2.2,2.3,2.6,1.8,1.9,2.8,1.3,0.9,2.4,3.9,-0.4,-0.7,1.9,-3.2,0.2,4.7,5.3,0.0,3.2,2.6,-2.3,4.0,2.2,3.3,5.0,2.5,1.4,1.6,12.0,25.0,-2.5,4.0,2.4,
198306,2.0,1.8,2.0,1.6,2.2,2.4,2.5,5.9,1.9,1.9,1.5,1.3,1.7,-1.3,5.8,6.9,11.8,12.3,0.0,1.3,2.0,0.7,2.3,2.6,3.2,2.9,3.5,3.7,1.8,-0.2,0.0,0.5,-3.7,,0.8,-1.0,1.4,2.2,1.5,1.0,3.5,1.4,1.2,5.3,0.4,1.0,0.4,1.9,1.8,2.4,1.2,1.0,2.4,4.3,-0.2,-1.2,1.2,-3.7,0.2,4.6,5.3,0.0,3.2,2.0,-2.4,1.0,2.2,3.4,5.3,2.4,2.5,1.4,12.0,25.0,-3.0,4.0,1.7,
198307,2.3,1.8,2.2,1.7,2.3,2.5,3.3,10.8,1.9,2.6,1.3,1.5,0.8,-0.2,15.7,25.4,10.5,11.0,0.7,0.7,1.6,0.8,2.7,2.4,3.1,2.9,3.4,3.7,1.8,-0.3,0.0,0.5,-4.7,,0.9,-0.6,0.8,1.9,1.3,0.9,3.5,2.7,3.7,5.9,3.1,1.8,2.0,1.6,2.1,2.5,1.2,1.1,2.6,4.3,-0.2,-1.7,1.2,-4.6,0.2,4.6,5.3,0.0,3.2,2.5,-2.3,3.3,2.2,3.5,5.3,2.1,2.5,1.9,12.0,25.0,-3.6,4.0,2.3,
198308,1.3,1.3,1.2,1.2,2.0,2.1,1.7,1.2,1.9,2.8,-1.4,-2.5,0.7,-1.5,1.9,0.2,8.7,9.0,0.9,0.5,1.7,0.8,2.8,2.5,3.0,3.0,3.4,3.9,1.7,-1.1,0.0,0.5,-9.6,,0.5,-1.1,0.8,0.7,1.4,0.6,3.4,1.8,2.4,5.9,1.5,0.8,0.4,1.5,2.0,1.7,1.1,1.2,2.7,4.7,-0.2,-3.4,1.2,-7.4,-2.1,4.6,5.3,0.0,3.2,1.8,-2.0,-0.2,1.9,3.4,5.2,2.0,2.5,1.9,12.0,25.0,-6.0,4.0,1.7,
198309,0.9,1.6,0.7,1.4,2.0,2.2,0.1,-6.6,1.8,3.0,-6.6,-10.4,0.8,-0.6,-1.3,-4.8,-2.6,-2.8,1.3,0.7,2.0,0.7,2.8,2.3,3.1,3.0,3.5,3.9,1.8,-1.5,0.0,0.6,-11.9,,0.7,-0.3,0.3,1.7,1.4,0.5,3.3,2.5,3.4,5.3,3.0,1.6,1.3,1.9,1.7,1.9,1.3,1.3,3.0,4.6,-0.1,-2.6,0.8,-5.7,-2.1,4.6,5.2,0.0,3.2,1.6,-2.0,-0.1,0.3,3.7,5.0,2.0,2.5,1.3,12.0,25.3,-5.1,3.9,1.4,
198310,1.5,1.6,1.4,1.5,2.0,2.3,1.6,0.5,2.0,3.2,-4.6,-7.0,0.8,-2.4,6.2,6.3,3.9,4.0,2.4,0.8,1.3,0.7,5.9,2.4,3.2,3.2,3.6,4.5,1.6,-1.6,0.0,0.7,-12.5,,0.8,-0.1,0.5,1.1,1.3,0.6,3.7,1.6,1.7,4.0,1.2,2.0,1.8,2.1,1.6,1.2,1.3,1.3,3.4,4.1,-0.2,-2.5,0.8,-5.1,-2.2,4.6,5.2,0.0,3.2,2.1,-1.7,1.9,0.4,3.7,5.1,2.0,2.5,1.4,12.0,25.3,-4.8,3.9,1.9,
198311,1.9,1.7,1.8,1.6,2.4,2.6,2.5,4.4,2.0,3.4,-4.0,-5.8,0.7,-1.3,15.9,23.1,-0.1,-0.1,2.2,0.9,1.5,0.7,7.1,2.6,3.3,3.1,3.5,4.4,1.6,-1.7,0.0,0.6,-13.8,,0.8,0.2,0.4,0.7,1.1,0.4,3.4,2.6,3.6,4.0,3.3,2.0,1.8,2.1,1.6,1.3,1.3,1.7,5.2,3.9,-0.2,-2.5,0.8,-5.1,-2.2,4.6,5.2,0.0,3.2,2.6,-1.6,3.9,0.4,3.8,5.0,1.9,2.4,1.1,12.0,25.3,-5.2,3.8,2.4,
198312,1.7,1.6,1.8,1.6,2.3,2.5,2.5,3.1,2.5,3.3,-3.4,-4.3,0.7,1.3,12.7,16.4,0.0,0.0,2.3,0.6,1.8,0.6,7.3,2.6,2.9,2.9,3.3,4.1,1.5,-2.1,0.0,0.6,-16.1,,0.7,-0.2,0.4,0.6,1.3,0.3,3.4,2.2,2.8,5.0,2.4,2.0,1.9,2.2,1.5,1.1,1.2,2.0,6.5,3.9,-0.3,-2.7,1.1,-5.8,-2.2,4.7,5.2,1.2,3.2,2.5,-1.1,3.4,0.5,3.6,5.0,1.7,2.4,0.8,12.0,25.3,-5.9,3.9,2.2,
198401,1.9,1.7,1.8,1.6,2.5,2.5,2.9,4.4,2.6,3.4,-3.5,-4.6,0.6,3.7,13.2,16.3,2.8,3.1,2.6,0.8,1.6,0.5,7.3,2.7,2.7,2.8,3.0,4.0,1.5,-2.0,0.0,0.6,-16.5,,0.7,0.1,0.0,0.5,1.3,0.4,3.1,2.3,2.9,4.2,2.7,2.5,2.8,2.1,1.4,0.8,1.1,2.6,7.2,3.9,0.7,-2.7,0.9,-5.6,-2.2,4.7,5.2,1.2,3.1,2.0,-1.0,0.8,0.6,3.6,4.9,1.6,2.3,0.8,12.0,25.3,-5.9,3.9,1.8,
198402,2.9,2.0,2.9,1.9,2.7,2.7,5.0,14.1,2.9,4.2,-2.7,-3.6,0.5,7.2,29.1,42.3,2.7,2.8,2.9,0.9,1.7,0.6,7.4,2.6,2.6,2.8,2.9,3.8,1.6,-1.5,0.0,0.6,-12.9,,0.6,-0.1,-0.7,0.5,1.6,0.1,3.2,2.7,3.8,4.2,3.8,2.8,3.0,2.2,1.4,1.3,1.0,2.7,7.9,4.1,0.5,-1.9,2.5,-5.3,-2.2,4.7,5.2,1.2,3.1,2.2,-1.5,2.2,0.6,3.6,4.9,1.7,2.3,0.9,12.0,25.3,-5.1,3.9,2.3,
198403,2.5,2.0,2.5,1.9,2.5,2.5,3.9,9.4,2.7,4.7,-2.8,-3.7,0.3,0.7,23.0,31.7,-2.4,-2.5,2.9,0.8,1.4,0.5,7.4,2.6,2.7,2.8,2.9,3.8,1.7,-1.2,0.0,0.6,-11.0,,0.8,0.7,-0.6,0.7,1.9,0.0,2.9,2.4,2.7,4.7,2.3,3.4,4.0,2.2,1.7,0.8,1.0,2.3,8.3,4.1,-0.3,-1.4,2.5,-4.0,-2.3,4.7,5.2,1.2,2.7,2.5,-1.5,3.7,0.5,3.4,4.7,1.8,2.3,0.7,12.0,25.3,-4.0,3.8,2.4,
198404,2.3,2.0,2.4,2.0,2.3,2.4,3.4,6.7,2.5,4.6,-1.6,-2.2,0.1,1.0,16.6,21.7,-0.7,-0.7,2.9,0.9,1.1,0.4,7.4,2.7,2.4,2.7,2.5,3.6,1.7,-0.4,0.0,0.5,-8.3,,0.8,-0.6,0.4,1.0,2.3,0.1,4.4,2.8,3.1,4.8,2.8,3.5,4.5,2.0,1.4,1.4,0.9,3.2,9.5,3.8,0.6,-0.4,2.8,-2.2,-2.3,4.3,4.4,1.2,4.8,1.5,-2.7,-0.9,0.6,3.8,4.5,1.7,1.8,0.9,12.0,10.4,-2.5,3.4,1.7,
198405,2.0,2.4,2.0,2.5,2.7,2.9,2.0,-2.8,3.2,4.3,-2.3,-3.3,0.2,1.7,2.4,-0.6,-5.0,-5.2,2.4,1.0,1.5,0.4,14.7,3.1,2.1,2.6,2.1,3.2,1.7,0.0,0.0,0.4,-7.6,,1.0,-0.1,0.5,1.4,2.6,0.2,4.3,2.4,3.2,4.5,2.9,2.4,2.7,1.7,1.4,1.3,1.0,3.1,9.6,3.4,0.7,1.2,6.4,-1.6,-2.3,4.3,4.3,1.2,4.7,3.1,-2.7,5.0,0.7,4.4,1.1,1.3,1.8,0.7,0.0,10.4,-2.3,3.5,3.9,
198406,1.9,2.1,1.9,2.3,2.4,2.6,2.1,-1.2,2.9,4.1,0.0,0.6,0.1,0.6,4.4,2.1,-7.4,-7.7,2.3,0.8,1.3,0.6,12.3,3.3,2.0,2.4,1.9,3.0,1.9,0.1,0.0,0.2,-7.3,,0.9,-0.2,0.0,0.6,2.5,0.2,4.1,2.4,3.7,4.9,3.3,1.3,1.5,1.1,1.7,1.4,0.9,3.0,9.6,3.0,0.5,1.3,6.7,-1.7,-2.3,4.3,4.3,1.2,4.7,2.4,-2.8,2.4,0.5,4.1,0.9,1.6,0.6,1.0,0.0,10.4,-2.2,3.5,3.3,
198407,2.5,2.2,2.6,2.3,2.4,2.6,3.5,6.9,2.7,3.5,0.2,0.5,0.2,-0.4,7.2,7.1,16.3,17.1,2.8,0.8,1.9,0.5,11.8,3.4,2.0,2.7,2.0,3.3,1.8,0.2,0.0,0.2,-6.7,,0.9,-0.2,-0.2,0.9,2.7,0.2,3.8,2.2,3.4,4.7,3.3,0.9,0.6,1.3,1.3,1.3,1.0,2.9,9.3,3.2,0.5,2.1,7.4,-0.6,-2.3,4.3,4.3,1.2,4.7,2.4,-2.7,2.4,0.5,3.9,0.9,2.0,0.6,0.6,0.0,10.4,-1.6,3.5,3.4,
198408,1.9,2.3,1.9,2.4,2.6,2.7,1.5,-4.0,2.8,3.2,1.7,2.7,0.1,0.4,-4.5,-11.8,-3.6,-3.7,3.2,1.0,2.2,0.6,11.7,3.3,2.0,2.6,2.1,3.2,1.8,0.3,0.0,0.2,-5.9,,1.1,0.2,0.4,1.3,2.7,0.2,3.9,2.5,3.9,4.6,3.7,1.3,1.4,1.2,1.8,1.0,1.0,2.8,9.0,2.8,0.5,2.6,7.8,0.5,-2.1,4.3,4.3,1.2,4.7,1.7,-2.6,-0.2,0.5,3.8,1.0,2.1,0.6,0.4,0.0,10.4,-0.9,3.5,2.9,
198409,2.3,2.2,2.3,2.3,2.4,2.4,3.0,3.2,3.0,3.0,2.5,3.4,0.1,1.8,2.2,-0.5,8.3,8.7,3.2,0.9,2.2,0.6,11.7,3.3,2.0,2.5,2.0,3.2,1.7,0.7,0.0,0.1,-3.0,,0.8,-1.0,0.4,0.6,2.8,0.3,3.9,1.8,2.3,4.4,1.7,1.3,1.2,1.7,1.6,0.8,0.9,2.6,8.5,2.6,0.4,2.6,7.5,0.7,-2.1,4.3,4.3,1.2,4.7,1.6,-2.4,-0.9,0.8,3.7,1.1,2.1,0.6,0.4,0.0,11.2,-0.4,3.5,2.9,
198410,2.2,2.3,2.2,2.4,2.7,2.9,1.9,-0.9,2.5,3.2,3.6,5.4,0.1,-0.2,-6.3,-13.4,7.4,7.8,2.3,0.9,2.1,0.6,8.5,3.1,2.0,2.3,1.9,2.8,1.9,0.8,0.0,0.0,-2.1,,0.9,-0.4,0.9,0.3,2.9,0.2,3.6,3.5,5.2,4.3,5.3,2.3,2.7,1.6,1.6,1.9,0.9,6.2,7.5,2.5,6.7,2.4,7.3,0.3,-2.1,4.4,4.4,1.2,4.7,1.6,-2.5,0.2,0.5,3.6,1.0,2.1,0.6,0.4,0.0,11.2,-0.6,3.6,2.8,
198411,2.2,2.2,2.2,2.2,2.4,2.8,2.1,1.4,2.3,2.8,3.2,4.4,0.2,-1.0,-8.9,-17.8,24.2,25.4,2.3,1.2,1.5,0.7,7.2,2.8,1.9,2.4,1.9,2.9,1.7,0.7,0.0,0.0,-2.7,,0.9,-0.4,0.7,0.6,3.0,0.2,3.7,2.8,3.4,4.1,3.3,2.6,3.0,1.6,1.8,2.0,0.9,5.7,5.3,2.5,6.7,2.5,7.9,0.0,-2.1,4.4,4.4,1.2,4.7,1.5,-2.4,-0.6,0.5,3.5,1.6,2.1,2.9,0.8,0.0,11.2,-0.7,3.6,2.7,
198412,2.6,2.3,2.6,2.2,2.4,2.8,3.2,8.6,2.2,2.7,3.7,5.0,0.3,-2.1,-6.8,-13.6,46.5,49.0,2.3,1.2,1.6,0.7,7.0,2.7,2.3,2.5,2.4,3.0,1.7,0.7,0.0,0.1,-3.0,,0.8,0.0,0.0,0.2,3.0,0.4,3.9,3.1,4.3,3.2,4.5,2.8,3.5,1.6,1.8,1.8,1.1,5.4,3.9,2.9,6.7,2.5,7.6,0.2,-2.2,4.3,4.4,0.0,4.7,1.7,-2.5,0.1,0.7,3.6,1.5,2.1,2.5,0.9,0.0,11.2,-0.6,3.5,2.9,
198501,2.9,2.4,2.9,2.4,2.7,3.2,3.3,9.0,2.1,2.7,4.5,6.0,0.6,-2.1,-5.9,-10.3,45.6,47.7,2.1,1.1,1.3,0.7,7.0,2.7,2.4,2.5,2.5,3.1,1.7,0.5,0.0,0.1,-3.7,,1.2,0.0,0.8,0.8,3.3,0.2,4.0,3.9,5.7,3.4,6.2,2.9,3.6,1.6,1.7,2.1,1.1,5.2,2.8,2.8,6.7,2.4,7.6,0.8,-2.1,4.3,4.4,0.0,4.7,2.8,-2.4,2.5,0.4,4.8,1.5,2.3,2.6,0.8,0.0,11.2,-1.0,3.5,4.2,
198502,1.5,2.3,1.4,2.1,2.2,2.7,0.4,-4.7,1.8,1.9,2.6,2.9,0.1,-2.3,-19.8,-30.0,32.9,34.5,2.1,0.9,1.4,0.8,6.9,2.7,2.5,2.6,2.6,3.1,1.9,0.2,0.0,0.1,-6.6,,0.8,-0.7,0.3,0.6,3.1,0.0,3.9,3.2,4.7,3.1,5.1,2.4,2.9,1.6,1.7,1.2,1.2,4.9,2.0,2.5,6.7,1.6,6.1,0.5,-2.1,4.3,4.4,0.7,4.7,1.8,-2.1,-0.1,0.4,3.9,1.7,2.3,3.0,0.9,0.0,11.2,-1.5,3.5,3.1,
198503,1.8,2.3,1.6,2.1,2.5,3.0,0.7,-3.3,1.5,2.4,3.2,3.8,-0.1,-5.0,-17.9,-26.7,30.7,31.9,2.4,0.8,1.1,0.9,6.9,2.7,2.5,2.6,2.6,3.1,1.7,0.1,0.0,0.1,-7.1,,0.8,-0.8,0.4,0.7,2.8,0.2,3.9,3.7,5.4,2.7,6.1,2.5,3.3,1.3,1.7,2.5,1.2,7.9,1.5,2.5,12.0,1.9,5.9,1.1,-2.1,4.3,4.4,0.7,4.6,1.4,-2.2,-1.5,0.7,3.8,1.6,2.1,3.0,0.6,0.0,11.2,-1.1,3.6,2.7,
198504,2.0,2.4,1.9,2.1,2.5,2.8,1.3,-0.6,1.8,2.3,2.4,2.7,-0.3,-2.3,-8.6,-13.4,16.4,16.8,2.1,0.7,1.2,1.5,6.9,2.5,2.5,2.6,2.7,3.3,1.7,0.0,0.0,0.1,-7.2,,0.7,-0.4,0.2,-0.2,2.6,0.1,2.8,3.2,5.3,2.6,6.0,1.5,1.7,1.2,1.8,2.0,1.0,7.0,0.3,2.4,11.0,1.9,5.6,1.3,-2.1,4.4,4.3,0.7,6.3,2.3,-2.2,4.5,0.4,3.0,1.4,2.1,2.7,0.4,0.0,4.7,-1.1,3.7,3.2,
198505,1.8,1.8,1.6,1.8,2.1,2.5,0.9,-0.5,1.1,2.3,2.8,3.0,-0.6,-1.1,-7.4,-11.9,11.0,11.1,2.2,0.4,1.0,1.8,0.0,2.1,2.6,2.7,2.9,3.5,1.7,-0.4,0.0,0.1,-7.1,,0.6,-0.6,0.1,0.1,2.4,0.3,3.1,3.0,4.1,2.3,4.5,2.6,3.0,1.6,1.7,1.9,1.2,7.1,0.3,2.2,11.0,2.8,3.9,3.1,-2.0,4.4,4.2,0.7,6.5,0.5,-2.1,-2.7,0.4,2.4,1.5,2.3,2.7,0.5,0.0,4.7,-0.8,3.7,1.3,
198506,2.5,2.0,2.5,2.0,2.4,2.8,2.4,7.1,1.3,2.3,2.6,2.3,-0.7,1.6,5.3,9.0,12.3,12.3,2.2,0.7,1.0,1.9,0.0,1.8,2.6,2.8,2.9,3.6,1.8,-0.4,0.0,0.1,-6.8,,0.6,-0.7,0.0,0.3,2.3,0.1,3.1,3.4,5.1,2.1,5.7,2.2,2.7,1.4,1.7,1.9,1.3,7.0,0.5,2.1,11.0,2.9,3.9,3.5,-2.0,4.4,4.2,0.7,6.5,2.0,-2.0,3.0,0.6,2.6,1.4,2.0,2.7,0.6,0.0,4.7,-0.6,3.7,2.5,
198507,2.4,2.1,2.4,2.0,2.3,2.6,2.6,7.6,1.5,2.3,2.9,2.8,-0.8,3.1,14.9,25.3,-5.3,-6.0,1.8,0.7,0.6,2.2,0.0,1.8,2.6,2.6,2.7,3.2,1.9,-0.4,0.0,0.1,-6.7,,0.6,-0.8,0.8,-0.1,2.3,0.1,3.0,3.3,4.7,2.4,5.2,2.2,2.7,1.4,2.0,1.8,1.2,7.2,1.0,2.1,11.0,2.5,3.1,3.0,-2.0,4.4,4.2,0.7,6.5,1.5,-1.9,1.5,0.6,2.5,1.4,1.7,3.0,0.9,0.0,4.7,-1.0,3.8,2.1,
198508,2.3,2.5,2.3,1.9,2.0,2.4,2.9,9.8,1.2,2.2,2.4,2.1,-0.8,3.2,11.0,19.2,10.5,10.4,1.7,0.7,0.4,2.0,0.0,2.0,2.4,2.6,2.5,3.1,1.9,-0.4,0.0,0.1,-6.9,,0.4,-1.2,0.2,-0.2,2.2,0.3,3.5,1.1,1.3,2.2,1.2,0.1,-0.7,1.5,1.6,1.0,1.3,7.3,1.3,2.2,11.0,2.6,2.9,2.5,0.1,4.4,4.2,0.7,6.5,2.5,-1.9,4.3,2.7,2.5,1.4,1.6,3.0,1.0,0.0,4.7,-1.3,3.8,2.7,
198509,1.7,1.8,1.7,1.9,2.4,2.9,0.5,-2.7,1.1,2.2,0.6,-0.4,-0.9,2.9,-4.7,-8.0,2.0,1.5,1.5,0.6,-0.1,1.8,0.0,2.0,2.4,2.7,2.7,3.1,2.0,-0.9,0.0,0.1,-9.6,,0.5,-0.4,-0.5,0.2,2.0,0.1,3.8,4.1,5.8,1.8,6.6,3.4,3.9,2.0,1.8,3.3,1.3,7.3,1.5,2.0,11.0,1.5,3.0,0.4,0.1,4.6,4.2,0.7,7.2,2.2,-1.6,3.0,2.2,2.7,1.3,1.5,3.0,1.0,0.0,3.2,-3.2,3.8,2.3,
198510,2.3,1.3,2.3,1.8,2.3,2.6,2.6,8.2,1.1,2.0,1.3,0.7,-1.0,4.5,6.6,11.0,15.2,15.3,1.5,0.9,0.4,1.7,0.0,2.1,2.6,2.6,2.7,3.2,1.8,-1.1,0.0,0.1,-10.8,,0.6,-0.7,0.1,0.6,1.9,0.1,3.9,3.4,4.4,1.4,5.2,2.8,3.3,2.0,1.5,2.5,1.2,3.4,1.8,1.9,4.4,1.6,3.5,0.2,0.1,4.5,4.1,0.7,7.2,2.4,-1.7,3.3,2.3,2.8,1.3,1.5,3.0,0.7,0.0,3.2,-3.5,3.8,2.7,
198511,1.9,1.4,1.9,1.8,2.4,2.7,1.4,2.0,1.5,1.8,2.1,1.6,-1.0,4.3,5.5,9.7,-4.1,-4.8,1.5,0.6,0.8,1.5,0.0,2.1,2.7,2.6,2.8,3.2,1.9,-1.1,0.0,0.1,-11.2,,0.6,-0.9,0.4,0.8,1.9,0.0,3.8,3.6,5.3,1.1,6.3,2.6,3.1,1.7,1.5,2.0,1.2,3.4,1.9,1.7,4.4,1.8,3.2,0.8,0.1,4.5,4.1,0.7,7.3,2.4,-1.4,3.3,2.4,2.8,0.7,1.4,0.8,0.3,0.0,3.2,-3.1,3.7,2.6,
198512,1.9,1.5,1.8,1.9,2.4,2.7,1.1,-0.1,1.4,1.7,1.4,1.1,-1.2,6.9,9.4,16.5,-15.2,-16.3,1.2,0.5,0.4,1.6,0.0,1.9,2.6,2.5,2.7,3.0,1.9,-0.9,0.0,0.0,-9.9,,0.7,-0.9,0.8,1.5,1.8,-0.2,3.7,3.9,5.7,1.1,6.7,2.5,2.9,1.8,1.4,2.8,1.0,3.3,1.9,1.4,4.4,2.1,3.4,1.5,0.2,4.5,4.1,0.7,7.3,2.3,-1.3,3.4,2.4,2.7,0.6,1.5,0.8,0.0,0.0,3.2,-2.5,3.8,2.4,
198601,1.5,1.4,1.4,1.3,1.7,1.8,1.7,3.4,1.2,1.4,0.3,-0.5,-1.3,7.1,11.6,17.9,-9.7,-10.4,0.9,0.4,0.6,1.8,0.0,1.7,2.6,2.4,2.6,2.7,1.9,-0.7,0.0,0.0,-9.3,2.5,-0.1,-1.7,0.9,0.6,0.9,0.0,3.1,1.9,2.7,0.4,3.1,1.2,1.1,1.4,1.2,1.2,0.9,2.3,1.4,1.1,3.2,1.6,3.6,0.9,0.0,4.4,4.0,0.7,6.5,0.7,-3.2,1.9,2.1,0.6,0.4,1.2,0.4,-0.5,0.0,1.9,-1.9,3.9,1.2,
198602,1.8,1.6,1.7,1.5,1.9,2.1,1.9,5.7,1.1,1.7,1.5,1.4,-1.2,3.0,14.2,22.8,-10.3,-11.1,0.9,0.5,0.4,1.7,0.0,1.8,2.5,2.3,2.6,2.7,1.7,-0.5,0.0,0.0,-8.0,2.6,0.2,-1.3,1.6,0.7,0.8,0.0,2.9,2.4,3.3,0.6,3.8,2.1,2.5,1.1,1.2,1.5,1.0,2.3,1.4,1.0,3.2,1.9,3.5,1.6,0.0,4.3,4.0,0.0,6.5,1.5,-3.0,3.1,1.9,1.8,0.4,1.1,0.3,-0.2,0.0,1.9,-1.5,3.7,1.8,
198603,1.3,1.4,1.1,1.2,1.7,1.9,0.9,-0.8,1.3,1.1,1.4,1.4,-1.3,6.4,5.3,8.0,-14.3,-15.1,0.8,0.7,0.6,1.9,0.0,1.9,2.5,2.3,2.5,2.6,1.8,-0.6,0.0,0.0,-8.3,2.7,0.2,-1.2,1.2,1.0,0.8,-0.1,2.9,2.3,3.5,0.5,4.0,1.7,1.9,1.0,1.3,1.7,1.0,0.7,1.4,0.9,0.3,1.2,3.7,0.1,0.0,4.3,4.0,0.0,6.4,1.3,-3.1,1.5,2.3,1.9,0.2,1.1,0.3,-0.8,0.0,1.9,-2.6,3.7,1.7,
198604,1.0,1.2,0.8,1.1,1.6,2.0,0.3,-3.7,1.2,1.0,0.5,-0.7,-1.2,5.4,-2.6,-4.6,-6.3,-6.8,0.8,0.9,0.6,1.4,0.0,1.8,2.5,2.1,2.5,2.4,1.8,-0.8,0.0,0.0,-9.8,2.4,0.1,-1.3,1.1,1.2,0.6,-0.2,3.1,2.4,3.4,0.8,3.9,2.0,2.5,0.9,1.2,1.9,1.1,2.0,1.3,0.8,2.6,0.6,3.6,-1.0,0.0,3.2,3.8,0.0,1.9,1.3,-3.1,-0.1,2.5,2.4,0.2,1.1,0.3,-1.1,0.0,2.9,-3.6,2.8,1.7,
198605,1.1,1.3,1.0,1.2,1.7,2.0,0.7,-1.1,1.1,1.0,0.4,-0.8,-1.3,3.1,4.3,6.5,-10.8,-11.3,0.5,1.2,1.3,1.0,0.0,1.8,2.4,2.2,2.5,2.4,1.8,-1.0,0.0,-0.1,-11.7,2.6,0.1,-1.3,1.4,1.0,0.5,-0.3,3.1,2.4,3.3,1.3,3.7,2.1,2.6,0.8,1.1,1.8,1.2,1.9,1.4,0.8,2.6,-1.1,1.6,-3.2,0.0,3.4,4.0,0.0,1.9,2.5,-3.2,2.7,6.0,2.4,2.8,0.9,0.3,-1.3,11.1,2.8,-4.2,2.8,2.3,
198606,0.6,0.8,0.4,0.6,1.7,2.0,0.2,-2.8,0.9,1.0,0.0,-1.4,-0.9,1.1,-2.9,-5.0,-1.6,-1.8,0.0,1.2,0.9,0.7,0.0,1.9,2.4,2.1,2.5,2.4,1.6,-6.4,-8.5,-5.3,-13.4,2.3,0.2,-1.1,1.1,1.4,0.4,-0.2,3.1,2.4,3.2,1.2,3.7,2.3,2.8,1.1,0.9,1.9,1.1,1.9,1.3,0.9,2.6,-1.4,1.6,-3.8,0.0,3.4,4.0,0.0,1.9,1.9,-3.5,0.9,6.1,2.3,3.0,0.9,0.8,-1.6,11.1,2.8,-9.2,2.8,1.8,
198607,0.1,0.6,-0.1,0.4,1.6,1.9,-0.8,-7.1,0.6,0.9,0.7,0.3,-0.9,-0.3,-12.3,-19.2,1.4,1.5,-0.3,1.0,0.7,0.3,0.0,1.7,2.5,2.0,2.6,2.5,1.5,-7.2,-8.5,-7.6,-14.9,2.3,0.1,-1.1,0.8,1.6,0.3,-0.1,3.1,2.3,3.2,1.0,3.7,2.0,2.4,1.0,0.8,1.8,1.1,1.9,1.1,0.6,2.7,-1.8,1.6,-4.5,0.0,3.4,4.0,0.0,1.9,1.7,-3.6,0.5,5.9,2.3,2.8,0.8,0.7,-1.7,11.1,2.8,-10.5,2.8,1.6,
198608,0.1,0.5,-0.2,0.3,1.5,1.8,-0.5,-5.5,0.6,1.0,1.2,0.9,-1.0,-1.4,-7.4,-11.9,-5.6,-5.8,-1.3,1.1,0.6,0.5,0.0,1.6,2.5,2.0,2.7,2.5,1.5,-7.5,-8.5,-7.8,-17.1,2.3,0.0,-1.1,0.8,1.3,0.3,-0.2,2.8,2.3,3.2,1.1,3.6,2.2,3.0,0.9,0.8,1.8,0.9,1.9,1.3,0.8,2.7,-2.0,1.6,-4.7,-0.9,3.4,4.0,0.0,1.9,1.6,-4.3,0.6,4.3,2.7,2.9,1.0,0.7,-1.9,11.1,2.8,-10.9,2.8,1.5,
198609,0.5,0.5,0.2,0.2,1.5,1.9,0.5,0.8,0.4,0.9,5.1,7.8,-1.1,-3.7,-1.1,-1.7,-5.7,-5.9,-1.8,1.0,1.1,0.2,0.0,1.6,2.5,2.0,2.7,2.5,1.4,-7.9,-8.5,-7.8,-20.2,2.4,0.0,-1.1,1.3,1.1,0.4,-0.5,2.8,2.0,2.4,1.1,2.6,2.7,3.6,0.6,0.8,1.3,1.0,2.0,1.4,0.9,2.7,-1.6,3.7,-5.2,-0.9,3.3,4.0,0.0,1.4,1.5,-5.0,0.3,4.5,2.6,2.9,1.0,0.7,-2.2,11.1,3.1,-11.4,2.8,1.9,
198610,-0.3,0.4,-0.6,0.1,1.5,1.8,-1.6,-9.8,0.5,0.6,2.2,2.7,-1.3,-3.0,-10.1,-15.6,-17.5,-18.0,-1.9,0.7,1.0,0.1,0.0,1.4,2.6,2.0,2.8,2.4,1.4,-8.5,-8.5,-7.8,-25.2,2.2,-0.2,-1.6,0.4,1.3,0.5,-0.3,2.7,2.1,2.5,1.2,2.7,2.3,3.3,0.4,0.9,1.3,1.0,2.0,1.6,0.8,2.7,-1.6,2.9,-4.6,-0.9,3.3,4.0,0.0,1.3,1.4,-5.3,0.1,4.6,2.6,2.9,0.9,0.7,-2.1,11.1,3.1,-12.2,2.8,1.8,
198611,0.0,0.2,-0.2,-0.1,1.4,1.8,-0.3,-2.8,0.2,0.5,1.0,1.0,-1.4,-2.1,-4.3,-6.9,-3.1,-3.1,-2.5,0.6,0.9,0.2,0.0,1.4,2.5,1.8,2.6,2.2,1.4,-9.2,-8.5,-7.9,-31.7,2.3,-0.2,-1.6,0.6,0.8,0.4,-0.2,2.5,1.6,1.6,1.0,1.7,2.6,3.5,0.5,1.0,1.3,1.1,2.1,1.8,0.7,2.6,-2.0,2.8,-5.3,-0.9,3.3,4.0,0.0,1.3,1.5,-5.5,0.9,4.6,2.3,2.9,1.0,0.7,-2.0,11.1,3.1,-13.4,2.7,1.9,
198612,-0.3,0.1,-0.5,-0.2,1.4,1.7,-0.9,-6.5,0.3,0.4,-0.5,-1.7,-1.4,-2.5,-9.3,-14.7,-1.6,-1.6,-2.3,0.7,0.6,0.1,0.0,1.4,2.3,1.9,2.6,2.3,1.3,-9.4,-8.5,-8.0,-34.4,2.3,-0.3,-1.6,0.8,0.3,0.3,-0.3,2.5,1.8,1.9,1.5,2.0,2.7,3.8,0.3,0.9,1.1,1.0,2.0,2.1,0.4,2.6,-2.4,2.6,-6.0,-0.9,3.3,4.0,0.0,1.3,1.1,-6.1,-0.6,4.5,2.3,2.9,1.0,0.6,-1.9,11.1,3.1,-14.1,2.7,1.6,
198701,-1.1,-0.3,-1.5,-0.6,1.1,1.7,-2.8,-14.2,0.0,0.4,0.1,-0.7,-1.4,-8.5,-18.9,-28.2,-10.8,-11.3,-2.3,0.6,0.9,0.2,-0.1,1.4,2.3,1.8,2.6,2.4,1.2,-11.4,-11.7,-9.7,-35.7,2.3,-0.2,-1.4,0.6,0.3,0.2,-0.4,2.6,1.0,1.0,1.8,0.8,1.6,2.3,0.3,0.7,1.0,1.1,2.8,2.1,0.3,4.0,-2.4,2.6,-6.1,-0.9,3.3,4.0,0.0,1.3,0.7,-6.2,-1.3,4.4,2.0,2.9,1.0,0.6,-1.7,11.1,3.1,-16.1,2.7,1.1,
198702,-1.0,-0.1,-1.4,-0.4,1.1,1.7,-2.9,-14.5,-0.2,0.1,-0.1,-0.9,-1.6,-8.5,-20.0,-30.0,-8.1,-8.5,-2.5,0.6,1.1,0.1,-0.1,1.4,2.5,1.9,2.7,2.5,1.1,-11.6,-11.7,-10.8,-33.6,2.2,-0.2,-1.5,1.1,0.0,0.3,-0.3,2.6,1.2,1.0,1.9,0.8,1.9,2.7,0.5,1.0,1.2,0.9,2.9,2.3,0.3,4.1,-1.4,2.5,-4.0,-0.9,3.3,4.0,0.0,1.3,0.8,-6.8,-1.0,4.6,2.1,2.8,1.0,0.5,-2.2,11.1,3.1,-14.5,2.7,1.3,
198703,-0.5,0.0,-0.8,-0.3,1.2,1.8,-1.7,-7.5,-0.4,-0.1,-0.8,-1.9,-1.5,-10.4,-10.0,-15.3,-4.0,-4.2,-2.7,0.6,1.4,-1.4,-0.1,1.1,2.4,1.9,2.7,2.6,1.1,-11.5,-11.7,-11.1,-32.4,2.1,-0.4,-1.8,1.0,-0.5,0.3,-0.3,2.6,1.4,1.4,2.0,1.3,2.3,3.2,0.8,0.9,1.1,0.9,2.9,2.4,0.4,4.1,-0.8,2.5,-2.8,-0.9,3.5,4.0,2.1,1.8,1.1,-6.8,0.0,4.1,2.3,3.0,1.0,0.5,-1.6,11.1,3.1,-13.7,2.7,1.5,
198704,0.1,0.1,-0.2,-0.2,1.1,1.8,-0.5,0.2,-0.7,-0.1,-0.2,-0.2,-2.0,-11.5,3.0,5.3,-6.5,-6.8,-2.8,0.3,1.4,-1.9,-0.1,1.0,2.5,2.2,2.7,3.0,1.1,-11.3,-11.7,-11.3,-29.5,1.5,-0.4,-1.7,0.9,-0.7,0.4,-0.5,2.2,1.3,1.0,0.9,1.0,2.2,3.1,0.7,1.1,0.9,0.9,1.6,2.4,0.5,1.6,0.6,2.6,-0.2,-0.9,3.4,3.6,2.1,2.7,0.9,-7.0,0.9,4.0,1.8,3.0,1.0,0.5,-1.2,11.1,1.5,-11.3,2.7,1.3,
198705,0.0,-0.2,-0.3,-0.5,0.7,1.4,-0.4,0.7,-0.6,-0.1,0.3,0.9,-1.8,-10.1,-0.7,-0.6,2.4,2.5,-2.5,0.4,0.7,-2.2,-0.1,1.0,2.3,2.0,2.5,2.8,0.9,-11.1,-11.7,-11.2,-27.8,1.1,-0.7,-2.2,0.9,-1.1,0.4,-0.5,2.0,1.4,1.3,0.9,1.3,2.2,3.0,0.7,1.1,1.1,0.8,1.7,2.4,0.6,1.6,0.9,2.6,0.8,-0.9,3.4,3.7,2.1,2.7,0.2,-7.3,0.0,0.6,1.8,0.4,1.1,0.5,-0.8,0.0,1.5,-10.6,2.8,0.7,
198706,0.3,0.3,0.0,0.0,0.8,1.4,-0.5,0.2,-0.7,-0.1,-1.0,-1.1,-2.3,-10.0,5.4,9.7,-9.3,-9.7,-2.5,0.1,1.1,-2.6,-0.1,0.8,3.2,2.3,3.6,3.5,1.0,-6.1,-3.5,-6.3,-26.5,1.2,-0.8,-2.2,1.2,-1.9,0.3,-0.5,1.9,1.4,1.4,1.3,1.3,2.3,3.1,0.6,1.2,1.0,0.7,1.7,2.4,0.6,1.6,1.5,3.0,1.3,-0.9,3.4,3.7,2.1,2.7,0.2,-7.6,0.1,0.6,2.0,0.2,1.0,0.0,-0.5,0.0,1.5,-5.7,2.8,0.8,
198707,0.1,0.5,-0.4,0.1,0.9,1.6,-1.7,-6.6,-0.6,0.0,-1.7,-3.0,-2.3,-9.9,-6.5,-10.4,-6.9,-7.3,-2.7,0.1,1.4,-2.5,-0.1,0.9,3.3,2.5,3.7,3.6,1.1,-5.2,-3.5,-4.0,-25.3,1.1,-0.8,-2.1,1.2,-2.1,0.3,-0.7,1.8,0.4,0.0,1.0,-0.3,1.1,1.4,0.6,0.8,0.7,0.7,1.6,2.4,0.6,1.6,1.9,3.0,2.2,-0.9,3.4,3.7,2.1,2.7,0.4,-8.1,0.6,0.6,2.0,0.4,1.3,0.1,-0.3,0.0,1.5,-4.4,2.8,1.0,
198708,0.4,0.6,0.1,0.2,1.0,1.7,-1.2,-3.5,-0.7,-0.1,-3.8,-6.3,-2.4,-9.2,1.4,2.7,-7.0,-7.3,-2.2,0.1,1.4,-2.7,-0.1,0.8,3.3,2.5,3.7,3.6,1.2,-4.9,-3.5,-3.8,-23.3,1.1,-0.9,-2.3,1.1,-2.5,0.1,-0.7,1.8,1.2,1.3,1.0,1.3,1.7,2.3,0.7,0.8,1.0,0.9,1.6,2.2,0.5,1.6,2.3,2.9,2.7,0.0,3.4,3.7,2.1,2.7,0.4,-8.1,0.1,0.8,1.9,0.3,1.0,0.0,-0.1,0.0,1.5,-3.6,2.8,1.0,
198709,0.8,0.5,0.6,0.2,0.8,1.4,0.5,5.9,-0.7,-0.1,-3.1,-5.2,-2.3,-9.1,13.3,22.8,1.4,1.6,-1.9,0.1,0.9,-2.4,-0.1,0.8,3.2,2.6,3.6,3.5,1.4,-4.4,-3.5,-3.8,-20.4,1.0,-0.9,-2.5,0.9,-2.5,0.2,-0.4,1.6,0.9,0.8,1.0,0.9,1.3,1.7,0.3,1.0,0.9,0.9,1.5,2.0,0.3,1.6,1.7,0.9,3.0,0.1,3.4,3.7,2.1,3.1,0.5,-8.0,1.2,0.9,1.7,0.4,0.9,0.1,0.2,0.0,2.6,-3.1,2.9,0.6,
198710,0.7,0.5,0.5,0.2,0.7,1.3,0.2,4.4,-0.8,-0.1,-2.9,-4.7,-1.9,-8.3,8.1,13.9,6.2,6.4,-1.8,0.1,0.5,-2.3,-0.1,0.8,3.2,2.6,3.4,3.5,1.5,-3.8,-3.5,-3.8,-15.2,1.0,-0.7,-1.9,1.0,-2.1,0.1,-0.6,1.8,1.0,1.0,0.9,1.0,1.3,1.8,0.3,1.0,0.8,0.8,1.4,1.7,0.4,1.6,1.4,0.9,2.4,0.1,3.5,3.7,2.1,3.2,0.0,-8.4,-0.6,1.0,1.6,0.4,0.9,0.0,0.3,0.0,2.6,-2.2,2.9,0.2,
198711,0.7,0.6,0.4,0.3,0.7,1.4,-0.2,2.3,-0.7,-0.4,-2.5,-4.2,-1.7,-9.8,8.8,15.7,-5.2,-5.5,-1.6,0.1,0.6,-2.4,-0.1,0.8,3.0,2.6,3.3,3.5,1.5,-2.9,-3.5,-3.7,-6.1,1.3,-0.8,-2.1,0.8,-1.9,0.1,-0.7,1.7,0.9,1.0,0.8,1.1,1.0,1.6,0.2,0.9,0.6,0.9,1.3,1.6,0.3,1.6,1.6,0.9,2.6,0.1,3.5,3.7,2.1,3.2,0.2,-8.9,-0.2,1.0,1.9,0.4,0.9,0.0,0.5,0.0,2.6,-1.0,2.9,0.4,
198712,0.8,0.6,0.5,0.4,0.7,1.3,0.1,4.2,-0.7,-0.6,-2.7,-5.0,-1.5,-10.2,16.0,28.2,-13.5,-14.1,-1.9,0.1,1.1,-2.4,-0.1,0.8,2.9,2.6,3.1,3.4,1.6,-2.7,-3.5,-3.6,-3.7,1.3,-0.8,-2.2,0.8,-1.7,0.1,-0.8,1.7,1.0,0.9,0.9,0.9,1.1,1.5,0.4,1.1,0.7,0.9,1.3,1.3,0.4,1.6,1.7,0.8,3.1,0.1,3.5,3.7,2.1,3.2,0.7,-9.1,2.0,1.0,1.9,0.4,0.9,0.1,0.5,0.0,2.6,-0.6,2.9,0.7,
198801,0.9,0.7,0.7,0.5,0.8,1.3,0.3,4.7,-0.6,-1.2,-1.9,-4.0,-1.6,-5.5,15.2,26.4,-11.0,-11.5,-1.8,0.0,0.4,-2.7,0.0,0.8,2.9,2.7,3.1,3.4,1.7,-1.9,-2.4,-2.7,-3.2,1.3,-0.9,-2.3,0.8,-2.0,0.4,-0.9,1.7,0.8,0.6,1.0,0.6,1.3,1.8,0.3,1.1,0.5,0.9,0.5,1.2,0.3,0.3,1.6,0.8,2.9,0.1,3.5,3.7,2.1,3.2,0.7,-9.1,2.0,0.9,2.2,0.4,0.8,0.1,0.6,0.0,2.6,0.2,2.9,0.8,
198802,0.7,0.5,0.6,0.2,0.7,1.1,0.5,5.3,-0.4,-1.2,-1.5,-3.4,-1.4,-4.2,14.2,24.8,-6.6,-6.8,-1.6,-0.2,0.2,-3.1,0.0,0.7,2.8,2.6,3.0,3.4,1.8,-1.9,-2.4,-1.6,-8.4,1.4,-0.7,-2.1,0.6,-1.5,0.5,-0.8,1.7,0.2,-0.1,0.7,-0.2,0.4,0.4,0.6,0.8,0.3,1.0,0.4,1.0,0.3,0.2,0.5,0.8,0.5,0.1,3.5,3.7,2.1,3.2,0.7,-8.6,1.9,0.9,2.0,0.5,0.8,0.1,0.9,0.0,2.6,-1.8,2.9,0.7,
198803,0.7,0.4,0.5,0.2,0.6,1.1,0.6,5.2,-0.3,-1.1,-1.2,-3.4,-1.6,-2.1,13.0,21.5,-4.2,-4.2,-1.5,-0.3,0.0,-2.3,0.0,0.9,2.8,2.7,3.0,3.4,1.8,-2.0,-2.4,-1.5,-10.7,1.4,-0.6,-2.0,1.2,-1.2,0.4,-1.0,1.7,0.4,0.3,0.4,0.2,0.4,0.4,0.3,0.7,0.5,1.0,0.4,0.9,0.3,0.2,-0.2,0.7,-0.2,-1.7,3.3,3.7,0.0,2.7,0.5,-8.6,1.8,0.7,1.7,0.4,0.8,0.1,0.9,0.0,2.6,-2.6,2.8,0.6,
198804,0.3,0.3,0.0,0.1,0.7,1.1,-0.2,-0.5,-0.1,-1.2,-0.6,-2.8,-1.0,-2.5,1.8,2.6,-2.2,-2.1,-1.6,-0.1,-0.1,-2.1,0.0,0.8,2.7,2.6,2.9,3.1,1.9,-2.4,-2.4,-2.0,-13.4,1.6,-0.6,-2.1,1.5,-1.4,0.3,-0.9,2.1,0.8,0.6,0.9,0.5,1.3,1.6,0.7,0.7,0.7,1.1,0.2,0.9,0.4,-0.2,-1.1,0.8,-1.9,-1.7,3.4,3.7,0.0,2.9,0.4,-8.7,0.7,0.7,1.9,0.5,0.8,0.1,0.9,0.0,3.0,-4.6,2.8,0.5,
198805,0.2,0.4,-0.1,0.2,0.8,1.2,-0.6,-2.1,-0.3,-1.2,0.2,-1.5,-1.0,-3.0,-1.5,-2.7,-2.4,-2.4,-1.5,-0.4,0.0,-1.9,0.0,0.8,2.6,2.6,2.9,2.9,2.0,-2.6,-2.4,-2.4,-13.9,1.6,-0.3,-1.4,1.2,-0.9,0.3,-1.0,2.1,1.0,1.1,1.0,1.2,1.0,1.3,0.7,0.7,0.8,1.0,0.2,0.9,0.7,-0.2,-1.2,0.8,-2.3,-1.7,3.4,3.7,0.0,2.9,0.6,-8.6,1.3,0.9,2.1,0.4,0.8,0.1,0.7,0.0,3.0,-4.9,2.7,0.7,
198806,0.2,0.3,0.0,0.1,0.7,1.0,-0.3,-1.1,-0.1,-1.2,0.2,-1.9,-0.7,-2.0,-1.3,-2.6,2.1,2.5,-1.4,-0.3,-0.2,-1.8,0.0,0.8,1.7,2.1,1.7,2.3,1.9,-2.5,-2.4,-2.5,-14.1,2.1,-0.5,-1.8,1.1,-0.5,0.4,-1.1,2.0,0.9,0.8,0.6,1.0,0.9,1.1,0.7,0.8,0.8,1.2,0.4,0.9,0.7,0.2,-1.3,0.6,-2.1,-1.7,3.3,3.7,0.0,2.9,0.4,-9.4,1.1,0.8,1.7,0.4,1.0,0.0,0.7,0.0,3.0,-4.8,2.8,0.4,
198807,0.5,0.2,0.5,0.1,0.5,0.8,0.9,5.9,-0.1,-1.2,-1.7,-4.9,-0.7,-2.0,10.0,16.8,8.7,9.3,-1.0,-0.2,-0.3,-1.8,0.0,0.7,1.5,1.9,1.4,2.0,1.8,-2.5,-2.4,-2.5,-13.8,2.1,-0.4,-1.7,1.2,-0.4,0.4,-0.8,2.1,1.1,1.2,1.0,1.2,0.9,1.1,0.7,0.8,0.9,1.1,0.4,0.8,0.6,0.2,-1.1,0.6,-2.0,-1.7,3.3,3.7,0.0,2.9,0.4,-9.0,1.1,0.8,1.6,0.4,0.9,-0.2,0.7,0.0,3.0,-4.6,2.8,0.4,
198808,0.7,0.3,0.6,0.2,0.6,0.9,1.4,7.7,0.1,-1.2,0.0,-2.1,-0.5,0.2,10.7,17.1,9.1,9.8,-0.7,-0.4,-0.2,-1.9,0.0,0.8,1.5,1.9,1.4,2.0,1.7,-2.5,-2.4,-2.5,-13.5,2.1,-0.2,-1.6,1.6,0.0,0.5,-0.9,2.1,0.8,0.8,1.0,0.8,0.9,1.0,0.6,0.7,0.6,1.0,0.4,0.6,0.6,0.2,-0.9,0.7,-1.4,-1.7,3.3,3.7,0.0,2.9,0.4,-8.7,1.1,0.6,1.7,0.4,0.9,-0.1,0.4,0.0,3.0,-4.1,2.8,0.4,
198809,0.6,0.4,0.5,0.3,0.7,1.0,0.7,3.3,0.1,-1.2,-2.0,-5.6,-0.5,0.8,8.0,11.8,3.1,3.4,-0.5,-0.3,-0.1,-1.6,0.0,0.7,1.6,1.9,1.5,2.1,1.6,-2.5,-2.4,-2.5,-13.5,2.2,-0.2,-1.2,1.2,0.0,0.6,-1.2,2.1,2.1,2.9,1.2,3.1,1.7,2.0,1.3,0.8,0.9,0.9,0.4,0.6,0.7,0.3,-0.7,0.7,-1.1,-1.7,3.3,3.7,0.0,2.5,0.3,-8.7,0.5,0.5,1.8,0.3,0.9,-0.2,0.4,0.0,1.6,-4.0,2.6,0.4,
198810,1.1,0.5,1.0,0.4,0.9,1.2,2.0,9.7,0.3,-1.2,-0.9,-4.2,-0.6,0.7,20.7,31.8,-2.5,-2.4,-0.6,-0.6,0.3,-1.7,0.0,0.8,1.6,2.0,1.7,2.5,1.5,-2.6,-2.4,-2.5,-13.6,2.2,-0.4,-1.6,1.1,-0.4,0.8,-1.1,2.0,1.9,2.4,1.4,2.7,1.5,1.5,1.5,0.9,0.9,1.0,0.4,0.6,0.7,0.3,-0.7,0.7,-1.3,-1.7,3.2,3.7,0.0,2.4,1.2,-8.1,3.9,0.7,1.9,0.3,1.0,-0.2,0.3,0.0,1.6,-4.0,2.6,1.1,
198811,1.2,0.6,1.1,0.5,1.0,1.2,2.2,11.0,0.5,-1.0,0.0,-2.7,-0.5,3.1,19.2,30.0,2.3,2.7,-0.3,-0.6,0.3,-1.4,0.0,0.8,1.9,2.3,2.0,2.6,1.5,-2.7,-2.4,-2.5,-15.8,1.8,-0.3,-1.3,1.2,-0.4,0.8,-1.4,2.1,2.4,3.2,1.2,3.5,1.7,1.7,1.6,1.0,0.8,0.8,0.4,0.4,0.7,0.3,-0.7,0.7,-1.2,-1.6,3.2,3.7,0.0,2.4,1.1,-7.7,3.8,0.1,1.7,0.3,1.0,-0.1,0.2,0.0,1.6,-4.2,2.6,1.0,
198812,1.0,0.7,0.9,0.5,1.0,1.3,1.3,5.5,0.5,-0.7,0.0,-2.7,-0.6,5.0,5.7,8.0,15.5,16.5,-0.1,-0.6,0.1,-1.4,0.0,0.8,2.1,2.3,2.1,2.7,1.6,-2.7,-2.4,-2.5,-15.0,1.8,-0.2,-1.3,1.1,-0.6,1.1,-1.4,2.1,2.4,3.4,1.5,3.6,1.8,1.8,1.8,0.9,0.8,1.0,0.4,0.4,0.7,0.2,-0.6,0.8,-1.2,-1.6,3.2,3.7,0.0,2.4,0.6,-6.8,1.2,0.2,1.7,0.4,1.2,-0.1,0.1,0.0,1.6,-4.0,2.6,0.6,
198901,1.1,0.8,0.9,0.6,1.0,1.4,1.2,5.0,0.4,-0.1,-0.1,-2.4,-0.6,1.7,4.6,6.2,15.8,17.0,-0.1,-0.3,0.5,-1.2,0.0,0.8,2.1,2.2,2.1,2.6,1.6,-1.2,0.0,-1.6,-12.8,1.9,-0.4,-1.7,1.2,-0.7,0.9,-1.3,1.9,2.7,4.0,1.8,4.3,1.7,1.7,1.8,1.0,0.6,0.9,0.4,0.2,1.1,0.2,-0.4,0.9,-0.9,-1.4,3.2,3.7,0.0,2.5,0.8,-6.4,0.6,0.8,1.9,0.4,1.4,-0.1,0.1,0.0,1.6,-2.6,2.6,0.8,
198902,1.0,0.9,0.8,0.8,1.1,1.5,0.6,2.0,0.3,-0.2,0.9,-0.7,-0.8,-1.1,0.6,0.0,10.8,11.5,-0.1,-0.2,0.8,-0.5,0.0,1.0,2.0,2.3,2.1,2.6,1.7,-0.8,0.0,-1.6,-9.5,1.8,-0.7,-2.3,0.7,-0.2,1.0,-1.6,1.9,2.5,3.7,1.9,4.1,1.8,1.8,1.6,1.0,0.6,0.9,0.4,0.1,1.0,0.2,-0.4,1.0,-0.2,-3.1,3.2,3.7,0.0,2.5,1.7,-6.3,1.0,6.4,1.9,0.3,1.5,-0.1,-0.6,0.0,1.6,-1.7,2.6,1.6,
198903,1.1,1.1,0.9,0.9,1.3,1.5,0.6,1.5,0.4,-0.2,1.3,0.4,-0.3,-0.4,-0.1,-1.0,7.6,8.1,-0.2,-0.1,0.4,-0.1,0.0,1.0,2.2,2.3,2.2,2.6,1.7,-0.7,0.0,-1.4,-7.9,1.8,-0.7,-2.2,-0.1,-0.4,1.2,-1.7,1.9,2.5,3.5,2.2,3.9,2.2,2.3,1.8,1.2,0.9,1.1,0.4,0.1,0.9,0.2,0.2,0.9,0.3,-1.3,3.5,3.7,0.0,3.9,1.8,-6.8,0.8,6.3,2.1,0.5,1.9,-0.1,-0.4,0.0,1.6,-1.0,2.9,1.6,
198904,2.4,2.5,2.4,2.4,2.7,2.4,2.6,1.5,2.8,2.2,2.3,0.3,1.7,3.8,0.3,-2.0,9.3,9.7,2.1,2.3,3.3,2.1,-1.6,4.2,2.7,3.3,2.5,3.0,3.8,-1.2,-2.6,-0.3,-5.2,2.4,0.5,-2.8,2.3,2.3,3.5,0.3,3.8,4.4,5.5,4.8,5.8,3.3,2.7,4.3,3.4,3.2,2.5,2.3,2.5,4.3,1.5,1.1,2.6,0.0,1.0,4.2,4.2,2.9,4.5,3.2,-9.1,1.2,9.2,4.2,1.5,3.8,1.2,1.1,0.0,0.1,-0.5,3.8,3.0,
198905,2.9,2.8,3.0,2.7,3.0,2.8,3.4,5.1,3.0,2.3,3.1,1.9,1.8,5.3,8.0,10.2,2.5,2.6,1.8,2.4,3.6,2.2,-1.6,4.4,2.9,3.4,2.6,3.0,3.9,-0.7,-3.2,1.4,-4.7,2.7,0.6,-2.8,2.2,2.3,3.7,0.1,4.1,4.3,4.9,5.1,4.9,3.9,3.7,4.4,3.3,3.3,2.8,2.2,2.4,3.9,1.5,1.4,2.8,0.2,1.8,4.1,4.1,2.9,4.5,4.5,-8.8,6.2,9.2,4.4,1.7,4.1,1.2,1.2,0.0,0.1,0.0,3.7,4.1,
198906,3.0,2.9,3.0,2.8,3.0,2.8,3.6,5.7,3.2,2.2,3.4,2.7,1.9,8.7,7.3,9.2,4.7,4.8,2.0,2.0,3.5,2.3,-1.6,4.5,3.3,3.7,3.3,3.3,4.1,-0.6,-3.2,1.6,-3.3,2.4,0.8,-2.4,2.6,1.9,3.9,0.2,4.3,4.6,5.1,5.2,5.1,4.7,4.9,4.0,3.3,3.5,2.8,2.0,2.5,3.9,1.1,1.7,2.9,0.6,1.8,4.1,4.2,2.9,4.5,3.9,-7.3,3.3,9.2,4.4,1.7,4.1,1.3,1.2,0.0,0.1,0.4,3.7,3.6,
198907,3.0,3.0,3.0,2.9,3.1,2.8,3.5,4.7,3.3,2.2,2.3,1.1,2.1,9.4,5.7,6.7,7.0,7.3,1.7,2.2,3.7,2.5,-1.6,4.5,3.4,3.7,3.3,3.4,4.2,-0.5,-3.2,1.6,-1.1,2.6,0.7,-2.7,2.3,2.0,4.0,-0.1,4.3,4.4,5.0,5.0,4.9,4.2,4.2,4.0,3.3,3.3,2.9,2.1,2.5,4.0,1.2,1.7,2.9,1.0,1.8,4.1,4.2,2.9,4.5,4.0,-7.2,3.3,9.2,4.7,1.6,4.0,1.2,1.2,0.0,0.1,0.9,3.7,3.7,
198908,2.6,2.9,2.5,2.8,3.0,2.8,2.2,-1.4,3.0,2.2,1.4,0.0,2.0,5.8,-3.9,-8.7,7.9,8.1,1.6,2.3,3.7,2.6,-1.6,4.5,3.4,3.8,3.3,3.4,4.4,-0.3,-3.2,1.6,-0.7,2.7,0.7,-2.6,2.2,2.1,4.1,-0.1,4.4,4.7,5.4,5.1,5.4,4.0,4.1,3.9,3.5,3.3,3.0,1.9,2.5,3.8,1.2,1.6,2.9,0.5,1.8,4.1,4.2,2.9,4.5,3.8,-7.3,2.4,9.2,4.6,1.7,4.3,1.2,1.5,0.0,0.1,0.5,3.7,3.6,
198909,2.6,2.9,2.6,3.0,3.2,3.0,2.3,-1.7,3.2,2.2,0.3,-1.7,1.9,8.2,-1.3,-4.2,2.6,2.6,1.7,2.6,4.1,2.3,-1.6,4.6,3.3,3.8,3.2,3.3,4.6,-0.3,-3.2,1.6,0.4,2.6,0.7,-2.4,1.9,2.0,3.9,0.0,4.5,5.5,6.1,5.3,6.3,6.1,7.0,4.1,3.5,3.8,3.1,2.0,2.5,4.0,1.1,1.5,2.9,0.4,1.7,4.2,4.2,2.9,4.9,3.9,-6.8,3.2,9.3,4.4,1.8,4.4,1.2,1.6,0.0,0.1,0.6,3.7,3.5,
198910,2.9,2.9,2.9,3.0,3.1,2.9,3.0,2.9,3.1,2.3,1.2,0.3,2.0,6.4,-0.6,-2.7,16.6,17.2,2.0,2.8,3.8,2.6,-1.6,4.6,3.3,3.7,3.0,2.9,4.9,0.0,-3.2,1.6,2.7,2.6,0.9,-1.8,1.8,2.0,3.6,0.1,4.5,5.7,6.5,5.9,6.6,6.3,7.4,4.0,3.4,3.8,3.1,1.9,2.4,3.7,1.1,1.6,3.0,0.6,1.7,4.2,4.2,2.9,4.9,3.8,-6.8,1.9,9.2,4.7,1.8,4.4,1.3,1.6,0.0,0.1,0.7,3.7,3.5,
198911,2.3,2.9,2.3,3.0,3.1,2.8,1.2,-7.7,3.2,2.5,1.5,1.0,2.2,6.9,-14.6,-24.0,13.1,13.6,1.9,3.0,3.7,2.5,-1.6,4.5,3.1,3.7,2.8,2.9,4.9,0.5,-3.2,1.6,11.3,2.6,0.9,-1.8,1.7,2.2,3.7,-0.1,4.5,5.5,6.3,6.1,6.3,6.2,7.2,3.9,3.4,4.3,3.3,1.9,2.4,3.4,1.1,1.6,3.0,0.6,1.6,4.2,4.2,2.9,4.9,3.3,-6.0,-0.4,9.4,4.7,1.9,4.4,1.2,1.7,0.0,0.1,1.5,3.7,3.1,
198912,2.6,2.9,2.6,2.9,3.1,2.8,2.2,-1.1,2.9,2.6,2.8,3.5,2.2,2.7,-5.9,-11.4,11.3,11.7,1.8,2.9,3.6,2.5,-1.6,4.5,3.1,3.7,2.8,2.9,4.8,0.8,-3.2,1.6,16.3,2.6,0.9,-1.6,1.5,1.9,3.6,-0.1,4.5,5.4,6.1,6.2,6.1,5.8,6.6,3.9,3.3,4.4,3.2,1.9,2.4,3.4,1.1,1.7,3.0,0.8,1.6,4.2,4.2,2.9,4.9,3.9,-6.0,1.3,9.8,4.8,1.7,4.2,1.1,1.8,0.0,0.1,1.8,3.7,3.6,
199001,3.0,3.0,3.2,3.1,3.2,2.9,3.4,4.7,3.1,2.7,3.7,5.0,2.5,4.4,2.7,1.9,9.4,9.7,1.9,3.3,3.6,2.5,-1.6,4.6,3.3,3.9,3.0,3.0,5.0,0.8,-3.2,1.6,16.7,2.6,0.9,-1.3,1.0,1.8,3.6,-0.4,4.5,5.2,5.5,6.2,5.5,5.7,6.4,4.3,3.4,4.8,3.2,1.1,2.5,-0.7,1.1,1.6,2.8,0.9,1.4,4.2,4.2,2.9,4.8,4.8,-5.9,3.6,9.0,5.8,1.8,3.9,1.1,2.0,0.0,0.1,2.1,3.8,4.3,
199002,3.6,3.0,3.8,3.1,3.1,2.8,5.3,14.4,3.4,2.8,2.8,3.4,2.8,10.8,17.3,24.9,14.2,14.7,1.5,3.3,3.3,2.1,-1.6,4.4,3.3,3.8,3.0,2.9,4.9,0.9,-3.2,1.9,17.7,2.6,1.1,-0.9,1.7,1.1,3.4,0.0,4.5,5.4,5.9,6.2,5.8,5.7,6.3,4.5,3.5,5.3,3.2,1.1,2.6,-0.6,1.1,1.8,2.8,0.6,3.2,4.3,4.2,4.1,4.8,3.9,-4.0,3.6,4.2,5.1,1.9,3.9,1.1,3.1,0.0,0.1,1.7,4.0,3.5,
199003,3.5,3.1,3.7,3.2,3.2,2.9,4.9,10.8,3.5,2.8,3.3,4.1,2.8,7.3,12.3,16.5,11.9,12.2,1.2,3.3,3.9,2.1,1.5,4.4,3.3,3.8,2.9,2.9,5.2,1.1,-3.2,1.9,19.4,2.6,0.9,-1.2,2.2,1.1,3.4,-0.1,4.5,5.7,6.6,6.0,6.6,6.0,6.8,4.7,3.6,4.9,3.3,1.1,2.5,-0.8,1.1,1.9,3.0,0.7,3.2,4.2,4.2,4.1,4.4,3.8,-3.2,4.1,4.2,4.8,1.9,3.5,1.1,3.4,0.0,0.1,2.0,3.9,3.5,
199004,2.5,2.1,2.6,2.0,2.1,2.3,2.9,10.4,1.3,0.6,2.6,5.1,0.8,4.7,13.0,19.3,4.6,4.7,-0.2,1.3,0.6,0.2,3.2,1.6,2.9,2.9,2.8,2.4,3.6,1.9,-0.7,1.8,18.1,1.4,-0.2,-0.9,-0.4,-1.0,1.2,-1.8,2.3,4.4,5.1,4.1,5.2,5.3,7.0,1.7,1.6,2.5,2.1,0.2,0.2,-4.2,1.7,0.9,1.4,1.3,-0.9,5.2,5.4,1.1,5.5,3.2,-0.1,2.1,1.5,4.7,0.9,1.7,-0.2,1.9,0.0,0.0,2.1,4.3,2.8,
199005,2.7,2.1,2.6,2.0,2.1,2.5,3.2,11.3,1.5,0.4,2.8,5.7,1.2,5.3,12.2,17.7,9.4,9.7,0.3,1.7,0.8,0.0,3.2,1.6,2.9,3.1,2.7,2.5,3.8,1.8,0.0,0.8,17.7,1.5,-0.3,-1.2,0.3,-0.9,1.1,-1.5,2.2,4.9,5.7,3.6,6.1,5.9,8.0,1.7,2.1,2.5,2.1,0.1,0.2,-4.4,1.7,0.7,1.2,1.5,-1.7,5.2,5.4,1.1,5.5,3.1,0.0,1.2,1.6,4.8,0.7,1.5,-0.4,2.2,0.0,0.0,2.0,4.4,2.7,
199006,2.2,2.0,2.1,1.9,2.0,2.4,1.9,4.6,1.4,0.6,1.0,2.1,2.0,2.7,0.9,-0.4,14.9,15.5,0.2,2.3,1.1,0.2,3.2,1.4,2.8,3.1,2.5,2.3,4.1,1.8,0.0,1.3,16.5,1.3,-0.3,-1.4,0.0,-0.1,1.1,-1.2,2.1,4.4,5.5,3.6,5.8,4.4,5.6,2.0,2.3,2.5,2.2,0.2,0.1,-4.2,1.7,0.4,0.7,1.1,-1.7,5.2,5.4,1.1,5.5,2.7,-0.1,0.1,1.6,4.5,0.9,1.6,-0.5,2.5,0.0,0.0,1.8,4.4,2.4,
199007,2.3,2.0,2.2,2.0,2.1,2.4,2.3,5.9,1.5,0.8,2.3,4.0,2.6,1.3,6.1,7.7,5.8,5.9,1.2,2.2,0.9,0.1,3.2,1.7,2.8,3.2,2.6,2.4,4.3,1.8,0.0,1.6,14.0,1.0,-0.2,-1.5,0.0,-0.2,1.2,-0.9,2.1,4.6,5.5,3.4,5.9,5.1,6.6,2.1,3.0,2.7,2.3,0.1,0.1,-4.2,1.6,0.4,0.7,0.9,-1.7,5.2,5.4,1.1,5.5,3.0,0.3,1.1,1.7,4.6,0.8,1.6,-0.7,2.4,0.0,0.0,1.5,4.4,2.6,
199008,2.9,2.3,2.9,2.2,2.4,2.5,3.9,12.1,2.1,1.1,3.5,5.2,3.0,4.8,13.6,20.4,10.3,10.5,2.8,2.5,1.8,0.3,3.2,1.7,2.9,3.2,2.7,2.4,4.1,1.8,0.0,1.9,13.7,0.9,-0.2,-1.4,-0.3,-0.6,1.4,-0.6,2.0,4.8,5.6,3.6,5.9,5.5,7.2,2.1,3.3,3.1,2.2,0.2,0.1,-4.0,1.6,0.5,0.7,1.0,-1.7,5.2,5.4,1.1,5.5,3.6,0.8,2.8,2.0,5.0,0.8,1.5,-0.7,2.5,0.0,0.0,1.7,4.4,3.2,
199009,3.0,2.5,3.0,2.4,2.4,2.5,4.0,10.4,2.6,1.5,5.8,8.6,3.6,6.8,6.1,7.2,17.6,18.2,4.1,2.8,2.1,0.5,3.2,1.8,3.0,3.1,2.8,2.5,4.0,2.1,0.0,2.2,15.8,0.9,0.0,-1.5,0.6,-0.4,1.4,-0.2,2.2,4.3,4.9,3.5,5.1,4.5,5.7,2.1,4.3,2.4,2.3,0.1,0.0,-4.3,1.7,0.6,0.7,1.3,-1.7,5.2,5.4,1.1,5.2,3.4,0.9,1.8,2.1,4.9,0.9,1.5,-0.7,3.5,0.0,0.0,1.9,4.3,3.0,
199010,3.5,2.9,3.5,2.8,2.6,2.4,4.9,12.9,2.9,2.0,5.7,7.6,3.6,4.6,11.7,15.0,15.8,16.3,5.3,3.3,3.3,0.3,3.2,1.9,3.0,3.2,2.9,2.6,4.0,4.1,0.0,2.7,41.9,0.9,0.0,-1.6,1.1,-0.8,1.8,-0.2,2.3,4.5,5.1,2.9,5.6,4.2,5.1,2.1,4.7,2.8,2.4,0.3,0.5,-4.0,1.7,2.0,0.6,4.3,-1.7,5.2,5.4,1.1,5.4,2.8,0.9,0.1,1.9,4.5,1.0,1.6,-0.6,3.9,0.0,0.0,6.7,4.4,2.4,
199011,4.2,3.2,4.2,3.2,2.8,2.8,6.3,21.4,3.2,2.4,5.1,6.1,3.5,4.9,27.6,42.3,13.4,13.9,7.3,3.8,3.5,0.5,3.2,2.1,3.4,3.2,3.2,2.6,4.3,5.5,0.0,5.0,48.1,0.9,0.2,-1.5,1.3,-1.0,2.1,0.4,2.3,4.5,5.2,3.3,5.5,4.1,4.9,2.0,4.9,2.7,2.6,0.5,1.0,-3.8,1.7,2.8,0.9,5.6,-1.6,5.2,5.4,1.1,5.4,3.6,0.3,3.1,2.0,4.7,1.0,1.7,-0.6,3.7,0.0,0.0,8.8,4.4,3.0,
199012,3.8,3.3,3.9,3.4,2.9,2.7,5.1,12.4,3.6,2.5,4.5,4.4,3.6,6.3,16.0,21.7,9.8,10.1,8.0,4.0,4.7,0.6,3.2,2.3,3.5,3.5,3.2,2.6,4.7,5.8,0.0,6.3,45.7,1.3,0.4,-1.6,1.6,-0.8,2.7,0.7,2.5,4.7,5.5,2.8,6.1,4.0,5.0,2.0,5.3,2.7,3.0,0.5,1.4,-3.9,1.7,2.8,1.1,5.7,-1.6,5.2,5.4,1.1,5.4,3.3,0.0,1.8,2.2,4.8,1.2,1.9,-0.5,3.8,0.0,0.0,9.1,4.5,2.8,
199101,4.0,3.2,4.2,3.2,2.9,2.5,6.2,17.8,3.8,2.9,5.1,5.6,3.9,7.1,21.4,29.8,18.1,18.8,8.3,4.2,4.8,0.7,3.8,2.5,3.1,3.3,2.9,2.6,4.4,4.9,0.0,6.2,42.8,1.4,-0.2,-4.2,1.8,-0.4,2.8,1.2,7.4,4.2,4.8,2.5,5.1,3.7,4.5,1.8,5.3,2.3,2.9,0.9,1.5,-1.1,1.6,2.1,1.0,4.4,-1.9,5.1,5.2,1.2,5.5,3.6,-3.5,2.9,2.0,6.2,1.1,1.8,-0.5,3.4,0.0,0.0,7.7,4.4,3.0,
199102,3.6,3.2,3.6,3.2,2.9,2.5,5.0,9.9,4.0,2.9,5.4,6.2,4.0,6.4,11.5,13.6,9.2,9.2,8.9,4.4,4.8,1.1,4.6,2.6,3.2,3.4,2.9,2.6,4.7,4.4,0.0,6.3,34.0,1.4,0.1,-3.9,1.7,0.1,3.5,1.3,7.4,4.2,4.6,2.3,5.0,3.8,4.7,1.7,5.6,2.3,3.4,0.9,1.7,-1.4,1.6,1.9,0.9,3.8,-1.5,5.4,5.2,8.1,5.5,2.7,-2.3,2.0,1.6,4.4,1.5,2.1,-0.5,4.7,0.0,0.0,6.3,4.9,2.2,
199103,3.6,3.1,3.6,3.2,3.0,2.6,5.2,9.8,4.2,2.9,4.6,4.5,3.8,13.8,13.8,16.7,7.6,7.3,9.5,4.6,4.9,1.3,1.3,2.7,3.1,3.4,2.9,2.7,4.6,3.9,0.0,6.1,25.4,1.4,0.4,-3.6,1.4,0.6,3.9,1.8,7.5,4.4,4.8,2.6,5.1,4.1,5.1,1.9,6.0,2.7,3.5,1.0,2.0,-1.0,1.5,1.4,0.9,2.6,-1.4,5.6,5.2,8.1,6.3,3.0,-1.6,2.5,1.8,4.6,1.7,2.0,0.3,4.4,0.0,0.0,4.9,5.1,2.5,
199104,3.4,3.0,3.4,3.0,2.9,2.4,5.2,9.9,4.2,3.0,4.9,4.7,3.5,9.0,12.3,13.7,12.0,11.8,8.8,4.2,5.4,1.9,1.6,2.7,3.0,3.4,2.8,2.4,4.7,3.2,0.0,5.8,19.6,1.1,0.3,-3.0,1.3,0.3,4.4,1.6,2.0,4.3,4.6,2.5,4.9,3.5,4.2,1.8,6.0,2.9,3.6,0.5,2.2,-0.6,0.3,0.8,1.0,1.6,-1.9,4.6,4.4,8.1,5.1,3.0,-1.0,4.6,2.7,3.1,1.8,2.4,0.4,4.5,0.0,0.0,3.9,4.6,2.4,
199105,3.4,3.0,3.4,3.0,3.0,2.6,4.9,8.3,4.1,3.1,3.6,1.7,3.5,7.2,8.6,8.5,17.9,17.7,8.9,3.9,5.4,2.1,1.7,2.8,3.1,3.4,2.9,2.3,5.0,2.9,0.0,5.2,19.3,0.8,0.7,-2.7,1.3,0.2,4.8,2.0,1.8,4.7,5.5,2.7,5.9,3.6,3.9,2.6,6.1,3.0,3.8,0.4,2.2,-0.6,0.3,0.8,1.0,1.6,-1.9,4.6,4.4,8.1,5.1,2.7,-0.2,4.0,2.7,2.6,1.8,2.6,0.5,4.4,0.0,0.0,3.6,4.7,2.1,
199106,3.4,3.1,3.5,3.1,3.1,2.6,5.1,9.0,4.1,3.1,5.0,3.2,2.9,5.3,13.6,16.3,8.6,8.0,8.8,3.8,6.1,2.1,1.8,3.0,3.2,3.6,3.0,2.6,5.0,2.8,0.0,4.6,18.5,0.7,0.9,-2.0,1.1,0.0,5.1,2.3,1.8,5.0,5.7,2.9,6.2,4.3,4.9,2.5,6.1,2.8,3.8,0.4,2.2,-0.9,0.2,0.7,1.0,1.6,-1.9,4.6,4.3,8.1,5.1,3.2,0.1,4.0,2.8,3.5,2.0,2.7,0.6,4.6,0.0,0.0,3.4,4.7,2.5,
199107,3.5,3.1,3.5,3.1,3.1,2.7,5.3,10.9,4.0,2.8,5.0,3.0,2.6,5.5,15.6,19.8,11.0,10.4,7.8,3.6,6.2,2.1,1.8,2.9,3.4,3.7,3.0,2.6,5.3,2.6,0.0,4.1,18.4,0.7,1.1,-1.4,0.9,-0.3,5.4,2.4,1.8,4.6,5.5,3.0,5.8,3.7,4.3,2.4,5.8,2.7,3.9,0.5,2.2,-0.6,0.2,1.0,1.0,2.2,-1.9,4.6,4.3,8.1,5.1,2.9,-0.4,3.5,2.7,3.1,2.1,3.0,0.9,4.5,0.0,0.0,3.1,4.7,2.2,
199108,3.3,3.0,3.3,2.9,3.0,2.5,4.9,10.1,3.8,2.6,4.3,2.2,2.5,3.4,14.2,17.0,12.0,11.5,6.1,3.4,5.8,2.3,1.8,2.9,3.3,3.8,3.0,2.6,5.5,2.5,0.0,3.9,18.0,0.7,1.1,-1.3,1.3,0.1,5.1,2.0,1.8,4.7,5.3,2.9,5.7,4.1,4.6,2.6,5.4,2.9,4.0,0.5,2.4,-0.5,0.2,1.0,0.9,2.1,-1.9,4.6,4.3,8.1,5.1,2.4,-1.2,3.6,2.6,2.4,2.1,3.2,0.9,4.3,0.0,0.0,2.9,4.6,1.8,
199109,2.7,2.8,2.7,2.8,2.8,2.6,3.0,1.3,3.3,2.2,1.1,-2.6,2.0,-1.0,6.3,5.1,1.5,0.6,5.3,3.0,5.5,2.3,1.8,2.9,3.4,3.8,3.0,2.7,5.6,2.2,0.0,3.7,14.2,0.7,1.1,-1.2,1.0,0.3,5.0,1.6,1.7,5.3,6.1,3.3,6.6,5.4,5.9,4.5,4.3,3.4,4.0,0.5,2.5,-0.6,0.2,0.9,0.9,1.7,-1.9,4.6,4.3,8.1,5.1,2.3,-1.4,2.2,2.4,3.0,1.8,3.3,0.9,3.1,0.0,0.0,2.5,4.6,1.8,
199110,2.7,2.5,2.6,2.5,2.8,2.7,3.4,4.8,3.1,1.8,2.3,-0.3,1.9,1.9,11.4,13.2,-0.3,-1.3,3.6,2.9,4.0,2.3,1.9,2.7,3.3,3.8,3.0,2.6,5.4,0.3,0.0,3.1,-9.2,0.7,1.4,-0.5,0.9,0.2,5.1,1.8,1.6,4.8,5.2,4.0,5.3,5.0,4.8,5.5,3.9,4.2,4.1,0.2,2.2,-0.7,-0.2,-0.4,1.0,-0.8,-1.9,4.6,4.2,8.1,4.9,3.0,-0.1,5.0,2.4,2.9,2.0,3.7,0.9,2.6,0.5,0.0,-1.7,4.6,2.5,
199111,3.1,2.3,3.0,2.3,2.7,2.7,5.2,15.7,2.9,1.0,3.7,1.4,2.0,1.5,20.0,26.7,19.5,19.3,1.9,2.3,3.7,1.8,1.8,2.8,2.9,3.6,2.6,2.4,5.2,-1.0,0.0,1.0,-15.0,0.9,1.5,-0.5,1.3,0.6,5.0,1.9,1.4,5.0,5.2,3.7,5.5,5.2,5.0,5.6,4.1,4.1,4.0,0.1,1.7,-0.4,-0.2,-1.1,0.6,-1.6,-1.8,4.6,4.2,8.1,4.9,3.2,0.4,5.4,2.6,3.0,2.0,3.8,0.8,2.8,0.5,0.0,-3.4,4.5,2.6,
199112,2.7,2.3,2.8,2.2,2.8,2.6,4.2,11.1,2.7,1.9,3.4,1.4,1.9,-0.6,10.0,11.5,26.9,27.0,1.3,2.5,3.0,2.2,1.8,2.6,2.9,3.4,2.4,2.3,5.3,-1.3,0.0,-0.2,-14.6,0.4,1.3,-0.7,1.3,1.0,4.6,1.7,1.2,4.8,4.9,3.8,5.0,5.4,5.3,5.8,3.9,4.4,3.7,0.1,1.3,-0.2,-0.2,-0.6,2.1,-1.5,-1.9,4.6,4.2,8.1,4.9,3.1,0.8,4.7,2.3,3.0,2.2,4.1,1.5,2.9,0.5,0.0,-3.6,4.5,2.7,
199201,1.8,2.1,1.7,2.0,2.4,2.3,1.6,-2.2,2.6,2.2,2.9,0.1,2.0,-2.9,-6.5,-13.2,14.4,14.0,1.0,2.3,2.8,2.1,1.8,2.7,2.9,3.4,2.5,2.3,5.2,-1.1,0.0,-0.3,-11.6,0.5,1.2,-0.6,1.3,0.6,4.4,1.4,1.2,4.0,3.8,3.4,3.8,4.4,3.9,5.9,3.6,4.3,3.7,1.0,1.0,0.8,1.2,-0.2,2.0,-0.8,-1.9,4.6,4.2,8.1,4.9,1.8,0.4,1.8,7.0,0.6,2.2,4.3,1.3,2.7,0.5,0.0,-3.0,4.4,1.7,
199202,2.0,2.3,2.0,2.2,2.7,2.6,1.6,-2.0,2.4,2.6,3.0,0.0,1.9,-5.6,-5.7,-12.1,13.1,12.8,0.9,2.3,3.0,1.9,1.0,2.6,2.8,3.4,2.6,2.3,4.9,-0.8,0.0,-0.4,-9.7,0.7,1.2,-0.6,2.2,0.6,4.1,1.0,1.2,4.5,4.7,3.5,4.9,4.6,4.1,6.0,3.2,4.5,3.4,0.9,0.9,0.9,1.2,0.0,2.2,-0.4,-2.3,4.2,4.2,0.0,4.9,3.5,-0.7,2.3,10.1,3.0,1.8,4.1,1.3,1.2,0.5,0.0,-2.5,4.1,3.2,
199203,2.0,2.3,1.9,2.2,2.6,2.7,1.2,-2.6,2.2,2.6,1.8,-1.9,2.0,-9.2,-7.2,-13.8,15.1,15.1,0.7,2.1,3.0,2.3,0.6,2.6,2.9,3.4,2.6,2.2,5.0,-0.4,0.0,-0.2,-5.8,0.8,1.1,-0.5,2.4,0.0,3.8,0.8,1.1,4.5,4.7,3.3,4.8,5.2,4.7,6.2,2.8,4.5,3.5,0.9,0.6,0.8,1.2,0.2,2.2,0.2,-2.4,4.0,4.2,0.0,4.0,3.4,-0.7,1.6,10.5,3.2,1.7,4.3,0.5,1.3,0.5,0.0,-1.7,3.9,3.1,
199204,2.4,2.5,2.4,2.4,2.8,2.9,2.1,1.3,2.3,2.6,2.0,-1.7,2.2,-6.6,-1.1,-4.0,14.1,14.2,0.7,2.2,3.0,4.3,0.1,2.6,3.2,4.0,2.8,2.8,5.5,0.1,0.0,0.0,-2.9,1.5,1.3,-0.5,3.4,0.3,3.5,0.6,3.1,4.4,4.4,2.9,4.7,5.7,5.3,6.4,2.6,4.4,3.7,3.0,0.3,0.7,5.5,1.1,2.3,0.7,0.1,4.3,4.5,0.0,4.2,3.2,-0.8,1.9,9.5,2.9,1.8,4.6,0.3,1.5,0.5,0.9,-1.2,4.3,2.9,
199205,2.0,2.5,2.0,2.4,2.7,2.7,1.1,-3.4,2.2,2.6,2.8,-0.2,1.6,-5.4,-5.9,-11.3,4.1,3.9,0.1,1.8,3.1,5.0,0.0,2.6,3.3,4.1,2.9,3.1,5.3,0.2,0.0,0.3,-2.7,1.7,1.2,-0.1,3.4,0.1,3.3,0.0,3.4,3.7,3.9,3.2,4.2,3.9,3.1,5.9,2.2,4.0,3.4,3.1,0.5,1.0,5.5,1.1,2.3,0.8,0.1,4.3,4.4,0.0,4.2,3.0,-1.2,1.0,9.5,3.1,1.9,4.7,0.4,1.5,0.5,0.9,-1.0,4.2,2.8,
199206,2.3,2.5,2.2,2.4,2.7,2.9,1.6,-0.7,2.2,2.7,1.7,-1.3,1.2,-4.4,1.8,0.5,-1.1,-1.4,1.0,1.9,2.1,5.4,-0.1,2.5,3.2,4.0,2.8,3.1,5.2,0.3,0.0,0.3,-2.3,1.9,1.1,-0.2,3.8,0.0,2.9,-0.4,3.3,3.7,3.7,2.8,3.8,4.5,4.0,5.9,1.9,4.0,3.6,3.2,0.5,1.1,5.6,1.2,2.5,0.8,0.1,4.3,4.4,0.0,4.3,3.5,-0.9,2.7,9.6,3.0,1.7,4.7,0.3,1.1,0.5,0.9,-0.9,4.2,3.2,
199207,1.7,2.2,1.5,2.2,2.4,2.5,0.3,-8.4,2.2,2.9,0.7,-2.8,1.1,-4.4,-9.1,-16.9,-2.6,-3.0,1.1,2.1,2.1,5.4,0.0,2.6,3.1,3.8,2.8,2.9,5.1,0.3,0.0,0.5,-2.3,1.9,1.1,-0.3,3.8,0.2,2.6,-0.7,3.3,2.8,2.5,2.8,2.5,3.5,2.7,5.8,1.3,3.4,3.5,3.0,0.3,0.8,5.6,0.3,2.5,0.2,-3.1,4.3,4.4,0.0,4.3,3.3,-0.4,1.7,9.6,3.1,1.6,4.6,0.4,0.8,0.5,0.9,-0.8,4.2,3.0,
199208,1.7,2.2,1.6,2.2,2.4,2.7,0.3,-7.6,2.1,2.9,1.4,-1.3,0.7,-4.7,-8.8,-15.9,-2.5,-2.9,1.1,2.1,2.1,5.1,0.0,2.5,3.1,3.8,2.7,2.9,5.0,0.3,0.0,0.4,-2.0,1.9,1.3,0.1,4.1,0.3,2.6,-0.7,3.4,3.3,3.2,2.9,3.3,4.1,3.7,5.7,1.2,3.1,3.4,2.9,0.2,0.6,5.6,0.3,2.6,0.3,-3.1,4.3,4.4,0.0,4.3,3.5,-0.2,1.7,9.5,3.2,1.7,4.4,0.4,1.2,0.5,0.9,-0.7,4.2,3.2,
199209,2.0,2.2,2.0,2.2,2.4,2.4,1.4,-1.7,2.1,3.0,1.5,-1.6,0.6,-4.6,-1.6,-5.0,3.6,3.6,0.6,1.8,2.3,5.1,0.0,2.6,3.0,3.7,2.7,2.8,4.9,0.4,0.0,0.5,-1.1,2.0,1.2,0.1,4.0,0.3,2.7,-0.7,3.4,2.1,1.9,3.3,1.7,2.3,1.7,3.6,1.7,2.8,3.3,3.0,0.1,0.8,5.6,0.5,2.6,0.7,-3.1,4.3,4.4,0.0,4.3,4.1,-0.1,3.9,10.0,3.3,1.8,4.4,0.4,1.2,0.5,1.1,-0.3,4.3,3.7,
199210,1.1,2.1,1.0,2.0,2.3,2.4,-1.3,-14.3,1.8,3.1,0.9,-2.2,0.8,-3.2,-17.8,-28.1,-5.4,-5.7,0.7,1.6,2.7,5.2,-0.1,1.4,3.1,3.8,2.7,3.0,5.0,0.7,0.0,0.6,-0.1,2.7,1.2,0.1,3.6,0.5,2.4,-0.8,3.4,1.9,1.5,2.0,1.4,2.3,2.2,2.6,1.6,2.8,3.3,3.2,0.2,0.8,6.0,0.6,2.5,0.8,-3.1,4.3,4.5,0.0,4.3,3.1,-1.1,0.0,9.9,3.5,1.6,4.1,0.4,1.5,0.0,1.1,0.0,4.3,2.8,
199211,0.7,2.1,0.4,2.0,2.3,2.3,-2.5,-20.5,2.0,3.6,0.1,-2.8,0.4,-4.8,-24.2,-37.2,-13.3,-14.1,0.4,1.6,2.7,5.3,-0.1,2.5,3.1,3.9,2.8,3.0,5.1,0.7,0.0,0.6,-0.7,2.5,1.0,0.2,2.8,0.2,2.2,-0.9,3.6,1.6,1.1,1.9,1.0,2.2,1.9,2.8,1.6,2.7,3.0,3.2,0.1,0.6,6.0,0.7,2.6,0.8,-3.1,4.3,4.5,0.0,4.3,2.7,-1.4,-1.0,10.0,3.3,1.5,3.9,0.3,1.2,0.0,1.1,-0.1,4.3,2.5,
199212,1.2,2.0,0.9,1.9,2.1,2.3,-1.0,-13.9,1.8,2.6,0.4,-2.0,0.4,-3.4,-12.4,-21.8,-17.5,-18.5,0.0,1.4,2.4,4.8,-0.2,2.5,3.2,3.9,2.9,3.1,4.9,0.6,0.0,0.7,-0.8,2.6,0.9,0.2,3.1,0.0,2.0,-1.1,3.6,1.4,0.7,1.9,0.6,1.8,1.5,2.4,1.4,2.5,3.1,3.0,0.1,0.3,6.0,0.3,1.2,0.8,-3.1,4.3,4.5,0.0,4.3,3.2,-1.7,1.0,10.6,3.1,1.3,3.7,-0.3,1.1,0.0,1.1,-0.2,4.2,2.7,
199301,1.3,1.7,1.1,1.6,1.9,1.9,0.0,-7.9,1.8,2.2,0.6,-1.4,0.3,-0.8,-3.5,-7.5,-16.1,-17.0,0.4,1.3,2.0,5.3,-0.2,2.2,3.1,3.8,2.8,3.1,4.8,0.6,0.0,0.6,-0.4,2.5,1.0,0.4,2.8,0.4,2.0,-1.3,3.6,0.3,-0.7,1.7,-1.1,0.4,-0.4,2.0,1.1,2.1,3.1,2.1,0.1,-0.2,4.4,0.2,1.3,0.6,-3.1,4.5,4.5,0.0,5.0,2.5,-1.7,1.8,4.5,3.0,1.5,3.6,-0.2,1.3,0.0,17.7,0.0,4.4,2.1,
199302,1.4,1.7,1.3,1.6,1.8,1.8,0.8,-4.0,1.8,1.8,0.8,-0.5,0.0,1.5,0.6,-1.0,-12.3,-13.1,0.2,1.2,2.3,5.0,-0.2,2.2,3.1,3.8,2.7,3.1,5.0,0.7,0.0,0.6,1.8,2.3,0.9,0.5,1.8,0.4,1.5,-1.2,3.6,0.0,-1.1,1.4,-1.5,0.4,-0.1,1.6,1.0,1.2,3.1,2.3,0.0,0.1,4.4,0.3,1.2,0.8,-3.1,4.5,4.5,0.0,5.0,2.1,-2.4,2.7,1.9,2.9,1.5,3.5,-0.3,1.1,0.0,17.7,0.5,4.0,1.8,
199303,1.2,1.6,1.2,1.5,1.7,1.5,0.6,-3.8,1.4,1.7,0.8,-0.2,-0.3,-0.4,1.4,0.6,-13.4,-14.0,-0.4,1.1,2.2,4.4,-0.2,2.1,3.0,3.9,2.8,3.2,5.0,0.7,0.0,0.5,2.1,2.2,0.8,0.3,2.1,0.5,1.4,-1.2,3.6,0.2,-0.6,1.2,-0.8,-0.1,-0.6,1.3,1.2,1.2,2.8,2.3,0.2,0.2,4.4,0.3,1.2,0.9,-3.1,4.6,4.5,0.0,5.3,2.0,-1.4,2.0,1.5,2.8,1.4,3.5,-0.3,1.0,0.0,17.7,0.6,4.0,1.7,
199304,0.9,1.4,0.6,1.3,1.4,1.5,-0.6,-8.8,1.2,1.6,-0.1,-1.0,-0.7,-0.7,-4.3,-8.6,-18.1,-18.9,0.3,1.0,2.1,1.7,0.0,2.0,2.7,3.3,2.5,2.7,4.2,1.1,0.0,0.4,2.8,3.7,0.3,0.0,0.7,0.1,1.0,-1.2,2.4,0.4,-0.1,1.8,-0.4,0.1,-0.5,1.8,1.1,1.3,2.4,0.5,0.2,-0.2,1.3,0.2,1.0,1.0,-3.1,3.9,4.3,0.0,3.7,1.5,-2.2,0.2,1.5,2.7,1.3,3.1,0.2,0.3,0.0,18.4,0.8,3.3,1.3,
199305,0.9,1.2,0.7,1.1,1.3,1.4,-0.2,-6.4,1.2,1.5,-0.7,-2.0,-0.7,1.5,1.3,0.4,-19.3,-20.2,0.1,1.2,1.4,0.9,0.0,1.8,2.6,3.2,2.4,2.5,4.2,1.1,0.0,0.5,2.8,3.6,-0.2,-0.9,0.3,0.3,0.9,-1.7,2.0,0.2,-0.8,1.5,-1.2,1.0,0.8,1.6,1.1,1.4,2.4,0.7,-0.1,0.1,1.3,0.2,1.0,1.0,-3.1,4.2,4.3,5.7,3.7,1.3,-2.1,0.0,1.5,2.5,1.2,2.9,0.2,0.1,0.0,18.4,0.8,3.5,1.1,
199306,0.9,1.2,0.9,1.1,1.3,1.2,0.0,-4.7,0.9,1.2,-1.0,-2.0,-0.8,0.5,0.8,-0.2,-13.8,-14.4,-0.5,1.0,1.4,0.3,0.0,1.7,2.4,3.1,2.2,2.4,4.0,1.2,0.0,0.6,2.7,4.2,-0.3,-1.1,0.2,-0.4,0.8,-1.6,2.2,0.2,-0.6,1.9,-1.0,0.4,0.0,1.8,0.8,1.3,2.3,0.6,-0.1,0.1,1.2,0.2,0.8,1.0,-3.1,4.2,4.3,5.7,3.6,1.8,-2.6,2.0,1.4,2.6,1.4,2.7,1.1,0.6,0.0,18.4,0.8,3.5,1.4,
199307,1.9,1.2,1.9,1.1,1.3,1.5,2.8,12.7,0.9,0.9,-1.1,-2.1,-1.1,0.8,22.8,37.8,-0.1,0.1,-0.7,1.0,1.5,0.6,-0.1,1.6,2.4,3.0,2.3,2.4,3.7,1.2,0.0,0.4,2.6,4.3,-0.5,-1.2,-0.3,-0.8,0.9,-1.7,2.1,0.2,-0.5,1.9,-0.8,0.1,-0.7,1.8,0.8,1.1,2.3,0.5,0.0,-0.1,1.2,0.9,1.0,1.1,0.1,4.2,4.3,5.7,3.6,1.7,-3.7,3.0,1.6,2.2,1.4,2.5,1.1,0.7,0.0,18.4,0.7,3.5,1.5,
199308,1.9,1.2,1.8,1.1,1.3,1.4,3.0,13.8,0.8,0.9,-1.7,-2.8,-1.1,-0.4,27.1,43.8,-4.1,-4.2,-0.5,0.9,1.1,0.3,-0.1,1.6,2.4,2.9,2.3,2.4,3.7,1.2,0.0,0.4,2.3,4.3,-0.7,-1.4,-0.7,-1.2,0.9,-1.6,2.1,0.2,-0.5,1.8,-0.9,0.2,-0.6,2.1,0.8,1.1,2.4,0.5,-0.1,0.0,1.2,0.9,1.1,1.1,0.1,4.2,4.3,5.7,3.7,1.5,-3.5,2.1,1.8,2.0,1.3,2.6,1.2,0.0,0.4,18.4,0.6,3.5,1.3,
199309,1.5,1.1,1.3,0.9,1.2,1.4,2.0,8.5,0.7,0.8,-2.0,-3.0,-1.1,-0.8,21.1,32.9,-11.8,-12.3,-0.7,0.9,0.9,0.6,-0.1,1.5,2.5,3.0,2.4,2.4,3.8,1.1,0.0,0.3,0.9,4.4,-0.8,-1.7,-0.4,-1.8,1.0,-1.9,2.0,-0.3,-1.3,0.5,-1.4,-0.2,-0.8,1.6,0.6,1.2,2.5,0.3,-0.1,-0.4,1.2,0.7,1.1,0.7,0.1,4.2,4.3,5.7,3.7,1.2,-3.6,1.2,1.4,2.1,1.3,2.6,1.2,0.0,0.4,18.5,0.1,3.5,1.0,
199310,1.3,1.1,1.2,1.0,1.2,1.3,1.5,4.0,1.1,2.3,-0.8,-0.9,-1.6,-2.1,12.2,18.6,-8.5,-8.8,-0.6,0.9,1.2,0.4,-0.2,2.7,2.4,2.9,2.3,2.3,3.6,0.7,-0.1,0.2,-0.8,3.7,-1.1,-2.4,-0.3,-1.7,1.2,-2.1,2.0,-0.4,-0.8,1.0,-1.2,-0.5,-1.4,1.6,0.5,0.4,2.3,0.0,-0.1,-1.0,1.2,0.7,1.1,0.5,1.0,4.2,4.3,5.7,3.7,1.7,-4.4,3.5,1.2,2.0,1.3,2.6,1.3,-0.2,0.4,19.9,-0.4,3.5,1.4,
199311,0.9,0.9,0.9,0.8,1.1,1.1,1.0,0.4,1.0,5.3,-0.5,-0.3,-1.3,-2.4,4.9,6.8,-6.6,-6.7,-0.6,0.9,0.8,0.4,-0.2,1.5,2.5,2.8,2.2,2.3,3.5,-0.4,-1.6,-0.6,-2.8,4.1,-1.3,-2.8,-0.1,-2.0,1.0,-2.5,1.9,-0.5,-1.3,0.9,-1.7,-0.5,-1.4,2.0,0.1,0.6,2.2,0.0,0.0,-1.3,1.2,-0.6,1.0,0.2,-5.8,4.2,4.3,5.7,3.7,1.5,-4.2,3.2,1.0,1.9,1.4,2.6,1.7,-0.2,0.4,19.9,-1.5,3.5,1.2,
199312,1.0,0.8,0.9,0.7,0.9,0.9,1.7,5.6,1.0,5.6,-0.9,-0.9,-1.4,-2.6,13.2,21.7,-6.5,-6.6,-0.7,1.0,1.1,0.5,-0.2,1.3,2.4,2.7,2.2,2.3,3.2,-0.4,-1.6,-1.0,-3.6,4.0,-1.5,-3.2,-0.8,-2.6,0.8,-2.3,1.9,-0.8,-1.6,1.6,-2.0,-0.8,-1.7,1.7,-0.1,0.6,2.2,0.3,-0.1,-0.8,1.2,-0.8,0.8,0.1,-5.8,4.2,4.3,5.7,3.7,0.8,-4.5,1.7,-1.4,2.1,1.4,2.4,1.6,-0.3,0.4,19.9,-1.7,3.5,0.8,
199401,1.2,0.9,1.1,0.8,1.1,1.0,2.1,7.1,1.0,5.6,-0.8,-0.5,-1.6,-2.3,14.2,22.0,-3.8,-3.8,-1.1,0.9,1.2,0.3,-0.2,1.5,2.4,2.7,2.3,2.2,3.0,-0.5,-1.6,-1.0,-4.0,4.1,-1.7,-3.8,-0.5,-2.8,0.6,-2.2,1.9,-0.5,-1.2,1.6,-1.7,-0.3,-1.0,1.6,-0.4,0.3,2.0,0.4,0.3,-0.7,1.2,-0.8,0.7,0.0,-5.8,4.0,4.3,5.7,3.0,1.5,-4.8,1.4,4.4,2.0,1.2,2.3,1.7,-0.4,0.4,3.0,-1.8,3.4,1.3,
199402,1.1,0.9,1.0,0.7,1.0,0.9,2.1,7.0,1.0,5.6,-0.8,-0.5,-1.6,-1.5,12.5,18.8,0.1,0.4,-0.5,0.8,0.9,0.6,-0.2,1.5,2.5,2.6,2.5,2.2,2.7,-0.5,-1.6,-1.0,-4.2,4.1,-2.2,-4.3,-0.9,-3.7,0.7,-2.7,1.9,-1.1,-2.3,1.4,-2.8,-0.4,-1.2,1.7,-0.3,0.3,1.8,0.1,0.3,-1.3,1.2,-0.6,0.7,0.0,-4.2,4.0,4.3,5.7,3.0,1.1,-4.8,-0.2,4.7,1.7,1.1,2.3,1.8,-0.4,0.4,3.0,-2.0,3.4,0.9,
199403,1.3,0.9,1.1,0.7,1.1,0.9,2.6,7.2,1.7,10.0,-0.8,0.0,-1.5,0.7,11.7,17.4,2.2,2.6,-0.5,0.8,0.8,0.3,-0.2,1.5,2.4,2.4,2.4,2.2,2.5,-0.5,-1.6,-1.0,-4.2,4.2,-2.3,-4.5,-1.1,-3.6,0.6,-3.0,1.9,-1.0,-2.0,1.5,-2.5,-0.4,-1.3,2.0,-0.7,0.2,1.6,-0.1,0.2,-1.6,1.2,-0.5,0.9,0.0,-4.2,3.8,4.3,5.7,2.1,0.8,-6.5,-0.3,5.1,1.5,1.1,2.1,1.7,-0.4,0.4,3.0,-2.0,3.2,0.8,
199404,0.8,0.9,0.7,0.8,1.1,0.8,1.3,-0.9,1.8,11.9,-1.4,-1.3,-1.5,1.5,0.8,-0.5,-1.5,-1.1,-0.7,0.4,0.8,0.4,-0.1,1.3,2.3,2.4,2.2,2.2,2.6,-0.7,-1.6,-1.0,-4.1,3.0,-2.3,-4.6,-0.5,-3.3,0.6,-3.2,1.6,-1.0,-2.2,0.7,-2.7,0.3,-0.4,1.8,-0.8,0.4,1.5,0.3,0.1,-1.8,1.8,-0.5,0.9,-0.2,-3.8,3.2,3.7,5.7,1.2,1.1,-5.0,1.0,5.2,1.1,1.0,2.0,1.4,-0.3,0.4,3.3,-2.0,2.7,1.0,
199405,0.8,1.0,0.7,0.8,1.2,0.9,1.1,-2.3,1.9,12.2,-1.4,-0.6,-1.5,-1.8,-2.4,-5.9,0.2,0.8,-0.9,0.3,1.1,0.5,2.8,1.3,2.2,2.3,2.1,2.1,2.5,-0.7,-1.6,-1.0,-4.0,3.3,-2.0,-4.1,-0.4,-3.9,0.6,-2.5,1.5,-0.9,-2.0,0.6,-2.3,0.0,-0.6,1.7,-1.0,0.6,1.4,0.0,0.2,-2.2,1.8,-0.5,0.8,-0.2,-3.8,3.0,3.7,0.0,1.4,1.5,-5.4,0.6,5.3,2.0,1.0,1.8,1.7,-0.7,0.4,3.3,-1.9,2.6,0.9,
199406,0.6,0.8,0.3,0.7,1.0,0.9,0.5,-6.1,1.8,11.3,-2.4,-2.7,-1.2,-1.6,-4.0,-8.5,-7.5,-7.5,-1.2,0.3,1.0,0.7,2.9,1.4,2.3,2.3,2.2,2.0,2.5,-0.5,-1.6,-1.0,-4.0,4.1,-2.1,-4.0,-0.7,-3.5,0.6,-2.8,1.6,-1.3,-2.4,0.3,-2.9,-0.4,-1.1,1.5,-1.0,0.8,1.3,0.0,0.1,-2.2,1.8,-0.6,0.8,-0.3,-3.7,3.0,3.6,0.0,1.4,0.9,-5.8,-0.7,5.7,1.5,0.7,2.0,0.9,-1.0,0.4,3.3,-2.0,2.5,0.5,
199407,-0.2,0.8,-0.4,0.7,0.9,0.7,-1.5,-15.1,1.5,10.2,-3.1,-3.4,-1.4,-1.9,-17.6,-28.6,-6.3,-6.1,-1.3,0.4,0.6,0.5,3.0,1.3,2.1,2.2,2.0,2.0,2.6,-0.5,-1.6,-1.0,-3.9,4.2,-2.2,-4.3,-0.3,-3.4,0.5,-3.2,1.7,-1.4,-2.5,0.2,-3.0,-0.7,-1.4,1.4,-1.0,0.7,1.3,0.1,0.1,-2.1,1.9,-0.8,0.6,-0.6,-3.7,3.0,3.6,0.0,1.4,1.1,-5.6,-0.7,5.6,1.7,0.6,2.1,0.7,-1.4,0.4,3.3,-2.0,2.5,0.6,
199408,0.0,0.8,-0.2,0.6,0.9,0.7,-0.9,-11.1,1.5,8.9,-2.5,-2.7,-1.2,-0.5,-16.6,-25.6,6.1,7.1,-0.8,0.5,0.7,0.6,3.0,1.3,2.1,2.2,2.0,2.0,2.5,-0.4,-1.6,-1.0,-3.7,4.8,-2.2,-4.3,-0.6,-3.2,0.3,-3.6,1.6,-1.7,-2.9,0.2,-3.4,-1.4,-2.4,1.0,-1.1,0.7,1.2,0.3,0.2,-1.9,1.9,-0.9,0.4,-0.8,-3.7,3.0,3.6,0.0,1.3,1.5,-5.8,1.2,5.9,1.5,0.5,1.9,0.5,-1.0,0.0,3.3,-2.0,2.5,0.8,
199409,0.2,0.6,0.0,0.3,0.7,0.8,-0.6,-6.0,0.5,3.9,-1.3,-0.8,-0.9,1.6,-11.9,-18.6,13.5,14.9,-0.8,0.2,0.5,0.1,3.0,-0.2,2.3,2.2,2.2,2.0,2.3,-0.4,-1.6,-1.0,-3.4,4.6,-2.2,-4.2,-1.0,-3.2,0.3,-3.5,1.6,-1.3,-2.4,-0.1,-2.7,-0.5,-1.0,1.2,-1.1,0.6,1.1,0.3,0.2,-2.0,1.9,-0.9,0.5,-0.8,-3.7,3.0,3.6,0.0,1.3,1.6,-6.6,1.2,5.9,1.9,0.6,1.9,0.5,-0.7,0.0,3.4,-2.0,2.5,1.0,
199410,0.7,0.5,0.6,0.3,0.7,0.7,1.4,6.0,0.4,-0.8,-2.3,-2.6,-0.6,0.7,5.5,7.9,14.0,15.3,-1.2,0.0,0.6,0.2,3.0,1.2,2.2,2.1,2.2,2.1,2.2,-0.3,-1.6,-1.0,-3.1,4.7,-2.2,-4.1,-0.7,-3.1,0.1,-3.6,1.6,-1.4,-2.6,-0.4,-2.9,-0.2,-0.6,1.3,-1.1,0.0,1.2,0.7,0.1,-1.4,2.0,-1.1,0.4,-0.8,-4.5,3.0,3.6,0.0,1.3,1.1,-6.5,-1.2,6.0,2.0,0.5,1.8,0.4,-0.8,0.0,2.2,-1.9,2.5,0.6,
199411,1.0,0.5,0.8,0.2,0.6,0.8,2.0,13.1,-0.2,-4.8,-2.2,-1.9,-0.8,0.7,15.8,26.7,15.5,17.2,-1.5,-0.2,0.9,0.6,3.1,1.1,2.3,2.1,2.4,2.0,2.1,0.7,-0.1,-0.2,-2.5,4.4,-2.1,-3.8,-0.4,-3.0,0.1,-3.7,1.5,-1.4,-2.5,-0.5,-2.8,-0.4,-0.7,0.6,-1.2,-0.1,1.1,0.6,0.0,-1.3,2.0,0.0,0.4,-0.9,2.2,3.0,3.6,0.0,1.3,0.9,-7.3,-1.4,6.4,1.7,0.5,1.8,0.1,-0.6,0.0,2.2,-1.1,2.5,0.4,
199412,0.7,0.5,0.5,0.2,0.6,0.9,0.6,5.4,-0.4,-6.0,-1.1,-0.4,-0.8,1.8,0.6,0.2,22.7,24.8,-1.1,-0.3,0.5,0.6,3.1,0.9,2.2,2.1,2.2,1.9,2.0,0.6,-0.1,0.1,-3.4,4.4,-2.0,-3.4,-0.7,-2.7,0.3,-4.0,1.5,-1.2,-2.2,-1.0,-2.5,-0.2,-0.6,1.0,-1.1,-0.3,0.8,0.4,0.1,-1.9,2.0,0.0,0.4,-1.0,2.2,3.0,3.6,0.0,1.3,0.9,-7.2,-0.4,5.0,1.8,0.5,1.9,0.1,-0.6,0.0,2.2,-1.1,2.5,0.4,
199501,0.6,0.3,0.4,0.1,0.4,0.8,0.5,4.3,-0.4,-6.0,-0.9,-0.6,-0.7,2.0,-2.9,-4.8,27.2,29.5,-1.9,-0.5,0.4,0.1,3.1,0.9,2.1,2.0,2.1,2.0,1.9,0.7,-0.1,0.1,-3.7,4.4,-2.1,-3.1,-0.9,-2.8,0.3,-4.8,1.6,-1.2,-1.9,-1.1,-2.0,-0.7,-1.3,0.6,-0.7,-0.2,0.7,0.4,-0.3,-1.8,2.0,-0.2,0.3,-1.2,2.2,3.0,3.6,0.0,1.3,0.6,-7.6,-0.6,3.6,1.6,0.5,1.9,0.1,-0.6,0.0,2.2,-1.3,2.5,0.1,
199502,0.2,0.2,0.0,0.0,0.3,0.8,-0.6,-0.9,-0.6,-6.2,-2.3,-3.3,-0.5,-0.6,-6.1,-9.7,17.3,18.8,-1.9,-0.7,-0.2,0.6,3.1,0.8,2.2,2.6,1.9,2.1,3.3,0.7,-0.1,0.1,-4.0,4.4,-1.9,-3.2,-0.8,-2.6,0.2,-4.5,1.6,-1.3,-2.0,-0.6,-2.3,-1.0,-1.7,0.5,-1.2,0.0,0.7,0.5,-0.5,-1.4,2.0,-0.1,0.3,-1.6,3.5,3.0,3.6,0.0,1.3,0.4,-8.9,-0.3,2.1,1.7,0.4,1.9,0.1,-0.8,0.0,2.2,-1.4,2.5,-0.1,
199503,-0.4,0.1,-0.6,-0.1,0.2,0.8,-2.3,-7.3,-1.2,-10.1,-2.5,-3.5,-0.7,-1.9,-9.4,-14.7,0.1,0.4,-1.1,-0.8,-0.3,1.5,3.0,0.7,2.1,2.6,1.8,1.9,3.3,0.7,-0.1,0.2,-4.1,4.3,-1.9,-3.0,-0.8,-3.0,-0.1,-4.1,1.6,-1.1,-1.5,-1.3,-1.6,-1.3,-2.0,0.4,-0.9,-0.1,0.7,0.4,-0.6,-1.5,2.0,0.0,0.3,-1.7,4.5,3.1,3.6,0.0,1.7,0.3,-9.3,0.0,1.6,1.7,0.4,1.9,0.1,-1.4,0.0,2.2,-1.5,2.5,-0.1,
199504,-0.2,-0.1,-0.3,-0.3,0.1,0.6,-1.5,-1.5,-1.4,-11.6,-2.4,-3.4,-0.5,-1.5,0.0,0.4,-1.4,-1.2,-1.7,-0.4,0.0,2.0,3.0,0.2,2.1,2.5,1.8,2.0,3.0,0.5,-0.1,0.3,-4.2,3.7,-1.8,-2.8,-0.9,-3.5,0.2,-4.1,1.4,-0.6,-1.8,-1.3,-1.9,0.8,0.9,0.5,-0.6,0.0,0.5,-0.4,-0.4,-1.7,0.5,0.2,1.0,-1.6,4.1,3.0,3.1,0.0,3.2,-0.6,-10.8,-1.4,1.4,0.9,0.4,1.9,0.0,-1.0,0.0,1.1,-1.6,2.4,-0.9,
199505,0.0,-0.2,-0.2,-0.5,-0.1,0.6,-0.7,4.3,-1.8,-11.8,-2.6,-4.0,-0.4,-0.2,8.0,13.9,2.4,2.6,-1.6,-0.2,-0.4,2.0,0.1,-0.5,2.0,2.4,1.9,1.9,2.9,0.5,-0.1,0.4,-4.4,3.4,-1.8,-2.7,-1.0,-2.8,0.0,-4.2,1.4,-0.6,-1.3,-0.7,-1.4,0.0,-0.4,0.9,-0.3,0.0,0.6,-0.3,-0.5,-1.4,0.5,0.0,1.0,-1.9,4.1,3.0,3.0,0.0,3.5,-0.7,-10.9,-0.3,1.3,0.2,0.4,2.0,-0.1,-0.6,0.0,1.1,-1.9,2.4,-0.6,
199506,0.3,-0.2,0.1,-0.5,-0.1,0.6,0.1,9.5,-1.7,-10.9,-0.1,0.2,-0.3,-0.4,7.4,13.2,17.2,18.3,-1.1,-0.2,-0.4,1.5,-0.1,-0.6,2.1,2.3,1.9,1.9,2.8,0.1,-0.1,0.4,-4.4,1.8,-1.7,-2.7,-0.9,-2.7,0.2,-4.3,1.2,-0.5,-1.4,-1.0,-1.4,0.1,-0.2,1.0,0.0,-0.3,0.5,-0.2,0.0,-1.8,0.5,0.0,1.1,-2.1,3.9,3.0,3.0,0.0,3.0,-0.9,-10.5,-0.9,1.3,0.0,0.5,2.0,-0.1,-0.5,0.0,1.1,-2.0,2.3,-0.7,
199507,0.1,-0.2,-0.2,-0.6,-0.1,0.5,-0.3,6.1,-1.6,-10.0,-0.2,0.1,-0.1,0.3,6.1,11.3,7.2,7.7,-1.8,-0.2,-0.4,1.4,-0.3,-0.6,2.1,2.3,2.0,1.9,2.8,0.0,-0.3,0.4,-4.7,1.6,-1.7,-2.8,-1.1,-2.9,0.3,-3.9,1.3,-0.9,-1.6,-0.5,-1.7,-0.2,-0.9,1.3,0.0,-0.6,0.5,0.4,2.2,-1.7,0.5,-0.1,1.3,-2.4,3.9,2.9,3.0,0.0,2.7,-1.4,-10.5,-2.0,1.2,-0.2,0.5,1.9,0.0,-0.5,0.0,1.1,-2.1,2.2,-1.1,
199508,-0.2,-0.3,-0.5,-0.6,-0.2,0.6,-1.3,-0.3,-1.5,-8.8,-1.3,-1.1,-0.3,-0.2,-1.2,-1.7,2.9,3.1,-2.4,-0.3,-0.2,1.8,-0.3,-0.6,2.1,2.3,2.0,1.9,2.8,-0.1,-0.3,0.4,-4.8,1.2,-1.8,-3.1,-1.0,-3.1,0.6,-3.4,1.3,-0.7,-1.4,-0.9,-1.4,0.2,-0.4,1.6,-0.2,-0.9,0.5,0.3,2.1,-2.2,0.5,-0.1,1.4,-2.4,4.2,2.9,3.0,0.0,2.7,-1.8,-10.6,-4.0,0.6,-0.1,0.5,1.8,0.1,-0.5,0.0,1.1,-2.1,2.2,-1.5,
199509,0.2,0.2,-0.1,0.0,0.3,0.8,-0.7,-0.6,-0.6,-4.9,-0.1,1.1,-0.4,0.7,-1.6,-2.1,-0.5,-0.4,-2.8,-0.2,-0.5,2.0,-0.3,0.7,1.9,2.4,1.7,1.9,2.9,-0.1,-0.3,0.4,-4.7,1.2,-1.7,-3.3,-0.1,-3.1,0.5,-3.3,1.4,0.2,0.3,1.2,0.1,0.2,-0.4,1.3,0.4,-0.2,0.4,0.4,2.0,-1.8,0.5,0.4,3.7,-2.7,4.2,2.9,3.0,0.0,3.2,-1.3,-10.3,-2.3,0.7,0.0,0.2,1.8,-0.6,-1.0,0.0,0.7,-2.1,2.6,-0.8,
199510,-0.6,0.1,-0.7,-0.2,0.2,0.6,-2.6,-10.4,-0.8,-3.1,-0.8,-0.2,-0.4,1.3,-14.1,-21.8,-4.3,-4.4,-1.9,0.0,-0.7,1.6,-0.3,-0.6,2.0,2.3,1.7,1.8,2.8,0.0,-0.2,0.3,-4.9,1.2,-1.7,-3.4,-0.7,-2.8,0.6,-3.6,1.4,0.0,-0.4,1.2,-0.7,0.4,0.0,1.5,0.4,0.6,0.4,0.1,2.0,-2.1,0.4,0.4,3.8,-2.9,4.2,2.9,3.0,0.0,3.2,-1.4,-10.1,-1.7,0.6,-0.4,0.1,1.9,-0.8,-1.0,0.0,0.7,-2.1,2.6,-0.8,
199511,-0.7,0.1,-0.8,-0.1,0.3,0.6,-2.9,-13.3,-0.7,-2.5,-0.5,-0.2,0.0,1.0,-15.4,-24.0,-12.8,-13.4,-1.8,0.0,-0.7,1.3,-0.5,-0.8,1.7,2.2,1.5,1.8,2.9,0.0,-0.2,0.3,-4.2,1.2,-1.8,-3.7,-1.1,-2.4,0.8,-3.4,1.4,0.2,0.0,1.3,-0.3,0.3,-0.3,1.6,0.6,0.7,0.6,0.2,2.0,-1.9,0.4,0.4,3.8,-2.9,4.2,2.9,3.0,0.0,3.2,-1.0,-9.9,-1.0,0.5,-0.1,0.1,1.9,-0.8,-1.0,0.0,0.7,-2.2,2.6,-0.5,
199512,-0.3,0.1,-0.4,0.0,0.3,0.6,-1.8,-7.7,-0.6,-1.9,-1.6,-1.7,0.2,1.5,-7.1,-11.2,-10.4,-10.9,-1.9,-0.1,-0.8,0.8,-0.4,-0.6,1.6,2.1,1.5,1.8,2.7,0.0,-0.2,0.3,-3.7,1.2,-1.7,-3.9,-0.7,-2.7,0.7,-3.0,1.5,0.3,0.1,1.2,0.0,0.5,-0.1,1.8,0.5,0.7,0.6,0.1,2.0,-2.2,0.4,0.4,3.7,-3.0,4.2,2.9,3.0,0.0,3.2,-1.0,-9.6,-1.3,0.6,-0.1,0.0,1.8,-0.7,-1.2,0.0,0.7,-2.2,2.6,-0.5,
199601,-0.5,-0.2,-0.8,-0.3,0.1,0.6,-2.3,-7.2,-1.1,-2.2,-1.1,-0.6,0.4,1.2,-6.6,-9.5,-12.9,-13.3,-1.9,-0.3,-0.4,0.6,-0.3,-2.1,1.5,2.2,1.3,1.3,3.5,-1.5,-3.8,0.2,-3.7,1.9,-2.2,-4.2,-1.3,-3.4,-0.6,-2.3,1.4,0.3,0.1,2.1,-0.1,0.9,0.7,1.3,-0.2,-0.4,0.5,0.1,1.5,-2.2,0.3,0.1,4.6,-3.0,2.8,3.1,3.0,0.9,3.2,-1.5,-11.4,-2.2,0.9,0.2,0.2,1.7,-0.7,-1.1,0.0,6.9,-3.7,2.6,-0.7,
199602,-0.4,0.0,-0.5,-0.2,0.3,0.4,-1.6,-5.6,-0.6,-1.9,0.0,1.3,0.6,1.2,-4.6,-6.7,-13.6,-14.0,-2.0,0.3,0.1,0.4,-0.4,-1.2,1.5,1.7,1.4,1.4,2.2,-1.4,-3.8,0.3,-2.1,1.9,-2.3,-4.3,-1.1,-2.3,-0.4,-2.8,1.5,0.7,0.8,1.7,0.7,1.3,1.1,1.7,0.4,-0.1,0.6,0.2,1.7,-2.2,0.3,-0.3,4.7,-3.0,0.4,3.1,3.0,0.9,3.3,-1.6,-11.2,-1.4,1.0,-0.4,0.1,1.7,-0.7,-1.3,0.0,6.9,-3.5,2.6,-0.8,
199603,-0.1,0.0,-0.3,-0.2,0.3,0.5,-0.9,-2.5,-0.5,-1.9,1.0,2.3,1.1,2.1,-3.2,-4.9,-6.1,-6.3,-2.9,0.4,0.3,-0.4,-0.4,-1.1,1.5,1.7,1.4,1.4,2.1,-1.3,-3.8,0.3,-1.2,1.8,-2.0,-4.3,-1.0,-1.8,0.1,-2.7,1.5,0.9,0.9,2.3,0.7,1.5,1.2,2.1,0.2,0.5,0.5,0.4,1.8,-1.5,0.3,-0.4,4.5,-2.9,-0.4,3.3,3.0,0.9,4.3,-1.6,-10.5,-1.7,0.9,-0.5,0.4,1.7,-0.1,-0.6,0.0,6.9,-3.5,2.7,-0.9,
199604,0.2,0.1,0.0,-0.1,0.3,0.5,0.2,3.5,-0.5,-1.7,1.8,3.7,1.1,0.3,0.8,1.6,5.6,6.1,-1.8,0.1,-0.2,-1.2,-0.5,-0.5,1.5,1.5,1.5,1.3,1.8,-0.8,-3.8,0.6,2.0,3.3,-1.9,-4.1,-0.6,-1.8,0.0,-2.5,2.0,1.0,1.5,3.2,1.4,0.7,0.3,1.7,0.0,0.5,0.5,1.2,1.8,-1.0,1.9,-0.8,3.8,-3.0,-1.5,2.1,2.3,0.6,1.8,-0.8,-10.3,-0.5,0.8,0.5,0.4,1.6,-0.1,-0.4,0.0,7.4,-3.3,1.9,-0.2,
199605,0.2,0.1,0.0,-0.1,0.3,0.6,0.0,0.8,-0.1,-1.6,2.7,5.3,1.2,0.4,-3.9,-5.7,3.7,4.1,-1.4,-0.1,0.6,-0.9,-0.5,0.3,1.5,1.5,1.4,1.2,1.9,-0.6,-3.8,0.4,3.3,3.6,-1.8,-3.7,-0.8,-2.5,-0.1,-2.4,2.1,0.9,1.4,2.3,1.4,0.5,0.3,1.2,0.2,0.3,0.6,1.2,1.7,-1.3,1.9,-0.8,3.8,-3.0,-1.5,2.1,2.4,0.6,1.8,-1.0,-11.8,-0.7,0.7,0.3,0.5,1.4,0.0,-0.1,0.0,7.3,-3.1,2.0,-0.4,
199606,0.0,0.2,-0.3,-0.1,0.4,0.6,-0.8,-3.4,-0.2,-1.6,1.3,3.2,0.9,0.6,-5.1,-8.0,-6.2,-6.3,-2.1,0.0,0.7,-0.5,-0.5,0.2,1.5,1.5,1.4,1.2,1.8,-0.6,-3.8,0.5,3.9,3.8,-1.8,-3.7,-1.0,-2.3,0.0,-2.3,2.2,1.1,1.6,2.5,1.6,0.9,0.9,1.3,0.0,0.3,0.5,1.1,1.3,-1.0,1.9,-0.7,3.9,-2.8,-1.4,2.1,2.4,0.6,1.8,-1.3,-12.3,-1.4,0.7,0.4,0.4,1.4,-0.1,-0.7,0.0,7.3,-2.9,2.0,-0.6,
199607,0.4,0.3,0.3,0.0,0.5,0.5,0.6,4.8,-0.2,-1.5,2.2,4.4,1.1,0.4,4.3,7.5,0.8,0.9,-1.7,-0.3,0.6,-0.4,-0.4,0.2,1.3,1.2,1.3,1.1,1.4,0.3,-2.3,0.9,4.3,4.1,-1.7,-3.9,-0.6,-2.2,0.4,-2.3,2.4,1.3,1.7,2.2,1.6,1.7,1.9,1.3,-0.2,0.3,0.5,0.6,-0.4,-1.2,1.9,-0.5,3.8,-2.5,-1.5,2.2,2.4,0.6,1.9,-0.8,-11.6,0.1,0.7,0.4,0.5,1.4,0.1,0.0,0.0,7.3,-2.0,2.0,-0.1,
199608,0.2,0.2,0.1,0.0,0.4,0.5,0.1,1.3,-0.1,-1.7,2.8,5.0,1.4,0.4,0.2,0.6,-3.3,-3.3,-1.2,-0.4,0.6,-0.5,-0.4,0.2,1.4,1.1,1.3,1.1,1.0,0.3,-2.3,0.9,4.4,4.1,-1.9,-4.2,-0.5,-1.7,0.4,-3.1,2.3,0.9,1.3,2.3,1.2,1.1,0.9,1.4,0.1,0.2,0.5,0.6,-0.2,-1.2,1.9,-0.6,3.9,-2.6,-1.7,2.2,2.4,0.6,2.0,-1.1,-11.4,-1.1,0.6,0.5,0.2,1.6,-0.7,-0.6,0.0,7.3,-2.1,2.0,-0.2,
199609,0.0,0.2,-0.2,-0.1,0.4,0.3,-0.3,-1.8,0.0,-1.5,3.0,4.7,1.5,-1.2,-4.4,-6.7,-3.5,-3.4,-1.0,0.1,0.9,-0.4,-0.3,0.3,1.4,1.1,1.4,1.2,1.1,0.3,-2.3,0.9,4.7,4.2,-2.0,-4.5,-1.1,-1.1,0.2,-2.9,2.3,1.2,1.1,0.7,1.3,2.2,2.3,1.7,-0.1,0.4,0.5,0.6,-0.2,-1.0,1.9,-1.3,0.9,-2.2,-1.7,2.1,2.4,0.6,1.7,-1.3,-11.4,-2.0,0.3,0.4,0.4,1.5,-0.2,-0.3,0.0,7.3,-2.1,1.8,-1.0,
199610,0.5,0.2,0.3,0.1,0.3,0.6,0.8,4.0,0.2,-0.5,3.9,6.2,2.1,-0.4,-0.2,-0.3,6.4,6.9,-1.0,0.0,0.8,-0.4,-0.4,0.3,1.3,1.1,1.3,1.0,1.2,0.7,-1.9,1.3,5.3,4.2,-2.2,-4.6,-1.3,-1.6,-0.1,-2.9,2.3,1.5,2.0,1.0,2.2,1.6,1.6,1.5,0.1,0.4,0.5,0.7,-0.1,-0.8,1.8,-1.2,0.8,-2.2,-1.6,2.1,2.4,0.6,1.7,-1.0,-10.6,-0.9,0.4,0.4,0.4,1.3,-0.3,0.3,0.0,7.3,-1.7,1.8,-0.7,
199611,0.5,0.4,0.3,0.1,0.5,0.5,1.0,4.5,0.3,0.0,2.6,4.1,1.9,-0.5,-0.2,-0.2,12.3,13.3,-1.2,0.1,0.8,-0.5,-0.2,0.3,1.3,1.0,1.4,1.0,1.1,0.9,-1.9,1.3,8.5,4.4,-2.1,-4.5,-1.1,-2.0,0.0,-3.0,2.2,1.5,2.3,0.8,2.5,1.6,1.8,1.6,0.3,0.1,0.4,0.6,-0.2,-1.1,1.8,-1.1,0.8,-1.9,-1.7,2.1,2.4,0.6,1.7,-0.9,-10.2,-1.3,0.4,0.7,0.4,1.4,-0.2,0.1,0.0,7.3,-1.4,1.8,-0.6,
199612,0.6,0.3,0.5,0.1,0.4,0.3,1.4,7.9,0.2,0.2,2.6,4.1,2.2,0.3,2.7,4.3,20.1,21.3,-0.9,-0.1,1.2,-0.3,-0.2,-0.6,1.4,1.1,1.4,1.0,1.0,1.2,-1.9,1.6,11.7,4.4,-2.2,-4.6,-1.3,-1.4,0.0,-3.3,2.1,1.6,2.0,0.0,2.3,2.0,2.3,1.4,0.3,0.4,0.5,0.6,-0.3,-0.8,1.8,-1.2,0.0,-1.7,-1.5,2.1,2.4,0.6,1.7,-0.9,-10.2,-0.8,0.3,0.5,0.4,1.3,-0.6,0.5,0.0,7.3,-0.8,1.8,-0.8,
199701,0.6,0.5,0.4,0.3,0.4,0.4,1.0,2.4,0.7,0.5,1.9,3.1,2.4,-1.3,-3.9,-6.4,15.4,16.2,-0.2,0.0,1.1,-0.5,-0.3,1.2,1.4,0.8,1.5,1.0,0.5,3.2,2.0,3.0,12.4,3.2,-2.4,-4.8,-1.2,-1.8,-0.6,-3.0,1.9,1.0,1.2,0.0,1.3,1.4,1.2,1.8,0.5,0.2,0.6,0.7,-0.2,-0.8,1.8,-1.3,-0.5,-1.5,-1.6,2.1,2.4,0.6,1.7,-0.9,-10.3,0.8,0.5,-0.4,0.3,1.3,-0.8,0.5,0.0,1.0,1.3,1.8,-1.0,
199702,0.6,0.4,0.3,0.2,0.3,0.5,0.7,2.2,0.3,0.4,2.3,3.5,2.3,-0.5,-4.1,-6.7,14.3,15.1,-0.8,-0.2,0.8,-0.4,-0.2,0.3,1.3,0.8,1.4,0.9,0.6,3.3,2.0,3.7,12.0,3.2,-2.3,-4.3,-1.4,-2.4,-0.8,-3.2,1.8,0.8,1.0,-0.4,1.2,1.2,1.0,1.7,0.8,0.2,0.6,0.6,-0.2,-1.1,1.8,-1.0,0.2,-1.1,-2.5,2.1,2.4,0.6,1.6,-0.5,-9.9,0.0,0.7,0.4,0.2,1.2,-0.8,0.1,0.0,1.0,1.8,1.8,-0.5,
199703,0.5,0.5,0.2,0.3,0.4,0.5,0.3,-0.1,0.3,0.2,1.5,2.3,2.3,0.0,-4.0,-6.6,5.7,6.1,-0.3,-0.1,0.2,-0.2,-0.2,0.2,1.4,0.8,1.5,0.8,0.7,3.3,2.0,3.8,11.2,3.3,-2.2,-3.9,-1.9,-2.2,-0.6,-3.2,1.8,1.2,1.3,0.2,1.3,1.7,1.5,2.2,0.6,0.5,0.7,0.5,-0.2,-1.6,1.8,-1.0,0.2,-1.1,-2.7,1.8,2.4,0.6,0.3,-0.5,-9.4,-0.4,0.7,0.7,0.1,1.3,-1.6,0.7,0.0,1.0,2.0,1.6,-0.4,
199704,1.9,2.0,1.9,2.0,1.9,1.6,2.2,0.1,2.7,1.7,2.9,3.1,5.0,2.4,-1.5,-3.9,1.8,1.8,0.8,2.2,3.1,1.7,1.3,3.0,1.6,1.5,1.5,0.9,2.4,4.7,4.0,5.2,9.6,4.0,-0.3,-1.7,-0.3,-0.1,1.3,-1.2,3.4,2.5,2.2,1.1,2.2,3.2,2.8,4.5,2.6,2.0,2.1,0.9,1.5,0.0,0.7,0.8,1.8,0.6,-0.3,2.1,2.0,2.7,2.5,1.7,-7.5,1.6,2.7,3.1,1.9,2.7,0.0,2.9,2.3,0.9,3.8,2.2,1.7,
199705,1.9,2.1,1.9,2.1,2.0,1.6,2.0,-1.2,2.7,1.5,1.9,1.5,5.4,2.6,-1.4,-4.0,-0.9,-1.0,1.3,2.1,2.8,1.7,1.4,3.0,1.7,1.6,1.5,0.9,2.5,5.4,5.0,6.4,8.4,4.5,-0.3,-1.9,-0.4,0.9,1.1,-1.5,3.3,2.5,2.0,1.2,2.0,3.9,3.6,4.5,2.3,2.2,2.1,0.8,1.6,0.1,0.7,0.5,1.8,-0.1,0.1,2.2,1.9,2.7,2.5,1.8,-5.4,1.6,2.5,3.0,2.0,2.9,0.3,2.8,2.3,2.9,4.3,2.1,1.8,
199706,2.2,2.0,2.3,2.1,1.9,1.6,3.2,5.1,2.8,1.5,2.1,1.7,5.4,2.0,8.1,11.4,1.5,1.4,1.4,2.2,3.1,1.7,1.5,3.2,1.7,1.6,1.6,1.0,2.6,5.8,5.0,6.4,7.5,6.1,-0.3,-2.0,-0.1,0.7,0.8,-1.6,3.6,2.5,2.3,0.7,2.5,3.1,2.7,3.9,2.4,2.5,2.2,0.9,1.6,-0.1,0.8,0.4,1.7,-0.3,0.0,2.2,1.9,2.7,2.5,2.1,-4.6,2.5,2.5,2.9,2.0,2.8,0.3,3.2,2.3,2.9,4.0,2.1,2.0,
199707,1.9,2.0,1.9,2.1,1.9,1.7,2.1,-1.4,2.9,1.4,2.3,1.8,5.3,2.4,-2.3,-5.5,0.0,0.1,1.9,2.1,3.3,2.3,1.5,3.3,1.7,1.7,1.5,1.0,2.7,5.4,4.1,6.7,7.2,5.8,-0.3,-1.8,-0.2,0.8,1.1,-1.5,3.4,2.3,2.2,0.9,2.4,2.3,1.9,3.3,2.7,2.8,2.1,0.8,1.6,0.0,0.8,0.3,1.8,-0.3,0.0,2.2,1.9,2.7,2.7,1.9,-4.8,1.4,2.6,3.2,2.0,2.8,0.1,3.1,2.3,2.9,3.6,2.2,1.9,
199708,2.1,2.1,2.1,2.2,2.0,1.6,2.8,2.1,2.9,1.4,5.7,6.9,5.2,2.3,2.8,2.6,-6.9,-7.3,1.4,2.2,3.3,2.4,1.5,3.3,1.6,1.7,1.5,0.9,2.9,5.4,4.1,6.7,7.1,5.8,-0.5,-2.2,-0.5,1.2,0.8,-1.8,3.4,2.5,2.3,1.2,2.5,2.6,2.6,2.8,2.8,3.0,2.2,0.8,1.5,0.1,0.8,0.4,1.9,-0.4,0.1,2.2,1.9,2.7,2.7,2.3,-4.2,2.7,3.0,3.1,2.3,2.8,0.7,3.5,2.3,2.9,3.6,2.2,2.1,
199709,2.4,2.4,2.5,2.6,2.3,2.3,2.4,1.8,2.6,1.0,1.3,0.6,5.1,3.0,4.7,5.7,-2.7,-3.0,1.5,2.1,3.2,2.2,1.4,2.7,1.5,1.7,1.3,0.8,2.9,5.4,4.1,6.7,6.8,5.7,-0.4,-2.0,-0.4,0.8,1.0,-1.9,3.3,2.9,3.0,0.8,3.2,3.3,3.0,4.1,2.8,3.1,2.2,12.3,1.5,-0.3,24.4,0.3,1.9,-0.4,0.1,2.2,1.9,2.7,2.7,2.5,-3.8,3.2,3.0,3.1,2.2,2.8,0.5,3.5,2.3,3.9,3.5,2.2,2.4,
199710,2.5,2.4,2.6,2.5,2.4,2.3,2.7,3.7,2.4,-0.7,0.6,-0.5,4.4,1.6,13.2,19.9,-12.1,-12.7,1.4,1.8,2.8,3.0,0.7,3.4,1.5,1.7,1.3,0.7,2.8,4.9,3.5,6.4,5.3,5.6,-0.4,-2.0,-0.1,-0.1,1.1,-1.7,3.4,3.0,2.9,1.2,3.2,3.2,3.2,3.4,3.2,3.6,2.2,12.3,1.6,-0.3,24.4,0.2,2.0,-0.7,0.1,2.2,1.9,2.7,2.7,3.0,-4.1,3.7,3.1,3.7,2.1,2.8,0.3,3.2,2.3,3.9,2.8,2.2,2.8,
199711,2.1,2.2,2.2,2.4,2.2,2.3,1.6,-1.5,2.3,-1.6,1.4,0.6,3.9,2.4,4.6,5.7,-14.6,-15.4,1.6,1.8,2.6,2.9,0.6,3.4,1.5,1.7,1.2,0.7,2.8,4.6,3.5,6.3,0.7,5.3,-0.5,-2.1,-0.1,-0.4,0.9,-1.7,3.4,3.1,3.1,1.5,3.3,3.2,3.2,3.3,3.2,3.7,2.1,12.4,1.6,0.2,24.4,0.1,2.0,-0.9,0.2,2.2,1.9,2.7,2.7,2.3,-3.6,2.7,3.0,2.9,2.1,2.7,0.2,3.1,2.3,3.9,2.2,2.2,2.2,
199712,1.8,2.2,1.8,2.4,2.2,2.4,0.5,-7.6,2.2,-2.0,3.0,3.3,3.6,0.3,-2.7,-6.2,-26.3,-27.5,1.0,1.7,2.8,3.0,0.7,3.7,1.5,1.6,1.3,0.6,2.9,4.3,3.5,6.1,-2.6,5.3,-0.5,-2.1,0.0,-0.2,0.5,-1.6,3.4,3.3,3.7,2.3,3.8,2.9,2.8,3.1,3.2,3.6,2.0,12.3,1.6,-0.1,24.4,0.1,2.4,-1.2,0.1,2.2,1.9,2.7,2.7,2.2,-3.4,1.7,3.0,3.0,2.2,2.7,0.7,3.3,2.3,3.9,1.5,2.2,2.2,
199801,1.8,2.0,2.0,2.1,2.1,2.0,1.5,-0.4,1.8,-2.2,3.3,3.4,3.7,0.2,8.0,11.4,-21.9,-22.9,1.0,1.7,2.6,3.1,0.7,2.8,1.5,1.5,1.4,0.6,2.6,3.0,2.4,4.2,-3.6,5.3,-0.4,-2.3,-0.1,-0.1,1.3,-1.8,3.5,2.5,2.5,1.5,2.7,2.7,2.5,3.4,2.6,2.9,2.0,12.2,1.4,-0.2,24.4,0.1,2.4,-1.4,0.2,2.2,1.9,3.2,2.8,1.9,-2.0,1.2,2.7,2.8,2.2,2.7,0.8,3.2,2.3,3.9,0.5,2.4,2.0,
199802,1.9,1.8,2.0,1.9,2.0,2.1,2.1,3.2,2.0,-2.3,2.1,1.8,3.5,0.8,12.0,18.1,-15.0,-15.6,1.1,2.2,2.6,3.0,0.7,2.9,1.5,1.5,1.3,0.7,2.6,1.0,-1.8,3.4,-5.1,5.3,-0.3,-2.5,0.2,-0.6,1.6,-1.1,3.5,3.0,3.0,1.6,3.3,3.4,3.4,3.1,2.0,3.0,2.0,12.3,1.3,0.1,24.4,-0.6,2.0,-1.8,-1.3,2.2,1.9,3.2,2.8,2.0,-1.4,1.5,2.4,2.8,2.2,2.8,0.6,3.5,2.3,3.9,-2.0,2.4,2.0,
199803,2.2,1.8,2.3,1.9,2.1,2.1,3.2,10.2,1.8,-2.2,2.2,2.4,3.4,-0.9,17.0,26.8,-0.2,-0.2,1.4,2.1,3.3,3.0,0.6,2.5,1.4,1.6,1.3,0.8,2.5,0.7,-1.8,3.2,-6.9,5.2,-0.4,-2.8,0.3,-0.4,1.6,-1.1,3.6,2.9,2.8,1.8,3.0,3.5,3.7,2.9,3.0,2.8,1.8,12.4,1.3,0.5,24.4,-0.8,2.0,-2.2,-1.1,2.3,1.9,3.2,3.2,2.2,-1.8,2.3,2.6,2.7,2.2,2.7,1.2,2.9,2.0,3.9,-2.5,2.5,2.1,
199804,0.4,0.2,0.3,0.1,0.6,0.8,0.4,3.5,-0.3,-3.7,-0.5,-1.1,0.6,-2.2,9.9,16.0,-7.6,-7.8,-0.8,0.0,0.6,1.8,-0.8,0.3,0.8,0.3,0.8,-0.1,0.7,-1.2,-3.8,1.1,-9.1,4.0,-2.4,-5.3,-1.5,-2.6,-0.3,-3.0,2.3,1.6,2.2,-0.2,2.6,1.5,1.7,0.7,1.3,1.6,0.4,10.8,-0.3,-1.2,23.3,-2.3,0.5,-3.9,-2.5,1.9,2.0,1.4,1.3,-0.2,-3.1,-0.1,0.7,-0.1,0.4,1.3,-0.4,0.4,-0.3,4.5,-4.8,1.9,-0.2,
199805,0.5,0.0,0.5,-0.1,0.4,0.7,1.4,9.8,-0.4,-3.6,1.3,2.2,0.2,-2.6,16.6,27.0,-2.9,-3.0,-0.8,0.0,0.4,1.9,-0.9,0.2,0.6,0.0,0.7,-0.2,0.4,-2.0,-4.6,0.1,-9.3,3.0,-2.2,-5.0,-1.5,-2.4,0.0,-2.6,2.2,1.3,2.1,-0.1,2.4,0.6,0.6,0.5,1.3,1.3,0.3,10.8,-0.5,-1.6,23.3,-2.3,0.5,-3.7,-2.9,1.8,2.1,1.4,1.3,-0.3,-3.4,0.2,0.9,-0.3,0.1,1.2,-0.7,0.1,-0.3,2.5,-5.3,1.9,-0.3,
199806,0.1,0.0,0.0,-0.1,0.4,0.6,0.1,2.9,-0.5,-3.5,1.4,2.0,0.1,-2.5,2.8,4.6,1.3,1.4,-1.1,-0.4,0.1,2.6,-1.0,0.2,0.4,-0.3,0.5,-0.4,-0.3,-2.3,-4.6,-0.1,-9.2,1.8,-2.2,-4.8,-1.8,-1.9,0.2,-2.7,1.8,1.4,1.9,0.2,2.2,1.1,1.4,0.6,1.5,1.2,0.3,10.7,-0.5,-1.6,23.2,-2.3,0.4,-3.6,-2.7,1.8,2.1,1.4,1.3,-0.4,-3.0,-0.4,0.8,-0.4,0.2,1.1,-0.8,0.3,-0.3,2.5,-5.2,1.9,-0.4,
199807,-0.1,-0.1,-0.3,-0.2,0.3,0.5,-0.5,-0.4,-0.6,-3.2,0.7,1.2,-0.3,-2.5,0.2,0.2,-3.9,-4.1,-0.7,0.0,-0.1,2.4,-1.0,-0.4,0.4,-0.3,0.5,-0.4,-0.3,-2.6,-5.1,-0.7,-9.1,1.9,-2.3,-5.1,-1.9,-1.6,-0.2,-2.4,1.8,0.8,1.3,0.0,1.5,0.4,0.3,0.8,0.4,0.7,0.4,10.8,-0.6,-1.5,23.2,-2.1,0.3,-3.4,-2.6,1.8,2.1,1.4,1.3,-0.5,-3.0,0.0,0.6,-0.8,0.0,1.0,-0.8,-0.2,-0.3,2.5,-5.4,1.9,-0.5,
199808,-0.3,-0.1,-0.5,-0.2,0.3,0.7,-1.4,-5.4,-0.6,-3.3,-2.2,-3.3,-0.2,-2.7,-5.8,-9.5,-1.8,-1.8,-1.0,0.0,-0.3,1.8,-1.1,0.1,0.3,-0.5,0.4,-0.5,-0.5,-2.6,-5.1,-0.7,-9.0,2.0,-1.7,-4.2,-1.3,-2.0,-0.1,-1.8,1.8,1.4,2.2,-0.1,2.5,1.1,1.1,1.2,0.4,0.6,0.3,10.8,-0.4,-1.7,23.2,-2.0,0.5,-3.1,-2.6,1.8,2.1,1.4,1.3,-0.6,-2.8,0.2,0.3,-0.9,0.0,0.9,-0.6,0.1,-0.3,2.5,-5.3,1.9,-0.5,
199809,-0.2,-0.5,-0.3,-0.6,-0.1,-0.1,0.5,3.8,-0.2,-2.6,3.1,4.7,-0.5,-2.0,3.0,4.7,0.6,0.7,-0.5,0.0,-0.2,2.3,-0.9,0.6,0.2,-0.5,0.4,-0.5,-0.5,-2.6,-5.1,-0.7,-8.9,2.3,-1.8,-4.1,-1.6,-1.7,-0.1,-2.0,1.9,0.7,1.2,0.4,1.4,-0.2,0.0,-0.5,0.5,0.6,0.3,-0.6,-0.4,-1.7,-0.2,-1.9,0.4,-3.0,-2.5,1.7,2.1,1.4,1.0,-0.8,-2.8,-0.7,0.4,-0.8,-0.1,0.8,-0.7,-0.3,-0.3,2.1,-5.1,1.8,-0.7,
199810,0.2,-0.4,0.2,-0.6,-0.1,-0.2,2.4,13.4,0.0,0.5,2.5,3.6,-0.4,-2.0,14.2,21.9,13.8,14.5,-1.1,0.2,0.2,1.6,0.0,-0.1,0.1,-0.7,0.3,-0.6,-0.7,-3.1,-5.6,-1.7,-9.7,2.2,-1.6,-3.8,-1.6,-1.1,-0.3,-1.5,1.8,0.6,1.5,-0.4,1.6,-0.5,-0.6,-0.1,0.2,-0.6,0.3,-0.5,-0.5,-1.4,-0.2,-1.8,0.3,-2.7,-2.6,1.7,2.1,1.4,1.0,-1.0,-2.8,-1.2,0.3,-0.9,0.1,0.8,-0.2,-0.6,-0.3,2.5,-5.4,1.8,-0.8,
199811,0.8,-0.3,0.9,-0.5,0.1,-0.2,4.4,25.7,0.2,1.3,2.2,3.4,0.2,-1.8,30.4,50.7,23.8,25.3,-0.5,0.5,0.3,2.0,-0.1,-0.1,0.1,-0.7,0.2,-0.6,-0.7,-3.1,-5.6,-1.6,-10.2,2.2,-1.5,-3.7,-2.0,-0.3,-0.1,-1.4,1.8,0.0,0.3,0.1,0.3,-0.4,-0.5,-0.2,0.3,-0.7,0.3,-0.5,-0.3,-1.6,-0.2,-1.7,0.3,-2.5,-2.5,1.7,2.1,1.4,1.0,-0.2,-2.9,1.3,0.3,-0.6,-0.1,0.8,-0.5,-0.8,-0.3,2.5,-5.2,1.8,-0.2,
199812,0.6,-0.3,0.6,-0.4,0.0,-0.1,3.5,19.8,0.4,1.6,0.2,-0.3,0.1,0.0,21.1,35.0,34.1,36.4,-0.6,0.9,-0.2,2.2,0.0,-0.1,-0.1,-0.8,0.0,-0.7,-0.8,-3.2,-5.6,-1.7,-10.8,2.2,-1.2,-3.1,-1.6,-0.5,0.4,-1.4,1.8,-0.2,-0.3,-0.7,-0.2,-0.3,-0.4,-0.1,0.2,-0.5,0.2,-0.4,-0.3,-1.6,-0.2,-1.5,0.4,-2.3,-2.5,1.7,2.1,1.4,1.0,-0.3,-2.2,1.1,0.4,-0.7,1.2,0.7,-0.8,-1.0,7.5,2.5,-5.0,1.8,-0.2,
199901,0.2,-0.1,0.2,-0.3,0.2,0.0,1.8,7.2,0.7,1.8,-0.3,-1.1,-0.4,0.5,3.4,4.7,28.2,29.8,-0.3,1.7,-0.1,2.0,0.0,0.3,-0.2,-0.8,-0.2,-0.8,-0.7,-2.8,-5.1,-1.3,-11.2,2.2,-1.0,-2.6,-1.2,-0.5,0.1,-1.1,1.8,0.6,1.3,-0.8,1.6,0.0,0.1,-0.3,0.1,-0.7,0.2,-0.4,-0.2,-1.1,-0.2,-1.4,0.9,-2.2,-2.5,1.7,2.1,0.9,0.9,-0.5,-2.3,0.4,0.3,-1.0,1.3,0.7,-0.6,-0.7,7.5,2.5,-4.6,1.5,-0.2,
199902,-0.1,-0.1,0.0,-0.1,0.1,-0.2,0.7,0.9,0.6,2.0,-0.3,-1.2,0.1,-0.2,-4.2,-7.1,19.5,20.5,-0.8,1.5,0.1,2.3,-0.1,0.2,-0.4,-0.9,-0.3,-1.0,-0.9,-1.2,-0.9,-1.7,-10.6,2.2,-1.1,-2.7,-1.4,0.0,0.0,-1.4,1.8,0.1,0.5,0.1,0.5,-0.4,-0.4,-0.2,0.3,-0.3,0.1,-0.4,-0.1,-1.2,-0.2,-0.9,0.3,-2.1,0.0,1.7,2.1,0.9,0.9,-0.7,-2.5,0.2,0.3,-1.1,1.3,0.6,-0.4,-0.9,7.5,2.5,-2.8,1.5,-0.5,
199903,-0.4,-0.1,-0.4,-0.1,0.1,-0.2,-0.3,-5.0,0.8,2.0,-0.2,-1.5,0.0,0.3,-8.7,-14.1,4.9,5.1,-0.9,1.3,-0.1,2.0,0.0,0.7,-0.3,-1.1,-0.3,-1.1,-1.0,-1.0,-0.9,-1.7,-9.6,2.2,-1.3,-2.7,-1.2,-0.5,-0.7,-1.3,1.7,-0.1,0.6,-0.8,0.8,-1.1,-1.6,0.0,-0.3,-0.3,0.1,-0.5,-0.2,-1.7,-0.2,-0.7,0.3,-1.7,0.0,1.6,2.1,0.9,0.7,-0.8,-2.7,-0.7,0.3,-0.9,1.1,0.5,-1.0,-1.6,7.8,2.5,-2.4,1.4,-0.6,
199904,-0.1,-0.1,-0.2,-0.2,0.0,0.0,0.4,-0.4,0.6,1.9,1.3,1.3,-0.6,1.1,-5.0,-8.2,11.1,11.5,-0.3,1.2,-0.2,1.8,-0.1,0.2,-0.1,-0.7,0.1,-0.2,-1.1,-1.7,-2.0,-2.1,-8.9,1.4,-1.3,-2.3,-1.3,-0.2,-1.0,-1.4,0.6,-0.1,-0.1,-0.1,-0.1,-0.2,-0.3,0.3,-0.2,-0.3,-0.1,0.1,-0.2,-1.5,0.7,-0.8,0.0,-1.4,0.1,1.3,1.7,0.3,0.5,-0.9,-3.0,-0.3,0.3,-1.2,1.0,0.5,-0.9,-1.3,7.8,1.2,-2.7,1.2,-0.7,
199905,-0.4,0.0,-0.5,-0.1,0.1,-0.1,-0.7,-6.6,0.6,1.8,-0.6,-2.2,-0.6,2.8,-12.7,-19.6,10.9,11.4,-0.4,1.5,0.0,1.4,0.0,0.2,-0.2,-0.5,0.0,-0.2,-1.1,-1.7,-2.0,-2.1,-8.4,1.5,-1.0,-1.8,-0.8,0.1,-1.1,-1.1,0.6,-0.2,-0.3,-0.5,-0.4,0.1,-0.1,0.3,-0.2,-0.3,-0.1,0.2,-0.2,-1.1,0.7,-0.4,0.0,-0.7,0.1,1.3,1.7,0.3,0.5,-0.8,-2.9,-0.7,0.2,-0.9,1.2,0.4,-0.9,-1.0,7.8,1.2,-2.5,1.2,-0.7,
199906,-0.3,0.0,-0.4,-0.1,0.1,0.0,-0.6,-6.1,0.6,1.3,-0.3,-1.7,-0.8,2.2,-10.7,-17.1,5.1,5.3,-0.3,1.9,-0.1,1.3,0.0,0.2,0.0,-0.3,0.1,0.1,-0.7,-1.7,-2.0,-2.0,-7.8,1.1,-0.9,-1.7,-0.8,-0.4,-0.9,-0.7,0.6,-0.4,-0.3,0.0,-0.4,-0.5,-0.9,0.7,-0.2,-0.3,-0.3,0.2,-0.1,-0.9,0.7,-0.2,0.1,-0.4,0.0,1.3,1.7,0.3,0.5,-0.7,-3.4,-0.8,0.2,-0.4,1.0,0.4,-0.9,-1.4,7.8,1.2,-2.1,1.2,-0.5,
199907,-0.1,0.0,-0.1,-0.1,0.1,-0.1,0.3,-1.2,0.6,1.0,-0.3,-1.7,-0.8,1.8,-1.0,-1.9,0.8,0.8,-0.2,1.5,0.1,0.9,0.0,0.7,0.0,-0.3,0.1,0.0,-0.8,-2.0,-2.6,-2.2,-7.5,0.9,-0.9,-1.6,-0.5,-0.4,-0.9,-1.2,0.6,-0.2,-0.2,0.2,-0.4,-0.2,-0.5,0.2,0.3,-0.6,-0.4,-1.3,0.0,-1.2,-2.0,0.0,0.3,-0.1,0.0,1.3,1.7,0.3,0.5,-0.5,-3.2,-0.5,0.1,-0.2,1.1,0.4,-0.8,-1.3,7.8,1.2,-2.0,1.2,-0.3,
199908,0.3,0.0,0.3,-0.1,0.1,-0.1,1.6,6.7,0.6,1.1,1.1,0.5,-0.8,2.8,9.5,15.5,3.8,3.9,-0.4,1.5,0.3,1.4,0.1,0.2,0.0,-0.3,0.2,0.1,-0.8,-1.9,-2.6,-2.2,-7.2,0.8,-1.2,-2.0,-1.0,-0.4,-1.0,-0.9,0.6,-0.2,-0.2,0.9,-0.4,0.1,0.1,0.0,0.0,-0.8,-0.4,-1.3,-0.1,-1.4,-2.0,0.2,0.2,0.2,0.0,1.3,1.7,0.3,0.5,-0.9,-3.7,-1.8,0.2,-0.5,1.0,0.4,-0.7,-1.9,7.8,1.2,-1.6,1.2,-0.7,
199909,-0.2,0.0,-0.2,-0.1,0.1,-0.2,0.1,-1.6,0.4,0.7,-0.7,-1.7,-0.8,1.9,-1.8,-3.0,1.5,1.6,-0.1,1.4,-0.2,0.7,0.0,0.2,0.1,-0.3,0.1,0.0,-0.8,-2.0,-2.6,-2.2,-6.1,0.6,-1.3,-2.5,-0.4,-0.6,-1.1,-1.2,0.6,-0.4,-0.4,0.4,-0.5,-0.6,-1.2,0.8,0.1,-0.4,-0.4,-1.3,-0.1,-1.5,-2.0,0.3,0.0,0.6,-0.1,1.3,1.7,0.3,0.5,-0.6,-4.1,-0.6,0.4,-0.4,1.1,0.4,-0.6,-1.5,7.8,0.7,-1.3,1.2,-0.5,
199910,-0.7,-0.1,-0.8,-0.1,-0.1,-0.1,-2.1,-10.8,0.1,-1.4,-0.7,-1.5,-1.0,1.1,-12.7,-18.7,-9.0,-9.3,-0.5,1.7,-0.4,1.2,-0.1,0.2,0.1,-0.2,0.1,0.1,-0.7,-0.9,-1.0,-1.2,-3.2,0.6,-1.4,-2.9,-0.3,-0.4,-1.2,-1.2,0.6,-0.3,-0.5,0.4,-0.5,0.2,-0.5,2.2,-0.1,-0.8,-0.4,-1.3,-0.1,-1.5,-2.0,0.5,0.0,1.0,-0.1,1.3,1.7,0.3,0.5,-0.6,-4.0,-0.9,0.5,-0.3,1.0,0.4,-0.6,-1.7,7.8,0.3,0.2,1.2,-0.6,
199911,-1.2,-0.2,-1.4,-0.2,-0.3,-0.2,-3.7,-18.3,-0.2,-2.0,-1.4,-2.6,-1.8,1.0,-22.1,-32.2,-13.2,-13.8,-0.6,1.5,-0.4,0.4,-0.2,0.2,0.1,-0.3,0.2,0.0,-0.7,-0.6,-1.0,-0.9,0.3,0.6,-1.4,-2.6,-0.2,-0.5,-1.3,-1.1,0.6,-0.3,-0.7,-0.4,-0.8,0.2,-0.7,2.6,0.2,-0.6,-0.4,-1.4,-0.2,-1.5,-2.0,0.6,0.0,1.1,-0.2,1.3,1.7,0.3,0.5,-1.2,-4.1,-2.8,0.4,-0.5,1.0,0.3,-0.7,-1.4,7.8,0.3,0.7,1.2,-1.0,
199912,-1.1,-0.1,-1.3,-0.2,-0.1,-0.3,-3.4,-17.7,-0.1,-2.2,-0.6,-0.9,-1.7,0.3,-19.9,-30.0,-21.5,-22.4,-0.4,1.2,-0.3,0.3,-0.5,0.8,0.2,-0.3,0.3,0.0,-0.7,-0.4,-1.0,-1.1,3.7,0.6,-1.8,-3.6,-0.9,-0.8,-1.5,-0.8,0.6,-0.3,-0.7,0.0,-0.9,0.4,-0.6,2.8,0.1,-0.8,-0.3,-1.3,-0.2,-1.2,-2.0,0.7,0.5,1.2,-0.1,1.3,1.7,0.3,0.5,-1.1,-5.1,-2.3,0.4,-0.5,-0.4,0.4,-0.6,-1.3,0.0,0.3,1.1,1.2,-0.8,
200001,-0.9,-0.3,-1.1,-0.3,-0.4,-0.4,-2.6,-12.2,-0.5,-2.2,-1.4,-1.8,-1.6,0.5,-11.6,-17.7,-18.9,-19.7,-1.0,0.6,-0.8,0.6,-0.6,0.3,0.1,-0.3,0.2,0.0,-0.8,0.2,-0.2,-0.4,5.0,0.8,-2.2,-4.5,-1.0,-0.8,-2.1,-1.0,0.6,-0.6,-0.8,0.4,-1.0,-0.2,-1.3,2.6,-0.2,-0.6,-0.4,-1.4,0.0,-1.9,-2.0,0.6,-0.1,1.3,-0.1,1.3,1.7,0.3,0.5,-1.0,-6.2,-2.2,0.2,-0.1,-0.4,0.3,-0.7,-1.4,0.0,0.3,1.7,1.2,-0.9,
200002,-0.6,-0.1,-0.9,-0.3,-0.2,-0.2,-2.0,-9.4,-0.5,-2.2,-0.8,-0.8,-1.9,0.5,-9.5,-15.0,-13.7,-14.3,-0.3,0.4,-0.9,0.5,-0.4,0.3,0.3,-0.4,0.5,0.1,-1.0,0.4,-0.2,-0.1,5.2,1.0,-2.2,-4.8,-1.1,-0.8,-1.9,-1.2,0.6,-0.3,-0.2,-0.1,-0.2,-0.2,-1.4,2.5,0.2,-0.9,-0.2,-1.5,0.0,-2.2,-2.0,0.6,-0.1,1.4,-0.1,1.3,1.7,0.3,0.5,-1.1,-6.7,-2.1,0.4,-0.2,-0.3,0.3,-0.7,-0.9,0.0,0.3,1.9,1.2,-1.0,
200003,-0.5,-0.3,-0.6,-0.5,-0.5,-0.3,-1.5,-4.2,-0.9,-2.2,-1.9,-2.1,-2.0,1.5,-1.8,-2.6,-9.2,-9.7,-1.0,0.5,-0.6,0.4,-0.5,-1.1,0.1,-0.5,0.4,0.0,-1.2,0.5,-0.2,-0.1,6.6,1.0,-2.5,-5.5,-1.6,-0.3,-1.7,-1.4,0.6,-0.6,-1.5,0.2,-1.7,0.5,-0.3,2.4,0.6,-0.8,-0.2,-1.5,-0.1,-2.2,-2.0,0.8,0.2,1.5,-0.2,1.4,1.7,0.3,0.8,-0.9,-6.9,-1.0,0.2,-0.2,-0.2,0.3,-0.3,-0.5,0.0,0.3,2.2,1.3,-0.7,
200004,-0.8,-0.4,-0.9,-0.5,-0.6,-0.6,-2.1,-8.0,-0.9,-2.2,-2.6,-3.4,-1.5,1.2,-9.2,-14.3,-5.2,-5.4,-1.3,0.7,-0.6,0.2,-0.5,-1.3,0.0,-0.5,0.2,-0.2,-0.9,1.9,1.5,1.4,8.2,1.7,-2.4,-5.6,-1.2,-0.9,-1.8,-0.8,0.7,-0.8,-1.2,-0.2,-1.4,-0.6,-1.5,1.6,-0.1,-1.2,-0.1,-1.3,-0.1,-2.3,-1.7,0.4,0.0,1.8,-3.1,1.0,1.4,0.3,0.3,-1.1,-6.4,-2.0,0.2,-0.4,-0.2,0.3,-0.7,-0.8,0.0,1.4,3.9,0.9,-1.0,
200005,-0.7,-0.2,-0.9,-0.3,-0.4,-0.2,-2.6,-9.7,-1.0,-2.1,-2.8,-4.0,-2.1,-0.2,-8.3,-13.2,-12.9,-13.5,-1.4,0.4,-0.7,0.1,-0.5,-1.3,0.4,-0.5,0.5,0.0,-1.0,2.0,1.5,1.5,8.0,1.9,-3.0,-7.0,-1.4,-1.4,-1.8,-1.1,0.7,-0.7,-1.0,0.0,-1.1,-0.5,-1.4,1.8,-0.2,-1.1,-0.1,-1.4,0.0,-2.7,-1.7,0.5,0.0,2.0,-3.1,1.1,1.3,0.3,0.3,-0.1,-6.3,-1.4,0.2,1.4,-0.3,0.4,-0.6,-1.2,0.0,1.4,4.0,0.9,-0.1,
200006,-0.7,-0.3,-0.9,-0.5,-0.6,-0.5,-2.1,-7.6,-1.0,-1.7,-3.5,-4.9,-1.8,-0.4,-2.9,-4.6,-15.1,-15.8,-1.7,0.1,-0.6,-0.2,-0.5,-1.1,0.2,-0.5,0.4,-0.3,-0.8,1.9,1.5,1.4,8.1,1.9,-3.1,-7.5,-1.3,-0.7,-1.8,-1.1,1.0,-0.7,-1.2,-0.2,-1.3,-0.2,-1.0,1.8,-0.5,-1.4,0.1,-1.4,0.0,-3.1,-1.7,0.5,0.0,2.0,-3.1,1.1,1.3,0.3,0.3,-1.0,-6.5,-0.4,0.1,-0.9,-0.4,0.4,-0.9,-1.2,0.0,1.4,3.8,0.9,-0.9,
200007,-0.5,-0.3,-0.7,-0.4,-0.6,-0.3,-1.9,-5.7,-1.0,-1.8,-2.3,-2.9,-1.6,-0.9,-5.7,-9.1,-4.8,-5.0,-1.7,0.0,-0.6,-0.6,-0.7,-1.3,0.2,-0.5,0.4,-0.2,-0.8,3.0,3.2,2.3,7.7,2.0,-3.2,-7.6,-1.6,-1.1,-1.8,-1.4,0.9,-0.6,-1.0,-0.5,-1.0,0.2,-0.7,2.4,-0.4,-1.6,0.1,0.1,-0.2,-2.7,1.0,0.4,0.0,1.8,-3.1,1.1,1.3,0.3,0.3,-1.2,-6.7,-1.0,0.4,-1.0,-0.4,0.5,-0.9,-1.5,0.0,1.4,4.5,0.9,-1.1,
200008,-0.8,-0.3,-0.9,-0.4,-0.6,-0.5,-2.6,-9.5,-1.1,-1.9,-3.0,-3.5,-1.4,-1.8,-11.4,-17.6,-5.5,-5.7,-1.7,0.1,-1.0,-0.7,-0.8,-1.1,0.2,-0.5,0.3,-0.3,-0.8,2.9,3.2,2.3,7.8,2.1,-3.4,-7.6,-1.7,-1.4,-1.9,-1.8,0.9,-0.8,-1.4,-1.2,-1.4,0.1,-0.9,2.2,-0.7,-1.6,0.1,0.0,-0.3,-2.5,1.0,0.4,0.6,1.5,-3.2,1.1,1.3,0.3,0.3,-1.0,-6.7,-0.2,0.3,-0.9,-0.4,0.5,-0.9,-1.2,0.0,1.4,4.3,0.9,-0.7,
200009,-0.8,-0.5,-1.1,-0.6,-0.8,-0.5,-2.3,-7.5,-1.2,-2.0,-1.7,-2.0,-1.4,-3.0,-7.0,-11.0,-10.9,-11.5,-2.1,0.3,-0.7,-0.7,-0.8,-1.4,0.2,-0.4,0.4,-0.1,-0.8,2.9,3.2,2.3,6.7,2.0,-3.5,-7.6,-2.3,-2.4,-2.0,-1.6,0.9,-2.0,-3.3,-1.4,-3.6,-1.0,-2.0,1.6,-0.9,-1.3,0.0,0.0,-0.3,-2.6,1.0,0.1,0.0,1.2,-3.2,1.1,1.3,0.3,0.3,-1.0,-6.2,-0.8,0.2,-0.8,-0.4,0.5,-0.8,-1.6,0.0,1.3,3.9,0.9,-0.9,
200010,-0.9,-0.6,-1.2,-0.7,-0.8,-0.6,-2.2,-7.3,-1.1,-2.1,-3.0,-4.2,-1.0,-1.9,-8.2,-12.6,-2.4,-2.6,-1.7,0.2,-0.7,-0.9,-0.7,-1.4,0.2,-0.4,0.4,-0.1,-0.8,1.1,-1.8,2.8,8.8,2.0,-3.4,-7.3,-2.3,-3.0,-1.8,-1.8,0.9,-1.9,-2.9,-1.2,-3.2,-1.7,-2.5,0.1,-1.1,-0.3,-0.1,-0.1,-0.4,-2.5,1.0,-0.1,0.0,1.6,-5.1,1.1,1.3,0.3,0.3,-1.3,-6.1,-1.5,0.0,-1.0,-0.3,0.5,-0.7,-1.2,0.0,1.3,2.4,0.9,-1.1,
200011,-0.5,-0.5,-0.7,-0.7,-0.7,-0.5,-1.2,-1.3,-1.1,-2.4,-1.0,-1.3,-0.7,-2.0,-2.2,-3.4,1.9,2.0,-1.9,-0.1,-1.1,-0.8,-0.5,-1.4,0.3,-0.3,0.5,0.0,-0.8,1.1,-1.8,2.6,10.8,2.0,-3.5,-7.8,-2.1,-3.1,-1.6,-1.8,0.9,-1.9,-2.6,-0.8,-2.8,-1.6,-2.3,0.0,-1.7,-0.5,0.1,-0.1,-0.4,-2.7,1.0,-0.2,0.0,1.5,-5.1,1.1,1.3,0.3,0.3,-1.0,-6.2,-0.7,0.1,-0.9,-0.2,0.5,-0.3,-1.3,0.0,1.3,2.4,0.9,-0.9,
200012,-0.2,-0.6,-0.3,-0.8,-0.8,-0.5,0.1,7.0,-1.2,-2.5,-1.6,-2.4,-0.9,-2.0,6.9,12.4,16.5,17.4,-1.8,-0.1,-1.0,-1.0,-0.5,-1.4,0.2,-0.3,0.4,0.0,-0.8,1.3,-1.8,2.9,10.9,2.1,-3.3,-7.6,-1.6,-2.5,-1.6,-2.2,0.9,-2.0,-2.5,-0.9,-2.6,-2.0,-2.8,-0.2,-1.5,-0.7,0.0,-0.2,-0.5,-2.9,1.0,-0.1,0.2,1.4,-5.2,1.1,1.3,0.3,0.3,-0.9,-6.2,-0.7,0.1,-0.6,-0.3,0.4,-0.5,-1.7,0.0,1.3,2.3,0.9,-0.7,
200101,-0.3,-0.8,-0.4,-1.0,-1.0,-0.9,0.7,9.8,-1.1,-2.2,-0.5,-0.9,-1.2,-1.3,10.4,17.1,14.6,15.5,-1.3,-0.4,-0.8,-1.4,-0.6,-1.4,0.2,-0.3,0.3,0.0,-0.6,0.7,-2.0,2.6,11.1,1.4,-3.6,-8.0,-1.6,-2.1,-1.2,-2.7,0.6,-1.6,-2.7,-2.8,-2.8,-1.4,-1.8,-0.6,-1.0,0.3,0.0,1.0,-0.7,-3.0,3.5,-0.3,0.9,1.3,-5.3,1.1,1.3,1.4,0.2,-3.1,-22.0,-0.5,0.2,-1.0,-0.5,0.4,-0.9,-2.3,0.0,0.4,2.0,1.0,-2.6,
200102,-0.3,-0.8,-0.4,-1.0,-1.0,-1.0,0.7,9.9,-1.1,-2.3,-1.4,-2.2,-0.9,-0.5,13.0,22.0,9.9,10.5,-1.6,-0.6,-1.0,-1.7,-0.7,-1.3,0.1,-0.3,0.1,0.0,-0.6,0.7,-2.0,2.4,11.0,1.2,-3.6,-8.1,-0.9,-3.1,-0.9,-2.5,0.6,-1.9,-3.2,-3.0,-3.3,-1.6,-2.0,-0.3,-0.9,0.5,-0.1,1.1,-0.8,-2.4,3.5,-0.3,1.3,1.2,-5.4,1.1,1.3,1.4,0.2,-3.3,-21.9,-0.8,0.2,-1.3,-0.5,0.4,-0.7,-2.4,0.0,0.4,1.9,0.9,-2.7,
200103,-0.7,-0.9,-0.9,-1.0,-1.1,-1.1,-0.2,2.6,-0.8,-2.3,1.0,1.2,-0.8,-2.0,2.3,3.8,2.9,3.1,-1.3,-0.5,-1.2,-1.4,-0.6,-0.2,0.1,-0.3,0.3,0.1,-0.7,0.6,-2.0,2.5,10.3,1.2,-3.5,-7.8,-0.9,-3.9,-0.9,-2.7,0.6,-2.7,-3.7,-3.2,-3.8,-3.2,-4.3,-0.8,-1.6,0.3,-0.1,1.2,-0.9,-2.3,3.5,-0.9,0.8,1.0,-7.2,1.0,1.3,1.4,0.0,-3.5,-21.9,-1.0,0.2,-1.4,-0.2,0.3,-0.6,-1.0,0.0,0.4,1.6,0.9,-2.9,
200104,-0.7,-0.8,-1.0,-1.0,-0.9,-0.9,-0.6,0.6,-1.0,-2.3,0.2,0.5,-0.7,-2.9,2.3,3.9,-4.4,-4.4,-1.5,-0.8,-1.3,-1.6,-0.6,-0.2,0.5,-0.4,0.7,0.0,-0.8,0.6,-1.9,2.2,9.2,1.3,-3.6,-7.7,-1.0,-3.7,-0.7,-3.3,0.6,-2.5,-3.6,-3.4,-3.6,-2.3,-3.2,-0.4,-1.8,0.3,-0.1,0.6,-0.9,-2.4,2.5,-0.5,0.0,1.2,-5.4,1.1,1.1,1.6,0.7,-3.1,-22.6,-0.6,0.2,-0.9,-0.1,0.3,-0.5,-0.5,0.0,0.1,1.2,0.9,-2.7,
200105,-0.7,-1.0,-0.9,-1.1,-1.1,-1.1,-0.2,3.7,-0.9,-2.2,1.8,3.2,-0.2,-3.6,3.5,6.2,1.1,1.4,-1.2,-0.8,-1.2,-1.9,-0.7,-0.2,0.1,-0.5,0.3,-0.2,-0.8,0.5,-1.9,2.1,8.6,1.5,-3.5,-7.1,-1.3,-3.1,-0.9,-3.5,0.6,-2.1,-3.0,-3.4,-3.0,-2.3,-3.1,-0.5,-1.8,0.5,-0.1,0.6,-0.9,-2.3,2.5,-1.1,-0.2,0.9,-6.9,1.0,1.2,1.6,0.7,-3.5,-22.1,-0.8,0.2,-1.7,-0.2,0.2,-0.8,-0.3,0.0,0.1,0.8,0.9,-3.2,
200106,-0.8,-0.9,-1.0,-1.1,-1.0,-0.9,-0.8,-0.1,-0.9,-2.3,0.6,0.9,0.0,-2.3,0.9,1.7,-4.1,-4.1,-1.2,-0.6,-1.4,-1.6,-0.9,-0.5,0.1,-0.5,0.3,-0.2,-0.9,0.6,-1.9,2.1,8.3,1.7,-3.5,-7.3,-0.8,-3.6,-0.9,-3.8,0.2,-2.2,-3.1,-3.5,-3.0,-2.3,-3.1,-0.6,-1.5,0.4,-0.1,0.7,-0.9,-2.1,2.5,-0.9,-0.2,1.1,-6.9,1.0,1.2,1.6,0.7,-2.8,-22.7,-1.2,0.2,-0.4,-0.1,0.2,-0.7,0.3,0.0,0.1,0.5,0.9,-2.6,
200107,-0.8,-0.9,-1.1,-1.1,-0.9,-0.9,-0.8,-0.4,-0.8,-2.1,-0.6,-0.7,0.2,-1.6,0.2,0.1,-0.9,-0.8,-1.5,-0.7,-1.5,-1.6,-0.8,-0.3,0.2,-0.5,0.4,-0.2,-0.9,0.0,-3.1,1.7,8.0,1.8,-3.5,-7.3,-1.1,-4.0,-0.8,-3.6,0.3,-2.1,-2.8,-3.7,-2.8,-2.5,-3.6,-0.5,-1.4,0.7,0.0,0.5,-0.9,-2.5,2.5,-1.0,0.3,0.9,-6.7,1.0,1.2,1.6,0.7,-3.2,-23.0,-1.4,0.2,-0.8,-0.1,0.2,-0.9,0.7,0.0,0.1,-0.2,0.9,-2.8,
200108,-0.7,-0.9,-0.9,-1.1,-0.9,-0.9,-0.3,2.5,-0.9,-2.1,0.8,1.0,0.1,-1.5,5.0,8.4,-3.6,-3.5,-1.4,-0.6,-1.3,-1.9,-0.7,-0.7,0.3,-0.5,0.4,-0.2,-0.9,0.0,-3.1,1.7,7.7,1.8,-3.7,-7.7,-0.8,-4.4,-0.6,-3.5,0.3,-2.5,-3.4,-3.3,-3.5,-3.3,-4.6,-0.4,-0.7,0.7,-0.1,0.6,-0.9,-2.4,2.5,-1.0,0.4,0.9,-6.8,1.0,1.2,1.6,0.7,-2.6,-22.2,-0.9,0.2,-0.6,0.0,0.2,-0.8,0.8,0.0,0.1,-0.4,0.9,-2.3,
200109,-0.8,-0.8,-1.0,-1.0,-0.8,-0.8,-0.8,-1.1,-0.8,-1.5,-2.0,-3.0,0.4,-1.1,1.2,1.8,-2.9,-2.8,-0.9,-1.7,-1.0,-1.7,-0.8,-0.4,0.3,-0.6,0.4,-0.2,-1.0,-0.1,-3.1,1.7,7.1,2.1,-3.6,-7.7,-0.9,-4.0,-0.6,-3.3,0.3,-1.7,-1.9,-3.3,-1.8,-2.3,-3.0,-0.9,-0.7,0.2,0.0,0.6,-0.7,-2.1,2.5,-1.1,0.0,0.8,-6.7,1.0,1.2,1.6,0.7,-2.9,-20.5,-1.5,0.1,-1.1,0.0,0.2,-0.8,0.8,0.0,0.1,-0.5,0.9,-2.6,
200110,-0.8,-0.7,-0.9,-0.9,-0.8,-0.7,-1.0,-1.5,-0.9,-1.2,-1.1,-1.2,0.1,-1.3,-0.4,-0.5,-3.6,-3.4,-1.3,-3.0,-0.9,-1.9,-0.7,-0.5,0.2,-0.6,0.5,-0.3,-1.0,1.7,1.5,1.2,4.0,2.3,-3.6,-7.7,-1.3,-3.7,-0.8,-3.4,0.4,-2.1,-3.0,-3.6,-2.9,-2.3,-2.9,-0.7,-0.5,-0.2,0.0,0.5,-0.7,-2.5,2.5,-1.0,-0.3,0.5,-5.4,1.0,1.2,1.6,0.7,-2.5,-19.0,-1.2,0.2,-0.8,0.0,0.2,-0.9,1.1,0.0,0.1,0.3,0.9,-2.2,
200111,-1.0,-0.8,-1.3,-1.0,-0.8,-0.9,-1.9,-6.6,-0.9,-0.8,-3.3,-4.6,-0.2,-1.2,-4.9,-8.1,-6.9,-7.1,-0.7,-3.0,-0.7,-1.7,-0.8,-0.5,0.1,-0.7,0.3,-0.4,-1.0,1.4,1.5,1.1,-0.9,2.3,-3.7,-7.8,-1.4,-4.4,-1.1,-3.4,0.4,-2.2,-2.8,-3.3,-2.8,-2.6,-3.3,-1.1,-0.6,-0.6,0.0,0.5,-0.8,-2.8,2.5,-1.2,0.0,0.1,-5.5,1.0,1.2,1.6,0.7,-2.9,-18.9,-1.3,0.3,-1.5,-0.1,0.2,-1.2,0.9,0.0,0.1,-0.3,0.9,-2.5,
200112,-1.2,-0.9,-1.6,-1.1,-0.9,-0.8,-2.5,-10.4,-1.0,-0.7,-2.6,-3.6,-0.3,-1.2,-8.8,-14.2,-14.0,-14.5,-1.3,-3.2,-0.6,-1.7,-0.9,-0.5,0.3,-0.6,0.5,-0.2,-1.0,1.1,1.5,1.0,-4.9,2.3,-3.6,-7.3,-1.4,-4.2,-1.2,-3.3,0.4,-2.5,-3.6,-4.7,-3.4,-2.7,-3.4,-1.1,-1.0,-0.3,0.1,0.6,-0.7,-2.5,2.5,-1.3,0.0,-0.4,-5.2,1.0,1.2,1.6,0.7,-2.7,-18.2,-2.5,0.5,-1.1,-0.1,0.2,-1.0,0.9,0.0,0.1,-1.0,0.9,-2.5,
200201,-1.4,-0.8,-1.7,-1.1,-0.8,-0.8,-2.8,-11.2,-0.8,-0.9,-2.2,-2.9,0.8,-1.5,-10.8,-16.3,-14.0,-14.3,-1.5,-3.3,-0.3,-1.3,-0.7,-0.5,0.3,-0.5,0.6,-0.3,-0.9,0.6,0.9,0.5,-6.5,2.3,-3.8,-7.5,-1.7,-4.4,-1.4,-3.5,0.4,-2.8,-4.1,-4.1,-4.0,-2.7,-3.5,-1.0,-1.5,-0.4,-0.1,-0.7,-0.8,-2.6,0.1,-1.3,-0.1,-0.5,-4.5,1.0,1.2,0.6,0.7,-2.8,-18.7,-2.5,0.2,-0.9,0.1,0.1,-0.8,1.3,0.0,0.1,-1.5,0.7,-2.5,
200202,-1.6,-0.8,-1.9,-1.1,-0.8,-0.8,-3.3,-14.5,-0.8,-1.2,-2.3,-3.6,0.9,-2.2,-15.8,-24.1,-13.1,-13.6,-1.3,-3.1,-1.0,-1.2,-0.6,0.2,0.3,-0.5,0.6,-0.3,-0.9,0.7,0.9,0.9,-7.3,2.3,-3.9,-7.7,-2.4,-4.0,-1.6,-3.6,0.5,-2.8,-4.1,-4.8,-3.9,-2.6,-3.3,-0.9,-1.7,-0.3,-0.1,-0.7,-0.9,-2.7,0.1,-1.2,0.0,-0.5,-4.4,1.0,1.2,0.6,0.7,-3.0,-18.4,-2.6,0.2,-1.4,0.1,0.1,-1.1,1.7,0.0,0.1,-1.5,0.8,-2.7,
200203,-1.2,-0.7,-1.5,-1.0,-0.6,-0.7,-2.4,-10.8,-0.6,-0.8,-2.6,-3.7,0.9,-1.5,-12.2,-19.2,-7.9,-8.1,-1.5,-2.7,-0.4,-1.4,-0.8,0.3,0.3,-0.5,0.5,-0.3,-0.8,0.5,0.9,0.4,-7.8,2.3,-3.9,-7.8,-2.6,-4.0,-1.6,-3.3,0.5,-2.2,-3.1,-4.8,-2.9,-2.2,-2.7,-1.1,-1.2,0.2,-0.2,-0.7,-0.7,-2.3,0.1,-0.8,-0.2,-0.4,-2.5,1.0,1.2,0.6,0.8,-2.8,-18.4,-2.6,0.0,-1.1,0.1,0.1,-1.6,2.4,0.0,0.1,-1.6,0.8,-2.5,
200204,-1.1,-0.9,-1.3,-1.1,-0.8,-0.8,-1.4,-4.5,-0.6,-0.7,-1.5,-2.1,0.7,-1.1,-5.6,-8.5,-2.0,-2.1,-1.3,-2.5,-0.5,-1.3,-0.7,-0.1,0.0,-0.5,0.1,-0.2,-0.9,-1.2,-2.2,-0.5,-7.8,2.0,-3.8,-7.4,-2.7,-4.2,-1.5,-3.0,0.7,-1.9,-2.7,-4.6,-2.6,-1.8,-2.2,-0.7,-0.6,0.3,-0.2,-1.9,-1.0,-3.1,-1.8,-0.9,0.1,-0.6,-2.5,1.1,1.1,0.0,1.5,-2.5,-17.2,-2.0,0.1,-1.0,0.1,0.0,-1.3,2.5,0.0,0.2,-3.0,0.8,-2.2,
200205,-0.9,-0.8,-1.1,-1.1,-0.7,-0.9,-0.6,-1.4,-0.5,-0.7,-1.0,-1.0,0.5,-0.3,-0.2,0.2,-4.0,-4.1,-1.9,-2.5,-0.2,-0.9,-0.6,0.5,-0.2,-0.5,-0.1,-0.3,-0.9,-1.2,-2.2,-0.5,-7.3,1.7,-3.9,-7.9,-2.5,-4.1,-1.6,-2.7,0.7,-2.4,-3.1,-4.6,-2.9,-3.1,-4.1,-0.4,-0.6,0.0,-0.2,-1.9,-0.9,-3.4,-1.8,0.0,0.2,0.2,-1.0,1.1,1.0,0.0,1.5,-2.9,-15.0,-2.5,0.1,-1.9,0.2,0.1,-1.2,2.3,0.0,0.2,-2.1,0.8,-2.5,
200206,-0.7,-0.8,-0.8,-0.9,-0.7,-0.8,-0.2,1.8,-0.5,-0.8,1.1,2.5,0.5,-0.2,0.5,1.6,0.9,1.1,-1.1,-2.5,-0.5,-1.9,-0.6,0.4,-0.2,-0.6,0.0,-0.3,-0.9,-1.3,-2.2,-0.6,-7.0,1.4,-3.9,-7.9,-2.9,-4.1,-1.6,-3.0,0.8,-2.4,-3.1,-4.4,-3.0,-3.1,-3.9,-0.9,-0.4,0.1,-0.3,-1.9,-0.9,-3.4,-1.8,-0.2,0.0,-0.1,-0.4,1.1,1.0,1.7,1.5,-2.2,-13.0,-2.1,0.1,-0.9,0.1,0.1,-1.2,2.0,0.0,0.2,-1.9,0.8,-1.7,
200207,-0.8,-0.8,-0.8,-1.0,-0.7,-0.9,-0.1,2.1,-0.6,-0.9,0.2,0.8,0.1,-0.4,4.0,7.8,-4.4,-4.5,-1.6,-2.4,-0.3,-2.0,-1.1,0.5,-0.2,-0.6,-0.1,-0.2,-0.9,-1.5,-2.3,-1.2,-6.6,1.4,-3.8,-7.8,-2.6,-3.1,-1.6,-3.0,0.7,-2.5,-3.6,-4.0,-3.7,-2.8,-3.6,-0.7,-0.9,0.0,-0.3,-2.0,-0.9,-3.8,-1.8,-0.4,-0.3,-0.3,-0.9,1.1,1.0,1.7,1.5,-2.0,-12.4,-1.9,0.0,-0.9,0.2,0.1,-1.1,2.2,0.0,0.2,-2.4,0.8,-1.7,
200208,-0.9,-0.9,-1.0,-1.0,-0.8,-0.8,-0.5,0.6,-0.7,-1.0,-0.2,0.5,-0.1,0.4,0.8,2.0,-1.8,-1.9,-1.1,-2.8,-0.7,-2.0,-1.1,0.2,-0.3,-0.5,-0.1,-0.3,-0.9,-1.6,-2.3,-1.2,-6.8,1.4,-3.7,-7.8,-2.9,-2.5,-1.7,-2.7,0.7,-2.2,-3.1,-4.4,-3.0,-2.4,-3.1,-0.9,-1.4,0.2,-0.1,-2.0,-0.8,-3.8,-1.8,-0.4,0.0,-0.6,-0.3,1.1,1.0,1.7,1.4,-1.9,-13.8,-1.5,0.1,-0.9,0.2,0.0,-1.1,2.0,0.0,0.2,-2.5,0.8,-1.6,
200209,-0.7,-0.9,-0.9,-1.1,-0.7,-0.8,-0.2,2.1,-0.5,-1.1,-0.1,0.4,-0.1,1.0,1.6,3.6,1.9,2.2,-1.7,-1.6,-0.5,-1.8,-0.9,0.2,-0.3,-0.6,-0.1,-0.3,-0.9,-1.8,-2.9,-1.2,-6.8,1.1,-3.5,-7.7,-2.9,-2.0,-1.6,-2.3,0.7,-2.3,-3.3,-4.6,-3.2,-2.3,-3.0,-0.4,-1.3,0.8,-0.2,-2.0,-0.9,-4.1,-1.8,-0.5,-0.4,-0.7,-0.3,1.1,1.0,1.7,1.4,-1.8,-13.5,-1.4,0.1,-0.7,0.1,0.0,-1.2,2.1,0.0,0.2,-2.9,0.8,-1.6,
200210,-0.9,-0.9,-1.0,-1.0,-0.7,-0.8,-0.5,-0.9,-0.4,-0.9,1.2,2.1,0.5,1.2,-2.4,-3.3,-1.5,-1.5,-1.4,-1.1,-0.4,-2.0,-1.1,0.3,-0.3,-0.7,-0.3,-0.3,-1.0,-2.9,-5.0,-1.6,-6.6,0.8,-3.4,-7.3,-2.7,-2.1,-1.8,-2.0,0.6,-2.2,-3.1,-4.3,-3.1,-2.3,-3.2,-0.4,-0.9,0.7,-0.3,-0.3,-1.0,-3.8,1.2,-0.6,-0.1,-1.0,-0.3,1.1,1.0,1.7,1.4,-2.0,-13.4,-2.3,0.2,-0.7,0.1,0.0,-1.3,2.0,0.0,0.2,-3.6,0.8,-1.8,
200211,-0.4,-0.8,-0.3,-0.9,-0.6,-0.7,1.2,9.4,-0.3,-0.8,2.0,3.6,0.9,0.9,11.2,20.0,1.5,1.7,-2.5,-0.7,-0.1,-1.8,-1.1,0.3,-0.4,-0.6,-0.2,-0.3,-1.0,-2.7,-5.0,-1.6,-4.2,0.8,-3.3,-7.3,-2.4,-2.3,-1.6,-1.8,0.6,-2.2,-3.2,-4.9,-3.1,-2.6,-3.6,-0.1,-0.9,1.3,-0.4,-0.3,-0.9,-3.7,1.2,-0.4,-0.3,-0.5,-0.2,1.1,1.0,1.7,1.4,-1.5,-13.8,-1.4,0.1,-0.1,0.1,0.0,-1.3,2.1,0.0,0.2,-3.1,0.8,-1.3,
200212,-0.3,-0.7,-0.3,-0.8,-0.5,-0.6,1.2,9.6,-0.3,-0.6,0.8,2.1,1.0,0.6,10.4,19.0,7.1,7.7,-1.8,-0.7,-0.1,-2.0,-0.8,0.3,-0.4,-0.6,-0.2,-0.4,-1.0,-2.6,-5.0,-1.7,-0.9,0.8,-3.5,-8.0,-2.3,-2.3,-1.5,-1.7,0.6,-1.9,-2.4,-3.5,-2.4,-2.6,-3.5,-0.2,-0.5,1.2,-0.3,-0.4,-1.0,-3.8,1.2,-0.2,-0.3,-0.1,-0.1,1.1,1.0,1.7,1.4,-1.5,-13.9,-1.3,-0.1,-0.1,0.3,0.0,-1.7,3.4,0.0,0.2,-2.5,0.8,-1.5,
200301,-0.4,-0.8,-0.5,-0.9,-0.7,-0.7,0.6,5.7,-0.4,-0.5,-0.3,0.1,0.6,-0.4,7.5,13.0,2.5,2.7,-2.2,-0.3,-0.5,-2.0,-0.8,0.3,-0.3,-0.7,-0.2,-0.3,-1.1,-2.3,-5.1,-1.5,2.1,0.8,-3.5,-8.6,-2.7,-2.6,-1.3,-1.3,0.6,-2.1,-3.3,-3.2,-3.4,-2.7,-3.7,-0.3,-0.1,1.3,-0.2,-0.4,-0.9,-3.9,1.2,0.0,-0.3,0.1,-0.2,1.1,1.0,1.7,1.4,-1.7,-12.5,-1.5,0.0,-0.6,0.3,0.0,-1.4,3.4,0.0,0.2,-2.2,1.0,-1.7,
200302,-0.2,-0.7,-0.3,-0.7,-0.6,-0.6,1.0,9.3,-0.5,-0.2,0.5,1.9,0.5,-0.2,12.6,22.4,1.3,1.7,-2.1,-0.2,0.0,-2.4,-0.9,-0.4,-0.3,-0.8,-0.2,-0.4,-1.2,-2.2,-5.1,-1.6,4.2,0.8,-3.2,-8.0,-2.7,-2.8,-1.3,-0.6,0.5,-2.0,-2.7,-2.5,-2.8,-3.1,-4.2,-0.6,-0.4,1.4,-0.1,-0.3,-0.7,-3.9,1.2,0.1,-0.3,0.3,-0.1,1.1,1.0,1.7,1.4,-1.2,-12.6,-1.4,0.0,0.3,0.3,0.0,-1.2,2.8,0.0,0.2,-1.8,1.0,-1.2,
200303,-0.1,-0.6,-0.2,-0.7,-0.6,-0.5,0.9,9.8,-0.7,-0.4,-0.2,0.3,0.3,-0.5,13.8,25.1,3.1,3.5,-2.8,-0.6,-0.5,-2.8,-1.0,-0.4,-0.3,-0.7,-0.2,-0.4,-1.1,-2.0,-5.1,-1.2,6.2,0.9,-3.1,-7.7,-2.9,-2.3,-1.4,-0.3,0.5,-1.8,-2.5,-2.5,-2.5,-2.4,-3.4,-0.2,-1.1,0.6,-0.1,-0.3,-0.8,-3.8,1.2,0.5,0.0,1.0,-0.1,1.1,1.0,1.7,1.2,-1.2,-12.9,-1.4,0.2,0.3,0.3,0.0,-1.2,3.0,0.0,0.2,-0.8,0.9,-1.2,
200304,-0.1,-0.4,0.0,-0.4,-0.5,-0.4,0.6,6.4,-0.6,-0.7,-1.2,-1.3,0.6,-0.1,11.3,19.7,-1.6,-1.3,-2.5,-0.6,-0.4,-2.6,-1.1,-0.1,-0.2,-0.6,0.0,-0.4,-0.9,-0.4,-2.3,0.0,7.5,0.5,-2.9,-7.7,-3.0,-1.5,-1.3,0.0,0.3,-2.1,-2.8,-2.6,-2.8,-2.7,-3.9,0.0,-1.0,0.3,-0.3,5.2,-0.4,-3.3,11.2,0.5,-0.1,0.9,-0.1,0.4,0.9,0.2,-0.9,-1.9,-13.9,-2.5,0.1,-0.5,0.2,0.0,-1.4,3.2,0.0,-0.4,1.0,0.4,-1.8,
200305,-0.2,-0.4,-0.3,-0.4,-0.4,-0.3,-0.2,2.9,-0.7,-0.4,-3.6,-5.2,1.0,-0.9,5.2,9.3,5.2,5.7,-2.2,-0.7,-0.6,-3.1,-0.8,-0.6,0.0,-0.5,0.2,-0.1,-0.8,-0.4,-2.3,0.0,6.9,0.5,-2.9,-7.5,-2.8,-1.9,-1.2,-0.2,0.3,-1.8,-2.7,-2.6,-2.7,-1.8,-2.5,-0.4,-1.2,0.3,-0.4,5.3,-0.5,-2.6,11.2,0.0,-0.2,0.2,-0.1,0.4,0.9,0.2,-0.9,-1.6,-15.3,-1.6,0.1,-0.1,0.2,0.0,-1.5,3.6,0.0,-0.4,0.3,0.4,-1.5,
200306,-0.4,-0.4,-0.5,-0.6,-0.4,-0.3,-0.5,0.4,-0.8,-0.3,-2.9,-4.1,0.7,-0.6,1.3,2.7,3.3,3.6,-2.8,-0.8,-0.4,-2.7,-0.8,-0.5,0.1,-0.4,0.2,-0.2,-0.8,-0.5,-2.3,0.1,6.1,0.5,-2.9,-7.2,-3.7,-2.2,-1.2,0.4,0.3,-1.8,-2.6,-2.4,-2.6,-2.1,-3.0,-0.2,-1.5,0.4,-0.2,5.2,-0.5,-2.5,11.1,-0.2,0.0,-0.3,-0.1,0.4,0.9,-1.5,-0.9,-1.7,-15.7,-2.0,0.0,-0.2,0.2,0.0,-1.6,3.4,0.0,-0.4,-0.2,0.4,-1.7,
200307,-0.2,-0.2,-0.3,-0.3,-0.2,0.0,-0.6,-0.9,-0.6,-0.4,-2.1,-2.9,0.8,-0.7,-0.5,-0.3,1.1,1.3,-2.1,-0.4,-0.7,-2.4,-0.5,-0.3,0.0,-0.4,0.2,-0.3,-0.8,-0.2,-1.7,0.6,5.5,0.5,-2.5,-7.1,-3.5,-2.7,-1.4,2.2,0.3,-2.0,-2.5,-2.4,-2.4,-2.4,-3.4,-0.3,-1.3,-0.2,-0.2,5.4,-0.6,-1.8,11.1,0.1,0.5,-0.2,0.3,0.4,0.9,-1.5,-0.9,-1.2,-15.4,-2.0,0.4,0.5,1.4,0.0,-1.7,3.2,8.2,-0.4,0.2,0.4,-1.0,
200308,-0.3,-0.1,-0.4,-0.3,-0.1,-0.1,-1.0,-3.6,-0.4,-0.3,-3.2,-4.6,1.5,-1.1,-2.2,-2.8,-2.9,-2.8,-2.3,-0.4,-0.4,-2.7,-0.6,0.2,0.1,-0.6,0.1,-0.2,-0.9,-0.1,-1.7,0.6,5.8,0.5,-2.6,-7.0,-4.0,-2.5,-1.5,1.8,0.3,-2.2,-2.9,-2.8,-2.9,-2.6,-3.6,-0.2,-1.0,0.1,-0.3,5.3,-0.7,-1.9,11.1,0.0,0.5,-0.2,-0.1,0.4,0.9,-1.5,-0.8,-1.3,-14.1,-3.0,0.4,0.6,1.6,0.1,-1.5,4.1,8.2,-0.4,0.4,0.4,-1.1,
200309,-0.2,-0.1,-0.2,-0.1,-0.2,-0.1,-0.5,-1.2,-0.4,0.3,-2.9,-4.4,1.3,-1.6,0.7,1.5,-0.9,-0.9,-2.5,-0.4,-0.7,-2.9,-0.7,0.2,0.0,-0.5,0.1,-0.3,-0.9,0.1,-1.0,0.6,5.9,0.5,-2.6,-6.7,-3.7,-2.4,-1.7,1.7,0.3,-1.4,-1.9,-1.5,-2.0,-2.0,-2.9,-0.2,-0.7,0.5,-0.3,5.4,-0.6,-1.8,11.1,0.0,0.1,0.0,-0.1,0.4,0.9,-1.5,-0.8,-1.3,-14.1,-2.3,0.3,0.5,1.8,0.1,-1.6,5.3,8.2,-0.4,0.8,0.4,-1.1,
200310,0.0,0.1,-0.1,0.0,0.0,-0.1,-0.3,-1.8,0.0,4.7,-3.2,-4.5,0.6,-1.8,-1.0,-1.2,1.3,1.4,-1.7,0.3,-0.8,-2.4,-0.7,0.2,-0.1,-0.4,0.1,-0.2,-0.8,0.8,0.3,0.8,5.2,0.5,-2.9,-8.0,-4.1,-2.6,-1.4,1.8,0.3,-1.6,-2.2,-1.4,-2.2,-1.9,-2.6,-0.2,-0.9,-0.3,-0.3,3.6,-0.4,-2.1,7.8,-0.1,0.5,-0.2,-0.2,0.4,0.9,-1.5,-0.8,-0.6,-13.3,0.0,0.1,0.4,1.7,0.1,-1.7,5.3,8.2,-0.4,1.2,0.4,-0.6,
200311,-0.5,-0.1,-0.6,-0.1,-0.2,-0.2,-1.4,-9.6,0.2,7.1,-2.7,-3.9,0.7,-1.7,-12.3,-19.1,-1.1,-0.9,-2.4,0.2,-1.0,-2.7,-0.7,0.2,0.0,-0.5,0.1,-0.2,-0.8,0.7,0.3,0.8,3.6,0.5,-2.9,-8.2,-4.3,-1.6,-1.6,1.8,0.3,-1.5,-2.1,-1.1,-2.1,-1.3,-1.9,-0.2,-0.9,-0.8,-0.1,3.6,-0.5,-2.2,7.8,-0.2,0.5,-0.6,-0.2,0.4,0.9,-1.5,-0.8,-1.7,-12.8,-3.0,0.3,-0.3,1.8,0.1,-1.6,5.5,8.2,-0.4,0.9,0.4,-1.5,
200312,-0.4,0.0,-0.4,-0.1,-0.1,-0.3,-0.8,-6.6,0.4,8.3,-1.6,-2.3,0.7,-2.4,-7.4,-11.6,-4.8,-5.0,-1.6,0.4,-1.2,-2.3,-1.0,0.2,-0.1,-0.5,0.0,-0.2,-0.8,0.7,0.3,0.9,2.0,0.6,-3.0,-8.0,-4.4,-1.6,-1.8,1.3,0.3,-1.3,-2.3,-0.8,-2.4,-0.7,-1.2,0.1,-0.9,-0.7,-0.3,3.6,-0.5,-2.1,7.8,-0.3,0.6,-0.6,-0.3,0.4,0.9,-1.5,-0.8,-1.7,-12.6,-2.2,0.3,-0.7,1.7,0.1,-1.1,4.3,8.2,-0.4,0.7,0.4,-1.4,
200401,-0.3,-0.1,-0.3,-0.1,-0.1,-0.4,-0.1,-3.2,0.5,10.0,-2.1,-2.3,1.0,-2.1,-3.3,-4.8,-1.5,-1.6,-1.4,0.1,-0.9,-2.4,-1.0,0.2,-0.2,-0.5,-0.1,-0.3,-0.7,0.4,0.3,0.8,-0.3,0.6,-3.1,-7.8,-4.2,-2.2,-1.8,1.1,0.3,-1.5,-2.2,-1.6,-2.2,-1.3,-1.9,-0.2,-1.3,-1.0,-0.3,3.6,-0.5,-2.3,7.8,-0.6,0.9,-1.3,-0.3,0.4,0.9,-1.5,-0.8,-1.8,-13.4,-2.6,0.5,-0.8,1.5,0.1,-1.7,4.1,8.2,-0.4,0.4,0.3,-1.4,
200402,0.0,0.0,0.0,-0.1,0.0,-0.4,0.8,0.4,0.9,10.2,-2.1,-3.0,2.2,-2.1,-0.1,0.2,5.8,6.0,-1.6,0.1,-0.7,-2.3,-1.1,0.6,-0.1,-0.4,0.0,-0.2,-0.6,0.3,0.3,0.7,-1.4,0.6,-3.3,-8.3,-4.2,-1.6,-1.8,0.2,0.3,-1.1,-1.9,-0.8,-2.0,-0.2,-0.6,0.4,-0.7,-0.9,-0.2,3.7,-0.5,-2.0,7.8,-0.9,0.3,-1.6,-0.3,0.4,0.9,-1.5,-0.8,-1.7,-12.5,-2.4,0.5,-0.8,1.6,0.1,-1.5,4.5,8.2,-0.4,0.2,0.3,-1.5,
200403,-0.1,-0.1,-0.1,-0.1,-0.1,-0.4,0.7,-0.8,0.9,9.2,-2.3,-2.8,3.0,-1.8,-1.0,-1.6,3.6,3.8,-1.3,0.3,-0.4,-2.3,-0.9,0.7,-0.1,-0.5,0.0,-0.2,-0.7,0.3,0.3,0.7,-2.7,0.5,-3.1,-8.5,-3.5,-2.0,-1.0,0.0,0.3,-0.8,-1.8,0.2,-1.9,0.2,0.1,0.2,0.0,-0.3,-0.1,3.6,-0.5,-2.5,7.8,-1.2,0.6,-2.2,-0.4,0.4,0.9,-1.5,-1.1,-1.7,-12.1,-2.6,0.4,-0.7,1.3,0.1,-1.2,2.5,8.2,-0.4,-0.5,0.3,-1.4,
200404,-0.4,-0.2,-0.6,-0.3,-0.1,-0.6,0.0,-4.8,0.9,8.0,-2.0,-2.4,2.8,-1.5,-5.5,-8.4,-1.9,-2.0,-1.3,0.2,-0.5,-2.4,-0.8,1.4,-0.1,-0.5,-0.1,-0.3,-0.6,-0.5,-0.5,-0.5,-3.3,0.5,-3.5,-9.1,-3.6,-2.9,-1.2,-0.2,0.5,-0.7,-1.2,0.2,-1.3,-0.3,-0.4,-0.3,-0.3,-0.5,0.4,-1.3,-0.9,-2.3,-1.3,-1.2,0.1,-1.9,-0.4,0.7,0.6,0.0,1.0,-1.1,-11.7,-1.3,0.7,-0.4,1.4,0.2,-1.2,2.1,8.2,0.1,-0.8,0.6,-1.1,
200405,-0.5,-0.3,-0.5,-0.3,-0.3,-0.6,0.0,-4.7,0.9,6.8,0.5,1.7,3.0,-0.3,-6.9,-10.8,-4.3,-4.4,-1.5,0.7,-0.5,-2.9,-1.2,1.3,-0.2,-0.5,-0.2,-0.5,-0.6,-0.5,-0.5,-0.6,-3.0,0.5,-3.5,-9.3,-4.3,-2.0,-1.2,-0.5,0.6,-0.5,-1.3,0.6,-1.5,0.3,0.3,0.1,-0.2,-0.3,0.5,-1.2,-0.7,-2.0,-1.3,-0.9,0.2,-1.6,-0.4,0.8,0.7,0.0,1.0,-1.4,-11.7,-2.8,0.7,-0.2,1.1,0.2,-1.2,0.8,8.2,0.1,-0.5,0.6,-1.3,
200406,0.0,-0.1,0.0,-0.1,-0.2,-0.7,1.0,1.5,1.0,6.2,-0.7,-0.4,2.7,0.5,2.6,4.4,-0.2,-0.1,-1.5,0.6,0.0,-2.4,-1.0,1.3,-0.3,-0.6,-0.3,-0.4,-0.6,-0.2,-0.5,-0.6,0.0,0.6,-3.5,-9.2,-4.0,-1.5,-1.5,-0.7,0.6,-0.5,-1.1,0.0,-1.2,0.3,0.4,0.2,-0.3,-0.4,0.4,-1.2,-0.6,-2.0,-1.2,0.0,0.3,0.0,-0.4,0.8,0.7,0.0,1.0,-1.4,-11.8,-1.9,0.7,-0.6,1.2,0.3,-0.9,0.7,8.2,0.1,1.3,0.7,-1.2,
200407,-0.1,-0.2,-0.2,-0.2,-0.4,-0.8,0.8,0.7,0.9,5.8,-0.8,-0.7,2.9,1.0,-1.0,-1.2,5.7,6.1,-1.7,0.4,0.3,-2.2,-0.8,1.0,-0.3,-0.6,-0.3,-0.4,-0.7,-0.2,-0.5,-0.8,1.0,0.6,-3.9,-9.2,-4.0,-1.4,-1.3,-2.7,0.6,-0.7,-1.6,0.1,-1.7,0.3,0.5,0.2,-0.7,-0.1,0.3,-1.3,-0.6,-2.2,-1.2,0.1,0.3,0.4,-0.5,0.8,0.7,0.0,1.0,-1.5,-12.2,-1.9,0.3,-0.5,-0.1,0.2,-0.9,0.7,0.0,0.1,1.7,0.7,-1.2,
200408,-0.2,-0.2,-0.2,-0.1,-0.4,-0.7,0.5,-1.7,0.9,5.5,-1.7,-2.2,3.3,0.8,-3.3,-5.0,4.2,4.5,-2.1,0.6,0.2,-2.4,-0.8,1.0,-0.4,-0.4,-0.3,-0.5,-0.5,-0.1,-0.5,-0.8,1.4,0.6,-3.7,-9.1,-3.2,-1.9,-1.1,-2.4,0.6,0.0,-0.5,0.6,-0.6,0.7,1.1,0.0,-0.4,-0.2,0.3,-1.2,-0.5,-2.0,-1.2,0.2,-0.5,0.8,-0.5,0.8,0.7,0.0,1.0,-1.4,-12.5,-1.6,0.4,-0.6,-0.3,0.1,-1.2,-0.2,0.0,0.1,1.8,0.7,-1.3,
200409,0.0,0.0,0.1,0.0,-0.3,-0.7,0.6,0.2,0.7,3.3,-1.2,-1.1,3.0,1.3,1.1,2.0,-1.3,-1.2,-0.5,0.6,0.2,-1.9,-0.9,1.0,-0.4,-0.5,-0.3,-0.4,-0.5,0.3,-0.5,-0.8,7.6,0.8,-3.6,-8.8,-3.7,-1.8,-0.7,-2.7,0.6,0.2,0.0,0.3,0.1,1.0,1.5,0.2,-0.9,-0.3,0.2,-1.2,-0.5,-1.7,-1.2,1.0,0.4,1.8,-0.5,0.8,0.7,0.0,1.0,-1.3,-12.7,-1.6,0.4,-0.4,-0.4,0.1,-0.7,-1.3,0.0,0.1,3.5,0.7,-1.1,
200410,0.5,-0.1,0.6,-0.1,-0.4,-0.5,2.3,13.6,0.1,-3.2,-0.3,-0.1,3.8,1.5,18.2,29.9,7.0,7.5,-1.4,0.4,0.4,-2.5,-0.8,0.8,-0.2,-0.6,-0.2,-0.5,-0.6,0.2,-1.2,-0.5,10.3,0.8,-3.0,-7.2,-3.5,-1.2,-0.5,-2.7,0.6,0.7,1.2,0.4,1.2,1.7,2.2,0.3,-1.4,-0.4,0.4,-1.1,-0.4,-1.8,-1.2,1.0,0.0,2.0,-0.4,0.8,0.7,0.0,1.0,-1.3,-12.1,-2.0,0.5,-0.1,-0.2,0.2,-0.5,-1.0,0.0,0.2,3.5,0.7,-1.1,
200411,0.8,-0.2,0.9,-0.2,-0.5,-0.7,3.5,23.1,-0.1,-6.3,-0.7,-1.2,3.9,2.4,31.9,54.7,12.3,12.9,0.1,0.1,0.2,-2.6,-0.8,0.8,-0.2,-0.5,-0.2,-0.4,-0.5,0.6,-1.2,-0.3,15.9,0.8,-3.0,-6.6,-3.3,-1.5,-0.6,-3.3,0.6,1.1,1.6,0.7,1.7,2.0,2.9,0.0,-1.3,-0.4,0.3,-1.0,-0.4,-1.4,-1.2,0.2,-0.1,2.3,-4.9,0.8,0.7,0.0,1.0,-0.9,-12.1,0.0,0.3,-0.3,-0.3,0.2,-0.5,-1.0,0.0,0.2,4.2,0.7,-0.9,
200412,0.2,-0.2,0.3,-0.2,-0.5,-0.7,1.3,9.3,-0.2,-7.9,-1.3,-2.4,3.8,5.1,9.4,15.8,17.1,18.1,-0.4,0.0,0.4,-2.1,-0.7,0.8,-0.2,-0.5,-0.2,-0.4,-0.6,0.7,-1.2,0.0,18.2,0.7,-3.0,-6.2,-3.6,-2.3,-0.7,-3.3,0.6,0.8,1.6,0.4,1.8,1.3,1.8,0.0,-1.4,-0.7,0.4,-1.0,-0.4,-1.3,-1.2,0.2,0.4,1.9,-4.8,0.8,0.7,0.0,1.0,-1.1,-12.7,-1.2,0.6,-0.2,-0.1,0.2,-1.0,0.2,0.0,0.2,4.1,0.7,-0.9,
200501,-0.1,-0.3,0.0,-0.3,-0.6,-0.6,0.5,4.6,-0.4,-9.6,0.2,-0.5,3.5,4.3,2.7,4.3,12.7,13.4,-1.2,0.4,0.3,-2.5,-0.4,0.8,-0.1,-0.4,-0.1,-0.4,-0.6,0.4,-2.0,0.1,17.5,0.5,-2.9,-5.6,-4.1,-2.2,-0.7,-3.4,0.6,1.1,2.6,0.3,2.8,1.7,2.4,0.3,-1.0,-3.4,0.4,-1.0,-0.4,-1.2,-1.2,-0.2,0.0,2.4,-7.5,0.8,0.7,0.0,1.0,-1.1,-12.2,-0.7,0.5,-0.3,0.0,0.2,-0.5,0.3,0.0,0.2,3.5,0.6,-0.9,
200502,-0.3,-0.4,-0.3,-0.4,-0.7,-0.6,-0.1,2.0,-0.6,-9.8,0.6,0.4,2.4,5.9,1.0,1.6,4.6,5.0,-0.6,0.1,0.1,-2.3,-0.1,0.5,-0.3,-0.5,-0.2,-0.4,-0.5,0.4,-2.0,0.2,17.8,0.5,-2.7,-5.3,-3.9,-2.2,-0.7,-3.1,0.6,0.9,2.7,0.4,3.1,1.3,1.8,0.3,-1.5,-4.4,0.3,-1.0,-0.3,-1.3,-1.2,-0.2,0.0,2.4,-7.5,0.8,0.7,0.0,1.0,-1.1,-12.9,-1.5,0.2,0.0,-0.1,0.2,-0.6,-0.1,0.0,0.2,3.2,0.6,-1.0,
200503,-0.2,-0.3,-0.1,-0.3,-0.6,-0.6,0.1,3.5,-0.5,-9.3,0.0,-0.7,1.8,6.7,2.9,4.9,7.3,7.7,-0.5,0.2,0.1,-2.0,0.1,0.3,-0.3,-0.4,-0.3,-0.5,-0.4,0.4,-2.0,0.2,18.1,0.5,-2.8,-4.8,-3.5,-2.1,-1.2,-3.5,0.6,0.9,2.2,-0.1,2.4,1.1,1.4,0.7,-2.5,-1.5,0.4,-1.0,-0.2,-1.1,-1.2,0.0,0.5,2.4,-7.5,0.8,0.7,0.0,1.2,-1.0,-12.8,-0.9,0.3,-0.1,-0.1,0.2,-0.9,0.3,0.0,0.2,3.2,0.7,-0.8,
200504,0.0,-0.2,0.1,-0.2,-0.6,-0.5,0.1,4.1,-0.5,-8.4,-0.5,-1.4,2.1,5.9,3.6,5.7,9.9,10.4,-0.6,0.1,0.1,-1.9,0.0,-0.2,-0.3,-0.4,-0.3,-0.3,-0.6,0.7,-3.1,0.9,26.7,0.5,-2.4,-4.2,-3.4,-1.1,-1.0,-3.5,0.4,0.7,1.8,0.3,2.0,1.0,1.3,1.0,-2.0,-1.3,0.1,-0.1,0.0,-1.1,0.3,0.6,0.2,3.8,-7.5,0.7,0.8,-0.1,0.6,-1.1,-12.9,-1.0,0.0,0.0,0.0,0.2,-0.7,0.4,0.0,0.4,4.3,0.5,-0.8,
200505,0.2,0.0,0.2,0.0,-0.4,-0.4,0.2,3.8,-0.5,-7.6,-1.3,-3.1,1.7,4.7,4.2,7.3,8.7,9.2,-0.6,-0.1,0.4,-0.8,0.0,-0.1,-0.2,-0.4,-0.2,-0.3,-0.5,0.8,-3.1,1.0,28.2,0.6,-2.2,-3.7,-2.8,-1.6,-0.9,-2.8,0.3,0.8,2.0,0.2,2.1,1.2,1.4,0.9,-1.6,-1.4,0.2,-0.2,-0.2,-1.4,0.3,0.8,0.2,4.1,-7.5,0.7,0.7,-0.1,0.6,-0.4,-12.3,-0.1,0.1,0.5,0.2,0.2,-0.8,1.4,0.0,0.4,4.6,0.6,-0.3,
200506,-0.5,-0.2,-0.6,-0.2,-0.5,-0.4,-1.5,-6.8,-0.5,-7.3,-2.0,-3.8,2.1,3.0,-8.5,-13.6,-0.2,-0.2,-0.3,0.2,0.3,-1.5,0.0,-0.1,-0.1,-0.3,0.0,-0.3,-0.4,0.6,-3.1,1.1,24.7,0.5,-2.3,-4.0,-2.7,-1.8,-0.8,-3.2,0.4,0.8,1.8,0.6,1.9,1.1,1.1,1.1,-1.7,-1.4,0.2,-0.2,-0.3,-1.6,0.3,-0.1,-0.2,2.6,-7.5,0.7,0.7,-0.1,0.6,-0.8,-12.6,-0.9,0.3,0.2,0.3,0.1,-0.7,1.7,0.0,0.4,2.8,0.5,-0.8,
200507,-0.3,-0.2,-0.3,-0.2,-0.4,-0.4,-0.7,-2.2,-0.4,-6.6,0.2,-0.3,2.4,1.3,-0.9,-1.7,-5.6,-5.7,-0.5,0.2,0.4,-1.7,-0.1,-0.1,-0.1,-0.4,0.0,-0.4,-0.4,0.5,-3.4,0.7,25.7,0.5,-2.3,-4.2,-2.8,-2.3,-0.8,-2.9,0.4,0.9,1.8,0.0,1.9,1.2,1.1,1.2,-1.5,-1.0,0.3,-0.3,-0.4,-1.8,0.3,0.0,-0.6,2.8,-7.4,0.7,0.7,-0.1,0.6,-0.8,-11.9,-0.3,0.3,-0.2,0.3,0.2,-0.5,1.7,0.0,0.4,3.0,0.5,-0.9,
200508,-0.3,-0.1,-0.4,-0.2,-0.4,-0.5,-1.1,-4.0,-0.5,-6.2,-1.8,-3.4,1.5,0.6,-2.8,-4.7,-4.2,-4.3,0.1,0.1,0.5,-1.2,-0.2,-0.1,0.0,-0.4,0.1,-0.3,-0.4,0.6,-3.4,0.7,28.8,0.5,-2.4,-3.9,-3.1,-2.1,-1.1,-3.1,0.4,1.0,1.8,-1.1,2.2,1.6,1.8,1.2,-1.7,-1.0,0.4,-0.2,-0.4,-1.8,0.2,0.2,-0.9,3.5,-7.4,0.7,0.7,-0.1,0.6,-0.9,-11.9,-0.8,0.7,-0.3,0.3,0.3,-0.8,2.1,0.0,0.4,3.9,0.5,-1.0,
200509,-0.3,-0.1,-0.5,-0.2,-0.3,-0.3,-1.2,-5.3,-0.4,-5.1,-1.4,-3.4,1.7,-0.5,-5.3,-8.1,-2.5,-2.6,-0.9,-0.2,1.0,-1.4,-0.1,-0.1,0.3,-0.3,0.3,-0.3,-0.3,0.5,-3.4,0.7,25.3,0.3,-2.2,-3.7,-2.5,-2.2,-0.9,-2.8,0.4,0.3,0.6,0.0,0.6,1.0,0.8,1.3,-1.5,-1.1,0.5,-0.3,-0.4,-1.9,0.2,0.2,0.2,2.9,-7.4,0.7,0.7,-0.1,0.6,-0.9,-11.5,-0.6,0.6,-0.3,0.2,0.3,-1.2,2.2,0.0,0.4,3.0,0.5,-0.6,
200510,-0.7,0.0,-0.9,-0.1,-0.3,-0.4,-2.8,-14.2,-0.2,-3.5,-2.1,-4.1,1.3,-0.3,-16.2,-23.9,-8.5,-9.0,-0.7,-0.2,0.9,-1.9,-0.1,0.1,0.2,-0.2,0.3,-0.3,-0.2,1.6,-1.3,1.0,25.6,0.5,-2.1,-3.4,-1.8,-1.9,-1.2,-2.9,0.5,0.2,0.2,-0.4,0.2,0.8,0.7,1.1,-1.0,-0.5,0.5,-0.3,-0.7,-1.1,0.2,0.2,0.2,2.9,-7.4,0.7,0.7,-0.1,0.6,-1.2,-12.9,-1.7,0.7,-0.4,0.7,0.3,-1.4,1.8,0.0,5.1,4.2,0.5,-1.0,
200511,-0.8,0.1,-1.0,0.0,-0.2,-0.1,-3.4,-16.8,-0.4,-2.8,-0.6,-1.5,0.8,-1.6,-20.1,-29.1,-11.6,-12.0,-1.6,0.0,1.1,-1.6,-0.2,0.1,0.2,-0.2,0.4,-0.2,-0.2,1.5,-1.3,1.3,22.0,0.5,-2.0,-3.8,-2.1,-1.4,-0.9,-2.3,0.5,0.2,0.3,-0.3,0.3,0.7,0.6,1.2,-1.0,-0.4,0.5,-0.3,-0.7,-1.2,0.3,0.8,0.2,2.4,-3.3,0.7,0.7,-0.1,0.6,-1.0,-12.7,-1.1,0.7,-0.2,0.8,0.3,-1.3,1.8,0.0,5.1,3.6,0.5,-0.8,
200512,-0.1,0.1,-0.4,0.1,-0.2,0.0,-1.6,-7.5,-0.4,-2.6,0.7,0.5,1.1,-4.0,-5.7,-8.5,-16.3,-17.1,-1.8,0.2,1.2,-2.6,-0.2,0.1,0.3,-0.2,0.5,-0.2,-0.2,1.6,-1.3,1.8,21.1,0.6,-1.9,-3.4,-1.9,-1.5,-0.7,-2.4,0.5,0.6,0.9,-0.2,0.9,1.2,1.2,1.0,-0.7,-0.2,0.5,-0.3,-0.6,-1.7,0.3,0.8,0.3,2.5,-3.3,0.7,0.7,-0.1,0.6,-0.7,-12.1,0.1,0.5,-0.2,0.9,0.3,-1.2,2.5,0.0,5.1,3.6,0.5,-0.4,
200601,-0.1,-0.1,-0.1,-0.1,-0.6,-0.7,0.0,1.9,-0.4,-2.1,-1.2,-2.5,0.2,-2.9,6.9,11.4,-7.9,-8.2,-0.7,-0.1,0.6,-2.3,-0.6,0.2,0.1,-0.1,0.2,-0.1,-0.2,3.7,1.4,2.9,31.3,0.7,-2.6,-5.4,-2.4,-1.0,-0.3,-2.4,0.2,0.5,0.7,-0.4,1.0,1.0,1.2,1.0,-0.8,-0.8,0.6,-0.4,-0.6,-1.7,0.0,0.2,-0.2,2.7,-4.4,0.6,0.8,-0.1,0.1,-2.4,-20.8,-0.9,0.6,0.3,0.3,0.3,-1.3,1.6,0.0,1.0,5.9,0.6,-2.2,-3.5
200602,-0.1,0.0,-0.1,0.0,-0.6,-0.5,-0.9,-2.5,-0.5,-1.9,-0.6,-1.3,0.3,-4.2,-1.2,-1.4,-5.5,-5.7,-1.5,0.0,0.6,-2.4,-0.9,0.1,0.2,-0.2,0.2,-0.2,-0.1,4.3,1.4,3.6,37.8,0.7,-2.7,-5.5,-2.5,-1.3,-0.6,-2.1,0.2,1.3,2.3,-0.7,2.6,0.8,0.5,1.2,-0.6,0.4,0.7,-0.4,-0.6,-1.4,0.0,0.5,-0.2,3.2,-4.5,0.7,0.8,-0.1,0.2,-2.2,-20.5,0.1,0.5,0.1,0.4,0.3,-0.9,2.1,0.0,1.0,7.1,0.6,-2.1,-3.5
200603,-0.2,0.1,-0.3,0.0,-0.6,-0.5,-1.4,-4.8,-0.6,-1.8,-0.2,-0.9,0.4,-5.0,-4.1,-6.1,-8.1,-8.5,-1.5,-0.3,0.5,-2.2,-0.9,0.2,0.0,-0.1,0.0,-0.1,-0.1,4.3,1.4,3.9,36.3,0.7,-2.5,-5.4,-2.7,-0.9,-0.3,-1.8,0.2,0.8,1.1,-0.5,1.3,0.8,1.0,0.7,0.3,-0.6,0.9,-0.4,-0.7,-1.4,0.0,0.6,-0.1,3.4,-4.5,0.7,0.8,0.6,0.2,-1.9,-19.6,0.3,0.6,0.4,0.3,0.3,-1.2,2.3,0.0,1.0,7.3,0.6,-1.7,-3.4
200604,-0.1,-0.1,-0.1,-0.1,-0.6,-0.6,-0.5,-0.7,-0.4,-1.5,2.0,2.2,0.6,-4.1,-0.2,0.1,-6.3,-6.9,-1.9,-0.1,0.8,-2.7,-0.8,0.3,0.0,-0.2,0.0,-0.2,-0.1,3.9,1.2,4.9,25.6,0.9,-2.4,-5.5,-1.9,-0.9,-0.5,-1.5,0.3,0.8,1.2,-1.2,1.5,0.6,0.7,0.5,0.1,-1.0,1.1,-1.2,-0.7,-1.4,-1.4,-0.2,-0.2,1.7,-4.6,0.7,0.7,0.3,0.8,-1.7,-19.0,0.3,0.6,0.7,0.3,0.1,-1.2,3.2,0.0,0.5,5.3,0.6,-1.5,-3.4
200605,0.1,0.0,0.1,-0.1,-0.6,-0.5,0.0,2.3,-0.4,-1.8,1.8,2.3,0.8,-3.4,3.3,5.6,-2.5,-2.5,-1.6,-0.2,0.2,-3.1,-1.0,0.5,0.1,-0.1,0.1,0.0,-0.2,4.1,1.2,5.0,26.7,0.9,-2.6,-5.6,-2.4,-1.1,-0.4,-2.0,0.3,0.6,0.8,-1.3,1.0,0.6,0.7,0.3,0.2,-0.9,1.2,-1.4,-1.5,-1.3,-1.4,0.2,-0.3,2.5,-4.2,0.6,0.7,0.3,0.8,-1.3,-18.1,0.6,0.5,0.9,0.4,0.1,-1.1,4.0,0.0,0.5,6.4,0.7,-1.2,-3.1
200606,0.5,0.2,0.6,0.1,-0.4,-0.4,1.3,10.3,-0.3,-1.7,2.8,3.8,0.2,-2.6,11.0,19.5,6.1,6.3,-1.9,0.0,0.6,-2.2,-1.1,0.6,0.1,0.0,0.2,0.0,0.0,4.1,1.2,5.0,27.3,0.9,-2.1,-5.1,-2.2,-0.5,0.2,-1.3,0.2,0.9,1.1,-1.1,1.3,1.0,1.3,0.2,0.4,-1.0,1.3,-1.2,-0.7,-1.3,-1.4,0.5,-0.2,2.8,-3.9,0.6,0.7,0.3,0.8,-0.8,-17.6,1.3,0.6,1.3,0.5,0.0,-1.1,4.4,0.0,0.5,6.9,0.7,-0.8,-3.1
200607,0.3,0.2,0.5,0.2,-0.3,-0.3,0.6,4.8,-0.2,-1.9,2.0,2.0,0.4,-1.6,3.6,6.4,5.9,6.2,-1.2,0.0,0.5,-2.1,-1.2,0.6,0.1,0.0,0.1,0.0,0.0,4.0,0.6,6.0,25.5,0.9,-1.8,-4.4,-1.8,-0.2,0.5,-1.7,0.4,1.3,1.7,-0.9,2.0,1.4,2.1,0.3,1.2,-0.9,1.2,-1.0,-0.6,-0.5,-1.4,0.2,-0.1,2.5,-4.2,0.6,0.7,0.3,0.8,-1.5,-18.1,0.5,0.6,0.5,1.5,0.0,-1.0,4.5,9.1,0.5,6.4,0.7,-1.3,-3.1
200608,0.9,0.3,1.0,0.4,-0.3,-0.4,2.4,16.4,-0.2,-2.3,4.3,5.7,0.8,-1.1,18.3,31.2,9.3,9.8,-1.9,0.1,0.5,-2.1,-0.9,0.6,0.0,0.1,-0.1,0.1,0.0,4.2,0.6,6.1,26.6,0.9,-1.9,-5.0,-2.5,-0.7,0.9,-1.4,0.4,1.3,1.4,0.0,1.4,1.7,2.3,0.2,1.5,-0.7,1.2,-1.0,-0.5,-0.3,-1.4,0.7,0.0,3.3,-4.3,0.7,0.7,0.3,0.9,-1.3,-18.0,0.7,0.2,0.6,1.5,-0.1,-0.9,4.6,9.1,0.5,7.3,0.7,-1.3,-3.1
200609,0.6,0.2,0.8,0.2,-0.3,-0.5,1.6,10.1,0.0,-1.9,5.1,7.6,1.2,-0.2,6.5,10.7,11.6,12.3,-1.3,0.1,0.5,-2.3,-0.8,0.6,-0.2,0.0,-0.2,0.0,0.1,4.0,0.6,6.1,23.1,0.9,-2.0,-5.1,-2.2,-0.2,0.7,-1.2,0.4,0.5,0.9,-0.5,1.0,-0.2,-0.2,-0.1,1.2,-0.9,1.3,-0.9,-0.6,0.2,-1.4,0.4,-0.5,2.9,-4.0,0.7,0.7,0.3,0.9,-1.2,-18.1,0.5,0.2,0.9,1.5,-0.1,-1.0,4.7,9.1,0.5,6.6,0.7,-1.2,-3.1
200610,0.4,0.1,0.6,0.2,-0.3,-0.4,1.2,8.1,0.0,-1.5,4.6,6.7,1.4,-0.8,4.5,7.6,10.2,11.0,-1.5,0.1,0.5,-1.6,-0.9,0.7,-0.2,0.1,-0.2,0.0,0.2,2.9,-0.4,5.4,18.2,0.6,-1.9,-5.1,-2.7,-0.1,1.0,-1.1,0.4,0.9,1.1,-0.2,1.4,0.2,0.3,0.0,0.9,-0.2,1.3,0.2,0.4,-0.1,0.3,0.0,-0.6,2.0,-4.1,0.7,0.7,0.3,0.9,-1.3,-17.0,-0.4,0.3,0.8,1.3,-0.3,-0.5,4.8,9.1,-0.4,4.8,0.7,-1.3,-3.1
200611,0.3,0.2,0.4,0.3,-0.1,-0.2,0.7,3.0,0.2,-1.1,4.0,6.0,1.8,-0.2,-4.2,-6.6,14.7,15.7,-0.2,0.1,0.7,-1.3,-0.8,0.8,-0.2,0.1,-0.4,-0.1,0.2,2.3,-0.4,4.8,12.7,0.6,-1.5,-4.8,-3.0,-0.3,0.8,0.7,0.4,0.6,0.7,-0.3,0.7,0.1,0.3,-0.2,1.4,-0.1,1.3,0.1,-0.5,0.4,0.3,0.6,-0.5,1.1,-0.1,0.7,0.7,0.3,0.9,-1.4,-17.1,-1.0,0.3,0.9,1.4,-0.1,-0.6,5.6,9.1,-0.4,3.2,0.7,-1.3,-0.1
200612,0.3,0.1,0.4,0.2,-0.2,-0.3,0.8,4.5,0.2,-1.2,1.8,2.5,1.4,0.3,-2.7,-4.1,22.5,24.0,-0.4,-0.2,0.5,-1.2,-0.7,0.9,-0.3,0.1,-0.4,-0.1,0.3,1.9,-0.4,4.0,10.9,0.6,-1.2,-5.1,-2.8,0.5,1.1,1.2,0.4,0.5,0.5,-0.3,0.7,0.4,0.5,0.1,0.9,-0.1,1.4,0.5,0.7,1.0,0.3,0.3,-0.9,1.1,-0.4,0.7,0.7,0.3,0.9,-1.4,-18.6,-0.9,0.4,0.9,1.2,-0.3,-0.7,4.1,9.1,-0.4,2.9,0.7,-1.5,-0.1
200701,0.0,0.0,0.0,0.1,-0.1,-0.2,-0.2,-1.7,0.2,-0.8,2.9,4.2,2.2,0.6,-9.6,-14.7,15.2,16.1,-1.8,-0.1,0.9,-1.7,-1.2,0.8,-0.2,0.0,-0.4,-0.2,0.2,1.0,-0.8,3.4,3.0,0.5,-1.3,-5.6,-2.0,0.2,1.1,1.6,0.5,0.6,1.0,-0.4,1.1,0.0,0.0,-0.2,1.3,-0.5,1.3,-0.3,-1.9,0.8,0.3,0.4,-0.5,1.0,-0.3,0.7,0.7,0.3,1.3,-1.3,-18.5,-0.4,0.4,1.0,1.1,-0.6,-0.2,3.7,9.1,-0.4,1.8,0.7,-1.3,-0.1
200702,-0.2,-0.1,-0.1,-0.1,-0.1,-0.3,0.1,-1.0,0.2,-1.0,2.1,2.6,1.7,0.1,-6.8,-11.0,10.9,11.7,-0.6,0.2,0.7,-1.1,-1.1,0.8,-0.3,0.1,-0.3,-0.1,0.3,0.1,-0.8,2.8,-5.0,0.5,-1.3,-5.4,-1.9,0.0,1.3,1.6,0.5,0.3,-0.1,-0.1,-0.1,0.5,1.1,-0.2,2.0,-0.9,1.2,-0.3,-1.9,0.2,0.3,-0.4,-0.1,-0.2,-1.3,0.8,0.7,1.8,1.2,-1.1,-17.1,-0.5,0.3,1.1,1.1,-0.3,-0.9,3.7,9.1,-0.4,-0.1,0.7,-1.0,-0.9
200703,-0.1,-0.3,0.0,-0.2,-0.1,-0.4,0.8,3.6,0.2,-0.8,2.6,3.8,2.0,0.3,-1.2,-2.0,12.3,13.2,-0.3,0.5,0.6,-1.4,-1.4,0.8,-0.2,0.1,-0.2,-0.1,0.3,0.0,-0.8,2.5,-4.9,0.5,-1.7,-6.1,-2.7,-0.4,0.9,1.1,0.5,0.4,-0.1,-0.3,-0.1,0.6,1.0,-0.2,1.6,-0.5,1.2,0.0,-0.6,0.4,0.3,-1.1,-1.5,-0.4,-2.4,0.8,0.7,1.1,1.3,-1.3,-17.3,-1.0,0.3,0.9,1.2,-0.4,-0.2,3.4,9.1,-0.4,-0.5,0.7,-1.5,-1.7
200704,0.0,-0.1,0.0,-0.1,-0.1,-0.2,0.7,2.8,0.2,-0.5,2.0,2.8,1.6,-0.3,-0.4,-0.6,8.9,9.6,0.1,0.5,0.6,-1.1,-1.3,0.8,-0.2,0.0,-0.3,-0.1,0.2,0.1,0.2,1.2,-3.8,0.1,-1.5,-5.7,-3.0,-0.1,1.3,1.3,0.2,0.7,0.6,0.2,0.6,0.6,0.9,-0.1,1.4,-0.1,0.9,1.0,-0.4,0.3,1.9,-0.6,0.3,-0.1,-2.3,0.8,0.6,1.5,1.1,-1.4,-17.9,-1.5,0.3,0.9,1.2,-0.2,-0.5,2.3,9.1,0.2,0.0,0.7,-1.2,-1.7
200705,0.0,-0.1,0.0,0.0,-0.1,-0.3,0.3,0.9,0.2,-0.7,2.3,3.4,1.5,-0.7,-2.4,-3.6,4.4,4.6,0.1,0.4,0.8,-0.6,-1.1,0.5,-0.3,0.0,-0.3,-0.2,0.2,0.2,0.2,1.1,-2.0,0.1,-1.4,-6.0,-1.8,0.2,1.1,1.8,0.2,0.6,0.4,-0.2,0.4,1.0,1.2,0.2,1.4,0.0,0.8,1.2,0.4,0.6,2.0,-0.6,0.2,-0.2,-2.3,0.8,0.6,1.5,1.1,-1.4,-18.0,-1.6,0.4,1.0,1.2,-0.3,-0.1,1.9,9.1,0.2,0.1,0.6,-1.3,-1.7
200706,-0.2,-0.1,-0.2,-0.1,-0.2,-0.4,-0.3,-2.8,0.3,-0.7,0.9,1.2,2.1,-0.4,-6.0,-9.6,2.1,2.4,0.6,0.1,0.6,-0.9,-0.9,0.4,-0.3,-0.1,-0.3,-0.1,-0.1,0.3,0.2,1.1,-1.2,-0.1,-1.6,-6.2,-2.9,-0.3,1.1,1.6,0.2,0.4,0.3,-0.6,0.4,0.4,0.6,-0.4,1.4,0.0,0.6,1.0,-0.5,0.3,2.0,-0.2,0.3,0.6,-2.4,0.8,0.6,1.5,1.1,-2.0,-17.9,-2.3,0.2,0.1,1.0,-0.3,-0.8,1.7,9.1,0.1,0.9,0.6,-1.8,-1.7
200707,0.0,-0.1,-0.1,-0.1,-0.2,-0.5,0.3,0.8,0.3,-0.7,0.7,1.3,1.6,-0.5,-0.3,-0.4,1.9,2.2,1.4,0.3,0.8,-0.9,-1.0,0.5,-0.2,0.0,-0.2,-0.1,0.2,0.3,0.7,0.4,-0.2,-0.1,-1.9,-6.9,-2.7,-0.1,0.8,1.9,0.1,0.6,0.5,-0.4,0.5,0.6,1.0,-0.5,1.2,-0.1,0.8,0.7,-1.2,0.1,2.0,0.1,0.3,1.1,-2.3,0.8,0.6,1.5,1.0,-1.7,-17.1,-2.1,0.2,0.5,0.0,-0.5,-0.5,1.7,0.0,0.1,1.3,0.6,-1.5,-1.7
200708,-0.2,-0.1,-0.2,-0.1,-0.1,-0.2,-0.4,-3.6,0.3,-0.5,-0.6,-0.7,1.4,0.0,-5.7,-8.6,1.6,1.6,1.7,0.3,0.5,-0.7,-1.2,0.8,-0.1,-0.1,-0.1,-0.2,0.1,0.2,0.7,0.5,-1.6,-0.1,-1.8,-7.2,-1.8,-0.4,0.7,2.2,0.1,0.8,0.8,-0.2,1.0,0.6,1.2,-0.4,1.5,-0.1,0.8,0.8,-0.6,-0.5,2.0,-0.2,0.4,0.4,-2.2,0.7,0.6,1.5,0.9,-1.2,-16.3,-1.8,0.2,1.1,0.4,-0.3,-0.3,1.7,0.0,1.0,0.6,0.6,-0.9,-1.7
200709,-0.2,-0.1,-0.2,-0.1,-0.2,-0.3,0.1,-0.3,0.2,-0.5,-0.8,-1.2,2.0,-0.5,-1.4,-2.0,4.0,4.2,0.5,0.3,-0.1,-0.6,-1.1,0.7,0.0,-0.1,-0.1,-0.2,-0.1,0.2,0.7,0.6,-2.2,-0.1,-1.7,-6.7,-1.9,-1.1,0.6,1.7,0.1,0.6,-0.1,-0.6,0.0,1.5,2.3,-0.4,1.1,-0.3,0.9,0.4,-1.8,-1.3,2.1,-0.5,0.2,0.0,-2.3,0.7,0.6,1.5,0.9,-1.2,-15.7,-1.5,0.2,0.8,0.3,-0.4,-0.3,1.5,0.0,1.0,0.1,0.6,-1.0,-1.6
200710,0.3,0.1,0.2,0.1,-0.1,-0.3,0.9,3.6,0.3,-0.6,-0.3,-0.4,1.7,-0.8,2.4,4.1,8.0,8.3,1.7,0.6,0.4,-0.7,-1.1,0.7,0.0,-0.1,0.0,-0.1,0.1,1.0,1.4,1.3,0.4,-0.1,-1.5,-6.3,-1.2,-0.7,1.0,1.5,0.1,0.3,-0.2,-0.4,-0.3,1.1,1.7,-0.7,1.6,-0.8,1.0,-0.5,-1.9,-1.1,0.4,0.2,0.6,1.1,-2.2,0.7,0.6,1.5,0.9,-0.8,-14.5,-0.6,0.2,0.9,0.7,0.1,0.6,1.3,0.1,1.0,1.8,0.6,-0.6,-1.6
200711,0.6,0.4,0.6,0.5,0.0,-0.1,0.9,4.2,0.3,-0.6,-0.6,-1.0,2.3,-0.7,7.5,12.9,-0.8,-0.9,0.7,1.1,0.3,-1.0,-0.8,0.7,0.0,0.0,0.1,-0.1,0.1,2.2,1.4,2.0,11.9,-0.1,-1.6,-6.1,-1.3,-0.5,1.6,0.0,0.1,0.7,0.7,-0.4,0.7,0.9,1.4,-0.6,1.3,-1.0,1.1,-0.3,-0.5,-1.7,0.4,1.5,0.5,3.5,-2.2,0.7,0.6,1.5,0.9,-0.6,-14.8,-0.7,0.3,1.2,0.5,-0.3,0.7,0.5,0.1,1.0,5.4,0.6,-0.5,-1.6
200712,0.7,0.8,0.9,0.8,0.1,-0.1,0.9,2.4,0.7,1.3,0.0,-0.1,2.9,-1.6,7.2,12.1,-7.5,-8.0,1.5,1.5,0.5,-0.9,-1.1,0.7,0.1,0.0,0.0,-0.2,0.2,3.6,1.4,2.8,24.0,-0.1,-1.7,-5.5,-2.1,-1.1,1.4,0.0,0.1,0.6,0.4,-0.1,0.4,0.7,1.1,-0.5,1.8,-0.7,1.1,-0.4,-0.8,-2.0,0.4,2.6,0.9,5.3,-2.2,0.7,0.6,1.5,0.9,-0.8,-15.0,-0.9,0.0,1.0,0.5,0.0,0.9,0.5,0.1,1.0,8.3,0.6,-0.6,-1.6
200801,0.7,0.8,0.9,1.0,0.2,-0.1,0.5,-2.1,0.9,2.0,0.3,0.2,2.8,-0.5,0.4,0.7,-9.1,-9.5,1.8,1.7,0.9,-0.6,-0.6,0.6,0.0,0.0,0.0,-0.1,0.3,3.7,1.3,3.8,24.9,-0.1,-1.6,-4.9,-2.8,-1.4,1.7,-0.4,0.1,0.8,0.6,0.4,0.6,0.7,1.1,-0.5,2.6,-1.3,1.4,0.2,0.8,-1.7,0.4,2.6,1.3,5.1,-2.3,0.7,0.6,1.5,0.8,-0.5,-15.8,-0.9,-0.1,1.6,0.6,0.0,0.7,0.7,0.1,1.0,8.3,0.7,-0.4,-1.6
200802,1.0,1.0,1.1,1.2,0.3,-0.1,1.2,1.4,1.2,3.5,0.6,0.8,3.6,-0.4,6.0,9.7,-9.2,-9.9,1.5,1.3,1.3,-1.0,-0.5,0.9,0.0,0.0,-0.1,-0.1,0.1,4.0,1.3,4.2,28.0,-0.1,-1.3,-4.4,-2.3,-0.9,1.7,-0.8,0.1,0.6,0.8,0.0,0.9,0.1,0.3,-0.4,2.2,-1.3,1.4,0.1,0.7,-1.6,0.4,3.0,0.8,5.7,-1.2,0.7,0.6,0.0,1.0,-0.8,-16.5,-0.9,0.1,1.2,0.5,-0.1,0.7,0.9,0.1,1.0,9.2,0.8,-0.7,-0.8
200803,1.2,1.2,1.3,1.4,0.4,0.1,1.6,0.6,1.8,4.0,0.4,-0.2,3.7,1.3,6.1,9.3,-11.0,-11.6,2.4,1.7,2.1,-0.5,0.7,1.1,0.1,0.1,0.0,-0.1,0.3,4.2,1.3,4.3,29.2,-0.1,-0.6,-3.2,-1.8,-0.5,1.9,0.8,0.1,0.4,0.3,0.0,0.4,0.3,0.5,-0.1,1.5,-0.6,1.4,-0.2,-0.6,-1.4,0.4,3.5,1.0,6.0,-0.1,0.7,0.6,0.0,1.0,-0.7,-17.5,-0.8,0.1,1.4,0.5,0.0,0.3,0.9,0.1,1.0,9.5,0.8,-0.7,0.0
200804,0.8,0.9,1.0,1.1,0.5,-0.1,2.0,-0.3,2.5,4.7,0.3,-0.1,4.4,4.4,1.8,1.7,-4.4,-4.6,3.9,2.5,2.8,-0.3,1.1,1.4,0.1,0.4,0.1,0.0,0.8,5.5,3.5,5.7,28.5,0.2,-0.9,-3.6,-2.2,-1.2,1.7,0.8,0.4,0.5,0.2,0.1,0.2,0.7,1.1,-0.6,1.7,-1.0,1.9,-0.5,-0.8,-2.0,0.3,-0.3,0.9,-0.8,-0.1,0.7,0.7,0.0,0.5,-0.6,-17.3,0.0,0.5,1.2,0.4,0.0,0.7,1.2,0.1,0.5,5.2,0.8,-0.5,0.0
200805,1.3,1.5,1.5,1.7,0.7,-0.1,2.4,-1.0,3.0,5.4,0.4,-0.2,4.6,5.2,1.4,0.8,-4.8,-5.2,3.4,5.1,3.5,-0.5,1.7,1.7,0.1,0.3,0.0,0.0,0.6,5.5,3.5,5.6,27.6,0.2,-0.6,-3.3,-2.4,-0.5,1.9,1.0,0.4,0.4,0.4,0.2,0.4,-0.1,0.3,-0.8,1.4,-1.0,2.1,-0.5,-0.9,-2.3,0.2,2.9,1.1,4.9,-0.1,0.7,0.8,0.0,0.5,-0.8,-17.4,0.2,0.3,0.7,0.3,-0.1,0.1,1.3,0.1,0.5,10.5,0.9,-0.7,0.0
200806,2.0,1.9,2.3,2.3,0.9,0.1,3.6,3.6,3.5,7.7,2.7,3.3,4.8,5.5,6.8,9.5,-3.9,-4.1,4.9,6.4,3.6,-0.7,1.8,1.8,0.2,0.5,0.0,0.0,1.0,6.8,3.5,5.6,42.2,0.3,-0.4,-2.8,-1.2,-0.5,1.6,1.1,0.4,0.5,0.3,0.5,0.3,0.4,0.8,-0.5,1.5,-1.0,2.4,-0.5,-0.8,-2.1,0.2,4.3,1.2,7.0,0.4,0.7,0.8,0.0,0.5,-0.6,-18.2,0.3,0.4,1.2,0.6,0.1,0.4,2.3,0.1,0.6,13.7,0.9,-0.4,0.3
200807,2.3,2.4,2.8,2.8,1.0,0.2,3.5,1.8,3.8,8.0,3.4,3.7,5.3,6.4,2.2,1.5,-0.4,-0.6,3.6,7.5,3.7,-0.2,2.0,1.9,0.2,0.5,0.0,0.0,1.1,9.3,5.4,7.6,53.2,0.3,0.4,-2.4,-1.3,-0.4,2.1,3.3,0.3,0.3,0.3,0.3,0.3,-0.2,-0.2,-0.4,1.3,-0.8,2.4,-0.3,-0.1,-2.0,0.2,5.2,1.2,8.4,0.4,0.7,0.8,0.0,0.6,-0.3,-19.4,1.0,0.3,1.4,0.7,0.1,0.3,3.0,0.1,0.6,17.4,0.9,-0.2,0.3
200808,2.1,2.4,2.5,2.8,1.1,0.0,3.0,-2.9,4.1,8.1,5.0,4.9,5.3,6.7,-5.0,-10.1,-2.0,-2.0,5.2,7.2,4.4,-0.5,2.3,1.8,0.2,0.6,0.1,0.0,1.3,9.7,5.4,8.2,54.7,0.3,0.2,-2.9,-1.4,0.2,2.0,3.5,0.3,0.3,0.3,0.3,0.2,-0.3,-0.4,-0.3,1.4,-0.6,2.4,-0.5,-1.1,-2.0,0.3,4.7,0.9,7.8,0.4,0.7,0.8,0.0,0.6,-0.4,-19.3,1.1,0.2,1.2,0.4,0.1,0.2,3.4,0.1,-0.3,17.0,0.9,-0.4,0.3
200809,2.1,2.3,2.4,2.7,1.2,0.2,3.0,-3.2,4.2,8.3,3.5,1.9,4.2,7.1,-0.5,-3.2,-9.5,-10.0,5.5,7.5,4.5,-0.3,2.4,2.0,0.2,0.7,0.0,-0.1,1.6,9.2,5.1,8.5,50.3,0.3,0.4,-3.1,-0.8,-0.6,2.3,4.4,0.3,0.5,0.8,0.2,0.9,-0.7,-0.9,-0.4,2.1,-0.7,2.4,0.1,0.6,-1.1,0.2,3.8,1.3,6.0,0.4,0.6,0.8,0.0,0.4,-0.3,-18.9,0.5,0.3,1.7,0.5,0.1,-0.1,3.6,0.1,-0.3,14.7,0.9,-0.2,0.2
200810,1.7,1.9,2.1,2.3,1.2,0.2,3.2,-3.1,4.5,9.2,3.4,1.3,4.4,7.3,1.0,-0.8,-11.8,-12.4,5.5,7.7,4.8,0.0,2.8,2.2,0.2,0.7,-0.1,-0.1,1.5,8.0,4.6,9.0,38.6,0.4,0.3,-3.3,-1.1,-0.6,1.6,5.1,0.3,0.6,0.7,-0.5,0.8,-0.3,-0.3,-0.2,1.8,-0.2,2.2,-0.1,0.5,-1.5,0.2,1.7,0.8,2.7,0.4,0.7,0.8,0.0,0.5,-0.2,-20.4,0.7,0.4,1.8,0.1,0.1,-1.2,4.0,0.0,-0.3,10.2,1.0,-0.2,0.2
200811,1.0,1.0,1.2,1.2,1.1,0.0,3.7,-0.1,4.4,9.3,4.3,2.6,3.3,6.9,2.3,0.9,-5.5,-5.7,5.8,7.1,4.8,-0.1,2.4,2.1,0.2,0.6,-0.1,0.0,1.6,4.8,4.6,8.4,6.1,0.5,0.2,-2.7,-0.8,-0.8,1.6,4.2,-0.5,0.5,0.2,-0.5,0.2,0.1,0.2,0.0,1.7,0.1,2.2,-0.5,-0.9,-2.1,0.2,-2.3,0.7,-4.2,0.2,0.7,0.8,0.0,0.5,-0.5,-20.0,0.9,0.3,1.3,0.2,0.2,-1.4,4.1,0.0,-0.3,0.5,1.0,-0.3,0.3
200812,0.4,0.2,0.4,0.4,0.9,0.0,3.6,1.4,4.0,7.6,3.4,1.5,2.3,5.9,2.5,1.2,1.0,1.0,4.7,7.1,4.7,-0.5,2.7,2.1,0.1,0.6,-0.1,-0.1,1.5,1.8,4.6,7.3,-18.6,0.5,0.2,-3.2,-0.2,-0.2,1.5,4.1,-0.5,0.5,0.2,-0.9,0.3,0.3,0.4,0.0,1.7,-0.3,2.1,-0.4,-1.1,-1.7,0.2,-5.1,0.4,-9.1,0.6,0.7,0.8,0.0,0.5,-0.4,-21.0,0.7,0.3,1.6,0.0,0.2,-1.1,1.9,0.0,-0.3,-6.8,1.0,-0.3,0.3
200901,0.0,0.0,0.0,-0.1,0.7,-0.2,3.3,1.8,3.7,6.6,2.3,0.2,1.6,4.6,4.2,3.9,0.9,0.8,5.5,6.7,4.2,-0.4,2.5,2.1,0.0,0.6,-0.2,-0.2,1.5,2.3,8.1,7.2,-26.8,0.5,0.4,-2.2,-0.5,-0.6,1.1,4.5,-0.2,-0.8,-1.3,-0.8,-1.3,-1.2,-1.7,0.2,-0.2,-0.1,1.8,0.1,-1.1,-2.5,1.6,-6.3,0.1,-11.1,0.6,0.7,0.8,0.0,0.5,-1.4,-21.2,0.4,0.4,-0.1,-0.1,0.4,-1.4,1.3,0.0,-0.3,-8.2,0.9,-1.1,0.3
200902,-0.1,0.0,0.0,0.0,0.6,-0.1,2.6,-1.2,3.3,5.3,2.1,-0.5,1.0,3.8,-0.5,-3.1,1.3,1.4,5.1,6.8,4.0,-0.7,1.7,1.9,-0.1,0.5,-0.3,-0.2,1.4,2.2,8.1,6.3,-26.5,0.5,0.2,-2.8,-0.7,-1.1,1.3,4.3,-0.2,-0.2,-0.1,-1.1,-0.1,-0.6,-1.1,0.1,0.6,-0.9,1.7,0.0,-1.2,-2.7,1.6,-5.5,0.4,-9.8,0.6,1.0,0.8,7.6,0.8,-1.3,-22.7,0.3,0.5,0.1,-0.1,0.3,-1.1,0.9,0.0,-0.3,-7.3,1.1,-1.0,0.3
200903,-0.3,-0.1,-0.2,-0.1,0.5,-0.3,2.2,-2.1,2.9,4.9,0.7,-2.2,0.8,5.6,-1.3,-4.1,1.7,1.8,3.1,6.7,3.6,-1.0,0.9,1.7,-0.1,0.4,-0.3,-0.2,1.2,1.6,8.1,6.1,-31.0,0.5,-0.6,-3.9,-2.3,-1.7,1.1,2.9,-0.2,-0.5,-0.6,-0.9,-0.7,-1.1,-1.8,0.1,0.7,-0.7,1.5,0.1,-1.2,-2.3,1.6,-5.4,0.4,-9.6,0.6,0.8,0.8,7.6,-0.1,-1.1,-21.0,0.6,0.4,0.0,-0.2,0.2,-1.4,0.8,0.0,-0.3,-7.4,0.9,-0.9,0.3
200904,-0.1,-0.1,-0.1,-0.1,0.2,-0.4,1.6,-0.9,2.0,3.3,-0.3,-3.4,-0.4,2.2,3.2,3.6,-4.5,-4.7,2.3,5.9,2.7,-1.7,0.0,1.4,-0.1,0.2,-0.3,-0.4,0.9,0.2,5.7,4.5,-32.3,0.8,-0.9,-4.6,-1.1,-1.8,0.8,1.9,-0.1,-0.3,-0.6,-1.4,-0.6,-0.3,-0.4,0.2,0.9,-0.7,1.0,-0.3,-3.0,-2.2,1.7,-2.0,-1.0,-3.4,0.3,0.8,0.9,7.6,0.0,-2.2,-22.8,0.3,0.3,-1.5,-0.2,-0.1,-1.7,0.5,0.0,0.2,-3.6,1.2,-2.0,0.3
200905,-1.1,-1.1,-1.2,-1.3,-0.1,-0.5,1.0,-0.5,1.4,2.0,-0.1,-3.1,-0.7,1.5,1.6,1.6,-0.1,0.1,1.2,4.2,1.5,-2.2,-0.7,1.2,-0.1,0.1,-0.3,-0.5,1.0,-3.0,-0.1,2.4,-33.8,0.8,-1.6,-4.9,-1.9,-2.9,0.5,0.9,-0.1,-0.1,-0.5,-1.1,-0.4,0.0,-0.3,0.4,1.1,-0.9,0.9,-0.2,-3.0,-1.8,1.8,-5.6,-1.0,-9.2,0.0,0.9,0.8,7.6,0.0,-2.5,-23.2,0.0,0.2,-1.9,-0.2,0.0,-1.3,0.1,0.0,0.2,-11.5,1.1,-2.2,0.1
200906,-1.8,-1.7,-1.9,-1.9,-0.4,-0.7,-0.2,-3.6,0.5,-0.3,-0.9,-3.9,-1.6,0.9,-1.3,-2.9,-4.4,-4.5,-2.0,3.0,1.2,-2.5,-0.7,1.0,-0.2,0.1,-0.3,-0.5,0.9,-5.2,-1.7,1.2,-40.7,0.8,-1.7,-5.0,-2.2,-3.1,0.4,0.7,-0.1,-0.4,-0.6,-1.4,-0.6,-0.7,-0.9,0.2,0.9,-0.8,0.6,-0.3,-3.4,-1.9,1.8,-6.6,-1.2,-10.8,-0.5,0.9,0.8,7.6,0.0,-2.6,-23.1,0.2,0.2,-2.2,-0.4,0.0,-1.3,-1.2,0.0,0.2,-14.7,1.1,-2.5,-0.2
200907,-2.2,-2.2,-2.6,-2.5,-0.6,-0.9,-0.7,-4.3,0.1,-0.8,-1.1,-3.4,-2.1,0.3,-2.7,-4.8,-5.0,-5.2,-1.5,1.7,0.9,-2.8,-1.0,0.7,-0.2,-0.1,-0.3,-0.6,0.6,-8.1,-4.4,-2.8,-43.4,0.8,-2.9,-5.9,-2.6,-3.6,-0.5,-2.3,-0.1,-0.7,-1.1,-0.9,-1.1,-0.9,-1.1,-0.2,0.8,-1.3,0.7,0.0,-1.9,-2.6,1.8,-7.4,-1.5,-11.7,-0.5,0.9,0.8,7.6,0.0,-2.9,-23.6,-0.2,0.3,-2.5,-0.6,0.0,-1.8,-1.7,0.0,0.2,-17.5,1.0,-2.7,-0.2
200908,-2.2,-2.4,-2.6,-2.8,-0.8,-0.9,-0.1,1.7,-0.5,-1.1,-3.1,-5.3,-2.7,-0.7,7.6,12.9,-4.5,-4.7,-3.8,1.9,0.5,-2.8,-1.4,0.5,-0.2,-0.1,-0.3,-0.5,0.5,-9.1,-5.2,-4.1,-44.9,0.8,-3.1,-5.9,-3.2,-4.2,-0.7,-2.9,-0.1,-0.6,-0.7,-0.8,-0.6,-0.9,-1.1,-0.4,0.3,-1.5,0.6,0.0,-1.9,-2.3,1.7,-7.6,-1.2,-12.0,-1.3,0.9,0.8,7.6,0.0,-3.0,-22.8,-0.5,0.3,-2.8,-0.7,-0.1,-1.9,-2.2,0.0,0.2,-18.6,1.0,-2.8,-0.7
200909,-2.2,-2.3,-2.5,-2.7,-0.9,-1.0,-0.5,-0.1,-0.5,-1.3,-2.4,-3.6,-2.3,-0.8,2.3,4.2,-2.2,-2.2,-1.3,1.8,0.0,-3.1,-1.5,0.3,-0.2,-0.2,-0.2,-0.4,0.2,-9.1,-5.9,-5.4,-41.8,0.8,-3.5,-6.3,-4.1,-3.2,-1.1,-3.6,-0.1,-1.2,-2.3,-0.3,-2.5,0.0,0.1,-0.2,-0.2,-1.1,0.3,-0.3,-2.2,-3.1,1.7,-6.1,-1.3,-9.6,-1.3,0.9,0.8,7.6,0.2,-3.2,-23.5,-1.0,0.4,-2.9,-0.6,-0.1,-1.3,-2.1,0.0,0.2,-16.3,1.1,-3.0,-0.7
200910,-2.5,-2.2,-2.9,-2.6,-1.1,-1.1,-2.0,-6.8,-1.1,-2.5,-2.5,-3.2,-2.9,-1.0,-6.5,-10.0,-5.9,-6.1,-2.6,1.0,-1.1,-3.4,-1.8,0.1,-0.3,-0.3,-0.3,-0.4,-0.1,-9.0,-6.7,-7.2,-37.1,0.7,-3.8,-6.6,-3.8,-3.2,-1.0,-5.0,0.0,-1.4,-2.4,-0.7,-2.6,-0.7,-0.7,-0.4,-0.7,-1.4,0.2,-0.4,-2.4,-3.4,1.7,-4.6,-1.0,-7.2,-1.3,0.8,0.8,7.6,0.0,-3.5,-22.6,-1.6,0.2,-3.1,-0.6,-0.3,-1.5,-2.4,0.0,0.2,-14.1,0.9,-3.2,-0.7
200911,-1.9,-1.7,-2.2,-2.0,-1.1,-1.0,-2.1,-6.3,-1.2,-3.1,-3.9,-5.0,-2.5,-0.8,-4.9,-7.2,-6.6,-6.8,-2.0,0.9,-1.7,-3.2,-1.9,0.0,-0.3,-0.4,-0.3,-0.5,-0.3,-6.9,-6.4,-7.0,-24.0,0.6,-4.2,-8.2,-4.1,-3.1,-1.1,-4.4,0.8,-1.6,-2.6,-0.4,-2.8,-0.7,-0.8,-0.6,-0.3,-1.8,0.4,-0.1,-2.6,-2.3,1.8,-1.6,-1.0,-2.1,-1.0,0.8,0.8,7.6,0.0,-3.1,-22.7,-1.9,0.2,-2.5,-0.7,-0.3,-1.4,-2.2,0.0,0.2,-7.9,0.9,-2.9,-0.7
200912,-1.7,-1.3,-1.8,-1.5,-1.2,-1.2,-2.5,-7.6,-1.5,-3.4,-3.2,-3.7,-2.3,0.5,-6.5,-9.5,-9.9,-10.0,-2.9,0.2,-2.1,-3.2,-2.0,-0.1,-0.4,-0.4,-0.3,-0.5,-0.3,-4.9,-5.9,-6.5,-8.2,0.6,-4.8,-9.5,-4.7,-2.9,-1.4,-5.1,0.8,-1.9,-2.7,-0.3,-3.0,-1.3,-1.4,-1.3,-1.1,-1.9,0.3,-0.5,-3.3,-2.9,1.8,0.5,-1.0,1.9,-1.4,0.8,0.8,7.6,0.0,-3.3,-22.0,-2.8,0.2,-2.6,-0.5,-0.3,-1.7,-0.6,0.0,0.2,-2.4,0.9,-3.0,-0.7
201001,-1.3,-1.3,-1.5,-1.4,-1.3,-1.2,-1.9,-3.9,-1.5,-3.8,-3.2,-3.7,-2.3,1.2,-1.4,-1.1,-9.0,-9.2,-2.8,0.1,-2.3,-3.1,-1.8,-0.2,-0.3,-0.5,-0.2,-0.5,-0.5,-5.8,-9.7,-7.0,3.0,0.6,-5.5,-11.6,-4.4,-4.1,-1.4,-5.5,0.5,-1.4,-2.7,-1.4,-3.0,0.0,0.5,-1.3,-1.0,-1.4,0.4,-1.1,-3.4,-2.4,0.5,1.9,-1.1,4.4,-1.4,0.8,0.8,7.6,-0.3,-3.1,-22.3,-2.5,0.2,-2.2,-0.5,-0.4,-1.8,-0.3,0.0,0.2,-1.0,0.9,-2.7,-0.7
201002,-1.1,-1.2,-1.3,-1.3,-1.2,-1.1,-1.4,-1.2,-1.4,-3.8,-3.5,-3.8,-2.4,1.6,2.5,5.3,-8.5,-8.6,-2.8,0.1,-2.1,-2.7,-1.4,-0.1,-0.2,-0.5,-0.2,-0.6,-0.3,-5.0,-9.4,-6.1,8.2,0.6,-5.3,-10.6,-4.5,-3.9,-1.8,-5.4,0.5,-1.0,-1.5,-0.4,-1.5,-0.2,0.4,-1.5,-2.1,-1.9,0.6,-1.0,-3.3,-2.5,0.6,1.7,-1.1,4.0,-1.4,0.6,0.8,0.0,-0.1,-2.6,-20.3,-2.5,0.3,-1.8,-0.6,-0.2,-2.3,-0.4,0.0,0.2,-0.3,0.7,-2.4,-0.7
201003,-1.1,-1.2,-1.3,-1.4,-1.3,-1.1,-1.6,-0.6,-1.8,-4.0,-2.9,-2.5,-2.7,-2.2,1.6,3.8,-5.1,-5.3,-1.4,-0.7,-2.5,-2.4,-1.6,-0.2,-0.3,-0.5,-0.3,-0.6,-0.3,-4.2,-9.0,-5.3,14.6,0.6,-5.3,-10.5,-3.6,-4.3,-1.7,-5.7,0.5,-1.3,-1.5,-0.1,-1.6,-0.9,-0.5,-1.8,-2.0,-2.5,0.5,-1.1,-2.9,-3.1,0.6,1.5,-1.0,3.6,-1.4,0.8,0.8,0.0,0.6,-2.7,-21.6,-3.1,0.2,-1.7,-0.3,-0.2,-1.0,-0.1,0.0,0.2,0.1,0.8,-2.5,-0.7
201004,-1.2,-1.5,-1.4,-1.7,-1.6,-1.6,-0.7,5.0,-1.6,-3.5,-2.8,-2.3,-2.7,-1.7,7.6,13.4,-0.4,-0.3,-2.9,-0.5,-2.3,-2.1,-1.4,-0.2,-0.3,-0.6,-0.3,-0.5,-0.6,-4.1,-9.4,-5.4,19.2,0.1,-4.8,-9.2,-5.0,-3.1,-1.5,-5.2,0.4,-1.7,-2.0,0.4,-2.0,-1.3,-1.2,-1.9,-1.8,-2.7,0.3,-0.1,-0.1,-2.4,0.7,1.9,-0.6,4.1,-1.1,-13.0,-17.4,0.4,0.3,-1.8,-18.8,-3.2,0.0,-0.2,-0.4,-0.1,-1.3,-0.3,0.0,0.0,0.6,-10.7,-1.8,-0.7
201005,-0.9,-1.2,-1.0,-1.3,-1.7,-1.6,-0.9,3.8,-1.7,-2.9,-2.1,-1.2,-2.9,-1.5,5.7,10.5,-0.3,-0.3,-1.5,-1.8,-2.2,-1.9,-1.3,-0.2,-0.4,-0.5,-0.3,-0.5,-0.6,-0.5,-3.8,-2.8,25.6,0.1,-4.7,-9.8,-4.2,-2.7,-1.5,-4.4,0.4,-1.8,-2.2,0.1,-2.4,-1.5,-1.2,-2.1,-1.7,-2.6,0.1,-0.3,-0.1,-3.6,0.7,2.4,-0.7,4.8,-0.7,-13.0,-17.4,0.4,0.3,-1.7,-18.6,-3.3,0.2,-0.1,-0.4,-0.1,-1.2,-0.6,0.0,0.0,4.8,-10.7,-1.7,-0.5
201006,-0.7,-1.0,-0.8,-1.2,-1.5,-1.5,-0.1,7.0,-1.3,-2.7,-1.5,-0.4,-1.9,-1.4,5.4,9.8,12.3,12.9,0.5,-1.5,-2.0,-1.8,-1.5,-0.1,-0.4,-0.6,-0.4,-0.5,-0.8,0.8,-2.0,-1.2,24.1,0.3,-4.9,-10.5,-4.5,-2.0,-1.2,-4.7,0.4,-1.6,-1.8,0.4,-1.9,-1.2,-1.0,-1.8,-1.4,-2.9,0.3,0.0,0.4,-3.0,0.7,1.4,-0.7,3.2,-0.9,-13.0,-17.4,0.4,0.3,-1.4,-17.8,-2.5,0.1,0.2,-0.4,-0.1,-1.3,-0.3,0.0,0.0,4.5,-10.7,-1.3,-0.5
201007,-0.9,-1.1,-1.0,-1.2,-1.5,-1.5,-0.5,4.4,-1.4,-2.8,-2.1,-1.7,-1.3,-0.7,5.8,11.1,2.7,2.9,-0.5,-1.9,-2.0,-2.0,-1.4,0.0,-0.4,-0.5,-0.4,-0.3,-0.9,1.8,-0.3,1.4,18.2,0.3,-4.5,-10.4,-4.7,-2.2,-0.9,-3.6,0.4,-1.0,-0.9,-0.1,-1.0,-0.8,-0.5,-1.7,-1.1,-2.4,0.1,-0.5,-0.9,-3.1,0.7,0.6,-1.1,1.8,-0.9,-13.0,-17.4,0.4,0.3,-1.5,-17.6,-3.0,0.3,0.1,-0.3,-0.1,-0.8,-0.7,0.0,0.0,3.7,-10.6,-1.5,-0.5
201008,-0.9,-1.0,-0.9,-1.1,-1.5,-1.5,-0.7,2.9,-1.3,-2.6,-1.9,-1.2,-1.3,-0.9,1.6,3.5,7.8,8.3,-0.1,-1.8,-1.9,-1.9,-1.7,0.0,-0.5,-0.6,-0.4,-0.4,-1.1,2.8,1.3,2.5,17.4,0.3,-4.4,-10.6,-3.8,-1.2,-0.8,-4.1,0.4,-0.8,-0.4,-0.3,-0.5,-1.1,-0.9,-1.6,-0.8,-3.2,0.2,-0.7,-1.6,-3.5,0.7,0.6,-0.7,1.4,-0.1,-13.0,-17.4,0.4,0.3,-1.5,-20.1,-3.3,0.2,0.2,-0.3,0.0,-1.1,-0.4,0.0,0.0,4.3,-10.6,-1.3,0.0
201009,-0.6,-1.1,-0.6,-1.2,-1.5,-1.5,0.6,10.3,-1.4,-2.7,0.6,3.0,-1.6,-0.9,6.1,10.7,19.5,20.6,-2.3,-1.8,-1.2,-1.9,-1.3,-0.1,-0.5,-0.7,-0.4,-0.4,-1.0,3.3,2.8,3.6,13.3,0.2,-4.2,-10.1,-3.2,-1.7,-0.4,-4.1,0.4,-0.9,-0.2,-0.4,-0.2,-1.6,-1.3,-2.1,-1.2,-2.7,0.0,-0.5,-1.4,-3.4,0.7,0.0,-1.1,0.4,-0.2,-12.9,-17.4,0.4,0.3,-1.3,-20.0,-2.7,0.3,0.2,-0.3,0.0,-0.9,-0.7,0.0,0.0,3.7,-10.7,-1.3,0.0
201010,0.2,-0.6,0.3,-0.6,-0.9,-0.8,1.6,17.4,-1.3,-3.2,-1.4,-0.2,-1.1,-1.0,17.0,29.4,22.7,24.0,-2.3,-1.4,-1.0,-1.7,-1.4,-0.1,-0.5,-0.6,-0.4,-0.5,-0.8,3.5,3.0,4.3,12.3,0.2,-4.1,-9.9,-4.1,-1.9,-0.5,-3.5,0.3,-1.1,-0.6,0.5,-0.7,-1.5,-1.4,-2.1,-0.8,-2.8,0.1,0.0,-1.3,-1.0,0.9,0.0,-0.4,0.2,-0.2,-13.0,-17.4,0.4,0.2,-0.9,-19.3,-2.4,0.3,0.8,6.6,0.0,-0.8,-0.5,38.6,7.5,4.0,-10.7,-0.7,0.0
201011,0.1,-0.5,0.2,-0.5,-0.9,-0.9,1.5,16.3,-1.2,-3.2,-0.3,1.4,-1.1,-0.9,16.0,28.1,18.6,19.7,-2.4,-1.0,-0.8,-1.5,-1.4,0.0,-0.5,-0.5,-0.4,-0.4,-0.7,3.0,2.0,4.0,12.4,0.2,-3.8,-9.3,-3.1,-1.4,-0.4,-3.5,0.3,-0.8,0.1,0.3,0.0,-1.5,-1.8,-0.8,-1.1,-2.8,-0.1,-0.2,-1.4,-1.4,0.8,0.2,-0.4,0.6,-0.2,-13.0,-17.4,0.4,0.2,-1.1,-18.9,-2.5,0.2,0.4,6.7,0.0,-0.6,-0.7,38.6,7.5,3.9,-10.7,-1.1,0.0
201012,0.0,-0.4,0.1,-0.5,-0.8,-0.7,0.7,10.3,-1.1,-3.7,0.2,1.9,-0.6,-0.3,6.6,12.1,20.2,21.2,-1.9,-0.8,-0.5,-1.9,-1.5,0.1,-0.4,-0.6,-0.4,-0.3,-0.7,2.6,1.1,3.5,13.1,0.2,-3.5,-8.2,-3.5,-1.9,-0.4,-3.3,0.3,-0.8,0.0,-0.1,0.0,-1.6,-2.0,-0.6,-0.6,-2.6,0.0,0.0,-0.3,-1.6,0.8,0.4,0.0,0.7,-0.2,-13.0,-17.4,0.4,0.2,-0.8,-17.4,-1.8,0.2,0.7,6.6,0.0,-0.7,-0.6,38.6,7.5,4.0,-10.7,-0.5,0.0
201101,-0.6,-0.8,-0.6,-1.0,-1.3,-1.3,0.1,6.7,-1.1,-3.9,0.1,1.7,-0.8,-0.3,1.9,4.2,17.7,18.8,-2.5,-1.0,-0.7,-1.9,-1.3,0.5,-0.3,-0.4,-0.2,-0.3,-0.5,2.2,0.5,2.7,18.6,0.3,-5.7,-12.2,-4.8,-0.8,-1.4,-3.0,0.1,-1.5,-1.3,1.4,-1.4,-1.9,-2.0,-1.6,-1.3,-2.2,-0.1,-0.2,-0.1,-1.2,0.0,0.1,0.4,1.1,-2.0,-8.3,-12.0,0.4,0.3,-3.7,-25.4,-1.8,0.3,1.7,5.4,-0.2,-1.0,-0.8,38.3,7.4,4.4,-6.9,-3.3,0.0
201102,-0.5,-0.8,-0.6,-1.0,-1.2,-1.3,0.3,7.7,-1.0,-3.9,-0.7,0.2,-0.7,-0.2,4.6,8.2,16.1,17.1,-2.0,-0.6,-0.6,-1.7,-1.1,0.3,-0.2,-0.3,-0.2,-0.2,-0.5,1.7,-0.2,2.1,17.5,0.3,-5.7,-12.4,-4.4,-1.2,-0.9,-2.9,0.1,-0.7,-0.2,1.3,-0.2,-1.3,-1.4,-1.1,-1.0,-1.4,-0.3,-0.1,0.2,-1.1,0.0,0.1,0.1,0.8,-1.5,-8.3,-12.0,0.4,0.3,-4.0,-26.8,-1.4,0.1,1.4,5.4,-0.2,-0.9,-1.1,38.3,7.4,3.6,-6.8,-3.6,0.0
201103,-0.5,-0.7,-0.6,-0.8,-1.3,-1.4,-0.1,3.9,-0.8,-3.8,-0.2,0.7,-0.5,0.0,1.7,3.3,8.7,9.4,-1.7,-0.5,-0.3,-1.5,-1.0,0.3,-0.3,-0.4,-0.2,-0.3,-0.5,1.9,-0.4,1.6,24.2,0.2,-5.4,-12.3,-3.8,-0.5,-0.8,-2.4,0.1,-0.7,-0.6,1.0,-0.6,-0.4,-0.4,-0.3,-1.2,-2.0,0.0,-0.7,-2.1,-0.5,0.0,1.3,0.0,2.6,-0.8,-8.4,-12.0,0.4,0.1,-4.4,-28.4,-2.0,0.2,1.0,5.2,-0.4,-1.9,-0.6,38.3,7.3,5.7,-6.9,-4.0,0.0
201104,-0.4,-0.2,-0.5,-0.3,-0.8,-1.1,-0.8,-4.7,0.0,-3.0,-0.2,-0.1,0.8,3.7,-7.3,-10.7,1.4,1.4,0.4,-0.1,0.4,-0.1,-0.9,0.4,-0.2,-0.3,-0.2,-0.3,-0.4,2.9,1.4,2.1,26.1,-0.6,-5.4,-12.9,-3.7,-0.8,-0.5,-1.5,-0.5,-0.6,-0.4,0.8,-0.5,-0.3,-0.4,0.0,-1.6,-1.2,-0.1,-1.0,-3.2,-0.3,0.0,1.6,1.2,2.8,-0.7,0.2,0.4,0.0,-0.3,-5.7,-34.0,-2.2,0.2,0.5,5.2,-0.4,-1.6,-0.6,38.3,7.3,6.7,0.1,-5.0,0.0
201105,-0.4,-0.1,-0.4,-0.2,-0.6,-0.8,-1.1,-6.0,-0.1,-3.2,-0.7,-0.6,0.4,2.6,-8.0,-12.1,-1.6,-1.8,-0.3,0.0,0.5,0.3,-0.9,0.3,-0.2,-0.2,-0.2,-0.3,-0.2,2.9,1.9,2.2,20.2,0.0,-5.2,-12.6,-3.4,-0.6,-0.3,-1.7,-0.5,-0.5,-0.3,0.6,-0.4,-0.4,-0.5,-0.3,-1.6,-0.9,0.1,0.0,-0.6,1.0,0.0,1.1,1.0,1.8,-0.5,0.2,0.4,0.0,-0.3,-4.7,-31.4,-1.2,0.3,1.0,5.3,-0.3,-1.4,-0.5,38.3,7.3,5.3,0.1,-4.1,0.0
201106,-0.4,-0.2,-0.4,-0.3,-0.7,-0.8,-0.8,-3.0,-0.3,-3.0,-0.2,-0.1,0.2,0.9,-1.6,-2.2,-7.6,-8.1,-0.9,-0.7,0.4,0.1,-1.2,0.3,-0.2,-0.2,-0.2,-0.4,-0.1,3.0,2.5,2.2,19.0,-0.2,-5.1,-12.2,-2.7,-1.2,-0.2,-2.0,-0.5,-0.5,-0.1,1.4,-0.2,-0.5,-0.3,-0.7,-1.8,-1.0,0.0,-0.2,-0.9,0.5,0.0,0.6,1.2,1.4,-1.4,0.2,0.4,0.0,-0.3,-4.6,-28.8,-2.0,0.3,0.5,5.3,-0.4,-1.5,-0.5,38.3,7.3,4.9,0.1,-4.0,0.0
201107,0.2,0.1,0.3,0.2,-0.4,-0.5,0.3,2.9,-0.2,-2.4,0.7,1.5,-0.4,-0.1,1.8,2.9,5.0,5.1,-0.9,-0.3,1.0,0.3,-1.2,0.3,-0.2,-0.3,-0.2,-0.4,-0.1,3.4,3.2,2.4,18.7,0.0,-4.8,-12.0,-2.4,0.3,-0.3,-1.9,-0.5,0.3,1.0,1.5,0.9,0.2,0.8,-1.0,-1.5,-0.4,0.1,-0.9,-3.3,0.8,0.0,1.7,2.7,2.5,-0.3,0.2,0.4,0.0,-0.3,-3.6,-27.2,-1.2,0.2,1.2,5.3,-0.4,-1.6,-0.5,38.3,7.3,6.1,0.1,-2.9,0.0
201108,0.2,0.2,0.2,0.3,-0.4,-0.5,-0.2,-0.6,-0.1,-1.6,1.4,2.3,-0.3,0.1,-2.7,-4.3,2.4,2.4,-0.4,-0.2,0.7,0.0,-1.0,0.2,-0.2,-0.2,-0.2,-0.4,0.0,3.5,3.4,2.4,19.1,0.0,-5.0,-13.1,-2.7,0.5,0.2,-1.6,-0.5,0.5,1.1,1.2,1.1,0.3,1.1,-1.3,-0.6,0.4,0.1,-0.7,-2.7,0.7,0.0,1.9,0.8,3.3,-0.4,0.2,0.4,0.0,-0.3,-3.2,-25.5,-1.9,0.3,1.0,5.3,-0.4,-1.2,-0.9,38.3,7.3,7.1,0.1,-2.9,0.0
201109,0.0,0.2,0.0,0.3,-0.4,-0.4,-0.8,-4.6,-0.1,-1.1,1.1,1.5,0.1,-1.0,-2.8,-4.2,-12.9,-13.7,-0.3,-0.4,0.7,0.1,-1.1,0.1,-0.2,-0.2,-0.2,-0.4,-0.1,3.7,3.9,2.9,17.4,0.1,-6.0,-16.1,-2.9,1.0,0.2,-1.8,-0.5,0.0,0.2,0.5,0.2,0.2,0.6,-0.7,-1.1,-0.6,0.2,-0.7,-2.7,0.8,0.0,1.6,2.1,2.5,-0.5,0.2,0.4,0.0,-0.3,-2.6,-23.1,-1.9,0.3,1.5,5.3,-0.4,-1.3,-1.0,38.3,7.3,6.4,0.1,-2.2,0.0
201110,-0.2,-0.1,-0.2,-0.1,-0.7,-1.0,-0.2,-2.0,0.2,1.5,1.5,1.9,0.2,-0.7,-0.3,-0.4,-9.7,-10.3,0.0,-0.5,1.0,-0.6,-1.2,0.1,-0.2,-0.1,-0.3,-0.4,0.2,4.2,4.8,3.8,13.9,0.2,-5.8,-15.7,-3.2,0.9,0.4,-1.7,-0.5,0.3,0.7,0.3,0.7,0.4,0.8,-0.6,-1.4,0.5,0.2,-1.2,-3.0,-1.6,0.0,1.4,0.7,2.4,-0.4,0.2,0.4,0.0,-0.3,-3.2,-24.8,-1.1,0.3,0.6,-0.6,-0.6,-1.4,-1.3,0.0,0.0,6.1,0.1,-2.9,0.0
201111,-0.5,-0.2,-0.6,-0.2,-0.8,-1.1,-1.2,-8.3,0.2,2.6,0.9,0.6,-0.2,-0.6,-10.2,-15.6,-5.1,-5.5,-0.7,-1.0,0.9,-0.4,-1.2,0.1,-0.2,-0.1,-0.3,-0.4,0.3,4.9,5.9,4.8,13.6,0.2,-6.1,-16.4,-3.5,0.3,0.2,-1.7,-0.5,0.0,-0.1,-0.4,-0.1,0.3,1.0,-1.2,-1.2,1.0,0.1,-1.2,-2.9,-1.7,0.0,1.6,0.5,2.4,0.4,0.2,0.4,0.0,-0.3,-4.1,-25.5,-2.0,0.3,-0.7,-0.5,-0.4,-1.1,-1.2,0.0,0.0,6.7,0.2,-3.8,-0.4
201112,-0.2,-0.1,-0.2,-0.1,-0.7,-1.1,-0.1,-2.4,0.3,3.5,1.4,1.5,-0.2,-1.8,-2.8,-4.5,-3.4,-3.9,-0.4,-0.6,1.1,0.1,-1.0,0.0,-0.2,0.0,-0.3,-0.4,0.4,5.2,6.4,5.3,13.2,0.2,-6.7,-18.6,-2.8,0.6,0.4,-1.4,-0.5,0.0,0.1,-0.2,0.1,0.1,0.7,-1.0,-1.0,0.4,0.2,-1.2,-3.0,-1.6,0.0,1.5,-0.6,2.5,0.4,0.2,0.4,0.0,-0.3,-3.8,-27.6,-1.7,0.4,0.2,-0.4,-0.3,-1.2,-0.4,0.0,0.0,6.9,0.2,-3.6,-0.4
201201,0.1,-0.1,0.2,0.0,-0.6,-0.9,1.0,4.3,0.3,3.8,2.5,3.5,-0.3,-1.8,4.5,6.9,1.1,0.9,0.5,-1.0,1.1,0.1,-1.2,0.0,-0.3,-0.1,-0.3,-0.5,0.3,4.8,6.6,4.9,7.1,0.2,-2.9,-8.1,-1.6,1.3,0.9,-1.4,-0.6,0.7,0.7,0.1,0.8,1.5,2.3,-0.1,-0.8,0.4,0.1,-1.1,-2.8,-1.2,0.0,1.3,-0.1,2.3,-0.1,0.2,0.4,0.0,-0.3,-4.1,-28.4,-1.4,0.2,-0.3,-0.5,-0.3,-1.6,-0.6,0.0,0.0,5.7,0.3,-3.8,-0.5
201202,0.3,0.1,0.4,0.2,-0.3,-0.6,1.1,4.7,0.4,4.2,2.8,3.6,-0.2,-1.7,2.9,4.4,6.4,6.4,-0.3,-0.8,1.1,-0.4,-1.3,0.0,-0.3,-0.2,-0.3,-0.5,0.1,4.6,6.9,4.8,4.3,0.2,-3.5,-10.1,-1.3,2.6,1.0,-1.5,-0.6,0.8,1.0,-0.1,1.0,1.2,2.2,-0.7,-0.6,0.9,0.2,-1.2,-3.2,-1.2,0.0,0.9,-0.2,2.0,-0.7,0.2,0.4,0.0,-0.3,-1.9,-7.3,-1.2,0.4,-1.5,-0.4,-0.4,-1.5,0.1,0.0,0.0,5.2,0.3,-1.8,-0.5
201203,0.5,0.2,0.7,0.3,-0.3,-0.5,1.5,7.4,0.3,4.2,2.0,2.3,-0.3,-1.7,6.5,10.0,9.2,9.3,-0.7,-0.7,1.0,-0.2,-1.1,0.0,-0.2,-0.2,-0.3,-0.4,0.1,4.7,6.9,4.4,6.1,0.2,-3.3,-9.7,-1.4,2.8,1.2,-1.8,-0.6,0.3,-0.3,-0.3,-0.3,1.6,2.9,-1.1,-0.5,0.6,-0.1,-0.8,-2.0,-1.4,0.0,1.0,-0.2,2.5,-1.5,0.3,0.4,0.0,0.0,-1.2,-5.9,-0.4,0.5,-0.9,-0.2,-0.1,-0.8,-0.3,0.0,0.0,5.7,0.3,-1.2,-0.5
201204,0.4,0.2,0.6,0.3,-0.3,-0.3,0.7,6.4,-0.3,3.2,1.7,2.2,-1.3,-5.1,5.7,9.1,7.3,7.4,-2.4,-1.4,1.0,-1.4,-1.5,0.0,-0.3,-0.2,-0.4,-0.5,0.2,4.7,6.6,5.2,3.9,1.0,-3.4,-9.9,-0.8,2.8,1.6,-2.6,0.0,-0.1,-0.2,0.4,-0.2,-0.1,0.4,-1.1,-0.4,0.0,0.2,-0.6,-1.6,-1.2,0.2,0.9,0.4,2.0,-1.2,0.3,0.2,2.6,0.3,-0.1,-1.0,-0.3,0.5,0.0,-0.2,-0.2,-0.8,-0.1,0.0,0.2,5.3,0.4,-0.2,-0.5
201205,0.2,-0.1,0.3,-0.1,-0.5,-0.6,1.0,7.4,-0.2,3.6,0.9,0.4,-1.2,-3.9,7.7,12.3,8.6,8.9,-2.4,-1.2,1.1,-1.7,-1.4,0.0,-0.4,-0.2,-0.4,-0.5,0.0,3.9,5.6,5.1,0.9,0.4,-3.9,-11.0,-1.8,2.6,1.5,-2.7,0.0,-0.1,0.0,1.2,-0.1,-0.2,0.1,-0.9,-0.6,-0.1,0.2,-1.3,-3.5,-1.8,0.2,0.3,0.5,0.8,-1.1,0.3,0.2,2.6,0.3,-1.2,-7.3,-1.5,0.5,-0.3,-0.2,-0.1,-0.8,-0.1,0.0,0.2,3.7,0.4,-1.2,-0.5
201206,-0.2,-0.2,-0.1,-0.2,-0.4,-0.6,0.1,0.5,0.1,3.9,2.0,2.4,-1.2,-2.4,-1.7,-2.7,3.5,3.6,-1.7,-0.7,1.1,-1.2,-1.4,0.0,-0.3,-0.2,-0.4,-0.5,0.1,3.5,5.4,4.9,-2.9,0.4,-3.4,-10.4,-2.2,2.4,1.9,-2.1,0.0,-0.1,-0.2,0.3,-0.2,0.0,0.3,-0.8,-0.3,-0.1,0.2,-1.2,-3.7,-1.3,0.2,-0.3,0.4,-0.6,-0.1,0.4,0.3,2.6,0.3,-1.5,-11.1,-1.0,0.4,-0.2,-0.2,-0.1,-0.9,-0.1,0.0,0.2,2.0,0.4,-1.5,-0.5
201207,-0.4,-0.3,-0.5,-0.3,-0.4,-0.6,-0.4,-3.5,0.1,3.4,0.4,-0.7,-0.9,-1.8,-3.5,-5.5,-3.6,-3.9,-1.5,-0.6,1.5,-1.6,-1.1,0.0,-0.3,-0.2,-0.4,-0.4,0.2,3.0,5.0,4.3,-4.4,0.3,-3.1,-9.5,-2.4,2.1,2.1,-2.3,0.0,0.2,0.2,0.6,0.1,0.7,1.2,-0.4,-0.7,0.1,0.1,-0.6,-1.6,-1.5,0.2,-1.2,-0.1,-1.4,-1.1,0.4,0.3,2.6,0.3,-1.8,-8.8,-1.9,0.4,-0.9,-0.2,0.0,-1.0,-0.1,0.0,0.2,0.7,0.4,-1.7,-0.5
201208,-0.4,-0.3,-0.4,-0.3,-0.4,-0.5,-0.7,-4.0,0.0,2.8,-0.2,-1.2,-0.6,-2.1,-4.5,-7.0,-2.4,-2.7,-1.4,-0.7,0.9,-2.1,-1.1,0.0,-0.3,-0.2,-0.4,-0.4,0.1,3.2,5.5,4.1,-4.2,0.3,-3.0,-9.0,-2.3,1.1,1.9,-2.1,0.1,-0.3,-0.2,0.9,-0.3,-0.3,-0.4,-0.1,-0.8,-0.4,0.1,-0.6,-1.6,-1.5,0.2,-1.1,0.5,-1.5,-1.1,0.4,0.3,2.6,0.3,-1.2,-10.1,-0.7,0.5,-0.2,-0.1,-0.1,-0.9,0.3,0.0,0.2,0.9,0.4,-1.1,-0.5
201209,-0.3,-0.1,-0.3,0.0,-0.5,-0.6,-1.0,-6.0,-0.1,2.5,-1.3,-2.9,-0.7,-1.9,-9.2,-14.3,6.8,7.0,-2.0,-0.4,0.6,-1.0,-1.3,0.0,-0.4,-0.3,-0.4,-0.5,0.0,4.3,7.3,3.4,1.4,0.3,-2.1,-6.7,-2.1,0.9,1.8,-1.7,0.1,-0.2,-0.2,1.1,-0.3,-0.2,0.0,-0.5,-0.4,-0.5,0.1,-0.6,-1.5,-1.3,0.2,0.3,-0.1,0.9,-0.8,0.4,0.3,2.6,0.4,-2.1,-9.9,-0.6,0.6,-1.7,-0.1,0.0,-1.1,0.5,0.0,0.2,4.3,0.5,-2.0,-0.6
201210,-0.4,0.0,-0.4,0.1,-0.5,-0.5,-1.6,-8.8,-0.2,1.7,1.0,0.7,-1.4,-1.9,-12.5,-18.6,-0.7,-1.0,-1.2,-0.1,-0.1,-1.2,-1.1,-0.1,-0.4,-0.3,-0.4,-0.5,0.0,3.8,5.8,2.9,4.9,0.2,-1.8,-6.1,-1.4,0.6,1.8,-1.2,0.1,-0.2,-0.1,1.0,-0.2,-0.2,-0.1,-0.4,-0.3,-1.4,0.3,-0.4,-1.2,-0.8,0.2,0.8,0.0,1.7,-0.6,0.4,0.3,2.6,0.4,-2.0,-6.6,-1.8,0.6,-1.8,-0.1,0.0,-1.2,0.7,0.0,0.2,4.6,0.4,-1.8,-1.2
201211,-0.2,-0.1,-0.1,0.0,-0.4,-0.5,-0.5,-2.1,-0.2,1.1,0.3,-0.1,-1.1,-1.1,-1.7,-2.6,-3.8,-4.1,-1.0,0.2,-0.2,-1.1,-1.1,-0.1,-0.4,-0.3,-0.4,-0.5,-0.2,3.1,4.8,2.5,3.4,0.2,-2.0,-6.8,-1.2,1.1,1.8,-1.6,0.1,-0.4,-0.4,0.8,-0.5,-0.3,-0.3,-0.5,-0.2,-1.6,0.2,-0.7,-2.0,-0.9,0.2,0.2,0.3,1.1,-2.0,0.4,0.3,2.6,0.4,-0.8,-4.3,-1.0,0.6,-0.5,-0.3,0.0,-1.7,0.5,0.0,0.2,3.5,0.4,-0.8,-0.8
201212,-0.1,-0.2,-0.1,-0.1,-0.5,-0.6,-0.3,0.6,-0.4,0.7,-0.4,-1.1,-1.4,-0.4,1.4,2.4,-0.4,-0.4,-1.3,-0.5,-0.2,-1.5,-1.4,-0.1,-0.4,-0.3,-0.4,-0.5,-0.2,2.9,4.4,2.3,3.8,0.2,-1.9,-6.6,-0.6,0.9,1.8,-1.7,0.1,-0.3,-0.4,1.1,-0.5,-0.2,-0.1,-0.3,-0.4,-0.7,0.1,-0.7,-1.8,-1.4,0.2,0.2,0.2,1.1,-2.0,0.4,0.3,2.6,0.4,-1.2,-2.1,-0.8,0.5,-1.6,-0.3,-0.1,-1.5,0.0,0.0,0.1,3.4,0.3,-1.2,-1.3
201301,-0.3,-0.2,-0.3,-0.2,-0.6,-0.7,-0.7,-1.8,-0.4,0.4,-2.2,-4.0,-1.5,0.2,-0.7,-0.8,-0.8,-0.8,-2.0,-0.2,-0.3,-1.9,-1.2,0.0,-0.4,-0.4,-0.4,-0.5,-0.3,2.9,4.0,1.8,7.5,0.4,-5.3,-16.5,-1.0,0.8,1.6,-1.5,0.1,0.3,0.8,0.9,0.8,0.0,0.2,-0.5,-0.3,-0.4,0.2,-0.7,-1.8,-1.7,0.2,0.0,-0.8,1.1,-1.9,0.4,0.3,2.6,0.4,-0.8,-1.3,-0.9,0.5,-1.1,-0.3,0.1,-1.3,-0.1,0.0,0.1,3.9,0.3,-1.0,-1.2
201302,-0.7,-0.3,-0.7,-0.3,-0.8,-0.9,-1.8,-8.6,-0.5,0.2,-2.3,-4.2,-1.3,-0.7,-7.1,-10.5,-10.2,-10.7,-1.8,0.2,-0.5,-1.6,-1.3,-0.1,-0.4,-0.4,-0.4,-0.5,-0.2,3.0,3.5,1.3,12.6,0.4,-3.8,-11.8,-2.1,-0.5,1.6,-1.1,0.1,-0.5,-0.3,0.5,-0.3,-0.5,-0.8,-0.1,-0.9,-1.9,0.3,-0.5,-1.4,-1.3,0.2,0.9,0.6,2.2,-1.6,0.4,0.3,2.6,0.4,-2.8,-20.3,-1.5,0.4,-0.3,-0.1,0.0,-0.5,-0.3,0.0,0.1,5.0,0.3,-2.6,-1.3
201303,-0.9,-0.5,-1.0,-0.5,-0.7,-0.8,-2.4,-11.5,-0.6,0.1,-2.4,-4.1,-1.6,-0.9,-11.2,-16.6,-11.2,-11.7,-2.0,0.3,-0.5,-2.2,-1.3,-0.1,-0.4,-0.3,-0.4,-0.5,-0.1,2.3,3.4,1.4,4.4,0.4,-3.3,-10.4,-1.4,-0.2,1.1,-0.7,0.1,-0.2,0.8,0.5,0.8,-1.2,-1.7,-0.2,-0.8,-1.4,0.4,-0.4,-1.2,-1.0,0.2,-0.2,0.5,0.0,-1.1,0.4,0.3,2.6,0.4,-2.7,-13.4,-1.6,0.4,-1.5,0.5,0.0,0.1,4.3,0.0,0.1,2.2,0.3,-2.5,-1.3
201304,-0.7,-0.4,-0.7,-0.4,-0.6,-0.6,-1.8,-7.9,-0.6,0.2,-1.5,-2.6,-0.9,-1.0,-9.5,-14.0,-3.5,-3.6,-1.9,0.4,-0.9,-2.4,-1.0,-0.1,-0.4,-0.3,-0.4,-0.4,-0.2,2.4,4.2,1.4,0.5,0.4,-2.9,-8.3,-1.9,-0.3,0.4,-1.1,-0.4,0.0,0.1,0.1,0.1,0.4,0.4,0.4,-0.4,-1.1,0.5,-0.7,-1.4,-1.8,0.0,-0.1,0.0,0.6,-1.8,0.6,0.4,3.8,0.7,-2.3,-12.8,-1.8,0.3,-1.0,0.6,0.0,0.4,4.2,0.0,0.0,1.3,0.4,-2.1,-1.2
201305,-0.3,0.0,-0.3,0.1,-0.3,-0.4,-1.5,-7.6,-0.4,0.1,-1.2,-2.2,-0.2,-1.5,-8.7,-12.9,-5.1,-5.2,-0.9,0.6,-1.0,-2.0,-1.1,0.3,-0.4,-0.4,-0.4,-0.4,-0.4,4.6,8.8,2.1,0.8,0.4,-2.5,-7.6,-1.4,-0.4,0.6,-0.6,-0.4,0.1,0.0,-0.4,0.0,0.3,0.3,0.4,0.3,-1.0,0.4,-0.8,-1.7,-2.0,0.0,0.5,-0.1,1.1,-0.7,0.5,0.3,3.8,0.7,-1.6,-7.1,-0.9,0.2,-1.3,0.6,0.0,0.4,4.4,0.0,0.0,3.7,0.4,-1.5,-1.2
201306,0.2,0.4,0.3,0.5,-0.2,-0.2,-0.9,-4.2,-0.3,-0.2,-2.0,-4.6,-0.4,-1.3,-3.9,-5.8,-1.1,-1.1,-0.7,0.5,-0.7,-2.0,-0.9,0.3,-0.5,-0.5,-0.4,-0.4,-0.6,5.7,9.8,2.8,6.2,0.5,-2.4,-7.2,-1.3,-0.2,0.3,-0.5,-0.4,0.2,0.2,-0.3,0.3,0.4,0.3,0.8,-0.2,-0.7,0.5,-0.6,-0.8,-2.2,0.0,1.8,0.0,3.4,-0.6,0.5,0.3,3.8,0.7,-1.2,-3.5,-1.5,0.3,-1.0,0.6,0.0,0.7,4.3,0.0,0.0,7.0,0.4,-1.1,-1.2
201307,0.7,0.7,0.9,0.9,-0.1,-0.1,0.1,2.3,-0.3,-0.1,0.5,-0.4,0.4,-1.2,2.5,4.7,1.9,2.2,0.0,0.0,-1.4,-1.8,-1.0,0.4,-0.4,-0.5,-0.4,-0.4,-0.5,6.4,10.1,3.5,10.0,0.5,-1.9,-5.7,-2.4,-0.8,0.5,-0.2,-0.4,0.8,1.2,-0.7,1.3,1.1,1.2,0.7,0.1,-0.3,0.4,-0.6,-0.7,-2.0,0.0,2.6,0.1,4.6,-0.3,0.5,0.3,3.8,0.7,-0.9,-2.8,-0.6,0.2,-1.0,1.0,0.0,0.8,7.2,0.0,0.0,8.7,0.4,-0.8,-1.2
201308,0.9,0.8,1.1,1.0,0.0,-0.1,0.5,3.6,0.0,-0.3,1.5,0.8,0.5,-0.2,3.5,6.3,2.7,2.9,-0.2,0.0,-0.5,-0.9,-1.1,0.5,-0.4,-0.4,-0.4,-0.4,-0.4,6.0,8.9,3.6,11.8,0.6,-1.7,-5.0,-2.3,-0.4,0.4,-0.3,-0.4,0.8,0.9,-0.5,1.0,1.4,1.8,0.6,-0.3,-0.5,0.4,-0.5,-0.4,-2.1,0.0,3.1,-0.4,5.5,-0.2,0.5,0.3,3.8,0.7,-0.8,0.1,-0.5,0.1,-1.3,0.8,0.0,0.5,6.5,0.0,0.0,9.2,0.4,-0.8,-1.1
201309,1.1,0.7,1.4,0.9,0.0,0.0,1.7,11.0,0.1,-0.4,7.2,10.3,0.9,0.5,10.8,18.3,-0.5,-0.5,0.6,-0.3,-0.3,-1.6,-1.0,0.5,-0.4,-0.3,-0.4,-0.4,-0.1,5.4,7.6,4.0,9.6,0.6,-1.3,-4.5,-2.4,-0.1,0.4,0.5,-0.4,0.7,0.8,-0.6,0.8,1.4,1.7,0.8,-0.6,-0.6,0.5,-0.7,-1.0,-2.3,0.0,2.5,0.1,4.3,-0.3,0.7,0.3,3.8,1.1,-0.6,0.4,0.3,0.1,-1.2,0.7,0.0,0.1,6.6,0.0,0.0,7.4,0.5,-0.5,-1.1
201310,1.1,0.9,1.4,1.1,0.3,0.3,1.4,8.0,0.2,-1.7,3.9,4.8,2.0,1.7,8.4,14.1,1.1,1.2,0.2,-0.4,0.5,-0.5,-0.9,0.5,-0.4,-0.3,-0.4,-0.4,-0.1,5.7,8.2,4.0,9.7,0.7,-0.9,-2.9,-2.3,0.4,0.4,0.0,-0.4,0.6,0.5,-0.4,0.6,1.3,1.6,0.7,-0.1,-0.3,0.4,-0.5,-0.6,-1.9,0.0,1.7,0.1,3.0,-0.1,0.7,0.3,3.8,1.1,0.0,-0.9,0.6,0.0,0.0,3.2,0.0,0.9,6.6,0.0,6.5,7.0,0.5,0.1,-0.5
201311,1.5,1.2,1.9,1.5,0.5,0.6,1.9,11.1,0.4,-2.2,4.7,5.6,2.4,1.9,10.9,18.1,6.0,6.4,0.8,0.0,0.7,-1.3,-0.9,0.7,-0.4,-0.2,-0.4,-0.4,0.1,5.7,8.2,3.2,12.6,0.7,-0.2,-0.9,-2.1,0.4,0.5,0.5,-0.4,0.6,0.4,-0.1,0.5,1.5,1.7,1.0,-0.4,-0.6,0.5,-0.4,-0.4,-1.9,0.0,2.3,0.1,3.5,0.9,0.7,0.3,3.8,1.1,1.2,1.7,1.6,0.0,1.1,3.3,0.0,0.7,8.0,0.0,6.5,7.5,0.5,1.1,-0.5
201312,1.6,1.3,2.0,1.6,0.7,0.7,2.2,9.8,0.8,-2.0,5.9,7.5,3.2,3.2,8.3,13.6,6.1,6.5,0.7,1.0,0.8,-0.4,-0.5,0.7,-0.4,-0.2,-0.4,-0.4,0.0,5.5,8.2,2.7,11.3,0.7,0.3,0.7,-2.1,0.2,0.4,0.9,-0.4,0.6,0.7,-0.3,0.8,1.3,1.4,1.0,-0.3,-1.2,0.6,-0.4,-0.2,-1.8,0.0,2.1,-0.1,3.1,0.9,0.7,0.3,3.8,1.1,1.6,2.6,2.2,0.0,1.5,3.4,-0.1,1.1,8.2,0.0,6.6,6.8,0.6,1.4,0.0
201401,1.4,1.3,1.7,1.6,0.7,0.7,1.3,2.8,1.0,-2.2,6.0,7.3,3.9,3.1,0.1,0.4,1.4,1.5,1.3,0.9,1.4,-0.1,-0.4,0.9,-0.3,-0.2,-0.4,-0.4,0.1,5.6,8.5,3.5,9.1,0.5,1.9,6.4,-2.3,-0.4,0.5,1.0,-0.4,0.3,0.3,0.0,0.3,0.9,0.8,1.0,-0.2,-1.6,0.5,-0.4,-0.2,-2.0,0.0,2.0,-0.2,3.0,0.9,0.7,0.3,3.8,1.2,1.0,4.7,0.9,0.2,0.6,3.5,-0.1,1.4,8.1,0.0,6.6,6.9,0.7,0.9,0.0
201402,1.5,1.3,1.9,1.6,0.8,0.8,2.0,7.8,0.9,-2.1,9.2,12.6,3.6,3.7,2.9,4.9,6.4,6.6,1.9,0.3,1.2,-0.4,-0.3,0.9,-0.3,-0.2,-0.4,-0.4,0.1,5.8,9.3,5.0,2.5,0.5,2.1,7.3,-1.1,-0.3,0.2,0.7,-0.4,1.3,1.5,-0.1,1.5,2.0,2.4,1.1,0.2,-0.4,0.6,-0.5,-0.3,-2.3,0.0,1.3,-0.2,1.8,0.9,0.7,0.3,3.8,1.2,1.6,6.3,1.4,0.3,1.1,3.4,-0.1,0.6,8.6,0.0,6.6,5.8,0.7,1.4,0.2
201403,1.6,1.3,2.0,1.6,0.8,0.7,2.4,9.1,1.2,-1.8,9.1,11.7,5.0,4.0,5.4,8.8,5.9,6.2,2.5,-0.1,1.7,-0.1,-0.6,0.9,-0.3,-0.2,-0.4,-0.4,0.1,6.3,10.0,5.8,2.7,0.5,1.6,5.3,-2.1,-0.7,0.5,0.6,-0.4,0.4,0.0,0.2,0.0,1.4,1.3,1.4,-0.2,-0.6,0.8,-0.4,-0.4,-1.8,0.0,1.2,0.2,1.6,0.9,0.8,0.3,3.8,1.6,1.4,0.1,1.9,0.2,1.8,2.9,-0.1,-0.5,6.2,0.0,6.6,6.1,0.8,1.3,0.2
201404,3.4,3.2,4.1,3.9,2.7,2.3,5.0,10.0,4.1,0.8,11.0,12.7,7.8,7.5,6.5,8.6,8.6,8.8,5.5,2.7,4.9,2.7,3.1,3.4,0.0,1.0,-0.4,-0.5,2.7,6.9,10.1,6.0,7.9,0.5,5.4,9.4,1.1,2.6,3.7,5.5,2.4,2.2,1.9,3.8,1.8,2.4,1.5,4.5,2.0,1.6,4.0,1.9,3.7,1.4,1.0,3.2,5.9,2.6,3.3,2.3,1.7,1.7,3.6,4.5,3.2,7.2,3.0,4.1,4.8,2.2,2.6,9.1,4.2,6.7,7.9,2.2,4.2,2.4
201405,3.7,3.4,4.4,4.1,2.7,2.2,5.3,12.2,4.1,1.0,11.9,14.3,8.4,6.8,8.2,11.6,9.9,10.2,4.7,2.9,5.7,2.0,2.8,3.1,0.1,1.2,-0.4,-0.4,3.0,8.9,11.4,8.5,9.8,3.6,5.4,9.7,1.8,3.1,3.4,5.0,2.4,2.3,2.0,3.3,2.0,2.8,1.9,4.9,1.4,1.8,4.1,1.6,2.8,1.6,1.0,3.7,5.9,3.5,2.9,2.3,1.7,1.7,3.6,4.0,3.0,7.1,2.9,3.4,4.7,2.3,2.0,9.1,4.2,6.7,10.1,2.3,3.8,3.0
201406,3.6,3.3,4.4,4.0,2.7,2.3,5.2,11.1,4.1,0.5,11.7,15.0,9.3,6.9,7.6,10.7,6.6,6.7,4.4,3.2,5.9,1.6,2.9,3.1,0.1,1.3,-0.3,-0.4,3.3,8.1,9.9,7.7,10.1,3.5,5.1,8.5,1.7,3.4,3.6,5.1,2.4,2.0,1.7,2.6,1.7,2.5,1.6,4.6,1.3,1.5,4.0,1.4,2.0,1.4,1.0,3.6,5.9,3.8,1.8,2.3,1.7,1.7,3.6,4.7,8.0,7.4,3.0,3.6,4.7,2.3,2.0,9.0,4.2,6.7,9.6,2.2,4.4,2.2
201407,3.4,3.3,4.1,4.0,2.8,2.3,4.5,5.8,4.3,0.2,10.8,13.5,9.0,6.8,1.6,0.6,4.4,4.3,3.8,5.2,6.4,1.6,2.8,3.0,0.2,1.4,-0.3,-0.4,3.4,7.2,8.5,6.8,10.1,3.6,4.3,6.8,2.5,3.3,3.4,3.9,2.4,2.4,2.1,3.2,2.0,2.6,1.5,5.2,2.0,1.8,4.2,1.5,2.5,1.2,1.0,3.8,7.0,4.1,1.3,2.3,1.7,1.7,3.6,4.9,9.1,6.8,3.1,3.9,4.4,2.4,1.8,6.1,4.2,6.7,8.8,2.2,4.6,1.7
201408,3.3,3.1,4.0,3.8,2.7,2.3,4.9,9.0,4.2,0.4,12.7,17.0,9.3,6.3,5.0,6.1,2.8,2.7,3.8,5.2,5.9,1.0,2.8,3.0,0.1,1.3,-0.3,-0.4,3.3,6.4,7.6,6.1,8.2,3.5,4.6,6.6,2.5,3.8,4.2,4.3,2.4,2.7,2.6,3.2,2.6,3.0,2.0,5.0,2.3,1.6,4.3,1.4,2.3,1.3,1.0,2.8,6.9,2.7,0.8,2.3,1.7,1.7,3.6,4.5,6.6,6.4,3.1,3.9,4.5,2.6,2.0,6.6,4.2,6.7,6.8,2.3,4.3,1.3
201409,3.2,3.0,3.9,3.6,2.7,2.3,5.1,9.8,4.2,0.1,7.3,7.7,9.1,6.3,10.2,13.9,4.8,4.7,2.8,5.8,5.8,0.8,2.6,3.2,0.1,1.2,-0.3,-0.4,3.0,5.3,5.7,5.6,7.0,3.5,4.2,5.7,2.2,4.1,4.2,3.7,2.4,2.8,2.6,3.1,2.5,2.8,1.7,5.4,2.9,2.3,4.2,1.6,2.4,1.8,1.0,2.4,7.4,2.2,0.3,2.2,1.7,1.7,3.4,4.7,7.3,6.1,3.1,4.1,4.5,2.5,1.8,7.1,4.2,6.8,5.2,2.2,4.5,1.3
201410,2.9,2.9,3.4,3.5,2.7,2.2,3.8,2.4,4.1,-0.6,8.7,10.0,8.7,5.5,-0.2,-2.2,0.5,0.0,2.5,6.1,5.8,0.7,2.6,3.3,0.2,1.4,-0.3,-0.4,3.5,4.8,5.2,5.0,6.1,3.4,3.9,4.1,3.4,4.0,4.0,4.3,2.4,3.1,2.8,2.7,2.8,3.1,2.1,5.6,3.4,3.2,4.1,1.3,1.8,1.5,1.0,3.2,7.5,3.2,0.7,2.2,1.7,1.7,3.4,4.6,7.3,6.3,3.2,4.0,2.3,2.4,2.1,7.4,4.2,0.3,4.9,2.2,4.5,1.3
201411,2.4,2.7,2.9,3.2,2.5,2.1,2.9,-3.1,4.0,-0.6,8.2,8.9,9.0,5.0,-7.2,-12.8,-1.1,-1.6,2.3,5.8,5.3,1.3,2.6,3.2,0.2,1.4,-0.3,-0.4,3.4,4.9,6.0,5.3,1.6,3.4,3.3,2.2,3.1,4.2,4.2,4.0,2.4,3.4,3.5,2.7,3.5,3.1,2.2,5.2,3.4,3.3,4.2,1.5,2.1,1.9,1.0,2.6,7.9,2.1,0.8,2.2,1.7,1.7,3.4,3.8,3.9,5.7,3.3,3.2,2.2,2.4,2.2,5.9,4.2,0.3,3.9,2.2,3.8,1.3
201412,2.4,2.5,2.9,3.1,2.5,2.1,3.1,-0.6,3.9,-0.6,9.8,11.6,8.4,3.1,-5.1,-9.6,-0.5,-1.0,3.0,5.7,5.2,1.4,2.7,3.2,0.2,1.4,-0.3,-0.4,3.5,4.7,6.3,5.6,-3.4,3.4,3.4,2.8,3.3,4.6,4.5,3.3,2.4,3.2,2.9,2.7,2.9,3.2,2.2,5.4,3.5,3.5,4.1,1.5,2.0,2.0,1.1,2.0,7.8,1.2,0.8,2.2,1.7,1.7,3.4,3.7,1.7,5.3,3.1,3.7,2.2,2.4,2.0,6.5,4.2,0.3,2.8,2.3,3.7,1.3
201501,2.4,2.2,2.8,2.7,2.5,2.1,4.2,5.7,3.9,-0.3,9.5,11.3,8.2,2.5,2.5,1.9,4.9,4.8,2.7,6.1,5.3,1.3,2.4,3.4,0.2,1.6,-0.3,-0.4,3.8,3.9,6.9,5.3,-15.4,3.4,2.5,-0.5,3.6,4.8,4.7,3.2,2.2,3.9,3.5,2.5,3.6,4.4,3.7,5.8,3.9,3.6,4.1,1.7,2.4,2.7,1.0,0.4,7.8,-1.5,0.7,2.2,1.7,1.7,3.4,3.4,-0.1,6.1,3.1,3.2,2.2,2.5,2.0,7.0,4.2,0.2,-0.5,2.3,3.5,1.3
201502,2.2,2.0,2.6,2.5,2.5,2.0,4.1,5.3,3.9,-0.1,7.7,8.2,8.6,2.2,2.5,1.8,7.2,7.2,2.1,6.0,5.0,1.9,2.3,3.4,0.3,1.7,-0.3,-0.4,4.1,3.5,7.3,4.9,-21.7,3.4,1.6,-4.6,4.0,6.0,5.1,3.8,2.2,3.5,3.4,2.1,3.5,3.4,2.4,5.7,4.2,3.1,4.0,1.8,2.4,2.9,1.0,-0.4,7.8,-2.9,0.7,2.2,1.7,1.7,3.2,3.5,-1.5,5.9,3.2,3.6,2.2,2.5,2.0,6.4,4.2,0.2,-2.1,2.3,3.5,1.2
201503,2.3,2.2,2.8,2.6,2.5,2.1,4.2,6.3,3.8,-0.4,6.4,6.4,8.0,2.0,3.8,4.1,9.7,9.8,1.4,6.4,5.3,1.6,2.2,3.4,0.3,1.7,-0.3,-0.4,4.1,3.6,7.1,4.6,-19.1,3.4,2.4,-1.5,4.8,5.3,4.9,3.4,2.3,3.7,3.4,2.1,3.5,4.0,3.5,5.1,4.6,3.1,3.9,1.7,2.7,2.2,1.0,0.2,7.5,-1.7,0.5,2.2,1.7,1.7,3.3,3.8,-1.3,5.5,3.3,4.2,1.9,2.5,1.7,4.3,4.2,0.2,-1.0,2.3,3.7,1.2
201504,0.6,0.3,0.8,0.4,0.7,0.4,2.7,9.2,1.5,-3.1,3.7,3.7,5.6,1.7,9.1,14.0,8.5,8.7,-0.8,3.6,3.0,-0.7,-1.3,1.3,0.0,0.6,-0.3,-0.3,1.6,2.2,5.3,3.5,-21.6,3.4,-0.3,-3.1,2.0,2.1,2.2,-0.5,-0.7,1.8,1.6,-1.4,1.8,2.2,2.4,1.8,2.8,1.1,0.5,0.2,-0.3,-0.6,0.7,-2.4,1.6,-4.0,-0.9,1.5,1.9,1.4,0.6,-0.1,-3.5,0.7,0.5,0.1,0.3,0.4,1.2,1.8,0.0,-0.7,-3.4,1.5,0.1,-1.0
201505,0.5,0.1,0.7,0.2,0.7,0.4,3.1,11.0,1.6,-3.1,3.2,2.7,4.6,3.0,11.8,18.1,10.7,10.9,0.2,3.9,2.5,0.8,-1.0,1.3,-0.1,0.5,-0.3,-0.3,1.4,-1.7,0.5,-1.1,-21.7,0.3,0.3,-1.1,0.2,2.8,2.3,-0.2,-0.7,1.8,1.4,-1.3,1.5,1.9,2.0,1.5,3.9,1.1,0.5,0.5,0.6,-0.1,0.7,-2.4,1.7,-3.8,-1.6,1.5,1.9,1.4,0.6,0.7,-1.7,1.2,0.6,0.9,0.5,0.3,2.1,1.7,0.0,-0.7,-6.0,1.5,0.8,-1.7
201506,0.4,0.1,0.5,0.1,0.8,0.6,2.5,7.2,1.7,-2.7,2.6,2.2,4.3,3.5,8.6,13.2,4.8,4.6,0.0,3.8,2.0,0.9,-0.7,1.8,-0.1,0.5,-0.3,-0.3,1.4,-3.1,-1.5,-2.9,-21.1,0.3,0.7,0.6,0.0,2.8,2.1,-0.2,-0.7,2.0,1.6,-0.6,1.7,2.2,2.2,2.1,4.4,1.0,0.7,0.7,0.9,0.3,0.7,-2.0,1.7,-3.5,-0.6,1.5,1.8,1.4,0.6,0.7,0.4,1.1,0.5,0.7,0.5,0.3,1.8,2.1,0.1,-0.7,-7.0,1.5,0.8,-0.8
201507,0.2,0.0,0.3,0.0,0.9,0.6,2.5,7.3,1.6,-1.9,2.2,1.3,3.7,3.6,8.8,13.4,5.9,5.8,0.1,3.1,1.8,1.1,-0.9,1.8,-0.1,0.5,-0.3,-0.3,1.3,-4.7,-3.8,-4.8,-21.4,0.2,1.3,0.8,-1.0,3.4,2.2,2.0,-0.6,1.4,0.6,-0.7,0.7,1.6,1.4,2.0,4.7,0.7,0.6,0.8,0.9,0.8,0.7,-2.3,0.5,-4.2,0.4,1.4,1.8,1.4,0.6,1.2,1.9,1.6,0.5,1.1,0.7,0.3,2.0,4.1,0.1,-0.7,-8.7,1.5,1.2,-0.4
201508,0.2,-0.1,0.3,-0.1,1.0,0.8,2.7,7.6,1.8,-1.8,1.8,0.8,3.1,3.9,8.2,12.4,10.1,10.2,0.7,4.0,2.0,1.4,-0.8,1.8,0.0,0.6,-0.3,-0.2,1.5,-5.9,-5.1,-6.4,-23.0,0.2,1.6,2.0,-0.5,2.7,1.8,2.0,-0.6,1.7,0.8,-0.7,0.9,2.3,2.2,2.5,4.8,1.0,0.7,0.8,0.8,1.2,0.7,-2.7,0.4,-5.0,0.9,1.4,1.8,1.4,0.6,1.6,5.4,1.9,0.7,1.0,0.8,0.1,2.3,3.9,0.1,-0.4,-10.5,1.5,1.5,0.0
201509,0.0,-0.1,0.1,-0.1,1.2,0.9,2.2,3.6,1.9,-1.0,2.2,1.7,3.4,3.7,2.0,2.4,9.3,9.4,0.9,4.0,2.5,1.3,-0.5,1.7,0.0,0.6,-0.2,-0.2,1.5,-7.1,-6.5,-8.2,-25.1,0.2,1.8,3.5,-0.6,2.3,1.9,1.1,-0.6,1.7,1.1,-0.9,1.2,2.1,2.0,2.4,4.4,0.5,0.7,0.6,0.8,0.3,0.7,-2.9,0.4,-5.6,1.5,1.5,1.8,1.4,0.7,2.2,11.1,1.5,0.6,1.2,0.9,0.2,3.1,3.4,0.1,-0.5,-12.1,1.6,2.1,0.0
201510,0.3,-0.1,0.3,-0.1,1.1,0.7,3.4,9.6,2.2,1.2,2.7,2.5,3.5,3.3,10.7,15.9,9.0,9.1,1.6,4.7,2.6,0.8,-0.6,1.7,0.0,0.5,-0.2,-0.2,1.2,-7.0,-5.7,-8.4,-27.4,0.2,1.9,3.7,-1.4,2.8,2.1,1.1,-0.6,1.7,1.1,-0.4,1.2,1.9,1.6,2.7,4.2,0.8,0.7,0.6,0.8,-0.4,0.9,-3.3,0.3,-6.0,0.9,1.5,1.8,1.4,0.7,2.0,13.3,0.7,0.7,0.7,0.7,0.3,2.2,3.1,0.1,-0.5,-11.8,1.5,1.8,0.1
201511,0.3,0.1,0.4,0.1,1.3,0.9,2.9,6.3,2.3,1.9,2.9,3.2,3.2,3.0,5.6,8.3,8.0,8.0,1.5,4.8,3.1,1.2,-0.8,1.7,0.0,0.5,-0.2,-0.2,1.2,-6.8,-5.6,-8.1,-27.4,0.2,2.1,4.8,-1.7,2.4,2.1,1.2,-0.6,1.8,1.3,-0.3,1.4,2.1,1.6,3.1,4.2,1.2,0.8,0.7,1.1,-0.9,1.0,-2.8,-0.1,-5.2,1.1,1.5,1.8,1.4,0.7,2.5,14.0,0.5,0.6,1.7,0.7,0.3,2.2,3.1,0.1,-0.5,-11.1,1.6,2.3,0.1
201512,0.2,0.1,0.2,0.1,1.2,0.8,2.4,2.6,2.3,2.1,1.4,0.4,3.6,3.3,1.1,1.1,8.8,8.8,1.1,4.6,3.0,0.7,-1.0,1.7,-0.1,0.4,-0.2,-0.2,1.2,-6.6,-5.7,-7.8,-27.0,0.2,2.3,4.7,-2.5,2.9,2.2,1.9,-0.6,1.8,1.5,-0.5,1.6,1.8,1.2,3.0,4.2,1.3,0.8,0.8,1.3,-0.3,0.9,-2.8,-0.1,-5.2,1.2,1.5,1.8,1.4,0.6,2.2,14.7,0.3,0.7,1.1,0.7,0.4,2.4,2.7,0.1,-0.5,-11.0,1.5,2.0,0.1
201601,-0.1,-0.1,-0.1,-0.1,0.9,0.6,1.5,-0.2,1.9,2.2,1.0,0.2,2.8,2.9,-3.5,-5.7,10.4,10.6,0.5,4.3,2.4,0.5,-1.1,1.1,0.0,0.3,-0.2,-0.2,0.8,-6.7,-6.4,-8.5,-26.5,0.2,0.8,-0.2,-3.9,1.9,3.2,1.4,-0.4,1.5,1.0,-0.6,1.0,1.3,0.7,2.9,4.3,0.5,0.6,0.8,0.1,0.3,1.3,-1.9,0.0,-4.0,1.3,1.5,1.9,1.4,0.5,1.1,8.4,0.4,0.7,0.8,0.7,0.3,2.0,1.6,0.1,0.0,-10.7,1.7,1.0,0.0
201602,0.2,0.0,0.3,0.0,1.0,0.6,2.5,6.2,1.9,1.9,0.7,-0.2,2.5,3.2,4.2,5.7,14.8,15.2,0.9,4.1,2.7,0.4,-0.9,1.0,0.0,0.3,-0.2,-0.2,0.8,-7.3,-7.6,-9.3,-25.6,0.2,0.3,-1.1,-4.5,1.6,3.1,0.9,-0.4,2.3,1.9,0.3,1.9,2.4,2.1,2.9,5.0,1.1,0.8,0.8,0.1,0.4,1.3,-1.7,0.0,-3.6,1.3,1.8,1.9,1.4,1.6,1.4,9.1,0.8,0.3,1.0,0.7,0.3,2.0,1.5,0.1,0.0,-11.0,2.0,1.2,0.0
201603,0.0,-0.3,0.0,-0.3,0.9,0.6,2.5,6.1,1.8,2.0,0.8,0.0,2.2,3.2,4.4,6.0,13.8,14.4,0.9,4.3,2.3,0.5,-0.9,1.1,0.0,0.4,-0.2,-0.2,0.9,-8.5,-9.1,-10.8,-27.9,0.2,0.1,-3.1,-4.6,2.1,5.3,1.0,-0.5,2.1,1.7,0.3,1.7,1.8,1.2,3.1,5.0,1.2,0.8,0.9,0.1,1.2,1.3,-2.4,0.0,-4.9,1.4,1.8,1.9,1.4,1.6,1.1,8.1,1.1,0.3,0.7,0.8,0.3,2.6,1.4,0.1,0.0,-13.4,2.0,1.0,0.0
201604,-0.3,-0.4,-0.3,-0.4,0.8,0.5,1.3,0.9,1.4,2.0,0.4,-0.1,1.5,0.9,-0.9,-1.9,8.0,8.2,0.9,4.0,1.6,-0.3,-0.6,1.0,-0.1,0.5,-0.3,-0.2,1.1,-9.1,-9.9,-12.0,-27.0,0.4,0.1,-3.2,-3.5,2.3,5.3,0.4,0.1,2.3,2.0,0.1,2.0,1.9,1.5,3.1,5.2,1.6,1.0,0.9,-0.4,0.9,1.5,-2.1,0.1,-3.9,0.2,1.5,1.7,0.0,1.2,1.3,7.5,0.8,0.4,1.1,0.9,0.2,0.0,1.3,1.7,1.7,-12.8,1.7,1.2,-0.5
201605,-0.5,-0.4,-0.5,-0.4,0.7,0.5,0.7,-1.6,1.2,2.0,0.3,0.1,1.5,0.2,-3.7,-5.9,4.8,4.8,0.6,3.5,1.4,-1.0,-0.4,1.0,-0.1,0.5,-0.3,-0.3,1.2,-9.0,-9.7,-11.9,-27.1,0.4,0.2,-2.6,-3.2,1.7,5.2,0.2,0.1,2.2,2.0,0.0,2.0,2.1,1.8,2.9,4.4,1.2,1.0,0.8,-0.4,0.5,1.5,-2.4,-0.1,-3.9,-0.4,1.5,1.7,0.0,1.2,1.6,6.3,0.7,0.4,1.7,0.8,0.3,-0.4,1.4,1.7,1.7,-12.8,1.7,1.4,-1.0
201606,-0.4,-0.4,-0.4,-0.4,0.7,0.5,1.1,0.1,1.3,1.8,1.3,1.0,1.5,-0.3,0.5,0.2,-1.0,-1.3,1.3,3.2,1.6,0.4,-0.4,0.9,-0.1,0.5,-0.3,-0.3,1.2,-8.7,-9.5,-11.4,-25.6,0.4,-0.1,-3.6,-3.5,1.8,5.5,0.0,0.1,2.0,1.9,0.1,1.9,1.7,1.3,2.6,4.4,1.0,0.8,1.0,0.1,0.5,1.5,-2.1,-0.1,-3.5,-0.4,1.5,1.7,0.0,1.2,1.3,1.7,0.6,0.2,1.7,0.8,0.2,-0.3,1.4,1.6,1.7,-12.0,1.8,1.1,-1.0
201607,-0.4,-0.5,-0.4,-0.5,0.5,0.3,1.1,0.7,1.2,1.5,1.2,1.0,1.8,-0.7,0.0,-0.7,3.1,3.1,0.9,2.5,1.5,0.5,-0.1,0.8,-0.1,0.5,-0.3,-0.3,1.2,-7.7,-8.2,-10.1,-25.4,0.4,-0.8,-4.5,-3.5,1.2,5.4,-1.4,0.1,2.4,2.5,-0.1,2.6,2.1,2.0,2.3,3.9,1.2,0.8,0.9,-0.3,0.6,1.5,-2.6,0.0,-3.9,-1.3,1.6,1.7,0.0,1.2,0.8,0.0,0.5,0.5,1.1,0.7,0.2,-0.5,0.9,1.6,1.7,-11.3,1.7,0.7,-1.0
201608,-0.5,-0.5,-0.5,-0.5,0.4,0.2,0.6,-1.7,1.1,1.6,1.4,1.4,1.7,-0.6,-3.0,-5.1,1.3,1.2,0.6,1.7,1.6,0.4,-0.1,0.8,-0.1,0.4,-0.3,-0.3,1.1,-7.2,-7.6,-9.4,-24.3,0.4,-1.2,-5.2,-4.0,1.2,5.0,-1.6,0.1,2.4,2.7,-0.1,2.8,1.8,1.6,2.3,3.9,2.0,0.7,0.9,-0.4,0.7,1.6,-2.3,-0.5,-3.2,-1.3,1.6,1.7,0.0,1.2,0.4,-2.4,-0.1,0.3,0.8,0.6,0.3,-0.6,1.3,1.7,1.2,-10.2,1.7,0.2,-1.0
201609,-0.5,-0.5,-0.5,-0.5,0.2,0.0,0.6,-0.8,0.8,1.4,3.8,5.1,1.3,-1.1,-1.8,-3.1,-3.2,-3.6,0.8,1.6,0.7,0.5,-0.1,0.7,-0.1,0.4,-0.4,-0.3,1.2,-6.2,-6.5,-8.2,-21.6,0.4,-1.5,-6.8,-4.6,1.8,5.1,-0.9,0.1,1.5,1.4,0.0,1.4,0.5,0.1,1.8,4.1,1.5,0.9,1.0,-0.1,1.3,1.6,-2.1,-0.2,-2.3,-2.7,1.5,1.7,0.0,1.1,0.3,-7.8,0.2,0.4,1.1,0.6,0.2,-0.5,1.2,1.7,1.2,-8.4,1.7,0.1,-1.0
201610,0.1,-0.4,0.2,-0.4,0.3,0.2,2.3,11.4,0.6,1.4,3.5,4.7,0.9,-1.6,11.3,16.0,9.4,10.1,0.3,0.5,0.4,0.6,-0.2,0.7,-0.2,0.2,-0.4,-0.4,0.8,-6.0,-6.8,-7.8,-19.0,0.4,-1.0,-4.2,-4.7,1.0,4.5,-1.2,0.1,1.2,1.2,0.0,1.2,0.2,-0.2,1.4,3.4,0.9,0.9,1.0,0.3,1.5,1.2,-1.7,0.0,-1.7,-2.5,1.5,1.7,0.0,1.1,1.0,-5.5,2.0,0.2,1.5,0.7,0.2,-0.2,1.3,1.7,1.2,-7.9,1.6,0.9,-1.1
201611,0.5,-0.4,0.6,-0.4,0.2,0.1,3.6,21.6,0.5,1.3,4.1,5.8,0.9,-1.4,24.4,37.3,11.9,12.7,0.2,0.2,0.1,0.5,0.1,0.5,-0.2,0.2,-0.4,-0.4,0.8,-5.8,-6.9,-7.9,-13.7,0.5,-0.7,-3.7,-4.0,0.5,4.5,-0.9,0.1,1.0,1.0,-0.2,1.1,0.1,-0.4,1.2,3.5,0.6,0.8,0.9,0.2,1.7,1.0,-1.5,-0.1,-1.1,-3.0,1.5,1.7,0.0,1.1,0.8,-5.4,2.6,0.1,0.9,0.4,0.3,-1.1,1.1,1.7,1.2,-6.7,1.6,0.6,-1.1
201612,0.3,-0.2,0.4,-0.2,0.1,0.0,2.5,13.8,0.5,1.6,3.3,4.4,0.5,-0.9,15.3,23.1,8.8,9.5,0.2,0.4,0.3,0.6,0.0,0.5,-0.2,0.2,-0.4,-0.4,0.7,-4.8,-6.5,-7.7,0.0,0.5,-1.0,-3.8,-3.7,0.1,4.0,-1.7,0.1,0.6,0.3,-0.1,0.4,-0.3,-0.8,0.8,3.8,-0.2,1.1,0.8,-0.1,1.4,1.0,-0.7,-0.3,0.4,-2.9,1.5,1.7,0.0,1.1,0.5,-4.9,0.9,0.1,1.1,0.3,0.2,-1.4,0.7,1.7,1.2,-4.4,1.5,0.4,-1.1
201701,0.4,0.1,0.6,0.2,0.2,0.1,1.8,8.0,0.6,1.5,4.1,5.4,0.6,-0.5,8.1,11.6,4.4,4.8,0.7,0.1,0.2,0.7,0.7,0.4,-0.2,0.3,-0.4,-0.4,1.0,-3.4,-5.6,-7.4,19.7,0.5,-0.1,-1.3,-4.0,1.1,3.7,-1.1,0.0,1.1,1.2,0.2,1.2,0.5,0.4,0.6,3.0,-0.2,1.1,0.5,-1.0,1.5,1.0,0.3,-0.2,2.5,-3.8,1.5,1.7,0.0,0.9,0.9,-3.6,0.6,0.2,1.6,0.4,0.2,-1.3,1.0,1.7,1.2,-0.8,1.3,0.7,-1.5
201702,0.3,0.2,0.4,0.3,0.1,-0.1,0.8,1.4,0.7,1.4,4.7,6.1,1.0,-0.5,1.4,1.5,-3.7,-3.9,0.4,0.5,0.2,0.4,0.9,0.4,-0.2,0.1,-0.4,-0.4,0.6,-2.1,-4.0,-6.5,29.8,0.5,0.6,0.6,-3.1,1.1,3.7,-0.9,-0.1,1.3,1.6,-0.3,1.7,0.8,0.6,1.2,2.3,-0.2,1.0,0.6,-0.7,1.1,1.1,0.3,0.0,3.4,-5.4,1.0,1.7,0.5,-0.6,0.4,-4.2,0.1,0.5,0.9,0.3,0.1,-1.7,1.3,1.7,1.2,1.6,1.0,0.3,-2.1
201703,0.2,0.2,0.3,0.4,-0.1,-0.3,0.5,-0.4,0.7,1.3,5.4,6.9,1.1,-0.4,-1.1,-2.6,-4.5,-4.8,0.1,0.2,0.3,0.5,1.5,0.3,-0.2,0.2,-0.4,-0.4,0.7,-0.8,-2.0,-5.2,29.9,0.5,-0.8,-1.6,-3.4,2.2,1.4,-2.3,0.1,0.6,0.2,0.0,0.2,1.0,0.9,1.1,1.4,-0.1,0.9,0.5,-0.7,0.6,1.1,0.2,-0.3,4.4,-7.4,1.0,1.7,0.5,-0.6,0.7,-4.6,0.4,0.2,1.4,0.4,0.1,-0.9,0.6,1.7,1.2,3.9,1.0,0.5,-2.1
201704,0.4,0.3,0.5,0.4,0.0,-0.3,0.9,1.8,0.8,1.3,6.7,9.0,1.2,-0.8,0.2,-0.7,-2.0,-2.2,0.3,0.4,0.4,1.2,1.2,0.2,-0.2,0.1,-0.3,-0.4,0.5,0.9,0.9,-3.2,28.1,0.3,-0.9,-2.2,-3.8,1.3,1.4,-1.4,0.1,-0.1,-0.2,0.2,-0.2,-0.7,-1.2,0.5,1.3,-0.2,0.8,0.2,0.2,0.8,0.1,0.3,-0.5,3.1,-4.5,0.7,0.6,0.7,0.9,0.6,-3.5,-0.1,0.2,1.3,0.2,0.0,-0.6,0.7,0.7,0.5,4.5,0.6,0.4,-1.6
201705,0.4,0.4,0.5,0.6,0.0,-0.2,0.8,0.4,0.8,1.4,5.9,7.2,1.6,-0.6,-0.2,-1.3,-3.8,-4.1,-0.5,0.6,0.5,1.4,0.8,0.2,-0.2,0.1,-0.3,-0.3,0.4,2.2,2.5,-1.5,27.8,0.4,-1.1,-2.2,-4.3,0.9,1.2,-1.6,0.1,0.1,0.2,0.2,0.2,-0.6,-1.1,0.6,0.8,-0.3,0.8,0.3,0.4,0.9,0.1,0.3,-0.4,2.6,-3.7,0.6,0.5,0.7,0.9,0.6,-3.7,0.1,0.4,1.2,0.1,0.1,-1.0,0.4,0.7,0.5,5.1,0.6,0.4,-1.1
201706,0.4,0.4,0.5,0.5,0.0,-0.2,0.8,0.5,0.9,1.7,5.5,6.7,1.1,-0.5,-1.9,-4.0,1.4,1.3,-0.9,0.6,0.2,0.0,5.5,0.1,-0.2,0.0,-0.3,-0.3,0.2,3.5,4.9,0.1,23.0,0.4,-0.8,-1.0,-4.6,0.0,1.1,-1.8,0.1,0.2,0.4,0.3,0.4,-0.3,-0.8,1.1,0.7,-0.3,0.9,0.0,-0.3,0.4,0.1,-0.1,-0.3,1.4,-3.1,0.4,0.2,0.7,0.8,-0.1,-3.7,0.3,0.7,0.0,-0.1,0.2,-1.5,0.4,0.7,0.5,4.9,0.4,-0.2,-1.1
201707,0.4,0.5,0.6,0.6,0.1,-0.1,0.6,-1.1,0.9,1.5,4.9,5.7,1.2,-0.3,-3.6,-6.6,0.9,0.9,0.5,0.9,0.0,-0.2,5.1,0.1,-0.2,-0.1,-0.2,-0.3,0.1,4.3,6.1,1.4,21.2,0.6,-0.4,0.0,-4.7,-0.2,1.1,-1.4,0.1,0.0,0.0,0.2,0.0,-0.2,-0.9,1.5,0.1,0.0,0.8,0.1,-0.1,0.3,0.1,0.1,0.0,1.5,-2.8,0.4,0.2,0.7,0.8,0.0,-4.0,-0.2,0.5,0.4,0.1,0.3,-1.0,0.5,0.7,0.5,5.8,0.4,-0.1,-1.1
201708,0.7,0.7,0.8,0.8,0.2,0.0,0.9,0.8,0.9,1.5,4.2,4.5,1.6,-0.6,-1.3,-3.4,3.4,3.7,0.1,0.8,-0.2,-0.2,4.9,0.1,-0.2,0.0,-0.3,-0.3,0.2,5.2,7.0,3.1,21.4,0.6,-0.2,1.0,-4.7,0.0,1.1,-1.7,0.1,0.6,0.7,0.1,0.7,0.7,0.5,1.2,0.4,-0.1,0.7,1.8,0.3,0.3,3.1,-0.4,-0.5,1.8,-4.5,0.4,0.2,0.7,0.8,0.4,-2.8,0.0,0.3,0.9,0.3,0.2,-0.1,0.1,0.7,0.6,7.0,0.4,0.2,-2.5
201709,0.7,0.7,0.9,0.9,0.2,0.0,1.0,1.2,1.0,1.4,5.6,7.1,1.7,-0.4,-1.7,-3.8,3.3,3.6,0.3,0.5,0.5,-0.2,4.3,0.2,-0.2,0.0,-0.2,-0.2,0.3,6.0,7.9,4.6,21.1,0.7,-0.2,1.2,-1.8,-0.6,0.8,-2.3,0.1,-0.3,-0.7,0.7,-0.7,-0.2,-0.8,1.0,0.4,-0.6,0.7,1.8,0.3,0.2,3.1,0.0,0.0,1.7,-3.5,0.4,0.2,0.7,0.9,0.2,-2.1,-0.4,0.3,0.7,0.1,0.3,-0.9,0.0,0.7,0.6,7.6,0.4,0.2,-2.5
201710,0.2,0.8,0.3,1.0,0.2,0.0,-1.3,-12.1,1.0,1.2,5.3,6.7,1.8,-0.5,-17.1,-25.0,-4.9,-5.4,1.0,0.7,0.5,0.3,4.2,0.2,-0.1,0.2,-0.2,-0.2,0.5,6.2,7.9,5.2,24.5,0.6,-0.3,0.8,-1.2,0.2,0.6,-2.4,0.1,-0.1,-0.5,0.4,-0.6,0.1,-0.2,1.0,0.3,-0.2,0.6,1.6,-0.2,-0.2,3.1,0.6,0.1,2.2,-2.5,0.4,0.2,0.7,0.9,-0.1,-1.1,-1.3,0.4,0.3,0.2,0.3,-0.9,0.1,1.1,0.7,8.6,0.5,-0.1,-2.5
201711,0.6,0.9,0.7,1.1,0.3,0.1,-0.1,-6.1,1.1,1.7,4.7,5.3,1.8,-0.4,-8.1,-12.7,-4.9,-5.3,0.4,0.8,0.7,-0.1,4.0,0.3,-0.1,0.2,-0.2,-0.2,0.6,5.9,7.3,4.8,26.0,0.6,-0.5,0.3,-2.0,0.2,0.0,-2.1,0.2,-0.3,-0.8,0.4,-0.9,0.1,-0.3,1.1,0.2,-0.7,0.7,1.6,-0.2,-0.3,3.1,0.8,0.3,2.6,-2.4,0.4,0.2,0.7,0.9,0.3,-0.8,-1.4,1.0,0.9,0.5,0.3,0.3,0.4,1.1,0.7,8.5,0.4,0.3,-2.4
201712,1.0,0.9,1.3,1.1,0.3,0.1,1.8,4.8,1.2,1.6,5.6,6.5,1.8,-1.1,5.4,6.4,-0.3,-0.4,0.8,0.8,0.9,-0.1,4.3,0.4,-0.1,0.1,-0.2,-0.2,0.4,5.2,6.7,4.3,16.5,0.6,-0.9,-0.8,-2.1,0.1,-0.2,-1.9,0.1,-0.3,-0.8,0.6,-0.8,0.4,-0.1,1.6,-0.1,-0.4,0.3,1.6,-0.1,-0.8,3.1,0.8,0.4,2.5,-2.3,0.4,0.2,0.7,0.9,0.4,-1.5,0.4,1.1,0.5,0.7,0.3,0.6,1.0,1.1,0.7,7.7,0.5,0.4,-2.4
201801,1.4,0.9,1.7,1.1,0.4,0.1,3.2,12.5,1.3,1.6,5.2,5.7,1.7,0.0,15.6,21.3,4.2,4.4,0.7,0.9,1.0,0.1,3.6,0.5,-0.1,0.1,-0.2,-0.2,0.3,4.6,6.4,3.8,9.6,0.6,-1.2,-2.0,-0.9,-0.3,0.2,-2.0,0.2,0.5,0.7,1.1,0.7,0.4,0.0,1.4,0.1,0.8,0.3,1.6,0.3,-1.0,3.1,0.7,0.2,2.0,-1.7,0.4,0.2,0.7,0.9,0.5,-1.1,0.1,1.0,0.6,0.5,0.3,0.1,0.8,1.1,0.7,6.7,0.4,0.4,-2.2
201802,1.5,1.0,1.8,1.2,0.5,0.3,3.0,12.4,1.2,1.8,4.3,4.3,1.0,-0.3,15.6,21.4,5.6,5.9,0.8,0.7,0.7,0.0,3.3,0.6,-0.1,0.1,-0.2,-0.2,0.4,4.3,5.8,3.3,12.8,0.6,-1.7,-3.8,-2.2,-0.5,0.2,-1.8,0.3,0.3,0.2,0.2,0.2,0.5,0.2,1.0,0.3,0.6,0.6,1.8,0.6,-0.5,3.1,1.5,0.0,2.6,0.0,0.4,0.2,0.2,0.8,1.3,-1.5,0.2,0.9,2.0,0.6,0.4,0.7,0.5,1.1,0.7,7.0,0.4,1.1,-1.7
201803,1.1,0.9,1.3,1.1,0.5,0.3,1.9,6.3,1.1,1.8,4.3,4.4,0.7,-0.3,7.4,9.2,3.3,3.4,0.6,0.4,0.8,-0.1,2.8,0.7,-0.2,-0.1,-0.2,-0.2,0.1,4.0,5.2,2.8,13.3,0.6,-1.4,-3.3,-0.9,-1.5,0.0,-0.7,0.1,0.0,-0.3,0.0,-0.4,0.1,-0.2,0.7,0.7,0.1,0.9,1.7,0.2,-0.6,3.1,1.7,0.3,1.8,2.5,0.3,0.2,0.2,0.6,0.5,-2.5,-0.4,1.1,0.9,0.5,0.4,-0.1,0.5,1.1,0.7,5.7,0.4,0.4,-1.5
201804,0.6,0.7,0.8,0.9,0.4,0.1,0.7,-1.5,1.1,2.0,2.6,1.3,0.5,2.6,-2.1,-5.3,2.2,2.2,-0.1,0.1,0.4,-0.4,2.8,0.8,-0.2,0.0,-0.2,-0.1,0.2,3.6,4.4,2.6,13.6,0.5,-1.5,-3.8,-2.9,-0.9,0.0,-0.4,0.0,0.1,-0.2,-0.2,-0.1,0.2,-0.1,1.2,0.3,-0.2,1.2,1.9,-0.5,-0.6,3.8,1.1,0.5,2.1,-0.7,0.3,0.2,0.0,0.6,0.2,-5.0,-0.3,1.1,0.7,0.1,0.4,-0.4,0.6,1.1,0.0,5.3,0.4,0.2,-1.6
201805,0.7,0.7,0.8,0.9,0.3,0.1,0.8,-0.7,1.1,1.7,3.5,2.9,0.1,3.0,-1.8,-5.1,2.7,2.6,0.5,-0.5,0.3,-0.5,2.8,0.9,-0.1,0.1,-0.2,-0.1,0.3,3.1,3.3,2.4,14.3,0.7,-1.5,-3.5,-2.4,-0.8,0.0,-0.8,0.0,0.1,-0.3,-0.3,-0.3,0.3,0.1,0.8,0.4,0.3,1.2,1.9,-0.6,-0.4,3.8,1.3,0.2,2.7,-1.0,0.3,0.2,0.0,0.7,0.0,-3.8,-0.8,0.9,0.5,0.3,0.4,0.3,0.6,1.1,0.0,5.6,0.4,0.0,-1.6
201806,0.7,0.8,0.8,1.0,0.2,0.0,0.4,-1.2,0.7,1.6,3.2,2.7,0.1,2.9,-1.1,-4.0,-1.1,-1.3,0.2,-0.7,0.3,-0.4,-2.1,0.9,-0.1,0.1,-0.2,-0.1,0.4,3.3,3.1,2.5,20.5,0.7,-1.0,-2.9,-2.1,-0.4,-0.2,0.2,0.0,0.0,-0.4,-0.3,-0.4,0.1,-0.1,0.5,0.1,0.2,1.4,2.0,-0.3,0.2,3.8,1.4,0.3,4.0,-3.5,0.5,0.4,0.0,0.8,0.8,-2.9,-0.7,0.8,1.6,0.4,0.2,0.7,0.9,1.1,0.0,7.3,0.5,0.7,-3.1
201807,0.9,0.8,1.1,1.0,0.3,0.0,1.4,4.3,0.8,1.9,3.9,4.0,0.2,3.1,4.3,4.4,4.3,4.6,-0.6,-0.1,0.5,-0.4,-1.9,1.0,-0.1,0.1,-0.2,-0.2,0.4,3.1,2.5,2.6,22.2,0.6,-1.1,-2.1,-1.8,0.0,-0.6,-0.6,0.0,0.3,-0.2,-0.3,-0.2,0.7,1.1,-0.2,0.4,0.5,1.4,2.0,-0.5,0.2,3.8,1.5,0.2,4.3,-3.4,0.5,0.4,0.0,0.8,0.6,-2.4,0.0,0.8,1.1,0.3,0.2,0.3,0.5,1.1,0.0,7.3,0.5,0.6,-3.1
201808,1.3,0.9,1.5,1.1,0.4,0.2,2.1,8.7,0.9,1.9,4.8,5.8,0.1,3.3,11.3,15.5,1.0,0.9,-0.1,-0.4,0.7,0.0,-1.7,1.1,-0.1,0.1,-0.2,-0.1,0.3,3.4,3.1,2.6,22.3,0.6,-1.1,-2.5,-1.3,0.0,-0.5,-0.5,0.0,-0.1,-0.6,-0.7,-0.6,0.0,0.2,-0.3,-0.1,0.3,1.6,1.1,-0.5,0.5,2.0,2.0,0.4,4.2,-1.9,0.5,0.4,0.0,0.8,1.6,-2.1,-0.3,0.9,2.7,0.0,0.1,-0.7,0.7,1.1,0.0,7.4,0.5,1.5,-1.7
201809,1.2,1.0,1.4,1.2,0.4,0.1,1.8,5.6,1.0,2.0,1.9,0.4,0.3,3.1,8.1,10.4,3.5,3.5,-0.1,-0.1,0.9,0.3,-1.4,1.0,-0.1,0.1,-0.2,-0.1,0.2,3.7,3.6,2.8,23.2,0.4,-1.0,-2.0,-3.6,0.0,-1.1,0.4,0.0,0.1,0.2,-0.9,0.2,0.0,0.0,-0.2,-0.3,0.0,1.5,1.0,-0.5,0.5,2.0,2.1,0.2,4.5,-1.9,0.5,0.4,0.0,0.7,1.0,1.7,0.2,1.0,1.3,0.2,0.1,-0.1,0.7,1.1,0.0,8.1,0.5,1.0,-2.0
201810,1.4,1.0,1.7,1.2,0.4,0.2,2.4,10.8,0.9,1.6,1.6,0.1,0.4,3.0,14.4,20.4,7.8,8.3,-0.8,-0.1,0.7,-0.3,-1.2,1.0,-0.2,-0.1,-0.2,-0.1,0.0,4.4,4.5,3.2,25.8,0.4,-1.0,-2.0,-3.9,-0.6,-0.5,0.3,0.0,0.1,0.2,-0.8,0.2,0.0,0.0,-0.1,0.0,-0.1,1.6,1.1,-0.3,0.8,1.9,1.9,0.1,4.6,-2.7,0.5,0.4,0.0,0.7,1.4,-0.3,1.7,1.0,1.5,0.8,0.1,-0.6,0.6,8.6,0.7,8.9,0.5,1.2,-1.8
201811,0.8,0.9,1.0,1.1,0.3,0.1,0.5,-1.4,0.9,1.1,1.5,-0.2,0.1,2.8,-2.0,-4.5,3.6,3.6,0.2,0.1,0.6,0.1,-1.1,1.1,-0.1,0.0,-0.2,-0.2,0.1,5.0,5.6,4.0,21.9,0.4,-0.7,-0.6,-1.5,-0.6,-0.6,-0.8,0.0,0.1,-0.1,-0.6,-0.1,0.0,0.0,-0.2,0.4,-0.1,1.6,1.2,-0.3,1.1,1.9,1.2,0.1,3.3,-2.8,0.5,0.4,0.0,0.7,1.0,-1.0,0.6,0.4,1.5,0.9,0.1,-0.3,0.5,8.6,0.7,8.1,0.5,0.9,-1.8
201812,0.3,0.7,0.3,0.9,0.3,0.1,-1.1,-9.4,0.7,1.0,1.8,0.6,0.1,2.6,-12.7,-19.7,-0.3,-0.7,-0.3,-0.4,0.1,0.1,-1.5,1.0,-0.1,0.1,-0.1,-0.1,0.3,5.0,6.4,4.8,12.2,0.4,0.1,0.5,-1.1,-0.2,-0.2,0.2,0.0,0.1,-0.1,-0.7,-0.1,0.1,0.1,-0.1,0.2,0.5,1.7,1.3,-0.2,1.5,1.9,-0.1,-0.2,1.3,-2.9,0.5,0.4,0.0,0.7,0.9,-0.3,-1.4,0.3,2.0,0.8,0.1,-0.6,0.1,8.6,0.7,6.0,0.4,0.8,-2.0
201901,0.2,0.8,0.2,0.9,0.4,0.3,-1.5,-11.1,0.6,0.7,1.5,0.5,0.3,2.8,-14.4,-21.2,-2.7,-3.3,-0.6,-0.2,0.1,-0.3,-1.1,1.1,-0.1,0.1,-0.1,-0.1,0.2,5.2,7.2,5.6,6.3,0.4,-0.1,0.2,-1.7,0.1,-0.2,0.0,0.0,0.2,-0.3,-0.7,-0.3,0.9,1.2,0.5,-0.3,0.5,1.9,1.3,-0.1,1.3,1.9,-0.2,0.3,0.8,-2.8,0.5,0.4,0.0,0.7,1.5,-1.6,-0.8,1.9,2.5,0.9,0.1,-0.2,0.1,8.6,0.7,4.9,0.4,1.4,-1.9
201902,0.2,0.7,0.2,0.9,0.4,0.3,-1.4,-11.0,0.6,0.7,1.6,0.6,0.4,2.4,-15.0,-22.2,-1.0,-1.4,-0.4,-0.2,0.4,0.1,-1.4,1.0,0.0,0.2,-0.1,-0.1,0.4,5.3,7.7,6.2,1.6,0.4,0.8,3.5,-1.1,0.9,-0.7,-0.4,0.1,0.0,-0.8,-0.5,-0.8,0.6,0.7,0.3,0.2,-0.1,1.8,1.2,-0.4,1.1,1.9,-0.6,0.3,0.2,-2.8,0.4,0.4,0.0,0.6,1.4,-0.6,0.0,2.0,1.9,0.9,0.1,-0.3,0.2,8.6,0.7,4.5,0.5,1.3,-1.8
201903,0.5,0.8,0.6,1.0,0.4,0.3,-0.3,-6.0,0.8,0.5,1.1,-0.3,0.8,2.3,-9.0,-14.2,2.8,2.7,-0.2,0.6,0.3,0.2,-1.1,1.1,0.0,0.2,-0.1,-0.1,0.4,5.1,7.3,6.3,2.5,0.4,1.5,5.5,-1.8,0.8,-0.8,0.1,0.2,0.1,-0.4,0.1,-0.5,0.2,0.3,0.0,0.7,0.4,1.8,1.3,0.1,1.0,1.9,-0.3,0.1,0.9,-3.0,0.5,0.4,0.0,1.0,0.9,-0.1,0.7,2.1,0.9,1.0,0.2,-0.2,0.7,8.6,0.7,5.1,0.5,0.9,-1.8
201904,0.9,0.9,1.0,1.1,0.6,0.5,0.7,-0.3,0.9,0.8,1.6,0.4,1.0,1.5,-0.1,-0.6,-0.5,-0.7,0.2,0.9,1.0,0.1,-1.3,1.0,0.1,0.4,-0.1,0.0,0.8,4.4,5.8,5.5,3.0,0.5,1.6,6.2,0.0,0.7,-1.4,-0.4,0.9,0.1,-0.5,0.8,-0.5,0.2,0.3,0.1,0.8,0.4,1.7,0.9,-0.2,1.1,1.3,-0.2,0.1,1.1,-3.0,0.5,0.4,0.2,0.9,2.0,1.3,1.0,2.2,2.3,1.1,0.2,-0.2,1.8,7.8,0.7,4.6,0.5,1.8,-1.8
201905,0.7,0.8,0.9,0.9,0.5,0.3,0.8,-0.1,1.0,1.1,1.6,0.9,0.9,1.9,0.2,0.0,-1.1,-1.4,0.0,1.8,0.9,0.2,-1.0,1.0,0.1,0.4,-0.1,0.0,0.9,3.2,3.6,4.8,5.1,0.3,2.6,7.8,1.2,0.6,-1.0,1.0,0.9,0.0,-0.5,0.4,-0.5,-0.2,-0.3,0.1,0.8,0.1,1.7,0.7,-0.7,1.0,1.3,-0.4,0.2,1.2,-4.1,0.6,0.4,0.2,1.0,1.3,1.3,1.4,2.6,1.0,1.0,0.3,-0.7,1.8,7.8,0.7,3.7,0.5,1.2,-1.8
201906,0.7,0.6,0.8,0.7,0.5,0.3,1.4,2.8,1.2,1.3,2.0,1.2,1.4,2.0,0.9,1.0,7.7,8.1,0.3,2.6,1.1,0.3,-0.9,1.0,0.1,0.5,0.0,0.0,1.0,2.2,2.5,3.9,0.3,0.3,1.8,5.1,1.5,1.2,-1.1,0.7,1.0,0.0,-0.6,0.2,-0.6,-0.1,-0.2,0.0,0.9,0.4,1.7,0.6,-0.8,0.6,1.2,-1.3,0.1,-0.3,-4.6,0.6,0.5,0.2,1.0,1.5,1.0,1.1,2.7,1.4,0.9,0.3,-0.7,1.5,7.8,0.7,1.2,0.6,1.4,-2.5
201907,0.5,0.6,0.6,0.7,0.6,0.4,0.9,-0.7,1.2,1.2,1.5,0.2,1.3,2.2,-1.9,-3.3,2.7,2.7,0.3,2.8,0.8,0.5,-0.9,0.9,0.2,0.7,0.0,0.0,1.4,2.0,2.7,3.0,-1.1,0.2,1.7,3.8,2.7,0.9,-0.8,1.8,1.0,0.4,0.1,1.1,0.1,0.2,0.0,0.6,1.2,0.3,1.7,0.6,-0.5,0.3,1.3,-1.2,0.0,-0.8,-2.9,0.7,0.6,0.2,1.0,1.1,1.0,0.8,2.7,0.9,1.0,0.3,-0.7,1.7,7.8,0.7,0.6,0.6,1.0,-2.4
201908,0.3,0.5,0.3,0.6,0.6,0.4,0.1,-4.9,1.1,1.0,-0.5,-2.9,1.3,1.9,-6.4,-9.8,2.1,2.0,-0.2,3.0,0.6,0.4,-1.1,0.9,0.2,0.8,0.0,0.0,1.4,1.2,1.8,1.8,-1.3,0.2,2.3,5.4,2.4,1.9,-1.2,2.1,0.9,0.6,0.3,1.2,0.3,0.6,0.8,0.3,1.1,0.0,1.7,-0.2,-0.6,-0.3,0.0,-1.2,0.3,-0.9,-2.9,0.6,0.6,0.2,0.8,1.1,0.9,1.4,3.1,0.6,1.0,0.5,-0.6,2.2,7.8,0.6,-0.3,0.7,1.0,-2.4
201909,0.2,0.3,0.3,0.4,0.5,0.3,0.5,-2.2,1.0,0.9,1.2,0.2,0.4,2.2,-4.6,-7.2,4.8,5.0,-0.5,3.0,0.9,0.3,-1.4,1.0,0.2,0.8,0.0,0.0,1.6,0.2,0.4,0.4,-2.6,0.2,2.7,6.0,4.2,1.8,-0.4,1.9,1.0,0.0,-0.6,0.6,-0.6,0.1,-0.1,0.5,1.1,0.1,1.7,-0.2,-0.8,-0.4,0.0,-1.6,0.2,-1.4,-2.9,0.7,0.6,0.2,1.0,1.0,-2.3,1.7,3.1,0.7,1.0,0.5,-0.7,1.8,7.8,0.7,-1.9,0.8,0.9,-2.0
201910,0.2,0.4,0.3,0.5,0.7,0.3,0.9,-3.5,1.7,1.2,2.7,2.9,0.7,2.2,-6.4,-9.8,1.3,1.2,-0.4,2.8,1.4,0.5,1.5,3.0,0.7,2.6,0.0,0.0,4.9,-0.8,-1.0,-0.4,-4.6,0.2,4.2,6.4,6.0,3.8,1.6,4.0,3.1,1.2,0.2,3.1,0.1,1.1,0.7,2.0,3.1,0.9,4.3,0.7,1.1,1.1,0.4,-1.0,2.1,-0.6,-3.6,-7.8,-12.4,1.1,2.1,2.3,0.0,2.5,3.7,2.1,-2.9,2.4,1.8,3.7,1.7,-12.5,-2.7,-5.7,2.2,-1.4
201911,0.5,0.5,0.6,0.6,0.8,0.5,1.5,0.0,1.8,0.9,2.4,2.6,1.2,2.4,-1.0,-1.9,0.4,0.4,-0.7,3.1,1.5,0.3,1.3,3.2,0.8,2.7,0.0,0.1,5.0,0.1,-0.2,0.8,-6.6,2.1,3.8,5.4,3.5,4.8,1.3,4.0,3.1,1.3,0.6,2.9,0.6,0.9,0.5,1.9,2.5,1.5,4.3,0.7,1.2,0.6,0.4,-0.5,2.2,-0.3,-2.5,-7.8,-12.4,1.1,2.1,2.3,0.8,3.4,3.6,1.9,-3.0,2.4,1.4,3.5,1.7,-12.5,-2.1,-5.7,2.3,-1.1
201912,0.8,0.7,0.9,0.9,0.9,0.5,1.9,2.4,1.8,0.8,0.6,-0.7,0.7,2.6,3.5,5.1,1.7,1.7,-0.3,3.3,1.7,0.0,1.6,3.1,0.8,2.7,0.0,0.0,5.0,-0.1,-1.1,0.2,-1.4,2.3,3.0,3.3,3.0,4.5,1.5,3.6,3.1,1.4,0.9,3.4,0.8,0.9,0.7,1.4,3.1,0.4,4.1,0.5,0.7,0.3,0.4,0.8,2.2,1.5,-1.6,-7.8,-12.4,1.1,2.2,2.8,-0.2,4.5,3.5,2.3,-3.1,2.5,1.4,3.2,1.7,-12.5,-0.6,-5.6,2.7,-0.9
202001,0.7,0.8,0.8,0.9,0.8,0.4,1.2,-2.0,1.9,1.0,-0.7,-2.7,1.1,2.3,-2.1,-3.8,1.9,2.0,0.1,3.2,1.5,0.5,1.4,3.2,0.8,2.6,0.1,0.1,5.0,-0.4,-2.1,-0.7,5.0,2.3,2.7,2.8,2.9,3.5,1.0,3.5,3.1,1.1,0.8,3.5,0.7,0.2,-0.1,0.9,3.5,0.2,4.1,0.8,1.3,1.1,0.5,1.7,2.2,3.0,-1.6,-7.8,-12.4,1.1,2.2,2.1,1.2,4.4,2.0,1.4,-3.0,2.6,1.3,3.7,1.7,-12.5,0.8,-5.6,2.0,-0.9
202002,0.4,0.6,0.5,0.6,0.6,0.2,1.2,-1.9,1.8,1.1,0.0,-1.0,0.9,2.7,-2.1,-3.9,0.4,0.4,-0.5,3.4,1.3,0.5,1.4,3.1,0.8,2.6,0.0,0.1,4.9,-1.0,-3.2,-1.6,5.9,2.3,2.1,0.3,3.7,2.5,1.8,3.8,3.0,1.3,1.3,3.6,1.2,0.0,-0.3,0.7,3.1,0.9,3.9,0.7,0.6,1.4,0.4,1.4,2.7,2.6,-2.2,-7.9,-12.4,1.1,1.8,1.1,1.2,3.1,2.2,0.2,-2.9,2.5,1.6,3.8,1.7,-12.5,-0.2,-5.7,1.1,-0.9
202003,0.4,0.4,0.5,0.5,0.6,0.3,1.4,0.3,1.6,1.0,-0.4,-1.6,0.4,2.4,1.6,2.0,0.2,0.1,-0.7,2.8,1.3,0.3,1.2,3.0,0.8,2.7,0.0,0.1,5.0,-1.4,-3.3,-1.7,2.4,2.3,2.1,0.0,3.8,3.3,1.7,3.9,3.0,1.3,1.3,3.0,1.3,0.2,-0.4,1.7,2.7,0.5,3.8,0.7,1.0,1.2,0.4,0.7,2.6,1.5,-2.3,-7.9,-12.4,1.1,1.7,1.5,2.4,2.7,2.1,0.9,-3.0,2.4,1.4,3.9,1.7,-12.5,-1.7,-5.6,1.5,-1.0
202004,0.1,-0.2,0.1,-0.2,0.2,-0.1,2.1,6.7,1.3,0.7,-0.1,-0.6,0.6,0.5,7.6,11.2,7.7,8.3,-0.4,2.9,0.5,0.2,1.2,2.7,0.7,2.4,0.0,0.1,4.6,-1.8,-2.7,-1.5,-9.1,2.0,2.0,-0.5,4.3,3.4,2.6,3.6,2.5,1.4,1.2,2.4,1.2,1.0,0.6,1.8,2.4,0.4,3.5,0.5,1.5,1.5,-0.2,-1.2,2.5,-1.8,-2.1,-10.0,-15.8,1.7,2.5,0.3,1.8,2.0,2.1,-0.7,-3.2,2.3,1.1,2.5,1.7,-12.4,-4.7,-7.4,0.4,-0.8
202005,0.1,-0.2,0.0,-0.2,0.4,0.1,2.1,5.8,1.4,0.5,-0.1,-0.6,1.5,0.0,7.0,10.2,6.3,6.7,0.0,3.0,1.0,-0.1,1.0,2.6,0.8,2.4,0.1,0.1,4.4,-2.2,-2.0,-1.5,-16.5,0.6,1.7,-1.3,3.7,4.1,2.9,2.9,2.5,1.4,1.1,2.9,1.0,1.3,1.0,2.0,1.9,0.3,3.5,0.5,1.8,1.1,-0.2,-1.7,3.7,-3.6,-0.7,-10.4,-15.9,1.7,1.3,1.2,2.4,2.7,1.8,0.4,-3.0,2.1,1.9,3.2,1.7,-12.4,-6.7,-7.7,1.3,-0.5
202006,0.1,0.0,0.1,-0.1,0.4,0.2,1.5,3.2,1.2,0.2,-1.5,-2.9,1.2,-0.1,5.0,7.2,4.0,4.3,-0.4,2.6,0.9,-0.5,1.0,2.6,0.7,2.2,0.1,0.0,4.2,-2.0,-1.6,-1.2,-16.7,0.2,3.1,2.5,4.5,3.1,3.9,2.8,2.5,1.3,0.9,2.4,0.8,1.0,0.7,1.8,2.3,0.7,3.4,0.6,1.7,1.3,-0.2,-0.5,3.4,-2.5,1.8,-10.5,-16.0,1.7,1.1,1.0,3.1,3.2,1.6,-0.1,-3.0,2.2,1.6,3.3,1.7,-12.4,-5.3,-7.9,1.0,1.7
202007,0.3,0.0,0.3,0.0,0.4,0.3,1.9,6.9,1.0,0.1,-1.0,-1.5,1.2,-0.4,8.8,13.4,6.4,6.9,-0.7,1.4,0.8,-0.8,1.0,2.5,0.7,2.0,0.1,0.0,3.8,-2.2,-2.0,-0.7,-15.3,-0.6,3.3,4.0,3.7,4.1,3.9,1.9,2.5,1.3,1.2,1.4,1.2,0.9,0.8,1.1,1.6,0.8,3.3,0.5,1.5,1.2,-0.2,-0.1,2.2,-1.7,1.9,-10.3,-16.1,1.7,2.2,1.7,3.9,3.1,1.4,1.0,-3.0,2.1,1.8,3.4,1.7,-12.4,-4.5,-7.8,1.6,2.4
202008,0.2,-0.4,0.2,-0.5,-0.1,-0.4,2.9,13.6,0.9,-0.1,-0.3,-0.7,0.4,-0.2,16.0,24.3,12.3,13.3,-0.7,1.2,0.7,-0.9,1.1,2.5,0.7,2.0,0.1,0.0,3.8,-1.9,-2.5,0.0,-10.9,-0.3,2.8,2.5,4.5,1.9,4.3,1.8,2.5,1.3,1.3,1.5,1.3,0.9,0.6,1.6,1.5,1.1,3.3,0.4,1.1,1.2,-0.2,0.2,1.6,-0.9,1.9,-10.3,-16.2,1.7,2.2,-2.4,4.0,2.9,1.2,-5.6,-3.1,2.0,1.9,2.4,1.7,-12.4,-3.5,-7.9,-2.3,2.4
202009,0.0,-0.3,0.0,-0.4,0.0,-0.3,1.9,7.8,0.8,-0.7,2.0,3.3,1.0,-0.6,3.3,4.4,19.3,20.7,-0.4,1.0,0.1,-0.7,1.5,2.5,0.6,2.0,0.1,0.0,3.7,-2.2,-3.4,0.2,-10.8,0.2,3.0,2.4,3.0,2.2,4.7,2.7,2.4,1.7,1.9,1.8,1.9,1.2,0.9,1.8,2.0,1.1,3.3,0.4,1.4,0.9,-0.2,0.4,1.6,-0.6,1.9,-10.3,-16.2,1.7,2.2,-1.8,4.3,2.7,1.4,-4.7,-3.0,2.1,2.1,2.9,1.7,-12.4,-3.5,-8.0,-1.7,2.4
202010,-0.4,-0.7,-0.5,-0.8,-0.2,-0.4,1.1,5.4,0.2,-0.8,1.2,1.9,1.3,-0.7,3.6,5.0,10.2,10.9,-0.9,1.7,0.1,-1.1,-0.8,0.4,0.1,0.3,0.1,0.0,0.5,-2.9,-4.7,-0.9,-13.6,1.9,0.9,0.8,0.2,0.5,2.4,0.4,0.3,0.7,1.4,-0.8,1.5,0.4,0.3,0.6,0.0,-0.1,0.8,-0.5,-0.4,-0.6,-0.5,-0.9,0.0,-2.6,2.5,-2.1,-3.9,0.7,1.2,-4.0,0.1,1.4,1.4,-7.5,1.0,0.2,-0.1,0.8,9.6,0.0,-5.7,-1.8,-3.8,1.2
202011,-0.9,-0.9,-1.1,-1.1,-0.3,-0.4,-0.2,-1.1,-0.1,-1.1,-1.4,-2.1,0.7,-1.0,-1.2,-2.4,3.0,3.1,-0.9,1.2,-0.1,-1.2,-0.6,0.1,0.1,0.2,0.0,0.0,0.4,-5.4,-7.3,-4.5,-13.9,0.1,1.8,2.1,1.0,-0.4,2.9,1.9,0.4,0.4,0.7,-0.8,0.7,0.4,0.4,0.2,-0.1,-0.4,0.7,-0.5,-0.3,-0.4,-0.6,-1.1,0.2,-2.6,1.5,-2.2,-4.0,0.7,1.2,-3.8,-0.9,1.0,1.6,-7.0,1.0,0.1,-0.2,1.7,9.6,0.0,-7.6,-1.9,-3.6,1.0
202012,-1.2,-1.0,-1.4,-1.2,-0.4,-0.5,-0.8,-4.6,-0.1,-1.1,-2.2,-3.3,1.3,-1.2,-5.3,-8.8,1.0,1.1,-1.3,1.2,0.1,-1.7,-0.7,0.1,0.1,0.1,0.0,0.0,0.2,-6.1,-7.9,-6.1,-14.4,0.0,2.5,3.2,1.3,0.1,2.5,3.5,0.4,0.1,0.7,-1.2,0.7,0.3,0.3,0.4,-1.9,-0.1,0.8,-0.4,-0.2,0.0,-0.6,-1.3,0.0,-2.5,0.6,-2.2,-4.0,0.7,1.2,-4.0,-0.3,-0.2,1.4,-6.8,0.9,0.1,-0.5,1.2,9.6,0.0,-8.1,-1.9,-3.8,0.9
202101,-0.7,-0.7,-0.8,-0.8,0.0,0.1,-0.2,0.2,-0.3,-1.0,-2.0,-2.6,0.8,-0.9,3.1,4.5,-4.2,-4.4,-1.5,0.9,-0.1,-1.3,-0.7,-0.3,0.5,1.7,0.0,-0.1,3.2,-6.5,-8.2,-6.9,-14.4,-0.3,1.9,2.4,-0.4,-1.2,1.6,3.0,0.3,0.8,2.1,0.3,2.2,0.2,0.1,0.3,-1.5,0.4,0.7,-0.9,-0.1,-2.6,-0.7,-1.7,0.0,-3.1,0.7,-3.3,-5.1,0.7,1.2,0.0,0.1,-0.7,1.6,-0.1,0.9,0.1,-0.2,-1.8,9.3,1.2,-8.7,-3.2,-0.1,1.6
202102,-0.5,-0.5,-0.6,-0.7,0.0,0.1,-0.1,0.6,-0.2,-1.1,-1.8,-2.9,1.1,-0.8,3.5,5.1,-3.5,-3.5,-0.7,0.7,-0.3,-1.5,-0.3,-0.3,0.6,1.7,0.1,0.0,3.1,-6.0,-7.9,-6.4,-11.6,-0.3,2.2,2.7,-0.3,0.4,1.8,3.1,0.3,0.8,1.8,-0.6,1.8,0.7,0.9,0.4,-1.4,0.3,0.7,-0.7,0.3,-2.5,-0.7,-1.1,-0.2,-2.3,1.1,-3.2,-5.1,0.7,1.5,-0.4,-1.7,0.1,1.5,-0.7,1.1,0.1,-0.5,1.4,9.3,1.2,-7.3,-3.1,-0.4,1.6
202103,-0.4,-0.3,-0.5,-0.4,0.0,0.0,-0.4,-1.5,-0.2,-1.3,-2.2,-3.3,1.1,-0.6,0.1,-0.2,-1.9,-1.8,-0.4,1.1,-0.3,-1.2,0.0,-0.4,0.6,1.9,0.1,-0.1,3.5,-5.0,-7.1,-5.3,-4.1,-0.5,2.6,4.3,-0.3,-0.3,1.8,2.9,0.3,0.8,1.6,-0.3,1.7,1.1,1.6,0.0,-1.4,-0.4,0.6,-0.6,0.4,-1.9,-0.7,-0.6,-0.1,-0.8,-0.6,-3.2,-5.2,0.7,1.6,-0.5,-3.5,0.0,1.6,-0.7,1.1,0.0,-0.2,0.8,9.3,1.4,-4.5,-3.1,-0.5,0.5
202104,-1.1,-0.9,-1.3,-1.0,-0.9,-1.2,-1.3,-7.3,-0.2,-1.4,-1.2,-2.0,0.8,-0.2,-6.9,-10.5,-6.9,-7.1,-1.2,1.0,-0.3,-1.5,-0.3,0.2,0.6,1.8,0.1,-0.1,3.3,-2.7,-5.8,-3.7,12.1,1.5,2.2,2.8,-0.6,-0.4,1.6,3.7,-0.1,0.2,1.0,-0.6,1.1,-0.2,-0.2,-0.2,-1.1,-0.4,1.0,-0.6,0.1,-2.2,-0.3,-5.8,-0.1,2.4,-24.6,0.7,0.4,0.0,1.5,-0.3,-2.2,0.5,1.8,-0.7,1.3,0.2,0.0,0.8,9.3,1.5,0.4,0.6,-0.3,-20.7
202105,-0.8,-0.6,-0.9,-0.7,-0.9,-1.1,-1.0,-5.3,-0.2,-1.6,-0.2,-0.4,0.0,-0.2,-5.2,-8.0,-5.5,-5.6,-1.5,0.6,-0.3,0.3,-0.2,0.2,0.5,1.8,0.1,-0.1,3.4,-0.1,-2.9,-1.9,19.3,3.2,1.9,2.2,-0.7,-0.5,1.2,3.8,0.0,0.4,1.2,-0.5,1.2,-0.2,-0.2,-0.1,-1.0,0.0,1.0,-0.4,0.4,-2.0,-0.3,-5.2,-0.2,3.5,-24.5,1.2,0.6,0.0,2.7,-0.2,-3.4,-0.4,1.7,-0.1,1.1,0.3,-0.5,0.2,9.3,1.5,3.9,1.0,-0.3,-21.1
202106,-0.5,-0.5,-0.6,-0.6,-0.9,-1.1,0.0,0.7,-0.1,-1.4,0.5,0.8,0.2,-0.2,1.2,1.6,-1.3,-1.0,-0.9,0.5,-0.5,0.2,-0.3,0.4,0.6,1.9,0.1,-0.2,3.6,1.0,-1.7,-1.3,21.9,4.4,1.6,1.9,-0.3,-0.2,0.5,3.3,0.0,0.6,1.7,-0.3,1.7,0.1,0.3,-0.1,-1.5,-0.7,0.9,-0.6,0.0,-2.4,-0.3,-5.4,0.2,3.3,-25.1,1.4,0.8,0.0,3.2,0.0,-3.9,-0.5,1.6,0.5,1.0,0.3,-0.5,-0.1,9.3,1.2,4.3,1.4,0.0,-21.1
202107,-0.3,-0.2,-0.4,-0.2,-0.6,-0.8,-0.6,-4.2,0.1,-1.5,1.7,2.4,-0.2,0.2,-6.2,-9.6,-1.4,-0.9,-0.3,0.5,0.1,0.7,0.0,0.5,0.6,2.0,0.1,-0.2,3.6,2.2,-0.3,-1.2,25.2,5.8,2.4,4.4,0.6,0.0,0.2,3.0,0.0,0.7,1.9,-0.6,2.0,-0.1,0.0,-0.1,-0.6,-0.4,0.9,-0.5,-0.1,-1.8,-0.3,-5.4,1.0,3.7,-25.7,1.1,0.9,0.0,1.7,1.9,-3.2,-0.6,3.5,3.2,1.2,0.3,-0.5,0.6,9.3,1.5,5.8,1.2,1.7,-21.8
202108,-0.4,0.0,-0.5,-0.1,-0.5,-0.7,-1.1,-8.8,0.3,-1.1,2.2,3.2,1.0,0.5,-12.3,-18.0,-2.4,-2.0,0.5,0.9,0.0,0.4,0.1,0.5,0.7,2.1,0.1,-0.1,3.9,2.5,0.9,-1.5,20.0,5.6,2.9,5.3,1.0,0.8,0.2,3.6,0.0,0.8,1.7,0.0,1.7,0.4,0.6,0.0,-0.4,-0.7,1.0,-0.1,0.6,-0.7,-0.3,-6.6,0.6,3.2,-28.7,1.2,1.0,0.0,1.9,3.7,-3.4,-1.6,3.4,7.0,1.2,0.2,-0.5,1.1,9.3,1.6,5.5,1.3,3.4,-24.6
202109,0.2,0.1,0.2,0.1,-0.5,-0.8,0.9,2.2,0.6,-0.8,2.2,2.9,1.4,0.7,3.9,5.5,-5.4,-5.3,1.0,1.0,0.8,0.5,0.1,0.5,0.7,2.2,0.1,-0.1,4.0,4.4,4.1,0.7,20.2,4.9,1.7,3.0,0.9,0.7,0.0,2.3,0.0,0.0,0.6,-0.3,0.7,-0.7,-0.9,-0.5,-0.5,-1.2,1.4,-0.2,0.7,-1.2,-0.3,-6.4,1.6,3.1,-28.3,1.2,1.0,0.0,1.7,3.3,-0.9,-1.9,3.4,6.1,1.2,0.2,-0.3,0.8,9.3,1.5,7.4,1.3,3.2,-24.6
202110,0.1,0.1,0.1,0.1,-0.7,-1.2,0.5,-1.1,0.7,-1.1,2.6,3.5,1.2,0.4,-2.8,-4.5,-0.1,0.5,2.1,0.8,1.1,2.3,-0.4,0.6,0.7,2.2,0.1,-0.1,4.0,6.4,7.7,3.7,25.9,2.1,0.9,0.1,1.6,0.4,0.3,2.6,0.0,-0.2,0.3,-0.1,0.3,-0.8,-1.0,-0.5,-0.7,-1.1,1.4,-0.3,0.6,-0.1,-0.8,-7.5,1.3,4.2,-33.9,1.1,1.0,0.0,1.5,4.3,0.0,-1.8,2.6,7.8,1.2,0.2,-0.4,2.8,6.3,1.5,11.3,1.4,4.1,-29.3
202111,0.6,0.5,0.7,0.6,-0.6,-1.2,1.4,3.1,1.1,-0.9,5.2,8.0,1.8,0.3,-0.7,-1.4,5.3,6.4,2.6,1.5,1.7,2.5,-0.5,0.9,0.7,2.2,0.1,-0.1,4.0,9.2,10.7,7.2,36.2,2.2,0.4,-0.3,1.9,-0.3,0.3,1.5,0.0,0.1,1.0,-0.4,1.1,-0.5,-0.6,-0.4,-0.9,-1.9,1.5,-0.2,0.9,-0.1,-0.8,-6.9,0.3,5.4,-33.9,1.2,1.1,0.0,1.5,4.3,0.4,-1.7,2.6,7.8,1.2,0.2,-0.2,2.3,6.3,1.4,15.6,1.4,4.1,-29.3
202112,0.8,0.5,0.9,0.6,-0.7,-1.3,2.1,8.0,1.1,-1.3,6.3,9.3,1.9,-0.1,4.5,6.6,7.9,9.1,2.3,1.9,1.6,2.4,-0.5,0.9,0.7,2.4,0.1,0.0,4.3,11.2,13.4,10.5,36.0,1.9,-0.8,-2.9,2.7,-1.3,0.1,0.5,0.0,0.3,1.1,-0.1,1.2,-0.9,-1.1,-0.6,0.6,-1.4,1.6,-0.1,0.9,0.5,-0.8,-7.5,0.8,4.5,-34.3,1.2,1.1,0.0,1.5,3.9,2.5,-1.7,2.7,6.6,1.3,0.2,0.1,2.8,6.3,1.4,16.4,1.5,3.8,-29.3
202201,0.5,0.2,0.6,0.3,-1.1,-1.9,2.1,6.5,1.3,0.2,7.5,11.4,1.6,0.2,0.9,1.0,10.4,11.9,3.0,1.6,1.7,1.9,-0.4,1.0,0.3,0.7,0.1,0.0,1.2,12.7,15.9,13.2,33.4,1.4,-0.6,-3.1,2.9,0.5,0.6,0.4,0.0,1.3,2.5,-0.4,2.6,0.4,0.7,-0.1,-0.1,-0.2,1.7,-0.1,0.5,0.8,-0.8,-7.5,0.5,4.2,-34.0,1.2,1.1,0.0,1.5,0.6,2.1,-1.1,2.7,0.6,1.1,0.1,0.0,5.6,6.3,0.2,17.9,1.5,0.6,-29.3
202202,0.9,0.6,1.1,0.7,-1.0,-1.8,2.8,10.1,1.6,1.7,8.1,12.4,2.2,0.1,5.1,7.5,11.2,12.6,3.3,1.6,2.2,2.1,-0.5,1.1,0.3,0.9,0.0,-0.1,1.6,15.3,19.7,16.5,33.5,1.4,-0.8,-3.4,2.8,-0.2,0.8,0.3,0.0,1.4,2.7,0.5,2.7,0.5,0.7,0.1,-0.2,0.2,1.8,0.0,1.0,0.5,-0.8,-7.4,0.7,4.3,-33.8,1.2,1.1,0.0,1.6,1.3,3.8,-1.2,2.6,1.6,0.9,0.2,0.4,2.7,6.3,0.2,20.5,1.5,1.3,-29.3
202203,1.2,0.8,1.5,1.0,-0.7,-1.6,3.4,11.6,2.0,2.3,9.4,13.6,2.6,0.3,7.6,11.3,8.8,9.8,4.6,2.0,2.3,3.0,-0.5,1.2,0.3,0.8,0.1,0.0,1.4,16.4,21.6,18.1,30.6,1.6,0.4,-0.4,3.1,0.2,1.1,0.5,0.0,0.7,1.0,0.6,1.0,0.7,0.8,0.4,0.1,-0.6,2.2,-0.4,0.4,-0.3,-0.8,-7.0,0.5,3.8,-32.5,1.4,1.2,1.9,1.9,1.3,4.0,-1.0,2.6,1.5,1.0,0.1,-0.2,4.5,6.3,0.3,20.8,1.6,1.3,-28.6
202204,2.5,2.1,3.0,2.6,0.8,0.1,4.0,12.2,2.6,2.8,8.7,12.1,2.6,0.5,8.2,12.2,11.0,12.2,6.1,2.6,3.5,3.8,-0.3,1.8,0.4,1.4,0.0,0.0,2.5,15.7,21.0,17.5,26.1,1.0,2.3,5.0,3.0,0.8,1.0,0.5,0.2,0.8,1.5,0.9,1.5,0.4,0.4,0.5,-0.7,-0.2,3.0,-0.7,1.2,-0.3,-1.8,-0.2,0.8,3.5,-10.9,0.9,0.6,3.9,1.3,1.6,4.5,-0.3,2.4,1.7,1.2,0.5,0.3,4.6,6.3,0.3,19.1,0.9,1.6,-9.5
202205,2.5,2.1,2.9,2.5,0.8,0.2,4.1,12.3,2.7,3.2,9.0,12.2,2.7,1.1,8.8,13.1,10.0,11.0,6.3,3.2,3.4,1.2,-0.3,2.2,0.5,1.7,0.0,0.1,2.9,14.4,18.6,17.0,25.1,0.9,3.6,7.4,3.9,0.9,2.7,0.9,0.1,0.9,1.4,0.8,1.5,0.3,0.3,0.4,0.1,-0.1,3.1,-0.8,0.8,-0.2,-1.7,-0.8,0.1,3.0,-11.4,0.8,0.5,3.9,1.3,1.7,3.3,1.1,2.4,1.5,1.1,0.6,-0.1,4.5,6.3,0.3,17.1,0.7,1.7,-9.5
202206,2.4,2.2,2.8,2.6,1.0,0.2,3.7,6.5,3.2,4.0,10.8,14.8,3.3,1.2,2.7,3.3,3.1,3.3,6.8,4.0,4.3,1.1,-0.4,2.7,0.6,2.0,0.0,0.1,3.6,14.0,18.0,17.1,23.4,0.7,3.9,7.5,3.2,1.4,4.3,1.0,0.1,1.1,1.4,1.0,1.4,0.6,0.5,0.9,0.6,-0.1,3.3,-0.7,1.4,-0.4,-1.7,-0.7,-0.2,2.9,-10.8,0.7,0.4,3.9,1.3,1.2,3.4,-0.1,2.4,1.1,1.2,0.7,0.1,4.9,6.3,0.3,16.5,0.7,1.2,-9.4
202207,2.6,2.4,3.1,2.9,1.2,0.4,4.4,8.3,3.7,5.7,10.4,13.1,3.3,1.2,4.3,5.6,7.2,7.7,7.3,4.8,4.7,1.2,-0.2,3.2,0.6,2.2,0.1,0.1,3.8,14.7,19.6,18.8,19.6,-0.3,3.9,4.9,3.2,2.3,5.2,2.7,1.5,1.4,1.8,1.3,1.8,1.3,1.2,1.4,0.3,0.4,3.7,-0.6,1.4,-0.1,-1.7,-0.2,0.0,2.2,-7.0,0.7,0.3,3.9,1.2,0.7,3.8,0.2,0.7,0.5,1.2,0.8,0.6,3.9,6.3,0.1,16.2,0.7,0.8,-9.1
202208,3.0,2.8,3.5,3.3,1.6,0.7,4.7,8.1,4.1,6.5,10.9,13.7,4.1,1.0,3.2,3.8,8.8,9.4,7.1,5.0,5.3,1.4,-0.2,3.5,0.6,2.3,0.0,0.1,3.9,15.6,21.5,20.1,18.0,-1.5,4.4,6.3,3.5,2.4,6.0,2.1,1.5,1.5,2.1,0.7,2.1,0.8,0.4,1.5,0.4,0.8,4.0,-0.7,1.2,-0.6,-1.7,0.6,1.0,1.8,-3.1,0.7,0.3,3.9,1.3,1.6,5.8,1.4,0.7,1.2,1.2,0.8,0.8,4.2,6.3,0.0,16.9,0.7,1.8,-5.8
202209,3.0,3.0,3.5,3.6,1.8,0.9,4.2,1.9,4.6,7.2,13.5,16.5,4.4,1.6,-3.8,-6.7,2.9,3.0,7.9,6.2,5.6,1.4,-0.2,3.8,0.6,2.3,0.0,0.1,4.0,14.9,21.5,19.4,18.4,-3.7,6.6,11.3,3.2,3.4,6.7,3.5,1.5,1.9,1.9,1.1,2.0,2.0,1.8,2.5,0.9,1.0,3.9,-0.5,1.1,0.6,-1.7,0.6,0.1,2.0,-3.1,0.7,0.4,3.9,1.2,2.2,4.3,3.3,0.7,1.8,1.2,0.9,0.5,4.4,6.3,0.0,16.9,0.7,2.2,-5.8
202210,3.7,3.6,4.4,4.3,2.5,1.5,6.2,8.1,5.9,8.2,13.9,16.0,5.9,3.1,5.4,6.7,1.2,1.2,8.2,6.6,6.5,3.2,5.0,5.1,1.1,3.9,0.0,0.1,6.9,14.6,20.9,20.0,13.3,-3.4,6.9,11.8,3.0,3.5,7.1,3.7,1.5,2.5,2.1,1.6,2.1,2.7,2.6,2.9,3.6,1.0,4.6,0.2,1.3,0.1,-0.3,2.0,0.3,1.1,5.6,0.7,0.4,3.9,1.2,0.9,4.8,4.9,0.7,-1.2,0.8,1.2,0.7,3.0,0.3,0.2,15.2,0.7,0.9,0.7
202211,3.8,3.7,4.5,4.4,2.8,1.5,6.9,7.3,6.8,8.9,13.3,13.6,6.4,7.5,6.0,7.5,-0.9,-1.1,9.5,7.3,6.8,5.6,5.9,5.3,1.2,4.3,0.1,0.1,7.5,14.1,20.1,21.0,5.5,-2.6,7.3,10.7,3.2,5.8,8.3,5.1,1.5,2.7,2.0,2.0,2.0,3.1,2.7,4.0,3.7,2.0,5.1,0.3,1.1,0.9,-0.3,1.6,0.9,0.1,6.7,0.7,0.4,3.9,1.2,0.0,4.6,5.5,0.7,-2.9,0.9,1.3,0.6,3.8,0.6,0.3,13.3,0.8,0.0,0.6
202212,4.0,4.0,4.8,4.8,3.0,1.6,7.0,4.9,7.4,9.6,15.1,16.2,7.1,9.0,1.6,0.5,-0.8,-1.0,10.2,7.6,7.3,6.3,6.1,5.8,1.2,4.5,0.1,0.1,7.8,15.2,21.3,23.3,4.7,-2.7,7.5,10.8,3.6,6.3,9.6,4.4,1.5,2.9,2.0,1.5,2.0,3.4,2.9,4.4,4.2,2.5,5.2,0.4,1.3,1.0,-0.3,2.1,0.8,0.7,7.2,0.7,0.3,3.9,1.2,0.0,4.4,5.6,0.7,-3.0,1.1,1.8,1.2,3.7,0.6,0.2,15.2,0.7,-0.1,0.6
202301,4.3,4.2,5.1,5.0,3.2,1.9,7.3,7.2,7.4,8.1,16.1,17.2,7.6,9.5,3.4,3.1,2.7,2.8,9.8,7.0,7.7,6.3,6.0,5.9,1.3,4.7,0.0,0.1,8.2,14.9,20.2,24.3,4.3,-2.6,7.7,11.1,4.7,6.1,9.7,4.8,1.5,3.1,2.3,2.1,2.3,3.6,3.1,4.4,4.5,2.7,5.0,0.5,1.6,1.2,-0.3,2.1,0.6,0.8,7.1,0.7,0.3,3.9,1.2,1.6,3.8,6.0,0.7,-0.2,1.1,2.0,0.9,3.9,0.6,0.2,14.6,0.6,1.4,0.7
202302,3.3,3.1,3.9,3.8,3.5,2.1,7.5,5.8,7.8,7.2,15.5,15.7,7.5,11.7,1.8,0.7,3.6,3.7,10.6,7.1,8.3,7.8,6.1,6.4,1.3,4.8,0.1,0.1,8.4,-0.3,-5.5,12.5,0.5,-1.4,8.7,11.2,6.0,7.0,10.0,7.6,1.6,3.6,2.5,1.6,2.6,4.3,3.8,5.2,5.2,2.5,5.3,0.9,2.3,2.4,-0.3,1.7,0.4,0.1,7.6,0.9,0.4,3.9,2.1,1.5,3.1,6.0,0.7,-0.2,1.3,2.1,1.1,5.1,0.6,0.2,-0.7,0.8,1.3,1.3
202303,3.2,3.1,3.8,3.7,3.8,2.3,7.8,5.4,8.2,7.1,15.8,15.9,7.6,13.8,1.2,-1.0,4.5,4.8,9.8,8.2,8.9,6.7,6.6,6.9,1.3,4.8,0.0,0.1,8.4,-2.8,-8.5,8.3,-3.0,-0.5,9.4,9.4,6.0,6.4,10.4,12.2,1.5,3.6,2.4,1.8,2.4,4.3,3.6,5.8,5.7,3.1,5.9,1.3,2.5,4.0,-0.3,1.6,1.0,-0.3,7.7,0.9,0.4,2.0,2.1,2.3,3.5,6.2,1.0,0.9,1.3,2.5,1.5,3.5,0.6,0.2,-3.8,0.8,2.1,1.4
202304,3.5,3.4,4.1,4.0,4.1,2.5,8.4,5.3,9.0,7.5,15.4,14.3,8.4,16.7,3.1,1.2,2.2,2.3,9.3,11.0,9.3,7.3,7.5,6.6,1.2,4.3,0.1,0.1,7.6,-3.8,-9.3,4.8,-3.0,0.1,10.0,9.8,8.6,6.3,11.2,12.6,2.0,3.8,2.5,2.3,2.5,4.5,3.5,6.6,6.4,3.0,5.2,1.7,1.6,5.7,0.4,1.8,2.4,-0.2,7.8,1.3,0.3,0.6,3.6,3.1,2.8,6.3,0.9,2.4,1.2,2.5,1.1,3.5,0.6,0.1,-4.4,1.2,2.9,1.0
202305,3.2,3.2,3.8,3.8,4.3,2.6,8.6,5.2,9.2,7.2,14.8,13.1,8.6,17.5,3.0,1.0,3.4,3.6,10.3,11.3,9.4,8.4,7.6,6.4,1.2,4.4,0.0,0.0,7.7,-8.3,-17.1,2.0,-2.5,0.2,9.6,9.0,8.3,6.2,10.5,12.8,2.1,3.9,2.6,2.4,2.6,4.5,3.4,6.8,6.2,3.6,5.2,2.1,2.2,6.8,0.5,2.2,2.5,0.5,7.5,1.3,0.4,0.6,3.6,3.4,4.4,5.8,2.6,2.6,1.3,2.5,1.3,3.6,0.6,0.1,-8.2,1.2,3.2,1.0
202306,3.3,3.3,3.9,3.9,4.2,2.6,8.4,3.8,9.2,7.4,13.0,9.8,7.7,17.4,2.4,-0.1,3.7,3.9,10.7,10.8,9.9,9.1,7.9,6.0,1.1,4.0,0.1,0.1,6.9,-6.6,-12.4,-1.1,-2.2,0.0,8.6,6.7,10.0,6.5,9.2,12.6,2.1,3.9,2.8,2.7,2.8,4.2,3.0,6.7,6.5,3.9,5.2,2.4,2.3,7.9,0.4,2.2,2.5,0.6,7.2,1.3,0.4,0.6,3.6,3.5,3.4,7.3,3.6,2.1,1.5,2.5,1.7,5.5,0.6,0.1,-6.6,1.2,3.3,1.1
202307,3.3,3.1,3.9,3.7,4.3,2.7,8.8,6.5,9.2,8.1,13.4,10.8,7.6,17.3,5.7,4.5,4.5,4.7,10.4,11.5,10.0,8.8,8.5,5.5,1.1,3.9,0.1,0.1,6.8,-9.6,-16.6,-5.3,-1.4,0.6,8.4,6.0,11.1,5.7,8.4,13.8,0.8,4.1,3.0,2.6,3.0,4.5,3.3,6.9,6.5,4.2,5.0,2.2,2.2,7.4,0.4,2.2,2.7,1.3,4.8,1.3,0.4,0.6,3.6,4.8,2.4,7.8,4.8,4.0,1.2,2.6,1.4,3.3,0.6,0.0,-8.7,1.2,4.4,3.8
202308,3.2,3.1,3.7,3.6,4.3,2.7,8.6,5.3,9.2,7.7,11.6,8.0,6.7,21.4,5.9,4.3,3.6,3.7,9.9,11.7,9.5,8.9,8.9,5.3,1.1,3.9,0.1,0.1,6.7,-12.3,-20.9,-9.5,3.2,1.6,7.1,3.0,10.6,5.8,7.6,13.3,0.9,4.4,3.2,3.2,3.2,5.2,4.3,7.0,6.4,4.3,4.9,2.4,2.4,7.9,0.4,3.3,2.2,2.9,5.0,1.3,0.4,0.6,3.6,5.0,0.9,7.6,5.2,4.6,1.7,2.8,1.2,7.4,0.6,0.0,-9.8,1.3,4.6,3.8
202309,3.0,2.8,3.6,3.3,4.2,2.6,9.0,9.6,8.8,7.5,8.6,4.6,6.8,20.6,11.5,13.1,9.1,9.7,8.3,11.6,9.2,8.8,8.5,5.0,1.2,4.0,0.1,0.1,6.8,-14.3,-24.6,-12.5,7.5,3.7,6.2,1.5,11.1,4.2,7.1,12.7,0.9,3.4,2.1,3.0,2.1,3.8,2.6,6.5,6.0,4.2,4.7,2.4,2.6,7.7,0.4,3.5,3.0,3.1,5.0,1.3,0.4,0.6,3.6,4.6,0.2,6.3,5.3,4.5,1.7,2.6,1.2,8.0,0.6,0.0,-11.7,1.1,4.3,3.8
202310,3.3,2.9,3.9,3.4,4.0,2.7,8.6,14.1,7.6,7.5,8.6,5.3,4.7,19.2,15.3,18.6,15.7,16.9,8.0,10.5,8.1,7.1,4.3,3.8,0.8,2.4,0.1,0.1,4.0,-10.0,-16.8,-10.2,4.8,3.3,6.9,3.2,10.8,4.2,7.0,13.1,1.0,3.0,1.9,2.4,1.9,3.7,2.3,6.9,3.4,4.5,4.3,2.3,3.8,8.2,-0.5,3.2,3.4,2.2,6.0,1.3,0.4,0.6,3.6,6.4,-0.6,4.7,5.8,8.2,1.6,2.6,1.0,8.3,0.4,-0.1,-8.7,1.0,6.0,3.9
202311,2.8,2.5,3.3,3.0,3.8,2.7,7.3,10.4,6.7,7.5,7.2,4.4,3.9,14.2,9.7,10.5,17.6,19.0,6.1,9.9,7.7,4.9,3.6,4.0,0.7,2.0,0.1,0.1,3.4,-11.4,-18.1,-11.6,1.9,2.4,6.1,2.6,9.5,2.8,5.9,12.3,1.0,2.8,2.0,2.0,2.0,3.3,1.9,6.2,3.4,3.7,3.9,2.5,4.4,8.3,-0.5,2.8,3.6,2.0,4.9,1.3,0.4,0.6,3.6,7.5,0.2,3.6,6.0,10.5,1.5,2.5,0.9,7.6,0.2,-0.1,-10.1,1.1,7.1,4.0
202312,2.6,2.3,3.0,2.7,3.7,2.8,6.7,9.7,6.2,7.4,3.3,-0.9,3.6,13.0,12.8,15.5,13.6,14.6,5.2,9.0,7.0,4.8,3.4,3.6,0.7,2.0,0.1,0.1,3.4,-13.2,-20.5,-13.8,3.2,2.2,6.5,4.0,9.1,2.8,5.3,12.6,1.0,3.0,2.4,2.1,2.4,3.4,1.9,6.5,3.3,3.7,3.9,2.4,4.4,7.9,-0.5,2.9,3.2,2.2,4.8,1.3,0.4,0.6,3.6,7.8,0.1,4.8,6.5,10.5,1.3,2.1,0.6,7.4,0.2,-0.1,-11.6,1.1,7.4,4.0
202401,2.2,2.0,2.5,2.4,3.5,2.6,5.7,4.7,5.9,7.0,2.9,-0.8,2.8,11.8,6.7,5.9,9.3,9.8,4.8,9.6,6.6,4.4,3.4,3.4,0.7,2.0,0.2,0.2,3.4,-13.9,-21.0,-15.3,4.0,1.8,6.5,4.7,8.4,2.2,4.9,12.2,0.9,3.0,2.9,1.6,2.9,3.0,1.6,6.0,3.0,3.4,4.0,2.3,4.2,7.7,-0.5,3.0,3.5,3.2,2.1,1.4,0.4,2.5,3.6,6.8,-0.3,4.1,6.0,9.2,1.2,2.1,1.2,5.3,0.2,-0.1,-12.1,1.2,6.5,2.1
202402,2.8,2.8,3.3,3.3,3.2,2.5,4.8,2.5,5.3,6.6,2.1,-1.9,2.6,8.7,4.4,2.6,8.0,8.3,3.9,9.6,5.6,3.8,3.2,3.0,0.6,1.7,0.2,0.2,2.8,-3.0,-2.5,-9.4,4.3,0.7,5.1,3.5,7.5,2.2,4.4,8.8,0.9,2.6,2.6,1.2,2.6,2.5,1.0,5.3,2.2,3.4,3.9,1.8,3.1,6.4,-0.5,2.9,3.8,3.2,1.4,1.3,0.4,2.5,3.4,7.3,1.3,4.3,6.2,9.8,1.1,2.1,0.4,5.8,0.2,-0.1,-1.7,1.1,7.1,1.5
202403,2.7,2.6,3.1,3.0,2.9,2.2,4.8,5.5,4.6,6.3,1.5,-1.5,2.4,6.2,6.9,7.1,11.4,12.1,3.9,8.8,4.7,4.5,2.6,2.6,0.6,1.7,0.2,0.2,2.8,-1.7,-1.0,-7.1,4.7,0.7,3.2,1.9,7.2,2.1,3.5,4.6,1.0,2.2,2.0,0.8,2.1,2.4,1.3,4.5,1.8,3.3,2.9,1.5,3.2,4.9,-0.5,2.4,3.2,2.9,0.2,1.3,0.4,2.5,3.2,7.2,1.8,4.6,6.0,9.4,1.1,1.9,0.4,6.1,0.2,-0.1,-0.6,1.1,6.9,1.4
202404,2.5,2.2,2.9,2.6,2.4,2.0,4.3,9.1,3.5,5.3,1.2,-1.1,2.1,2.7,10.6,13.5,13.5,14.5,3.8,5.7,3.5,4.0,1.9,2.1,0.6,1.6,0.2,0.3,2.5,-1.1,-1.1,-4.2,4.8,0.5,2.5,0.5,5.2,1.4,4.4,3.6,2.2,2.2,2.1,-0.2,2.1,2.2,1.4,3.7,1.8,3.3,3.2,1.2,3.3,3.8,-0.8,2.7,1.7,3.5,1.0,-0.9,-2.5,3.3,2.4,6.2,1.9,3.9,6.5,7.7,1.1,1.5,0.7,6.1,0.2,0.0,0.1,-1.0,5.9,1.4
202405,2.8,2.5,3.3,3.0,2.1,1.7,4.1,8.8,3.2,6.0,0.4,-1.9,2.1,0.9,11.2,14.4,11.7,12.5,1.9,4.9,3.6,3.8,1.7,2.1,0.6,1.5,0.2,0.3,2.2,6.6,14.7,-2.5,4.8,0.7,2.9,1.9,4.8,1.5,4.6,3.0,2.4,2.2,2.0,0.0,2.1,2.5,1.7,4.2,1.3,2.9,3.2,1.1,2.9,3.6,-0.8,2.3,1.5,3.1,0.4,-1.0,-2.6,3.3,2.4,5.2,1.7,3.4,4.8,6.6,1.2,1.4,0.8,6.3,0.2,0.0,7.2,-1.0,4.9,1.4
202406,2.8,2.6,3.3,3.1,2.2,1.9,3.6,8.0,2.8,5.4,0.4,-1.0,2.5,0.8,9.1,11.5,12.8,13.7,0.5,5.0,2.4,3.4,1.5,2.1,0.6,1.4,0.3,0.3,2.2,7.5,13.4,2.4,4.4,1.4,3.7,3.9,3.2,0.9,5.0,3.4,2.4,2.2,1.8,-0.3,1.9,2.9,2.1,4.4,0.9,2.8,3.1,1.4,2.6,2.8,0.2,2.5,1.9,3.0,1.3,-1.0,-2.6,3.3,2.4,5.6,2.3,2.8,4.3,7.4,1.1,1.4,0.9,5.3,0.2,0.1,7.7,-1.0,5.3,1.3
202407,2.8,2.7,3.2,3.1,1.9,1.6,2.9,4.2,2.6,4.2,0.0,-1.3,3.7,0.1,4.9,5.2,9.1,9.6,0.4,4.3,2.0,3.7,0.6,2.3,0.6,1.6,0.3,0.3,2.6,12.9,22.3,7.4,3.7,1.9,3.7,5.2,1.4,1.2,5.9,1.7,2.4,2.2,1.7,-0.1,1.7,3.5,2.9,4.7,0.4,2.9,3.0,1.5,2.7,3.0,0.3,1.2,0.9,2.5,-2.3,-1.0,-2.6,3.3,2.4,4.4,2.5,2.7,3.2,5.6,1.3,1.3,0.5,7.6,0.2,0.1,12.0,-1.0,4.1,-1.6
202408,3.0,2.8,3.5,3.3,2.0,1.7,3.6,7.8,2.9,6.5,0.6,-0.5,4.6,-2.8,9.5,12.5,9.4,10.1,0.2,4.1,2.5,3.9,0.5,2.5,0.7,1.8,0.3,0.3,2.8,15.0,26.2,11.1,-0.7,1.9,5.2,7.7,1.9,1.0,5.5,4.1,2.3,2.3,1.8,-0.6,1.9,3.7,3.2,4.5,0.2,2.8,2.8,1.5,2.8,2.9,0.3,0.2,0.8,1.0,-2.4,-1.0,-2.6,3.3,2.4,4.8,3.7,3.0,2.9,6.0,0.8,1.4,0.5,3.3,0.2,0.1,12.0,-1.2,4.5,-1.7
202409,2.5,2.4,2.9,2.7,2.1,1.7,3.4,5.5,3.1,10.4,0.4,-0.3,4.1,-2.9,6.0,6.8,9.9,10.6,0.3,3.3,2.1,3.5,0.7,2.7,0.7,1.8,0.3,0.4,2.8,8.8,15.2,7.7,-4.6,2.3,4.8,6.5,2.2,1.2,6.2,3.9,2.3,2.4,2.6,-0.6,2.7,2.9,2.4,4.0,0.6,2.5,2.9,1.5,2.8,3.1,0.3,0.1,1.2,0.8,-2.6,-1.0,-2.6,3.3,2.4,4.3,5.4,2.8,2.9,5.0,0.9,1.3,0.9,2.8,0.2,0.2,6.0,-1.0,4.1,-1.7
202410,2.3,2.3,2.6,2.6,2.3,1.6,3.5,2.1,3.8,13.5,-0.3,-1.4,5.0,-2.1,3.0,2.0,6.1,6.6,0.2,5.0,1.8,6.1,-0.2,2.9,0.8,2.4,0.3,0.4,3.8,3.2,4.0,3.5,-1.1,2.6,4.4,6.0,2.3,1.1,5.7,3.0,2.3,2.4,2.8,-0.2,2.9,2.6,2.3,3.1,0.3,2.3,3.2,1.7,2.3,3.4,0.8,0.5,0.8,1.9,-3.5,-1.0,-2.6,3.3,2.4,4.2,3.8,2.1,2.2,5.5,1.1,1.2,1.4,2.1,0.0,0.8,2.3,-0.9,4.0,-1.7
202411,2.9,2.7,3.4,3.1,2.4,1.7,4.8,8.7,4.2,15.0,-0.4,-1.8,4.5,-1.9,11.4,14.3,10.4,11.1,0.5,5.8,2.4,7.4,-0.3,2.4,0.9,2.5,0.3,0.4,3.9,6.8,9.9,5.6,2.0,2.7,3.7,4.1,2.6,0.9,5.9,2.8,2.3,2.6,2.9,0.5,3.0,2.7,2.7,2.7,0.7,2.8,3.3,1.6,1.9,2.9,0.8,0.9,0.7,2.3,-3.0,-1.0,-2.6,3.3,2.4,4.5,3.6,3.1,2.0,5.6,1.1,1.3,1.3,2.2,0.3,0.8,6.0,-1.0,4.2,-1.8
202412,3.6,3.0,4.2,3.5,2.4,1.6,6.4,17.3,4.4,15.2,2.0,1.9,4.1,-1.6,19.7,27.3,16.6,17.9,0.8,6.4,2.7,7.4,-0.3,2.8,0.8,2.2,0.3,0.4,3.5,11.4,18.7,7.8,1.8,2.9,3.0,2.6,2.2,1.2,5.6,2.5,2.3,2.9,3.2,0.6,3.2,3.3,3.9,2.2,0.9,2.6,3.4,1.7,2.0,3.4,0.8,1.1,0.6,2.3,-2.1,-1.0,-2.6,3.3,2.4,4.0,1.9,2.7,1.8,5.2,1.1,1.4,0.9,2.6,0.3,0.8,10.1,-0.9,3.7,-0.4
202501,4.0,3.2,4.7,3.8,2.5,1.5,7.8,21.9,5.1,18.4,1.6,0.9,5.5,-1.0,25.5,36.0,21.1,22.7,0.9,6.8,3.4,7.6,-0.4,3.1,0.8,2.2,0.2,0.4,3.5,11.2,18.0,6.8,6.3,3.0,3.4,3.9,2.9,0.9,5.1,2.7,2.4,2.8,3.1,1.9,3.1,2.8,3.1,2.2,1.2,2.9,3.6,1.8,2.3,3.7,0.8,2.0,0.3,3.1,-0.3,-1.1,-2.6,1.3,2.4,2.6,3.6,2.5,4.0,2.2,1.4,1.7,1.0,4.5,0.3,0.8,10.8,-0.9,2.4,1.3
202502,3.7,3.0,4.3,3.5,2.6,1.5,7.6,18.8,5.6,21.9,3.4,4.0,5.2,0.4,20.3,28.0,19.4,20.8,0.3,6.8,4.2,6.6,-0.2,3.2,0.8,2.4,0.2,0.4,3.8,6.3,9.0,3.4,9.3,2.8,4.0,5.4,2.5,0.9,5.1,3.0,2.3,2.8,3.1,2.5,3.1,2.9,3.4,1.9,1.3,2.4,3.9,1.7,2.4,3.2,0.8,2.4,0.1,3.5,0.1,-1.1,-2.6,1.3,2.2,2.1,1.5,2.6,3.8,1.6,1.1,1.6,0.9,2.7,0.3,0.8,6.9,-0.8,1.9,1.3
202503,3.6,3.2,4.2,3.7,2.9,1.6,7.4,13.9,6.2,25.4,4.4,4.8,5.1,2.0,16.6,22.1,9.5,10.2,0.7,6.9,4.6,6.2,-0.4,3.6,0.8,2.4,0.2,0.4,3.8,5.7,8.7,2.4,8.8,1.8,4.5,6.5,2.8,1.7,5.4,2.9,2.3,3.0,3.1,2.5,3.1,3.1,3.8,1.6,2.1,2.1,4.5,2.0,3.1,3.4,0.8,2.7,0.3,3.7,1.0,-1.2,-2.6,1.3,1.9,2.0,0.8,2.3,3.4,1.7,1.1,1.6,0.9,2.2,0.3,0.8,6.6,-0.8,1.8,1.3
202504,3.6,3.5,4.1,4.1,3.0,1.6,6.5,3.9,7.0,27.4,4.6,4.8,5.0,3.4,3.8,2.5,5.2,5.5,0.3,7.7,5.3,6.7,3.8,4.1,1.0,2.9,0.3,0.5,4.6,8.4,13.5,4.4,9.5,1.5,4.1,6.4,2.1,1.3,3.8,3.1,1.3,2.7,3.2,2.8,3.2,1.9,2.0,1.8,2.1,1.8,4.8,2.2,3.2,2.7,1.5,2.7,0.7,3.6,1.1,-5.6,-9.5,1.1,2.8,2.7,0.7,4.7,3.4,2.1,1.3,1.9,1.4,2.3,0.3,0.8,9.3,-4.2,2.5,1.4
202505,3.5,3.7,4.0,4.3,3.3,1.6,6.5,-0.1,7.7,28.7,4.3,4.0,6.2,4.3,-1.0,-4.7,3.8,4.0,1.3,7.4,6.4,7.1,4.6,4.4,1.1,3.1,0.3,0.5,4.8,7.7,11.3,5.4,8.5,1.7,3.0,3.8,-0.1,1.0,3.3,3.3,1.3,2.6,3.0,2.6,3.0,1.9,2.3,1.2,2.3,1.5,4.9,2.0,3.0,2.1,1.5,2.7,1.1,3.2,1.9,-5.6,-9.5,1.1,2.8,3.0,0.6,4.9,3.3,2.5,1.3,2.0,1.4,2.8,0.6,0.7,8.1,-4.3,2.8,1.5
202506,3.3,3.3,3.8,3.9,3.4,1.6,7.2,1.6,8.2,29.0,3.9,3.2,6.0,4.2,1.6,-1.5,5.0,5.2,2.3,9.0,6.9,8.7,4.3,4.5,1.0,3.1,0.3,0.5,4.8,3.4,5.5,2.7,4.8,-1.0,2.7,2.5,0.0,1.3,3.1,4.0,1.3,2.6,3.2,2.6,3.2,2.1,2.5,1.2,2.0,1.6,4.7,1.5,3.1,2.2,0.4,2.4,0.9,1.5,5.9,-5.6,-9.6,1.1,2.8,2.8,1.0,5.0,3.6,2.1,1.2,2.1,1.1,1.9,0.6,0.6,2.9,-4.2,2.7,5.0
202507,3.1,3.1,3.6,3.6,3.4,1.6,7.6,3.3,8.3,27.4,2.5,0.8,5.2,5.3,5.0,3.7,5.4,5.6,2.9,10.8,7.1,9.2,4.3,4.5,1.0,2.9,0.3,0.5,4.5,-0.2,-0.7,0.0,5.2,-1.1,2.5,1.1,0.3,1.5,2.0,5.5,1.3,2.8,3.3,2.7,3.3,2.3,3.3,0.4,2.1,1.4,4.6,1.5,3.1,2.1,0.4,2.6,1.0,1.7,6.4,-5.6,-9.6,1.1,2.8,2.6,-0.8,4.8,3.5,2.1,1.2,2.2,0.9,2.5,0.6,0.6,-0.3,-4.3,2.4,5.1
202508,2.7,2.7,3.1,3.2,3.3,1.6,7.2,2.8,8.0,22.7,2.7,1.7,4.8,7.9,4.1,2.1,5.4,5.7,2.5,11.5,6.8,9.0,4.1,4.4,1.1,3.0,0.3,0.5,4.7,-4.0,-7.0,-2.7,6.2,-1.4,2.0,0.3,1.1,1.9,2.5,4.0,1.3,2.9,3.3,3.7,3.3,2.1,3.3,-0.1,3.1,1.5,4.7,1.3,2.6,1.8,0.4,3.0,1.1,2.1,7.0,-5.6,-9.6,1.1,2.8,2.3,-1.9,4.4,3.6,1.8,1.3,2.4,1.2,2.3,0.6,0.6,-3.3,-4.3,2.1,5.6
202509,2.9,2.9,3.4,3.4,3.0,1.3,6.7,2.1,7.6,18.0,2.9,1.6,4.8,8.5,4.0,2.4,2.0,2.0,2.6,12.2,6.1,10.1,4.1,4.1,1.0,2.7,0.3,0.5,4.2,1.9,3.2,1.6,6.2,-1.9,1.0,-1.8,1.5,1.0,1.6,4.0,1.6,2.5,2.9,4.1,2.9,1.8,2.7,-0.2,2.8,1.4,4.7,1.2,2.6,1.2,0.4,3.0,1.0,2.2,6.7,-5.6,-9.6,1.1,2.8,2.0,-3.3,3.1,3.6,1.9,0.7,2.3,1.2,2.4,0.6,-1.0,2.3,-4.3,1.8,5.6
202510,3.0,3.0,3.4,3.5,3.1,1.6,6.4,2.2,7.2,16.8,4.8,4.6,3.7,7.8,2.6,0.7,2.6,2.2,4.4,9.5,6.5,8.7,4.6,4.3,0.9,2.2,0.4,0.6,3.3,2.2,3.5,0.7,5.9,-0.4,1.8,0.4,2.1,1.0,1.5,4.0,1.6,2.5,3.2,3.2,3.2,1.3,2.2,-0.4,2.5,1.5,4.9,0.8,2.4,0.7,0.0,3.6,1.5,2.7,7.5,-5.6,-9.6,1.1,2.8,2.6,-2.6,3.9,3.7,2.6,0.7,2.2,1.9,2.2,0.6,-1.3,2.1,-4.2,2.4,6.1
202511,2.9,3.0,3.3,3.4,3.0,1.6,6.1,1.5,7.0,15.8,5.8,6.7,4.3,7.7,2.9,1.2,-2.7,-3.5,4.2,8.8,6.3,8.4,4.9,4.2,0.9,2.3,0.4,0.6,3.4,3.0,4.9,0.7,5.5,0.2,1.8,0.6,2.3,1.2,0.8,3.9,1.6,2.3,2.5,2.6,2.5,1.8,2.5,0.4,2.4,1.2,4.6,0.8,2.6,0.6,-0.1,3.3,2.0,2.4,6.9,-5.6,-9.6,1.1,2.8,2.3,-3.7,3.2,3.6,2.6,0.6,2.3,1.6,2.1,0.3,-1.2,2.5,-4.2,2.2,6.1
202512,2.1,2.4,2.4,2.7,2.9,1.5,5.1,-2.7,6.7,14.7,6.6,8.3,4.7,7.8,-2.9,-7.1,-4.9,-5.8,4.5,8.6,5.7,7.7,4.7,4.0,1.0,2.4,0.5,0.6,3.6,-1.3,-2.3,-2.1,4.6,0.0,1.6,0.4,2.4,0.5,0.6,3.8,1.7,2.0,2.4,2.4,2.4,1.3,1.8,0.3,2.0,1.1,4.4,0.7,2.2,0.8,-0.1,1.9,1.2,0.7,6.2,-5.6,-9.6,1.1,2.8,2.3,-2.5,3.4,3.7,2.3,0.8,2.3,2.0,2.2,0.3,-1.2,-3.1,-4.2,2.1,4.7
202601,1.5,1.9,1.8,2.2,2.5,1.5,3.7,-6.7,5.6,11.8,7.7,9.5,3.6,7.6,-7.1,-12.5,-8.1,-9.7,4.7,6.9,4.4,6.3,5.0,3.1,0.9,2.1,0.5,0.7,3.2,-1.6,-1.7,-1.9,-1.3,-0.9,0.8,-1.9,2.4,0.6,0.8,3.5,1.6,1.8,1.9,1.1,1.9,1.6,2.5,0.0,1.4,1.6,4.0,1.9,7.7,0.6,-0.2,1.4,1.1,-1.0,8.4,-2.8,-4.7,1.2,2.5,1.8,-4.3,4.1,1.5,1.9,0.3,1.7,1.3,2.4,1.1,-1.9,-5.1,-2.9,1.6,6.0
202602,1.3,1.5,1.4,1.8,2.4,1.5,3.7,-4.7,5.1,7.2,7.1,8.9,3.5,7.6,-4.2,-8.7,-8.1,-9.8,5.1,6.7,4.5,7.3,5.1,3.0,0.9,2.1,0.5,0.7,3.0,-5.8,-8.0,-5.1,-3.5,-1.6,1.3,0.1,2.5,-0.4,0.1,3.7,0.9,1.7,1.5,1.3,1.5,1.3,2.0,0.0,1.6,2.3,3.9,2.0,8.2,0.5,-0.2,1.3,1.3,-1.2,8.5,-2.7,-4.7,1.8,2.6,1.9,-4.1,3.4,1.7,2.2,0.3,1.7,1.3,2.7,1.1,-1.9,-9.1,-2.9,1.7,6.0
202603,1.5,1.7,1.7,2.0,2.4,1.6,3.4,-4.6,4.7,3.4,6.1,7.1,3.6,5.4,-4.9,-9.7,-4.6,-6.2,3.9,6.9,4.6,8.0,5.1,3.2,0.9,1.9,0.6,0.7,2.7,-5.3,-8.0,-5.3,6.0,-1.4,2.6,4.0,2.5,-1.2,0.3,3.8,0.8,1.7,1.8,-0.1,1.9,1.5,2.3,0.0,1.1,2.0,3.9,1.9,8.0,0.3,-0.2,2.7,0.9,0.9,8.6,-2.6,-4.7,1.8,3.0,1.9,-3.8,3.4,2.0,2.1,0.4,1.6,1.3,3.4,1.1,-1.9,-6.1,-2.9,1.7,6.0
202604,1.4,1.4,1.5,1.6,1.9,1.2,3.3,0.2,3.8,1.3,6.1,7.1,4.0,4.9,0.5,-2.0,-1.3,-2.5,4.1,6.8,4.1,8.0,1.1,1.3,0.8,1.8,0.4,0.6,2.7,-1.7,-2.6,-3.3,10.4,-1.3,2.0,1.8,2.5,-0.4,1.1,3.5,0.6,1.3,1.2,0.1,1.3,1.2,1.6,0.2,0.4,1.9,3.6,0.4,2.6,0.6,-0.6,2.0,2.4,-0.4,8.8,-3.9,-6.5,1.4,2.7,1.1,-3.4,1.1,1.8,1.6,0.1,1.5,1.0,3.7,3.1,-2.8,-4.0,-6.2,1.1,6.1
202605,1.5,1.4,1.7,1.6,1.8,1.2,3.3,3.6,3.3,-0.7,6.1,7.5,3.2,3.6,4.3,3.8,0.3,-0.6,3.8,6.9,4.0,7.6,0.4,1.3,0.9,2.2,0.4,0.6,3.3,-1.5,-2.4,-1.7,12.5,-3.0,2.0,1.6,4.3,0.0,1.1,3.6,0.4,1.4,1.5,-0.1,1.6,1.0,1.4,0.1,0.6,2.0,3.8,0.3,2.1,0.5,-0.6,2.5,2.2,0.3,8.7,-3.9,-6.5,1.4,2.8,1.4,-2.7,1.8,1.9,1.8,0.3,1.4,1.6,3.9,2.4,-2.7,-2.7,-6.2,1.4,6.1
202606,1.6,1.6,1.9,1.8,1.7,1.2,3.2,3.9,3.1,-2.1,7.6,9.6,4.0,4.5,3.7,2.8,1.0,0.2,4.0,5.6,3.7,5.9,0.5,1.6,1.0,2.5,0.5,0.7,3.8,-0.4,-1.7,-0.8,16.5,-1.1,2.3,2.7,4.4,-1.4,0.9,3.7,0.3,1.4,1.7,-0.2,1.8,0.7,1.3,-0.8,0.6,2.0,4.1,1.6,2.5,0.8,1.5,2.5,2.1,2.0,4.1,-3.8,-6.4,2.6,2.8,1.4,-2.1,2.9,1.6,1.2,0.4,1.3,1.7,3.9,2.9,-2.5,-0.4,-6.2,1.3,2.8
202607,1.9,1.8,2.2,2.0,1.9,1.4,3.5,7.0,3.0,-2.2,9.0,12.4,3.9,3.5,6.5,6.6,3.0,2.4,3.4,6.1,3.5,5.5,0.6,1.7,1.0,2.7,0.5,0.7,4.1,0.7,-0.1,1.6,15.7,-1.9,3.7,3.5,4.7,-0.8,2.6,6.3,-0.1,1.2,1.6,-0.5,1.6,0.0,0.3,-0.6,1.4,1.3,4.4,2.1,2.6,3.1,1.5,2.6,2.4,2.1,3.8,-3.8,-6.4,2.6,2.8,1.9,1.7,3.8,1.5,1.3,0.4,1.2,2.1,3.8,2.9,-2.8,0.6,-6.1,1.8,2.7
202608,1.9,1.7,2.2,2.0,1.9,1.6,3.1,6.0,2.7,-3.4,9.9,13.5,3.3,1.3,5.5,5.5,0.8,0.1,4.0,5.0,3.3,6.0,0.4,2.1,1.0,2.6,0.5,0.7,4.0,-0.3,-2.4,2.0,15.5,-1.5,4.9,3.9,4.0,-1.0,2.6,10.1,-0.2,1.5,2.0,-0.3,2.1,0.4,0.7,-0.2,1.1,1.6,4.4,3.0,2.4,4.2,2.9,2.3,2.4,2.1,2.9,-3.8,-6.4,2.6,2.8,2.2,4.5,4.7,1.4,1.1,0.7,1.2,3.1,4.1,2.9,-2.8,-0.7,-6.0,2.0,1.1
