類・品目,総合,財,生鮮食品を除く財,農水畜産物,生鮮商品,他の農水畜産物,米類,工業製品,食料工業製品,繊維製品,石油製品,他の工業製品,電気・都市ガス・水道,出版物,サービス,持家の帰属家賃を除くサービス,公共サービス,外食,公営・都市再生機構・公社家賃,家事関連サービス,医療・福祉関連サービス,運輸・通信関連サービス,教育関連サービス,教養娯楽関連サービス,一般サービス,外食,民営家賃,民営家賃（木造）,民営家賃（非木造）,持家の帰属家賃,持家の帰属家賃（木造）,持家の帰属家賃（非木造）,他のサービス,家事関連サービス,医療・福祉関連サービス,教育関連サービス,通信・教養娯楽関連サービス,耐久消費財,半耐久消費財,非耐久消費財,公共料金
Group/Item,All items,Goods,"Goods, less fresh food","Agricultural, aquatic & livestock products","Fresh food, raw meats & cut flowers","Other agricultural, aquatic & livestock products",Rice,Industrial products,Food products,Textiles,Petroleum products,Other industrial products,"Electricity, manufactured & piped gas & water charges",Publications,Services,"Services, less imputed rent",Public services,Meals outside the home,"House rent, public, Urban Renaissance Agency & public corporation",Services related to domestic duties,Services related to medical care & welfare,Services related to forwarding & communication,Services related to education,Services related to culture & recreation,General services,Meals outside the home,"House rent, private","House rent, private (wooden)","House rent, private (non-wooden)",Imputed rent,Imputed rent (wooden),Imputed rent (non-wooden),Other services,Services related to domestic duties,Services related to medical care & welfare,Services related to education,"Services related to communication, culture & recreation",Durable goods,Semi-durable goods,Non-durable goods,Public utilities charges
類・品目符号(Group/Item code),0201,0202,0241,0203,0204,0205,0206,0207,0208,0211,0214,0215,0218,0219,0220,0242,0221,0243,0222,0223,0224,0225,0226,0227,0228,0229,0230,0245,0246,0231,0247,0248,0232,0233,0234,0235,0236,0237,0238,0239,0240
含類総連番(Serial number),801,802,836,803,804,805,831,806,807,808,809,810,811,812,813,837,814,815,816,817,818,819,820,821,822,823,824,838,839,825,840,841,826,827,828,829,830,832,833,834,835
ウエイト(Weight),3543757090,1784525160,1650272398,262830115,227087988,35742127,35742127,1294287490,555407694,105720530,100320723,532838543,195102831,32304724,1759231930,1180160310,382284967,6069272,3442595,162245321,100902509,80217267,5446675,23961328,1376946963,173952365,76922872,,,579071620,,,547000106,173474194,12668017,102557900,258299995,239912446,219406737,1325205977,591827132
ウエイト１万分比(Weight per 10000),10000,5036,4657,742,641,101,101,3652,1567,298,283,1504,551,91,4964,3330,1079,17,10,458,285,226,15,68,3886,491,217,,,1634,,,1544,490,36,289,729,677,619,3740,1670
197001,,,,,,,,,,,,,,,,,,,,,,,,,,,,,,,,,,,,,,,,,
197002,0.5,0.3,0.1,1.5,2.0,0.3,0.3,-0.1,0.1,-0.8,0.5,0.2,0.0,0.3,0.9,1.1,2.6,,0.3,0.4,9.7,0.3,0.0,0.0,0.4,0.2,0.4,,,0.5,,,0.3,0.5,,0.0,0.0,0.0,,,1.4
197003,0.8,1.0,0.1,2.9,3.8,0.3,0.1,0.4,0.2,0.5,0.2,0.3,0.1,-0.3,0.4,0.4,0.4,,0.1,0.2,0.0,0.3,0.0,0.0,0.9,0.6,0.6,,,0.7,,,0.3,1.0,,0.0,0.0,0.0,,,0.0
197004,0.9,0.7,0.5,0.6,0.7,0.0,0.0,0.7,0.8,1.4,0.5,0.3,0.2,0.3,1.4,1.6,0.3,,1.2,0.2,0.0,0.0,1.4,0.0,1.7,1.0,0.7,,,0.9,,,3.2,1.4,,5.2,2.0,0.3,,,0.0
197005,-0.4,-0.9,0.4,-4.4,-6.1,0.3,0.1,0.6,0.5,1.5,-0.2,0.2,-0.3,-0.1,0.5,0.4,0.1,,0.2,0.2,0.0,0.3,0.0,0.0,0.4,0.9,1.0,,,0.9,,,0.4,0.9,,0.0,0.4,0.0,,,0.0
197006,0.0,-0.2,0.2,-1.9,-2.6,0.0,0.1,0.3,0.3,0.3,-0.2,0.0,0.0,0.6,0.4,0.4,0.1,,0.1,0.4,0.0,0.0,0.0,0.0,0.8,0.6,0.9,,,0.8,,,0.3,0.5,,0.0,0.0,-0.2,,,0.3
197007,-0.1,-0.3,0.0,-1.8,-2.4,0.0,0.1,0.4,0.5,1.1,0.2,-0.2,0.1,-0.7,0.2,0.2,0.4,,0.1,-5.3,1.0,0.0,0.0,0.0,0.0,0.7,0.6,,,0.8,,,-0.3,0.9,,0.0,0.0,-0.3,,,0.3
197008,-0.2,-0.6,-0.1,-2.5,-3.3,0.0,0.0,0.0,0.6,-1.8,0.2,0.3,0.0,0.6,0.3,0.2,-0.1,,0.5,0.2,-0.7,0.3,0.0,0.0,0.8,0.4,1.0,,,0.8,,,0.2,0.5,,0.0,0.0,0.2,,,0.0
197009,1.6,2.2,1.3,5.0,6.8,0.0,0.1,1.5,1.0,4.5,0.7,0.3,0.0,-0.3,0.5,0.5,0.0,,1.0,0.0,0.0,0.0,0.0,0.0,0.8,0.4,0.6,,,0.5,,,1.1,0.9,,0.0,1.2,0.3,,,0.0
197010,1.6,2.0,1.2,4.8,6.6,0.0,0.0,1.1,1.4,2.0,1.7,0.2,0.0,-0.1,0.9,1.1,1.4,,4.5,0.4,0.0,3.9,0.0,0.0,0.8,1.6,0.3,,,0.4,,,0.7,1.4,,0.0,0.0,-0.4,,,0.6
197011,0.1,0.0,0.8,-2.5,-3.4,0.3,0.1,0.8,1.1,0.6,1.0,0.3,0.0,3.5,0.4,0.5,0.0,,0.0,0.2,0.0,0.0,0.0,0.0,0.4,1.4,0.5,,,0.4,,,0.4,1.4,,0.0,0.0,0.0,,,0.0
197012,0.7,0.6,0.9,0.8,0.7,0.0,0.0,0.5,0.9,0.5,0.5,-0.2,0.0,1.5,0.6,0.7,0.2,,0.5,0.2,0.0,0.3,0.0,0.0,0.8,1.5,0.7,,,0.7,,,0.7,1.3,,0.0,0.0,-0.4,,,0.0
197101,0.8,0.8,0.2,2.6,3.6,0.0,0.1,0.3,0.6,-0.1,0.0,0.2,0.1,-0.6,0.6,0.7,0.3,,0.9,0.4,0.0,0.3,0.0,0.0,0.8,1.4,0.6,,,0.6,,,0.7,0.9,,0.0,35.2,-0.2,,,0.0
197102,0.1,0.0,0.0,-0.6,-0.8,0.0,0.0,-0.1,0.6,-2.2,0.5,0.2,0.0,4.2,0.5,0.4,0.1,,0.2,0.2,0.0,0.0,0.0,0.0,0.8,1.0,0.7,,,0.7,,,0.3,0.4,,0.0,0.0,-0.3,,,0.3
197103,0.1,-0.1,0.4,-1.1,-1.2,0.0,0.1,0.4,0.3,0.7,0.9,0.2,0.0,-0.1,0.2,0.2,-0.1,,0.1,0.0,0.0,0.0,0.0,0.0,0.4,0.4,0.5,,,0.6,,,0.3,0.9,,0.0,0.0,0.0,,,0.0
197104,1.4,1.0,0.1,0.9,1.0,0.0,0.0,0.7,0.4,1.7,3.0,0.2,-0.3,7.6,2.2,2.7,0.2,,1.6,0.4,0.0,0.3,1.0,0.0,2.7,1.0,1.1,,,1.2,,,5.7,1.7,,8.2,6.9,0.0,,,0.0
197105,0.2,-0.1,1.0,-2.9,-3.9,0.0,-0.1,0.9,0.8,2.4,0.4,-0.2,0.0,0.8,0.8,0.4,0.4,,0.7,0.0,0.0,0.3,0.0,0.0,1.1,0.4,1.1,,,2.6,,,0.3,0.8,,0.0,-0.3,-0.4,,,0.3
197106,0.5,0.4,0.7,-0.7,-0.8,0.0,0.1,0.8,0.5,2.9,0.4,-0.2,0.0,0.4,0.5,0.4,0.2,,0.4,0.7,0.0,0.0,0.0,0.0,0.7,0.5,0.8,,,1.4,,,0.3,0.8,,0.0,0.0,-0.4,,,0.0
197107,-0.1,-0.3,-0.1,-1.6,-2.3,0.0,0.0,0.1,0.5,-0.6,0.2,-0.2,0.0,-0.3,0.4,0.4,0.2,,0.4,0.2,0.0,0.0,0.0,0.0,0.4,0.6,0.5,,,0.3,,,0.4,0.4,,0.0,0.0,-0.4,,,0.0
197108,-0.2,-0.3,0.1,0.4,0.7,0.0,0.0,-0.6,0.4,-3.4,0.0,-0.2,0.1,0.4,0.0,0.2,0.2,,0.4,0.2,0.0,0.3,0.0,0.0,0.0,0.4,0.1,,,-0.9,,,0.2,0.4,,0.0,0.0,-0.2,,,0.0
197109,2.6,3.8,0.9,12.5,17.0,0.0,0.0,1.2,0.5,4.4,0.0,0.5,0.0,-0.3,0.3,0.4,0.1,,0.2,0.4,0.0,0.0,0.0,0.0,0.4,0.5,0.3,,,0.4,,,0.4,0.8,,0.0,-0.3,0.4,,,0.0
197110,0.2,0.2,0.5,-0.8,-1.1,0.3,0.2,0.6,0.5,1.2,0.2,0.2,0.1,0.2,0.4,0.4,0.1,,1.0,0.0,0.0,0.0,0.0,0.0,0.4,0.6,0.7,,,0.5,,,0.4,0.8,,0.0,0.3,-0.1,,,0.3
197111,-0.9,-1.7,0.4,-7.1,-9.5,0.0,0.0,0.3,0.4,0.5,-0.2,0.2,0.0,-0.3,0.5,0.4,0.0,,-0.4,0.2,0.0,0.0,0.0,0.0,0.7,0.7,0.7,,,0.9,,,0.3,0.8,,0.0,0.0,0.0,,,0.0
197112,0.1,-0.1,0.4,-1.1,-1.5,0.5,0.1,0.2,0.4,-0.2,-0.2,0.0,0.0,1.4,0.5,0.4,0.1,,0.3,0.2,0.0,0.0,0.0,0.0,0.7,0.8,0.5,,,0.6,,,0.5,0.8,,0.0,0.0,-0.2,,,0.3
197201,0.1,-0.1,-0.4,0.0,0.0,0.0,0.1,-0.1,0.4,-1.2,-0.2,-0.2,0.0,0.3,0.4,0.5,0.2,,-0.1,0.2,0.0,0.3,0.0,0.0,0.4,0.9,0.5,,,0.6,,,0.4,0.8,,0.0,-0.5,-0.6,,,0.0
197202,0.5,-0.1,-0.1,0.6,0.8,0.0,0.1,-0.4,0.2,-2.0,-0.2,0.2,0.1,-0.8,1.4,1.5,4.6,,0.1,0.2,12.6,1.6,0.0,0.0,0.4,0.3,0.5,,,0.6,,,0.3,0.4,,0.0,0.3,0.0,,,2.2
197203,0.8,1.0,0.3,3.5,4.5,0.3,0.2,0.3,0.3,0.4,-0.2,0.2,0.0,0.8,0.4,0.4,0.1,,0.1,0.2,0.0,0.0,0.0,0.0,0.7,0.8,0.4,,,0.4,,,0.3,0.8,,0.0,-0.3,0.0,,,0.0
197204,1.2,0.7,0.1,2.1,2.7,0.5,0.3,0.1,0.3,0.0,0.0,0.0,0.3,0.3,2.0,1.9,0.6,,2.0,0.4,0.0,0.3,7.4,0.0,2.5,0.7,1.2,,,2.6,,,3.7,1.2,,8.3,1.1,-0.1,,,0.5
197205,0.4,0.3,0.5,-0.6,-0.7,0.3,0.3,0.6,0.3,2.1,-0.2,0.3,0.0,0.0,0.6,0.5,0.3,,1.1,0.0,0.0,0.0,0.0,0.0,0.7,0.6,1.1,,,1.4,,,0.4,0.4,,1.4,0.0,0.3,,,0.0
197206,0.1,-0.2,0.4,-2.9,-4.1,0.8,0.6,0.8,0.4,2.9,0.2,0.2,0.1,0.2,0.4,0.3,0.2,,0.3,0.6,0.0,0.3,0.0,0.0,0.7,0.5,1.2,,,0.8,,,0.3,0.8,,0.0,-0.3,-0.2,,,0.0
197207,0.1,-0.1,0.5,-1.3,-2.0,0.0,0.0,0.3,0.2,0.4,0.2,-0.2,0.0,-0.2,0.5,0.4,0.4,,0.3,0.2,0.0,0.3,0.0,0.0,0.7,0.3,0.4,,,1.2,,,0.3,0.8,,0.0,0.0,-0.2,,,0.3
197208,0.7,0.8,-0.2,4.3,6.1,0.0,0.1,-0.5,0.4,-2.5,0.0,-0.2,2.5,0.7,0.5,0.3,0.6,,1.3,0.2,0.0,1.3,0.0,0.0,0.3,0.3,0.6,,,0.6,,,0.2,0.4,,0.0,0.0,-0.1,,,0.5
197209,0.6,0.9,1.0,0.7,1.0,0.0,0.0,1.1,0.4,3.7,0.2,0.2,0.0,-0.4,0.3,0.2,0.1,,0.6,-4.2,0.0,0.0,0.0,0.0,0.3,0.4,0.6,,,0.7,,,0.1,0.8,,0.0,0.0,-0.1,,,0.3
197210,0.7,0.6,1.3,1.1,-1.2,7.1,7.3,0.6,0.4,1.8,0.2,0.3,0.0,0.1,0.7,0.6,0.5,,1.1,0.2,0.0,0.3,1.4,0.0,0.7,1.0,0.8,,,1.1,,,0.4,1.1,,0.0,0.0,0.2,,,0.0
197211,-0.3,-0.7,0.5,-3.6,-5.0,0.5,0.4,0.3,0.2,0.3,0.2,0.5,0.3,-0.6,0.4,0.4,0.4,,0.2,0.4,0.0,0.3,0.0,0.0,0.7,0.7,0.5,,,0.7,,,0.3,0.7,,0.0,0.0,0.2,,,0.5
197212,0.7,0.8,0.5,1.8,2.8,-0.2,0.1,0.4,0.3,0.5,0.2,0.3,0.0,1.6,0.6,0.8,0.3,,1.1,0.2,0.0,0.3,0.0,0.0,0.7,2.1,0.4,,,0.3,,,0.4,1.1,,0.0,0.0,0.1,,,0.0
197301,1.0,1.0,0.3,2.9,3.6,0.2,0.2,0.4,0.7,0.1,0.0,0.2,0.0,1.6,0.8,0.8,0.6,,0.3,0.4,0.0,0.5,0.0,0.0,1.0,1.3,0.3,,,0.5,,,0.9,1.1,,0.0,0.5,0.1,,,0.3
197302,0.8,1.0,1.1,-0.2,-0.3,0.2,0.1,1.4,2.7,0.2,4.4,0.2,0.0,0.3,0.6,0.6,0.4,,0.1,0.2,0.0,0.3,0.0,0.0,0.7,0.9,0.7,,,0.7,,,0.6,1.1,,0.0,0.3,-0.2,,,0.3
197303,2.4,3.2,2.4,6.8,9.3,0.2,0.3,2.2,2.1,4.8,1.5,0.5,0.0,2.6,0.8,1.0,0.5,,0.3,0.2,0.0,0.5,0.0,0.0,1.0,1.6,0.7,,,0.6,,,1.0,2.1,,0.0,-0.3,-0.1,,,0.0
197304,1.8,1.7,1.2,2.1,2.6,0.0,0.1,1.7,0.9,4.2,1.3,0.3,0.4,0.2,2.0,2.6,1.5,,1.8,1.3,0.0,0.5,8.9,0.0,1.9,2.1,0.8,,,0.7,,,4.1,3.1,,7.6,0.8,-0.1,,,1.1
197305,1.6,2.1,1.5,2.9,3.9,0.2,0.2,2.0,0.7,6.5,0.4,1.0,0.2,0.0,0.7,0.6,0.1,,0.7,0.2,0.0,0.0,0.0,0.0,0.9,1.1,1.0,,,1.0,,,0.8,1.0,,1.9,0.0,1.1,,,0.0
197306,0.2,-0.7,0.8,-5.5,-7.4,0.2,0.1,1.2,1.5,1.6,0.8,0.5,-0.5,0.5,1.8,2.2,0.3,,1.1,0.8,0.0,0.2,0.0,0.0,2.5,1.3,0.9,,,1.1,,,4.1,2.0,,0.6,10.1,0.3,,,0.0
197307,0.8,0.8,0.6,0.5,0.7,0.0,0.2,0.5,0.7,0.2,0.4,0.3,0.0,7.9,0.7,0.5,0.5,,0.2,1.0,0.0,0.5,0.0,0.0,0.9,0.7,0.9,,,1.7,,,0.4,0.7,,0.0,0.0,0.0,,,0.3
197308,0.9,1.2,0.8,3.8,5.1,0.2,0.2,0.2,0.7,-1.3,1.0,0.5,0.1,1.6,0.4,0.5,0.3,,0.2,0.8,0.0,0.2,0.0,0.0,0.3,0.5,0.5,,,0.4,,,0.5,1.3,,0.0,-0.5,0.2,,,0.3
197309,2.7,3.9,2.4,8.0,10.6,0.5,0.4,2.5,1.3,6.4,0.6,1.3,0.0,3.2,0.7,0.7,0.1,,0.3,0.4,0.0,0.0,1.9,0.0,0.9,1.0,0.9,,,0.4,,,0.9,1.9,,0.0,0.2,0.7,,,0.0
197310,0.4,0.6,2.2,-3.7,-5.3,1.6,1.6,2.4,2.0,3.8,1.8,1.9,1.9,-0.1,-0.1,-0.3,-3.9,,0.1,0.6,-16.4,0.0,0.0,0.0,0.9,2.1,0.5,,,0.4,,,0.9,1.9,,0.0,0.0,1.8,,,-1.6
197311,0.9,0.9,2.0,-3.2,-4.8,1.6,1.7,2.5,2.6,1.0,7.5,2.5,0.0,-0.2,0.9,1.4,0.1,,0.2,0.4,0.0,0.0,0.0,0.0,1.2,3.6,0.3,,,-0.2,,,1.3,2.8,,0.0,0.0,1.9,,,0.0
197312,3.4,4.2,4.0,5.2,6.5,0.9,0.9,4.4,3.9,2.0,19.0,4.0,0.0,1.2,1.7,2.0,0.2,,0.1,-0.4,0.0,0.0,0.0,0.0,2.1,2.9,0.5,,,0.4,,,3.2,6.9,,0.0,0.5,2.7,,,0.0
197401,4.1,5.3,3.8,7.1,9.4,0.4,0.3,5.1,8.0,1.2,0.8,4.9,0.6,1.6,1.7,2.2,0.5,,0.1,1.0,0.0,0.2,0.0,0.0,2.0,3.8,0.5,,,0.7,,,2.7,4.8,,0.0,1.2,4.3,,,0.3
197402,3.3,3.6,2.9,5.9,7.5,0.4,0.3,2.9,4.4,0.1,-1.5,5.1,0.3,4.7,2.2,2.9,6.0,,0.2,1.6,18.7,1.7,0.0,0.0,1.4,2.5,0.4,,,0.3,,,1.7,3.0,,0.0,0.7,7.6,,,3.2
197403,0.6,0.5,0.8,-1.2,-1.7,0.2,0.1,1.3,1.5,0.9,-0.2,1.3,0.0,0.5,0.8,0.8,0.2,,0.5,1.4,0.0,0.2,0.0,0.0,0.8,1.2,0.7,,,0.8,,,1.2,2.1,,0.0,1.4,1.3,,,0.3
197404,2.6,2.5,1.2,5.7,7.4,0.0,0.2,1.4,1.0,0.7,12.2,0.8,0.4,0.6,2.8,3.6,1.1,,1.2,2.5,0.0,0.2,6.5,0.0,3.0,0.9,0.6,,,0.6,,,6.9,2.3,,16.9,3.0,0.6,,,0.8
197405,0.3,-0.2,1.6,-6.4,-8.3,0.4,0.4,2.3,2.3,5.3,0.1,0.8,0.2,-0.3,0.9,1.1,1.1,,0.4,3.0,0.0,0.2,0.9,0.0,1.1,1.2,0.7,,,0.6,,,1.1,1.5,,1.6,0.2,0.7,,,0.5
197406,0.5,0.5,1.7,-3.9,-5.0,0.2,0.3,1.5,1.0,2.3,6.3,0.6,13.4,0.3,1.5,0.7,0.1,,0.3,1.1,0.0,0.0,0.0,0.0,0.8,0.8,0.8,,,0.9,,,0.8,1.5,,0.5,0.5,0.7,,,2.0
197407,2.1,2.6,1.6,5.6,7.1,0.2,0.3,0.6,1.3,-0.6,0.6,0.6,0.2,20.5,0.8,0.7,0.7,,0.2,1.8,0.0,0.2,0.0,0.0,0.8,0.6,0.7,,,1.1,,,0.8,1.5,,0.0,0.2,0.7,,,0.5
197408,1.0,1.0,-0.1,4.6,5.9,0.4,0.3,-0.4,1.4,-5.0,0.0,0.3,0.2,3.2,0.9,1.1,1.8,,1.4,0.9,0.0,5.5,0.0,0.0,0.8,1.2,0.7,,,0.8,,,0.7,1.2,,0.0,0.2,0.1,,,1.0
197409,1.5,1.8,1.8,3.3,4.0,0.4,0.5,1.3,0.8,2.7,2.6,0.6,4.8,-0.1,1.1,0.9,0.8,,0.8,0.7,0.0,1.1,0.0,0.0,0.8,1.4,0.4,,,0.4,,,0.9,1.4,,0.0,0.4,0.0,,,1.2
197410,2.2,1.9,3.3,2.4,-4.3,28.8,29.0,1.4,1.1,2.5,0.9,1.5,0.7,6.7,3.0,3.7,8.0,,0.2,0.4,16.0,3.1,0.0,0.0,1.8,4.6,0.8,,,0.9,,,1.1,1.9,,0.0,0.7,2.3,,,4.3
197411,0.7,0.4,1.1,-1.4,-2.4,1.0,1.1,0.9,1.5,-0.1,4.5,0.2,3.7,0.0,1.6,1.4,1.5,,0.4,0.4,0.0,1.5,0.0,0.0,1.8,2.7,0.9,,,1.6,,,0.9,1.4,,0.0,0.2,0.2,,,1.4
197412,0.4,0.2,0.5,-0.6,-0.7,0.2,0.1,0.5,1.1,-0.1,-0.1,0.1,0.0,0.8,0.8,1.0,0.6,,1.8,0.4,0.0,0.4,0.0,0.0,1.0,2.1,0.5,,,0.6,,,0.7,1.4,,0.0,0.0,0.0,,,0.5
197501,0.5,0.3,-0.4,1.2,4.4,-0.3,0.0,0.1,0.7,-1.4,-0.4,0.0,-2.2,-0.3,0.7,0.9,0.8,,0.3,0.3,0.0,0.0,0.0,0.0,1.7,1.5,0.7,,,0.8,,,0.8,1.3,,0.0,1.3,0.2,,,0.0
197502,0.1,0.0,0.0,0.4,0.4,0.0,0.0,-0.2,0.2,-1.6,-0.2,0.2,0.3,-0.1,0.4,0.3,0.1,,0.2,0.3,0.0,0.2,0.0,0.0,0.5,0.4,0.6,,,0.5,,,0.3,0.4,,0.0,0.0,0.2,,,0.5
197503,0.9,1.2,0.7,4.5,5.8,0.3,0.2,0.3,0.4,0.5,0.6,0.0,0.5,0.1,0.3,0.3,0.1,,0.8,0.2,0.0,-0.2,0.0,0.0,0.2,0.4,0.7,,,0.5,,,0.3,0.7,,0.0,0.2,0.0,,,0.2
197504,1.7,0.5,0.4,0.5,0.6,0.0,0.0,0.5,0.4,1.4,0.2,0.4,0.7,0.0,3.9,4.9,1.2,,2.4,1.2,0.0,1.3,6.0,0.0,4.1,0.6,1.2,,,1.1,,,10.6,1.1,,28.3,12.0,0.3,,,0.7
197505,0.5,0.4,0.2,-1.0,-1.2,0.2,0.0,0.9,0.3,3.1,0.0,0.1,0.0,0.1,0.7,0.4,0.4,,0.4,1.0,0.0,0.0,0.0,0.0,0.9,0.4,1.2,,,1.6,,,0.3,0.4,1.6,0.0,-0.2,0.0,,,0.0
197506,-0.1,-0.4,0.6,-3.1,-3.9,0.0,0.0,0.5,0.6,1.1,-0.2,0.2,0.2,0.1,0.5,0.5,0.4,,0.9,0.8,0.0,0.2,0.0,0.0,0.5,0.5,1.1,,,1.1,,,0.4,0.6,0.0,0.0,0.6,0.0,,,0.4
197507,0.3,0.1,0.2,-0.2,-0.3,0.2,0.1,0.1,0.5,-0.3,0.5,-0.1,0.3,-0.2,0.6,0.6,0.2,,0.5,0.3,0.0,0.0,0.0,0.0,0.9,0.3,0.9,,,0.7,,,0.9,0.4,2.7,0.0,1.7,0.0,,,0.0
197508,-0.2,-0.5,-0.5,1.2,1.4,0.0,0.0,-1.1,0.2,-5.8,0.1,-0.1,0.9,0.3,0.4,0.3,0.3,,0.1,0.5,0.0,0.2,0.0,0.0,0.4,0.7,0.4,,,0.4,,,0.2,0.4,0.4,0.0,0.0,-0.2,,,0.4
197509,2.1,2.9,2.2,7.7,6.1,14.1,14.5,1.6,0.5,7.5,0.2,0.1,1.4,0.0,0.6,0.6,0.3,,0.1,0.3,0.0,0.4,0.0,0.0,0.7,1.2,0.5,,,0.5,,,0.3,0.6,0.0,0.0,0.0,-0.1,,,2.0
197510,1.7,2.3,0.8,7.5,9.0,1.6,1.6,0.7,0.5,1.8,0.0,0.2,0.6,0.0,0.5,0.4,0.2,,0.3,0.2,0.0,0.2,0.0,0.0,0.4,0.7,0.6,,,0.6,,,0.5,0.6,0.8,0.0,0.6,0.1,,,0.4
197511,-0.5,-1.0,0.4,-4.8,-6.0,0.3,0.3,0.3,0.2,0.5,0.1,0.4,0.5,-0.2,0.6,0.5,0.2,,0.1,0.2,0.0,0.2,0.0,0.0,0.7,0.6,0.8,,,0.8,,,0.4,0.6,0.4,0.0,0.6,0.9,,,0.2
197512,0.0,-0.3,0.3,-2.2,-2.7,0.0,0.0,0.2,0.1,0.1,1.1,0.1,0.5,1.2,0.6,0.8,1.5,,0.1,0.3,0.0,0.8,0.0,0.0,0.4,0.8,0.6,,,0.4,,,0.5,0.6,0.0,0.0,0.4,0.1,,,0.9
197601,1.8,2.2,1.0,5.3,6.6,0.0,0.0,1.6,0.8,-2.1,1.3,4.0,0.5,-0.3,1.1,1.2,1.8,,0.1,0.3,0.0,3.5,0.0,0.0,0.9,1.5,0.7,,,0.8,,,0.8,1.0,3.4,24.9,0.4,0.2,,,10.1
197602,0.7,0.4,0.0,2.1,2.6,0.1,0.1,-0.2,0.5,-1.9,0.3,0.0,0.2,0.0,0.9,0.9,2.2,,0.3,0.0,0.0,2.2,0.0,0.0,0.7,0.8,1.0,,,1.1,,,0.2,0.6,0.0,0.0,0.2,-0.1,,,1.0
197603,0.4,0.6,0.9,-0.3,-0.3,0.0,0.0,0.8,1.1,1.3,0.0,0.2,0.2,1.4,0.4,0.4,0.0,,0.2,0.2,0.0,-0.2,0.0,0.0,0.6,0.5,0.8,,,0.7,,,0.5,0.8,0.0,0.0,-0.2,0.0,,,0.0
197604,2.4,1.5,0.5,4.7,5.9,0.0,0.1,0.6,0.5,1.2,0.0,0.3,1.2,-0.1,3.6,4.3,5.9,,6.8,1.1,8.4,0.4,61.8,0.0,3.0,1.8,1.2,,,1.3,,,5.7,1.6,20.6,14.7,1.1,0.7,,,3.3
197605,0.4,0.1,0.7,-2.5,-3.1,0.0,0.0,1.0,0.2,4.7,-0.1,0.2,0.5,0.1,0.8,0.8,1.2,,0.3,2.4,0.0,0.2,0.0,0.0,0.8,0.9,1.2,,,1.4,,,0.3,0.6,0.0,0.9,0.0,-0.1,,,0.6
197606,0.3,-0.1,0.6,-2.5,-3.2,0.0,0.0,0.8,0.3,2.6,0.3,0.1,0.3,0.1,0.8,0.7,1.6,,0.4,1.1,0.0,0.0,0.0,52.8,0.6,0.3,1.3,,,1.5,,,0.3,0.6,0.0,0.3,0.0,0.0,,,0.7
197607,0.5,0.7,0.5,0.6,0.8,0.0,0.0,0.6,0.3,-0.4,6.7,0.0,2.8,-0.1,0.6,0.4,-0.1,,0.8,0.3,0.0,0.0,0.0,0.0,0.6,0.5,0.7,,,0.5,,,0.4,0.8,1.5,0.0,0.2,0.1,,,0.6
197608,-0.6,-1.3,-0.5,-3.0,-3.8,0.1,0.0,-1.1,0.3,-6.3,0.9,0.2,2.4,1.6,0.5,0.4,0.1,,0.4,0.5,0.0,0.0,0.0,0.0,0.4,0.4,0.5,,,0.4,,,0.7,0.8,1.5,0.0,0.4,0.0,,,0.6
197609,2.5,3.7,2.2,8.3,8.1,8.8,8.9,2.1,0.6,8.3,0.2,0.3,5.5,0.2,1.0,0.5,0.3,,0.1,0.5,0.0,0.2,1.0,0.0,0.6,0.8,0.6,,,0.7,,,0.3,1.0,0.6,0.0,0.2,-0.1,,,2.2
197610,0.6,0.7,0.8,0.8,0.8,1.0,1.1,0.6,0.3,2.1,0.0,0.1,2.1,-0.1,0.6,0.4,0.4,,0.2,0.3,0.0,0.2,1.0,0.0,0.6,0.7,0.5,,,0.6,,,0.5,0.6,0.0,0.0,-0.2,-0.1,,,0.7
197611,0.0,-0.8,0.2,-4.1,-5.4,0.4,0.2,0.4,0.3,0.6,0.0,0.3,0.0,0.0,1.4,1.7,5.9,,5.0,0.2,0.0,3.7,0.0,0.0,0.4,0.4,0.5,,,0.5,,,0.1,0.8,0.0,0.0,0.2,0.1,,,2.5
197612,1.2,0.3,0.5,0.2,0.1,0.0,0.1,0.3,0.6,-0.1,-0.2,0.2,0.1,1.3,2.2,2.9,9.9,,2.4,0.2,0.0,24.5,0.0,0.0,0.6,0.6,0.9,,,0.9,,,0.4,0.8,0.0,0.0,0.2,0.0,,,4.5
197701,0.9,1.1,-0.3,5.5,7.0,0.1,0.1,-0.3,0.6,-2.6,-0.2,0.5,-0.1,-0.9,0.5,0.5,0.4,,3.8,0.3,0.0,0.1,0.0,0.0,0.6,0.8,0.5,,,0.7,,,0.5,0.7,0.6,0.3,0.4,0.2,,,0.0
197702,0.5,0.5,-0.1,2.9,3.6,0.1,0.0,-0.5,0.2,-2.9,-0.2,0.2,1.7,0.2,0.5,0.3,0.6,,1.4,0.2,0.0,1.3,0.0,0.0,0.4,0.5,0.6,,,0.6,,,0.3,0.4,0.3,0.0,0.0,0.1,,,0.7
197703,0.6,0.8,0.6,1.6,2.1,0.0,0.0,0.6,0.4,1.7,0.0,0.2,0.0,-0.1,0.3,0.3,0.0,,0.2,0.2,0.0,0.0,0.0,0.0,0.6,0.5,0.7,,,0.6,,,0.3,0.6,0.0,0.0,0.0,0.0,,,0.0
197704,1.6,0.6,0.2,0.1,0.0,0.1,0.1,0.8,0.7,1.6,0.5,0.6,1.0,0.2,3.1,3.9,6.0,,5.6,0.8,0.0,8.4,24.1,0.0,2.3,0.8,0.9,,,1.0,,,4.5,1.3,4.6,11.5,1.6,0.4,,,3.1
197705,0.9,0.7,0.8,-0.2,-0.2,0.0,0.0,1.1,0.9,3.0,0.1,0.4,0.2,0.1,1.4,1.5,0.8,,2.5,0.6,0.0,0.9,0.0,0.0,1.5,0.9,1.2,,,1.4,,,2.4,0.4,0.0,0.8,6.3,0.6,,,0.3
197706,-0.4,-0.8,0.4,-4.9,-6.1,0.0,0.0,0.6,1.0,0.6,-0.1,0.1,-0.2,0.3,0.4,0.3,0.3,,0.2,0.9,0.0,0.3,0.0,0.0,0.4,0.2,1.0,,,0.8,,,0.2,0.5,0.0,0.0,0.0,0.0,,,0.3
197707,-0.3,-0.7,0.3,-3.0,-4.0,0.1,0.1,0.2,0.9,-0.6,-0.2,0.0,0.1,0.0,0.2,0.2,0.3,,1.4,0.4,0.0,0.0,0.0,0.0,0.4,0.4,0.6,,,0.5,,,0.3,0.4,0.3,0.0,0.2,0.0,,,0.0
197708,0.2,0.0,-0.9,3.4,4.6,0.0,0.0,-1.2,0.4,-6.8,-0.3,0.1,0.1,0.2,0.3,0.2,0.1,,1.4,0.4,0.0,0.1,0.0,0.0,0.4,0.2,0.5,,,0.8,,,0.1,0.4,0.0,0.0,0.3,-0.1,,,0.0
197709,1.6,2.6,2.1,4.9,4.3,6.9,7.2,2.0,0.4,8.8,-0.1,0.1,0.0,0.0,0.2,0.2,0.0,,0.2,0.3,0.0,0.0,0.0,0.0,0.4,0.5,0.3,,,0.2,,,0.2,0.4,0.0,0.0,-0.2,-0.1,,,0.8
197710,0.6,0.6,0.4,1.0,1.0,1.4,1.2,0.5,0.4,1.4,-0.2,0.1,0.1,0.0,0.4,0.2,0.0,,0.8,0.1,0.0,0.1,0.4,0.0,0.6,0.5,0.8,,,1.2,,,0.2,0.4,0.0,0.0,-0.2,0.1,,,0.3
197711,-1.1,-1.8,0.2,-7.8,-10.0,0.0,0.1,0.2,0.4,0.3,-0.2,0.2,0.1,0.1,0.2,0.2,0.1,,0.3,0.1,0.0,0.3,0.0,0.0,0.2,0.4,0.3,,,0.3,,,0.2,0.4,0.3,0.0,0.2,0.1,,,0.0
197712,-0.3,-0.5,0.3,-2.6,-3.3,0.0,0.1,0.1,0.4,-0.6,-0.6,0.1,0.0,1.0,0.2,0.2,0.3,,0.6,0.1,0.0,0.1,0.0,0.0,0.4,0.4,0.5,,,0.2,,,0.1,0.2,0.0,0.0,0.0,-0.1,,,0.2
197801,0.4,0.4,-0.4,3.3,4.3,0.0,0.0,-0.4,0.4,-2.7,-1.0,0.1,0.2,-1.0,0.4,0.4,0.6,,0.8,0.3,3.1,0.3,0.0,0.0,0.4,0.3,0.4,,,0.4,,,0.3,0.4,0.3,0.0,0.3,0.1,,,0.3
197802,0.5,0.3,-0.3,2.5,3.2,0.0,0.0,-0.5,0.3,-2.9,-1.2,0.2,0.2,1.4,0.8,0.8,1.5,,0.1,0.1,9.6,0.0,0.0,0.0,0.5,0.3,0.8,,,1.3,,,0.5,0.2,13.9,0.0,-0.2,0.0,,,1.1
197803,0.9,1.2,0.3,3.6,4.6,0.0,0.0,0.4,0.3,1.4,-1.2,0.0,0.1,2.1,0.2,0.2,0.1,,0.1,0.1,0.0,0.0,0.0,0.0,0.4,0.1,0.5,,,0.5,,,0.2,0.4,0.5,0.0,0.0,-0.1,,,0.0
197804,1.1,0.5,0.3,0.7,0.8,0.1,0.1,0.4,0.3,1.6,-0.9,0.3,0.4,0.2,2.0,2.2,2.7,,4.2,0.6,0.0,0.0,30.8,0.0,1.8,0.6,1.1,,,1.3,,,3.1,0.5,2.1,7.8,1.0,0.3,,,1.5
197805,0.7,0.8,0.9,-0.2,-0.2,0.0,0.1,1.2,0.8,4.2,-1.1,0.3,0.1,0.0,0.4,0.3,0.2,,0.3,0.4,0.0,0.0,0.0,0.0,0.5,0.4,1.0,,,1.1,,,0.2,0.3,0.0,0.5,0.0,0.4,,,0.0
197806,-0.5,-1.1,-0.2,-4.7,-5.9,0.0,0.0,0.1,0.3,0.7,-1.1,0.2,0.0,1.2,0.4,0.3,0.1,,0.4,0.6,0.0,0.0,0.0,0.0,0.5,0.3,0.9,,,1.1,,,0.2,0.2,0.0,0.2,-0.2,0.1,,,0.2
197807,0.4,0.4,0.3,1.3,1.5,0.0,-0.1,0.2,0.4,-0.6,-1.0,0.3,0.1,0.1,0.5,0.5,1.4,,0.4,-0.9,0.0,0.8,0.0,0.0,0.2,0.2,0.4,,,0.4,,,0.2,0.3,0.2,0.0,0.0,0.7,,,0.6
197808,0.2,0.1,-1.0,4.7,6.1,0.0,0.0,-1.6,0.1,-7.3,-1.1,0.1,0.0,0.2,0.1,0.1,0.1,,0.5,0.1,0.0,0.0,0.0,0.0,0.2,0.2,0.3,,,0.5,,,0.0,0.2,0.2,0.0,0.0,0.0,,,0.2
197809,1.1,1.8,1.3,2.5,3.3,0.0,0.0,1.8,0.0,8.6,-1.2,0.1,0.0,0.0,0.2,0.2,0.3,,6.4,0.3,0.0,0.1,0.0,0.0,0.2,0.2,0.3,,,0.2,,,0.2,0.3,0.0,0.0,0.0,0.0,,,0.2
197810,0.2,0.1,-0.1,0.2,0.3,0.0,0.0,0.3,0.1,1.3,-1.4,0.0,-5.2,1.9,0.0,0.4,0.9,,0.1,0.1,0.0,0.7,0.0,0.0,0.3,0.1,0.8,,,0.7,,,0.2,0.2,0.0,0.0,0.0,-0.3,,,-0.6
197811,-1.0,-1.8,0.1,-7.2,-9.1,0.0,0.0,0.0,0.0,0.5,-1.2,0.2,0.0,1.0,0.1,0.1,0.0,,2.1,0.3,0.0,0.0,0.0,0.0,0.2,0.1,0.2,,,0.2,,,0.0,0.3,0.2,0.0,-0.2,0.1,,,0.2
197812,-0.1,-0.3,0.3,-1.7,-2.0,-0.1,-0.1,0.0,0.0,-0.2,-0.9,-0.1,0.8,1.8,0.3,0.1,0.3,,0.1,0.7,0.0,0.1,0.0,0.0,0.3,0.2,0.3,,,0.4,,,0.2,0.3,0.0,0.0,0.0,-0.2,,,0.2
197901,0.1,0.0,-0.7,1.5,1.8,0.0,0.0,-0.5,0.1,-2.4,-0.5,0.0,0.2,-0.9,0.3,0.4,0.7,,0.4,0.0,0.0,1.3,0.0,0.0,0.2,0.2,0.3,,,0.3,,,0.2,0.3,0.0,0.0,0.2,0.0,,,0.5
197902,-0.2,-0.6,-0.4,-0.7,-1.3,2.1,2.1,-0.7,0.1,-3.2,-0.4,0.1,0.0,0.0,0.2,0.1,0.0,,0.2,0.1,0.0,0.0,0.0,0.0,0.2,0.2,0.4,,,0.4,,,0.2,0.3,0.0,0.0,0.0,0.0,,,0.3
197903,0.8,1.2,0.7,3.8,4.8,0.2,0.2,0.5,0.0,1.8,1.8,0.1,0.0,-0.1,0.2,0.1,-0.1,,0.0,0.1,0.0,0.0,0.0,0.0,0.2,0.2,0.1,,,0.4,,,0.1,0.3,0.0,0.0,-0.2,0.0,,,0.0
197904,1.3,1.1,0.4,1.7,2.1,0.0,0.1,0.6,0.1,1.0,5.9,0.0,5.8,0.1,1.8,1.9,2.1,,3.2,-0.3,0.0,0.1,17.5,0.0,1.6,0.5,0.3,,,0.4,,,3.0,0.7,4.8,5.5,2.2,0.5,,,1.9
197905,0.9,1.3,1.3,1.5,2.0,0.0,0.0,1.4,0.0,5.9,1.6,0.1,0.0,0.1,0.5,0.4,0.1,,0.6,0.4,0.0,0.0,0.0,0.0,0.5,0.3,0.5,,,0.9,,,0.7,0.7,0.2,0.7,0.8,0.2,,,0.1
197906,0.1,-0.2,0.6,-3.5,-4.4,0.0,0.0,1.2,0.1,1.3,14.0,-0.4,0.0,-0.2,0.4,0.4,1.3,,0.3,0.4,0.0,0.6,0.0,0.0,0.2,0.3,0.3,,,0.3,,,-0.1,0.3,0.0,0.2,-1.0,0.1,,,0.7
197907,0.9,1.2,0.3,4.6,5.9,0.0,0.0,0.2,0.0,-0.6,3.3,0.1,0.1,0.0,0.1,0.1,0.0,,0.3,0.3,0.0,0.0,0.0,0.0,0.2,0.2,0.1,,,0.0,,,0.1,0.8,0.2,0.0,-0.7,0.1,,,0.0
197908,-0.9,-1.8,-0.9,-3.8,-4.9,0.0,0.0,-1.3,0.1,-8.1,4.5,0.0,0.2,0.4,0.4,0.5,0.2,,0.5,0.4,0.0,0.4,0.0,0.0,0.3,0.2,0.1,,,0.1,,,0.7,0.3,0.0,-0.2,2.1,0.1,,,0.1
197909,1.2,1.9,1.9,1.8,2.4,0.0,0.0,2.2,0.2,8.5,2.9,0.5,0.0,-0.3,0.2,0.1,0.3,,1.0,0.3,0.0,0.3,0.0,0.0,0.3,0.3,0.4,,,0.5,,,0.0,0.5,0.0,0.2,-0.8,0.0,,,0.1
197910,1.2,1.8,0.3,5.2,6.8,0.0,0.0,0.8,0.0,1.9,2.8,0.3,0.2,0.2,0.2,0.2,0.1,,0.3,0.1,0.0,0.0,0.0,0.0,0.2,0.2,0.2,,,0.4,,,0.2,0.5,0.0,0.0,-0.2,0.0,,,0.1
197911,-0.3,-0.8,0.4,-3.6,-4.7,0.0,0.0,0.2,0.0,-0.2,0.9,0.4,0.1,0.0,0.4,0.4,0.4,,0.3,0.6,0.0,0.5,0.0,0.0,0.5,0.3,0.3,,,0.3,,,0.6,0.6,0.2,0.0,1.3,0.2,,,0.1
197912,0.5,0.8,0.7,1.3,1.8,-0.1,-0.1,0.7,0.2,-0.2,5.7,0.2,0.0,1.3,0.1,0.1,0.1,,0.2,0.1,0.0,0.3,0.0,0.0,0.2,0.3,0.2,,,0.2,,,0.0,0.8,0.0,0.0,-1.1,0.1,,,0.1
198001,0.8,0.9,-0.3,4.5,5.6,0.2,0.0,-0.3,0.3,-2.9,0.9,0.6,0.4,-0.9,0.9,1.0,0.6,,0.3,0.3,0.0,0.0,1.0,0.0,1.0,0.8,0.4,,,0.5,,,1.6,0.8,0.2,0.0,4.1,0.1,,,0.3
198002,0.7,1.1,0.5,4.1,4.6,1.7,1.7,0.2,0.5,-4.1,6.6,-0.2,1.3,0.0,0.2,0.1,0.1,,0.2,0.4,0.0,0.0,0.0,0.0,0.2,0.5,0.4,,,0.4,,,0.0,0.5,0.0,0.0,-0.5,0.0,-2.3,2.2,0.4
198003,0.6,0.7,0.9,-0.1,-0.1,0.2,0.2,0.9,1.1,1.6,0.8,0.7,0.5,0.1,0.4,0.5,0.7,,0.0,0.1,0.9,0.9,0.0,0.0,0.5,0.8,0.2,,,0.3,,,0.1,0.8,0.0,0.0,-0.2,0.1,1.5,0.6,0.4
198004,1.7,1.6,2.7,-3.3,-4.1,0.1,0.1,1.2,1.1,1.7,2.0,0.4,30.1,0.1,1.8,2.2,1.4,,0.9,0.8,0.0,0.0,20.6,0.0,1.8,1.5,0.4,,,0.6,,,3.4,1.4,2.6,6.5,2.8,0.5,1.5,1.8,7.0
198005,0.9,0.8,1.8,-4.1,-5.1,0.1,0.1,2.4,1.3,5.2,2.2,2.0,0.5,0.2,1.0,1.0,1.7,,1.3,0.3,0.0,0.5,0.0,24.0,0.8,1.2,0.7,,,0.6,,,0.5,0.8,0.2,0.0,1.1,0.2,3.5,0.1,3.7
198006,0.4,0.6,0.7,-1.0,-1.3,0.0,0.1,0.6,0.4,1.7,0.1,0.5,0.1,11.1,0.3,0.3,0.3,,0.2,1.0,-0.1,0.0,0.0,0.0,0.5,0.6,0.4,,,0.7,,,0.1,0.6,0.0,0.0,-0.6,0.3,1.4,0.4,0.1
198007,0.1,-0.1,0.0,-0.7,-1.0,0.0,0.0,-0.1,0.3,-1.4,-1.3,0.5,0.9,3.7,0.3,0.3,0.1,,3.3,0.7,0.0,0.0,0.0,0.0,0.2,0.3,0.2,,,0.3,,,0.2,0.5,0.0,0.0,0.5,0.1,-0.5,0.0,0.4
198008,-0.3,-0.7,-1.0,2.6,3.3,0.0,0.0,-1.8,0.4,-9.4,-1.4,0.3,0.1,0.3,0.3,0.3,0.1,,0.2,0.4,-0.2,0.0,0.0,0.0,0.5,0.3,0.3,,,0.2,,,0.7,0.5,0.0,0.0,1.5,0.0,-6.0,0.9,0.0
198009,1.7,2.7,1.7,5.0,6.4,0.0,0.0,2.3,0.5,11.3,-1.0,0.7,0.5,-0.1,0.1,0.1,0.1,,0.3,0.1,0.0,0.1,0.2,0.0,0.0,0.3,0.2,,,0.1,,,-0.1,0.3,0.2,-0.2,-0.4,0.5,7.3,1.7,0.3
198010,0.2,0.2,0.9,-1.3,-1.7,0.7,0.6,0.7,0.5,2.1,-0.9,0.6,0.2,-0.2,0.2,0.2,0.3,,0.3,0.3,0.0,0.1,0.0,0.0,0.3,0.2,0.3,,,0.1,,,0.2,0.3,0.0,0.0,0.1,0.4,1.6,-0.3,0.0
198011,0.2,0.2,0.4,-0.1,-0.4,1.1,1.1,0.3,0.3,0.6,-0.6,0.4,0.1,0.4,0.2,0.2,0.0,,0.1,0.3,0.0,0.0,0.0,0.0,0.2,0.3,0.4,,,0.3,,,0.1,0.1,0.0,0.0,0.1,0.2,0.6,0.1,0.1
198012,-0.3,-0.5,0.1,-2.9,-3.6,0.2,0.3,0.1,0.4,-0.1,-0.6,0.2,0.0,1.7,0.0,-0.1,-0.5,,0.4,0.1,0.0,-1.2,0.0,0.0,0.3,0.3,0.3,,,0.5,,,0.1,0.3,0.0,0.0,-0.3,0.0,0.0,-0.7,-0.1
198101,1.0,1.3,-0.3,7.9,9.8,0.1,0.1,-0.6,0.4,-3.7,-0.5,0.3,0.1,-1.3,0.6,0.6,0.2,,0.1,0.4,0.0,0.1,0.0,0.0,0.6,0.6,0.5,,,0.5,,,0.7,0.4,0.2,0.0,2.1,0.1,-2.3,2.5,0.1
198102,-0.1,-0.3,-0.5,0.7,0.7,0.1,0.1,-0.6,0.2,-3.6,-0.2,0.2,0.2,0.0,0.2,0.2,0.7,,0.1,0.0,0.0,0.8,0.0,0.0,0.0,0.2,0.3,,,0.3,,,-0.1,0.1,0.0,0.0,-0.4,0.0,-2.3,0.3,0.4
198103,0.4,0.6,0.6,1.6,2.0,0.1,0.0,0.3,0.2,1.2,0.0,0.2,0.0,0.1,0.2,0.1,-0.3,,0.1,0.1,-1.1,-0.1,0.0,0.0,0.3,0.2,0.2,,,0.3,,,0.2,0.3,0.0,0.0,0.0,0.0,1.0,0.6,-0.1
198104,0.8,0.4,0.1,-0.1,-0.3,1.0,1.0,0.5,0.4,1.4,0.4,0.0,0.8,0.9,1.4,1.6,1.4,,2.2,0.8,0.0,0.2,11.6,0.0,1.4,0.7,0.4,,,0.7,,,2.4,0.4,2.5,5.3,1.8,-0.2,1.0,0.3,1.0
198105,0.9,0.8,1.4,-2.6,-3.4,0.2,0.3,2.1,1.1,5.5,5.3,-0.4,0.0,-0.3,1.1,1.2,2.6,,0.8,0.4,0.0,3.2,0.0,0.0,0.6,1.0,0.6,,,0.8,,,0.4,0.3,0.2,0.4,0.6,0.4,3.5,0.0,1.4
198106,0.2,0.1,0.3,-0.9,-1.0,0.1,0.1,0.3,0.3,0.9,0.4,0.1,0.1,-0.1,0.3,0.2,0.5,,0.1,-3.5,1.6,0.2,0.0,0.0,0.3,0.4,0.6,,,0.8,,,-0.2,0.3,5.8,0.0,0.0,0.1,0.8,-0.2,0.4
198107,-0.3,-0.6,-0.2,-1.5,-2.1,0.5,0.5,-0.3,0.6,-2.5,-0.2,0.0,0.2,0.0,0.2,0.2,0.2,,0.2,0.3,0.0,0.5,0.0,0.0,0.2,0.3,0.4,,,0.2,,,0.1,0.3,0.4,0.0,0.0,-0.1,-1.7,-0.2,0.2
198108,-0.5,-0.9,-0.6,-0.3,-0.3,0.1,0.1,-1.2,0.2,-8.5,4.3,-0.5,0.1,0.3,0.2,0.1,-0.6,,0.2,0.3,0.0,-1.6,0.0,0.0,0.3,0.3,0.2,,,0.3,,,0.4,0.1,0.4,0.0,0.7,-0.1,-5.6,0.4,-0.2
198109,1.5,2.3,1.6,2.8,3.5,0.2,0.2,2.6,0.1,12.6,1.3,0.3,0.1,0.2,0.1,0.1,0.2,,0.4,0.1,0.0,0.2,0.0,0.0,0.2,0.2,0.2,,,0.2,,,0.0,0.1,0.6,0.0,-0.3,0.7,8.0,1.0,0.1
198110,0.4,0.6,0.9,-0.3,-0.6,0.8,0.8,0.8,0.2,3.1,0.6,0.4,0.5,0.2,0.1,0.1,0.3,,0.2,-0.1,0.0,0.1,0.0,0.0,0.2,0.2,0.2,,,0.2,,,0.0,0.1,0.0,0.0,-0.1,0.7,2.2,0.1,0.2
198111,-0.2,-0.5,0.0,-2.4,-3.3,1.3,1.2,-0.2,0.1,-0.9,0.0,-0.1,1.1,0.3,0.2,0.2,0.2,,0.7,0.1,0.0,0.4,0.0,0.0,0.1,0.2,0.3,,,0.3,,,0.1,0.3,0.2,0.0,0.0,-0.1,-0.6,-0.6,0.5
198112,0.2,0.4,0.5,1.3,1.6,0.1,0.2,0.1,0.1,0.0,-0.1,0.1,0.1,1.2,0.2,0.2,0.4,,0.4,0.1,0.0,0.2,0.0,0.0,0.1,0.3,0.2,,,0.2,,,0.0,0.1,0.0,0.0,-0.3,-0.2,0.1,0.5,0.1
198201,0.0,-0.3,-0.9,1.2,1.4,0.0,0.0,-0.7,0.5,-4.5,-0.2,0.1,0.1,-1.4,0.4,0.4,0.4,,0.1,0.1,0.0,0.7,0.0,0.0,0.3,0.3,0.2,,,0.3,,,0.4,0.3,0.0,0.0,0.9,0.0,-3.0,0.5,0.4
198202,-0.2,-0.5,-0.8,0.4,0.6,0.1,0.0,-0.8,0.2,-4.3,-0.2,0.1,0.2,0.1,0.1,0.1,0.3,,0.1,0.0,0.0,0.6,0.0,0.0,0.1,0.2,0.4,,,0.2,,,0.0,0.3,2.7,0.0,-0.6,-0.1,-2.7,0.2,0.2
198203,0.2,0.2,0.3,0.2,0.2,0.0,0.0,0.3,0.2,1.2,-0.1,0.0,0.1,-0.1,0.4,0.1,0.0,,0.0,0.0,0.0,0.0,0.0,0.0,0.1,0.2,0.3,,,0.4,,,0.0,0.1,0.0,0.0,-0.3,-0.3,0.9,0.1,0.0
198204,0.8,0.5,0.4,0.7,0.6,1.3,1.2,0.3,0.2,1.1,0.8,-0.3,0.7,0.2,1.0,1.4,0.9,,3.3,0.5,0.0,-0.1,7.4,0.0,1.3,0.5,0.4,,,0.6,,,2.5,0.4,3.9,5.2,2.2,-0.5,0.7,0.5,0.9
198205,0.4,0.3,0.9,-3.1,-4.0,0.1,0.2,1.4,0.1,7.1,0.3,0.0,0.1,0.1,0.6,0.6,1.2,,1.0,0.3,0.0,0.8,0.0,0.0,0.3,0.3,0.5,,,0.5,,,0.3,0.1,0.0,0.4,0.3,0.0,4.6,-0.8,0.6
198206,0.0,-0.1,0.4,-1.5,-1.9,0.1,0.0,0.3,0.2,1.1,0.1,-0.1,0.2,0.0,0.3,0.2,0.2,,0.2,0.1,0.0,0.2,0.0,0.0,0.3,0.2,0.4,,,0.6,,,0.1,0.1,0.0,0.0,0.0,-0.1,0.7,-0.4,0.1
198207,-0.6,-1.3,-0.6,-4.2,-5.4,0.0,0.0,-0.7,0.3,-3.8,0.0,0.0,0.1,0.0,0.2,0.2,0.3,,0.1,0.4,0.0,0.1,0.0,0.0,0.1,0.3,0.3,,,0.3,,,0.0,0.3,0.0,0.0,0.1,-0.2,-2.5,-1.1,0.2
198208,0.7,1.1,-0.7,9.7,12.5,0.0,0.0,-1.2,0.1,-7.8,3.6,-0.6,0.0,0.4,0.2,0.2,0.0,,-0.8,0.1,0.0,0.0,0.0,0.0,0.3,0.1,0.2,,,0.2,,,0.5,0.1,0.0,0.0,1.0,-0.2,-5.1,3.1,0.0
198209,1.6,2.6,2.0,4.4,5.5,0.1,0.1,2.4,0.1,11.9,0.9,0.1,0.0,1.4,0.0,0.0,0.0,,0.2,0.0,0.0,0.1,0.2,0.0,0.0,0.3,0.3,,,0.1,,,-0.2,0.1,0.0,0.0,-1.0,0.2,8.0,1.5,0.0
198210,0.3,0.4,0.6,-0.7,-1.0,0.3,0.4,0.8,0.1,3.5,0.1,0.2,0.1,0.1,0.2,0.2,0.2,,0.0,0.0,0.0,0.2,0.0,0.0,0.0,0.2,0.1,,,0.0,,,0.1,0.1,0.2,0.0,0.4,0.4,2.2,-0.2,0.1
198211,-1.0,-1.7,-0.1,-8.1,-10.3,0.9,0.9,0.1,0.1,0.1,-0.1,0.1,0.0,0.0,0.1,0.1,-0.1,,0.0,0.3,0.0,-0.1,0.0,0.0,0.3,0.2,0.3,,,0.3,,,0.1,0.1,0.4,0.0,-0.1,-0.1,0.2,-2.5,0.0
198212,-0.1,-0.3,0.1,-1.4,-1.8,0.1,0.1,-0.1,0.2,-0.8,-0.2,0.0,0.0,1.7,0.2,0.2,0.2,,1.1,0.4,0.0,0.2,0.0,0.0,0.1,0.3,0.3,,,0.2,,,0.1,0.3,0.2,0.0,-0.1,-0.2,-0.4,-0.2,0.1
198301,0.1,0.2,-0.9,4.3,5.6,-0.1,0.0,-0.9,0.1,-4.5,-0.8,0.1,0.0,-1.6,0.1,0.1,0.0,,0.3,0.1,-1.2,0.1,0.0,0.0,0.1,0.2,0.1,,,0.1,,,0.3,0.1,0.0,0.0,0.4,-0.2,-3.0,1.1,0.0
198302,-0.3,-0.6,-0.7,0.9,1.0,0.0,0.0,-1.1,0.1,-4.7,-2.1,0.6,0.0,0.2,0.2,0.1,0.1,,0.6,-0.1,0.2,0.0,0.0,0.0,0.1,0.2,0.3,,,0.4,,,-0.1,0.1,0.4,0.0,-0.1,0.1,-3.0,0.1,0.0
198303,0.6,0.8,0.3,3.8,4.7,0.0,0.0,0.1,0.1,0.9,-1.9,0.2,0.0,-0.2,0.1,0.1,0.2,,0.1,0.0,0.0,0.0,0.0,0.0,0.1,0.2,0.2,,,0.1,,,0.2,0.1,0.0,0.2,0.1,-0.2,0.7,1.0,0.1
198304,0.5,-0.1,0.0,-0.5,-0.6,0.0,0.0,0.0,0.3,1.3,-3.4,0.6,0.1,0.1,1.1,1.3,0.6,,1.1,0.8,0.0,0.1,4.6,0.0,1.2,0.4,0.5,,,0.6,,,2.1,0.4,0.9,4.2,2.0,0.0,0.8,-0.3,0.4
198305,1.0,1.6,1.0,2.1,2.7,0.1,0.1,1.8,0.2,7.0,-1.3,1.3,0.1,-0.1,0.3,0.1,0.2,,2.3,0.3,0.0,0.0,0.0,0.0,0.3,0.2,0.5,,,0.8,,,0.2,0.0,-0.2,0.2,0.0,-0.2,4.6,0.9,1.9
198306,-0.6,-1.1,0.2,-5.7,-7.1,0.0,0.0,0.1,0.4,0.0,-1.0,0.2,0.0,0.0,0.1,0.1,-0.1,,0.2,0.3,0.0,-0.1,0.0,0.0,0.3,0.2,0.4,,,0.4,,,0.1,0.0,0.9,0.0,0.1,0.0,0.0,-1.6,-0.1
198307,-0.4,-0.7,-0.4,-1.6,-2.0,0.0,0.0,-0.6,0.3,-2.5,-1.3,0.2,0.0,0.0,0.2,0.2,0.2,,0.3,0.3,0.0,0.1,0.0,0.0,0.1,0.1,0.2,,,0.2,,,0.0,0.0,0.0,0.0,0.3,-0.1,-1.6,-0.5,0.1
198308,-0.3,-0.5,-1.5,4.2,5.3,0.0,0.0,-1.8,0.1,-8.7,-1.5,0.0,0.0,0.3,0.1,0.1,-0.4,,0.1,0.1,0.0,-1.2,0.0,0.0,0.1,0.2,0.2,,,0.1,,,0.4,0.0,0.0,0.0,0.8,-0.3,-5.7,1.1,-0.2
198309,1.2,2.0,2.3,0.2,0.3,0.1,0.1,2.7,0.1,12.7,2.6,0.0,0.0,-0.1,0.0,-0.1,0.0,,0.6,0.0,0.0,0.0,0.0,0.0,0.0,0.1,0.1,,,0.1,,,-0.3,0.0,0.2,0.0,-0.5,0.5,8.1,0.4,0.0
198310,0.8,1.3,0.6,3.3,3.9,0.2,0.3,0.8,0.5,2.5,0.7,0.4,0.0,0.1,0.2,0.3,0.4,,2.5,-0.1,0.0,0.1,0.0,0.0,0.3,0.3,0.1,,,0.2,,,0.3,0.1,0.0,0.0,0.3,0.6,1.7,1.3,0.2
198311,-0.5,-1.1,0.3,-5.7,-7.2,1.1,1.1,0.4,0.3,1.0,-0.8,0.3,0.1,0.0,0.2,0.1,-0.2,,0.1,0.1,0.0,0.0,0.0,0.0,0.1,0.4,0.2,,,0.2,,,0.0,0.0,0.0,0.0,0.1,0.2,0.7,-1.7,0.1
198312,-0.3,-0.5,-0.2,-1.7,-2.3,0.2,0.2,-0.3,0.2,-1.2,-1.8,0.3,0.0,1.9,0.0,0.1,0.4,,0.3,0.1,0.0,0.2,0.0,0.0,0.0,0.3,0.0,,,-0.1,,,0.0,0.1,0.0,0.0,-0.4,-0.3,-0.8,-0.5,0.0
198401,0.3,0.4,-0.7,4.8,6.2,0.1,0.1,-0.9,0.2,-4.3,-1.0,0.1,0.0,-1.5,0.2,0.2,0.0,,0.5,0.3,0.0,0.1,0.0,0.0,0.1,0.3,0.0,,,-0.2,,,0.1,0.1,0.2,0.0,0.5,-0.1,-2.8,1.4,0.1
198402,0.6,0.8,-0.4,6.5,8.0,1.3,1.3,-0.8,0.2,-4.2,-0.1,0.1,0.1,0.2,0.2,0.3,0.5,,0.0,0.0,0.0,1.5,0.0,0.0,0.0,0.1,0.3,,,0.2,,,0.0,0.1,0.0,0.0,-0.3,-0.2,-2.7,2.0,0.3
198403,0.2,0.4,0.2,1.1,1.1,0.5,0.5,0.2,0.1,0.5,0.1,0.1,0.0,-0.2,0.1,0.0,0.0,,0.1,0.0,-1.4,0.1,0.0,0.0,0.3,0.2,0.1,,,0.2,,,0.2,0.1,1.2,0.2,0.0,0.0,0.5,0.4,0.1
198404,0.3,-0.3,0.2,-2.7,-3.2,0.2,0.2,0.4,0.2,1.6,-0.2,0.0,0.5,0.2,1.1,1.3,1.3,,1.0,0.8,0.0,0.2,4.7,15.5,0.8,0.4,0.3,,,0.3,,,1.8,0.3,4.6,4.0,1.4,-0.4,1.1,-0.7,0.9
198405,0.7,0.7,1.4,-1.8,-2.2,0.0,0.0,1.7,0.8,6.8,-0.7,0.2,0.7,0.0,0.5,0.7,1.6,,1.1,0.1,0.0,1.0,0.0,0.0,0.4,0.6,0.4,,,0.2,,,0.3,0.0,0.2,0.0,0.8,0.1,4.4,-0.2,0.9
198406,-0.7,-1.2,-0.4,-5.3,-6.7,0.0,0.1,-0.1,0.1,-0.1,-1.0,0.1,0.1,-0.2,0.2,0.1,0.0,,0.1,0.3,0.0,0.0,0.0,0.0,0.1,0.3,0.2,,,0.3,,,0.0,0.1,0.0,0.0,-0.3,-0.2,-0.1,-1.7,0.1
198407,0.2,0.2,-0.3,2.4,3.0,0.0,0.0,-0.5,0.2,-2.6,0.1,-0.1,0.0,0.0,0.3,0.3,0.5,,1.5,0.4,0.0,0.6,0.0,0.0,0.1,0.2,0.2,,,0.1,,,0.1,0.1,0.0,0.0,0.1,0.0,-1.8,0.7,0.2
198408,-0.8,-1.5,-1.3,-1.8,-2.4,0.0,0.0,-1.6,0.2,-8.5,0.1,0.0,0.0,0.3,0.1,0.1,-0.2,,0.2,0.0,0.0,-0.8,0.0,0.0,0.3,0.1,0.1,,,0.3,,,0.3,0.0,0.0,0.0,0.8,-0.1,-5.6,-0.5,-0.1
198409,1.5,2.7,2.2,4.0,5.3,0.2,0.2,2.5,0.1,11.8,3.8,-0.4,0.1,0.1,-0.1,-0.1,-0.2,,0.5,0.1,0.0,-0.1,0.0,0.0,0.0,0.1,0.1,,,0.1,,,-0.2,0.1,0.2,0.0,-0.8,0.2,7.6,1.5,0.0
198410,0.7,0.9,0.8,1.2,1.4,0.7,0.7,1.1,-0.1,4.3,0.3,0.4,0.1,-0.2,0.4,0.4,1.3,,0.3,-0.1,8.4,0.1,0.3,0.0,0.0,0.1,0.2,,,0.1,,,0.1,0.1,0.0,0.0,0.1,0.8,2.8,0.4,0.7
198411,-0.5,-1.0,0.0,-4.8,-6.4,0.7,0.7,0.0,0.0,0.3,-1.0,0.5,0.0,0.1,0.1,0.1,0.2,,0.2,0.1,0.0,0.3,0.0,0.0,0.1,0.1,0.3,,,0.3,,,0.0,0.1,0.2,0.0,0.0,0.0,0.3,-1.5,0.2
198412,0.2,0.3,-0.1,1.8,2.3,0.1,0.1,-0.2,0.1,-0.7,-1.6,0.2,0.0,2.0,0.2,0.2,0.2,,0.3,0.3,0.0,0.1,0.0,0.0,0.1,0.3,0.3,,,0.3,,,0.0,0.1,0.0,0.0,-0.3,-0.2,-0.4,0.5,0.1
198501,0.5,0.5,-0.7,5.6,5.6,0.4,0.0,-0.9,0.1,-3.6,-1.8,0.5,0.0,-1.8,0.3,0.4,0.0,,0.2,0.3,0.0,0.0,0.0,0.0,0.8,0.3,0.2,,,0.1,,,1.7,0.1,-0.3,0.0,2.0,0.1,-2.4,1.5,0.0
198502,-0.4,-0.6,-0.3,-1.7,-2.0,0.0,0.0,-0.5,0.0,-1.8,-1.5,0.0,0.0,0.2,0.0,-0.1,0.0,,0.0,0.1,0.0,0.1,0.0,0.0,-0.1,0.0,0.2,,,0.2,,,-0.5,0.0,0.0,0.0,-1.2,-0.3,-1.1,-0.5,0.0
198503,0.4,0.6,0.3,1.6,1.7,1.2,1.1,0.4,0.1,1.6,0.9,0.0,0.0,0.1,0.2,0.2,0.3,,0.1,0.0,2.4,0.0,0.0,0.0,0.3,0.2,0.3,,,0.2,,,0.3,0.1,4.1,0.2,0.0,-0.1,1.0,0.5,0.2
198504,0.6,0.4,0.3,1.0,1.2,0.1,0.1,0.4,0.0,1.7,0.0,0.0,0.2,-0.1,0.8,0.9,0.3,,1.0,0.6,0.0,0.1,4.0,0.0,0.8,0.3,0.2,,,0.3,,,1.8,0.3,0.9,4.3,1.1,-0.1,1.2,0.4,0.3
198505,0.2,-0.1,0.2,-2.1,-2.6,0.0,0.0,0.4,0.1,1.7,-0.2,0.0,0.0,0.0,0.6,0.6,1.7,,0.8,6.4,0.0,0.2,0.0,0.0,0.3,0.1,0.5,,,0.5,,,0.2,0.1,0.2,0.0,0.3,0.0,1.1,-0.6,0.9
198506,0.0,-0.1,0.0,-0.6,-0.7,0.0,0.0,0.0,0.2,-0.1,-0.4,0.0,0.1,0.0,0.1,0.1,0.0,,0.1,0.2,0.0,0.0,0.0,0.0,0.1,0.1,0.3,,,0.2,,,0.1,0.0,0.0,0.0,0.1,-0.1,0.0,-0.2,0.0
198507,0.2,0.2,-0.2,2.0,2.5,-0.1,0.0,-0.2,0.1,-0.8,-0.9,0.1,0.0,0.0,0.1,0.1,0.2,,0.1,0.1,0.0,0.1,0.0,0.0,0.1,0.2,0.2,,,0.1,,,0.0,0.1,0.2,0.0,0.0,0.0,-0.5,0.6,0.1
198508,-0.2,-0.4,-0.4,0.3,0.5,0.0,0.0,-0.9,0.0,-4.0,-0.8,0.1,0.0,1.8,0.1,0.2,0.1,,0.1,0.1,0.0,0.0,0.0,0.0,0.1,0.2,0.1,,,0.1,,,0.2,0.0,0.0,0.0,0.7,-0.1,-2.4,0.0,0.0
198509,0.1,0.2,0.7,-2.0,-2.6,0.0,0.0,0.9,0.0,4.7,-0.3,0.1,0.0,-0.4,0.0,0.0,0.0,,0.3,0.6,0.0,0.0,0.0,0.0,0.1,0.1,0.2,,,0.1,,,-0.1,0.1,0.0,0.2,-0.6,0.1,3.0,-0.6,0.0
198510,0.9,1.3,0.3,5.8,7.3,0.0,0.0,0.4,0.2,1.4,-0.2,0.1,0.0,-0.1,0.3,0.2,0.4,,0.5,0.2,0.0,0.8,0.0,0.0,0.1,0.2,0.1,,,0.2,,,0.1,0.1,0.0,0.0,0.3,0.1,0.9,1.7,0.3
198511,-0.8,-1.5,0.1,-8.0,-9.8,0.0,0.0,0.2,0.1,1.0,-0.3,0.0,0.0,0.2,0.1,0.1,0.1,,0.2,0.1,0.0,0.1,0.0,0.0,0.1,0.1,0.3,,,0.4,,,0.0,0.0,0.0,0.0,0.1,-0.1,0.7,-2.3,0.0
198512,0.1,0.2,0.1,0.9,1.1,0.0,0.0,-0.1,0.0,-0.2,-0.2,0.0,0.0,2.0,0.1,0.0,0.1,,0.2,0.0,0.0,0.0,0.0,0.0,0.0,0.1,0.1,,,0.2,,,-0.1,0.1,0.2,0.0,-0.5,-0.2,-0.2,0.3,0.0
198601,0.4,0.7,-0.5,6.1,7.5,0.0,0.0,-0.6,0.0,-2.9,-0.6,-0.1,0.0,-1.7,0.1,0.1,0.1,,0.4,0.1,0.0,0.0,0.0,0.0,0.1,0.1,0.0,,,0.1,,,0.1,0.1,0.0,0.0,0.1,-0.1,-1.9,1.6,0.1
198602,-0.1,-0.4,-0.3,-0.7,-0.9,0.5,0.5,-0.3,0.1,-1.3,-0.5,0.1,0.0,-0.1,0.0,0.0,0.0,,0.0,0.1,0.0,0.2,0.0,0.0,0.1,0.1,0.2,,,0.2,,,0.0,0.1,0.0,0.0,0.1,-0.1,-0.9,-0.2,0.0
198603,-0.1,-0.2,0.2,-1.9,-2.3,0.0,0.0,0.2,0.1,1.5,-1.3,0.1,0.0,0.4,0.2,0.2,0.1,,0.1,0.0,0.0,0.0,0.0,0.0,0.1,0.3,0.0,,,0.2,,,0.1,0.0,0.0,0.0,0.1,-0.1,1.0,-0.6,0.1
198604,0.3,0.0,0.1,-1.1,-1.3,0.1,0.1,0.2,0.1,1.9,-2.3,0.1,0.2,0.2,0.8,0.9,0.6,,0.5,0.6,1.7,0.1,4.9,0.0,0.8,0.2,0.2,,,0.3,,,1.7,0.3,5.0,2.9,1.7,0.0,1.2,-0.5,0.5
198605,0.3,0.4,0.5,-0.2,-0.4,0.0,0.0,0.5,0.1,1.5,-1.8,1.0,0.1,3.0,0.2,0.2,0.1,,0.7,0.2,0.0,0.0,0.0,0.0,0.3,0.1,0.6,,,0.4,,,0.3,0.1,0.1,0.2,0.4,-0.2,1.0,0.3,1.2
198606,-0.5,-1.1,-0.9,-2.0,-2.4,0.0,0.0,-0.2,0.0,0.1,-2.5,0.1,-6.7,0.1,0.1,0.0,0.0,,0.2,0.0,0.0,0.0,0.0,0.0,0.1,0.2,0.2,,,0.3,,,0.0,0.0,0.1,0.0,-0.3,-0.1,0.1,-1.5,-1.6
198607,-0.3,-0.5,-0.5,-0.7,-0.9,-0.2,-0.2,-0.5,-0.1,-1.0,-2.8,0.1,-0.6,0.0,0.1,0.1,0.1,,-0.3,0.1,0.0,0.0,0.0,0.0,0.1,0.0,0.4,,,0.2,,,0.0,0.1,0.1,0.0,0.0,-0.1,-0.7,-0.5,-0.1
198608,-0.2,-0.4,-0.6,1.2,1.6,0.1,0.1,-1.0,0.0,-3.9,-1.9,0.1,0.0,0.3,0.1,0.2,-0.2,,0.0,0.1,0.0,-0.1,0.0,0.0,0.3,0.1,0.1,,,0.1,,,0.4,0.0,0.0,0.0,1.1,-0.2,-2.6,0.2,0.0
198609,0.5,0.6,0.4,0.9,1.1,0.1,0.1,0.7,-0.1,4.4,-1.7,0.0,0.0,-0.2,0.2,0.1,0.7,,0.1,0.1,0.0,0.3,0.1,0.0,0.0,0.1,0.2,,,0.3,,,-0.2,0.0,0.3,0.0,-0.6,-0.1,2.8,0.1,0.4
198610,0.1,0.0,0.2,-0.1,-0.1,0.1,0.0,0.1,-0.1,1.3,-2.5,0.3,0.0,0.0,0.3,0.3,0.6,,0.3,2.1,0.0,0.0,0.0,0.0,0.1,0.0,0.2,,,0.2,,,0.1,0.1,0.0,0.0,0.1,-0.1,0.9,-0.2,0.3
198611,-0.5,-0.8,-0.1,-3.9,-4.9,0.0,0.0,-0.2,0.0,0.6,-3.4,0.2,0.1,0.2,0.0,0.0,0.0,,0.1,0.1,0.0,0.1,0.0,0.0,0.0,0.1,0.1,,,0.2,,,-0.1,0.0,0.0,0.0,-0.3,-0.1,0.3,-1.4,0.0
198612,-0.2,-0.4,-0.1,-1.4,-1.8,0.0,0.0,-0.2,-0.1,-0.1,-2.4,0.1,0.0,1.9,0.0,0.0,0.1,,0.5,0.0,0.0,0.0,0.0,0.0,0.0,0.1,0.1,,,0.1,,,-0.1,0.1,0.0,0.0,-0.4,-0.3,0.0,-0.4,0.0
198701,-0.4,-0.8,-1.2,0.4,0.5,-0.1,0.0,-0.8,0.1,-3.7,-1.5,0.0,-2.7,-1.9,0.2,0.1,0.3,,0.1,0.3,1.8,0.1,0.0,0.0,0.1,0.1,0.1,,,0.2,,,-0.1,0.0,0.1,0.0,-0.1,-0.1,-2.5,-0.4,-0.3
198702,0.0,-0.1,0.0,-0.9,-1.0,0.0,0.0,0.0,0.0,-1.2,4.1,-0.4,-0.3,0.2,0.1,0.0,0.0,,0.0,0.0,0.0,0.0,0.0,0.0,0.1,0.1,0.4,,,0.2,,,0.1,0.1,0.0,0.0,0.1,-0.2,-0.8,0.1,-0.2
198703,0.4,0.6,0.3,2.1,2.7,0.0,0.0,0.3,-0.1,1.7,0.8,0.0,0.0,0.3,0.1,0.2,0.1,,0.1,0.0,0.0,0.0,0.0,0.0,0.1,0.0,0.2,,,0.1,,,0.3,0.0,0.1,0.2,0.4,-0.1,1.2,0.6,0.1
198704,0.9,1.0,0.3,3.3,3.9,0.0,0.0,0.6,-0.1,1.7,3.7,-0.2,0.1,0.0,0.7,0.7,0.4,,1.5,0.2,0.0,0.0,4.2,0.0,0.6,0.1,0.4,,,0.4,,,1.4,0.4,0.6,2.8,1.1,0.0,1.2,1.1,0.2
198705,0.2,0.2,0.2,0.0,0.1,0.0,0.0,0.3,0.0,1.7,-0.1,-0.1,0.0,-0.1,0.1,0.2,0.0,,0.7,0.0,0.0,0.0,0.0,0.0,0.3,0.1,0.3,,,0.3,,,0.3,0.0,0.0,0.3,0.4,-0.3,1.2,0.0,0.0
198706,-0.2,-0.5,-0.2,-2.3,-3.0,0.0,0.0,-0.1,-0.1,0.1,-0.4,-0.1,0.1,0.0,0.5,0.1,0.1,,0.1,0.1,0.0,1.9,0.0,0.0,0.5,0.0,1.1,,,1.3,,,0.1,0.1,0.0,0.0,0.0,-0.2,0.0,-0.8,0.1
198707,-0.5,-1.1,-0.3,-4.2,-5.2,0.0,0.0,-0.4,0.0,-1.9,-0.8,-0.1,0.0,0.0,0.1,0.1,0.1,,0.5,0.0,0.0,0.0,0.0,0.0,0.1,0.1,0.3,,,0.3,,,0.0,0.1,0.0,0.0,0.0,-0.2,-1.3,-1.1,0.1
198708,0.1,0.1,-0.4,2.9,3.7,0.0,0.0,-0.8,0.0,-3.3,-0.2,-0.1,0.0,0.5,0.2,0.2,0.1,,0.2,0.0,0.0,0.0,0.0,0.0,0.3,0.0,0.1,,,0.1,,,0.5,0.1,0.0,0.0,1.0,-0.3,-2.2,0.8,0.0
198709,0.9,1.7,0.6,6.2,7.8,0.0,0.0,0.8,0.0,4.1,-0.3,0.0,0.0,0.0,-0.1,-0.1,-0.1,,0.2,0.1,0.0,0.0,0.0,0.0,-0.1,0.1,0.1,,,0.1,,,-0.3,0.0,0.0,0.2,-0.9,-0.1,2.7,1.7,0.0
198710,0.0,-0.1,0.1,-1.1,-1.3,-0.1,-0.1,0.2,-0.1,1.4,-0.2,0.0,0.0,0.1,0.1,0.1,0.1,,0.3,0.1,0.0,0.2,0.0,0.0,0.1,0.0,0.1,,,0.1,,,0.1,0.1,0.0,0.0,0.1,-0.1,1.0,-0.4,0.0
198711,-0.5,-1.0,0.0,-5.2,-6.5,-0.2,-0.2,0.1,0.0,0.5,-0.6,-0.1,0.0,0.2,0.1,0.0,0.0,,0.2,0.0,0.0,0.0,0.0,0.0,0.0,0.1,0.1,,,0.1,,,0.0,0.1,0.0,0.0,0.1,-0.3,0.4,-1.5,0.0
198712,-0.1,0.0,0.1,0.0,0.1,-0.6,-0.6,-0.2,0.0,-0.2,-1.3,-0.1,0.0,1.8,-0.1,0.0,0.1,,0.2,0.0,0.0,0.0,0.0,0.0,0.0,0.1,0.1,,,-0.2,,,-0.1,0.1,0.1,0.0,-0.5,-0.3,-0.1,0.0,0.0
198801,-0.3,-0.6,-1.0,1.1,1.6,-0.9,-0.9,-0.9,0.0,-3.8,-1.3,0.1,-1.8,-1.9,0.1,0.1,0.1,,0.1,0.1,0.0,0.1,0.0,0.0,0.1,0.1,0.1,,,0.1,,,0.1,0.3,0.0,0.0,0.1,-0.1,-2.5,0.0,-0.4
198802,-0.2,-0.4,-0.3,-0.3,-0.4,0.0,0.0,-0.4,0.0,-1.8,-1.1,0.1,0.0,0.2,0.1,0.0,-0.1,,0.1,0.0,0.0,-0.1,0.0,0.0,0.0,0.0,0.2,,,0.2,,,0.0,0.0,0.0,0.0,0.0,-0.1,-1.2,-0.2,0.0
198803,0.4,0.7,0.3,2.3,3.0,0.0,0.0,0.3,0.0,2.0,-0.9,0.0,0.0,-0.2,0.0,0.0,-0.3,,0.1,0.0,0.0,-0.2,0.0,0.0,0.1,0.2,0.2,,,0.2,,,0.1,0.1,0.0,0.0,0.0,-0.1,1.3,0.6,-0.1
198804,0.5,0.3,0.2,0.1,0.0,0.0,0.0,0.4,0.0,2.1,-0.9,0.0,0.2,0.0,0.6,0.8,0.2,,0.6,0.3,-1.1,0.2,3.6,0.0,0.8,0.0,0.5,,,0.2,,,1.6,0.3,2.5,3.0,1.4,-0.1,1.5,-0.1,0.1
198805,0.1,0.1,0.2,-0.8,-0.9,0.0,0.0,0.3,0.1,2.0,-0.5,0.0,0.0,0.1,0.2,0.1,0.0,,0.4,0.0,0.0,0.0,0.0,0.0,0.3,0.1,0.2,,,0.3,,,0.3,0.1,0.0,0.1,0.5,-0.1,1.3,-0.2,0.0
198806,-0.2,-0.4,-0.1,-1.7,-2.1,0.0,0.0,-0.1,0.0,-0.1,-0.4,-0.3,0.1,0.0,0.1,0.1,0.2,,0.2,0.2,0.5,1.4,0.0,0.0,0.0,0.0,0.1,,,0.1,,,-0.1,0.0,0.0,0.1,-0.2,-0.4,0.0,-0.5,0.2
198807,-0.2,-0.4,-0.3,-0.6,-0.9,0.0,0.0,-0.4,0.0,-1.8,-0.2,0.0,0.0,0.0,0.0,0.0,0.1,,0.2,0.1,0.0,0.0,0.0,0.0,0.0,0.0,0.2,,,0.1,,,0.0,0.1,0.1,0.0,-0.1,-0.1,-1.2,-0.2,0.1
198808,0.3,0.3,-0.4,4.1,5.3,0.0,0.0,-0.6,0.0,-3.3,0.7,-0.2,0.0,0.2,0.2,0.3,0.1,,0.1,0.0,0.0,0.0,0.0,0.0,0.3,0.1,0.0,,,0.1,,,0.5,0.0,0.0,0.0,1.2,-0.2,-2.2,1.3,0.0
198809,0.8,1.5,0.8,4.0,5.0,0.0,0.0,1.1,0.0,5.3,0.2,0.1,0.0,-0.1,0.0,-0.2,-0.1,,0.2,0.0,0.0,0.0,0.0,0.0,0.0,0.0,0.3,,,0.2,,,-0.3,0.1,0.1,0.0,-0.9,0.0,3.6,1.1,-0.1
198810,0.5,0.8,0.4,2.9,3.7,0.0,0.0,0.2,0.1,1.2,-0.3,-0.1,0.0,0.3,0.2,0.2,0.2,,1.7,0.0,0.0,0.2,0.0,0.0,0.1,0.1,0.3,,,0.2,,,0.1,0.1,0.0,0.0,0.2,-0.1,0.8,0.9,0.1
198811,-0.4,-0.9,0.0,-4.5,-5.6,0.1,0.1,0.1,0.0,0.9,-1.1,0.1,0.0,-0.3,0.1,0.0,0.0,,0.1,0.0,0.0,0.0,0.0,0.0,0.1,0.1,0.3,,,0.3,,,0.0,0.1,0.0,0.0,-0.1,-0.1,0.7,-1.4,0.0
198812,-0.3,-0.5,0.2,-3.1,-3.8,-0.1,-0.1,0.0,0.1,-0.1,-0.8,-0.1,0.0,2.0,0.0,0.1,0.1,,0.4,0.0,0.0,0.0,0.0,0.0,0.0,0.1,0.0,,,0.2,,,-0.1,0.3,0.1,0.0,-0.5,-0.1,0.0,-0.8,0.0
198901,-0.2,-0.5,-0.9,0.6,0.7,0.0,0.0,-0.8,0.0,-3.5,-0.4,0.1,0.0,-1.5,0.2,0.1,0.2,,0.2,0.1,0.0,0.6,0.0,0.0,0.1,0.1,0.2,,,0.1,,,0.2,0.3,0.0,0.0,0.4,-0.1,-2.5,0.1,0.2
198902,-0.3,-0.4,0.0,-2.0,-2.6,-0.1,-0.1,-0.3,0.1,-1.8,1.1,-0.3,0.0,5.2,-0.1,0.0,-0.4,,0.0,0.0,0.0,-0.2,0.0,0.0,0.1,0.2,0.1,,,0.1,,,0.1,0.1,0.1,0.0,-0.1,-0.3,-1.2,-0.2,-0.3
198903,0.5,0.7,0.4,2.2,2.7,0.0,0.0,0.4,0.0,2.0,0.6,0.0,0.0,-0.3,0.3,0.2,0.0,,0.1,0.0,0.0,0.0,0.0,0.0,0.3,0.2,0.3,,,0.3,,,0.3,0.3,0.0,0.3,0.4,-0.2,1.4,0.6,0.0
198904,1.8,1.4,1.4,0.8,0.6,1.9,1.9,1.8,2.1,4.1,2.2,-0.2,-1.1,2.9,2.1,2.5,1.6,,2.5,0.5,0.5,2.6,2.6,2.9,2.2,3.2,0.5,,,0.5,,,3.4,2.7,2.7,3.9,3.6,-2.4,3.3,1.3,0.9
198905,0.6,0.8,0.6,2.4,3.1,0.1,0.1,0.4,0.1,1.8,0.4,-0.1,0.1,0.0,0.4,0.3,0.3,,0.2,0.2,0.0,0.1,0.0,0.0,0.4,0.3,0.3,,,0.5,,,0.4,0.1,0.0,0.1,0.7,-0.1,1.3,0.7,0.2
198906,-0.1,-0.3,0.0,-1.8,-2.3,0.0,0.0,0.1,-0.1,0.2,0.7,0.1,0.0,0.1,0.3,0.2,0.2,,0.2,0.1,0.0,0.1,0.0,0.0,0.4,0.2,0.5,,,0.8,,,0.0,0.3,0.1,0.0,-0.2,0.1,0.2,-0.5,0.1
198907,-0.2,-0.5,-0.4,-1.0,-1.3,0.0,0.0,-0.4,0.1,-2.0,0.8,-0.2,0.1,0.0,0.1,0.1,0.1,,0.4,0.2,0.0,0.1,0.0,0.0,0.0,0.0,0.2,,,0.1,,,0.1,0.1,0.0,0.0,0.1,-0.2,-1.4,-0.2,0.1
198908,-0.1,-0.4,-0.5,0.4,0.5,0.0,0.0,-0.7,0.0,-3.1,0.0,-0.1,0.0,0.2,0.2,0.2,0.1,,0.1,0.1,0.0,0.0,0.0,0.0,0.2,0.1,0.1,,,0.1,,,0.4,0.1,0.0,0.0,0.9,-0.1,-2.1,0.1,0.1
198909,0.9,1.7,1.1,3.9,5.1,0.0,0.0,1.4,0.1,6.2,0.2,0.1,0.0,-0.1,-0.1,-0.1,0.0,,0.1,0.2,0.0,-0.1,0.0,0.0,-0.1,0.1,0.1,,,0.1,,,-0.4,0.1,0.0,0.1,-0.9,0.1,4.1,1.2,-0.1
198910,0.8,1.3,0.4,5.1,6.2,0.2,0.2,0.3,-0.1,1.4,0.2,0.0,0.0,0.2,0.2,0.2,0.1,,0.3,0.1,0.0,0.1,0.0,0.0,0.2,0.1,0.1,,,0.1,,,0.3,0.1,0.0,0.0,0.6,0.1,1.0,1.5,0.1
198911,-1.0,-2.0,0.1,-10.0,-12.4,0.3,0.3,0.3,0.1,0.9,0.5,0.0,0.0,-0.1,0.0,0.0,0.0,,0.3,0.2,0.0,0.0,0.0,0.0,0.0,0.0,0.2,,,0.1,,,0.1,0.2,0.0,0.0,-0.1,0.0,0.5,-3.1,0.1
198912,0.1,0.1,0.1,0.5,0.6,0.2,0.2,-0.1,-0.1,-0.3,0.4,-0.1,0.0,2.3,0.1,0.0,0.1,,0.3,0.0,0.0,0.0,0.0,0.0,0.1,0.1,0.2,,,0.2,,,-0.2,0.0,0.1,0.0,-0.4,0.0,-0.2,0.3,0.0
199001,0.2,0.2,-0.8,4.4,5.6,0.2,0.1,-0.9,0.2,-3.9,-0.1,0.0,0.0,-2.0,0.3,0.4,0.2,,0.1,0.4,0.0,0.0,0.0,0.5,0.4,0.2,0.2,,,0.3,,,0.6,0.4,0.1,0.0,1.3,-0.1,-2.5,1.1,0.3
199002,0.1,0.3,-0.1,3.0,3.7,0.0,0.0,-0.3,0.0,-1.9,0.3,0.1,0.0,1.0,-0.1,-0.1,-0.1,,0.1,0.1,0.0,0.0,0.0,0.0,0.0,0.1,0.1,,,0.1,,,-0.3,0.0,0.0,0.0,-0.9,-0.1,-1.0,0.9,-0.1
199003,0.4,0.7,0.6,0.7,0.8,0.0,0.0,0.7,0.5,2.4,1.0,-0.2,0.0,-0.1,0.2,0.1,0.1,,0.1,0.0,0.0,0.0,0.0,0.0,0.1,0.1,0.1,,,0.1,,,0.1,0.4,0.1,0.1,0.0,-0.3,1.8,0.4,0.1
199004,0.8,0.5,0.4,0.1,0.2,0.0,0.0,0.7,0.2,3.0,0.4,0.0,0.0,0.0,1.1,1.4,0.9,,0.7,0.4,0.7,-0.8,3.0,28.1,1.2,0.4,0.3,,,0.4,,,2.6,0.9,3.8,5.3,2.0,-0.2,2.0,0.1,0.5
199005,0.5,0.7,0.5,2.0,2.3,0.0,0.0,0.5,0.2,1.9,0.1,0.0,0.1,0.1,0.3,0.2,0.1,,0.5,0.2,0.0,0.0,0.0,0.0,0.4,0.2,0.3,,,0.3,,,0.5,0.2,0.0,0.1,1.0,-0.2,1.4,0.7,0.0
199006,-0.4,-0.9,-0.1,-4.9,-5.9,0.0,0.0,0.0,0.3,-0.2,0.2,0.0,0.0,0.0,0.0,0.0,-0.1,,0.2,0.1,0.0,0.0,0.0,0.0,0.1,0.1,0.3,,,0.4,,,-0.2,0.2,0.1,0.0,-0.9,-0.2,-0.1,-1.3,0.0
199007,-0.2,-0.4,-0.2,-1.1,-1.5,0.0,0.0,-0.3,0.2,-1.9,0.1,0.0,0.0,0.1,0.2,0.2,0.1,,0.1,0.0,0.0,0.1,0.0,0.0,0.1,0.2,0.3,,,0.2,,,0.2,0.1,0.1,0.0,0.5,-0.1,-1.3,-0.2,0.1
199008,0.4,0.4,-0.2,4.3,5.3,0.0,0.0,-0.4,0.5,-3.1,0.3,0.0,0.0,0.4,0.3,0.3,0.1,,0.1,0.0,0.0,0.0,0.0,0.0,0.5,0.2,0.1,,,0.2,,,0.7,0.1,0.0,0.0,1.8,0.0,-2.1,1.4,0.0
199009,0.8,1.5,1.3,2.3,2.8,0.0,0.0,1.5,0.6,5.7,0.9,0.2,0.0,0.0,-0.1,-0.2,-0.1,,0.2,0.1,0.0,-0.1,0.0,0.0,-0.1,0.1,0.1,,,0.1,,,-0.5,0.2,0.1,0.0,-1.7,0.2,4.1,0.9,0.0
199010,1.1,1.8,0.9,4.8,5.7,0.0,0.0,1.2,0.6,1.7,9.5,-0.1,0.0,0.1,0.2,0.2,0.1,,0.5,0.0,0.0,0.1,0.0,0.0,0.2,0.3,0.2,,,0.2,,,0.2,0.4,0.0,0.1,0.5,-0.2,1.3,2.2,0.0
199011,-0.2,-0.5,0.6,-5.1,-6.1,0.0,0.0,0.8,0.7,0.6,4.3,0.1,0.0,0.0,0.3,0.2,0.1,,0.2,0.1,0.0,0.3,0.0,0.0,0.2,0.1,0.2,,,0.6,,,0.2,0.2,0.0,0.0,0.1,-0.1,0.5,-0.8,0.1
199012,-0.1,-0.3,0.4,-3.1,-3.8,0.0,0.0,0.2,0.5,0.0,0.5,0.0,0.1,3.0,0.1,0.0,0.2,,0.2,0.1,0.0,0.3,0.0,0.0,0.1,0.4,0.3,,,0.2,,,-0.2,0.4,0.0,0.0,-0.7,-0.2,0.0,-0.5,0.1
199101,0.7,0.9,-0.8,9.0,10.9,0.0,0.0,-0.9,0.3,-4.1,-1.6,0.0,0.0,-2.7,0.5,0.6,0.1,,0.3,0.0,0.0,0.0,0.0,0.0,0.6,0.3,0.1,,,0.1,,,1.3,0.4,0.3,0.0,3.1,0.0,-2.8,2.2,0.0
199102,-0.3,-0.4,-0.1,-1.4,-1.7,-0.2,-0.2,-0.3,0.3,-1.7,-2.0,0.5,0.0,1.5,-0.2,-0.2,0.0,,0.1,0.1,0.0,0.1,0.0,0.0,-0.2,0.2,0.1,,,0.1,,,-0.9,0.4,0.3,0.0,-2.7,0.3,-0.9,-0.3,0.1
199103,0.5,0.7,0.6,1.6,2.0,-0.1,-0.1,0.6,0.4,2.5,-2.2,0.3,0.0,0.0,0.2,0.2,0.1,,0.1,0.1,0.0,0.1,0.0,0.0,0.2,0.2,0.2,,,0.1,,,0.3,0.2,0.0,0.4,0.2,0.0,1.9,0.5,0.1
199104,0.6,0.6,0.5,0.1,0.1,0.0,0.0,0.7,0.5,2.8,-1.7,0.2,0.1,0.9,0.7,0.8,-0.5,,-0.6,-1.8,0.0,-1.0,2.7,0.0,1.0,0.4,0.3,,,0.3,,,2.3,0.8,0.4,4.2,2.2,0.1,2.2,0.1,-0.4
199105,0.5,0.6,0.6,0.6,0.8,0.0,0.0,0.7,0.4,2.4,-0.4,0.3,0.0,0.1,0.3,0.3,0.0,,0.2,0.1,0.0,0.0,0.0,0.0,0.3,0.3,0.4,,,0.4,,,0.4,0.5,0.0,0.3,0.4,0.1,1.7,0.2,0.0
199106,-0.4,-0.8,0.0,-4.8,-5.7,-0.1,-0.1,0.2,0.3,0.1,-0.4,0.1,0.0,0.1,0.2,0.1,-0.1,,0.0,0.0,0.0,-0.1,0.0,0.0,0.3,0.3,0.6,,,0.6,,,0.2,0.2,0.0,0.0,0.1,0.0,0.2,-1.1,0.0
199107,-0.1,-0.4,-0.4,-0.5,-0.5,0.0,0.0,-0.5,0.2,-2.2,-0.2,0.0,0.0,0.0,0.3,0.3,0.5,,0.0,1.7,0.0,0.1,0.0,0.0,0.2,0.1,0.3,,,0.3,,,0.1,0.5,0.1,0.0,0.1,0.0,-1.5,-0.1,0.2
199108,0.2,0.2,-0.4,3.7,4.4,0.0,0.0,-0.6,0.1,-3.1,-0.1,-0.1,0.0,0.2,0.2,0.2,0.1,,0.1,0.1,0.0,0.1,0.0,0.0,0.2,0.2,0.2,,,0.1,,,0.5,0.2,0.0,0.0,1.0,-0.2,-2.1,1.1,0.1
199109,0.2,0.4,1.0,-3.3,-4.0,0.0,0.0,1.4,0.2,6.5,-0.1,0.1,0.0,-0.1,-0.1,-0.1,-0.1,,0.1,0.0,0.0,-0.1,0.0,0.0,0.0,0.1,0.1,,,0.1,,,-0.3,0.2,0.0,0.0,-1.1,0.0,4.5,-0.9,-0.1
199110,1.1,1.6,0.4,8.1,9.7,0.2,0.2,0.4,0.0,1.2,0.0,0.2,0.0,0.0,0.2,0.1,0.1,,0.2,0.1,0.0,0.1,0.0,0.0,0.1,0.1,0.1,,,0.2,,,0.1,0.3,-1.8,-0.1,0.3,0.3,0.8,2.1,0.2
199111,0.2,0.4,0.4,0.4,0.4,0.1,0.1,0.3,0.3,0.7,0.5,0.1,0.0,0.2,0.1,0.1,0.0,,0.0,0.1,0.0,-0.1,0.0,0.0,0.1,0.2,0.1,,,0.1,,,0.2,0.3,0.0,0.0,0.3,-0.1,0.6,0.3,0.0
199112,-0.5,-0.9,0.2,-5.6,-6.9,1.9,1.9,0.1,0.3,-0.2,0.2,0.0,0.0,2.8,0.1,0.2,0.6,,0.2,0.0,0.0,2.0,0.0,0.0,0.1,0.2,0.1,,,0.1,,,-0.1,0.5,0.0,0.0,-0.9,-0.1,0.0,-1.3,0.4
199201,-0.2,-0.6,-0.9,0.8,0.8,0.8,0.8,-1.0,0.2,-5.0,-0.2,0.1,0.0,1.3,0.3,0.4,0.3,,0.4,0.1,1.9,0.0,0.0,0.0,0.2,0.4,0.2,,,0.2,,,0.4,0.7,0.0,0.0,0.4,0.0,-3.4,0.4,0.3
199202,-0.1,-0.3,-0.1,-1.2,-1.6,0.5,0.6,-0.2,0.2,-1.3,-1.0,0.0,0.0,3.2,0.2,0.1,0.0,,0.1,0.0,0.0,0.1,0.0,0.0,0.1,0.1,0.1,,,0.2,,,0.1,0.2,0.1,0.0,0.1,0.0,-0.8,-0.2,0.0
199203,0.5,0.7,0.7,0.5,0.6,0.1,0.1,0.7,0.2,2.7,-0.3,0.2,0.1,0.5,0.2,0.2,0.0,,0.0,0.1,0.0,0.0,0.0,0.0,0.2,0.2,0.1,,,0.2,,,0.3,0.5,0.0,0.3,0.3,0.1,2.0,0.2,0.0
199204,1.1,1.1,0.6,2.9,3.4,0.1,0.1,0.8,0.5,2.9,-0.5,0.0,0.1,0.1,1.2,1.4,0.9,,1.5,0.5,2.7,0.3,3.7,0.0,1.3,0.5,0.7,,,0.5,,,2.6,1.2,9.8,4.3,1.8,-0.3,2.1,1.0,0.6
199205,0.1,-0.1,0.4,-2.2,-2.6,0.0,0.0,0.4,0.2,1.6,-0.3,0.2,0.1,0.0,0.4,0.3,0.1,,0.5,0.1,0.0,0.0,0.0,0.0,0.4,0.3,0.6,,,0.5,,,0.4,0.4,0.1,0.1,0.8,0.0,1.1,-0.6,0.0
199206,-0.1,-0.5,-0.1,-2.8,-3.4,0.1,0.1,0.1,0.2,0.1,-0.2,0.0,0.0,0.2,0.2,0.1,0.0,,0.1,0.1,0.0,0.0,0.0,0.0,0.2,0.2,0.5,,,0.3,,,0.2,0.3,0.1,0.1,0.1,0.1,0.1,-0.7,0.0
199207,-0.8,-1.3,-0.6,-4.9,-6.0,0.1,0.1,-0.7,0.1,-3.0,-0.1,0.0,0.0,0.0,0.0,0.0,-0.5,,0.0,0.1,0.0,-1.2,0.0,0.0,0.2,0.2,0.2,,,0.3,,,0.1,0.4,0.1,0.0,0.0,0.0,-2.1,-1.2,-0.3
199208,0.3,0.3,-0.3,4.0,4.8,0.1,0.1,-0.5,0.1,-2.6,0.2,-0.1,0.0,0.2,0.2,0.3,0.1,,0.2,0.0,0.0,0.1,0.0,0.0,0.2,0.1,0.1,,,0.0,,,0.5,0.1,0.0,0.0,1.4,-0.1,-1.7,1.1,0.1
199209,0.5,1.1,1.1,0.6,0.7,0.0,0.0,1.2,0.1,5.4,0.7,0.2,0.1,0.2,0.0,-0.2,-0.1,,0.1,0.1,0.0,-0.1,0.0,0.0,0.0,0.2,0.1,,,0.1,,,-0.3,0.2,0.0,0.0,-1.1,0.2,3.7,0.2,-0.1
199210,0.1,0.0,0.2,-0.7,-1.1,0.7,0.7,0.3,0.0,0.9,0.6,0.0,0.1,0.1,-0.1,-0.1,0.1,,0.6,0.1,0.0,0.0,0.0,0.0,-0.1,-1.1,0.2,,,0.3,,,0.2,0.2,0.1,0.0,0.4,0.0,0.7,-0.1,0.1
199211,-0.2,-0.6,0.1,-4.1,-5.0,0.8,0.8,0.2,0.1,0.5,0.5,0.0,0.0,0.3,0.3,0.4,0.0,,0.2,0.1,0.0,0.1,0.0,0.0,0.3,1.3,0.1,,,0.1,,,0.1,0.2,0.0,0.0,0.0,-0.1,0.4,-1.0,0.2
199212,0.0,0.0,0.2,-0.5,-0.8,0.4,0.3,-0.1,0.0,-0.5,0.1,0.0,0.0,3.3,0.1,0.0,0.1,,0.2,0.0,0.0,0.2,0.0,0.0,0.1,0.2,0.2,,,0.2,,,-0.2,0.4,0.0,0.0,-1.0,-0.2,-0.2,0.0,0.1
199301,-0.1,-0.3,-1.2,4.9,6.0,0.2,0.1,-1.3,0.1,-5.9,0.2,-0.2,0.0,-3.8,0.2,0.2,0.2,,0.1,0.4,0.0,0.1,0.0,0.0,0.1,0.1,0.2,,,0.1,,,0.3,0.3,0.0,0.1,0.3,-0.1,-4.2,1.1,0.0
199302,0.1,0.1,-0.1,1.4,1.8,0.1,0.1,-0.3,0.1,-1.6,0.0,0.0,0.0,0.9,0.1,0.1,0.0,,0.1,0.1,0.0,0.0,0.0,0.0,0.1,0.1,0.0,,,0.1,,,0.1,0.2,0.0,0.0,0.0,-0.1,-1.0,0.4,0.0
199303,0.3,0.5,0.5,0.3,0.3,0.0,-0.1,0.6,0.0,2.8,-0.1,0.2,0.0,0.1,0.1,0.1,0.1,,0.1,0.0,0.0,0.0,0.0,0.0,0.2,0.1,0.3,,,0.3,,,0.3,0.3,0.1,0.2,0.2,0.1,2.0,0.1,0.1
199304,0.7,0.4,0.5,-0.8,-0.9,-0.3,-0.3,0.7,0.1,3.1,-0.1,-0.1,0.5,0.1,0.8,1.0,0.4,,0.7,-1.6,1.0,0.1,3.7,0.0,0.9,0.4,0.2,,,0.2,,,1.9,0.5,1.4,3.6,1.8,-0.2,2.2,-0.1,0.3
199305,0.1,0.2,0.3,-0.5,-0.6,0.0,0.0,0.3,0.0,1.5,-0.2,-0.1,0.0,0.5,0.3,0.2,0.1,,0.7,0.2,0.0,0.0,0.0,0.0,0.3,0.1,0.3,,,0.4,,,0.3,0.2,0.1,0.1,0.4,-0.2,1.1,-0.2,0.0
199306,-0.1,-0.3,0.0,-1.5,-1.7,-0.4,-0.4,0.0,-0.1,0.0,-0.1,0.0,0.1,0.2,0.1,0.1,0.0,,0.3,0.1,0.0,-0.1,0.0,0.0,0.1,0.1,0.4,,,0.2,,,0.1,0.2,0.0,0.0,0.1,-0.2,0.0,-0.3,0.1
199307,0.3,0.3,-0.6,4.6,5.5,-0.4,-0.4,-0.7,0.2,-3.0,-0.2,-0.1,0.1,0.1,0.1,0.1,0.3,,0.0,0.6,0.0,0.3,0.0,0.0,0.1,0.1,0.2,,,0.3,,,-0.1,0.1,0.0,0.0,-0.2,-0.2,-2.1,1.1,0.1
199308,0.3,0.4,-0.5,4.4,5.3,-0.1,-0.1,-0.6,-0.1,-2.6,-0.2,-0.1,0.0,0.4,0.2,0.2,0.1,,0.0,0.0,0.0,0.1,0.0,0.0,0.2,0.1,0.1,,,0.1,,,0.5,0.2,0.0,0.0,1.0,-0.1,-1.9,1.1,0.1
199309,0.1,0.3,0.8,-2.4,-2.8,0.3,0.3,1.0,0.0,4.8,-0.4,0.1,0.0,-0.2,0.0,-0.1,-0.1,,0.1,0.0,0.0,-0.1,0.1,0.0,0.0,0.1,0.1,,,0.2,,,-0.4,0.2,0.0,0.0,-1.1,0.1,3.4,-0.7,0.0
199310,-0.1,-0.4,0.3,-2.3,-3.4,3.2,3.2,0.2,0.0,0.9,-0.2,-0.1,-0.1,-0.1,0.2,0.2,0.2,,0.4,0.1,0.0,0.4,0.0,0.0,0.1,0.0,0.1,,,0.2,,,0.3,0.2,0.0,0.0,0.5,-0.4,0.6,-0.7,0.3
199311,-0.6,-0.9,0.1,-5.0,-7.4,5.7,5.6,0.0,0.1,0.2,-0.5,-0.1,-1.0,0.1,-0.3,-0.3,-1.2,,0.9,0.1,0.0,-2.8,0.0,0.0,0.1,0.2,0.1,,,0.1,,,0.0,0.1,0.1,0.0,0.0,-0.1,0.2,-1.4,-0.7
199312,0.1,0.2,-0.1,1.7,2.0,0.7,0.6,-0.3,0.0,-0.7,-0.3,-0.1,-0.1,1.0,0.0,-0.1,0.1,,0.0,0.0,0.0,0.1,0.0,0.0,0.0,0.0,0.2,,,0.2,,,-0.3,0.2,0.0,0.0,-0.8,-0.4,-0.5,0.5,0.1
199401,0.1,0.1,-1.0,5.6,6.9,0.3,0.2,-1.2,0.0,-5.6,-0.1,-0.2,0.0,1.2,0.2,0.1,0.0,,0.2,0.0,0.0,0.1,0.0,0.0,0.1,0.3,0.1,,,0.2,,,0.1,0.1,0.0,0.0,0.1,-0.2,-3.9,1.5,0.1
199402,0.0,0.0,-0.2,1.2,1.4,0.4,0.3,-0.5,0.1,-2.2,-0.2,0.0,0.0,1.3,0.1,0.1,0.3,,0.0,0.1,0.0,0.4,0.0,0.0,0.1,0.1,0.2,,,0.3,,,-0.1,0.1,0.0,0.0,-0.3,-0.1,-1.3,0.4,0.1
199403,0.5,0.7,0.7,1.9,0.7,6.9,7.1,0.6,-0.1,2.9,-0.1,-0.1,0.1,0.3,0.1,0.1,0.1,,0.1,0.0,0.0,0.2,0.0,0.0,0.1,0.1,0.1,,,0.2,,,0.1,0.1,0.0,0.0,0.0,-0.2,2.0,0.5,0.5
199404,0.2,-0.3,0.6,-3.9,-5.5,2.7,2.7,0.6,0.0,3.2,-0.2,-0.3,0.3,0.2,0.7,0.8,0.6,,0.7,0.3,1.2,0.2,3.5,0.0,0.7,0.2,0.2,,,0.1,,,1.6,0.4,3.5,2.8,1.4,-0.4,2.2,-1.1,0.6
199405,0.1,0.1,0.4,-1.5,-2.0,0.6,0.6,0.4,0.3,1.6,-0.2,0.0,0.1,0.2,0.3,0.4,0.1,,0.5,0.0,0.0,-0.1,0.0,0.0,0.3,0.1,0.3,,,0.2,,,0.6,0.1,0.1,0.2,1.2,0.0,1.0,-0.3,0.0
199406,-0.4,-0.9,-0.3,-4.0,-4.6,-1.6,-1.6,-0.1,-0.1,-0.3,-0.2,-0.1,0.3,0.4,0.1,0.0,0.0,,0.3,0.4,0.0,0.0,0.0,0.0,0.1,0.2,0.3,,,0.3,,,-0.1,0.2,0.0,0.0,-0.4,-0.2,-0.2,-1.0,0.0
199407,-0.5,-0.9,-0.8,-1.6,-1.6,-1.9,-2.0,-0.9,-0.1,-3.2,-0.3,-0.3,0.0,0.1,0.1,0.1,0.1,,0.1,0.0,0.0,0.1,0.0,0.0,0.1,0.0,0.1,,,0.1,,,0.1,0.2,0.1,0.0,0.1,-0.4,-2.2,-0.5,0.0
199408,0.5,0.8,-0.4,7.0,9.4,-2.0,-2.0,-0.7,0.1,-2.9,-0.2,-0.1,0.1,0.7,0.1,0.2,0.0,,0.0,0.0,0.0,0.0,0.0,0.0,0.1,0.1,0.1,,,0.1,,,0.3,0.1,0.0,0.0,0.8,-0.1,-2.0,1.8,-0.1
199409,0.3,0.7,0.6,-0.2,1.6,-7.5,-7.6,1.1,-0.2,5.3,-0.2,0.0,0.0,-0.1,-0.2,-0.5,-0.1,,0.2,0.1,0.0,-0.1,0.0,0.0,-0.2,-1.4,0.1,,,0.5,,,-0.2,0.1,0.0,0.0,-0.7,-0.2,3.6,-0.2,-0.5
199410,0.5,0.6,-0.1,2.4,3.9,-4.7,-4.8,0.1,0.0,0.9,-0.1,-0.2,0.1,-0.1,0.4,0.5,0.1,,0.3,0.0,0.0,0.1,0.0,0.0,0.4,1.4,0.2,,,0.2,,,0.3,0.1,0.8,0.0,0.5,-0.3,0.6,0.6,-0.2
199411,-0.3,-0.6,-0.1,-3.0,-3.3,-1.1,-1.0,-0.1,-0.1,0.2,-0.2,-0.2,0.0,0.3,0.1,0.0,0.0,,0.1,0.0,0.0,-0.1,0.0,0.0,0.1,0.1,0.2,,,0.3,,,-0.1,0.1,0.1,0.0,-0.3,-0.3,0.1,-0.8,-0.1
199412,-0.3,-0.6,-0.2,-2.2,-2.3,-1.3,-1.2,-0.2,0.1,-0.6,-0.6,-0.2,0.0,-0.1,-0.1,-0.1,0.0,,0.1,0.0,0.0,0.1,0.0,0.0,-0.1,-0.2,0.1,,,0.0,,,-0.2,0.2,0.1,0.0,-0.7,-0.3,-0.4,-0.6,0.0
199501,0.0,0.0,-1.0,5.2,6.3,0.3,0.1,-1.3,-0.1,-5.6,-0.5,0.2,0.0,0.0,0.1,0.1,0.1,,0.5,0.1,0.0,0.0,-0.1,0.0,0.3,0.3,0.1,,,0.0,,,0.0,0.1,0.1,0.0,0.0,-0.2,-4.0,1.2,0.0
199502,-0.3,-0.7,-0.5,-1.6,-1.8,-0.4,-0.5,-0.6,-0.1,-2.7,-0.5,-0.2,0.0,0.0,0.1,0.2,0.6,,0.0,1.0,0.0,0.8,0.0,0.0,0.0,0.0,0.1,,,0.1,,,-0.1,0.1,0.0,0.0,-0.2,-0.5,-1.9,-0.4,0.6
199503,-0.1,-0.2,0.3,-2.6,-3.0,-0.3,-0.2,0.4,-0.1,3.2,-0.3,-0.4,0.0,-0.1,0.1,0.1,0.3,,0.2,0.0,0.0,0.6,0.0,0.0,0.0,0.0,0.0,,,0.0,,,0.0,0.0,0.0,0.1,-0.1,-0.5,2.1,-0.7,0.2
199504,0.3,0.3,0.3,-1.1,-1.3,-0.2,-0.2,0.6,0.2,3.5,-0.4,-0.2,0.0,0.1,0.3,0.3,0.5,,1.6,0.2,0.1,0.3,2.0,0.0,0.2,-0.6,0.0,,,0.1,,,0.9,0.4,0.6,3.0,-0.3,-0.3,2.3,-0.3,0.3
199505,0.2,0.4,0.2,2.1,2.6,0.0,0.0,0.1,-0.1,1.4,-0.8,-0.1,0.1,0.0,0.0,0.0,0.0,,0.0,0.0,0.0,0.0,0.0,0.0,0.1,-0.7,0.3,,,0.2,,,0.3,0.1,0.0,0.0,0.6,-0.2,0.9,0.4,0.0
199506,-0.1,-0.2,-0.2,-0.8,-1.0,-0.3,-0.2,-0.2,-0.1,-0.3,-0.5,-0.2,0.0,0.3,0.1,0.0,-0.1,,0.1,0.1,0.0,0.0,0.0,0.0,0.1,0.0,0.0,,,0.3,,,-0.1,0.1,0.1,0.0,-0.2,-0.3,-0.2,-0.3,-0.1
199507,-0.5,-1.2,-0.7,-3.5,-4.2,0.2,0.1,-0.7,-0.1,-3.1,-0.3,0.0,-0.2,-0.1,0.0,-0.1,0.1,,-0.1,0.0,0.0,0.2,0.0,0.0,0.0,0.0,0.2,,,0.2,,,-0.2,-0.2,0.0,-0.1,-0.4,-0.4,-2.2,-0.9,0.1
199508,0.1,0.1,-0.3,2.8,3.3,0.3,0.3,-0.5,0.0,-2.5,-0.3,-0.3,0.0,0.2,0.2,0.2,0.1,,0.1,0.0,0.0,0.1,0.0,0.0,0.2,0.0,0.1,,,0.1,,,0.3,0.2,0.0,0.0,0.8,-0.3,-1.7,0.7,0.1
199509,0.6,1.0,0.8,1.9,2.3,-0.7,-0.7,0.9,-0.2,6.3,-0.2,-0.1,0.1,0.0,0.1,0.2,0.8,,0.0,0.0,0.0,2.2,0.0,0.0,-0.1,0.0,0.0,,,0.1,,,-0.1,-0.1,0.1,0.2,-0.5,-0.5,4.2,0.3,0.5
199510,-0.3,-0.5,0.0,-3.1,-3.4,-1.5,-1.6,0.0,0.0,0.7,-0.3,-0.2,0.0,-0.1,0.1,0.0,0.0,,0.3,0.0,0.0,0.1,0.0,0.0,0.1,0.0,0.2,,,0.2,,,0.0,0.0,0.1,0.0,0.1,-0.4,0.4,-0.8,0.1
199511,-0.3,-0.7,0.0,-4.1,-4.8,-0.3,-0.2,0.0,-0.1,0.3,-0.4,-0.2,0.0,0.3,0.0,0.1,0.0,,0.4,0.0,0.0,0.0,0.0,0.0,0.0,0.0,0.0,,,0.0,,,0.0,0.1,0.0,0.0,0.1,-0.4,0.3,-1.0,0.0
199512,0.0,0.0,-0.2,1.3,1.5,-0.1,-0.1,-0.3,-0.1,-0.5,-0.4,-0.2,0.0,-0.1,0.0,-0.1,0.1,,0.4,0.0,0.0,0.0,0.0,0.0,0.0,0.0,0.1,,,0.0,,,-0.1,0.1,0.0,0.0,-0.6,-0.3,-0.4,0.2,0.0
199601,-0.1,-0.3,-1.1,4.3,5.2,-0.6,-0.5,-1.1,0.0,-5.7,-0.3,-0.3,-1.9,0.3,0.1,0.1,0.3,,0.4,0.3,0.0,0.3,0.0,0.0,0.0,-0.8,0.0,,,0.0,,,0.5,0.5,0.1,0.0,0.9,-0.3,-3.8,0.7,-0.5
199602,-0.2,-0.3,-0.3,-0.3,-0.4,0.1,0.1,-0.5,0.1,-2.2,-0.3,-0.1,0.0,0.2,0.1,0.1,0.0,,0.0,0.0,0.0,0.0,0.0,0.0,0.2,0.9,0.1,,,0.2,,,-0.3,0.1,0.0,0.0,-0.9,-0.4,-1.4,-0.1,0.0
199603,0.2,0.3,0.4,-0.5,-0.5,-0.1,-0.1,0.6,0.0,3.4,-0.3,-0.1,0.0,-0.3,0.1,0.1,0.0,,0.2,0.0,0.0,0.1,0.0,0.0,0.0,0.1,0.1,,,0.0,,,0.0,0.0,0.0,0.3,-0.2,-0.2,2.2,-0.1,0.1
199604,0.6,0.8,0.4,2.5,2.9,-0.2,-0.2,0.5,-0.1,3.7,-0.3,-0.1,0.4,0.1,0.3,0.4,0.3,,0.3,0.7,1.4,-0.4,2.9,0.1,0.4,0.0,0.1,,,0.3,,,0.9,0.1,3.1,1.6,0.8,-0.2,2.3,0.6,0.2
199605,0.2,0.2,0.2,0.5,0.5,0.0,0.0,0.2,0.1,1.2,0.0,-0.1,0.0,-0.1,0.1,0.1,0.0,,0.2,0.1,0.0,0.0,0.0,0.0,0.1,0.1,0.1,,,0.1,,,0.1,0.0,0.1,0.0,0.4,-0.4,0.8,0.1,0.0
199606,-0.3,-0.6,-0.2,-3.4,-4.0,0.0,0.0,-0.1,0.0,0.0,-0.1,-0.3,0.0,0.3,0.1,0.0,0.1,,0.1,0.0,0.0,0.0,0.0,0.0,0.1,-0.1,0.0,,,0.3,,,0.0,0.0,0.1,0.0,-0.2,-0.3,-0.2,-0.8,0.0
199607,-0.1,-0.2,-0.4,1.7,2.0,0.0,0.0,-0.7,-0.2,-2.9,-0.1,-0.4,1.0,-0.1,0.0,0.0,0.1,,0.0,0.2,0.0,0.1,0.0,0.0,0.0,0.0,0.1,,,0.1,,,-0.2,0.0,0.0,0.0,-0.3,-0.3,-2.0,0.4,0.3
199608,-0.1,-0.3,-0.5,0.5,0.7,-0.1,-0.1,-0.6,0.1,-2.9,-0.4,-0.3,0.0,0.1,0.2,0.2,0.1,,0.1,0.0,0.0,0.2,0.0,0.0,0.2,0.0,0.1,,,0.1,,,0.4,0.0,0.0,0.0,0.9,-0.3,-2.0,0.1,0.1
199609,0.4,0.7,0.9,-0.4,-0.5,-0.3,-0.2,1.1,0.1,6.6,-0.3,0.1,0.0,-0.2,0.0,-0.1,-0.2,,0.0,0.1,0.0,-0.3,0.0,0.0,0.0,0.1,0.1,,,0.2,,,-0.2,0.0,0.0,0.0,-0.6,-0.2,4.3,-0.1,-0.1
199610,0.2,0.3,0.3,0.8,1.0,0.2,0.1,0.2,0.1,0.9,0.0,-0.1,0.4,0.0,0.0,0.0,0.1,,0.2,0.0,0.0,0.1,0.0,0.0,0.0,0.0,0.1,,,0.1,,,0.0,0.0,0.0,0.0,0.1,-0.3,0.7,0.3,0.1
199611,-0.3,-0.6,0.0,-3.8,-4.6,0.7,0.7,0.1,0.0,0.5,0.6,-0.1,0.1,0.2,0.1,0.1,-0.1,,-0.1,0.0,0.0,-0.1,0.0,0.0,0.1,0.0,0.0,,,0.1,,,0.2,0.1,0.0,0.0,0.4,-0.1,0.3,-0.9,0.0
199612,0.1,0.5,0.1,3.4,3.9,0.3,0.2,-0.1,-0.1,-0.5,0.8,-0.3,0.0,-0.2,-0.2,-0.4,-0.2,,0.1,0.0,0.0,-0.5,0.0,0.0,-0.2,-0.9,0.1,,,0.1,,,-0.3,0.1,0.0,0.0,-0.9,-0.4,-0.4,0.8,-0.2
199701,-0.1,-0.6,-0.9,1.6,1.9,0.0,0.0,-1.2,0.1,-6.3,0.6,-0.2,0.2,0.6,0.1,0.2,0.0,,-0.2,0.0,0.0,0.1,0.0,0.0,0.3,1.0,0.1,,,0.1,,,0.1,0.1,0.0,0.0,0.0,-0.3,-4.3,0.5,0.2
199702,-0.2,-0.3,-0.3,-0.5,-0.6,-0.1,-0.1,-0.4,0.0,-2.5,0.8,-0.1,0.0,0.2,0.1,0.1,0.0,,0.1,0.0,0.0,0.1,0.0,0.0,0.0,0.0,0.0,,,0.1,,,0.0,0.1,0.0,0.0,0.0,-0.2,-1.6,0.0,0.0
199703,0.1,0.1,0.5,-1.9,-2.1,-0.2,-0.2,0.6,-0.1,3.8,0.2,-0.1,0.0,-0.1,0.0,0.0,0.1,,0.0,0.0,0.0,0.0,0.0,0.0,0.0,0.0,0.0,,,0.0,,,0.1,0.1,0.0,0.0,0.1,-0.1,2.5,-0.5,0.0
199704,2.0,2.6,2.3,3.4,3.8,0.8,0.8,2.5,2.2,5.1,1.5,1.9,2.3,2.0,1.5,1.9,1.2,,0.2,0.5,0.4,1.6,1.9,1.6,1.5,2.8,0.2,,,0.3,,,2.5,1.9,1.7,2.2,3.5,1.9,4.1,2.3,1.4
199705,0.2,0.2,0.3,-0.2,-0.2,-0.4,-0.3,0.2,0.0,1.4,-0.3,-0.1,1.0,-0.3,0.1,0.1,-0.3,,0.1,-1.4,0.0,0.2,0.0,0.0,0.2,0.1,0.2,,,0.2,,,0.1,0.1,0.1,0.0,0.2,-0.1,1.0,0.1,0.1
199706,0.0,0.0,-0.1,0.0,0.1,-0.2,-0.2,-0.1,0.1,-0.2,-0.7,-0.1,0.3,0.3,0.1,0.0,0.1,,0.0,0.4,0.0,-0.1,0.0,0.0,0.1,0.1,0.1,,,0.3,,,0.0,0.1,0.0,0.0,-0.2,-0.2,-0.1,0.0,0.1
199707,-0.4,-0.9,-0.5,-2.3,-2.7,-0.1,-0.1,-0.6,0.0,-3.1,-0.5,0.0,0.5,0.0,0.0,0.0,0.1,,0.0,0.1,0.0,0.2,0.0,0.1,0.0,0.1,0.0,,,0.0,,,0.0,0.0,0.0,0.0,-0.1,-0.2,-2.1,-0.6,0.3
199708,0.1,0.1,-0.4,2.9,3.5,-0.2,-0.2,-0.6,0.1,-2.7,-0.6,-0.3,0.0,0.5,0.2,0.2,0.1,,0.0,0.1,0.0,0.3,0.0,-0.1,0.2,0.0,0.0,,,0.1,,,0.3,0.1,0.1,0.0,0.9,-0.3,-1.9,0.7,0.0
199709,0.7,0.8,1.0,-0.5,-0.5,-0.8,-0.8,1.2,-0.1,7.1,-0.3,0.0,0.0,-0.3,0.6,0.9,3.1,,0.0,0.0,30.4,-0.4,0.0,0.0,-0.1,-0.5,0.0,,,0.1,,,-0.2,0.0,0.0,0.1,-0.6,-0.1,4.7,-0.2,2.2
199710,0.3,0.2,-0.1,1.3,2.0,-3.3,-3.4,0.0,-0.1,0.8,-0.9,-0.1,0.0,0.1,0.3,0.3,0.1,,0.3,0.0,0.0,0.1,0.0,0.0,0.3,0.7,0.0,,,0.1,,,0.4,0.1,0.0,0.0,0.9,-0.3,0.7,0.2,-0.1
199711,-0.7,-1.2,-0.1,-7.1,-8.1,-1.0,-1.0,0.0,0.0,0.6,-0.5,-0.1,0.0,0.2,-0.1,-0.1,0.0,,-0.1,0.1,0.0,0.0,0.0,0.0,-0.1,0.0,0.0,,,0.0,,,-0.2,0.0,0.1,0.0,-0.7,-0.2,0.4,-1.8,0.0
199712,-0.2,-0.3,-0.1,-0.9,-1.0,-0.4,-0.4,-0.2,-0.1,-0.3,-0.7,-0.2,0.0,-0.2,-0.1,-0.3,-0.1,,0.1,0.0,0.0,-0.2,0.0,0.0,-0.2,-0.6,0.0,,,0.1,,,-0.3,0.1,0.0,0.0,-0.7,-0.3,-0.3,-0.3,0.0
199801,-0.1,-0.1,-1.2,5.8,6.9,-0.1,-0.1,-1.4,0.0,-6.9,-0.4,-0.1,-0.7,0.3,0.0,0.0,0.1,,0.0,0.1,0.0,0.1,0.0,0.0,0.1,0.1,0.1,,,0.2,,,-0.1,0.0,0.0,0.0,-0.3,0.0,-4.8,1.2,-0.2
199802,-0.1,-0.3,-0.6,1.6,1.8,-0.2,-0.2,-0.4,0.0,-2.0,-0.8,-0.1,-2.5,0.0,0.0,0.0,-0.4,,0.0,0.0,0.0,-0.8,0.0,0.0,0.0,0.1,0.1,,,0.0,,,0.0,0.0,0.0,0.0,0.0,-0.2,-1.3,0.0,-0.9
199803,0.4,0.8,0.5,1.9,2.3,-0.3,-0.3,0.5,0.0,3.7,-1.0,0.0,0.0,0.0,-0.1,-0.1,0.1,,0.0,0.1,0.0,0.1,0.0,0.0,0.0,-0.4,0.1,,,0.1,,,0.0,0.0,0.1,0.1,0.0,-0.1,2.5,0.4,0.0
199804,0.2,0.2,0.4,-1.1,-1.3,-0.1,-0.1,0.7,0.2,3.7,-1.0,-0.1,0.1,0.1,0.3,0.4,-0.1,,-4.3,0.4,-0.8,0.1,2.1,-0.1,0.2,0.6,0.0,,,-0.2,,,0.7,0.0,2.0,1.6,0.4,-0.2,2.5,-0.3,-0.1
199805,0.3,0.7,0.1,3.4,4.0,-0.2,-0.1,0.1,-0.1,1.0,-0.6,-0.1,0.0,0.0,-0.1,-0.1,-0.2,,-0.7,-0.8,0.0,0.0,0.0,0.0,0.1,0.0,0.0,,,0.1,,,0.1,0.0,0.1,0.0,0.1,-0.2,0.7,0.8,-0.1
199806,-0.4,-0.7,-0.1,-3.8,-4.4,0.2,0.1,-0.1,0.1,0.0,-0.5,-0.1,0.0,0.2,0.0,-0.1,-0.2,,-0.1,-0.4,0.0,-0.1,0.0,0.0,0.0,0.1,0.1,,,0.1,,,-0.2,0.0,0.0,0.0,-0.4,0.0,0.0,-1.0,-0.1
199807,-0.6,-1.3,-0.7,-4.1,-4.7,0.4,0.4,-0.8,0.0,-3.6,0.0,-0.3,0.0,-0.2,-0.1,-0.1,0.1,,-0.3,0.1,0.0,0.1,0.0,0.0,-0.1,-0.5,0.0,,,0.0,,,-0.1,0.0,0.0,0.0,-0.5,-0.3,-2.6,-1.0,0.1
199808,-0.1,-0.3,-0.2,0.1,0.2,0.0,0.0,-0.4,-0.1,-2.1,-0.1,-0.1,0.1,0.1,0.2,0.2,0.2,,0.0,0.0,0.0,0.3,0.0,0.0,0.2,0.5,0.0,,,0.1,,,0.2,0.0,0.0,0.0,0.7,0.0,-1.5,-0.1,0.1
199809,0.8,1.6,0.9,4.9,5.6,0.3,0.3,1.1,0.1,6.2,0.0,0.0,0.0,-0.1,-0.1,-0.1,-0.2,,-0.1,0.0,0.0,-0.3,0.0,0.0,-0.1,0.0,-0.1,,,0.0,,,-0.2,0.0,0.0,0.0,-0.5,-0.1,4.2,1.2,-0.2
199810,0.7,1.4,0.2,7.8,8.6,2.8,2.9,0.1,0.1,0.8,-0.3,0.0,-0.7,0.0,0.1,0.1,0.0,,-0.2,0.0,0.0,0.0,0.0,0.0,0.1,0.0,0.0,,,0.0,,,0.3,0.1,0.0,0.0,0.8,-0.3,0.6,1.9,-0.2
199811,-0.1,-0.1,0.1,-0.7,-1.0,1.0,1.1,0.0,0.1,0.0,-0.2,-0.1,0.0,0.1,-0.1,0.0,-0.1,,0.1,0.0,0.0,0.0,0.0,0.0,-0.1,0.0,-0.1,,,-0.1,,,-0.1,0.0,0.0,0.0,-0.3,-0.1,0.0,-0.2,0.1
199812,-0.4,-0.6,0.1,-3.7,-4.1,-0.1,-0.1,0.1,0.0,-0.5,-0.2,0.5,0.0,0.0,-0.2,-0.3,0.0,,-0.2,0.0,0.0,-0.2,0.0,0.0,-0.2,-0.6,0.0,,,0.0,,,-0.3,0.0,0.0,0.0,-0.8,0.0,-0.3,-0.8,0.1
199901,-0.5,-1.0,-1.1,-0.8,-1.0,-0.2,-0.2,-1.2,0.2,-6.1,-0.2,-0.2,-0.2,0.1,0.1,0.1,0.2,,0.1,0.0,0.0,0.4,0.0,0.0,0.0,0.5,-0.1,,,-0.1,,,-0.2,0.0,0.1,0.0,-0.6,0.0,-4.3,-0.2,0.1
199902,-0.4,-0.7,-0.3,-1.8,-2.1,0.1,0.1,-0.5,0.0,-2.5,-0.3,-0.2,-0.1,0.0,-0.1,-0.1,-0.1,,-0.1,0.0,0.0,-0.2,0.0,0.0,-0.1,0.0,-0.1,,,-0.1,,,0.0,0.0,0.0,0.0,-0.2,-0.2,-1.6,-0.5,-0.2
199903,0.1,0.0,0.4,-1.8,-2.1,-0.1,-0.1,0.6,0.0,3.4,-0.2,0.0,0.0,0.0,0.1,0.1,0.0,,-0.2,0.0,0.0,0.1,0.0,0.0,0.1,0.1,0.1,,,0.2,,,0.0,-0.1,0.0,0.1,0.2,-0.1,2.1,-0.5,0.0
199904,0.5,0.7,0.3,1.6,1.8,-0.3,-0.3,0.7,0.1,3.8,-0.4,-0.1,-0.8,0.1,0.2,0.2,0.2,,1.1,0.1,0.8,-0.1,1.4,0.0,0.2,0.1,0.0,,,0.0,,,0.4,-0.1,0.2,1.2,0.0,-0.1,2.6,0.3,-0.1
199905,0.0,0.1,0.3,-0.4,-0.3,-0.4,-0.3,0.2,0.0,1.0,-0.1,0.1,0.0,-0.1,0.0,0.1,0.1,,0.1,0.0,0.0,0.1,0.0,0.0,0.0,0.0,0.0,,,0.0,,,0.1,-0.1,0.0,0.1,0.4,0.1,0.7,-0.1,0.0
199906,-0.3,-0.6,-0.2,-3.7,-4.3,-0.6,-0.6,-0.1,0.0,-0.2,0.5,-0.1,0.0,0.2,0.1,0.0,0.0,,0.9,0.0,0.0,-0.1,0.0,0.0,0.1,0.1,0.2,,,0.2,,,0.0,-0.1,0.0,0.0,0.3,-0.1,-0.2,-0.9,0.0
199907,-0.4,-0.8,-0.6,-1.1,-1.3,-0.1,-0.1,-0.7,0.0,-3.5,0.9,-0.3,-0.4,-0.3,-0.1,-0.1,-0.4,,-0.1,0.1,-3.3,0.2,0.0,0.0,0.0,0.0,-0.1,,,0.0,,,-0.1,-0.1,0.0,0.0,-0.3,-0.2,-2.5,-0.3,-0.2
199908,0.3,0.5,-0.3,4.2,5.0,0.1,0.1,-0.3,0.1,-2.1,0.9,-0.2,0.0,0.3,0.1,0.1,0.1,,-0.1,0.0,0.0,0.3,0.0,0.0,0.1,0.0,0.0,,,0.1,,,0.2,0.0,0.0,0.0,0.4,-0.2,-1.5,1.1,-0.7
199909,0.3,0.8,0.9,0.3,0.4,-0.5,-0.5,1.0,-0.2,6.0,1.0,0.0,0.0,0.0,-0.1,-0.2,-0.2,,0.0,0.0,0.0,-0.5,0.0,0.0,-0.1,0.0,0.0,,,-0.1,,,-0.2,0.0,0.0,0.0,-0.4,-0.3,4.1,0.1,-0.2
199910,0.2,0.3,0.2,0.8,1.1,-1.4,-1.5,0.2,0.0,1.0,0.9,-0.2,0.5,0.1,0.0,0.1,0.0,,-0.2,0.0,0.0,0.0,0.0,0.0,0.1,0.0,0.0,,,0.1,,,0.3,0.0,0.0,0.0,0.8,-0.2,0.7,0.3,0.1
199911,-0.6,-1.1,-0.1,-6.2,-7.1,-0.6,-0.5,0.0,-0.1,-0.2,0.8,0.0,0.0,0.0,0.0,-0.1,-0.1,,-1.0,0.0,0.0,0.0,0.0,0.0,-0.1,0.0,0.0,,,-0.1,,,-0.2,0.0,0.0,0.0,-0.4,-0.1,-0.1,-1.5,0.0
199912,-0.3,-0.6,-0.1,-3.0,-3.3,-0.4,-0.4,-0.2,-0.1,-0.5,0.6,-0.3,-0.1,0.0,-0.1,-0.1,0.1,,-0.5,0.0,0.0,0.1,0.0,0.0,0.0,0.0,0.0,,,0.1,,,-0.3,0.0,0.0,0.0,-0.9,-0.4,-0.4,-0.7,0.0
200001,-0.3,-0.5,-1.1,2.8,3.3,0.0,-0.1,-1.3,-0.2,-6.3,0.0,-0.2,0.6,0.0,0.0,0.0,0.0,,-0.1,0.1,0.0,-0.3,0.0,0.0,0.0,0.0,0.0,,,-0.1,,,0.0,0.0,0.0,0.0,-0.1,-0.4,-4.4,0.6,0.2
200002,-0.3,-0.5,-0.4,-0.8,-1.0,0.2,0.1,-0.5,0.0,-2.4,0.0,-0.4,0.0,-0.1,0.0,-0.1,-0.1,,0.0,0.0,0.0,-0.4,0.0,0.0,0.1,-0.1,0.0,,,0.2,,,0.0,0.0,0.0,0.0,-0.2,-0.8,-1.4,-0.2,-0.1
200003,0.2,0.4,0.3,1.3,1.6,-0.2,-0.1,0.4,-0.1,2.8,0.4,-0.2,0.0,0.0,0.1,0.1,0.3,,0.0,0.0,0.0,0.7,0.0,0.0,-0.1,-1.1,-0.1,,,0.0,,,0.4,-0.1,0.1,0.0,1.2,-0.6,1.7,0.3,0.2
200004,0.2,0.3,0.4,-1.0,-1.2,-0.1,-0.2,0.5,0.0,3.5,0.6,-0.1,0.7,0.0,-0.1,0.0,-0.3,,0.4,0.4,0.7,-1.1,1.5,-0.6,0.0,-0.2,-0.1,,,-0.2,,,0.3,0.0,3.5,0.9,0.1,-0.1,2.0,-0.1,0.0
200005,0.1,0.0,0.1,-0.8,-0.9,-0.1,-0.1,0.0,0.0,1.2,0.2,-0.4,0.0,0.1,0.4,0.3,0.1,,1.1,0.0,0.0,0.1,0.0,0.0,0.5,0.0,0.0,,,0.5,,,0.8,0.0,0.0,0.0,2.1,-0.8,0.7,-0.1,0.1
200006,-0.2,-0.3,-0.3,-0.6,-0.7,0.1,0.0,-0.1,-0.1,-0.2,0.4,-0.4,0.0,0.0,-0.2,-0.3,-0.1,,0.1,0.1,0.0,-0.3,0.0,-0.1,-0.2,0.3,0.0,,,0.1,,,-0.7,0.0,0.0,0.0,-2.0,-0.7,-0.2,-0.2,-0.1
200007,-0.3,-0.7,-0.5,-2.0,-2.2,-0.3,-0.2,-0.8,-0.2,-3.5,0.3,-0.3,0.8,0.0,0.2,0.3,0.0,,-0.1,0.0,0.0,0.2,0.0,-0.2,0.2,-0.2,0.0,,,-0.1,,,0.7,0.0,0.0,0.0,2.1,-0.4,-2.4,-0.4,0.2
200008,0.3,0.0,-0.3,2.5,2.8,-0.3,-0.2,-0.5,-0.1,-2.3,0.3,-0.4,0.0,0.1,0.5,0.7,0.4,,0.0,0.0,0.0,0.8,0.0,0.0,0.6,0.2,-0.1,,,0.0,,,1.4,-0.1,0.0,0.0,3.6,-0.6,-1.5,0.5,0.3
200009,-0.1,0.5,0.4,0.6,0.9,-0.8,-0.8,0.6,0.0,4.7,0.1,-0.3,0.0,0.0,-0.6,-0.8,-0.4,,0.1,0.0,0.0,-1.0,0.0,0.2,-0.6,-0.3,0.0,,,0.0,,,-1.5,0.1,0.0,0.0,-3.9,-1.0,3.0,0.1,-0.3
200010,0.0,0.1,-0.1,1.0,1.3,-1.3,-1.4,0.2,0.0,1.2,1.9,-0.5,-2.2,0.0,-0.2,-0.3,-0.2,,0.2,0.2,0.0,-0.7,0.0,0.1,-0.3,0.0,0.1,,,0.0,,,-0.7,0.0,0.0,0.0,-1.9,-1.0,0.8,0.1,-0.7
200011,-0.3,-0.4,-0.1,-2.5,-2.7,-0.9,-1.0,0.0,-0.1,0.1,0.8,-0.1,0.0,-0.2,-0.1,-0.2,-0.1,,-0.1,0.0,0.0,-0.1,0.0,0.1,-0.1,0.0,0.0,,,0.2,,,-0.4,-0.1,0.0,0.0,-0.9,-0.4,0.0,-0.5,-0.1
200012,0.1,0.1,-0.1,2.3,2.7,-0.3,-0.2,-0.3,-0.1,-0.5,0.4,-0.4,0.0,0.1,0.1,0.2,0.0,,-0.1,0.0,0.0,0.1,0.0,0.0,0.1,0.0,-0.1,,,-0.2,,,0.4,0.1,0.0,0.0,0.9,-0.6,-0.3,0.4,0.0
200101,0.0,0.1,-0.8,5.0,5.8,-0.1,-0.1,-1.1,-0.1,-5.9,0.0,-0.3,0.4,0.2,-0.2,-0.3,0.2,,0.1,0.0,2.3,-0.4,0.0,0.0,-0.3,0.0,0.0,,,-0.1,,,-0.8,0.1,0.0,0.0,-2.1,-0.7,-3.9,1.1,0.3
200102,-0.3,-0.6,-0.4,-0.8,-1.0,0.0,-0.1,-0.5,-0.1,-2.5,-0.3,-0.3,-0.1,-0.1,-0.1,-0.1,-0.1,,-0.1,0.0,0.0,-0.2,0.0,0.0,-0.1,0.0,0.0,,,0.1,,,-0.2,-0.1,0.0,0.0,-0.5,-0.6,-1.5,-0.3,-0.1
200103,-0.2,-0.3,0.2,-2.9,-3.3,-0.2,-0.1,0.2,0.1,2.0,-0.3,-0.1,0.0,0.0,0.1,0.1,-0.2,,0.0,0.0,0.0,-0.5,0.0,0.0,0.2,0.0,0.0,,,0.0,,,0.4,0.0,0.0,0.1,1.0,-0.4,1.4,-0.6,-0.2
200104,0.2,0.1,0.3,-2.1,-2.3,0.0,-0.1,0.4,-0.2,3.8,-0.3,-0.2,0.7,0.1,0.2,0.2,0.2,,0.5,1.4,0.0,-0.6,1.4,0.1,0.3,-0.2,-0.1,,,0.4,,,0.4,0.0,0.4,0.9,0.5,-0.3,2.4,-0.5,0.3
200105,0.1,0.2,0.0,1.1,1.2,-0.1,-0.1,0.1,-0.1,1.3,-0.4,-0.2,0.1,0.1,0.0,0.0,-0.3,,-0.3,0.0,0.0,-0.7,0.0,0.0,0.1,0.0,-0.1,,,0.0,,,0.4,-0.1,0.0,0.0,1.1,-0.5,0.9,0.1,-0.2
200106,-0.3,-0.6,-0.2,-2.8,-3.1,0.0,0.0,-0.2,0.0,-0.2,-0.3,-0.4,0.0,0.0,0.0,0.0,0.1,,-0.3,1.3,0.0,-0.3,0.0,0.0,0.0,0.0,0.0,,,0.1,,,-0.1,0.0,0.0,0.0,-0.3,-0.7,-0.2,-0.6,0.1
200107,-0.3,-0.8,-0.6,-1.9,-2.2,0.1,0.1,-0.8,-0.2,-3.6,0.0,-0.4,-0.1,0.0,0.2,0.2,0.2,,-0.2,0.0,0.0,0.4,0.0,-0.3,0.2,0.0,0.0,,,0.1,,,0.5,-0.1,0.0,0.0,1.5,-0.5,-2.4,-0.5,0.1
200108,0.4,0.3,-0.3,4.5,5.1,0.3,0.4,-0.5,0.0,-2.7,-0.1,-0.2,0.0,0.1,0.5,0.7,0.4,,0.0,0.0,0.0,0.9,0.0,-0.2,0.5,-0.2,0.0,,,0.0,,,1.5,0.0,0.0,0.0,4.0,-0.4,-1.7,0.9,0.3
200109,-0.2,0.3,0.5,-1.5,-1.6,0.1,0.0,0.7,-0.1,5.5,-0.2,-0.1,0.1,-0.1,-0.6,-0.8,-0.6,,0.0,0.0,0.0,-1.2,0.0,0.3,-0.6,0.0,0.0,,,0.0,,,-1.8,0.0,-0.1,0.0,-4.5,-0.4,3.5,-0.4,-0.3
200110,0.0,0.0,0.0,0.8,0.9,0.1,0.1,-0.1,-0.4,0.6,-0.1,-0.2,0.4,0.1,0.0,-0.1,0.3,,-0.1,1.1,0.0,-0.1,0.0,0.2,-0.2,-0.1,0.0,,,0.1,,,-0.5,0.0,0.0,0.0,-1.4,-0.4,0.4,0.1,0.2
200111,-0.5,-0.9,-0.2,-5.1,-6.0,-0.2,-0.1,-0.2,0.0,0.1,-0.8,-0.3,0.0,-0.1,-0.2,-0.3,-0.2,,-0.1,0.0,0.0,0.0,0.0,-2.3,-0.2,0.0,0.0,,,-0.1,,,-0.5,0.0,0.0,0.0,-1.2,-0.7,-0.1,-1.2,-0.1
200112,-0.1,-0.4,-0.3,-0.3,-0.3,-0.2,-0.2,-0.5,-0.2,-0.9,-1.0,-0.3,0.0,0.3,0.1,0.2,0.1,,0.1,0.0,0.0,0.3,0.0,0.0,0.2,0.0,0.0,,,0.1,,,0.5,0.0,0.0,0.0,1.2,-0.3,-0.7,-0.3,0.0
200201,-0.2,-0.1,-0.9,4.4,5.2,0.0,-0.1,-1.1,0.0,-6.1,-0.7,-0.3,-0.1,-0.1,-0.2,-0.3,-0.1,,0.0,0.0,0.0,-0.2,0.0,0.0,-0.3,0.0,0.0,,,0.0,,,-0.6,0.0,0.0,0.0,-1.7,-0.6,-3.9,0.9,0.0
200202,-0.5,-0.9,-0.4,-3.0,-3.5,-0.2,-0.2,-0.5,-0.2,-2.5,-0.5,-0.3,0.0,-0.1,0.0,0.0,0.0,,0.0,0.0,0.0,0.0,0.0,0.0,0.0,0.7,0.0,,,0.0,,,-0.5,0.0,0.0,0.0,-1.1,-0.6,-1.5,-0.8,0.0
200203,0.2,0.2,0.3,-0.2,-0.2,0.0,0.0,0.4,0.2,2.5,-0.2,-0.1,-0.1,-0.2,0.2,0.2,0.1,,-0.1,0.0,0.0,0.3,0.0,0.0,0.2,0.1,-0.1,,,0.0,,,0.5,-0.1,0.0,0.1,1.4,-0.4,1.7,-0.1,0.0
200204,0.3,0.6,0.2,1.9,2.2,-0.1,0.0,0.6,-0.1,4.1,0.2,0.0,-1.5,0.1,0.0,0.0,-0.2,,0.3,0.3,-1.8,-0.4,1.5,0.2,0.1,-0.6,0.0,,,0.0,,,0.5,-0.1,0.1,0.9,0.7,0.0,2.5,0.2,-0.6
200205,0.3,0.6,0.2,3.1,3.5,0.2,0.0,0.1,0.0,0.8,1.3,-0.1,0.0,0.1,-0.1,0.1,0.0,,-0.4,0.0,0.0,0.1,0.0,0.0,-0.1,0.6,-0.1,,,-0.3,,,0.0,0.0,0.0,0.1,0.0,-0.1,0.4,0.7,0.1
200206,-0.1,-0.3,-0.2,-0.8,-0.9,-0.2,-0.1,-0.2,-0.2,-0.3,0.1,-0.2,0.0,0.1,0.1,0.1,-0.1,,-0.1,0.0,0.0,-0.1,0.0,-0.1,0.2,-0.1,0.0,,,0.1,,,0.3,0.0,0.0,0.0,0.8,-0.2,-0.1,-0.2,-0.1
200207,-0.4,-0.9,-0.7,-1.9,-2.1,0.0,0.0,-0.8,-0.2,-3.6,-0.4,-0.3,-0.4,-0.1,0.2,0.2,0.0,,0.0,0.0,0.0,0.1,0.0,-0.5,0.2,0.1,0.0,,,0.0,,,0.6,0.0,0.0,0.0,1.6,-0.4,-2.5,-0.7,-0.1
200208,0.3,0.2,-0.3,3.6,4.2,-0.2,-0.1,-0.6,-0.2,-2.5,-0.6,-0.4,0.0,0.2,0.5,0.7,0.6,,-0.1,0.0,0.0,1.2,0.0,0.0,0.5,-0.5,0.0,,,0.0,,,1.5,0.0,0.1,-0.1,4.0,-0.7,-1.6,0.7,0.4
200209,0.0,0.4,0.6,-0.5,-0.6,0.0,-0.1,0.8,0.1,5.7,-0.2,0.0,-0.3,-0.1,-0.6,-0.8,-0.6,,0.0,0.0,0.0,-1.4,0.0,0.3,-0.6,0.0,0.0,,,0.0,,,-1.7,-0.1,0.0,0.0,-4.2,-0.5,3.5,-0.1,-0.5
200210,-0.2,-0.2,-0.1,-1.0,-1.2,0.0,-0.1,0.1,0.0,0.7,0.2,-0.2,-1.0,0.2,-0.1,-0.1,0.4,,0.1,0.0,3.0,0.0,0.0,0.2,-0.3,0.0,-0.1,,,0.0,,,-0.6,0.0,0.0,0.0,-1.5,-0.2,0.5,-0.4,0.1
200211,0.0,0.1,0.0,0.7,0.8,0.0,0.1,-0.1,-0.1,0.0,0.5,-0.2,0.0,-0.2,-0.1,-0.2,0.0,,-0.1,0.0,0.0,-0.1,0.0,0.1,-0.1,0.0,0.0,,,-0.1,,,-0.4,0.0,0.0,0.0,-1.1,-0.5,-0.1,0.1,-0.1
200212,0.0,-0.2,-0.2,-0.2,-0.2,-0.1,-0.1,-0.2,-0.2,-0.5,0.1,-0.3,0.0,0.1,0.2,0.3,0.1,,0.0,0.0,0.0,0.3,0.0,0.0,0.2,0.0,0.0,,,0.2,,,0.5,0.0,-0.1,0.0,1.3,-0.3,-0.2,-0.1,0.1
200301,-0.3,-0.5,-0.9,2.1,2.4,-0.1,-0.2,-1.1,0.0,-6.5,0.2,-0.2,-0.1,0.0,-0.2,-0.4,0.0,,0.0,0.0,0.0,-0.1,0.0,0.0,-0.3,0.0,-0.1,,,0.0,,,-0.9,-0.1,0.2,0.0,-2.4,-0.6,-4.2,0.4,0.0
200302,-0.3,-0.4,-0.3,-1.2,-1.3,0.0,-0.1,-0.3,-0.1,-2.3,0.6,-0.2,0.0,-0.1,-0.1,0.0,-0.1,,-0.3,0.0,0.0,-0.1,0.0,0.0,0.0,0.0,0.0,,,0.0,,,0.0,0.0,0.0,0.0,0.0,-0.5,-1.4,-0.2,-0.1
200303,0.3,0.3,0.4,-0.1,-0.1,-0.2,-0.1,0.4,-0.1,2.9,1.6,0.0,0.0,0.0,0.2,0.2,0.2,,0.0,0.0,0.0,0.5,0.0,0.0,0.2,0.1,0.0,,,0.0,,,0.5,-0.1,0.0,0.0,1.4,-0.4,2.0,0.1,0.2
200304,0.3,0.5,0.5,0.0,0.0,-0.1,-0.1,0.6,0.0,3.9,1.0,-0.1,0.5,-0.1,0.3,0.4,1.2,,-0.1,0.1,7.4,-0.4,1.5,0.1,-0.1,-0.3,0.0,,,0.1,,,-0.2,0.0,0.6,0.3,-0.5,0.0,2.3,0.1,0.9
200305,0.2,0.2,0.1,1.4,1.5,0.4,0.4,0.1,0.0,1.0,-0.3,-0.1,0.0,0.1,0.0,0.0,0.0,,0.4,0.0,0.0,0.0,0.0,-0.1,0.1,0.1,0.0,,,0.0,,,0.2,0.0,0.1,0.0,0.4,-0.2,0.5,0.2,0.0
200306,-0.3,-0.6,-0.3,-2.4,-2.7,0.0,-0.1,-0.3,-0.2,-0.3,-0.9,-0.2,0.0,-0.1,0.1,0.1,-0.1,,-0.2,0.0,-0.2,0.0,0.0,0.0,0.1,0.0,0.0,,,0.1,,,0.2,0.0,0.0,0.0,0.7,-0.4,-0.3,-0.7,0.0
200307,-0.2,-0.7,-0.4,-2.6,-3.0,0.1,0.2,-0.5,-0.1,-3.7,-0.5,0.3,0.2,0.2,0.4,0.5,0.2,,0.1,0.0,0.0,0.5,0.0,-0.6,0.4,0.3,0.0,,,0.0,,,1.0,0.0,0.0,0.0,2.6,-0.2,-2.4,-0.4,0.4
200308,0.2,-0.1,-0.4,1.7,1.9,0.0,0.0,-0.5,-0.2,-2.6,0.0,-0.2,0.0,0.3,0.5,0.7,0.3,,-0.3,-0.6,0.0,1.1,0.0,0.0,0.6,0.0,-0.1,,,0.0,,,1.5,-0.1,0.1,0.0,4.1,-0.4,-1.6,0.3,0.3
200309,0.1,0.8,0.8,1.3,1.3,1.2,1.4,1.0,0.1,6.3,0.1,0.0,0.0,-0.2,-0.7,-0.9,-0.6,,0.0,0.0,0.0,-1.7,0.0,0.4,-0.7,0.0,0.0,,,-0.1,,,-1.7,0.0,0.0,0.0,-4.3,-0.4,4.1,0.3,-0.5
200310,0.0,0.1,0.3,0.4,-1.1,10.1,10.4,0.0,0.0,0.6,-0.4,-0.1,-0.1,0.0,-0.2,-0.2,0.1,,0.2,0.0,0.0,0.2,0.0,0.2,-0.3,0.0,0.0,,,-0.1,,,-0.6,0.0,0.1,0.0,-1.7,-0.5,0.4,0.0,0.0
200311,-0.5,-0.7,-0.1,-3.9,-5.3,5.1,5.3,-0.1,-0.1,0.1,-0.3,-0.4,0.0,-0.1,-0.2,-0.3,0.0,,0.0,0.0,0.0,0.0,0.0,0.1,-0.2,0.0,0.0,,,0.0,,,-0.7,0.0,-0.1,0.0,-1.9,-0.4,-0.1,-0.9,0.0
200312,0.1,0.2,0.0,2.1,1.9,2.4,2.5,-0.2,-0.1,-0.3,-0.1,-0.2,0.0,0.1,0.1,0.2,0.1,,-0.1,0.0,0.0,0.2,0.0,0.0,0.1,0.0,0.0,,,0.0,,,0.3,0.0,0.1,0.0,0.9,-0.5,-0.3,0.3,0.1
200401,-0.2,-0.2,-0.9,4.7,5.0,3.0,2.9,-1.3,-0.1,-6.8,-0.4,-0.3,-0.2,0.2,-0.3,-0.5,-0.3,,0.0,-1.3,0.0,0.0,0.0,0.0,-0.4,0.0,-0.1,,,-0.1,,,-1.0,0.0,-0.1,0.0,-2.6,-0.5,-4.3,0.9,-0.2
200402,0.0,0.0,-0.2,1.3,1.5,0.5,0.5,-0.3,0.1,-1.8,0.0,-0.1,0.0,0.0,0.0,-0.1,-0.3,,-0.3,-0.5,0.0,-0.3,0.0,0.0,0.1,0.4,0.0,,,0.2,,,0.0,0.0,0.1,0.0,-0.1,-0.4,-1.1,0.3,-0.2
200403,0.2,0.1,0.3,-0.9,-0.7,-1.9,-2.0,0.4,-0.1,3.1,0.2,-0.2,0.0,-0.2,0.2,0.4,0.2,,0.0,0.0,0.0,0.6,0.0,0.0,0.2,0.2,-0.1,,,0.0,,,0.5,-0.1,-0.1,-0.1,1.6,-0.5,2.0,-0.2,0.2
200404,0.0,0.1,0.4,-2.3,-2.3,-2.7,-2.8,0.6,0.0,4.0,1.5,-0.1,-0.4,0.4,0.0,-0.1,-0.5,,0.1,-0.4,-1.2,-0.7,1.0,-0.1,0.2,0.4,0.0,,,0.0,,,0.3,0.1,0.4,0.8,0.2,-0.1,2.4,-0.5,-0.5
200405,0.1,0.2,0.0,0.9,1.4,-1.5,-1.7,0.0,-0.1,1.3,0.4,-0.3,0.0,0.0,0.0,0.1,0.0,,-0.1,0.0,0.0,0.1,0.0,0.0,0.0,0.0,-0.1,,,-0.2,,,0.3,0.0,0.1,0.0,0.6,-0.2,0.7,0.2,0.0
200406,0.2,0.3,0.1,1.5,1.8,-1.2,-1.2,0.2,-0.1,-0.2,3.2,-0.1,0.0,-0.1,0.1,0.0,-0.1,,-0.2,-0.2,0.0,0.0,0.0,0.0,0.1,0.0,0.0,,,0.1,,,0.1,0.0,0.0,0.0,0.3,-0.4,-0.2,0.6,-0.1
200407,-0.3,-0.9,-0.5,-3.1,-3.5,-0.9,-0.9,-0.6,0.0,-3.8,0.5,-0.2,0.2,-0.1,0.3,0.5,0.3,,0.0,0.2,0.0,0.5,0.0,-0.6,0.3,0.0,0.0,,,-0.1,,,0.9,0.0,0.0,0.0,2.6,-0.2,-2.6,-0.7,0.2
200408,0.1,-0.2,-0.3,0.3,0.6,-0.9,-0.8,-0.4,-0.2,-2.0,0.1,-0.2,0.0,0.4,0.4,0.7,0.3,,-0.1,0.1,0.0,0.7,0.0,0.0,0.5,0.0,-0.1,,,-0.1,,,1.5,0.0,0.0,0.0,3.9,-0.4,-1.2,0.0,0.3
200409,0.3,1.2,1.1,1.7,2.4,-2.7,-2.8,1.4,0.2,6.6,3.5,0.0,0.0,-0.3,-0.6,-0.8,-0.5,,-0.1,0.0,0.0,-1.2,0.0,0.3,-0.6,0.0,0.0,,,0.0,,,-1.6,-0.1,0.0,0.0,-4.1,-0.2,4.1,0.8,-0.4
200410,0.5,1.1,0.1,6.1,7.8,-4.8,-5.0,0.2,0.0,1.3,0.4,0.0,-0.5,0.2,-0.1,-0.2,0.0,,0.1,0.0,0.0,0.1,0.0,0.2,-0.2,-0.2,0.0,,,0.1,,,-0.5,0.0,0.1,0.0,-1.3,-0.1,0.8,1.3,-0.1
200411,-0.2,0.1,0.1,0.2,0.5,-1.8,-1.9,0.1,0.0,0.5,1.1,-0.2,0.0,-0.2,-0.5,-0.7,-0.9,,-0.1,0.0,0.0,-2.4,0.0,0.1,-0.3,0.0,0.0,,,0.0,,,-0.8,0.1,0.1,0.0,-2.2,-0.2,0.2,0.1,-0.7
200412,-0.5,-1.0,-0.2,-5.3,-6.0,-1.3,-1.1,-0.2,0.0,-0.7,-0.3,-0.2,0.0,0.3,0.2,0.2,0.2,,0.0,0.0,0.0,0.6,0.0,0.0,0.1,0.0,0.0,,,0.0,,,0.3,-0.1,0.0,0.0,1.0,-0.4,-0.4,-1.3,0.2
200501,-0.5,-0.6,-1.0,1.5,1.9,-0.9,-0.9,-1.2,-0.1,-6.5,-1.1,-0.1,-0.6,0.1,-0.4,-0.6,-0.7,,-0.1,0.0,0.0,-1.6,0.0,0.0,-0.3,0.0,-0.1,,,0.0,,,-0.9,0.0,0.0,0.0,-2.7,0.0,-4.0,0.1,-0.6
200502,-0.3,-0.5,-0.4,-0.8,-0.9,-0.4,-0.4,-0.6,-0.1,-2.9,-0.6,-0.4,0.0,-0.3,0.0,-0.1,-0.2,,-0.1,0.0,0.0,-0.6,0.0,0.0,0.0,0.0,0.0,,,0.0,,,0.1,0.0,0.0,0.0,0.1,-1.0,-1.7,-0.2,-0.1
200503,0.3,0.4,0.4,0.2,0.3,-0.8,-0.8,0.5,0.1,4.7,0.2,-0.3,0.0,0.0,0.2,0.3,0.5,,0.0,0.0,0.0,1.4,0.0,0.1,0.1,0.0,-0.1,,,0.0,,,0.2,0.0,0.0,0.0,0.6,-0.4,2.6,0.0,0.3
200504,0.1,0.1,0.5,-2.1,-2.3,-0.5,-0.6,0.8,-0.2,3.5,4.3,0.0,-0.7,0.0,0.0,0.1,-0.1,,0.5,0.5,0.1,-1.2,1.6,-0.1,0.2,-0.1,0.0,,,0.0,,,0.5,0.1,0.4,0.4,0.7,-0.2,2.1,-0.1,-0.3
200505,0.1,0.2,0.1,0.4,0.4,0.0,0.0,0.1,0.1,1.0,1.1,-0.3,0.0,0.1,0.2,0.2,0.1,,0.3,0.4,0.0,0.1,0.0,-0.1,0.1,0.1,-0.1,,,0.0,,,0.2,0.0,0.0,0.0,0.4,-0.5,0.5,0.1,0.1
200506,-0.4,-0.9,-0.4,-4.5,-5.0,-0.3,-0.2,-0.3,0.0,-0.4,-0.8,-0.5,0.0,0.1,-0.1,0.0,-0.1,,-0.1,0.0,0.0,-0.4,0.0,0.0,0.0,0.0,-0.1,,,-0.1,,,0.1,0.0,0.0,0.0,0.2,-1.2,-0.3,-1.0,-0.1
200507,-0.1,-0.4,-0.4,0.3,0.3,0.0,-0.1,-0.6,-0.1,-4.2,1.4,-0.3,-0.2,0.0,0.2,0.2,0.2,,-0.1,0.0,0.0,0.7,0.0,-0.3,0.2,0.0,0.0,,,0.0,,,0.5,0.0,0.0,0.0,1.0,-0.3,-2.7,0.1,0.1
200508,0.1,-0.1,-0.2,0.2,0.1,0.4,0.6,-0.2,-0.1,-1.9,2.2,-0.4,0.0,0.5,0.3,0.5,0.3,,-0.1,0.0,0.0,1.1,0.0,0.0,0.3,0.0,0.0,,,0.0,,,0.8,0.0,0.0,0.0,1.8,-0.8,-1.2,0.3,0.3
200509,0.3,1.0,0.9,1.6,2.0,0.0,-0.1,1.1,0.1,7.3,1.6,-0.1,0.0,-0.2,-0.3,-0.5,-0.4,,-0.1,0.0,0.0,-1.5,0.0,0.2,-0.3,0.1,0.1,,,0.1,,,-0.9,0.0,0.0,0.0,-1.9,-0.3,4.3,0.5,-0.4
200510,0.0,0.0,0.1,-0.9,-0.9,-1.2,-1.3,0.0,-0.1,1.1,0.6,-0.3,1.0,0.0,0.0,-0.1,0.1,,0.0,0.0,0.6,0.0,0.0,0.2,-0.1,-0.1,-0.1,,,0.0,,,-0.2,0.1,0.0,0.0,-0.4,-0.6,0.6,-0.1,0.4
200511,-0.4,-0.3,-0.1,-1.7,-1.8,-0.7,-0.6,-0.1,-0.1,0.5,0.0,-0.3,0.0,-0.1,-0.5,-0.6,-0.1,,0.1,-0.3,0.0,-0.2,0.0,0.0,-0.6,0.0,0.0,,,0.1,,,-1.5,-0.1,0.1,0.0,-3.1,-0.8,0.3,-0.3,-0.1
200512,0.1,0.0,-0.1,0.8,1.0,-0.7,-0.5,-0.1,0.0,-0.3,-0.5,-0.2,0.0,0.2,0.2,0.1,0.2,,0.0,0.0,0.0,0.9,0.0,0.0,0.1,0.0,0.1,,,0.1,,,0.1,0.0,0.0,0.0,0.3,-0.1,0.0,0.0,0.2
200601,0.1,0.5,-0.6,7.1,8.1,-0.3,-0.3,-0.9,0.0,-7.2,1.1,0.0,1.3,0.1,-0.2,-0.3,-0.1,,0.0,0.0,0.0,-0.4,0.0,0.0,-0.2,0.2,-0.1,,,0.0,,,-0.6,0.1,0.1,0.0,-1.4,-0.3,-4.4,1.8,0.3
200602,-0.3,-0.6,-0.1,-3.2,-3.6,0.1,0.0,-0.2,-0.1,-2.1,1.6,-0.2,0.0,-0.2,-0.1,-0.1,-0.2,,-0.1,0.0,0.0,-0.6,0.0,0.0,0.0,-0.1,0.0,,,0.1,,,-0.1,-0.1,0.0,0.0,-0.1,-0.8,-1.1,-0.6,-0.2
200603,0.2,0.2,0.4,-1.4,-1.5,-0.3,-0.2,0.5,0.0,4.2,0.7,-0.1,-0.1,0.1,0.2,0.4,0.5,,-0.1,0.0,0.0,1.4,0.0,0.0,0.1,0.1,-0.1,,,-0.2,,,0.4,0.0,0.0,0.0,0.8,-0.4,2.5,-0.2,0.3
200604,0.2,0.3,0.4,0.6,0.7,-0.2,-0.3,0.5,0.0,3.6,0.1,0.1,-0.4,0.0,0.0,0.0,-0.6,,0.6,0.3,-1.8,-1.2,0.6,0.1,0.2,0.0,0.0,,,0.0,,,0.6,0.1,0.9,0.7,0.9,0.0,2.2,0.1,-0.5
200605,0.3,0.6,0.2,2.3,2.6,-0.1,-0.1,0.3,-0.1,0.7,3.0,-0.2,0.0,0.0,0.2,0.2,0.0,,0.6,0.0,0.0,0.1,0.0,0.0,0.2,0.3,0.1,,,0.0,,,0.4,0.0,0.1,0.0,0.8,-0.3,0.5,0.7,0.0
200606,0.0,0.0,-0.1,-0.1,-0.1,0.0,0.0,0.0,0.1,-0.1,0.1,-0.1,0.0,0.2,0.0,0.1,-0.1,,0.0,0.0,0.0,-0.5,0.0,0.0,0.1,0.1,-0.1,,,0.0,,,0.3,0.0,0.0,0.0,0.6,-0.6,-0.1,0.0,-0.1
200607,-0.3,-0.7,-0.3,-2.7,-3.0,-0.1,-0.1,-0.4,0.0,-3.9,0.5,0.2,-0.2,0.0,0.1,0.1,0.2,,-0.1,0.1,0.0,0.8,0.0,-0.3,0.1,0.0,0.0,,,-0.1,,,0.1,0.0,0.0,0.0,0.3,-0.4,-2.3,-0.3,0.4
200608,0.7,1.0,0.1,6.7,7.6,-0.4,-0.4,0.1,-0.1,-1.9,3.9,-0.3,0.0,0.2,0.3,0.5,0.3,,-0.1,-0.2,0.0,1.0,0.0,0.0,0.2,0.0,0.0,,,-0.2,,,0.9,0.0,-0.1,0.1,1.9,-0.7,-1.2,1.7,0.2
200609,0.0,0.4,0.7,-1.4,-1.5,0.0,0.1,0.8,0.2,6.5,0.1,-0.1,0.0,-0.3,-0.4,-0.5,-0.5,,-0.2,0.1,0.0,-1.6,0.0,0.2,-0.3,0.1,0.0,,,-0.1,,,-0.8,0.0,0.0,0.0,-1.7,-0.3,3.9,-0.2,-0.3
200610,-0.2,-0.4,-0.1,-1.9,-2.3,-0.1,-0.2,-0.1,-0.1,1.4,-1.7,-0.2,0.1,0.1,0.0,0.0,0.3,,0.0,0.0,1.5,0.0,0.0,0.1,-0.1,0.0,0.0,,,0.0,,,-0.3,0.0,0.1,0.0,-0.6,-0.3,0.7,-0.6,0.3
200611,-0.5,-0.8,-0.2,-4.5,-4.9,-0.1,-0.1,-0.2,0.1,0.2,-2.8,0.0,-0.1,0.0,-0.2,-0.2,0.0,,-0.1,0.0,0.0,-0.1,0.0,0.0,-0.2,0.1,-0.1,,,0.0,,,-0.5,0.1,0.3,0.0,-1.1,-0.4,0.1,-1.2,-0.1
200612,0.1,0.0,-0.2,1.6,1.8,-0.4,-0.3,-0.4,-0.1,-0.3,-1.1,-0.3,0.0,0.2,0.1,0.1,0.2,,-0.1,0.0,0.0,0.5,0.0,0.0,0.1,0.1,0.0,,,0.1,,,0.1,-0.1,0.0,0.0,0.2,-0.6,-0.1,0.1,0.1
200701,-0.2,-0.2,-0.8,3.7,4.2,0.0,0.0,-1.1,0.0,-7.1,-0.7,-0.2,1.0,0.2,-0.1,-0.3,-0.1,,0.0,0.0,0.0,-0.1,0.0,0.0,-0.3,0.1,0.0,,,0.0,,,-0.6,-0.2,0.0,0.1,-1.3,-0.2,-4.2,0.8,0.3
200702,-0.5,-0.8,-0.5,-2.9,-3.2,0.0,-0.1,-0.5,0.0,-2.5,-2.3,0.0,0.0,-0.3,-0.1,-0.1,-0.1,,-0.1,0.0,0.0,-0.3,0.0,0.0,0.0,-0.1,0.0,,,0.1,,,-0.3,0.1,0.0,0.0,-0.6,-0.3,-1.3,-0.8,-0.1
200703,0.3,0.5,0.4,1.4,1.6,0.0,0.0,0.4,0.0,4.1,-0.2,-0.1,0.0,0.1,0.0,0.1,0.2,,0.0,0.0,0.0,0.6,0.0,0.0,-0.1,0.1,-0.1,,,-0.1,,,0.1,0.0,0.0,0.0,0.2,-0.4,2.4,0.2,0.1
200704,0.3,0.4,0.4,0.1,0.1,-0.3,-0.3,0.6,0.0,3.9,0.8,0.0,-0.4,0.0,0.2,0.2,0.0,,0.5,-0.2,0.2,-0.2,0.6,0.0,0.3,0.0,0.0,,,-0.1,,,0.6,0.1,1.9,0.5,1.0,0.1,2.3,0.1,-0.1
200705,0.3,0.4,0.3,1.0,1.2,0.0,0.0,0.4,0.0,0.7,3.3,-0.1,0.0,0.0,0.1,0.2,0.0,,0.4,0.0,0.0,0.0,0.0,0.2,0.2,0.0,0.0,,,0.0,,,0.4,0.0,0.1,0.0,0.8,-0.3,0.4,0.5,0.0
200706,-0.2,-0.3,0.0,-2.2,-2.5,0.0,0.0,0.0,0.0,-0.4,1.8,-0.3,0.0,0.1,0.0,-0.1,-0.1,,-0.1,0.0,-0.1,-0.3,0.0,0.0,-0.1,0.0,0.0,,,0.0,,,-0.1,0.0,0.2,0.0,-0.2,-0.9,-0.2,-0.3,-0.1
200707,-0.1,-0.4,-0.4,-0.6,-0.7,-0.2,-0.2,-0.4,0.1,-3.7,1.2,-0.2,-0.2,-0.1,0.1,0.3,0.2,,0.1,0.0,0.0,0.8,0.0,-0.4,0.2,0.1,0.0,,,0.1,,,0.4,-0.1,0.1,0.0,0.7,-0.1,-2.2,0.0,0.1
200708,0.5,0.6,0.0,4.2,4.8,0.1,0.1,-0.1,-0.1,-1.7,2.3,-0.2,0.0,0.3,0.5,0.7,0.5,,-0.2,0.4,0.0,1.2,0.0,0.0,0.4,0.3,-0.1,,,-0.1,,,1.1,0.1,0.0,0.0,2.4,-0.6,-1.1,1.1,0.4
200709,0.0,0.5,0.6,0.7,0.8,-0.3,-0.4,0.7,-0.1,6.2,-0.6,-0.1,0.0,-0.3,-0.4,-0.6,-0.5,,-0.1,0.0,0.0,-1.8,0.0,0.3,-0.3,0.0,0.0,,,0.0,,,-1.0,0.0,0.4,0.0,-2.1,-0.1,3.7,0.0,-0.4
200710,0.3,0.4,0.4,0.2,0.4,-0.6,-0.6,0.4,0.3,1.3,0.8,0.2,0.7,0.1,0.0,-0.1,0.0,,-0.1,0.0,0.0,0.1,0.0,0.1,-0.1,0.0,0.0,,,0.1,,,-0.1,0.1,0.1,0.0,-0.4,0.1,0.8,0.3,0.2
200711,-0.2,-0.2,0.4,-4.2,-4.7,-0.5,-0.6,0.6,0.2,0.4,3.9,0.0,0.0,0.0,-0.2,-0.2,0.0,,0.1,0.0,0.0,-0.2,0.0,0.0,-0.1,0.1,0.0,,,0.0,,,-0.4,0.0,-0.1,0.0,-0.8,-0.6,0.4,-0.3,0.0
200712,0.2,0.4,0.4,0.5,0.7,-0.5,-0.4,0.5,0.3,-0.5,4.2,-0.2,0.0,0.1,0.2,0.2,0.2,,-0.1,0.0,0.0,0.8,0.0,0.0,0.0,0.1,0.0,,,0.1,,,0.1,0.1,0.1,0.0,0.1,-0.3,-0.4,0.7,0.1
200801,-0.2,-0.3,-0.5,1.1,1.2,0.0,0.0,-0.9,0.4,-7.1,-0.3,0.0,0.9,-0.1,-0.1,-0.1,0.1,,0.0,0.0,0.0,0.2,0.0,0.0,-0.1,0.0,0.0,,,0.0,,,-0.4,0.0,0.3,0.1,-0.9,-0.3,-4.0,0.5,0.3
200802,-0.2,-0.4,-0.3,-0.7,-0.8,0.2,0.1,-0.3,0.3,-2.5,-0.7,-0.1,0.0,-0.1,-0.1,-0.2,-0.3,,0.0,0.0,0.0,-0.7,0.0,0.0,0.0,0.2,0.0,,,0.0,,,-0.2,0.0,0.1,0.1,-0.3,-0.3,-1.4,-0.1,-0.1
200803,0.5,0.8,0.7,1.0,1.1,-0.1,0.0,0.8,0.7,4.1,0.4,0.0,-0.1,0.0,0.2,0.3,0.2,,0.0,0.0,0.0,0.6,0.0,0.0,0.2,0.3,0.0,,,0.0,,,0.4,0.1,-0.1,0.0,0.8,-0.3,2.5,0.5,0.1
200804,-0.1,-0.1,0.0,-0.2,-0.2,0.0,-0.1,-0.3,0.9,3.8,-8.8,0.0,1.5,0.4,0.0,0.1,-0.7,,0.5,-1.9,-0.6,-0.1,1.0,0.1,0.2,0.3,0.0,,,-0.2,,,0.6,0.1,3.9,0.5,0.8,-0.5,2.3,-0.6,-0.1
200805,0.8,1.5,1.5,0.7,0.8,-0.2,-0.1,2.0,0.8,0.7,13.5,0.0,-0.1,-0.1,0.1,0.1,0.1,,0.7,0.0,0.0,0.1,0.0,-0.1,0.2,0.3,0.0,,,0.1,,,0.3,0.1,0.0,0.0,0.4,0.0,0.4,1.9,0.0
200806,0.5,0.9,0.9,0.5,0.6,0.4,0.3,1.1,0.7,-0.2,7.3,-0.1,0.0,0.1,0.1,0.1,-0.1,,0.0,0.0,0.0,-0.3,0.0,0.0,0.1,0.1,-0.1,,,0.0,,,0.2,0.1,0.1,0.0,0.4,-0.5,0.0,1.2,0.0
200807,0.2,0.2,0.5,-1.3,-1.5,0.0,0.1,0.4,0.4,-3.8,5.2,0.0,1.4,-0.1,0.2,0.3,0.3,,-0.2,0.0,0.0,0.8,0.0,-0.1,0.2,0.2,0.0,,,0.0,,,0.5,0.1,0.0,0.0,0.9,-0.3,-2.1,0.8,0.5
200808,0.3,0.2,0.1,1.3,1.5,0.0,-0.1,0.0,0.3,-1.7,1.6,-0.2,0.0,0.2,0.4,0.6,0.3,,-0.1,0.0,0.0,1.0,0.0,0.0,0.4,0.2,0.0,,,-0.1,,,1.0,0.1,0.3,0.0,2.2,-0.6,-1.1,0.6,0.2
200809,0.0,0.3,0.2,0.2,0.1,0.1,0.3,0.4,0.2,6.4,-4.0,0.2,-0.2,-0.2,-0.4,-0.5,-0.5,,-0.1,0.1,0.0,-1.6,0.0,0.2,-0.3,0.2,-0.1,,,0.0,,,-0.8,0.0,0.0,0.0,-1.6,0.0,3.9,-0.5,-0.3
200810,-0.1,-0.2,-0.3,0.6,0.6,1.0,0.9,-0.5,0.5,1.3,-6.3,0.0,0.8,0.1,0.0,0.0,-0.1,,0.0,0.0,0.0,-0.1,0.0,-0.1,0.0,0.2,0.0,,,0.0,,,-0.1,0.0,0.1,0.0,-0.3,0.0,0.8,-0.5,0.1
200811,-0.9,-1.6,-1.3,-2.3,-2.5,0.4,0.5,-1.8,0.0,0.3,-13.1,-0.3,0.0,0.0,-0.2,-0.3,0.0,,-0.1,0.0,0.0,-0.3,0.0,0.1,-0.2,0.0,0.0,,,0.0,,,-0.5,0.1,-0.1,0.0,-1.2,-0.5,0.1,-2.0,0.0
200812,-0.4,-0.9,-1.2,1.2,1.3,0.2,0.1,-1.5,-0.2,-0.4,-10.6,-0.4,0.0,0.1,0.1,0.2,0.1,,-0.2,0.0,0.0,0.6,0.0,0.0,0.1,0.1,-0.1,,,0.0,,,0.1,0.0,0.3,0.0,0.2,-0.3,-0.5,-1.0,0.1
200901,-0.6,-0.8,-1.1,1.0,1.1,-0.2,-0.1,-1.8,0.1,-8.2,-7.5,0.0,3.4,0.0,-0.2,-0.4,0.1,,0.0,0.1,0.0,0.0,0.0,0.0,-0.4,0.0,-0.1,,,-0.1,,,-0.8,0.0,10.0,0.1,-2.2,-0.1,-4.9,0.0,1.0
200902,-0.3,-0.5,-0.2,-2.6,-2.9,0.2,0.1,-0.2,-0.2,-1.9,1.7,-0.1,0.0,0.4,-0.1,0.0,-0.2,,0.0,0.0,0.0,-0.4,0.0,0.0,-0.1,0.0,0.0,,,-0.1,,,0.0,0.0,0.0,0.1,-0.1,-0.8,-0.8,-0.5,-0.1
200903,0.3,0.4,0.5,0.2,0.3,-0.1,-0.1,0.6,0.4,3.9,0.1,-0.2,0.0,0.0,0.2,0.2,0.2,,-0.1,0.0,0.0,0.6,0.0,0.0,0.2,0.1,0.0,,,0.1,,,0.3,-0.1,0.0,-0.2,0.8,-0.2,2.3,0.2,0.1
200904,0.1,0.2,0.2,0.2,0.2,-0.4,-0.5,0.3,-0.3,4.2,1.2,-0.5,-0.4,0.3,-0.2,-0.2,-0.3,,0.0,0.1,0.1,-1.3,0.6,0.1,-0.1,0.0,-0.1,,,-0.1,,,-0.1,0.0,1.1,0.7,-0.6,-0.8,2.4,-0.1,-0.3
200905,-0.2,-0.2,-0.5,0.7,0.9,-0.1,-0.1,0.1,-0.3,0.6,1.3,-0.2,-3.9,-0.2,0.1,0.0,0.1,,0.4,0.0,0.0,0.1,0.0,0.0,0.0,0.1,-0.1,,,0.0,,,0.0,-0.1,0.3,0.0,0.0,-0.4,0.3,-0.4,-1.1
200906,-0.2,-0.5,-0.2,-1.5,-1.6,-0.2,-0.2,-0.1,-0.2,-0.5,2.2,-0.3,-1.4,0.1,-0.1,0.0,-0.2,,-0.1,0.1,0.0,-0.4,0.0,-0.2,0.0,-0.1,0.0,,,0.0,,,-0.1,0.0,0.0,0.0,-0.1,-0.6,-0.3,-0.4,-0.5
200907,-0.3,-0.7,-0.6,-2.1,-2.3,-0.2,-0.2,-0.4,-0.1,-4.1,2.8,-0.3,-1.5,0.0,0.1,0.1,0.1,,0.0,-0.4,0.0,0.7,0.0,-0.3,0.1,-0.1,-0.1,,,0.0,,,0.3,-0.1,0.0,0.0,0.6,-0.6,-2.6,-0.4,-0.4
200908,0.3,0.3,-0.4,4.6,5.3,-0.2,-0.1,-0.5,-0.4,-1.7,0.0,-0.2,-0.7,0.1,0.3,0.4,0.3,,0.0,0.0,0.0,1.1,0.0,0.0,0.3,0.0,0.0,,,0.0,,,0.7,0.0,0.0,0.0,1.6,-0.5,-1.0,0.7,0.1
200909,0.0,0.4,0.7,-0.7,-0.9,0.1,0.0,1.0,0.1,6.0,2.2,-0.1,-1.0,-0.1,-0.4,-0.5,-0.5,,-0.1,0.0,0.0,-1.6,-0.1,0.1,-0.4,0.0,0.0,,,0.0,,,-0.8,0.0,0.0,0.0,-1.7,-0.1,3.4,-0.1,-0.6
200910,-0.4,-0.6,-0.2,-3.7,-4.0,-0.6,-0.6,-0.1,-0.3,1.1,-0.4,-0.3,-0.5,0.0,-0.1,-0.1,0.1,,0.0,0.0,0.0,0.0,0.0,0.4,-0.1,0.0,0.0,,,0.0,,,-0.2,-0.1,0.2,0.0,-0.5,-0.2,0.4,-1.0,-0.2
200911,-0.2,-0.5,-0.1,-2.0,-2.3,-0.2,-0.2,-0.3,-0.2,0.2,-0.8,-0.2,0.2,0.0,-0.1,-0.2,-0.1,,-0.1,0.0,0.0,-0.2,0.0,0.0,-0.1,-0.1,-0.1,,,0.0,,,-0.4,0.0,0.6,0.0,-0.7,-0.6,0.2,-0.6,0.1
200912,-0.2,-0.3,-0.4,0.4,0.6,-0.3,-0.4,-0.5,-0.5,-0.9,0.2,-0.8,0.4,0.0,0.1,0.1,0.2,,0.0,-0.1,0.0,0.6,0.0,0.0,0.0,0.0,-0.1,,,-0.1,,,0.2,0.1,0.3,0.0,0.2,-0.7,-0.6,-0.2,0.2
201001,-0.2,-0.3,-0.9,3.5,4.0,-0.4,-0.3,-1.1,0.0,-7.7,0.0,-0.3,0.4,0.1,-0.3,-0.4,-0.1,,-0.3,0.0,0.0,-0.1,0.0,0.0,-0.4,-0.1,0.0,,,0.1,,,-0.9,0.0,0.5,0.0,-1.9,-0.7,-4.6,0.8,0.1
201002,0.0,-0.1,0.0,-0.5,-0.6,-0.1,-0.1,-0.1,-0.2,-1.0,2.2,-0.4,0.4,0.0,0.0,0.1,-0.2,,-0.1,0.0,0.0,-0.6,0.0,0.1,0.1,0.1,-0.1,0.0,-0.2,-0.1,0.0,-0.2,0.2,0.0,0.0,0.1,0.5,-0.5,-0.7,0.1,0.0
201003,0.3,0.4,0.2,1.0,1.1,-0.3,-0.3,0.2,-0.1,3.8,0.6,-0.4,0.4,-0.1,0.2,0.3,0.2,,0.0,0.0,0.0,0.9,0.0,0.1,0.2,0.1,0.0,0.0,0.0,0.0,0.0,0.0,0.5,-0.1,0.0,0.0,1.0,-1.0,2.1,0.3,0.3
201004,0.0,0.7,0.3,2.9,3.3,0.1,0.1,0.5,-0.2,2.4,2.4,0.3,-0.8,0.2,-0.6,-0.9,-2.4,,0.4,0.0,0.0,-1.2,-62.0,-0.3,0.0,-0.1,0.0,0.0,-0.1,0.0,0.0,0.0,-0.1,0.0,0.2,-1.5,0.5,0.6,1.4,0.6,-1.9
201005,-0.1,-0.1,0.0,-0.7,-0.8,-0.1,-0.1,-0.1,-0.3,-0.1,3.4,-0.8,0.4,0.0,0.0,0.0,0.0,,0.2,0.0,0.0,0.1,0.0,0.0,0.0,0.1,-0.1,0.0,-0.1,0.0,0.0,0.0,0.1,-0.1,0.0,0.0,0.2,-1.4,-0.2,0.1,0.1
201006,-0.2,-0.4,-0.3,-0.8,-0.9,-0.3,-0.3,-0.4,0.0,-0.4,-0.8,-0.7,0.3,0.1,0.0,0.0,-0.1,,-0.1,0.1,0.0,-0.4,0.0,-0.1,0.0,0.0,0.0,0.0,0.0,0.0,0.0,0.0,0.0,0.0,0.0,0.0,0.0,-1.6,-0.3,-0.2,0.0
201007,-0.6,-1.2,-0.9,-2.8,-3.0,-0.9,-0.8,-1.2,-0.3,-4.1,-1.3,-1.2,0.4,0.1,0.1,0.1,-0.1,,-0.1,-0.6,0.0,0.4,0.0,-0.2,0.1,0.0,0.0,0.0,0.0,0.0,0.0,0.1,0.3,0.0,0.0,0.0,0.7,-2.4,-2.5,-0.7,0.0
201008,0.1,-0.2,-0.5,2.1,2.4,-0.4,-0.4,-0.8,-0.2,-1.8,-0.8,-1.0,0.7,0.0,0.5,0.7,0.7,,-0.1,0.0,0.0,2.4,0.0,0.0,0.4,0.1,0.0,0.0,0.0,0.0,0.0,-0.1,1.1,0.1,0.0,0.0,2.3,-1.9,-1.1,0.3,0.6
201009,0.2,0.8,0.5,2.7,3.1,-0.2,-0.2,0.6,0.2,6.6,-0.7,-0.3,0.3,-0.1,-0.4,-0.6,-0.8,,-0.1,0.0,0.0,-2.8,0.0,0.1,-0.3,0.2,0.0,0.0,0.0,0.0,0.0,0.0,-0.9,-0.1,0.0,0.0,-1.7,-0.8,3.7,0.6,-0.5
201010,0.3,0.3,0.2,0.5,0.9,-2.4,-2.4,0.4,-0.1,0.1,-0.3,1.1,-0.1,0.0,0.4,0.5,1.2,,0.0,2.4,0.0,0.9,0.0,0.1,0.1,0.0,0.0,0.0,0.0,0.0,0.0,0.0,0.3,0.0,0.0,0.0,0.5,-0.6,0.0,0.6,1.8
201011,-0.3,-0.4,-0.2,-1.5,-1.5,-1.7,-1.8,-0.1,0.0,0.7,0.1,-0.5,-0.5,0.0,-0.3,-0.4,-0.1,,0.0,0.0,0.0,-0.3,0.0,0.0,-0.3,0.0,0.0,0.0,-0.1,0.0,0.0,0.0,-0.8,-0.1,0.0,0.0,-1.6,-0.9,0.3,-0.4,-0.2
201012,-0.3,-0.6,-0.2,-2.2,-2.4,-1.1,-1.1,-0.3,-0.5,-0.8,0.9,-0.4,-0.3,0.1,0.1,0.1,0.3,,-0.1,-0.1,0.0,1.3,0.0,0.0,0.0,0.0,-0.1,0.0,-0.1,0.0,0.0,0.0,0.0,0.1,0.0,0.0,0.0,-0.3,-0.6,-0.6,0.1
201101,-0.1,-0.1,-0.5,2.5,2.9,-0.4,-0.4,-0.5,0.1,-6.5,2.6,-0.2,-0.4,0.2,-0.1,-0.2,-0.1,,0.0,0.0,0.0,-0.2,0.0,-0.1,-0.2,0.0,0.0,0.0,0.0,0.0,0.0,0.0,-0.4,-0.1,0.0,0.1,-0.9,-0.5,-3.8,0.8,-0.2
201102,0.0,0.0,0.0,0.0,0.0,-0.1,-0.2,0.0,0.1,-0.2,1.5,-0.3,-0.3,-0.1,0.0,0.0,-0.2,,-0.1,0.0,0.0,-0.8,0.0,0.0,0.0,0.0,0.0,0.0,0.0,0.0,0.0,0.0,0.1,0.0,0.0,0.1,0.2,-0.6,-0.2,0.1,-0.2
201103,0.3,0.4,0.6,-1.1,-1.2,-0.3,-0.3,0.8,0.1,3.8,5.2,-0.6,0.1,0.0,0.1,0.2,0.2,,-0.1,0.0,0.0,0.8,0.0,0.4,0.1,0.0,-0.1,-0.1,-0.1,0.0,0.0,0.0,0.3,-0.1,-0.2,-0.1,0.7,-0.9,2.2,0.3,0.2
201104,0.1,0.3,0.6,-1.6,-1.8,0.3,0.3,0.6,0.8,2.7,2.5,-0.6,0.4,0.1,0.0,0.0,0.0,,0.2,0.4,0.0,-0.5,0.0,-0.1,0.0,0.0,0.0,0.0,0.0,0.0,0.0,0.0,0.0,-0.1,0.0,0.1,0.1,-1.4,1.5,0.3,0.1
201105,0.0,-0.1,0.1,-1.5,-1.7,-0.2,-0.2,0.0,-0.4,-0.2,0.3,0.3,0.8,0.1,0.1,0.1,0.0,,0.1,0.0,0.0,0.0,0.0,0.0,0.1,0.0,0.0,0.0,-0.1,0.0,0.1,0.0,0.3,0.0,0.2,0.0,0.6,-0.2,0.1,-0.2,0.3
201106,-0.2,-0.3,-0.4,0.7,0.8,0.2,0.2,-0.6,-0.2,-0.4,-2.1,-0.6,0.7,0.1,-0.1,-0.1,-0.1,,-0.1,0.0,0.0,-0.3,0.0,-0.4,-0.1,0.0,-0.1,0.0,-0.1,-0.1,0.0,-0.1,-0.2,0.1,0.0,0.0,-0.4,-1.1,-0.2,-0.1,0.1
201107,0.0,-0.3,-0.4,0.4,0.5,-0.1,-0.1,-0.6,0.0,-3.3,0.4,-0.6,0.9,0.0,0.3,0.4,0.4,,0.0,0.0,0.0,1.3,0.0,-0.1,0.2,0.0,0.0,-0.1,0.0,-0.1,-0.1,0.0,0.6,0.0,0.0,0.0,1.3,-0.9,-2.0,0.2,0.5
201108,0.1,-0.2,-0.2,0.1,0.1,0.6,0.6,-0.4,0.0,-1.6,0.9,-0.7,0.8,0.1,0.4,0.6,0.3,,-0.1,0.0,0.0,1.2,0.0,-0.1,0.4,0.0,-0.1,0.0,-0.1,0.0,0.0,-0.1,1.1,0.0,0.0,0.0,2.2,-1.4,-1.1,0.2,0.5
201109,0.0,0.4,0.4,0.5,0.5,1.2,1.2,0.3,0.1,6.2,-2.5,-0.3,0.8,-0.1,-0.3,-0.5,-0.6,,0.0,0.0,0.0,-2.1,0.0,0.2,-0.3,0.0,0.0,-0.1,0.0,0.0,0.0,0.1,-0.7,0.0,0.0,0.0,-1.3,-0.8,3.4,0.0,-0.1
201110,0.1,0.2,-0.1,3.1,3.0,3.8,3.9,-0.4,0.0,0.5,-2.0,-0.5,0.8,0.0,0.0,0.0,0.2,,0.0,0.3,0.0,0.0,0.0,0.2,0.0,0.0,0.0,0.0,-0.1,0.0,0.0,-0.1,-0.1,0.0,0.0,0.0,-0.2,-0.9,0.1,0.4,0.3
201111,-0.6,-0.8,-0.1,-5.1,-5.9,1.6,1.7,-0.1,-0.1,0.2,-0.1,-0.2,0.5,0.0,-0.4,-0.6,-0.1,,0.0,0.1,0.0,-0.4,0.0,0.0,-0.5,0.0,-0.1,0.0,-0.1,0.0,0.0,0.0,-1.3,0.0,0.1,0.0,-2.6,-0.7,0.1,-1.0,0.1
201112,0.0,-0.1,-0.2,1.2,1.4,-0.1,0.0,-0.3,-0.2,-0.9,0.8,-0.6,0.1,0.1,0.1,0.2,0.2,,-0.1,0.0,0.0,0.7,0.0,0.0,0.1,0.0,0.0,0.0,-0.1,0.0,0.0,0.0,0.4,0.1,0.0,0.0,0.7,-1.2,-0.4,0.2,0.2
201201,0.2,0.6,-0.4,6.7,7.5,0.8,0.7,-0.4,0.1,-5.7,-0.3,0.6,-0.2,0.0,-0.1,-0.2,0.4,,0.0,0.9,0.0,0.1,0.0,0.0,-0.3,0.0,0.0,-0.1,0.0,-0.1,-0.1,0.0,-0.6,-0.1,0.0,0.1,-1.3,1.5,-3.3,1.2,0.2
201202,0.2,0.5,0.5,0.4,0.4,0.5,0.5,0.7,0.1,0.0,0.2,1.6,0.0,0.0,-0.2,-0.2,-0.3,,-0.1,0.0,0.0,-0.9,0.0,0.0,-0.1,0.0,0.0,0.0,-0.1,0.0,0.0,-0.1,-0.3,0.0,-0.1,0.1,-0.8,3.9,0.1,0.1,-0.2
201203,0.5,0.7,0.8,0.5,0.6,0.0,0.0,0.9,0.1,3.4,6.5,-0.5,0.0,0.0,0.2,0.3,0.2,,0.0,0.0,0.0,0.8,0.0,0.0,0.2,0.0,0.0,0.0,0.0,0.0,0.0,0.0,0.6,0.0,0.0,0.0,1.2,-1.0,1.9,0.8,0.2
201204,0.1,0.0,0.4,-2.7,-3.1,0.3,0.3,0.5,0.0,2.3,2.1,-0.1,0.2,0.3,0.1,0.2,0.0,,0.6,0.0,0.3,-0.2,0.0,0.0,0.1,0.0,-0.1,-0.1,-0.1,0.0,0.0,-0.1,0.4,0.0,0.2,0.1,0.8,-0.1,1.3,-0.3,0.1
201205,-0.3,-0.6,-0.5,-1.0,-1.2,0.2,0.2,-0.6,-0.2,-0.1,-2.0,-0.8,-0.1,0.1,0.0,0.1,0.0,,0.2,0.0,0.0,0.1,0.0,0.1,0.0,0.0,-0.1,-0.1,-0.1,-0.1,-0.1,-0.1,0.2,0.0,0.1,0.0,0.3,-1.7,-0.2,-0.5,0.0
201206,-0.5,-1.0,-0.6,-2.9,-3.3,0.3,0.3,-0.8,0.0,-0.4,-5.3,-0.5,0.5,0.0,-0.1,-0.1,-0.1,,-0.1,0.0,0.0,-0.4,0.0,-0.2,-0.1,0.0,0.0,0.0,0.0,0.0,0.0,0.0,-0.2,0.0,0.1,0.0,-0.4,-1.1,-0.2,-1.1,0.1
201207,-0.3,-0.7,-0.5,-1.7,-2.0,0.7,0.8,-0.8,0.0,-3.1,-1.9,-0.5,0.7,0.0,0.1,0.2,0.3,,0.0,0.0,0.0,0.9,0.0,-0.1,0.1,0.0,0.0,0.0,0.0,0.0,-0.1,0.0,0.3,0.0,0.0,0.0,0.7,-0.7,-1.9,-0.5,0.4
201208,0.1,-0.3,-0.2,0.2,0.2,0.4,0.4,-0.6,-0.4,-2.0,0.9,-0.7,1.2,0.2,0.5,0.7,0.4,,-0.1,0.0,0.0,1.6,0.0,-0.2,0.5,0.0,0.0,0.0,-0.1,0.0,0.0,0.0,1.4,0.0,0.0,0.0,2.8,-1.6,-1.2,0.1,0.6
201209,0.1,0.9,1.1,-0.7,-1.0,1.2,1.2,1.1,0.1,6.1,3.4,0.0,1.6,0.0,-0.6,-0.8,-0.7,,0.0,0.0,0.0,-2.5,0.0,0.1,-0.5,0.0,0.0,0.0,0.0,0.0,0.0,0.0,-1.3,0.0,0.0,0.0,-2.6,-0.1,3.5,0.5,0.0
201210,0.0,0.0,0.0,0.6,0.4,2.5,2.5,0.0,-0.1,0.5,0.0,-0.1,-0.3,0.0,0.0,0.0,0.0,,0.0,0.6,0.0,0.1,0.0,-2.9,0.0,0.0,0.0,0.0,-0.1,0.0,0.0,0.0,0.1,0.0,0.1,0.0,0.1,0.0,0.3,0.0,-0.1
201211,-0.4,-0.5,-0.4,-0.9,-1.1,0.6,0.6,-0.4,-0.1,-0.1,-1.2,-0.7,-0.4,0.0,-0.2,-0.3,-0.1,,-0.1,0.0,0.0,-0.2,0.0,0.2,-0.3,0.0,0.0,0.0,-0.1,0.0,0.0,0.0,-0.8,0.0,-0.2,0.0,-1.5,-1.3,-0.1,-0.4,-0.1
201212,0.0,0.1,-0.3,2.8,3.2,-0.3,-0.3,-0.3,-0.5,-0.7,1.1,-0.5,-0.3,0.0,0.0,0.0,0.2,,0.0,0.0,0.0,0.6,0.0,0.1,-0.1,0.0,0.0,0.0,-0.1,0.0,0.0,0.0,-0.1,0.1,0.0,0.0,-0.3,-0.7,-0.5,0.3,0.0
201301,0.1,0.3,-0.5,5.2,6.0,0.1,0.1,-0.5,0.0,-5.4,1.5,-0.2,-0.7,0.0,-0.2,-0.2,-0.1,,0.0,0.0,0.0,-0.5,0.0,0.1,-0.2,0.0,-0.1,-0.1,-0.1,-0.1,-0.1,-0.1,-0.4,0.0,0.0,0.1,-0.8,-0.6,-3.1,1.1,-0.3
201302,-0.2,-0.3,0.3,-3.9,-4.4,-0.1,-0.2,0.4,0.1,-0.8,3.1,0.3,-0.5,-0.1,0.0,0.0,0.0,,0.0,0.0,0.0,0.0,0.0,-0.1,0.0,0.0,-0.1,0.0,-0.1,0.0,0.0,-0.1,0.0,0.0,0.0,0.1,-0.1,0.7,-0.5,-0.4,-0.2
201303,0.2,0.3,0.6,-1.6,-1.7,-0.3,-0.2,0.8,0.0,3.7,0.4,0.9,0.1,0.0,0.1,0.1,0.2,,0.0,0.0,0.0,0.7,0.0,-0.2,0.0,0.0,0.0,0.0,0.0,0.0,0.0,0.0,0.1,0.0,0.0,0.0,0.2,1.3,2.5,-0.2,0.1
201304,0.3,0.2,0.2,-0.2,-0.2,-0.1,-0.1,0.2,0.0,2.5,-0.6,-0.1,1.0,0.2,0.4,0.6,0.9,,0.8,2.5,0.0,-0.5,0.0,0.4,0.2,-0.1,0.0,0.0,-0.1,0.0,0.0,0.0,0.6,0.0,-0.1,0.3,1.2,0.0,1.4,0.0,0.9
201305,0.1,0.2,0.4,-0.5,-0.6,0.2,0.2,-0.1,-0.1,-0.2,-1.5,0.4,3.2,0.0,0.0,0.1,0.0,,0.3,-0.1,0.0,0.1,0.0,0.1,0.1,0.4,-0.1,-0.1,-0.1,0.0,0.0,-0.1,0.1,0.0,0.2,0.0,0.1,0.6,0.0,0.2,0.9
201306,0.0,0.0,0.1,-0.9,-1.0,-0.3,-0.3,0.0,0.2,-0.4,0.0,-0.1,1.3,0.1,-0.1,-0.1,-0.1,,-0.1,0.0,0.0,-0.3,0.0,-0.3,0.0,0.0,-0.1,0.0,-0.1,-0.1,0.0,-0.1,0.0,0.1,0.0,0.0,-0.1,-0.3,-0.2,0.1,0.3
201307,0.2,0.3,0.0,2.1,2.5,-0.5,-0.4,-0.1,0.0,-2.4,1.3,0.0,0.9,-0.1,0.2,0.3,0.3,,0.0,0.0,0.0,1.0,0.0,-0.4,0.1,0.1,0.0,0.0,0.0,0.0,0.0,0.0,0.4,0.0,0.0,0.0,0.7,-0.2,-1.2,0.7,0.4
201308,0.3,0.1,0.1,0.5,0.7,-0.9,-1.0,0.0,0.1,-2.0,2.8,-0.3,0.5,0.1,0.4,0.7,0.3,,-0.1,0.0,0.0,1.3,0.0,-0.2,0.5,0.1,0.0,0.0,-0.1,0.0,0.0,-0.1,1.2,0.0,0.1,0.0,2.5,-0.7,-1.2,0.5,0.4
201309,0.3,1.2,0.8,3.3,3.8,-0.3,-0.3,0.9,0.2,6.1,0.7,0.1,1.0,0.0,-0.5,-0.7,-0.5,,-0.1,0.1,0.0,-2.1,0.0,0.0,-0.5,0.0,0.0,0.0,0.0,0.0,0.0,0.0,-1.2,0.0,0.0,0.1,-2.5,0.0,3.5,1.0,0.0
201310,0.1,-0.1,0.0,-1.1,-1.0,-1.8,-1.9,0.0,0.2,0.2,-1.1,0.2,0.0,0.0,0.3,0.5,0.9,,0.0,2.2,0.0,0.1,0.0,0.6,0.1,0.0,0.0,0.0,-0.1,0.0,0.0,-0.1,0.4,0.0,0.0,0.0,0.7,0.1,0.1,-0.2,0.6
201311,0.0,0.1,0.0,0.7,1.0,-1.4,-1.5,0.1,0.1,0.3,0.1,0.1,-0.5,0.0,-0.1,-0.1,-0.1,,-0.1,0.0,0.0,-0.2,0.0,-0.1,-0.1,0.1,0.0,0.0,0.0,0.0,0.0,0.0,-0.3,0.0,0.0,0.0,-0.6,0.3,0.3,0.1,-0.2
201312,0.1,0.2,-0.1,2.5,2.9,-0.9,-0.9,-0.2,-0.1,-0.6,0.0,-0.1,-0.5,0.0,0.0,0.1,0.1,,-0.1,0.0,0.0,0.5,0.0,-0.1,0.0,0.1,0.0,0.0,0.0,0.0,0.0,0.0,0.0,0.1,0.0,0.0,0.0,-0.2,-0.2,0.3,-0.1
201401,-0.2,-0.1,-0.3,1.2,1.4,-0.6,-0.7,-0.3,0.3,-5.8,1.1,0.3,-0.4,0.2,-0.3,-0.4,-0.1,,-0.1,0.0,0.0,-0.6,0.0,0.0,-0.3,0.1,0.0,0.0,0.0,-0.1,0.0,0.0,-0.7,0.0,0.0,0.1,-1.5,0.7,-3.4,0.4,-0.2
201402,0.0,0.0,0.2,-1.2,-1.3,-0.2,-0.3,0.2,0.0,-0.1,0.0,0.5,0.2,0.0,0.0,0.1,0.0,,-0.1,0.0,0.0,-0.1,0.0,0.5,0.0,0.0,0.0,0.0,0.0,0.0,0.0,-0.1,0.1,0.1,0.0,0.1,0.2,1.1,0.0,-0.2,0.1
201403,0.3,0.3,0.5,-0.4,-0.5,-0.1,0.0,0.4,0.2,2.9,0.2,0.1,0.7,-0.1,0.2,0.3,0.3,,-0.1,0.0,0.0,1.0,0.0,0.1,0.2,0.0,0.0,0.0,0.0,0.0,0.0,0.0,0.4,0.0,-0.2,0.1,0.7,-0.3,1.8,0.1,0.4
201404,2.1,2.8,3.0,1.4,1.3,2.1,2.1,3.4,3.1,4.5,2.8,3.5,1.1,2.7,1.4,2.1,1.6,,0.2,0.1,0.7,3.7,13.5,2.7,1.4,2.4,0.0,0.0,-0.1,0.0,0.0,0.0,2.7,2.5,1.5,1.2,3.5,3.2,3.8,2.5,1.5
201405,0.4,0.7,0.7,0.6,0.6,0.3,0.2,0.1,0.0,0.0,1.3,-0.2,4.9,0.0,0.0,0.1,0.3,,0.1,0.4,0.0,0.5,0.0,0.1,0.0,0.1,0.0,-0.1,0.0,0.0,0.0,0.0,-0.1,0.1,0.2,0.0,-0.3,-0.2,0.0,1.0,1.7
201406,-0.1,-0.1,0.1,-1.4,-1.4,-1.3,-1.4,0.1,0.2,-0.6,0.5,0.2,0.2,0.2,-0.1,-0.1,-0.1,,-0.1,0.1,0.0,-0.3,0.0,0.0,-0.1,0.0,0.0,0.0,0.0,0.0,-0.1,0.0,-0.2,0.1,0.0,0.0,-0.5,0.5,-0.3,-0.1,0.0
201407,0.0,-0.2,-0.1,-0.8,-0.8,-0.4,-0.4,-0.1,0.3,-2.2,1.2,-0.2,-0.2,0.0,0.3,0.4,0.7,,0.0,0.7,0.0,1.7,0.0,-0.4,0.1,0.0,0.0,0.0,-0.1,0.0,0.0,0.0,0.4,0.0,0.1,0.0,0.7,-0.2,-1.3,0.0,0.4
201408,0.2,0.0,-0.4,2.5,2.9,-0.6,-0.6,-0.5,-0.1,-1.7,-0.3,-0.5,-0.3,0.1,0.4,0.6,0.3,,-0.1,0.0,0.0,1.2,0.0,-0.1,0.4,0.1,0.0,0.0,0.0,0.0,0.0,-0.1,1.1,0.1,0.0,0.0,2.2,-1.3,-0.9,0.3,0.1
201409,0.2,0.9,0.4,3.8,4.3,-0.5,-0.6,0.6,0.1,6.3,-0.7,-0.1,-0.3,-0.1,-0.5,-0.6,-0.5,,0.0,0.1,0.0,-1.8,0.0,0.2,-0.5,0.2,0.0,0.0,0.0,0.0,0.0,-0.1,-1.2,0.0,0.0,0.0,-2.4,-0.4,3.6,0.6,-0.4
201410,-0.3,-0.8,0.0,-5.4,-5.6,-3.8,-3.9,0.1,0.2,0.8,-1.1,0.2,-0.4,0.1,0.2,0.3,0.5,,0.0,1.2,0.0,0.2,0.0,0.2,0.1,0.1,0.0,0.0,0.0,0.0,0.0,0.0,0.3,0.0,0.4,0.0,0.7,0.3,0.6,-1.2,0.2
201411,-0.4,-0.6,-0.3,-2.3,-2.4,-1.5,-1.5,-0.4,0.0,0.5,-2.7,-0.4,0.1,0.1,-0.2,-0.2,0.0,,-0.1,0.0,0.0,0.0,0.0,0.0,-0.2,0.0,0.0,0.0,0.0,0.0,0.0,-0.1,-0.6,0.1,0.1,0.0,-1.2,-0.7,0.3,-0.8,0.0
201412,0.1,0.1,-0.4,3.6,4.2,-1.1,-1.1,-0.6,-0.1,-1.0,-2.9,-0.3,-0.1,-0.1,0.1,0.1,0.1,,0.0,0.0,0.0,0.5,0.0,0.0,0.1,0.0,0.0,0.0,0.0,0.0,0.0,-0.1,0.2,0.1,0.3,0.0,0.4,-0.5,-0.5,0.3,0.1
201501,-0.2,-0.1,-0.9,4.9,5.5,-0.5,-0.5,-1.2,0.3,-5.1,-6.8,0.1,0.2,0.1,-0.3,-0.4,-0.2,,0.0,0.0,0.0,-0.6,0.0,0.0,-0.3,0.3,0.0,0.0,-0.1,0.0,0.0,-0.1,-0.9,0.2,-0.3,0.1,-1.9,-0.1,-2.9,0.4,0.0
201502,-0.2,-0.5,-0.3,-1.6,-1.7,-0.5,-0.5,-0.5,0.0,-0.2,-4.6,-0.1,0.6,0.0,0.1,0.1,0.0,0.0,-0.1,0.1,0.0,-0.2,0.0,0.0,0.1,0.1,0.0,0.0,0.0,0.0,0.0,-0.1,0.2,0.0,0.0,0.2,0.4,-0.1,-0.1,-0.7,0.2
201503,0.3,0.5,0.6,-0.3,-0.3,-0.6,-0.6,0.7,0.1,2.9,3.1,0.1,0.7,0.2,0.2,0.2,0.2,0.0,0.0,0.0,0.0,0.9,0.0,0.0,0.2,0.1,0.0,0.1,-0.1,0.0,0.1,-0.1,0.3,0.0,-0.1,0.0,0.7,0.1,1.8,0.3,0.4
201504,0.5,0.9,0.6,2.1,2.4,-0.6,-0.6,0.8,0.6,2.5,-0.7,0.9,-0.2,0.1,0.2,0.2,0.1,1.0,0.5,0.0,0.2,-0.6,6.6,0.0,0.2,0.3,0.0,0.0,0.0,0.0,0.0,0.1,0.4,0.2,0.0,0.3,0.5,1.2,1.5,0.7,0.0
201505,0.2,0.5,0.2,1.9,2.0,0.5,0.5,0.2,0.2,-0.2,1.2,0.1,0.1,0.0,0.0,0.0,0.0,0.0,0.3,0.0,0.0,0.1,0.0,0.0,0.0,0.1,-0.1,0.0,-0.1,-0.1,0.0,-0.1,-0.1,0.0,0.2,0.0,-0.1,-0.2,0.1,0.6,0.1
201506,-0.2,-0.4,-0.1,-2.1,-2.3,-0.3,-0.3,0.1,0.0,-0.4,1.4,0.1,-1.7,0.0,0.0,0.0,-0.1,0.0,-0.1,0.0,0.0,-0.4,-0.1,-0.1,0.0,0.2,0.0,0.0,0.0,0.0,0.0,-0.1,0.1,0.0,0.0,0.0,0.1,0.3,-0.2,-0.6,-0.6
201507,-0.2,-0.5,-0.4,-0.8,-0.8,-0.2,-0.2,-0.1,0.3,-2.8,0.3,0.2,-2.4,0.0,0.2,0.2,0.3,0.0,0.0,0.0,0.0,1.1,-0.1,-0.3,0.1,0.0,0.0,0.0,0.0,0.0,0.0,0.0,0.3,0.0,0.0,0.0,0.5,0.2,-1.6,-0.4,-0.6
201508,0.1,-0.2,-0.5,1.8,2.0,-0.4,-0.4,-0.4,0.1,-1.6,-2.6,0.0,-1.8,0.3,0.4,0.6,0.4,0.0,-0.1,0.0,0.3,1.4,0.0,0.0,0.4,0.1,0.0,0.0,0.0,0.0,0.0,0.0,1.0,0.0,0.0,0.0,1.9,-0.2,-0.8,-0.1,-0.2
201509,0.1,0.6,0.4,2.3,2.3,1.5,1.5,0.7,0.2,6.5,-2.5,0.3,-1.8,-0.2,-0.4,-0.5,-0.5,0.0,0.0,0.0,0.0,-2.1,0.0,0.1,-0.3,0.0,0.0,0.0,0.0,0.0,0.0,0.0,-0.8,0.0,0.0,0.1,-1.7,0.6,3.6,0.0,-0.9
201510,0.0,-0.2,0.0,-1.3,-1.5,1.8,1.8,0.0,0.3,0.5,-1.3,-0.2,0.0,0.2,0.1,0.2,0.2,0.0,0.0,0.1,0.0,0.5,0.0,0.2,0.1,0.1,0.0,0.0,0.0,0.0,0.0,0.1,0.2,0.0,3.4,0.0,0.3,-0.1,0.0,-0.2,0.1
201511,-0.4,-0.7,0.1,-4.9,-5.4,0.6,0.6,0.0,0.1,0.7,-1.3,0.1,0.3,0.0,-0.1,-0.1,-0.1,0.0,0.0,0.0,0.0,-0.3,0.0,0.1,-0.1,0.1,0.0,0.0,0.0,0.0,0.0,-0.1,-0.1,0.1,1.1,0.0,-0.3,0.2,0.5,-1.1,0.0
201512,0.0,-0.1,-0.2,1.1,1.2,0.0,0.0,-0.4,-0.2,-1.1,-3.0,0.2,0.0,0.1,0.0,0.0,0.1,0.1,0.0,0.0,0.0,0.3,0.0,0.0,0.0,0.1,0.0,-0.1,0.0,0.0,-0.1,0.0,0.0,0.1,0.0,0.0,0.0,0.1,-0.2,-0.1,0.1
201601,-0.3,-0.3,-0.9,3.2,3.4,0.3,0.3,-1.1,0.1,-5.1,-5.9,-0.1,-0.3,0.1,-0.3,-0.4,-0.1,0.0,0.0,0.0,0.0,-0.3,0.0,0.0,-0.4,0.0,0.0,-0.1,0.0,0.0,-0.1,0.0,-1.0,0.0,0.0,0.1,-2.0,-0.5,-2.7,0.2,-0.1
201602,0.1,0.0,-0.3,1.9,2.1,0.1,0.1,-0.3,0.0,0.4,-3.5,-0.1,-0.6,-0.3,0.1,0.2,0.0,0.0,0.0,0.0,0.0,-0.2,0.0,0.0,0.2,0.0,-0.1,-0.1,-0.1,0.0,0.0,-0.1,0.4,0.1,-0.3,0.6,0.6,-0.1,0.2,0.0,-0.2
201603,0.1,0.1,0.1,-0.3,-0.3,0.0,0.0,0.3,0.0,2.6,-1.1,0.1,-0.8,0.2,0.1,0.2,0.2,0.0,0.0,0.0,0.0,0.9,0.0,0.0,0.1,0.1,0.0,0.0,0.0,0.0,0.0,0.0,0.2,0.0,-0.1,0.0,0.4,-0.3,1.8,-0.2,-0.1
201604,0.2,0.2,0.4,-0.9,-1.0,0.1,0.1,0.7,0.0,2.5,2.9,0.4,-1.1,0.1,0.2,0.3,0.4,0.4,0.5,0.6,0.7,-0.5,5.0,0.0,0.2,0.1,-0.1,-0.1,0.0,0.0,-0.1,0.0,0.4,0.2,0.1,0.2,0.6,0.7,1.5,-0.1,0.0
201605,0.1,0.1,0.1,0.3,0.4,-0.2,-0.2,0.1,0.0,-0.1,1.0,0.1,0.3,0.0,0.0,0.0,0.0,0.0,0.2,0.0,0.0,0.0,-0.1,0.0,0.0,0.1,-0.1,0.0,-0.1,-0.1,0.0,-0.1,0.0,0.0,0.1,0.0,0.0,0.0,0.0,0.2,0.1
201606,-0.1,-0.2,0.0,-1.2,-1.3,0.0,0.0,0.2,0.2,-0.6,3.4,-0.2,-1.4,-0.1,0.0,0.0,-0.1,0.0,-0.1,0.0,0.0,-0.4,0.0,0.0,0.0,0.1,0.0,0.0,0.0,-0.1,-0.1,0.0,0.1,0.1,0.0,0.0,0.1,-0.5,-0.4,-0.1,-0.5
201607,-0.2,-0.5,-0.5,-0.3,-0.4,0.1,0.1,-0.5,0.0,-2.7,-0.4,-0.4,-1.1,0.2,0.1,0.1,0.3,0.0,-0.1,0.0,0.0,1.1,0.0,-0.2,0.0,0.0,0.0,0.0,0.0,0.0,0.0,0.0,0.0,0.0,0.0,0.0,0.0,-0.8,-1.6,-0.2,-0.1
201608,0.0,-0.3,-0.4,0.3,0.3,0.0,0.0,-0.3,0.0,-1.6,-0.7,-0.2,-1.1,0.1,0.3,0.5,0.3,0.0,-0.1,0.0,0.0,1.0,0.0,0.0,0.3,0.0,0.0,0.0,-0.1,0.0,0.0,0.0,0.9,0.0,0.1,0.0,1.7,-0.5,-0.8,-0.2,-0.1
201609,0.2,0.7,0.3,2.6,2.7,1.2,1.2,0.5,0.0,5.7,0.5,-0.5,-0.7,-0.1,-0.3,-0.5,-0.5,0.0,0.0,0.0,0.0,-1.9,0.0,0.1,-0.3,0.0,0.0,0.0,-0.1,0.0,0.0,0.0,-0.7,0.0,0.0,0.0,-1.5,-1.3,3.1,0.5,-0.5
201610,0.6,1.0,0.2,5.8,6.1,2.3,2.3,0.2,0.0,0.3,0.1,0.4,-0.1,0.0,0.1,0.2,0.1,0.0,0.0,0.0,0.0,0.2,0.0,0.1,0.2,0.0,0.0,0.0,-0.1,0.0,0.0,-0.1,0.4,0.0,0.3,0.0,0.8,0.8,0.2,1.2,0.0
201611,0.0,0.1,0.2,-0.2,-0.2,0.4,0.4,0.2,0.0,0.6,2.0,-0.1,0.2,0.0,-0.2,-0.2,-0.1,0.0,0.0,0.0,0.0,-0.4,0.0,0.0,-0.2,-0.1,0.0,0.0,0.0,0.0,0.0,0.0,-0.4,0.0,0.0,0.0,-0.8,0.0,0.3,0.1,0.0
201612,-0.2,-0.4,0.0,-2.8,-3.1,0.5,0.5,0.0,-0.1,-1.4,2.6,-0.1,0.3,0.0,0.0,0.0,0.1,0.0,0.0,0.0,0.0,0.2,0.0,0.0,0.0,0.0,0.0,0.0,0.0,0.0,0.0,0.0,0.1,0.1,0.0,0.0,0.1,0.2,-0.7,-0.5,0.1
201701,-0.2,-0.1,-0.2,0.3,0.3,0.2,0.2,-0.3,0.1,-4.7,2.2,0.2,0.4,0.2,-0.3,-0.4,0.0,0.0,0.0,0.3,0.0,-0.2,0.0,0.0,-0.4,0.0,0.0,0.0,-0.1,0.0,0.0,-0.1,-0.9,0.0,-0.2,0.0,-1.9,-0.2,-2.5,0.4,0.1
201702,-0.1,-0.2,0.1,-1.7,-1.8,-0.3,-0.3,0.0,0.1,0.7,0.1,-0.4,0.7,0.0,0.0,-0.1,0.0,0.0,0.0,0.0,0.0,-0.1,0.0,0.0,-0.1,0.0,0.0,0.0,0.0,0.0,0.0,0.0,-0.1,0.0,0.3,0.1,-0.3,-0.6,0.4,-0.3,0.2
201703,0.1,0.0,0.2,-1.2,-1.3,0.4,0.4,0.1,0.1,2.2,1.5,-0.9,0.9,-0.1,0.2,0.2,0.2,0.0,0.0,0.0,0.0,0.7,0.0,0.0,0.2,0.0,0.0,0.0,0.0,0.0,0.0,-0.1,0.4,0.0,-0.1,0.0,0.8,-2.0,1.3,0.0,0.4
201704,0.4,0.7,0.7,0.3,0.3,-0.3,-0.3,0.7,0.2,2.0,-0.1,1.1,1.2,0.0,0.1,0.1,-0.2,-0.3,0.5,-0.3,0.0,-0.6,0.4,0.0,0.2,0.1,-0.1,0.0,-0.1,0.0,0.0,-0.1,0.5,0.1,0.0,0.6,0.8,2.4,1.1,0.3,0.2
201705,0.1,0.2,0.3,-0.2,-0.2,0.4,0.4,0.0,0.0,0.1,-0.4,0.0,1.9,0.1,0.1,0.1,0.0,0.0,0.2,0.0,0.0,0.1,0.0,0.0,0.1,0.0,0.0,0.0,0.0,0.0,0.0,0.0,0.2,0.0,0.1,0.0,0.3,0.0,0.1,0.2,0.6
201706,-0.1,-0.1,0.0,-1.3,-1.4,-0.4,-0.4,0.0,0.5,-0.4,-0.9,-0.1,0.5,0.1,-0.2,-0.2,-0.1,0.0,0.0,0.0,0.0,-0.1,-0.7,-0.1,-0.2,0.0,0.0,0.0,0.0,-0.1,-0.1,-0.1,-0.4,0.1,0.0,-0.2,-0.9,0.0,-0.2,-0.1,0.1
201707,-0.2,-0.5,-0.3,-1.2,-1.4,0.2,0.2,-0.4,0.1,-2.8,-0.4,-0.2,0.1,0.0,0.2,0.2,0.3,0.0,-0.1,0.0,0.0,1.3,-0.2,-0.2,0.1,0.0,0.0,0.0,0.0,0.0,0.0,0.1,0.2,0.0,0.0,0.0,0.4,-0.4,-1.7,-0.2,0.2
201708,0.2,0.1,-0.1,1.6,1.7,0.1,0.1,-0.2,-0.1,-1.0,0.2,-0.1,-0.1,-0.1,0.4,0.5,0.8,0.0,-0.1,0.0,2.7,0.7,0.0,0.6,0.2,0.0,0.0,0.0,0.0,0.0,0.0,0.0,0.6,0.0,0.0,0.0,1.3,-0.3,-0.6,0.3,0.5
201709,0.2,0.8,0.4,2.8,3.0,0.7,0.7,0.5,0.1,4.6,0.1,-0.2,0.2,-0.1,-0.3,-0.5,-0.4,0.0,0.0,0.0,0.0,-1.5,0.0,0.1,-0.3,0.1,0.0,0.0,0.0,0.0,0.0,0.0,-0.9,0.0,0.0,0.1,-1.7,-0.3,2.5,0.6,-0.2
201710,0.0,-0.1,0.4,-2.7,-3.1,2.1,2.1,0.5,0.1,0.4,2.2,0.5,0.0,0.0,0.1,0.2,0.2,0.0,0.0,0.0,0.1,0.6,0.0,0.1,0.1,0.0,0.0,0.0,0.0,0.0,0.0,0.0,0.3,0.1,-0.1,0.0,0.6,1.4,0.0,-0.3,0.1
201711,0.4,0.8,0.3,3.8,4.0,1.7,1.7,0.3,0.0,0.4,2.7,0.1,-0.3,0.6,-0.1,-0.1,-0.1,0.0,-0.1,0.0,0.0,-0.3,0.0,0.0,-0.1,0.1,0.0,0.0,0.0,0.0,0.0,0.0,-0.1,0.0,0.1,0.0,-0.3,0.0,0.3,1.0,-0.1
201712,0.3,0.5,0.0,3.7,4.0,0.5,0.5,-0.1,0.0,-1.4,1.5,0.0,-0.2,0.1,0.0,0.0,0.1,0.0,-0.1,0.0,0.0,0.4,0.0,0.0,-0.1,0.1,0.0,0.0,0.0,0.0,-0.1,0.0,-0.1,0.0,0.0,0.0,-0.3,-0.1,-0.4,0.8,0.0
201801,0.1,0.6,-0.2,4.7,5.1,0.1,0.1,-0.3,0.2,-4.0,0.6,0.1,0.0,0.1,-0.3,-0.4,-0.2,0.0,0.0,-0.2,0.0,-0.4,0.0,0.0,-0.3,0.1,0.0,0.0,0.0,0.0,0.0,0.0,-0.8,0.0,0.0,0.0,-1.6,0.0,-2.1,1.2,-0.1
201802,0.0,-0.2,0.1,-1.9,-2.1,0.4,0.4,0.2,0.0,0.4,1.8,-0.1,0.2,-0.1,0.2,0.3,0.0,0.0,0.0,0.0,0.0,-0.2,0.0,0.0,0.2,0.1,0.0,0.0,0.0,0.0,0.0,-0.1,0.6,0.1,0.0,0.0,1.2,-0.3,0.2,-0.3,0.0
201803,-0.3,-0.7,0.1,-4.6,-5.0,0.1,0.1,0.0,0.0,1.7,-0.5,-0.3,0.4,0.1,0.1,0.1,0.2,0.0,0.0,0.0,0.0,0.9,0.0,-0.1,0.0,0.1,0.0,-0.1,0.0,0.0,-0.1,0.0,0.0,0.0,0.0,0.0,0.0,-0.5,0.9,-1.0,0.3
201804,-0.1,-0.3,0.3,-4.0,-4.4,0.1,0.1,0.3,0.2,2.1,-0.1,0.0,0.6,0.0,0.2,0.2,0.1,0.2,0.4,0.1,0.5,-0.5,0.3,0.0,0.2,0.2,0.0,0.0,0.0,0.0,0.0,0.0,0.4,0.1,0.2,0.6,0.6,-0.4,1.3,-0.7,0.2
201805,0.1,0.2,0.3,0.1,0.1,0.1,0.1,0.1,-0.1,-0.1,1.5,0.0,1.2,0.0,0.0,0.0,0.0,0.0,0.2,0.0,0.0,-0.1,0.0,0.0,0.1,0.1,0.0,0.0,0.0,0.0,0.0,0.0,0.1,0.0,0.0,0.0,0.1,0.1,-0.1,0.3,0.3
201806,-0.1,-0.1,0.1,-1.5,-1.6,0.2,0.2,0.2,-0.1,-0.6,3.3,0.0,0.4,0.0,-0.1,-0.2,-0.1,0.0,-0.1,0.0,0.0,-0.2,-0.5,-0.1,-0.2,0.1,0.0,0.0,0.0,0.0,-0.1,0.0,-0.4,0.1,0.0,0.0,-0.9,-0.1,-0.3,0.0,0.1
201807,0.1,0.1,-0.2,1.9,2.1,-0.2,-0.2,-0.2,0.2,-2.5,0.2,-0.1,-0.3,0.0,0.1,0.1,0.3,0.0,-0.1,0.0,0.0,1.2,-0.1,-0.1,0.0,0.1,0.0,0.0,0.0,0.0,0.0,0.0,0.0,0.1,0.0,0.0,-0.1,-0.1,-1.4,0.4,0.1
201808,0.5,0.5,-0.1,3.9,4.3,-0.2,-0.2,-0.3,0.0,-1.4,-0.1,-0.2,0.3,0.0,0.6,0.9,0.4,0.0,-0.2,0.0,1.1,0.8,0.0,0.0,0.7,0.1,0.0,0.0,0.0,0.0,0.0,0.0,1.8,0.1,0.0,0.0,3.6,-0.4,-0.8,0.8,0.4
201809,0.1,0.8,0.7,1.2,1.3,-0.1,-0.1,0.8,0.3,4.8,0.9,0.2,0.6,0.0,-0.6,-0.8,-0.4,0.0,0.0,0.0,0.0,-1.6,0.0,0.0,-0.6,0.0,0.0,0.0,0.0,0.0,0.0,0.0,-1.5,0.0,0.0,0.0,-3.0,0.2,2.7,0.5,-0.1
201810,0.3,0.5,0.5,-0.1,-0.2,0.1,0.1,0.6,0.0,0.8,2.9,0.5,0.7,0.1,0.2,0.2,0.2,0.0,0.0,0.3,0.0,0.1,0.0,0.4,0.2,0.0,0.0,0.0,0.0,0.0,0.0,0.0,0.4,0.1,0.0,0.0,0.7,0.8,0.4,0.4,0.5
201811,-0.3,-0.5,0.0,-3.3,-3.6,0.3,0.3,0.0,0.1,0.1,-0.6,0.0,0.6,0.0,0.0,-0.1,-0.1,0.0,0.0,0.0,0.0,-0.2,0.0,0.0,0.0,0.2,0.0,0.0,0.0,0.0,0.0,0.0,-0.1,0.1,0.0,0.0,-0.3,0.2,-0.1,-0.6,0.1
201812,-0.3,-0.6,-0.4,-1.4,-1.6,0.0,0.0,-0.7,-0.2,-1.1,-4.3,-0.1,0.5,0.0,0.0,0.0,0.0,0.0,0.0,0.0,0.0,0.1,0.0,0.2,0.0,0.1,0.0,0.0,0.0,0.0,0.0,0.0,0.0,0.1,0.0,0.0,0.0,0.4,-0.9,-0.7,0.2
201901,0.1,0.2,-0.3,3.5,3.9,-0.2,-0.2,-0.6,0.2,-4.0,-3.0,0.1,0.7,1.5,-0.1,-0.1,0.3,0.0,0.0,0.8,0.0,-0.1,0.0,0.0,-0.2,0.1,0.0,0.0,0.0,0.0,0.0,0.0,-0.5,0.0,0.0,0.0,-1.1,-0.2,-2.1,0.7,0.4
201902,0.0,-0.1,0.1,-1.9,-2.0,0.0,0.0,0.1,0.0,0.4,-0.1,0.2,0.7,0.0,0.1,0.1,0.0,0.0,0.0,0.0,0.0,-0.2,0.0,0.0,0.2,0.1,0.0,0.0,0.0,0.0,0.0,0.0,0.4,0.0,0.0,0.0,0.7,0.5,0.3,-0.3,0.2
201903,0.0,0.1,0.3,-1.3,-1.4,-0.1,-0.1,0.4,0.1,1.9,1.3,0.0,0.2,0.2,0.0,-0.1,0.2,0.0,0.0,0.0,0.0,0.8,-0.1,0.0,-0.1,0.2,0.0,0.0,0.0,0.0,0.0,0.0,-0.4,0.1,0.1,0.1,-0.9,-0.3,1.1,-0.1,0.2
201904,0.3,0.2,0.3,-0.7,-0.7,0.0,0.0,0.5,0.4,2.2,0.7,0.1,-0.5,0.2,0.3,0.4,-0.1,-0.2,0.5,0.0,-0.1,-0.5,0.1,0.2,0.5,0.1,0.0,0.0,0.0,0.0,0.0,0.0,1.1,0.5,0.1,0.6,1.8,0.0,1.2,0.0,-0.2
201905,0.0,0.1,0.1,0.3,0.3,0.1,0.1,0.2,0.0,-0.2,2.1,-0.1,-0.4,0.3,-0.1,-0.2,0.0,0.0,0.2,0.0,0.0,0.0,0.0,0.0,-0.2,0.1,0.0,0.0,0.0,0.0,0.0,0.0,-0.4,0.1,0.0,0.1,-1.0,-0.4,-0.1,0.2,-0.1
201906,-0.1,-0.2,-0.2,0.2,0.2,0.0,0.0,-0.2,0.2,-0.5,-1.1,-0.3,-0.5,0.1,-0.1,-0.2,0.0,0.0,-0.1,0.1,0.0,-0.3,0.0,-0.1,-0.2,0.0,0.0,0.0,0.0,0.0,0.0,0.0,-0.4,0.0,-0.1,0.0,-0.9,-0.5,-0.3,-0.1,-0.2
201907,-0.1,-0.2,-0.1,-0.1,-0.1,-0.1,-0.1,-0.1,0.2,-2.3,-1.1,0.4,-0.4,0.0,0.0,0.0,0.3,0.0,-0.1,0.0,0.0,1.2,0.0,0.1,-0.1,0.0,0.0,0.0,0.0,0.0,0.0,0.0,-0.2,0.2,0.0,0.0,-0.5,0.8,-1.3,-0.1,0.1
201908,0.3,0.0,-0.2,1.4,1.5,-0.3,-0.3,-0.2,-0.1,-1.2,-0.6,0.1,-0.6,0.4,0.6,0.8,0.3,0.0,0.0,0.0,0.0,1.0,0.0,0.0,0.7,0.0,0.0,0.0,0.0,0.0,0.0,0.0,1.7,0.1,0.0,0.0,3.4,0.0,-0.7,0.1,0.0
201909,0.1,0.7,0.3,2.6,2.8,0.6,0.6,0.5,0.3,4.6,-0.8,0.0,-0.7,0.0,-0.5,-0.7,-0.4,0.0,0.0,0.0,0.0,-1.7,0.0,0.4,-0.6,0.1,0.0,0.0,0.0,0.0,0.0,0.0,-1.4,0.0,0.0,0.1,-2.9,-0.1,2.4,0.5,-0.5
201910,0.3,0.7,0.9,-0.7,-0.8,0.6,0.6,1.2,0.3,1.9,2.6,1.6,-0.4,0.8,-0.1,-0.1,-3.2,0.0,0.0,1.8,-10.0,1.8,-61.4,0.9,1.0,2.2,0.0,0.0,0.0,0.0,0.0,0.0,1.7,2.0,1.6,0.4,2.0,1.2,1.8,0.4,-2.2
201911,0.1,0.1,0.3,-1.0,-1.1,0.0,0.0,0.1,0.1,0.3,-0.3,0.1,1.6,-0.2,0.0,0.0,0.1,0.0,0.0,0.3,0.0,0.0,0.0,0.1,0.0,0.3,0.0,0.0,0.0,0.0,0.1,0.0,-0.2,0.2,0.4,0.0,-0.5,0.5,0.1,0.0,0.6
201912,0.0,-0.1,-0.1,-0.1,-0.2,0.1,0.1,-0.1,-0.2,-1.7,0.7,0.1,-0.2,0.0,0.1,0.1,0.0,0.0,0.0,0.0,0.0,0.2,0.0,-0.1,0.1,0.0,0.0,0.0,0.0,0.0,0.0,0.0,0.3,0.1,0.0,0.0,0.6,0.3,-0.6,-0.1,0.0
202001,-0.1,0.0,-0.1,1.0,1.2,-0.1,-0.1,-0.2,0.2,-4.1,1.9,0.1,-0.2,0.1,-0.2,-0.3,0.3,0.0,-0.1,0.7,0.0,-0.1,0.0,0.0,-0.3,0.1,0.0,0.0,0.0,0.0,0.0,0.0,-0.9,0.1,0.0,0.0,-1.9,-0.3,-2.0,0.5,0.1
202002,-0.2,-0.5,-0.3,-2.0,-2.2,0.2,0.2,-0.2,-0.1,0.0,-0.9,-0.2,-0.3,0.2,0.0,0.0,0.0,0.0,0.0,0.0,0.0,0.0,0.0,0.0,0.0,0.0,0.0,0.0,0.0,0.0,0.0,0.0,0.0,0.0,0.0,-0.1,0.1,-0.3,-0.2,-0.6,-0.1
202003,0.0,0.0,0.0,-0.2,-0.2,-0.2,-0.2,0.0,-0.1,2.3,-2.0,-0.1,0.1,0.1,0.1,0.1,0.2,0.0,0.0,0.0,0.0,0.8,0.0,0.0,0.1,0.1,0.0,0.0,0.0,0.0,0.0,0.0,0.2,0.1,-0.9,0.1,0.3,-0.3,1.2,-0.2,0.1
202004,-0.1,0.0,-0.4,3.0,3.3,-0.5,-0.5,-0.5,0.1,1.8,-7.7,-0.2,-0.3,0.2,-0.3,-0.4,-1.1,-3.9,0.5,-1.6,-0.6,-0.6,-2.7,0.0,0.0,-0.1,0.0,0.0,0.0,0.0,0.0,0.0,0.0,0.1,-0.3,-2.9,1.0,-0.3,0.9,-0.1,-0.8
202005,0.0,-0.2,-0.1,-0.1,-0.1,0.3,0.3,-0.2,0.1,-0.2,-4.2,0.3,-0.3,0.0,0.1,0.1,0.1,0.0,0.1,-0.1,0.0,0.8,0.0,0.0,0.1,0.0,0.0,0.1,0.0,0.1,0.1,0.0,0.1,0.0,-0.4,-0.5,0.3,0.3,0.0,-0.3,0.0
202006,-0.2,-0.2,0.0,-1.5,-1.6,-0.1,-0.1,0.1,0.0,-0.7,2.0,0.1,-0.4,0.0,-0.2,-0.3,-0.2,-1.7,-0.2,-0.1,0.0,-0.6,0.0,0.0,-0.2,0.0,0.0,0.0,0.0,0.0,0.0,0.0,-0.5,0.0,2.0,-0.2,-1.1,0.3,-0.3,-0.2,-0.2
202007,0.1,0.1,-0.1,1.7,1.8,0.0,0.0,-0.1,-0.3,-2.0,1.3,0.4,-0.8,-0.2,0.0,0.1,0.0,-1.5,-0.1,-0.2,0.0,0.5,0.0,-0.2,0.1,0.0,0.0,0.0,0.0,0.0,0.0,0.0,0.1,0.0,0.0,0.4,0.1,1.0,-1.1,0.2,-0.2
202008,0.1,0.4,-0.2,3.6,3.9,-0.1,-0.1,-0.1,-0.2,-1.4,2.2,-0.2,-0.7,0.2,-0.2,-0.2,0.2,0.0,-0.1,0.1,0.0,0.8,0.0,0.0,-0.3,0.1,0.0,0.0,0.0,0.0,0.0,0.0,-0.7,0.0,1.0,-0.1,-1.4,-0.5,-0.5,0.7,-0.1
202009,-0.2,-0.1,0.2,-2.1,-2.2,-0.5,-0.5,0.4,0.1,4.4,0.2,-0.1,-1.1,0.1,-0.3,-0.5,-0.3,-0.1,0.0,0.1,0.0,-1.9,0.0,0.1,-0.3,0.0,0.0,0.0,0.0,0.0,0.0,0.0,-0.8,0.0,-1.1,0.1,-1.6,-0.5,2.3,-0.5,-0.6
202010,-0.1,0.0,0.1,-0.7,-0.8,0.0,0.0,0.2,0.2,0.2,-1.0,0.5,-0.9,0.8,-0.1,-0.1,0.0,-2.0,0.0,0.2,0.0,0.2,0.0,-1.2,-0.1,0.1,0.0,0.0,0.0,0.0,0.0,0.0,-0.3,0.0,0.1,0.0,-0.6,0.6,0.2,-0.2,-0.1
202011,-0.3,-0.6,-0.2,-3.2,-3.4,-0.7,-0.7,0.0,-0.1,0.0,-0.8,0.2,-1.3,0.0,0.0,-0.1,0.0,-0.1,0.0,0.0,0.0,0.1,0.0,0.0,-0.1,0.0,0.0,0.0,0.0,0.0,0.0,0.0,-0.2,0.0,0.1,-0.1,-0.3,0.2,0.1,-0.9,-0.4
202012,-0.2,-0.6,-0.3,-1.9,-2.1,0.0,0.0,-0.3,-0.2,-1.3,1.0,-0.3,-1.0,-0.1,0.2,0.3,0.0,0.0,0.0,0.0,0.0,0.1,0.0,0.0,0.2,0.0,-0.1,0.0,-0.1,0.0,0.0,-0.1,0.6,0.0,0.0,0.0,1.2,-0.2,-0.9,-0.6,-0.3
202101,0.5,0.4,-0.2,3.9,4.3,-0.7,-0.7,-0.1,0.2,-3.0,1.5,-0.1,-0.5,0.2,0.7,1.0,0.8,0.0,0.0,2.0,0.0,-0.1,0.0,0.0,0.7,0.0,0.0,0.0,0.0,0.0,0.0,0.0,1.6,0.0,0.0,0.0,3.4,-0.6,-1.6,1.0,0.4
202102,-0.1,-0.1,0.1,-1.6,-1.8,0.1,0.1,0.2,0.0,0.4,1.9,0.0,0.1,0.0,0.0,-0.1,0.0,0.0,0.0,0.0,0.0,-0.2,0.0,0.0,0.0,0.0,0.1,0.1,0.1,0.1,0.1,0.1,-0.2,0.0,-0.2,0.0,-0.4,-0.3,0.5,-0.2,0.0
202103,0.1,0.2,0.5,-1.1,-1.2,-0.1,-0.1,0.4,0.0,2.1,4.1,-0.2,0.8,0.2,0.0,0.0,0.3,-0.1,0.0,0.2,0.0,0.9,0.0,0.0,-0.1,0.0,0.0,0.0,-0.1,0.0,0.0,-0.1,-0.2,0.0,0.2,0.0,-0.4,-0.5,0.9,0.2,0.4
202104,-0.8,0.3,0.3,-0.5,-0.5,-0.6,-0.6,0.2,-0.1,1.4,2.2,-0.1,1.6,0.3,-2.0,-2.9,-0.4,5.2,0.4,-0.7,-0.3,-0.6,0.0,0.0,-2.5,0.0,0.0,0.0,0.0,0.0,0.0,0.0,-6.2,0.1,0.1,1.2,-13.5,-0.4,0.8,0.3,0.2
202105,0.3,0.5,0.4,0.8,0.8,-0.1,-0.1,0.2,0.2,-0.2,0.2,0.3,2.5,0.0,0.1,0.2,0.2,0.5,0.2,0.0,0.0,0.7,0.0,0.0,0.1,0.0,-0.1,0.0,-0.1,0.0,0.0,0.0,0.3,0.0,-0.1,0.1,0.6,0.4,0.0,0.6,0.9
202106,0.1,0.3,0.1,2.0,2.2,0.1,0.1,0.0,0.0,-0.6,1.3,-0.1,0.8,-0.1,-0.1,-0.2,-0.1,0.0,-0.1,0.0,0.0,-0.4,0.0,-0.1,-0.1,0.1,0.0,0.0,0.0,0.0,0.0,0.0,-0.4,0.0,0.0,0.1,-0.9,0.0,-0.3,0.5,0.2
202107,0.2,0.1,0.3,-1.2,-1.3,-0.1,-0.1,0.3,0.0,-1.7,2.8,0.6,0.4,1.6,0.3,0.4,0.2,0.0,-0.2,0.1,0.0,1.1,0.0,-0.2,0.3,0.1,0.0,0.0,0.0,0.0,0.0,0.0,0.8,0.0,0.4,0.0,1.7,1.4,-1.0,0.1,0.3
202108,0.0,0.1,-0.1,1.1,1.2,-0.6,-0.6,-0.1,0.1,-1.4,0.2,0.0,0.0,0.1,0.0,-0.1,0.1,0.0,0.0,0.0,0.0,0.5,0.0,0.0,-0.1,0.0,0.0,0.0,0.0,0.0,0.0,0.0,-0.3,0.1,1.3,0.0,-0.8,-0.2,-0.7,0.3,0.1
202109,0.4,1.1,0.5,4.6,5.1,-0.5,-0.5,0.5,0.4,3.5,0.1,-0.2,1.3,0.1,-0.4,-0.6,-0.2,0.0,-0.1,0.0,0.0,-1.3,0.0,0.2,-0.4,0.0,0.0,0.0,0.0,0.0,0.0,0.0,-1.2,0.1,-1.8,0.0,-2.6,-0.2,1.7,1.2,0.2
202110,-0.2,0.2,0.6,-2.7,-2.9,-1.1,-1.1,0.6,0.4,0.3,2.7,0.3,1.3,0.1,-0.5,-0.7,-0.1,-0.1,0.0,0.0,-0.4,0.0,0.0,0.1,-0.6,0.1,0.0,-0.1,0.0,0.0,-0.1,0.0,-1.5,0.0,0.2,0.0,-3.5,0.2,0.3,0.1,0.5
202111,0.2,0.4,0.5,-0.6,-0.6,-1.2,-1.2,0.5,0.2,0.2,3.6,0.1,1.3,0.0,0.0,0.0,-0.1,0.0,-0.1,0.0,0.0,-0.6,0.0,0.0,0.0,0.3,0.0,0.0,0.0,0.0,0.0,0.0,-0.1,0.4,0.0,0.0,-0.4,0.2,0.1,0.5,0.3
202112,0.0,-0.2,-0.2,0.6,0.7,-0.8,-0.8,-0.5,-0.1,-1.3,-1.4,-0.5,1.2,0.0,0.1,0.1,0.1,0.0,0.0,0.0,0.0,0.5,0.0,0.0,0.1,0.0,0.0,0.0,0.0,0.0,0.0,0.0,0.2,0.0,0.1,0.0,0.5,-0.6,-0.8,0.0,0.4
202201,0.3,0.7,0.3,3.1,3.3,-0.1,-0.1,0.2,0.4,-1.7,1.1,0.1,1.4,0.2,-0.2,-0.3,-0.5,0.0,0.0,-1.0,0.0,-0.3,0.0,0.0,-0.1,0.2,0.0,0.1,0.0,0.0,0.1,0.0,-0.4,0.1,0.0,0.0,-1.0,-0.2,-0.6,1.1,0.1
202202,0.4,0.7,0.7,0.3,0.3,0.0,0.0,0.4,0.3,0.4,2.2,0.1,3.0,0.0,0.1,0.1,0.0,0.0,0.0,0.0,0.0,-0.1,0.0,0.0,0.1,0.0,0.0,0.0,0.0,0.0,0.0,0.0,0.2,0.3,-0.1,0.0,0.4,0.0,0.2,0.9,0.9
202203,0.4,0.7,0.8,-0.4,-0.4,-0.9,-0.9,0.7,0.5,1.2,2.3,0.3,2.2,0.3,0.1,0.2,0.2,0.0,0.0,0.0,0.0,0.8,0.0,0.0,0.1,0.2,0.0,0.1,0.0,0.0,0.1,0.0,0.2,0.1,0.3,0.1,0.4,0.7,0.8,0.7,0.8
202204,0.4,0.6,0.6,-0.3,-0.3,-0.3,-0.3,0.7,0.7,1.7,-0.3,0.7,0.9,0.3,0.2,0.4,-0.4,-0.5,0.5,0.0,-1.1,-0.5,0.0,0.0,0.4,0.9,0.0,0.0,0.0,0.0,0.0,0.0,0.9,0.7,-0.1,0.6,1.3,1.0,1.0,0.4,0.1
202205,0.3,0.4,0.3,1.0,1.1,-0.4,-0.4,0.2,0.2,0.2,-1.3,0.4,1.0,0.0,0.1,0.2,0.1,0.0,0.0,0.0,0.0,0.2,0.0,0.0,0.2,0.5,0.1,0.1,0.1,0.0,0.0,0.0,0.3,0.3,0.0,-0.1,0.4,0.5,0.4,0.3,0.4
202206,0.0,0.1,0.3,-0.9,-0.9,-0.8,-0.8,0.3,0.5,-0.6,0.7,0.2,0.4,-0.2,-0.1,-0.1,-0.1,0.0,-0.1,0.1,0.0,-0.6,0.0,0.0,-0.1,0.6,0.0,0.0,0.0,0.0,0.0,0.0,-0.5,0.3,0.0,0.0,-1.3,0.3,-0.1,0.1,0.1
202207,0.5,0.6,0.7,-0.3,-0.4,0.4,0.4,0.7,0.6,-1.6,0.0,1.5,1.5,0.0,0.3,0.5,0.2,0.0,-0.1,-0.1,0.0,1.2,0.0,-0.2,0.4,0.7,0.0,0.0,0.0,0.0,0.0,0.0,0.7,0.3,0.4,0.0,1.5,2.7,-0.7,0.5,0.6
202208,0.4,0.3,0.3,1.5,1.6,-0.1,-0.1,0.0,0.3,-1.2,-0.8,0.2,1.0,0.1,0.4,0.5,0.2,0.0,0.0,0.0,0.0,1.2,0.0,0.0,0.4,0.3,0.0,0.0,0.0,0.0,0.0,0.0,1.0,0.1,1.2,0.0,2.1,0.3,-0.5,0.5,0.5
202209,0.4,1.0,1.0,1.3,1.4,0.7,0.7,1.1,0.9,4.2,0.1,0.7,0.8,0.1,-0.3,-0.5,-0.5,-0.9,0.0,-0.2,0.0,-1.9,0.0,0.1,-0.3,0.3,0.0,0.0,0.0,0.0,0.0,0.0,-0.9,0.4,-1.6,0.0,-2.2,0.5,2.5,0.9,0.0
202210,0.6,1.0,1.0,1.3,1.3,1.7,1.7,0.9,1.6,0.7,-0.7,0.6,1.3,0.2,0.1,0.2,0.8,-0.4,0.0,1.4,0.9,0.2,0.0,0.1,-0.1,1.5,0.0,0.0,0.0,0.0,0.0,0.0,-0.7,0.5,0.2,0.0,-2.2,0.7,0.7,1.1,1.0
202211,0.2,0.6,0.8,-0.9,-1.0,0.5,0.5,0.8,1.3,0.8,-0.3,0.5,1.2,0.0,-0.1,-0.2,0.1,-0.8,0.0,0.4,0.0,-0.2,0.0,0.0,-0.2,0.5,0.0,0.0,0.0,0.0,0.0,0.0,-0.8,0.3,0.0,0.0,-2.1,0.6,0.6,0.6,0.5
202212,0.2,0.2,0.3,-0.2,-0.3,0.6,0.6,-0.1,0.3,-1.2,0.1,-0.3,2.6,0.0,0.2,0.2,0.0,-1.8,-0.1,0.0,0.0,0.4,0.0,0.0,0.2,0.6,0.0,0.0,0.0,0.0,0.0,0.0,0.3,0.3,0.1,0.0,0.5,-0.4,-0.7,0.5,0.9
202301,0.5,0.8,0.2,4.7,5.1,-0.2,-0.2,0.0,0.2,-1.4,0.1,0.2,1.1,0.2,0.2,0.3,-0.2,-0.8,0.0,-0.2,0.0,-0.4,0.0,0.1,0.3,0.3,0.0,0.0,0.0,0.0,0.0,0.0,0.7,0.2,-0.1,0.0,1.6,-0.4,-0.4,1.2,0.3
202302,-0.6,-1.4,-1.4,0.0,0.0,0.1,0.1,0.5,0.7,0.5,-0.4,0.4,-13.9,0.0,0.2,0.3,0.0,-0.8,0.0,0.1,0.0,-0.2,0.0,0.0,0.2,0.6,0.0,0.0,0.0,0.0,0.0,0.0,0.4,0.2,0.0,0.3,0.7,-0.1,0.5,-1.9,-4.9
202303,0.4,0.4,0.6,-0.2,-0.3,0.4,0.4,0.7,0.7,1.5,0.1,0.7,-0.8,0.4,0.3,0.5,0.3,-0.7,0.0,0.1,0.0,1.2,0.0,0.0,0.4,0.6,0.0,0.0,0.0,0.0,0.0,0.0,0.8,0.3,0.3,0.2,1.5,0.5,1.0,0.3,-0.1
202304,0.6,0.8,0.9,0.0,0.0,-0.1,-0.1,1.2,1.5,2.0,0.5,0.8,-0.4,0.1,0.4,0.6,-0.3,1.1,0.5,-0.9,-0.7,1.0,0.0,0.0,0.6,0.5,0.0,0.0,0.0,0.0,0.0,0.0,1.5,0.5,0.2,1.1,2.5,1.0,1.2,0.7,-0.3
202305,0.1,0.0,-0.2,0.9,0.9,0.2,0.2,0.4,0.5,0.2,-0.3,0.6,-5.2,1.6,0.2,0.3,0.2,-0.5,0.1,0.3,0.0,0.3,0.0,0.0,0.2,0.3,0.0,0.0,0.0,0.0,0.0,0.0,0.4,0.4,0.1,0.0,0.6,0.5,0.5,-0.2,-1.5
202306,0.1,0.3,0.6,-1.7,-1.9,0.1,0.1,0.4,0.7,-0.1,0.7,0.0,2.9,0.7,-0.2,-0.3,-0.1,-1.1,0.0,0.0,0.0,-0.5,0.0,0.0,-0.2,0.2,0.0,0.0,0.0,0.0,0.0,0.1,-0.7,0.1,0.0,0.0,-1.7,-0.3,0.3,0.4,0.8
202307,0.5,0.2,0.1,1.0,1.1,0.0,0.0,0.5,0.8,-1.2,1.8,0.3,-2.7,1.0,0.7,1.0,0.2,-0.6,-0.1,-0.1,0.0,1.3,0.0,-0.2,0.8,0.2,0.0,0.0,0.0,0.0,0.0,0.0,2.1,0.2,0.3,0.0,4.8,0.2,-0.8,0.4,-0.7
202308,0.3,0.1,0.1,0.3,0.4,0.2,0.2,0.5,0.5,-0.7,3.5,0.0,-3.1,0.5,0.4,0.6,0.2,0.0,0.0,0.1,0.0,0.9,0.0,0.0,0.5,0.1,0.0,0.0,0.0,0.0,0.0,0.0,1.2,0.2,1.1,0.0,2.6,-0.4,0.0,0.2,-0.8
202309,0.3,0.8,0.4,3.8,4.0,1.3,1.3,0.7,0.5,3.0,1.1,0.2,-2.6,0.2,-0.4,-0.5,-0.3,-2.8,0.0,0.1,-0.1,-1.4,0.0,0.2,-0.4,0.1,0.0,0.0,0.0,0.0,0.0,0.0,-1.0,0.2,-1.4,0.0,-2.3,0.1,1.7,0.8,-1.0
202310,0.9,1.4,1.1,3.1,3.2,2.0,2.0,0.2,0.4,0.4,-3.4,0.7,8.6,0.6,0.2,0.3,-0.3,-2.0,0.0,-0.1,0.0,0.6,0.0,-4.8,0.4,0.3,0.0,0.0,0.0,0.0,0.0,0.0,0.9,0.3,0.2,0.0,1.7,1.2,0.3,1.6,2.3
202311,-0.2,-0.5,0.0,-3.1,-3.5,1.3,1.3,0.1,0.3,0.5,-1.0,0.0,-0.5,0.2,0.1,0.1,0.0,0.0,0.0,0.0,0.0,0.0,0.0,0.0,0.1,0.7,0.0,0.0,0.0,0.0,0.0,0.0,-0.1,0.1,0.0,0.0,-0.2,-0.1,0.2,-0.6,-0.2
202312,-0.1,-0.3,-0.1,-0.8,-0.9,0.7,0.7,-0.2,-0.2,-0.9,1.0,-0.1,-0.4,0.4,0.1,0.1,0.0,-0.1,0.0,0.0,0.0,0.1,0.0,0.0,0.1,0.1,0.0,0.0,0.0,0.0,0.0,0.0,0.3,0.2,0.2,0.0,0.5,-0.1,-0.3,-0.3,-0.1
202401,0.1,0.1,-0.1,1.4,1.6,-0.1,-0.1,-0.1,0.0,-1.4,0.4,-0.1,0.0,-0.1,0.1,0.2,0.1,-1.3,0.0,1.8,0.0,-2.8,0.0,0.0,0.1,0.1,0.1,0.1,0.0,0.1,0.0,0.1,0.2,0.1,-0.1,0.0,0.4,-0.5,-0.7,0.4,0.1
202402,0.0,-0.2,0.0,-1.6,-1.8,0.7,0.7,0.0,0.1,0.2,-0.7,0.0,0.4,0.1,0.2,0.2,0.0,-0.5,0.0,0.0,0.0,0.0,-0.3,0.0,0.2,0.1,0.0,0.0,0.0,0.0,0.0,0.0,0.5,0.2,-0.1,0.2,0.8,-0.1,0.3,-0.3,0.1
202403,0.3,0.4,0.3,1.0,1.0,0.8,0.8,0.1,0.2,0.9,-0.1,0.0,1.0,0.2,0.2,0.3,0.2,-0.6,0.0,0.1,0.0,0.8,0.0,0.0,0.2,0.2,0.0,0.0,0.0,0.0,0.0,0.0,0.5,0.1,0.4,0.1,1.1,-0.4,0.5,0.5,0.4
202404,0.4,0.7,0.5,1.6,1.7,0.5,0.5,0.6,0.2,1.5,0.6,0.7,0.4,0.6,0.1,0.1,-0.5,-4.8,0.7,0.0,-0.9,-0.5,-4.1,0.0,0.3,0.3,0.1,0.0,0.1,0.0,0.0,0.1,0.6,0.9,0.2,-1.0,1.0,1.1,1.0,0.6,-0.2
202405,0.4,0.7,0.6,0.9,0.8,1.7,1.7,0.1,0.1,0.2,-0.3,0.3,4.7,0.1,0.0,0.0,0.1,0.4,0.2,0.2,0.0,0.2,0.0,0.0,0.0,0.2,0.0,0.0,0.0,0.0,0.0,0.1,-0.1,0.1,-0.1,-0.1,-0.3,0.3,0.1,0.9,1.5
202406,0.1,0.2,0.6,-2.0,-2.4,2.6,2.6,0.2,0.1,-0.1,0.4,0.3,3.9,0.3,0.0,-0.1,0.2,0.0,-0.1,0.0,1.0,-0.3,0.0,0.0,-0.1,0.2,0.0,0.0,0.0,0.1,0.1,0.1,-0.4,0.1,0.2,0.0,-1.0,0.7,0.0,0.2,1.4
202407,0.4,0.4,0.6,-0.2,-0.6,4.4,4.4,0.1,0.1,-1.0,0.9,0.2,3.5,0.1,0.3,0.4,0.1,0.1,-0.1,0.0,0.0,0.7,0.0,-0.2,0.4,0.3,0.0,0.0,0.0,0.0,0.0,0.0,0.8,0.5,0.6,0.0,1.4,0.2,-0.4,0.6,1.2
202408,0.5,0.5,0.3,3.5,2.9,9.7,9.7,0.1,0.3,-0.8,-0.6,0.3,-0.5,0.1,0.5,0.7,0.2,-0.6,0.0,0.0,0.0,0.9,0.0,0.0,0.6,0.4,0.0,0.0,0.0,0.0,0.0,0.1,1.4,0.3,1.1,0.0,2.9,0.2,-0.3,0.7,0.0
202409,-0.3,-0.1,-0.5,3.4,2.4,14.3,14.3,0.5,0.2,3.1,0.1,0.3,-9.2,0.2,-0.4,-0.7,-0.2,-0.7,0.0,0.2,0.0,-1.1,0.0,0.1,-0.5,0.2,0.1,0.0,0.1,0.0,0.0,0.1,-1.5,0.0,-1.4,0.0,-3.1,0.1,2.0,-0.5,-3.2
202410,0.6,0.8,0.7,2.2,1.2,12.0,12.0,0.5,0.9,0.5,0.1,0.2,0.7,0.0,0.4,0.6,0.7,-0.7,0.0,1.1,0.5,0.8,0.0,0.4,0.3,0.4,0.0,0.0,0.0,0.0,0.0,0.0,0.7,0.2,0.1,0.0,1.3,0.4,0.2,1.0,0.7
202411,0.4,0.8,0.7,0.9,0.5,4.2,4.2,0.3,0.7,0.5,0.0,0.0,3.9,0.0,0.0,0.0,0.0,0.0,0.0,0.0,0.0,-0.1,0.0,0.0,0.1,0.2,0.0,0.0,0.1,0.0,0.0,0.1,0.0,0.2,-0.3,0.0,-0.1,-0.3,0.3,1.0,1.2
202412,0.6,0.9,0.5,3.6,3.9,1.3,1.3,-0.3,0.0,-0.6,0.4,-0.6,5.5,0.2,0.2,0.3,0.0,0.0,0.0,0.0,0.0,0.0,0.0,0.0,0.2,0.5,0.0,0.0,0.0,0.0,0.0,0.0,0.4,0.1,0.2,0.0,0.9,-0.9,-0.4,1.5,1.8
202501,0.5,1.0,0.4,4.7,4.8,3.8,3.8,0.4,0.5,-1.7,3.2,0.2,-0.5,1.9,-0.1,-0.1,0.5,-0.2,0.0,1.5,0.0,-0.4,0.0,0.0,-0.3,0.4,0.0,0.0,0.0,0.0,0.0,0.0,-0.9,0.3,0.0,0.0,-2.2,0.0,-0.8,1.5,0.2
202502,-0.4,-0.8,-0.4,-2.0,-3.1,6.5,6.5,0.2,0.2,0.2,1.1,0.0,-5.8,-0.1,0.1,0.2,0.0,0.0,0.0,0.1,0.0,-0.4,0.0,0.0,0.1,0.2,0.0,0.0,0.0,0.0,0.0,0.0,0.3,0.1,0.0,0.1,0.5,0.0,0.2,-1.1,-2.0
202503,0.2,0.2,0.5,-0.5,-1.5,6.9,6.9,0.4,0.5,0.8,-0.1,0.2,0.3,0.0,0.3,0.4,0.3,0.0,0.0,0.0,0.0,1.3,0.0,0.0,0.3,0.5,0.1,0.0,0.1,0.0,0.0,0.1,0.5,0.1,0.5,0.0,0.9,0.2,0.5,0.2,0.3
202504,0.5,0.9,1.4,-2.3,-3.1,3.6,3.6,1.1,1.3,1.3,1.3,1.0,3.7,0.5,0.1,0.0,-1.3,-16.1,1.1,0.1,-1.0,-0.3,-39.9,0.1,0.5,0.7,0.2,0.0,0.2,0.1,0.0,0.2,0.8,0.6,0.1,0.0,1.3,1.1,0.6,0.9,0.3
202505,0.3,0.5,0.7,-0.3,-0.8,3.4,3.4,0.2,0.6,0.0,-1.6,0.2,3.9,0.0,0.1,0.1,0.2,0.1,0.0,0.2,0.0,0.5,0.0,0.0,0.1,0.5,0.0,0.0,0.1,0.0,0.0,0.1,0.0,0.2,-0.1,-0.1,0.0,0.0,0.2,0.7,1.4
202506,0.0,-0.3,-0.2,-0.6,-1.0,1.6,1.6,-0.1,0.5,-0.1,-4.7,0.1,-1.1,0.5,0.2,0.3,-0.2,0.0,-0.2,0.0,0.0,-0.8,0.0,0.0,0.3,0.3,0.0,0.0,0.0,0.0,0.0,0.0,0.7,0.1,0.0,-0.1,1.4,0.2,0.2,-0.5,-0.5
202507,0.2,0.1,0.1,0.1,0.2,-0.6,-0.6,0.3,0.5,-0.8,1.1,0.1,-1.1,0.0,0.2,0.3,0.3,0.0,-0.1,0.0,0.0,1.2,0.0,-0.1,0.2,0.2,0.0,0.0,0.1,0.0,0.0,0.1,0.5,0.2,0.7,0.0,0.9,-0.2,-0.3,0.2,-0.2
202508,0.2,-0.1,-0.6,3.1,4.0,-2.1,-2.1,0.1,0.4,-0.8,0.7,0.0,-5.6,0.1,0.5,0.7,0.3,-1.2,-0.1,0.1,0.0,1.4,0.0,0.0,0.5,0.3,0.0,0.0,0.1,0.0,0.0,0.1,1.1,0.5,1.3,0.0,2.0,-0.2,-0.3,0.0,-1.7
202509,-0.2,0.0,0.0,0.0,-0.1,0.3,0.3,0.3,0.3,2.6,-0.1,-0.2,-1.8,0.1,-0.4,-0.6,-0.7,-0.5,0.0,0.0,-1.2,-1.6,0.0,0.0,-0.4,-0.1,0.0,0.0,0.0,0.0,0.0,0.0,-0.9,0.1,-1.7,0.0,-1.8,-0.5,1.0,-0.1,-1.0
202510,0.6,0.7,0.7,0.9,0.1,5.4,5.4,0.6,0.6,0.4,-0.3,0.7,1.3,0.0,0.6,0.8,0.6,-0.1,0.0,1.1,0.1,0.6,0.0,0.1,0.6,0.6,0.1,0.1,0.1,0.1,0.1,0.1,1.1,0.3,0.1,0.0,2.1,1.2,0.5,0.6,0.9
202511,0.3,0.6,0.7,0.4,0.2,1.9,1.9,0.1,0.5,0.0,-0.6,-0.2,5.1,0.0,0.0,0.0,0.0,0.0,0.0,0.0,0.0,-0.2,0.0,0.0,0.0,0.0,0.1,0.1,0.1,0.1,0.0,0.1,0.0,0.2,-0.4,0.0,-0.1,-0.4,-0.2,1.0,1.6
202512,-0.2,-0.3,-0.5,0.8,1.1,-0.6,-0.6,-0.6,-0.3,-0.8,-4.0,-0.3,-0.1,0.2,0.0,-0.1,0.0,0.0,0.0,0.0,0.0,-0.3,0.0,0.0,0.0,0.4,0.1,0.0,0.1,0.1,0.0,0.1,-0.2,0.1,0.2,0.0,-0.5,-0.6,-0.2,-0.3,-0.1
202601,0.0,0.1,-0.2,1.5,1.9,-1.2,-1.2,-0.2,0.3,-1.6,-3.2,0.1,-0.2,0.1,-0.1,-0.2,0.3,-0.2,0.0,1.0,0.0,-0.4,0.0,0.0,-0.3,0.2,0.1,0.0,0.1,0.0,-0.1,0.1,-0.7,0.3,-0.1,0.0,-1.8,-0.3,-0.4,0.2,0.2
202602,-0.6,-1.3,-1.2,-2.0,-1.9,-2.5,-2.5,0.2,0.3,-0.1,0.2,0.2,-10.7,0.1,0.1,0.2,-0.1,-0.3,0.0,-0.1,0.0,-0.3,0.0,0.0,0.2,0.1,0.1,0.0,0.1,0.0,0.0,0.0,0.4,0.1,-0.2,0.2,0.8,0.4,0.1,-1.9,-3.6
202603,0.4,0.6,0.8,-1.5,-1.4,-2.4,-2.4,1.1,0.3,1.1,8.8,0.5,0.3,0.3,0.3,0.4,0.3,0.0,-0.1,0.1,0.0,1.0,0.0,0.0,0.3,0.7,0.1,0.0,0.1,0.1,0.0,0.1,0.5,0.1,0.5,0.1,0.8,0.8,0.6,0.5,0.3
202604,0.4,1.0,1.1,-0.4,-0.2,-2.2,-2.2,0.4,0.5,1.0,-1.2,0.3,8.4,0.3,-0.3,-0.4,-1.3,-71.0,1.0,0.2,-2.1,1.1,0.5,0.1,-0.1,0.4,0.0,-0.1,0.1,0.0,-0.1,0.1,-0.2,0.6,0.2,-4.3,0.8,0.4,0.7,1.2,1.8
202605,0.5,0.7,0.7,0.4,0.9,-2.3,-2.3,0.4,0.3,0.1,1.1,0.4,3.6,0.1,0.2,0.2,0.2,0.0,0.1,0.3,0.0,0.4,0.0,0.0,0.2,0.5,0.1,0.0,0.1,0.1,0.0,0.1,0.2,0.6,0.0,-0.1,0.1,0.3,0.3,0.9,1.3
202606,0.1,0.1,0.2,-0.7,-0.5,-2.1,-2.1,0.3,0.1,-0.2,0.4,0.5,0.0,0.3,0.1,0.1,0.4,0.4,-0.1,0.0,2.2,-0.9,0.0,0.0,0.0,0.6,0.1,0.0,0.1,0.0,0.0,0.1,-0.2,0.6,0.1,0.0,-0.8,0.4,0.6,0.0,0.2
202607,0.5,0.6,0.5,1.1,1.9,-4.1,-4.1,0.6,0.6,-1.2,0.8,1.0,0.1,-0.1,0.3,0.4,0.3,-0.4,-0.1,0.2,0.0,1.2,0.0,-0.8,0.3,0.4,0.1,0.0,0.1,0.0,0.0,0.1,0.6,0.6,0.4,0.0,0.9,0.4,-0.2,0.8,0.2
202608,0.1,-0.2,-0.6,2.1,3.3,-6.8,-6.8,0.4,0.1,-0.6,0.2,0.9,-6.9,0.1,0.4,0.6,0.6,0.0,-0.1,0.0,1.3,1.4,0.0,0.0,0.4,0.6,0.1,0.1,0.1,0.1,0.1,0.1,0.7,0.6,1.5,0.0,0.9,0.8,-0.2,-0.3,-1.9
