"[C]by City","by City","[I]by Expenditure Category","by Expenditure Category","[Item]Item","Item","UNIT","1965.01 Month","1965.02 Month","1965.03 Month","1965.04 Month","1965.05 Month","1965.06 Month","1965.07 Month","1965.08 Month","1965.09 Month","1965.10 Month","1965.11 Month","1965.12 Month","1966.01 Month","1966.02 Month","1966.03 Month","1966.04 Month","1966.05 Month","1966.06 Month","1966.07 Month","1966.08 Month","1966.09 Month","1966.10 Month","1966.11 Month","1966.12 Month","1967.01 Month","1967.02 Month","1967.03 Month","1967.04 Month","1967.05 Month","1967.06 Month","1967.07 Month","1967.08 Month","1967.09 Month","1967.10 Month","1967.11 Month","1967.12 Month","1968.01 Month","1968.02 Month","1968.03 Month","1968.04 Month","1968.05 Month","1968.06 Month","1968.07 Month","1968.08 Month","1968.09 Month","1968.10 Month","1968.11 Month","1968.12 Month","1969.01 Month","1969.02 Month","1969.03 Month","1969.04 Month","1969.05 Month","1969.06 Month","1969.07 Month","1969.08 Month","1969.09 Month","1969.10 Month","1969.11 Month","1969.12 Month","1970.01 Month","1970.02 Month","1970.03 Month","1970.04 Month","1970.05 Month","1970.06 Month","1970.07 Month","1970.08 Month","1970.09 Month","1970.10 Month","1970.11 Month","1970.12 Month","1971.01 Month","1971.02 Month","1971.03 Month","1971.04 Month","1971.05 Month","1971.06 Month","1971.07 Month","1971.08 Month","1971.09 Month","1971.10 Month","1971.11 Month","1971.12 Month","1972.01 Month","1972.02 Month","1972.03 Month","1972.04 Month","1972.05 Month","1972.06 Month","1972.07 Month","1972.08 Month","1972.09 Month","1972.10 Month","1972.11 Month","1972.12 Month","1973.01 Month","1973.02 Month","1973.03 Month","1973.04 Month","1973.05 Month","1973.06 Month","1973.07 Month","1973.08 Month","1973.09 Month","1973.10 Month","1973.11 Month","1973.12 Month","1974.01 Month","1974.02 Month","1974.03 Month","1974.04 Month","1974.05 Month","1974.06 Month","1974.07 Month","1974.08 Month","1974.09 Month","1974.10 Month","1974.11 Month","1974.12 Month","1975.01 Month","1975.02 Month","1975.03 Month","1975.04 Month","1975.05 Month","1975.06 Month","1975.07 Month","1975.08 Month","1975.09 Month","1975.10 Month","1975.11 Month","1975.12 Month","1976.01 Month","1976.02 Month","1976.03 Month","1976.04 Month","1976.05 Month","1976.06 Month","1976.07 Month","1976.08 Month","1976.09 Month","1976.10 Month","1976.11 Month","1976.12 Month","1977.01 Month","1977.02 Month","1977.03 Month","1977.04 Month","1977.05 Month","1977.06 Month","1977.07 Month","1977.08 Month","1977.09 Month","1977.10 Month","1977.11 Month","1977.12 Month","1978.01 Month","1978.02 Month","1978.03 Month","1978.04 Month","1978.05 Month","1978.06 Month","1978.07 Month","1978.08 Month","1978.09 Month","1978.10 Month","1978.11 Month","1978.12 Month","1979.01 Month","1979.02 Month","1979.03 Month","1979.04 Month","1979.05 Month","1979.06 Month","1979.07 Month","1979.08 Month","1979.09 Month","1979.10 Month","1979.11 Month","1979.12 Month","1980.01 Month","1980.02 Month","1980.03 Month","1980.04 Month","1980.05 Month","1980.06 Month","1980.07 Month","1980.08 Month","1980.09 Month","1980.10 Month","1980.11 Month","1980.12 Month","1981.01 Month","1981.02 Month","1981.03 Month","1981.04 Month","1981.05 Month","1981.06 Month","1981.07 Month","1981.08 Month","1981.09 Month","1981.10 Month","1981.11 Month","1981.12 Month","1982.01 Month","1982.02 Month","1982.03 Month","1982.04 Month","1982.05 Month","1982.06 Month","1982.07 Month","1982.08 Month","1982.09 Month","1982.10 Month","1982.11 Month","1982.12 Month","1983.01 Month","1983.02 Month","1983.03 Month","1983.04 Month","1983.05 Month","1983.06 Month","1983.07 Month","1983.08 Month","1983.09 Month","1983.10 Month","1983.11 Month","1983.12 Month","1984.01 Month","1984.02 Month","1984.03 Month","1984.04 Month","1984.05 Month","1984.06 Month","1984.07 Month","1984.08 Month","1984.09 Month","1984.10 Month","1984.11 Month","1984.12 Month","1985.01 Month","1985.02 Month","1985.03 Month","1985.04 Month","1985.05 Month","1985.06 Month","1985.07 Month","1985.08 Month","1985.09 Month","1985.10 Month","1985.11 Month","1985.12 Month","1986.01 Month","1986.02 Month","1986.03 Month","1986.04 Month","1986.05 Month","1986.06 Month","1986.07 Month","1986.08 Month","1986.09 Month","1986.10 Month","1986.11 Month","1986.12 Month","1987.01 Month","1987.02 Month","1987.03 Month","1987.04 Month","1987.05 Month","1987.06 Month","1987.07 Month","1987.08 Month","1987.09 Month","1987.10 Month","1987.11 Month","1987.12 Month","1988.01 Month","1988.02 Month","1988.03 Month","1988.04 Month","1988.05 Month","1988.06 Month","1988.07 Month","1988.08 Month","1988.09 Month","1988.10 Month","1988.11 Month","1988.12 Month","1989.01 Month","1989.02 Month","1989.03 Month","1989.04 Month","1989.05 Month","1989.06 Month","1989.07 Month","1989.08 Month","1989.09 Month","1989.10 Month","1989.11 Month","1989.12 Month","1990.01 Month","1990.02 Month","1990.03 Month","1990.04 Month","1990.05 Month","1990.06 Month","1990.07 Month","1990.08 Month","1990.09 Month","1990.10 Month","1990.11 Month","1990.12 Month",
"T10","whole country","0","0 Total item","T[14101.ausgabe]","CPI[2020=100]","2020=100","2.493","2.548","2.553","2.593","2.645","2.621","2.654","2.682","2.668","2.652","2.607","2.615","2.678","2.754","2.798","2.827","2.906","2.91","2.897","2.957","3.012","3.09","3.012","3.014","3.031","3.074","3.117","3.201","3.232","3.196","3.201","3.24","3.292","3.344","3.365","3.362","3.428","3.481","3.516","3.514","3.521","3.535","3.533","3.555","3.573","3.67","3.757","3.733","3.83","3.853","3.883","3.903","3.928","3.942","3.942","3.962","4.09","4.2","4.247","4.341","4.4","4.488","4.586","4.684","4.637","4.539","4.571","4.604","4.716","4.809","4.8","4.967","5.098","5.199","5.297","5.274","5.18","5.172","5.264","5.311","5.4","5.357","5.366","5.418","5.501","5.677","5.836","5.874","5.898","5.93","5.993","6.087","6.092","6.022","5.911","5.915","5.934","5.952","5.961","5.993","6.028","6.013","6.046","6.106","6.157","6.166","6.241","6.417","6.692","7.045","7.31","7.446","7.483","7.427","7.589","7.827","7.957","7.883","7.989","8.114","8.394","8.546","8.707","8.982","9.304","9.427","9.598","9.807","10.148","10.29","10.214","10.262","10.328","10.441","10.622","10.735","10.801","10.905","11.115","11.228","11.313","11.19","11.18","11.247","11.331","11.598","11.758","11.768","11.89","12.005","12.157","12.318","12.355","12.318","12.365","12.479","12.839","13.104","13.274","13.255","13.388","13.757","13.956","13.985","14.268","14.392","14.468","14.524","14.648","15.16","15.435","15.813","16.307","16.458","16.533","16.59","16.818","16.931","17.187","17.604","18.368","19.163","19.876","20.022","20.652","20.904","21.073","21.428","21.827","22.435","22.561","23.273","23.651","23.84","24.301","24.51","25.056","25.747","25.999","26.272","26.607","26.544","26.314","26.461","26.587","26.712","26.963","27.006","27.216","27.383","27.446","27.53","27.655","27.592","27.425","27.739","27.95","28.138","28.242","28.16","28.242","28.221","28.221","28.242","28.284","28.263","28.201","28.284","28.452","28.704","28.809","28.893","28.85","28.704","28.704","28.85","29.186","29.04","28.976","28.976","29.052","29.259","29.289","29.319","29.526","29.555","29.555","29.614","29.939","30.028","29.674","29.85","30.117","30.293","30.353","30.323","30.501","30.442","30.471","30.442","30.619","30.323","30.265","30.265","30.382","30.442","30.677","30.855","31.327","31.299","31.209","31.653","31.86","31.89","31.831","32.096","32.273","32.805","33.279","33.221","33.396","33.604","33.663","33.84","33.929","33.84","34.107","34.402","34.46","34.579","34.816","34.963","35.407","35.466","35.436","35.703","36.028","36.116","36.175","36.146","36.982","37.213","37.598","38.022","38.445","38.636","38.752","38.907","39.138","39.253","39.292","39.521",
"T10","whole country","A","01 Food and non-alcoholic beverages","T[14101.ausgabe]","CPI[2020=100]","2020=100","","","","","","","","","","","","","","","","","","","","","","","","","","","","","","","","","","","","","","","","","","","","","","","","","","","","","","","","","","","","","","","","","","","","","","","","","","","","","","","","","","","","","","","","","","","","","","","","","","","","","","","","","","","","","","","","","","","","","","","","","","","","","","","","","","","","","","","","","","","","","","","","","","","","","","","","","","","","","","","","","","","","","","","","","","","","","","","","","","","","","","","","","","","","","","","","","","","","","","","","","","","","","","","","","","","","","","","","","","","","","","","","","","","","","","","","","","","","","","","","","20.259","20.654","20.487","20.467","20.737","20.778","20.695","20.82","21.34","21.421","20.611","20.82","21.317","21.671","21.588","21.484","21.649","21.215","21.215","21.151","21.421","20.737","20.591","20.487","20.654","20.695","20.861","21.11","21.92","21.816","21.609","22.522","22.854","22.771","22.584","22.999","23.291","23.851","24.12","23.851","23.954","24.162","24.224","24.452","24.557","24.162","24.494","24.971","25.178","25.262","25.302","25.324","25.781","25.635","25.242","25.697","26.237","26.196","26.113","25.967","26.58","26.805","26.891","27.622","28.299","28.468","28.553","28.807","29.314","29.259","28.835","28.835",
"T10","whole country","A01","01.1 Food","T[14101.ausgabe]","CPI[2020=100]","2020=100","","","","","","","","","","","","","","","","","","","","","","","","","","","","","","","","","","","","","","","","","","","","","","","","","","","","","","","","","","","","","","","","","","","","","","","","","","","","","","","","","","","","","","","","","","","","","","","","","","","","","","","","","","","","","","","","","","","","","","","","","","","","","","","","","","","","","","","","","","","","","","","","","","","","","","","","","","","","","","","","","","","","","","","","","","","","","","","","","","","","","","","","","","","","","","","","","","","","","","","","","","","","","","","","","","","","","","","","","","","","","","","","","","","","","","","","","","","","","","","","","19.805","20.19","20.028","20.008","20.272","20.312","20.231","20.353","20.88","20.941","20.149","20.353","20.84","21.184","21.083","20.982","21.144","20.698","20.698","20.637","20.9","20.211","20.049","19.947","20.11","20.149","20.332","20.596","21.428","21.306","21.103","22.037","22.382","22.3","22.118","22.524","22.829","23.396","23.681","23.396","23.498","23.721","23.783","24.006","24.107","23.721","24.045","24.533","24.756","24.837","24.877","24.898","25.365","25.222","24.817","25.284","25.832","25.79","25.71","25.568","26.147","26.369","26.452","27.231","27.898","28.064","28.175","28.397","28.953","28.897","28.452","28.425",
"T10","whole country","A011","Bread and cereals","T[14101.ausgabe]","CPI[2020=100]","2020=100","","","","","","","","","","","","","","","","","","","","","","","","","","","","","","","","","","","","","","","","","","","","","","","","","","","","","","","","","","","","","","","","","","","","","","","","","","","","","","","","","","","","","","","","","","","","","","","","","","","","","","","","","","","","","","","","","","","","","","","","","","","","","","","","","","","","","","","","","","","","","","","","","","","","","","","","","","","","","","","","","","","","","","","","","","","","","","","","","","","","","","","","","","","","","","","","","","","","","","","","","","","","","","","","","","","","","","","","","","","","","","","","","","","","","","","","","","","","","","","","","25.603","26.203","26.64","27.076","27.648","28.03","28.193","28.412","27.947","27.293","26.803","27.321","28.112","28.684","28.575","28.602","28.63","28.712","28.821","29.039","29.366","28.412","28.494","28.329","28.302","28.52","28.792","29.147","29.911","29.666","29.829","30.457","30.32","30.265","30.457","30.292","30.129","30.32","30.92","31.137","31.52","31.683","32.065","32.638","32.638","32.556","32.473","32.392","32.392","32.447","32.611","32.693","32.719","32.774","32.938","33.02","32.828","32.965","33.892","34.028","34.414","34.667","34.958","35.573","36.696","37.276","37.348","37.058","36.769","36.589","36.515","36.878",
"T10","whole country","A01101","White rice","T[14101.ausgabe]","CPI[2020=100]","2020=100","","","","","","","","","","","","","","","","","","","","","","","","","","","","","","","","","","","","","","","","","","","","","","","","","","","","","","","","","","","","","","","","","","","","","","","","","","","","","","","","","","","","","","","","","","","","","","","","","","","","","","","","","","","","","","","","","","","","","","","","","10.049","10.049","9.943","10.259","10.417","10.417","11.153","11.416","11.521","11.995","11.942","12.048","11.995","12.154","12.206","12.1","12.417","13.258","14.047","14.678","14.784","14.099","13.942","13.679","13.469","13.626","13.837","13.731","13.837","13.942","14.469","14.521","14.363","14.153","13.679","13.731","14.363","14.784","14.678","14.469","14.784","14.889","14.889","14.889","14.889","14.889","14.889","14.889","14.889","16.731","16.835","16.94","16.94","17.046","17.151","17.309","17.362","17.572","18.466","19.097","18.887","19.992","20.255","20.149","20.149","20.308","20.57","20.992","22.36","25.359","25.254","26.885","26.937","26.411","26.253","26.358","26.673","28.778","29.83","30.514","30.303","28.884","27.042","26.358","26.095","26.411","26.411","27.359","29.882","30.987","31.251","31.356","30.094","28.41","27.516","27.2","27.621","28.778","29.146","29.042","28.989","29.094","29.094","28.884","28.568","28.042","26.885","26.568","26.885","28.147","28.41","28.778","28.989","28.989","29.094","29.199","29.568","28.568","28.147","28.042","27.463","28.358","28.989","29.672","30.567","31.199","31.462","31.935","31.251","30.146","29.305","30.094","31.409","32.461","32.461","32.461","32.514","32.618","32.672","33.04","33.513","32.039","31.883","31.62","31.567","31.829","32.039","32.618","33.724","33.724","33.829","34.881","34.67","34.618","34.828","34.565","34.249","34.618","35.513","35.828","36.46","36.776","37.354","38.248","38.248","38.091","37.985","38.091","38.195","38.248","38.406","38.406","38.406","38.406","38.511","38.564","38.353","38.564","40.036","40.089","39.932","40.352","40.668","41.51","43.35","44.087","44.087","43.404","42.668","42.457","42.247","42.825",
"T10","whole country","A01103","Glutinous rice","T[14101.ausgabe]","CPI[2020=100]","2020=100","","","","","","","","","","","","","","","","","","","","","","","","","","","","","","","","","","","","","","","","","","","","","","","","","","","","","","","","","","","","","","","","","","","","","","","","","","","","","","","","","","","","","","","","","","","","","","","","","","","","","","","","","","","","","","","","","","","","","","","","","6.757","6.795","6.638","6.6","6.678","6.638","6.6","6.6","6.56","6.481","6.56","6.678","6.992","7.503","7.778","7.778","8.133","8.485","9.35","10.096","10.253","9.428","9.036","9.702","9.821","9.979","9.979","9.979","10.056","10.017","10.017","10.017","10.056","9.35","9.271","9.35","9.507","9.86","9.86","9.86","9.86","10.763","11.55","11.55","12.021","11.707","11.902","12.728","13.199","14.143","15.203","15.359","15.438","16.223","17.718","18.228","18.542","17.718","16.774","17.05","17.166","18.267","18.267","18.306","18.306","18.621","18.621","18.699","19.68","20.074","20.074","20.938","22.116","22.784","23.138","23.766","25.103","27.027","27.773","28.519","28.441","25.103","23.962","22.824","22.391","22.589","22.589","22.784","22.942","22.902","22.784","22.981","22","20.31","19.799","19.916","20.27","21.174","21.763","21.685","21.685","22.391","23.098","23.098","22.784","22.314","22","22.195","22.706","23.608","23.766","24.081","24.315","24.435","24.788","25.769","26.242","24.709","23.452","23.727","23.962","24.473","24.866","25.455","25.888","25.888","25.691","25.298","25.377","25.063","24.749","25.338","26.163","26.438","26.752","26.909","26.792","26.831","27.341","30.483","31.505","29.187","27.93","27.852","28.481","29.148","30.327","31.308","32.055","32.33","32.251","32.409","32.055","30.483","30.13","29.933","29.816","29.895","29.699","29.659","29.659","29.305","28.951","28.795","28.519","28.087","28.283","28.206","28.323","28.558","29.07","28.991","29.933","33.233","35.041","35.041","35.159","35.08","36.297","38.733","39.597","40.815","42.346","43.368","43.958","44.9","46.276","51.579","52.561","43.408","41.442","42.033",
"T10","whole country","A01104","Barley","T[14101.ausgabe]","CPI[2020=100]","2020=100","","","","","","","","","","","","","","","","","","","","","","","","","","","","","","","","","","","","","","","","","","","","","","","","","","","","","","","","","","","","","","","","","","","","","","","","","","","","","","","","","","","","","","","","","","","","","","","","","","","","","","","","","","","","","","","","","","","","","","","","","5.13","5.268","5.165","5.579","6.095","6.059","6.026","6.095","6.095","6.129","6.059","6.026","6.059","6.026","6.059","6.095","6.095","6.095","6.335","6.887","7.024","6.956","6.956","6.956","6.921","7.024","7.265","7.954","8.161","8.057","8.161","8.161","8.195","8.161","8.125","8.125","8.23","8.23","8.436","8.436","8.436","8.471","8.781","8.746","8.644","8.677","8.746","8.781","8.677","8.712","8.746","8.677","8.471","8.471","8.368","8.299","8.092","8.195","8.23","8.299","8.368","8.368","8.401","8.436","8.436","8.436","8.401","8.574","9.538","11.914","13.636","14.772","14.841","14.601","14.566","14.566","14.566","14.566","14.566","15.805","17.596","17.114","16.976","16.976","16.976","16.976","16.976","16.976","16.976","16.976","20.454","20.454","20.454","20.454","24.552","24.552","24.552","24.552","24.552","24.552","24.552","24.552","24.552","24.552","24.552","24.552","24.552","26.825","26.825","26.825","26.825","26.825","26.825","26.825","27.34","27.34","27.34","27.34","27.34","27.34","27.34","27.34","27.34","27.34","27.34","27.823","28.718","28.718","28.718","28.718","28.718","28.718","28.718","28.718","28.718","28.718","28.718","28.718","30.749","30.749","30.749","30.749","30.749","30.749","30.749","30.749","30.749","30.749","30.749","30.749","30.749","30.749","30.749","30.749","30.749","30.749","30.749","30.749","30.749","30.749","30.749","30.749","30.749","30.749","30.749","30.749","30.749","30.749","30.749","30.749","30.749","30.749","30.749","30.749","30.749","30.749","30.749","30.749","30.749","30.749","34.434","34.434","34.434","34.434","34.434","34.434","34.434","34.434","34.434","34.434","34.434","34.434",
"T10","whole country","A01105","Soybean","T[14101.ausgabe]","CPI[2020=100]","2020=100","","","","","","","","","","","","","","","","","","","","","","","","","","","","","","","","","","","","","","","","","","","","","","","","","","","","","","","","","","","","","","","","","","","","","","","","","","","","","","","","","","","","","","","","","","","","","","","","","","","","","","","","","","","","","","","","","","","","","","","","","1.886","1.95","1.95","1.95","1.98","2.012","2.044","2.169","2.295","2.421","2.326","2.295","2.326","2.451","2.546","2.578","2.86","3.081","3.207","3.238","3.238","3.081","3.112","3.175","3.301","3.489","3.646","3.836","3.898","3.961","3.961","3.93","3.93","3.616","3.583","3.804","3.866","3.866","3.866","3.866","3.866","3.992","4.182","4.087","4.024","3.992","4.369","4.558","4.496","4.496","4.496","4.401","4.401","4.338","4.401","4.433","4.369","4.433","4.558","4.684","5.03","5.722","5.784","5.784","5.879","5.879","5.91","5.973","6.036","6.507","8.142","8.959","9.557","9.683","9.683","9.714","9.745","9.84","9.935","9.966","9.84","9.4","9.431","9.336","9.211","9.148","9.022","9.022","9.054","9.117","9.494","9.683","9.463","9.179","9.243","9.274","9.431","9.776","9.871","10.217","10.374","10.594","11.129","11.097","10.815","10.28","10.249","10.312","10.406","10.468","10.468","10.468","10.468","10.658","10.783","10.815","10.5","10.343","10.185","10.122","10.217","10.343","10.343","10.343","10.343","10.249","10.185","10.122","10.092","9.902","10.028","10.249","10.468","10.5","10.531","10.468","10.531","10.531","10.563","10.783","10.72","10.5","10.594","10.688","10.783","10.845","10.909","11.097","11.883","11.852","11.663","11.758","11.632","11.381","11.789","12.008","11.883","11.726","11.726","11.758","11.758","11.789","12.04","12.292","12.229","12.229","12.355","12.731","12.889","13.109","13.14","13.235","13.203","13.109","13.14","13.109","12.952","12.889","13.14","13.423","13.487","13.33","13.392","13.361","13.173","12.638","12.355","12.355","12.292","12.355","12.607","12.795",
"T10","whole country","A01106","Peanut","T[14101.ausgabe]","CPI[2020=100]","2020=100","","","","","","","","","","","","","","","","","","","","","","","","","","","","","","","","","","","","","","","","","","","","","","","","","","","","","","","","","","","","","","","","","","","","","","","","","","","","","","","","","","","","","","","","","","","","","","","","","","","","","","","","","","","","","","","","","","","","","","","","","5.553","5.584","5.646","5.677","5.709","5.584","5.584","5.584","5.334","5.053","4.897","4.835","5.178","5.615","5.802","6.052","6.488","6.8","7.018","7.081","7.236","7.455","6.675","7.018","7.455","8.391","8.578","8.61","8.797","9.139","9.359","9.982","9.92","8.547","7.143","7.611","7.736","7.331","7.081","7.143","8.142","9.545","9.733","9.607","9.639","9.389","8.797","8.797","8.828","9.046","9.359","9.359","9.67","10.294","10.793","11.761","11.354","10.481","9.67","9.701","11.292","11.947","11.885","11.761","11.761","11.792","11.635","11.541","11.761","12.166","13.756","14.723","15.909","17.031","19.776","21.524","24.113","24.019","21.461","20.806","19.776","18.81","17.53","17.344","16.969","17.094","17.749","17.812","17.999","18.092","17.843","17.53","17.469","17.313","16.689","16.065","16.002","16.034","16.065","15.504","15.441","15.316","15.316","16.409","17.469","17.781","15.972","15.878","16.75","17.156","17.53","17.406","17.781","18.03","18.592","20.152","17.874","16.72","17.156","17.282","18.248","18.966","19.247","19.745","19.932","20.62","20.993","20.307","18.592","17.655","17.718","17.967","17.967","18.622","19.059","19.153","19.153","19.621","19.808","19.715","19.715","18.935","18.529","18.529","18.467","18.405","18.654","18.654","18.81","19.496","19.122","19.059","19.247","19.09","17.906","17.967","17.967","17.937","17.906","17.843","17.655","17.655","17.655","17.655","17.781","17.655","17.437","17.344","17.967","18.248","18.467","18.467","17.937","17.781","17.812","17.843","17.749","17.718","17.718","17.843","18.154","18.405","18.592","19.247","20.401","21.088","21.212","20.681","20.681","21.461","23.614","24.799",
"T10","whole country","A01108","Wheat flour","T[14101.ausgabe]","CPI[2020=100]","2020=100","","","","","","","","","","","","","","","","","","","","","","","","","","","","","","","","","","","","","","","","","","","","","","","","","","","","","","","","","","","","","","","","","","","","","","","","","","","","","","","","","","","","","","","","","","","","","","","","","","","","","","","","","","","","","","","","","","","","","","","","","8.397","8.046","8.046","9.639","10.395","10.395","10.368","10.314","10.341","10.368","10.368","10.368","10.368","10.368","10.368","10.368","10.368","10.368","10.368","10.368","10.368","10.368","10.368","10.368","10.368","10.368","10.341","10.341","10.341","10.368","9.801","9.963","9.963","9.963","9.963","9.963","9.963","9.963","9.963","9.936","9.963","9.963","9.963","9.963","9.963","9.963","9.963","9.963","9.99","10.044","9.963","9.963","9.963","9.963","9.963","9.963","9.963","10.719","12.771","12.771","12.743","12.743","12.743","12.743","15.471","16.848","16.848","16.848","16.848","16.848","16.848","20.196","20.196","20.196","20.196","20.196","20.196","20.169","20.169","20.169","20.169","20.169","20.169","20.169","20.169","20.142","20.142","20.142","20.142","20.142","19.548","19.17","19.17","19.17","19.17","19.17","19.17","18.441","18.386","18.359","18.359","18.359","18.359","18.359","18.306","18.226","18.226","18.197","18.197","18.197","18.197","18.197","18.197","18.197","18.197","18.197","18.197","18.197","18.197","18.197","18.197","18.197","18.197","18.872","19.034","19.061","19.278","19.278","19.278","19.305","20.142","20.25","20.25","20.25","20.358","20.384","20.384","20.384","20.358","20.358","20.358","20.358","20.358","20.358","20.358","20.358","20.331","20.331","20.303","19.332","19.034","18.927","18.899","18.899","18.899","18.899","18.927","18.954","18.98","18.98","18.98","18.98","18.98","18.98","18.98","19.197","19.898","19.925","19.925","20.034","20.276","20.682","20.898","20.898","20.925","21.061","21.249","21.249","21.249","21.249","21.384","21.707","22.653","22.869","22.977","23.058","23.084","23.3","23.328","23.328","23.328","23.408",
"T10","whole country","A01109","Noodles","T[14101.ausgabe]","CPI[2020=100]","2020=100","","","","","","","","","","","","","","","","","","","","","","","","","","","","","","","","","","","","","","","","","","","","","","","","","","","","","","","","","","","","","","","","","","","","","","","","","","","","","","","","","","","","","","","","","","","","","","","","","","","","","","","","","","","","","","","","","","","","","","","","","6.925","6.962","6.962","7.107","7.435","7.435","7.435","7.435","7.435","7.435","7.435","7.435","7.471","7.471","7.471","7.471","7.471","7.471","7.471","7.471","7.471","7.508","7.508","7.471","7.471","7.471","7.471","7.471","7.471","7.471","7.107","6.925","6.889","6.889","6.889","6.889","6.889","6.889","6.889","6.889","6.889","6.925","6.925","6.925","6.925","6.925","6.997","6.997","7.29","7.837","7.872","8.018","8.201","8.419","8.419","9.148","9.475","9.513","9.658","10.824","11.336","11.336","11.408","11.809","13.084","16.073","16.109","16.184","16.292","16.292","16.292","17.275","18.806","19.827","19.827","19.827","19.9","20.154","20.264","20.264","20.191","20.191","20.191","20.191","20.191","20.191","20.191","20.191","20.191","20.191","20.154","19.9","19.9","19.9","19.9","19.9","19.9","19.499","19.135","19.062","19.025","19.025","19.025","19.025","19.025","19.025","19.025","19.025","19.025","19.025","19.025","19.025","19.025","19.025","19.025","19.025","19.025","19.025","19.025","19.025","19.062","19.062","19.098","19.098","19.098","19.098","19.062","19.062","19.135","19.135","19.28","19.354","19.499","19.717","19.717","19.717","19.755","19.717","19.645","20.081","20.921","20.921","20.884","20.884","20.884","20.884","20.884","20.884","20.884","20.884","20.884","20.848","20.884","20.884","20.884","20.884","20.884","20.884","20.921","20.848","20.921","20.956","20.921","21.03","21.03","21.03","21.576","22.014","22.413","22.852","23.326","23.653","23.727","23.908","24.164","24.202","24.31","24.273","24.237","24.237","24.202","24.202","24.711","25.549","25.987","26.788","27.153","27.335","27.555","27.555","27.663","27.918",
"T10","whole country","A01110","Instant noodles","T[14101.ausgabe]","CPI[2020=100]","2020=100","","","","","","","","","","","","","","","","","","","","","","","","","","","","","","","","","","","","","","","","","","","","","","","","","","","","","","","","","","","","","","","","","","","","","","","","","","","","","","","","","","","","","","","","","","","","","","","","","","","","","","","","","","","","","","","","","","","","","","","","","12.271","12.102","12.102","12.227","13.324","13.324","13.324","13.324","13.324","13.324","13.324","13.324","13.324","13.324","13.324","13.324","13.324","13.324","13.324","13.324","13.324","13.199","13.199","13.199","13.199","13.199","13.199","13.367","15.095","15.095","15.095","15.095","15.095","15.095","15.095","15.095","15.095","15.138","15.138","15.138","15.138","15.813","16.699","16.699","16.699","16.699","16.699","16.699","16.699","16.699","18.891","19.903","19.903","19.903","19.903","19.903","19.903","19.903","19.903","21.883","23.319","26.143","26.691","26.691","26.691","26.691","26.775","28.125","28.125","28.125","28.125","28.926","31.667","31.667","31.667","31.667","31.667","31.667","31.667","32.384","33.099","33.099","33.099","33.099","33.142","33.142","33.142","33.142","33.142","33.184","33.184","33.184","33.184","33.184","33.184","33.184","33.184","33.184","33.184","33.184","33.184","33.184","33.184","33.184","33.184","33.184","33.184","33.184","33.184","33.184","33.184","33.184","33.184","33.184","33.184","33.184","33.184","33.184","33.184","33.184","33.184","33.184","33.184","33.184","33.184","33.184","33.184","33.184","33.184","33.184","33.184","33.184","33.184","33.184","33.184","33.184","33.184","33.184","33.184","33.184","33.184","33.184","33.184","33.184","33.184","33.184","33.058","32.974","32.932","32.173","31.667","31.161","31.118","31.118","31.118","31.118","31.118","31.118","31.161","31.118","31.118","31.118","31.118","31.118","31.118","31.118","31.118","31.118","31.118","31.077","31.118","31.118","31.202","31.456","31.54","31.499","31.499","31.499","31.499","31.456","31.456","31.413","31.413","31.456","31.456","31.456","31.456","31.413","31.371","31.371","31.371","31.371",
"T10","whole country","A01111","Glass noodles","T[14101.ausgabe]","CPI[2020=100]","2020=100","","","","","","","","","","","","","","","","","","","","","","","","","","","","","","","","","","","","","","","","","","","","","","","","","","","","","","","","","","","","","","","","","","","","","","","","","","","","","","","","","","","","","","","","","","","","","","","","","","","","","","","","","","","","","","","","","","","","","","","","","9.199","9.522","9.522","9.522","9.522","9.522","9.791","10.868","11.298","11.783","11.621","11.404","11.404","11.243","10.813","10.329","10.329","10.221","10.49","10.598","10.759","11.029","11.352","11.404","11.404","11.46","11.404","11.404","11.404","11.404","11.082","11.243","10.974","11.029","11.029","12.75","15.224","15.17","15.224","15.17","15.117","15.224","17.646","20.443","22.003","21.895","21.734","20.82","20.82","20.765","20.604","20.281","19.958","19.421","17.646","17.698","18.183","19.045","19.151","19.797","20.389","20.712","20.712","20.497","20.497","20.82","21.841","22.917","26.038","29.051","29.104","28.997","30.772","30.556","30.611","31.418","32.978","32.709","33.677","33.893","33.946","33.999","33.946","33.731","33.408","33.893","34.161","34.43","34.377","34.377","34.269","34.161","34.215","34.538","34.215","33.893","34.269","33.946","33.301","33.031","32.494","32.494","32.494","32.709","33.193","33.193","33.193","33.139","32.978","32.87","32.87","32.816","32.816","32.439","31.955","31.955","32.224","32.224","32.224","32.224","32.117","32.709","33.247","33.624","33.463","32.494","31.794","31.632","31.579","31.579","31.632","31.632","31.632","31.632","31.526","31.526","31.526","30.826","30.665","30.503","30.342","30.342","30.342","30.342","30.342","30.395","30.556","30.611","30.611","30.611","30.88","30.934","30.934","31.041","31.203","31.632","32.117","33.301","33.515","33.731","33.624","33.463","33.463","33.785","33.999","33.946","34.43","34.806","35.022","35.452","38.304","40.294","40.564","40.564","41.048","41.585","41.693","41.693","41.477","41.746","43.737","43.898","44.92","45.943","45.943","45.996","46.052","45.996","46.212","46.319","46.319","46.374",
"T10","whole country","A01112","Tofu","T[14101.ausgabe]","CPI[2020=100]","2020=100","","","","","","","","","","","","","","","","","","","","","","","","","","","","","","","","","","","","","","","","","","","","","","","","","","","","","","","","","","","","","","","","","","","","","","","","","","","","","","","","","","","","","","","","","","","","","","","","","","","","","","","","","","","","","","","","","","","","","","","","","6.484","6.484","6.484","6.521","6.521","6.521","6.521","6.557","7.505","8.16","8.633","8.633","8.633","8.706","8.743","8.743","8.743","8.779","8.853","8.925","8.925","8.962","8.962","8.962","8.962","8.998","9.034","9.034","9.034","9.034","9.034","9.034","9.034","9.034","9.034","9.034","9.034","9.072","9.873","10.018","9.91","9.91","9.946","9.946","10.091","10.055","10.055","10.055","10.055","10.236","10.273","10.273","10.273","10.564","10.856","11.329","11.329","11.402","11.439","11.439","14.281","14.681","14.936","14.899","14.826","14.826","14.826","14.826","14.826","15.081","15.92","16.065","16.211","16.43","16.466","16.648","16.794","16.54","16.54","16.466","16.503","16.357","16.357","16.357","16.357","16.357","16.43","16.794","16.976","16.976","16.976","17.122","17.267","17.304","17.632","17.923","18.214","18.032","17.74","18.105","18.652","18.652","18.907","18.98","19.126","19.199","19.235","19.235","19.453","19.453","19.453","19.453","19.453","19.453","19.453","19.453","19.453","19.453","19.453","19.453","20.583","22.113","22.113","22.113","22.113","22.15","22.15","20.692","19.963","19.963","19.927","19.817","19.854","19.963","19.963","20.036","20.911","21.239","21.202","21.202","21.202","21.02","21.457","21.457","21.457","21.457","21.457","21.384","21.348","21.493","21.675","21.711","21.821","21.93","22.66","23.134","23.06","22.879","22.841","22.841","22.841","22.841","22.841","22.841","22.841","22.841","22.841","22.952","23.06","23.06","23.06","23.06","23.643","23.643","23.788","23.897","23.497","23.57","23.497","23.315","23.425","23.207","23.279","23.279","23.533","23.752","23.752","25.756","26.447","26.265","25.974","25.829",
"T10","whole country","A01115","Cake","T[14101.ausgabe]","CPI[2020=100]","2020=100","","","","","","","","","","","","","","","","","","","","","","","","","","","","","","","","","","","","","","","","","","","","","","","","","","","","","","","","","","","","","","","","","","","","","","","","","","","","","","","","","","","","","","","","","","","","","","","","","","","","","","","","","","","","","","","","","","","","","","","","","","","","","","","","","","","","","","","","","","","","","","","","","","","","","","","","","","","","","","","","","","","","","","","","","","","","","","","","","","","","","","","","","","","","","","","","","","","","","","","","","","","","","","","","","","","","","","","","","","","","","","","","","","","","","","","","","","","","","","","","","20.689","20.689","20.689","20.689","20.689","20.689","20.689","20.689","20.689","20.689","20.689","20.689","20.689","20.689","20.836","20.836","20.836","20.836","20.836","20.836","20.836","20.836","20.836","20.836","20.836","20.836","20.836","20.836","20.933","21.031","21.079","21.128","21.128","21.177","21.177","21.225","21.225","21.275","21.421","21.421","21.469","21.519","21.568","21.568","21.568","21.616","21.715","21.909","22.69","22.738","22.738","22.738","23.177","23.471","23.471","23.714","23.714","23.714","23.714","24.056","24.787","24.983","25.715","26.594","26.642","26.74","26.788","26.837","26.983","26.983","27.032","27.228",
"T10","whole country","A01116","Sliced bread","T[14101.ausgabe]","CPI[2020=100]","2020=100","","","","","","","","","","","","","","","","","","","","","","","","","","","","","","","","","","","","","","","","","","","","","","","","","","","","","","","","","","","","","","","","","","","","","","","","","","","","","","","","","","","","","","","","","","","","","","","","","","","","","","","","","","","","","","","","","","","","","","","","","","","","","","","","","","","","","","","","","","","","","","","","","","","","","","","","","","","","","","","","","","","","","","","","","","","","","","","","","","","","","","","","","","","","","","","","","","","","","","","","","","","","","","","","","","","","","","","","","","","","","","","","","","","","","","","","","","","","","","","","","21.303","21.303","21.303","21.303","21.303","21.303","21.303","21.303","21.303","21.303","21.303","21.303","21.303","21.303","21.303","21.303","21.303","21.303","21.303","21.303","21.303","21.303","21.303","21.303","21.303","21.963","23.498","23.498","23.518","23.562","23.306","23.284","23.284","23.284","23.284","23.263","23.263","23.263","23.263","23.263","23.263","23.306","23.39","23.39","23.434","23.454","23.454","24.413","23.582","23.646","24.008","24.136","24.158","24.2","24.775","25.031","24.456","24.541","24.477","24.477","24.418","24.418","24.493","24.666","24.666","24.691","24.816","24.816","25.115","25.363","25.513","25.712",
"T10","whole country","A01117","Rice cake","T[14101.ausgabe]","CPI[2020=100]","2020=100","","","","","","","","","","","","","","","","","","","","","","","","","","","","","","","","","","","","","","","","","","","","","","","","","","","","","","","","","","","","","","","","","","","","","","","","","","","","","","","","","","","","","","","","","","","","","","","","","","","","","","","","","","","","","","","","","","","","","","","","","4.364","4.364","4.364","4.364","4.364","4.364","4.364","4.364","4.364","4.364","4.364","5.479","5.479","5.479","5.479","5.479","5.479","5.479","5.479","5.479","5.479","5.479","5.479","5.479","5.479","5.479","5.479","5.479","5.479","5.479","5.479","5.479","5.479","5.479","5.479","5.479","5.575","5.575","5.575","5.575","5.575","5.575","6.642","6.642","6.642","6.642","6.642","6.642","6.642","6.69","6.69","7.661","9.696","9.696","9.696","9.744","9.842","9.939","9.939","9.939","10.085","10.229","10.278","10.278","10.278","10.278","10.278","10.278","10.326","10.52","10.52","10.569","10.715","10.909","10.909","12.315","13.43","14.545","15.126","15.175","15.175","15.175","15.175","15.272","15.272","15.272","15.321","15.321","15.321","15.321","15.321","15.612","15.612","15.612","15.612","15.612","15.612","15.612","15.612","15.612","15.612","15.612","15.612","15.612","15.612","15.612","15.612","15.612","15.612","15.612","15.612","15.612","15.659","15.659","15.659","15.659","15.659","15.659","15.659","15.659","15.612","15.612","15.612","15.708","15.708","15.708","15.708","15.708","15.708","15.708","15.708","15.708","15.756","15.854","15.902","15.902","15.902","15.902","15.902","15.95","15.998","15.998","15.998","15.998","15.998","16.047","16.047","16.29","16.726","17.066","17.066","17.162","17.162","17.162","17.794","17.794","17.89","17.938","18.132","19.878","20.072","20.169","20.169","20.072","20.799","21.042","20.992","20.992","20.896","20.896","20.896","20.896","21.042","21.283","21.477","21.623","21.963","22.01","22.156","23.805","24.726","25.114","25.841","27.78","27.975","27.975","28.169","28.313","28.847","29.331","29.38","29.429",
"T10","whole country","A012","Meat","T[14101.ausgabe]","CPI[2020=100]","2020=100","","","","","","","","","","","","","","","","","","","","","","","","","","","","","","","","","","","","","","","","","","","","","","","","","","","","","","","","","","","","","","","","","","","","","","","","","","","","","","","","","","","","","","","","","","","","","","","","","","","","","","","","","","","","","","","","","","","","","","","","","","","","","","","","","","","","","","","","","","","","","","","","","","","","","","","","","","","","","","","","","","","","","","","","","","","","","","","","","","","","","","","","","","","","","","","","","","","","","","","","","","","","","","","","","","","","","","","","","","","","","","","","","","","","","","","","","","","","","","","","","25.198","25.082","23.063","22.099","21.962","22.099","21.778","22.536","23.154","23.109","22.673","22.627","22.512","21.732","20.814","21.549","22.673","23.292","23.385","23.2","22.811","22.168","21.502","21.342","21.572","20.906","20.195","21.09","22.627","22.581","21.755","20.952","20.401","20.241","19.552","19.461","20.217","21.594","22.283","22.811","23.43","24.073","24.371","24.371","25.105","25.174","25.863","26.734","27.722","27.676","26.873","26.964","27.171","27.285","27.377","27.24","27.171","26.62","26.162","26.162","27.756","28.349","29.004","30.129","31.784","32.782","31.97","31.722","33.282","33.282","32.47","32.158",
"T10","whole country","A01201","Beef (domestic)","T[14101.ausgabe]","CPI[2020=100]","2020=100","","","","","","","","","","","","","","","","","","","","","","","","","","","","","","","","","","","","","","","","","","","","","","","","","","","","","","","","","","","","","","","","","","","","","","","","","","","","","","","","","","","","","","","","","","","","","","","","","","","","","","","","","","","","","","","","","","","","","","","","","2.368","2.454","2.597","2.682","2.682","2.74","2.797","2.825","2.825","2.825","2.825","2.882","3.082","3.225","3.596","3.995","3.995","3.995","3.995","3.995","3.995","3.995","3.995","3.995","4.024","4.537","4.565","4.565","4.851","5.136","5.166","5.166","5.166","5.166","5.28","5.336","5.451","5.879","5.965","5.708","5.679","5.65","5.622","5.565","5.565","5.565","5.565","5.565","5.565","5.565","5.565","6.108","6.42","6.564","6.564","6.564","6.907","6.934","6.934","6.934","7.22","7.02","7.962","8.191","8.191","8.219","8.219","8.361","8.79","8.79","9.133","9.218","9.246","9.674","10.074","10.844","11.387","11.671","11.872","12.214","12.301","12.442","12.528","12.528","12.471","12.528","12.557","12.585","12.642","12.784","12.87","13.013","13.726","13.898","14.183","14.411","14.326","14.126","14.097","14.097","14.097","14.097","14.382","14.497","14.868","14.983","15.011","15.268","15.268","15.239","15.211","15.096","15.125","15.182","15.496","15.524","15.524","15.524","15.439","15.211","15.411","15.153","15.04","14.497","13.698","12.928","12.015","13.213","13.527","13.327","12.442","11.615","11.843","12.356","12.271","12.157","12.015","11.928","11.928","11.9","11.986","11.843","11.5","11.472","11.444","11.272","11.187","11.815","12.642","12.9","12.585","12.557","12.557","12.528","12.329","12.271","12.557","13.242","14.154","15.011","15.096","15.553","15.81","15.981","16.523","16.866","17.921","18.835","19.092","19.234","19.491","19.634","20.005","19.948","19.691","19.148","19.32","19.121","18.892","18.864","19.206","19.463","19.892","20.49","21.203","21.717","21.175","20.946","21.574","21.632","21.632","21.574",
"T10","whole country","A01203","Pork","T[14101.ausgabe]","CPI[2020=100]","2020=100","","","","","","","","","","","","","","","","","","","","","","","","","","","","","","","","","","","","","","","","","","","","","","","","","","","","","","","","","","","","","","","","","","","","","","","","","","","","","","","","","","","","","","","","","","","","","","","","","","","","","","","","","","","","","","","","","","","","","","","","","5.654","6.156","7.494","7.528","7.594","7.862","8.899","9","9.602","9.97","10.204","10.372","10.872","11.04","11.074","11.074","11.007","10.94","10.94","10.94","10.94","10.706","10.906","10.271","10.137","11.007","11.074","11.074","11.04","11.04","11.04","11.04","11.208","11.308","12.211","12.646","14.989","16.861","15.49","13.383","14.319","15.222","15.39","14.989","15.122","15.156","15.156","15.156","15.724","15.992","15.724","15.825","15.825","15.825","15.825","14.286","13.182","13.114","12.713","11.074","12.044","14.989","15.523","13.583","13.651","15.29","15.691","17.196","18.535","20.073","23.654","25.159","25.126","25.025","24.992","27.334","30.846","32.619","31.917","28.772","30.612","30.278","27.969","29.074","29.408","29.408","28.07","26.765","30.244","31.448","30.612","28.204","27.067","27.501","27.2","30.211","33.122","32.386","30.278","27.935","29.074","28.17","24.222","22.583","25.795","24.591","20.743","19.906","19.538","19.472","19.338","24.891","23.62","21.78","22.182","23.219","24.791","23.486","23.386","26.463","30.044","30.446","24.657","22.717","24.657","27.368","28.404","27.033","28.505","29.742","30.88","32.787","31.448","27.635","25.393","27.702","32.019","34.226","34.461","33.724","32.753","31.649","29.408","28.705","29.007","27.902","25.761","26.865","29.408","28.839","26.698","24.123","23.386","23.286","21.212","20.409","21.378","23.486","24.256","24.389","26.062","27.401","26.899","25.761","26.264","25.728","24.323","24.657","26.163","26.463","24.624","24.156","23.988","23.654","23.62","23.286","23.386","23.453","21.78","21.312","25.126","26.899","27.501","30.545","35.33","39.01","36.701","34.527","38.474","38.173","35.865","36.233",
"T10","whole country","A01204","Chicken","T[14101.ausgabe]","CPI[2020=100]","2020=100","","","","","","","","","","","","","","","","","","","","","","","","","","","","","","","","","","","","","","","","","","","","","","","","","","","","","","","","","","","","","","","","","","","","","","","","","","","","","","","","","","","","","","","","","","","","","","","","","","","","","","","","","","","","","","","","","","","","","","","","","12.038","12.999","13.225","13.565","13.792","13.847","13.847","14.243","14.412","13.508","13.112","13.225","14.638","16.163","18.764","19.895","17.747","16.843","17.86","18.087","16.956","15.656","17.238","16.956","18.764","19.895","18.256","17.464","18.764","19.046","20.008","22.212","20.516","18.877","19.443","20.008","22.494","21.139","18.821","17.86","19.105","19.273","21.308","22.043","21.139","20.743","24.755","22.043","20.516","18.312","17.633","17.408","20.233","20.516","21.59","23.964","21.082","18.256","18.764","16.843","22.721","29.333","34.025","30.407","24.133","21.873","22.156","23.795","25.773","27.58","30.578","31.876","32.612","31.425","29.786","33.176","36.908","35.72","35.268","37.528","34.702","29.73","28.429","28.542","37.077","36.059","37.472","35.268","32.499","31.312","31.594","32.612","31.198","30.238","31.425","33.856","35.832","36.229","32.273","30.124","30.124","31.82","31.764","31.368","30.69","28.937","28.824","29.391","32.329","37.472","41.315","38.263","32.837","30.181","32.216","37.246","38.884","33.232","33.63","33.347","38.49","38.206","33.572","33.968","33.63","33.686","35.663","38.095","37.472","33.911","33.911","34.816","35.946","33.742","30.634","32.837","33.856","34.646","35.212","35.89","33.12","30.238","33.232","34.081","36.456","33.176","32.612","33.856","36.229","34.873","34.985","33.911","29.559","27.865","28.26","30.634","34.42","37.643","34.025","31.198","32.385","31.198","34.364","36.964","39.055","37.925","40.919","41.542","47.024","43.463","36.059","36.85","35.212","38.263","42.954","48.268","44.82","39.451","41.938","44.255","47.759","46.459","50.245","48.832","46.062","39.845","42.333","44.197","40.469","41.372","42.22","40.129",
"T10","whole country","A01205","Sausage","T[14101.ausgabe]","CPI[2020=100]","2020=100","","","","","","","","","","","","","","","","","","","","","","","","","","","","","","","","","","","","","","","","","","","","","","","","","","","","","","","","","","","","","","","","","","","","","","","","","","","","","","","","","","","","","","","","","","","","","","","","","","","","","","","","","","","","","","","","","","","","","","","","","16.325","17.113","17.154","17.154","17.362","19.142","21.048","20.884","20.884","20.884","20.884","20.884","20.884","20.884","20.884","21.091","21.091","21.091","21.091","21.091","21.091","21.38","21.38","21.298","21.298","21.298","21.298","21.298","21.298","21.298","21.298","21.298","21.298","21.298","21.298","21.298","21.463","21.587","21.463","21.38","21.38","21.38","21.38","21.38","21.38","21.38","21.38","21.339","21.339","21.547","21.877","21.877","21.877","21.877","21.877","21.877","21.877","21.877","22.251","23.328","23.411","23.411","23.411","23.411","24.115","28.424","29.46","30.412","30.91","30.91","30.91","30.91","30.91","31.656","34.267","34.847","35.054","35.054","35.054","34.971","34.847","34.101","34.143","34.183","34.183","34.183","34.183","34.183","34.226","34.226","34.226","34.226","34.226","35.261","35.552","36.215","36.132","36.132","36.049","35.22","35.013","35.013","35.013","35.013","35.013","35.013","35.054","35.013","35.013","35.013","35.013","35.013","34.971","34.971","34.971","34.971","34.971","34.889","35.386","36.588","36.629","36.67","36.67","36.67","36.67","36.67","36.67","36.67","36.67","36.67","36.67","36.67","37.002","37.292","37.292","37.416","37.416","37.457","37.5","37.5","37.5","37.5","37.5","37.5","37.5","37.5","37.5","37.5","37.5","37.457","37.5","37.457","37.457","37.457","37.457","37.457","37.5","37.665","37.665","37.665","37.665","37.665","37.665","37.665","37.665","37.665","37.624","37.624","37.624","37.624","38.41","40.026","42.553","42.761","42.761","42.719","42.678","42.927","42.802","42.802","42.802","42.802","42.802","42.802","42.802","42.802","42.886","43.092","43.051","43.01","43.01","43.01",
"T10","whole country","A013","Fish and seafood","T[14101.ausgabe]","CPI[2020=100]","2020=100","","","","","","","","","","","","","","","","","","","","","","","","","","","","","","","","","","","","","","","","","","","","","","","","","","","","","","","","","","","","","","","","","","","","","","","","","","","","","","","","","","","","","","","","","","","","","","","","","","","","","","","","","","","","","","","","","","","","","","","","","","","","","","","","","","","","","","","","","","","","","","","","","","","","","","","","","","","","","","","","","","","","","","","","","","","","","","","","","","","","","","","","","","","","","","","","","","","","","","","","","","","","","","","","","","","","","","","","","","","","","","","","","","","","","","","","","","","","","","","","","13.968","14.338","14.146","14.235","14.456","14.618","14.677","14.928","15.371","15.252","15.4","15.651","16.329","16.817","16.712","16.536","16.904","17.214","17.612","17.229","17.347","17.79","18.202","18.1","18.217","18.38","18.173","18.232","18.38","18.513","17.908","17.923","18.527","19.516","19.649","19.561","19.707","20.371","20.488","20.637","20.666","21.257","20.755","20.342","21.094","21.241","22.26","22.82","22.981","23.454","23.188","23.425","23.778","24.797","24.103","24.369","25.105","24.516","24.959","25.136","25.455","25.533","25.168","25.377","25.871","26.314","26.549","26.393","27.095","26.445","26.106","26.314",
"T10","whole country","A01301","Hairtail","T[14101.ausgabe]","CPI[2020=100]","2020=100","","","","","","","","","","","","","","","","","","","","","","","","","","","","","","","","","","","","","","","","","","","","","","","","","","","","","","","","","","","","","","","","","","","","","","","","","","","","","","","","","","","","","","","","","","","","","","","","","","","","","","","","","","","","","","","","","","","","","","","","","1.261","1.261","1.261","1.261","1.261","1.8","1.62","1.584","1.475","1.368","1.475","1.836","1.98","1.98","1.98","1.98","1.98","2.484","2.52","2.484","2.52","2.341","2.412","2.664","2.629","2.629","2.629","2.629","2.629","3.096","3.312","2.772","2.953","2.808","3.06","3.167","3.312","3.385","3.385","3.385","3.385","3.385","3.492","3.744","3.816","3.924","4.033","4.068","4.248","4.356","4.356","4.356","4.356","4.824","5.041","4.392","4.465","4.428","4.356","3.888","4.033","4.5","4.5","4.5","4.5","4.788","4.681","4.788","4.645","4.536","5.436","5.292","6.049","6.264","6.264","6.264","6.264","6.66","7.057","6.409","6.948","5.544","6.552","6.805","7.308","7.308","7.308","7.308","7.308","7.812","6.588","6.624","6.481","6.695","6.624","6.768","6.66","6.733","6.733","6.733","6.733","7.057","7.416","6.984","7.057","7.453","7.884","7.308","7.56","7.488","7.488","7.488","7.488","6.912","6.085","5.94","6.012","6.049","6.157","6.409","7.164","7.164","7.164","7.164","7.164","7.453","7.308","7.524","8.857","8.604","8.208","8.173","8.173","8.208","8.208","8.208","8.208","8.604","9.252","9.756","9.648","10.116","10.476","10.513","10.513","10.513","10.513","10.513","10.513","11.34","11.52","12.204","12.06","11.808","12.132","12.601","12.924","12.924","12.924","12.924","12.924","14.868","14.544","14.293","13.896","13.429","14.94","15.229","15.229","15.229","15.229","15.229","15.229","17.532","16.561","17.245","17.893","16.165","16.345","16.813","16.561","16.561","16.561","16.561","16.561","18.181","18.829","18.36","18.793","17.497","16.489","16.632",
"T10","whole country","A01302","Pollack","T[14101.ausgabe]","CPI[2020=100]","2020=100","","","","","","","","","","","","","","","","","","","","","","","","","","","","","","","","","","","","","","","","","","","","","","","","","","","","","","","","","","","","","","","","","","","","","","","","","","","","","","","","","","","","","","","","","","","","","","","","","","","","","","","","","","","","","","","","","","","","","","","","","1.678","1.815","1.713","1.609","1.643","1.609","1.609","1.609","2.02","2.089","2.363","2.637","3.184","3.253","3.048","3.15","3.218","3.218","3.218","3.218","3.253","3.082","3.218","3.389","3.63","3.733","3.526","3.664","4.109","4.109","4.109","4.109","3.903","3.664","3.801","3.835","3.869","4.006","4.315","4.588","4.383","4.383","4.383","4.383","4.383","4.451","4.588","4.657","5.033","5.582","5.307","5.514","5.89","5.89","5.89","5.89","5","5.41","5.102","5.548","6.094","8.629","6.883","6.403","6.301","6.233","6.233","6.233","7.944","7.534","7.773","9.04","9.759","9.862","9.176","8.389","8.218","8.184","8.184","8.184","9.52","9.417","8.868","8.766","8.355","9.074","8.423","8.115","8.013","8.047","8.047","8.047","8.835","8.594","8.663","9.176","9.176","9.52","9.313","8.594","8.594","8.458","8.458","8.458","8.526","8.423","8.526","8.835","8.972","9.005","8.287","8.013","8.115","8.115","8.115","8.115","8.287","8.252","8.252","8.423","8.766","9.485","8.8","8.56","8.218","8.081","8.081","8.081","8.321","8.252","8.526","9.656","12.088","11.574","11.574","9.964","9.759","9.827","9.827","9.827","10.957","12.156","12.156","12.088","11.916","12.396","10.889","10.512","11.403","12.327","12.327","12.567","13.971","14.656","14.21","13.389","13.217","13.868","13.765","13.903","13.971","14.073","14.073","14.073","14.381","14.073","14.176","14.484","14.484","14.347","13.971","15.887","16.676","16.847","16.847","16.847","13.697","12.978","12.978","13.937","15.1","14.415","14.107","14.724","15.648","15.717","15.682","15.648","15.032","15.134","15.066","15.478",
"T10","whole country","A01303","Yellow corvina","T[14101.ausgabe]","CPI[2020=100]","2020=100","","","","","","","","","","","","","","","","","","","","","","","","","","","","","","","","","","","","","","","","","","","","","","","","","","","","","","","","","","","","","","","","","","","","","","","","","","","","","","","","","","","","","","","","","","","","","","","","","","","","","","","","","","","","","","","","","","","","","","","","","3.212","3.396","3.542","3.467","3.577","3.542","3.542","3.467","3.723","4.124","4.162","4.271","4.454","4.344","3.396","3.358","3.505","3.577","3.577","3.869","4.124","4.015","4.124","4.271","4.198","4.417","4.234","4.308","4.929","5.038","5.038","5.476","6.168","7.119","7.63","7.375","6.461","6.972","6.607","6.461","6.863","6.935","6.935","6.935","8.251","7.812","7.958","8.104","7.921","8.104","7.666","7.483","8.067","8.141","8.141","9.965","12.01","13.982","14.821","14.565","10.623","10.623","10.477","11.938","12.959","12.813","12.813","15.04","16.718","15.844","16.427","15.114","15.004","15.66","14.93","15.478","15.186","15.55","15.55","15.807","16.865","16.463","17.961","17.231","16.318","16.135","16.172","16.573","17.559","17.631","17.631","16.573","16.975","16.135","16.354","15.66","14.383","15.404","15.55","16.245","17.886","18.691","18.691","19.567","20.224","21.062","20.881","20.552","18.471","16.063","16.245","16.865","15.624","15.587","15.587","15.478","16.902","16.902","17.084","16.647","15.807","17.414","17.048","17.559","18.763","18.874","18.874","18.874","19.165","19.238","19.31","19.567","19.53","22.815","22.597","23.874","24.239","23.874","23.874","23.874","23.144","21.72","23.035","23.728","25.006","25.991","25.882","26.32","26.831","27.16","27.124","27.16","27.196","31.686","31.103","30.008","26.831","31.65","31.468","31.795","31.503","31.54","31.54","31.54","38.914","35.41","34.899","32.489","33.183","36.031","33.986","33.914","34.825","34.753","34.753","34.753","42.382","39.9","40.849","36.979","39.06","39.023","36.214","36.214","36.395","35.848","35.848","35.848","38.878","33.257","31.03","30.811",
"T10","whole country","A01304","Mackerel","T[14101.ausgabe]","CPI[2020=100]","2020=100","","","","","","","","","","","","","","","","","","","","","","","","","","","","","","","","","","","","","","","","","","","","","","","","","","","","","","","","","","","","","","","","","","","","","","","","","","","","","","","","","","","","","","","","","","","","","","","","","","","","","","","","","","","","","","","","","","","","","","","","","2.006","2.035","2.182","2.094","2.212","2.742","2.889","3.037","3.479","3.243","3.214","2.859","2.625","2.683","3.126","3.037","3.037","3.273","3.98","3.42","3.362","3.126","3.096","3.391","3.362","3.362","3.657","3.951","5.071","5.838","5.425","4.335","4.099","3.804","3.774","3.273","2.889","3.598","3.922","4.099","4.217","4.335","4.511","3.98","4.01","3.716","3.834","3.657","3.804","3.716","3.716","4.276","4.983","5.425","5.72","4.983","4.688","4.069","3.42","3.362","3.273","4.688","5.278","6.458","5.72","6.339","6.339","6.929","6.87","6.399","6.399","7.165","8.609","8.874","8.02","8.373","7.666","8.462","8.904","9.789","9.051","8.491","8.167","8.609","7.96","8.108","8.639","8.432","8.786","9.288","10.084","10.556","10.29","8.491","8.668","8.934","9.523","9.642","8.993","9.051","8.993","9.288","9.494","8.786","8.108","8.02","7.991","8.432","8.196","8.226","8.05","8.02","8.373","8.314","8.432","8.462","8.462","8.226","9.377","9.523","9.936","10.142","9.258","9.671","11.204","11.293","12.353","14.153","14.595","13.564","13.739","13.328","14.683","15.538","14.773","14.005","15.833","16.424","17.455","14.802","14.153","13.858","14.507","14.3","14.005","13.474","13.209","13.033","12.324","11.646","12.059","12.885","13.622","13.858","14.005","14.654","16.01","16.335","17.249","18.34","18.958","20.403","17.16","13.18","12.502","12.384","13.062","14.388","12.885","12.236","11.882","12.384","12.944","11.47","11.204","10.732","11.086","11.174","11.705","12.443","12.384","12.353","12.59","14.3","16.512","19.46","25.061","23.824","26.979","28.777","30.34","30.252",
"T10","whole country","A01305","Squid","T[14101.ausgabe]","CPI[2020=100]","2020=100","","","","","","","","","","","","","","","","","","","","","","","","","","","","","","","","","","","","","","","","","","","","","","","","","","","","","","","","","","","","","","","","","","","","","","","","","","","","","","","","","","","","","","","","","","","","","","","","","","","","","","","","","","","","","","","","","","","","","","","","","3.545","3.757","3.851","3.851","3.851","3.851","3.851","3.616","3.451","3.804","4.273","4.626","4.837","4.931","4.931","4.931","4.931","4.931","4.931","4.719","4.884","5.025","5.541","6.363","6.386","6.574","6.715","6.715","6.715","6.715","6.715","6.785","7.255","7.466","8.218","8.523","8.569","9.251","9.298","9.298","9.298","9.298","9.298","9.461","11.082","13.031","12.397","12.397","12.608","13.289","13.242","13.36","13.36","13.36","13.36","15.073","14.581","13.97","12.866","13.124","13.758","15.965","16.529","16.529","16.529","16.529","16.529","15.449","14.745","14.51","14.698","15.238","14.815","15.707","15.66","15.66","15.66","15.66","15.66","15.449","15.496","16.083","17.844","18.642","19.394","20.826","20.755","20.755","20.755","20.755","20.755","18.149","16.505","17.68","17.421","19.394","22.164","21.554","21.554","21.554","21.554","21.554","21.554","24.418","24.606","24.206","25.193","24.747","23.76","23.807","24.535","24.535","24.535","24.535","24.535","22.211","18.314","19.159","19.957","20.332","21.224","21.577","21.577","21.577","21.577","21.577","21.53","22.399","21.366","19.909","20.403","21.084","21.952","22.164","22.164","22.164","22.164","22.164","23.338","22.821","23.596","25.098","25.803","26.554","28.08","28.762","28.762","28.762","28.714","28.667","23.878","21.999","21.882","21.295","22.07","22.892","23.549","23.902","23.902","23.902","23.902","23.902","22.798","22.257","22.54","22.328","22.751","24.723","28.386","29.771","29.771","29.771","29.771","29.771","27.658","30.922","32.025","29.63","30.569","31.157","29.114","29.936","29.724","29.982","31.274","31.814","30.381","30.053","30.381","29.724","29.301","29.63",
"T10","whole country","A01307","Oyster","T[14101.ausgabe]","CPI[2020=100]","2020=100","","","","","","","","","","","","","","","","","","","","","","","","","","","","","","","","","","","","","","","","","","","","","","","","","","","","","","","","","","","","","","","","","","","","","","","","","","","","","","","","","","","","","","","","","","","","","","","","","","","","","","","","","","","","","","","","","","","","","","","","","2.659","2.605","2.388","2.225","2.388","2.116","2.116","2.116","2.116","2.497","2.768","3.202","2.985","2.985","2.932","2.932","2.932","2.932","2.932","2.932","2.932","4.179","5.212","5.536","4.993","4.993","4.505","4.126","4.126","4.126","4.234","4.234","4.234","4.505","6.35","7.165","6.459","7.056","6.894","6.785","6.785","6.785","6.785","6.785","6.785","6.785","9.174","10.312","8.902","9.118","8.847","8.685","8.685","8.685","8.685","8.685","8.685","10.368","10.585","10.476","9.932","10.151","9.553","9.716","9.716","9.716","9.716","9.716","9.716","12.865","13.462","13.244","12.321","12.592","12.267","11.671","11.671","11.671","11.671","11.671","11.671","14.33","15.632","14.33","12.647","12.809","12.647","12.592","12.539","12.539","12.539","12.539","12.539","14.872","15.796","15.958","14.221","13.515","13.95","13.841","13.841","13.841","13.841","13.841","13.841","14.601","16.338","16.664","14.98","14.275","13.189","13.136","13.136","13.136","13.136","13.136","13.136","14.221","14.601","15.144","13.841","13.407","12.376","12.159","12.159","12.159","12.159","12.159","12.159","14.058","13.407","13.786","13.244","12.701","12.159","12.159","12.159","12.159","12.159","12.103","12.103","14.927","15.904","14.927","13.462","12.756","12.484","12.647","12.647","12.647","12.647","12.647","12.647","18.455","18.835","17.912","15.253","14.819","15.361","15.198","15.198","15.198","15.198","15.198","15.198","19.703","23.883","23.991","20.084","19.812","19.161","19.161","19.161","19.161","19.161","19.161","19.161","22.038","22.743","24.642","23.557","24.045","23.991","24.209","24.209","24.209","24.209","24.209","24.209","28.605","29.474","30.342",
"T10","whole country","A01308","Clam","T[14101.ausgabe]","CPI[2020=100]","2020=100","","","","","","","","","","","","","","","","","","","","","","","","","","","","","","","","","","","","","","","","","","","","","","","","","","","","","","","","","","","","","","","","","","","","","","","","","","","","","","","","","","","","","","","","","","","","","","","","","","","","","","","","","","","","","","","","","","","","","","","","","1.461","1.461","1.461","1.461","1.461","1.461","1.461","1.461","1.461","1.461","1.461","1.461","1.461","1.461","1.461","1.461","1.461","1.461","1.461","1.461","1.461","1.461","1.461","1.374","1.433","1.433","1.55","1.608","1.842","1.842","1.842","1.901","2.106","2.222","2.281","2.515","2.719","3.158","3.276","3.304","3.276","3.276","3.276","3.276","3.304","3.334","3.334","3.334","2.485","2.515","2.573","2.603","2.603","2.661","2.632","2.632","2.632","2.779","3.627","3.158","3.129","3.422","3.422","3.422","3.627","3.685","3.685","3.685","3.685","3.714","3.714","3.889","3.948","3.919","3.919","3.889","3.889","4.006","4.153","4.182","4.474","4.299","4.562","4.591","4.503","4.562","4.533","4.621","4.591","4.562","4.562","4.562","4.591","4.913","4.913","4.913","4.913","5.001","5.088","5.059","5.059","5.088","5.088","5.088","5.117","5.147","5.176","5.176","5.351","5.322","5.322","5.293","5.293","5.322","5.322","5.322","5.351","5.702","5.82","5.82","5.732","5.82","5.791","5.82","5.82","5.878","5.849","5.82","5.82","5.849","5.82","5.82","5.936","5.966","5.966","5.995","5.995","5.966","5.966","5.966","6.053","6.053","6.082","6.024","6.053","6.082","6.082","6.082","6.053","6.112","6.112","6.082","8.305","10.352","10.674","9.388","10.528","10.996","11.025","11.025","10.47","10.528","10.791","11.2","11.259","11.405","12.078","12.574","12.663","12.955","12.867","12.546","12.254","12.663","12.867","13.394","13.949","14.417","14.798","14.856","15.353","14.914","14.301","14.944","14.739","14.827","14.739","15.266","16.523","16.553","16.26","16.64",
"T10","whole country","A01311","Dried anchovies","T[14101.ausgabe]","CPI[2020=100]","2020=100","","","","","","","","","","","","","","","","","","","","","","","","","","","","","","","","","","","","","","","","","","","","","","","","","","","","","","","","","","","","","","","","","","","","","","","","","","","","","","","","","","","","","","","","","","","","","","","","","","","","","","","","","","","","","","","","","","","","","","","","","2.024","2.074","2.126","2.277","2.378","2.378","2.53","2.53","2.429","2.733","2.884","2.884","2.934","3.138","3.289","3.642","3.693","3.744","3.946","3.693","3.795","3.744","3.744","3.693","3.744","3.744","3.744","3.845","3.998","4.048","4.149","4.2","4.351","4.503","4.605","4.655","5.161","5.92","6.022","6.223","6.982","7.791","8.5","7.993","8.196","8.702","8.652","8.299","8.348","8.399","8.145","8.247","8.399","8.399","8.247","7.791","7.893","8.045","8.045","8.145","8.55","9.512","9.967","10.523","11.434","12.801","13.306","13.054","13.206","12.649","12.952","13.206","13.457","13.762","13.762","13.762","14.116","14.875","15.837","15.989","15.482","13.711","11.838","11.283","11.283","11.334","11.283","11.486","11.587","11.587","11.536","11.687","13.206","14.218","14.723","15.482","16.292","17.253","18.164","18.923","19.985","21.402","19.783","15.989","16.242","17.354","19.024","19.429","18.771","18.316","18.417","18.213","18.213","18.062","17.91","17.657","17.152","15.837","13.913","13.256","13.457","13.863","14.42","14.521","15.078","15.229","15.178","14.521","14.773","15.078","16.09","16.545","17.505","18.974","19.529","19.783","21.553","22.717","23.324","20.946","20.693","20.693","20.289","18.569","18.012","18.114","18.669","19.429","19.581","18.164","15.887","14.773","15.229","15.786","15.634","16.494","17.405","17.607","17.657","17.709","17.81","18.164","17.557","16.746","18.669","20.642","22.717","24.437","24.842","25.298","25.5","25.601","26.866","31.166","28.485","25.348","26.563","27.119","27.473","27.675","27.322","27.473","27.22","26.917","26.866","25.854","24.589","23.881","24.185","23.931","23.324","23.072",
"T10","whole country","A01312","Dried squid","T[14101.ausgabe]","CPI[2020=100]","2020=100","","","","","","","","","","","","","","","","","","","","","","","","","","","","","","","","","","","","","","","","","","","","","","","","","","","","","","","","","","","","","","","","","","","","","","","","","","","","","","","","","","","","","","","","","","","","","","","","","","","","","","","","","","","","","","","","","","","","","","","","","3.103","3.319","3.339","3.417","3.712","3.79","3.771","3.614","3.594","3.712","3.888","3.908","4.046","4.222","4.34","4.498","4.537","4.34","4.281","4.281","4.281","4.301","4.478","4.596","4.635","4.694","5.028","5.145","5.499","5.696","5.715","5.715","5.715","5.853","6.127","6.363","6.638","7.503","7.738","7.896","8.111","8.465","8.484","8.465","8.956","8.956","8.956","8.956","9.152","9.663","10.644","11.018","11.057","11.077","10.92","10.134","9.309","9.545","9.859","9.997","10.134","11.254","11.508","12.235","13.021","13.414","13.159","12.903","12.824","12.746","12.727","12.589","12.55","12.766","12.766","12.884","13.276","13.846","13.905","14.435","15.28","15.868","15.967","15.888","16.281","16.674","16.792","16.831","17.008","16.988","15.594","14.514","15.044","15.28","15.26","15.28","16.38","16.89","17.027","17.46","18.049","19.58","20.366","19.364","19.306","19.698","19.817","19.817","18.991","19.09","18.893","17.813","17.204","16.242","15.436","15.123","15.083","15.358","15.574","16.163","16.851","17.44","18.422","18.736","18.893","20.052","20.425","20.347","19.757","19.914","19.6","19.522","19.64","19.856","19.58","19.286","19.875","20.307","20.013","19.875","20.464","20.877","21.643","21.996","21.977","22.37","22.585","22.585","22.546","20.955","18.323","18.265","18.52","18.776","19.698","19.718","20.072","20.347","21.074","21.506","21.525","20.504","19.698","20.15","20.072","20.072","20.229","21.466","22.703","23.626","24.157","23.783","23.469","22.762","22.37","22.821","23.076","22.998","22.821","22.33","21.879","22.094","21.564","21.387","22.291","22.566","22.998","23.214","23.371","23.253","23.175","23.548",
"T10","whole country","A01314","Dried shredded squid","T[14101.ausgabe]","CPI[2020=100]","2020=100","","","","","","","","","","","","","","","","","","","","","","","","","","","","","","","","","","","","","","","","","","","","","","","","","","","","","","","","","","","","","","","","","","","","","","","","","","","","","","","","","","","","","","","","","","","","","","","","","","","","","","","","","","","","","","","","","","","","","","","","","","","","","","","","","","","","","","","","","","","","","","","","","","","","","","","","","","","","","","","","","","","","","","","","","","","","","","","","","","","","","","","","","","","","","","","","","","","","","","","","","","","","","","","","","","","","","","","","","","","","","","","","","","","","","","","","","","","","","","","","","","","","","","","","","","","","","","","","","","","","","","","","","","","","","","","","","","","","","","","","","","","","","","","","","","","","","","","","","","","","","27.805","27.946","28.12","27.911","27.981","27.631","27.212","27.072","27.212","26.932","26.863","27.003",
"T10","whole country","A01315","Dried shredded pollack","T[14101.ausgabe]","CPI[2020=100]","2020=100","","","","","","","","","","","","","","","","","","","","","","","","","","","","","","","","","","","","","","","","","","","","","","","","","","","","","","","","","","","","","","","","","","","","","","","","","","","","","","","","","","","","","","","","","","","","","","","","","","","","","","","","","","","","","","","","","","","","","","","","","","","","","","","","","","","","","","","","","","","","","","","","","","","","","","","","","","","","","","","","","","","","","","","","","","","","","","","","","","","","","","","","","","","","","","","","","","","","","","","","","","","","","","","","","","","","","","","","","","","","","","","","","","","","","","","","","","","","","","","","","","","","","","","","","","","","","","","","","","","","","","","","","","","","","","","","","","","","","","","","","","","","","","","","","","","","","","","","","","","","","22.803","22.915","23.08","22.915","22.97","22.693","22.332","22.193","22.332","22.082","22.055","22.166",
"T10","whole country","A01316","Fish cake","T[14101.ausgabe]","CPI[2020=100]","2020=100","","","","","","","","","","","","","","","","","","","","","","","","","","","","","","","","","","","","","","","","","","","","","","","","","","","","","","","","","","","","","","","","","","","","","","","","","","","","","","","","","","","","","","","","","","","","","","","","","","","","","","","","","","","","","","","","","","","","","","","","","","","","","","","","","","","","","","","","","","","","","","","","","","","","","","","","","","","","","","","","","","","","","","","","","","","","","","","","","","","","","","","","","","","","","","","","","","","","","","","","","","","","","","","","","","","","","","","","","","","","","","","","","","","","","","","","","","","","","","","","","32.887","32.887","32.887","32.887","32.887","32.887","32.887","32.887","32.887","32.836","32.785","32.174","32.174","32.174","32.174","32.276","32.276","32.276","33.04","33.396","33.396","33.396","33.396","33.447","33.447","33.447","33.447","33.447","33.447","33.447","33.447","33.447","33.447","33.447","33.447","33.447","33.447","33.447","33.447","33.447","33.6","33.6","33.295","33.192","33.192","33.192","33.192","33.192","33.192","33.141","33.09","33.09","33.09","34.058","34.566","36.96","37.978","37.825","37.673","37.978","37.978","37.978","37.978","37.368","37.57","37.673","37.673","37.673","37.621","37.57","37.621","37.621",
"T10","whole country","A01317","Imitation crab meat","T[14101.ausgabe]","CPI[2020=100]","2020=100","","","","","","","","","","","","","","","","","","","","","","","","","","","","","","","","","","","","","","","","","","","","","","","","","","","","","","","","","","","","","","","","","","","","","","","","","","","","","","","","","","","","","","","","","","","","","","","","","","","","","","","","","","","","","","","","","","","","","","","","","","","","","","","","","","","","","","","","","","","","","","","","","","","","","","","","","","","","","","","","","","","","","","","","","","","","","","","","","","","","","","","","","","","","","","","","","","","","","","","","","","","","","","","","","","","","","","","","","","","","","","","","","","","","","","","","","","","","","","","","","","","","","","","","","","","","","","","","","","","","","","","","","","","","","","","","","","","","","","","","","","","","","","","","","","","","","","","","","","","","","54.278","54.209","54.278","54.278","54.693","54.902","54.902","54.902","54.971","54.971","54.832","54.832",
"T10","whole country","A01318","Canned marine products","T[14101.ausgabe]","CPI[2020=100]","2020=100","","","","","","","","","","","","","","","","","","","","","","","","","","","","","","","","","","","","","","","","","","","","","","","","","","","","","","","","","","","","","","","","","","","","","","","","","","","","","","","","","","","","","","","","","","","","","","","","","","","","","","","","","","","","","","","","","","","","","","","","","2.706","2.706","2.77","2.802","2.802","2.802","2.802","2.802","2.802","2.802","2.802","2.802","2.931","3.19","3.253","3.285","3.285","3.285","3.285","3.285","3.285","3.285","3.285","3.285","3.382","3.671","3.898","3.898","3.898","3.962","3.994","3.994","3.994","3.994","3.994","3.994","4.123","4.831","5.411","5.411","5.411","5.411","5.411","5.444","5.444","5.733","5.798","6.055","6.217","6.249","6.249","6.249","6.313","6.313","6.41","6.506","6.636","6.668","6.668","6.668","6.668","6.732","7.15","8.084","8.182","8.182","8.182","8.182","8.182","8.182","8.278","8.375","8.761","9.759","9.856","9.856","9.952","10.629","10.888","11.821","14.043","14.14","14.237","14.269","14.269","14.301","14.237","14.043","14.043","14.043","14.043","14.043","14.043","14.043","14.043","14.043","14.043","14.043","14.043","14.043","14.043","14.043","14.172","14.172","14.172","14.204","14.204","14.43","15.654","16.137","16.233","16.716","16.975","17.071","17.071","17.071","17.071","17.071","17.071","17.103","17.457","19.455","19.744","20.647","21.129","21.838","22.289","23.159","23.513","23.642","23.803","23.803","23.803","23.868","23.868","23.578","23.545","23.545","23.642","23.642","23.609","23.578","23.578","23.449","23.319","23.319","23.481","23.481","23.449","23.416","23.835","23.19","22.804","22.836","22.869","22.965","22.804","23.545","23.513","23.609","23.996","24.254","24.447","24.576","24.544","24.544","24.512","24.544","24.673","24.834","25.059","25.445","26.025","26.284","26.348","26.315","26.284","26.284","26.284","26.38","26.412","26.444","26.412","26.477","26.444","26.412","26.444","26.51","26.51","26.51","26.637","27.056",
"T10","whole country","A01319","Fermented fish","T[14101.ausgabe]","CPI[2020=100]","2020=100","","","","","","","","","","","","","","","","","","","","","","","","","","","","","","","","","","","","","","","","","","","","","","","","","","","","","","","","","","","","","","","","","","","","","","","","","","","","","","","","","","","","","","","","","","","","","","","","","","","","","","","","","","","","","","","","","","","","","","","","","2.3","2.282","2.282","2.356","2.374","2.392","2.392","2.411","2.411","2.411","2.429","2.485","2.485","2.485","2.485","2.504","2.504","2.504","2.504","2.504","2.559","2.968","3.523","3.932","4.043","4.025","4.043","4.043","4.043","4.043","4.247","4.693","4.731","4.786","4.897","4.972","4.952","4.952","4.952","4.952","4.952","4.952","4.952","4.952","4.972","5.176","5.306","5.324","5.344","5.362","5.436","5.491","5.51","5.547","5.566","5.548","5.994","6.402","6.81","7.051","7.162","7.199","7.497","8.093","8.353","8.5","8.612","8.797","9.242","9.948","11.472","11.229","10.411","10.337","10.337","10.411","10.411","10.356","10.337","10.356","10.375","10.374","10.429","10.577","10.522","10.466","10.466","10.429","10.467","10.542","10.578","10.635","10.653","10.596","11.099","11.135","11.135","11.135","11.099","11.025","11.043","11.043","11.062","11.081","11.062","11.117","11.861","12.325","12.325","12.325","12.325","12.38","12.38","12.399","12.399","12.492","12.695","12.825","14.385","14.793","14.793","14.793","14.868","15.017","15.017","15.017","15.017","15.017","15.221","15.35","15.87","16.148","16.148","16.148","16.166","16.166","16.166","16.166","16.148","16.13","16.13","16.39","16.948","17.19","17.469","17.599","16.929","16.91","16.91","16.91","16.892","16.929","16.929","16.929","16.799","16.687","16.706","16.688","16.706","16.743","16.91","16.91","16.874","17.023","17.543","18.044","18.433","18.582","18.582","18.582","18.544","18.544","18.581","18.599","18.913","19.265","19.469","20.765","21.042","21.949","22.062","22.024","23.527","23.453","23.23","23.175","23.137","23.619","23.545","23.155","24.043","24.542",
"T10","whole country","A014","Milk, cheese and eggs","T[14101.ausgabe]","CPI[2020=100]","2020=100","","","","","","","","","","","","","","","","","","","","","","","","","","","","","","","","","","","","","","","","","","","","","","","","","","","","","","","","","","","","","","","","","","","","","","","","","","","","","","","","","","","","","","","","","","","","","","","","","","","","","","","","","","","","","","","","","","","","","","","","","","","","","","","","","","","","","","","","","","","","","","","","","","","","","","","","","","","","","","","","","","","","","","","","","","","","","","","","","","","","","","","","","","","","","","","","","","","","","","","","","","","","","","","","","","","","","","","","","","","","","","","","","","","","","","","","","","","","","","","","","25.097","26.264","25.378","25.275","24.744","24.465","24.616","25.023","26.187","26.136","25.378","25.352","25.378","25.023","25.047","25.528","25.074","25.097","25.275","25.2","25.782","25.275","25.555","25.605","25.453","25.174","25.352","25.655","25.528","25.2","25.047","25.074","25.985","25.908","25.047","24.921","24.82","25.074","24.693","24.769","24.516","24.111","24.01","24.339","26.238","25.555","25.731","26.718","27.175","27.934","28.087","30.796","30.847","29.1","29.531","29.202","30.442","30.29","30.543","30.645","30.725","30.695","30.787","31.034","31.407","31.097","30.416","30.138","31.469","31.684","30.973","30.973",
"T10","whole country","A01401","Milk","T[14101.ausgabe]","CPI[2020=100]","2020=100","","","","","","","","","","","","","","","","","","","","","","","","","","","","","","","","","","","","","","","","","","","","","","","","","","","","","","","","","","","","","","","","","","","","","","","","","","","","","","","","","","","","","","","","","","","","","","","","","","","","","","","","","","","","","","","","","","","","","","","","","","","","","","","","","","","","","","","","","","","","","","","","","","","","","","","","","","","","","","","","","","","","","","","","","","","","","","","","","","","","","","","","","","","","","","","","","","","","","","","","","","","","","","","","","","","","","","","","","","","","","","","","","","","","","","","","","","","","","","","","","18.619","18.619","18.619","18.652","18.821","18.619","19.398","19.941","20.009","20.009","20.009","20.009","20.009","20.009","20.009","20.009","20.009","20.009","20.009","20.009","20.009","20.009","20.075","20.075","20.075","20.416","20.585","20.585","20.551","20.551","20.516","20.516","20.516","20.516","20.516","20.516","20.516","20.516","20.516","20.484","20.484","20.484","20.484","20.484","20.484","20.484","20.484","20.484","20.484","20.484","20.516","23.434","24.858","24.858","24.993","25.027","25.027","25.027","25.027","24.993","24.993","24.96","24.96","24.824","24.824","24.79","24.757","24.757","24.757","24.757","24.757","24.757",
"T10","whole country","A01402","Milk powder","T[14101.ausgabe]","CPI[2020=100]","2020=100","","","","","","","","","","","","","","","","","","","","","","","","","","","","","","","","","","","","","","","","","","","","","","","","","","","","","","","","","","","","","","","","","","","","","","","","","","","","","","","","","","","","","","","","","","","","","","","","","","","","","","","","","","","","","","","","","","","","","","","","","21.459","21.67","21.741","21.884","21.884","21.884","21.884","21.884","21.884","21.884","21.884","21.884","21.955","22.238","22.168","22.519","22.733","22.733","22.733","22.733","22.733","22.733","24.22","24.292","24.292","24.292","24.292","24.292","24.292","24.292","23.582","23.511","23.511","23.511","23.511","23.511","26.416","26.912","26.912","26.912","26.912","26.912","26.912","26.912","26.912","26.912","26.912","26.912","26.912","30.878","31.515","31.515","31.443","31.443","31.727","32.364","32.506","32.506","32.506","34.277","36.685","39.801","40.58","40.58","40.58","40.58","40.58","40.58","40.58","40.58","40.58","41.146","43.129","43.767","43.978","44.05","43.978","45.892","46.953","48.229","48.866","48.866","48.866","48.866","48.866","48.866","48.866","48.866","48.866","48.796","48.653","48.582","48.512","48.439","48.439","48.369","48.369","48.369","48.369","48.299","48.299","48.229","48.229","48.229","48.229","48.229","48.229","48.229","48.229","48.229","48.229","48.158","48.158","48.158","48.158","48.158","48.158","48.158","48.158","48.158","48.158","48.229","48.229","48.229","48.229","48.229","48.229","48.229","48.229","48.229","48.229","48.439","48.724","48.866","49.078","49.078","48.796","48.369","48.866","49.858","49.999","50.849","51.77","51.699","51.84","52.265","52.761","52.761","53.186","53.186","53.186","53.186","53.257","53.257","52.974","52.974","53.044","53.257","53.257","53.257","53.257","53.257","53.257","53.257","53.327","53.257","53.257","54.602","56.301","56.727","56.727","57.151","58.64","59.206","59.418","59.418","59.418","59.418","59.772","59.772","60.126","60.056","59.984","59.984","60.41","61.684","62.534","63.101","63.454","63.454","63.454","63.526",
"T10","whole country","A01403","Cheese","T[14101.ausgabe]","CPI[2020=100]","2020=100","","","","","","","","","","","","","","","","","","","","","","","","","","","","","","","","","","","","","","","","","","","","","","","","","","","","","","","","","","","","","","","","","","","","","","","","","","","","","","","","","","","","","","","","","","","","","","","","","","","","","","","","","","","","","","","","","","","","","","","","","","","","","","","","","","","","","","","","","","","","","","","","","","","","","","","","","","","","","","","","","","","","","","","","","","","","","","","","","","","","","","","","","","","","","","","","","","","","","","","","","","","","","","","","","","","","","","","","","","","","","","","","","","","","","","","","","","","","","","","","","","","","","","","","","","","","","","","","","","","","","","","","","","","","","","","","","","","","","","","","","","","","","","","","","","","","","","","","","","","","","40.738","40.738","40.738","40.783","40.783","40.783","40.783","40.783","40.783","40.783","40.877","41.531",
"T10","whole country","A01404","Fermented milk","T[14101.ausgabe]","CPI[2020=100]","2020=100","","","","","","","","","","","","","","","","","","","","","","","","","","","","","","","","","","","","","","","","","","","","","","","","","","","","","","","","","","","","","","","","","","","","","","","","","","","","","","","","","","","","","","","","","","","","","","","","","","","","","","","","","","","","","","","","","","","","","","","","","19.053","19.053","21.76","21.76","21.76","21.76","21.76","21.76","21.76","21.76","21.76","21.76","21.76","21.76","21.76","21.76","21.76","21.76","21.76","21.76","21.76","21.76","21.76","21.76","21.867","21.867","21.921","22.949","22.949","22.949","22.949","22.949","22.949","23.437","25.657","25.657","25.657","25.657","25.657","25.657","25.657","25.657","25.657","25.657","25.657","25.657","25.657","25.657","25.657","25.007","24.736","24.736","24.736","24.736","25.33","25.873","25.873","25.873","25.873","27.55","28.903","28.903","29.769","31.61","31.61","31.61","31.61","31.61","31.61","31.61","32.584","32.638","32.638","32.638","34.803","38.105","38.105","38.105","38.105","38.105","38.105","38.105","38.105","38.105","38.105","38.105","38.105","38.105","38.105","38.105","38.105","38.105","38.105","38.105","38.105","38.105","38.105","38.105","38.105","38.105","38.105","38.105","38.105","38.105","38.105","38.105","38.105","38.105","38.105","38.105","38.105","38.105","38.105","38.105","38.105","38.105","38.105","38.105","38.105","38.105","38.105","38.105","38.105","38.105","38.105","38.105","38.105","38.105","38.105","38.105","39.134","40.811","40.811","40.811","40.811","40.811","40.811","40.811","40.811","40.811","40.811","40.811","40.811","40.811","40.811","40.811","40.811","40.811","40.811","40.323","40.053","40.053","40.053","40.053","40.053","40.053","40.053","40.053","40.053","39.783","39.783","39.783","39.783","39.783","39.783","39.783","39.838","42.327","39.295","39.242","39.242","39.242","39.242","39.242","39.242","39.242","39.242","41.948","41.948","41.948","41.948","41.948","41.948","41.948","41.948","41.948","41.948","41.948","41.948","41.948","41.948","41.948",
"T10","whole country","A01405","Egg","T[14101.ausgabe]","CPI[2020=100]","2020=100","","","","","","","","","","","","","","","","","","","","","","","","","","","","","","","","","","","","","","","","","","","","","","","","","","","","","","","","","","","","","","","","","","","","","","","","","","","","","","","","","","","","","","","","","","","","","","","","","","","","","","","","","","","","","","","","","","","","","","","","","11.042","12.801","12.964","13.332","13.25","13.209","12.964","13.332","14.354","14.232","12.759","12.514","12.145","12.433","13.332","14.109","13.863","13.332","13.863","13.823","14.682","14.272","13.004","12.636","12.678","13.987","13.659","14.354","14.805","14.232","13.741","15.214","17.012","15.008","14.477","14.395","14.313","15.335","15.581","17.299","17.34","16.44","15.091","16.235","19.221","18.935","17.177","16.4","16.767","16.317","16.563","18.566","17.586","15.704","15.704","15.949","18.361","18.608","14.805","15.049","15.335","17.953","19.139","20.571","20.571","18.199","17.872","19.793","21.225","20.857","20.079","20.857","20.979","20.979","21.225","21.062","23.188","25.437","22.534","23.188","26.746","26.255","23.964","24.088","24.455","23.025","23.638","24.66","25.886","25.601","25.437","26.582","31.326","30.672","25.151","26.091","28.382","31.98","29.118","28.995","28.014","24.987","26.705","25.437","28.913","26.214","27.032","26.827","26.5","27.359","29.281","29.241","27.441","25.151","26.746","25.683","31.122","29.731","27.032","28.423","27.89","30.998","28.218","27.85","26.091","25.397","24.251","25.069","28.668","28.504","26.091","25.886","25.928","24.782","24.823","26.255","24.906","25.028","25.519","25.192","26.992","25.232","25.969","26.01","25.437","24.251","24.578","25.478","25.069","24.128","23.679","23.719","26.541","26.337","23.719","23.311","22.943","23.679","22.534","22.902","22.41","21.062","20.857","21.757","27.645","25.519","26.05","28.871","30.304","32.552","33.044","36.683","34.394","28.871","30.139","29.076","32.881","32.226","33.044","33.331","33.208","33.166","33.616","34.843","36.438","34.802","31.571","30.222","36.274","37.256","34.025","33.944",
"T10","whole country","A015","Oils and fats","T[14101.ausgabe]","CPI[2020=100]","2020=100","","","","","","","","","","","","","","","","","","","","","","","","","","","","","","","","","","","","","","","","","","","","","","","","","","","","","","","","","","","","","","","","","","","","","","","","","","","","","","","","","","","","","","","","","","","","","","","","","","","","","","","","","","","","","","","","","","","","","","","","","","","","","","","","","","","","","","","","","","","","","","","","","","","","","","","","","","","","","","","","","","","","","","","","","","","","","","","","","","","","","","","","","","","","","","","","","","","","","","","","","","","","","","","","","","","","","","","","","","","","","","","","","","","","","","","","","","","","","","","","","38.802","39.009","39.424","40.253","41.372","41.953","42.325","42.036","42.077","42.989","43.196","43.983","44.44","44.937","44.978","44.896","44.73","44.772","44.854","44.565","44.273","44.565","44.606","44.606","44.772","45.351","45.974","46.637","48.047","47.839","50.781","49.331","48.087","48.17","47.922","48.005","48.005","48.129","48.005","48.129","48.129","48.17","48.212","47.922","45.476","44.647","44.066","43.693","43.569","43.693","43.819","43.735","43.652","43.652","44.44","42.533","42.409","42.367","43.071","44.48","45.267","46.516","47.573","48.197","49.495","49.926","49.398","49.109","48.15","47.813","47.668","47.621",
"T10","whole country","A01501","Sesame oil","T[14101.ausgabe]","CPI[2020=100]","2020=100","","","","","","","","","","","","","","","","","","","","","","","","","","","","","","","","","","","","","","","","","","","","","","","","","","","","","","","","","","","","","","","","","","","","","","","","","","","","","","","","","","","","","","","","","","","","","","","","","","","","","","","","","","","","","","","","","","","","","","","","","5.246","5.642","5.642","5.81","6.995","8.179","8.236","8.348","7.784","7.503","7.503","7.503","7.503","7.503","7.503","7.503","7.503","7.503","7.503","7.615","7.503","7.22","7.164","7.22","7.22","7.39","7.446","7.615","8.179","8.348","8.63","8.8","8.743","8.348","8.913","9.307","10.097","10.774","10.718","12.072","13.595","14.61","14.61","14.385","13.087","12.917","12.975","13.031","13.143","13.651","13.876","13.933","13.933","13.876","13.876","13.876","14.893","15.852","17.374","19.292","23.241","23.466","23.466","22.676","22.395","22.226","22.112","22.056","24.087","29.164","32.153","33.225","33.846","33.846","33.452","33.846","34.015","34.128","34.184","33.281","31.194","30.46","30.46","30.687","30.687","31.307","33.677","34.41","35.199","35.142","34.974","35.142","34.297","33.903","33.62","33.846","34.466","35.256","35.313","35.369","35.369","35.708","36.215","36.102","34.466","34.466","34.466","34.466","34.466","34.015","33.789","33.789","33.789","34.015","34.128","34.128","33.677","33.395","33.225","33.225","33.452","33.507","34.24","35.594","37.399","38.358","39.035","38.528","38.471","39.768","40.107","41.404","42.138","42.983","43.04","43.04","43.04","43.154","43.435","43.322","42.815","43.322","43.435","43.435","43.717","44.676","45.691","46.82","49.415","50.487","56.241","53.816","51.783","52.066","51.671","51.615","51.164","50.88","50.6","50.6","50.544","50.544","50.6","49.978","45.805","44.338","43.322","42.759","42.532","42.815","42.928","42.703","42.532","42.589","43.83","43.886","43.774","43.83","44.958","47.384","48.4","50.6","52.405","53.532","55.789","56.522","55.677","55.226","53.532","52.913","52.574","52.461",
"T10","whole country","A01502","Cooking oil","T[14101.ausgabe]","CPI[2020=100]","2020=100","","","","","","","","","","","","","","","","","","","","","","","","","","","","","","","","","","","","","","","","","","","","","","","","","","","","","","","","","","","","","","","","","","","","","","","","","","","","","","","","","","","","","","","","","","","","","","","","","","","","","","","","","","","","","","","","","","","","","","","","","18.721","19.742","20.439","20.439","20.486","20.486","20.486","20.95","21.367","22.111","23.086","23.458","24.248","24.527","24.667","24.667","24.667","24.667","24.62","25.13","25.408","25.921","25.827","25.595","25.641","25.688","25.688","25.827","26.199","26.154","25.178","24.572","24.481","24.387","24.387","24.387","24.387","24.527","24.527","24.481","24.481","24.481","24.481","24.481","24.481","24.481","24.481","24.9","25.224","25.27","25.27","25.781","26.85","27.221","27.359","27.359","27.359","27.359","27.359","27.359","27.547","32.191","32.331","32.331","32.331","32.331","32.331","32.981","35.443","35.489","38.416","41.807","41.807","41.807","41.9","41.9","41.9","41.9","41.9","41.76","41.202","41.063","41.063","41.063","41.063","41.017","41.017","41.111","41.111","41.063","41.017","41.017","40.924","40.831","40.831","40.831","40.831","38.88","38.183","38.137","38.092","38.092","38.092","38.092","38.043","38.043","38.043","38.092","39.113","40.367","40.692","40.924","41.621","42.085","42.133","41.993","41.9","41.807","41.76","41.76","41.807","42.179","42.179","42.225","42.272","42.272","42.272","42.272","42.457","42.69","42.783","42.783","42.783","42.783","42.783","42.55","42.179","42.038","41.854","41.342","41.296","41.296","41.296","41.296","41.249","41.249","41.202","41.157","40.831","38.741","37.533","37.487","37.347","37.022","36.976","37.116","37.811","38.462","38.509","38.741","38.835","38.88","38.835","39.019","39.066","39.159","39.206","39.206","39.113","39.113","39.297","39.392","39.392","39.392","39.484","34.653","34.653","34.561","34.515","34.468","34.793","34.793","34.839","34.839","34.839","34.839","34.699","34.699","34.699","34.746","34.839","34.886",
"T10","whole country","A016","Fruit","T[14101.ausgabe]","CPI[2020=100]","2020=100","","","","","","","","","","","","","","","","","","","","","","","","","","","","","","","","","","","","","","","","","","","","","","","","","","","","","","","","","","","","","","","","","","","","","","","","","","","","","","","","","","","","","","","","","","","","","","","","","","","","","","","","","","","","","","","","","","","","","","","","","","","","","","","","","","","","","","","","","","","","","","","","","","","","","","","","","","","","","","","","","","","","","","","","","","","","","","","","","","","","","","","","","","","","","","","","","","","","","","","","","","","","","","","","","","","","","","","","","","","","","","","","","","","","","","","","","","","","","","","","","18.787","19.014","19.243","19.68","20.078","20.288","18.938","19.375","19.356","18.502","17.324","17.381","17.913","18.103","18.198","18.198","18.312","18.958","18.482","18.464","18.255","18.027","18.065","18.312","19.148","19.451","20.535","21.295","22.434","23.878","22.51","22.777","23.612","23.023","21.655","22.093","22.718","23.156","23.782","23.915","24.333","25.113","23.536","25.094","25.644","24.865","24.029","24.6","25.055","25.53","25.986","26.177","26.935","27.183","25.17","26.841","27.753","26.841","25.568","25.321","25.959","26.327","25.987","26.749","27.143","29.059","28.242","28.524","28.356","30.639","30.3","30.949",
"T10","whole country","A01601","Apple","T[14101.ausgabe]","CPI[2020=100]","2020=100","","","","","","","","","","","","","","","","","","","","","","","","","","","","","","","","","","","","","","","","","","","","","","","","","","","","","","","","","","","","","","","","","","","","","","","","","","","","","","","","","","","","","","","","","","","","","","","","","","","","","","","","","","","","","","","","","","","","","","","","","","","","","","","","","","","","","","","","","","","","","","","","","","","","","","","","","","","","","","","","","","","","","","","","","","","","","","","","","","","","","16.254","16.632","16.757","17.325","17.639","17.639","17.639","17.639","17.639","18.206","15.844","16.033","16.726","17.167","17.829","18.743","18.931","18.931","18.931","18.931","18.931","17.135","15.34","17.103","17.987","18.805","19.214","19.372","19.404","19.404","19.404","19.404","19.404","17.23","14.269","14.836","15.435","15.844","15.403","15.371","16.695","16.695","16.695","16.695","16.695","14.3","11.497","11.749","13.576","14.427","15.057","14.427","14.048","14.048","14.048","14.048","14.048","14.805","14.238","15.592","16.79","16.79","17.419","20.097","22.049","22.049","22.049","22.049","22.049","19.089","15.214","15.939","17.042","16.978","16.569","16.412","16.474","16.474","16.474","16.474","16.474","17.167","15.844","15.844","16.663","17.545","21.135","23.908","24.223","24.223","24.223","24.223","24.223","18.962","17.135","17.671","18.081","18.931","19.939","20.16","20.317","20.317","20.317","20.317","20.317","19.184","16.127","16.033","17.325","18.962","20.883","22.365","23.026","23.026","23.026","23.026","23.026","17.577","15.592","16.507","17.293","17.419","16.127","17.103","17.545","17.545","17.545","17.545","17.545","22.019","18.647","19.309",
"T10","whole country","A01602","Pear","T[14101.ausgabe]","CPI[2020=100]","2020=100","","","","","","","","","","","","","","","","","","","","","","","","","","","","","","","","","","","","","","","","","","","","","","","","","","","","","","","","","","","","","","","","","","","","","","","","","","","","","","","","","","","","","","","","","","","","","","","","","","","","","","","","","","","","","","","","","","","","","","","","","2.716","2.913","3.259","3.407","3.506","3.605","3.605","3.605","3.259","3.309","3.458","3.556","3.901","3.951","4.001","3.951","3.951","3.951","3.951","3.951","4.445","3.407","3.654","4.001","4.198","4.296","4.642","5.186","5.285","5.285","5.285","5.285","5.68","4.84","4.939","5.531","5.581","5.729","5.729","5.729","5.729","5.729","5.729","5.729","5.729","6.075","6.667","7.112","8.248","7.852","8","8.495","8.742","8.742","8.742","8.742","8.446","7.408","7.458","7.804","8.396","10.421","10.865","11.261","11.309","11.309","11.309","11.309","12.346","8.296","8.495","8.988","11.161","11.606","12.545","12.693","12.791","12.791","12.791","12.791","15.014","11.507","12.249","14.471","15.854","17.088","17.187","17.187","17.187","17.187","17.187","17.187","13.779","10.667","10.569","12.989","14.421","15.706","14.619","12.939","13.088","13.088","13.088","13.088","12.742","10.767","10.47","12.249","13.878","15.212","14.569","12.89","12.939","12.939","12.939","12.939","12.841","11.606","13.582","15.952","17.878","17.533","17.681","17.73","17.73","17.73","17.73","17.73","17.433","16.396","16.742","18.866","20.447","20.792","20.94","20.94","20.94","20.94","20.94","20.94","20.447","18.669","17.533","17.927","20.644","22.817","23.558","24.25","24.25","24.25","24.25","24.25","23.953","18.718","20.051","24.941","26.965","28.694","30.571","31.015","31.015","31.015","31.015","31.015","26.521","19.014","18.718","20.545","23.162","24.644","24.842","24.842","24.842","24.842","24.842","24.842","24.2","19.114","19.261","21.384","23.311","24.398","24.398","24.398","24.398","24.398","24.398","24.398","25.434","24.99","29.04","34.966",
"T10","whole country","A01603","Peach","T[14101.ausgabe]","CPI[2020=100]","2020=100","","","","","","","","","","","","","","","","","","","","","","","","","","","","","","","","","","","","","","","","","","","","","","","","","","","","","","","","","","","","","","","","","","","","","","","","","","","","","","","","","","","","","","","","","","","","","","","","","","","","","","","","","","","","","","","","","","","","","","","","","2.227","2.227","2.227","2.227","2.227","2.227","2.099","2.056","2.784","2.869","2.869","2.869","2.869","2.869","2.869","2.869","2.869","2.869","3.383","3.083","3.169","3.64","3.64","3.64","3.64","3.64","3.64","3.64","3.64","3.64","3.811","4.068","4.881","5.267","5.267","5.267","5.267","5.267","5.267","5.267","5.267","5.267","5.995","6.251","6.122","6.122","6.122","6.122","6.122","6.122","6.122","6.122","6.122","6.122","7.493","7.837","7.75","7.837","7.837","7.837","7.837","7.837","7.837","7.837","7.837","7.837","9.592","10.191","12.076","12.076","12.076","12.076","12.076","12.076","12.076","12.076","12.076","12.076","12.932","13.017","14.558","14.558","14.558","14.558","14.558","14.558","14.558","14.558","14.558","14.558","14.945","11.391","11.989","11.947","11.947","11.947","11.947","11.947","11.947","11.947","11.947","11.947","11.004","10.02","10.875","10.962","10.962","10.962","10.962","10.962","10.962","10.962","10.962","10.962","11.604","11.776","11.303","11.303","11.303","11.303","11.391","11.391","11.391","11.391","11.391","11.391","11.733","10.748","11.175","11.262","11.262","11.262","11.262","11.262","11.262","11.262","11.262","11.262","11.219","11.219","11.604","11.604","11.604","11.604","11.604","11.604","11.604","11.604","11.604","11.604","12.974","12.332","14.945","15.072","15.072","15.072","15.072","15.072","15.072","15.072","15.072","15.072","15.116","15.372","15.329","15.543","15.543","15.543","15.543","15.543","15.543","15.543","15.543","15.543","15.929","15.629","17.77","17.77","17.77","17.77","17.686","17.686","17.686","17.686","17.686","17.686","19.012","22.566","22.566","22.866","22.866","22.866",
"T10","whole country","A01604","Grape","T[14101.ausgabe]","CPI[2020=100]","2020=100","","","","","","","","","","","","","","","","","","","","","","","","","","","","","","","","","","","","","","","","","","","","","","","","","","","","","","","","","","","","","","","","","","","","","","","","","","","","","","","","","","","","","","","","","","","","","","","","","","","","","","","","","","","","","","","","","","","","","","","","","7.111","7.111","7.111","7.111","7.111","7.111","7.111","6.936","5.092","6.321","6.321","6.321","6.321","6.321","6.321","6.321","6.321","6.321","6.321","6.847","6.408","6.936","6.936","6.936","6.936","6.936","6.936","6.936","6.936","6.936","6.936","7.286","11.676","14.046","14.046","14.046","14.046","14.046","14.046","14.046","14.046","14.046","14.046","12.73","11.85","11.85","11.85","11.85","11.85","11.85","11.85","11.85","11.85","11.85","11.85","14.31","16.767","16.767","16.767","16.767","16.591","16.591","16.591","16.591","16.591","16.591","16.591","19.226","22.211","22.825","22.825","22.825","22.825","22.825","22.825","22.825","22.825","22.825","22.825","23.352","26.776","28.268","28.268","28.268","28.268","28.268","28.268","28.268","28.268","28.268","28.268","24.932","28.62","30.2","30.2","30.2","30.2","30.2","30.2","30.2","30.2","30.2","30.2","26.161","21.508","22.649","22.649","22.649","22.649","22.649","22.649","22.649","22.649","22.649","22.649","21.947","20.63","20.63","20.63","20.63","20.719","20.719","20.719","20.719","20.719","20.719","20.719","22.298","23.79","24.757","24.757","24.757","25.02","25.02","25.02","25.02","25.02","25.02","25.02","27.039","19.841","21.158","21.158","21.158","21.158","21.158","21.158","21.158","21.158","21.158","21.158","25.283","23.001","24.844","24.844","24.844","24.844","24.844","24.844","24.844","24.844","24.844","24.844","25.106","28.706","29.761","29.761","29.761","29.761","29.761","29.761","29.761","29.761","29.761","29.761","32.043","32.658","38.803","38.803","38.803","38.101","38.101","38.101","38.101","38.101","38.101","38.101","37.925","45.562","47.669","47.669","47.669",
"T10","whole country","A01605","Chestnut","T[14101.ausgabe]","CPI[2020=100]","2020=100","","","","","","","","","","","","","","","","","","","","","","","","","","","","","","","","","","","","","","","","","","","","","","","","","","","","","","","","","","","","","","","","","","","","","","","","","","","","","","","","","","","","","","","","","","","","","","","","","","","","","","","","","","","","","","","","","","","","","","","","","7.092","8.459","8.887","8.887","8.887","8.887","8.887","8.887","9.997","7.69","7.391","7.52","8.118","9.527","10.041","10.041","10.041","10.041","10.041","10.041","10.894","6.579","6.963","7.606","8.118","8.587","9.014","9.014","9.014","9.014","9.014","9.014","8.16","7.776","8.502","11.962","14.356","19.525","20.251","20.251","20.251","20.251","20.251","20.251","14.441","10.041","10.041","10.212","10.296","11.877","12.731","12.731","12.731","12.731","12.731","12.731","10.723","9.229","9.655","13.202","17.645","22.772","23.583","23.583","23.583","23.583","23.583","23.583","18.072","8.673","17.432","19.353","19.995","20.336","20.422","20.422","20.422","20.422","20.422","20.422","17.816","12.647","12.005","12.048","15.893","19.867","20.336","20.336","20.336","20.336","20.336","20.336","14.953","14.356","14.569","16.364","20.08","22.216","23.626","23.626","23.626","23.626","23.626","23.626","15.124","11.664","11.493","13.757","14.825","15.552","15.723","15.723","15.723","15.723","15.723","15.723","17.816","13.885","14.27","16.491","18.456","20.422","20.508","20.508","20.508","20.508","20.508","20.508","14.953","11.621","11.322","12.902","14.611","17.901","18.029","18.029","18.029","18.029","18.029","18.029","17.943","14.783","18.799","21.234","21.917","23.114","23.669","23.669","23.669","23.669","23.669","23.669","17.687","20.806","24.693","27.686","32.726","34.777","34.863","34.863","34.863","34.863","34.863","34.863","24.993","18.542","18.713","19.182","19.353","20.08","20.465","20.465","20.465","20.465","20.465","20.465","19.439","19.696","21.49","23.456","29.693","32.342","32.427","32.427","32.427","32.427","32.427","32.427","27.984","21.234","23.755","26.061",
"T10","whole country","A01606","Persimmon","T[14101.ausgabe]","CPI[2020=100]","2020=100","","","","","","","","","","","","","","","","","","","","","","","","","","","","","","","","","","","","","","","","","","","","","","","","","","","","","","","","","","","","","","","","","","","","","","","","","","","","","","","","","","","","","","","","","","","","","","","","","","","","","","","","","","","","","","","","","","","","","","","","","11.187","11.187","11.187","11.187","11.187","11.187","11.187","11.187","11.27","11.021","11.522","12.94","13.191","13.191","13.191","13.191","13.191","13.191","13.191","13.191","13.191","11.939","12.774","14.193","14.61","14.61","14.61","14.61","14.61","14.61","14.61","14.61","14.861","14.861","15.778","16.447","16.447","16.447","16.447","16.447","16.447","16.447","16.447","16.447","16.447","17.782","18.451","19.034","19.034","19.034","19.034","19.034","19.034","19.034","19.034","19.034","19.034","22.375","23.46","23.293","22.959","22.959","22.959","22.959","22.959","22.959","22.959","22.959","26.382","26.799","26.717","27.133","27.133","27.133","27.133","27.133","27.133","27.133","27.133","27.133","36.651","29.22","26.967","28.385","29.721","28.553","28.553","28.553","28.553","28.553","28.553","28.553","31.225","29.137","27.968","33.228","33.562","33.562","33.562","33.562","33.562","33.562","33.562","33.562","33.562","35.9","32.977","38.821","41.076","41.076","41.076","41.076","41.076","41.076","41.076","41.076","38.821","32.56","33.479","35.732","35.9","35.9","35.9","35.9","35.9","35.9","35.9","35.9","35.566","33.562","34.731","38.07","38.07","38.07","38.07","38.07","38.07","38.07","38.07","38.07","42.745","42.329","41.243","43.33","43.998","43.998","43.998","43.998","43.998","43.998","43.998","43.998","56.438","50.26","50.677","53.015","54.433","54.433","54.433","54.433","54.433","54.433","54.433","54.433","54.433","53.683","55.603","55.435","55.686","55.686","55.686","55.686","55.686","55.686","55.686","55.686","59.109","57.94","58.024","57.689","59.61","59.61","59.61","59.61","59.61","59.61","59.61","59.61","61.28","67.542","69.128","78.06",
"T10","whole country","A01607","Mandarin orange","T[14101.ausgabe]","CPI[2020=100]","2020=100","","","","","","","","","","","","","","","","","","","","","","","","","","","","","","","","","","","","","","","","","","","","","","","","","","","","","","","","","","","","","","","","","","","","","","","","","","","","","","","","","","","","","","","","","","","","","","","","","","","","","","","","","","","","","","","","","","","","","","","","","17.069","20.514","24.494","25.031","25.031","26.944","26.944","26.944","26.944","26.944","17.605","16.61","14.849","20.744","22.046","21.816","21.816","21.816","21.816","21.816","21.816","21.816","19.518","18.371","21.356","23.806","24.035","24.035","24.035","24.035","24.035","24.035","24.035","24.035","17.529","16.61","18.295","21.203","21.509","21.509","21.509","21.509","21.509","21.509","21.509","21.509","21.05","20.514","24.188","28.246","29.546","29.546","29.546","29.546","29.546","29.546","29.546","29.546","25.107","24.572","26.791","28.322","28.628","28.628","28.628","28.628","28.628","28.628","28.628","31.001","23.117","20.973","20.36","21.433","22.198","22.198","22.198","22.198","22.198","22.198","22.198","22.198","23.729","19.825","22.198","23.27","23.117","23.117","23.117","23.117","23.117","23.117","23.117","24.418","21.662","18.983","18.371","21.968","23.346","23.346","23.346","23.346","23.346","23.346","23.346","23.117","17.834","16.075","18.524","19.366","18.218","18.218","18.218","18.218","18.218","18.218","18.218","18.218","21.05","25.107","25.49","26.791","27.939","28.246","28.246","28.246","28.246","28.246","28.246","28.322","24.725","21.356","22.81","22.964","24.265","24.494","24.494","24.494","24.494","24.494","24.494","24.494","26.255","25.949","30.235","30.235","34.292","37.047","37.047","37.047","37.047","37.047","37.047","37.047","29.546","27.71","29.164","30.005","33.297","33.91","33.91","33.91","33.91","33.91","33.91","33.91","31.307","34.905","35.823","36.742","37.89","37.508","37.508","37.508","37.508","37.508","37.508","37.508","29.087","24.035","24.572","25.566","26.714","28.781","28.781","28.781","28.781","28.781","28.781","28.781","34.292","34.752",
"T10","whole country","A01609","Korean melons","T[14101.ausgabe]","CPI[2020=100]","2020=100","","","","","","","","","","","","","","","","","","","","","","","","","","","","","","","","","","","","","","","","","","","","","","","","","","","","","","","","","","","","","","","","","","","","","","","","","","","","","","","","","","","","","","","","","","","","","","","","","","","","","","","","","","","","","","","","","","","","","","","","","5.902","5.902","5.902","5.902","5.902","5.902","6.792","6.739","6.896","6.896","6.896","6.896","6.896","6.896","6.896","6.896","6.896","6.948","7.418","7.104","8.045","8.045","8.045","8.045","8.045","8.045","8.045","8.045","8.045","11.022","10.447","11.388","11.388","11.388","11.388","11.388","11.388","11.388","11.388","11.388","11.388","11.388","14.105","14.94","15.097","15.097","15.097","15.097","15.097","15.097","15.097","15.097","15.097","16.403","16.456","15.725","16.195","16.195","16.195","16.195","16.141","16.141","16.141","16.141","16.141","17.919","18.65","21.419","21.575","21.575","21.575","21.575","21.575","21.575","21.575","21.575","21.575","25.65","22.045","26.955","28.053","28.053","28.053","28.053","28.053","28.053","28.053","28.053","28.053","23.508","15.255","18.284","19.015","19.015","19.015","19.015","19.015","19.015","19.015","19.015","19.015","19.015","15.62","20.007","20.426","20.426","20.426","20.426","20.426","20.426","20.426","20.426","20.426","18.963","17.658","21.627","22.15","22.15","22.15","22.15","22.045","22.045","22.045","22.045","22.045","27.792","17.239","19.434","19.955","19.955","19.955","19.955","19.955","19.955","19.955","19.955","19.955","23.195","20.792","21.001","21.105","20.27","20.27","20.27","20.27","20.27","20.27","20.27","20.27","27.478","23.456","24.447","25.127","25.127","25.127","25.127","25.127","25.127","25.127","25.127","25.127","36.307","24.135","30.717","35.784","35.784","35.784","35.784","35.784","35.784","35.784","35.784","40.12","39.442","29.255","40.487","42.315","42.315","42.315","42.315","40.538","40.538","40.538","40.538","42.054","56.837","43.255","48.582","45.502","45.502","45.502","45.502",
"T10","whole country","A01610","Watermelon","T[14101.ausgabe]","CPI[2020=100]","2020=100","","","","","","","","","","","","","","","","","","","","","","","","","","","","","","","","","","","","","","","","","","","","","","","","","","","","","","","","","","","","","","","","","","","","","","","","","","","","","","","","","","","","","","","","","","","","","","","","","","","","","","","","","","","","","","","","","","","","","","","","","3.887","3.887","3.887","3.887","3.887","3.83","3.771","4.701","5.745","5.745","5.745","5.745","5.745","5.745","5.745","5.745","5.745","6.557","4.177","4.41","5.049","5.049","5.049","5.049","5.049","5.049","5.049","5.049","5.049","5.745","4.875","6.441","6.731","6.731","6.731","6.731","6.731","6.731","6.731","6.731","6.731","6.731","9.922","9.981","10.097","10.097","10.097","10.097","10.097","10.097","10.097","10.097","10.097","10.852","11.779","12.766","13.752","13.752","13.752","13.752","13.577","13.577","13.577","13.577","13.577","13.577","10.503","11.896","13.288","13.288","13.288","13.288","13.288","13.288","13.288","13.288","13.288","20.193","16.829","19.09","19.554","19.554","19.554","19.554","19.554","19.554","19.554","19.554","19.554","20.715","12.302","16.595","17.524","17.524","17.524","17.524","17.524","17.524","17.524","17.524","17.524","18.394","12.418","18.859","19.613","19.613","19.613","19.613","19.613","19.613","19.613","19.613","19.613","20.948","15.957","20.425","21.354","21.354","21.354","21.354","21.18","21.18","21.18","21.18","21.18","23.675","16.422","19.38","20.193","20.251","20.251","20.251","20.251","20.251","20.251","20.251","20.251","25.474","22.166","20.715","20.483","20.483","20.483","20.483","20.483","20.483","20.483","20.483","20.483","34.642","21.934","22.283","28.549","28.549","28.549","28.549","28.549","28.549","28.549","28.549","28.549","30.928","22.456","33.191","39.515","39.515","39.515","39.515","39.515","39.515","39.515","39.515","39.515","40.618","26.635","35.281","39.168","39.168","39.168","39.168","39.342","39.342","39.342","39.342","39.342","51.818","48.568","47.234","42.707","42.707","42.707","42.707",
"T10","whole country","A01611","Strawberry","T[14101.ausgabe]","CPI[2020=100]","2020=100","","","","","","","","","","","","","","","","","","","","","","","","","","","","","","","","","","","","","","","","","","","","","","","","","","","","","","","","","","","","","","","","","","","","","","","","","","","","","","","","","","","","","","","","","","","","","","","","","","","","","","","","","","","","","","","","","","","","","","","","","3.188","3.188","3.188","3.188","7.337","4.452","5.008","5.008","5.008","5.008","5.008","5.008","5.008","5.008","5.008","5.008","6.932","6.325","6.78","6.78","6.78","6.78","6.78","6.78","6.78","6.78","6.78","6.78","6.78","6.678","7.133","7.133","7.133","7.133","7.133","7.133","7.133","7.133","7.133","7.133","7.133","8.753","9.259","9.259","9.259","9.259","9.259","9.259","9.259","9.259","9.259","9.259","10.068","9.41","9.309","9.309","9.309","9.309","9.309","9.309","9.612","9.612","9.612","9.612","10.372","12.395","12.395","12.395","12.395","12.395","12.395","12.395","12.395","12.395","12.395","12.395","13.204","15.431","18.415","18.415","18.415","18.415","18.415","18.415","18.415","18.415","18.415","18.415","17.354","13.963","14.066","14.066","14.066","14.066","14.066","14.066","14.066","14.066","14.066","14.066","15.785","12.749","13.053","13.053","13.053","13.053","13.053","13.053","13.053","13.053","13.053","13.053","22.869","19.074","18.769","18.769","18.769","18.769","18.769","18.769","18.212","18.212","18.212","18.212","19.326","15.33","15.33","15.33","15.33","15.33","15.33","15.33","15.33","15.33","15.33","15.33","16.342","15.431","15.533","15.533","15.533","15.533","15.533","15.533","15.533","15.533","15.533","15.533","26.41","21.857","22.312","22.312","22.312","22.312","22.312","22.312","22.312","22.312","22.312","22.312","26.207","24.942","25.195","25.195","25.195","25.195","25.195","25.195","25.195","25.195","25.195","25.195","29.192","31.014","30.963","30.963","30.963","30.963","30.963","30.963","31.064","31.064","31.064","31.064","34.505","36.781","37.187","37.187","37.187","37.187","37.187","37.187",
"T10","whole country","A01612","Banana","T[14101.ausgabe]","CPI[2020=100]","2020=100","","","","","","","","","","","","","","","","","","","","","","","","","","","","","","","","","","","","","","","","","","","","","","","","","","","","","","","","","","","","","","","","","","","","","","","","","","","","","","","","","","","","","","","","","","","","","","","","","","","","","","","","","","","","","","","","","","","","","","","","","","","","","","","","","","","","","","","","","","","","","","","","","","","","","","","","","","","","","","","","","","","","","","","","","","","","","","","","","","","","","","","","","","","","","","","","","","","","","","","","","","","","","","","","","","","","","","","","","","","","","","","","","","","","","","","","","","","","","","","","","","","","","","","","","","","","","","","","","","","","","","","","","","","","","","","","","","","","","","","","","","","","","","","","","","","","","","","","","","","","","144.478","147.673","149.974","154.999","155.939","160.683","149.974","138.982","145.372","180.222","172.144","134.051",
"T10","whole country","A01620","Processed fruit products","T[14101.ausgabe]","CPI[2020=100]","2020=100","","","","","","","","","","","","","","","","","","","","","","","","","","","","","","","","","","","","","","","","","","","","","","","","","","","","","","","","","","","","","","","","","","","","","","","","","","","","","","","","","","","","","","","","","","","","","","","","","","","","","","","","","","","","","","","","","","","","","","","","","8.473","8.727","9.336","9.336","9.387","9.487","9.487","9.487","9.438","9.438","9.438","9.438","9.438","9.438","9.487","9.487","9.487","9.487","9.539","9.539","9.539","9.539","9.539","9.539","9.59","10.046","10.656","10.706","10.756","10.807","11.009","11.112","11.162","11.162","11.265","11.265","11.467","12.126","13.649","14.004","14.004","14.004","14.004","14.004","14.004","14.359","14.46","14.867","15.273","15.324","15.526","16.034","17.606","17.657","18.164","19.179","19.382","19.382","19.382","19.382","19.432","19.535","20.042","22.578","23.239","23.441","23.543","23.543","23.543","23.644","23.948","24.253","24.812","25.674","26.892","27.145","27.5","28.617","29.377","30.038","30.341","30.341","30.291","30.24","30.291","30.341","30.291","29.53","29.53","29.53","29.377","29.175","29.175","29.175","29.175","29.175","29.175","29.175","29.175","29.276","29.276","29.276","29.326","29.377","29.377","29.377","29.428","29.428","29.428","29.377","29.377","29.377","29.479","29.682","29.682","29.682","29.783","29.783","29.783","29.783","29.682","29.885","29.986","29.986","29.986","29.885","29.885","29.885","29.885","29.885","29.834","29.834","29.834","29.834","29.834","29.834","29.834","29.682","29.783","29.834","29.682","29.682","29.58","29.58","29.58","29.58","29.58","29.58","29.58","29.53","29.58","29.377","29.276","29.225","29.175","29.175","29.124","29.124","29.124","29.124","29.124","29.377","29.276","29.175","29.276","29.377","29.885","30.341","30.341","30.544","30.798","31.356","32.016","32.219","32.422","32.625","32.676","32.878","33.334","33.334","33.235","33.235","33.488","33.842","33.842","33.893","33.893","33.741","34.299","35.111","36.075","37.039",
"T10","whole country","A017","Vegetables & seaweeds","T[14101.ausgabe]","CPI[2020=100]","2020=100","","","","","","","","","","","","","","","","","","","","","","","","","","","","","","","","","","","","","","","","","","","","","","","","","","","","","","","","","","","","","","","","","","","","","","","","","","","","","","","","","","","","","","","","","","","","","","","","","","","","","","","","","","","","","","","","","","","","","","","","","","","","","","","","","","","","","","","","","","","","","","","","","","","","","","","","","","","","","","","","","","","","","","","","","","","","","","","","","","","","","","","","","","","","","","","","","","","","","","","","","","","","","","","","","","","","","","","","","","","","","","","","","","","","","","","","","","","","","","","","","14.225","14.415","14.533","14.093","14.401","13.696","13.461","13.681","16.004","17.561","15.048","15.239","16.033","16.341","16.386","16.018","16.356","13.741","13.476","13.373","14.284","12.609","12.064","12.064","12.477","12.565","13.079","13.049","14.564","13.931","13.946","17.458","17.899","17.326","17.355","19.707","20.735","21.646","21.367","19.163","18.355","18.164","18.839","19.384","18.972","17.839","19.147","20.309","20.338","20.016","20.471","19.486","21.147","19.985","18.721","20.251","21.852","22.22","20.985","20.059","20.862","20.906","20.818","22.626","22.581","20.639","22.179","23.784","24.833","23.897","22.736","21.911",
"T10","whole country","A01701","Chinese cabbage","T[14101.ausgabe]","CPI[2020=100]","2020=100","","","","","","","","","","","","","","","","","","","","","","","","","","","","","","","","","","","","","","","","","","","","","","","","","","","","","","","","","","","","","","","","","","","","","","","","","","","","","","","","","","","","","","","","","","","","","","","","","","","","","","","","","","","","","","","","","","","","","","","","","3.667","3.667","3.667","3.667","3.667","5.402","5.485","8.48","11.56","11.336","8.425","5.961","5.738","5.738","5.738","5.738","5.738","4.898","7.92","8.312","8.872","6.689","4.422","4.31","4.31","4.31","4.31","4.31","4.31","5.625","9.069","11.784","10.692","9.684","8.956","8.956","8.956","8.956","8.956","8.956","8.956","8.956","8.956","8.956","8.956","8.956","6.913","5.793","5.569","5.569","5.569","5.569","5.569","5.569","5.569","5.569","5.569","5.569","8.62","12.202","12.343","12.343","12.343","12.343","12.343","12.343","12.343","12.343","12.343","18.584","14.413","21.187","22.978","22.978","22.978","22.978","22.978","22.978","22.978","22.978","22.978","22.559","18.08","16.568","14.498","14.498","14.498","14.498","14.498","14.498","14.498","14.498","14.498","14.945","11.42","13.406","14.302","14.302","14.302","14.302","14.302","14.302","14.302","14.302","14.302","14.302","15.058","14.721","14.917","14.917","14.917","14.917","14.917","14.917","14.917","14.917","14.917","14.917","14.302","11.363","9.768","9.768","9.768","9.768","10.915","12.595","11.811","10.02","10.972","19.255","13.266","15.282","16.765","16.765","16.765","16.765","18.388","15.366","15.169","13.406","13.49","9.236","8.06","7.92","7.92","7.92","7.92","7.92","10.131","8.872","9.376","12.202","11.698","11.111","12.791","16.206","16.206","16.206","16.206","16.206","15.954","17.072","17.913","20.012","17.017","14.721","16.206","17.38","16.512","16.512","16.512","16.512","21.719","18.08","17.66","19.199","20.851","20.907","19.788","16.009","15.282","15.282","15.282","15.282","18.417","14.526","17.297","20.963","17.884","14.805","13.687","12.986",
"T10","whole country","A01702","Lettuce","T[14101.ausgabe]","CPI[2020=100]","2020=100","","","","","","","","","","","","","","","","","","","","","","","","","","","","","","","","","","","","","","","","","","","","","","","","","","","","","","","","","","","","","","","","","","","","","","","","","","","","","","","","","","","","","","","","","","","","","","","","","","","","","","","","","","","","","","","","","","","","","","","","","","","","","","","","","","","","","","","","","","","","","","","","","","","","","","","","","","","","","","","","","","","","","","","","","","","","","","","","","","","","","","","","","","","","","","","","","","","","","","","","","","","","","","","","","","","","","","","","","","","","","","","","","","","","","","","","","","","","","","","","","6.923","7.24","6.27","5.319","5.183","6.262","7.557","12.641","17.633","13.093","9.65","10.955","13.048","10.901","8.925","7.448","5.066","4.431","6.615","9.46","9.868","6.016","7.512","7.847","9.686","7.929","8.291","8.663","7.312","7.159","9.831","25.435","13.211","7.276","10.13","10.692","11.218","11.471","11.481","8.119","6.425","8.944","14.752","11.263","11.544","10.194","9.142","9.65","18.113","15.395","12.794","8.88","7.938","9.533","9.423","17.887","24.411","20.397","13.855","16.609","20.749","15.494","13.731","12.962","10.094","9.79","20.189","19.771","33.118","15.365","10.559","10.463",
"T10","whole country","A01703","Spinach","T[14101.ausgabe]","CPI[2020=100]","2020=100","","","","","","","","","","","","","","","","","","","","","","","","","","","","","","","","","","","","","","","","","","","","","","","","","","","","","","","","","","","","","","","","","","","","","","","","","","","","","","","","","","","","","","","","","","","","","","","","","","","","","","","","","","","","","","","","","","","","","","","","","2.723","2.854","2.279","1.729","1.729","2.226","2.514","2.514","2.514","3.089","2.41","2.279","2.462","3.404","3.168","2.828","1.833","1.833","1.833","1.833","1.833","3.038","3.221","4.321","7.595","11.025","6.39","3.509","3.509","3.143","3.143","3.143","3.143","3.981","3.902","5.211","7.595","8.04","6.651","3.168","4.06","4.504","4.504","4.504","4.504","4.504","4.007","3.902","4.348","5.788","4.845","4.216","4.399","4.478","4.478","4.478","4.478","4.478","5.238","9.008","12.23","17.284","12.151","8.459","7.28","6.154","6.154","6.154","6.154","7.961","11.13","12.073","14.639","14.22","10.423","6.049","5.683","5.892","5.892","5.892","5.892","10.292","9.087","11.732","13.198","13.198","10.109","7.332","6.416","6.284","6.284","6.284","6.284","8.459","9.716","10.867","12.282","15.843","14.927","10.528","9.48","8.904","8.904","8.904","8.904","8.904","9.454","10.842","13.853","17.887","15.713","10.423","8.799","7.961","7.961","7.961","7.961","8.171","8.118","8.747","10.501","11.653","10.213","8.014","8.799","9.245","9.245","9.245","9.245","10.711","12.255","13.408","18.043","23.516","17.991","13.147","10.973","9.27","9.27","9.27","9.27","10.867","10.161","11.653","12.78","10.213","9.035","9.585","12.047","12.282","12.361","12.413","12.413","13.722","12.517","20.819","25.637","27.602","20.898","12.596","11.313","12.282","12.282","12.282","12.282","14.717","18.908","23.49","24.983","20.609","17.363","16.682","16.105","16.76","16.76","16.76","16.76","22.05","15.791","17.153","20.426","21.553","16.236","19.091","18.986","17.493","17.493","17.493","17.493","22.285","15.268","17.73",
"T10","whole country","A01704","Cabbage","T[14101.ausgabe]","CPI[2020=100]","2020=100","","","","","","","","","","","","","","","","","","","","","","","","","","","","","","","","","","","","","","","","","","","","","","","","","","","","","","","","","","","","","","","","","","","","","","","","","","","","","","","","","","","","","","","","","","","","","","","","","","","","","","","","","","","","","","","","","","","","","","","","","2.144","2.917","2.992","2.668","2.568","1.87","1.296","2.169","3.815","5.236","5.186","5.186","4.239","4.539","4.438","6.559","5.81","2.942","2.319","2.045","2.568","2.568","2.568","2.568","3.242","5.436","6.084","6.234","6.408","4.986","3.242","4.414","4.813","4.813","4.813","4.813","5.236","5.685","4.539","4.463","5.111","6.109","5.336","6.783","7.057","7.057","7.057","7.057","5.061","4.463","3.491","4.414","6.035","3.516","2.718","3.316","4.164","4.164","4.164","4.164","9.65","11.121","11.121","11.121","11.121","8.129","6.035","8.104","9.076","8.304","7.979","9.25","9.126","9.076","9.076","9.076","9.076","10.498","9.401","15.535","13.515","14.786","15.061","16.682","17.529","17.504","17.504","17.504","17.504","6.184","3.99","3.665","4.214","4.986","4.986","5.61","5.685","5.311","5.311","5.311","5.311","6.907","6.209","11.046","10.997","12.941","14.462","15.459","22.167","24.212","24.212","24.212","24.212","10.174","7.081","8.827","15.734","19.499","13.49","9.874","10.075","10.323","9.425","8.952","9.326","8.278","6.559","7.006","7.58","8.527","8.129","9.6","10.772","11.046","11.67","10.822","13.315","9.749","7.605","9.051","8.403","7.306","6.358","5.909","6.932","6.982","7.157","7.63","9.176","8.055","8.603","11.471","26.008","29.847","21.768","23.689","26.082","26.432","22.592","13.714","10.522","7.456","7.131","11.32","11.395","8.902","11.769","15.834","16.482","14.338","14.188","15.834","32.665","18.776","10.273","11.869","11.62","11.471","11.32","10.672","12.194","13.988","14.961","22.392","29.972","19.25","25.135","35.383","35.283","37.403","25.858","18.502",
"T10","whole country","A01708","Radish","T[14101.ausgabe]","CPI[2020=100]","2020=100","","","","","","","","","","","","","","","","","","","","","","","","","","","","","","","","","","","","","","","","","","","","","","","","","","","","","","","","","","","","","","","","","","","","","","","","","","","","","","","","","","","","","","","","","","","","","","","","","","","","","","","","","","","","","","","","","","","","","","","","","3.567","3.567","3.567","3.567","5.945","4.981","4.081","4.177","5.335","5.399","4.692","3.47","3.342","3.342","3.342","3.342","3.342","3.632","3.632","4.82","6.715","6.201","5.141","5.238","5.238","5.238","5.238","5.238","5.238","3.888","5.044","6.362","6.779","7.037","6.523","6.523","6.523","6.523","6.523","6.523","6.523","6.523","6.523","6.523","6.523","6.523","5.848","4.627","4.531","4.531","4.531","4.531","4.531","4.531","4.531","4.531","4.531","4.531","7.808","10.732","11.021","11.021","11.021","11.021","11.021","11.021","11.021","11.021","11.021","13.913","14.01","17.545","18.219","18.219","18.219","18.219","18.219","18.219","18.219","18.219","18.219","19.183","15.392","13.785","13.656","13.656","13.656","13.656","13.656","13.656","13.656","13.656","13.656","15.038","11.89","13.014","13.497","13.497","13.497","13.497","13.497","13.497","13.497","13.497","13.497","13.497","13.978","13.399","13.399","13.399","13.399","13.399","13.399","13.399","13.399","13.399","13.399","13.399","13.174","11.182","9.319","9.286","9.286","9.286","9.286","9.286","9.286","9.286","22.301","20.373","12.146","12.243","12.371","12.371","12.371","12.371","12.371","12.371","12.371","12.371","17.545","11.086","8.869","10.637","10.829","10.829","10.829","10.829","10.829","10.829","10.829","10.829","10.829","10.829","14.685","23.103","23.168","23.168","23.168","23.168","23.168","23.168","23.168","23.168","23.168","13.303","20.822","27.538","25.417","25.417","25.417","25.417","25.417","25.417","25.417","25.417","25.417","27.859","21.529","15.424","14.492","14.492","14.492","14.492","14.492","14.492","14.492","14.492","14.492","14.492","17.288","14.685",
"T10","whole country","A01709","Young radish","T[14101.ausgabe]","CPI[2020=100]","2020=100","","","","","","","","","","","","","","","","","","","","","","","","","","","","","","","","","","","","","","","","","","","","","","","","","","","","","","","","","","","","","","","","","","","","","","","","","","","","","","","","","","","","","","","","","","","","","","","","","","","","","","","","","","","","","","","","","","","","","","","","","","","","","","","","","","","","","","","","","","","","","","","","","","","","","","","","","","","","","","","","","","","","","","","","","","","","","","","","","","","","","","","","","","","","","","","","","","","","","","","","","","","","","","","","","","","","","","","","","","","","","","","","","","","","","","","","","","","","","","","","","","","","","","","","","","","","","","","","","","","","","","","","","","","","","","","","","","","","","","","","","","","","","","","","","","","","","","","","","","","","","29.052","29.052","29.052","29.052","29.052","29.052","44.228","86.547","87.501","42.364","29.008","29.008",
"T10","whole country","A01710","Carrot","T[14101.ausgabe]","CPI[2020=100]","2020=100","","","","","","","","","","","","","","","","","","","","","","","","","","","","","","","","","","","","","","","","","","","","","","","","","","","","","","","","","","","","","","","","","","","","","","","","","","","","","","","","","","","","","","","","","","","","","","","","","","","","","","","","","","","","","","","","","","","","","","","","","2.666","2.666","2.699","2.995","4.673","4.114","3.653","5.134","8.129","7.636","3.983","3.291","3.555","4.212","4.311","6.549","8.853","4.278","3.555","2.765","2.831","3.192","2.929","2.831","3.094","3.983","4.377","5.167","7.471","7.373","6.352","9.15","10.565","10.861","7.965","6.78","6.977","7.438","7.471","7.438","7.734","6.977","8.228","14.317","22.149","15.469","7.702","6.319","6.188","6.089","6.056","6.615","10.334","9.248","10.861","10.334","11.453","10.729","7.504","6.483","6.813","9.215","9.347","10.104","11.75","9.577","9.281","9.775","15.665","14.777","9.972","9.577","9.874","10.005","9.611","9.215","10.631","14.02","13.198","18.529","20.668","17.509","11.716","11.19","11.979","12.473","12.078","13.066","13.099","10.038","9.676","10.236","11.388","13.263","9.611","8.688","8.524","7.8","7.043","6.813","6.977","7.438","8.195","12.473","17.015","24.321","24.452","21.853","20.767","19.879","19.055","18.957","18.924","15.534","11.816","12.934","20.767","20.767","16.555","12.375","11.388","10.532","11.288","10.762","10.598","14.745","17.015","21.129","24.354","26.362","15.797","12.671","13.658","13.329","13.296","13.888","14.711","13.856","15.863","18.2","18.891","15.469","12.211","11.223","12.045","11.75","11.321","11.979","12.836","14.481","13.658","14.481","21.59","24.256","18.464","14.745","14.645","14.975","15.073","14.251","13.691","12.671","13.757","17.674","23.729","23.466","21.195","18.298","16.39","15.634","14.284","14.152","14.711","15.106","14.81","15.995","18.43","21.656","19.78","17.18","15.897","15.469","14.58","15.402","17.509","18.068","20.866","26.494","35.018","50.815","34.392","24.848",
"T10","whole country","A01711","Potato","T[14101.ausgabe]","CPI[2020=100]","2020=100","","","","","","","","","","","","","","","","","","","","","","","","","","","","","","","","","","","","","","","","","","","","","","","","","","","","","","","","","","","","","","","","","","","","","","","","","","","","","","","","","","","","","","","","","","","","","","","","","","","","","","","","","","","","","","","","","","","","","","","","","3.314","3.314","3.314","3.314","4.36","2.921","1.918","2.224","2.66","3.139","3.445","3.488","3.488","3.488","3.488","3.488","4.884","3.924","3.227","3.096","3.314","3.533","3.619","4.186","4.36","4.36","4.36","4.36","4.36","4.971","4.229","4.36","5.319","5.755","5.712","5.712","5.712","5.712","5.712","5.712","5.712","9.07","8.415","8.939","10.901","11.381","11.119","11.119","11.119","11.119","11.119","11.119","15.479","12.209","8.807","9.462","9.723","9.636","9.636","9.636","8.721","8.721","8.721","8.721","15.828","10.334","7.412","8.852","11.075","12.558","12.776","13.212","13.342","13.342","13.342","13.342","14.433","11.729","9.854","9.419","10.813","10.683","10.944","10.987","11.032","11.032","11.032","11.032","12.863","9.679","7.674","8.983","9.811","10.16","9.985","11.381","11.86","11.86","11.86","11.86","12.776","10.247","9.157","9.505","10.901","11.643","12.296","13.823","14.302","14.302","14.302","14.302","14.302","13.43","12.209","12.689","16.264","15.567","16.264","17.572","17.484","17.484","17.484","17.484","17.484","14.956","11.468","12.209","14.302","14.694","14.694","15.392","15.915","15.915","15.915","15.915","15.915","11.86","9.985","10.857","12.296","12.253","11.946","12.164","12.296","12.296","12.296","12.296","18.183","15.479","14.782","15.697","17.092","18.139","21.541","24.243","24.68","24.68","24.68","24.68","24.68","18.88","18.749","18.27","20.057","23.851","26.772","28.909","29.302","29.302","29.302","29.302","29.302","20.711","16.351","15.522","16.438","16.656","16.7","17.005","18.27","18.27","18.27","18.27","18.27","24.025","25.639","37.934","49.533","54.373","51.845","46.307",
"T10","whole country","A01712","Sweet potato","T[14101.ausgabe]","CPI[2020=100]","2020=100","","","","","","","","","","","","","","","","","","","","","","","","","","","","","","","","","","","","","","","","","","","","","","","","","","","","","","","","","","","","","","","","","","","","","","","","","","","","","","","","","","","","","","","","","","","","","","","","","","","","","","","","","","","","","","","","","","","","","","","","","1.213","1.393","1.47","1.47","1.47","1.47","1.47","1.444","1.29","1.29","1.239","1.29","1.29","1.29","1.29","1.29","1.29","1.29","1.29","1.29","1.703","1.29","1.239","1.393","1.676","1.78","1.78","1.78","1.78","1.78","1.78","1.908","1.883","1.573","1.676","1.987","2.089","2.089","2.089","2.089","2.089","2.089","2.089","2.089","3.637","2.631","2.167","2.193","2.295","2.399","2.399","2.399","2.399","2.399","2.399","3.637","3.25","3.147","2.914","2.914","3.224","3.353","3.353","3.353","3.353","3.353","3.353","4.565","5.494","4.978","4.411","5.056","6.268","6.372","6.372","6.372","6.372","6.372","6.372","8.796","8.306","5.752","5.005","5.056","5.469","5.933","5.933","5.933","5.933","5.933","5.933","6.448","6.474","5.597","5.287","6.294","7.093","7.454","7.454","7.454","7.454","7.454","7.454","8.589","7.635","6.577","5.752","5.907","6.345","6.398","6.398","6.398","6.398","6.398","6.398","6.398","6.99","6.552","5.778","5.752","7.171","7.97","7.97","7.97","7.97","7.97","7.97","7.97","8.667","7.403","6.835","7.016","7.609","7.583","7.583","7.583","7.583","7.583","7.583","7.583","8.538","7.816","6.887","6.552","6.654","6.758","6.758","6.758","6.758","6.784","6.784","6.784","11.995","10.317","8.925","9.647","9.982","10.034","10.034","10.034","10.034","10.034","10.034","10.034","12.587","11.169","10.343","10.343","10.653","10.679","10.679","10.679","10.679","10.679","10.679","10.679","14.109","10.936","9.596","9.802","10.266","10.421","10.421","10.421","10.421","10.421","10.421","10.421","14.573","16.508","15.064","14.729",
"T10","whole country","A01713","Bellflower roots","T[14101.ausgabe]","CPI[2020=100]","2020=100","","","","","","","","","","","","","","","","","","","","","","","","","","","","","","","","","","","","","","","","","","","","","","","","","","","","","","","","","","","","","","","","","","","","","","","","","","","","","","","","","","","","","","","","","","","","","","","","","","","","","","","","","","","","","","","","","","","","","","","","","3.142","3.142","3.142","3.142","3.142","3.142","3.142","3.142","3.142","3.142","3.142","3.142","3.142","3.142","3.142","3.142","3.142","3.142","3.142","3.142","3.142","3.142","3.181","3.181","3.181","4.006","4.086","3.575","3.496","3.496","3.575","3.535","3.535","3.496","3.692","3.77","3.77","4.831","4.045","4.006","4.281","5.145","5.459","4.949","5.498","5.577","5.577","5.538","6.088","6.401","6.284","6.559","6.638","6.991","7.109","6.953","7.188","7.424","7.462","8.012","8.601","11.901","12.883","12.373","12.45","11.744","10.605","9.583","9.78","9.23","9.111","9.152","10.527","12.686","10.605","9.858","10.251","10.486","10.486","9.976","9.936","10.055","10.055","10.055","10.486","10.997","10.173","10.094","10.486","10.565","10.369","10.173","10.133","10.644","10.369","10.055","10.447","12.057","12.254","10.565","10.644","10.997","10.8","10.33","10.565","10.409","10.527","10.527","10.8","11.822","12.45","12.057","11.979","11.744","10.879","10.761","10.958","10.409","10.369","10.369","10.291","10.997","11.508","10.722","10.841","10.841","10.8","10.251","10.369","10.486","10.486","10.683","11.586","13.315","13","11.822","11.862","11.822","11.233","10.8","12.057","12.057","12.019","12.175","12.843","13.589","13.708","14.336","18.695","20.385","20.423","20.267","20.305","23.37","21.013","22.151","23.724","30.085","29.104","28.082","29.574","30.4","29.968","28.357","25.529","25.412","27.493","27.611","26.629","31.814","28.672","26.55","28.868","26.944","25.765","25.922","26.629","25.216","26.904","27.375","28.868","29.692","27.886","28.946","29.654","28.436","27.886","27.572","27.769","28.28","28.79","28.632",
"T10","whole country","A01714","Bean sprouts","T[14101.ausgabe]","CPI[2020=100]","2020=100","","","","","","","","","","","","","","","","","","","","","","","","","","","","","","","","","","","","","","","","","","","","","","","","","","","","","","","","","","","","","","","","","","","","","","","","","","","","","","","","","","","","","","","","","","","","","","","","","","","","","","","","","","","","","","","","","","","","","","","","","3.871","3.871","3.871","3.871","3.871","3.871","3.871","4.242","4.572","4.819","5.231","5.231","5.231","5.231","5.395","5.231","5.766","5.971","6.589","6.589","6.589","6.261","6.055","6.055","6.055","7.001","7.249","7.29","7.331","7.331","7.454","7.743","7.66","7.702","7.372","7.372","7.372","7.454","7.454","7.454","7.454","8.402","8.978","8.978","8.978","8.978","8.978","9.102","9.391","9.391","9.596","10.09","10.09","10.338","11.985","12.273","12.315","12.809","12.973","12.315","12.273","16.31","16.969","17.051","17.051","17.051","17.051","17.051","17.133","18.329","18.368","18.781","19.439","20.552","20.635","20.635","20.635","20.635","20.635","20.552","20.428","20.387","20.182","20.1","20.1","20.139","20.182","20.058","19.769","19.769","19.769","19.769","19.769","19.522","19.399","19.399","19.687","20.305","20.305","20.552","22.694","22.941","23.064","23.393","23.434","23.558","23.599","23.599","23.599","23.599","23.599","23.683","23.724","23.764","23.847","23.764","23.724","23.724","23.599","23.599","23.724","23.724","23.724","23.724","23.683","23.599","23.477","22.076","21.87","21.87","21.87","21.87","21.829","21.87","21.87","21.746","21.664","21.664","21.706","22.405","22.694","22.694","22.735","22.405","22.528","22.57","22.57","22.817","23.764","23.764","23.764","23.764","24.011","24.382","24.67","24.794","24.794","24.67","24.835","24.794","24.794","24.753","24.713","24.713","24.794","24.794","24.753","25.577","25.989","25.989","25.989","25.989","25.989","25.905","25.742","25.618","25.783","25.905","25.948","25.948","26.236","26.771","28.707","31.549","32.867","32.867","32.949","32.949","32.867","32.99","32.907","33.278",
"T10","whole country","A01715","Mushroom","T[14101.ausgabe]","CPI[2020=100]","2020=100","","","","","","","","","","","","","","","","","","","","","","","","","","","","","","","","","","","","","","","","","","","","","","","","","","","","","","","","","","","","","","","","","","","","","","","","","","","","","","","","","","","","","","","","","","","","","","","","","","","","","","","","","","","","","","","","","","","","","","","","","","","","","","","","","","","","","","","","","","","","","","","","","","","","","","","","","","","","","","","","","","","","","","","","","","","","","","","","","","","","","","","","","","","","","","","","","","","","","","","","","","","","","","","","","","","","","","","","","","","","","","","","","","","","","","","","","","","","","","","","","14.001","14.001","12.734","11.94","12.31","12.839","15.956","19.338","21.45","17.434","15.374","14.16","14.634","14.634","14.16","14.37","13.895","14.477","17.013","19.55","19.285","18.123","17.383","16.485","17.804","16.643","16.061","16.326","15.585","16.38","18.65","21.292","23.617","20.183","18.81","18.756","18.386","20.395","20.183","19.443","18.546","21.029","24.411","25.044","25.889","25.52","21.98","21.08","21.134","22.878","22.771","20.236","20.606","23.777","31.913","36.984","38.517","29.429","19.972","22.507","24.78","25.097","23.829","23.512","24.092","26.786","33.868","37.566","36.51","28.954","24.78","26.523",
"T10","whole country","A01716","Cucumber","T[14101.ausgabe]","CPI[2020=100]","2020=100","","","","","","","","","","","","","","","","","","","","","","","","","","","","","","","","","","","","","","","","","","","","","","","","","","","","","","","","","","","","","","","","","","","","","","","","","","","","","","","","","","","","","","","","","","","","","","","","","","","","","","","","","","","","","","","","","","","","","","","","","3.456","3.456","3.456","3.534","3.272","1.884","1.466","1.832","2.486","2.828","2.828","2.828","2.828","2.828","2.828","2.828","3.325","1.964","1.807","2.486","2.854","3.036","3.036","3.036","3.036","3.036","3.036","3.036","3.036","2.408","2.408","4.137","3.586","3.613","3.613","3.613","3.613","3.613","3.613","3.613","3.613","3.795","4.974","4.137","6.231","6.493","6.493","6.493","6.493","6.493","6.493","6.493","7.435","4.372","3.298","3.849","4.214","4.214","4.214","4.214","4.137","4.137","4.137","4.137","8.9","6.624","5.315","5.55","5.654","5.681","5.681","5.681","5.681","5.681","5.681","5.681","8.744","6.362","7.749","8.246","9.242","9.346","9.346","9.346","9.346","9.346","9.346","10.811","9.215","6.283","4.189","6.126","9.451","9.765","9.765","9.765","9.765","9.765","9.765","10.314","10.393","7.671","6.544","7.907","7.226","7.199","7.199","7.199","7.199","7.199","7.199","7.199","8.377","6.362","6.335","6.571","6.544","6.571","6.571","6.571","6.65","6.65","6.65","6.65","7.907","7.121","6.544","7.46","9.582","9.817","9.817","9.817","9.896","9.896","9.896","9.896","11.022","7.985","6.885","7.802","9.032","9.424","9.424","9.424","9.424","9.424","9.424","9.424","13.874","12.986","11.022","17.148","15.917","15.393","15.393","15.393","15.393","15.393","15.393","15.393","14.66","11.414","13.351","12.88","11.335","11.466","11.466","11.466","11.466","11.466","11.466","11.466","16.1","11.964","10.811","15.969","19.137","19.738","19.738","19.738","20.577","20.577","20.577","20.577","19.006","14.896","22.907","19.634","17.985","18.508","18.508","18.508",
"T10","whole country","A01717","Unripe hot pepper","T[14101.ausgabe]","CPI[2020=100]","2020=100","","","","","","","","","","","","","","","","","","","","","","","","","","","","","","","","","","","","","","","","","","","","","","","","","","","","","","","","","","","","","","","","","","","","","","","","","","","","","","","","","","","","","","","","","","","","","","","","","","","","","","","","","","","","","","","","","","","","","","","","","","","","","","","","","","","","","","","","","","","","","","","","","","","","","","","","","","","","","","","","","","","","","","","","","","","","","","","","","","","","","","","","","","","","","","","","","","","","","","","","","","","","","","","","","","","","","","","","","","","","","","","","","","","","","","","","","","","","","","","","","19.473","19.473","26.488","25.955","18.353","11.444","7.309","7.282","8.216","8.67","8.67","9.203","9.203","9.203","16.058","17.473","15.471","9.149","7.255","6.589","6.589","8.349","11.204","12.137","12.137","12.137","28.809","24.674","20.753","15.338","10.323","10.51","13.791","13.017","14.565","14.377","14.377","14.377","14.377","18.353","21.606","14.724","10.43","11.231","9.816","10.404","12.35","13.125","13.125","13.125","46.575","32.863","18.806","13.711","9.63","9.55","11.31","14.058","19.527","21.9","21.874","21.874","21.874","53.698","35.691","27.582","19.793","16.058","17.205","16.058","17.285","17.978",
"T10","whole country","A01718","Squash","T[14101.ausgabe]","CPI[2020=100]","2020=100","","","","","","","","","","","","","","","","","","","","","","","","","","","","","","","","","","","","","","","","","","","","","","","","","","","","","","","","","","","","","","","","","","","","","","","","","","","","","","","","","","","","","","","","","","","","","","","","","","","","","","","","","","","","","","","","","","","","","","","","","3.032","3.032","3.032","3.646","2.996","1.769","1.553","2.49","3.682","4.475","4.475","4.475","4.475","4.475","4.475","4.475","4.187","2.887","3.14","3.79","4.836","4.079","4.872","4.908","4.908","4.908","4.908","4.908","4.908","2.708","3.104","3.754","4.332","4.728","5.017","5.017","5.017","5.017","5.017","5.017","5.017","5.017","8.445","6.136","8.194","9.204","9.204","9.204","9.204","9.204","9.204","9.204","7.977","3.898","4.584","8.049","9.853","9.529","8.879","8.879","8.807","8.807","8.807","9.673","8.879","6.821","6.857","9.421","11.767","12.453","12.885","12.885","12.885","12.885","12.885","13.209","10.648","8.194","12.705","10.468","16.207","12.958","13.247","13.247","13.247","13.247","13.247","13.282","8.338","6.569","5.125","9.276","12.885","11.55","11.91","11.91","11.91","11.91","11.91","14.004","12.092","8.807","9.059","12.597","14.437","13.788","13.643","13.643","13.643","13.643","13.643","14.835","12.777","9.132","9.961","9.024","12.453","14.077","14.401","14.401","14.401","14.401","14.401","13.968","11.946","7.399","9.421","13.752","18.768","20.213","19.563","19.563","19.563","19.563","19.563","18.913","14.762","11.082","10.214","11.406","17.722","14.835","14.871","14.871","14.871","14.871","14.871","20.285","14.112","11.298","10.721","23.677","22.45","18.877","18.877","18.877","18.877","18.877","18.877","22.089","14.654","12.597","16.675","13.823","17.613","20.104","20.104","20.104","20.104","20.104","20.104","21.728","15.701","15.304","12.741","18.083","26.168","27.648","27.648","27.648","31.077","31.077","31.077","31.906","23.858","20.104","27.431","20.104","29.055","32.303","31.546","31.438",
"T10","whole country","A01719","Eggplant","T[14101.ausgabe]","CPI[2020=100]","2020=100","","","","","","","","","","","","","","","","","","","","","","","","","","","","","","","","","","","","","","","","","","","","","","","","","","","","","","","","","","","","","","","","","","","","","","","","","","","","","","","","","","","","","","","","","","","","","","","","","","","","","","","","","","","","","","","","","","","","","","","","","1.195","1.195","1.195","1.195","1.195","3.003","2.449","1.604","1.633","2.275","2.449","2.419","2.449","2.449","2.449","2.449","2.449","3.937","3.265","1.487","1.691","1.954","2.069","2.069","2.069","2.069","2.069","2.069","2.069","4.724","3.703","2.275","2.041","2.187","2.216","2.216","2.216","2.216","2.216","2.216","2.216","2.216","4.694","3.44","4.314","3.615","3.44","3.44","3.44","3.44","3.44","3.44","3.44","3.44","4.724","3.587","4.314","3.849","3.703","3.703","3.674","3.674","3.674","3.674","3.674","3.674","4.986","5.54","5.424","5.19","4.811","4.811","4.811","4.811","4.811","4.811","4.811","4.811","10.439","5.278","5.54","7.261","8.106","8.106","8.106","8.106","8.106","8.106","8.106","9.389","4.694","4.432","6.736","5.716","5.569","5.569","5.569","5.569","5.569","5.569","5.569","5.569","7.057","9.097","8.66","8.689","8.66","8.66","8.66","8.66","8.66","8.66","8.66","9.067","11.196","8.776","9.505","9.74","10.03","10.03","10.03","10.03","10.03","10.03","10.03","11.751","9.651","7.085","7.376","8.456","9.009","9.009","9.009","9.009","9.009","9.009","9.009","15.249","11.226","7.611","9.214","8.951","8.893","8.893","8.893","8.893","8.893","8.893","8.893","19.04","11.342","15.278","17.962","16.299","16.095","16.095","16.095","16.095","16.095","16.095","16.095","23.355","14.229","11.576","11.342","12.568","13.092","13.092","13.092","13.092","13.092","13.092","13.092","26.738","15.978","14.142","16.212","20.09","21.723","21.723","21.11","21.11","21.11","21.11","21.11","32.569","32.949","26.301","24.813","21.256","20.235","20.235",
"T10","whole country","A01720","Tomato","T[14101.ausgabe]","CPI[2020=100]","2020=100","","","","","","","","","","","","","","","","","","","","","","","","","","","","","","","","","","","","","","","","","","","","","","","","","","","","","","","","","","","","","","","","","","","","","","","","","","","","","","","","","","","","","","","","","","","","","","","","","","","","","","","","","","","","","","","","","","","","","","","","","3.411","3.411","3.411","3.411","3.411","4.041","2.848","3.213","3.776","3.776","3.776","3.776","3.776","3.776","3.776","3.776","3.776","4.802","3.08","3.213","3.842","3.842","3.842","3.842","3.842","3.842","3.842","3.842","3.842","5.299","3.345","3.709","3.776","3.776","3.776","3.776","3.776","3.776","3.776","3.776","3.776","6.657","6.293","6.657","6.657","6.657","6.657","6.657","6.657","6.657","6.657","6.657","6.657","8.081","8.943","8.976","8.976","8.976","8.976","8.976","9.042","9.042","9.042","9.042","9.042","11.758","8.876","8.579","8.579","8.579","8.579","8.579","8.579","8.579","8.579","8.579","8.579","10.93","7.585","8.38","8.38","8.38","8.38","8.38","8.38","8.38","8.38","8.38","8.38","10.963","6.922","6.757","6.757","6.757","6.757","6.757","6.757","6.757","6.757","6.757","6.757","10.731","8.876","9.042","9.042","9.042","9.042","9.042","9.042","9.042","9.042","9.042","9.042","13.844","9.373","10.035","10.035","10.035","10.035","10.035","9.24","9.24","9.24","9.24","21.33","13.447","10.532","10.598","10.598","10.598","10.598","10.598","13.149","13.149","13.149","13.149","18.481","12.851","12.817","13.48","13.48","13.48","13.48","13.48","13.48","13.48","13.48","13.48","18.316","15.302","12.586","12.586","12.586","13.348","14.804","14.804","14.804","14.804","14.804","14.804","17.355","17.222","14.44","14.838","14.838","14.838","14.838","14.838","14.838","14.838","14.838","14.838","21.627","15.6","13.116","13.315","13.315","13.315","13.315","13.315","13.844","13.844","13.844","13.844","28.284","27.722","25.304","27.092","27.092","27.092","27.092","27.092",
"T10","whole country","A01721","Spring onion","T[14101.ausgabe]","CPI[2020=100]","2020=100","","","","","","","","","","","","","","","","","","","","","","","","","","","","","","","","","","","","","","","","","","","","","","","","","","","","","","","","","","","","","","","","","","","","","","","","","","","","","","","","","","","","","","","","","","","","","","","","","","","","","","","","","","","","","","","","","","","","","","","","","1.964","2.263","2.293","1.518","1.964","2.411","2.143","2.679","2.977","3.095","3.125","3.214","3.245","3.929","4.286","6.072","4.345","3.542","3.334","2.649","2.293","2.322","2.322","2.53","3.304","4.108","4.256","3.066","2.441","3.066","2.977","3.185","3.691","3.572","3.632","4.078","4.345","4.554","4.822","4.643","5.03","6.548","7.918","9.555","10.418","8.334","6.608","7.294","7.263","7.411","6.311","4.376","4.405","4.822","4.554","3.989","4.762","5.625","5.15","6.28","7.977","11.371","14.883","12.591","11.133","10.389","6.579","7.054","7.68","8.007","8.215","9.585","13.514","15.896","17.711","11.281","9.882","14.11","10.418","10.836","10.418","9.466","8.959","10.032","10.121","10.121","8.99","6.756","6.163","6.668","7.471","7.948","9.019","8.394","7.591","7.829","7.918","8.602","10.805","8.007","6.906","7.352","7.561","9.079","9.614","10.121","9.882","13.364","20.778","30.422","29.767","29.32","21.461","12.948","9.614","11.46","13.097","15.478","13.187","12.144","13.008","12.472","11.728","8.633","8.542","12.084","11.728","12.234","13.514","13.99","11.579","11.699","12.711","13.96","17.176","16.342","15.746","12.353","10.24","9.227","9.347","8.394","7.829","7.651","7.918","7.084","5.923","5.507","7.024","10.953","14.347","27.326","31.969","25.986","17.532","24.349","31.701","37.595","38.459","18.724","11.103","13.662","14.139","14.11","12.442","12.174","13.276","16.193","18.307","16.133","13.812","11.193","15.836","20.807","15.568","17.741","17.949","18.752","19.438","18.872","17.592","17.621","17.444","19.29","22.146","22.414","22.623","28.367","28.635","29.052","24.795","22.682",
"T10","whole country","A01722","Onion","T[14101.ausgabe]","CPI[2020=100]","2020=100","","","","","","","","","","","","","","","","","","","","","","","","","","","","","","","","","","","","","","","","","","","","","","","","","","","","","","","","","","","","","","","","","","","","","","","","","","","","","","","","","","","","","","","","","","","","","","","","","","","","","","","","","","","","","","","","","","","","","","","","","4.745","5.816","6.214","5.816","5.938","4.469","3.674","4.561","5.112","7.775","9.153","9.673","9.889","9.889","9.889","9.889","8.174","4.775","4.531","4.653","5.327","6.092","6.275","6.306","6.245","6.245","6.245","6.245","6.245","4.775","4.531","4.683","4.837","4.96","5.02","5.02","5.02","5.02","5.02","5.02","5.02","9.459","10.593","12.061","20.97","21.366","18.459","18.459","18.459","18.459","18.459","18.459","10.5","6.092","5.663","6.306","6.918","8.45","9.061","9.061","9","9","9","9","25.745","11.54","10.806","14.754","18.337","19.867","19.867","19.867","19.867","19.867","19.867","19.867","20.571","19.867","22.653","23.785","29.266","29.357","29.296","29.296","29.296","29.296","29.296","29.296","17.755","15.153","14.082","14.939","15.673","15.428","15","15","15","15","15","15","12.918","10.898","8.847","8.969","9.368","11.327","12.368","12.368","12.368","12.368","12.368","12.368","12.368","25.194","24.949","32.54","45.398","41.694","40.285","40.285","39.857","39.857","39.857","39.857","21.642","12.735","12.735","14.541","17.572","18.244","18.766","18.735","18.735","18.795","18.919","18.919","20.113","18.887","18.398","17.939","18.643","19.408","20.081","20.479","20.51","20.51","20.51","20.51","18.735","11.204","10.01","11.632","14.205","16.439","18.276","18.98","19.072","19.072","19.072","19.072","18.398","11.327","12.244","15.428","18.092","20.02","21.551","22.714","22.714","22.714","22.714","22.714","16.286","18.215","17.419","16.286","16.744","16.194","19.348","21.245","22.837","26.571","33.061","43.163","30.184","24.214","20.662","22.408","31.225","34.5","34.562","38.662",
"T10","whole country","A01723","Garlic","T[14101.ausgabe]","CPI[2020=100]","2020=100","","","","","","","","","","","","","","","","","","","","","","","","","","","","","","","","","","","","","","","","","","","","","","","","","","","","","","","","","","","","","","","","","","","","","","","","","","","","","","","","","","","","","","","","","","","","","","","","","","","","","","","","","","","","","","","","","","","","","","","","","2.591","3.171","3.529","3.529","3.663","3.351","4.244","5.718","7.818","9.069","9.738","10.588","11.793","11.793","11.793","11.793","12.598","11.481","12.464","12.285","11.703","12.105","12.911","13.937","13.937","13.937","13.937","13.937","14.697","15.591","16.529","16.707","16.662","16.886","17.69","18.137","18.181","18.181","18.181","18.181","18.181","20.147","16.484","16.529","16.931","17.423","17.333","16.529","16.127","16.127","16.127","16.127","14.072","9.783","8.711","8.22","8.041","7.728","7.326","6.791","6.389","6.389","6.389","6.389","7.281","7.013","7.595","10.409","12.061","13.579","16.172","18.137","19.478","19.478","19.478","19.478","19.478","22.694","27.652","32.209","35.246","38.954","41.277","41.858","41.679","41.679","41.679","41.679","40.608","25.462","30.466","35.112","36.675","37.48","37.57","37.704","37.704","37.704","37.704","37.704","37.659","29.573","28.278","26.044","23.542","23.631","23.677","24.614","24.614","24.614","24.614","24.614","24.614","21.354","21.889","25.865","28.993","29.037","29.751","36.14","35.782","35.872","35.916","35.916","35.916","23.81","28.68","29.037","29.751","30.109","31.494","31.092","30.958","30.958","30.958","30.958","30.958","16.797","17.244","17.378","17.869","18.137","17.557","17.064","17.02","17.02","17.02","17.02","16.975","11.079","10.945","14.117","14.117","17.423","18.985","20.057","20.459","20.459","20.459","20.459","20.459","20.639","24.883","28.412","29.975","29.707","30.153","29.484","28.501","28.501","28.501","28.501","28.501","31.672","30.288","30.556","32.656","33.995","35.514","37.704","37.346","37.346","37.346","37.346","37.346","29.439","28.054","30.153","32.164","32.477","32.7","33.147",
"T10","whole country","A01725","Fernbrake","T[14101.ausgabe]","CPI[2020=100]","2020=100","","","","","","","","","","","","","","","","","","","","","","","","","","","","","","","","","","","","","","","","","","","","","","","","","","","","","","","","","","","","","","","","","","","","","","","","","","","","","","","","","","","","","","","","","","","","","","","","","","","","","","","","","","","","","","","","","","","","","","","","","","","","","","","","","","","","","","","","","","","","","","","","","","","","","","","","","","","","","","","","","","","","","","","","","","","","","","","","","","","","","","","","","","","","","","","","","","","","","","","","","","","","","","","","","","","","","","","","","","","","","","","","","","","","","","","","","","","","","","","","","25.152","25.497","26.27","25.196","23.217","22.315","22.486","23.045","23.562","24.034","24.636","24.808","25.066","25.497","25.324","25.109","24.507","24.119","23.604","23.562","23.562","23.948","24.335","24.765","25.711","28.464","27.947","27.603","27.002","27.561","27.388","27.603","29.107","33.751","31.3","31.344","32.505","37.449","34.481","33.536","32.247","34.955","36.331","37.707","39.039","40.158","41.705","42.523","44.5","49.574","44.5","45.231","42.738","41.963","42.523","44.5","43.081","41.405","40.717","39.899","42.35","41.232","39.598","39.47","38.868","38.824","38.524","38.395","37.836","37.879","37.019","36.976",
"T10","whole country","A01727","Pickled radish","T[14101.ausgabe]","CPI[2020=100]","2020=100","","","","","","","","","","","","","","","","","","","","","","","","","","","","","","","","","","","","","","","","","","","","","","","","","","","","","","","","","","","","","","","","","","","","","","","","","","","","","","","","","","","","","","","","","","","","","","","","","","","","","","","","","","","","","","","","","","","","","","","","","4.303","4.351","4.645","4.792","4.792","4.792","4.792","4.792","4.938","5.281","5.33","5.526","5.623","5.673","6.504","6.846","7.09","7.09","7.09","7.09","7.09","7.139","7.139","7.09","7.09","7.384","8.068","8.313","8.313","8.411","8.117","8.117","8.117","8.117","8.117","8.117","8.117","8.215","8.215","8.215","8.068","7.97","7.97","8.117","9.388","11.588","11.832","11.343","11.343","11.687","12.077","12.615","12.909","13.544","13.643","13.739","14.523","14.816","14.327","14.132","13.888","13.789","16.82","16.82","16.82","16.527","14.377","14.327","14.327","13.984","13.838","15.11","15.794","16.283","17.162","18.972","19.559","20.342","22.395","25.573","27.383","30.659","29.094","28.115","27.969","27.675","27.627","28.409","28.409","28.262","27.334","27.334","27.236","26.894","26.795","26.356","22.493","21.564","21.22","21.123","21.025","20.488","19.706","19.559","19.314","19.314","19.314","19.216","19.216","20.732","22.542","23.422","24.937","25.573","25.72","25.476","28.654","35.548","32.468","30.609","30.169","30.169","30.365","30.659","30.659","30.659","30.511","30.365","30.365","30.511","29.583","29.046","28.654","28.506","28.506","29.046","28.801","27.529","27.675","27.724","27.724","27.724","27.481","27.383","27.383","27.383","27.481","26.845","28.801","28.506","28.409","28.898","31.05","31.978","31.978","32.223","32.076","32.125","33.152","35.059","36.428","35.988","35.89","36.722","37.015","37.113","37.064","36.184","34.619","36.819","36.478","33.494","33.494","35.059","35.645","33.348","34.033","35.059","35.01","35.01","34.376","33.788","32.907","32.859","32.761","33.299","33.348","33.25","34.131","36.282","36.428","36.526",
"T10","whole country","A01728","Dried laver","T[14101.ausgabe]","CPI[2020=100]","2020=100","","","","","","","","","","","","","","","","","","","","","","","","","","","","","","","","","","","","","","","","","","","","","","","","","","","","","","","","","","","","","","","","","","","","","","","","","","","","","","","","","","","","","","","","","","","","","","","","","","","","","","","","","","","","","","","","","","","","","","","","","9.238","9.517","9.596","9.477","9.996","10.951","11.429","11.707","12.941","14.296","17.003","16.207","14.017","14.176","14.216","14.375","14.614","15.251","15.61","15.769","15.809","17.043","18.556","19.033","16.804","16.486","17.043","17.401","17.481","17.719","17.84","17.919","18.278","18.755","19.472","20.069","27.715","33.688","33.688","33.688","33.688","33.688","33.688","33.688","33.688","33.688","33.688","33.688","33.688","33.688","33.688","33.688","33.648","34.444","35.519","35.758","36.515","37.312","38.068","38.029","37.511","38.188","37.789","36.714","36.953","37.192","37.551","37.789","38.267","42.249","45.435","44.002","42.687","40.378","39.621","38.148","41.891","42.767","43.882","44.161","46.032","46.67","46.032","39.422","37.59","36.077","35.879","36.117","36.834","38.188","39.581","39.581","39.78","41.214","45.993","47.187","48.223","49.298","50.174","50.453","52.085","53.678","54.952","56.863","59.014","62.041","63.194","46.829","38.666","36.834","36.475","34.126","33.927","34.524","37.63","38.227","38.387","38.666","35.798","34.763","38.785","42.846","44.201","45.634","48.063","48.9","49.935","52.085","53.36","54.395","52.523","42.687","39.064","39.382","36.834","36.117","37.233","39.223","42.09","42.448","43.205","43.364","42.05","37.829","41.931","50.851","54.434","54.275","56.545","58.137","58.854","59.691","60.965","62.041","59.731","50.93","52.164","54.196","53.997","53.32","53.957","54.952","55.59","55.709","59.133","59.212","55.868","47.705","42.767","42.886","41.334","40.617","41.254","41.652","41.652","42.05","44.081","43.922","43.603","44.201","48.7","51.129","50.652","50.253","51.208","50.174","49.616","49.338","49.098","49.138","47.665","45.833",
"T10","whole country","A01729","Seasoned laver","T[14101.ausgabe]","CPI[2020=100]","2020=100","","","","","","","","","","","","","","","","","","","","","","","","","","","","","","","","","","","","","","","","","","","","","","","","","","","","","","","","","","","","","","","","","","","","","","","","","","","","","","","","","","","","","","","","","","","","","","","","","","","","","","","","","","","","","","","","","","","","","","","","","","","","","","","","","","","","","","","","","","","","","","","","","","","","","","","","","","","","","","","","","","","","","","","","","","","","","","","","","","","","","","","","","","","","","","","","","","","","","","","","","","","","","","","","","","","","","","","","","","","","","","","","","","","","","","","","","","","","","","","","","","","","","","","","","","","","","","","","","","","","","","","","","","","","","","","","","","","","","","","","","","","","","","","","","","","","","","","","","","","","","43.044","42.998","43.834","44.486","44.905","45.138","45.417","45.37","45.464","45.464","45.603","45.743",
"T10","whole country","A01730","Dried sea mustard","T[14101.ausgabe]","CPI[2020=100]","2020=100","","","","","","","","","","","","","","","","","","","","","","","","","","","","","","","","","","","","","","","","","","","","","","","","","","","","","","","","","","","","","","","","","","","","","","","","","","","","","","","","","","","","","","","","","","","","","","","","","","","","","","","","","","","","","","","","","","","","","","","","","3.562","3.639","3.755","3.755","4.1","4.444","4.827","5.402","5.402","5.823","6.36","6.475","6.628","6.743","6.896","6.858","7.24","7.28","7.28","7.317","7.355","7.395","7.509","7.548","7.585","7.662","7.624","7.548","7.548","7.548","7.548","7.548","7.548","7.548","7.548","7.548","7.624","8.505","8.582","8.505","8.505","8.505","8.505","8.505","8.505","8.582","8.62","8.62","8.849","9.156","9.003","9.042","9.846","9.846","10.114","10.688","10.765","10.957","11.111","11.302","14.253","14.444","14.482","14.329","13.831","13.792","13.792","14.597","15.938","17.968","18.619","18.428","17.241","17.125","16.856","16.856","16.856","16.856","16.856","16.666","17.125","17.125","16.742","16.819","16.78","16.244","15.861","15.018","14.98","15.402","16.244","16.896","18.619","20.037","20.88","21.263","21.34","20.267","18.964","17.432","17.432","17.432","16.856","16.551","16.588","16.588","16.78","16.934","16.856","16.666","16.244","15.861","15.707","15.67","15.784","15.784","15.746","15.746","15.746","15.746","15.593","15.631","15.67","15.402","15.018","14.597","14.482","14.367","14.367","14.329","14.29","14.29","14.482","14.444","14.022","13.908","13.908","13.6","13.448","13.448","13.409","13.486","13.486","13.486","13.486","13.524","13.486","13.831","15.439","16.052","16.091","16.091","16.244","16.36","16.36","16.36","16.36","16.856","17.394","17.586","18.122","17.47","17.087","17.048","17.011","17.202","17.202","17.202","17.202","17.586","17.968","17.546","17.701","17.701","17.929","18.735","20.726","20.995","20.535","20.229","21.263","21.225","21.646","22.221","22.834","22.872","22.565","22.144","22.489","22.565","22.872","22.987",
"T10","whole country","A018","Sugar, jam, honey, chocolate and confectionery","T[14101.ausgabe]","CPI[2020=100]","2020=100","","","","","","","","","","","","","","","","","","","","","","","","","","","","","","","","","","","","","","","","","","","","","","","","","","","","","","","","","","","","","","","","","","","","","","","","","","","","","","","","","","","","","","","","","","","","","","","","","","","","","","","","","","","","","","","","","","","","","","","","","","","","","","","","","","","","","","","","","","","","","","","","","","","","","","","","","","","","","","","","","","","","","","","","","","","","","","","","","","","","","","","","","","","","","","","","","","","","","","","","","","","","","","","","","","","","","","","","","","","","","","","","","","","","","","","","","","","","","","","","","21.465","21.573","21.768","21.768","21.768","21.768","21.791","21.791","21.768","21.768","21.746","21.746","21.746","21.746","21.746","21.746","21.746","21.746","21.703","21.703","21.703","21.703","21.703","21.683","21.683","21.66","21.616","21.616","21.616","21.529","21.443","21.443","21.443","21.443","21.443","21.443","21.509","21.509","21.551","21.486","21.486","21.509","21.509","21.551","21.595","21.66","21.964","22.052","22.116","22.029","22.009","22.009","22.009","22.095","22.052","22.029","22.181","22.225","22.247","22.247","22.352","22.398","22.465","22.488","22.511","22.511","22.534","22.579","22.738","22.805","22.874","22.963",
"T10","whole country","A01801","Chocolate","T[14101.ausgabe]","CPI[2020=100]","2020=100","","","","","","","","","","","","","","","","","","","","","","","","","","","","","","","","","","","","","","","","","","","","","","","","","","","","","","","","","","","","","","","","","","","","","","","","","","","","","","","","","","","","","","","","","","","","","","","","","","","","","","","","","","","","","","","","","","","","","","","","","6.689","6.689","8.189","9.569","9.569","9.569","9.569","9.569","9.569","9.569","9.569","9.569","9.569","9.569","9.569","9.569","9.569","9.569","9.569","9.569","9.569","9.569","9.569","9.569","9.569","9.569","9.569","9.569","9.569","9.569","9.569","9.569","9.569","9.569","9.569","9.569","9.569","9.569","9.569","9.569","9.569","9.569","9.569","9.569","9.569","9.569","9.569","9.569","9.569","9.569","9.569","9.569","9.569","9.569","9.569","9.569","9.569","9.569","14.368","16.768","16.287","16.287","16.287","16.287","18.328","22.827","22.827","22.827","22.827","22.827","22.827","22.827","22.797","22.797","22.797","22.827","22.827","22.827","22.827","22.827","22.827","22.827","22.827","22.827","22.827","22.827","22.827","22.827","22.827","22.827","22.766","22.766","22.766","22.766","22.766","22.766","22.766","22.766","22.766","22.766","22.766","22.766","22.766","22.766","22.766","22.766","22.766","22.766","22.766","22.766","22.766","22.766","22.766","22.766","22.766","22.766","22.766","22.766","22.766","22.766","22.827","22.887","24.206","24.267","24.267","24.267","24.206","24.176","24.176","24.176","24.176","24.176","23.936","24.626","24.657","24.657","25.916","25.916","25.916","25.916","25.916","25.916","25.916","25.946","25.946","25.946","25.946","25.946","25.946","25.946","25.946","25.946","25.946","25.946","25.946","25.946","25.946","25.946","25.946","25.946","25.946","25.946","25.946","25.946","25.946","25.946","25.946","26.966","28.706","29.036","29.036","29.036","29.036","29.036","29.036","29.036","29.036","29.036","29.036","29.036","29.036","29.036","29.036","29.036","29.036","29.036","29.006","29.006","29.006","29.006","29.006","29.006",
"T10","whole country","A01802","Candy","T[14101.ausgabe]","CPI[2020=100]","2020=100","","","","","","","","","","","","","","","","","","","","","","","","","","","","","","","","","","","","","","","","","","","","","","","","","","","","","","","","","","","","","","","","","","","","","","","","","","","","","","","","","","","","","","","","","","","","","","","","","","","","","","","","","","","","","","","","","","","","","","","","","17.272","17.272","17.272","17.272","17.695","17.575","17.575","17.575","17.575","17.575","17.575","17.575","17.575","17.575","17.575","17.575","17.575","17.575","17.575","17.575","17.575","17.575","17.575","17.575","17.575","17.575","17.575","17.575","17.575","17.575","17.575","17.575","17.575","17.575","19.082","19.082","19.082","19.082","19.082","19.082","19.082","19.143","19.143","19.143","19.143","19.143","19.143","19.143","19.143","19.143","19.143","19.143","19.143","19.143","19.745","20.076","20.076","20.076","20.076","20.076","20.016","20.016","20.016","20.016","20.016","20.136","20.197","20.197","20.197","20.197","20.197","20.287","20.287","20.287","20.287","21.131","21.131","21.131","21.131","21.312","24.658","24.658","24.658","24.658","24.629","24.629","24.629","24.629","24.629","24.629","24.629","24.629","24.629","24.629","24.629","24.629","24.629","24.629","24.629","24.568","24.477","24.146","23.693","23.482","23.482","23.482","23.482","23.482","23.482","23.482","23.482","23.482","23.482","24.176","24.537","24.537","24.629","24.718","24.718","24.718","24.658","24.658","24.658","24.658","24.658","24.658","24.688","24.688","24.658","24.629","24.629","24.629","24.629","24.629","24.629","24.629","24.629","24.629","24.629","24.629","24.629","24.629","24.658","24.477","24.477","24.477","24.477","24.477","24.477","24.477","24.477","24.477","24.477","24.477","24.477","24.477","24.477","24.477","24.477","24.477","24.477","24.477","24.477","24.477","24.477","24.477","24.477","24.477","24.477","24.477","24.477","24.477","24.477","24.477","24.357","24.297","24.297","24.297","24.297","24.297","24.267","24.267","24.267","24.267","24.267","24.267","24.237","24.206","24.206","24.206","24.206","24.206",
"T10","whole country","A01803","Chewing gum","T[14101.ausgabe]","CPI[2020=100]","2020=100","","","","","","","","","","","","","","","","","","","","","","","","","","","","","","","","","","","","","","","","","","","","","","","","","","","","","","","","","","","","","","","","","","","","","","","","","","","","","","","","","","","","","","","","","","","","","","","","","","","","","","","","","","","","","","","","","","","","","","","","","6.576","6.576","6.576","6.608","6.608","6.677","8.381","9.505","9.505","9.505","9.505","9.505","9.505","9.505","9.505","9.505","9.505","9.505","9.505","9.505","9.505","9.642","9.642","9.642","9.642","9.642","9.642","9.642","9.642","9.642","9.3","9.3","9.3","9.3","9.3","9.3","9.3","9.3","9.3","9.3","9.3","9.3","9.3","9.3","9.3","9.3","9.3","9.3","9.3","9.3","9.3","9.3","9.3","9.3","9.3","9.3","9.3","9.3","9.3","9.3","9.233","9.573","10.051","11.685","11.89","11.89","11.89","11.89","11.89","11.89","12.367","14.377","14.377","14.582","16.796","16.898","16.898","16.898","16.898","16.898","16.898","16.898","17.17","17.17","17.17","17.17","17.17","17.17","17.17","17.17","17.17","17.17","17.17","17.17","17.17","17.17","17.17","17.17","17.17","17.17","17.17","17.17","17.17","17.17","17.17","17.17","17.17","17.17","17.17","17.17","17.17","17.17","17.17","17.17","17.17","17.17","17.17","17.17","17.17","17.17","17.17","17.17","17.17","17.17","17.17","17.17","17.17","17.17","17.17","17.17","17.17","17.17","18.193","19.453","19.555","19.555","19.555","19.555","19.555","19.555","19.555","19.555","19.555","19.555","19.555","19.555","19.555","19.555","19.555","19.555","19.555","19.555","19.555","19.555","19.555","19.555","19.555","19.555","19.555","19.555","19.555","19.555","19.555","19.555","19.555","19.555","19.555","19.59","22.314","22.827","22.792","22.792","22.792","22.792","22.758","22.758","22.792","22.792","22.792","22.792","22.792","22.792","22.792","22.792","22.792","22.792","22.758","22.724","22.724","22.724","22.724","22.724",
"T10","whole country","A01804","Ice-cream cone","T[14101.ausgabe]","CPI[2020=100]","2020=100","","","","","","","","","","","","","","","","","","","","","","","","","","","","","","","","","","","","","","","","","","","","","","","","","","","","","","","","","","","","","","","","","","","","","","","","","","","","","","","","","","","","","","","","","","","","","","","","","","","","","","","","","","","","","","","","","","","","","","","","","","","","","","","","","","","","","","","","","","","","","","","","","","","","","","","","","","","","","","","","","","","","","","","","","","","","","","","","","","","","","","","","","","","","","","","","","","","","","","","","","","","","","","","","","","","","","","","","","","","","","","","","","","","","","","","","","","","","","","","","","21.982","21.982","22.005","22.005","22.005","22.005","21.961","21.961","21.961","21.961","21.961","21.961","21.961","21.961","21.961","21.961","21.961","21.961","21.961","21.961","21.961","21.961","21.961","21.961","21.961","21.961","21.961","21.961","21.961","21.961","21.961","21.961","21.961","21.961","21.961","21.961","21.961","21.961","21.961","21.961","21.961","21.961","21.961","22.356","22.532","22.928","24.4","25.016","25.016","25.016","25.016","25.016","25.016","25.016","25.016","25.038","25.038","25.038","25.038","25.038","25.027","25.053","25.053","25.053","25.053","25.027","25.053","25.078","25.078","25.078","25.078","25.078",
"T10","whole country","A01805","Biscuit","T[14101.ausgabe]","CPI[2020=100]","2020=100","","","","","","","","","","","","","","","","","","","","","","","","","","","","","","","","","","","","","","","","","","","","","","","","","","","","","","","","","","","","","","","","","","","","","","","","","","","","","","","","","","","","","","","","","","","","","","","","","","","","","","","","","","","","","","","","","","","","","","","","","6.021","6.021","6.021","6.049","6.049","6.237","6.397","6.397","6.247","6.247","6.247","6.407","6.501","6.548","6.548","6.548","6.548","6.548","6.548","6.548","6.548","6.737","6.747","6.747","6.747","6.747","6.727","6.727","6.727","6.727","6.698","6.689","6.689","6.689","6.689","6.689","6.689","6.689","6.689","6.689","6.689","6.689","6.689","6.689","6.689","6.689","6.689","6.689","6.689","6.698","7.335","7.541","7.541","7.541","7.571","7.59","7.59","7.59","7.59","7.59","7.6","7.968","7.968","7.968","7.968","7.968","7.968","7.968","7.968","7.968","7.968","7.987","8.43","9.757","11.284","11.69","11.69","12.519","12.519","12.539","12.925","12.925","12.925","12.925","12.915","12.915","12.915","12.915","12.915","12.915","12.915","12.915","12.915","12.905","12.896","12.896","12.896","12.896","12.896","12.896","12.896","12.896","12.896","12.896","12.896","12.896","12.896","12.896","12.896","12.896","12.896","12.896","12.896","12.896","12.896","12.896","12.896","12.896","12.896","12.886","12.868","12.877","12.896","12.896","12.896","12.896","12.896","12.896","12.886","12.886","12.886","12.886","12.886","12.886","12.886","12.886","12.886","12.886","12.886","12.886","12.886","12.886","12.886","12.886","12.886","12.812","12.745","12.745","12.745","12.745","12.745","12.745","12.745","12.745","12.745","12.783","12.933","12.962","12.971","12.971","13","13","13","13.009","13.009","13.009","13.009","13.009","13.009","13.009","13.009","13.009","13.028","13.216","13.235","13.206","13.206","13.206","13.235","13.244","13.253","13.262","13.281","13.272","13.272","13.272","13.253","13.234","13.234","13.234","13.234","13.244",
"T10","whole country","A01806","Snack food","T[14101.ausgabe]","CPI[2020=100]","2020=100","","","","","","","","","","","","","","","","","","","","","","","","","","","","","","","","","","","","","","","","","","","","","","","","","","","","","","","","","","","","","","","","","","","","","","","","","","","","","","","","","","","","","","","","","","","","","","","","","","","","","","","","","","","","","","","","","","","","","","","","","","","","","","","","","","","","","","","","","","","","","","","","","","","","","","","","","","","","","","","","","","","","","","","","","","","","","","","","","","","","","15.992","15.992","15.992","15.992","16.853","19.598","19.711","20.028","20.028","20.028","20.028","20.028","19.916","19.916","19.961","20.028","20.028","20.074","20.21","20.278","20.278","20.278","20.301","20.301","20.324","20.369","20.392","20.392","20.392","20.392","20.392","20.392","20.392","20.392","20.392","20.392","20.392","20.392","20.392","20.392","20.392","20.392","20.414","20.414","20.414","20.414","20.414","20.414","20.414","20.414","20.414","20.414","20.414","20.414","20.414","20.414","20.414","20.414","20.414","20.414","20.414","20.414","20.414","20.414","20.414","20.414","20.414","20.414","20.414","20.414","20.414","20.414","20.414","20.414","20.414","20.414","20.414","20.414","20.414","20.414","20.414","20.414","20.414","20.414","20.414","20.414","20.414","20.414","20.392","20.369","20.369","20.347","20.347","20.347","20.347","20.347","20.347","20.347","20.347","20.347","20.347","20.347","20.347","20.347","20.347","20.347","20.347","20.347","20.347","20.347","20.347","20.347","20.347","20.347","20.347","20.347","20.347","20.347","20.347","20.347","20.369","20.347","20.347","20.347","20.347","20.347","20.347","20.347","20.823","21.026","21.072","21.344",
"T10","whole country","A01807","Pie","T[14101.ausgabe]","CPI[2020=100]","2020=100","","","","","","","","","","","","","","","","","","","","","","","","","","","","","","","","","","","","","","","","","","","","","","","","","","","","","","","","","","","","","","","","","","","","","","","","","","","","","","","","","","","","","","","","","","","","","","","","","","","","","","","","","","","","","","","","","","","","","","","","","","","","","","","","","","","","","","","","","","","","","","","","","","","","","","","","","","","","","","","","","","","","","","","","","","","","","","","","","","","","","","","","","","","","","","","","","","","","","","","","","","","","","","","","","","","","","","","","","","","","","","","","","","","","","","","","","","","","","","","","","28.037","28.075","28.075","28.075","28.075","28.075","28.075","28.075","28.075","28.075","28.075","28.075","28.075","28.075","28.075","28.075","28.075","28.075","28.075","28.075","28.075","28.075","28.075","28.075","28.075","28.075","28.075","28.075","28.075","28.075","28.075","28.075","28.075","28.075","28.075","28.075","28.075","28.075","28.075","28.075","28.075","28.075","28.075","28.075","28.075","28.075","28.075","28.075","30.029","30.405","30.443","30.443","30.443","30.443","30.329","30.329","30.329","30.329","30.329","30.329","30.63","30.63","30.63","31.232","31.418","31.418","31.418","31.457","31.495","31.457","31.608","31.608",
"T10","whole country","A01808","Sugar","T[14101.ausgabe]","CPI[2020=100]","2020=100","","","","","","","","","","","","","","","","","","","","","","","","","","","","","","","","","","","","","","","","","","","","","","","","","","","","","","","","","","","","","","","","","","","","","","","","","","","","","","","","","","","","","","","","","","","","","","","","","","","","","","","","","","","","","","","","","","","","","","","","","24.067","24.026","24.603","24.686","24.975","27.364","27.488","28.189","27.942","27.942","27.942","27.942","27.942","27.735","26.045","26.045","23.656","26.045","26.045","26.045","26.045","26.045","26.045","26.045","26.045","25.015","24.975","24.975","24.975","25.181","23.656","23.368","23.368","23.325","23.244","23.244","23.244","23.244","23.244","23.244","23.244","23.244","23.285","23.285","23.285","23.285","23.285","23.285","23.285","23.285","23.325","23.325","23.325","23.325","23.325","23.325","23.325","23.325","23.325","23.325","24.975","31.279","32.558","33.835","38.697","39.728","40.305","46.405","46.981","47.187","51.062","53.534","53.863","54.688","57.903","59.798","60.005","57.903","53.576","53.534","53.534","53.534","53.493","53.328","53.369","50.278","49.496","49.496","49.29","49.29","49.29","49.29","49.29","49.001","48.877","48.713","47.64","45.539","45.291","45.291","45.251","45.168","45.786","45.663","45.539","45.539","45.539","45.703","45.869","45.869","45.869","45.869","45.208","43.231","41.747","41.295","41.046","38.904","37.709","36.72","34.535","35.772","38.203","38.162","38.203","38.203","38.41","38.41","38.244","38.162","37.997","37.875","37.792","37.585","37.585","37.461","37.133","37.008","36.513","36.513","36.555","36.555","36.555","36.555","36.555","36.555","36.555","36.555","36.555","35.401","34.288","34.288","34.288","34.288","34.288","34.288","34.248","34.288","34.906","34.205","34.124","34.124","34.124","34.124","34.124","34.124","34.66","34.618","32.475","30.621","30.291","30.248","30.248","30.248","30.085","30.455","32.641","32.969","33.052","33.34","35.071","35.649","35.772","35.731","35.813","35.813","35.855","35.895","35.895","35.895","35.855","35.855",
"T10","whole country","A01810","Honey","T[14101.ausgabe]","CPI[2020=100]","2020=100","","","","","","","","","","","","","","","","","","","","","","","","","","","","","","","","","","","","","","","","","","","","","","","","","","","","","","","","","","","","","","","","","","","","","","","","","","","","","","","","","","","","","","","","","","","","","","","","","","","","","","","","","","","","","","","","","","","","","","","","","","","","","","","","","","","","","","","","","","","","","","","","","","","","","","","","","","","","","","","","","","","","","","","","","","","","","","","","","","","","","","","","","","","","","","","","","","","","","","","","","","","","","","","","","","","","","","","","","","","","","","","","","","","","","","","","","","","","","","","","","52.946","52.946","52.946","53.108","53.54","53.54","53.487","53.487","53.487","53.487","53.487","53.487","53.487","53.487","53.487","53.487","53.487","53.649","53.54","53.487","53.487","53.649","52.784","52.352","52.352","52.352","52.244","52.136","52.136","52.136","51.974","51.974","51.919","51.812","51.812","51.812","51.757","51.704","50.731","50.029","49.92","50.677","50.515","49.812","49.649","49.488","49.488","48.192","47.813","48.244","48.244","48.3","48.244","48.462","47.327","45.328","45.273","45.976","45.976","44.464","44.896","45.22","45.868","45.923","46.031","46.031","46.193","46.895","46.787","46.84","47.219","47.381",
"T10","whole country","A019","Food products n.e.c","T[14101.ausgabe]","CPI[2020=100]","2020=100","","","","","","","","","","","","","","","","","","","","","","","","","","","","","","","","","","","","","","","","","","","","","","","","","","","","","","","","","","","","","","","","","","","","","","","","","","","","","","","","","","","","","","","","","","","","","","","","","","","","","","","","","","","","","","","","","","","","","","","","","","","","","","","","","","","","","","","","","","","","","","","","","","","","","","","","","","","","","","","","","","","","","","","","","","","","","","","","","","","","","","","","","","","","","","","","","","","","","","","","","","","","","","","","","","","","","","","","","","","","","","","","","","","","","","","","","","","","","","","","","19.1","20.177","20.401","20.705","21.253","21.884","22.738","19.871","19.324","19.466","19.507","19.384","19.303","22.169","22.514","20.685","19.141","17.698","17.292","16.946","17.109","16.805","15.706","14.975","14.771","15.016","15.321","14.915","15.057","14.934","15.28","17.415","20.259","20.279","19.871","19.242","18.815","18.938","19.831","20.238","21.518","21.742","21.316","19.425","17.292","16.134","14.67","14.468","14.447","14.61","14.569","14.488","14.183","14.284","14.63","14.771","15.362","16.561","16.642","16.499","16.818","16.968","17.212","17.475","18.283","18.978","18.998","19.542","19.824","20.181","20.501","20.688",
"T10","whole country","A01901","Red pepper powder","T[14101.ausgabe]","CPI[2020=100]","2020=100","","","","","","","","","","","","","","","","","","","","","","","","","","","","","","","","","","","","","","","","","","","","","","","","","","","","","","","","","","","","","","","","","","","","","","","","","","","","","","","","","","","","","","","","","","","","","","","","","","","","","","","","","","","","","","","","","","","","","","","","","6.326","6.357","6.733","7.297","7.297","7.892","8.361","8.174","7.767","7.767","7.609","7.642","7.642","7.892","7.892","8.017","8.017","8.017","8.111","8.174","7.798","7.548","7.423","7.423","7.391","7.391","7.391","7.391","7.391","7.391","7.297","7.265","7.359","7.359","7.328","7.172","7.046","7.109","7.203","7.923","9.708","12.214","12.37","12.433","17.757","21.891","24.146","24.146","24.146","24.146","24.146","24.146","24.177","23.989","22.235","19.385","17.632","15.377","12.464","11.995","11.838","13.091","15.815","15.847","19.51","20.576","21.672","22.016","19.354","16.41","15.282","14.907","14.907","14.907","15.158","15.095","14.719","13.404","12.495","10.71","11.493","13.466","12.464","11.995","11.932","12.12","12.276","12.308","12.433","12.903","15.721","15.69","14.907","14.75","14.218","14.5","14.5","14.312","14.343","14.343","15.126","15.345","14.625","12.903","12.59","11.055","10.742","10.742","10.835","11.744","11.87","11.932","12.308","12.558","13.685","14.281","16.473","16.692","16.598","16.629","16.974","17.819","17.913","17.976","18.132","18.571","18.884","16.755","16.066","16.285","16.41","16.41","16.316","16.379","17.193","17.538","16.943","15.815","15.158","14.844","14.844","15.158","14.249","13.122","12.089","12.214","12.276","10.899","10.773","10.491","10.272","12.84","16.347","20.544","15.971","15.627","15.439","15.565","16.003","16.442","18.665","19.135","18.947","17.1","14.437","13.529","12.089","11.65","11.305","11.399","11.399","11.337","10.429","10.147","10.022","9.677","10.21","12.652","12.934","12.747","12.652","12.714","12.84","12.747","13.404","14.343","14.562","14.876","15.314","16.066","16.974","17.287",
"T10","whole country","A01902","Sesame","T[14101.ausgabe]","CPI[2020=100]","2020=100","","","","","","","","","","","","","","","","","","","","","","","","","","","","","","","","","","","","","","","","","","","","","","","","","","","","","","","","","","","","","","","","","","","","","","","","","","","","","","","","","","","","","","","","","","","","","","","","","","","","","","","","","","","","","","","","","","","","","","","","","3.317","3.613","3.656","3.656","4.591","4.931","5.102","5.229","4.167","4.081","4.039","4.039","4.039","4.039","4.039","4.039","4.039","4.039","4.039","4.039","3.954","3.656","3.571","3.613","3.699","3.826","3.869","4.167","4.507","4.89","4.931","4.931","4.804","4.421","4.931","5.314","5.952","6.377","6.462","7.27","8.546","8.8","9.142","9.013","7.865","7.653","7.738","7.695","7.738","7.908","8.12","7.994","8.035","7.908","7.781","7.781","8.546","9.056","10.501","11.905","13.86","14.371","14.286","14.243","14.286","14.158","14.03","13.987","16.539","23.171","25.297","26.147","26.488","25.085","23.852","23.767","23.724","23.724","23.724","22.746","19.601","19.855","19.429","19.133","18.622","18.708","19.727","20.748","22.024","22.237","22.364","22.534","19.218","19.09","19.302","19.642","20.919","21.556","21.471","21.428","21.428","21.726","21.938","21.471","19.558","19.218","19.302","19.345","19.685","19.813","19.855","19.855","19.94","19.983","19.94","19.473","18.24","17.984","17.899","17.814","17.942","18.58","19.855","21.088","22.917","24.404","25.594","24.15","22.704","23.426","23.852","24.15","24.744","25.638","25.765","25.977","26.147","26.233","26.233","25.722","24.489","24.787","24.702","25.042","25.467","26.658","26.999","28.104","31.886","33.418","37.627","34.949","32.822","33.204","33.843","33.163","32.1","31.717","31.08","31.036","30.613","30.484","30.145","28.741","26.318","25.594","24.914","24.276","24.574","24.574","24.574","24.533","24.404","24.533","25.127","25.892","25.638","25.935","27.04","28.783","30.059","30.739","33.12","34.609","36.734","37.372","36.648","35.841","34.055","34.055","34.566","34.735",
"T10","whole country","A01903","Ginger","T[14101.ausgabe]","CPI[2020=100]","2020=100","","","","","","","","","","","","","","","","","","","","","","","","","","","","","","","","","","","","","","","","","","","","","","","","","","","","","","","","","","","","","","","","","","","","","","","","","","","","","","","","","","","","","","","","","","","","","","","","","","","","","","","","","","","","","","","","","","","","","","","","","1.786","2.11","2.467","2.598","2.728","3.473","4.772","4.512","4.447","3.831","2.694","2.467","2.565","2.629","2.565","2.759","3.409","4.123","4.577","4.123","3.798","2.824","2.434","2.272","2.272","3.279","3.863","4.025","4.025","4.123","4.123","3.896","3.863","3.539","3.506","3.928","4.123","4.188","4.188","4.188","4.253","5.616","7.954","7.824","6.85","5.194","3.831","3.376","3.539","3.669","3.669","3.7","3.7","4.577","5.194","5.031","4.935","3.863","3.376","2.37","2.565","3.571","3.669","3.766","3.798","3.734","3.635","3.734","3.734","3.539","3.441","3.539","3.863","3.961","4.415","6.525","9.512","15.648","18.017","21.524","18.31","15.973","21.978","27.075","25.581","26.653","26.328","26.361","26.263","26.263","26.328","26.556","25.419","21.361","21.329","21.686","19.836","18.699","18.342","18.829","20.68","22.953","22.303","20.485","18.569","12.011","7.759","6.688","6.655","6.655","6.558","6.362","6.59","6.753","7.109","8.278","9.122","6.883","6.071","5.973","6.428","9.09","9.967","12.141","14.252","14.803","14.738","14.868","14.414","10.453","9.382","9.902","9.706","9.739","10.162","10.323","10.486","12.044","15.096","14.707","13.505","9.674","8.213","7.921","8.96","10.031","10.973","10.94","11.915","14.382","14.738","13.407","12.661","11.2","10.193","10.713","11.59","11.752","12.109","12.011","11.947","11.655","11.655","11.882","14.121","12.206","9.869","10.421","10.226","10.323","10.453","11.07","11.915","14.511","19.381","23.374","23.537","12.531","9.999","9.285","11.168","12.466","13.018","18.245","19.511","21.718","22.919","23.244","21.751","15.258","13.246","16.33",
"T10","whole country","A01904","Salt","T[14101.ausgabe]","CPI[2020=100]","2020=100","","","","","","","","","","","","","","","","","","","","","","","","","","","","","","","","","","","","","","","","","","","","","","","","","","","","","","","","","","","","","","","","","","","","","","","","","","","","","","","","","","","","","","","","","","","","","","","","","","","","","","","","","","","","","","","","","","","","","","","","","2.666","2.763","2.893","2.893","2.893","2.893","2.991","3.186","3.186","3.186","3.349","3.739","3.739","3.771","4.064","4.097","3.999","3.999","3.999","3.999","3.999","3.999","4.13","4.227","4.227","4.227","4.291","4.357","4.357","4.227","4.258","4.258","4.291","4.291","4.291","4.291","4.454","4.616","4.649","4.649","4.649","4.552","4.52","4.52","4.52","4.552","4.552","4.552","4.552","4.552","4.747","4.845","4.876","4.876","4.975","5.17","5.592","6.6","7.836","7.868","7.802","7.802","7.868","7.965","7.965","7.999","8.648","8.941","9.396","11.508","12.517","13.59","14.598","15.606","17.004","16.743","14.143","13.916","13.46","13.427","13.785","15.151","15.638","15.411","15.378","15.378","14.955","14.5","13.85","13.655","13.265","12.842","12.679","12.517","12.257","11.867","11.867","11.834","11.834","11.867","11.834","11.769","11.801","11.769","11.769","11.801","12.42","13.655","13.721","13.59","13.623","13.623","13.623","13.785","14.078","14.111","14.143","14.403","14.566","14.5","14.533","14.533","14.533","14.467","14.403","14.403","14.403","14.403","14.403","15.118","16.516","17.231","17.491","17.393","17.198","17.101","16.939","16.711","16.809","17.068","17.622","18.695","18.792","18.012","17.491","17.491","18.206","17.881","17.686","17.524","17.784","17.817","21.36","24.221","23.441","22.498","21.457","20.612","20.548","20.482","20.32","20.19","20.19","20.158","19.962","19.735","18.305","17.524","17.068","17.068","16.905","16.841","16.743","16.711","16.873","17.296","17.427","17.686","17.784","17.622","17.686","17.719","17.817","18.369","19.182","19.962","20.548","20.709","20.904","21.718","22.888","23.246",
"T10","whole country","A01905","Soy sauce","T[14101.ausgabe]","CPI[2020=100]","2020=100","","","","","","","","","","","","","","","","","","","","","","","","","","","","","","","","","","","","","","","","","","","","","","","","","","","","","","","","","","","","","","","","","","","","","","","","","","","","","","","","","","","","","","","","","","","","","","","","","","","","","","","","","","","","","","","","","","","","","","","","","3.034","3.154","3.206","4.258","4.258","4.258","4.258","4.258","4.361","4.414","4.414","4.414","4.414","4.414","4.414","4.414","4.414","4.414","4.414","4.414","4.414","4.414","4.447","4.499","4.516","4.516","4.482","4.482","4.464","4.447","4.327","4.344","4.344","4.344","4.344","4.344","4.344","4.344","4.344","4.344","4.344","4.344","4.344","4.344","4.344","4.344","4.361","4.361","4.361","4.361","4.809","5.033","5.051","5.12","5.189","5.206","5.223","5.447","5.947","6.015","5.982","5.999","6.343","7.102","7.102","7.136","7.223","7.412","7.43","7.464","7.464","7.464","7.464","7.464","7.464","7.464","7.481","7.481","8.429","8.704","8.619","8.671","8.671","8.671","8.671","8.653","8.981","9.395","9.412","9.412","9.377","9.377","9.377","9.36","9.36","9.36","9.342","9.342","9.342","9.342","9.342","9.377","9.377","9.395","9.395","9.395","9.395","9.412","9.412","9.395","9.395","9.395","9.412","9.412","9.412","9.412","9.412","9.412","9.412","9.481","9.619","9.773","9.791","9.791","9.791","9.791","9.825","9.825","9.998","10.032","10.032","10.015","10.032","10.05","10.05","10.05","10.05","10.05","10.102","10.187","10.187","10.187","10.187","10.187","10.222","10.222","10.222","10.222","10.222","10.204","10.204","10.222","10.222","10.222","10.222","10.222","10.222","10.24","10.222","10.187","10.187","10.187","10.187","10.187","10.187","10.204","10.257","10.773","10.807","10.893","10.929","10.929","10.963","10.963","11.066","11.135","11.152","11.187","11.187","11.187","11.152","11.152","11.152","11.187","11.221","11.256","11.273","11.291","11.308","11.325","11.342","11.325",
"T10","whole country","A01906","Soybean paste","T[14101.ausgabe]","CPI[2020=100]","2020=100","","","","","","","","","","","","","","","","","","","","","","","","","","","","","","","","","","","","","","","","","","","","","","","","","","","","","","","","","","","","","","","","","","","","","","","","","","","","","","","","","","","","","","","","","","","","","","","","","","","","","","","","","","","","","","","","","","","","","","","","","5.993","5.993","6.236","6.339","6.409","7.933","7.933","7.933","7.933","7.863","7.863","7.863","7.863","7.863","7.863","7.863","7.863","7.863","7.863","7.863","7.863","7.863","7.863","7.863","8.245","8.938","9.146","9.319","9.319","9.319","10.08","10.461","10.461","10.461","10.461","10.461","10.461","10.461","10.461","10.461","10.461","10.461","10.461","10.461","10.461","10.461","10.461","10.461","10.531","10.531","10.531","10.566","10.599","10.599","10.599","10.809","11.605","11.605","11.639","11.709","11.639","11.639","11.674","11.778","11.951","12.298","12.298","12.298","12.298","12.298","12.298","12.54","13.336","14.446","14.55","14.619","14.653","14.653","14.653","14.653","14.723","15.208","15.796","17.009","17.252","17.355","17.459","17.667","17.667","17.667","17.667","17.667","17.667","17.667","17.667","17.667","17.633","17.633","17.633","17.633","17.633","17.633","17.633","17.633","17.633","17.633","17.633","17.633","17.633","17.633","17.633","17.633","17.633","17.633","17.633","17.597","17.597","17.633","17.633","17.633","17.667","17.667","17.667","17.667","17.667","17.667","17.667","17.736","18.084","18.222","19.954","19.78","19.988","20.681","20.854","21.2","21.2","21.2","21.374","21.408","21.408","21.408","21.408","21.408","21.408","21.408","21.513","21.548","21.548","21.513","21.477","21.443","21.513","21.548","21.548","21.548","21.548","21.548","21.548","21.548","21.548","21.581","21.616","21.616","21.616","21.686","21.616","21.548","21.548","21.131","21.166","21.2","21.2","21.27","21.339","21.374","21.374","21.374","21.374","21.374","21.27","21.27","21.27","21.304","21.443","21.616","21.548","21.651","21.755","21.894","21.928","22.17",
"T10","whole country","A01908","Korean hot pepper sauce","T[14101.ausgabe]","CPI[2020=100]","2020=100","","","","","","","","","","","","","","","","","","","","","","","","","","","","","","","","","","","","","","","","","","","","","","","","","","","","","","","","","","","","","","","","","","","","","","","","","","","","","","","","","","","","","","","","","","","","","","","","","","","","","","","","","","","","","","","","","","","","","","","","","8.302","8.477","9.588","13.125","13.359","13.388","13.388","13.388","13.388","13.388","13.388","13.388","13.388","13.388","13.388","13.388","13.388","13.388","13.388","13.388","13.388","12.686","12.686","12.686","12.832","12.832","12.861","12.92","12.92","12.92","13.68","13.913","14.001","14.001","13.913","13.913","13.913","13.972","14.001","14.001","14.001","14.001","14.001","14.001","14.001","14.001","14.001","14.001","14.001","14.001","14.001","14.001","14.001","14.001","14.001","14.001","14.001","14.001","14.001","14.001","13.709","13.739","13.739","13.739","13.739","14.06","14.06","14.06","14.06","14.06","14.06","14.06","14.06","14.06","14.06","14.089","14.089","14.089","14.089","14.089","14.089","14.089","14.089","14.089","14.089","14.089","14.089","14.089","14.06","14.148","14.148","14.732","14.732","14.732","14.732","14.732","14.907","14.907","14.907","14.907","14.848","14.82","14.82","14.82","14.82","14.82","14.82","14.82","14.82","14.82","14.82","14.82","14.82","14.644","14.119","14.06","14.06","13.913","13.827","13.827","13.827","13.855","13.855","13.913","13.709","13.592","13.592","13.563","13.651","13.739","14.732","14.937","15.376","15.376","15.347","15.376","15.463","15.463","15.463","15.463","15.463","15.463","15.492","15.463","15.492","15.492","15.522","15.522","15.522","15.522","15.404","15.376","15.404","16.019","16.428","16.457","16.457","16.603","16.72","16.72","16.72","16.72","16.924","17.275","17.275","17.275","17.158","17.1","17.187","17.275","17.275","17.304","17.334","17.334","17.218","17.246","17.48","17.48","17.48","17.48","17.451","17.451","17.451","17.451","17.509","17.743","17.743","17.859","18.152","18.24","18.298","18.327",
"T10","whole country","A01909","Curry powder","T[14101.ausgabe]","CPI[2020=100]","2020=100","","","","","","","","","","","","","","","","","","","","","","","","","","","","","","","","","","","","","","","","","","","","","","","","","","","","","","","","","","","","","","","","","","","","","","","","","","","","","","","","","","","","","","","","","","","","","","","","","","","","","","","","","","","","","","","","","","","","","","","","","","","","","","","","","","","","","","","","","","","","","","","","","","","","","","","","","","","","","","","","","","","","","","","","","","","","","","","","","","","","","16.792","16.792","16.792","16.792","16.792","16.826","16.826","16.826","16.826","17.022","17.154","17.154","17.713","17.713","17.713","17.713","18.239","19.619","19.881","20.012","20.144","20.144","20.144","20.144","20.144","20.012","19.98","19.98","19.98","19.98","19.98","19.948","19.948","19.881","19.881","19.881","19.849","19.849","19.849","19.849","19.849","19.849","19.849","19.849","19.849","19.849","19.849","19.849","19.816","19.816","19.816","19.816","19.75","19.782","19.782","19.881","19.914","20.375","20.999","20.999","21.097","21.23","21.261","21.261","21.261","21.261","21.261","21.361","21.887","21.887","21.853","21.951","21.985","22.116","22.084","22.346","22.379","22.412","22.446","22.477","22.477","22.446","22.446","22.412","22.412","22.412","22.412","22.412","22.379","22.346","22.446","22.51","22.51","22.477","22.477","22.477","22.477","22.51","22.51","22.51","22.51","22.477","22.477","22.477","22.446","22.446","22.446","22.446","22.446","22.446","22.446","23.036","23.792","24.121","24.548","24.679","24.679","24.679","24.679","24.679","24.679","24.679","24.679","24.843","25.863","26.651","26.914","26.947","26.98","26.98","26.98","26.98",
"T10","whole country","A01911","Dressing","T[14101.ausgabe]","CPI[2020=100]","2020=100","","","","","","","","","","","","","","","","","","","","","","","","","","","","","","","","","","","","","","","","","","","","","","","","","","","","","","","","","","","","","","","","","","","","","","","","","","","","","","","","","","","","","","","","","","","","","","","","","","","","","","","","","","","","","","","","","","","","","","","","","","","","","","","","","","","","","","","","","","","","","","","","","","","","","","","","","","","","","","","","","","","","","","","","","","","","","","","","","","","","","26.369","29.433","30.343","30.384","30.426","30.798","30.963","30.963","30.963","30.963","30.963","30.963","30.963","30.963","30.963","31.005","31.005","31.005","31.005","31.005","31.005","31.005","31.005","31.254","33.53","38.457","38.539","39.367","39.699","39.616","39.574","39.574","39.532","39.532","39.532","39.532","39.532","39.491","39.491","39.491","39.491","39.491","39.781","40.03","40.03","40.194","40.278","40.278","40.278","40.361","40.361","40.278","40.278","40.278","40.278","40.278","40.278","40.278","40.32","40.32","40.278","40.278","40.278","40.278","40.278","40.278","40.278","40.278","40.278","40.236","40.194","40.154","40.154","40.194","40.236","40.32","40.402","40.484","40.484","40.484","40.443","40.484","40.484","40.484","40.484","40.484","40.484","40.526","40.526","40.526","40.484","40.484","40.484","40.484","40.484","40.484","40.484","40.443","40.484","40.484","40.361","40.361","40.402","40.402","40.402","40.402","40.402","40.402","40.402","40.361","40.361","40.361","40.361","40.402","40.609","40.609","40.526","41.355","42.596","42.678","41.148","40.651","40.651","40.651","40.692","40.609","40.568","40.568","40.568","40.568","40.568","40.568",
"T10","whole country","A01912","Mixed condiment","T[14101.ausgabe]","CPI[2020=100]","2020=100","","","","","","","","","","","","","","","","","","","","","","","","","","","","","","","","","","","","","","","","","","","","","","","","","","","","","","","","","","","","","","","","","","","","","","","","","","","","","","","","","","","","","","","","","","","","","","","","","","","","","","","","","","","","","","","","","","","","","","","","","","","","","","","","","","","","","","","","","","","","","","","","","","","","","","","","","","","","","","","","","","","","","","","","","","","","","","","","","","","","","","","","","","","","","","","","","","","","","","","","","","","","","","","","","","","","","","","","","","","","","","","","","","","","","","","","","","","","","","","","","19.81","19.81","19.81","19.81","19.81","19.81","19.81","19.81","19.81","19.81","19.81","19.81","19.991","20.328","20.17","19.877","19.877","19.832","19.72","19.697","19.697","19.697","19.697","19.697","19.923","20.035","20.08","20.08","20.057","20.057","20.057","20.057","20.057","20.057","20.057","20.057","20.057","20.057","20.057","20.057","20.057","20.057","20.057","20.057","20.057","20.057","19.967","19.923","20.553","21.185","21.32","21.523","21.613","21.59","21.613","21.59","21.59","21.59","21.567","21.478","21.433","21.478","21.59","21.635","21.613","21.613","21.59","21.59","21.59","21.567","21.567","21.567",
"T10","whole country","A01914","Baby food","T[14101.ausgabe]","CPI[2020=100]","2020=100","","","","","","","","","","","","","","","","","","","","","","","","","","","","","","","","","","","","","","","","","","","","","","","","","","","","","","","","","","","","","","","","","","","","","","","","","","","","","","","","","","","","","","","","","","","","","","","","","","","","","","","","","","","","","","","","","","","","","","","","","","","","","","","","","","","","","","","","","","","","","","","","","","","","","","","","","","","","","","","","","","","","","","","","","","","","","","","","","","","","","16.344","16.344","16.344","16.344","16.344","16.344","16.344","16.344","16.344","16.344","16.344","16.344","16.549","16.549","16.549","16.549","16.549","16.925","18.017","18.05","18.017","17.948","17.948","17.948","17.948","18.255","18.424","18.424","18.424","18.46","18.424","18.424","18.392","18.424","18.424","18.424","18.424","18.424","18.392","18.357","18.324","18.324","18.324","18.324","18.324","18.324","18.665","18.801","18.801","18.87","18.87","18.87","18.87","18.87","18.87","18.87","18.87","18.87","18.87","18.87","18.836","18.836","18.836","18.836","18.801","18.801","18.801","18.699","18.63","18.665","18.665","18.665","18.665","18.699","18.699","18.665","18.597","18.597","18.597","18.597","18.597","18.597","18.597","18.597","18.665","18.665","18.665","18.63","18.46","18.46","18.46","18.495","18.46","18.528","18.528","18.528","18.528","18.495","18.495","18.495","18.495","18.495","18.424","18.424","18.46","18.46","18.424","18.46","18.46","18.46","18.424","18.357","18.46","19.21","19.621","19.825","20.166","20.166","20.201","20.268","20.302","20.302","20.337","20.268","20.337","20.337","20.302","20.337","20.337","20.337","20.337","20.337",
"T10","whole country","A01915","Kimchi","T[14101.ausgabe]","CPI[2020=100]","2020=100","","","","","","","","","","","","","","","","","","","","","","","","","","","","","","","","","","","","","","","","","","","","","","","","","","","","","","","","","","","","","","","","","","","","","","","","","","","","","","","","","","","","","","","","","","","","","","","","","","","","","","","","","","","","","","","","","","","","","","","","","","","","","","","","","","","","","","","","","","","","","","","","","","","","","","","","","","","","","","","","","","","","","","","","","","","","","","","","","","","","","","","","","","","","","","","","","","","","","","","","","","","","","","","","","","","","","","","","","","","","","","","","","","","","","","","","","","","","","","","","","","","","","","","","","","","","","","","","","","","","","","","","","","","","","","","","","","","","","","","","","","","","","","","","","","","","","","","","","","","","","13.874","14.253","14.34","15.392","15.363","14.603","15.13","20.883","22.636","21.059","18.05","16.706",
"T10","whole country","A01917","Frozen food","T[14101.ausgabe]","CPI[2020=100]","2020=100","","","","","","","","","","","","","","","","","","","","","","","","","","","","","","","","","","","","","","","","","","","","","","","","","","","","","","","","","","","","","","","","","","","","","","","","","","","","","","","","","","","","","","","","","","","","","","","","","","","","","","","","","","","","","","","","","","","","","","","","","","","","","","","","","","","","","","","","","","","","","","","","","","","","","","","","","","","","","","","","","","","","","","","","","","","","","","","","","","","","","","","","","","","","","","","","","","","","","","","","","","","","","","","","","","","","","","","","","","","","","","","","","","","","","","","","","","","","","","","","","","","","","","","","","","","","","","","","","","","","","","","","","","","","","","","","","","","","","","","","","","","","","","","","","","","","","","","","","","","","","32.814","33.059","32.778","32.356","32.532","32.989","32.989","32.953","32.919","32.919","32.848","32.673",
"T10","whole country","A02","01.2 Non-alcoholic beverages","T[14101.ausgabe]","CPI[2020=100]","2020=100","","","","","","","","","","","","","","","","","","","","","","","","","","","","","","","","","","","","","","","","","","","","","","","","","","","","","","","","","","","","","","","","","","","","","","","","","","","","","","","","","","","","","","","","","","","","","","","","","","","","","","","","","","","","","","","","","","","","","","","","","","","","","","","","","","","","","","","","","","","","","","","","","","","","","","","","","","","","","","","","","","","","","","","","","","","","","","","","","","","","","","","","","","","","","","","","","","","","","","","","","","","","","","","","","","","","","","","","","","","","","","","","","","","","","","","","","","","","","","","","","36.912","36.912","36.912","36.949","36.986","37.098","37.284","37.208","37.208","37.284","37.656","37.692","37.767","38.808","40.072","40.22","40.035","40.072","40.108","40.183","41.149","41.223","41.335","41.335","41.335","41.335","41.076","40.555","40.146","39.885","39.625","39.514","38.473","38.139","38.139","38.101","38.139","38.139","38.212","37.73","37.656","37.656","37.692","37.543","37.358","37.284","37.321","37.284","37.023","36.615","36.615","36.652","36.688","36.688","36.688","36.727","36.727","36.727","36.727","36.727","36.711","36.711","36.711","36.711","37.044","37.267","37.267","37.267","37.304","37.304","37.341","37.379",
"T10","whole country","A021","Coffee, tea and cocoa","T[14101.ausgabe]","CPI[2020=100]","2020=100","","","","","","","","","","","","","","","","","","","","","","","","","","","","","","","","","","","","","","","","","","","","","","","","","","","","","","","","","","","","","","","","","","","","","","","","","","","","","","","","","","","","","","","","","","","","","","","","","","","","","","","","","","","","","","","","","","","","","","","","","","","","","","","","","","","","","","","","","","","","","","","","","","","","","","","","","","","","","","","","","","","","","","","","","","","","","","","","","","","","","","","","","","","","","","","","","","","","","","","","","","","","","","","","","","","","","","","","","","","","","","","","","","","","","","","","","","","","","","","","","44.038","43.905","43.861","43.861","44.038","44.083","44.038","43.861","43.772","44.127","45.9","46.076","46.475","51.526","57.818","57.818","56.888","56.709","56.754","56.754","56.754","56.754","56.754","56.754","56.754","56.754","54.805","52.235","50.241","49.753","48.824","48.778","43.596","41.957","41.868","41.779","41.823","41.957","42.267","40.184","39.874","39.918","40.007","39.21","38.279","38.279","38.366","38.412","37.659","36.95","36.861","36.906","36.95","36.993","37.082","37.127","37.082","37.172","37.215","37.215","37.259","37.334","37.37","37.37","37.409","37.409","37.37","37.37","37.37","37.37","37.37","37.37",
"T10","whole country","A02101","Coffee","T[14101.ausgabe]","CPI[2020=100]","2020=100","","","","","","","","","","","","","","","","","","","","","","","","","","","","","","","","","","","","","","","","","","","","","","","","","","","","","","","","","","","","","","","","","","","","","","","","","","","","","","","","","","","","","","","","","","","","","","","","","","","","","","","","","","","","","","","","","","","","","","","","","","","","","","","","","","","","","","","","","","","","","","","","","","","","","","","","","","","","","","","","","","","","","","","","","","","","","","","","","","","","","63.829","71.753","74.468","74.556","74.556","74.556","74.556","74.556","74.556","74.556","74.556","74.556","74.642","74.686","72.979","68.865","68.732","68.732","68.732","68.732","63.917","63.917","63.917","63.917","63.917","63.917","63.917","63.917","61.072","60.283","60.152","59.976","59.933","60.152","60.108","59.933","59.057","57.35","57.306","57.043","56.913","56.913","55.598","54.067","53.891","53.891","53.891","53.891","53.891","49.338","47.674","47.674","47.718","45.267","43.559","43.559","43.559","43.472","43.472","43.472","43.384","43.384","43.384","43.384","43.384","43.472","43.384","43.122","42.947","43.559","46.581","47.018","47.762","56.343","66.806","66.718","66.718","66.411","66.411","66.411","66.411","66.411","66.411","66.411","66.411","66.411","63.261","59.146","55.906","55.074","53.672","53.629","46.231","43.823","43.691","43.691","43.779","43.823","43.911","40.364","39.838","39.838","39.838","38.569","36.993","36.906","36.906","36.862","35.241","34.016","33.84","33.84","33.84","33.798","33.753","33.753","33.666","33.666","33.623","33.578","33.623","33.623","33.623","33.623","33.623","33.623","33.578","33.578","33.535","33.491","33.491","33.491",
"T10","whole country","A02102","Tea","T[14101.ausgabe]","CPI[2020=100]","2020=100","","","","","","","","","","","","","","","","","","","","","","","","","","","","","","","","","","","","","","","","","","","","","","","","","","","","","","","","","","","","","","","","","","","","","","","","","","","","","","","","","","","","","","","","","","","","","","","","","","","","","","","","","","","","","","","","","","","","","","","","","","","","","","","","","","","","","","","","","","","","","","","","","","","","","","","","","","","","","","","","","","","","","","","","","","","","","","","","","","","","","","","","","","","","","","","","","","","","","","","","","","","","","","","","","","","","","","","","","","","","","","","","","","","","","","","","","","","","","","","","","37.48","37.518","37.518","37.518","37.518","37.518","37.518","37.518","37.518","37.518","37.555","37.555","37.555","37.555","37.555","37.555","37.518","37.93","38.343","38.343","38.343","38.343","38.343","38.343","38.381","38.419","38.532","38.532","38.494","38.832","38.794","38.832","38.907","39.019","39.057","39.019","38.982","38.982","39.019","39.094","39.094","39.282","39.732","39.619","39.619","39.882","39.882","39.995","41.683","42.02","42.245","42.358","42.396","42.658","43.446","43.859","43.896","44.459","45.209","45.322","45.611","45.704","46.029","46.308","46.587","46.587","46.587","46.68","46.866","46.912","47.052","47.052",
"T10","whole country","A022","Mineral waters, soft drinks, fruit and vegetable juices","T[14101.ausgabe]","CPI[2020=100]","2020=100","","","","","","","","","","","","","","","","","","","","","","","","","","","","","","","","","","","","","","","","","","","","","","","","","","","","","","","","","","","","","","","","","","","","","","","","","","","","","","","","","","","","","","","","","","","","","","","","","","","","","","","","","","","","","","","","","","","","","","","","","","","","","","","","","","","","","","","","","","","","","","","","","","","","","","","","","","","","","","","","","","","","","","","","","","","","","","","","","","","","","","","","","","","","","","","","","","","","","","","","","","","","","","","","","","","","","","","","","","","","","","","","","","","","","","","","","","","","","","","","","34.483","34.483","34.483","34.552","34.588","34.726","34.901","34.901","34.901","34.866","34.901","34.901","34.935","34.97","35.005","35.213","35.179","35.282","35.282","35.421","36.567","36.67","36.775","36.809","36.775","36.809","36.948","36.948","36.948","36.74","36.636","36.497","36.463","36.497","36.497","36.497","36.497","36.497","36.497","36.394","36.394","36.394","36.394","36.427","36.394","36.323","36.358","36.323","36.15","35.803","35.837","35.872","35.907","35.907","35.872","35.907","35.941","35.907","35.907","35.872","35.856","35.856","35.856","35.82","36.219","36.51","36.51","36.51","36.546","36.546","36.618","36.655",
"T10","whole country","A02201","Juice","T[14101.ausgabe]","CPI[2020=100]","2020=100","","","","","","","","","","","","","","","","","","","","","","","","","","","","","","","","","","","","","","","","","","","","","","","","","","","","","","","","","","","","","","","","","","","","","","","","","","","","","","","","","","","","","","","","","","","","","","","","","","","","","","","","","","","","","","","","","","","","","","","","","","","","","","","","","","","","","","","","","","","","","","","","","","","","","","","","","","","","","","","","","","","","","","","","","","","","","","","","","","","","","","","","","","","","","","","","","","","","","","","","","","","","","","","","","","","","","","","","","","","","","","","","","","","","","","","","","","","","","","","","","","","","","","","","","","","","","","","","","","","","","","","","","","","","","","","","","","","","","","","","","","","","","","","","","","","","","","","","","","","","","43.037","43.037","43.09","43.037","43.037","43.09","43.09","43.09","43.146","43.09","43.09","43.146",
"T10","whole country","A02202","Soybean milk","T[14101.ausgabe]","CPI[2020=100]","2020=100","","","","","","","","","","","","","","","","","","","","","","","","","","","","","","","","","","","","","","","","","","","","","","","","","","","","","","","","","","","","","","","","","","","","","","","","","","","","","","","","","","","","","","","","","","","","","","","","","","","","","","","","","","","","","","","","","","","","","","","","","","","","","","","","","","","","","","","","","","","","","","","","","","","","","","","","","","","","","","","","","","","","","","","","","","","","","","","","","","","","","","","","","","","","","","","","","","","","","","","","","","","","","","","","","","","","","","","","","","","","","","","","","","","","","","","","","","","","","","","","","26.17","26.205","26.205","26.205","26.205","26.205","26.205","26.205","26.205","26.205","26.205","26.205","26.205","26.309","26.343","26.343","26.274","26.274","26.274","26.274","26.274","26.274","26.274","26.274","26.309","26.309","26.274","26.24","26.24","26.24","26.24","26.24","26.24","26.24","26.24","26.24","26.24","26.24","26.24","26.24","26.205","26.17","26.17","26.17","26.17","26.205","26.205","26.205","26.205","26.205","26.17","26.17","26.17","26.205","26.205","26.309","26.309","26.309","26.309","26.309","26.309","26.309","26.412","26.412","26.48","26.515","26.48","26.446","26.446","26.446","26.446","26.446",
"T10","whole country","A02204","Health drinks","T[14101.ausgabe]","CPI[2020=100]","2020=100","","","","","","","","","","","","","","","","","","","","","","","","","","","","","","","","","","","","","","","","","","","","","","","","","","","","","","","","","","","","","","","","","","","","","","","","","","","","","","","","","","","","","","","","","","","","","","","","","","","","","","","","","","","","","","","","","","","","","","","","","","","","","","","","","","","","","","","","","","","","","","","","","","","","","","","","","","","","","","","","","","","","","","","","","","","","","","","","","","","","","26.14","26.205","32.329","32.645","32.645","32.645","32.645","32.645","32.645","32.645","32.645","32.645","33.971","40.096","40.916","41.296","41.296","41.296","41.296","41.296","38.769","38.769","38.769","38.769","38.327","38.202","38.202","38.202","38.202","36.939","36.749","36.749","38.202","39.085","40.285","40.664","40.664","40.791","40.791","40.791","40.791","40.791","40.791","38.706","38.706","38.706","38.706","38.706","38.706","37.949","37.444","37.444","37.444","37.444","37.444","37.444","37.381","37.444","37.381","37.381","37.381","37.381","37.381","37.381","37.381","37.381","37.381","37.381","37.381","37.381","37.381","37.381","37.381","37.381","37.381","37.381","37.444","37.444","37.444","37.759","40.791","40.979","40.979","40.979","40.979","41.105","41.548","41.548","41.548","40.979","41.043","40.854","40.791","40.791","40.791","40.791","40.791","40.791","40.791","40.537","40.537","40.537","40.537","40.537","40.537","40.537","40.537","40.537","40.096","39.212","39.148","39.148","39.148","39.148","39.148","39.212","39.212","39.212","39.212","39.212","39.148","39.148","39.023","39.085","40.159","40.854","40.854","40.916","40.916","40.979","41.105","41.17",
"T10","whole country","A02205","Carbonated beverages","T[14101.ausgabe]","CPI[2020=100]","2020=100","","","","","","","","","","","","","","","","","","","","","","","","","","","","","","","","","","","","","","","","","","","","","","","","","","","","","","","","","","","","","","","","","","","","","","","","","","","","","","","","","","","","","","","","","","","","","","","","","","","","","","","","","","","","","","","","","","","","","","","","","","","","","","","","","","","","","","","","","","","","","","","","","","","","","","","","","","","","","","","","","","","","","","","","","","","","","","","","","","","","","","","","","","","","","","","","","","","","","","","","","","","","","","","","","","","","","","","","","","","","","","","","","","","","","","","","","","","","","","","","","25.03","25.056","25.056","25.081","25.081","25.283","25.664","25.639","25.664","25.589","25.589","25.589","25.589","25.589","25.715","26.121","26.197","26.375","26.375","26.375","26.375","26.375","26.349","26.324","26.299","26.299","26.299","26.299","26.299","26.299","26.069","25.917","25.917","25.969","25.969","25.969","25.969","25.969","25.969","25.944","25.917","25.917","25.917","25.917","25.917","25.917","25.893","25.867","25.867","25.867","25.867","25.944","26.146","26.171","26.171","26.121","26.121","26.121","26.096","26.069","26.061","26.036","26.036","26.036","26.061","26.087","26.036","26.061","26.087","26.087","26.087","26.114",
"T10","whole country","B","02 Alcoholic beverages and tobacco","T[14101.ausgabe]","CPI[2020=100]","2020=100","","","","","","","","","","","","","","","","","","","","","","","","","","","","","","","","","","","","","","","","","","","","","","","","","","","","","","","","","","","","","","","","","","","","","","","","","","","","","","","","","","","","","","","","","","","","","","","","","","","","","","","","","","","","","","","","","","","","","","","","","","","","","","","","","","","","","","","","","","","","","","","","","","","","","","","","","","","","","","","","","","","","","","","","","","","","","","","","","","","","","","","","","","","","","","","","","","","","","","","","","","","","","","","","","","","","","","","","","","","","","","","","","","","","","","","","","","","","","","","","","22.027","22.027","22.027","22.226","22.315","22.315","22.271","22.271","22.493","22.493","22.493","22.539","22.561","22.785","22.785","22.785","22.785","22.962","22.984","22.962","22.962","22.918","22.918","22.94","22.962","22.984","23.028","23.028","23.028","23.074","23.318","23.318","23.318","23.342","23.342","23.318","23.364","23.453","23.542","23.542","23.564","23.586","23.653","23.698","23.787","23.832","23.832","23.876","23.921","23.921","23.921","24.166","24.723","24.945","25.125","25.414","25.437","25.481","25.503","25.503","25.614","25.641","25.771","25.875","25.954","26.111","26.215","26.267","26.582","26.608","26.66","26.687",
"T10","whole country","B01","02.1 Alcholic beverages","T[14101.ausgabe]","CPI[2020=100]","2020=100","","","","","","","","","","","","","","","","","","","","","","","","","","","","","","","","","","","","","","","","","","","","","","","","","","","","","","","","","","","","","","","","","","","","","","","","","","","","","","","","","","","","","","","","","","","","","","","","","","","","","","","","","","","","","","","","","","","","","","","","","","","","","","","","","","","","","","","","","","","","","","","","","","","","","","","","","","","","","","","","","","","","","","","","","","","","","","","","","","","","","","","","","","","","","","","","","","","","","","","","","","","","","","","","","","","","","","","","","","","","","","","","","","","","","","","","","","","","","","","","","35.208","35.208","35.208","35.748","35.999","35.963","35.891","35.891","36.465","36.43","36.465","36.61","36.61","37.22","37.255","37.255","37.255","37.724","37.794","37.724","37.724","37.651","37.651","37.687","37.759","37.831","37.902","37.939","37.939","38.082","38.119","38.153","38.19","38.262","38.262","38.226","38.333","38.298","38.37","38.406","38.441","38.513","38.692","38.837","39.16","39.305","39.305","39.448","39.555","39.555","39.592","40.238","41.603","41.962","42.43","42.537","42.61","42.716","42.789","42.789","43.025","43.069","43.512","43.733","43.954","44.443","44.708","44.886","44.974","45.018","45.151","45.285",
"T10","whole country","B011","Alcholic beverages","T[14101.ausgabe]","CPI[2020=100]","2020=100","","","","","","","","","","","","","","","","","","","","","","","","","","","","","","","","","","","","","","","","","","","","","","","","","","","","","","","","","","","","","","","","","","","","","","","","","","","","","","","","","","","","","","","","","","","","","","","","","","","","","","","","","","","","","","","","","","","","","","","","","","","","","","","","","","","","","","","","","","","","","","","","","","","","","","","","","","","","","","","","","","","","","","","","","","","","","","","","","","","","","","","","","","","","","","","","","","","","","","","","","","","","","","","","","","","","","","","","","","","","","","","","","","","","","","","","","","","","","","","","","35.208","35.208","35.208","35.748","35.999","35.963","35.891","35.891","36.465","36.43","36.465","36.61","36.61","37.22","37.255","37.255","37.255","37.724","37.794","37.724","37.724","37.651","37.651","37.687","37.759","37.831","37.902","37.939","37.939","38.082","38.119","38.153","38.19","38.262","38.262","38.226","38.333","38.298","38.37","38.406","38.441","38.513","38.692","38.837","39.16","39.305","39.305","39.448","39.555","39.555","39.592","40.238","41.603","41.962","42.43","42.537","42.61","42.716","42.789","42.789","43.025","43.069","43.512","43.733","43.954","44.443","44.708","44.886","44.974","45.018","45.151","45.285",
"T10","whole country","B01101","Soju","T[14101.ausgabe]","CPI[2020=100]","2020=100","","","","","","","","","","","","","","","","","","","","","","","","","","","","","","","","","","","","","","","","","","","","","","","","","","","","","","","","","","","","","","","","","","","","","","","","","","","","","","","","","","","","","","","","","","","","","","","","","","","","","","","","","","","","","","","","","","","","","","","","","7.936","8.096","7.936","7.936","7.936","7.936","8.016","8.096","8.096","8.096","8.096","8.096","8.217","8.217","8.217","8.217","8.217","8.217","8.217","8.217","8.217","8.217","8.217","8.698","8.938","8.938","8.938","8.938","9.058","9.058","8.738","8.698","8.698","8.698","8.698","8.698","8.698","8.857","8.979","8.979","8.979","8.979","8.979","8.979","9.018","10.06","10.541","10.901","11.583","12.185","13.146","13.708","13.747","13.747","13.747","13.747","13.708","14.148","15.231","15.231","15.351","15.431","16.513","16.754","16.754","16.714","16.593","16.634","16.674","16.674","16.674","16.994","17.395","17.516","18.277","18.798","18.838","18.838","18.838","18.798","18.758","18.719","18.758","20.001","20.081","19.88","19.199","18.719","18.678","18.678","18.598","18.558","18.558","18.558","18.558","18.598","18.678","18.878","18.798","18.798","18.798","18.798","18.798","18.798","18.798","19.439","20.001","20.04","20.04","20.04","20.161","20.602","20.763","20.763","20.763","20.763","20.763","20.763","20.763","20.763","20.722","20.722","20.722","21.884","22.446","22.325","22.125","22.125","22.085","22.045","22.045","22.366","22.446","23.728","23.728","23.648","23.648","23.808","23.808","23.808","23.808","23.728","23.728","23.808","24.008","24.008","24.089","24.089","24.089","24.089","24.089","24.089","24.209","24.289","24.209","24.209","24.289","24.209","24.209","24.209","24.209","24.209","24.45","24.65","24.65","24.45","24.369","24.57","24.65","24.45","24.45","24.489","25.571","26.093","26.173","26.173","26.173","26.214","26.214","26.294","26.294","26.333","26.975","27.256","27.455","28.738","29.5","29.9","29.861","29.861","29.941","29.941",
"T10","whole country","B01103","Beer","T[14101.ausgabe]","CPI[2020=100]","2020=100","","","","","","","","","","","","","","","","","","","","","","","","","","","","","","","","","","","","","","","","","","","","","","","","","","","","","","","","","","","","","","","","","","","","","","","","","","","","","","","","","","","","","","","","","","","","","","","","","","","","","","","","","","","","","","","","","","","","","","","","","18.32","18.32","18.32","22.526","22.526","22.526","23.002","23.68","23.68","23.68","23.68","23.68","23.68","23.68","23.68","23.68","23.68","23.68","23.883","24.222","24.222","23.815","23.815","23.815","23.815","24.292","24.493","24.493","24.493","24.493","25.172","24.97","24.97","24.97","24.97","24.97","25.038","25.038","25.038","25.038","25.038","25.376","25.376","25.376","25.444","25.512","25.648","25.648","25.783","26.123","26.598","27.004","27.208","27.208","27.276","27.276","27.276","27.276","27.276","27.276","27.888","28.022","33.789","35.078","35.147","35.147","35.147","35.147","35.147","35.147","35.147","35.147","35.147","35.147","35.147","35.282","39.625","40.032","40.032","40.032","39.829","39.353","39.15","39.15","40.1","40.643","40.711","40.507","40.168","40.168","40.168","40.168","40.1","40.1","40.032","39.964","40.168","40.168","40.168","40.168","40.168","40.168","40.168","40.168","40.236","40.236","40.168","42.339","42.611","42.474","42.474","42.474","42.611","42.679","42.679","42.679","42.679","42.679","42.611","42.474","42","42","42","42","42","42","42","42","43.831","43.831","43.831","43.831","43.831","43.831","43.831","43.831","43.831","45.188","45.188","45.188","45.188","44.917","44.917","44.917","44.917","45.053","45.053","45.053","45.053","45.053","45.188","45.188","45.188","45.188","45.188","45.188","45.392","45.392","45.392","45.392","45.392","45.392","45.392","45.392","45.392","45.392","45.459","45.392","45.392","45.392","45.392","46.274","48.446","48.446","48.446","48.446","48.446","48.717","48.784","48.717","48.58","48.513","48.513","48.513","48.513","48.309","48.242","48.242","48.242","48.242","48.242","48.242",
"T10","whole country","B01104","Rice wine(Makgeolli)","T[14101.ausgabe]","CPI[2020=100]","2020=100","","","","","","","","","","","","","","","","","","","","","","","","","","","","","","","","","","","","","","","","","","","","","","","","","","","","","","","","","","","","","","","","","","","","","","","","","","","","","","","","","","","","","","","","","","","","","","","","","","","","","","","","","","","","","","","","","","","","","","","","","18.142","18.756","18.818","18.818","18.88","19.37","19.37","19.37","19.37","19.37","19.37","19.37","19.37","19.37","19.37","19.37","19.37","19.37","19.37","19.37","19.37","19.37","19.37","19.37","19.37","19.37","19.37","19.433","19.433","19.433","19.556","19.556","19.556","19.556","19.556","19.556","19.556","19.556","19.556","19.556","19.556","19.556","19.556","19.556","19.556","19.556","19.556","19.556","19.556","19.556","19.556","19.679","19.679","19.679","19.679","19.679","19.74","19.74","17.466","16.913","17.343","17.343","17.711","19.556","19.556","19.556","19.556","24.045","24.045","24.045","24.045","25.214","27.305","27.305","27.613","27.736","27.736","27.736","27.736","27.736","27.736","27.736","28.597","28.597","28.597","28.597","28.597","28.597","28.597","28.597","28.597","28.597","28.597","28.597","30.318","30.318","30.318","30.318","30.318","30.318","30.318","30.318","30.318","30.318","30.318","30.318","30.318","30.318","30.318","30.318","30.318","30.318","30.318","30.318","30.318","30.318","30.318","30.318","30.318","30.318","30.38","30.38","30.38","30.257","30.257","30.257","30.257","30.257","30.318","30.38","30.38","30.38","30.38","30.38","30.687","30.687","30.687","30.687","30.687","30.687","30.687","30.687","30.687","30.687","30.687","30.687","30.687","30.687","30.625","31.609","31.609","31.609","31.609","31.609","31.672","31.609","31.364","31.548","31.978","32.102","32.348","33.024","33.332","33.516","33.823","34.376","34.438","34.746","34.87","34.931","34.931","34.931","34.993","35.546","39.051","39.973","40.527","40.218","40.218","40.527","40.158","40.342","41.511","43.048","44.279","44.647","44.831","44.769","45.385","45.755","47.046","47.107",
"T10","whole country","B01105","Spirits","T[14101.ausgabe]","CPI[2020=100]","2020=100","","","","","","","","","","","","","","","","","","","","","","","","","","","","","","","","","","","","","","","","","","","","","","","","","","","","","","","","","","","","","","","","","","","","","","","","","","","","","","","","","","","","","","","","","","","","","","","","","","","","","","","","","","","","","","","","","","","","","","","","","","","","","","","","","","","","","","","","","","","","","","","","","","","","","","","","","","","","","","","","","","","","","","","","","","","","","","","","","","","","","37.121","37.397","42.355","45.73","45.73","45.73","45.73","50.482","53.788","53.788","53.788","53.788","53.856","53.856","53.995","53.856","53.856","53.856","57.714","59.022","63.291","63.291","63.291","63.291","63.291","63.498","63.568","63.568","63.568","63.568","63.568","63.568","63.568","63.568","63.568","63.568","63.291","63.291","63.291","63.223","63.223","63.223","63.223","63.223","63.223","63.223","63.223","63.223","63.291","63.291","63.291","63.291","63.291","63.291","63.291","63.291","63.291","63.291","63.291","63.291","63.154","63.291","63.291","63.291","63.291","63.291","63.291","63.291","63.291","63.291","63.223","63.291","63.291","63.291","63.291","63.291","63.291","63.291","63.291","63.291","63.291","63.291","63.291","63.291","63.291","63.568","65.22","65.909","66.529","66.736","66.804","67.011","67.08","67.08","67.08","67.08","67.15","67.7","68.182","68.664","69.146","69.008","69.49","69.765","69.765","69.972","70.386","70.386","71.764","73.692","74.312","80.234","82.783","83.471","83.953","84.16","84.365","84.917","85.744","85.744","86.088","86.433","87.741","87.672","87.948","87.603","87.328","87.052","87.328","87.328","87.397","87.948",
"T10","whole country","B02","02.2 Tobacco","T[14101.ausgabe]","CPI[2020=100]","2020=100","","","","","","","","","","","","","","","","","","","","","","","","","","","","","","","","","","","","","","","","","","","","","","","","","","","","","","","","","","","","","","","","","","","","","","","","","","","","","","","","","","","","","","","","","","","","","","","","","","","","","","","","","","","","","","","","","","","","","","","","","","","","","","","","","","","","","","","","","","","","","","","","","","","","","","","","","","","","","","","","","","","","","","","","","","","","","","","","","","","","","","","","","","","","","","","","","","","","","","","","","","","","","","","","","","","","","","","","","","","","","","","","","","","","","","","","","","","","","","","","","16.521","16.521","16.521","16.521","16.521","16.521","16.521","16.521","16.521","16.521","16.521","16.521","16.521","16.521","16.521","16.521","16.521","16.521","16.521","16.521","16.521","16.521","16.521","16.521","16.521","16.521","16.521","16.521","16.521","16.521","16.917","16.885","16.868","16.868","16.868","16.868","16.868","17.05","17.133","17.133","17.133","17.133","17.133","17.133","17.083","17.05","17.05","17.05","17.05","17.05","17.05","17.05","17.133","17.298","17.298","17.777","17.777","17.777","17.777","17.777","17.786","17.786","17.786","17.786","17.786","17.786","17.786","17.786","18.271","18.271","18.271","18.271",
"T10","whole country","B021","Tobacco","T[14101.ausgabe]","CPI[2020=100]","2020=100","","","","","","","","","","","","","","","","","","","","","","","","","","","","","","","","","","","","","","","","","","","","","","","","","","","","","","","","","","","","","","","","","","","","","","","","","","","","","","","","","","","","","","","","","","","","","","","","","","","","","","","","","","","","","","","","","","","","","","","","","","","","","","","","","","","","","","","","","","","","","","","","","","","","","","","","","","","","","","","","","","","","","","","","","","","","","","","","","","","","","","","","","","","","","","","","","","","","","","","","","","","","","","","","","","","","","","","","","","","","","","","","","","","","","","","","","","","","","","","","","16.521","16.521","16.521","16.521","16.521","16.521","16.521","16.521","16.521","16.521","16.521","16.521","16.521","16.521","16.521","16.521","16.521","16.521","16.521","16.521","16.521","16.521","16.521","16.521","16.521","16.521","16.521","16.521","16.521","16.521","16.917","16.885","16.868","16.868","16.868","16.868","16.868","17.05","17.133","17.133","17.133","17.133","17.133","17.133","17.083","17.05","17.05","17.05","17.05","17.05","17.05","17.05","17.133","17.298","17.298","17.777","17.777","17.777","17.777","17.777","17.786","17.786","17.786","17.786","17.786","17.786","17.786","17.786","18.271","18.271","18.271","18.271",
"T10","whole country","B02101","Cigarettes","T[14101.ausgabe]","CPI[2020=100]","2020=100","","","","","","","","","","","","","","","","","","","","","","","","","","","","","","","","","","","","","","","","","","","","","","","","","","","","","","","","","","","","","","","","","","","","","","","","","","","","","","","","","","","","","","","","","","","","","","","","","","","","","","","","","","","","","","","","","","","","","","","","","5.964","5.964","6.014","6.972","8.839","8.839","8.839","8.839","8.839","8.839","8.839","8.839","8.839","8.839","8.839","8.839","8.839","8.839","8.839","8.839","8.839","8.839","8.839","8.839","8.839","8.839","8.839","8.839","8.723","8.492","8.492","8.492","8.492","8.492","8.492","8.492","8.492","8.492","8.492","8.492","8.492","8.492","8.492","8.492","8.327","8.327","8.327","8.327","8.327","8.31","8.31","8.31","8.31","8.409","8.624","8.624","8.624","8.624","8.624","8.624","8.608","9.334","9.698","9.698","9.698","9.698","10.854","13.531","14.109","14.109","14.109","14.109","14.109","14.109","14.109","14.109","14.109","14.109","14.109","14.109","14.109","14.109","14.109","14.109","14.109","15.53","15.431","15.266","15.266","15.266","15.266","15.266","16.521","16.521","16.521","16.521","16.521","16.521","16.521","16.521","16.521","16.521","16.521","16.521","16.521","16.521","16.521","16.521","16.521","16.521","16.521","16.521","16.521","16.521","16.521","16.521","16.521","16.521","16.521","16.521","16.521","16.521","16.521","16.521","16.521","16.521","16.521","16.521","16.521","16.521","16.521","16.521","16.521","16.521","16.521","16.521","16.521","16.521","16.521","16.521","16.521","16.521","16.521","16.521","16.521","16.521","16.521","16.521","16.521","16.521","16.917","16.885","16.868","16.868","16.868","16.868","16.868","17.05","17.133","17.133","17.133","17.133","17.133","17.133","17.083","17.05","17.05","17.05","17.05","17.05","17.05","17.05","17.133","17.298","17.298","17.777","17.777","17.777","17.777","17.777","17.786","17.786","17.786","17.786","17.786","17.786","17.786","17.786","18.271","18.271","18.271","18.271",
"T10","whole country","C","03 Clothing and footwear","T[14101.ausgabe]","CPI[2020=100]","2020=100","","","","","","","","","","","","","","","","","","","","","","","","","","","","","","","","","","","","","","","","","","","","","","","","","","","","","","","","","","","","","","","","","","","","","","","","","","","","","","","","","","","","","","","","","","","","","","","","","","","","","","","","","","","","","","","","","","","","","","","","","","","","","","","","","","","","","","","","","","","","","","","","","","","","","","","","","","","","","","","","","","","","","","","","","","","","","","","","","","","","","","","","","","","","","","","","","","","","","","","","","","","","","","","","","","","","","","","","","","","","","","","","","","","","","","","","","","","","","","","","","32.802","32.802","32.834","32.834","32.834","32.834","32.867","32.867","32.867","33.131","33.263","33.295","33.329","33.329","33.362","33.362","33.494","33.757","33.789","33.789","33.789","33.954","34.151","34.283","34.317","34.317","34.35","34.383","34.712","34.744","34.744","34.744","34.811","35.601","35.831","36.128","36.161","36.359","36.391","36.524","36.853","37.478","37.642","37.642","37.808","38.927","39.883","40.377","40.442","40.475","40.573","40.937","42.484","42.747","42.846","42.945","43.209","44.493","45.019","45.152","45.926","45.926","46.066","46.3","46.815","46.815","46.862","46.862","46.908","47.329","47.657","47.798",
"T10","whole country","C01","03.1 Clothing","T[14101.ausgabe]","CPI[2020=100]","2020=100","","","","","","","","","","","","","","","","","","","","","","","","","","","","","","","","","","","","","","","","","","","","","","","","","","","","","","","","","","","","","","","","","","","","","","","","","","","","","","","","","","","","","","","","","","","","","","","","","","","","","","","","","","","","","","","","","","","","","","","","","","","","","","","","","","","","","","","","","","","","","","","","","","","","","","","","","","","","","","","","","","","","","","","","","","","","","","","","","","","","","","","","","","","","","","","","","","","","","","","","","","","","","","","","","","","","","","","","","","","","","","","","","","","","","","","","","","","","","","","","","32.376","32.376","32.376","32.376","32.376","32.409","32.409","32.409","32.409","32.734","32.897","32.928","32.928","32.928","32.961","32.993","33.155","33.416","33.45","33.45","33.45","33.612","33.839","33.969","34.034","34.034","34.034","34.1","34.456","34.523","34.523","34.523","34.554","35.464","35.66","35.984","36.05","36.147","36.212","36.342","36.732","37.415","37.545","37.545","37.643","38.813","39.918","40.471","40.503","40.567","40.633","41.056","42.81","43.137","43.201","43.266","43.395","44.825","45.41","45.573","46.461","46.509","46.652","46.889","47.506","47.458","47.506","47.506","47.506","47.979","48.406","48.549",
"T10","whole country","C011","Garment for men","T[14101.ausgabe]","CPI[2020=100]","2020=100","","","","","","","","","","","","","","","","","","","","","","","","","","","","","","","","","","","","","","","","","","","","","","","","","","","","","","","","","","","","","","","","","","","","","","","","","","","","","","","","","","","","","","","","","","","","","","","","","","","","","","","","","","","","","","","","","","","","","","","","","","","","","","","","","","","","","","","","","","","","","","","","","","","","","","","","","","","","","","","","","","","","","","","","","","","","","","","","","","","","","","","","","","","","","","","","","","","","","","","","","","","","","","","","","","","","","","","","","","","","","","","","","","","","","","","","","","","","","","","","","37.136","37.136","37.136","37.136","37.136","37.136","37.136","37.136","37.1","38.034","38.448","38.597","38.597","38.597","38.597","38.597","39.121","39.421","39.457","39.457","39.457","39.607","40.02","40.356","40.468","40.468","40.468","40.468","40.73","40.844","40.844","40.844","40.88","41.592","41.705","41.816","41.89","42.04","42.078","42.116","42.415","42.866","43.015","43.015","43.051","44.288","46.646","47.881","47.881","47.919","47.919","47.994","50.164","50.352","50.428","50.428","50.501","51.662","52.748","53.009","53.488","53.488","53.488","53.543","54.906","54.415","54.47","54.47","54.524","55.126","56.544","56.598",
"T10","whole country","C01101","Men's outerwear","T[14101.ausgabe]","CPI[2020=100]","2020=100","","","","","","","","","","","","","","","","","","","","","","","","","","","","","","","","","","","","","","","","","","","","","","","","","","","","","","","","","","","","","","","","","","","","","","","","","","","","","","","","","","","","","","","","","","","","","","","","","","","","","","","","","","","","","","","","","","","","","","","","","","","","","","","","","","","","","","","","","","","","","","","","","","","","","","","","","","","","","","","","","","","","","","","","","","","","","","","","","","","","","","","","","","","","","","","","","","","","","","","","","","","","","","","","","","","","","","","","","","","","","","","","","","","","","","","","","","","","","","","","","38.681","38.681","38.681","38.681","38.681","38.681","38.681","38.681","38.681","40.886","41.714","42.068","42.068","42.068","42.068","42.068","42.698","43.328","43.328","43.328","43.328","43.368","44.156","44.865","45.101","45.101","45.101","45.101","45.101","45.258","45.258","45.258","45.258","46.4","46.598","46.637","46.637","46.637","46.637","46.637","46.637","47.11","47.149","47.149","47.149","48.41","53.254","55.933","55.933","55.933","55.933","55.933","57.588","57.627","57.627","57.627","57.627","57.627","59.911","60.344","60.373","60.373","60.373","60.373","61.844","60.802","60.802","60.802","60.802","60.802","63.741","63.741",
"T10","whole country","C01102","Men's tops","T[14101.ausgabe]","CPI[2020=100]","2020=100","","","","","","","","","","","","","","","","","","","","","","","","","","","","","","","","","","","","","","","","","","","","","","","","","","","","","","","","","","","","","","","","","","","","","","","","","","","","","","","","","","","","","","","","","","","","","","","","","","","","","","","","","","","","","","","","","","","","","","","","","","","","","","","","","","","","","","","","","","","","","","","","","","","","","","","","","","","","","","","","","","","","","","","","","","","","","","","","","","","","","","","","","","","","","","","","","","","","","","","","","","","","","","","","","","","","","","","","","","","","","","","","","","","","","","","","","","","","","","","","","49.447","49.447","49.447","49.498","49.498","49.646","49.646","49.646","49.646","49.695","49.695","49.695","49.695","49.695","49.695","49.695","49.695","50.042","50.094","50.094","50.141","50.141","50.141","50.141","50.141","50.141","50.141","50.141","50.141","50.241","50.241","50.241","50.241","50.737","50.737","50.737","50.836","50.836","50.836","50.836","51.381","51.481","51.531","51.531","51.531","51.679","51.878","51.927","51.927","51.927","51.927","52.225","54.557","55.795","55.846","55.846","55.995","56.044","56.044","56.044","55.622","55.622","55.622","56.087","58.176","59.048","59.397","59.397","59.397","59.454","59.454","59.454",
"T10","whole country","C01104","Men's underwear","T[14101.ausgabe]","CPI[2020=100]","2020=100","","","","","","","","","","","","","","","","","","","","","","","","","","","","","","","","","","","","","","","","","","","","","","","","","","","","","","","","","","","","","","","","","","","","","","","","","","","","","","","","","","","","","","","","","","","","","","","","","","","","","","","","","","","","","","","","","","","","","","","","","","","","","","","","","","","","","","","","","","","","","","","","","","","","","","","","","","","","","","","","","","","","","","","","","","","","","","","","","","","","","","","","","","","","","","","","","","","","","","","","","","","","","","","","","","","","","","","","","","","","","","","","","","","","","","","","","","","","","","","","","45.792","45.792","45.792","45.747","45.657","45.339","45.247","45.247","44.884","44.884","45.157","45.157","45.157","45.157","45.157","45.066","45.657","45.928","45.974","45.974","45.974","46.246","46.745","46.79","46.837","46.837","46.837","46.837","46.837","46.79","46.79","46.79","46.927","47.245","47.336","47.38","47.653","48.743","48.97","49.014","49.195","49.423","49.514","49.558","49.558","49.786","49.922","50.149","50.149","50.194","50.194","50.194","50.284","50.33","50.512","50.648","50.966","52.327","52.282","52.1","52.079","52.131","52.131","52.131","52.131","52.131","52.131","52.131","52.131","52.288","52.34","52.288",
"T10","whole country","C012","Garment for women","T[14101.ausgabe]","CPI[2020=100]","2020=100","","","","","","","","","","","","","","","","","","","","","","","","","","","","","","","","","","","","","","","","","","","","","","","","","","","","","","","","","","","","","","","","","","","","","","","","","","","","","","","","","","","","","","","","","","","","","","","","","","","","","","","","","","","","","","","","","","","","","","","","","","","","","","","","","","","","","","","","","","","","","","","","","","","","","","","","","","","","","","","","","","","","","","","","","","","","","","","","","","","","","","","","","","","","","","","","","","","","","","","","","","","","","","","","","","","","","","","","","","","","","","","","","","","","","","","","","","","","","","","","","29.687","29.687","29.687","29.687","29.687","29.717","29.717","29.717","29.747","29.866","30.015","30.015","30.015","30.015","30.015","30.015","30.015","30.492","30.492","30.492","30.492","30.818","30.997","31.027","31.027","31.027","31.057","31.057","31.057","31.027","31.027","31.027","31.057","32.516","32.695","32.784","32.784","32.904","32.993","32.993","33.647","34.124","34.124","34.124","34.274","36.625","37.518","37.905","37.966","38.054","38.054","38.143","40.765","41.389","41.419","41.508","41.627","43.771","44.338","44.516","46.364","46.412","46.412","46.412","46.457","46.457","46.457","46.457","46.457","46.784","46.924","46.924",
"T10","whole country","C01201","Women's outerwear","T[14101.ausgabe]","CPI[2020=100]","2020=100","","","","","","","","","","","","","","","","","","","","","","","","","","","","","","","","","","","","","","","","","","","","","","","","","","","","","","","","","","","","","","","","","","","","","","","","","","","","","","","","","","","","","","","","","","","","","","","","","","","","","","","","","","","","","","","","","","","","","","","","","","","","","","","","","","","","","","","","","","","","","","","","","","","","","","","","","","","","","","","","","","","","","","","","","","","","","","","","","","","","","","","","","","","","","","","","","","","","","","","","","","","","","","","","","","","","","","","","","","","","","","","","","","","","","","","","","","","","","","","","","","","","","","","","","","","","","","","","","","","","","","","","","","","","","","","","","","","","","","","","","","","","","","","","","","","","","","","","","","","","","42.652","42.652","42.652","42.652","42.652","42.652","42.652","42.652","42.652","42.652","42.652","42.652",
"T10","whole country","C01202","Dresses","T[14101.ausgabe]","CPI[2020=100]","2020=100","","","","","","","","","","","","","","","","","","","","","","","","","","","","","","","","","","","","","","","","","","","","","","","","","","","","","","","","","","","","","","","","","","","","","","","","","","","","","","","","","","","","","","","","","","","","","","","","","","","","","","","","","","","","","","","","","","","","","","","","","","","","","","","","","","","","","","","","","","","","","","","","","","","","","","","","","","","","","","","","","","","","","","","","","","","","","","","","","","","","","","","","","","","","","","","","","","","","","","","","","","","","","","","","","","","","","","","","","","","","","","","","","","","","","","","","","","","","","","","","","","","","","","","","","","","","","","","","","","","","","","","","","","","","","","","","","","","","","","","","","","","","","","","","","","","","","","","","","","","","","61.144","61.144","61.144","61.144","61.144","61.144","61.144","61.144","61.144","61.144","61.294","61.294",
"T10","whole country","C01203","Women's tops","T[14101.ausgabe]","CPI[2020=100]","2020=100","","","","","","","","","","","","","","","","","","","","","","","","","","","","","","","","","","","","","","","","","","","","","","","","","","","","","","","","","","","","","","","","","","","","","","","","","","","","","","","","","","","","","","","","","","","","","","","","","","","","","","","","","","","","","","","","","","","","","","","","","","","","","","","","","","","","","","","","","","","","","","","","","","","","","","","","","","","","","","","","","","","","","","","","","","","","","","","","","","","","","","","","","","","","","","","","","","","","","","","","","","","","","","","","","","","","","","","","","","","","","","","","","","","","","","","","","","","","","","","","","","","","","","","","","","","","","","","","","","","","","","","","","","","","","","","","","","","","","","","","","","","","","","","","","","","","","","","","","","","","","51.087","51.087","51.087","51.087","51.087","51.087","51.087","51.087","51.087","52.462","52.462","52.462",
"T10","whole country","C01205","Women's underwear","T[14101.ausgabe]","CPI[2020=100]","2020=100","","","","","","","","","","","","","","","","","","","","","","","","","","","","","","","","","","","","","","","","","","","","","","","","","","","","","","","","","","","","","","","","","","","","","","","","","","","","","","","","","","","","","","","","","","","","","","","","","","","","","","","","","","","","","","","","","","","","","","","","","","","","","","","","","","","","","","","","","","","","","","","","","","","","","","","","","","","","","","","","","","","","","","","","","","","","","","","","","","","","","","","","","","","","","","","","","","","","","","","","","","","","","","","","","","","","","","","","","","","","","","","","","","","","","","","","","","","","","","","","","40.139","40.139","40.178","40.178","40.178","40.178","40.178","40.178","40.178","40.059","39.858","39.858","39.899","39.899","39.899","39.899","39.899","39.899","39.899","39.899","39.818","40.098","41.222","41.582","41.582","41.582","41.863","41.863","41.904","41.904","41.904","41.904","41.904","42.345","43.107","43.868","43.908","44.269","44.469","44.469","44.429","44.429","44.429","44.429","44.429","44.871","46.033","46.875","46.915","46.995","47.076","47.076","47.076","47.076","47.076","47.156","47.476","50.284","50.284","50.284","50.345","50.396","50.446","50.396","50.396","50.396","50.396","50.396","50.396","50.75","51.256","51.357",
"T10","whole country","C013","Casual wear","T[14101.ausgabe]","CPI[2020=100]","2020=100","","","","","","","","","","","","","","","","","","","","","","","","","","","","","","","","","","","","","","","","","","","","","","","","","","","","","","","","","","","","","","","","","","","","","","","","","","","","","","","","","","","","","","","","","","","","","","","","","","","","","","","","","","","","","","","","","","","","","","","","","","","","","","","","","","","","","","","","","","","","","","","","","","","","","","","","","","","","","","","","","","","","","","","","","","","","","","","","","","","","","","","","","","","","","","","","","","","","","","","","","","","","","","","","","","","","","","","","","","","","","","","","","","","","","","","","","","","","","","","","","28.667","28.667","28.667","28.667","28.667","28.667","28.696","28.696","28.696","28.696","28.696","28.696","28.696","28.696","28.811","28.896","28.953","29.097","29.097","29.097","29.097","29.269","29.356","29.356","29.356","29.356","29.356","29.356","30.731","30.817","30.817","30.817","30.875","31.734","31.734","31.734","31.734","31.734","31.734","32.193","32.509","34.029","34.316","34.316","34.316","34.316","34.543","34.744","34.744","34.744","34.744","36.407","37.324","37.439","37.439","37.439","37.611","38.959","38.959","38.959","40.267","40.267","40.558","41.099","41.554","41.763","41.763","41.763","41.805","42.595","42.595","42.637",
"T10","whole country","C01301","Jumper","T[14101.ausgabe]","CPI[2020=100]","2020=100","","","","","","","","","","","","","","","","","","","","","","","","","","","","","","","","","","","","","","","","","","","","","","","","","","","","","","","","","","","","","","","","","","","","","","","","","","","","","","","","","","","","","","","","","","","","","","","","","","","","","","","","","","","","","","","","","","","","","","","","","7.872","7.872","7.872","8.322","8.772","8.828","8.828","8.828","8.884","9.108","9.108","9.108","9.108","9.108","9.108","9.503","9.503","9.503","9.503","9.503","9.503","9.503","9.446","9.503","9.615","9.615","9.615","10.177","10.459","10.459","10.459","10.459","10.459","10.459","10.459","10.459","10.459","10.459","10.514","10.627","10.795","10.795","10.795","10.795","11.077","11.189","11.245","11.245","11.245","11.245","11.471","13.607","16.418","16.643","16.643","16.643","16.643","16.756","16.756","16.756","16.587","16.587","16.587","19.23","21.929","22.042","22.042","22.042","22.434","22.659","22.659","22.659","22.659","22.715","22.828","23.67","27.551","27.72","27.72","27.72","27.72","27.72","27.72","27.72","27.72","27.72","27.833","28.058","29.126","30.475","30.475","30.475","30.475","30.812","30.869","30.869","30.869","30.869","30.869","30.925","30.925","30.925","30.925","30.925","30.925","30.925","30.925","30.925","30.925","30.925","31.15","31.656","31.656","31.656","31.656","31.656","31.656","31.656","31.656","31.656","31.656","31.656","31.656","31.656","31.656","31.656","31.656","31.656","31.656","31.656","31.656","31.656","31.656","31.656","31.881","32.162","32.162","32.162","32.162","32.162","32.162","32.498","32.724","32.724","32.724","32.724","32.724","32.724","34.468","34.468","34.468","34.468","34.579","36.548","36.548","36.548","36.548","36.548","36.548","37.56","38.066","38.178","38.178","38.178","38.178","38.235","38.853","39.303","39.303","39.303","39.303","42.621","43.52","43.52","43.52","43.52","43.913","46.894","46.894","46.894","46.95","47.006","48.13","50.041","50.381","50.381","50.381","50.381","50.549","50.886","50.886","50.886",
"T10","whole country","C01302","T-shirts","T[14101.ausgabe]","CPI[2020=100]","2020=100","","","","","","","","","","","","","","","","","","","","","","","","","","","","","","","","","","","","","","","","","","","","","","","","","","","","","","","","","","","","","","","","","","","","","","","","","","","","","","","","","","","","","","","","","","","","","","","","","","","","","","","","","","","","","","","","","","","","","","","","","","","","","","","","","","","","","","","","","","","","","","","","","","","","","","","","","","","","","","","","","","","","","","","","","","","","","","","","","","","","","19.887","19.887","19.887","20.123","20.028","20.546","20.783","20.783","20.783","20.783","20.783","20.783","20.783","20.783","20.783","20.594","22.243","22.573","22.855","22.855","22.809","22.809","22.809","22.809","22.809","22.809","22.809","22.809","23.28","23.798","23.798","23.798","23.798","23.798","23.798","23.798","23.798","23.798","23.798","23.798","23.798","23.798","23.987","23.987","23.987","23.987","23.987","23.987","23.987","23.987","23.987","23.987","24.128","24.506","24.694","24.694","24.694","24.694","24.694","24.694","24.646","24.646","24.646","24.646","24.646","24.694","24.694","24.694","24.694","24.694","24.694","24.694","24.694","24.694","24.694","24.694","24.789","25.023","25.023","25.023","25.023","25.023","25.023","25.023","25.023","25.023","25.023","25.023","26.013","26.154","26.154","26.154","26.154","26.154","26.154","26.154","26.154","26.154","26.154","26.154","26.297","28.841","29.312","29.312","29.312","29.312","29.171","29.171","29.171","29.171","29.171","29.501","30.349","30.49","30.537","30.537","30.537","30.537","30.537","30.537","30.632","30.632","30.632","30.632","32.799","33.978","33.978","33.978","33.978","33.978","33.978","33.978",
"T10","whole country","C01303","Sweaters","T[14101.ausgabe]","CPI[2020=100]","2020=100","","","","","","","","","","","","","","","","","","","","","","","","","","","","","","","","","","","","","","","","","","","","","","","","","","","","","","","","","","","","","","","","","","","","","","","","","","","","","","","","","","","","","","","","","","","","","","","","","","","","","","","","","","","","","","","","","","","","","","","","","","","","","","","","","","","","","","","","","","","","","","","","","","","","","","","","","","","","","","","","","","","","","","","","","","","","","","","","","","","","","","","","","","","","","","","","","","","","","","","","","","","","","","","","","","","","","","","","","","","","","","","","","","","","","","","","","","","","","","","","","","","","","","","","","","","","","","","","","","","","","","","","","","","","","","","","","","","","","","","","","","","","","","","","","","","","","","","","","","","","","39.393","39.393","39.393","39.393","39.393","39.393","39.393","39.393","39.393","40.947","41.104","41.424",
"T10","whole country","C01304","Jeans","T[14101.ausgabe]","CPI[2020=100]","2020=100","","","","","","","","","","","","","","","","","","","","","","","","","","","","","","","","","","","","","","","","","","","","","","","","","","","","","","","","","","","","","","","","","","","","","","","","","","","","","","","","","","","","","","","","","","","","","","","","","","","","","","","","","","","","","","","","","","","","","","","","","","","","","","","","","","","","","","","","","","","","","","","","","","","","","","","","","","","","","","","","","","","","","","","","","","","","","","","","","","","","","","","","","","","","","","","","","","","","","","","","","","","","","","","","","","","","","","","","","","","","","","","","","","","","","","","","","","","","","","","","","","","","","","","","","","","","","","","","","","","","","","","","","","","","","","","","","","","","","","","","","","","","","","","","","","","","","","","","","","","","","51.266","51.266","51.266","51.266","51.266","51.266","51.266","51.266","51.266","52.69","52.69","52.69",
"T10","whole country","C01305","Sportswear","T[14101.ausgabe]","CPI[2020=100]","2020=100","","","","","","","","","","","","","","","","","","","","","","","","","","","","","","","","","","","","","","","","","","","","","","","","","","","","","","","","","","","","","","","","","","","","","","","","","","","","","","","","","","","","","","","","","","","","","","","","","","","","","","","","","","","","","","","","","","","","","","","","","","","","","","","","","","","","","","","","","","","","","","","","","","","","","","","","","","","","","","","","","","","","","","","","","","","","","","","","","","","","","","","","","","","","","","","","","","","","","","","","","","","","","","","","","","","","","","","","","","","","","","","","","","","","","","","","","","","","","","","","","","","","","","","","","","","","","","","","","","","","","","","","","","","","","","","","","","","","","","","","","","","","","","","","","","","","","","","","","","","","","35.56","35.56","35.56","35.56","35.56","35.56","35.56","35.56","35.56","35.56","35.56","35.56",
"T10","whole country","C014","Garment for children & infants","T[14101.ausgabe]","CPI[2020=100]","2020=100","","","","","","","","","","","","","","","","","","","","","","","","","","","","","","","","","","","","","","","","","","","","","","","","","","","","","","","","","","","","","","","","","","","","","","","","","","","","","","","","","","","","","","","","","","","","","","","","","","","","","","","","","","","","","","","","","","","","","","","","","","","","","","","","","","","","","","","","","","","","","","","","","","","","","","","","","","","","","","","","","","","","","","","","","","","","","","","","","","","","","","","","","","","","","","","","","","","","","","","","","","","","","","","","","","","","","","","","","","","","","","","","","","","","","","","","","","","","","","","","","37.764","37.878","37.878","37.878","37.878","38.03","37.956","37.956","37.956","37.993","37.993","37.993","38.068","38.068","38.068","38.068","38.03","38.447","38.485","38.485","38.485","38.485","38.789","38.978","38.978","38.978","38.978","38.978","39.281","39.509","39.509","39.509","39.509","39.509","40.381","41.367","41.367","41.405","41.405","41.405","41.556","43.074","43.15","43.15","43.15","43.15","44.135","44.78","44.78","44.78","44.78","44.78","45.386","45.386","45.576","45.916","45.916","45.916","45.916","45.916","45.846","45.846","45.846","45.846","46.876","47.11","47.11","47.11","47.11","47.157","47.344","48.092",
"T10","whole country","C01401","Children's clothing","T[14101.ausgabe]","CPI[2020=100]","2020=100","","","","","","","","","","","","","","","","","","","","","","","","","","","","","","","","","","","","","","","","","","","","","","","","","","","","","","","","","","","","","","","","","","","","","","","","","","","","","","","","","","","","","","","","","","","","","","","","","","","","","","","","","","","","","","","","","","","","","","","","","","","","","","","","","","","","","","","","","","","","","","","","","","","","","","","","","","","","","","","","","","","","","","","","","","","","","","","","","","","","","","","","","","","","","","","","","","","","","","","","","","","","","","","","","","","","","","","","","","","","","","","","","","","","","","","","","","","","","","","","","37.764","37.878","37.878","37.878","37.878","38.03","37.956","37.956","37.956","37.993","37.993","37.993","38.068","38.068","38.068","38.068","38.03","38.447","38.485","38.485","38.485","38.485","38.789","38.978","38.978","38.978","38.978","38.978","39.281","39.509","39.509","39.509","39.509","39.509","40.381","41.367","41.367","41.405","41.405","41.405","41.556","43.074","43.15","43.15","43.15","43.15","44.135","44.78","44.78","44.78","44.78","44.78","45.386","45.386","45.576","45.916","45.916","45.916","45.916","45.916","45.846","45.846","45.846","45.846","46.876","47.11","47.11","47.11","47.11","47.157","47.344","48.092",
"T10","whole country","C015","Other articles of clothing and clothing accessories","T[14101.ausgabe]","CPI[2020=100]","2020=100","","","","","","","","","","","","","","","","","","","","","","","","","","","","","","","","","","","","","","","","","","","","","","","","","","","","","","","","","","","","","","","","","","","","","","","","","","","","","","","","","","","","","","","","","","","","","","","","","","","","","","","","","","","","","","","","","","","","","","","","","","","","","","","","","","","","","","","","","","","","","","","","","","","","","","","","","","","","","","","","","","","","","","","","","","","","","","","","","","","","","","","","","","","","","","","","","","","","","","","","","","","","","","","","","","","","","","","","","","","","","","","","","","","","","","","","","","","","","","","","","52.377","52.377","52.377","52.377","52.377","52.377","52.377","52.377","52.324","52.377","52.429","52.429","52.429","52.429","52.429","52.377","52.22","52.22","52.167","52.167","52.115","52.062","52.22","52.377","52.691","52.743","52.9","52.9","53.004","53.004","53.004","52.952","53.214","53.634","54.053","54.629","54.943","55.467","55.781","55.781","55.834","55.938","55.938","55.938","56.776","57.352","57.457","57.509","57.509","57.666","59.028","59.08","59.761","59.813","59.813","59.866","60.233","61.804","62.381","62.538","62.347","62.347","62.472","62.659","62.659","62.659","62.722","62.722","62.722","62.722","62.785","63.098",
"T10","whole country","C01501","Socks","T[14101.ausgabe]","CPI[2020=100]","2020=100","","","","","","","","","","","","","","","","","","","","","","","","","","","","","","","","","","","","","","","","","","","","","","","","","","","","","","","","","","","","","","","","","","","","","","","","","","","","","","","","","","","","","","","","","","","","","","","","","","","","","","","","","","","","","","","","","","","","","","","","","","","","","","","","","","","","","","","","","","","","","","","","","","","","","","","","","","","","","","","","","","","","","","","","","","","","","","","","","","","","","","","","","","","","","","","","","","","","","","","","","","","","","","","","","","","","","","","","","","","","","","","","","","","","","","","","","","","","","","","","","56.644","56.644","56.644","56.644","56.644","56.644","56.644","56.644","56.249","56.079","56.079","56.079","56.136","56.136","56.079","56.023","55.74","55.685","55.685","55.685","55.627","55.515","55.571","55.74","56.362","56.475","56.701","56.701","56.701","56.644","56.587","56.531","57.04","57.548","58.281","59.411","59.864","60.428","60.992","61.049","61.105","61.161","61.161","61.161","62.179","62.857","62.857","62.97","62.97","63.195","65.906","65.906","67.091","67.091","67.035","67.091","67.656","70.706","70.763","70.763","70.766","70.766","70.838","71.049","71.049","71.122","71.049","71.049","70.98","70.909","70.909","71.193",
"T10","whole country","C01502","Hats & caps","T[14101.ausgabe]","CPI[2020=100]","2020=100","","","","","","","","","","","","","","","","","","","","","","","","","","","","","","","","","","","","","","","","","","","","","","","","","","","","","","","","","","","","","","","","","","","","","","","","","","","","","","","","","","","","","","","","","","","","","","","","","","","","","","","","","","","","","","","","","","","","","","","","","24.574","24.574","25.343","27.584","27.584","27.584","27.584","27.584","27.584","27.584","27.584","27.584","27.584","27.724","28.005","28.005","28.005","28.005","28.005","28.005","28.005","28.005","28.005","28.005","28.073","28.144","28.144","28.144","28.144","28.144","28.144","28.144","28.144","28.144","28.144","28.144","28.144","28.424","29.124","29.194","29.194","29.194","29.194","29.194","29.194","29.194","29.194","29.194","29.194","33.255","35.635","35.985","35.985","36.195","36.336","36.336","36.405","39.135","39.415","39.766","39.555","41.305","43.127","43.127","43.127","43.127","43.127","43.127","43.127","43.127","43.267","43.407","43.827","48.797","51.248","51.248","51.248","51.248","51.248","51.248","51.318","51.388","51.388","51.388","51.388","51.597","51.178","51.178","51.178","51.178","51.178","51.178","51.178","51.178","51.178","51.178","51.178","51.178","51.178","51.178","51.178","51.178","51.178","51.178","51.178","51.178","51.178","51.178","51.178","51.178","51.178","51.178","51.178","51.178","51.178","51.178","51.178","51.178","51.178","51.178","51.178","51.178","51.178","51.178","51.178","51.178","51.178","51.178","51.178","51.107","51.107","51.107","51.107","51.107","51.107","51.107","51.107","51.107","51.107","51.107","51.107","51.107","51.668","51.668","51.668","51.668","52.228","52.578","53.768","54.258","54.258","54.258","54.258","54.258","54.469","54.469","54.469","54.608","54.678","54.958","55.728","56.078","56.078","56.078","56.078","56.429","56.569","56.569","56.569","56.569","56.569","56.569","57.828","57.828","57.828","57.899","58.248","58.529","58.529","58.529","58.529","58.529","58.529","58.739","58.739","58.739","58.739","58.739","58.739","58.739","58.739","58.739",
"T10","whole country","C01503","Gloves","T[14101.ausgabe]","CPI[2020=100]","2020=100","","","","","","","","","","","","","","","","","","","","","","","","","","","","","","","","","","","","","","","","","","","","","","","","","","","","","","","","","","","","","","","","","","","","","","","","","","","","","","","","","","","","","","","","","","","","","","","","","","","","","","","","","","","","","","","","","","","","","","","","","14.665","15.643","16.132","16.132","16.132","16.241","16.241","16.241","16.349","16.458","16.458","17.056","17.925","18.413","18.793","18.902","20.26","20.857","21.944","22.378","22.541","22.541","22.541","22.921","23.03","23.084","23.519","24.441","25.529","25.529","24.605","24.225","24.225","24.225","24.225","23.845","23.953","23.953","23.953","23.953","23.953","23.953","23.953","23.953","24.388","25.202","26.127","29.82","29.82","31.124","31.993","32.7","34.219","34.219","34.437","34.871","34.871","34.871","35.524","35.524","35.685","36.936","38.619","38.945","39.325","39.488","39.488","39.488","39.488","39.488","39.488","39.488","39.488","39.868","40.683","40.683","40.683","40.683","40.683","40.683","40.683","40.683","40.683","40.683","40.738","40.738","40.738","40.738","40.738","40.738","40.738","40.738","40.738","41.28","41.28","41.28","41.28","41.28","41.28","41.28","41.28","41.28","41.28","41.28","41.28","41.28","41.28","41.28","43.453","45.898","45.898","47.635","48.505","48.505","48.505","48.505","48.505","48.505","48.505","48.505","48.505","48.505","48.505","48.505","48.505","48.505","48.505","48.505","48.505","48.505","48.505","48.505","48.505","48.505","48.505","48.505","48.505","48.505","48.505","48.505","48.505","48.505","48.505","48.505","48.505","48.505","48.505","48.505","48.505","48.505","48.505","48.505","48.505","48.505","48.505","48.505","48.993","50.623","50.623","50.623","50.623","50.623","50.623","50.623","52.85","52.85","52.85","52.85","52.85","52.85","52.85","52.85","52.85","52.85","52.632","52.199","52.199","52.199","52.199","52.199","51.275","50.786","50.786","50.786","50.786","50.786","50.786","50.786","50.786","50.786","50.786","50.84",
"T10","whole country","C016","Cleaning, repair and hire of clothing","T[14101.ausgabe]","CPI[2020=100]","2020=100","","","","","","","","","","","","","","","","","","","","","","","","","","","","","","","","","","","","","","","","","","","","","","","","","","","","","","","","","","","","","","","","","","","","","","","","","","","","","","","","","","","","","","","","","","","","","","","","","","","","","","","","","","","","","","","","","","","","","","","","","","","","","","","","","","","","","","","","","","","","","","","","","","","","","","","","","","","","","","","","","","","","","","","","","","","","","","","","","","","","","","","","","","","","","","","","","","","","","","","","","","","","","","","","","","","","","","","","","","","","","","","","","","","","","","","","","","","","","","","","","25.383","25.383","25.383","25.383","25.383","25.383","25.383","25.383","25.383","25.509","25.509","25.458","25.434","25.434","25.434","25.536","25.536","25.536","25.536","25.612","25.637","25.612","25.637","25.663","25.663","25.637","25.637","26.475","26.527","26.45","26.45","26.45","26.45","27.187","27.924","30.618","31.125","31.176","31.328","31.887","32.218","32.395","32.447","32.447","32.447","33.97","33.996","33.996","34.072","34.504","34.529","35.164","36.258","37.02","37.502","37.706","37.985","39.534","40.881","41.263","41.298","41.475","42.762","44.358","45.024","45.024","45.067","45.067","45.067","45.467","45.646","45.999",
"T10","whole country","C01601","Clothing alterations","T[14101.ausgabe]","CPI[2020=100]","2020=100","","","","","","","","","","","","","","","","","","","","","","","","","","","","","","","","","","","","","","","","","","","","","","","","","","","","","","","","","","","","","","","","","","","","","","","","","","","","","","","","","","","","","","","","","","","","","","","","","","","","","","","","","","","","","","","","","","","","","","","","","4.605","4.605","4.605","4.605","4.605","4.605","4.605","4.605","4.605","4.605","4.605","4.605","4.788","4.788","4.788","4.788","4.847","4.847","4.847","4.847","4.847","4.788","4.788","4.847","4.847","5.271","5.332","5.332","5.755","5.938","5.938","5.938","5.938","5.938","5.938","5.938","6.121","6.181","6.544","6.847","7.272","7.272","7.272","7.333","8.18","8.18","8.241","8.424","8.846","9.15","9.936","10.301","11.149","11.755","12.543","12.543","13.027","14.118","14.118","14.118","15.573","15.633","16.603","16.966","16.966","16.966","16.966","16.966","16.966","16.966","16.966","16.966","17.209","18.421","18.784","19.875","20.36","20.905","22.358","22.419","22.541","23.753","24.48","24.48","24.48","24.48","24.48","24.48","24.48","24.48","24.48","24.48","24.48","24.48","24.48","24.48","24.48","24.48","24.48","24.48","24.48","24.48","24.48","24.48","24.48","24.48","24.48","26.176","26.964","26.964","26.964","26.964","26.964","26.964","26.964","26.964","26.964","26.964","26.964","26.964","26.964","26.964","26.964","26.964","26.964","26.964","26.964","26.964","26.964","26.964","26.964","26.964","26.964","26.964","26.964","27.207","27.207","27.207","27.146","27.632","27.632","27.632","27.632","27.632","27.632","27.632","27.632","27.632","27.632","27.632","27.632","27.632","27.632","29.449","30.843","35.083","35.507","35.507","35.69","35.69","35.69","35.69","35.69","35.69","35.69","35.69","35.69","35.69","35.932","36.781","37.205","38.053","39.688","39.688","39.688","39.871","40.174","40.355","40.416","40.416","40.84","41.265","42.113","43.385","44.052","44.052","44.052","44.052","44.052","44.476","44.476","44.718",
"T10","whole country","C01602","Laundry services","T[14101.ausgabe]","CPI[2020=100]","2020=100","","","","","","","","","","","","","","","","","","","","","","","","","","","","","","","","","","","","","","","","","","","","","","","","","","","","","","","","","","","","","","","","","","","","","","","","","","","","","","","","","","","","","","","","","","","","","","","","","","","","","","","","","","","","","","","","","","","","","","","","","6.603","6.765","6.845","7.328","8.456","8.456","8.456","8.456","8.456","8.456","8.456","8.456","8.617","8.697","8.778","8.778","8.778","8.778","8.778","8.778","8.778","8.778","8.778","8.778","8.778","9.423","9.423","9.423","10.63","11.194","11.194","11.194","11.194","11.194","11.194","11.194","11.355","11.516","11.596","11.758","12.321","12.321","12.321","12.321","13.53","13.771","13.932","14.174","14.174","14.174","14.576","16.75","17.959","18.603","18.926","18.926","21.18","24.16","24.16","24.16","24.402","24.483","26.656","27.301","27.301","27.784","28.026","28.026","28.026","28.026","28.105","28.429","29.153","31.247","31.407","32.939","33.663","33.743","33.823","33.985","34.227","34.227","34.145","34.145","34.145","34.145","34.145","34.145","34.145","34.145","34.145","34.145","34.145","34.145","34.145","34.145","34.145","34.145","34.145","34.145","34.145","34.145","34.145","34.066","34.066","33.985","33.823","33.823","33.823","33.823","33.823","33.823","33.823","33.823","33.823","33.823","33.823","33.823","33.823","33.823","33.743","33.743","33.743","33.743","33.743","33.743","33.743","33.743","33.743","33.743","33.743","33.582","33.502","33.502","33.502","33.663","33.663","33.663","33.663","33.663","33.663","33.582","33.582","33.582","33.582","33.582","33.582","33.582","33.663","33.502","33.502","33.502","33.502","34.628","35.595","40.186","40.91","41.071","41.232","41.958","41.958","42.118","42.279","42.279","42.279","43.728","43.81","43.81","43.81","43.81","43.648","43.971","44.776","44.776","44.776","44.857","45.178","46.951","47.433","47.916","48.964","48.964","51.058","53.634","54.52","54.52","54.601","54.601","54.601","54.843","54.923","55.488",
"T10","whole country","C02","03.2 Footwear","T[14101.ausgabe]","CPI[2020=100]","2020=100","","","","","","","","","","","","","","","","","","","","","","","","","","","","","","","","","","","","","","","","","","","","","","","","","","","","","","","","","","","","","","","","","","","","","","","","","","","","","","","","","","","","","","","","","","","","","","","","","","","","","","","","","","","","","","","","","","","","","","","","","","","","","","","","","","","","","","","","","","","","","","","","","","","","","","","","","","","","","","","","","","","","","","","","","","","","","","","","","","","","","","","","","","","","","","","","","","","","","","","","","","","","","","","","","","","","","","","","","","","","","","","","","","","","","","","","","","","","","","","","","35.471","35.471","35.542","35.542","35.542","35.542","35.827","35.827","35.684","35.684","35.649","35.649","35.72","35.791","35.791","35.791","35.791","35.791","35.97","36.041","35.97","36.148","36.184","36.148","36.148","36.184","36.184","36.184","36.219","36.219","36.219","36.219","36.29","36.503","37.038","37.11","37.145","37.679","37.679","37.715","37.786","37.964","38.356","38.356","39.103","39.744","39.922","39.993","40.136","40.172","40.244","40.35","40.599","40.634","40.812","41.132","42.309","42.736","42.843","42.771","42.675","42.675","42.718","42.933","42.933","42.933","43.278","43.321","43.321","43.321","43.321","43.363",
"T10","whole country","C021","Footwear","T[14101.ausgabe]","CPI[2020=100]","2020=100","","","","","","","","","","","","","","","","","","","","","","","","","","","","","","","","","","","","","","","","","","","","","","","","","","","","","","","","","","","","","","","","","","","","","","","","","","","","","","","","","","","","","","","","","","","","","","","","","","","","","","","","","","","","","","","","","","","","","","","","","","","","","","","","","","","","","","","","","","","","","","","","","","","","","","","","","","","","","","","","","","","","","","","","","","","","","","","","","","","","","","","","","","","","","","","","","","","","","","","","","","","","","","","","","","","","","","","","","","","","","","","","","","","","","","","","","","","","","","","","","35.471","35.471","35.542","35.542","35.542","35.542","35.827","35.827","35.684","35.684","35.649","35.649","35.72","35.791","35.791","35.791","35.791","35.791","35.97","36.041","35.97","36.148","36.184","36.148","36.148","36.184","36.184","36.184","36.219","36.219","36.219","36.219","36.29","36.503","37.038","37.11","37.145","37.679","37.679","37.715","37.786","37.964","38.356","38.356","39.103","39.744","39.922","39.993","40.136","40.172","40.244","40.35","40.599","40.634","40.812","41.132","42.309","42.736","42.843","42.771","42.675","42.675","42.718","42.933","42.933","42.933","43.278","43.321","43.321","43.321","43.321","43.363",
"T10","whole country","C02101","Children's shoes","T[14101.ausgabe]","CPI[2020=100]","2020=100","","","","","","","","","","","","","","","","","","","","","","","","","","","","","","","","","","","","","","","","","","","","","","","","","","","","","","","","","","","","","","","","","","","","","","","","","","","","","","","","","","","","","","","","","","","","","","","","","","","","","","","","","","","","","","","","","","","","","","","","","","","","","","","","","","","","","","","","","","","","","","","","","","","","","","","","","","","","","","","","","","","","","","","","","","","","","","","","","","","","","","","","","","","","","","","","","","","","","","","","","","","","","","","","","","","","","","","","","","","","","","","","","","","","","","","","","","","","","","","","","","","","","","","","","","","","","","","","","","","","","","","","","","","","","","","","","","","","","","","","","","","","","","","","","","","","","","","","","","","","","40.311","40.311","40.311","40.311","40.311","40.311","42.973","42.973","42.973","42.973","42.973","42.973",
"T10","whole country","C02102","Shoes","T[14101.ausgabe]","CPI[2020=100]","2020=100","","","","","","","","","","","","","","","","","","","","","","","","","","","","","","","","","","","","","","","","","","","","","","","","","","","","","","","","","","","","","","","","","","","","","","","","","","","","","","","","","","","","","","","","","","","","","","","","","","","","","","","","","","","","","","","","","","","","","","","","","","","","","","","","","","","","","","","","","","","","","","","","","","","","","","","","","","","","","","","","","","","","","","","","","","","","","","","","","","","","","","","","","","","","","","","","","","","","","","","","","","","","","","","","","","","","","","","","","","","","","","","","","","","","","","","","","","","","","","","","","28.814","28.814","28.93","28.93","28.93","28.93","28.93","28.93","28.843","28.814","28.814","28.814","28.901","28.959","28.959","28.959","28.959","28.959","29.19","29.276","29.276","29.536","29.565","29.565","29.565","29.594","29.594","29.594","29.594","29.594","29.594","29.594","29.623","29.738","30.373","30.373","30.373","30.749","30.749","30.749","30.749","31.008","31.586","31.586","32.654","33.549","33.809","33.896","34.098","34.156","34.185","34.213","34.618","34.618","34.762","35.224","36.928","37.563","37.62","37.361","37.404","37.479","37.517","37.857","37.857","37.857","37.972","38.009","38.009","38.009","38.009","38.009",
"T10","whole country","C02103","Sneakers","T[14101.ausgabe]","CPI[2020=100]","2020=100","","","","","","","","","","","","","","","","","","","","","","","","","","","","","","","","","","","","","","","","","","","","","","","","","","","","","","","","","","","","","","","","","","","","","","","","","","","","","","","","","","","","","","","","","","","","","","","","","","","","","","","","","","","","","","","","","","","","","","","","","16.935","16.935","16.935","16.935","16.935","16.935","16.701","17.229","17.815","17.873","17.873","17.873","17.873","17.931","17.99","17.99","17.99","18.049","18.049","18.049","18.049","18.049","18.049","18.108","18.108","18.108","18.108","18.108","18.401","18.401","17.053","17.288","17.757","17.873","17.873","17.873","17.873","17.873","17.873","20.159","20.159","20.334","20.393","20.393","20.452","22.738","23.734","23.734","24.437","26.605","27.016","26.605","25.784","25.901","25.784","25.55","25.55","25.55","25.55","27.133","39.322","39.966","41.021","41.783","41.841","43.013","44.186","44.42","44.479","44.656","44.889","44.889","45.299","45.299","45.534","48.875","52.566","52.917","52.976","52.214","51.862","51.862","51.922","51.981","51.981","51.862","51.862","51.862","51.862","51.862","51.628","51.453","51.453","51.453","51.453","51.453","51.453","51.453","51.453","51.453","51.453","51.453","51.453","51.453","51.628","51.628","51.628","51.628","51.628","51.628","51.628","51.628","51.628","51.57","51.57","51.57","51.57","51.57","51.57","51.57","51.57","51.57","51.57","51.57","51.57","51.57","52.272","52.214","52.098","52.098","52.039","51.922","51.922","52.098","52.155","52.155","52.155","52.155","52.272","52.389","52.214","52.214","52.214","52.214","52.214","52.214","52.214","52.214","52.331","52.389","52.389","52.389","52.507","52.917","53.151","53.387","53.62","54.206","54.206","54.265","54.441","54.441","54.441","54.441","54.441","54.441","54.5","54.5","54.5","54.5","54.616","54.733","54.733","54.792","54.969","55.028","55.028","55.028","55.144","55.437","55.32","55.261","55.32","55.32","55.32","55.32","55.32","55.32","55.32","55.32","55.32","55.378",
"T10","whole country","C02104","Slippers","T[14101.ausgabe]","CPI[2020=100]","2020=100","","","","","","","","","","","","","","","","","","","","","","","","","","","","","","","","","","","","","","","","","","","","","","","","","","","","","","","","","","","","","","","","","","","","","","","","","","","","","","","","","","","","","","","","","","","","","","","","","","","","","","","","","","","","","","","","","","","","","","","","","","","","","","","","","","","","","","","","","","","","","","","","","","","","","","","","","","","","","","","","","","","","","","","","","","","","","","","","","","","","","","","","","","","","","","","","","","","","","","","","","","","","","","","","","","","","","","","","","","","","","","","","","","","","","","","","","","","","","","","","","","","","","","","","","","","","","","","","","","","","","","","","","","","","","","","","","","","","","","","","","","","","","","","","","","","","","","","","","","","","","51.873","51.294","51.525","51.525","51.525","51.525","51.699","51.931","51.989","52.047","52.162","52.279",
"T10","whole country","D","04 Housing, water, electricity and other fuels","T[14101.ausgabe]","CPI[2020=100]","2020=100","","","","","","","","","","","","","","","","","","","","","","","","","","","","","","","","","","","","","","","","","","","","","","","","","","","","","","","","","","","","","","","","","","","","","","","","","","","","","","","","","","","","","","","","","","","","","","","","","","","","","","","","","","","","","","","","","","","","","","","","","","","","","","","","","","","","","","","","","","","","","","","","","","","","","","","","","","","","","","","","","","","","","","","","","","","","","","","","","","","","","","","","","","","","","","","","","","","","","","","","","","","","","","","","","","","","","","","","","","","","","","","","","","","","","","","","","","","","","","","","","30.604","30.634","30.697","30.915","31.133","31.258","31.353","31.446","31.571","31.665","31.759","31.759","31.759","31.727","31.696","31.665","31.852","32.103","32.196","32.227","32.289","32.32","32.352","32.414","32.445","32.445","32.477","32.695","32.883","32.914","32.914","33.008","32.976","33.039","33.039","33.133","33.165","33.258","33.258","33.414","33.85","34.132","34.258","34.351","34.444","34.601","34.695","34.664","34.726","34.789","34.85","35.037","35.287","35.537","35.569","35.662","35.756","35.818","36.037","36.101","36.293","36.446","36.751","37.094","37.705","38.202","38.582","38.773","38.965","39.27","39.652","40.223",
"T10","whole country","D01","04.1 Actual rentals for housing","T[14101.ausgabe]","CPI[2020=100]","2020=100","","","","","","","","","","","","","","","","","","","","","","","","","","","","","","","","","","","","","","","","","","","","","","","","","","","","","","","","","","","","","","","","","","","","","","","","","","","","","","","","","","","","","","","","","","","","","","","","","","","","","","","","","","","","","","","","","","","","","","","","","","","","","","","","","","","","","","","","","","","","","","","","","","","","","","","","","","","","","","","","","","","","","","","","","","","","","","","","","","","","","","","","","","","","","","","","","","","","","","","","","","","","","","","","","","","","","","","","","","","","","","","","","","","","","","","","","","","","","","","","","34.226","34.296","34.402","34.541","34.857","35.103","35.277","35.452","35.452","35.522","35.662","35.662","35.802","35.838","35.943","36.012","36.259","36.504","36.644","36.714","36.783","36.855","36.924","37.064","37.133","37.133","37.205","37.309","37.519","37.625","37.659","37.835","37.729","37.835","38.009","38.15","38.221","38.359","38.431","38.78","39.27","39.726","39.936","40.147","40.322","40.532","40.847","40.953","41.093","41.163","41.268","41.513","41.968","42.353","42.495","42.634","42.844","42.949","43.23","43.37","43.7","43.887","44.354","44.915","45.989","46.829","47.529","47.902","48.182","48.603","49.023","49.443",
"T10","whole country","D011","Rentals for housing","T[14101.ausgabe]","CPI[2020=100]","2020=100","","","","","","","","","","","","","","","","","","","","","","","","","","","","","","","","","","","","","","","","","","","","","","","","","","","","","","","","","","","","","","","","","","","","","","","","","","","","","","","","","","","","","","","","","","","","","","","","","","","","","","","","","","","","","","","","","","","","","","","","","","","","","","","","","","","","","","","","","","","","","","","","","","","","","","","","","","","","","","","","","","","","","","","","","","","","","","","","","","","","","","","","","","","","","","","","","","","","","","","","","","","","","","","","","","","","","","","","","","","","","","","","","","","","","","","","","","","","","","","","","34.226","34.296","34.402","34.541","34.857","35.103","35.277","35.452","35.452","35.522","35.662","35.662","35.802","35.838","35.943","36.012","36.259","36.504","36.644","36.714","36.783","36.855","36.924","37.064","37.133","37.133","37.205","37.309","37.519","37.625","37.659","37.835","37.729","37.835","38.009","38.15","38.221","38.359","38.431","38.78","39.27","39.726","39.936","40.147","40.322","40.532","40.847","40.953","41.093","41.163","41.268","41.513","41.968","42.353","42.495","42.634","42.844","42.949","43.23","43.37","43.7","43.887","44.354","44.915","45.989","46.829","47.529","47.902","48.182","48.603","49.023","49.443",
"T10","whole country","D01101","Long-term deposit rental","T[14101.ausgabe]","CPI[2020=100]","2020=100","","","","","","","","","","","","","","","","","","","","","","","","","","","","","","","","","","","","","","","","","","","","","","","","","","","","","","","","","","","","","","","","","","","","","","","","","","","","","","","","","","","","","","","","","","","","","","","","","","","","","","","","","","","","","","","","","","","","","","","","","8.092","8.092","8.431","8.431","8.431","8.601","8.601","8.601","8.77","8.77","8.77","8.997","8.997","8.997","9.28","9.28","9.28","9.959","9.959","9.959","10.128","10.128","10.128","10.468","10.468","10.468","10.468","10.468","10.468","11.091","11.091","11.091","11.657","11.657","11.657","11.882","11.882","11.882","12.279","12.449","12.449","12.449","13.241","13.241","13.241","13.241","13.241","13.58","13.75","13.75","13.75","14.372","14.372","16.183","16.183","16.183","17.258","17.258","17.258","17.994","17.994","17.994","18.899","18.899","18.899","20.314","20.314","20.314","20.993","20.993","20.993","21.275","21.275","21.275","21.614","21.614","21.614","22.068","22.068","22.068","22.351","22.351","22.351","22.747","22.747","22.747","22.918","22.918","22.918","23.427","23.427","23.427","24.161","24.161","24.161","25.293","25.519","25.576","25.803","26.256","26.651","27.048","27.726","27.953","28.236","28.519","28.688","29.029","29.029","29.14","29.198","29.254","29.424","29.651","29.763","29.763","29.82","29.933","29.99","30.103","30.217","30.329","30.385","30.499","30.838","31.065","31.291","31.405","31.405","31.46","31.574","31.574","31.744","31.744","31.858","31.913","32.141","32.366","32.48","32.536","32.593","32.593","32.706","32.875","32.875","32.875","32.989","33.102","33.215","33.328","33.386","33.555","33.498","33.555","33.667","33.837","33.95","34.007","34.064","34.404","34.97","35.422","35.592","35.762","35.874","36.101","36.384","36.497","36.61","36.723","36.723","37.006","37.402","37.799","37.854","38.025","38.138","38.251","38.477","38.647","38.874","39.043","39.552","40.119","41.137","41.986","42.778","43.117","43.343","43.795","44.136","44.475",
"T10","whole country","D01102","Monthly rental","T[14101.ausgabe]","CPI[2020=100]","2020=100","","","","","","","","","","","","","","","","","","","","","","","","","","","","","","","","","","","","","","","","","","","","","","","","","","","","","","","","","","","","","","","","","","","","","","","","","","","","","","","","","","","","","","","","","","","","","","","","","","","","","","","","","","","","","","","","","","","","","","","","","10.489","10.489","10.898","10.898","10.898","11.308","11.308","11.308","11.554","11.554","11.554","11.882","11.882","11.882","12.292","12.292","12.292","12.864","12.864","12.864","13.275","13.275","13.275","14.095","14.095","14.095","14.258","14.258","14.258","14.914","14.914","14.914","15.732","15.732","15.732","16.389","16.389","16.389","16.961","17.289","17.289","17.289","18.273","18.273","18.273","18.273","18.273","18.929","19.256","19.256","19.256","21.141","21.141","22.86","22.86","22.86","24.582","24.582","24.582","26.222","26.222","26.222","27.288","27.288","27.288","29.008","29.008","29.008","30.318","30.318","30.318","30.973","30.973","30.973","31.63","31.63","31.63","32.694","32.694","32.694","33.433","33.433","33.433","34.005","34.005","34.005","34.497","34.497","34.497","35.891","35.891","35.891","36.791","36.791","36.791","38.677","38.84","39.086","39.25","39.825","40.07","40.643","41.052","41.463","41.545","41.871","42.035","42.363","42.527","42.774","42.855","42.855","43.184","43.265","43.347","43.511","43.675","43.838","44.003","44.085","44.249","44.249","44.412","44.658","44.822","45.232","45.232","45.396","45.479","45.642","45.642","45.724","45.806","45.887","46.051","46.215","46.624","46.87","47.035","47.116","47.198","47.444","47.444","47.444","47.689","47.689","47.689","47.853","48.017","48.264","48.264","48.264","48.346","48.427","48.673","48.756","48.837","49.083","49.329","49.575","49.821","50.23","50.476","50.804","51.051","51.297","51.623","51.869","51.951","52.032","52.278","52.525","53.016","53.344","53.753","53.999","54.245","54.409","54.655","54.818","55.229","55.392","55.801","56.376","57.441","58.261","58.67","59.079","59.407","59.817","60.472","61.21",
"T10","whole country","D03","04.3 Maintenance and repair of the dwelling","T[14101.ausgabe]","CPI[2020=100]","2020=100","","","","","","","","","","","","","","","","","","","","","","","","","","","","","","","","","","","","","","","","","","","","","","","","","","","","","","","","","","","","","","","","","","","","","","","","","","","","","","","","","","","","","","","","","","","","","","","","","","","","","","","","","","","","","","","","","","","","","","","","","","","","","","","","","","","","","","","","","","","","","","","","","","","","","","","","","","","","","","","","","","","","","","","","","","","","","","","","","","","","","","","","","","","","","","","","","","","","","","","","","","","","","","","","","","","","","","","","","","","","","","","","","","","","","","","","","","","","","","","","","15.296","15.296","15.296","15.296","15.296","15.296","15.296","15.296","15.342","15.404","15.404","15.388","15.404","15.404","15.818","16.048","16.079","16.093","16.093","16.109","16.109","16.109","16.125","16.125","16.109","16.125","16.139","16.231","16.309","16.339","16.369","16.401","16.584","16.952","16.998","17.013","17.12","17.381","17.672","17.917","18.102","18.27","18.454","18.484","18.562","18.959","18.929","18.914","18.959","18.991","19.067","19.419","19.772","20.049","20.232","20.248","20.325","20.416","20.738","20.799","21.57","21.686","21.984","22.397","22.811","23.155","23.201","23.225","23.408","23.753","24.236","24.236",
"T10","whole country","D031","Maintenance and repair of the dwelling","T[14101.ausgabe]","CPI[2020=100]","2020=100","","","","","","","","","","","","","","","","","","","","","","","","","","","","","","","","","","","","","","","","","","","","","","","","","","","","","","","","","","","","","","","","","","","","","","","","","","","","","","","","","","","","","","","","","","","","","","","","","","","","","","","","","","","","","","","","","","","","","","","","","","","","","","","","","","","","","","","","","","","","","","","","","","","","","","","","","","","","","","","","","","","","","","","","","","","","","","","","","","","","","","","","","","","","","","","","","","","","","","","","","","","","","","","","","","","","","","","","","","","","","","","","","","","","","","","","","","","","","","","","","15.296","15.296","15.296","15.296","15.296","15.296","15.296","15.296","15.342","15.404","15.404","15.388","15.404","15.404","15.818","16.048","16.079","16.093","16.093","16.109","16.109","16.109","16.125","16.125","16.109","16.125","16.139","16.231","16.309","16.339","16.369","16.401","16.584","16.952","16.998","17.013","17.12","17.381","17.672","17.917","18.102","18.27","18.454","18.484","18.562","18.959","18.929","18.914","18.959","18.991","19.067","19.419","19.772","20.049","20.232","20.248","20.325","20.416","20.738","20.799","21.57","21.686","21.984","22.397","22.811","23.155","23.201","23.225","23.408","23.753","24.236","24.236",
"T10","whole country","D03101","Home maintenance and repair materials","T[14101.ausgabe]","CPI[2020=100]","2020=100","","","","","","","","","","","","","","","","","","","","","","","","","","","","","","","","","","","","","","","","","","","","","","","","","","","","","","","","","","","","","","","","","","","","","","","","","","","","","","","","","","","","","","","","","","","","","","","","","","","","","","","","","","","","","","","","","","","","","","","","","","","","","","","","","","","","","","","","","","","","","","","","","","","","","","","","","","","","","","","","","","","","","","","","","","","","","","","","","","","","","","","","","","","","","","","","","","","","","","","","","","","","","","","","","","","","","","","","","","","","","","","","","","","","","","","","","","","","","","","","","26.344","26.344","26.344","26.37","26.37","26.37","26.37","26.37","26.37","26.397","26.397","26.397","26.397","26.397","26.397","26.502","26.555","26.555","26.555","26.555","26.555","26.581","26.581","26.581","26.528","26.607","26.634","26.634","26.634","26.634","26.66","26.713","26.713","26.871","26.898","26.924","27.294","28.427","28.691","28.743","28.901","29.008","29.034","29.139","29.139","29.166","29.166","29.166","29.139","29.139","29.139","29.297","29.376","29.376","29.35","29.324","29.297","29.297","29.297","29.297","29.339","29.339","29.339","29.458","29.487","29.517","29.517","29.487","29.487","29.695","30.346","30.613",
"T10","whole country","D03102","Dwelling maintenance and repair services","T[14101.ausgabe]","CPI[2020=100]","2020=100","","","","","","","","","","","","","","","","","","","","","","","","","","","","","","","","","","","","","","","","","","","","","","","","","","","","","","","","","","","","","","","","","","","","","","","","","","","","","","","","","","","","","","","","","","","","","","","","","","","","","","","","","","","","","","","","","","","","","","","","","","","","","","","","","","","","","","","","","","","","","","","","","","","","","","","","","","","","","","","","","","","","","","","","","","","","","","","","","","","","","","","","","","","","","","","","","","","","","","","","","","","","","","","","","","","","","","","","","","","","","","","","","","","","","","","","","","","","","","","","","9.525","9.535","9.535","9.535","9.535","9.535","9.535","9.535","9.535","9.535","9.535","9.535","9.535","9.535","10.459","10.936","10.955","11.012","11.012","11.012","11.012","11.022","11.031","11.031","11.031","11.031","11.031","11.108","11.193","11.212","11.269","11.279","11.546","12.042","12.08","12.089","12.118","12.128","12.605","13.081","13.282","13.529","13.901","13.91","13.91","14.445","14.759","14.788","14.93","15.026","15.197","15.894","16.447","16.886","17.247","17.304","17.496","17.686","18.401","18.563","18.905","19.274","20.187","21.121","21.447","21.904","21.925","21.925","22.49","23.229","24.12","24.229",
"T10","whole country","D04","04.4 Water supply and miscellaneous services relating to rhe dwelling","T[14101.ausgabe]","CPI[2020=100]","2020=100","","","","","","","","","","","","","","","","","","","","","","","","","","","","","","","","","","","","","","","","","","","","","","","","","","","","","","","","","","","","","","","","","","","","","","","","","","","","","","","","","","","","","","","","","","","","","","","","","","","","","","","","","","","","","","","","","","","","","","","","","","","","","","","","","","","","","","","","","","","","","","","","","","","","","","","","","","","","","","","","","","","","","","","","","","","","","","","","","","","","","","","","","","","","","","","","","","","","","","","","","","","","","","","","","","","","","","","","","","","","","","","","","","","","","","","","","","","","","","","","","16.809","16.809","16.809","16.809","16.809","16.809","16.809","16.809","16.809","17.114","17.453","17.453","17.691","18.165","18.165","18.165","18.215","18.368","18.554","18.554","18.588","18.606","18.622","18.622","18.622","18.622","18.622","18.622","18.64","18.741","18.758","18.758","18.758","18.758","18.758","18.758","18.758","18.809","18.809","18.809","18.809","18.809","18.809","18.809","18.809","18.809","18.826","18.842","18.842","18.876","18.876","19.096","19.13","19.13","19.215","19.249","19.267","19.267","19.267","19.267","19.186","19.262","19.302","19.36","19.418","19.399","19.418","19.437","19.458","19.516","19.632","19.632",
"T10","whole country","D041","Water & Sewage disposal charge","T[14101.ausgabe]","CPI[2020=100]","2020=100","","","","","","","","","","","","","","","","","","","","","","","","","","","","","","","","","","","","","","","","","","","","","","","","","","","","","","","","","","","","","","","","","","","","","","","","","","","","","","","","","","","","","","","","","","","","","","","","","","","","","","","","","","","","","","","","","","","","","","","","","","","","","","","","","","","","","","","","","","","","","","","","","","","","","","","","","","","","","","","","","","","","","","","","","","","","","","","","","","","","","","","","","","","","","","","","","","","","","","","","","","","","","","","","","","","","","","","","","","","","","","","","","","","","","","","","","","","","","","","","","11.856","11.856","11.856","11.856","11.856","11.856","11.856","11.856","11.856","12.096","12.443","12.455","12.707","13.209","13.209","13.209","13.209","13.209","13.209","13.209","13.209","13.209","13.221","13.234","13.234","13.234","13.234","13.234","13.234","13.234","13.234","13.234","13.234","13.234","13.234","13.234","13.234","13.234","13.234","13.234","13.234","13.234","13.234","13.234","13.234","13.234","13.234","13.234","13.234","13.234","13.234","13.294","13.294","13.294","13.294","13.294","13.294","13.294","13.294","13.294","13.294","13.294","13.294","13.294","13.294","13.294","13.294","13.294","13.294","13.294","13.294","13.294",
"T10","whole country","D04101","Water utilities","T[14101.ausgabe]","CPI[2020=100]","2020=100","","","","","","","","","","","","","","","","","","","","","","","","","","","","","","","","","","","","","","","","","","","","","","","","","","","","","","","","","","","","","","","","","","","","","","","","","","","","","","","","","","","","","","","","","","","","","","","","","","","","","","","","","","","","","","","","","","","","","","","","","4.237","4.237","4.237","4.237","4.237","4.237","4.237","4.237","4.237","4.237","4.237","4.237","4.237","4.237","5.658","5.658","5.658","5.658","5.658","5.658","5.658","5.658","5.658","5.658","5.658","5.658","5.658","5.658","5.658","5.658","5.658","5.658","5.658","5.658","5.658","5.658","5.658","5.658","5.658","5.658","5.658","5.658","5.658","5.658","5.658","5.658","5.658","5.658","5.658","5.658","5.658","5.658","6.839","6.999","6.999","6.999","6.999","6.999","6.999","6.999","7.053","7.053","7.241","7.723","7.777","7.777","7.777","7.777","7.777","7.777","7.777","7.777","8.421","7.777","7.777","7.992","9.52","10.003","10.003","10.003","10.003","10.003","10.003","10.808","11.907","12.577","12.577","12.577","12.577","12.577","12.577","12.577","12.577","12.577","12.577","12.577","12.577","12.577","12.577","12.577","12.899","13.248","13.356","13.57","13.57","13.57","13.57","14.401","14.535","14.589","14.589","14.589","14.589","14.589","14.589","14.589","14.589","14.589","14.589","14.589","14.616","14.616","14.616","14.616","14.616","14.616","14.616","14.616","14.616","15.046","15.662","15.689","16.144","17.03","17.03","17.03","17.03","17.03","17.03","17.03","17.03","17.03","17.057","17.057","17.057","17.057","17.057","17.057","17.057","17.057","17.057","17.057","17.057","17.057","17.057","17.057","17.057","17.057","17.057","17.057","17.057","17.057","17.057","17.057","17.057","17.057","17.057","17.057","17.057","17.057","17.057","17.164","17.164","17.164","17.164","17.164","17.164","17.164","17.164","17.164","17.164","17.164","17.164","17.164","17.164","17.164","17.164","17.164","17.164","17.164","17.164","17.164",
"T10","whole country","D04102","Wastewater charges","T[14101.ausgabe]","CPI[2020=100]","2020=100","","","","","","","","","","","","","","","","","","","","","","","","","","","","","","","","","","","","","","","","","","","","","","","","","","","","","","","","","","","","","","","","","","","","","","","","","","","","","","","","","","","","","","","","","","","","","","","","","","","","","","","","","","","","","","","","","","","","","","","","","","","","","","","","","","","","","","","","","","","","","","","","","","","","","","","","","","","","","","","","","","","","","","","","","","","","","","","","","","","","","","","","","","","","","","","","","","","","","","","","","","","","","","","","","","","","","","","","","","","","","","","","","","","","","","","","","","","","","","","","","8.227","8.227","8.227","8.227","8.227","8.227","8.227","8.227","8.227","8.227","8.227","8.227","8.227","8.227","8.227","8.227","8.227","8.227","8.227","8.227","8.227","8.227","8.227","8.227","8.227","8.227","8.227","8.227","8.227","8.227","8.227","8.227","8.227","8.227","8.227","8.227","8.227","8.227","8.227","8.227","8.227","8.227","8.227","8.227","8.227","8.227","8.227","8.227","8.227","8.227","8.227","8.227","8.227","8.227","8.227","8.227","8.227","8.227","8.227","8.227","8.227","8.227","8.227","8.227","8.227","8.227","8.227","8.227","8.227","8.227","8.227","8.227",
"T10","whole country","D042","Other services relating to the dwelling n.e.c","T[14101.ausgabe]","CPI[2020=100]","2020=100","","","","","","","","","","","","","","","","","","","","","","","","","","","","","","","","","","","","","","","","","","","","","","","","","","","","","","","","","","","","","","","","","","","","","","","","","","","","","","","","","","","","","","","","","","","","","","","","","","","","","","","","","","","","","","","","","","","","","","","","","","","","","","","","","","","","","","","","","","","","","","","","","","","","","","","","","","","","","","","","","","","","","","","","","","","","","","","","","","","","","","","","","","","","","","","","","","","","","","","","","","","","","","","","","","","","","","","","","","","","","","","","","","","","","","","","","","","","","","","","","21.333","21.333","21.333","21.333","21.333","21.333","21.333","21.333","21.333","21.676","21.676","21.676","21.676","21.676","21.676","21.676","21.826","22.426","23.089","23.133","23.218","23.303","23.303","23.324","23.324","23.324","23.324","23.324","23.367","23.732","23.817","23.817","23.817","23.817","23.817","23.817","23.817","23.989","23.989","23.989","23.989","23.989","23.989","23.989","23.989","23.989","24.054","24.096","24.139","24.224","24.267","24.889","24.974","24.974","25.274","25.424","25.488","25.488","25.488","25.488","25.469","25.651","25.781","25.913","26.068","26.016","26.042","26.12","26.147","26.329","26.616","26.616",
"T10","whole country","D04201","Apartment maintenance fees","T[14101.ausgabe]","CPI[2020=100]","2020=100","","","","","","","","","","","","","","","","","","","","","","","","","","","","","","","","","","","","","","","","","","","","","","","","","","","","","","","","","","","","","","","","","","","","","","","","","","","","","","","","","","","","","","","","","","","","","","","","","","","","","","","","","","","","","","","","","","","","","","","","","","","","","","","","","","","","","","","","","","","","","","","","","","","","","","","","","","","","","","","","","","","","","","","","","","","","","","","","","","","","","","","","","","","","","","","","","","","","","","","","","","","","","","","","","","","","","","","","","","","","","","","","","","","","","","","","","","","","","","","","","","","","","","","","","","","","","","","","","","","","","","","","","","","","","","","","","","","","","","","","","","","","","","","","","","","","","","","","","","","","","21.856","21.939","22.021","22.27","22.477","22.27","22.353","22.477","22.519","22.808","23.346","23.222",
"T10","whole country","D04202","Trash bags","T[14101.ausgabe]","CPI[2020=100]","2020=100","","","","","","","","","","","","","","","","","","","","","","","","","","","","","","","","","","","","","","","","","","","","","","","","","","","","","","","","","","","","","","","","","","","","","","","","","","","","","","","","","","","","","","","","","","","","","","","","","","","","","","","","","","","","","","","","","","","","","","","","","7.345","7.468","7.468","7.468","7.468","7.468","7.468","7.468","7.468","7.468","7.468","7.878","7.878","7.878","7.878","7.878","7.878","7.878","7.878","7.878","7.878","7.878","7.878","7.96","7.96","7.96","7.96","7.96","7.96","7.96","7.96","7.96","7.96","7.96","7.96","7.96","7.96","7.96","7.96","7.96","7.96","7.96","7.96","7.96","7.96","7.96","7.96","7.96","7.96","7.96","7.96","7.96","8.001","10.135","10.135","10.135","10.34","10.422","10.422","10.422","12.145","12.31","12.433","12.801","12.801","12.801","12.924","12.924","12.924","12.924","12.924","12.924","12.966","13.089","13.089","13.089","13.089","13.089","13.581","16.987","16.987","16.987","16.987","16.987","16.987","16.987","16.987","16.987","18.424","19.243","19.366","19.366","19.366","19.366","19.366","19.366","19.531","19.571","19.571","19.571","20.105","20.433","20.475","20.475","20.475","20.475","20.475","20.762","20.762","20.762","20.762","20.762","26.178","28.886","28.886","28.886","28.886","28.886","28.886","28.886","28.886","28.886","28.886","28.886","28.886","28.886","28.886","28.886","28.886","28.886","28.886","28.886","28.886","28.886","28.886","28.886","29.132","30.075","31.225","31.266","31.429","31.593","31.593","31.593","31.593","31.593","31.593","31.593","31.593","31.593","31.593","31.593","31.593","31.593","31.593","31.593","31.593","31.593","31.593","31.593","31.593","31.593","31.593","31.593","31.593","31.593","31.677","31.717","31.758","31.758","31.799","32.66","32.824","32.824","33.358","33.645","33.769","33.769","33.769","33.769","33.769","33.769","33.769","33.769","33.769","33.769","33.769","33.769","33.769","33.769","33.769","33.769",
"T10","whole country","D04203","Septic tank cleaning fees","T[14101.ausgabe]","CPI[2020=100]","2020=100","","","","","","","","","","","","","","","","","","","","","","","","","","","","","","","","","","","","","","","","","","","","","","","","","","","","","","","","","","","","","","","","","","","","","","","","","","","","","","","","","","","","","","","","","","","","","","","","","","","","","","","","","","","","","","","","","","","","","","","","","9.208","9.208","9.208","9.208","9.208","10.124","10.545","10.545","10.545","10.545","10.545","10.545","12.864","13.989","13.989","14.2","14.2","14.2","14.27","14.411","14.482","14.482","14.482","14.552","14.552","14.552","14.552","14.552","14.552","14.552","14.552","14.552","14.973","15.466","15.466","15.466","15.466","15.466","15.466","15.466","15.466","15.466","15.466","15.466","15.466","15.466","15.466","15.466","15.466","18.91","21.37","22.494","22.706","22.706","22.706","22.706","22.706","22.706","22.706","22.706","25.237","27.065","28.892","29.455","29.735","29.735","29.735","29.735","29.735","29.735","29.735","29.735","29.735","29.735","29.735","31.774","33.743","37.046","38.242","38.242","38.242","38.242","38.242","38.242","38.242","38.242","38.242","38.242","39.437","39.437","39.437","39.718","39.858","39.858","39.858","39.929","41.475","41.616","41.616","41.616","41.616","41.616","41.686","41.686","41.686","41.686","41.686","41.686","44.217","44.217","44.217","44.217","44.217","44.217","44.217","44.217","44.217","44.217","44.217","44.217","43.584","43.584","43.584","43.584","43.584","43.584","43.584","43.584","43.584","46.116","46.116","46.116","46.116","46.116","46.116","46.116","46.116","46.748","47.169","47.169","47.38","47.451","47.451","47.451","47.451","47.451","47.451","47.451","47.873","50.474","51.176","51.176","51.176","51.176","51.176","51.176","51.176","52.512","52.512","52.512","52.512","52.512","52.512","52.512","52.512","52.512","52.793","52.793","53.074","53.567","53.706","54.973","54.973","54.973","55.042","55.042","55.042","55.042","55.042","55.042","54.761","57.503","58.698","58.767","59.261","60.667","60.455","60.455","60.455","60.455","60.455","61.3",
"T10","whole country","D05","04.5 Electricity, gas and other fuels","T[14101.ausgabe]","CPI[2020=100]","2020=100","","","","","","","","","","","","","","","","","","","","","","","","","","","","","","","","","","","","","","","","","","","","","","","","","","","","","","","","","","","","","","","","","","","","","","","","","","","","","","","","","","","","","","","","","","","","","","","","","","","","","","","","","","","","","","","","","","","","","","","","","","","","","","","","","","","","","","","","","","","","","","","","","","","","","","","","","","","","","","","","","","","","","","","","","","","","","","","","","","","","","","","","","","","","","","","","","","","","","","","","","","","","","","","","","","","","","","","","","","","","","","","","","","","","","","","","","","","","","","","","","35.083","35.083","35.083","35.619","35.907","35.907","35.907","35.907","36.409","36.409","36.409","36.409","36.05","35.763","35.298","34.867","35.083","35.513","35.513","35.513","35.513","35.513","35.513","35.513","35.513","35.513","35.513","36.014","36.266","36.122","36.087","36.087","36.087","35.907","35.619","35.619","35.584","35.584","35.298","35.119","35.657","35.8","35.728","35.693","35.693","35.693","35.513","35.154","35.154","35.154","35.154","35.154","35.154","35.154","34.94","34.94","34.94","34.94","34.976","34.976","35.003","35.075","35.075","35.075","35.11","35.11","35.11","35.11","35.145","35.215","35.605","37.265",
"T10","whole country","D051","Electricity","T[14101.ausgabe]","CPI[2020=100]","2020=100","","","","","","","","","","","","","","","","","","","","","","","","","","","","","","","","","","","","","","","","","","","","","","","","","","","","","","","","","","","","","","","","","","","","","","","","","","","","","","","","","","","","","","","","","","","","","","","","","","","","","","","","","","","","","","","","","","","","","","","","","","","","","","","","","","","","","","","","","","","","","","","","","","","","","","","","","","","","","","","","","","","","","","","","","","","","","","","","","","","","","","","","","","","","","","","","","","","","","","","","","","","","","","","","","","","","","","","","","","","","","","","","","","","","","","","","","","","","","","","","","84.019","84.019","84.019","84.019","84.019","84.019","84.019","84.019","84.019","84.019","84.019","84.019","84.019","84.019","82.423","82.423","82.423","82.423","82.423","82.423","82.423","82.423","82.423","82.423","82.423","82.423","82.423","82.423","82.423","82.423","82.423","82.423","82.423","82.423","82.423","82.423","82.423","82.423","82.256","81.919","81.919","81.919","81.919","81.919","81.919","81.919","81.919","79.313","79.313","79.313","79.313","79.313","79.313","79.313","77.718","77.718","77.718","77.718","77.718","77.718","77.718","77.718","77.718","77.718","77.718","77.718","77.718","77.718","77.718","77.718","77.718","77.718",
"T10","whole country","D05101","Electricity","T[14101.ausgabe]","CPI[2020=100]","2020=100","","","","","","","","","","","","","","","","","","","","","","","","","","","","","","","","","","","","","","","","","","","","","","","","","","","","","","","","","","","","","","","","","","","","","","","","","","","","","","","","","","","","","","","","","","","","","","","","","","","","","","","","","","","","","","","","","","","","","","","","","55.274","55.274","55.274","55.274","55.274","55.274","55.274","55.274","55.274","55.274","55.274","55.274","55.274","55.274","55.274","55.274","55.274","55.274","55.274","55.274","55.274","55.274","55.274","55.274","55.274","55.274","55.274","55.274","55.274","55.274","55.274","55.274","55.274","55.274","55.274","55.274","55.274","55.274","55.274","55.274","55.274","55.274","55.274","55.274","55.274","55.274","55.274","55.274","55.274","55.274","55.274","55.274","55.368","55.368","59.016","60.886","60.886","60.886","60.886","60.886","52.655","61.54","61.54","61.54","61.54","61.54","61.54","61.54","61.54","61.54","65.095","71.922","71.922","71.922","71.922","71.922","79.124","79.124","79.124","79.124","79.124","79.124","79.124","86.233","86.233","86.233","86.233","86.233","86.233","86.233","86.233","86.233","86.233","86.233","86.233","86.233","86.233","86.233","86.233","86.233","83.987","83.987","83.987","83.987","83.987","83.987","83.987","83.987","83.987","83.987","83.987","83.987","83.987","83.987","83.987","83.987","83.987","83.987","83.987","83.987","83.987","83.987","83.987","83.987","83.987","83.987","83.987","83.987","83.987","83.987","83.987","83.987","83.987","83.987","82.491","82.491","82.491","82.491","82.491","82.491","82.491","82.491","82.491","82.491","82.491","82.491","82.491","82.491","82.491","82.491","82.491","82.491","82.491","82.491","82.491","82.491","82.491","82.491","82.21","81.93","81.93","81.93","81.93","81.93","81.93","81.93","81.93","79.311","79.311","79.311","79.311","79.311","79.311","79.311","77.721","77.721","77.721","77.721","77.721","77.721","77.721","77.721","77.721","77.721","77.721","77.721","77.721","77.721","77.721","77.721","77.721","77.721",
"T10","whole country","D052","Gas","T[14101.ausgabe]","CPI[2020=100]","2020=100","","","","","","","","","","","","","","","","","","","","","","","","","","","","","","","","","","","","","","","","","","","","","","","","","","","","","","","","","","","","","","","","","","","","","","","","","","","","","","","","","","","","","","","","","","","","","","","","","","","","","","","","","","","","","","","","","","","","","","","","","","","","","","","","","","","","","","","","","","","","","","","","","","","","","","","","","","","","","","","","","","","","","","","","","","","","","","","","","","","","","","","","","","","","","","","","","","","","","","","","","","","","","","","","","","","","","","","","","","","","","","","","","","","","","","","","","","","","","","","","","57.81","57.81","57.81","57.81","57.81","57.81","57.81","57.81","57.81","57.81","57.81","57.81","53.534","50.99","49.949","47.405","47.059","46.364","46.364","46.364","46.364","46.364","46.364","46.364","46.306","46.364","46.364","46.364","46.364","44.399","43.878","43.878","43.878","43.012","41.218","41.218","40.7","40.7","38.965","38.097","38.097","37.057","35.727","35.727","35.727","35.727","33.762","33.588","33.473","33.358","33.358","33.358","33.358","33.358","33.183","33.183","33.183","33.183","33.183","33.183","33.051","33.215","33.215","33.215","33.215","33.083","33.083","33.083","33.051","33.051","33.051","33.051",
"T10","whole country","D05201","Gas utilities","T[14101.ausgabe]","CPI[2020=100]","2020=100","","","","","","","","","","","","","","","","","","","","","","","","","","","","","","","","","","","","","","","","","","","","","","","","","","","","","","","","","","","","","","","","","","","","","","","","","","","","","","","","","","","","","","","","","","","","","","","","","","","","","","","","","","","","","","","","","","","","","","","","","","","","","","","","","","","","","","","","","","","","","","","","","","","","","","","","","","","","","","","","","","","","","","","","","","","","","","","","","","","","","36.221","44.261","48.32","48.32","48.32","48.32","48.32","48.32","48.32","48.32","48.32","56.321","60.381","60.381","60.381","60.381","60.381","65.885","68.655","68.655","68.655","68.655","68.655","68.655","68.655","68.655","68.655","68.655","64.011","64.011","64.011","64.011","64.011","64.011","64.011","64.011","64.011","64.011","64.011","64.011","64.011","61.631","60.381","60.381","60.381","60.381","60.381","60.381","60.381","60.381","60.381","60.381","60.381","60.381","60.381","60.381","60.381","60.381","60.381","60.381","60.381","60.381","60.381","60.381","60.381","60.381","60.381","60.381","60.381","60.381","60.381","60.381","60.381","60.381","59.757","58.742","56.908","53.277","53.277","53.277","53.277","53.277","53.277","53.277","52.888","53.277","53.277","53.277","53.277","49.218","49.608","49.608","49.608","49.608","49.492","49.297","46.291","46.291","46.291","46.174","46.174","46.095","41.724","41.685","41.685","41.685","41.177","40.163","39.617","38.952","38.952","38.952","38.952","38.952","38.055","38.055","38.055","38.055","38.055","38.055","37.587","38.094","38.094","38.094","38.094","37.626","37.626","37.626","37.43","37.43","37.43","37.43",
"T10","whole country","D05202","LPG (for cook)","T[14101.ausgabe]","CPI[2020=100]","2020=100","","","","","","","","","","","","","","","","","","","","","","","","","","","","","","","","","","","","","","","","","","","","","","","","","","","","","","","","","","","","","","","","","","","","","","","","","","","","","","","","","","","","","","","","","","","","","","","","","","","","","","","","","","","","","","","","","","","","","","","","","15.432","15.432","15.432","15.432","15.432","15.432","15.432","15.432","15.432","15.432","15.432","16.456","16.456","16.456","16.456","16.456","16.456","16.456","16.456","16.456","16.456","16.456","16.456","16.456","16.456","16.456","16.456","16.456","16.66","17.045","15.228","15.228","15.228","15.228","15.228","15.228","15.228","13.589","13.589","13.589","13.589","13.589","13.589","13.589","13.589","13.589","13.589","13.589","13.589","13.589","14.485","14.921","14.921","14.921","19.475","21.804","21.804","21.804","21.804","21.804","21.804","32.758","32.758","32.758","32.758","32.758","32.758","33.935","36.315","36.315","37.339","39.437","39.437","39.437","39.437","41.689","46.142","46.142","46.142","46.142","46.142","46.142","46.142","47.78","47.832","47.832","44.428","42.713","42.713","42.713","42.713","42.713","42.713","42.713","42.713","42.713","42.713","39.924","38.669","38.669","38.669","38.669","38.669","38.669","38.669","38.669","38.669","38.669","38.669","38.669","38.669","38.669","38.669","38.669","38.669","38.669","38.669","38.669","38.669","38.669","38.669","38.669","38.669","38.669","38.669","38.669","38.669","38.669","38.669","38.669","38.669","38.669","35.138","33.064","32.272","30.327","30.327","30.327","30.327","30.327","30.327","30.327","30.327","30.327","30.327","30.327","30.327","30.327","30.327","29.252","28.765","28.765","28.765","28.074","26.641","26.641","26.641","26.641","25.233","24.542","24.542","23.698","23.237","23.237","23.237","23.237","21.676","21.676","21.676","21.676","21.676","21.676","21.676","21.676","21.676","21.676","21.676","21.676","21.676","21.676","21.676","21.676","21.676","21.676","21.676","21.676","21.676","21.676","21.676","21.676","21.676","21.676",
"T10","whole country","D053","Other fuels and energy","T[14101.ausgabe]","CPI[2020=100]","2020=100","","","","","","","","","","","","","","","","","","","","","","","","","","","","","","","","","","","","","","","","","","","","","","","","","","","","","","","","","","","","","","","","","","","","","","","","","","","","","","","","","","","","","","","","","","","","","","","","","","","","","","","","","","","","","","","","","","","","","","","","","","","","","","","","","","","","","","","","","","","","","","","","","","","","","","","","","","","","","","","","","","","","","","","","","","","","","","","","","","","","","","","","","","","","","","","","","","","","","","","","","","","","","","","","","","","","","","","","","","","","","","","","","","","","","","","","","","","","","","","","","16.116","16.116","16.099","16.534","16.769","16.769","16.769","16.769","17.17","17.17","17.17","17.17","17.17","17.102","16.935","16.769","16.951","17.353","17.353","17.353","17.353","17.353","17.353","17.353","17.353","17.353","17.353","17.754","17.972","17.972","17.972","17.972","17.956","17.888","17.754","17.754","17.754","17.754","17.655","17.588","18.039","18.24","18.24","18.24","18.24","18.24","18.207","18.207","18.207","18.207","18.207","18.207","18.207","18.207","18.207","18.207","18.207","18.223","18.256","18.256","18.212","18.249","18.249","18.268","18.287","18.305","18.305","18.305","18.36","18.415","18.842","20.564",
"T10","whole country","D05301","Kerosene","T[14101.ausgabe]","CPI[2020=100]","2020=100","","","","","","","","","","","","","","","","","","","","","","","","","","","","","","","","","","","","","","","","","","","","","","","","","","","","","","","","","","","","","","","","","","","","","","","","","","","","","","","","","","","","","","","","","","","","","","","","","","","","","","","","","","","","","","","","","","","","","","","","","7.558","7.558","7.558","7.558","7.558","7.558","7.558","7.558","7.558","7.558","7.78","8.252","8.252","8.252","8.252","8.252","8.252","8.252","8.252","8.252","8.252","8.252","8.252","8.252","8.252","8.252","8.252","8.252","8.307","8.502","7.752","7.752","7.752","7.752","7.752","7.752","7.752","7.891","7.891","7.891","7.891","7.891","7.891","7.891","7.891","7.891","7.891","7.891","7.891","7.891","8.391","8.641","8.641","8.641","10.835","11.919","11.919","11.919","12.142","12.586","12.531","19.033","19.033","19.033","19.033","19.033","19.033","19.865","21.505","21.505","22.367","24.061","24.061","24.061","24.061","25.562","28.534","28.534","28.534","28.534","28.534","28.534","28.534","31.062","31.062","31.062","31.062","31.062","31.062","31.062","31.062","31.062","31.062","31.062","31.062","31.062","31.062","31.451","31.618","31.425","30.98","30.98","30.98","30.98","30.98","30.98","30.98","30.98","30.98","30.98","30.98","30.98","30.98","30.98","30.98","30.98","30.98","30.98","30.98","30.98","30.98","30.98","30.98","30.98","30.98","30.98","30.98","30.98","30.98","30.98","30.98","30.98","30.98","29.924","27.784","25.562","25.562","25.562","25.562","25.562","25.562","25.562","25.562","25.562","25.562","25.562","25.562","25.562","25.562","25.562","25.562","25.562","25.562","24.645","22.894","22.894","22.894","22.894","21.422","20.671","20.671","20.309","20.142","20.142","20.142","20.142","19.783","19.783","19.783","19.783","19.783","19.783","19.783","19.783","19.783","19.783","19.783","19.783","19.783","19.783","19.783","19.783","19.783","19.783","19.783","19.783","19.783","19.783","19.783","19.783","19.783","25.312",
"T10","whole country","E","05 Furnishings, household equipment and routine household maintenance","T[14101.ausgabe]","CPI[2020=100]","2020=100","","","","","","","","","","","","","","","","","","","","","","","","","","","","","","","","","","","","","","","","","","","","","","","","","","","","","","","","","","","","","","","","","","","","","","","","","","","","","","","","","","","","","","","","","","","","","","","","","","","","","","","","","","","","","","","","","","","","","","","","","","","","","","","","","","","","","","","","","","","","","","","","","","","","","","","","","","","","","","","","","","","","","","","","","","","","","","","","","","","","","","","","","","","","","","","","","","","","","","","","","","","","","","","","","","","","","","","","","","","","","","","","","","","","","","","","","","","","","","","","","43.519","44.008","44.272","44.317","44.361","44.361","44.405","44.405","44.45","44.495","44.538","44.583","44.627","44.627","44.671","44.717","45.779","45.736","45.691","45.691","45.691","45.736","45.822","45.956","46.09","46.489","46.621","46.798","47.02","46.798","46.665","46.709","46.887","47.286","47.596","47.729","48.039","48.749","48.925","49.103","49.369","49.457","49.59","49.768","49.944","50.522","51.008","51.23","50.964","51.895","52.117","52.427","52.648","53.18","53.446","53.579","53.712","53.934","54.066","54.11","55.532","55.926","55.926","56.04","56.04","56.095","56.376","56.433","56.488","56.602","56.77","56.939",
"T10","whole country","E01","05.1 Furniture and furnishings, carpets and other floor coverings","T[14101.ausgabe]","CPI[2020=100]","2020=100","","","","","","","","","","","","","","","","","","","","","","","","","","","","","","","","","","","","","","","","","","","","","","","","","","","","","","","","","","","","","","","","","","","","","","","","","","","","","","","","","","","","","","","","","","","","","","","","","","","","","","","","","","","","","","","","","","","","","","","","","","","","","","","","","","","","","","","","","","","","","","","","","","","","","","","","","","","","","","","","","","","","","","","","","","","","","","","","","","","","","","","","","","","","","","","","","","","","","","","","","","","","","","","","","","","","","","","","","","","","","","","","","","","","","","","","","","","","","","","","","28.929","28.929","29.016","29.22","29.22","29.22","29.22","29.22","29.22","29.22","29.22","29.22","29.25","29.25","29.279","29.279","29.279","29.279","29.279","29.279","29.279","29.279","29.308","29.308","29.337","30.474","30.445","30.561","30.853","30.911","30.737","30.766","31.029","31.262","31.379","31.408","31.408","31.553","31.786","31.932","32.166","32.195","32.224","32.427","32.808","33.158","33.391","33.711","33.769","33.858","34.004","34.732","35.198","35.986","36.19","36.277","36.424","36.51","36.657","36.657","36.487","36.671","36.634","36.634","36.634","36.634","37.076","37.151","37.151","37.187","37.224","37.262",
"T10","whole country","E011","Furniture and furnishings, carpets and other floor coverings","T[14101.ausgabe]","CPI[2020=100]","2020=100","","","","","","","","","","","","","","","","","","","","","","","","","","","","","","","","","","","","","","","","","","","","","","","","","","","","","","","","","","","","","","","","","","","","","","","","","","","","","","","","","","","","","","","","","","","","","","","","","","","","","","","","","","","","","","","","","","","","","","","","","","","","","","","","","","","","","","","","","","","","","","","","","","","","","","","","","","","","","","","","","","","","","","","","","","","","","","","","","","","","","","","","","","","","","","","","","","","","","","","","","","","","","","","","","","","","","","","","","","","","","","","","","","","","","","","","","","","","","","","","","28.929","28.929","29.016","29.22","29.22","29.22","29.22","29.22","29.22","29.22","29.22","29.22","29.25","29.25","29.279","29.279","29.279","29.279","29.279","29.279","29.279","29.279","29.308","29.308","29.337","30.474","30.445","30.561","30.853","30.911","30.737","30.766","31.029","31.262","31.379","31.408","31.408","31.553","31.786","31.932","32.166","32.195","32.224","32.427","32.808","33.158","33.391","33.711","33.769","33.858","34.004","34.732","35.198","35.986","36.19","36.277","36.424","36.51","36.657","36.657","36.487","36.671","36.634","36.634","36.634","36.634","37.076","37.151","37.151","37.187","37.224","37.262",
"T10","whole country","E01101","Closet","T[14101.ausgabe]","CPI[2020=100]","2020=100","","","","","","","","","","","","","","","","","","","","","","","","","","","","","","","","","","","","","","","","","","","","","","","","","","","","","","","","","","","","","","","","","","","","","","","","","","","","","","","","","","","","","","","","","","","","","","","","","","","","","","","","","","","","","","","","","","","","","","","","","","","","","","","","","","","","","","","","","","","","","","","","","","","","","","","","","","","","","","","","","","","","","","","","","","","","","","","","","","","","","20.239","20.485","23.312","23.353","23.353","23.353","23.353","23.353","23.353","23.353","23.353","23.353","23.353","24.745","25.278","25.278","25.278","25.278","25.278","25.278","25.278","25.278","25.278","25.278","25.278","25.278","25.278","25.237","25.237","25.237","25.155","25.155","25.155","25.155","25.278","26.671","27.203","27.203","27.203","27.203","27.203","28.514","29.416","29.416","29.416","29.416","29.416","29.416","29.416","29.416","29.416","29.416","29.17","29.17","29.17","29.17","29.17","29.17","29.17","29.17","29.17","29.17","29.17","29.17","29.17","29.17","29.17","29.17","29.17","29.17","29.17","29.17","29.17","29.17","29.17","29.17","29.17","29.17","29.17","29.17","29.17","29.17","29.17","29.17","29.211","31.751","31.588","31.423","31.628","31.71","31.219","31.219","31.628","31.833","31.833","31.833","31.833","31.956","31.997","31.997","31.997","31.997","31.997","31.997","31.997","31.997","32.202","32.57","32.611","32.611","32.611","32.611","33.144","34.004","34.004","33.84","33.84","33.799","33.84","33.84","33.84","34.086","34.086","34.086","34.086","34.086","34.086","34.086","34.086","34.086","34.086","34.086",
"T10","whole country","E01102","Bed","T[14101.ausgabe]","CPI[2020=100]","2020=100","","","","","","","","","","","","","","","","","","","","","","","","","","","","","","","","","","","","","","","","","","","","","","","","","","","","","","","","","","","","","","","","","","","","","","","","","","","","","","","","","","","","","","","","","","","","","","","","","","","","","","","","","","","","","","","","","","","","","","","","","","","","","","","","","","","","","","","","","","","","","","","","","","","","","","","","","","","","","","","","","","","","","","","","","","","","","","","","","","","","","","","","","","","","","","","","","","","","","","","","","","","","","","","","","","","","","","","","","","","","","","","","","","","","","","","","","","","","","","","","","","","","","","","","","","","","","","","","","","","","","","","","","","","","","","","","","","","","","","","","","","","","","","","","","","","","","","","","","","","","","28.314","28.314","28.314","28.314","28.314","28.314","29.277","29.737","29.737","29.737","29.737","29.737",
"T10","whole country","E01103","Living room cabinet","T[14101.ausgabe]","CPI[2020=100]","2020=100","","","","","","","","","","","","","","","","","","","","","","","","","","","","","","","","","","","","","","","","","","","","","","","","","","","","","","","","","","","","","","","","","","","","","","","","","","","","","","","","","","","","","","","","","","","","","","","","","","","","","","","","","","","","","","","","","","","","","","","","","","","","","","","","","","","","","","","","","","","","","","","","","","","","","","","","","","","","","","","","","","","","","","","","","","","","","","","","","","","","","","","","","","","","","","","","","","","","","","","","","","","","","","","","","","","","","","","","","","","","","","","","","","","","","","","","","","","","","","","","","35.236","35.236","35.236","35.236","35.236","35.236","35.236","35.236","35.236","35.236","35.236","35.236","35.236","35.236","35.236","35.236","35.236","35.236","35.236","35.236","35.236","35.236","35.236","35.236","35.236","35.236","35.236","35.124","35.124","35.124","35.124","35.124","35.124","35.458","35.901","36.122","36.122","36.399","37.286","37.73","37.73","37.73","37.73","37.73","37.73","37.73","37.73","37.73","37.73","37.84","37.895","37.895","38.116","38.56","39.225","39.612","39.612","40.61","41.662","41.662","41.607","41.607","41.607","41.662","41.662","41.718","41.829","41.829","41.829","42.05","42.382","42.604",
"T10","whole country","E01104","Sofa","T[14101.ausgabe]","CPI[2020=100]","2020=100","","","","","","","","","","","","","","","","","","","","","","","","","","","","","","","","","","","","","","","","","","","","","","","","","","","","","","","","","","","","","","","","","","","","","","","","","","","","","","","","","","","","","","","","","","","","","","","","","","","","","","","","","","","","","","","","","","","","","","","","","","","","","","","","","","","","","","","","","","","","","","","","","","","","","","","","","","","","","","","","","","","","","","","","","","","","","","","","","","","","","","","","","","","","","","","","","","","","","","","","","","","","","","","","","","","","","","","","","","","","","","","","","","","","","","","","","","","","","","","","","","","","","","","","","","","","","","","","","","","","","","","","","","","","","","","","","","","","","","","","","","","","","","","","","","","","","","","","","","","","","35.285","35.285","35.285","35.285","35.285","35.285","38.594","38.594","38.594","38.594","38.594","38.594",
"T10","whole country","E01105","Desk","T[14101.ausgabe]","CPI[2020=100]","2020=100","","","","","","","","","","","","","","","","","","","","","","","","","","","","","","","","","","","","","","","","","","","","","","","","","","","","","","","","","","","","","","","","","","","","","","","","","","","","","","","","","","","","","","","","","","","","","","","","","","","","","","","","","","","","","","","","","","","","","","","","","11.524","11.524","11.524","11.524","11.524","11.524","11.524","11.524","11.524","11.524","11.524","11.524","11.524","11.524","11.524","11.524","11.524","11.524","11.524","11.524","11.524","11.524","11.524","11.524","11.524","11.524","11.524","11.524","11.524","11.524","10.315","10.315","10.315","10.315","10.315","10.315","10.315","10.315","10.315","10.315","10.315","10.315","10.315","10.315","10.876","11.135","11.135","11.955","11.955","12.214","12.732","12.991","13.422","13.637","13.637","13.681","14.501","15.062","15.019","14.932","15.407","16.658","18.6","18.773","18.773","18.773","18.428","18.428","18.428","18.428","18.428","18.428","18.644","20.284","21.32","21.362","21.708","21.708","21.708","21.708","21.708","21.708","21.708","21.708","22.615","23.176","23.391","23.564","23.564","23.564","23.564","23.564","23.564","23.564","23.564","23.564","23.564","23.607","23.607","23.607","23.607","23.607","23.607","23.607","23.607","23.607","23.607","23.607","23.607","23.607","24.211","24.211","24.211","25.679","25.679","25.894","25.894","25.894","25.894","25.894","26.499","26.499","27.146","28.787","28.787","28.787","28.787","28.787","28.787","28.787","28.787","28.787","28.787","28.829","29.001","29.001","29.001","29.001","29.001","29.001","29.001","29.046","29.174","29.174","29.174","29.218","29.391","29.434","29.908","30.037","30.037","30.167","30.254","30.254","30.254","30.254","30.254","30.254","30.685","30.901","31.505","31.505","31.505","31.505","31.505","31.505","31.807","31.98","32.023","32.023","32.11","34.526","34.915","35.389","35.389","35.433","35.433","35.433","35.433","35.433","35.476","35.476","35.26","35.087","35.087","35.044","36.209","36.253","36.253","36.253","36.253","36.253",
"T10","whole country","E01106","Chair","T[14101.ausgabe]","CPI[2020=100]","2020=100","","","","","","","","","","","","","","","","","","","","","","","","","","","","","","","","","","","","","","","","","","","","","","","","","","","","","","","","","","","","","","","","","","","","","","","","","","","","","","","","","","","","","","","","","","","","","","","","","","","","","","","","","","","","","","","","","","","","","","","","","8.935","8.935","8.935","8.935","8.935","8.935","8.935","8.935","8.935","8.935","8.935","8.935","8.935","8.935","8.935","8.935","8.935","8.935","8.935","8.935","8.935","8.935","8.935","8.935","8.935","8.935","8.935","8.935","8.935","8.935","9.127","9.127","9.127","9.127","9.176","9.176","9.176","9.176","9.176","9.176","9.176","9.176","9.176","9.224","9.272","9.272","9.272","9.272","9.417","9.945","10.666","11.002","11.097","11.097","11.097","11.097","12.539","13.883","13.883","14.989","15.134","16.622","20.033","20.658","20.658","20.658","20.225","20.225","20.225","20.225","20.225","20.225","20.754","22.579","23.973","24.452","24.693","24.837","24.837","24.837","24.837","24.837","24.837","24.837","25.222","25.893","26.23","26.279","26.279","26.279","26.279","26.279","26.279","26.279","26.279","26.279","27.432","27.527","27.527","27.527","27.527","27.527","27.527","27.527","27.527","27.527","27.527","27.527","27.527","27.527","27.527","27.527","27.527","28.201","28.201","28.201","28.201","28.201","28.201","28.201","28.201","28.201","28.201","28.201","28.201","28.201","28.201","28.201","28.201","28.201","28.201","28.201","28.201","28.201","28.201","28.201","28.201","28.201","28.201","28.201","28.201","28.248","28.344","28.344","28.344","28.393","28.393","28.44","29.113","29.4","29.642","29.834","29.834","29.834","29.834","29.834","29.834","29.882","30.074","30.458","31.515","31.515","31.515","31.515","31.515","31.515","31.997","32.043","32.043","32.333","32.861","39.202","39.538","39.682","39.73","39.73","39.73","39.73","39.73","39.73","39.682","39.682","39.49","39.395","39.395","39.297","40.644","40.691","40.691","40.691","40.691","40.691",
"T10","whole country","E01107","Dining table","T[14101.ausgabe]","CPI[2020=100]","2020=100","","","","","","","","","","","","","","","","","","","","","","","","","","","","","","","","","","","","","","","","","","","","","","","","","","","","","","","","","","","","","","","","","","","","","","","","","","","","","","","","","","","","","","","","","","","","","","","","","","","","","","","","","","","","","","","","","","","","","","","","","","","","","","","","","","","","","","","","","","","","","","","","","","","","","","","","","","","","","","","","","","","","","","","","","","","","","","","","","","","","","","","","","","","","","","","","","","","","","","","","","","","","","","","","","","","","","","","","","","","","","","","","","","","","","","","","","","","","","","","","","17.691","17.691","17.691","17.691","17.691","17.691","17.691","17.691","17.691","17.691","17.691","17.691","17.691","17.691","17.691","17.691","17.691","17.691","17.691","17.691","17.691","17.691","17.691","17.691","17.691","17.691","17.691","17.691","17.691","17.691","17.691","17.658","17.658","17.691","17.823","18.288","18.553","18.817","19.182","19.282","19.282","19.282","19.282","19.282","19.282","19.282","19.282","19.347","19.314","19.347","19.347","19.347","20.738","24.151","25.609","25.774","25.808","26.039","26.371","26.371","26.371","26.371","26.437","26.47","26.47","26.503","26.503","26.503","26.503","26.503","26.536","26.503",
"T10","whole country","E01108","Kitchen sink","T[14101.ausgabe]","CPI[2020=100]","2020=100","","","","","","","","","","","","","","","","","","","","","","","","","","","","","","","","","","","","","","","","","","","","","","","","","","","","","","","","","","","","","","","","","","","","","","","","","","","","","","","","","","","","","","","","","","","","","","","","","","","","","","","","","","","","","","","","","","","","","","","","","","","","","","","","","","","","","","","","","","","","","","","","","","","","","","","","","","","","","","","","","","","","","","","","","","","","","","","","","","","","","25.673","25.673","25.673","25.673","25.673","25.673","25.673","25.673","25.673","25.673","25.673","25.673","25.673","25.673","26.798","27.567","27.804","28.1","28.395","28.395","28.513","29.164","29.4","29.4","29.4","29.4","29.4","29.4","29.637","29.637","29.874","30.229","30.229","30.229","30.288","30.229","30.229","30.229","30.229","30.229","30.229","30.288","30.466","30.466","30.466","30.466","30.466","30.466","30.466","30.466","30.466","30.466","30.466","30.466","30.466","30.466","30.466","30.466","30.466","30.466","30.466","30.466","30.466","30.466","30.466","30.466","30.466","30.466","30.466","30.466","30.466","30.466","30.466","30.466","30.466","30.466","30.466","30.466","30.466","30.466","30.466","30.466","30.466","30.466","30.466","30.466","30.525","32.241","33.364","33.364","33.364","33.364","33.542","34.074","34.487","34.487","34.487","34.843","35.139","35.494","36.262","36.44","36.794","38.629","42.415","45.728","46.26","47.147","47.502","48.094","48.923","49.277","49.573","49.81","50.106","50.815","52.058","52.117","52.117","52.117","52.117","51.94","52.058","52.117","52.117","52.117","52.117","52.117","52.117","52.117","52.117","52.117",
"T10","whole country","E02","05.2 Household textiles","T[14101.ausgabe]","CPI[2020=100]","2020=100","","","","","","","","","","","","","","","","","","","","","","","","","","","","","","","","","","","","","","","","","","","","","","","","","","","","","","","","","","","","","","","","","","","","","","","","","","","","","","","","","","","","","","","","","","","","","","","","","","","","","","","","","","","","","","","","","","","","","","","","","","","","","","","","","","","","","","","","","","","","","","","","","","","","","","","","","","","","","","","","","","","","","","","","","","","","","","","","","","","","","","","","","","","","","","","","","","","","","","","","","","","","","","","","","","","","","","","","","","","","","","","","","","","","","","","","","","","","","","","","","45.714","45.714","45.714","45.714","45.714","45.668","45.668","45.668","45.668","45.668","45.76","45.805","45.805","45.805","46.17","46.353","46.81","46.994","46.994","46.946","46.946","47.176","47.634","47.679","47.679","47.817","48.319","48.548","48.593","48.593","48.684","48.731","49.05","51.29","52.57","52.753","52.753","52.798","53.483","54.399","54.719","54.764","54.764","54.764","54.948","56.363","58.422","58.468","58.559","58.879","59.289","59.885","60.112","61.576","61.576","61.712","61.85","62.811","63.221","63.221","62.909","63.1","63.1","63.416","63.481","63.481","63.481","63.481","63.481","63.798","64.052","64.115",
"T10","whole country","E021","Household textiles","T[14101.ausgabe]","CPI[2020=100]","2020=100","","","","","","","","","","","","","","","","","","","","","","","","","","","","","","","","","","","","","","","","","","","","","","","","","","","","","","","","","","","","","","","","","","","","","","","","","","","","","","","","","","","","","","","","","","","","","","","","","","","","","","","","","","","","","","","","","","","","","","","","","","","","","","","","","","","","","","","","","","","","","","","","","","","","","","","","","","","","","","","","","","","","","","","","","","","","","","","","","","","","","","","","","","","","","","","","","","","","","","","","","","","","","","","","","","","","","","","","","","","","","","","","","","","","","","","","","","","","","","","","","45.714","45.714","45.714","45.714","45.714","45.668","45.668","45.668","45.668","45.668","45.76","45.805","45.805","45.805","46.17","46.353","46.81","46.994","46.994","46.946","46.946","47.176","47.634","47.679","47.679","47.817","48.319","48.548","48.593","48.593","48.684","48.731","49.05","51.29","52.57","52.753","52.753","52.798","53.483","54.399","54.719","54.764","54.764","54.764","54.948","56.363","58.422","58.468","58.559","58.879","59.289","59.885","60.112","61.576","61.576","61.712","61.85","62.811","63.221","63.221","62.909","63.1","63.1","63.416","63.481","63.481","63.481","63.481","63.481","63.798","64.052","64.115",
"T10","whole country","E02101","Bedding","T[14101.ausgabe]","CPI[2020=100]","2020=100","","","","","","","","","","","","","","","","","","","","","","","","","","","","","","","","","","","","","","","","","","","","","","","","","","","","","","","","","","","","","","","","","","","","","","","","","","","","","","","","","","","","","","","","","","","","","","","","","","","","","","","","","","","","","","","","","","","","","","","","","","","","","","","","","","","","","","","","","","","","","","","","","","","","","","","","","","","","","","","","","","","","","","","","","","","","","","","","","","","","","","","","","","","","","","","","","","","","","","","","","","","","","","","","","","","","","","","","","","","","","","","","","","","","","","","","","","","","","","","","","50.221","50.221","50.221","50.221","50.221","50.221","50.221","50.221","50.221","50.221","50.371","50.422","50.422","50.371","50.925","50.925","50.925","50.925","50.925","50.925","50.925","51.177","51.227","51.227","51.227","51.227","51.378","51.427","51.427","51.427","51.427","51.427","51.881","53.64","54.143","54.143","54.143","54.243","55.349","56.104","56.203","56.203","56.203","56.203","56.555","58.064","60.125","60.125","60.125","60.376","60.777","61.08","61.08","61.181","61.03","60.979","61.181","62.437","63.041","63.041","62.948","63.138","63.138","63.266","63.328","63.328","63.328","63.328","63.328","63.646","64.026","64.089",
"T10","whole country","E02102","Curtain","T[14101.ausgabe]","CPI[2020=100]","2020=100","","","","","","","","","","","","","","","","","","","","","","","","","","","","","","","","","","","","","","","","","","","","","","","","","","","","","","","","","","","","","","","","","","","","","","","","","","","","","","","","","","","","","","","","","","","","","","","","","","","","","","","","","","","","","","","","","","","","","","","","","","","","","","","","","","","","","","","","","","","","","","","","","","","","","","","","","","","","","","","","","","","","","","","","","","","","","","","","","","","","","","","","","","","","","","","","","","","","","","","","","","","","","","","","","","","","","","","","","","","","","","","","","","","","","","","","","","","","","","","","","","","","","","","","","","","","","","","","","","","","","","","","","","","","","","","","","","","","","","","","","","","","","","","","","","","","","","","","","","","","","79.194","79.56","79.56","80.933","81.024","81.024","81.024","81.024","81.024","81.299","81.481","81.481",
"T10","whole country","E03","05.3 Household appliances","T[14101.ausgabe]","CPI[2020=100]","2020=100","","","","","","","","","","","","","","","","","","","","","","","","","","","","","","","","","","","","","","","","","","","","","","","","","","","","","","","","","","","","","","","","","","","","","","","","","","","","","","","","","","","","","","","","","","","","","","","","","","","","","","","","","","","","","","","","","","","","","","","","","","","","","","","","","","","","","","","","","","","","","","","","","","","","","","","","","","","","","","","","","","","","","","","","","","","","","","","","","","","","","","","","","","","","","","","","","","","","","","","","","","","","","","","","","","","","","","","","","","","","","","","","","","","","","","","","","","","","","","","","","124.617","123.996","124.121","124.121","124.369","124.369","124.369","124.369","124.369","124.369","124.493","124.493","124.493","124.617","124.617","124.617","135.438","135.563","135.563","135.563","135.563","135.563","135.563","135.438","135.563","135.563","135.563","135.563","135.563","132.328","130.588","130.588","130.588","130.588","130.713","130.836","130.836","130.836","129.718","127.727","127.727","127.727","127.727","127.727","127.852","127.852","128.348","128.848","124.121","124.493","124.493","124.493","125.116","125.364","125.488","125.613","125.738","125.738","126.11","126.236","126.395","126.395","126.395","126.018","126.27","126.395","126.776","126.776","126.776","126.903","127.284","127.408",
"T10","whole country","E031","Household electronic appliance & Household appliances","T[14101.ausgabe]","CPI[2020=100]","2020=100","","","","","","","","","","","","","","","","","","","","","","","","","","","","","","","","","","","","","","","","","","","","","","","","","","","","","","","","","","","","","","","","","","","","","","","","","","","","","","","","","","","","","","","","","","","","","","","","","","","","","","","","","","","","","","","","","","","","","","","","","","","","","","","","","","","","","","","","","","","","","","","","","","","","","","","","","","","","","","","","","","","","","","","","","","","","","","","","","","","","","","","","","","","","","","","","","","","","","","","","","","","","","","","","","","","","","","","","","","","","","","","","","","","","","","","","","","","","","","","","","132.982","132.318","132.451","132.451","132.718","132.718","132.718","132.718","132.718","132.718","132.849","132.849","132.849","132.982","132.982","132.982","144.528","144.661","144.661","144.661","144.661","144.661","144.661","144.528","144.661","144.661","144.661","144.661","144.661","141.21","139.353","139.353","139.353","139.353","139.487","139.618","139.618","139.618","138.423","136.3","136.3","136.3","136.3","136.3","136.432","136.432","136.964","137.495","132.451","132.849","132.849","132.849","133.513","133.779","133.91","134.044","134.177","134.177","134.575","134.709","134.879","134.879","134.879","134.475","134.744","134.879","135.286","135.286","135.286","135.419","135.825","135.961",
"T10","whole country","E03101","Electric rice cooker","T[14101.ausgabe]","CPI[2020=100]","2020=100","","","","","","","","","","","","","","","","","","","","","","","","","","","","","","","","","","","","","","","","","","","","","","","","","","","","","","","","","","","","","","","","","","","","","","","","","","","","","","","","","","","","","","","","","","","","","","","","","","","","","","","","","","","","","","","","","","","","","","","","","","","","","","","","","","","","","","","","","","","","","","","","","","","","","","","","","","","","","","","","","","","","","","","","","","","","","","","","","","","","","107.127","107.127","119.658","123.326","124.701","123.938","122.409","121.796","120.879","123.784","124.243","124.395","124.395","124.395","124.701","125.312","127.604","127.604","127.604","128.521","128.521","128.521","128.521","128.521","128.521","128.521","128.521","128.521","127.146","124.701","124.701","124.701","124.701","124.701","124.701","124.701","124.701","124.701","124.701","125.159","125.619","125.619","125.619","125.619","126.84","133.563","134.481","134.481","134.481","134.635","136.773","140.898","141.054","141.054","141.054","141.054","141.054","141.054","141.054","141.054","140.898","140.898","140.898","140.898","137.538","137.538","137.538","137.538","137.538","137.538","137.538","137.843","137.843","137.843","137.843","137.843","138.455","138.455","138.455","138.455","138.455","138.455","138.455","137.69","138.607","138.912","138.912","138.912","138.301","138.149","137.995","137.995","137.995","138.607","139.829","139.982","140.288","140.898","140.898","143.04","143.04","143.04","143.04","143.04","143.192","145.484","149.61","149.61","149.61","149.61","149.61","149.61","150.375","151.901","151.901","152.056","152.362","152.362","152.514","152.514","153.126","153.126","153.126","153.126","153.126","153.126","153.126","153.126","153.126","153.126","153.126","153.126",
"T10","whole country","E03102","Gas range","T[14101.ausgabe]","CPI[2020=100]","2020=100","","","","","","","","","","","","","","","","","","","","","","","","","","","","","","","","","","","","","","","","","","","","","","","","","","","","","","","","","","","","","","","","","","","","","","","","","","","","","","","","","","","","","","","","","","","","","","","","","","","","","","","","","","","","","","","","","","","","","","","","","","","","","","","","","","","","","","","","","","","","","","","","","","","","","","","","","","","","","","","","","","","","","","","","","","","","","","","","","","","","","81.696","81.696","81.696","81.799","85","86.549","86.963","88.305","88.305","88.305","88.305","88.41","88.203","88.203","88.926","90.474","90.682","90.682","90.682","90.785","91.094","91.199","91.199","91.199","91.199","91.199","91.199","91.199","91.199","91.199","91.199","91.199","91.199","91.094","90.991","90.991","90.991","90.991","90.887","90.887","90.887","91.921","92.54","92.54","92.54","92.231","92.231","92.231","92.231","92.231","92.335","92.54","92.54","92.54","92.54","92.54","92.54","92.54","92.54","92.54","90.062","90.062","90.062","90.062","90.062","90.062","90.062","90.062","90.062","90.062","90.062","90.062","90.062","90.474","90.474","90.474","90.474","90.474","90.474","90.474","90.474","90.474","90.474","90.474","90.474","90.474","90.474","90.474","90.474","90.474","90.371","90.268","90.268","90.268","90.268","90.474","90.474","90.474","90.474","90.474","90.371","90.268","90.062","90.062","90.062","90.062","90.062","90.166","90.474","90.887","90.887","90.991","91.094","91.094","91.094","91.094","91.094","91.094","91.094","91.094","91.404","91.404","91.404","91.507","91.507","91.507","97.291","97.603","97.603","97.603","97.603","97.704",
"T10","whole country","E03103","Microwave oven","T[14101.ausgabe]","CPI[2020=100]","2020=100","","","","","","","","","","","","","","","","","","","","","","","","","","","","","","","","","","","","","","","","","","","","","","","","","","","","","","","","","","","","","","","","","","","","","","","","","","","","","","","","","","","","","","","","","","","","","","","","","","","","","","","","","","","","","","","","","","","","","","","","","","","","","","","","","","","","","","","","","","","","","","","","","","","","","","","","","","","","","","","","","","","","","","","","","","","","","","","","","","","","","","","","","","","","","","","","","","","","","","","","","","","","","","","","","","","","","","","","","","","","","","","","","","","","","","","","","","","","","","","","","","","","","","","","","","","","","","","","","","","","","","","","","","","","","","","","","","","","","","","","","","","","","","","","","","","","","","","","","","","","","142.707","142.707","142.462","142.462","142.462","142.462","142.462","142.462","142.338","142.338","142.338","142.338",
"T10","whole country","E03105","Refrigerator","T[14101.ausgabe]","CPI[2020=100]","2020=100","","","","","","","","","","","","","","","","","","","","","","","","","","","","","","","","","","","","","","","","","","","","","","","","","","","","","","","","","","","","","","","","","","","","","","","","","","","","","","","","","","","","","","","","","","","","","","","","","","","","","","","","","","","","","","","","","","","","","","","","","118.198","118.198","118.198","118.198","118.198","117.976","118.973","123.077","124.297","124.297","124.297","124.297","124.297","124.297","124.297","124.297","124.297","124.297","124.297","124.297","124.297","124.297","124.297","124.297","124.297","124.297","124.297","124.297","124.297","124.297","107.998","107.998","107.998","107.998","107.998","107.998","107.998","107.998","107.998","107.998","107.998","107.998","107.998","107.998","107.998","107.998","107.998","107.998","107.998","107.998","107.998","107.998","107.998","107.998","107.998","107.998","107.998","107.998","107.998","109.439","109.771","110.325","110.325","110.325","116.757","120.195","121.081","123.077","123.077","123.188","116.977","113.873","113.764","113.764","113.764","113.764","113.764","113.764","114.318","114.538","114.538","114.538","114.538","114.538","118.642","123.63","123.63","126.403","127.29","124.075","124.075","124.075","124.075","124.075","124.075","123.963","123.963","123.963","123.963","123.963","123.963","123.963","124.075","124.075","124.075","123.963","123.963","123.963","123.963","123.963","123.963","123.963","123.963","123.521","122.633","122.522","122.522","122.522","122.522","122.522","120.304","118.754","119.085","119.085","120.195","120.195","120.195","120.195","120.195","120.195","120.195","120.195","120.195","120.195","120.195","120.195","146.473","146.473","146.473","146.361","146.361","146.361","146.361","146.361","146.361","146.361","146.361","146.361","146.361","141.927","139.708","139.708","139.708","139.708","139.708","139.708","139.708","139.708","138.045","135.051","135.051","135.163","135.273","135.273","135.273","135.273","135.163","135.163","128.177","128.953","128.953","128.953","129.507","129.618","129.618","129.618","129.618","129.618","129.618","129.507","129.175","129.175","129.175","127.956","128.399","128.62","128.288","128.399","128.399","128.399","128.399","128.399",
"T10","whole country","E03107","Air conditioner","T[14101.ausgabe]","CPI[2020=100]","2020=100","","","","","","","","","","","","","","","","","","","","","","","","","","","","","","","","","","","","","","","","","","","","","","","","","","","","","","","","","","","","","","","","","","","","","","","","","","","","","","","","","","","","","","","","","","","","","","","","","","","","","","","","","","","","","","","","","","","","","","","","","","","","","","","","","","","","","","","","","","","","","","","","","","","","","","","","","","","","","","","","","","","","","","","","","","","","","","","","","","","","","","","","","","","","","","","","","","","","","","","","","","","","","","","","","","","","","","","","","","","","","","","","","","","","","","","","","","","","","","","","","","","","","","","","","","","","","","","","","","","","","","","","","","","","","","","","","","","","","","","","","","","","","","","","","","","","","","","","","","","","","82.333","82.333","82.333","82.333","82.333","85.558","85.558","85.558","85.558","85.558","85.558","85.558",
"T10","whole country","E03108","Electric fan","T[14101.ausgabe]","CPI[2020=100]","2020=100","","","","","","","","","","","","","","","","","","","","","","","","","","","","","","","","","","","","","","","","","","","","","","","","","","","","","","","","","","","","","","","","","","","","","","","","","","","","","","","","","","","","","","","","","","","","","","","","","","","","","","","","","","","","","","","","","","","","","","","","","35.521","35.521","35.521","35.586","35.65","35.65","35.716","36.036","36.036","36.036","36.036","36.036","36.036","36.036","36.036","36.036","36.036","39.962","40.09","40.09","40.09","40.09","40.09","40.09","40.09","40.09","40.09","40.09","40.155","40.155","33.526","33.526","33.526","33.526","33.526","33.526","33.526","33.526","33.526","33.526","33.526","33.526","33.526","33.526","33.526","33.526","33.526","33.526","33.526","33.526","33.526","35.457","40.09","38.611","38.611","38.611","38.611","38.611","38.611","38.611","38.674","38.674","39.254","45.238","48.07","49.036","49.036","49.036","49.036","49.036","49.036","49.036","49.036","49.036","49.036","50.065","54.634","55.728","55.728","55.858","55.858","55.858","55.858","55.858","55.858","55.858","55.858","55.858","55.663","54.569","53.734","53.734","53.734","53.734","53.734","53.734","53.734","53.734","53.734","53.734","53.861","54.761","54.761","54.761","54.761","54.761","54.761","54.761","54.761","54.761","54.761","54.761","54.761","54.761","54.761","54.761","54.761","54.761","54.761","54.761","54.761","54.761","54.761","54.761","54.761","54.761","54.761","54.761","54.761","54.761","54.761","54.761","54.761","54.761","54.761","54.761","54.761","55.792","55.792","55.792","55.792","55.792","55.792","55.792","55.792","55.792","55.792","55.792","55.921","56.05","56.05","56.05","56.05","56.05","56.05","56.05","56.05","56.05","56.05","56.05","56.114","56.178","56.243","56.243","56.243","56.243","56.243","56.243","56.243","56.243","56.243","56.243","56.886","58.045","58.56","59.01","59.202","59.202","59.202","59.202","59.139","59.139","59.139","59.139","59.139","59.139","59.139","59.139","59.139","59.139","59.139","59.074",
"T10","whole country","E03110","Washing machine","T[14101.ausgabe]","CPI[2020=100]","2020=100","","","","","","","","","","","","","","","","","","","","","","","","","","","","","","","","","","","","","","","","","","","","","","","","","","","","","","","","","","","","","","","","","","","","","","","","","","","","","","","","","","","","","","","","","","","","","","","","","","","","","","","","","","","","","","","","","","","","","","","","","","","","","","","","","","","","","","","","","","","","","","","","","","","","","","","","","","","","","","","","","","","","","","","","","","","","","","","","","","","","","186.936","187.793","188.993","188.993","188.993","188.993","212.124","221.034","222.234","235.427","239.197","241.424","243.822","243.822","243.822","244.85","245.194","245.194","245.194","245.366","245.194","246.393","246.393","246.393","246.393","246.907","246.907","246.907","246.907","245.366","245.366","245.366","245.366","245.366","245.366","245.366","245.366","241.596","239.881","239.881","239.881","239.881","239.881","239.881","239.881","239.881","239.881","239.711","239.368","239.368","239.368","239.368","238.683","238.683","238.683","238.683","238.683","238.683","238.683","238.683","238.683","238.683","238.683","238.683","238.683","238.683","238.683","238.683","238.683","238.683","238.683","238.683","238.683","238.683","238.683","238.683","238.683","238.683","238.683","238.683","238.683","238.683","238.683","238.683","238.683","238.683","238.683","238.683","238.683","228.401","222.747","222.577","222.577","222.577","222.577","222.577","222.577","222.577","219.663","213.666","213.666","213.666","213.666","213.666","213.666","213.152","213.152","213.152","199.101","198.416","198.416","198.416","200.301","200.301","199.959","199.445","199.445","199.616","199.616","199.616","199.445","199.445","199.445","199.445","199.445","199.445","199.445","199.445","199.445","199.445","199.445","199.445",
"T10","whole country","E03113","Vacuum cleaner","T[14101.ausgabe]","CPI[2020=100]","2020=100","","","","","","","","","","","","","","","","","","","","","","","","","","","","","","","","","","","","","","","","","","","","","","","","","","","","","","","","","","","","","","","","","","","","","","","","","","","","","","","","","","","","","","","","","","","","","","","","","","","","","","","","","","","","","","","","","","","","","","","","","","","","","","","","","","","","","","","","","","","","","","","","","","","","","","","","","","","","","","","","","","","","","","","","","","","","","","","","","","","","","","","","","","","","","","","","","","","","","","","","","","","","","","","","","","","","","","","","","","","","","","","","","","","","","","","","","","","","","","","","","","","","","","","","","","","","","","","","","","","","","","","","","","","","","","","","","","","","","","","","","","","","","","","","","","","","","","","","","","","","","129.413","129.413","129.413","129.413","129.413","129.413","129.413","129.413","129.413","129.565","129.565","129.565",
"T10","whole country","E03114","Small kitchen appliances","T[14101.ausgabe]","CPI[2020=100]","2020=100","","","","","","","","","","","","","","","","","","","","","","","","","","","","","","","","","","","","","","","","","","","","","","","","","","","","","","","","","","","","","","","","","","","","","","","","","","","","","","","","","","","","","","","","","","","","","","","","","","","","","","","","","","","","","","","","","","","","","","","","","104.5","104.5","104.5","104.5","104.5","104.5","104.5","104.5","104.5","104.5","104.5","104.5","104.5","104.5","104.5","104.5","104.5","104.5","104.5","123.42","123.42","123.42","123.42","123.42","123.42","123.42","123.42","121.304","121.194","121.082","84.245","84.245","84.245","84.245","84.245","84.245","84.245","84.245","84.245","84.245","84.245","84.245","84.245","84.245","84.245","84.245","84.245","84.245","84.245","84.245","84.245","84.245","84.245","84.245","84.245","84.245","84.245","84.245","84.245","84.245","83.466","83.466","83.466","83.466","83.466","83.466","83.466","83.466","83.466","88.252","90.699","92.369","92.369","92.369","92.369","92.369","92.369","92.369","92.369","92.369","92.147","92.147","92.147","92.147","92.147","92.147","92.147","92.147","92.147","91.479","91.479","91.479","91.479","91.479","91.479","91.256","91.034","91.034","91.034","91.034","91.034","91.034","91.034","91.034","91.034","91.034","91.034","90.144","89.92","89.92","89.92","89.92","91.592","103.943","108.506","108.506","108.506","108.506","108.506","108.506","108.506","108.506","108.506","108.506","108.506","108.506","108.619","108.619","108.619","108.619","108.619","108.619","108.619","108.619","108.619","108.619","108.619","108.619","108.619","108.619","108.619","108.619","108.619","108.619","108.619","108.619","108.619","108.619","108.506","108.506","108.173","108.173","108.173","108.173","108.173","108.173","108.173","108.173","108.173","107.282","107.282","107.282","107.282","107.282","107.282","106.725","106.837","106.837","106.28","105.724","105.835","105.946","106.059","106.059","108.506","113.961","114.627","114.738","114.738","114.738","114.293","114.182","114.07","114.07","114.07","114.07","114.07","114.07","114.07","114.07","114.07","114.07",
"T10","whole country","E04","05.4 Glassware, tableware and household ustensils","T[14101.ausgabe]","CPI[2020=100]","2020=100","","","","","","","","","","","","","","","","","","","","","","","","","","","","","","","","","","","","","","","","","","","","","","","","","","","","","","","","","","","","","","","","","","","","","","","","","","","","","","","","","","","","","","","","","","","","","","","","","","","","","","","","","","","","","","","","","","","","","","","","","","","","","","","","","","","","","","","","","","","","","","","","","","","","","","","","","","","","","","","","","","","","","","","","","","","","","","","","","","","","","","","","","","","","","","","","","","","","","","","","","","","","","","","","","","","","","","","","","","","","","","","","","","","","","","","","","","","","","","","","","31.815","31.782","31.782","31.782","31.782","31.749","31.847","31.847","31.972","32.036","32.068","32.068","32.101","32.101","32.101","32.164","32.195","32.291","32.355","32.387","32.418","32.483","32.641","33.216","33.854","34.013","34.173","34.173","34.236","34.299","34.587","34.842","34.938","35.001","35.224","35.48","35.574","36.116","36.499","37.265","37.774","37.87","38.029","38.284","38.539","39.56","39.846","40.165","40.484","40.802","40.866","40.866","40.866","41.248","41.823","42.108","42.397","42.588","42.652","42.683","43.283","43.414","43.591","43.766","43.854","43.854","43.854","43.854","43.854","43.984","44.38","45.082",
"T10","whole country","E041","Glassware, tableware and household ustensils","T[14101.ausgabe]","CPI[2020=100]","2020=100","","","","","","","","","","","","","","","","","","","","","","","","","","","","","","","","","","","","","","","","","","","","","","","","","","","","","","","","","","","","","","","","","","","","","","","","","","","","","","","","","","","","","","","","","","","","","","","","","","","","","","","","","","","","","","","","","","","","","","","","","","","","","","","","","","","","","","","","","","","","","","","","","","","","","","","","","","","","","","","","","","","","","","","","","","","","","","","","","","","","","","","","","","","","","","","","","","","","","","","","","","","","","","","","","","","","","","","","","","","","","","","","","","","","","","","","","","","","","","","","","31.815","31.782","31.782","31.782","31.782","31.749","31.847","31.847","31.972","32.036","32.068","32.068","32.101","32.101","32.101","32.164","32.195","32.291","32.355","32.387","32.418","32.483","32.641","33.216","33.854","34.013","34.173","34.173","34.236","34.299","34.587","34.842","34.938","35.001","35.224","35.48","35.574","36.116","36.499","37.265","37.774","37.87","38.029","38.284","38.539","39.56","39.846","40.165","40.484","40.802","40.866","40.866","40.866","41.248","41.823","42.108","42.397","42.588","42.652","42.683","43.283","43.414","43.591","43.766","43.854","43.854","43.854","43.854","43.854","43.984","44.38","45.082",
"T10","whole country","E04101","Tableware","T[14101.ausgabe]","CPI[2020=100]","2020=100","","","","","","","","","","","","","","","","","","","","","","","","","","","","","","","","","","","","","","","","","","","","","","","","","","","","","","","","","","","","","","","","","","","","","","","","","","","","","","","","","","","","","","","","","","","","","","","","","","","","","","","","","","","","","","","","","","","","","","","","","","","","","","","","","","","","","","","","","","","","","","","","","","","","","","","","","","","","","","","","","","","","","","","","","","","","","","","","","","","","","","","","","","","","","","","","","","","","","","","","","","","","","","","","","","","","","","","","","","","","","","","","","","","","","","","","","","","","","","","","","17.984","17.984","17.984","17.984","17.984","17.984","17.984","17.984","18.292","18.492","18.51","18.527","18.527","18.527","18.545","18.545","18.545","18.545","18.637","18.836","18.945","19.018","19.363","20.36","20.687","21.032","21.304","21.322","21.322","21.322","21.613","22.194","22.211","22.266","22.611","22.738","22.756","22.901","23.101","23.717","24.027","24.062","24.062","24.062","24.153","25.297","25.513","25.605","25.841","26.458","26.585","26.585","26.585","26.657","26.748","26.839","27.056","27.165","27.129","27.129","27.183","27.377","27.514","27.542","27.597","27.597","27.597","27.597","27.597","27.708","27.819","28.537",
"T10","whole country","E04102","Cup","T[14101.ausgabe]","CPI[2020=100]","2020=100","","","","","","","","","","","","","","","","","","","","","","","","","","","","","","","","","","","","","","","","","","","","","","","","","","","","","","","","","","","","","","","","","","","","","","","","","","","","","","","","","","","","","","","","","","","","","","","","","","","","","","","","","","","","","","","","","","","","","","","","","","","","","","","","","","","","","","","","","","","","","","","","","","","","","","","","","","","","","","","","","","","","","","","","","","","","","","","","","","","","","","","","","","","","","","","","","","","","","","","","","","","","","","","","","","","","","","","","","","","","","","","","","","","","","","","","","","","","","","","","","41.187","41.187","41.187","41.187","41.187","41.187","41.187","41.187","41.229","41.27","41.27","41.229","41.229","41.229","41.229","41.229","41.229","41.229","41.229","41.229","41.229","41.435","41.598","41.641","41.641","41.641","41.641","41.641","41.683","41.764","41.805","41.805","41.805","41.846","42.094","42.218","42.218","42.218","42.218","42.259","42.383","42.383","42.422","42.671","42.671","43","43.495","43.742","43.783","43.989","43.989","43.989","43.989","44.071","44.153","44.196","44.196","44.196","44.236","44.236","44.204","44.383","44.472","44.472","44.562","44.562","44.562","44.562","44.562","44.74","45.141","45.186",
"T10","whole country","E04103","Iron pot","T[14101.ausgabe]","CPI[2020=100]","2020=100","","","","","","","","","","","","","","","","","","","","","","","","","","","","","","","","","","","","","","","","","","","","","","","","","","","","","","","","","","","","","","","","","","","","","","","","","","","","","","","","","","","","","","","","","","","","","","","","","","","","","","","","","","","","","","","","","","","","","","","","","","","","","","","","","","","","","","","","","","","","","","","","","","","","","","","","","","","","","","","","","","","","","","","","","","","","","","","","","","","","","","","","","","","","","","","","","","","","","","","","","","","","","","","","","","","","","","","","","","","","","","","","","","","","","","","","","","","","","","","","","","","","","","","","","","","","","","","","","","","","","","","","","","","","","","","","","","","","","","","","","","","","","","","","","","","","","","","","","","","","","71.737","71.883","71.737","71.737","71.737","71.737","71.737","71.737","71.737","71.737","71.737","71.737",
"T10","whole country","E04104","Frying pan","T[14101.ausgabe]","CPI[2020=100]","2020=100","","","","","","","","","","","","","","","","","","","","","","","","","","","","","","","","","","","","","","","","","","","","","","","","","","","","","","","","","","","","","","","","","","","","","","","","","","","","","","","","","","","","","","","","","","","","","","","","","","","","","","","","","","","","","","","","","","","","","","","","","22.467","22.539","22.539","22.831","22.758","23.416","23.487","22.467","22.467","22.467","22.467","23.852","23.779","23.779","23.924","23.999","23.999","23.852","23.852","23.852","24.291","24.291","24.291","24.291","24.435","24.728","24.728","24.728","24.728","24.728","24.728","24.874","25.019","25.019","25.019","25.019","25.165","25.165","25.165","25.165","25.165","25.968","26.041","26.041","26.041","27.135","28.375","28.448","28.958","31.219","32.094","32.46","36.327","36.327","36.327","37.201","37.346","37.346","37.565","37.565","37.857","37.857","38.806","41.286","43.766","43.766","43.766","43.766","43.766","43.766","43.766","43.766","43.766","43.766","44.13","44.276","44.276","44.276","44.276","44.276","44.276","44.276","44.276","44.276","44.276","44.276","44.422","44.349","44.349","44.349","44.349","44.349","44.349","44.349","44.349","44.202","44.202","44.202","44.202","44.202","44.202","44.202","44.202","44.202","44.202","44.202","44.202","44.202","44.202","44.202","44.202","44.202","44.202","44.202","44.202","44.202","44.202","44.202","44.202","45.152","45.516","45.516","45.516","45.516","45.516","45.516","45.589","45.589","45.662","45.662","45.662","45.662","45.662","45.662","45.808","45.954","46.319","46.319","46.319","46.319","46.319","46.319","46.319","46.465","46.683","46.902","46.902","46.976","47.048","47.048","47.705","47.851","47.851","47.777","47.705","47.777","47.56","47.922","48.143","51.352","51.425","51.497","51.497","51.863","52.592","60.104","60.47","60.615","60.906","61.126","61.126","61.126","61.126","61.198","61.273","61.637","61.709","61.709","61.709","61.709","62.22","62.22","62.001","61.928","61.856","61.856","61.856","61.856","61.709","61.709","61.928","63.313",
"T10","whole country","E04105","Sauce pan","T[14101.ausgabe]","CPI[2020=100]","2020=100","","","","","","","","","","","","","","","","","","","","","","","","","","","","","","","","","","","","","","","","","","","","","","","","","","","","","","","","","","","","","","","","","","","","","","","","","","","","","","","","","","","","","","","","","","","","","","","","","","","","","","","","","","","","","","","","","","","","","","","","","13.603","13.909","14.138","14.367","14.367","14.443","14.521","14.521","14.521","14.521","14.521","14.979","15.056","15.286","15.514","15.667","15.667","15.667","15.667","15.667","15.973","16.507","17.272","17.272","17.577","17.653","17.806","17.959","17.959","17.959","17.959","17.73","18.112","18.112","18.112","18.112","18.188","18.188","18.418","18.572","18.647","19.106","19.182","19.182","19.182","21.627","23.08","23.538","23.92","24.531","25.067","26.671","29.729","30.034","31.028","31.487","31.487","31.563","31.563","31.563","31.639","32.633","36.301","38.135","39.053","37.6","37.677","37.677","37.677","37.677","37.677","37.677","37.677","38.059","38.364","38.364","40.428","41.575","41.728","41.881","41.881","41.881","42.11","42.11","42.11","42.033","42.033","42.416","42.416","42.416","42.416","42.416","42.416","42.416","42.416","42.416","42.416","42.416","42.492","42.492","42.492","42.492","42.568","43.102","43.943","44.096","44.172","44.172","44.478","44.555","44.555","44.555","44.555","44.555","44.555","44.555","44.555","44.555","44.555","45.091","45.548","45.548","45.548","45.548","45.548","45.548","45.548","45.548","46.39","46.847","46.847","46.847","46.847","46.847","46.847","46.847","46.847","46.847","46.847","47.611","47.535","47.535","47.535","47.535","47.535","47.765","47.841","47.765","47.535","47.611","47.994","49.065","49.675","50.364","51.127","51.28","51.433","56.4","56.63","59.075","59.228","59.609","59.687","60.069","60.833","61.75","62.897","63.431","63.356","63.508","63.661","63.661","63.661","63.737","63.737","63.737","63.813","63.813","63.737","63.813","65.419","65.419","65.419","65.419","65.419","65.419","65.419","65.419","65.419","65.419","65.496","66.107",
"T10","whole country","E04106","Spoon & chopsticks","T[14101.ausgabe]","CPI[2020=100]","2020=100","","","","","","","","","","","","","","","","","","","","","","","","","","","","","","","","","","","","","","","","","","","","","","","","","","","","","","","","","","","","","","","","","","","","","","","","","","","","","","","","","","","","","","","","","","","","","","","","","","","","","","","","","","","","","","","","","","","","","","","","","9.461","9.795","9.795","9.906","9.906","10.741","11.186","11.186","11.241","11.91","12.077","12.133","12.133","12.133","13.858","13.969","13.579","13.579","13.579","13.579","13.579","13.579","13.579","13.579","13.969","14.191","14.247","14.247","14.247","14.247","14.748","14.86","14.748","14.748","14.748","14.748","14.86","15.026","15.138","16.195","16.696","16.696","16.696","16.696","16.752","17.086","17.253","17.253","17.253","17.642","18.422","18.588","18.867","18.867","18.867","18.922","19.089","19.2","20.536","20.536","20.536","20.591","20.648","21.704","23.82","24.155","24.155","24.155","24.155","24.155","24.155","24.155","24.155","24.155","24.155","26.38","27.215","27.215","29.609","29.609","29.609","29.609","29.609","29.609","29.663","29.775","29.775","29.775","29.775","29.775","29.775","29.775","29.775","29.775","29.775","29.775","29.775","29.775","29.775","29.775","29.775","29.775","29.775","29.775","29.775","29.775","29.775","29.775","29.775","29.775","29.441","29.386","29.386","29.386","29.386","29.386","29.386","29.386","29.386","29.386","29.33","29.33","29.33","29.33","29.33","29.33","29.386","29.386","29.386","29.386","29.386","29.386","29.386","29.386","29.386","29.386","29.386","29.386","29.386","29.386","29.386","29.386","29.609","30.498","30.609","31.89","32.891","32.947","32.947","32.947","33.004","33.004","32.947","33.614","34.506","34.562","34.783","35.953","36.12","37.844","38.289","38.735","38.735","39.013","39.292","39.904","39.904","40.293","41.239","43.02","44.356","44.356","44.356","44.467","44.523","44.69","44.69","44.69","44.69","44.69","44.802","44.802","44.802","44.802","44.802","44.802","44.802","44.802","44.802","44.969","45.858","46.36",
"T10","whole country","E04107","Airtight container","T[14101.ausgabe]","CPI[2020=100]","2020=100","","","","","","","","","","","","","","","","","","","","","","","","","","","","","","","","","","","","","","","","","","","","","","","","","","","","","","","","","","","","","","","","","","","","","","","","","","","","","","","","","","","","","","","","","","","","","","","","","","","","","","","","","","","","","","","","","","","","","","","","","","","","","","","","","","","","","","","","","","","","","","","","","","","","","","","","","","","","","","","","","","","","","","","","","","","","","","","","","","","","","","","","","","","","","","","","","","","","","","","","","","","","","","","","","","","","","","","","","","","","","","","","","","","","","","","","","","","","","","","","","","","","","","","","","","","","","","","","","","","","","","","","","","","","","","","","","","","","","","","","","","","","","","","","","","","","","","","","","","","","","42.367","42.367","42.367","42.367","42.367","42.367","42.367","42.367","42.367","42.367","42.416","42.662",
"T10","whole country","E05","05.5 Tools and equipment for house and garden","T[14101.ausgabe]","CPI[2020=100]","2020=100","","","","","","","","","","","","","","","","","","","","","","","","","","","","","","","","","","","","","","","","","","","","","","","","","","","","","","","","","","","","","","","","","","","","","","","","","","","","","","","","","","","","","","","","","","","","","","","","","","","","","","","","","","","","","","","","","","","","","","","","","","","","","","","","","","","","","","","","","","","","","","","","","","","","","","","","","","","","","","","","","","","","","","","","","","","","","","","","","","","","","","","","","","","","","","","","","","","","","","","","","","","","","","","","","","","","","","","","","","","","","","","","","","","","","","","","","","","","","","","","","80.658","80.658","80.658","80.658","80.658","81.159","83.245","84.162","86.331","87.082","87.082","88.416","90.835","91.086","91.418","91.418","91.418","91.418","91.585","91.836","91.836","91.836","91.836","91.836","91.836","91.836","91.836","92.003","92.003","92.003","92.003","92.003","92.003","92.003","92.003","92.003","92.003","92.003","92.003","92.003","92.003","92.003","92.003","92.003","92.17","92.253","92.253","92.253","92.502","92.752","92.752","92.587","92.42","92.42","92.42","93.005","93.255","93.255","94.172","94.172","97.187","97.187","97.675","97.675","97.675","97.675","97.675","97.675","97.675","97.675","97.187","97.091",
"T10","whole country","E051","Tools and equipment for house and garden","T[14101.ausgabe]","CPI[2020=100]","2020=100","","","","","","","","","","","","","","","","","","","","","","","","","","","","","","","","","","","","","","","","","","","","","","","","","","","","","","","","","","","","","","","","","","","","","","","","","","","","","","","","","","","","","","","","","","","","","","","","","","","","","","","","","","","","","","","","","","","","","","","","","","","","","","","","","","","","","","","","","","","","","","","","","","","","","","","","","","","","","","","","","","","","","","","","","","","","","","","","","","","","","","","","","","","","","","","","","","","","","","","","","","","","","","","","","","","","","","","","","","","","","","","","","","","","","","","","","","","","","","","","","80.658","80.658","80.658","80.658","80.658","81.159","83.245","84.162","86.331","87.082","87.082","88.416","90.835","91.086","91.418","91.418","91.418","91.418","91.585","91.836","91.836","91.836","91.836","91.836","91.836","91.836","91.836","92.003","92.003","92.003","92.003","92.003","92.003","92.003","92.003","92.003","92.003","92.003","92.003","92.003","92.003","92.003","92.003","92.003","92.17","92.253","92.253","92.253","92.502","92.752","92.752","92.587","92.42","92.42","92.42","93.005","93.255","93.255","94.172","94.172","97.187","97.187","97.675","97.675","97.675","97.675","97.675","97.675","97.675","97.675","97.187","97.091",
"T10","whole country","E05101","Boiler","T[14101.ausgabe]","CPI[2020=100]","2020=100","","","","","","","","","","","","","","","","","","","","","","","","","","","","","","","","","","","","","","","","","","","","","","","","","","","","","","","","","","","","","","","","","","","","","","","","","","","","","","","","","","","","","","","","","","","","","","","","","","","","","","","","","","","","","","","","","","","","","","","","","","","","","","","","","","","","","","","","","","","","","","","","","","","","","","","","","","","","","","","","","","","","","","","","","","","","","","","","","","","","","","","","","","","","","","","","","","","","","","","","","","","","","","","","","","","","","","","","","","","","","","","","","","","","","","","","","","","","","","","","","","","","","","","","","","","","","","","","","","","","","","","","","","","","","","","","","","","","","","","","","","","","","","","","","","","","","","","","","","","","","104.253","104.253","104.65","104.65","104.65","104.65","104.65","104.65","104.65","104.65","104.154","103.954",
"T10","whole country","E05102","Battery","T[14101.ausgabe]","CPI[2020=100]","2020=100","","","","","","","","","","","","","","","","","","","","","","","","","","","","","","","","","","","","","","","","","","","","","","","","","","","","","","","","","","","","","","","","","","","","","","","","","","","","","","","","","","","","","","","","","","","","","","","","","","","","","","","","","","","","","","","","","","","","","","","","","","","","","","","","","","","","","","","","","","","","","","","","","","","","","","","","","","","","","","","","","","","","","","","","","","","","","","","","","","","","","18.378","18.378","18.378","21.004","22.854","23.629","24.644","24.644","24.644","24.644","25.299","25.778","26.015","26.015","26.015","26.314","28.761","28.761","28.761","28.82","29.298","29.298","29.298","29.298","29.298","29.298","29.298","29.656","30.252","30.252","30.252","30.252","30.252","30.252","30.252","30.252","30.252","30.252","30.252","30.252","30.252","30.252","30.252","30.671","32.521","33.057","33.057","33.057","33.057","33.952","34.489","34.668","34.668","34.668","34.668","34.668","34.668","34.787","37.055","38.009","38.069","38.069","38.069","38.069","38.069","38.308","39.323","39.68","40.755","41.112","41.112","41.71","42.903","42.962","43.142","43.142","43.142","43.142","43.261","43.32","43.32","43.32","43.32","43.32","43.32","43.32","43.32","43.439","43.439","43.439","43.439","43.439","43.439","43.439","43.439","43.439","43.439","43.439","43.439","43.439","43.439","43.439","43.439","43.439","43.499","43.499","43.499","43.499","43.679","43.798","43.798","43.738","43.619","43.619","43.619","43.917","44.035","44.035","44.454","44.454","44.751","45.23","46.005","46.185","46.185","46.185","46.185","46.244","46.244","46.244","46.303","46.423",
"T10","whole country","E06","05.6 Goods and services for routine household maintenance","T[14101.ausgabe]","CPI[2020=100]","2020=100","","","","","","","","","","","","","","","","","","","","","","","","","","","","","","","","","","","","","","","","","","","","","","","","","","","","","","","","","","","","","","","","","","","","","","","","","","","","","","","","","","","","","","","","","","","","","","","","","","","","","","","","","","","","","","","","","","","","","","","","","","","","","","","","","","","","","","","","","","","","","","","","","","","","","","","","","","","","","","","","","","","","","","","","","","","","","","","","","","","","","","","","","","","","","","","","","","","","","","","","","","","","","","","","","","","","","","","","","","","","","","","","","","","","","","","","","","","","","","","","","17.955","18.857","19.298","19.298","19.298","19.298","19.298","19.298","19.337","19.355","19.432","19.471","19.49","19.49","19.49","19.471","19.432","19.241","19.144","19.144","19.144","19.107","19.087","19.087","19.087","19.144","19.241","19.355","19.585","19.663","19.643","19.643","19.663","19.739","19.816","19.854","20.334","21.312","21.351","21.408","21.485","21.562","21.677","21.811","21.793","21.869","21.926","21.945","22.06","23.403","23.538","23.634","23.634","23.691","23.806","23.826","23.826","23.826","23.826","23.826","25.743","26.52","26.575","26.655","26.681","26.736","26.897","26.924","27.219","27.354","27.381","27.461",
"T10","whole country","E061","Non-durable household goods","T[14101.ausgabe]","CPI[2020=100]","2020=100","","","","","","","","","","","","","","","","","","","","","","","","","","","","","","","","","","","","","","","","","","","","","","","","","","","","","","","","","","","","","","","","","","","","","","","","","","","","","","","","","","","","","","","","","","","","","","","","","","","","","","","","","","","","","","","","","","","","","","","","","","","","","","","","","","","","","","","","","","","","","","","","","","","","","","","","","","","","","","","","","","","","","","","","","","","","","","","","","","","","","","","","","","","","","","","","","","","","","","","","","","","","","","","","","","","","","","","","","","","","","","","","","","","","","","","","","","","","","","","","","45.105","45.15","45.105","45.105","45.105","45.15","45.15","45.15","45.239","45.376","45.556","45.692","45.602","45.556","45.556","45.466","45.239","44.289","43.882","43.837","43.837","43.702","43.612","43.612","43.565","43.612","43.882","44.515","45.511","45.919","45.783","45.828","45.919","46.009","46.1","46.144","46.281","46.778","46.958","47.048","47.184","47.456","47.954","48.542","48.452","48.769","48.95","49.041","49.085","49.085","49.085","49.175","49.13","49.402","49.356","49.311","49.311","49.356","49.311","49.311","49.292","49.443","49.443","49.642","49.69","49.741","49.84","49.89","49.94","49.94","49.989","50.089",
"T10","whole country","E06101","Laundry detergent","T[14101.ausgabe]","CPI[2020=100]","2020=100","","","","","","","","","","","","","","","","","","","","","","","","","","","","","","","","","","","","","","","","","","","","","","","","","","","","","","","","","","","","","","","","","","","","","","","","","","","","","","","","","","","","","","","","","","","","","","","","","","","","","","","","","","","","","","","","","","","","","","","","","40.815","40.815","40.815","40.815","40.815","40.815","40.815","40.815","40.815","40.815","40.815","40.815","40.815","40.815","40.815","40.815","40.815","40.815","40.815","40.815","40.815","40.815","40.815","40.815","40.815","40.815","40.815","40.815","40.815","40.815","40.815","40.815","40.815","40.815","40.815","40.815","40.815","40.815","40.815","40.815","40.815","40.815","40.815","40.815","40.815","40.815","40.815","40.815","40.815","40.815","40.815","42.663","47.396","47.396","47.471","47.249","47.249","47.249","47.249","52.868","54.864","58.043","68.912","69.8","69.8","69.726","70.168","70.168","70.168","70.243","70.391","70.391","70.54","70.613","70.613","70.613","70.613","70.613","70.613","70.983","71.205","71.205","71.205","71.205","71.205","70.834","70.688","70.317","70.391","70.317","70.54","70.466","70.466","70.391","70.391","70.391","70.168","68.987","68.468","68.321","68.321","68.321","68.247","68.247","68.247","69.726","71.502","71.647","71.502","71.502","71.502","71.502","71.502","71.502","71.428","71.428","71.131","71.056","71.131","71.205","71.205","71.205","71.205","71.205","71.205","71.131","71.279","71.279","70.983","71.796","73.939","74.605","74.088","74.531","74.605","74.605","74.531","74.088","73.275","72.609","72.313","72.313","72.313","72.387","72.387","72.535","72.832","72.832","72.832","72.758","72.684","72.609","72.684","72.684","72.684","72.609","72.609","72.684","72.907","72.832","72.832","72.832","72.758","72.758","72.758","72.758","72.609","72.609","72.832","72.832","72.907","73.052","72.978","72.978","72.978","72.832","72.535","72.461","72.313","72.166","72.166","72.239","72.166","72.609","72.609","72.758","72.832","72.832","72.832","72.758","72.758","72.758",
"T10","whole country","E06103","Light bulb","T[14101.ausgabe]","CPI[2020=100]","2020=100","","","","","","","","","","","","","","","","","","","","","","","","","","","","","","","","","","","","","","","","","","","","","","","","","","","","","","","","","","","","","","","","","","","","","","","","","","","","","","","","","","","","","","","","","","","","","","","","","","","","","","","","","","","","","","","","","","","","","","","","","16.582","17.635","19.075","19.717","19.978","19.978","19.978","19.978","19.978","19.978","19.978","19.978","19.994","20.045","20.097","20.202","20.202","20.202","20.202","20.202","20.202","20.202","20.202","20.202","20.202","20.202","20.202","20.202","20.202","20.307","18.577","18.897","20.243","20.243","20.313","20.328","20.328","20.328","20.429","20.514","20.514","20.514","20.514","21.906","23.03","23.824","23.961","26.147","29.634","36.458","38.41","35.543","33.369","31.336","30.398","30.086","30.086","29.981","29.929","33.142","35.449","35.842","37.082","40.874","40.292","40.292","40.292","40.292","40.292","40.954","41.972","42.406","42.406","42.406","42.406","42.459","42.459","42.459","41.728","41.728","41.849","42.022","42.022","42.178","44.415","45.77","46.292","46.292","46.292","46.761","46.761","46.761","46.761","46.761","46.761","46.761","47.073","47.23","47.23","47.23","47.23","47.23","47.23","47.376","47.681","47.681","47.681","48.117","48.403","48.403","48.403","48.403","48.455","48.168","48.168","48.168","48.168","48.168","48.227","48.786","49.318","50.048","50.048","50.048","50.048","50.08","50.096","50.096","49.644","49.434","49.451","49.467","49.414","49.414","49.414","49.467","49.776","49.921","49.921","50.163","50.308","50.308","50.308","50.308","50.308","50.308","50.308","50.308","50.308","50.308","50.567","50.567","50.567","50.567","50.62","50.673","51.974","52.335","52.596","52.856","52.887","52.836","52.836","52.836","52.836","53.096","53.532","53.532","53.582","53.979","54.063","54.08","54.112","54.112","54.031","54.087","54.24","54.24","54.307","54.423","54.6","55.383","55.38","55.459","55.459","55.459","55.459","55.459","56.029","56.204","56.253","56.455",
"T10","whole country","E06104","Dishwasher detergent","T[14101.ausgabe]","CPI[2020=100]","2020=100","","","","","","","","","","","","","","","","","","","","","","","","","","","","","","","","","","","","","","","","","","","","","","","","","","","","","","","","","","","","","","","","","","","","","","","","","","","","","","","","","","","","","","","","","","","","","","","","","","","","","","","","","","","","","","","","","","","","","","","","","","","","","","","","","","","","","","","","","","","","","","","","","","","","","","","","","","","","","","","","","","","","","","","","","","","","","","","","","","","","","24.952","26.404","29.579","29.807","29.897","29.942","30.079","30.079","30.079","30.079","30.079","30.079","30.079","30.079","30.079","30.079","30.079","30.079","30.123","30.123","30.351","30.351","30.351","30.351","30.396","30.532","30.532","30.532","30.532","30.532","30.532","30.396","30.396","30.215","30.215","30.215","30.079","29.489","29.216","29.352","29.352","29.352","29.352","29.489","29.626","29.579","29.535","29.626","29.579","29.579","29.579","29.579","29.579","29.579","29.579","29.579","29.579","29.579","29.716","30.215","30.215","30.215","30.215","30.169","30.169","30.215","30.215","30.215","30.215","30.215","30.306","30.442","30.306","30.306","30.306","30.306","30.306","30.306","30.306","30.306","30.306","30.306","30.306","30.306","30.306","30.306","30.306","30.306","30.306","30.032","29.942","29.942","29.942","29.897","29.897","29.897","29.897","29.897","29.897","29.897","30.079","30.079","30.079","30.079","30.079","30.079","30.032","30.032","30.032","30.032","30.032","30.032","30.032","30.032","30.032","30.032","30.169","30.215","30.169","30.123","30.351","30.622","30.896","31.076","31.123","31.123","31.212","31.212","31.123","31.123","31.166","31.166",
"T10","whole country","E06106","Insecticide","T[14101.ausgabe]","CPI[2020=100]","2020=100","","","","","","","","","","","","","","","","","","","","","","","","","","","","","","","","","","","","","","","","","","","","","","","","","","","","","","","","","","","","","","","","","","","","","","","","","","","","","","","","","","","","","","","","","","","","","","","","","","","","","","","","","","","","","","","","","","","","","","","","","25.59","25.59","25.59","26.4","28.423","29.458","29.458","29.817","29.998","29.998","29.998","29.998","29.998","29.998","29.998","29.998","29.998","31.257","31.887","31.887","31.887","31.887","31.887","31.887","31.887","31.887","31.887","31.887","31.887","32.022","31.752","31.752","31.752","31.752","31.752","31.752","31.752","31.752","31.752","31.752","31.752","31.887","32.022","32.022","32.022","32.022","32.022","32.022","32.022","32.022","32.022","32.022","32.426","32.651","33.326","33.326","33.326","33.326","33.326","33.326","34.09","34.09","34.09","34.09","34.179","37.464","38.543","38.183","36.923","36.923","36.923","36.923","36.923","36.923","36.923","36.923","36.923","36.969","37.823","38.228","38.228","38.228","38.228","38.228","38.228","38.228","38.228","38.228","38.497","39.532","40.432","40.297","40.251","40.251","40.251","40.251","40.251","40.251","40.251","40.251","40.251","40.251","40.251","40.251","40.251","40.251","40.251","40.251","40.251","40.251","40.251","40.251","40.251","40.251","40.251","40.251","40.251","40.386","40.386","40.386","40.386","40.386","40.386","40.386","40.386","40.386","40.386","40.386","41.511","41.511","41.511","41.511","41.511","41.511","41.511","41.511","41.691","41.825","42.86","43.354","43.354","43.354","43.354","43.354","43.354","43.354","43.354","43.354","43.354","43.354","43.354","43.31","43.31","43.31","43.31","43.31","43.31","43.31","43.31","43.31","43.354","43.805","44.794","44.838","44.704","44.704","44.704","44.704","44.704","44.704","44.704","44.704","44.704","44.749","44.794","44.974","44.974","44.974","44.974","44.974","44.974","44.974","44.974","44.974","45.019","45.063","45.019","44.974","44.974","44.974","44.974","44.974",
"T10","whole country","E06107","Household plastic wrap","T[14101.ausgabe]","CPI[2020=100]","2020=100","","","","","","","","","","","","","","","","","","","","","","","","","","","","","","","","","","","","","","","","","","","","","","","","","","","","","","","","","","","","","","","","","","","","","","","","","","","","","","","","","","","","","","","","","","","","","","","","","","","","","","","","","","","","","","","","","","","","","","","","","","","","","","","","","","","","","","","","","","","","","","","","","","","","","","","","","","","","","","","","","","","","","","","","","","","","","","","","","","","","","","","","","","","","","","","","","","","","","","","","","","","","","","","","","","","","","","","","","","","","","","","","","","","","","","","","","","","","","","","","","","","","","","","","","","","","","","","","","","","","","","","","","","","","","","","","","","","","","","","","","","","","","","","","","","","","","","","","","","","","","32.035","32.074","32.035","32.035","31.996","32.035","32.627","33.813","33.891","34.088","34.128","34.445",
"T10","whole country","E062","Domestic services and household services","T[14101.ausgabe]","CPI[2020=100]","2020=100","","","","","","","","","","","","","","","","","","","","","","","","","","","","","","","","","","","","","","","","","","","","","","","","","","","","","","","","","","","","","","","","","","","","","","","","","","","","","","","","","","","","","","","","","","","","","","","","","","","","","","","","","","","","","","","","","","","","","","","","","","","","","","","","","","","","","","","","","","","","","","","","","","","","","","","","","","","","","","","","","","","","","","","","","","","","","","","","","","","","","","","","","","","","","","","","","","","","","","","","","","","","","","","","","","","","","","","","","","","","","","","","","","","","","","","","","","","","","","","","","6.561","7.275","7.628","7.628","7.628","7.628","7.628","7.628","7.628","7.628","7.666","7.673","7.696","7.711","7.711","7.711","7.718","7.718","7.718","7.718","7.718","7.718","7.718","7.718","7.718","7.771","7.786","7.786","7.786","7.786","7.786","7.786","7.786","7.831","7.869","7.899","8.252","8.951","8.951","8.973","9.026","9.034","9.041","9.041","9.041","9.057","9.064","9.071","9.147","10.222","10.334","10.386","10.394","10.401","10.493","10.515","10.522","10.522","10.522","10.522","11.596","12.586","12.624","12.637","12.663","12.714","12.894","12.906","13.266","13.434","13.434","13.511",
"T10","whole country","E06201","Housekeeping costs","T[14101.ausgabe]","CPI[2020=100]","2020=100","","","","","","","","","","","","","","","","","","","","","","","","","","","","","","","","","","","","","","","","","","","","","","","","","","","","","","","","","","","","","","","","","","","","","","","","","","","","","","","","","","","","","","","","","","","","","","","","","","","","","","","","","","","","","","","","","","","","","","","","","","","","","","","","","","","","","","","","","","","","","","","","","","","","","","","","","","","","","","","","","","","","","","","","","","","","","","","","","","","","","3.712","3.712","3.712","3.712","3.74","3.74","3.74","3.74","3.74","3.74","3.74","3.74","3.74","3.91","4.247","4.247","4.247","4.809","4.837","4.837","4.837","4.837","4.837","4.837","4.837","4.95","4.95","4.95","4.95","4.95","4.95","4.95","4.95","4.95","4.978","5.006","6.046","6.075","6.075","6.075","6.075","6.075","6.159","6.159","6.159","6.159","6.159","6.159","6.159","6.159","6.159","6.187","6.215","6.215","6.215","6.215","6.215","6.215","6.215","6.215","6.271","6.946","7.284","7.284","7.284","7.284","7.284","7.284","7.284","7.284","7.312","7.34","7.34","7.368","7.368","7.368","7.368","7.368","7.368","7.368","7.368","7.368","7.368","7.368","7.368","7.425","7.425","7.425","7.425","7.425","7.425","7.425","7.425","7.481","7.509","7.537","7.874","8.549","8.549","8.578","8.605","8.634","8.634","8.634","8.634","8.634","8.662","8.662","8.718","9.759","9.872","9.928","9.928","9.928","10.011","10.04","10.04","10.04","10.04","10.04","11.08","12.009","12.065","12.065","12.093","12.149","12.318","12.318","12.656","12.824","12.824","12.908",
"T10","whole country","F","06 Health","T[14101.ausgabe]","CPI[2020=100]","2020=100","","","","","","","","","","","","","","","","","","","","","","","","","","","","","","","","","","","","","","","","","","","","","","","","","","","","","","","","","","","","","","","","","","","","","","","","","","","","","","","","","","","","","","","","","","","","","","","","","","","","","","","","","","","","","","","","","","","","","","","","","","","","","","","","","","","","","","","","","","","","","","","","","","","","","","","","","","","","","","","","","","","","","","","","","","","","","","","","","","","","","","","","","","","","","","","","","","","","","","","","","","","","","","","","","","","","","","","","","","","","","","","","","","","","","","","","","","","","","","","","","35.952","35.952","36.315","36.315","36.351","36.315","36.388","36.351","36.351","36.351","36.351","36.351","36.388","36.424","36.461","36.461","36.533","38.274","38.346","38.419","38.455","38.636","38.71","38.745","38.745","38.781","38.892","38.999","39.072","39.108","38.963","38.927","38.927","38.963","39.035","38.999","38.999","40.668","41.612","41.938","42.12","42.12","42.12","42.083","42.12","42.12","42.12","42.12","42.156","42.192","42.192","42.228","42.228","42.228","43.679","43.643","43.643","43.643","43.643","43.643","44.283","45.713","45.713","45.898","45.991","46.267","46.451","46.451","46.405","46.59","46.682","47.051",
"T10","whole country","F01","06.1 Medical products, appliances and equipment","T[14101.ausgabe]","CPI[2020=100]","2020=100","","","","","","","","","","","","","","","","","","","","","","","","","","","","","","","","","","","","","","","","","","","","","","","","","","","","","","","","","","","","","","","","","","","","","","","","","","","","","","","","","","","","","","","","","","","","","","","","","","","","","","","","","","","","","","","","","","","","","","","","","","","","","","","","","","","","","","","","","","","","","","","","","","","","","","","","","","","","","","","","","","","","","","","","","","","","","","","","","","","","","","","","","","","","","","","","","","","","","","","","","","","","","","","","","","","","","","","","","","","","","","","","","","","","","","","","","","","","","","","","","63.716","63.652","63.652","63.652","63.652","63.399","63.273","63.084","63.084","63.209","63.209","63.209","63.209","63.399","63.525","63.589","64.033","64.286","64.414","64.858","65.112","66.189","66.506","66.506","66.631","66.886","67.458","68.155","68.027","67.964","68.027","67.584","67.458","67.71","68.027","67.964","67.964","68.091","68.091","68.091","68.218","68.218","68.155","68.091","68.218","68.343","68.343","68.28","68.343","68.343","68.408","68.598","68.661","68.661","69.359","69.169","69.169","69.105","69.169","69.169","69.152","69.152","69.152","69.575","69.999","70.777","71.272","71.342","71.13","71.767","72.049","73.182",
"T10","whole country","F011","Pharmaceutical products","T[14101.ausgabe]","CPI[2020=100]","2020=100","","","","","","","","","","","","","","","","","","","","","","","","","","","","","","","","","","","","","","","","","","","","","","","","","","","","","","","","","","","","","","","","","","","","","","","","","","","","","","","","","","","","","","","","","","","","","","","","","","","","","","","","","","","","","","","","","","","","","","","","","","","","","","","","","","","","","","","","","","","","","","","","","","","","","","","","","","","","","","","","","","","","","","","","","","","","","","","","","","","","","","","","","","","","","","","","","","","","","","","","","","","","","","","","","","","","","","","","","","","","","","","","","","","","","","","","","","","","","","","","","65.982","65.916","65.85","65.916","65.916","65.588","65.392","65.194","65.194","65.326","65.392","65.392","65.326","65.523","65.654","65.72","66.245","66.573","66.704","67.228","67.492","68.737","68.999","68.868","68.999","69.328","69.983","70.77","70.639","70.574","70.639","70.18","69.983","70.245","70.639","70.639","70.639","70.77","70.705","70.705","70.77","70.77","70.705","70.639","70.77","70.835","70.835","70.77","70.835","70.77","70.77","70.77","70.77","70.77","71.623","71.359","71.163","71.098","71.163","71.163","70.987","70.915","70.842","71.277","71.786","72.73","73.31","73.31","73.092","73.673","73.818","75.197",
"T10","whole country","F01101","Cold medicine","T[14101.ausgabe]","CPI[2020=100]","2020=100","","","","","","","","","","","","","","","","","","","","","","","","","","","","","","","","","","","","","","","","","","","","","","","","","","","","","","","","","","","","","","","","","","","","","","","","","","","","","","","","","","","","","","","","","","","","","","","","","","","","","","","","","","","","","","","","","","","","","","","","","13.453","14.372","14.859","15.56","16.209","16.262","16.262","16.802","17.073","17.073","17.073","17.127","17.127","17.506","17.452","17.452","17.668","17.668","17.668","17.668","17.668","17.668","17.668","17.668","17.668","17.668","17.668","17.722","17.937","18.154","19.829","19.829","19.99","20.099","20.099","20.099","20.369","20.531","20.693","21.071","21.071","21.071","21.071","21.071","21.071","22.638","22.638","22.638","25.556","28.203","29.068","29.662","29.77","29.77","30.472","30.472","30.472","30.472","31.499","32.687","34.578","35.065","36.307","36.956","36.956","36.956","37.117","37.117","37.658","37.658","37.658","37.658","39.009","39.494","39.494","39.494","39.765","39.765","39.765","39.765","34.092","34.092","34.092","34.092","34.092","34.092","34.092","34.092","33.822","33.659","29.715","29.609","29.609","29.609","30.149","30.526","30.526","30.526","30.526","30.526","30.526","30.526","30.526","30.149","30.04","30.04","30.04","30.04","30.04","29.175","28.581","28.581","28.581","28.581","28.581","28.581","28.581","29.338","29.338","29.338","29.338","29.338","29.338","29.338","29.338","29.338","29.338","29.338","29.338","29.338","29.338","29.338","29.338","29.338","29.338","29.338","29.338","29.338","29.338","29.715","30.634","34.092","35.119","35.173","35.28","35.551","35.659","35.659","35.605","36.469","36.469","36.469","36.469","36.469","36.469","36.469","36.469","36.469","36.469","36.469","36.469","36.469","36.469","36.469","36.469","36.469","36.469","36.469","36.469","36.469","36.416","36.416","36.416","36.416","36.416","36.416","36.416","36.416","36.416","36.416","36.469","36.469","36.469","36.469","36.416","36.523","37.28","37.28","37.388","37.442","37.658","43.007",
"T10","whole country","F01102","Painkiller","T[14101.ausgabe]","CPI[2020=100]","2020=100","","","","","","","","","","","","","","","","","","","","","","","","","","","","","","","","","","","","","","","","","","","","","","","","","","","","","","","","","","","","","","","","","","","","","","","","","","","","","","","","","","","","","","","","","","","","","","","","","","","","","","","","","","","","","","","","","","","","","","","","","","","","","","","","","","","","","","","","","","","","","","","","","","","","","","","","","","","","","","","","","","","","","","","","","","","","","","","","","","","","","25.232","25.232","25.841","27.456","29.224","30.596","31.053","31.053","31.053","31.053","31.053","31.053","31.053","31.053","31.053","31.053","31.053","31.053","31.053","31.053","31.053","31.053","31.053","31.053","31.083","31.083","31.083","31.083","31.083","31.083","31.083","31.083","31.54","31.54","31.54","31.54","31.54","31.54","31.54","31.54","31.54","31.998","32.363","32.363","32.363","32.363","32.363","32.363","32.363","32.363","32.363","32.363","32.363","32.363","32.363","32.363","32.363","31.723","31.723","31.723","31.723","31.723","31.723","31.723","31.723","31.723","31.723","31.723","31.723","31.48","31.48","31.48","31.48","31.48","31.48","31.419","31.51","31.51","31.51","31.51","31.51","31.51","31.51","31.51","31.48","31.48","31.48","31.48","31.48","31.48","31.297","31.297","31.297","31.297","31.297","31.297","31.297","31.297","31.297","31.297","31.297","31.297","31.297","31.297","31.297","31.297","31.297","31.297","31.297","31.327","31.449","31.449","31.449","31.449","31.358","31.235","31.235","31.235","31.235","31.235","31.297","31.023","30.901","30.901","30.901","30.901","30.901","30.871","30.809","30.809","30.932","30.961",
"T10","whole country","F01103","Digestive","T[14101.ausgabe]","CPI[2020=100]","2020=100","","","","","","","","","","","","","","","","","","","","","","","","","","","","","","","","","","","","","","","","","","","","","","","","","","","","","","","","","","","","","","","","","","","","","","","","","","","","","","","","","","","","","","","","","","","","","","","","","","","","","","","","","","","","","","","","","","","","","","","","","5.629","5.661","6.182","6.703","6.703","7.093","7.093","7.093","7.093","7.093","7.093","7.093","7.093","7.093","7.093","7.093","7.093","7.093","7.093","7.093","7.093","7.093","7.093","7.093","7.093","7.093","7.093","7.093","7.093","7.093","7.093","7.093","7.093","7.093","7.093","7.093","7.093","7.093","7.093","7.093","7.093","7.093","7.093","7.093","7.093","7.093","7.093","7.093","7.093","7.093","7.093","7.614","9.957","9.957","9.957","9.957","9.957","11.583","14.121","14.121","14.219","14.219","15.65","17.082","17.082","17.082","17.082","17.082","17.082","17.082","17.082","17.082","17.082","17.082","17.082","17.57","19.165","19.587","19.62","19.815","19.229","19.327","19.359","19.359","19.359","19.359","19.359","19.359","19.457","19.359","18.383","18.383","18.383","18.383","18.741","18.969","18.969","19.034","19.262","19.262","19.262","19.262","19.262","19.489","19.489","19.489","19.489","19.489","19.489","19.489","19.489","19.489","19.489","19.489","19.489","19.489","19.685","20.206","20.206","20.206","20.206","20.206","20.206","20.206","20.206","20.206","20.206","20.206","20.206","20.206","20.206","20.27","20.4","20.4","20.4","20.4","22.353","23.719","23.719","24.89","26.355","26.355","26.355","26.355","26.355","26.355","26.289","26.289","26.289","26.289","26.289","26.289","26.289","26.289","26.289","26.289","26.289","26.289","26.289","26.289","26.289","26.289","26.289","26.289","26.289","26.289","26.289","26.289","26.289","26.16","26.094","26.094","26.094","26.094","26.094","26.094","26.094","26.094","26.094","26.094","26.062","26.062","26.062","25.9","25.9","25.9","25.9","25.9","25.866","25.834","25.9","25.9",
"T10","whole country","F01104","Stomach medicine","T[14101.ausgabe]","CPI[2020=100]","2020=100","","","","","","","","","","","","","","","","","","","","","","","","","","","","","","","","","","","","","","","","","","","","","","","","","","","","","","","","","","","","","","","","","","","","","","","","","","","","","","","","","","","","","","","","","","","","","","","","","","","","","","","","","","","","","","","","","","","","","","","","","","","","","","","","","","","","","","","","","","","","","","","","","","","","","","","","","","","","","","","","","","","","","","","","","","","","","","","","","","","","","","","","","","","","","","","","","","","","","","","","","","","","","","","","","","","","","","","","","","","","","","","","","","","","","","","","","","","","","","","","","45.765","45.765","45.765","45.765","45.765","45.765","45.765","45.765","45.765","45.765","45.765","45.765","45.765","45.765","45.765","45.765","45.765","45.765","45.765","45.902","45.902","45.902","45.902","45.902","45.994","46.086","46.04","46.04","46.04","46.04","46.04","46.04","46.04","46.04","46.04","46.04","46.04","46.04","46.04","48.466","49.382","49.793","50.205","50.525","50.479","50.342","50.297","50.251","50.205","50.205","50.297","50.342","50.342","50.342","49.885","50.068","50.205","50.205","50.205","50.205","50.062","50.062","49.961","49.761","49.811","49.811","49.912","49.912","49.862","49.862","49.961","49.961",
"T10","whole country","F01106","Anti-inflammatory medicine","T[14101.ausgabe]","CPI[2020=100]","2020=100","","","","","","","","","","","","","","","","","","","","","","","","","","","","","","","","","","","","","","","","","","","","","","","","","","","","","","","","","","","","","","","","","","","","","","","","","","","","","","","","","","","","","","","","","","","","","","","","","","","","","","","","","","","","","","","","","","","","","","","","","","","","","","","","","","","","","","","","","","","","","","","","","","","","","","","","","","","","","","","","","","","","","","","","","","","","","","","","","","","","","74.254","74.254","74.254","74.254","74.434","81.368","84.561","84.561","84.561","87.571","87.571","87.571","87.571","87.571","87.571","88.027","88.483","89.304","89.304","89.304","89.304","89.304","89.304","89.304","89.304","89.304","89.304","89.304","89.304","89.304","91.129","91.129","91.129","91.129","91.129","91.129","91.129","91.129","91.129","91.129","91.129","91.129","91.129","91.129","91.129","91.129","91.129","91.129","91.129","91.129","92.314","94.686","94.686","94.686","94.686","94.686","94.686","92.588","92.588","92.588","92.588","92.588","92.588","92.588","92.588","92.588","92.588","92.588","92.405","91.493","91.493","91.493","91.493","91.493","91.493","91.493","91.949","91.949","91.949","92.679","92.314","92.314","92.314","92.314","92.314","92.314","92.314","92.314","92.314","92.314","92.314","92.041","91.858","91.858","91.858","91.858","91.858","91.858","91.949","92.223","92.223","92.223","92.223","92.223","92.223","92.223","92.223","92.223","92.223","92.223","92.223","92.223","92.223","92.223","91.949","91.402","91.402","91.402","91.402","91.402","91.858","91.858","92.132","92.132","91.949","91.949","91.949","91.949","91.949","91.949","92.314","92.405",
"T10","whole country","F01107","Skin disease medication","T[14101.ausgabe]","CPI[2020=100]","2020=100","","","","","","","","","","","","","","","","","","","","","","","","","","","","","","","","","","","","","","","","","","","","","","","","","","","","","","","","","","","","","","","","","","","","","","","","","","","","","","","","","","","","","","","","","","","","","","","","","","","","","","","","","","","","","","","","","","","","","","","","","","","","","","","","","","","","","","","","","","","","","","","","","","","","","","","","","","","","","","","","","","","","","","","","","","","","","","","","","","","","","40.286","40.338","40.338","40.548","40.548","40.548","40.966","40.966","40.966","40.966","40.966","40.966","46.783","46.835","46.835","46.835","46.991","47.044","47.044","47.044","47.044","47.254","47.567","47.567","46.991","45.891","45.891","45.891","45.891","45.891","45.891","45.891","45.891","45.891","45.891","45.891","45.891","45.891","45.891","45.891","45.891","45.891","45.891","45.891","45.891","45.891","45.891","46.049","46.049","46.049","46.049","46.049","46.049","46.049","46.049","46.153","46.258","46.835","46.887","46.887","46.887","46.887","46.887","46.887","46.887","46.887","46.887","46.887","46.887","46.887","46.887","46.887","46.887","46.887","46.783","46.677","46.677","46.677","46.677","46.835","47.62","47.62","47.62","47.62","47.62","47.62","48.406","48.563","48.563","48.563","48.301","48.301","48.301","48.301","48.301","48.301","48.301","48.301","48.354","48.929","49.14","49.14","49.663","49.663","49.663","49.663","49.663","49.663","49.663","49.506","49.296","49.296","49.296","49.349","49.716","49.873","49.873","49.873","49.873","49.873","50.083","50.449","50.606","50.606","50.606","50.606","50.606","50.606","50.606","50.606","50.606","50.606",
"T10","whole country","F01111","Ginseng","T[14101.ausgabe]","CPI[2020=100]","2020=100","","","","","","","","","","","","","","","","","","","","","","","","","","","","","","","","","","","","","","","","","","","","","","","","","","","","","","","","","","","","","","","","","","","","","","","","","","","","","","","","","","","","","","","","","","","","","","","","","","","","","","","","","","","","","","","","","","","","","","","","","14.965","14.965","14.965","14.965","14.965","14.965","14.965","17.478","17.478","17.478","17.478","17.478","17.478","17.478","17.478","17.478","17.478","17.478","17.478","17.478","17.478","17.478","17.478","17.478","17.478","17.478","17.478","17.424","17.424","17.424","17.691","17.852","17.799","17.746","17.905","20.258","25.762","27.42","27.42","27.42","27.42","27.42","27.42","27.42","27.42","27.42","27.42","27.42","27.42","27.58","26.938","26.243","25.816","24.212","22.502","24.107","26.511","27.26","25.977","24.64","26.886","28.115","28.329","33.139","39.019","42.867","45.378","40.461","39.125","40.033","39.339","40.355","41.584","48.533","51.045","53.183","49.655","41.423","38.003","35.811","36.505","35.276","33.781","35.491","35.384","35.011","33.566","33.246","31.322","31.749","31.963","28.275","26.671","26.458","26.243","26.084","27.313","33.46","38.323","36.827","36.986","37.361","36.024","31.001","32.23","31.429","31.749","32.765","33.994","34.85","33.62","32.978","30.68","28.915","27.367","26.938","29.291","29.451","31.749","33.085","33.193","32.925","32.604","32.871","32.817","31.322","30.146","29.077","29.131","29.237","29.559","29.612","29.291","28.809","28.275","28.435","28.542","28.756","29.396","30.04","27.848","25.87","24.587","23.839","24.373","25.175","28.275","32.176","31.375","29.131","29.023","26.618","25.816","27.26","29.291","29.077","29.077","29.718","29.451","29.023","28.863","28.756","28.222","27.473","28.222","28.596","28.596","28.222","28.275","28.382","28.222","28.222","28.329","28.275","27.58","26.618","25.762","25.281","25.709","25.709","25.443","24.801","24.801","26.778","28.649","32.017","33.673","33.833","32.925","35.33","35.438","35.438",
"T10","whole country","F01113","Multivitamin","T[14101.ausgabe]","CPI[2020=100]","2020=100","","","","","","","","","","","","","","","","","","","","","","","","","","","","","","","","","","","","","","","","","","","","","","","","","","","","","","","","","","","","","","","","","","","","","","","","","","","","","","","","","","","","","","","","","","","","","","","","","","","","","","","","","","","","","","","","","","","","","","","","","14.862","15.983","18.17","18.17","18.226","18.45","18.45","18.45","18.45","18.45","18.45","18.507","18.563","18.619","18.619","18.619","18.619","18.675","18.675","18.675","18.675","18.675","18.675","18.675","18.675","18.675","18.731","19.18","19.516","19.628","18.899","18.843","18.899","18.956","18.956","18.956","18.956","19.909","19.684","19.405","19.405","19.405","19.516","19.516","19.572","19.628","19.628","19.909","22.712","24.507","26.022","26.75","27.143","27.256","27.367","27.424","27.424","27.424","28.769","31.741","32.639","33.256","37.575","40.49","40.602","41.051","42.004","42.004","40.267","42.566","42.846","42.846","42.846","42.677","42.846","44.361","45.034","45.034","49.408","51.706","49.688","49.688","49.688","49.688","49.688","50.025","50.025","50.025","50.025","50.025","50.025","50.025","49.856","49.8","49.856","50.025","50.472","50.305","50.08","50.08","50.08","50.08","50.08","50.08","50.08","50.08","50.025","50.025","50.025","50.025","50.025","50.025","50.025","50.025","50.025","50.025","50.136","50.809","50.809","50.809","50.809","50.809","50.809","50.809","50.809","50.809","50.809","50.809","50.585","50.472","50.472","50.417","50.417","50.417","50.136","50.361","52.941","54.286","54.51","55.295","55.688","55.688","55.688","55.688","55.745","55.856","55.856","55.912","55.969","55.969","55.969","55.969","55.969","55.969","55.969","55.969","56.025","56.137","56.137","56.137","56.137","56.137","56.137","56.137","56.137","56.137","56.137","56.305","56.641","56.641","56.641","56.641","56.641","56.641","56.361","55.912","55.912","55.912","55.912","55.912","55.856","55.801","55.745","55.24","55.183","54.904","54.735","54.735","54.623","54.343","54.454","54.51",
"T10","whole country","F012","Medical products and therapeutic appliances","T[14101.ausgabe]","CPI[2020=100]","2020=100","","","","","","","","","","","","","","","","","","","","","","","","","","","","","","","","","","","","","","","","","","","","","","","","","","","","","","","","","","","","","","","","","","","","","","","","","","","","","","","","","","","","","","","","","","","","","","","","","","","","","","","","","","","","","","","","","","","","","","","","","","","","","","","","","","","","","","","","","","","","","","","","","","","","","","","","","","","","","","","","","","","","","","","","","","","","","","","","","","","","","","","","","","","","","","","","","","","","","","","","","","","","","","","","","","","","","","","","","","","","","","","","","","","","","","","","","","","","","","","","","52.828","52.881","52.881","52.881","52.881","52.881","52.881","52.881","52.881","52.881","52.881","52.881","52.881","53.461","53.461","53.461","53.461","53.461","53.461","53.461","53.514","53.568","54.15","54.944","54.944","54.944","54.996","55.049","55.049","55.049","55.049","54.996","54.996","55.102","55.102","55.102","55.102","55.155","55.155","55.155","55.632","55.632","55.632","55.632","55.999","56.159","56.159","56.159","56.159","56.266","56.952","58.17","58.539","58.643","58.749","59.173","59.808","59.808","59.808","59.808","60.714","61.338","61.4","61.773","61.898","61.96","62.085","62.271","62.271","62.957","64.264","64.264",
"T10","whole country","F01202","Sanitary pad","T[14101.ausgabe]","CPI[2020=100]","2020=100","","","","","","","","","","","","","","","","","","","","","","","","","","","","","","","","","","","","","","","","","","","","","","","","","","","","","","","","","","","","","","","","","","","","","","","","","","","","","","","","","","","","","","","","","","","","","","","","","","","","","","","","","","","","","","","","","","","","","","","","","","","","","","","","","","","","","","","","","","","","","","","","","","","","","","","","","","","","","","","","","","","","","","","","","","","","","","","","","","","","","25.564","25.564","26.256","26.418","26.459","26.5","26.622","26.622","26.622","27.394","28.857","28.939","29.792","29.792","29.792","29.792","29.792","29.792","29.792","29.792","30.239","30.36","30.482","30.482","30.563","30.808","30.808","30.889","30.93","30.889","30.93","31.011","30.97","30.97","30.97","30.97","30.848","30.848","30.848","30.93","31.093","31.174","31.215","31.215","31.215","31.215","31.215","31.255","31.255","31.58","31.741","31.741","31.741","31.741","31.741","31.741","31.741","31.783","31.783","31.783","31.823","32.19","32.19","32.19","32.19","32.19","32.19","32.19","32.19","32.19","32.19","32.19","32.19","32.19","32.149","32.149","32.19","32.19","32.19","32.19","32.311","32.311","32.311","32.352","32.434","32.434","32.434","32.434","32.434","32.434","32.393","32.352","32.352","32.678","32.759","32.799","32.839","33.043","32.962","32.962","32.962","32.962","32.962","32.962","32.962","32.962","32.962","32.962","32.921","32.921","32.88","33.124","33.124","33.124","33.286","33.408","33.449","33.449","33.408","33.205","33.532","33.734","33.896","34.06","34.221","34.465","34.465","34.628","34.628","34.668","34.668","34.71",
"T10","whole country","F01205","Eyeglasses","T[14101.ausgabe]","CPI[2020=100]","2020=100","","","","","","","","","","","","","","","","","","","","","","","","","","","","","","","","","","","","","","","","","","","","","","","","","","","","","","","","","","","","","","","","","","","","","","","","","","","","","","","","","","","","","","","","","","","","","","","","","","","","","","","","","","","","","","","","","","","","","","","","","","","","","","","","","","","","","","","","","","","","","","","","","","","","","","","","","","","","","","","","","","","","","","","","","","","","","","","","","","","","","","","","","","","","","","","","","","","","","","","","","","","","","","","","","","","","","","","","","","","","","","","","","","","","","","","","","","","","","","","","","73.198","73.198","73.198","73.198","73.198","73.198","73.198","73.198","73.198","73.198","73.198","73.198","73.198","74.223","74.223","74.223","74.223","74.223","74.223","74.223","74.223","74.368","75.393","76.712","76.712","76.712","76.784","76.93","76.93","76.93","76.93","76.857","76.857","76.857","76.857","76.857","76.857","76.857","76.857","76.857","77.737","77.737","77.737","77.737","78.247","78.541","78.541","78.541","78.541","78.541","79.345","81.396","81.908","82.127","82.201","82.86","83.811","83.811","83.811","83.811","85.024","85.897","85.897","86.509","86.596","86.596","86.771","87.12","87.12","88.342","90.786","90.786",
"T10","whole country","F02","06.2 Outpatient services","T[14101.ausgabe]","CPI[2020=100]","2020=100","","","","","","","","","","","","","","","","","","","","","","","","","","","","","","","","","","","","","","","","","","","","","","","","","","","","","","","","","","","","","","","","","","","","","","","","","","","","","","","","","","","","","","","","","","","","","","","","","","","","","","","","","","","","","","","","","","","","","","","","","","","","","","","","","","","","","","","","","","","","","","","","","","","","","","","","","","","","","","","","","","","","","","","","","","","","","","","","","","","","","","","","","","","","","","","","","","","","","","","","","","","","","","","","","","","","","","","","","","","","","","","","","","","","","","","","","","","","","","","","","25.412","25.412","25.514","25.514","25.565","25.59","25.59","25.59","25.565","25.565","25.565","25.565","25.616","25.616","25.616","25.616","25.616","27.021","27.098","27.124","27.124","27.124","27.15","27.175","27.175","27.175","27.175","27.175","27.276","27.353","27.175","27.175","27.226","27.226","27.226","27.226","27.226","28.733","29.601","29.984","30.137","30.137","30.137","30.137","30.137","30.137","30.137","30.137","30.188","30.214","30.214","30.214","30.214","30.214","31.184","31.184","31.184","31.184","31.184","31.184","31.394","33.457","33.457","33.457","33.457","33.457","33.457","33.457","33.457","33.457","33.457","33.457",
"T10","whole country","F021","Medical services","T[14101.ausgabe]","CPI[2020=100]","2020=100","","","","","","","","","","","","","","","","","","","","","","","","","","","","","","","","","","","","","","","","","","","","","","","","","","","","","","","","","","","","","","","","","","","","","","","","","","","","","","","","","","","","","","","","","","","","","","","","","","","","","","","","","","","","","","","","","","","","","","","","","","","","","","","","","","","","","","","","","","","","","","","","","","","","","","","","","","","","","","","","","","","","","","","","","","","","","","","","","","","","","","","","","","","","","","","","","","","","","","","","","","","","","","","","","","","","","","","","","","","","","","","","","","","","","","","","","","","","","","","","","23.774","23.774","23.869","23.869","23.918","23.942","23.942","23.942","23.918","23.918","23.918","23.918","23.966","23.966","23.966","23.966","23.966","25.279","25.351","25.375","25.375","25.375","25.399","25.423","25.423","25.423","25.423","25.423","25.519","25.59","25.423","25.423","25.471","25.471","25.471","25.471","25.471","26.88","27.692","28.05","28.194","28.194","28.194","28.194","28.194","28.194","28.194","28.194","28.243","28.266","28.266","28.266","28.266","28.266","29.174","29.174","29.174","29.174","29.174","29.174","29.37","31.3","31.3","31.3","31.3","31.3","31.3","31.3","31.3","31.3","31.3","31.3",
"T10","whole country","F02103","Oriental medicine treatment","T[14101.ausgabe]","CPI[2020=100]","2020=100","","","","","","","","","","","","","","","","","","","","","","","","","","","","","","","","","","","","","","","","","","","","","","","","","","","","","","","","","","","","","","","","","","","","","","","","","","","","","","","","","","","","","","","","","","","","","","","","","","","","","","","","","","","","","","","","","","","","","","","","","","","","","","","","","","","","","","","","","","","","","","","","","","","","","","","","","","","","","","","","","","","","","","","","","","","","","","","","","","","","","6.157","6.157","6.157","6.157","6.157","6.157","6.157","6.157","6.157","6.157","6.157","6.157","6.157","6.157","6.178","6.262","8.909","8.915","8.838","8.838","8.903","8.903","8.903","8.903","8.903","8.903","8.903","8.903","8.903","8.903","8.903","8.903","8.903","8.903","8.903","8.903","8.975","9.112","9.112","9.112","9.112","9.112","9.112","9.112","9.112","9.112","9.112","9.112","9.112","9.112","9.112","9.112","9.112","9.112","9.112","9.112","9.112","9.112","9.112","9.112","9.124","9.124","9.124","9.124","9.142","9.185","9.185","9.185","9.185","9.185","9.185","9.185","9.185","9.185","9.185","9.185","9.223","9.847","10.099","10.099","10.099","10.099","10.297","10.401","10.401","10.401","10.401","10.401","10.786","10.9","10.401","10.432","10.48","10.48","10.48","10.48","10.48","10.48","10.48","10.48","10.48","10.48","10.48","10.48","10.48","10.48","10.48","10.48","10.48","10.48","10.48","10.48","10.48","10.48","11.98","11.98","11.98","11.98","11.98","11.98","11.992","12.895","12.895","12.895","12.895","12.895","12.895","12.895","12.895","12.895","12.895","12.895",
"T10","whole country","F03","06.3 Hospital services","T[14101.ausgabe]","CPI[2020=100]","2020=100","","","","","","","","","","","","","","","","","","","","","","","","","","","","","","","","","","","","","","","","","","","","","","","","","","","","","","","","","","","","","","","","","","","","","","","","","","","","","","","","","","","","","","","","","","","","","","","","","","","","","","","","","","","","","","","","","","","","","","","","","","","","","","","","","","","","","","","","","","","","","","","","","","","","","","","","","","","","","","","","","","","","","","","","","","","","","","","","","","","","","","","","","","","","","","","","","","","","","","","","","","","","","","","","","","","","","","","","","","","","","","","","","","","","","","","","","","","","","","","","","16.858","16.858","17.817","17.817","17.799","17.782","18.065","18.065","18.084","18.084","18.084","18.084","18.102","18.102","18.102","18.102","18.102","19.897","19.88","19.88","19.88","19.88","19.88","19.88","19.88","19.88","19.88","19.88","19.88","19.88","19.88","19.88","19.88","19.88","19.88","19.88","19.88","21.267","22.067","22.227","22.262","22.262","22.262","22.262","22.262","22.262","22.262","22.262","22.262","22.262","22.262","22.262","22.262","22.262","24.076","24.076","24.076","24.076","24.076","24.076","24.065","25.975","25.975","25.975","25.975","25.975","25.975","25.975","25.975","25.975","25.975","25.975",
"T10","whole country","F031","Hospital services","T[14101.ausgabe]","CPI[2020=100]","2020=100","","","","","","","","","","","","","","","","","","","","","","","","","","","","","","","","","","","","","","","","","","","","","","","","","","","","","","","","","","","","","","","","","","","","","","","","","","","","","","","","","","","","","","","","","","","","","","","","","","","","","","","","","","","","","","","","","","","","","","","","","","","","","","","","","","","","","","","","","","","","","","","","","","","","","","","","","","","","","","","","","","","","","","","","","","","","","","","","","","","","","","","","","","","","","","","","","","","","","","","","","","","","","","","","","","","","","","","","","","","","","","","","","","","","","","","","","","","","","","","","","16.858","16.858","17.817","17.817","17.799","17.782","18.065","18.065","18.084","18.084","18.084","18.084","18.102","18.102","18.102","18.102","18.102","19.897","19.88","19.88","19.88","19.88","19.88","19.88","19.88","19.88","19.88","19.88","19.88","19.88","19.88","19.88","19.88","19.88","19.88","19.88","19.88","21.267","22.067","22.227","22.262","22.262","22.262","22.262","22.262","22.262","22.262","22.262","22.262","22.262","22.262","22.262","22.262","22.262","24.076","24.076","24.076","24.076","24.076","24.076","24.065","25.975","25.975","25.975","25.975","25.975","25.975","25.975","25.975","25.975","25.975","25.975",
"T10","whole country","G","07 Transport","T[14101.ausgabe]","CPI[2020=100]","2020=100","","","","","","","","","","","","","","","","","","","","","","","","","","","","","","","","","","","","","","","","","","","","","","","","","","","","","","","","","","","","","","","","","","","","","","","","","","","","","","","","","","","","","","","","","","","","","","","","","","","","","","","","","","","","","","","","","","","","","","","","","","","","","","","","","","","","","","","","","","","","","","","","","","","","","","","","","","","","","","","","","","","","","","","","","","","","","","","","","","","","","","","","","","","","","","","","","","","","","","","","","","","","","","","","","","","","","","","","","","","","","","","","","","","","","","","","","","","","","","","","","27.63","27.63","27.63","27.657","27.657","27.657","27.657","27.657","27.657","27.713","27.991","28.378","28.378","28.351","28.269","28.129","28.129","28.129","28.129","28.129","28.156","28.156","28.156","28.241","28.684","28.684","28.684","28.684","28.74","28.74","28.74","28.768","28.768","28.74","28.684","28.684","28.684","29.877","30.432","30.404","30.404","30.404","30.404","30.404","30.404","30.404","30.404","30.404","30.432","30.709","30.876","30.876","30.876","30.876","31.597","31.597","31.597","31.597","31.597","31.597","31.824","31.824","31.824","31.855","31.887","31.887","31.887","31.887","31.887","31.887","32.24","32.91",
"T10","whole country","G01","07.1 Purchase of vehicles","T[14101.ausgabe]","CPI[2020=100]","2020=100","","","","","","","","","","","","","","","","","","","","","","","","","","","","","","","","","","","","","","","","","","","","","","","","","","","","","","","","","","","","","","","","","","","","","","","","","","","","","","","","","","","","","","","","","","","","","","","","","","","","","","","","","","","","","","","","","","","","","","","","","","","","","","","","","","","","","","","","","","","","","","","","","","","","","","","","","","","","","","","","","","","","","","","","","","","","","","","","","","","","","","","","","","","","","","","","","","","","","","","","","","","","","","","","","","","","","","","","","","","","","","","","","","","","","","","","","","","","","","","","","73.959","73.959","74.031","74.031","74.031","74.031","74.031","74.031","73.736","73.589","73.589","73.589","73.589","73.589","73.589","73.589","73.589","73.589","73.589","73.589","73.589","73.589","73.589","73.886","75.287","76.617","76.766","76.766","76.914","77.135","77.8","78.316","78.539","78.539","78.539","78.539","78.686","81.051","81.494","81.494","81.494","81.568","81.789","81.864","82.232","84.451","86.814","86.814","88.366","88.366","88.44","88.218","88.587","89.179","90.435","90.139","89.03","89.03","89.03","89.03","92.522","92.522","92.522","92.522","92.614","92.614","92.614","92.614","92.614","92.614","92.614","92.614",
"T10","whole country","G011","Purchase of vehicles","T[14101.ausgabe]","CPI[2020=100]","2020=100","","","","","","","","","","","","","","","","","","","","","","","","","","","","","","","","","","","","","","","","","","","","","","","","","","","","","","","","","","","","","","","","","","","","","","","","","","","","","","","","","","","","","","","","","","","","","","","","","","","","","","","","","","","","","","","","","","","","","","","","","","","","","","","","","","","","","","","","","","","","","","","","","","","","","","","","","","","","","","","","","","","","","","","","","","","","","","","","","","","","","","","","","","","","","","","","","","","","","","","","","","","","","","","","","","","","","","","","","","","","","","","","","","","","","","","","","","","","","","","","","73.959","73.959","74.031","74.031","74.031","74.031","74.031","74.031","73.736","73.589","73.589","73.589","73.589","73.589","73.589","73.589","73.589","73.589","73.589","73.589","73.589","73.589","73.589","73.886","75.287","76.617","76.766","76.766","76.914","77.135","77.8","78.316","78.539","78.539","78.539","78.539","78.686","81.051","81.494","81.494","81.494","81.568","81.789","81.864","82.232","84.451","86.814","86.814","88.366","88.366","88.44","88.218","88.587","89.179","90.435","90.139","89.03","89.03","89.03","89.03","92.522","92.522","92.522","92.522","92.614","92.614","92.614","92.614","92.614","92.614","92.614","92.614",
"T10","whole country","G01101","Passenger car (small size)","T[14101.ausgabe]","CPI[2020=100]","2020=100","","","","","","","","","","","","","","","","","","","","","","","","","","","","","","","","","","","","","","","","","","","","","","","","","","","","","","","","","","","","","","","","","","","","","","","","","","","","","","","","","","","","","","","","","","","","","","","","","","","","","","","","","","","","","","","","","","","","","","","","","","","","","","","","","","","","","","","","","","","","","","","","","","","","","","","","","","","","","","","","","","","","","","","","","","","","","","","","","","","","","","","","","","","","","","","","","","","","","","","","","","","","","","","","","","","","","","","","","","","","","","","","","","","","","","","","","","","","","","","","","","","","","","","","","","","","","","","","","","","","","","","","","","","","","","","","","","","","","","","","","","","","","","","","","","","","","","","","","","","","","81.357","81.357","81.357","81.357","81.357","81.357","81.357","81.357","81.357","81.357","81.357","81.357",
"T10","whole country","G01102","Passenger car (medium size)","T[14101.ausgabe]","CPI[2020=100]","2020=100","","","","","","","","","","","","","","","","","","","","","","","","","","","","","","","","","","","","","","","","","","","","","","","","","","","","","","","","","","","","","","","","","","","","","","","","","","","","","","","","","","","","","","","","","","","","","","","","","","","","","","","","","","","","","","","","","","","","","","","","","","","","","","","","","","","","","","","","","","","","","","","","","","","","","","","","","","","","","","","","","","","","","","","","","","","","","","","","","","","","","","","","","","","","","","","","","","","","","","","","","","","","","","","","","","","","","","","","","","","","","","","","","","","","","","","","","","","","","","","","","","","","","","","","","","","","","","","","","","","","","","","","","","","","","","","","","","","","","","","","","","","","","","","","","","","","","","","","","","","","","108.069","108.069","108.069","108.069","108.069","108.069","108.069","108.069","108.069","108.069","108.069","108.069",
"T10","whole country","G01108","Bicycle","T[14101.ausgabe]","CPI[2020=100]","2020=100","","","","","","","","","","","","","","","","","","","","","","","","","","","","","","","","","","","","","","","","","","","","","","","","","","","","","","","","","","","","","","","","","","","","","","","","","","","","","","","","","","","","","","","","","","","","","","","","","","","","","","","","","","","","","","","","","","","","","","","","","9.631","9.631","9.631","9.631","9.631","9.631","9.631","9.631","10.391","10.475","10.138","10.771","11.109","11.109","11.109","11.109","11.109","11.109","11.152","11.152","11.152","11.152","11.152","11.152","11.152","11.152","11.152","11.152","11.152","11.152","11.152","11.152","11.152","11.152","11.152","11.152","11.152","11.152","11.194","11.194","11.236","11.236","11.236","11.828","12.503","12.841","13.475","14.531","14.531","14.7","14.996","15.122","16.009","16.685","16.685","16.811","17.023","17.403","17.403","17.403","17.868","17.868","18.839","20.444","20.74","20.824","20.824","19.938","19.262","19.262","18.205","18.205","18.205","18.205","18.205","18.459","18.586","18.797","18.924","19.093","19.135","19.81","20.698","20.698","20.824","20.824","20.824","20.824","20.824","20.824","20.824","20.824","20.824","20.824","20.824","20.824","20.824","20.824","20.824","20.824","20.909","20.909","20.909","20.994","20.994","20.994","20.994","20.994","20.994","21.078","22.344","22.43","22.473","22.473","22.473","22.473","22.514","22.514","22.514","22.514","22.473","22.473","22.473","22.473","22.473","22.473","22.473","22.473","22.387","22.344","22.344","22.344","22.344","22.344","22.344","22.344","22.344","22.344","22.344","22.344","22.344","22.344","22.344","22.43","22.851","23.275","23.316","23.316","23.358","23.443","23.612","23.782","23.866","23.866","23.866","23.866","23.908","24.584","24.752","24.752","24.752","24.752","24.837","24.837","24.964","25.64","26.357","26.357","26.822","26.822","26.865","26.78","26.908","27.076","27.456","27.372","27.034","27.034","27.034","27.034","27.161","27.161","27.161","27.161","27.372","28.596","28.639","28.639","28.893","28.893","28.893","28.893",
"T10","whole country","G02","07.2 Operation of personal transport equipment","T[14101.ausgabe]","CPI[2020=100]","2020=100","","","","","","","","","","","","","","","","","","","","","","","","","","","","","","","","","","","","","","","","","","","","","","","","","","","","","","","","","","","","","","","","","","","","","","","","","","","","","","","","","","","","","","","","","","","","","","","","","","","","","","","","","","","","","","","","","","","","","","","","","","","","","","","","","","","","","","","","","","","","","","","","","","","","","","","","","","","","","","","","","","","","","","","","","","","","","","","","","","","","","","","","","","","","","","","","","","","","","","","","","","","","","","","","","","","","","","","","","","","","","","","","","","","","","","","","","","","","","","","","","30.732","30.793","30.822","30.822","30.822","30.793","30.762","30.638","30.638","30.638","30.638","30.638","30.638","30.239","29.287","28.488","28.488","28.488","28.488","28.672","29.041","29.041","29.102","29.655","29.901","30.024","30.024","30.024","30.117","30.147","30.209","30.209","30.209","29.871","29.164","29.196","29.196","29.196","28.549","28.241","28.241","28.118","28.057","28.057","28.057","28.057","27.935","27.935","27.935","27.935","27.935","27.935","27.935","27.935","27.935","27.935","27.935","27.935","27.935","27.935","28.508","28.508","28.566","28.712","28.741","28.741","28.741","28.741","28.741","28.741","30.23","33.206",
"T10","whole country","G021","Fuels and lubricants for personal transport equipment","T[14101.ausgabe]","CPI[2020=100]","2020=100","","","","","","","","","","","","","","","","","","","","","","","","","","","","","","","","","","","","","","","","","","","","","","","","","","","","","","","","","","","","","","","","","","","","","","","","","","","","","","","","","","","","","","","","","","","","","","","","","","","","","","","","","","","","","","","","","","","","","","","","","","","","","","","","","","","","","","","","","","","","","","","","","","","","","","","","","","","","","","","","","","","","","","","","","","","","","","","","","","","","","","","","","","","","","","","","","","","","","","","","","","","","","","","","","","","","","","","","","","","","","","","","","","","","","","","","","","","","","","","","","38.96","38.96","38.96","38.96","38.96","38.96","38.96","38.96","38.96","38.96","38.96","38.96","38.96","37.556","34.791","32.296","32.296","32.296","32.296","32.296","32.296","32.296","32.296","32.296","32.296","32.296","32.296","32.296","32.296","32.296","32.296","32.296","32.296","31.244","29.102","29.102","29.102","29.102","27.155","26.181","26.181","25.83","25.634","25.634","25.634","25.634","25.205","25.205","25.205","25.205","25.205","25.205","25.205","25.205","25.205","25.205","25.205","25.205","25.205","25.205","24.576","24.576","24.576","24.576","24.576","24.576","24.576","24.576","24.576","24.576","26.442","30.197",
"T10","whole country","G02101","Gasoline","T[14101.ausgabe]","CPI[2020=100]","2020=100","","","","","","","","","","","","","","","","","","","","","","","","","","","","","","","","","","","","","","","","","","","","","","","","","","","","","","","","","","","","","","","","","","","","","","","","","","","","","","","","","","","","","","","","","","","","","","","","","","","","","","","","","","","","","","","","","","","","","","","","","","","","","","","","","","","","","","","","","","","","","","","","","","","","","","","","","","","","","","","","","","","","","","","","","","","","","","","","","","","","","","","","","","","","","","","","","","","","","","","","","","","","","","","","","","","","","","","","","","","","","","","","","","","","","","","","","","","","","","","","","","","","","","","","","","","","","","","","","","","","","","","","","","","","","","","","","","","","","","","","","","","","","","","","","","","","","","","","","","","","","26.084","26.084","26.084","26.084","26.084","26.084","26.084","26.084","26.084","26.084","28.509","33.357",
"T10","whole country","G02102","Diesel","T[14101.ausgabe]","CPI[2020=100]","2020=100","","","","","","","","","","","","","","","","","","","","","","","","","","","","","","","","","","","","","","","","","","","","","","","","","","","","","","","","","","","","","","","","","","","","","","","","","","","","","","","","","","","","","","","","","","","","","","","","","","","","","","","","","","","","","","","","","","","","","","","","","","","","","","","","","","","","","","","","","","","","","","","","","","","","","","","","","","","","","","","","","","","","","","","","","","","","","","","","","","","","","9.31","14.29","14.29","14.29","14.29","14.29","14.29","14.733","15.656","15.656","16.291","17.522","17.522","17.522","17.522","18.619","20.811","20.811","20.811","20.811","20.811","20.811","20.811","22.696","22.696","22.696","22.696","22.696","22.696","22.696","22.696","22.696","22.696","22.696","22.696","22.696","22.696","22.946","23.1","22.907","22.599","22.599","22.599","22.599","22.599","22.599","22.599","22.599","22.599","22.599","22.599","22.599","22.599","22.599","22.599","22.599","22.599","22.599","22.599","22.599","22.599","22.599","22.599","22.599","22.599","22.599","22.599","22.599","22.599","22.599","22.599","22.599","22.599","21.791","20.176","18.734","18.734","18.734","18.734","18.734","18.734","18.734","18.734","18.734","18.734","18.734","18.734","18.734","18.734","18.734","18.734","18.734","18.734","18.137","16.888","16.888","16.888","16.888","15.754","15.195","15.195","14.983","14.868","14.868","14.868","14.868","14.619","14.619","14.619","14.619","14.619","14.619","14.619","14.619","14.619","14.619","14.619","14.619","14.619","14.619","14.619","14.619","14.619","14.619","14.619","14.619","14.619","14.619","14.619","14.619","14.619","14.619",
"T10","whole country","G022","Spare parts and accessories and maintenance and repair  for personal transport equipment","T[14101.ausgabe]","CPI[2020=100]","2020=100","","","","","","","","","","","","","","","","","","","","","","","","","","","","","","","","","","","","","","","","","","","","","","","","","","","","","","","","","","","","","","","","","","","","","","","","","","","","","","","","","","","","","","","","","","","","","","","","","","","","","","","","","","","","","","","","","","","","","","","","","","","","","","","","","","","","","","","","","","","","","","","","","","","","","","","","","","","","","","","","","","","","","","","","","","","","","","","","","","","","","","","","","","","","","","","","","","","","","","","","","","","","","","","","","","","","","","","","","","","","","","","","","","","","","","","","","","","","","","","","","","","","","","","","","","","","","","","","","","","","","","","","","","","","","","","","","","","","","","","","","","","","","","","","","","","","","","","","","","","","","65.517","65.517","65.517","65.517","65.517","65.517","65.517","65.517","65.517","65.517","65.517","65.517",
"T10","whole country","G02205","Engine oil changes","T[14101.ausgabe]","CPI[2020=100]","2020=100","","","","","","","","","","","","","","","","","","","","","","","","","","","","","","","","","","","","","","","","","","","","","","","","","","","","","","","","","","","","","","","","","","","","","","","","","","","","","","","","","","","","","","","","","","","","","","","","","","","","","","","","","","","","","","","","","","","","","","","","","","","","","","","","","","","","","","","","","","","","","","","","","","","","","","","","","","","","","","","","","","","","","","","","","","","","","","","","","","","","","","","","","","","","","","","","","","","","","","","","","","","","","","","","","","","","","","","","","","","","","","","","","","","","","","","","","","","","","","","","","","","","","","","","","","","","","","","","","","","","","","","","","","","","","","","","","","","","","","","","","","","","","","","","","","","","","","","","","","","","","50.819","50.819","50.819","50.819","50.819","50.819","50.819","50.819","50.819","50.819","50.819","50.819",
"T10","whole country","G023","Other services in respect of personal transport equipment","T[14101.ausgabe]","CPI[2020=100]","2020=100","","","","","","","","","","","","","","","","","","","","","","","","","","","","","","","","","","","","","","","","","","","","","","","","","","","","","","","","","","","","","","","","","","","","","","","","","","","","","","","","","","","","","","","","","","","","","","","","","","","","","","","","","","","","","","","","","","","","","","","","","","","","","","","","","","","","","","","","","","","","","","","","","","","","","","","","","","","","","","","","","","","","","","","","","","","","","","","","","","","","","","","","","","","","","","","","","","","","","","","","","","","","","","","","","","","","","","","","","","","","","","","","","","","","","","","","","","","","","","","","","33.245","33.345","33.411","33.411","33.411","33.379","33.278","33.08","33.08","33.08","33.08","33.08","33.08","33.179","33.08","33.08","33.08","33.08","33.08","33.411","34.143","34.143","34.21","35.273","35.672","35.905","35.905","35.905","36.103","36.17","36.27","36.27","36.27","36.27","36.27","36.304","36.304","36.304","36.304","36.304","36.304","36.304","36.304","36.304","36.304","36.304","36.304","36.304","36.304","36.304","36.304","36.304","36.304","36.304","36.304","36.304","36.304","36.304","36.304","36.304","36.841","36.841","37.42","38.771","39.117","39.196","39.196","39.196","39.233","39.233","39.233","39.273",
"T10","whole country","G02301","Driving lessons","T[14101.ausgabe]","CPI[2020=100]","2020=100","","","","","","","","","","","","","","","","","","","","","","","","","","","","","","","","","","","","","","","","","","","","","","","","","","","","","","","","","","","","","","","","","","","","","","","","","","","","","","","","","","","","","","","","","","","","","","","","","","","","","","","","","","","","","","","","","","","","","","","","","5.373","5.978","5.978","6.013","6.013","6.156","6.156","6.156","6.156","6.156","6.191","6.191","6.191","6.334","6.369","6.369","6.369","6.369","6.369","6.725","6.725","6.725","6.725","6.725","6.725","6.725","7.473","7.828","7.828","7.828","7.828","7.828","7.828","7.828","8.647","8.647","8.647","9.679","9.963","10.64","10.64","10.64","10.64","10.64","10.675","10.675","10.675","10.675","10.675","10.675","10.675","10.675","10.675","10.675","10.675","12.49","12.917","13.024","13.024","13.024","13.024","13.024","13.024","13.024","13.024","15.016","15.337","15.372","15.372","15.55","15.55","15.55","15.55","15.728","15.906","15.906","18.539","19.18","19.18","19.18","19.18","19.394","20.283","20.318","20.318","20.318","21.599","23.236","23.485","23.485","23.485","23.485","23.485","23.485","23.485","23.485","23.485","23.485","23.485","23.593","23.593","23.593","23.593","23.593","23.593","23.593","23.593","23.593","23.593","23.593","23.627","24.624","23.379","23.379","23.379","23.379","23.379","23.379","23.449","23.449","23.379","23.449","23.485","23.485","23.485","23.485","23.414","23.272","23.272","23.272","23.272","23.272","23.272","23.343","23.272","23.272","23.272","23.272","23.272","23.485","24.019","24.019","24.054","24.801","25.087","25.264","25.264","25.264","25.407","25.443","25.513","25.513","25.513","25.513","25.513","25.55","25.55","25.55","25.55","25.55","25.55","25.55","25.55","25.55","25.55","25.55","25.55","25.55","25.55","25.55","25.55","25.55","25.55","25.55","25.55","25.55","25.55","25.55","25.55","25.55","25.692","25.692","26.154","27.329","27.613","27.649","27.649","27.649","27.649","27.649","27.649","27.684",
"T10","whole country","G02302","Parking fee","T[14101.ausgabe]","CPI[2020=100]","2020=100","","","","","","","","","","","","","","","","","","","","","","","","","","","","","","","","","","","","","","","","","","","","","","","","","","","","","","","","","","","","","","","","","","","","","","","","","","","","","","","","","","","","","","","","","","","","","","","","","","","","","","","","","","","","","","","","","","","","","","","","","","","","","","","","","","","","","","","","","","","","","","","","","","","","","","","","","","","","","","","","","","","","","","","","","","","","","","","","","","","","","","","","","","","","","","","","","","","","","","","","","","","","","","","","","","","","","","","","","","","","","","","","","","","","","","","","","","","","","","","","","","","","","","","","","","","","","","","","","","","","","","","","","","","","","","","","","","","","","","","","","","","","","","","","","","","","","","","","","","","","","19.523","19.523","19.523","19.523","19.642","19.642","19.642","19.7","19.759","19.817","19.817","19.817",
"T10","whole country","G03","07.3 Transport services","T[14101.ausgabe]","CPI[2020=100]","2020=100","","","","","","","","","","","","","","","","","","","","","","","","","","","","","","","","","","","","","","","","","","","","","","","","","","","","","","","","","","","","","","","","","","","","","","","","","","","","","","","","","","","","","","","","","","","","","","","","","","","","","","","","","","","","","","","","","","","","","","","","","","","","","","","","","","","","","","","","","","","","","","","","","","","","","","","","","","","","","","","","","","","","","","","","","","","","","","","","","","","","","","","","","","","","","","","","","","","","","","","","","","","","","","","","","","","","","","","","","","","","","","","","","","","","","","","","","","","","","","","","","14.205","14.205","14.205","14.205","14.219","14.219","14.219","14.219","14.219","14.247","14.404","14.618","14.618","14.618","14.603","14.547","14.547","14.547","14.547","14.547","14.547","14.547","14.547","14.575","14.804","14.804","14.804","14.817","14.832","14.832","14.832","14.832","14.832","14.832","14.832","14.832","14.832","15.488","15.816","15.816","15.816","15.816","15.816","15.816","15.816","15.816","15.816","15.816","15.83","15.987","16.073","16.073","16.073","16.073","16.487","16.487","16.487","16.487","16.487","16.487","16.627","16.627","16.627","16.627","16.645","16.645","16.645","16.645","16.645","16.645","16.661","16.694",
"T10","whole country","G031","Passenger transport by railway","T[14101.ausgabe]","CPI[2020=100]","2020=100","","","","","","","","","","","","","","","","","","","","","","","","","","","","","","","","","","","","","","","","","","","","","","","","","","","","","","","","","","","","","","","","","","","","","","","","","","","","","","","","","","","","","","","","","","","","","","","","","","","","","","","","","","","","","","","","","","","","","","","","","","","","","","","","","","","","","","","","","","","","","","","","","","","","","","","","","","","","","","","","","","","","","","","","","","","","","","","","","","","","","","","","","","","","","","","","","","","","","","","","","","","","","","","","","","","","","","","","","","","","","","","","","","","","","","","","","","","","","","","","","17.479","17.479","17.479","17.479","17.514","17.514","17.514","17.514","17.514","17.778","18.29","18.29","18.29","18.29","18.29","18.29","18.29","18.29","18.29","18.29","18.29","18.29","18.29","18.29","19.969","19.969","19.969","19.969","19.969","19.969","19.969","19.969","19.969","19.969","19.969","19.969","19.969","19.969","19.969","19.969","19.969","19.969","19.969","19.969","19.969","19.969","19.969","19.969","19.969","19.969","19.969","19.969","19.969","19.969","19.969","19.969","19.969","19.969","19.969","19.969","19.969","19.969","19.969","19.969","19.969","19.969","19.969","19.969","19.969","19.969","19.969","19.969",
"T10","whole country","G03101","Train fares","T[14101.ausgabe]","CPI[2020=100]","2020=100","","","","","","","","","","","","","","","","","","","","","","","","","","","","","","","","","","","","","","","","","","","","","","","","","","","","","","","","","","","","","","","","","","","","","","","","","","","","","","","","","","","","","","","","","","","","","","","","","","","","","","","","","","","","","","","","","","","","","","","","","12.39","12.39","12.39","12.39","12.39","12.39","15.29","15.29","15.29","15.29","15.29","15.29","15.29","15.29","15.29","15.29","15.29","15.29","15.29","15.29","15.29","15.29","15.29","15.29","12.47","12.47","12.47","12.47","12.47","12.47","12.47","12.47","12.47","12.47","12.47","12.47","12.47","12.47","12.47","12.47","12.47","13.204","14.638","14.638","14.638","14.638","14.638","14.638","14.638","14.638","14.638","14.638","16.149","16.149","16.149","16.149","16.149","16.149","16.149","16.149","18.414","19.549","19.549","19.549","19.549","19.549","19.549","20.805","23.355","23.355","23.355","23.355","23.355","23.355","23.355","23.355","23.355","26.232","26.232","26.232","26.232","26.232","26.232","27.463","28.079","28.079","28.079","28.079","28.079","28.079","30.166","30.166","30.166","30.166","30.166","30.838","31.191","31.191","31.191","31.191","31.191","31.191","31.191","31.191","31.191","31.191","31.191","31.691","32.711","32.711","32.711","32.711","32.711","32.711","32.711","32.711","32.711","32.711","32.711","32.711","32.711","32.711","32.711","32.711","32.957","32.957","32.957","32.957","32.957","32.957","32.957","32.957","32.957","32.957","32.957","32.957","32.957","32.957","32.957","32.957","32.957","32.957","32.957","32.957","32.957","32.957","32.957","32.957","32.957","32.957","32.957","32.957","32.957","32.957","32.957","32.957","32.957","32.957","32.957","32.957","32.957","32.957","32.957","32.957","32.957","32.957","32.957","32.957","32.957","32.957","32.957","32.957","32.957","32.957","32.957","32.957","32.957","32.957","32.957","32.957","32.957","32.957","32.957","32.957","32.957","32.957","32.957","32.957","32.957","32.957","32.957","32.957",
"T10","whole country","G03102","Subway fares","T[14101.ausgabe]","CPI[2020=100]","2020=100","","","","","","","","","","","","","","","","","","","","","","","","","","","","","","","","","","","","","","","","","","","","","","","","","","","","","","","","","","","","","","","","","","","","","","","","","","","","","","","","","","","","","","","","","","","","","","","","","","","","","","","","","","","","","","","","","","","","","","","","","","","","","","","","","","","","","","","","","","","","","","","","","","","","","","","","","","","","","","","","","","","","","","","","","","","","","","","","","","","","","6.454","7.014","7.014","7.014","7.014","7.014","7.014","7.685","8.019","8.019","8.019","8.019","8.019","8.019","8.019","8.019","8.019","8.913","8.913","8.913","8.913","8.913","8.913","9.501","9.779","9.779","9.779","9.779","9.779","9.779","9.863","9.863","9.863","9.863","9.863","9.891","9.918","9.918","9.918","9.918","9.918","9.918","9.918","9.918","9.918","9.918","9.918","9.918","9.918","9.918","9.918","9.918","9.918","9.918","9.918","10.757","12.434","12.434","12.434","12.434","12.462","12.462","12.462","12.462","12.462","12.462","12.462","12.462","12.462","12.769","13.44","13.44","13.44","13.44","13.44","13.44","13.44","13.44","13.44","13.44","13.44","13.44","13.44","13.44","15.564","15.564","15.564","15.564","15.564","15.564","15.564","15.564","15.564","15.564","15.564","15.564","15.564","15.564","15.564","15.564","15.564","15.564","15.564","15.564","15.564","15.564","15.564","15.564","15.564","15.564","15.564","15.564","15.564","15.564","15.564","15.564","15.564","15.564","15.564","15.564","15.564","15.564","15.564","15.564","15.564","15.564","15.564","15.564","15.564","15.564","15.564","15.564",
"T10","whole country","G032","Passenger transport by road","T[14101.ausgabe]","CPI[2020=100]","2020=100","","","","","","","","","","","","","","","","","","","","","","","","","","","","","","","","","","","","","","","","","","","","","","","","","","","","","","","","","","","","","","","","","","","","","","","","","","","","","","","","","","","","","","","","","","","","","","","","","","","","","","","","","","","","","","","","","","","","","","","","","","","","","","","","","","","","","","","","","","","","","","","","","","","","","","","","","","","","","","","","","","","","","","","","","","","","","","","","","","","","","","","","","","","","","","","","","","","","","","","","","","","","","","","","","","","","","","","","","","","","","","","","","","","","","","","","","","","","","","","","","12.387","12.387","12.387","12.387","12.387","12.387","12.387","12.387","12.387","12.387","12.487","12.71","12.71","12.71","12.685","12.636","12.636","12.636","12.636","12.636","12.636","12.636","12.636","12.661","12.672","12.672","12.672","12.685","12.71","12.71","12.71","12.71","12.71","12.71","12.71","12.71","12.71","13.393","13.741","13.741","13.741","13.741","13.741","13.741","13.741","13.741","13.741","13.741","13.753","13.928","14.015","14.015","14.015","14.015","14.436","14.436","14.436","14.436","14.436","14.436","14.61","14.61","14.61","14.61","14.61","14.61","14.61","14.61","14.61","14.61","14.61","14.61",
"T10","whole country","G03201","Local bus fares","T[14101.ausgabe]","CPI[2020=100]","2020=100","","","","","","","","","","","","","","","","","","","","","","","","","","","","","","","","","","","","","","","","","","","","","","","","","","","","","","","","","","","","","","","","","","","","","","","","","","","","","","","","","","","","","","","","","","","","","","","","","","","","","","","","","","","","","","","","","","","","","","","","","2.791","2.791","2.791","2.791","2.791","2.791","3.119","3.119","3.119","3.119","3.119","3.119","3.119","3.119","3.119","3.119","3.119","3.119","3.119","3.119","3.119","3.119","3.119","3.119","3.119","3.119","3.119","3.119","3.119","3.119","3.119","3.119","3.119","3.267","3.594","3.594","3.594","3.594","3.594","3.594","3.594","4.188","4.485","4.485","4.485","4.485","4.485","4.485","4.485","4.485","4.485","5.078","5.375","5.375","5.375","5.375","5.375","5.375","5.375","5.968","7.157","7.157","7.157","7.157","7.157","7.157","7.157","7.562","7.784","7.784","7.784","7.784","7.784","7.784","7.784","7.784","7.784","8.662","9.114","9.114","9.114","9.114","9.114","9.114","9.114","9.114","9.114","9.114","9.114","9.64","9.64","9.64","9.64","9.64","9.64","9.64","9.64","9.64","9.64","9.64","9.64","9.64","9.64","9.64","9.64","9.64","9.64","9.64","9.64","9.64","9.64","9.64","9.64","9.64","9.64","9.823","10.187","10.187","10.187","10.187","10.187","10.187","10.187","10.187","10.187","10.187","10.187","10.187","10.187","10.187","10.187","10.187","10.187","10.187","10.187","10.187","10.187","10.187","10.187","10.187","10.187","10.187","10.187","10.187","10.187","10.187","10.187","10.187","10.187","10.187","10.187","10.187","10.187","10.187","10.187","10.187","10.187","11.194","11.713","11.713","11.713","11.713","11.713","11.713","11.713","11.713","11.724","11.724","11.75","11.75","11.75","11.75","11.75","11.75","11.75","11.75","11.75","11.75","11.75","11.75","11.908","11.908","11.908","11.914","11.919","11.919","11.919","11.919","11.919","11.919","11.919","11.919",
"T10","whole country","G03202","Intercity bus fares","T[14101.ausgabe]","CPI[2020=100]","2020=100","","","","","","","","","","","","","","","","","","","","","","","","","","","","","","","","","","","","","","","","","","","","","","","","","","","","","","","","","","","","","","","","","","","","","","","","","","","","","","","","","","","","","","","","","","","","","","","","","","","","","","","","","","","","","","","","","","","","","","","","","","","","","","","","","","","","","","","","","","","","","","","","","","","","","","","","","","","","","","","","","","","","","","","","","","","","","","","","","","","","","","","","","","","","","","","","","","","","","","","","","","","","","","","","","","","","","","","","","","","","","","","","","","","","","","","","","","","","","","","","","15.281","15.281","15.281","15.281","15.281","15.281","15.281","15.281","15.281","15.281","15.281","16.449","16.449","16.449","16.311","16.065","16.065","16.065","16.065","16.065","16.065","16.065","16.065","16.065","16.065","16.065","16.065","16.065","16.065","16.065","16.065","16.065","16.065","16.065","16.065","16.065","16.065","16.065","16.065","16.065","16.065","16.065","16.065","16.065","16.065","16.065","16.065","16.065","16.065","16.972","17.418","17.418","17.418","17.418","17.418","17.418","17.418","17.418","17.418","17.418","17.418","17.418","17.418","17.418","17.418","17.418","17.418","17.418","17.418","17.418","17.418","17.418",
"T10","whole country","G03203","Taxi fares","T[14101.ausgabe]","CPI[2020=100]","2020=100","","","","","","","","","","","","","","","","","","","","","","","","","","","","","","","","","","","","","","","","","","","","","","","","","","","","","","","","","","","","","","","","","","","","","","","","","","","","","","","","","","","","","","","","","","","","","","","","","","","","","","","","","","","","","","","","","","","","","","","","","7.705","7.705","7.705","7.705","7.705","7.705","7.705","7.705","7.705","7.705","7.705","7.705","7.705","7.705","7.705","7.705","7.705","7.705","7.705","7.705","7.705","7.705","7.705","7.705","7.705","7.705","7.705","7.705","7.705","7.705","7.705","7.705","7.705","7.705","7.705","7.705","7.705","7.705","7.705","7.705","7.705","9.007","9.659","9.659","9.659","9.659","9.659","9.659","9.659","9.659","9.659","9.659","12.842","12.842","12.842","12.842","12.842","12.842","12.842","12.842","12.842","16.026","16.026","16.026","16.026","16.026","16.026","16.026","16.026","16.026","16.026","16.388","17.075","17.075","17.075","17.075","17.075","17.798","18.159","18.159","18.159","18.159","18.159","18.159","18.159","18.159","18.159","18.159","18.159","18.159","18.159","18.159","18.159","18.159","18.159","18.159","18.159","17.075","16.532","16.532","16.532","16.532","16.532","16.532","16.532","16.532","16.532","17.075","18.159","18.159","18.159","18.159","18.159","18.159","18.159","18.159","18.159","18.159","18.159","18.159","18.196","18.196","18.196","18.196","18.196","18.196","18.196","18.196","18.196","18.196","18.883","18.883","18.883","18.883","18.883","18.883","18.883","18.883","18.883","18.883","18.883","18.883","18.883","19.028","19.136","19.136","19.136","19.209","19.318","19.318","19.354","19.39","19.39","19.39","19.39","19.39","19.39","19.39","19.39","19.39","19.39","19.39","19.39","19.39","19.39","19.39","19.39","19.39","19.39","19.39","19.39","19.39","19.39","19.39","22.284","22.284","22.284","22.284","22.284","22.284","22.284","22.284","22.284","22.284","22.284","22.284","22.284","22.284","22.284","22.284","22.284","22.284",
"T10","whole country","G033","Passenger transport by air & sea and inland waterway","T[14101.ausgabe]","CPI[2020=100]","2020=100","","","","","","","","","","","","","","","","","","","","","","","","","","","","","","","","","","","","","","","","","","","","","","","","","","","","","","","","","","","","","","","","","","","","","","","","","","","","","","","","","","","","","","","","","","","","","","","","","","","","","","","","","","","","","","","","","","","","","","","","","","","","","","","","","","","","","","","","","","","","","","","","","","","","","","","","","","","","","","","","","","","","","","","","","","","","","","","","","","","","","","","","","","","","","","","","","","","","","","","","","","","","","","","","","","","","","","","","","","","","","","","","","","","","","","","","","","","","","","","","","31.147","31.147","31.147","32.73","32.73","32.73","32.73","32.73","32.73","32.73","32.73","32.73","32.73","32.73","32.342","31.502","31.502","31.502","31.502","31.502","31.502","31.502","31.502","31.502","31.502","31.502","31.502","31.502","31.502","31.502","31.502","31.502","31.502","31.502","31.502","31.502","31.502","31.502","31.502","31.502","31.502","31.502","31.502","31.502","31.502","31.502","31.502","31.502","31.502","31.502","31.502","31.502","31.502","31.502","31.502","31.502","31.502","31.502","31.502","31.502","31.503","31.503","31.503","31.503","31.503","31.503","31.503","31.503","31.503","31.503","31.503","33.785",
"T10","whole country","G03301","Domestic air travel","T[14101.ausgabe]","CPI[2020=100]","2020=100","","","","","","","","","","","","","","","","","","","","","","","","","","","","","","","","","","","","","","","","","","","","","","","","","","","","","","","","","","","","","","","","","","","","","","","","","","","","","","","","","","","","","","","","","","","","","","","","","","","","","","","","","","","","","","","","","","","","","","","","","7.831","7.831","7.831","7.831","7.831","7.831","7.831","7.831","7.831","7.831","7.831","7.831","10.117","10.117","10.117","10.117","10.117","10.117","10.117","10.117","10.117","10.117","10.117","10.117","10.117","10.117","10.117","10.117","10.117","10.117","9.27","9.27","9.27","9.27","9.27","9.27","9.27","9.27","9.27","9.27","9.27","11.134","12.108","12.108","12.108","12.108","12.108","12.108","12.108","12.108","12.108","12.108","13.25","13.25","13.25","13.25","13.25","13.25","13.25","14.605","17.229","21.294","21.294","21.294","21.294","21.378","21.378","21.378","21.378","21.378","21.378","21.378","21.378","21.378","24.214","25.611","25.611","27.728","28.786","28.786","28.786","28.786","28.786","28.786","28.786","28.786","28.786","28.786","28.786","28.786","28.786","28.786","28.786","28.786","28.786","29.548","29.971","29.971","29.971","29.971","29.971","29.971","29.971","29.971","29.971","29.971","29.971","29.971","29.971","29.971","29.971","29.971","29.971","29.971","29.971","29.971","29.971","29.971","29.971","29.971","29.971","29.971","29.971","31.495","31.495","31.495","31.495","31.495","31.495","31.495","31.495","31.495","31.495","31.495","31.072","30.311","30.311","30.311","30.311","30.311","30.311","30.311","30.311","30.311","30.311","30.311","30.311","30.311","30.311","30.311","30.311","30.311","30.311","30.311","30.311","30.311","30.311","30.311","30.311","30.311","30.311","30.311","30.311","30.311","30.311","30.311","30.311","30.311","30.311","30.311","30.311","30.311","30.311","30.311","30.311","30.311","30.311","30.311","30.311","30.311","30.311","30.311","30.311","30.311","30.311","30.311","30.311","30.311","30.311","30.311","30.311","32.468",
"T10","whole country","G034","Other purchased transport services","T[14101.ausgabe]","CPI[2020=100]","2020=100","","","","","","","","","","","","","","","","","","","","","","","","","","","","","","","","","","","","","","","","","","","","","","","","","","","","","","","","","","","","","","","","","","","","","","","","","","","","","","","","","","","","","","","","","","","","","","","","","","","","","","","","","","","","","","","","","","","","","","","","","","","","","","","","","","","","","","","","","","","","","","","","","","","","","","","","","","","","","","","","","","","","","","","","","","","","","","","","","","","","","","","","","","","","","","","","","","","","","","","","","","","","","","","","","","","","","","","","","","","","","","","","","","","","","","","","","","","","","","","","","","","","","","","","","","","","","","","","","","","","","","","","","","","","","","","","","","","","","","","","","","","","","","","","","","","","","","","","","","","","","41.676","41.72","41.809","42.427","43.884","45.075","45.385","45.341","45.429","45.738","46.003","45.341",
"T10","whole country","G03401","Moving costs","T[14101.ausgabe]","CPI[2020=100]","2020=100","","","","","","","","","","","","","","","","","","","","","","","","","","","","","","","","","","","","","","","","","","","","","","","","","","","","","","","","","","","","","","","","","","","","","","","","","","","","","","","","","","","","","","","","","","","","","","","","","","","","","","","","","","","","","","","","","","","","","","","","","","","","","","","","","","","","","","","","","","","","","","","","","","","","","","","","","","","","","","","","","","","","","","","","","","","","","","","","","","","","","","","","","","","","","","","","","","","","","","","","","","","","","","","","","","","","","","","","","","","","","","","","","","","","","","","","","","","","","","","","","","","","","","","","","","","","","","","","","","","","","","","","","","","","","","","","","","","","","","","","","","","","","","","","","","","","","","","","","","","","","31.82","31.871","31.922","32.383","33.508","34.429","34.685","34.634","34.685","34.941","35.146","34.634",
"T10","whole country","H","08 Communication","T[14101.ausgabe]","CPI[2020=100]","2020=100","","","","","","","","","","","","","","","","","","","","","","","","","","","","","","","","","","","","","","","","","","","","","","","","","","","","","","","","","","","","","","","","","","","","","","","","","","","","","","","","","","","","","","","","","","","","","","","","","","","","","","","","","","","","","","","","","","","","","","","","","","","","","","","","","","","","","","","","","","","","","","","","","","","","","","","","","","","","","","","","","","","","","","","","","","","","","","","","","","","","","","","","","","","","","","","","","","","","","","","","","","","","","","","","","","","","","","","","","","","","","","","","","","","","","","","","","","","","","","","","","156.927","156.927","156.927","156.927","156.927","156.927","156.927","156.927","156.927","157.083","157.083","157.083","157.083","157.083","160.381","168.853","168.853","168.853","168.853","168.853","168.853","169.012","169.012","169.012","169.012","169.012","169.012","169.012","169.012","169.167","169.167","169.167","169.167","169.167","169.167","169.167","169.167","169.167","169.167","169.167","169.167","169.167","169.167","169.167","169.167","169.167","169.167","168.071","152.063","150.807","150.807","150.807","150.807","150.807","150.807","150.807","150.807","150.807","150.65","150.65","161.064","160.901","167.659","167.821","167.982","162.028","157.202","157.202","157.202","157.202","157.202","157.202",
"T10","whole country","H01","08.1 Postal services","T[14101.ausgabe]","CPI[2020=100]","2020=100","","","","","","","","","","","","","","","","","","","","","","","","","","","","","","","","","","","","","","","","","","","","","","","","","","","","","","","","","","","","","","","","","","","","","","","","","","","","","","","","","","","","","","","","","","","","","","","","","","","","","","","","","","","","","","","","","","","","","","","","","","","","","","","","","","","","","","","","","","","","","","","","","","","","","","","","","","","","","","","","","","","","","","","","","","","","","","","","","","","","","","","","","","","","","","","","","","","","","","","","","","","","","","","","","","","","","","","","","","","","","","","","","","","","","","","","","","","","","","","","","28.253","28.253","28.253","28.253","28.253","28.253","28.253","28.253","28.253","28.253","28.253","28.253","28.253","28.253","28.253","28.253","28.253","28.253","28.253","28.253","29.156","30.936","30.936","30.936","30.936","30.936","30.936","30.936","30.936","30.936","30.936","30.936","30.936","30.936","30.936","30.936","30.936","30.936","30.936","30.936","30.936","30.936","30.936","30.936","30.936","30.936","30.936","30.936","30.936","30.936","30.936","30.936","30.936","30.936","30.936","30.936","30.936","30.936","30.936","30.936","32.082","32.082","32.082","32.082","35.777","35.777","35.777","35.777","35.777","35.777","35.777","35.777",
"T10","whole country","H011","Postal services","T[14101.ausgabe]","CPI[2020=100]","2020=100","","","","","","","","","","","","","","","","","","","","","","","","","","","","","","","","","","","","","","","","","","","","","","","","","","","","","","","","","","","","","","","","","","","","","","","","","","","","","","","","","","","","","","","","","","","","","","","","","","","","","","","","","","","","","","","","","","","","","","","","","","","","","","","","","","","","","","","","","","","","","","","","","","","","","","","","","","","","","","","","","","","","","","","","","","","","","","","","","","","","","","","","","","","","","","","","","","","","","","","","","","","","","","","","","","","","","","","","","","","","","","","","","","","","","","","","","","","","","","","","","28.253","28.253","28.253","28.253","28.253","28.253","28.253","28.253","28.253","28.253","28.253","28.253","28.253","28.253","28.253","28.253","28.253","28.253","28.253","28.253","29.156","30.936","30.936","30.936","30.936","30.936","30.936","30.936","30.936","30.936","30.936","30.936","30.936","30.936","30.936","30.936","30.936","30.936","30.936","30.936","30.936","30.936","30.936","30.936","30.936","30.936","30.936","30.936","30.936","30.936","30.936","30.936","30.936","30.936","30.936","30.936","30.936","30.936","30.936","30.936","32.082","32.082","32.082","32.082","35.777","35.777","35.777","35.777","35.777","35.777","35.777","35.777",
"T10","whole country","H01101","Postage","T[14101.ausgabe]","CPI[2020=100]","2020=100","","","","","","","","","","","","","","","","","","","","","","","","","","","","","","","","","","","","","","","","","","","","","","","","","","","","","","","","","","","","","","","","","","","","","","","","","","","","","","","","","","","","","","","","","","","","","","","","","","","","","","","","","","","","","","","","","","","","","","","","","10.211","10.211","10.211","10.211","10.211","10.211","11.616","11.616","11.616","11.616","11.616","11.616","17.668","17.668","17.668","17.668","17.668","17.668","17.668","17.668","17.668","17.668","17.668","17.668","17.668","17.668","17.668","17.668","17.668","17.668","17.668","17.668","17.668","17.668","17.668","17.668","17.668","17.668","17.668","17.668","17.668","17.668","17.668","17.668","17.668","17.668","17.668","17.668","17.668","17.668","17.668","17.668","17.668","17.668","17.668","17.668","17.668","17.668","17.668","17.668","19.464","21.755","21.755","21.755","21.755","21.755","21.755","21.755","21.755","21.755","21.755","21.755","21.755","21.755","21.755","21.755","21.755","23.159","23.159","23.159","23.159","29.212","29.212","31.108","32.057","32.057","32.057","32.057","32.057","32.057","32.057","32.057","32.057","32.057","32.057","32.057","32.057","32.057","32.057","32.057","32.057","33.48","33.48","33.48","33.48","33.48","33.48","33.48","33.48","33.48","33.48","33.48","33.48","33.48","33.48","33.48","33.48","33.48","33.48","33.48","33.48","33.48","33.48","33.48","33.48","33.48","33.48","33.48","33.48","33.48","33.48","33.48","33.48","33.48","33.48","33.48","33.48","33.48","33.48","33.48","33.954","34.884","34.884","34.884","34.884","34.884","34.884","34.884","34.884","34.884","34.884","34.884","34.884","34.884","34.884","34.884","34.884","34.884","34.884","34.884","34.884","34.884","34.884","34.884","34.884","34.884","34.884","34.884","34.884","34.884","34.884","34.884","34.884","34.884","34.884","34.884","34.884","34.884","34.884","34.884","34.884","34.884","34.884","34.884","37.73","37.73","37.73","37.73","37.73","37.73","37.73","37.73",
"T10","whole country","H02","08.2 Telephone and telefax equipment","T[14101.ausgabe]","CPI[2020=100]","2020=100","","","","","","","","","","","","","","","","","","","","","","","","","","","","","","","","","","","","","","","","","","","","","","","","","","","","","","","","","","","","","","","","","","","","","","","","","","","","","","","","","","","","","","","","","","","","","","","","","","","","","","","","","","","","","","","","","","","","","","","","","","","","","","","","","","","","","","","","","","","","","","","","","","","","","","","","","","","","","","","","","","","","","","","","","","","","","","","","","","","","","","","","","","","","","","","","","","","","","","","","","","","","","","","","","","","","","","","","","","","","","","","","","","","","","","","","","","","","","","","","","802.592","802.592","802.592","802.592","802.592","802.592","802.592","802.592","799.382","797.788","797.788","797.788","800.991","800.991","800.991","800.991","800.991","800.991","800.991","800.991","800.991","800.991","800.991","800.991","800.991","800.189","800.189","800.189","800.189","800.189","800.189","800.189","800.189","798.596","797.788","797.788","797.788","797.788","797.788","796.186","796.186","796.186","796.186","796.186","797.788","802.592","803.399","803.399","803.399","801.795","800.991","800.189","799.382","799.382","799.382","799.382","799.382","799.382","796.186","790.582","788.599","786.238","786.238","786.238","787.024","787.024","787.024","786.238","785.455","785.455","785.455","785.455",
"T10","whole country","H021","Telephone and telefax equipment","T[14101.ausgabe]","CPI[2020=100]","2020=100","","","","","","","","","","","","","","","","","","","","","","","","","","","","","","","","","","","","","","","","","","","","","","","","","","","","","","","","","","","","","","","","","","","","","","","","","","","","","","","","","","","","","","","","","","","","","","","","","","","","","","","","","","","","","","","","","","","","","","","","","","","","","","","","","","","","","","","","","","","","","","","","","","","","","","","","","","","","","","","","","","","","","","","","","","","","","","","","","","","","","","","","","","","","","","","","","","","","","","","","","","","","","","","","","","","","","","","","","","","","","","","","","","","","","","","","","","","","","","","","","802.592","802.592","802.592","802.592","802.592","802.592","802.592","802.592","799.382","797.788","797.788","797.788","800.991","800.991","800.991","800.991","800.991","800.991","800.991","800.991","800.991","800.991","800.991","800.991","800.991","800.189","800.189","800.189","800.189","800.189","800.189","800.189","800.189","798.596","797.788","797.788","797.788","797.788","797.788","796.186","796.186","796.186","796.186","796.186","797.788","802.592","803.399","803.399","803.399","801.795","800.991","800.189","799.382","799.382","799.382","799.382","799.382","799.382","796.186","790.582","788.599","786.238","786.238","786.238","787.024","787.024","787.024","786.238","785.455","785.455","785.455","785.455",
"T10","whole country","H03","08.3 Telephone and telefax services","T[14101.ausgabe]","CPI[2020=100]","2020=100","","","","","","","","","","","","","","","","","","","","","","","","","","","","","","","","","","","","","","","","","","","","","","","","","","","","","","","","","","","","","","","","","","","","","","","","","","","","","","","","","","","","","","","","","","","","","","","","","","","","","","","","","","","","","","","","","","","","","","","","","","","","","","","","","","","","","","","","","","","","","","","","","","","","","","","","","","","","","","","","","","","","","","","","","","","","","","","","","","","","","","","","","","","","","","","","","","","","","","","","","","","","","","","","","","","","","","","","","","","","","","","","","","","","","","","","","","","","","","","","","147.987","147.987","147.987","147.987","147.987","147.987","147.987","147.987","147.987","148.138","148.138","148.138","148.138","148.138","151.539","159.826","159.826","159.826","159.826","159.826","159.826","159.826","159.826","159.826","159.826","159.826","159.826","159.826","159.826","159.977","159.977","159.977","159.977","159.977","159.977","159.977","159.977","159.977","159.977","159.977","159.977","159.977","159.977","159.977","159.977","159.977","159.977","158.793","142.809","141.625","141.625","141.625","141.625","141.625","141.625","141.625","141.625","141.625","141.625","141.625","151.679","151.679","158.498","158.649","158.649","152.59","147.741","147.741","147.741","147.741","147.741","147.741",
"T10","whole country","H031","Telephone and telefax services","T[14101.ausgabe]","CPI[2020=100]","2020=100","","","","","","","","","","","","","","","","","","","","","","","","","","","","","","","","","","","","","","","","","","","","","","","","","","","","","","","","","","","","","","","","","","","","","","","","","","","","","","","","","","","","","","","","","","","","","","","","","","","","","","","","","","","","","","","","","","","","","","","","","","","","","","","","","","","","","","","","","","","","","","","","","","","","","","","","","","","","","","","","","","","","","","","","","","","","","","","","","","","","","","","","","","","","","","","","","","","","","","","","","","","","","","","","","","","","","","","","","","","","","","","","","","","","","","","","","","","","","","","","","147.987","147.987","147.987","147.987","147.987","147.987","147.987","147.987","147.987","148.138","148.138","148.138","148.138","148.138","151.539","159.826","159.826","159.826","159.826","159.826","159.826","159.826","159.826","159.826","159.826","159.826","159.826","159.826","159.826","159.977","159.977","159.977","159.977","159.977","159.977","159.977","159.977","159.977","159.977","159.977","159.977","159.977","159.977","159.977","159.977","159.977","159.977","158.793","142.809","141.625","141.625","141.625","141.625","141.625","141.625","141.625","141.625","141.625","141.625","141.625","151.679","151.679","158.498","158.649","158.649","152.59","147.741","147.741","147.741","147.741","147.741","147.741",
"T10","whole country","H03101","Landline telephone charges","T[14101.ausgabe]","CPI[2020=100]","2020=100","","","","","","","","","","","","","","","","","","","","","","","","","","","","","","","","","","","","","","","","","","","","","","","","","","","","","","","","","","","","","","","","","","","","","","","","","","","","","","","","","","","","","","","","","","","","","","","","","","","","","","","","","","","","","","","","","","","","","","","","","","","","","","","","","","","","","","","","","","","","","","","","","","","","","","","","","","","","","","","","","","","","","","","","","","","","","","","","","","","","","","","","","","","","","","","","","","","","","","","","","","","","","","","","","","","","","","","","","","","","","","","","","","","","","","","","","","","","","","","","","127.166","127.166","127.166","127.166","127.166","127.166","127.166","127.166","127.166","127.292","127.292","127.292","127.292","127.292","130.471","138.229","138.229","138.229","138.229","138.229","138.229","138.229","138.229","138.229","138.356","138.356","138.356","138.356","138.356","138.356","138.356","138.356","138.356","138.356","138.356","138.356","138.356","138.356","138.356","138.356","138.356","138.356","138.356","138.356","138.356","138.356","138.356","137.339","122.333","121.188","121.188","121.188","121.188","121.188","121.188","121.188","121.188","121.188","121.188","121.188","130.623","130.623","136.887","137.017","137.017","131.406","126.97","127.1","127.1","127.1","127.1","127.1",
"T10","whole country","I","09 Recreation and culture","T[14101.ausgabe]","CPI[2020=100]","2020=100","","","","","","","","","","","","","","","","","","","","","","","","","","","","","","","","","","","","","","","","","","","","","","","","","","","","","","","","","","","","","","","","","","","","","","","","","","","","","","","","","","","","","","","","","","","","","","","","","","","","","","","","","","","","","","","","","","","","","","","","","","","","","","","","","","","","","","","","","","","","","","","","","","","","","","","","","","","","","","","","","","","","","","","","","","","","","","","","","","","","","","","","","","","","","","","","","","","","","","","","","","","","","","","","","","","","","","","","","","","","","","","","","","","","","","","","","","","","","","","","","64.086","64.604","65.123","64.863","64.928","65.059","64.863","64.734","64.863","64.994","65.059","65.253","65.902","66.355","66.55","66.355","66.161","66.032","66.097","66.032","66.097","66.097","66.161","66.679","66.615","67.198","67.393","67.718","67.652","67.587","67.523","67.587","67.911","67.652","67.976","68.56","69.08","69.857","70.248","70.377","70.118","70.052","70.052","70.118","70.052","70.118","70.313","70.83","70.377","70.572","71.284","71.48","71.804","71.935","72.063","72.388","72.712","72.712","72.779","72.842","74.382","74.532","74.984","75.51","75.587","75.286","75.286","75.435","75.587","75.587","75.587","75.661",
"T10","whole country","I01","09.1 Audio-visual, photographic and information processing equipment","T[14101.ausgabe]","CPI[2020=100]","2020=100","","","","","","","","","","","","","","","","","","","","","","","","","","","","","","","","","","","","","","","","","","","","","","","","","","","","","","","","","","","","","","","","","","","","","","","","","","","","","","","","","","","","","","","","","","","","","","","","","","","","","","","","","","","","","","","","","","","","","","","","","","","","","","","","","","","","","","","","","","","","","","","","","","","","","","","","","","","","","","","","","","","","","","","","","","","","","","","","","","","","","","","","","","","","","","","","","","","","","","","","","","","","","","","","","","","","","","","","","","","","","","","","","","","","","","","","","","","","","","","","","762.297","752.413","762.297","762.297","762.297","762.297","762.297","761.527","758.495","758.495","758.495","758.495","756.208","756.208","756.97","757.726","757.726","757.726","758.495","759.25","759.25","759.25","759.25","759.25","759.25","759.25","760.01","760.01","760.01","754.691","750.129","750.129","750.129","750.129","750.893","750.893","750.893","753.168","748.614","737.965","740.252","744.051","744.051","744.051","744.051","743.29","743.29","743.29","723.525","722.77","722.77","723.525","728.081","728.851","732.655","731.885","731.885","731.885","731.129","730.368","732.808","733.542","733.542","732.808","733.542","726.248","726.248","726.978","726.978","726.978","726.248","725.52",
"T10","whole country","I011","Audio-visual equipment","T[14101.ausgabe]","CPI[2020=100]","2020=100","","","","","","","","","","","","","","","","","","","","","","","","","","","","","","","","","","","","","","","","","","","","","","","","","","","","","","","","","","","","","","","","","","","","","","","","","","","","","","","","","","","","","","","","","","","","","","","","","","","","","","","","","","","","","","","","","","","","","","","","","","","","","","","","","","","","","","","","","","","","","","","","","","","","","","","","","","","","","","","","","","","","","","","","","","","","","","","","","","","","","","","","","","","","","","","","","","","","","","","","","","","","","","","","","","","","","","","","","","","","","","","","","","","","","","","","","","","","","","","","","890.138","878.599","890.138","890.138","890.138","890.138","890.138","889.247","888.363","888.363","888.363","888.363","885.696","885.696","886.578","887.476","887.476","887.476","888.363","889.247","889.247","889.247","889.247","889.247","889.247","890.138","891.034","891.034","891.034","883.919","878.599","878.599","878.599","878.599","878.599","878.599","878.599","881.252","875.925","862.602","865.256","869.7","869.7","869.7","869.7","869.7","868.812","868.812","845.72","843.945","843.945","844.84","851.046","851.937","856.379","855.488","855.488","855.488","854.601","853.721","857.575","858.423","858.423","858.423","859.278","849.053","849.053","849.053","848.189","848.189","847.343","847.343",
"T10","whole country","I01101","Television","T[14101.ausgabe]","CPI[2020=100]","2020=100","","","","","","","","","","","","","","","","","","","","","","","","","","","","","","","","","","","","","","","","","","","","","","","","","","","","","","","","","","","","","","","","","","","","","","","","","","","","","","","","","","","","","","","","","","","","","","","","","","","","","","","","","","","","","","","","","","","","","","","","","","","","","","","","","","","","","","","","","","","","","","","","","","","","","","","","","","","","","","","","","","","","","","","","","","","","","","","","","","","","","2297.765","2297.765","2297.765","2297.765","2297.765","2297.765","2297.765","2297.765","2297.765","2297.765","2149.279","2072.421","2072.421","2072.421","2072.421","2072.421","2072.421","2072.421","2072.421","2072.421","2072.421","2072.421","2072.421","2072.421","2061.999","2056.791","2056.791","2056.791","2056.791","2037.259","2037.259","2037.259","2037.259","2037.259","2033.35","2030.744","2013.805","2012.502","2012.502","2012.502","2012.502","2012.502","2012.502","2012.502","2012.502","2009.896","2003.386","2003.386","2003.386","2003.386","2003.386","2003.386","2003.386","1963.008","1802.794","1796.277","1793.674","1793.674","1793.674","1793.674","1779.343","1779.343","1779.343","1779.343","1779.343","1779.343","1781.946","1776.736","1774.131","1774.131","1774.131","1772.825","1767.615","1767.615","1770.219","1770.219","1770.219","1770.219","1770.219","1770.219","1770.219","1770.219","1770.219","1770.219","1770.219","1770.219","1770.219","1770.219","1770.219","1724.632","1701.182","1701.182","1701.182","1701.182","1701.182","1701.182","1701.182","1711.604","1685.554","1623.025","1619.129","1619.129","1617.823","1617.823","1617.823","1617.823","1613.919","1613.919","1531.849","1529.244","1529.244","1530.544","1538.36","1538.36","1539.666","1539.666","1539.666","1539.666","1539.666","1539.666","1539.666","1539.666","1539.666","1539.666","1539.666","1539.666","1539.666","1539.666","1539.666","1539.666","1539.666","1539.666",
"T10","whole country","I01102","Audio-visual Device","T[14101.ausgabe]","CPI[2020=100]","2020=100","","","","","","","","","","","","","","","","","","","","","","","","","","","","","","","","","","","","","","","","","","","","","","","","","","","","","","","","","","","","","","","","","","","","","","","","","","","","","","","","","","","","","","","","","","","","","","","","","","","","","","","","","","","","","","","","","","","","","","","","","","","","","","","","","","","","","","","","","","","","","","","","","","","","","","","","","","","","","","","","","","","","","","","","","","","","","","","","","","","","","","","","","","","","","","","","","","","","","","","","","","","","","","","","","","","","","","","","","","","","","","","","","","","","","","","","","","","","","","","","","259.922","259.922","259.922","259.922","259.922","259.922","259.922","259.922","259.922","259.922","259.922","259.922","259.663","259.663","259.663","259.663","259.663","259.663","259.663","259.922","259.922","259.922","259.922","259.922","259.922","259.922","259.922","259.922","259.922","261.483","260.963","261.223","261.223","261.223","261.223","261.223","261.223","261.223","260.963","259.401","259.401","259.401","259.401","259.401","259.401","259.401","259.401","259.401","254.986","254.726","254.726","254.726","257.584","258.104","260.442","260.18","260.18","260.18","259.663","259.401","260.905","261.161","261.161","261.161","261.42","256.511","256.769","256.511","256.254","256.254","255.995","255.737",
"T10","whole country","I012","Equipment & spare parts and accessories for information processing","T[14101.ausgabe]","CPI[2020=100]","2020=100","","","","","","","","","","","","","","","","","","","","","","","","","","","","","","","","","","","","","","","","","","","","","","","","","","","","","","","","","","","","","","","","","","","","","","","","","","","","","","","","","","","","","","","","","","","","","","","","","","","","","","","","","","","","","","","","","","","","","","","","","","","","","","","","","","","","","","","","","","","","","","","","","","","","","","","","","","","","","","","","","","","","","","","","","","","","","","","","","","","","","","","","","","","","","","","","","","","","","","","","","","","","","","","","","","","","","","","","","","","","","","","","","","","","","","","","","","","","","","","","","814.918","814.918","814.918","814.918","814.918","814.918","814.918","814.918","760.007","757.615","757.615","757.615","757.615","757.615","757.615","757.615","757.615","757.615","757.615","757.615","757.615","757.615","757.615","757.615","757.615","755.222","755.222","755.222","755.222","755.222","755.222","755.222","755.222","755.222","755.222","755.222","763.189","771.146","773.537","773.537","773.537","775.921","782.29","782.29","777.513","768.756","768.756","768.756","768.756","768.756","768.756","768.756","768.756","768.756","768.756","768.756","763.98","763.98","763.98","763.189","761.661","762.426","763.189","761.661","761.661","761.661","761.661","764.712","764.712","764.712","764.712","763.947",
"T10","whole country","I01201","Computer","T[14101.ausgabe]","CPI[2020=100]","2020=100","","","","","","","","","","","","","","","","","","","","","","","","","","","","","","","","","","","","","","","","","","","","","","","","","","","","","","","","","","","","","","","","","","","","","","","","","","","","","","","","","","","","","","","","","","","","","","","","","","","","","","","","","","","","","","","","","","","","","","","","","","","","","","","","","","","","","","","","","","","","","","","","","","","","","","","","","","","","","","","","","","","","","","","","","","","","","","","","","","","","","","","","","","","","","","","","","","","","","","","","","","","","","","","","","","","","","","","","","","","","","","","","","","","","","","","","","","","","","","","","","","","","","","","","","","","","","","","","","","","","","","","","","","","","","","","","","","","","","","","","","","","","","","","","","","","","","","","","","","","","","1292.369","1292.369","1292.369","1292.369","1292.369","1292.369","1292.369","1298.844","1298.844","1298.844","1298.844","1297.549",
"T10","whole country","I02","09.2 Other major durables for recreation and culture","T[14101.ausgabe]","CPI[2020=100]","2020=100","","","","","","","","","","","","","","","","","","","","","","","","","","","","","","","","","","","","","","","","","","","","","","","","","","","","","","","","","","","","","","","","","","","","","","","","","","","","","","","","","","","","","","","","","","","","","","","","","","","","","","","","","","","","","","","","","","","","","","","","","","","","","","","","","","","","","","","","","","","","","","","","","","","","","","","","","","","","","","","","","","","","","","","","","","","","","","","","","","","","","","","","","","","","","","","","","","","","","","","","","","","","","","","","","","","","","","","","","","","","","","","","","","","","","","","","","","","","","","","","","44.646","44.646","44.691","44.736","44.736","44.736","44.736","44.736","44.736","44.78","44.78","44.826","44.826","45.765","46.347","46.347","46.347","46.391","46.391","46.391","46.436","46.436","46.436","46.436","46.436","46.436","46.391","46.347","46.347","46.391","46.436","46.436","46.436","46.436","46.481","46.481","46.525","46.839","46.973","45.989","45.989","45.989","45.989","45.989","45.944","45.899","46.391","46.525","46.168","46.033","46.033","46.436","47.376","47.376","47.421","47.464","47.464","47.464","47.509","47.643","48.057","48.057","48.349","48.543","48.543","48.543","48.543","48.543","48.543","48.543","48.688","48.834",
"T10","whole country","I021","Other major durables for recreation and culture","T[14101.ausgabe]","CPI[2020=100]","2020=100","","","","","","","","","","","","","","","","","","","","","","","","","","","","","","","","","","","","","","","","","","","","","","","","","","","","","","","","","","","","","","","","","","","","","","","","","","","","","","","","","","","","","","","","","","","","","","","","","","","","","","","","","","","","","","","","","","","","","","","","","","","","","","","","","","","","","","","","","","","","","","","","","","","","","","","","","","","","","","","","","","","","","","","","","","","","","","","","","","","","","","","","","","","","","","","","","","","","","","","","","","","","","","","","","","","","","","","","","","","","","","","","","","","","","","","","","","","","","","","","","44.646","44.646","44.691","44.736","44.736","44.736","44.736","44.736","44.736","44.78","44.78","44.826","44.826","45.765","46.347","46.347","46.347","46.391","46.391","46.391","46.436","46.436","46.436","46.436","46.436","46.436","46.391","46.347","46.347","46.391","46.436","46.436","46.436","46.436","46.481","46.481","46.525","46.839","46.973","45.989","45.989","45.989","45.989","45.989","45.944","45.899","46.391","46.525","46.168","46.033","46.033","46.436","47.376","47.376","47.421","47.464","47.464","47.464","47.509","47.643","48.057","48.057","48.349","48.543","48.543","48.543","48.543","48.543","48.543","48.543","48.688","48.834",
"T10","whole country","I02101","Musical instruments","T[14101.ausgabe]","CPI[2020=100]","2020=100","","","","","","","","","","","","","","","","","","","","","","","","","","","","","","","","","","","","","","","","","","","","","","","","","","","","","","","","","","","","","","","","","","","","","","","","","","","","","","","","","","","","","","","","","","","","","","","","","","","","","","","","","","","","","","","","","","","","","","","","","","","","","","","","","","","","","","","","","","","","","","","","","","","","","","","","","","","","","","","","","","","","","","","","","","","","","","","","","","","","","","","","","","","","","","","","","","","","","","","","","","","","","","","","","","","","","","","","","","","","","","","","","","","","","","","","","","","","","","","","","38.122","38.122","38.199","38.237","38.237","38.237","38.237","38.237","38.237","38.314","38.314","38.352","38.352","39.078","39.461","39.461","39.461","39.461","39.461","39.461","39.537","39.575","39.575","39.575","39.575","39.575","39.575","39.575","39.575","39.575","39.575","39.575","39.575","39.575","39.614","39.614","39.652","39.92","40.073","39.04","39.04","39.04","39.04","39.04","38.964","38.964","39.499","39.614","39.231","39.117","39.117","39.499","40.455","40.455","40.57","40.57","40.608","40.608","40.646","40.799","41.3","41.3","41.592","41.758","41.8","41.8","41.8","41.8","41.8","41.8","41.884","42.05",
"T10","whole country","I03","09.3 Other recreational items and equipment, gardens and pets","T[14101.ausgabe]","CPI[2020=100]","2020=100","","","","","","","","","","","","","","","","","","","","","","","","","","","","","","","","","","","","","","","","","","","","","","","","","","","","","","","","","","","","","","","","","","","","","","","","","","","","","","","","","","","","","","","","","","","","","","","","","","","","","","","","","","","","","","","","","","","","","","","","","","","","","","","","","","","","","","","","","","","","","","","","","","","","","","","","","","","","","","","","","","","","","","","","","","","","","","","","","","","","","","","","","","","","","","","","","","","","","","","","","","","","","","","","","","","","","","","","","","","","","","","","","","","","","","","","","","","","","","","","","42.72","45.505","46.662","44.477","43.277","43.748","41.949","40.235","41.134","40.963","41.391","42.076","43.364","46.405","47.177","44.22","42.249","41.52","41.563","40.663","40.448","40.021","40.62","41.606","43.405","46.191","47.347","45.719","45.677","45.12","43.962","44.006","43.92","41.606","41.478","43.405","46.277","50.819","52.746","51.075","48.591","47.004","46.147","46.277","46.235","46.147","47.219","48.119","47.69","48.762","48.933","49.233","48.89","50.048","50.005","49.961","51.462","51.375","51.29","51.975","52.077","52.544","53.843","53.738","53.012","51.662","50.676","50.571","51.195","51.195","51.195","51.402",
"T10","whole country","I031","Other recreational items and equipment, gardens and pets","T[14101.ausgabe]","CPI[2020=100]","2020=100","","","","","","","","","","","","","","","","","","","","","","","","","","","","","","","","","","","","","","","","","","","","","","","","","","","","","","","","","","","","","","","","","","","","","","","","","","","","","","","","","","","","","","","","","","","","","","","","","","","","","","","","","","","","","","","","","","","","","","","","","","","","","","","","","","","","","","","","","","","","","","","","","","","","","","","","","","","","","","","","","","","","","","","","","","","","","","","","","","","","","","","","","","","","","","","","","","","","","","","","","","","","","","","","","","","","","","","","","","","","","","","","","","","","","","","","","","","","","","","","","42.72","45.505","46.662","44.477","43.277","43.748","41.949","40.235","41.134","40.963","41.391","42.076","43.364","46.405","47.177","44.22","42.249","41.52","41.563","40.663","40.448","40.021","40.62","41.606","43.405","46.191","47.347","45.719","45.677","45.12","43.962","44.006","43.92","41.606","41.478","43.405","46.277","50.819","52.746","51.075","48.591","47.004","46.147","46.277","46.235","46.147","47.219","48.119","47.69","48.762","48.933","49.233","48.89","50.048","50.005","49.961","51.462","51.375","51.29","51.975","52.077","52.544","53.843","53.738","53.012","51.662","50.676","50.571","51.195","51.195","51.195","51.402",
"T10","whole country","I03101","Toy","T[14101.ausgabe]","CPI[2020=100]","2020=100","","","","","","","","","","","","","","","","","","","","","","","","","","","","","","","","","","","","","","","","","","","","","","","","","","","","","","","","","","","","","","","","","","","","","","","","","","","","","","","","","","","","","","","","","","","","","","","","","","","","","","","","","","","","","","","","","","","","","","","","","","","","","","","","","","","","","","","","","","","","","","","","","","","","","","","","","","","","","","","","","","","","","","","","","","","","","","","","","","","","","","","","","","","","","","","","","","","","","","","","","","","","","","","","","","","","","","","","","","","","","","","","","","","","","","","","","","","","","","","","","58.325","58.325","58.325","58.441","58.559","58.559","58.559","58.559","58.267","58.149","58.149","58.149","58.149","59.084","59.376","59.376","59.376","59.376","59.376","59.317","59.317","59.317","59.317","59.317","59.317","59.376","59.668","59.668","59.493","59.493","58.851","58.909","58.909","59.025","59.551","59.901","61.478","64.923","66.966","67.433","67.783","68.367","68.367","68.367","68.367","68.367","68.426","68.426","68.6","68.776","68.834","68.892","69.476","69.593","69.652","69.71","69.768","69.826","69.826","69.826","69.903","69.903","69.973","70.044","70.044","70.044","70.184","70.254","70.254","70.324","70.184","70.254",
"T10","whole country","I03102","Leisure goods","T[14101.ausgabe]","CPI[2020=100]","2020=100","","","","","","","","","","","","","","","","","","","","","","","","","","","","","","","","","","","","","","","","","","","","","","","","","","","","","","","","","","","","","","","","","","","","","","","","","","","","","","","","","","","","","","","","","","","","","","","","","","","","","","","","","","","","","","","","","","","","","","","","","","","","","","","","","","","","","","","","","","","","","","","","","","","","","","","","","","","","","","","","","","","","","","","","","","","","","","","","","","","","","","","","","","","","","","","","","","","","","","","","","","","","","","","","","","","","","","","","","","","","","","","","","","","","","","","","","","","","","","","","","","","","","","","","","","","","","","","","","","","","","","","","","","","","","","","","","","","","","","","","","","","","","","","","","","","","","","","","","","","","","32.427","32.46","32.46","32.558","32.558","32.525","32.558","32.558","32.558","33.575","33.575","33.575",
"T10","whole country","I03103","Sporting goods","T[14101.ausgabe]","CPI[2020=100]","2020=100","","","","","","","","","","","","","","","","","","","","","","","","","","","","","","","","","","","","","","","","","","","","","","","","","","","","","","","","","","","","","","","","","","","","","","","","","","","","","","","","","","","","","","","","","","","","","","","","","","","","","","","","","","","","","","","","","","","","","","","","","39.019","39.019","40.729","42.654","42.226","43.723","43.723","43.723","43.723","43.723","43.83","43.83","43.83","43.936","44.044","44.044","44.044","44.044","44.044","44.044","44.044","44.044","44.044","44.044","44.044","44.578","44.578","44.578","44.899","46.288","46.288","46.181","46.181","46.181","46.181","46.181","47.571","47.999","48.319","48.319","48.319","50.137","53.879","53.879","53.879","53.879","53.879","53.879","54.307","55.054","55.802","69.06","73.761","73.975","76.756","76.756","76.756","78.251","86.483","87.232","97.174","97.281","97.281","97.174","97.494","97.494","97.494","97.494","97.601","97.815","97.815","97.815","97.494","97.494","97.601","97.601","97.601","97.601","96.854","99.952","99.739","99.739","105.618","103.16","103.16","103.268","103.268","105.299","105.299","105.299","105.299","105.299","105.299","105.299","105.299","106.473","106.473","106.473","106.473","106.473","106.473","106.473","106.473","106.473","106.473","106.473","106.473","106.473","106.473","106.473","106.473","106.473","106.473","106.473","106.581","106.794","106.794","106.794","106.794","106.794","106.687","106.687","106.687","106.687","106.687","106.687","106.687","106.687","106.473","106.366","106.366","106.366","106.366","106.366","106.366","106.366","106.366","106.366","106.366","106.366","106.366","106.366","106.366","106.366","106.366","106.366","106.366","106.366","106.366","106.366","106.366","106.366","106.366","106.366","106.366","106.366","106.366","106.366","106.366","106.366","106.366","106.259","106.259","106.259","106.259","106.259","106.259","106.259","106.259","106.259","106.259","106.259","106.259","106.259","106.046","106.366","106.366","106.366","106.366","106.366","106.366","106.366","106.366","106.366","106.366","106.366","106.366","106.366","106.366","106.366","106.366","106.366",
"T10","whole country","I03104","Flowers","T[14101.ausgabe]","CPI[2020=100]","2020=100","","","","","","","","","","","","","","","","","","","","","","","","","","","","","","","","","","","","","","","","","","","","","","","","","","","","","","","","","","","","","","","","","","","","","","","","","","","","","","","","","","","","","","","","","","","","","","","","","","","","","","","","","","","","","","","","","","","","","","","","","4.292","4.292","3.449","2.784","2.784","2.784","2.784","2.784","2.784","2.784","2.784","4.292","4.292","4.292","3.449","2.784","2.784","2.784","2.784","2.784","2.784","2.733","2.733","2.989","3.678","5.16","6.054","5.006","4.879","4.547","4.419","4.419","4.214","4.036","4.01","4.036","5.569","6.309","6.463","7.587","7.919","7.458","7.177","7.255","6.641","5.543","5.441","6.054","6.437","6.693","6.769","7.331","7.791","7.458","6.922","6.539","5.824","5.339","6.871","7.765","8.353","11.035","11.52","11.545","11.29","10.014","9.682","9.298","7.995","4.879","6.412","8.251","9.885","11.495","11.801","11.112","10.933","9.4","9.604","10.959","8.711","6.488","6.565","9.068","10.371","13.283","13.513","11.52","8.48","7.28","6.922","6.667","7.076","6.488","6.794","9.579","13.079","17.983","19.694","16.093","12.415","11.444","10.881","10.806","8.429","8.021","8.557","10.269","13.104","13.794","14.79","14.918","14.407","14.101","12.338","12.031","11.29","9.272","8.097","9.119","13.538","18.264","20.231","16.425","14.33","15.148","12.108","9.171","10.959","10.806","11.495","12.721","14.918","19.541","20.615","15.531","12.159","10.933","10.959","9.503","9.093","8.404","9.4","11.061","14.177","18.98","20.793","17.983","18.034","17.038","15.48","15.531","15.455","11.367","10.78","13.82","17.702","23.015","25.008","21.789","17.345","13.998","12.542","12.772","12.67","12.644","14.483","15.991","15.173","16.783","17.038","17.574","16.528","18.341","18.213","18.11","20.64","20.436","20.333","21.508","22.275","23.781","27.792","27.179","24.855","20.691","17.345","17.115","18.98","17.856","18.034","18.597",
"T10","whole country","I04","09.4 Recreational and cultural services","T[14101.ausgabe]","CPI[2020=100]","2020=100","","","","","","","","","","","","","","","","","","","","","","","","","","","","","","","","","","","","","","","","","","","","","","","","","","","","","","","","","","","","","","","","","","","","","","","","","","","","","","","","","","","","","","","","","","","","","","","","","","","","","","","","","","","","","","","","","","","","","","","","","","","","","","","","","","","","","","","","","","","","","","","","","","","","","","","","","","","","","","","","","","","","","","","","","","","","","","","","","","","","","","","","","","","","","","","","","","","","","","","","","","","","","","","","","","","","","","","","","","","","","","","","","","","","","","","","","","","","","","","","","49.88","49.929","49.98","49.98","50.081","50.181","50.283","50.332","50.433","50.735","50.785","50.735","50.785","50.935","51.186","51.237","51.237","51.186","51.287","51.287","51.639","51.739","51.79","51.991","51.841","52.142","52.093","52.093","51.991","52.042","52.093","52.142","52.193","52.093","52.293","52.243","52.343","52.545","52.493","52.595","52.595","52.745","52.897","52.847","52.796","52.947","53.198","53.097","53.45","53.701","54.053","54.103","54.153","54.103","54.254","54.556","54.807","54.757","54.958","55.009","55.117","55.285","55.567","55.791","55.959","56.071","56.295","56.464","56.632","56.688","56.802","56.802",
"T10","whole country","I041","Recreational and sporting services","T[14101.ausgabe]","CPI[2020=100]","2020=100","","","","","","","","","","","","","","","","","","","","","","","","","","","","","","","","","","","","","","","","","","","","","","","","","","","","","","","","","","","","","","","","","","","","","","","","","","","","","","","","","","","","","","","","","","","","","","","","","","","","","","","","","","","","","","","","","","","","","","","","","","","","","","","","","","","","","","","","","","","","","","","","","","","","","","","","","","","","","","","","","","","","","","","","","","","","","","","","","","","","","","","","","","","","","","","","","","","","","","","","","","","","","","","","","","","","","","","","","","","","","","","","","","","","","","","","","","","","","","","","","51.184","51.184","51.184","51.184","51.184","51.184","51.184","51.184","51.184","51.184","51.184","51.184","51.184","51.184","51.184","51.184","51.184","51.184","51.184","51.184","51.184","51.184","51.184","51.184","51.184","51.184","51.184","51.184","51.184","51.184","51.184","51.184","51.184","51.184","51.184","51.184","51.184","51.184","51.184","51.184","51.184","51.184","51.184","51.184","51.184","51.184","51.184","51.184","51.184","51.184","51.184","51.184","51.184","51.184","51.184","51.184","51.184","51.184","51.184","51.184","50.059","50.212","50.519","50.878","50.981","51.287","51.492","51.543","51.748","51.748","51.901","51.85",
"T10","whole country","I04109","Amusement park admission","T[14101.ausgabe]","CPI[2020=100]","2020=100","","","","","","","","","","","","","","","","","","","","","","","","","","","","","","","","","","","","","","","","","","","","","","","","","","","","","","","","","","","","","","","","","","","","","","","","","","","","","","","","","","","","","","","","","","","","","","","","","","","","","","","","","","","","","","","","","","","","","","","","","","","","","","","","","","","","","","","","","","","","","","","","","","","","","","","","","","","","","","","","","","","","","","","","","","","","","","","","","","","","","","","","","","","","","","","","","","","","","","","","","","","","","","","","","","","","","","","","","","","","","","","","","","","","","","","","","","","","","","","","","","","","","","","","","","","","","","","","","","","","","","","","","","","","","","","","","","","","","","","","","","","","","","","","","","","","","","","","","","","","","","","","","","","","","","","","",
"T10","whole country","I04110","Sporting event tickets","T[14101.ausgabe]","CPI[2020=100]","2020=100","","","","","","","","","","","","","","","","","","","","","","","","","","","","","","","","","","","","","","","","","","","","","","","","","","","","","","","","","","","","","","","","","","","","","","","","","","","","","","","","","","","","","","","","","","","","","","","","","","","","","","","","","","","","","","","","","","","","","","","","","","","","","","","","","","","","","","","","","","","","","","","","","","","","","","","","","","","","","","","","","","","","","","","","","","","","","","","","","","","","","17.974","17.974","17.974","18.061","18.061","18.061","18.061","18.061","18.061","18.325","21.541","22.775","23.261","23.261","23.261","23.261","23.261","23.788","25.33","25.33","25.374","25.418","25.418","25.418","25.418","24.316","24.493","24.45","24.45","24.45","24.45","24.45","24.45","24.845","24.845","24.845","24.845","24.845","24.845","24.845","24.845","24.845","24.845","24.845","24.845","24.845","24.845","24.845","24.845","24.845","24.845","24.845","24.845","24.845","24.845","24.845","24.845","24.845","24.845","24.845","24.845","24.845","24.845","24.845","24.845","24.845","24.845","24.845","24.845","24.845","24.845","24.845","24.845","24.845","24.845","24.845","24.845","24.845","24.845","24.845","24.845","24.845","24.845","24.845","24.845","24.845","24.845","24.845","24.845","24.845","24.845","24.845","24.845","24.845","24.845","24.845","24.845","24.845","24.845","24.845","24.845","24.845","24.845","24.845","24.845","24.845","24.845","24.845","24.845","24.845","24.845","24.845","24.845","24.845","24.845","24.845","24.845","24.845","24.845","24.845","24.845","24.845","24.845","24.845","24.845","24.845","24.845","24.845","24.845","24.845","24.845","24.845",
"T10","whole country","I042","Cultural services","T[14101.ausgabe]","CPI[2020=100]","2020=100","","","","","","","","","","","","","","","","","","","","","","","","","","","","","","","","","","","","","","","","","","","","","","","","","","","","","","","","","","","","","","","","","","","","","","","","","","","","","","","","","","","","","","","","","","","","","","","","","","","","","","","","","","","","","","","","","","","","","","","","","","","","","","","","","","","","","","","","","","","","","","","","","","","","","","","","","","","","","","","","","","","","","","","","","","","","","","","","","","","","","","","","","","","","","","","","","","","","","","","","","","","","","","","","","","","","","","","","","","","","","","","","","","","","","","","","","","","","","","","","","50.471","50.522","50.573","50.573","50.725","50.777","50.929","50.981","51.134","51.439","51.541","51.489","51.489","51.694","52","52.05","52.05","52","52.101","52.101","52.508","52.61","52.712","52.916","52.712","53.068","53.018","53.068","52.916","53.018","53.018","53.119","53.17","53.068","53.272","53.222","53.374","53.578","53.526","53.629","53.678","53.833","53.984","53.934","53.883","54.036","54.342","54.239","54.597","54.902","55.31","55.36","55.462","55.411","55.565","55.921","56.226","56.175","56.379","56.48","56.855","57.029","57.258","57.432","57.606","57.606","57.895","58.126","58.299","58.357","58.415","58.473",
"T10","whole country","I04201","Movie tickets","T[14101.ausgabe]","CPI[2020=100]","2020=100","","","","","","","","","","","","","","","","","","","","","","","","","","","","","","","","","","","","","","","","","","","","","","","","","","","","","","","","","","","","","","","","","","","","","","","","","","","","","","","","","","","","","","","","","","","","","","","","","","","","","","","","","","","","","","","","","","","","","","","","","3.374","3.449","3.599","3.736","3.652","3.59","3.679","3.396","3.501","3.683","3.834","3.613","4.03","4.712","4.181","4.288","4.321","4.321","4.364","4.347","4.259","4.528","4.44","4.44","4.44","4.619","4.577","4.607","4.681","4.652","4.635","4.495","4.48","4.764","4.857","4.829","5.159","5.282","5.304","5.272","5.244","5.383","5.504","5.661","5.918","6.403","6.593","6.546","7.167","7.35","7.552","7.735","8.092","8.466","8.588","9.067","9.326","9.374","9.374","9.568","10.004","10.221","10.951","10.905","11.263","11.334","11.375","11.895","11.8","12.468","12.641","12.728","13.059","13.507","13.688","13.558","13.441","13.332","13.41","13.578","13.658","14.572","14.664","14.324","15.394","15.989","16.041","16.095","15.853","15.923","15.901","15.944","15.994","16.683","17.002","16.332","16.895","16.822","16.899","16.676","16.587","16.603","16.574","16.899","17.112","17.125","16.95","16.95","16.851","17.661","17.534","17.342","17.556","17.48","18.033","18.255","18.492","18.485","18.435","18.211","17.958","18.252","18.302","18.142","18.449","18.628","18.962","19.055","19.162","19.813","20.063","19.897","19.933","20.483","20.841","20.745","20.649","20.766","21.033","21.159","21.414","21.666","21.764","21.883","21.029","21.811","21.653","21.647","21.256","21.554","21.71","22.071","22.376","22.187","22.905","22.563","22.996","23.362","23.257","23.629","23.586","24.067","24.358","24.096","23.912","24.244","25.027","24.78","25.747","26.484","26.943","27.064","27.27","27.02","27.282","27.569","28.002","27.719","28.012","28.024","28.382","28.982","29.9","30.154","29.609","29.75","30.16","30.585","31.218","31.436","32.33","32.054",
"T10","whole country","I04204","Private study room fees","T[14101.ausgabe]","CPI[2020=100]","2020=100","","","","","","","","","","","","","","","","","","","","","","","","","","","","","","","","","","","","","","","","","","","","","","","","","","","","","","","","","","","","","","","","","","","","","","","","","","","","","","","","","","","","","","","","","","","","","","","","","","","","","","","","","","","","","","","","","","","","","","","","","6.109","6.109","6.109","6.109","6.109","6.109","6.109","6.109","6.109","6.109","6.109","6.109","6.109","6.109","6.109","6.109","6.109","6.109","6.109","6.109","6.109","6.109","6.109","6.109","6.109","6.109","6.109","6.109","6.109","6.109","6.109","6.109","6.109","6.223","6.223","6.223","6.223","6.223","6.223","6.623","6.851","6.851","6.851","6.851","6.851","6.851","6.909","6.909","6.909","6.909","6.909","6.909","6.909","6.909","7.08","7.536","7.592","7.65","7.707","7.707","7.936","7.936","7.936","8.336","9.363","12.56","12.846","12.903","12.903","13.132","13.132","13.132","13.132","13.132","13.188","13.359","14.387","14.844","16.785","17.527","17.527","17.755","17.755","17.984","19.013","19.069","19.069","19.468","19.639","19.639","19.639","19.639","19.639","19.639","19.639","19.639","20.667","20.667","20.724","22.894","22.951","22.951","22.951","22.951","22.951","22.951","22.951","22.951","22.951","22.951","22.951","22.951","22.951","22.951","22.951","22.951","22.951","22.951","23.009","23.009","23.579","23.579","23.579","23.579","23.636","23.636","23.636","23.864","25.634","26.205","26.319","26.376","26.376","26.605","27.804","27.804","27.86","27.86","27.975","28.26","30.658","30.658","30.887","31.116","31.116","31.8","32.085","32.314","32.371","32.371","32.085","32.371","32.371","32.371","32.371","32.885","32.885","33.684","33.684","33.57","33.57","33.57","33.913","33.913","33.913","34.084","34.084","34.084","34.312","34.769","36.711","36.711","36.711","36.824","37.281","38.651","38.651","38.651","39.108","39.336","39.679","39.792","39.85","39.85","39.792","39.679","39.679","39.85","39.85","39.85","39.85","39.85",
"T10","whole country","I04207","TV license fees","T[14101.ausgabe]","CPI[2020=100]","2020=100","","","","","","","","","","","","","","","","","","","","","","","","","","","","","","","","","","","","","","","","","","","","","","","","","","","","","","","","","","","","","","","","","","","","","","","","","","","","","","","","","","","","","","","","","","","","","","","","","","","","","","","","","","","","","","","","","","","","","","","","","","","","","","","","","","","","","","","","","","","","","","","","","","","","","","","","","","","","","","","","","","","","","","","","","","","","","","","","","","","","","","","","","","","","","","","","","","","","","","","","","","","","","","","","","","","","","","","","","","","","","","","","","","","","","","","","","","","","","","","","","95.345","95.345","95.345","95.345","95.345","95.345","95.345","95.345","95.345","95.345","95.345","95.345","95.345","95.345","95.345","95.345","95.345","95.345","95.345","95.345","95.345","95.345","95.345","95.345","95.345","95.345","95.345","95.345","95.345","95.345","95.345","95.345","95.345","95.345","95.345","95.345","95.345","95.345","95.345","95.345","95.345","95.345","95.345","95.345","95.345","95.345","95.345","95.345","95.345","95.345","95.345","95.345","95.345","95.345","95.345","95.345","95.345","95.345","95.345","95.345","95.345","95.345","95.345","95.345","95.345","95.345","95.345","95.345","95.345","95.345","95.345","95.345",
"T10","whole country","I04208","Photography services","T[14101.ausgabe]","CPI[2020=100]","2020=100","","","","","","","","","","","","","","","","","","","","","","","","","","","","","","","","","","","","","","","","","","","","","","","","","","","","","","","","","","","","","","","","","","","","","","","","","","","","","","","","","","","","","","","","","","","","","","","","","","","","","","","","","","","","","","","","","","","","","","","","","","","","","","","","","","","","","","","","","","","","","","","","","","","","","","","","","","","","","","","","","","","","","","","","","","","","","","","","","","","","","","","","","","","","","","","","","","","","","","","","","","","","","","","","","","","","","","","","","","","","","","","","","","","","","","","","","","","","","","","","","45.569","45.569","45.569","45.569","45.569","45.569","45.569","45.569","45.115","45.115","45.115","45.115","45.115","45.115","45.115","45.115","45.16","44.933","44.842","44.569","44.569","44.569","44.569","45.16","45.478","45.478","45.296","45.342","45.342","45.206","45.206","44.887","44.706","44.524","44.388","44.388","44.115","43.934","43.888","43.843","43.797","43.797","43.797","43.797","43.797","43.934","43.934","43.934","43.934","43.797","43.752","43.752","43.843","43.843","43.797","43.934","44.388","44.661","44.752","44.797","44.896","44.896","44.942","45.078","45.671","45.763","45.991","45.991","45.991","46.036","46.036","46.174",
"T10","whole country","I05","09.5 Books , newspapers & stationery","T[14101.ausgabe]","CPI[2020=100]","2020=100","","","","","","","","","","","","","","","","","","","","","","","","","","","","","","","","","","","","","","","","","","","","","","","","","","","","","","","","","","","","","","","","","","","","","","","","","","","","","","","","","","","","","","","","","","","","","","","","","","","","","","","","","","","","","","","","","","","","","","","","","","","","","","","","","","","","","","","","","","","","","","","","","","","","","","","","","","","","","","","","","","","","","","","","","","","","","","","","","","","","","","","","","","","","","","","","","","","","","","","","","","","","","","","","","","","","","","","","","","","","","","","","","","","","","","","","","","","","","","","","","24.97","25.25","25.455","25.455","25.583","25.634","25.634","25.66","25.71","25.736","25.762","25.863","26.35","26.35","26.35","26.426","26.426","26.426","26.451","26.451","26.451","26.451","26.451","26.708","26.553","26.708","26.784","27.219","27.219","27.295","27.372","27.397","27.704","27.704","27.934","28.343","28.445","28.65","28.828","29.288","29.288","29.288","29.314","29.392","29.34","29.366","29.392","29.749","29.595","29.622","30.157","30.234","30.439","30.439","30.49","30.669","30.771","30.771","30.771","30.771","31.767","31.898","32.093","32.615","32.746","32.746","32.778","32.941","32.941","32.941","32.941","32.941",
"T10","whole country","I051","Books","T[14101.ausgabe]","CPI[2020=100]","2020=100","","","","","","","","","","","","","","","","","","","","","","","","","","","","","","","","","","","","","","","","","","","","","","","","","","","","","","","","","","","","","","","","","","","","","","","","","","","","","","","","","","","","","","","","","","","","","","","","","","","","","","","","","","","","","","","","","","","","","","","","","","","","","","","","","","","","","","","","","","","","","","","","","","","","","","","","","","","","","","","","","","","","","","","","","","","","","","","","","","","","","","","","","","","","","","","","","","","","","","","","","","","","","","","","","","","","","","","","","","","","","","","","","","","","","","","","","","","","","","","","","26.729","27.308","27.723","27.723","27.723","27.723","27.723","27.723","27.723","27.723","27.723","27.889","28.551","28.551","28.551","28.551","28.551","28.551","28.551","28.551","28.551","28.551","28.551","28.551","28.551","28.773","28.938","29.766","29.766","29.766","29.766","29.766","29.766","29.766","29.766","29.766","30.181","30.567","30.98","30.98","30.98","30.98","30.98","30.98","30.98","30.98","30.98","30.98","30.98","30.98","31.975","31.975","31.975","31.975","31.975","31.975","31.975","31.975","31.975","31.975","33.121","33.257","33.527","33.796","33.966","33.966","33.932","33.932","33.932","33.932","33.932","33.932",
"T10","whole country","I05102","Elementary school textbooks","T[14101.ausgabe]","CPI[2020=100]","2020=100","","","","","","","","","","","","","","","","","","","","","","","","","","","","","","","","","","","","","","","","","","","","","","","","","","","","","","","","","","","","","","","","","","","","","","","","","","","","","","","","","","","","","","","","","","","","","","","","","","","","","","","","","","","","","","","","","","","","","","","","","","","","","","","","","","","","","","","","","","","","","","","","","","","","","","","","","","","","","","","","","","","","","","","","","","","","","","","","","","","","","","","","","","","","","","","","","","","","","","","","","","","","","","","","","","","","","","","","","","","","","","","","","","","","","","","","","","","","","","","","","","","","","","","","","","","","","","","","","","","","","","","","","","","","","","","","","","","","","","","","","","","","","","","","","","","","","","","","","","","","","15.714","15.714","15.714","15.714","15.714","15.714","15.714","15.714","15.714","15.714","15.714","15.714",
"T10","whole country","I05103","Middle school textbooks","T[14101.ausgabe]","CPI[2020=100]","2020=100","","","","","","","","","","","","","","","","","","","","","","","","","","","","","","","","","","","","","","","","","","","","","","","","","","","","","","","","","","","","","","","","","","","","","","","","","","","","","","","","","","","","","","","","","","","","","","","","","","","","","","","","","","","","","","","","","","","","","","","","","","","","","","","","","","","","","","","","","","","","","","","","","","","","","","","","","","","","","","","","","","","","","","","","","","","","","","","","","","","","","","","","","","","","","","","","","","","","","","","","","","","","","","","","","","","","","","","","","","","","","","","","","","","","","","","","","","","","","","","","","","","","","","","","","","","","","","","","","","","","","","","","","","","","","","","","","","","","","","","","","","","","","","","","","","","","","","","","","","","","","22.239","22.239","22.239","22.239","22.239","22.239","22.123","22.066","22.066","22.066","22.066","22.066",
"T10","whole country","I05104","High school textbooks","T[14101.ausgabe]","CPI[2020=100]","2020=100","","","","","","","","","","","","","","","","","","","","","","","","","","","","","","","","","","","","","","","","","","","","","","","","","","","","","","","","","","","","","","","","","","","","","","","","","","","","","","","","","","","","","","","","","","","","","","","","","","","","","","","","","","","","","","","","","","","","","","","","","","","","","","","","","","","","","","","","","","","","","","","","","","","","","","","","","","","","","","","","","","","","","","","","","","","","","","","","","","","","","19.447","20.868","20.868","20.868","20.868","20.868","20.868","20.868","20.868","20.868","20.868","20.868","20.868","24.346","24.346","24.346","24.346","24.346","24.346","24.346","24.346","24.346","24.346","24.346","24.346","24.346","26.452","26.452","26.452","26.452","26.452","26.452","26.452","26.452","26.452","26.452","26.452","26.894","26.894","26.894","26.894","26.894","26.894","26.894","26.894","26.894","26.894","26.894","26.894","26.894","26.894","26.894","26.894","26.894","26.894","26.894","26.894","26.894","26.894","26.894","27.579","28.952","28.952","28.952","28.952","28.952","28.952","28.952","28.952","28.952","28.952","29.343","30.274","30.274","30.274","30.274","30.274","30.274","30.274","30.274","30.274","30.274","30.274","30.274","30.274","30.274","30.274","32.234","32.234","32.234","32.234","32.234","32.234","32.234","32.234","32.234","32.234","33.163","33.604","33.604","33.604","33.604","33.604","33.604","33.604","33.604","33.604","33.604","33.604","33.604","34.976","34.976","34.976","34.976","34.976","34.976","34.976","34.976","34.976","34.976","35.418","36.104","36.104","36.495","37.279","37.279","37.279","37.279","37.279","37.279","37.279","37.279",
"T10","whole country","I05106","Books","T[14101.ausgabe]","CPI[2020=100]","2020=100","","","","","","","","","","","","","","","","","","","","","","","","","","","","","","","","","","","","","","","","","","","","","","","","","","","","","","","","","","","","","","","","","","","","","","","","","","","","","","","","","","","","","","","","","","","","","","","","","","","","","","","","","","","","","","","","","","","","","","","","","","","","","","","","","","","","","","","","","","","","","","","","","","","","","","","","","","","","","","","","","","","","","","","","","","","","","","","","","","","","","23.525","27.505","29.419","29.419","29.419","29.419","29.419","29.419","29.419","29.419","29.419","29.419","29.419","29.419","29.419","29.419","29.419","29.419","41.207","41.207","41.207","41.207","41.207","41.207","41.207","41.207","41.207","41.207","41.207","41.207","41.207","41.207","41.207","41.207","41.207","41.207","41.207","41.207","41.207","41.207","41.207","41.207","41.207","41.207","41.207","41.207","41.207","41.207","41.207","41.207","41.207","41.207","41.207","41.207","41.207","41.207","41.207","41.207","41.207","41.207","41.207","41.207","41.207","41.207","41.207","41.207","41.207","41.207","41.207","41.207","41.207","41.207","41.207","41.207","41.207","41.207","41.207","41.207","41.207","41.207","41.207","41.207","41.207","41.207","41.207","41.207","41.207","41.207","41.207","41.207","41.207","41.207","41.207","41.207","41.207","41.207","41.207","41.207","41.207","41.207","41.207","41.207","41.207","41.207","41.207","41.207","41.207","41.207","41.207","41.207","41.207","41.207","41.207","41.207","41.207","41.207","41.207","41.207","41.207","41.207","41.207","41.207","41.207","41.207","41.207","41.207","41.207","41.207","41.207","41.207","41.207","41.207",
"T10","whole country","I052","Newspapers and periodicals","T[14101.ausgabe]","CPI[2020=100]","2020=100","","","","","","","","","","","","","","","","","","","","","","","","","","","","","","","","","","","","","","","","","","","","","","","","","","","","","","","","","","","","","","","","","","","","","","","","","","","","","","","","","","","","","","","","","","","","","","","","","","","","","","","","","","","","","","","","","","","","","","","","","","","","","","","","","","","","","","","","","","","","","","","","","","","","","","","","","","","","","","","","","","","","","","","","","","","","","","","","","","","","","","","","","","","","","","","","","","","","","","","","","","","","","","","","","","","","","","","","","","","","","","","","","","","","","","","","","","","","","","","","","18.011","18.011","18.011","18.011","18.011","18.011","18.011","18.011","18.011","18.011","18.011","18.011","18.515","18.515","18.515","18.731","18.731","18.731","18.731","18.731","18.731","18.731","18.731","19.542","19.073","19.073","19.073","19.073","19.073","19.073","19.163","19.163","19.83","19.83","19.83","21","20.515","20.262","20.136","21.649","21.649","21.649","21.649","21.901","21.774","21.774","21.774","22.946","22.442","22.442","22.442","22.442","22.442","22.442","22.442","22.442","22.442","22.442","22.442","22.442","22.601","22.601","22.601","25.065","25.065","25.216","25.366","26.648","26.648","26.648","26.648","26.648",
"T10","whole country","I05201","Newspaper","T[14101.ausgabe]","CPI[2020=100]","2020=100","","","","","","","","","","","","","","","","","","","","","","","","","","","","","","","","","","","","","","","","","","","","","","","","","","","","","","","","","","","","","","","","","","","","","","","","","","","","","","","","","","","","","","","","","","","","","","","","","","","","","","","","","","","","","","","","","","","","","","","","","5.833","5.833","5.833","5.833","5.833","5.833","5.833","5.833","5.833","5.833","5.833","5.833","5.833","5.833","5.833","5.833","5.833","5.833","5.833","5.833","5.833","5.833","5.833","5.833","6.819","6.819","6.819","6.819","6.819","6.819","6.819","6.819","6.819","6.819","6.819","6.819","6.819","8.79","8.79","8.79","8.79","8.79","8.79","8.79","8.79","8.79","8.79","8.79","8.79","11.707","11.707","11.707","11.707","11.707","11.707","11.707","11.707","11.707","11.707","11.707","14.624","14.624","14.624","14.624","14.624","14.624","14.624","14.624","14.624","14.624","14.624","14.624","16.268","16.268","16.268","16.268","16.268","16.268","16.268","16.268","16.268","16.268","16.268","16.268","16.268","16.268","16.268","17.54","17.54","17.54","17.54","17.54","17.54","17.54","17.54","17.54","17.54","17.54","17.54","17.54","17.54","17.54","17.54","17.54","17.54","17.54","17.54","17.54","17.54","17.54","17.54","17.54","17.54","17.54","17.54","17.54","17.54","17.54","17.54","17.54","17.54","17.54","17.54","17.54","17.54","17.54","17.54","17.54","17.54","17.54","17.54","17.54","17.54","17.54","17.54","17.54","17.54","17.54","17.54","17.54","17.54","17.54","17.54","17.54","17.54","17.54","17.54","17.54","17.54","17.54","17.54","17.54","18.855","18.855","18.855","18.855","18.855","18.855","18.855","21.319","21.319","21.319","21.319","21.319","21.319","21.319","21.319","21.319","21.319","21.319","21.319","21.319","21.319","21.319","21.319","21.319","21.319","21.319","21.319","21.319","21.319","21.319","21.319","24.318","24.318","24.318","24.318","25.879","25.879","25.879","25.879","25.879",
"T10","whole country","I053","Stationery","T[14101.ausgabe]","CPI[2020=100]","2020=100","","","","","","","","","","","","","","","","","","","","","","","","","","","","","","","","","","","","","","","","","","","","","","","","","","","","","","","","","","","","","","","","","","","","","","","","","","","","","","","","","","","","","","","","","","","","","","","","","","","","","","","","","","","","","","","","","","","","","","","","","","","","","","","","","","","","","","","","","","","","","","","","","","","","","","","","","","","","","","","","","","","","","","","","","","","","","","","","","","","","","","","","","","","","","","","","","","","","","","","","","","","","","","","","","","","","","","","","","","","","","","","","","","","","","","","","","","","","","","","","","26.641","26.669","26.669","26.669","27.188","27.434","27.516","27.626","27.873","27.954","28.009","28.064","28.064","28.09","28.145","28.2","28.2","28.2","28.2","28.2","28.2","28.2","28.228","28.255","28.282","28.364","28.42","28.446","28.446","28.746","29.047","29.129","29.54","29.568","30.743","30.853","31.017","31.455","31.592","31.509","31.455","31.482","31.592","31.619","31.592","31.701","31.729","31.755","31.811","31.892","31.975","32.358","33.343","33.343","33.506","34.437","34.846","34.902","34.902","34.929","35.155","35.19","35.261","35.332","35.367","35.367","35.332","35.332","35.332","35.367","35.438","35.474",
"T10","whole country","I05301","Paper stationery","T[14101.ausgabe]","CPI[2020=100]","2020=100","","","","","","","","","","","","","","","","","","","","","","","","","","","","","","","","","","","","","","","","","","","","","","","","","","","","","","","","","","","","","","","","","","","","","","","","","","","","","","","","","","","","","","","","","","","","","","","","","","","","","","","","","","","","","","","","","","","","","","","","","","","","","","","","","","","","","","","","","","","","","","","","","","","","","","","","","","","","","","","","","","","","","","","","","","","","","","","","","","","","","","","","","","","","","","","","","","","","","","","","","","","","","","","","","","","","","","","","","","","","","","","","","","","","","","","","","","","","","","","","","33.789","33.789","33.789","33.789","33.993","34.061","34.061","34.061","34.061","34.061","34.061","34.061","34.061","34.061","34.061","34.061","34.061","34.061","34.061","34.061","34.061","34.061","34.061","34.061","34.095","34.129","34.129","34.197","34.197","34.808","35.351","35.419","36.065","36.065","37.966","38.102","38.544","39.291","39.461","39.291","39.155","39.155","39.223","39.257","39.223","39.223","39.257","39.291","39.427","39.325","39.291","39.8","40.683","40.683","40.683","40.819","40.819","40.819","40.819","40.819","41.171","41.13","41.048","41.048","41.048","41.048","41.007","41.007","41.007","41.007","41.007","41.007",
"T10","whole country","I05303","Writing tools","T[14101.ausgabe]","CPI[2020=100]","2020=100","","","","","","","","","","","","","","","","","","","","","","","","","","","","","","","","","","","","","","","","","","","","","","","","","","","","","","","","","","","","","","","","","","","","","","","","","","","","","","","","","","","","","","","","","","","","","","","","","","","","","","","","","","","","","","","","","","","","","","","","","","","","","","","","","","","","","","","","","","","","","","","","","","","","","","","","","","","","","","","","","","","","","","","","","","","","","","","","","","","","","","","","","","","","","","","","","","","","","","","","","","","","","","","","","","","","","","","","","","","","","","","","","","","","","","","","","","","","","","","","","24.678","24.678","24.678","24.678","24.678","24.678","24.678","24.678","24.803","24.877","24.877","24.877","25","25","25","25","25","25","25","25","25","25","25","25","25","25.322","25.47","25.47","25.47","25.47","25.519","25.717","26.088","26.212","26.954","27.226","26.88","27.201","27.251","27.275","27.275","27.449","27.77","27.77","27.77","27.795","27.819","27.819","27.819","27.869","27.869","27.869","27.869","27.869","28.116","29.278","29.327","29.303","29.303","29.303","28.732","28.938","29.027","29.441","29.559","29.559","29.589","29.62","29.62","29.62","30.565","30.861",
"T10","whole country","I05304","Art supplies","T[14101.ausgabe]","CPI[2020=100]","2020=100","","","","","","","","","","","","","","","","","","","","","","","","","","","","","","","","","","","","","","","","","","","","","","","","","","","","","","","","","","","","","","","","","","","","","","","","","","","","","","","","","","","","","","","","","","","","","","","","","","","","","","","","","","","","","","","","","","","","","","","","","11.612","12.04","12.2","12.414","12.414","12.414","12.414","12.414","12.414","12.414","12.414","12.414","12.414","12.414","12.414","12.414","12.414","12.414","12.414","12.414","12.414","12.414","12.414","12.414","12.629","12.735","12.735","12.735","12.735","12.735","12.735","12.735","12.735","12.735","12.735","12.735","12.735","12.735","13.859","15.838","15.838","15.838","15.838","15.838","15.838","15.838","15.838","15.838","15.838","15.838","15.838","15.838","15.838","15.838","15.838","15.838","16.267","16.533","16.533","16.533","16.533","16.815","17.545","18.048","18.302","18.302","18.302","18.302","19.274","19.274","19.274","19.386","19.413","19.498","20.369","20.51","20.51","20.51","20.51","20.51","20.51","20.396","20.396","20.396","20.424","20.48","20.565","20.565","20.704","20.704","20.704","20.704","20.704","20.704","20.704","20.704","20.733","20.733","20.76","20.76","20.76","20.76","20.76","20.76","20.76","20.76","20.76","20.76","20.76","20.76","20.76","20.76","20.76","20.76","21.012","21.43","21.43","21.43","21.43","21.43","21.402","21.43","21.43","21.43","21.43","21.485","21.795","22.304","22.784","22.924","23.231","23.759","23.814","23.897","24.482","24.954","24.954","24.981","25.065","25.065","25.065","25.065","25.065","25.065","25.065","25.176","25.287","25.287","25.287","25.287","25.343","25.371","25.343","25.314","25.455","25.455","25.455","25.568","25.735","25.735","25.735","25.735","25.735","25.817","25.817","26.069","26.153","26.153","26.153","26.935","27.525","28.085","30.579","30.691","31.612","35.61","37.659","37.911","37.939","38.051","38.189","38.415","39.228","39.62","39.62","39.62","39.62","39.62","39.62","39.62","39.62","39.62",
"T10","whole country","J","10 Education","T[14101.ausgabe]","CPI[2020=100]","2020=100","","","","","","","","","","","","","","","","","","","","","","","","","","","","","","","","","","","","","","","","","","","","","","","","","","","","","","","","","","","","","","","","","","","","","","","","","","","","","","","","","","","","","","","","","","","","","","","","","","","","","","","","","","","","","","","","","","","","","","","","","","","","","","","","","","","","","","","","","","","","","","","","","","","","","","","","","","","","","","","","","","","","","","","","","","","","","","","","","","","","","","","","","","","","","","","","","","","","","","","","","","","","","","","","","","","","","","","","","","","","","","","","","","","","","","","","","","","","","","","","","17.025","17.025","17.461","17.497","17.497","17.497","17.514","17.532","17.548","17.566","17.566","17.619","17.635","17.688","18.264","18.334","18.334","18.334","18.334","18.334","18.334","18.351","18.351","18.351","18.455","18.509","19.38","19.38","19.399","19.399","19.414","19.414","19.414","19.414","19.433","19.572","19.607","19.677","21.351","21.387","21.369","21.369","21.369","21.369","21.369","21.369","21.369","21.369","21.473","21.579","22.781","23.148","23.148","23.289","23.289","23.34","23.462","23.462","23.462","23.462","24.306","24.489","26.102","26.284","26.336","26.387","26.387","26.387","26.415","26.415","26.415","26.415",
"T10","whole country","J01","10.1 Pre-primary and primary education","T[14101.ausgabe]","CPI[2020=100]","2020=100","","","","","","","","","","","","","","","","","","","","","","","","","","","","","","","","","","","","","","","","","","","","","","","","","","","","","","","","","","","","","","","","","","","","","","","","","","","","","","","","","","","","","","","","","","","","","","","","","","","","","","","","","","","","","","","","","","","","","","","","","","","","","","","","","","","","","","","","","","","","","","","","","","","","","","","","","","","","","","","","","","","","","","","","","","","","","","","","","","","","","","","","","","","","","","","","","","","","","","","","","","","","","","","","","","","","","","","","","","","","","","","","","","","","","","","","","","","","","","","","","12.258","12.258","12.437","12.857","12.87","12.87","12.87","12.87","12.87","12.87","12.87","12.87","12.87","12.881","13.48","13.505","13.505","13.505","13.505","13.505","13.518","13.557","13.557","13.557","13.557","13.557","14.549","14.549","14.574","14.626","14.626","14.626","14.626","14.626","14.626","14.626","14.626","14.689","16.344","16.421","16.471","16.471","16.471","16.471","16.471","16.471","16.471","16.471","16.471","16.522","18.635","18.991","18.991","19.119","19.145","19.145","19.145","19.145","19.145","19.145","20.083","20.391","23.603","24.267","24.29","24.385","24.385","24.385","24.432","24.432","24.432","24.503",
"T10","whole country","J011","Pre-primary and primary education","T[14101.ausgabe]","CPI[2020=100]","2020=100","","","","","","","","","","","","","","","","","","","","","","","","","","","","","","","","","","","","","","","","","","","","","","","","","","","","","","","","","","","","","","","","","","","","","","","","","","","","","","","","","","","","","","","","","","","","","","","","","","","","","","","","","","","","","","","","","","","","","","","","","","","","","","","","","","","","","","","","","","","","","","","","","","","","","","","","","","","","","","","","","","","","","","","","","","","","","","","","","","","","","","","","","","","","","","","","","","","","","","","","","","","","","","","","","","","","","","","","","","","","","","","","","","","","","","","","","","","","","","","","","12.258","12.258","12.437","12.857","12.87","12.87","12.87","12.87","12.87","12.87","12.87","12.87","12.87","12.881","13.48","13.505","13.505","13.505","13.505","13.505","13.518","13.557","13.557","13.557","13.557","13.557","14.549","14.549","14.574","14.626","14.626","14.626","14.626","14.626","14.626","14.626","14.626","14.689","16.344","16.421","16.471","16.471","16.471","16.471","16.471","16.471","16.471","16.471","16.471","16.522","18.635","18.991","18.991","19.119","19.145","19.145","19.145","19.145","19.145","19.145","20.083","20.391","23.603","24.267","24.29","24.385","24.385","24.385","24.432","24.432","24.432","24.503",
"T10","whole country","J01101","Kindergarten fees","T[14101.ausgabe]","CPI[2020=100]","2020=100","","","","","","","","","","","","","","","","","","","","","","","","","","","","","","","","","","","","","","","","","","","","","","","","","","","","","","","","","","","","","","","","","","","","","","","","","","","","","","","","","","","","","","","","","","","","","","","","","","","","","","","","","","","","","","","","","","","","","","","","","1.376","1.459","1.5","1.582","1.582","1.582","1.626","1.666","1.666","1.708","1.708","1.708","1.708","1.708","2.374","3.458","3.458","3.458","3.458","3.458","3.458","3.458","3.458","3.458","3.458","3.458","3.583","3.875","3.875","3.875","3.875","3.875","3.875","3.875","3.875","3.875","3.875","3.875","4.417","4.625","4.625","4.625","4.625","4.625","4.625","4.625","4.625","4.625","4.625","4.625","5.29","5.416","5.416","5.416","5.416","5.416","5.416","5.416","5.416","5.416","5.29","5.29","6.583","6.625","6.625","6.625","6.625","6.625","6.625","6.625","6.625","6.625","6.625","6.625","8.624","8.75","8.75","9.166","9.166","9.166","9.166","9.166","9.166","9.166","9.166","9.166","10.25","10.541","10.541","10.541","10.541","10.541","10.541","10.541","10.541","10.541","10.541","10.541","10.915","11.083","11.083","11.083","11.083","11.083","11.083","11.083","11.083","11.083","11.083","11.083","11.416","11.666","11.666","11.666","11.666","11.666","11.666","11.666","11.666","11.666","11.624","11.624","11.708","12.208","12.208","12.208","12.208","12.208","12.208","12.208","12.208","12.208","12.208","12.208","12.792","12.832","12.832","12.832","12.832","12.832","12.874","12.916","12.916","12.916","12.916","12.916","13.833","13.833","13.875","13.958","13.958","13.958","13.958","13.958","13.958","13.958","13.958","13.999","15.333","15.416","15.5","15.5","15.5","15.5","15.5","15.5","15.5","15.5","15.5","15.541","17.54","17.749","17.749","17.791","17.791","17.791","17.791","17.791","17.791","17.791","18.998","19.332","22.499","23.208","23.291","23.373","23.373","23.373","23.414","23.414","23.414","23.498",
"T10","whole country","J03","10.3 Tertiary education","T[14101.ausgabe]","CPI[2020=100]","2020=100","","","","","","","","","","","","","","","","","","","","","","","","","","","","","","","","","","","","","","","","","","","","","","","","","","","","","","","","","","","","","","","","","","","","","","","","","","","","","","","","","","","","","","","","","","","","","","","","","","","","","","","","","","","","","","","","","","","","","","","","","","","","","","","","","","","","","","","","","","","","","","","","","","","","","","","","","","","","","","","","","","","","","","","","","","","","","","","","","","","","","","","","","","","","","","","","","","","","","","","","","","","","","","","","","","","","","","","","","","","","","","","","","","","","","","","","","","","","","","","","","14.8","14.8","15.413","15.413","15.413","15.413","15.413","15.413","15.413","15.413","15.413","15.413","15.413","15.413","15.917","15.917","15.917","15.917","15.917","15.917","15.917","15.917","15.917","15.917","15.917","15.917","16.484","16.484","16.484","16.484","16.484","16.484","16.484","16.484","16.484","16.484","16.484","16.484","18.076","18.076","18.076","18.076","18.076","18.076","18.076","18.076","18.076","18.076","18.076","18.076","18.474","18.687","18.687","19.01","19.01","19.01","19.239","19.239","19.239","19.239","19.18","19.18","20.885","21.328","21.517","21.517","21.517","21.517","21.517","21.517","21.517","21.517",
"T10","whole country","J031","Tertiary education","T[14101.ausgabe]","CPI[2020=100]","2020=100","","","","","","","","","","","","","","","","","","","","","","","","","","","","","","","","","","","","","","","","","","","","","","","","","","","","","","","","","","","","","","","","","","","","","","","","","","","","","","","","","","","","","","","","","","","","","","","","","","","","","","","","","","","","","","","","","","","","","","","","","","","","","","","","","","","","","","","","","","","","","","","","","","","","","","","","","","","","","","","","","","","","","","","","","","","","","","","","","","","","","","","","","","","","","","","","","","","","","","","","","","","","","","","","","","","","","","","","","","","","","","","","","","","","","","","","","","","","","","","","","14.8","14.8","15.413","15.413","15.413","15.413","15.413","15.413","15.413","15.413","15.413","15.413","15.413","15.413","15.917","15.917","15.917","15.917","15.917","15.917","15.917","15.917","15.917","15.917","15.917","15.917","16.484","16.484","16.484","16.484","16.484","16.484","16.484","16.484","16.484","16.484","16.484","16.484","18.076","18.076","18.076","18.076","18.076","18.076","18.076","18.076","18.076","18.076","18.076","18.076","18.474","18.687","18.687","19.01","19.01","19.01","19.239","19.239","19.239","19.239","19.18","19.18","20.885","21.328","21.517","21.517","21.517","21.517","21.517","21.517","21.517","21.517",
"T10","whole country","J03101","Tuition(vocational college)","T[14101.ausgabe]","CPI[2020=100]","2020=100","","","","","","","","","","","","","","","","","","","","","","","","","","","","","","","","","","","","","","","","","","","","","","","","","","","","","","","","","","","","","","","","","","","","","","","","","","","","","","","","","","","","","","","","","","","","","","","","","","","","","","","","","","","","","","","","","","","","","","","","","","","","","","","","","","","","","","","","","","","","","","","","","","","","","","","","","","","","","","","","","","","","","","","","","","","","","","","","","","","","","","","","","","","","","","","","","","","","","","","","","","","","","","","","","","","","","","","","","","","","","","","","","","","","","","","","","","","","","","","","","10.899","10.899","11.551","11.551","11.551","11.551","11.551","11.551","11.551","11.551","11.551","11.551","11.551","11.551","12.242","12.242","12.242","12.242","12.242","12.242","12.242","12.242","12.242","12.242","12.242","12.242","12.811","12.811","12.811","12.811","12.811","12.811","12.811","12.811","12.811","12.811","12.811","12.811","13.95","13.95","13.95","13.95","13.95","13.95","13.95","13.95","13.95","13.95","13.95","13.95","14.071","14.153","14.153","14.153","14.153","14.153","14.275","14.275","14.275","14.275","14.316","14.316","16.755","16.755","16.755","16.755","16.755","16.755","16.755","16.755","16.755","16.755",
"T10","whole country","J03102","Tuition (public university)","T[14101.ausgabe]","CPI[2020=100]","2020=100","","","","","","","","","","","","","","","","","","","","","","","","","","","","","","","","","","","","","","","","","","","","","","","","","","","","","","","","","","","","","","","","","","","","","","","","","","","","","","","","","","","","","","","","","","","","","","","","","","","","","","","","","","","","","","","","","","","","","","","","","2.998","2.998","4.394","4.394","4.394","4.394","4.394","4.394","5.339","5.339","5.339","5.339","5.339","5.339","5.462","5.462","5.462","5.462","5.462","5.462","5.421","5.421","5.421","5.421","5.421","5.421","5.833","5.833","5.833","5.833","5.833","5.833","5.833","5.833","5.833","5.833","5.833","5.833","6.283","6.283","6.283","6.283","6.283","6.283","6.366","6.366","6.366","6.366","6.366","6.366","7.27","7.27","7.27","7.27","7.27","7.27","7.27","7.27","7.27","7.27","7.27","7.27","9.487","9.487","9.487","9.487","9.487","9.487","9.487","9.487","9.487","9.487","9.487","9.487","13.307","13.307","13.307","13.307","13.307","13.307","13.307","13.307","13.307","13.307","13.307","13.307","14.827","14.827","14.827","14.827","14.827","14.827","14.827","14.827","14.827","14.827","14.827","14.827","17.742","17.742","17.742","17.742","17.742","17.742","17.742","17.742","17.742","17.742","17.742","17.742","19.92","19.92","19.92","19.92","19.92","19.92","19.92","19.92","19.92","19.92","19.92","19.92","20.741","20.741","20.741","20.741","20.741","20.741","20.741","20.741","20.741","20.741","20.741","20.741","21.44","21.44","21.44","21.44","21.44","21.44","21.44","21.44","21.44","21.44","21.44","21.44","21.48","21.48","21.48","21.48","21.48","21.48","21.48","21.48","21.48","21.48","21.48","21.48","22.918","22.918","22.918","22.918","22.918","22.918","22.959","22.959","22.959","22.959","22.959","22.959","23.781","24.233","24.233","24.233","24.233","24.233","24.233","24.233","24.233","24.233","23.781","23.781","25.26","25.26","25.26","25.26","25.26","25.26","25.26","25.26","25.26","25.26",
"T10","whole country","J03103","Tuition (private university)","T[14101.ausgabe]","CPI[2020=100]","2020=100","","","","","","","","","","","","","","","","","","","","","","","","","","","","","","","","","","","","","","","","","","","","","","","","","","","","","","","","","","","","","","","","","","","","","","","","","","","","","","","","","","","","","","","","","","","","","","","","","","","","","","","","","","","","","","","","","","","","","","","","","2.745","2.745","3.736","3.736","3.736","3.736","3.736","3.736","3.917","3.917","3.917","3.917","3.917","3.917","4.861","4.861","4.861","4.861","4.861","4.861","4.861","4.861","4.861","4.861","4.861","4.861","5.717","5.717","5.717","5.717","5.717","5.717","5.717","5.717","5.717","5.717","5.717","5.717","6.527","6.527","6.527","6.527","6.527","6.527","6.527","6.527","6.527","6.527","6.527","6.527","7.878","7.878","7.878","7.878","7.878","7.878","7.922","7.922","7.922","7.922","7.922","7.922","9.632","9.632","9.632","9.632","9.632","9.632","9.587","9.587","9.587","9.587","9.587","9.587","11.973","11.973","11.973","11.973","11.973","11.973","11.973","11.973","11.973","11.973","11.973","11.973","13.819","13.819","13.819","13.819","13.819","13.819","13.819","13.819","13.819","13.819","13.819","13.819","15.034","15.034","15.034","15.034","15.034","15.034","15.034","15.034","15.034","15.034","15.034","15.034","15.619","15.619","15.619","15.619","15.619","15.619","15.619","15.619","15.619","15.619","15.619","15.619","16.204","16.204","16.204","16.204","16.204","16.204","16.204","16.204","16.204","16.204","16.204","16.204","16.655","16.655","16.655","16.655","16.655","16.655","16.655","16.655","16.655","16.655","16.655","16.655","17.33","17.33","17.33","17.33","17.33","17.33","17.33","17.33","17.33","17.33","17.33","17.33","19.175","19.175","19.175","19.175","19.175","19.175","19.175","19.175","19.175","19.175","19.175","19.175","19.579","19.76","19.76","20.3","20.3","20.3","20.615","20.615","20.615","20.615","20.615","20.615","22.055","22.866","23.181","23.181","23.181","23.181","23.181","23.181","23.181","23.181",
"T10","whole country","J04","10.4 Education not definable by level","T[14101.ausgabe]","CPI[2020=100]","2020=100","","","","","","","","","","","","","","","","","","","","","","","","","","","","","","","","","","","","","","","","","","","","","","","","","","","","","","","","","","","","","","","","","","","","","","","","","","","","","","","","","","","","","","","","","","","","","","","","","","","","","","","","","","","","","","","","","","","","","","","","","","","","","","","","","","","","","","","","","","","","","","","","","","","","","","","","","","","","","","","","","","","","","","","","","","","","","","","","","","","","","","","","","","","","","","","","","","","","","","","","","","","","","","","","","","","","","","","","","","","","","","","","","","","","","","","","","","","","","","","","","17.605","17.605","17.658","17.658","17.658","17.658","17.712","17.783","17.836","17.906","17.906","18.174","18.28","18.511","18.778","19.115","19.115","19.115","19.115","19.115","19.115","19.132","19.132","19.132","19.613","19.861","20.021","20.056","20.056","20.039","20.145","20.18","20.18","20.18","20.18","20.873","21.069","21.335","22.312","22.401","22.277","22.277","22.294","22.294","22.294","22.294","22.294","22.294","22.738","23.255","24.693","24.693","24.728","24.764","24.782","24.996","25.208","25.208","25.208","25.208","26.899","27.232","27.702","27.702","27.729","27.841","27.841","27.813","27.841","27.841","27.868","27.813",
"T10","whole country","J041","Private institutions and supplementary education","T[14101.ausgabe]","CPI[2020=100]","2020=100","","","","","","","","","","","","","","","","","","","","","","","","","","","","","","","","","","","","","","","","","","","","","","","","","","","","","","","","","","","","","","","","","","","","","","","","","","","","","","","","","","","","","","","","","","","","","","","","","","","","","","","","","","","","","","","","","","","","","","","","","","","","","","","","","","","","","","","","","","","","","","","","","","","","","","","","","","","","","","","","","","","","","","","","","","","","","","","","","","","","","","","","","","","","","","","","","","","","","","","","","","","","","","","","","","","","","","","","","","","","","","","","","","","","","","","","","","","","","","","","","17.34","17.34","17.34","17.34","17.34","17.34","17.392","17.445","17.497","17.566","17.566","17.845","17.968","18.195","18.473","18.822","18.822","18.822","18.822","18.822","18.822","18.822","18.822","18.822","19.293","19.468","19.591","19.625","19.625","19.607","19.695","19.747","19.747","19.747","19.747","20.445","20.584","20.724","21.718","21.805","21.665","21.665","21.683","21.683","21.683","21.683","21.683","21.7","22.171","22.677","24.161","24.143","24.178","24.213","24.248","24.457","24.684","24.684","24.684","24.701","26.21","26.536","27.021","27.021","27.047","27.155","27.155","27.155","27.155","27.155","27.155","27.128",
"T10","whole country","J04101","Private education expenses(elementary school students)","T[14101.ausgabe]","CPI[2020=100]","2020=100","","","","","","","","","","","","","","","","","","","","","","","","","","","","","","","","","","","","","","","","","","","","","","","","","","","","","","","","","","","","","","","","","","","","","","","","","","","","","","","","","","","","","","","","","","","","","","","","","","","","","","","","","","","","","","","","","","","","","","","","","","","","","","","","","","","","","","","","","","","","","","","","","","","","","","","","","","","","","","","","","","","","","","","","","","","","","","","","","","","","","","","","","","","","","","","","","","","","","","","","","","","","","","","","","","","","","","","","","","","","","","","","","","","","","","","","","","","","","","","","","16.033","16.033","16.033","16.033","16.033","16.033","16.121","16.253","16.383","16.515","16.515","16.515","16.602","16.995","17.345","18.088","18.088","18.088","18.088","18.088","18.088","18.088","18.088","18.088","19.092","19.355","19.573","19.616","19.53","19.53","19.616","19.704","19.704","19.704","19.704","19.836","20.096","20.096","20.185","20.315","20.36","20.36","20.36","20.36","20.36","20.36","20.36","20.36","21.277","22.107","23.461","23.461","23.461","23.461","23.461","23.898","24.423","24.423","24.423","24.423","25.121","25.952","26.782","26.782","26.826","27.043","27.043","27.043","27","27","27","26.957",
"T10","whole country","J04103","Private education expenses(high school students)","T[14101.ausgabe]","CPI[2020=100]","2020=100","","","","","","","","","","","","","","","","","","","","","","","","","","","","","","","","","","","","","","","","","","","","","","","","","","","","","","","","","","","","","","","","","","","","","","","","","","","","","","","","","","","","","","","","","","","","","","","","","","","","","","","","","","","","","","","","","","","","","","","","","","","","","","","","","","","","","","","","","","","","","","","","","","","","","","","","","","","","","","","","","","","","","","","","","","","","","","","","","","","","","","","","","","","","","","","","","","","","","","","","","","","","","","","","","","","","","","","","","","","","","","","","","","","","","","","","","","","","","","","","","14.648","14.648","14.648","14.648","14.648","14.648","14.648","14.648","14.648","14.648","14.648","15.427","15.633","15.633","15.633","15.633","15.633","15.633","15.633","15.633","15.633","15.633","15.633","15.633","15.633","15.736","15.78","15.809","15.825","15.825","15.84","15.84","15.84","15.84","15.84","15.84","15.84","16.104","18.648","18.648","18.207","18.207","18.207","18.207","18.207","18.207","18.207","18.207","18.281","18.413","20.281","20.207","20.281","20.281","20.281","20.31","20.31","20.31","20.31","20.31","22.049","22.226","22.27","22.159","22.159","22.226","22.226","22.226","22.226","22.226","22.226","22.226",
"T10","whole country","J04104","Music classes","T[14101.ausgabe]","CPI[2020=100]","2020=100","","","","","","","","","","","","","","","","","","","","","","","","","","","","","","","","","","","","","","","","","","","","","","","","","","","","","","","","","","","","","","","","","","","","","","","","","","","","","","","","","","","","","","","","","","","","","","","","","","","","","","","","","","","","","","","","","","","","","","","","","","","","","","","","","","","","","","","","","","","","","","","","","","","","","","","","","","","","","","","","","","","","","","","","","","","","","","","","","","","","","","","","","","","","","","","","","","","","","","","","","","","","","","","","","","","","","","","","","","","","","","","","","","","","","","","","","","","","","","","","","19.374","19.374","19.374","19.374","19.374","19.374","19.374","19.374","19.374","19.374","19.374","19.374","19.374","19.594","20.078","20.078","20.078","20.078","20.078","20.078","20.078","20.078","20.078","20.078","20.078","20.166","20.166","20.21","20.166","20.166","20.166","20.166","20.166","20.21","20.255","23.249","23.249","23.336","23.38","23.512","23.6","23.6","23.6","23.6","23.6","23.6","23.6","23.6","23.6","23.733","24.524","24.613","24.657","24.789","24.922","24.922","24.922","24.922","24.922","24.922","26.066","26.374","27.3","27.3","27.3","27.431","27.431","27.431","27.519","27.519","27.519","27.563",
"T10","whole country","J04105","Art classes","T[14101.ausgabe]","CPI[2020=100]","2020=100","","","","","","","","","","","","","","","","","","","","","","","","","","","","","","","","","","","","","","","","","","","","","","","","","","","","","","","","","","","","","","","","","","","","","","","","","","","","","","","","","","","","","","","","","","","","","","","","","","","","","","","","","","","","","","","","","","","","","","","","","","","","","","","","","","","","","","","","","","","","","","","","","","","","","","","","","","","","","","","","","","","","","","","","","","","","","","","","","","","","","","","","","","","","","","","","","","","","","","","","","","","","","","","","","","","","","","","","","","","","","","","","","","","","","","","","","","","","","","","","","","","","","","","","","","","","","","","","","","","","","","","","","","","","","","","","","","","","","","","","","","","","","","","","","","","","","","","","","","","","","26.975","27.236","27.541","27.628","27.628","27.628","27.628","27.628","27.628","27.628","27.628","27.628",
"T10","whole country","J04107","Computer classes","T[14101.ausgabe]","CPI[2020=100]","2020=100","","","","","","","","","","","","","","","","","","","","","","","","","","","","","","","","","","","","","","","","","","","","","","","","","","","","","","","","","","","","","","","","","","","","","","","","","","","","","","","","","","","","","","","","","","","","","","","","","","","","","","","","","","","","","","","","","","","","","","","","","","","","","","","","","","","","","","","","","","","","","","","","","","","","","","","","","","","","","","","","","","","","","","","","","","","","","","","","","","","","","","","","","","","","","","","","","","","","","","","","","","","","","","","","","","","","","","","","","","","","","","","","","","","","","","","","","","","","","","","","","23.898","23.898","23.898","23.85","23.85","23.85","23.898","23.947","23.996","24.093","24.093","24.093","24.093","24.289","24.973","24.973","25.023","25.023","25.023","25.023","25.023","25.023","25.023","25.023","25.218","25.804","25.902","25.902","26.489","26.489","27.905","28.053","28.053","28.053","28.053","28.491","28.834","29.567","30.593","30.74","30.838","30.838","31.474","31.474","31.474","31.474","31.474","31.571","32.646","34.453","34.991","34.991","34.991","35.139","35.236","35.285","35.285","35.285","35.285","35.285","37.289","37.68","37.826","38.119","38.364","38.511","38.511","38.511","38.56","38.56","38.56","38.266",
"T10","whole country","J04108","Worksheet-based study programs","T[14101.ausgabe]","CPI[2020=100]","2020=100","","","","","","","","","","","","","","","","","","","","","","","","","","","","","","","","","","","","","","","","","","","","","","","","","","","","","","","","","","","","","","","","","","","","","","","","","","","","","","","","","","","","","","","","","","","","","","","","","","","","","","","","","","","","","","","","","","","","","","","","","","","","","","","","","","","","","","","","","","","","","","","","","","","","","","","","","","","","","","","","","","","","","","","","","","","","","","","","","","","","","","","","","","","","","","","","","","","","","","","","","","","","","","","","","","","","","","","","","","","","","","","","","","","","","","","","","","","","","","","","","","","","","","","","","","","","","","","","","","","","","","","","","","","","","","","","","","","","","","","","","","","","","","","","","","","","","","","","","","","","","26.951","26.951","29.383","29.383","29.383","29.383","29.383","29.383","29.383","29.383","29.383","29.383",
"T10","whole country","J042","Private institutions for adults & other education","T[14101.ausgabe]","CPI[2020=100]","2020=100","","","","","","","","","","","","","","","","","","","","","","","","","","","","","","","","","","","","","","","","","","","","","","","","","","","","","","","","","","","","","","","","","","","","","","","","","","","","","","","","","","","","","","","","","","","","","","","","","","","","","","","","","","","","","","","","","","","","","","","","","","","","","","","","","","","","","","","","","","","","","","","","","","","","","","","","","","","","","","","","","","","","","","","","","","","","","","","","","","","","","","","","","","","","","","","","","","","","","","","","","","","","","","","","","","","","","","","","","","","","","","","","","","","","","","","","","","","","","","","","","19.187","19.187","20.031","20.031","20.031","20.031","20.192","20.394","20.433","20.514","20.514","20.514","20.573","20.614","20.894","20.894","20.894","20.894","20.894","20.894","20.996","21.196","21.196","21.196","21.738","23.084","23.567","23.627","23.688","23.747","23.828","23.828","23.828","23.769","23.747","24.169","25.215","27.363","27.987","28.148","28.148","28.148","28.148","28.148","28.148","28.148","28.148","28.148","28.148","28.449","29.213","29.415","29.415","29.415","29.415","29.415","29.415","29.415","29.415","29.415","33.463","33.564","33.733","33.937","33.937","33.971","34.006","34.006","34.141","34.141","34.209","34.175",
"T10","whole country","J04202","Foreign language institutions","T[14101.ausgabe]","CPI[2020=100]","2020=100","","","","","","","","","","","","","","","","","","","","","","","","","","","","","","","","","","","","","","","","","","","","","","","","","","","","","","","","","","","","","","","","","","","","","","","","","","","","","","","","","","","","","","","","","","","","","","","","","","","","","","","","","","","","","","","","","","","","","","","","","","","","","","","","","","","","","","","","","","","","","","","","","","","","","","","","","","","","","","","","","","","","","","","","","","","","","","","","","","","","","8.71","8.71","8.749","8.749","8.749","9.803","9.998","10.037","10.037","10.037","10.037","10.037","10.037","10.037","10.037","10.037","11.757","12.187","12.187","12.187","12.187","12.342","12.577","12.577","12.616","12.616","13.865","14.295","14.335","14.335","14.335","14.335","14.335","14.335","14.335","14.335","14.335","14.335","14.685","14.843","14.843","14.843","14.843","14.843","14.843","14.843","14.843","14.843","14.843","14.843","14.881","15.193","15.115","15.115","15.115","15.115","15.115","15.115","15.115","15.115","15.155","15.155","15.818","15.818","15.818","15.818","15.936","16.092","16.132","16.17","16.17","16.17","16.249","16.249","16.521","16.521","16.521","16.521","16.521","16.521","16.6","16.756","16.756","16.756","17.185","18.201","18.592","18.63","18.709","18.748","18.826","18.826","18.826","18.748","18.748","19.06","19.92","21.598","22.107","22.224","22.224","22.224","22.224","22.224","22.224","22.224","22.224","22.224","22.224","22.458","23.083","23.24","23.24","23.24","23.24","23.24","23.24","23.24","23.24","23.24","26.676","26.756","26.794","26.833","26.833","26.833","26.756","26.756","26.833","26.833","26.833","26.833",
"T10","whole country","J04203","Sports lessons","T[14101.ausgabe]","CPI[2020=100]","2020=100","","","","","","","","","","","","","","","","","","","","","","","","","","","","","","","","","","","","","","","","","","","","","","","","","","","","","","","","","","","","","","","","","","","","","","","","","","","","","","","","","","","","","","","","","","","","","","","","","","","","","","","","","","","","","","","","","","","","","","","","","","","","","","","","","","","","","","","","","","","","","","","","","","","","","","","","","","","","","","","","","","","","","","","","","","","","","","","","","","","","","","","","","","","","","","","","","","","","","","","","","","","","","","","","","","","","","","","","","","","","","","","","","","","","","","","","","","","","","","","","","","","","","","","","","","","","","","","","","","","","","","","","","","","","","","","","","","","","","","","","","","","","","","","","","","","","","","","","","","","","","45.846","45.964","46.376","46.848","46.848","46.908","47.084","47.143","47.261","47.261","47.498","47.439",
"T10","whole country","K","11 Restaurants and hotels","T[14101.ausgabe]","CPI[2020=100]","2020=100","","","","","","","","","","","","","","","","","","","","","","","","","","","","","","","","","","","","","","","","","","","","","","","","","","","","","","","","","","","","","","","","","","","","","","","","","","","","","","","","","","","","","","","","","","","","","","","","","","","","","","","","","","","","","","","","","","","","","","","","","","","","","","","","","","","","","","","","","","","","","","","","","","","","","","","","","","","","","","","","","","","","","","","","","","","","","","","","","","","","","","","","","","","","","","","","","","","","","","","","","","","","","","","","","","","","","","","","","","","","","","","","","","","","","","","","","","","","","","","","","21.207","21.25","21.315","21.336","21.336","21.336","21.379","21.465","21.593","21.68","21.699","21.744","21.893","22.108","22.193","22.28","22.301","22.515","22.558","22.623","22.623","22.686","22.751","22.751","22.901","23.051","23.137","23.201","23.502","23.502","23.566","23.566","23.566","23.609","23.759","23.759","23.866","24.016","24.359","25.045","25.495","25.838","26.14","26.375","26.396","26.46","26.526","26.868","27.254","27.597","27.919","28.413","29.527","29.828","30.257","30.3","30.364","30.684","30.856","31.006","31.434","31.871","32.307","32.575","33.214","33.852","34.02","34.053","34.188","34.457","35.363","35.666",
"T10","whole country","K01","11.1 Catering services","T[14101.ausgabe]","CPI[2020=100]","2020=100","","","","","","","","","","","","","","","","","","","","","","","","","","","","","","","","","","","","","","","","","","","","","","","","","","","","","","","","","","","","","","","","","","","","","","","","","","","","","","","","","","","","","","","","","","","","","","","","","","","","","","","","","","","","","","","","","","","","","","","","","","","","","","","","","","","","","","","","","","","","","","","","","","","","","","","","","","","","","","","","","","","","","","","","","","","","","","","","","","","","","","","","","","","","","","","","","","","","","","","","","","","","","","","","","","","","","","","","","","","","","","","","","","","","","","","","","","","","","","","","","21.046","21.088","21.153","21.173","21.173","21.173","21.216","21.301","21.429","21.492","21.514","21.556","21.663","21.876","21.939","21.982","22.004","22.237","22.281","22.344","22.344","22.407","22.471","22.471","22.62","22.769","22.876","22.939","23.237","23.216","23.301","23.301","23.301","23.345","23.492","23.514","23.621","23.748","24.11","24.834","25.28","25.62","25.941","26.195","26.217","26.302","26.344","26.685","27.068","27.429","27.77","28.26","29.409","29.727","30.175","30.196","30.259","30.6","30.77","30.919","31.35","31.787","32.256","32.525","33.196","33.833","34.035","34.068","34.202","34.472","35.378","35.713",
"T10","whole country","K011","Catering services","T[14101.ausgabe]","CPI[2020=100]","2020=100","","","","","","","","","","","","","","","","","","","","","","","","","","","","","","","","","","","","","","","","","","","","","","","","","","","","","","","","","","","","","","","","","","","","","","","","","","","","","","","","","","","","","","","","","","","","","","","","","","","","","","","","","","","","","","","","","","","","","","","","","","","","","","","","","","","","","","","","","","","","","","","","","","","","","","","","","","","","","","","","","","","","","","","","","","","","","","","","","","","","","","","","","","","","","","","","","","","","","","","","","","","","","","","","","","","","","","","","","","","","","","","","","","","","","","","","","","","","","","","","","21.046","21.088","21.153","21.173","21.173","21.173","21.216","21.301","21.429","21.492","21.514","21.556","21.663","21.876","21.939","21.982","22.004","22.237","22.281","22.344","22.344","22.407","22.471","22.471","22.62","22.769","22.876","22.939","23.237","23.216","23.301","23.301","23.301","23.345","23.492","23.514","23.621","23.748","24.11","24.834","25.28","25.62","25.941","26.195","26.217","26.302","26.344","26.685","27.068","27.429","27.77","28.26","29.409","29.727","30.175","30.196","30.259","30.6","30.77","30.919","31.35","31.787","32.256","32.525","33.196","33.833","34.035","34.068","34.202","34.472","35.378","35.713",
"T10","whole country","K01101","Korean set menu with kimchi stew","T[14101.ausgabe]","CPI[2020=100]","2020=100","","","","","","","","","","","","","","","","","","","","","","","","","","","","","","","","","","","","","","","","","","","","","","","","","","","","","","","","","","","","","","","","","","","","","","","","","","","","","","","","","","","","","","","","","","","","","","","","","","","","","","","","","","","","","","","","","","","","","","","","","","","","","","","","","","","","","","","","","","","","","","","","","","","","","","","","","","","","","","","","","","","","","","","","","","","","","","","","","","","","","","","","","","","","","","","","","","","","","","","","","","","","","","","","","","","","","","","","","","","","","","","","","","","","","","","","","","","","","","","","","22.68","22.68","22.68","22.68","22.68","22.68","22.68","22.68","22.68","22.68","22.68","22.68","22.68","22.68","22.68","22.68","22.68","22.68","22.68","22.789","22.789","22.789","22.789","22.789","22.789","22.843","22.952","23.061","23.171","23.007","23.171","23.171","23.171","23.171","23.171","23.171","23.224","23.279","23.496","24.258","24.911","25.291","26.271","26.705","26.705","26.705","26.705","26.76","26.977","27.196","27.249","27.304","27.901","28.446","28.881","28.881","28.99","29.642","30.186","30.295","30.295","30.839","31.112","31.166","31.492","32.526","32.743","32.743","33.07","33.612","36.006","36.278",
"T10","whole country","K01102","Korean set menu with bean paste stew","T[14101.ausgabe]","CPI[2020=100]","2020=100","","","","","","","","","","","","","","","","","","","","","","","","","","","","","","","","","","","","","","","","","","","","","","","","","","","","","","","","","","","","","","","","","","","","","","","","","","","","","","","","","","","","","","","","","","","","","","","","","","","","","","","","","","","","","","","","","","","","","","","","","","","","","","","","","","","","","","","","","","","","","","","","","","","","","","","","","","","","","","","","","","","","","","","","","","","","","","","","","","","","","","","","","","","","","","","","","","","","","","","","","","","","","","","","","","","","","","","","","","","","","","","","","","","","","","","","","","","","","","","","","","","","","","","","","","","","","","","","","","","","","","","","","","","","","","","","","","","","","","","","","","","","","","","","","","","","","","","","","","","","","30.637","31.173","31.548","31.871","32.729","33.535","33.695","33.748","33.856","34.124","35.359","35.573",
"T10","whole country","K01103","Bibimbap","T[14101.ausgabe]","CPI[2020=100]","2020=100","","","","","","","","","","","","","","","","","","","","","","","","","","","","","","","","","","","","","","","","","","","","","","","","","","","","","","","","","","","","","","","","","","","","","","","","","","","","","","","","","","","","","","","","","","","","","","","","","","","","","","","","","","","","","","","","","","","","","","","","","5.574","5.574","5.574","5.631","6.2","6.257","6.257","6.257","6.257","6.257","6.257","6.257","6.428","6.825","7.281","7.906","7.906","7.906","7.906","7.906","7.906","7.906","7.906","7.906","7.906","7.906","7.963","8.077","8.077","8.077","8.588","8.93","8.93","8.93","9.044","9.044","9.044","9.044","9.044","9.044","9.386","9.556","9.556","9.556","9.556","9.556","9.556","9.556","9.556","9.67","10.58","11.49","12.172","12.513","13.594","14.448","14.162","13.936","13.936","13.936","13.936","13.993","14.675","16.154","16.496","16.496","16.496","16.496","16.496","16.496","16.496","16.609","17.234","17.462","19.283","20.363","20.363","20.647","20.761","21.045","21.216","21.216","21.216","21.329","21.329","21.329","21.67","21.899","21.899","22.012","22.296","22.296","22.296","22.296","22.638","22.694","22.694","23.15","23.206","23.548","23.775","23.889","23.889","23.889","23.889","24.173","24.515","24.515","24.515","24.515","24.515","24.572","24.628","24.628","24.628","24.628","24.628","24.628","24.628","24.628","24.628","24.628","24.628","24.628","24.628","24.685","24.743","24.743","24.743","24.743","24.743","24.743","24.743","24.743","24.743","25.025","25.025","25.141","25.141","25.141","25.141","25.141","25.141","25.141","25.141","25.197","25.311","25.311","26.05","26.05","26.05","26.05","26.05","26.05","26.108","26.164","26.164","26.221","26.619","27.075","27.188","27.87","28.496","29.179","29.179","29.349","29.349","29.747","30.317","30.658","30.658","30.714","32.819","32.876","32.99","32.99","33.103","33.786","34.07","34.07","34.014","34.127","34.469","34.525","35.094","36.289","36.572","36.459","36.459","36.516","38.564","38.791",
"T10","whole country","K01104","Ox bone soup(Seolleongtang)","T[14101.ausgabe]","CPI[2020=100]","2020=100","","","","","","","","","","","","","","","","","","","","","","","","","","","","","","","","","","","","","","","","","","","","","","","","","","","","","","","","","","","","","","","","","","","","","","","","","","","","","","","","","","","","","","","","","","","","","","","","","","","","","","","","","","","","","","","","","","","","","","","","","4.436","4.436","4.638","5.042","5.092","5.092","5.092","5.092","5.092","5.092","5.092","5.092","5.092","6.957","7.209","7.511","7.461","7.562","7.865","7.865","7.865","7.815","7.815","7.815","7.815","7.815","7.865","7.914","7.914","7.914","8.368","8.771","8.771","8.771","8.771","8.771","8.771","8.771","8.771","8.771","8.771","8.771","8.771","8.771","8.771","8.771","9.074","9.175","9.175","9.175","9.931","10.284","10.384","10.686","10.99","11.191","11.392","11.443","11.443","11.443","11.493","11.493","12.048","13.309","13.561","13.561","13.561","13.561","13.561","13.561","13.561","14.87","15.426","15.627","15.829","15.88","16.031","16.383","16.535","17.089","17.593","17.644","17.644","17.694","17.694","17.694","17.845","17.895","17.895","18.048","18.299","18.35","18.45","18.551","18.753","18.753","18.854","19.409","19.609","19.912","20.114","20.114","20.114","20.114","20.315","20.365","20.365","20.365","20.365","20.365","20.365","20.365","20.365","20.365","20.365","20.365","20.365","20.77","20.77","20.77","21.273","21.273","21.273","21.273","21.273","21.324","21.324","21.324","21.324","21.324","21.324","21.324","21.526","21.526","21.526","21.476","21.476","21.476","21.476","21.476","21.476","21.576","21.828","21.828","21.828","21.828","21.878","21.929","21.929","21.929","21.929","21.929","21.929","21.929","21.929","21.929","21.929","21.929","22.232","22.685","22.937","23.593","23.945","24.802","24.853","24.802","24.752","25.76","26.567","27.272","27.373","27.979","28.886","28.987","29.843","29.693","29.743","29.944","29.944","29.944","30.297","31.154","31.305","31.406","33.371","33.726","33.926","33.976","34.128","34.228","34.884","35.388",
"T10","whole country","K01105","Beef short rib soup(Galbitang)","T[14101.ausgabe]","CPI[2020=100]","2020=100","","","","","","","","","","","","","","","","","","","","","","","","","","","","","","","","","","","","","","","","","","","","","","","","","","","","","","","","","","","","","","","","","","","","","","","","","","","","","","","","","","","","","","","","","","","","","","","","","","","","","","","","","","","","","","","","","","","","","","","","","","","","","","","","","","","","","","","","","","","","","","","","","","","","","","","","","","","","","","","","","","","","","","","","","","","","","","","","","","","","","","","","","","","","","","","","","","","","","","","","","","","","","","","","","","","","","","","","","","","","","","","","","","","","","","","","","","","","","","","","","19.183","19.183","19.183","19.183","19.183","19.183","19.183","19.183","19.183","19.183","19.183","19.183","19.183","19.139","19.139","19.139","19.139","19.139","19.139","19.311","19.311","19.311","19.311","19.311","19.311","19.311","19.311","19.354","19.44","19.44","20.13","20.13","20.13","20.13","20.13","20.13","20.13","20.173","20.647","21.681","22.07","22.458","22.501","22.501","22.501","22.544","22.587","23.32","24.354","24.743","24.915","25.605","26.682","26.725","27.372","27.329","27.415","28.018","28.233","28.233","28.407","28.536","28.838","29.268","29.398","29.613","29.657","29.657","29.743","30.39","31.381","31.855",
"T10","whole country","K01109","Korean BBQ beef(Bulgogi)","T[14101.ausgabe]","CPI[2020=100]","2020=100","","","","","","","","","","","","","","","","","","","","","","","","","","","","","","","","","","","","","","","","","","","","","","","","","","","","","","","","","","","","","","","","","","","","","","","","","","","","","","","","","","","","","","","","","","","","","","","","","","","","","","","","","","","","","","","","","","","","","","","","","","","","","","","","","","","","","","","","","","","","","","","","","","","","","","","","","","","","","","","","","","","","","","","","","","","","","","","","","","","","","","","","","","","","","","","","","","","","","","","","","","","","","","","","","","","","","","","","","","","","","","","","","","","","","","","","","","","","","","","","","","","","","","","","","","","","","","","","","","","","","","","","","","","","","","","","","","","","","","","","","","","","","","","","","","","","","","","","","","","","","32.996","33.553","33.999","34.278","35.225","36.062","36.284","36.34","36.451","36.729","38.068","38.347",
"T10","whole country","K01110","Beef(eating out)","T[14101.ausgabe]","CPI[2020=100]","2020=100","","","","","","","","","","","","","","","","","","","","","","","","","","","","","","","","","","","","","","","","","","","","","","","","","","","","","","","","","","","","","","","","","","","","","","","","","","","","","","","","","","","","","","","","","","","","","","","","","","","","","","","","","","","","","","","","","","","","","","","","","","","","","","","","","","","","","","","","","","","","","","","","","","","","","","","","","","","","","","","","","","","","","","","","","","","","","","","","","","","","","","","","","","","","","","","","","","","","","","","","","","","","","","","","","","","","","","","","","","","","","","","","","","","","","","","","","","","","","","","","","","","","","","","","","","","","","","","","","","","","","","","","","","","","","","","","","","","","","","","","","","","","","","","","","","","","","","","","","","","","","26.32","26.785","27.121","27.374","28.134","28.808","28.977","29.019","29.104","29.315","30.37","30.58",
"T10","whole country","K01114","Korean cold noodles(Naengmyeon)","T[14101.ausgabe]","CPI[2020=100]","2020=100","","","","","","","","","","","","","","","","","","","","","","","","","","","","","","","","","","","","","","","","","","","","","","","","","","","","","","","","","","","","","","","","","","","","","","","","","","","","","","","","","","","","","","","","","","","","","","","","","","","","","","","","","","","","","","","","","","","","","","","","","4.379","4.379","4.643","5.064","5.224","5.487","5.487","5.487","5.487","5.487","5.487","5.487","5.592","6.385","6.437","7.017","7.017","7.176","7.176","7.176","7.176","7.176","7.176","7.176","7.176","7.176","7.228","7.281","7.281","7.281","7.703","7.861","7.967","7.967","8.02","8.02","8.02","8.02","8.02","8.02","8.284","8.441","8.441","8.441","8.441","8.441","8.495","8.495","8.495","8.548","8.811","9.655","10.289","10.657","11.344","12.188","12.135","11.977","11.977","11.977","11.977","11.977","12.451","13.56","13.823","13.823","13.823","13.823","13.823","13.823","13.823","14.298","14.404","14.509","15.037","15.512","15.564","16.198","16.936","17.2","17.252","17.252","17.252","17.358","17.358","17.358","17.938","18.256","18.256","18.414","18.836","18.836","18.836","18.836","18.994","18.994","18.994","18.994","19.574","19.997","20.261","20.313","20.366","20.366","20.577","21.21","21.21","21.21","21.21","21.21","21.421","21.262","21.262","21.316","21.421","22.001","22.266","22.266","22.266","22.266","22.318","22.318","22.318","22.318","22.318","22.318","22.529","22.529","22.687","22.741","22.741","22.741","22.793","23.268","23.268","23.268","23.268","24.111","24.217","24.429","24.534","24.534","24.534","24.534","24.534","24.586","24.692","24.692","26.064","26.116","26.116","26.116","26.116","26.116","26.116","26.116","26.116","26.486","27.172","29.546","30.443","30.759","30.866","30.918","30.918","30.918","30.918","30.918","31.077","31.445","31.763","32.237","33.873","33.978","34.031","34.031","34.031","34.875","35.297","35.297","35.244","35.402","35.456","35.719","36.458","37.566","37.725","37.829","37.829","37.829","37.882","37.988",
"T10","whole country","K01115","Chopped wheat noodles(Kalgusksu)","T[14101.ausgabe]","CPI[2020=100]","2020=100","","","","","","","","","","","","","","","","","","","","","","","","","","","","","","","","","","","","","","","","","","","","","","","","","","","","","","","","","","","","","","","","","","","","","","","","","","","","","","","","","","","","","","","","","","","","","","","","","","","","","","","","","","","","","","","","","","","","","","","","","","","","","","","","","","","","","","","","","","","","","","","","","","","","","","","","","","","","","","","","","","","","","","","","","","","","","","","","","","","","","10.393","10.393","10.393","9.902","10.001","10.001","10.001","10.001","10.001","10.001","10.932","11.471","11.619","11.766","11.766","11.766","11.863","11.863","12.01","12.06","12.157","12.599","12.746","12.746","12.794","12.893","13.04","13.04","13.482","14.315","14.315","14.315","14.315","14.363","14.363","14.363","14.363","14.412","14.609","14.609","14.609","15.246","15.835","15.835","15.835","15.835","15.835","15.835","15.835","15.835","15.835","15.835","15.835","15.835","15.835","15.835","15.835","15.835","15.981","15.981","15.981","15.981","15.981","15.981","15.981","15.981","15.981","16.03","16.03","16.079","16.128","16.128","16.422","16.961","16.961","17.109","17.109","17.109","17.109","17.109","17.109","17.158","17.206","17.256","17.256","17.256","17.305","17.305","17.305","17.305","17.305","17.353","17.353","17.353","17.501","17.501","17.501","17.696","18.138","19.118","19.118","19.217","19.659","19.659","19.659","19.659","19.707","19.707","19.804","19.855","19.903","19.952","21.374","22.256","22.55","22.55","22.55","22.451","22.501","22.6","23.482","23.678","23.923","24.168","24.707","25.393","25.393","25.443","25.393","25.247","25.884","26.226",
"T10","whole country","K01117","Sushi","T[14101.ausgabe]","CPI[2020=100]","2020=100","","","","","","","","","","","","","","","","","","","","","","","","","","","","","","","","","","","","","","","","","","","","","","","","","","","","","","","","","","","","","","","","","","","","","","","","","","","","","","","","","","","","","","","","","","","","","","","","","","","","","","","","","","","","","","","","","","","","","","","","","","","","","","","","","","","","","","","","","","","","","","","","","","","","","","","","","","","","","","","","","","","","","","","","","","","","","","","","","","","","","","","","","","","","","","","","","","","","","","","","","","","","","","","","","","","","","","","","","","","","","","","","","","","","","","","","","","","","","","","","","","","","","","","","","","","","","","","","","","","","","","","","","","","","","","","","","","","","","","","","","","","","","","","","","","","","","","","","","","","","","39.91","40.613","41.126","41.509","42.597","43.683","43.94","43.94","44.067","44.451","46.051","46.37",
"T10","whole country","K01119","Black bean sauce noodles(Jajangmyon)","T[14101.ausgabe]","CPI[2020=100]","2020=100","","","","","","","","","","","","","","","","","","","","","","","","","","","","","","","","","","","","","","","","","","","","","","","","","","","","","","","","","","","","","","","","","","","","","","","","","","","","","","","","","","","","","","","","","","","","","","","","","","","","","","","","","","","","","","","","","","","","","","","","","2.734","2.812","2.461","2.305","2.578","3.008","3.085","3.085","3.164","3.164","3.164","3.164","3.164","3.164","3.164","3.164","3.164","3.164","3.164","3.164","3.164","3.164","3.164","3.516","3.711","3.828","3.906","3.946","4.101","4.139","4.218","4.218","4.218","4.218","4.218","4.218","4.218","4.218","4.218","4.218","4.218","4.218","4.218","4.218","4.218","4.218","4.492","4.649","4.687","4.883","5.234","5.663","5.897","6.015","6.054","6.288","6.288","6.288","6.288","6.288","6.288","6.288","6.562","7.186","7.343","7.343","7.343","7.343","7.421","7.655","7.969","8.788","9.336","9.453","9.453","9.453","9.453","9.453","9.453","10.078","10.234","10.507","10.546","10.859","10.937","11.093","11.132","11.132","11.132","11.093","11.015","11.015","11.015","11.015","11.015","11.015","11.015","11.015","11.015","11.015","11.015","11.015","11.015","11.015","11.015","11.015","11.015","11.015","11.054","11.288","11.6","11.717","11.914","11.914","12.03","12.07","12.07","12.304","12.382","12.538","12.577","12.577","12.733","12.812","12.812","12.812","12.812","13.046","13.085","13.085","13.085","13.085","13.085","13.085","13.085","13.202","13.358","13.671","13.71","13.71","13.71","13.71","13.71","13.749","13.944","13.983","14.022","14.022","14.022","14.022","14.022","14.022","14.022","14.022","14.647","14.726","14.96","15.233","15.585","15.624","15.898","16.093","16.171","16.171","16.171","16.21","16.21","16.21","16.327","16.561","17.616","18.396","19.257","19.413","19.491","19.491","19.569","19.686","19.763","19.803","19.999","20.35","21.249","21.717","22.577","23.318","23.514","23.514","23.67","23.787","24.373","24.607",
"T10","whole country","K01120","Spicy seafood noodle soup(Jjambbong)","T[14101.ausgabe]","CPI[2020=100]","2020=100","","","","","","","","","","","","","","","","","","","","","","","","","","","","","","","","","","","","","","","","","","","","","","","","","","","","","","","","","","","","","","","","","","","","","","","","","","","","","","","","","","","","","","","","","","","","","","","","","","","","","","","","","","","","","","","","","","","","","","","","","2.771","2.771","2.771","2.808","3.145","3.483","3.67","3.67","3.782","3.782","3.782","3.782","3.782","3.782","3.782","3.782","3.782","3.782","3.782","3.782","3.782","3.782","3.82","3.931","3.931","3.931","3.931","3.894","3.931","3.931","4.007","4.082","4.119","4.119","4.119","4.119","4.119","4.119","4.119","4.119","4.119","4.156","4.156","4.156","4.156","4.156","4.419","4.568","4.606","5.017","5.429","5.729","5.954","6.291","6.365","7.003","7.003","6.927","6.89","6.89","6.853","6.853","7.265","8.051","8.051","8.051","8.201","8.201","8.201","8.201","8.313","9.885","10.185","10.26","10.26","10.26","10.26","10.26","10.26","10.672","11.009","11.645","11.645","11.795","11.832","11.832","11.87","11.87","11.87","11.87","11.87","11.87","11.87","11.87","11.87","11.908","11.908","11.908","11.908","11.908","11.908","11.908","11.908","11.908","11.908","11.908","11.908","11.908","12.057","12.694","12.844","12.844","13.33","13.33","13.443","13.443","13.443","13.443","13.443","13.48","13.63","13.63","13.855","13.929","13.929","13.929","13.967","14.267","14.379","14.379","14.379","14.379","14.417","14.417","14.417","14.492","14.492","14.828","14.903","14.903","14.903","14.903","14.903","14.941","15.09","15.165","15.165","15.165","15.165","15.165","15.165","15.165","15.165","15.165","15.203","15.24","15.877","16.176","16.438","16.551","16.851","16.888","16.925","16.925","16.925","16.963","16.963","16.963","17.112","17.45","18.311","19.06","19.808","19.808","19.884","19.884","19.921","20.033","20.108","20.182","20.296","20.557","21.568","22.093","22.654","23.291","23.403","23.403","23.552","23.703","24.301","24.301",
"T10","whole country","K01123","Pork cutlet","T[14101.ausgabe]","CPI[2020=100]","2020=100","","","","","","","","","","","","","","","","","","","","","","","","","","","","","","","","","","","","","","","","","","","","","","","","","","","","","","","","","","","","","","","","","","","","","","","","","","","","","","","","","","","","","","","","","","","","","","","","","","","","","","","","","","","","","","","","","","","","","","","","","","","","","","","","","","","","","","","","","","","","","","","","","","","","","","","","","","","","","","","","","","","","","","","","","","","","","","","","","","","","","","","","","","","","","","","","","","","","","","","","","","","","","","","","","","","","","","","","","","","","","","","","","","","","","","","","","","","","","","","","","","","","","","","","","","","","","","","","","","","","","","","","","","","","","","","","","","","","","","","","","","","","","","","","","","","","","","","","","","","","","35.58","36.211","36.385","36.385","36.501","36.501","36.501","36.672","37.074","38.166","38.972","39.028",
"T10","whole country","K01129","Chicken","T[14101.ausgabe]","CPI[2020=100]","2020=100","","","","","","","","","","","","","","","","","","","","","","","","","","","","","","","","","","","","","","","","","","","","","","","","","","","","","","","","","","","","","","","","","","","","","","","","","","","","","","","","","","","","","","","","","","","","","","","","","","","","","","","","","","","","","","","","","","","","","","","","","","","","","","","","","","","","","","","","","","","","","","","","","","","","","","","","","","","","","","","","","","","","","","","","","","","","","","","","","","","","","","","","","","","","","","","","","","","","","","","","","","","","","","","","","","","","","","","","","","","","","","","","","","","","","","","","","","","","","","","","","","","","","","","","","","","","","","","","","","","","","","","","","","","","","","","","","","","","","","","","","","","","","","","","","","","","","","","","","","","","","34.337","34.337","34.337","34.337","34.337","34.337","34.337","34.337","34.337","34.337","34.337","34.337",
"T10","whole country","K01130","Hamburger","T[14101.ausgabe]","CPI[2020=100]","2020=100","","","","","","","","","","","","","","","","","","","","","","","","","","","","","","","","","","","","","","","","","","","","","","","","","","","","","","","","","","","","","","","","","","","","","","","","","","","","","","","","","","","","","","","","","","","","","","","","","","","","","","","","","","","","","","","","","","","","","","","","","","","","","","","","","","","","","","","","","","","","","","","","","","","","","","","","","","","","","","","","","","","","","","","","","","","","","","","","","","","","","","","","","","","","","","","","","","","","","","","","","","","","","","","","","","","","","","","","","","","","","","","","","","","","","","","","","","","","","","","","","","","","","","","","","","","","","","","","","","","","","","","","","","","","","","","","","","","","","","","","","","","","","","","","","","","","","","","","","","","","","41.032","41.146","41.546","42.06","42.23","42.858","43.885","43.885","44.057","44.057","44.057","44.057",
"T10","whole country","K01133","Coffee (eating out)","T[14101.ausgabe]","CPI[2020=100]","2020=100","","","","","","","","","","","","","","","","","","","","","","","","","","","","","","","","","","","","","","","","","","","","","","","","","","","","","","","","","","","","","","","","","","","","","","","","","","","","","","","","","","","","","","","","","","","","","","","","","","","","","","","","","","","","","","","","","","","","","","","","","3.24","3.24","3.24","3.24","3.24","3.24","3.24","3.24","3.24","3.24","3.24","3.534","3.732","3.927","4.026","4.075","4.075","4.075","4.075","4.075","4.075","4.075","4.075","4.075","4.075","4.075","4.075","4.075","4.369","5.252","5.302","5.302","5.302","5.302","5.302","5.302","5.302","5.302","5.302","5.302","5.302","5.302","5.302","5.302","5.302","5.302","5.302","5.302","5.302","5.302","5.302","5.302","5.302","5.302","5.401","5.891","6.922","6.922","6.922","6.922","6.922","6.922","7.217","7.904","8.101","8.101","8.101","8.101","8.101","8.101","8.101","8.984","9.279","9.378","9.378","9.378","9.378","9.378","9.475","10.604","10.604","10.801","11.145","11.292","11.292","11.292","11.292","11.292","11.292","11.292","11.292","11.292","11.733","11.783","11.783","11.783","11.832","12.078","11.832","11.832","11.783","12.618","13.404","13.404","13.404","13.404","13.452","13.452","13.502","14.335","14.434","14.434","14.483","14.483","14.483","14.483","14.483","14.483","14.483","14.483","15.072","15.318","15.465","15.465","15.465","15.465","15.465","15.662","16.252","16.398","16.447","16.643","17.134","18.214","18.706","18.853","18.853","19.393","19.59","19.59","19.59","19.933","20.178","20.178","20.915","21.896","22.29","22.486","22.83","22.83","22.83","22.83","22.83","22.83","22.83","22.83","22.928","22.928","22.928","22.928","23.566","23.566","23.566","23.566","23.566","23.664","23.959","24.253","24.4","24.45","24.45","24.547","24.744","24.793","25.53","25.776","25.776","25.776","25.776","26.561","26.904","27.002","27.543","27.838","27.886","28.132","28.279","28.327","28.327","28.427","29.115","29.31",
"T10","whole country","K01134","Other drinks(eating out)","T[14101.ausgabe]","CPI[2020=100]","2020=100","","","","","","","","","","","","","","","","","","","","","","","","","","","","","","","","","","","","","","","","","","","","","","","","","","","","","","","","","","","","","","","","","","","","","","","","","","","","","","","","","","","","","","","","","","","","","","","","","","","","","","","","","","","","","","","","","","","","","","","","","","","","","","","","","","","","","","","","","","","","","","","","","","","","","","","","","","","","","","","","","","","","","","","","","","","","","","","","","","","","","","","","","","","","","","","","","","","","","","","","","","","","","","","","","","","","","","","","","","","","","","","","","","","","","","","","","","","","","","","","","20.179","20.303","20.49","20.49","20.49","20.49","20.49","20.49","20.49","20.551","20.924","21.545","21.545","21.98","22.414","22.414","22.414","22.414","22.476","22.476","22.476","22.476","22.476","22.476","23.221","23.904","24.216","24.402","24.712","24.712","24.712","24.712","24.712","25.147","25.147","25.147","25.333","25.333","25.395","26.326","27.568","27.94","27.94","27.94","27.94","28.126","28.437","28.934","29.679","30.051","30.113","30.113","30.174","30.238","30.921","31.23","31.23","31.23","31.23","32.1","32.721","32.783","33.777","34.025","34.025","34.397","35.143","35.204","35.204","35.204","35.765","36.57",
"T10","whole country","K01136","Beer(eating out)","T[14101.ausgabe]","CPI[2020=100]","2020=100","","","","","","","","","","","","","","","","","","","","","","","","","","","","","","","","","","","","","","","","","","","","","","","","","","","","","","","","","","","","","","","","","","","","","","","","","","","","","","","","","","","","","","","","","","","","","","","","","","","","","","","","","","","","","","","","","","","","","","","","","","","","","","","","","","","","","","","","","","","","","","","","","","","","","","","","","","","","","","","","","","","","","","","","","","","","","","","","","","","","","","","","","","","","","","","","","","","","","","","","","","","","","","","","","","","","","","","","","","","","","","","","","","","","","","","","","","","","","","","","","20.285","20.285","20.285","20.285","20.285","20.285","20.285","20.285","20.285","20.285","20.285","20.285","20.285","20.285","20.285","20.285","20.285","20.326","20.326","20.326","20.326","20.326","20.326","20.326","20.326","20.326","20.326","20.569","21.321","21.321","21.341","21.361","21.361","21.361","21.361","21.361","21.403","21.422","21.422","21.665","21.807","21.807","21.929","21.929","21.929","21.97","21.97","21.97","21.97","21.97","22.173","22.295","26.27","28.867","29.13","29.232","29.232","29.232","29.374","29.455","29.441","29.5","29.5","29.651","29.982","30.042","30.223","30.223","30.253","30.253","30.734","31.125",
"T10","whole country","K02","11.2 Accommodation services","T[14101.ausgabe]","CPI[2020=100]","2020=100","","","","","","","","","","","","","","","","","","","","","","","","","","","","","","","","","","","","","","","","","","","","","","","","","","","","","","","","","","","","","","","","","","","","","","","","","","","","","","","","","","","","","","","","","","","","","","","","","","","","","","","","","","","","","","","","","","","","","","","","","","","","","","","","","","","","","","","","","","","","","","","","","","","","","","","","","","","","","","","","","","","","","","","","","","","","","","","","","","","","","","","","","","","","","","","","","","","","","","","","","","","","","","","","","","","","","","","","","","","","","","","","","","","","","","","","","","","","","","","","","24.802","24.802","24.828","24.828","24.828","24.877","24.877","24.877","24.877","25.933","26.135","26.21","27.417","28.248","28.676","29.581","29.581","29.581","29.581","29.581","29.581","29.581","29.606","29.681","29.706","29.732","29.756","29.934","30.083","30.159","30.185","30.185","30.108","30.159","30.26","30.285","30.31","30.285","30.36","30.36","30.36","30.36","30.36","30.36","30.36","30.385","30.461","30.889","31.115","31.14","31.266","31.392","31.392","31.392","31.618","31.769","31.92","31.92","31.945","31.945","32.278","32.278","32.311","32.538","32.604","32.604","32.604","32.604","32.604","32.668","32.668","32.668",
"T10","whole country","K021","Accommodation services","T[14101.ausgabe]","CPI[2020=100]","2020=100","","","","","","","","","","","","","","","","","","","","","","","","","","","","","","","","","","","","","","","","","","","","","","","","","","","","","","","","","","","","","","","","","","","","","","","","","","","","","","","","","","","","","","","","","","","","","","","","","","","","","","","","","","","","","","","","","","","","","","","","","","","","","","","","","","","","","","","","","","","","","","","","","","","","","","","","","","","","","","","","","","","","","","","","","","","","","","","","","","","","","","","","","","","","","","","","","","","","","","","","","","","","","","","","","","","","","","","","","","","","","","","","","","","","","","","","","","","","","","","","","24.802","24.802","24.828","24.828","24.828","24.877","24.877","24.877","24.877","25.933","26.135","26.21","27.417","28.248","28.676","29.581","29.581","29.581","29.581","29.581","29.581","29.581","29.606","29.681","29.706","29.732","29.756","29.934","30.083","30.159","30.185","30.185","30.108","30.159","30.26","30.285","30.31","30.285","30.36","30.36","30.36","30.36","30.36","30.36","30.36","30.385","30.461","30.889","31.115","31.14","31.266","31.392","31.392","31.392","31.618","31.769","31.92","31.92","31.945","31.945","32.278","32.278","32.311","32.538","32.604","32.604","32.604","32.604","32.604","32.668","32.668","32.668",
"T10","whole country","K02101","Hotel lodging","T[14101.ausgabe]","CPI[2020=100]","2020=100","","","","","","","","","","","","","","","","","","","","","","","","","","","","","","","","","","","","","","","","","","","","","","","","","","","","","","","","","","","","","","","","","","","","","","","","","","","","","","","","","","","","","","","","","","","","","","","","","","","","","","","","","","","","","","","","","","","","","","","","","8.586","8.586","8.586","10.289","11.207","11.207","11.207","11.207","11.207","11.207","11.207","11.207","11.404","11.404","11.404","12.06","12.386","12.386","12.386","12.386","12.386","12.386","12.386","12.386","12.386","12.386","12.386","12.386","13.304","13.696","13.107","13.107","13.107","13.107","13.107","13.107","13.107","13.107","14.09","16.188","16.188","16.188","16.188","16.188","16.188","16.188","16.253","16.451","16.843","16.843","16.843","19.792","21.3","21.431","22.348","23.528","23.921","23.921","24.183","24.183","24.248","24.248","24.248","24.773","25.823","26.674","26.674","26.674","26.674","26.674","26.674","26.674","26.869","26.869","26.936","26.936","26.936","28.509","32.179","32.44","32.44","32.44","32.704","32.769","33.096","33.227","33.227","33.161","33.359","33.686","33.686","33.686","33.686","33.686","33.751","33.883","33.883","33.883","35.128","35.128","35.128","35.128","35.128","35.128","35.128","35.128","35.259","35.259","35.259","35.259","35.259","35.259","35.259","35.259","35.259","35.259","35.259","35.259","35.259","35.259","35.522","35.522","35.522","35.522","35.522","35.717","35.717","35.717","35.717","40.24","40.83","40.83","43.058","44.173","44.173","44.173","44.173","44.173","44.173","44.173","44.173","44.173","44.173","44.369","44.369","44.5","44.565","45.417","46.007","46.073","46.204","46.269","46.335","46.4","46.4","46.466","46.596","46.662","46.794","46.794","46.794","46.794","46.794","46.794","46.794","46.794","46.99","48.825","49.874","49.94","50.464","50.987","50.987","50.857","51.84","52.43","52.561","52.626","52.692","52.692","53.872","53.872","54.003","54.003","54.068","54.068","54.068","54.068","54.068","54.265","54.199","54.199",
"T10","whole country","K02102","Inn lodging","T[14101.ausgabe]","CPI[2020=100]","2020=100","","","","","","","","","","","","","","","","","","","","","","","","","","","","","","","","","","","","","","","","","","","","","","","","","","","","","","","","","","","","","","","","","","","","","","","","","","","","","","","","","","","","","","","","","","","","","","","","","","","","","","","","","","","","","","","","","","","","","","","","","4.839","4.839","5.483","5.805","5.935","5.935","5.935","5.935","5.935","5.935","5.935","5.935","5.935","5.935","5.935","6.258","6.451","6.58","6.644","6.644","6.773","6.773","6.773","6.773","6.773","6.773","6.773","6.773","6.903","6.968","7.096","7.16","7.16","7.16","7.16","7.16","7.16","7.225","7.354","7.354","7.354","7.354","7.354","7.354","7.354","7.354","7.677","7.87","9.03","9.29","9.548","10.773","11.418","11.418","12.644","13.999","18.902","18.836","18.836","18.836","19.611","19.611","21.675","25.803","26.577","27.61","27.61","27.61","27.61","27.61","27.61","28.642","29.416","29.48","29.739","29.739","29.739","29.739","31.221","31.867","31.867","31.867","31.867","31.867","34.125","34.447","34.513","34.642","34.642","34.642","34.642","34.642","34.642","34.642","34.642","34.642","34.642","34.898","34.898","34.898","34.898","34.898","34.898","34.898","34.834","34.577","34.577","34.577","34.577","34.577","34.577","34.577","34.706","34.706","34.706","34.706","34.706","34.706","34.706","34.706","34.706","34.706","34.706","34.706","34.706","34.706","34.706","34.706","34.706","34.77","34.898","35.028","36.513","37.673","38.576","40.447","40.447","40.447","40.447","40.447","40.447","40.447","40.447","40.576","40.576","40.64","40.64","40.64","40.704","40.77","40.77","40.704","40.576","40.576","40.833","40.833","40.833","40.77","40.833","40.833","40.833","40.833","40.833","40.833","40.833","40.898","40.963","40.963","40.963","40.963","40.963","40.963","41.028","41.028","41.028","41.157","41.349","41.349","41.349","41.349","41.349","41.349","41.349","41.995","42.125","42.125","42.125","42.125","42.125","42.125","42.189","42.189",
"T10","whole country","L","12 Miscellaneous goods and services","T[14101.ausgabe]","CPI[2020=100]","2020=100","","","","","","","","","","","","","","","","","","","","","","","","","","","","","","","","","","","","","","","","","","","","","","","","","","","","","","","","","","","","","","","","","","","","","","","","","","","","","","","","","","","","","","","","","","","","","","","","","","","","","","","","","","","","","","","","","","","","","","","","","","","","","","","","","","","","","","","","","","","","","","","","","","","","","","","","","","","","","","","","","","","","","","","","","","","","","","","","","","","","","","","","","","","","","","","","","","","","","","","","","","","","","","","","","","","","","","","","","","","","","","","","","","","","","","","","","","","","","","","","","33.595","33.562","33.528","33.494","33.461","33.392","33.359","33.461","33.831","33.797","34.302","34.571","34.707","34.808","34.876","34.876","35.011","35.011","34.977","35.144","35.684","35.886","35.684","35.684","35.82","35.785","35.718","35.92","36.19","36.021","36.156","36.393","36.527","36.662","36.695","36.729","36.795","36.932","37.134","36.998","37.066","36.864","36.896","36.932","36.932","36.83","36.695","36.593","36.628","36.593","36.83","36.998","36.965","36.896","37.1","37.134","37.1","37.066","37.066","37.303","37.798","37.99","38.333","38.295","38.257","38.065","37.99","38.602","38.525","38.447","38.409","38.372",
"T10","whole country","L01","12.1 Personal care","T[14101.ausgabe]","CPI[2020=100]","2020=100","","","","","","","","","","","","","","","","","","","","","","","","","","","","","","","","","","","","","","","","","","","","","","","","","","","","","","","","","","","","","","","","","","","","","","","","","","","","","","","","","","","","","","","","","","","","","","","","","","","","","","","","","","","","","","","","","","","","","","","","","","","","","","","","","","","","","","","","","","","","","","","","","","","","","","","","","","","","","","","","","","","","","","","","","","","","","","","","","","","","","","","","","","","","","","","","","","","","","","","","","","","","","","","","","","","","","","","","","","","","","","","","","","","","","","","","","","","","","","","","","34.613","34.647","34.647","34.613","34.577","34.577","34.613","34.613","34.647","34.716","35.588","36.04","36.109","36.179","36.214","36.179","36.179","36.179","36.214","36.214","36.25","36.25","36.25","36.25","36.285","36.318","36.318","36.458","36.388","36.388","36.492","36.492","36.528","36.702","36.807","36.876","36.911","37.155","37.364","37.468","37.573","37.607","37.642","37.642","37.642","37.747","37.85","37.85","37.921","38.025","38.513","38.792","38.861","38.896","38.93","39","39","39","39.035","39","39.313","39.434","40.199","40.32","40.481","40.481","40.481","40.563","40.521","40.481","40.521","40.563",
"T10","whole country","L011","Hairdressing salons and personal grooming establishments","T[14101.ausgabe]","CPI[2020=100]","2020=100","","","","","","","","","","","","","","","","","","","","","","","","","","","","","","","","","","","","","","","","","","","","","","","","","","","","","","","","","","","","","","","","","","","","","","","","","","","","","","","","","","","","","","","","","","","","","","","","","","","","","","","","","","","","","","","","","","","","","","","","","","","","","","","","","","","","","","","","","","","","","","","","","","","","","","","","","","","","","","","","","","","","","","","","","","","","","","","","","","","","","","","","","","","","","","","","","","","","","","","","","","","","","","","","","","","","","","","","","","","","","","","","","","","","","","","","","","","","","","","","","20.807","20.807","20.766","20.681","20.681","20.681","20.681","20.681","20.724","20.828","21.813","22.316","22.4","22.463","22.463","22.463","22.463","22.463","22.484","22.484","22.505","22.526","22.526","22.505","22.505","22.505","22.505","22.63","22.548","22.568","22.694","22.694","22.714","22.902","23.029","23.029","23.007","23.176","23.364","23.489","23.614","23.614","23.657","23.657","23.657","23.783","23.887","23.908","23.992","24.076","24.621","24.915","24.936","24.936","24.957","24.998","24.977","24.977","24.977","24.977","25.202","25.387","26.311","26.469","26.628","26.601","26.654","26.707","26.68","26.654","26.654","26.733",
"T10","whole country","L01101","Public baths","T[14101.ausgabe]","CPI[2020=100]","2020=100","","","","","","","","","","","","","","","","","","","","","","","","","","","","","","","","","","","","","","","","","","","","","","","","","","","","","","","","","","","","","","","","","","","","","","","","","","","","","","","","","","","","","","","","","","","","","","","","","","","","","","","","","","","","","","","","","","","","","","","","","2.944","2.884","2.795","2.736","2.736","2.736","2.736","2.736","2.736","2.736","2.736","2.736","2.736","2.766","3.119","3.501","3.473","3.473","3.473","3.473","3.473","3.473","3.473","3.473","3.473","3.473","3.473","3.473","3.473","3.473","3.619","3.619","3.649","3.737","3.767","3.767","3.767","3.767","3.767","3.767","3.767","3.767","3.767","3.767","3.767","3.767","4.502","4.502","4.502","4.502","4.502","4.502","4.502","4.502","4.649","4.767","5.679","5.856","5.856","5.856","5.826","6.091","7.856","7.945","7.945","7.945","7.945","7.945","7.945","7.945","7.945","8.71","9.387","9.387","9.387","9.387","9.387","9.387","9.387","9.387","9.387","9.387","9.387","9.387","10.622","11.123","11.652","11.652","11.652","11.652","11.652","11.652","11.652","11.652","11.652","11.652","11.652","11.652","11.652","11.652","11.652","11.652","11.652","11.652","11.652","11.652","11.652","11.652","11.652","11.652","11.652","11.652","11.652","11.652","11.652","11.652","11.652","11.652","11.652","11.652","11.652","11.652","11.652","11.652","11.652","11.652","11.652","11.652","11.652","11.711","12.859","13.417","13.447","13.476","13.476","13.476","13.476","13.476","13.476","13.476","13.476","13.476","13.476","13.476","13.476","13.476","13.476","13.712","13.535","13.535","13.741","13.741","13.771","13.8","14.036","14.064","14.064","14.064","14.153","14.153","14.359","14.359","14.359","14.359","14.359","14.359","14.359","14.359","14.359","14.359","14.359","14.359","14.359","14.359","14.359","14.359","14.359","14.359","14.359","14.359","14.389","14.418","14.448","14.476","14.476","14.448","14.448","14.448","14.448","14.448","14.448","14.476",
"T10","whole country","L01103","Hairdressers","T[14101.ausgabe]","CPI[2020=100]","2020=100","","","","","","","","","","","","","","","","","","","","","","","","","","","","","","","","","","","","","","","","","","","","","","","","","","","","","","","","","","","","","","","","","","","","","","","","","","","","","","","","","","","","","","","","","","","","","","","","","","","","","","","","","","","","","","","","","","","","","","","","","4.676","5.02","5.02","5.02","5.226","5.364","5.364","5.364","5.364","5.57","5.57","5.57","5.637","5.637","5.637","5.637","5.637","5.844","6.187","7.563","7.563","7.701","7.701","7.701","7.701","7.701","7.701","7.701","7.77","7.77","8.045","8.32","8.388","8.388","8.388","8.388","8.388","8.457","8.664","8.8","8.871","8.871","8.871","8.938","9.077","9.558","9.694","9.971","10.038","11.758","14.645","16.571","18.084","18.702","18.839","19.184","25.922","27.71","27.71","27.778","27.71","28.122","28.947","30.185","31.216","31.423","31.423","31.423","31.423","32.454","32.454","32.454","32.935","33.691","35.272","35.272","35.41","35.41","35.41","35.41","35.41","35.41","37.954","38.367","38.367","38.367","38.367","38.367","38.367","38.367","38.367","38.367","38.711","39.191","39.743","42.286","42.355","42.423","42.423","42.423","42.423","42.561","44.004","47.099","46.274","46.274","46.274","46.274","46.755","47.305","48.061","48.061","48.061","48.061","48.061","48.061","49.299","49.299","49.299","49.299","49.506","49.506","49.506","49.506","49.506","49.506","49.506","49.506","50.193","50.674","50.674","50.674","50.674","51.018","51.018","51.018","51.018","51.018","51.018","51.018","51.499","51.637","51.637","51.499","51.361","51.361","51.361","51.361","51.361","51.775","51.775","51.775","51.775","51.775","51.775","51.911","52.118","53.562","54.043","55.007","55.007","55.007","55.007","55.007","55.007","56.519","57.618","57.618","57.618","58.031","59.818","60.851","60.851","60.713","60.918","61.263","59.612","59.612","59.612","59.681","60.438","61.263","62.225","62.362","62.844","62.844","62.982","63.119","62.775","62.568","62.639","62.707",
"T10","whole country","L01104","Beauty parlors","T[14101.ausgabe]","CPI[2020=100]","2020=100","","","","","","","","","","","","","","","","","","","","","","","","","","","","","","","","","","","","","","","","","","","","","","","","","","","","","","","","","","","","","","","","","","","","","","","","","","","","","","","","","","","","","","","","","","","","","","","","","","","","","","","","","","","","","","","","","","","","","","","","","5.01","5.579","5.617","5.817","6.277","6.277","6.277","6.277","6.277","6.277","6.277","6.277","6.299","6.299","6.299","6.299","6.299","6.299","6.582","6.582","6.582","6.57","6.57","6.57","6.57","6.57","6.57","6.57","6.57","6.57","6.658","6.88","7.124","7.211","7.211","7.211","7.222","7.308","7.47","7.47","7.47","7.47","7.47","7.481","7.481","7.481","7.617","7.724","8.3","8.814","8.814","9.063","9.6","10.358","11.073","11.442","13.24","13.819","14.221","14.221","14.258","14.258","14.876","16.209","16.816","17.438","17.438","17.438","17.438","17.438","17.438","17.438","17.716","18.501","18.685","18.685","18.734","18.734","18.734","18.734","18.734","22.733","26.149","26.317","26.317","26.317","26.317","26.317","26.317","26.317","26.317","26.317","26.392","26.469","26.469","26.469","26.517","26.576","26.696","26.696","26.696","26.696","26.696","26.696","26.696","26.696","26.696","26.696","26.696","26.696","26.696","26.696","26.696","26.696","26.696","26.696","26.696","26.696","26.696","26.696","26.669","26.669","26.367","25.645","25.645","25.645","25.645","25.645","25.645","25.645","25.645","25.645","25.645","25.645","25.645","25.645","25.645","25.645","25.722","25.722","25.722","25.722","25.722","25.722","25.722","25.722","25.722","25.722","25.722","25.722","25.722","25.722","25.722","25.891","25.876","26.004","25.972","26.063","26.219","26.419","26.419","26.472","26.571","26.571","26.674","26.878","27.055","27.139","27.216","27.388","28.245","28.926","29.115","29.191","29.267","29.283","29.394","29.394","29.394","29.394","29.629","29.773","32.612","32.986","33.232","33.321","33.384","33.501","33.458","33.458","33.495","33.516",
"T10","whole country","L012","Electric appliances & other appliances, articles and products  for personal care","T[14101.ausgabe]","CPI[2020=100]","2020=100","","","","","","","","","","","","","","","","","","","","","","","","","","","","","","","","","","","","","","","","","","","","","","","","","","","","","","","","","","","","","","","","","","","","","","","","","","","","","","","","","","","","","","","","","","","","","","","","","","","","","","","","","","","","","","","","","","","","","","","","","","","","","","","","","","","","","","","","","","","","","","","","","","","","","","","","","","","","","","","","","","","","","","","","","","","","","","","","","","","","","","","","","","","","","","","","","","","","","","","","","","","","","","","","","","","","","","","","","","","","","","","","","","","","","","","","","","","","","","","","","65.887","66.018","66.084","66.216","66.151","66.216","66.216","66.283","66.216","66.151","66.151","66.216","66.349","66.349","66.349","66.349","66.283","66.283","66.349","66.349","66.349","66.349","66.349","66.349","66.548","66.68","66.747","66.812","66.812","66.747","66.747","66.747","66.812","66.812","66.812","67.077","67.276","67.606","67.804","67.871","67.871","67.871","67.871","67.937","67.937","68.003","67.937","67.937","67.937","67.937","67.937","68.136","68.269","68.4","68.532","68.665","68.731","68.797","68.797","68.797","68.753","68.822","68.822","68.892","68.892","68.892","68.892","68.96","68.96","68.96","68.96","68.96",
"T10","whole country","L01201","Razor","T[14101.ausgabe]","CPI[2020=100]","2020=100","","","","","","","","","","","","","","","","","","","","","","","","","","","","","","","","","","","","","","","","","","","","","","","","","","","","","","","","","","","","","","","","","","","","","","","","","","","","","","","","","","","","","","","","","","","","","","","","","","","","","","","","","","","","","","","","","","","","","","","","","","","","","","","","","","","","","","","","","","","","","","","","","","","","","","","","","","","","","","","","","","","","","","","","","","","","","","","","","","","","","","","","","","","","","","","","","","","","","","","","","","","","","","","","","","","","","","","","","","","","","","","","","","","","","","","","","","","","","","","","","45.831","45.831","45.831","45.831","45.831","45.831","45.831","45.831","45.831","45.831","45.831","45.831","45.831","45.831","45.831","45.831","45.831","45.831","45.831","45.463","45.28","45.28","45.28","45.28","45.28","45.28","45.28","45.28","45.28","45.28","45.28","45.234","45.143","45.143","45.143","45.143","45.143","45.143","45.005","45.005","45.234","45.234","45.234","45.234","45.234","45.234","45.234","45.234","45.234","45.234","45.234","45.234","45.234","45.234","45.189","44.959","44.959","44.959","45.005","45.189","45.471","45.471","45.563","45.563","45.563","45.563","45.563","45.608","45.608","45.608","45.608","45.608",
"T10","whole country","L01202","Hair dryer","T[14101.ausgabe]","CPI[2020=100]","2020=100","","","","","","","","","","","","","","","","","","","","","","","","","","","","","","","","","","","","","","","","","","","","","","","","","","","","","","","","","","","","","","","","","","","","","","","","","","","","","","","","","","","","","","","","","","","","","","","","","","","","","","","","","","","","","","","","","","","","","","","","","","","","","","","","","","","","","","","","","","","","","","","","","","","","","","","","","","","","","","","","","","","","","","","","","","","","","","","","","","","","","","","","","","","","","","","","","","","","","","","","","","","","","","","","","","","","","","","","","","","","","","","","","","","","","","","","","","","","","","","","","","","","","","","","","","","","","","","","","","","","","","","","","","","","","","","","","","","","","","","","","","","","","","","","","","","","","","","","","","","","","101.88","100.263","100.263","100.263","100.263","100.263","100.263","100.263","100.263","100.263","100.263","100.263",
"T10","whole country","L01203","Toothbrush","T[14101.ausgabe]","CPI[2020=100]","2020=100","","","","","","","","","","","","","","","","","","","","","","","","","","","","","","","","","","","","","","","","","","","","","","","","","","","","","","","","","","","","","","","","","","","","","","","","","","","","","","","","","","","","","","","","","","","","","","","","","","","","","","","","","","","","","","","","","","","","","","","","","20.037","20.037","20.037","20.18","20.18","20.18","20.18","20.18","20.18","20.18","20.18","20.18","20.18","19.893","20.18","20.18","20.18","20.18","20.18","20.18","20.18","20.18","20.18","20.18","20.18","20.253","20.253","20.253","21.114","21.186","21.401","21.401","21.473","21.473","21.473","21.473","21.473","21.473","21.473","21.473","21.473","21.473","21.832","21.832","21.832","21.832","21.832","21.832","21.832","21.904","21.976","26.286","31.529","32.605","32.605","33.037","33.826","33.826","33.826","33.826","34.041","34.113","34.4","34.974","34.974","34.974","34.974","34.974","34.974","34.974","34.974","34.974","34.974","37.489","39.356","39.571","42.156","42.156","43.234","45.747","45.747","46.106","46.61","46.61","46.754","46.61","46.466","46.466","46.466","46.466","46.466","46.466","46.466","46.466","46.466","46.395","46.61","46.61","46.682","46.682","46.754","47.542","47.542","47.542","47.542","47.615","47.83","48.046","48.046","48.046","48.046","48.046","48.046","48.046","48.046","48.046","48.046","48.189","50.416","53.648","54.509","55.659","55.659","55.659","55.873","56.018","56.592","56.664","56.879","57.31","57.31","57.381","57.596","58.173","59.249","59.32","59.249","58.747","58.387","58.245","58.245","58.245","58.245","58.245","58.245","58.245","58.245","57.957","57.957","57.885","57.885","57.741","57.381","57.381","57.381","57.381","57.381","57.381","57.454","57.454","57.381","57.31","57.381","57.381","57.381","60.112","60.112","60.112","60.112","60.112","60.04","60.112","60.184","60.184","60.901","61.979","62.266","62.482","62.409","62.409","62.05","62.338","62.624","62.84","62.768","62.912","62.984","63.127","63.127","63.2","63.272","63.272",
"T10","whole country","L01204","Toothpaste","T[14101.ausgabe]","CPI[2020=100]","2020=100","","","","","","","","","","","","","","","","","","","","","","","","","","","","","","","","","","","","","","","","","","","","","","","","","","","","","","","","","","","","","","","","","","","","","","","","","","","","","","","","","","","","","","","","","","","","","","","","","","","","","","","","","","","","","","","","","","","","","","","","","16.22","16.544","16.544","16.544","16.544","16.422","16.301","16.301","16.301","16.301","16.301","16.301","16.301","16.301","16.301","16.301","16.301","16.301","16.544","16.544","16.544","16.544","16.544","16.544","16.544","16.544","16.544","16.544","16.544","16.544","15.735","15.614","15.614","15.614","15.614","15.614","15.614","15.614","15.614","15.614","15.614","15.694","15.817","15.817","15.817","15.817","15.817","15.817","15.817","15.937","16.018","16.059","16.098","16.098","16.098","15.977","16.018","16.018","16.018","16.018","16.018","17.475","21.114","21.236","21.155","21.033","21.033","21.033","21.033","21.033","21.033","21.033","21.074","21.196","22.571","26.535","26.576","26.576","27.061","26.98","26.939","26.818","26.818","26.898","28.759","29.73","29.529","29.529","29.529","29.529","29.529","29.529","29.488","29.407","29.407","29.366","29.325","29.285","29.245","29.649","30.377","30.418","30.337","30.337","30.337","31.833","33.209","33.452","33.452","33.452","33.452","33.452","33.573","33.653","33.653","33.653","33.735","33.775","34.058","34.583","34.665","34.665","34.826","34.989","34.989","35.11","35.11","35.433","35.514","35.636","35.474","35.636","35.958","35.958","35.838","35.878","35.878","35.878","36.08","36.162","36.162","36.162","36.162","36.162","36.162","36.162","36.162","36.162","36.162","36.202","36.202","36.242","36.323","36.323","36.323","36.283","36.283","36.283","36.323","36.323","36.323","36.202","36.12","36.323","36.323","36.323","36.162","36.08","36.12","36.12","36.12","36.12","36.162","36.162","36.162","36.12","36.162","36.242","36.202","36.12","36.12","36.12","36.12","36.12","36.12","36.12","36.12","36.12","36.08","36.08","36.08","36.08",
"T10","whole country","L01205","Soap","T[14101.ausgabe]","CPI[2020=100]","2020=100","","","","","","","","","","","","","","","","","","","","","","","","","","","","","","","","","","","","","","","","","","","","","","","","","","","","","","","","","","","","","","","","","","","","","","","","","","","","","","","","","","","","","","","","","","","","","","","","","","","","","","","","","","","","","","","","","","","","","","","","","19.562","19.605","19.605","19.605","19.605","19.605","19.605","19.605","19.605","19.605","19.605","19.605","19.605","19.605","19.605","19.605","19.605","19.605","19.605","19.605","19.605","19.605","19.605","19.605","19.605","19.605","19.605","19.605","19.605","19.605","19.435","19.435","19.478","19.646","19.646","19.646","19.646","19.646","19.646","19.646","19.646","19.646","19.646","19.646","19.646","19.689","19.689","19.689","19.689","19.774","19.816","19.816","20.153","21.76","22.265","22.984","24.717","25.478","25.478","25.731","26.027","29.406","31.984","32.364","32.406","32.448","32.448","32.448","32.448","32.448","32.448","32.448","32.448","32.492","32.492","32.492","32.492","32.492","32.492","32.787","32.787","32.828","33.167","33.504","33.548","33.548","33.715","33.97","33.928","33.928","33.928","33.928","33.928","33.928","34.14","34.14","34.14","34.14","33.886","33.548","33.548","33.548","33.548","33.632","33.842","34.013","34.14","34.307","34.393","34.476","34.393","34.393","34.307","34.603","36.293","37.265","37.265","37.265","37.687","38.238","38.491","38.491","38.702","38.913","38.913","38.913","38.996","38.996","38.66","38.702","38.913","39.209","39.335","39.125","39.209","39.335","39.293","39.335","39.293","39.293","39.293","39.293","39.293","39.293","39.293","39.378","39.378","39.378","39.252","38.955","38.913","38.913","38.913","38.913","38.913","38.913","38.913","39.166","39.842","39.969","39.969","40.181","40.393","40.393","40.434","40.518","40.477","40.561","40.644","40.644","40.644","40.729","40.814","40.941","40.856","41.236","41.322","41.322","41.279","41.152","41.195","41.195","41.448","41.49","41.49","41.49","41.49","41.702","41.617","41.617","41.617","41.617",
"T10","whole country","L01206","Shampoo","T[14101.ausgabe]","CPI[2020=100]","2020=100","","","","","","","","","","","","","","","","","","","","","","","","","","","","","","","","","","","","","","","","","","","","","","","","","","","","","","","","","","","","","","","","","","","","","","","","","","","","","","","","","","","","","","","","","","","","","","","","","","","","","","","","","","","","","","","","","","","","","","","","","","","","","","","","","","","","","","","","","","","","","","","","","","","","","","","","","","","","","","","","","","","","","","","","","","","","","","","","","","","","","57.873","57.873","57.873","57.873","57.873","57.873","57.873","57.873","57.873","57.873","57.873","57.873","57.873","57.873","57.873","57.873","57.873","57.873","57.873","57.873","57.873","57.873","57.873","57.873","57.873","57.873","57.873","57.873","57.873","57.873","57.873","57.873","57.873","57.873","57.873","57.873","57.873","57.873","57.873","57.873","57.873","57.873","57.873","57.873","57.873","57.873","57.873","57.873","57.873","57.873","57.873","57.873","57.873","57.873","57.873","57.873","57.873","57.873","57.873","57.873","57.821","57.821","57.821","57.821","57.66","57.555","57.555","57.555","57.235","56.756","56.756","56.702","56.702","56.702","56.702","56.65","56.596","56.596","56.596","56.596","56.596","56.596","56.596","56.596","56.49","56.438","56.172","56.172","56.172","56.172","56.172","56.172","56.172","56.172","56.172","56.172","56.172","56.172","56.172","56.172","56.011","55.959","55.959","55.959","55.959","55.959","55.798","55.798","55.959","55.959","55.959","55.959","55.959","55.798","55.798","55.798","55.798","55.798","55.798","55.798","55.639","55.587","55.587","55.853","55.853","55.853","55.853","55.905","55.905","55.905","55.905","55.798",
"T10","whole country","L01208","Toilet paper","T[14101.ausgabe]","CPI[2020=100]","2020=100","","","","","","","","","","","","","","","","","","","","","","","","","","","","","","","","","","","","","","","","","","","","","","","","","","","","","","","","","","","","","","","","","","","","","","","","","","","","","","","","","","","","","","","","","","","","","","","","","","","","","","","","","","","","","","","","","","","","","","","","","22.186","22.245","22.245","22.126","22.126","22.126","22.126","22.126","22.126","22.126","22.126","22.126","22.126","22.126","22.126","22.126","22.126","22.126","22.126","22.126","22.126","22.126","22.126","22.126","22.126","22.126","22.421","22.833","22.833","22.833","22.833","22.833","22.833","22.833","22.833","22.833","22.833","22.833","22.833","22.833","22.833","22.833","22.833","22.833","22.833","22.833","22.833","23.067","23.244","25.775","28.129","28.189","28.189","28.069","28.012","27.893","28.189","28.306","28.306","29.482","28.658","30.837","35.602","35.779","35.779","35.779","35.838","35.838","35.838","35.838","35.838","35.838","35.838","36.073","36.25","36.25","36.25","36.25","36.25","37.073","37.545","38.603","41.605","41.605","41.664","41.723","42.546","42.724","42.724","42.724","43.664","43.959","43.959","43.959","43.959","43.959","44.018","44.018","44.018","44.077","44.018","43.959","43.664","43.664","43.664","43.664","43.664","43.664","43.84","43.783","43.783","43.84","43.959","44.018","44.311","44.311","44.311","44.311","44.311","44.311","44.311","44.58","44.683","44.727","44.714","44.714","44.714","44.714","44.714","44.714","44.714","44.714","44.714","44.759","44.759","44.67","44.624","44.624","44.624","44.624","44.714","44.746","44.719","44.943","45.345","45.837","46.105","46.283","46.283","46.335","46.335","46.335","46.382","46.452","46.491","47.187","47.76","48.62","48.78","48.793","48.793","48.839","48.839","48.839","48.825","48.839","48.812","48.786","48.786","48.812","48.798","49.141","49.596","49.984","50.324","50.529","50.619","50.707","50.905","50.948","50.846","51.015","51.019","51.007","51.034","51.131","51.131","51.118","51.105","51.105","51.105","51.105",
"T10","whole country","L01209","Basic cosmetics","T[14101.ausgabe]","CPI[2020=100]","2020=100","","","","","","","","","","","","","","","","","","","","","","","","","","","","","","","","","","","","","","","","","","","","","","","","","","","","","","","","","","","","","","","","","","","","","","","","","","","","","","","","","","","","","","","","","","","","","","","","","","","","","","","","","","","","","","","","","","","","","","","","","","","","","","","","","","","","","","","","","","","","","","","","","","","","","","","","","","","","","","","","","","","","","","","","","","","","","","","","","","","","","","","","","","","","","","","","","","","","","","","","","","","","","","","","","","","","","","","","","","","","","","","","","","","","","","","","","","","","","","","","","86.188","86.188","86.188","86.188","86.188","86.188","86.188","86.188","86.188","86.188","86.188","86.188","86.188","86.188","86.188","86.188","86.188","86.188","86.188","86.188","86.188","86.188","86.103","86.016","86.016","86.016","86.016","86.016","86.016","86.016","86.016","86.016","86.016","86.016","86.016","86.016","86.016","86.016","86.103","86.188","86.188","86.188","86.188","86.188","86.188","86.188","86.188","86.188","86.188","86.188","86.188","86.188","86.188","86.188","86.188","86.188","86.188","86.188","86.188","86.188","86.103","86.188","86.188","86.188","86.188","86.188","86.188","86.188","86.188","86.188","86.188","86.188",
"T10","whole country","L01211","Makeup cosmetics","T[14101.ausgabe]","CPI[2020=100]","2020=100","","","","","","","","","","","","","","","","","","","","","","","","","","","","","","","","","","","","","","","","","","","","","","","","","","","","","","","","","","","","","","","","","","","","","","","","","","","","","","","","","","","","","","","","","","","","","","","","","","","","","","","","","","","","","","","","","","","","","","","","","","","","","","","","","","","","","","","","","","","","","","","","","","","","","","","","","","","","","","","","","","","","","","","","","","","","","","","","","","","","","","","","","","","","","","","","","","","","","","","","","","","","","","","","","","","","","","","","","","","","","","","","","","","","","","","","","","","","","","","","","","","","","","","","","","","","","","","","","","","","","","","","","","","","","","","","","","","","","","","","","","","","","","","","","","","","","","","","","","","","","79.553","79.553","79.553","79.553","79.553","79.553","79.553","79.553","79.553","79.553","79.553","79.553",
"T10","whole country","L02","12.3 Personal effects n.e.c.","T[14101.ausgabe]","CPI[2020=100]","2020=100","","","","","","","","","","","","","","","","","","","","","","","","","","","","","","","","","","","","","","","","","","","","","","","","","","","","","","","","","","","","","","","","","","","","","","","","","","","","","","","","","","","","","","","","","","","","","","","","","","","","","","","","","","","","","","","","","","","","","","","","","","","","","","","","","","","","","","","","","","","","","","","","","","","","","","","","","","","","","","","","","","","","","","","","","","","","","","","","","","","","","","","","","","","","","","","","","","","","","","","","","","","","","","","","","","","","","","","","","","","","","","","","","","","","","","","","","","","","","","","","","20.779","20.676","20.634","20.613","20.593","20.406","20.385","20.53","21.151","21.027","20.924","20.883","20.965","21.151","21.234","21.151","21.131","20.986","20.924","21.234","22.27","22.685","22.25","22.27","22.519","22.416","22.27","22.457","23.12","22.788","22.893","23.369","23.596","23.679","23.596","23.576","23.679","23.637","23.721","23.348","23.328","22.933","22.933","22.975","23.016","22.623","22.23","22.043","21.96","21.794","21.669","21.608","21.442","21.317","21.628","21.608","21.525","21.483","21.442","21.94","22.376","22.575","22.42","22.132","21.867","21.491","21.337","22.42","22.354","22.199","22.154","21.977",
"T10","whole country","L021","Personal effects n.e.c","T[14101.ausgabe]","CPI[2020=100]","2020=100","","","","","","","","","","","","","","","","","","","","","","","","","","","","","","","","","","","","","","","","","","","","","","","","","","","","","","","","","","","","","","","","","","","","","","","","","","","","","","","","","","","","","","","","","","","","","","","","","","","","","","","","","","","","","","","","","","","","","","","","","","","","","","","","","","","","","","","","","","","","","","","","","","","","","","","","","","","","","","","","","","","","","","","","","","","","","","","","","","","","","","","","","","","","","","","","","","","","","","","","","","","","","","","","","","","","","","","","","","","","","","","","","","","","","","","","","","","","","","","","","20.779","20.676","20.634","20.613","20.593","20.406","20.385","20.53","21.151","21.027","20.924","20.883","20.965","21.151","21.234","21.151","21.131","20.986","20.924","21.234","22.27","22.685","22.25","22.27","22.519","22.416","22.27","22.457","23.12","22.788","22.893","23.369","23.596","23.679","23.596","23.576","23.679","23.637","23.721","23.348","23.328","22.933","22.933","22.975","23.016","22.623","22.23","22.043","21.96","21.794","21.669","21.608","21.442","21.317","21.628","21.608","21.525","21.483","21.442","21.94","22.376","22.575","22.42","22.132","21.867","21.491","21.337","22.42","22.354","22.199","22.154","21.977",
"T10","whole country","L02101","Wrist watch","T[14101.ausgabe]","CPI[2020=100]","2020=100","","","","","","","","","","","","","","","","","","","","","","","","","","","","","","","","","","","","","","","","","","","","","","","","","","","","","","","","","","","","","","","","","","","","","","","","","","","","","","","","","","","","","","","","","","","","","","","","","","","","","","","","","","","","","","","","","","","","","","","","","40.328","42.84","44.989","45.797","45.886","45.975","46.065","46.154","46.154","46.603","47.589","47.589","47.589","47.768","48.214","48.214","48.306","48.306","48.306","48.306","48.306","48.306","48.306","48.306","51.98","56.551","58.433","58.522","58.522","58.522","58.344","58.344","58.344","58.344","58.344","58.344","58.344","58.344","58.344","60.852","62.286","62.286","62.286","62.286","62.376","62.376","62.734","63.361","64.257","64.885","65.242","66.946","67.485","67.754","67.931","68.111","68.111","69.097","70.89","70.89","72.055","78.866","80.121","80.658","80.838","82.36","83.705","83.794","83.794","83.794","83.794","83.794","83.794","83.794","83.884","84.422","84.512","84.512","84.512","84.512","84.512","84.512","84.512","84.512","85.586","85.586","85.586","88.724","88.814","88.814","88.814","88.814","88.814","88.814","88.814","88.814","88.814","88.814","88.814","88.814","88.634","88.545","88.902","89.262","89.262","89.262","89.262","89.262","89.262","89.262","89.262","89.262","89.262","89.262","89.262","89.262","89.262","89.172","89.083","89.083","89.083","89.083","89.083","89.083","89.083","89.083","89.083","89.083","89.083","89.083","89.083","89.083","89.083","89.083","89.083","89.083","89.083","89.083","89.083","89.083","89.083","89.083","89.083","89.083","89.083","89.083","89.083","89.083","89.083","89.083","89.083","89.083","89.083","89.083","89.083","89.083","89.083","89.083","89.083","89.083","89.083","89.083","89.083","89.083","89.083","89.083","89.083","89.083","89.083","89.711","90.068","90.068","90.068","90.337","90.427","90.427","90.427","90.427","90.427","90.427","90.427","89.621","89.621","89.621","89.621","89.621","89.621","89.621","89.621","89.621","89.621","89.621",
"T10","whole country","L02103","Bag","T[14101.ausgabe]","CPI[2020=100]","2020=100","","","","","","","","","","","","","","","","","","","","","","","","","","","","","","","","","","","","","","","","","","","","","","","","","","","","","","","","","","","","","","","","","","","","","","","","","","","","","","","","","","","","","","","","","","","","","","","","","","","","","","","","","","","","","","","","","","","","","","","","","7.756","7.808","8.276","9.058","9.058","9.058","9.058","9.058","9.058","9.11","9.11","9.11","9.11","9.839","10.515","10.515","10.515","10.515","10.515","10.515","10.515","10.515","10.515","10.515","10.567","11.764","13.222","13.222","13.222","13.222","13.222","13.222","13.222","13.222","13.222","13.222","13.222","13.482","17.647","17.699","17.699","17.699","17.699","17.855","17.855","19.312","20.093","20.145","20.926","24.102","26.496","26.496","26.496","26.548","26.601","26.601","26.601","27.068","27.328","27.328","27.328","27.328","27.328","27.328","27.328","27.328","27.328","27.328","27.381","27.381","27.433","27.485","27.953","28.734","30.036","30.036","30.036","30.036","30.14","30.14","30.14","30.14","30.14","30.14","30.192","30.712","31.545","31.545","31.545","31.545","31.545","31.545","31.545","31.545","31.545","31.545","31.545","31.545","31.545","31.545","31.545","31.545","31.545","31.545","31.545","31.545","31.545","31.545","31.545","31.545","31.545","31.545","31.545","31.545","31.545","31.545","31.545","31.545","31.545","31.545","31.545","31.545","31.545","31.545","31.545","31.545","31.545","31.545","31.545","31.545","31.545","31.545","31.545","31.91","32.43","32.43","32.43","32.43","32.43","32.43","32.43","32.43","32.43","32.43","32.43","32.482","32.482","32.482","32.482","32.482","32.482","32.482","32.482","32.638","32.899","32.899","32.899","35.085","37.792","37.792","39.093","39.093","39.093","39.093","39.146","39.146","39.146","39.146","39.146","39.666","40.707","41.696","41.696","41.696","41.904","42.008","42.529","42.529","42.529","42.529","42.997","43.05","43.181","43.261","43.313","43.313","43.313","43.313","43.485","42.445","42.445","42.635",
"T10","whole country","L02104","Handbag","T[14101.ausgabe]","CPI[2020=100]","2020=100","","","","","","","","","","","","","","","","","","","","","","","","","","","","","","","","","","","","","","","","","","","","","","","","","","","","","","","","","","","","","","","","","","","","","","","","","","","","","","","","","","","","","","","","","","","","","","","","","","","","","","","","","","","","","","","","","","","","","","","","","9.965","10.21","10.661","10.825","10.825","10.825","10.825","10.825","10.825","10.948","10.948","11.236","12.056","12.056","12.056","12.056","12.056","12.056","12.056","12.056","12.056","12.056","12.056","12.056","12.056","12.219","12.753","12.834","12.834","12.834","12.834","12.834","12.834","12.834","12.834","12.834","12.834","12.875","12.917","12.917","12.917","12.917","12.917","12.999","12.999","13.082","13.082","13.082","13.162","13.737","14.556","15.09","17.837","17.837","17.837","17.837","17.837","17.837","17.837","17.837","18.494","19.6","19.764","19.764","19.887","19.887","19.887","19.887","19.887","19.887","20.708","22.799","22.799","22.799","22.799","22.799","22.839","23.947","23.947","23.947","23.947","23.947","23.947","23.947","23.947","24.398","24.398","24.398","24.398","24.398","24.398","24.398","24.398","24.398","24.521","24.767","24.767","24.931","24.931","24.931","24.931","24.931","24.931","24.931","24.931","24.931","24.931","24.931","24.931","24.931","24.931","24.931","24.931","24.931","24.931","24.931","24.931","24.931","24.931","24.931","24.931","24.931","24.931","24.931","24.931","24.931","24.931","24.931","24.931","24.931","24.931","24.931","24.931","24.931","24.931","24.931","24.931","24.931","24.931","24.931","24.931","25.013","25.178","25.178","25.178","25.382","25.628","25.628","25.628","25.628","25.628","25.628","25.628","25.628","25.628","25.628","25.628","25.628","25.71","25.956","25.956","26.203","26.203","26.203","26.203","26.203","26.203","26.203","26.203","26.284","26.448","26.448","26.448","26.448","26.49","26.572","26.572","26.572","26.572","26.572","26.448","26.53","26.572","26.981","27.227","27.227","27.268","27.268","27.514","27.596","27.678","27.72",
"T10","whole country","L02105","Umbrella","T[14101.ausgabe]","CPI[2020=100]","2020=100","","","","","","","","","","","","","","","","","","","","","","","","","","","","","","","","","","","","","","","","","","","","","","","","","","","","","","","","","","","","","","","","","","","","","","","","","","","","","","","","","","","","","","","","","","","","","","","","","","","","","","","","","","","","","","","","","","","","","","","","","14.857","14.857","15.069","15.709","16.206","16.206","16.277","16.277","16.277","16.277","16.277","16.277","16.277","16.277","16.277","17.13","17.13","17.13","17.13","17.13","17.13","17.842","17.842","17.842","17.842","17.842","17.842","17.913","18.197","18.338","18.552","18.552","18.552","18.552","18.552","18.552","18.552","18.552","18.694","18.978","19.262","19.76","20.613","20.613","20.613","20.613","20.613","20.613","20.613","22.39","25.944","29.852","31.489","32.909","32.981","33.051","33.122","33.265","33.265","33.265","33.763","33.763","34.046","34.616","36.109","43.073","43.359","43.501","43.501","43.501","43.501","43.501","43.501","43.501","43.571","43.927","44.069","44.425","44.496","44.496","44.496","44.496","44.496","44.496","44.496","44.496","44.922","45.704","49.898","51.461","51.604","51.604","51.604","51.604","51.604","51.604","51.604","51.604","51.604","51.604","52.243","52.599","53.238","53.238","53.238","53.238","53.238","53.238","53.238","53.238","53.238","53.238","53.238","53.238","53.452","53.665","53.665","53.665","53.665","53.665","53.737","53.737","53.737","53.737","53.737","53.807","53.95","53.95","53.95","53.95","53.95","53.95","53.95","53.95","53.95","53.95","53.595","53.452","53.452","53.452","53.452","53.452","53.452","53.452","53.452","53.523","53.523","53.523","53.95","53.878","54.446","54.802","54.802","54.802","54.802","54.802","54.802","54.802","55.086","55.371","56.65","58.854","60.132","60.132","60.204","60.204","60.276","60.276","60.276","60.276","60.418","60.418","61.625","63.261","63.901","63.901","63.901","63.901","63.901","64.326","64.896","64.896","65.392","64.682","64.54","64.967","64.967","64.967","65.18","65.18","65.18","65.109",
"T10","whole country","L03","12.4~7 Other services","T[14101.ausgabe]","CPI[2020=100]","2020=100","","","","","","","","","","","","","","","","","","","","","","","","","","","","","","","","","","","","","","","","","","","","","","","","","","","","","","","","","","","","","","","","","","","","","","","","","","","","","","","","","","","","","","","","","","","","","","","","","","","","","","","","","","","","","","","","","","","","","","","","","","","","","","","","","","","","","","","","","","","","","","","","","","","","","","","","","","","","","","","","","","","","","","","","","","","","","","","","","","","","","","","","","","","","","","","","","","","","","","","","","","","","","","","","","","","","","","","","","","","","","","","","","","","","","","","","","","","","","","","","","35.46","35.46","35.46","35.46","35.46","35.46","35.46","35.927","36.896","36.896","36.896","36.896","36.896","36.896","36.896","38.372","44.163","46.213","46.213","46.213","46.213","46.213","46.213","46.213","46.213","46.213","46.213","46.213","46.213","46.213","46.213","46.213","46.213","46.213","46.213","46.213","46.213","46.213","46.213","46.213","46.213","46.213","46.213","46.213","46.213","46.213","46.213","46.213","46.213","46.213","46.213","46.213","46.213","46.213","46.213","46.213","46.213","46.213","46.213","46.213","47.537","47.537","47.537","48.161","48.161","48.161","48.161","48.161","48.161","48.161","48.161","48.161",
"T10","whole country","L031","Other services","T[14101.ausgabe]","CPI[2020=100]","2020=100","","","","","","","","","","","","","","","","","","","","","","","","","","","","","","","","","","","","","","","","","","","","","","","","","","","","","","","","","","","","","","","","","","","","","","","","","","","","","","","","","","","","","","","","","","","","","","","","","","","","","","","","","","","","","","","","","","","","","","","","","","","","","","","","","","","","","","","","","","","","","","","","","","","","","","","","","","","","","","","","","","","","","","","","","","","","","","","","","","","","","","","","","","","","","","","","","","","","","","","","","","","","","","","","","","","","","","","","","","","","","","","","","","","","","","","","","","","","","","","","","35.46","35.46","35.46","35.46","35.46","35.46","35.46","35.927","36.896","36.896","36.896","36.896","36.896","36.896","36.896","38.372","44.163","46.213","46.213","46.213","46.213","46.213","46.213","46.213","46.213","46.213","46.213","46.213","46.213","46.213","46.213","46.213","46.213","46.213","46.213","46.213","46.213","46.213","46.213","46.213","46.213","46.213","46.213","46.213","46.213","46.213","46.213","46.213","46.213","46.213","46.213","46.213","46.213","46.213","46.213","46.213","46.213","46.213","46.213","46.213","47.537","47.537","47.537","48.161","48.161","48.161","48.161","48.161","48.161","48.161","48.161","48.161",
"T10","whole country","L03106","Financial services","T[14101.ausgabe]","CPI[2020=100]","2020=100","","","","","","","","","","","","","","","","","","","","","","","","","","","","","","","","","","","","","","","","","","","","","","","","","","","","","","","","","","","","","","","","","","","","","","","","","","","","","","","","","","","","","","","","","","","","","","","","","","","","","","","","","","","","","","","","","","","","","","","","","8.266","8.266","8.266","8.266","8.266","8.266","8.266","8.266","8.266","8.266","8.266","8.266","13.811","16.634","16.634","16.634","16.634","16.634","16.634","16.634","16.634","16.634","16.634","16.634","16.634","16.634","16.634","16.634","16.634","16.634","16.634","16.634","16.634","16.634","16.634","16.634","16.634","16.634","16.634","16.634","16.634","16.634","16.634","16.634","16.634","16.634","16.634","16.634","16.634","16.634","16.634","17.441","38.611","40.425","58.068","66.839","66.839","66.839","66.839","66.839","66.938","66.938","66.938","66.938","66.938","66.938","66.938","66.938","66.938","66.938","66.938","66.032","66.938","66.938","66.938","66.938","66.938","66.938","66.938","66.938","66.938","66.938","66.938","66.938","66.938","66.938","66.938","66.938","66.938","66.938","66.938","66.938","66.938","66.938","66.938","66.938","79.339","81.356","81.356","81.356","81.356","81.356","81.356","81.356","81.356","81.356","81.356","81.356","81.356","81.356","81.356","81.356","81.356","81.356","81.356","81.356","81.356","81.356","81.356","81.356","81.456","81.456","81.456","81.456","81.456","81.456","81.456","83.775","88.21","88.21","88.21","88.21","88.21","88.21","88.21","88.21","88.21","88.21","88.21","88.21","88.21","88.21","88.21","88.21","88.21","88.21","88.21","88.21","88.21","88.21","88.21","88.21","88.21","88.21","88.21","88.21","88.21","88.21","88.21","88.21","88.21","88.21","88.21","88.21","88.21","88.21","88.21","88.21","88.21","88.21","88.21","88.21","88.21","88.21","88.21","88.21","88.21","88.21","88.21","88.21","92.748","92.748","92.748","97.789","97.789","97.789","97.789","97.789","97.789","97.789","97.789","97.789",
"T10","whole country","L03108","Administrative services","T[14101.ausgabe]","CPI[2020=100]","2020=100","","","","","","","","","","","","","","","","","","","","","","","","","","","","","","","","","","","","","","","","","","","","","","","","","","","","","","","","","","","","","","","","","","","","","","","","","","","","","","","","","","","","","","","","","","","","","","","","","","","","","","","","","","","","","","","","","","","","","","","","","14.437","14.437","14.437","14.437","14.437","14.437","14.437","14.437","14.437","14.437","14.437","14.437","32.663","32.663","32.663","32.663","32.663","32.663","32.663","32.663","32.663","32.663","32.663","32.663","32.663","32.663","32.663","32.663","32.663","32.663","32.663","32.663","32.663","32.663","32.663","32.663","32.663","32.663","32.663","32.663","32.663","32.663","32.663","32.663","32.663","32.663","32.663","32.663","32.663","32.663","32.663","32.663","32.663","32.663","32.663","32.663","32.663","32.663","32.663","32.663","32.746","32.746","32.746","32.746","32.746","32.746","32.746","32.746","32.746","32.746","32.83","34.893","35.061","35.061","35.061","35.061","35.061","35.061","35.061","35.061","35.061","35.061","35.061","35.061","35.061","35.061","35.061","35.061","35.061","41.333","42.091","42.091","42.091","42.091","42.091","42.091","42.091","42.091","42.091","42.091","42.091","42.091","42.091","42.091","42.091","42.091","42.091","42.091","42.091","42.091","42.091","42.091","42.091","42.091","42.091","42.091","42.091","42.091","42.091","42.091","42.091","42.091","42.091","42.091","42.091","42.091","42.091","42.091","42.091","42.091","42.091","42.091","42.091","42.091","42.091","42.091","42.091","42.091","42.091","42.091","42.091","42.091","42.091","42.091","42.091","42.091","42.091","42.091","42.091","42.091","42.091","42.091","42.091","42.091","42.091","42.091","42.091","42.091","42.091","42.091","42.091","42.091","42.091","42.091","42.091","42.091","42.091","42.091","42.091","42.091","42.091","42.091","42.091","42.091","42.091","42.091","42.091","42.091","42.091","42.091","42.091","42.091","42.091","42.091","42.091","42.091","42.091","42.091","42.091","42.091","42.091","42.091",
