"Timestamp","Country","Status","Iteration","Total","Percent","Elapsed","ETA","Updated","StatusFile"
"2026-09-21 15:43:33","JP","running","251","6001","4.2%","00:04:23","01:40:37","2026-09-21 15:43:30","C:\Users\micha\Desktop\Stats Research\michaelwjones\macro-work\JP\Inflation Model\mct_model\results\python\japan_core_d3000_b3000_t2_s2022_status.json"
"2026-09-21 15:43:33","AU","running","1201","6001","20.0%","00:04:25","00:17:42","2026-09-21 15:43:32","C:\Users\micha\Desktop\Stats Research\michaelwjones\macro-work\AU\Inflation Model\mct_model\results\python\australia_core_d3000_b3000_t2_s2022_status.json"
"2026-09-21 15:43:33","KR","running","291","6001","4.8%","00:04:16","01:23:55","2026-09-21 15:43:23","C:\Users\micha\Desktop\Stats Research\michaelwjones\macro-work\KR\Inflation Model\mct_model\results\python\korea_core_d3000_b3000_t2_s2022_status.json"
"2026-09-21 15:44:58","JP","running","301","6001","5.0%","00:05:47","01:49:41","2026-09-21 15:44:54","C:\Users\micha\Desktop\Stats Research\michaelwjones\macro-work\JP\Inflation Model\mct_model\results\python\japan_core_d3000_b3000_t2_s2022_status.json"
"2026-09-21 15:44:58","AU","running","1441","6001","24.0%","00:05:51","00:18:33","2026-09-21 15:44:58","C:\Users\micha\Desktop\Stats Research\michaelwjones\macro-work\AU\Inflation Model\mct_model\results\python\australia_core_d3000_b3000_t2_s2022_status.json"
"2026-09-21 15:44:58","KR","running","351","6001","5.8%","00:05:41","01:31:44","2026-09-21 15:44:48","C:\Users\micha\Desktop\Stats Research\michaelwjones\macro-work\KR\Inflation Model\mct_model\results\python\korea_core_d3000_b3000_t2_s2022_status.json"
"2026-09-21 15:58:13","JP","running","931","6001","15.5%","00:19:00","01:43:28","2026-09-21 15:58:06","C:\Users\micha\Desktop\Stats Research\michaelwjones\macro-work\JP\Inflation Model\mct_model\results\python\japan_core_d3000_b3000_t2_s2022_status.json"
"2026-09-21 15:58:36","JP","running","941","6001","15.7%","00:19:13","01:43:25","2026-09-21 15:58:20","C:\Users\micha\Desktop\Stats Research\michaelwjones\macro-work\JP\Inflation Model\mct_model\results\python\japan_core_d3000_b3000_t2_s2022_status.json"
"2026-09-21 15:58:36","AU","running","4521","6001","75.3%","00:19:26","00:06:22","2026-09-21 15:58:32","C:\Users\micha\Desktop\Stats Research\michaelwjones\macro-work\AU\Inflation Model\mct_model\results\python\australia_core_d3000_b3000_t2_s2022_status.json"
"2026-09-21 15:58:36","KR","running","1111","6001","18.5%","00:19:16","01:24:50","2026-09-21 15:58:22","C:\Users\micha\Desktop\Stats Research\michaelwjones\macro-work\KR\Inflation Model\mct_model\results\python\korea_core_d3000_b3000_t2_s2022_status.json"
"2026-09-21 16:05:28","AU","complete","6001","6001","100.0%","00:25:21","00:00:00","2026-09-21 16:04:29","C:\Users\micha\Desktop\Stats Research\michaelwjones\macro-work\AU\Inflation Model\mct_model\results\python\australia_core_d3000_b3000_t2_s2022_status.json"
"2026-09-21 16:05:38","AU","complete","6001","6001","100.0%","00:25:21","00:00:00","2026-09-21 16:04:29","C:\Users\micha\Desktop\Stats Research\michaelwjones\macro-work\AU\Inflation Model\mct_model\results\python\australia_core_d3000_b3000_t2_s2022_status.json"
"2026-09-21 16:05:48","AU","complete","6001","6001","100.0%","00:25:21","00:00:00","2026-09-21 16:04:29","C:\Users\micha\Desktop\Stats Research\michaelwjones\macro-work\AU\Inflation Model\mct_model\results\python\australia_core_d3000_b3000_t2_s2022_status.json"
"2026-09-21 16:05:58","AU","complete","6001","6001","100.0%","00:25:21","00:00:00","2026-09-21 16:04:29","C:\Users\micha\Desktop\Stats Research\michaelwjones\macro-work\AU\Inflation Model\mct_model\results\python\australia_core_d3000_b3000_t2_s2022_status.json"
"2026-09-21 16:06:08","AU","complete","6001","6001","100.0%","00:25:21","00:00:00","2026-09-21 16:04:29","C:\Users\micha\Desktop\Stats Research\michaelwjones\macro-work\AU\Inflation Model\mct_model\results\python\australia_core_d3000_b3000_t2_s2022_status.json"
"2026-09-21 16:06:18","AU","complete","6001","6001","100.0%","00:25:21","00:00:00","2026-09-21 16:04:29","C:\Users\micha\Desktop\Stats Research\michaelwjones\macro-work\AU\Inflation Model\mct_model\results\python\australia_core_d3000_b3000_t2_s2022_status.json"
"2026-09-21 16:06:28","AU","complete","6001","6001","100.0%","00:25:21","00:00:00","2026-09-21 16:04:29","C:\Users\micha\Desktop\Stats Research\michaelwjones\macro-work\AU\Inflation Model\mct_model\results\python\australia_core_d3000_b3000_t2_s2022_status.json"
"2026-09-21 16:06:38","AU","complete","6001","6001","100.0%","00:25:21","00:00:00","2026-09-21 16:04:29","C:\Users\micha\Desktop\Stats Research\michaelwjones\macro-work\AU\Inflation Model\mct_model\results\python\australia_core_d3000_b3000_t2_s2022_status.json"
"2026-09-21 16:06:48","AU","complete","6001","6001","100.0%","00:25:21","00:00:00","2026-09-21 16:04:29","C:\Users\micha\Desktop\Stats Research\michaelwjones\macro-work\AU\Inflation Model\mct_model\results\python\australia_core_d3000_b3000_t2_s2022_status.json"
"2026-09-21 16:06:58","AU","complete","6001","6001","100.0%","00:25:21","00:00:00","2026-09-21 16:04:29","C:\Users\micha\Desktop\Stats Research\michaelwjones\macro-work\AU\Inflation Model\mct_model\results\python\australia_core_d3000_b3000_t2_s2022_status.json"
"2026-09-21 16:07:08","AU","complete","6001","6001","100.0%","00:25:21","00:00:00","2026-09-21 16:04:29","C:\Users\micha\Desktop\Stats Research\michaelwjones\macro-work\AU\Inflation Model\mct_model\results\python\australia_core_d3000_b3000_t2_s2022_status.json"
"2026-09-21 16:07:18","AU","complete","6001","6001","100.0%","00:25:21","00:00:00","2026-09-21 16:04:29","C:\Users\micha\Desktop\Stats Research\michaelwjones\macro-work\AU\Inflation Model\mct_model\results\python\australia_core_d3000_b3000_t2_s2022_status.json"
"2026-09-21 16:07:28","AU","complete","6001","6001","100.0%","00:25:21","00:00:00","2026-09-21 16:04:29","C:\Users\micha\Desktop\Stats Research\michaelwjones\macro-work\AU\Inflation Model\mct_model\results\python\australia_core_d3000_b3000_t2_s2022_status.json"
"2026-09-21 16:07:38","AU","complete","6001","6001","100.0%","00:25:21","00:00:00","2026-09-21 16:04:29","C:\Users\micha\Desktop\Stats Research\michaelwjones\macro-work\AU\Inflation Model\mct_model\results\python\australia_core_d3000_b3000_t2_s2022_status.json"
"2026-09-21 16:07:48","AU","complete","6001","6001","100.0%","00:25:21","00:00:00","2026-09-21 16:04:29","C:\Users\micha\Desktop\Stats Research\michaelwjones\macro-work\AU\Inflation Model\mct_model\results\python\australia_core_d3000_b3000_t2_s2022_status.json"
"2026-09-21 16:07:58","AU","complete","6001","6001","100.0%","00:25:21","00:00:00","2026-09-21 16:04:29","C:\Users\micha\Desktop\Stats Research\michaelwjones\macro-work\AU\Inflation Model\mct_model\results\python\australia_core_d3000_b3000_t2_s2022_status.json"
"2026-09-21 16:08:09","AU","complete","6001","6001","100.0%","00:25:21","00:00:00","2026-09-21 16:04:29","C:\Users\micha\Desktop\Stats Research\michaelwjones\macro-work\AU\Inflation Model\mct_model\results\python\australia_core_d3000_b3000_t2_s2022_status.json"
"2026-09-21 16:08:19","AU","complete","6001","6001","100.0%","00:25:21","00:00:00","2026-09-21 16:04:29","C:\Users\micha\Desktop\Stats Research\michaelwjones\macro-work\AU\Inflation Model\mct_model\results\python\australia_core_d3000_b3000_t2_s2022_status.json"
"2026-09-21 16:08:29","AU","complete","6001","6001","100.0%","00:25:21","00:00:00","2026-09-21 16:04:29","C:\Users\micha\Desktop\Stats Research\michaelwjones\macro-work\AU\Inflation Model\mct_model\results\python\australia_core_d3000_b3000_t2_s2022_status.json"
"2026-09-21 16:08:39","AU","complete","6001","6001","100.0%","00:25:21","00:00:00","2026-09-21 16:04:29","C:\Users\micha\Desktop\Stats Research\michaelwjones\macro-work\AU\Inflation Model\mct_model\results\python\australia_core_d3000_b3000_t2_s2022_status.json"
"2026-09-21 16:08:49","AU","complete","6001","6001","100.0%","00:25:21","00:00:00","2026-09-21 16:04:29","C:\Users\micha\Desktop\Stats Research\michaelwjones\macro-work\AU\Inflation Model\mct_model\results\python\australia_core_d3000_b3000_t2_s2022_status.json"
"2026-09-21 16:08:59","AU","complete","6001","6001","100.0%","00:25:21","00:00:00","2026-09-21 16:04:29","C:\Users\micha\Desktop\Stats Research\michaelwjones\macro-work\AU\Inflation Model\mct_model\results\python\australia_core_d3000_b3000_t2_s2022_status.json"
"2026-09-21 16:09:09","AU","complete","6001","6001","100.0%","00:25:21","00:00:00","2026-09-21 16:04:29","C:\Users\micha\Desktop\Stats Research\michaelwjones\macro-work\AU\Inflation Model\mct_model\results\python\australia_core_d3000_b3000_t2_s2022_status.json"
"2026-09-21 16:09:19","AU","complete","6001","6001","100.0%","00:25:21","00:00:00","2026-09-21 16:04:29","C:\Users\micha\Desktop\Stats Research\michaelwjones\macro-work\AU\Inflation Model\mct_model\results\python\australia_core_d3000_b3000_t2_s2022_status.json"
"2026-09-21 16:09:29","AU","complete","6001","6001","100.0%","00:25:21","00:00:00","2026-09-21 16:04:29","C:\Users\micha\Desktop\Stats Research\michaelwjones\macro-work\AU\Inflation Model\mct_model\results\python\australia_core_d3000_b3000_t2_s2022_status.json"
"2026-09-21 16:09:39","AU","complete","6001","6001","100.0%","00:25:21","00:00:00","2026-09-21 16:04:29","C:\Users\micha\Desktop\Stats Research\michaelwjones\macro-work\AU\Inflation Model\mct_model\results\python\australia_core_d3000_b3000_t2_s2022_status.json"
"2026-09-21 16:09:49","AU","complete","6001","6001","100.0%","00:25:21","00:00:00","2026-09-21 16:04:29","C:\Users\micha\Desktop\Stats Research\michaelwjones\macro-work\AU\Inflation Model\mct_model\results\python\australia_core_d3000_b3000_t2_s2022_status.json"
"2026-09-21 16:09:59","AU","complete","6001","6001","100.0%","00:25:21","00:00:00","2026-09-21 16:04:29","C:\Users\micha\Desktop\Stats Research\michaelwjones\macro-work\AU\Inflation Model\mct_model\results\python\australia_core_d3000_b3000_t2_s2022_status.json"
"2026-09-21 16:10:09","AU","complete","6001","6001","100.0%","00:25:21","00:00:00","2026-09-21 16:04:29","C:\Users\micha\Desktop\Stats Research\michaelwjones\macro-work\AU\Inflation Model\mct_model\results\python\australia_core_d3000_b3000_t2_s2022_status.json"
"2026-09-21 16:10:19","AU","complete","6001","6001","100.0%","00:25:21","00:00:00","2026-09-21 16:04:29","C:\Users\micha\Desktop\Stats Research\michaelwjones\macro-work\AU\Inflation Model\mct_model\results\python\australia_core_d3000_b3000_t2_s2022_status.json"
"2026-09-21 16:10:29","AU","complete","6001","6001","100.0%","00:25:21","00:00:00","2026-09-21 16:04:29","C:\Users\micha\Desktop\Stats Research\michaelwjones\macro-work\AU\Inflation Model\mct_model\results\python\australia_core_d3000_b3000_t2_s2022_status.json"
"2026-09-21 16:10:39","AU","complete","6001","6001","100.0%","00:25:21","00:00:00","2026-09-21 16:04:29","C:\Users\micha\Desktop\Stats Research\michaelwjones\macro-work\AU\Inflation Model\mct_model\results\python\australia_core_d3000_b3000_t2_s2022_status.json"
"2026-09-21 16:10:49","AU","complete","6001","6001","100.0%","00:25:21","00:00:00","2026-09-21 16:04:29","C:\Users\micha\Desktop\Stats Research\michaelwjones\macro-work\AU\Inflation Model\mct_model\results\python\australia_core_d3000_b3000_t2_s2022_status.json"
"2026-09-21 16:10:59","AU","complete","6001","6001","100.0%","00:25:21","00:00:00","2026-09-21 16:04:29","C:\Users\micha\Desktop\Stats Research\michaelwjones\macro-work\AU\Inflation Model\mct_model\results\python\australia_core_d3000_b3000_t2_s2022_status.json"
"2026-09-21 16:11:09","AU","complete","6001","6001","100.0%","00:25:21","00:00:00","2026-09-21 16:04:29","C:\Users\micha\Desktop\Stats Research\michaelwjones\macro-work\AU\Inflation Model\mct_model\results\python\australia_core_d3000_b3000_t2_s2022_status.json"
"2026-09-21 16:11:19","AU","complete","6001","6001","100.0%","00:25:21","00:00:00","2026-09-21 16:04:29","C:\Users\micha\Desktop\Stats Research\michaelwjones\macro-work\AU\Inflation Model\mct_model\results\python\australia_core_d3000_b3000_t2_s2022_status.json"
"2026-09-21 16:11:29","AU","complete","6001","6001","100.0%","00:25:21","00:00:00","2026-09-21 16:04:29","C:\Users\micha\Desktop\Stats Research\michaelwjones\macro-work\AU\Inflation Model\mct_model\results\python\australia_core_d3000_b3000_t2_s2022_status.json"
"2026-09-21 16:11:39","AU","complete","6001","6001","100.0%","00:25:21","00:00:00","2026-09-21 16:04:29","C:\Users\micha\Desktop\Stats Research\michaelwjones\macro-work\AU\Inflation Model\mct_model\results\python\australia_core_d3000_b3000_t2_s2022_status.json"
"2026-09-21 16:11:49","AU","complete","6001","6001","100.0%","00:25:21","00:00:00","2026-09-21 16:04:29","C:\Users\micha\Desktop\Stats Research\michaelwjones\macro-work\AU\Inflation Model\mct_model\results\python\australia_core_d3000_b3000_t2_s2022_status.json"
"2026-09-21 16:12:00","AU","complete","6001","6001","100.0%","00:25:21","00:00:00","2026-09-21 16:04:29","C:\Users\micha\Desktop\Stats Research\michaelwjones\macro-work\AU\Inflation Model\mct_model\results\python\australia_core_d3000_b3000_t2_s2022_status.json"
"2026-09-21 16:12:10","AU","complete","6001","6001","100.0%","00:25:21","00:00:00","2026-09-21 16:04:29","C:\Users\micha\Desktop\Stats Research\michaelwjones\macro-work\AU\Inflation Model\mct_model\results\python\australia_core_d3000_b3000_t2_s2022_status.json"
"2026-09-21 16:12:20","AU","complete","6001","6001","100.0%","00:25:21","00:00:00","2026-09-21 16:04:29","C:\Users\micha\Desktop\Stats Research\michaelwjones\macro-work\AU\Inflation Model\mct_model\results\python\australia_core_d3000_b3000_t2_s2022_status.json"
"2026-09-21 16:12:30","AU","complete","6001","6001","100.0%","00:25:21","00:00:00","2026-09-21 16:04:29","C:\Users\micha\Desktop\Stats Research\michaelwjones\macro-work\AU\Inflation Model\mct_model\results\python\australia_core_d3000_b3000_t2_s2022_status.json"
"2026-09-21 16:12:40","AU","not found",,,,,,,
"2026-09-21 16:12:50","AU","not found",,,,,,,
"2026-09-21 16:13:00","AU","not found",,,,,,,
"2026-09-21 16:13:10","AU","not found",,,,,,,
"2026-09-21 16:13:20","AU","not found",,,,,,,
"2026-09-21 16:13:30","AU","not found",,,,,,,
"2026-09-21 16:13:40","AU","not found",,,,,,,
"2026-09-21 16:13:50","AU","not found",,,,,,,
"2026-09-21 16:14:00","AU","not found",,,,,,,
"2026-09-21 16:14:10","AU","not found",,,,,,,
"2026-09-21 16:14:20","AU","not found",,,,,,,
"2026-09-21 16:14:30","AU","not found",,,,,,,
"2026-09-21 16:14:40","AU","not found",,,,,,,
"2026-09-21 16:14:50","AU","not found",,,,,,,
"2026-09-21 16:15:00","AU","not found",,,,,,,
"2026-09-21 16:15:10","AU","not found",,,,,,,
"2026-09-21 16:15:20","AU","not found",,,,,,,
"2026-09-21 16:15:30","AU","not found",,,,,,,
"2026-09-21 16:15:40","AU","not found",,,,,,,
"2026-09-21 16:15:50","AU","not found",,,,,,,
"2026-09-21 16:16:00","AU","not found",,,,,,,
"2026-09-21 16:16:10","AU","not found",,,,,,,
"2026-09-21 16:16:21","AU","not found",,,,,,,
"2026-09-21 16:16:31","AU","not found",,,,,,,
"2026-09-21 16:16:41","AU","not found",,,,,,,
"2026-09-21 16:16:51","AU","not found",,,,,,,
"2026-09-21 16:17:01","AU","not found",,,,,,,
"2026-09-21 16:17:11","AU","not found",,,,,,,
"2026-09-21 16:17:21","AU","not found",,,,,,,
"2026-09-21 16:17:31","AU","not found",,,,,,,
"2026-09-21 16:17:41","AU","not found",,,,,,,
"2026-09-21 16:17:51","AU","not found",,,,,,,
"2026-09-21 16:18:01","AU","not found",,,,,,,
"2026-09-21 16:18:11","AU","not found",,,,,,,
"2026-09-21 16:18:21","AU","not found",,,,,,,
"2026-09-21 16:18:31","AU","not found",,,,,,,
"2026-09-21 16:18:41","AU","not found",,,,,,,
"2026-09-21 16:18:51","AU","not found",,,,,,,
"2026-09-21 16:19:01","AU","not found",,,,,,,
"2026-09-21 16:19:11","AU","not found",,,,,,,
"2026-09-21 16:19:21","AU","not found",,,,,,,
"2026-09-21 16:19:31","AU","not found",,,,,,,
"2026-09-21 16:19:41","AU","not found",,,,,,,
"2026-09-21 16:19:51","AU","not found",,,,,,,
"2026-09-21 16:20:01","AU","not found",,,,,,,
"2026-09-21 16:20:11","AU","not found",,,,,,,
"2026-09-21 16:20:21","AU","not found",,,,,,,
"2026-09-21 16:20:31","AU","not found",,,,,,,
"2026-09-21 16:20:41","AU","not found",,,,,,,
"2026-09-21 16:20:51","AU","not found",,,,,,,
"2026-09-21 16:21:01","AU","not found",,,,,,,
"2026-09-21 16:21:11","AU","not found",,,,,,,
"2026-09-21 16:21:21","AU","not found",,,,,,,
"2026-09-21 16:21:31","AU","not found",,,,,,,
"2026-09-21 16:21:42","AU","not found",,,,,,,
"2026-09-21 16:21:52","AU","not found",,,,,,,
"2026-09-21 16:22:02","AU","not found",,,,,,,
"2026-09-21 16:22:12","AU","not found",,,,,,,
"2026-09-21 16:22:22","AU","not found",,,,,,,
"2026-09-21 16:22:32","AU","not found",,,,,,,
"2026-09-21 16:22:43","AU","not found",,,,,,,
"2026-09-21 16:22:58","AU","not found",,,,,,,
"2026-09-21 16:23:08","AU","not found",,,,,,,
"2026-09-21 16:23:18","AU","not found",,,,,,,
"2026-09-21 16:23:28","AU","not found",,,,,,,
"2026-09-21 16:23:38","AU","not found",,,,,,,
"2026-09-21 16:23:48","AU","not found",,,,,,,
"2026-09-21 16:23:58","AU","not found",,,,,,,
"2026-09-21 16:24:08","AU","not found",,,,,,,
"2026-09-21 16:24:18","AU","not found",,,,,,,
"2026-09-21 16:24:28","AU","not found",,,,,,,
"2026-09-21 16:24:39","AU","not found",,,,,,,
"2026-09-21 16:24:49","AU","not found",,,,,,,
"2026-09-21 16:24:59","AU","not found",,,,,,,
"2026-09-21 16:25:09","AU","not found",,,,,,,
"2026-09-21 16:25:19","AU","not found",,,,,,,
"2026-09-21 16:25:29","AU","not found",,,,,,,
"2026-09-21 16:25:39","AU","not found",,,,,,,
"2026-09-21 16:25:49","AU","not found",,,,,,,
"2026-09-21 16:25:59","AU","not found",,,,,,,
"2026-09-21 16:26:09","AU","not found",,,,,,,
"2026-09-21 16:26:19","AU","not found",,,,,,,
"2026-09-21 16:26:29","AU","not found",,,,,,,
"2026-09-21 16:26:39","AU","not found",,,,,,,
"2026-09-21 16:26:49","AU","not found",,,,,,,
"2026-09-21 16:26:59","AU","not found",,,,,,,
"2026-09-21 16:27:10","AU","not found",,,,,,,
"2026-09-21 16:27:20","AU","not found",,,,,,,
"2026-09-21 16:27:31","AU","not found",,,,,,,
"2026-09-21 16:27:42","AU","not found",,,,,,,
"2026-09-21 16:27:52","AU","not found",,,,,,,
"2026-09-21 16:28:02","AU","not found",,,,,,,
"2026-09-21 16:28:12","AU","not found",,,,,,,
"2026-09-21 16:28:22","AU","not found",,,,,,,
"2026-09-21 16:28:32","AU","not found",,,,,,,
"2026-09-21 16:28:42","AU","not found",,,,,,,
"2026-09-21 16:28:52","AU","not found",,,,,,,
"2026-09-21 16:29:02","AU","not found",,,,,,,
"2026-09-21 16:29:12","AU","not found",,,,,,,
"2026-09-21 16:29:22","AU","not found",,,,,,,
"2026-09-21 16:29:32","AU","not found",,,,,,,
"2026-09-21 16:29:42","AU","not found",,,,,,,
"2026-09-21 16:29:52","AU","not found",,,,,,,
"2026-09-21 16:30:02","AU","not found",,,,,,,
"2026-09-21 16:30:12","AU","not found",,,,,,,
"2026-09-21 16:30:22","AU","not found",,,,,,,
"2026-09-21 16:30:33","AU","not found",,,,,,,
"2026-09-21 16:30:43","AU","not found",,,,,,,
"2026-09-21 16:30:53","AU","not found",,,,,,,
"2026-09-21 16:31:03","AU","not found",,,,,,,
"2026-09-21 16:31:13","AU","not found",,,,,,,
"2026-09-21 16:31:23","AU","not found",,,,,,,
"2026-09-21 16:31:33","AU","not found",,,,,,,
"2026-09-21 16:31:43","AU","not found",,,,,,,
"2026-09-21 16:31:53","AU","not found",,,,,,,
"2026-09-21 16:32:03","AU","not found",,,,,,,
"2026-09-21 16:32:13","AU","not found",,,,,,,
"2026-09-21 16:32:23","AU","not found",,,,,,,
"2026-09-21 16:32:33","AU","not found",,,,,,,
"2026-09-21 16:32:43","AU","not found",,,,,,,
"2026-09-21 16:32:53","AU","not found",,,,,,,
"2026-09-21 16:33:03","AU","not found",,,,,,,
"2026-09-21 16:33:13","AU","not found",,,,,,,
"2026-09-21 16:33:23","AU","not found",,,,,,,
"2026-09-21 16:33:33","AU","not found",,,,,,,
"2026-09-21 16:33:43","AU","not found",,,,,,,
"2026-09-21 16:33:53","AU","not found",,,,,,,
"2026-09-21 16:34:03","AU","not found",,,,,,,
"2026-09-21 16:34:13","AU","not found",,,,,,,
"2026-09-21 16:34:23","AU","not found",,,,,,,
"2026-09-21 16:34:33","AU","not found",,,,,,,
"2026-09-21 16:34:44","AU","not found",,,,,,,
"2026-09-21 16:34:54","AU","not found",,,,,,,
"2026-09-21 16:35:04","AU","not found",,,,,,,
"2026-09-21 16:35:14","AU","not found",,,,,,,
"2026-09-21 16:35:24","AU","not found",,,,,,,
"2026-09-21 16:35:34","AU","not found",,,,,,,
"2026-09-21 16:35:44","AU","not found",,,,,,,
"2026-09-21 16:35:54","AU","not found",,,,,,,
"2026-09-21 16:36:04","AU","not found",,,,,,,
"2026-09-21 16:36:14","AU","not found",,,,,,,
"2026-09-21 16:36:24","AU","not found",,,,,,,
"2026-09-21 16:36:34","AU","not found",,,,,,,
"2026-09-21 16:36:44","AU","not found",,,,,,,
"2026-09-21 16:36:54","AU","not found",,,,,,,
"2026-09-21 16:37:04","AU","not found",,,,,,,
"2026-09-21 16:37:14","AU","not found",,,,,,,
"2026-09-21 16:37:24","AU","not found",,,,,,,
"2026-09-21 16:37:34","AU","not found",,,,,,,
"2026-09-21 16:37:44","AU","not found",,,,,,,
"2026-09-21 16:37:54","AU","not found",,,,,,,
"2026-09-21 16:38:04","AU","not found",,,,,,,
"2026-09-21 16:38:14","AU","not found",,,,,,,
"2026-09-21 16:38:24","AU","not found",,,,,,,
"2026-09-21 16:38:34","AU","not found",,,,,,,
"2026-09-21 16:38:44","AU","not found",,,,,,,
"2026-09-21 16:38:54","AU","not found",,,,,,,
"2026-09-21 16:39:04","AU","not found",,,,,,,
"2026-09-21 16:39:14","AU","not found",,,,,,,
"2026-09-21 16:39:24","AU","not found",,,,,,,
"2026-09-21 16:39:34","AU","not found",,,,,,,
"2026-09-21 16:39:44","AU","not found",,,,,,,
"2026-09-21 16:39:54","AU","not found",,,,,,,
"2026-09-21 16:40:04","AU","not found",,,,,,,
"2026-09-21 16:40:14","AU","not found",,,,,,,
"2026-09-21 16:40:24","AU","not found",,,,,,,
"2026-09-21 16:40:34","AU","not found",,,,,,,
"2026-09-21 16:40:44","AU","not found",,,,,,,
"2026-09-21 16:40:54","AU","not found",,,,,,,
"2026-09-21 16:41:04","AU","not found",,,,,,,
"2026-09-21 16:41:14","AU","not found",,,,,,,
"2026-09-21 16:41:24","AU","not found",,,,,,,
"2026-09-21 16:41:34","AU","not found",,,,,,,
"2026-09-21 16:41:44","AU","not found",,,,,,,
"2026-09-21 16:41:45","AU_HEADLINE","complete","6001","6001","100.0%","00:25:26","00:00:00","2026-09-21 16:40:47","C:\Users\micha\Desktop\Stats Research\michaelwjones\macro-work\AU\Inflation Model\mct_model_headline\results\python\australia_headline_d3000_b3000_t2_s2022_status.json"
"2026-09-21 16:41:55","AU","not found",,,,,,,
"2026-09-21 16:42:05","AU","not found",,,,,,,
"2026-09-21 16:42:15","AU","not found",,,,,,,
"2026-09-21 16:42:25","AU","not found",,,,,,,
"2026-09-21 16:42:35","AU","not found",,,,,,,
"2026-09-21 16:42:45","AU","not found",,,,,,,
"2026-09-21 16:42:55","AU","not found",,,,,,,
"2026-09-21 16:43:05","AU","not found",,,,,,,
"2026-09-21 16:43:15","AU","not found",,,,,,,
"2026-09-21 16:43:25","AU","not found",,,,,,,
"2026-09-21 16:43:35","AU","not found",,,,,,,
"2026-09-21 16:43:45","AU","not found",,,,,,,
"2026-09-21 16:43:55","AU","not found",,,,,,,
"2026-09-21 16:44:05","AU","not found",,,,,,,
"2026-09-21 16:44:15","AU","not found",,,,,,,
"2026-09-21 16:44:25","AU","not found",,,,,,,
"2026-09-21 16:44:35","AU","not found",,,,,,,
"2026-09-21 16:44:45","AU","not found",,,,,,,
"2026-09-21 16:44:55","AU","not found",,,,,,,
"2026-09-21 16:45:05","AU","not found",,,,,,,
"2026-09-21 16:45:15","AU","not found",,,,,,,
"2026-09-21 16:45:25","AU","not found",,,,,,,
"2026-09-21 16:45:35","AU","not found",,,,,,,
"2026-09-21 16:45:45","AU","not found",,,,,,,
"2026-09-21 16:45:55","AU","not found",,,,,,,
"2026-09-21 16:46:05","AU","not found",,,,,,,
"2026-09-21 16:46:15","AU","not found",,,,,,,
"2026-09-21 16:46:25","AU","not found",,,,,,,
"2026-09-21 16:46:35","AU","not found",,,,,,,
"2026-09-21 16:46:45","AU","not found",,,,,,,
"2026-09-21 16:46:55","AU","not found",,,,,,,
"2026-09-21 16:47:05","AU","not found",,,,,,,
"2026-09-21 16:47:15","AU","not found",,,,,,,
"2026-09-21 16:47:25","AU","not found",,,,,,,
"2026-09-21 16:47:35","AU","not found",,,,,,,
"2026-09-21 16:47:45","AU","not found",,,,,,,
"2026-09-21 16:47:55","AU","not found",,,,,,,
"2026-09-21 16:48:05","AU","not found",,,,,,,
"2026-09-21 16:48:15","AU","not found",,,,,,,
"2026-09-21 16:48:25","AU","not found",,,,,,,
"2026-09-21 16:48:35","AU","not found",,,,,,,
"2026-09-21 16:48:45","AU","not found",,,,,,,
"2026-09-21 16:48:55","AU","not found",,,,,,,
"2026-09-21 16:49:05","AU","not found",,,,,,,
"2026-09-21 16:49:15","AU","not found",,,,,,,
"2026-09-21 16:49:25","AU","not found",,,,,,,
"2026-09-21 16:49:35","AU","not found",,,,,,,
"2026-09-21 16:49:45","AU","not found",,,,,,,
"2026-09-21 16:49:56","AU","not found",,,,,,,
"2026-09-21 16:50:06","AU","not found",,,,,,,
"2026-09-21 16:50:16","AU","not found",,,,,,,
"2026-09-21 16:50:26","AU","not found",,,,,,,
"2026-09-21 16:50:36","AU","not found",,,,,,,
"2026-09-21 16:50:46","AU","not found",,,,,,,
"2026-09-21 16:50:56","AU","not found",,,,,,,
"2026-09-21 16:51:06","AU","not found",,,,,,,
"2026-09-21 16:51:16","AU","not found",,,,,,,
"2026-09-21 16:51:26","AU","not found",,,,,,,
"2026-09-21 16:51:36","AU","not found",,,,,,,
"2026-09-21 16:51:46","AU","not found",,,,,,,
"2026-09-21 16:51:56","AU","not found",,,,,,,
"2026-09-21 16:52:06","AU","not found",,,,,,,
"2026-09-21 16:52:16","AU","not found",,,,,,,
"2026-09-21 16:52:26","AU","not found",,,,,,,
"2026-09-21 16:52:36","AU","not found",,,,,,,
"2026-09-21 16:52:46","AU","not found",,,,,,,
"2026-09-21 16:52:56","AU","not found",,,,,,,
"2026-09-21 16:53:06","AU","not found",,,,,,,
"2026-09-21 16:53:16","AU","not found",,,,,,,
"2026-09-21 16:53:26","AU","not found",,,,,,,
"2026-09-21 16:53:36","AU","not found",,,,,,,
"2026-09-21 16:53:46","AU","not found",,,,,,,
"2026-09-21 16:53:56","AU","not found",,,,,,,
"2026-09-21 16:54:06","AU","not found",,,,,,,
"2026-09-21 16:54:16","AU","not found",,,,,,,
"2026-09-21 16:54:26","AU","not found",,,,,,,
"2026-09-21 16:54:36","AU","not found",,,,,,,
"2026-09-21 16:54:46","AU","not found",,,,,,,
"2026-09-21 16:54:56","AU","not found",,,,,,,
"2026-09-21 16:55:06","AU","not found",,,,,,,
"2026-09-21 16:55:16","AU","not found",,,,,,,
"2026-09-21 16:55:26","AU","not found",,,,,,,
"2026-09-21 16:55:36","AU","not found",,,,,,,
"2026-09-21 16:55:46","AU","not found",,,,,,,
"2026-09-21 16:55:56","AU","not found",,,,,,,
"2026-09-21 16:56:06","AU","not found",,,,,,,
"2026-09-21 16:56:16","AU","not found",,,,,,,
"2026-09-21 16:56:26","AU","not found",,,,,,,
"2026-09-21 16:56:36","AU","not found",,,,,,,
"2026-09-21 16:56:46","AU","not found",,,,,,,
"2026-09-21 16:56:56","AU","not found",,,,,,,
"2026-09-21 16:57:06","AU","not found",,,,,,,
"2026-09-21 16:57:16","AU","not found",,,,,,,
"2026-09-21 16:57:26","AU","not found",,,,,,,
"2026-09-21 16:57:36","AU","not found",,,,,,,
"2026-09-21 16:57:46","AU","not found",,,,,,,
"2026-09-21 16:57:56","AU","not found",,,,,,,
"2026-09-21 16:58:06","AU","not found",,,,,,,
"2026-09-21 16:58:16","AU","not found",,,,,,,
"2026-09-21 16:58:26","AU","not found",,,,,,,
"2026-09-21 16:58:37","AU","not found",,,,,,,
"2026-09-21 16:58:47","AU","not found",,,,,,,
"2026-09-21 16:58:57","AU","not found",,,,,,,
"2026-09-21 16:59:07","AU","not found",,,,,,,
"2026-09-21 16:59:17","AU","not found",,,,,,,
"2026-09-21 16:59:27","AU","not found",,,,,,,
"2026-09-21 16:59:37","AU","not found",,,,,,,
"2026-09-21 16:59:47","AU","not found",,,,,,,
"2026-09-21 16:59:57","AU","not found",,,,,,,
"2026-09-21 17:00:07","AU","not found",,,,,,,
"2026-09-21 17:00:17","AU","not found",,,,,,,
"2026-09-21 17:00:27","AU","not found",,,,,,,
"2026-09-21 17:00:37","AU","not found",,,,,,,
"2026-09-21 17:00:47","AU","not found",,,,,,,
"2026-09-21 17:00:57","AU","not found",,,,,,,
"2026-09-21 17:01:07","AU","not found",,,,,,,
"2026-09-21 17:01:17","AU","not found",,,,,,,
"2026-09-21 17:01:27","AU","not found",,,,,,,
"2026-09-21 17:01:37","AU","not found",,,,,,,
"2026-09-21 17:01:47","AU","not found",,,,,,,
"2026-09-21 17:01:57","AU","not found",,,,,,,
"2026-09-21 17:02:07","AU","not found",,,,,,,
"2026-09-21 17:02:17","AU","not found",,,,,,,
"2026-09-21 17:02:27","AU","not found",,,,,,,
"2026-09-21 17:02:37","AU","not found",,,,,,,
"2026-09-21 17:02:47","AU","not found",,,,,,,
"2026-09-21 17:02:57","AU","not found",,,,,,,
"2026-09-21 17:03:07","AU","not found",,,,,,,
"2026-09-21 17:03:17","AU","not found",,,,,,,
"2026-09-21 17:03:27","AU","not found",,,,,,,
"2026-09-21 17:03:37","AU","not found",,,,,,,
"2026-09-21 17:03:47","AU","not found",,,,,,,
"2026-09-21 17:03:57","AU","not found",,,,,,,
"2026-09-21 17:04:07","AU","not found",,,,,,,
"2026-09-21 17:04:17","AU","not found",,,,,,,
"2026-09-21 17:04:27","AU","not found",,,,,,,
"2026-09-21 17:04:37","AU","not found",,,,,,,
"2026-09-21 17:04:47","AU","not found",,,,,,,
"2026-09-21 17:04:57","AU","not found",,,,,,,
"2026-09-21 17:05:07","AU","not found",,,,,,,
"2026-09-21 17:05:17","AU","not found",,,,,,,
"2026-09-21 17:05:27","AU","not found",,,,,,,
"2026-09-21 17:05:37","AU","not found",,,,,,,
"2026-09-21 17:05:47","AU","not found",,,,,,,
"2026-09-21 17:05:57","AU","not found",,,,,,,
"2026-09-21 17:06:07","AU","not found",,,,,,,
"2026-09-21 17:06:17","AU","not found",,,,,,,
"2026-09-21 17:06:27","AU","not found",,,,,,,
"2026-09-21 17:06:37","AU","not found",,,,,,,
"2026-09-21 17:06:47","AU","not found",,,,,,,
"2026-09-21 17:06:57","AU","not found",,,,,,,
"2026-09-21 17:07:07","AU","not found",,,,,,,
"2026-09-21 17:07:18","AU","not found",,,,,,,
"2026-09-21 17:07:28","AU","not found",,,,,,,
"2026-09-21 17:07:38","AU","not found",,,,,,,
"2026-09-21 17:07:48","AU","not found",,,,,,,
"2026-09-21 17:07:58","AU","not found",,,,,,,
"2026-09-21 17:08:08","AU","not found",,,,,,,
"2026-09-21 17:08:18","AU","not found",,,,,,,
"2026-09-21 17:08:28","AU","not found",,,,,,,
"2026-09-21 17:08:38","AU","not found",,,,,,,
"2026-09-21 17:08:48","AU","not found",,,,,,,
"2026-09-21 17:08:58","AU","not found",,,,,,,
"2026-09-21 17:09:08","AU","not found",,,,,,,
"2026-09-21 17:09:18","AU","not found",,,,,,,
"2026-09-21 17:09:28","AU","not found",,,,,,,
"2026-09-21 17:09:38","AU","not found",,,,,,,
"2026-09-21 17:09:48","AU","not found",,,,,,,
"2026-09-21 17:09:58","AU","not found",,,,,,,
"2026-09-21 17:10:08","AU","not found",,,,,,,
"2026-09-21 17:10:18","AU","not found",,,,,,,
"2026-09-21 17:10:28","AU","not found",,,,,,,
"2026-09-21 17:10:38","AU","not found",,,,,,,
"2026-09-21 17:10:48","AU","not found",,,,,,,
"2026-09-21 17:10:58","AU","not found",,,,,,,
"2026-09-21 17:11:08","AU","not found",,,,,,,
"2026-09-21 17:11:18","AU","not found",,,,,,,
"2026-09-21 17:11:28","AU","not found",,,,,,,
"2026-09-21 17:11:38","AU","not found",,,,,,,
"2026-09-21 17:11:48","AU","not found",,,,,,,
"2026-09-21 17:11:58","AU","not found",,,,,,,
"2026-09-21 17:12:08","AU","not found",,,,,,,
"2026-09-21 17:12:18","AU","not found",,,,,,,
"2026-09-21 17:12:28","AU","not found",,,,,,,
"2026-09-21 17:12:38","AU","not found",,,,,,,
"2026-09-21 17:12:48","AU","not found",,,,,,,
"2026-09-21 17:12:58","AU","not found",,,,,,,
"2026-09-21 17:13:08","AU","not found",,,,,,,
"2026-09-21 17:13:18","AU","not found",,,,,,,
"2026-09-21 17:13:28","AU","not found",,,,,,,
"2026-09-21 17:13:38","AU","not found",,,,,,,
"2026-09-21 17:13:48","AU","not found",,,,,,,
"2026-09-21 17:13:58","AU","not found",,,,,,,
"2026-09-21 17:14:08","AU","not found",,,,,,,
"2026-09-21 17:14:18","AU","not found",,,,,,,
"2026-09-21 17:14:28","AU","not found",,,,,,,
"2026-09-21 17:14:38","AU","not found",,,,,,,
"2026-09-21 17:14:48","AU","not found",,,,,,,
"2026-09-21 17:14:58","AU","not found",,,,,,,
"2026-09-21 17:15:08","AU","not found",,,,,,,
"2026-09-21 17:15:18","AU","not found",,,,,,,
"2026-09-21 17:15:28","AU","not found",,,,,,,
"2026-09-21 17:15:38","AU","not found",,,,,,,
"2026-09-21 17:15:48","AU","not found",,,,,,,
"2026-09-21 17:15:59","AU","not found",,,,,,,
"2026-09-21 17:16:09","AU","not found",,,,,,,
"2026-09-21 17:16:19","AU","not found",,,,,,,
"2026-09-21 17:16:29","AU","not found",,,,,,,
"2026-09-21 17:16:39","AU","not found",,,,,,,
"2026-09-21 17:16:49","AU","not found",,,,,,,
"2026-09-21 17:16:59","AU","not found",,,,,,,
"2026-09-21 17:17:09","AU","not found",,,,,,,
"2026-09-21 17:17:19","AU","not found",,,,,,,
"2026-09-21 17:17:29","AU","not found",,,,,,,
"2026-09-21 17:17:39","AU","not found",,,,,,,
"2026-09-21 17:17:49","AU","not found",,,,,,,
"2026-09-21 17:17:59","AU","not found",,,,,,,
"2026-09-21 17:18:09","AU","not found",,,,,,,
"2026-09-21 17:18:19","AU","not found",,,,,,,
"2026-09-21 17:18:29","AU","not found",,,,,,,
"2026-09-21 17:18:39","AU","not found",,,,,,,
"2026-09-21 17:18:49","AU","not found",,,,,,,
"2026-09-21 17:18:59","AU","not found",,,,,,,
"2026-09-21 17:19:09","AU","not found",,,,,,,
"2026-09-21 17:19:19","AU","not found",,,,,,,
"2026-09-21 17:19:29","AU","not found",,,,,,,
"2026-09-21 17:19:39","AU","not found",,,,,,,
"2026-09-21 17:19:49","AU","not found",,,,,,,
"2026-09-21 17:19:59","AU","not found",,,,,,,
"2026-09-21 17:20:09","AU","not found",,,,,,,
"2026-09-21 17:20:19","AU","not found",,,,,,,
"2026-09-21 17:20:29","AU","not found",,,,,,,
"2026-09-21 17:20:39","AU","not found",,,,,,,
"2026-09-21 17:20:49","AU","not found",,,,,,,
"2026-09-21 17:20:59","AU","not found",,,,,,,
"2026-09-21 17:21:09","AU","not found",,,,,,,
"2026-09-21 17:21:19","AU","not found",,,,,,,
"2026-09-21 17:21:29","AU","not found",,,,,,,
"2026-09-21 17:21:39","AU","not found",,,,,,,
"2026-09-21 17:21:49","AU","not found",,,,,,,
"2026-09-21 17:21:59","AU","not found",,,,,,,
"2026-09-21 17:22:10","AU","not found",,,,,,,
"2026-09-21 17:22:20","AU","not found",,,,,,,
"2026-09-21 17:22:30","AU","not found",,,,,,,
"2026-09-21 17:22:40","AU","not found",,,,,,,
"2026-09-21 17:22:50","AU","not found",,,,,,,
"2026-09-21 17:23:00","AU","not found",,,,,,,
"2026-09-21 17:23:10","AU","not found",,,,,,,
"2026-09-21 17:23:20","AU","not found",,,,,,,
"2026-09-21 17:23:30","AU","not found",,,,,,,
"2026-09-21 17:23:40","AU","not found",,,,,,,
"2026-09-21 17:23:50","AU","not found",,,,,,,
"2026-09-21 17:24:00","AU","not found",,,,,,,
"2026-09-21 17:24:10","AU","not found",,,,,,,
"2026-09-21 17:24:20","AU","not found",,,,,,,
"2026-09-21 17:24:30","AU","not found",,,,,,,
"2026-09-21 17:24:40","AU","not found",,,,,,,
"2026-09-21 17:24:50","AU","not found",,,,,,,
"2026-09-21 17:25:00","AU","not found",,,,,,,
"2026-09-21 17:25:10","AU","not found",,,,,,,
"2026-09-21 17:25:20","AU","not found",,,,,,,
"2026-09-21 17:25:30","AU","not found",,,,,,,
"2026-09-21 17:25:40","AU","not found",,,,,,,
"2026-09-21 17:25:50","AU","not found",,,,,,,
"2026-09-21 17:26:00","AU","not found",,,,,,,
"2026-09-21 17:26:10","AU","not found",,,,,,,
"2026-09-21 17:26:20","AU","not found",,,,,,,
"2026-09-21 17:26:30","AU","not found",,,,,,,
"2026-09-21 17:26:40","AU","not found",,,,,,,
"2026-09-21 17:26:50","AU","not found",,,,,,,
"2026-09-21 17:27:00","AU","not found",,,,,,,
"2026-09-21 17:27:10","AU","not found",,,,,,,
"2026-09-21 17:27:20","AU","not found",,,,,,,
"2026-09-21 17:27:30","AU","not found",,,,,,,
"2026-09-21 17:27:40","AU","not found",,,,,,,
"2026-09-21 17:27:50","AU","not found",,,,,,,
"2026-09-21 17:28:00","AU","not found",,,,,,,
"2026-09-21 17:28:10","AU","not found",,,,,,,
"2026-09-21 17:28:20","AU","not found",,,,,,,
"2026-09-21 17:28:30","AU","not found",,,,,,,
"2026-09-21 17:28:40","AU","not found",,,,,,,
"2026-09-21 17:28:50","AU","not found",,,,,,,
"2026-09-21 17:29:00","AU","not found",,,,,,,
"2026-09-21 17:29:10","AU","not found",,,,,,,
"2026-09-21 17:29:20","AU","not found",,,,,,,
"2026-09-21 17:29:30","AU","not found",,,,,,,
"2026-09-21 17:29:40","AU","not found",,,,,,,
"2026-09-21 17:29:50","AU","not found",,,,,,,
"2026-09-21 17:30:00","AU","not found",,,,,,,
"2026-09-21 17:30:10","AU","not found",,,,,,,
"2026-09-21 17:30:20","AU","not found",,,,,,,
"2026-09-21 17:30:30","AU","not found",,,,,,,
"2026-09-21 17:30:40","AU","not found",,,,,,,
"2026-09-21 17:30:50","AU","not found",,,,,,,
"2026-09-21 17:31:01","AU","not found",,,,,,,
"2026-09-21 17:31:11","AU","not found",,,,,,,
"2026-09-21 17:31:21","AU","not found",,,,,,,
"2026-09-21 17:31:31","AU","not found",,,,,,,
"2026-09-21 17:31:41","AU","not found",,,,,,,
"2026-09-21 17:31:51","AU","not found",,,,,,,
"2026-09-21 17:32:01","AU","not found",,,,,,,
"2026-09-21 17:32:11","AU","not found",,,,,,,
"2026-09-21 17:32:21","AU","not found",,,,,,,
"2026-09-21 17:32:31","AU","not found",,,,,,,
"2026-09-21 17:32:42","AU","not found",,,,,,,
"2026-09-21 17:32:52","AU","not found",,,,,,,
"2026-09-21 17:33:02","AU","not found",,,,,,,
"2026-09-21 17:33:12","AU","not found",,,,,,,
"2026-09-21 17:33:22","AU","not found",,,,,,,
"2026-09-21 17:33:32","AU","not found",,,,,,,
"2026-09-21 17:33:42","AU","not found",,,,,,,
"2026-09-21 17:33:52","AU","not found",,,,,,,
"2026-09-21 17:34:02","AU","not found",,,,,,,
"2026-09-21 17:34:13","AU","not found",,,,,,,
"2026-09-21 17:34:23","AU","not found",,,,,,,
"2026-09-21 17:34:33","AU","not found",,,,,,,
"2026-09-21 17:34:43","AU","not found",,,,,,,
"2026-09-21 17:34:53","AU","not found",,,,,,,
"2026-09-21 17:35:03","AU","not found",,,,,,,
"2026-09-21 17:35:13","AU","not found",,,,,,,
"2026-09-21 17:35:23","AU","not found",,,,,,,
"2026-09-21 17:35:33","AU","not found",,,,,,,
"2026-09-21 17:35:43","AU","not found",,,,,,,
"2026-09-21 17:35:53","AU","not found",,,,,,,
"2026-09-21 17:36:02","JP","running","161","6001","2.7%","00:05:01","03:02:18","2026-09-21 17:35:55","C:\Users\micha\Desktop\Stats Research\michaelwjones\macro-work\JP\Inflation Model\mct_model\results\python\japan_core_d3000_b3000_t2_s2022_status.json"
"2026-09-21 17:36:02","AU","running","771","6001","12.8%","00:05:05","00:34:34","2026-09-21 17:35:59","C:\Users\micha\Desktop\Stats Research\michaelwjones\macro-work\AU\Inflation Model\mct_model_core\results\python\australia_core_d3000_b3000_t2_s2022_status.json"
"2026-09-21 17:36:02","AU_HEADLINE","running","841","6001","14.0%","00:05:05","00:31:13","2026-09-21 17:35:59","C:\Users\micha\Desktop\Stats Research\michaelwjones\macro-work\AU\Inflation Model\mct_model_headline\results\python\australia_headline_d3000_b3000_t2_s2022_status.json"
"2026-09-21 17:36:02","KR","running","191","6001","3.2%","00:05:04","02:34:34","2026-09-21 17:35:59","C:\Users\micha\Desktop\Stats Research\michaelwjones\macro-work\KR\Inflation Model\mct_model\results\python\korea_core_d3000_b3000_t2_s2022_status.json"
"2026-09-21 17:36:04","AU","not found",,,,,,,
"2026-09-21 17:36:14","AU","not found",,,,,,,
"2026-09-21 17:36:24","AU","not found",,,,,,,
"2026-09-21 17:36:34","AU","not found",,,,,,,
"2026-09-21 17:36:44","AU","not found",,,,,,,
"2026-09-21 17:36:54","AU","not found",,,,,,,
"2026-09-21 17:37:04","AU","not found",,,,,,,
"2026-09-21 17:37:14","AU","not found",,,,,,,
"2026-09-21 17:37:25","AU","not found",,,,,,,
"2026-09-21 17:37:35","AU","not found",,,,,,,
"2026-09-21 17:37:45","AU","not found",,,,,,,
"2026-09-21 17:37:55","AU","not found",,,,,,,
"2026-09-21 17:38:05","AU","not found",,,,,,,
"2026-09-21 17:38:15","AU","not found",,,,,,,
"2026-09-21 17:38:25","AU","not found",,,,,,,
"2026-09-21 17:38:35","AU","not found",,,,,,,
"2026-09-21 17:38:45","AU","not found",,,,,,,
"2026-09-21 17:38:55","AU","not found",,,,,,,
"2026-09-21 17:39:05","AU","not found",,,,,,,
"2026-09-21 17:39:15","AU","not found",,,,,,,
"2026-09-21 17:39:25","AU","not found",,,,,,,
"2026-09-21 17:39:35","AU","not found",,,,,,,
"2026-09-21 17:39:45","AU","not found",,,,,,,
"2026-09-21 17:39:56","AU","not found",,,,,,,
"2026-09-21 17:39:59","JP","running","301","6001","5.0%","00:09:01","02:50:54","2026-09-21 17:39:55","C:\Users\micha\Desktop\Stats Research\michaelwjones\macro-work\JP\Inflation Model\mct_model\results\python\japan_core_d3000_b3000_t2_s2022_status.json"
"2026-09-21 17:39:59","AU","running","1431","6001","23.8%","00:09:04","00:29:00","2026-09-21 17:39:58","C:\Users\micha\Desktop\Stats Research\michaelwjones\macro-work\AU\Inflation Model\mct_model_core\results\python\australia_core_d3000_b3000_t2_s2022_status.json"
"2026-09-21 17:39:59","AU_HEADLINE","running","1551","6001","25.8%","00:08:59","00:25:48","2026-09-21 17:39:53","C:\Users\micha\Desktop\Stats Research\michaelwjones\macro-work\AU\Inflation Model\mct_model_headline\results\python\australia_headline_d3000_b3000_t2_s2022_status.json"
"2026-09-21 17:39:59","KR","running","351","6001","5.8%","00:08:56","02:24:03","2026-09-21 17:39:51","C:\Users\micha\Desktop\Stats Research\michaelwjones\macro-work\KR\Inflation Model\mct_model\results\python\korea_core_d3000_b3000_t2_s2022_status.json"
"2026-09-21 17:40:07","AU","not found",,,,,,,
"2026-09-21 17:40:17","AU","not found",,,,,,,
"2026-09-21 17:40:27","AU","not found",,,,,,,
"2026-09-21 17:40:37","AU","not found",,,,,,,
"2026-09-21 17:40:47","AU","not found",,,,,,,
"2026-09-21 17:40:57","AU","not found",,,,,,,
"2026-09-21 17:41:07","AU","not found",,,,,,,
"2026-09-21 17:41:17","AU","not found",,,,,,,
"2026-09-21 17:41:28","AU","not found",,,,,,,
"2026-09-21 17:41:38","AU","not found",,,,,,,
"2026-09-21 17:41:48","AU","not found",,,,,,,
"2026-09-21 17:41:58","AU","not found",,,,,,,
"2026-09-21 17:42:08","AU","not found",,,,,,,
"2026-09-21 17:42:18","AU","not found",,,,,,,
"2026-09-21 17:42:28","AU","not found",,,,,,,
"2026-09-21 17:42:38","AU","not found",,,,,,,
"2026-09-21 17:42:48","AU","not found",,,,,,,
"2026-09-21 17:42:58","AU","not found",,,,,,,
"2026-09-21 17:43:08","AU","not found",,,,,,,
"2026-09-21 17:43:18","AU","not found",,,,,,,
"2026-09-21 17:43:28","AU","not found",,,,,,,
"2026-09-21 17:43:38","AU","not found",,,,,,,
"2026-09-21 17:43:48","AU","not found",,,,,,,
"2026-09-21 17:43:58","AU","not found",,,,,,,
"2026-09-21 17:44:08","AU","not found",,,,,,,
"2026-09-21 17:44:18","AU","not found",,,,,,,
"2026-09-21 17:44:28","AU","not found",,,,,,,
"2026-09-21 17:44:38","AU","not found",,,,,,,
"2026-09-21 17:44:48","AU","not found",,,,,,,
"2026-09-21 17:44:58","AU","not found",,,,,,,
"2026-09-21 17:45:08","AU","not found",,,,,,,
"2026-09-21 17:45:18","AU","not found",,,,,,,
"2026-09-21 17:45:29","AU","not found",,,,,,,
"2026-09-21 17:45:39","AU","not found",,,,,,,
"2026-09-21 17:45:49","AU","not found",,,,,,,
"2026-09-21 17:45:59","AU","not found",,,,,,,
"2026-09-21 17:46:09","AU","not found",,,,,,,
"2026-09-21 17:46:19","AU","not found",,,,,,,
"2026-09-21 17:46:29","AU","not found",,,,,,,
"2026-09-21 17:46:39","AU","not found",,,,,,,
"2026-09-21 17:46:49","AU","not found",,,,,,,
"2026-09-21 17:46:59","AU","not found",,,,,,,
"2026-09-21 17:47:09","AU","not found",,,,,,,
"2026-09-21 17:47:19","AU","not found",,,,,,,
"2026-09-21 17:47:29","AU","not found",,,,,,,
"2026-09-21 17:47:39","AU","not found",,,,,,,
"2026-09-21 17:47:49","AU","not found",,,,,,,
"2026-09-21 17:47:59","AU","not found",,,,,,,
"2026-09-21 17:48:09","AU","not found",,,,,,,
"2026-09-21 17:48:19","AU","not found",,,,,,,
"2026-09-21 17:48:29","AU","not found",,,,,,,
"2026-09-21 17:48:39","AU","not found",,,,,,,
"2026-09-21 17:48:49","AU","not found",,,,,,,
"2026-09-21 17:48:59","AU","not found",,,,,,,
"2026-09-21 17:49:09","AU","not found",,,,,,,
"2026-09-21 17:49:19","AU","not found",,,,,,,
"2026-09-21 17:49:29","AU","not found",,,,,,,
"2026-09-21 17:49:40","AU","not found",,,,,,,
"2026-09-21 17:49:50","AU","not found",,,,,,,
"2026-09-21 17:50:00","AU","not found",,,,,,,
"2026-09-21 17:50:10","AU","not found",,,,,,,
"2026-09-21 17:50:20","AU","not found",,,,,,,
"2026-09-21 17:50:30","AU","not found",,,,,,,
"2026-09-21 17:50:40","AU","not found",,,,,,,
"2026-09-21 17:50:50","AU","not found",,,,,,,
"2026-09-21 17:51:00","AU","not found",,,,,,,
"2026-09-21 17:51:10","AU","not found",,,,,,,
"2026-09-21 17:51:20","AU","not found",,,,,,,
"2026-09-21 17:51:30","AU","not found",,,,,,,
"2026-09-21 17:51:40","AU","not found",,,,,,,
"2026-09-21 17:51:50","AU","not found",,,,,,,
"2026-09-21 17:52:00","AU","not found",,,,,,,
"2026-09-21 17:52:10","AU","not found",,,,,,,
"2026-09-21 17:52:20","AU","not found",,,,,,,
"2026-09-21 17:52:30","AU","not found",,,,,,,
"2026-09-21 17:52:40","AU","not found",,,,,,,
"2026-09-21 17:52:50","AU","not found",,,,,,,
"2026-09-21 17:53:00","AU","not found",,,,,,,
"2026-09-21 17:53:10","AU","not found",,,,,,,
"2026-09-21 17:53:20","AU","not found",,,,,,,
"2026-09-21 17:53:31","AU","not found",,,,,,,
"2026-09-21 17:53:41","AU","not found",,,,,,,
"2026-09-21 17:53:51","AU","not found",,,,,,,
"2026-09-21 17:54:01","AU","not found",,,,,,,
"2026-09-21 17:54:11","AU","not found",,,,,,,
"2026-09-21 17:54:21","AU","not found",,,,,,,
"2026-09-21 17:54:31","AU","not found",,,,,,,
"2026-09-21 17:54:41","AU","not found",,,,,,,
"2026-09-21 17:54:51","AU","not found",,,,,,,
"2026-09-21 17:55:01","AU","not found",,,,,,,
"2026-09-21 17:55:11","AU","not found",,,,,,,
"2026-09-21 17:55:21","AU","not found",,,,,,,
"2026-09-21 17:55:31","AU","not found",,,,,,,
"2026-09-21 17:55:41","AU","not found",,,,,,,
"2026-09-21 17:55:51","AU","not found",,,,,,,
"2026-09-21 17:56:01","AU","not found",,,,,,,
"2026-09-21 17:56:11","AU","not found",,,,,,,
"2026-09-21 17:56:21","AU","not found",,,,,,,
"2026-09-21 17:56:31","AU","not found",,,,,,,
"2026-09-21 17:56:41","AU","not found",,,,,,,
"2026-09-21 17:56:45","JP","running","961","6001","16.0%","00:25:46","02:15:09","2026-09-21 17:56:40","C:\Users\micha\Desktop\Stats Research\michaelwjones\macro-work\JP\Inflation Model\mct_model\results\python\japan_core_d3000_b3000_t2_s2022_status.json"
"2026-09-21 17:56:45","AU","running","4481","6001","74.7%","00:25:50","00:08:46","2026-09-21 17:56:43","C:\Users\micha\Desktop\Stats Research\michaelwjones\macro-work\AU\Inflation Model\mct_model_core\results\python\australia_core_d3000_b3000_t2_s2022_status.json"
"2026-09-21 17:56:45","AU_HEADLINE","running","4871","6001","81.2%","00:25:49","00:05:59","2026-09-21 17:56:43","C:\Users\micha\Desktop\Stats Research\michaelwjones\macro-work\AU\Inflation Model\mct_model_headline\results\python\australia_headline_d3000_b3000_t2_s2022_status.json"
"2026-09-21 17:56:45","KR","running","1131","6001","18.8%","00:25:47","01:51:04","2026-09-21 17:56:41","C:\Users\micha\Desktop\Stats Research\michaelwjones\macro-work\KR\Inflation Model\mct_model\results\python\korea_core_d3000_b3000_t2_s2022_status.json"
"2026-09-21 17:56:51","AU","not found",,,,,,,
"2026-09-21 17:57:01","AU","not found",,,,,,,
"2026-09-21 17:57:11","AU","not found",,,,,,,
"2026-09-21 17:57:21","AU","not found",,,,,,,
"2026-09-21 17:57:31","AU","not found",,,,,,,
"2026-09-21 17:57:41","AU","not found",,,,,,,
"2026-09-21 17:57:51","AU","not found",,,,,,,
"2026-09-21 17:58:01","AU","not found",,,,,,,
"2026-09-21 17:58:11","AU","not found",,,,,,,
"2026-09-21 17:58:21","AU","not found",,,,,,,
"2026-09-21 17:58:31","AU","not found",,,,,,,
"2026-09-21 17:58:42","AU","not found",,,,,,,
"2026-09-21 17:58:52","AU","not found",,,,,,,
"2026-09-21 17:59:02","AU","not found",,,,,,,
"2026-09-21 17:59:12","AU","not found",,,,,,,
"2026-09-21 17:59:22","AU","not found",,,,,,,
"2026-09-21 17:59:32","AU","not found",,,,,,,
"2026-09-21 17:59:42","AU","not found",,,,,,,
"2026-09-21 17:59:52","AU","not found",,,,,,,
"2026-09-21 18:00:02","AU","not found",,,,,,,
"2026-09-21 18:00:12","AU","not found",,,,,,,
"2026-09-21 18:00:22","AU","not found",,,,,,,
"2026-09-21 18:00:32","AU","not found",,,,,,,
"2026-09-21 18:00:42","AU","not found",,,,,,,
"2026-09-21 18:00:52","AU","not found",,,,,,,
"2026-09-21 18:01:02","AU","not found",,,,,,,
"2026-09-21 18:01:12","AU","not found",,,,,,,
"2026-09-21 18:01:22","AU","not found",,,,,,,
"2026-09-21 18:01:32","AU","not found",,,,,,,
"2026-09-21 18:01:42","AU","not found",,,,,,,
"2026-09-21 18:01:52","AU","not found",,,,,,,
"2026-09-21 18:02:02","AU","not found",,,,,,,
"2026-09-21 18:02:12","AU","not found",,,,,,,
"2026-09-21 18:02:22","AU","not found",,,,,,,
"2026-09-21 18:02:32","AU","not found",,,,,,,
"2026-09-21 18:02:42","AU","not found",,,,,,,
"2026-09-21 18:02:52","AU","not found",,,,,,,
"2026-09-21 18:03:02","AU","not found",,,,,,,
"2026-09-21 18:03:12","AU","not found",,,,,,,
"2026-09-21 18:03:22","AU","not found",,,,,,,
"2026-09-21 18:03:32","AU","not found",,,,,,,
"2026-09-21 18:03:42","AU","not found",,,,,,,
"2026-09-21 18:03:52","AU","not found",,,,,,,
"2026-09-21 18:04:02","AU","not found",,,,,,,
"2026-09-21 18:04:12","AU","not found",,,,,,,
"2026-09-21 18:04:22","AU","not found",,,,,,,
"2026-09-21 18:04:32","AU","not found",,,,,,,
"2026-09-21 18:04:42","AU","not found",,,,,,,
"2026-09-21 18:04:52","AU","not found",,,,,,,
"2026-09-21 18:05:02","AU","not found",,,,,,,
"2026-09-21 18:05:12","AU","not found",,,,,,,
"2026-09-21 18:05:22","AU","not found",,,,,,,
"2026-09-21 18:05:32","AU","not found",,,,,,,
"2026-09-21 18:05:42","AU","not found",,,,,,,
"2026-09-21 18:05:52","AU","not found",,,,,,,
"2026-09-21 18:06:02","AU","not found",,,,,,,
"2026-09-21 18:06:12","AU","not found",,,,,,,
"2026-09-21 18:06:22","AU","not found",,,,,,,
"2026-09-21 18:06:32","AU","not found",,,,,,,
"2026-09-21 18:06:42","AU","not found",,,,,,,
"2026-09-21 18:06:52","AU","not found",,,,,,,
"2026-09-21 18:07:02","AU","not found",,,,,,,
"2026-09-21 18:07:13","AU","not found",,,,,,,
"2026-09-21 18:07:23","AU","not found",,,,,,,
"2026-09-21 18:07:33","AU","not found",,,,,,,
"2026-09-21 18:07:43","AU","not found",,,,,,,
"2026-09-21 18:07:53","AU","not found",,,,,,,
"2026-09-21 18:08:03","AU","not found",,,,,,,
"2026-09-21 18:08:13","AU","not found",,,,,,,
"2026-09-21 18:08:23","AU","not found",,,,,,,
"2026-09-21 18:08:33","AU","not found",,,,,,,
"2026-09-21 18:08:43","AU","not found",,,,,,,
"2026-09-21 18:08:53","AU","not found",,,,,,,
"2026-09-21 18:09:03","AU","not found",,,,,,,
"2026-09-21 18:09:13","AU","not found",,,,,,,
"2026-09-21 18:09:23","AU","not found",,,,,,,
"2026-09-21 18:09:33","AU","not found",,,,,,,
"2026-09-21 18:09:43","AU","not found",,,,,,,
"2026-09-21 18:09:53","AU","not found",,,,,,,
"2026-09-21 18:10:03","AU","not found",,,,,,,
"2026-09-21 18:10:13","AU","not found",,,,,,,
"2026-09-21 18:10:23","AU","not found",,,,,,,
"2026-09-21 18:10:33","AU","not found",,,,,,,
"2026-09-21 18:10:43","AU","not found",,,,,,,
"2026-09-21 18:10:53","AU","not found",,,,,,,
"2026-09-21 18:11:03","AU","not found",,,,,,,
"2026-09-21 18:11:13","AU","not found",,,,,,,
"2026-09-21 18:11:23","AU","not found",,,,,,,
"2026-09-21 18:11:33","AU","not found",,,,,,,
"2026-09-21 18:11:43","AU","not found",,,,,,,
"2026-09-21 18:11:53","AU","not found",,,,,,,
"2026-09-21 18:12:03","AU","not found",,,,,,,
"2026-09-21 18:12:13","AU","not found",,,,,,,
"2026-09-21 18:12:23","AU","not found",,,,,,,
"2026-09-21 18:12:33","AU","not found",,,,,,,
"2026-09-21 18:12:43","AU","not found",,,,,,,
"2026-09-21 18:12:53","AU","not found",,,,,,,
"2026-09-21 18:13:03","AU","not found",,,,,,,
"2026-09-21 18:13:13","AU","not found",,,,,,,
"2026-09-21 18:13:23","AU","not found",,,,,,,
"2026-09-21 18:13:33","AU","not found",,,,,,,
"2026-09-21 18:13:43","AU","not found",,,,,,,
"2026-09-21 18:13:53","AU","not found",,,,,,,
"2026-09-21 18:14:03","AU","not found",,,,,,,
"2026-09-21 18:14:11","JP","running","2061","6001","34.3%","00:43:15","01:22:41","2026-09-21 18:14:09","C:\Users\micha\Desktop\Stats Research\michaelwjones\macro-work\JP\Inflation Model\mct_model\results\python\japan_core_d3000_b3000_t2_s2022_status.json"
"2026-09-21 18:14:11","AU","complete","6001","6001","100.0%","00:32:38","00:00:00","2026-09-21 18:03:34","C:\Users\micha\Desktop\Stats Research\michaelwjones\macro-work\AU\Inflation Model\mct_model_core\results\python\australia_core_d3000_b3000_t2_s2022_status.json"
"2026-09-21 18:14:11","AU_HEADLINE","complete","6001","6001","100.0%","00:30:43","00:00:00","2026-09-21 18:01:40","C:\Users\micha\Desktop\Stats Research\michaelwjones\macro-work\AU\Inflation Model\mct_model_headline\results\python\australia_headline_d3000_b3000_t2_s2022_status.json"
"2026-09-21 18:14:11","KR","running","2411","6001","40.2%","00:43:10","01:04:17","2026-09-21 18:14:04","C:\Users\micha\Desktop\Stats Research\michaelwjones\macro-work\KR\Inflation Model\mct_model\results\python\korea_core_d3000_b3000_t2_s2022_status.json"
"2026-09-21 18:14:13","AU","not found",,,,,,,
"2026-09-21 18:14:23","AU","not found",,,,,,,
"2026-09-21 18:14:33","AU","not found",,,,,,,
"2026-09-21 18:14:43","AU","not found",,,,,,,
"2026-09-21 18:14:53","AU","not found",,,,,,,
"2026-09-21 18:15:03","AU","not found",,,,,,,
"2026-09-21 18:15:14","AU","not found",,,,,,,
"2026-09-21 18:15:24","AU","not found",,,,,,,
"2026-09-21 18:15:34","AU","not found",,,,,,,
"2026-09-21 18:15:44","AU","not found",,,,,,,
"2026-09-21 18:15:54","AU","not found",,,,,,,
"2026-09-21 18:16:04","AU","not found",,,,,,,
"2026-09-21 18:16:14","AU","not found",,,,,,,
"2026-09-21 18:16:24","AU","not found",,,,,,,
"2026-09-21 18:16:34","AU","not found",,,,,,,
"2026-09-21 18:16:44","AU","not found",,,,,,,
"2026-09-21 18:16:54","AU","not found",,,,,,,
"2026-09-21 18:17:04","AU","not found",,,,,,,
"2026-09-21 18:17:14","AU","not found",,,,,,,
"2026-09-21 18:17:24","AU","not found",,,,,,,
"2026-09-21 18:17:34","AU","not found",,,,,,,
"2026-09-21 18:17:44","AU","not found",,,,,,,
"2026-09-21 18:17:54","AU","not found",,,,,,,
"2026-09-21 18:18:04","AU","not found",,,,,,,
"2026-09-21 18:18:14","AU","not found",,,,,,,
"2026-09-21 18:18:24","AU","not found",,,,,,,
"2026-09-21 18:18:34","AU","not found",,,,,,,
"2026-09-21 18:18:44","AU","not found",,,,,,,
"2026-09-21 18:18:54","AU","not found",,,,,,,
"2026-09-21 18:19:04","AU","not found",,,,,,,
"2026-09-21 18:19:14","AU","not found",,,,,,,
"2026-09-21 18:19:24","AU","not found",,,,,,,
"2026-09-21 18:19:34","AU","not found",,,,,,,
"2026-09-21 18:19:44","AU","not found",,,,,,,
"2026-09-21 18:19:54","AU","not found",,,,,,,
"2026-09-21 18:20:04","AU","not found",,,,,,,
"2026-09-21 18:20:14","AU","not found",,,,,,,
"2026-09-21 18:20:24","AU","not found",,,,,,,
"2026-09-21 18:20:34","AU","not found",,,,,,,
"2026-09-21 18:20:44","AU","not found",,,,,,,
"2026-09-21 18:20:54","AU","not found",,,,,,,
"2026-09-21 18:21:04","AU","not found",,,,,,,
"2026-09-21 18:21:14","AU","not found",,,,,,,
"2026-09-21 18:21:24","AU","not found",,,,,,,
"2026-09-21 18:21:34","AU","not found",,,,,,,
"2026-09-21 18:21:44","AU","not found",,,,,,,
"2026-09-21 18:21:54","AU","not found",,,,,,,
"2026-09-21 18:22:04","AU","not found",,,,,,,
"2026-09-21 18:22:14","AU","not found",,,,,,,
"2026-09-21 18:22:24","AU","not found",,,,,,,
"2026-09-21 18:22:34","AU","not found",,,,,,,
"2026-09-21 18:22:44","AU","not found",,,,,,,
"2026-09-21 18:22:54","AU","not found",,,,,,,
"2026-09-21 18:23:04","AU","not found",,,,,,,
"2026-09-21 18:23:14","AU","not found",,,,,,,
"2026-09-21 18:23:24","AU","not found",,,,,,,
"2026-09-21 18:23:34","AU","not found",,,,,,,
"2026-09-21 18:23:45","AU","not found",,,,,,,
"2026-09-21 18:23:55","AU","not found",,,,,,,
"2026-09-21 18:24:05","AU","not found",,,,,,,
"2026-09-21 18:24:15","AU","not found",,,,,,,
"2026-09-21 18:24:25","AU","not found",,,,,,,
"2026-09-21 18:24:35","AU","not found",,,,,,,
"2026-09-21 18:24:45","AU","not found",,,,,,,
"2026-09-21 18:24:55","AU","not found",,,,,,,
"2026-09-21 18:25:05","AU","not found",,,,,,,
"2026-09-21 18:25:15","AU","not found",,,,,,,
"2026-09-21 18:25:25","AU","not found",,,,,,,
"2026-09-21 18:25:35","AU","not found",,,,,,,
"2026-09-21 18:25:45","AU","not found",,,,,,,
"2026-09-21 18:25:55","AU","not found",,,,,,,
"2026-09-21 18:26:05","AU","not found",,,,,,,
"2026-09-21 18:26:15","AU","not found",,,,,,,
"2026-09-21 18:26:25","AU","not found",,,,,,,
"2026-09-21 18:26:35","AU","not found",,,,,,,
"2026-09-21 18:26:45","AU","not found",,,,,,,
"2026-09-21 18:26:55","AU","not found",,,,,,,
"2026-09-21 18:27:05","AU","not found",,,,,,,
"2026-09-21 18:27:15","AU","not found",,,,,,,
"2026-09-21 18:27:25","AU","not found",,,,,,,
"2026-09-21 18:27:35","AU","not found",,,,,,,
"2026-09-21 18:27:45","AU","not found",,,,,,,
"2026-09-21 18:27:55","AU","not found",,,,,,,
"2026-09-21 18:28:05","AU","not found",,,,,,,
"2026-09-21 18:28:15","AU","not found",,,,,,,
"2026-09-21 18:28:25","AU","not found",,,,,,,
"2026-09-21 18:28:35","AU","not found",,,,,,,
"2026-09-21 18:28:45","AU","not found",,,,,,,
"2026-09-21 18:28:55","AU","not found",,,,,,,
"2026-09-21 18:29:05","AU","not found",,,,,,,
"2026-09-21 18:29:15","AU","not found",,,,,,,
"2026-09-21 18:29:25","AU","not found",,,,,,,
"2026-09-21 18:29:35","AU","not found",,,,,,,
"2026-09-21 18:29:45","AU","not found",,,,,,,
"2026-09-21 18:29:55","AU","not found",,,,,,,
"2026-09-21 18:30:05","AU","not found",,,,,,,
"2026-09-21 18:30:15","AU","not found",,,,,,,
"2026-09-21 18:30:25","AU","not found",,,,,,,
"2026-09-21 18:30:35","AU","not found",,,,,,,
"2026-09-21 18:30:45","AU","not found",,,,,,,
"2026-09-21 18:30:55","AU","not found",,,,,,,
"2026-09-21 18:31:05","AU","not found",,,,,,,
"2026-09-21 18:31:15","AU","not found",,,,,,,
"2026-09-21 18:31:25","AU","not found",,,,,,,
"2026-09-21 18:31:35","AU","not found",,,,,,,
"2026-09-21 18:31:45","AU","not found",,,,,,,
"2026-09-21 18:31:55","AU","not found",,,,,,,
"2026-09-21 18:32:05","AU","not found",,,,,,,
"2026-09-21 18:32:15","AU","not found",,,,,,,
"2026-09-21 18:32:25","AU","not found",,,,,,,
"2026-09-21 18:32:35","AU","not found",,,,,,,
"2026-09-21 18:32:46","AU","not found",,,,,,,
"2026-09-21 18:32:56","AU","not found",,,,,,,
"2026-09-21 18:33:06","AU","not found",,,,,,,
"2026-09-21 18:33:16","AU","not found",,,,,,,
"2026-09-21 18:33:26","AU","not found",,,,,,,
"2026-09-21 18:33:36","AU","not found",,,,,,,
"2026-09-21 18:33:46","AU","not found",,,,,,,
"2026-09-21 18:33:56","AU","not found",,,,,,,
"2026-09-21 18:34:06","AU","not found",,,,,,,
"2026-09-21 18:34:16","AU","not found",,,,,,,
"2026-09-21 18:34:26","AU","not found",,,,,,,
"2026-09-21 18:34:36","AU","not found",,,,,,,
"2026-09-21 18:34:46","AU","not found",,,,,,,
"2026-09-21 18:34:56","AU","not found",,,,,,,
"2026-09-21 18:35:06","AU","not found",,,,,,,
"2026-09-21 18:35:16","AU","not found",,,,,,,
"2026-09-21 18:35:26","AU","not found",,,,,,,
"2026-09-21 18:35:36","AU","not found",,,,,,,
"2026-09-21 18:35:46","AU","not found",,,,,,,
"2026-09-21 18:35:56","AU","not found",,,,,,,
"2026-09-21 18:36:06","AU","not found",,,,,,,
"2026-09-21 18:36:16","AU","not found",,,,,,,
"2026-09-21 18:36:26","AU","not found",,,,,,,
"2026-09-21 18:36:36","AU","not found",,,,,,,
"2026-09-21 18:36:46","AU","not found",,,,,,,
"2026-09-21 18:36:56","AU","not found",,,,,,,
"2026-09-21 18:37:06","AU","not found",,,,,,,
"2026-09-21 18:37:16","AU","not found",,,,,,,
"2026-09-21 18:37:26","AU","not found",,,,,,,
"2026-09-21 18:37:36","AU","not found",,,,,,,
"2026-09-21 18:37:46","AU","not found",,,,,,,
"2026-09-21 18:37:56","AU","not found",,,,,,,
"2026-09-21 18:38:06","AU","not found",,,,,,,
"2026-09-21 18:38:16","AU","not found",,,,,,,
"2026-09-21 18:38:26","AU","not found",,,,,,,
"2026-09-21 18:38:36","AU","not found",,,,,,,
"2026-09-21 18:38:46","AU","not found",,,,,,,
"2026-09-21 18:38:56","AU","not found",,,,,,,
"2026-09-21 18:39:06","AU","not found",,,,,,,
"2026-09-21 18:39:16","AU","not found",,,,,,,
"2026-09-21 18:39:26","AU","not found",,,,,,,
"2026-09-21 18:39:36","AU","not found",,,,,,,
"2026-09-21 18:39:46","AU","not found",,,,,,,
"2026-09-21 18:39:56","AU","not found",,,,,,,
"2026-09-21 18:40:06","AU","not found",,,,,,,
"2026-09-21 18:40:17","AU","not found",,,,,,,
"2026-09-21 18:40:27","AU","not found",,,,,,,
"2026-09-21 18:40:37","AU","not found",,,,,,,
"2026-09-21 18:40:43","JP","running","3631","6001","60.5%","01:09:44","00:45:32","2026-09-21 18:40:39","C:\Users\micha\Desktop\Stats Research\michaelwjones\macro-work\JP\Inflation Model\mct_model\results\python\japan_core_d3000_b3000_t2_s2022_status.json"
"2026-09-21 18:40:43","AU","complete","6001","6001","100.0%","00:32:38","00:00:00","2026-09-21 18:03:34","C:\Users\micha\Desktop\Stats Research\michaelwjones\macro-work\AU\Inflation Model\mct_model_core\results\python\australia_core_d3000_b3000_t2_s2022_status.json"
"2026-09-21 18:40:43","AU_HEADLINE","complete","6001","6001","100.0%","00:30:43","00:00:00","2026-09-21 18:01:40","C:\Users\micha\Desktop\Stats Research\michaelwjones\macro-work\AU\Inflation Model\mct_model_headline\results\python\australia_headline_d3000_b3000_t2_s2022_status.json"
"2026-09-21 18:40:43","KR","running","4201","6001","70.0%","01:09:39","00:29:51","2026-09-21 18:40:33","C:\Users\micha\Desktop\Stats Research\michaelwjones\macro-work\KR\Inflation Model\mct_model\results\python\korea_core_d3000_b3000_t2_s2022_status.json"
"2026-09-21 18:40:47","AU","not found",,,,,,,
"2026-09-21 18:40:57","AU","not found",,,,,,,
"2026-09-21 18:41:07","AU","not found",,,,,,,
"2026-09-21 18:41:17","AU","not found",,,,,,,
"2026-09-21 18:41:27","AU","not found",,,,,,,
"2026-09-21 18:41:37","AU","not found",,,,,,,
"2026-09-21 18:41:47","AU","not found",,,,,,,
"2026-09-21 18:41:57","AU","not found",,,,,,,
"2026-09-21 18:42:07","AU","not found",,,,,,,
"2026-09-21 18:42:17","AU","not found",,,,,,,
"2026-09-21 18:42:27","AU","not found",,,,,,,
"2026-09-21 18:42:37","AU","not found",,,,,,,
"2026-09-21 18:42:47","AU","not found",,,,,,,
"2026-09-21 18:42:57","AU","not found",,,,,,,
"2026-09-21 18:43:07","AU","not found",,,,,,,
"2026-09-21 18:43:17","AU","not found",,,,,,,
"2026-09-21 18:43:27","AU","not found",,,,,,,
"2026-09-21 18:43:37","AU","not found",,,,,,,
"2026-09-21 18:43:47","AU","not found",,,,,,,
"2026-09-21 18:43:57","AU","not found",,,,,,,
"2026-09-21 18:44:07","AU","not found",,,,,,,
"2026-09-21 18:44:17","AU","not found",,,,,,,
"2026-09-21 18:44:27","AU","not found",,,,,,,
"2026-09-21 18:44:37","AU","not found",,,,,,,
"2026-09-21 18:44:47","AU","not found",,,,,,,
"2026-09-21 18:44:57","AU","not found",,,,,,,
"2026-09-21 18:45:07","AU","not found",,,,,,,
"2026-09-21 18:45:17","AU","not found",,,,,,,
"2026-09-21 18:45:27","AU","not found",,,,,,,
"2026-09-21 18:45:37","AU","not found",,,,,,,
"2026-09-21 18:45:47","AU","not found",,,,,,,
"2026-09-21 18:45:57","AU","not found",,,,,,,
"2026-09-21 18:46:07","AU","not found",,,,,,,
"2026-09-21 18:46:17","AU","not found",,,,,,,
"2026-09-21 18:46:27","AU","not found",,,,,,,
"2026-09-21 18:46:37","AU","not found",,,,,,,
"2026-09-21 18:46:47","AU","not found",,,,,,,
"2026-09-21 18:46:57","AU","not found",,,,,,,
"2026-09-21 18:47:07","AU","not found",,,,,,,
"2026-09-21 18:47:17","AU","not found",,,,,,,
"2026-09-21 18:47:27","AU","not found",,,,,,,
"2026-09-21 18:47:37","AU","not found",,,,,,,
"2026-09-21 18:47:47","AU","not found",,,,,,,
"2026-09-21 18:47:57","AU","not found",,,,,,,
"2026-09-21 18:48:07","AU","not found",,,,,,,
"2026-09-21 18:48:18","AU","not found",,,,,,,
"2026-09-21 18:48:28","AU","not found",,,,,,,
"2026-09-21 18:48:38","AU","not found",,,,,,,
"2026-09-21 18:48:48","AU","not found",,,,,,,
"2026-09-21 18:48:58","AU","not found",,,,,,,
"2026-09-21 18:49:08","AU","not found",,,,,,,
"2026-09-21 18:49:18","AU","not found",,,,,,,
"2026-09-21 18:49:28","AU","not found",,,,,,,
"2026-09-21 18:49:38","AU","not found",,,,,,,
"2026-09-21 18:49:48","AU","not found",,,,,,,
"2026-09-21 18:49:58","AU","not found",,,,,,,
"2026-09-21 18:50:08","AU","not found",,,,,,,
"2026-09-21 18:50:18","AU","not found",,,,,,,
"2026-09-21 18:50:28","AU","not found",,,,,,,
"2026-09-21 18:50:38","AU","not found",,,,,,,
"2026-09-21 18:50:48","AU","not found",,,,,,,
"2026-09-21 18:50:58","AU","not found",,,,,,,
"2026-09-21 18:51:08","AU","not found",,,,,,,
"2026-09-21 18:51:18","AU","not found",,,,,,,
"2026-09-21 18:51:28","AU","not found",,,,,,,
"2026-09-21 18:51:38","AU","not found",,,,,,,
"2026-09-21 18:51:48","AU","not found",,,,,,,
"2026-09-21 18:51:58","AU","not found",,,,,,,
"2026-09-21 18:52:08","AU","not found",,,,,,,
"2026-09-21 18:52:18","AU","not found",,,,,,,
"2026-09-21 18:52:28","AU","not found",,,,,,,
"2026-09-21 18:52:38","AU","not found",,,,,,,
"2026-09-21 18:52:48","AU","not found",,,,,,,
"2026-09-21 18:52:58","AU","not found",,,,,,,
"2026-09-21 18:53:08","AU","not found",,,,,,,
"2026-09-21 18:53:18","AU","not found",,,,,,,
"2026-09-21 18:53:28","AU","not found",,,,,,,
"2026-09-21 18:53:38","AU","not found",,,,,,,
"2026-09-21 18:53:48","AU","not found",,,,,,,
"2026-09-21 18:53:58","AU","not found",,,,,,,
"2026-09-21 18:54:08","AU","not found",,,,,,,
"2026-09-21 18:54:18","AU","not found",,,,,,,
"2026-09-21 18:54:28","AU","not found",,,,,,,
"2026-09-21 18:54:38","AU","not found",,,,,,,
"2026-09-21 18:54:48","AU","not found",,,,,,,
"2026-09-21 18:54:58","AU","not found",,,,,,,
"2026-09-21 18:55:08","AU","not found",,,,,,,
"2026-09-21 18:55:18","AU","not found",,,,,,,
"2026-09-21 18:55:28","AU","not found",,,,,,,
"2026-09-21 18:55:38","AU","not found",,,,,,,
"2026-09-21 18:55:49","AU","not found",,,,,,,
"2026-09-21 18:55:59","AU","not found",,,,,,,
"2026-09-21 18:56:09","AU","not found",,,,,,,
"2026-09-21 18:56:12","JP","running","4371","6001","72.8%","01:25:12","00:31:47","2026-09-21 18:56:07","C:\Users\micha\Desktop\Stats Research\michaelwjones\macro-work\JP\Inflation Model\mct_model\results\python\japan_core_d3000_b3000_t2_s2022_status.json"
"2026-09-21 18:56:12","AU","complete","6001","6001","100.0%","00:32:38","00:00:00","2026-09-21 18:03:34","C:\Users\micha\Desktop\Stats Research\michaelwjones\macro-work\AU\Inflation Model\mct_model_core\results\python\australia_core_d3000_b3000_t2_s2022_status.json"
"2026-09-21 18:56:12","AU_HEADLINE","complete","6001","6001","100.0%","00:30:43","00:00:00","2026-09-21 18:01:40","C:\Users\micha\Desktop\Stats Research\michaelwjones\macro-work\AU\Inflation Model\mct_model_headline\results\python\australia_headline_d3000_b3000_t2_s2022_status.json"
"2026-09-21 18:56:12","KR","running","5081","6001","84.7%","01:25:18","00:15:27","2026-09-21 18:56:12","C:\Users\micha\Desktop\Stats Research\michaelwjones\macro-work\KR\Inflation Model\mct_model\results\python\korea_core_d3000_b3000_t2_s2022_status.json"
"2026-09-21 18:56:19","AU","not found",,,,,,,
"2026-09-21 18:56:29","AU","not found",,,,,,,
"2026-09-21 18:56:39","AU","not found",,,,,,,
"2026-09-21 18:56:49","AU","not found",,,,,,,
"2026-09-21 18:56:59","AU","not found",,,,,,,
"2026-09-21 18:57:09","AU","not found",,,,,,,
"2026-09-21 18:57:19","AU","not found",,,,,,,
"2026-09-21 18:57:29","AU","not found",,,,,,,
"2026-09-21 18:57:39","AU","not found",,,,,,,
"2026-09-21 18:57:49","AU","not found",,,,,,,
"2026-09-21 18:57:59","AU","not found",,,,,,,
"2026-09-21 18:58:09","AU","not found",,,,,,,
"2026-09-21 18:58:19","AU","not found",,,,,,,
"2026-09-21 18:58:29","AU","not found",,,,,,,
"2026-09-21 18:58:39","AU","not found",,,,,,,
"2026-09-21 18:58:49","AU","not found",,,,,,,
"2026-09-21 18:58:59","AU","not found",,,,,,,
"2026-09-21 18:59:09","AU","not found",,,,,,,
"2026-09-21 18:59:19","AU","not found",,,,,,,
"2026-09-21 18:59:29","AU","not found",,,,,,,
"2026-09-21 18:59:39","AU","not found",,,,,,,
"2026-09-21 18:59:49","AU","not found",,,,,,,
"2026-09-21 18:59:59","AU","not found",,,,,,,
"2026-09-21 19:00:09","AU","not found",,,,,,,
"2026-09-21 19:00:19","AU","not found",,,,,,,
"2026-09-21 19:00:29","AU","not found",,,,,,,
"2026-09-21 19:00:39","AU","not found",,,,,,,
"2026-09-21 19:00:49","AU","not found",,,,,,,
"2026-09-21 19:00:59","AU","not found",,,,,,,
"2026-09-21 19:01:09","AU","not found",,,,,,,
"2026-09-21 19:01:19","AU","not found",,,,,,,
"2026-09-21 19:01:29","AU","not found",,,,,,,
"2026-09-21 19:01:39","AU","not found",,,,,,,
"2026-09-21 19:01:49","AU","not found",,,,,,,
"2026-09-21 19:01:59","AU","not found",,,,,,,
"2026-09-21 19:02:09","AU","not found",,,,,,,
"2026-09-21 19:02:19","AU","not found",,,,,,,
"2026-09-21 19:02:29","AU","not found",,,,,,,
"2026-09-21 19:02:39","AU","not found",,,,,,,
"2026-09-21 19:02:49","AU","not found",,,,,,,
"2026-09-21 19:02:59","AU","not found",,,,,,,
"2026-09-21 19:03:09","AU","not found",,,,,,,
"2026-09-21 19:03:19","AU","not found",,,,,,,
"2026-09-21 19:03:29","AU","not found",,,,,,,
"2026-09-21 19:03:39","AU","not found",,,,,,,
"2026-09-21 19:03:49","AU","not found",,,,,,,
"2026-09-21 19:04:00","AU","not found",,,,,,,
"2026-09-21 19:04:10","AU","not found",,,,,,,
"2026-09-21 19:04:20","AU","not found",,,,,,,
"2026-09-21 19:04:30","AU","not found",,,,,,,
"2026-09-21 19:04:40","AU","not found",,,,,,,
"2026-09-21 19:04:50","AU","not found",,,,,,,
"2026-09-21 19:05:00","AU","not found",,,,,,,
"2026-09-21 19:05:10","AU","not found",,,,,,,
"2026-09-21 19:05:20","AU","not found",,,,,,,
"2026-09-21 19:05:30","AU","not found",,,,,,,
"2026-09-21 19:05:40","AU","not found",,,,,,,
"2026-09-21 19:05:50","AU","not found",,,,,,,
"2026-09-21 19:06:00","AU","not found",,,,,,,
"2026-09-21 19:06:10","AU","not found",,,,,,,
"2026-09-21 19:06:20","AU","not found",,,,,,,
"2026-09-21 19:06:30","AU","not found",,,,,,,
"2026-09-21 19:06:40","AU","not found",,,,,,,
"2026-09-21 19:06:50","AU","not found",,,,,,,
"2026-09-21 19:07:00","AU","not found",,,,,,,
"2026-09-21 19:07:10","AU","not found",,,,,,,
"2026-09-21 19:07:20","AU","not found",,,,,,,
"2026-09-21 19:07:30","AU","not found",,,,,,,
"2026-09-21 19:07:40","AU","not found",,,,,,,
"2026-09-21 19:07:50","AU","not found",,,,,,,
"2026-09-21 19:08:00","AU","not found",,,,,,,
"2026-09-21 19:08:10","AU","not found",,,,,,,
"2026-09-21 19:08:20","AU","not found",,,,,,,
"2026-09-21 19:08:30","AU","not found",,,,,,,
"2026-09-21 19:08:40","AU","not found",,,,,,,
"2026-09-21 19:08:50","AU","not found",,,,,,,
"2026-09-21 19:09:00","AU","not found",,,,,,,
"2026-09-21 19:09:10","AU","not found",,,,,,,
"2026-09-21 19:09:20","AU","not found",,,,,,,
"2026-09-21 19:09:30","AU","not found",,,,,,,
"2026-09-21 19:09:40","AU","not found",,,,,,,
"2026-09-21 19:09:50","AU","not found",,,,,,,
"2026-09-21 19:10:00","AU","not found",,,,,,,
"2026-09-21 19:10:10","AU","not found",,,,,,,
"2026-09-21 19:10:20","AU","not found",,,,,,,
"2026-09-21 19:10:30","AU","not found",,,,,,,
"2026-09-21 19:10:40","AU","not found",,,,,,,
"2026-09-21 19:10:50","AU","not found",,,,,,,
"2026-09-21 19:11:00","AU","not found",,,,,,,
"2026-09-21 19:11:10","AU","not found",,,,,,,
"2026-09-21 19:11:20","AU","not found",,,,,,,
"2026-09-21 19:11:31","AU","not found",,,,,,,
"2026-09-21 19:11:41","AU","not found",,,,,,,
"2026-09-21 19:11:42","JP","running","5111","6001","85.2%","01:40:46","00:17:33","2026-09-21 19:11:40","C:\Users\micha\Desktop\Stats Research\michaelwjones\macro-work\JP\Inflation Model\mct_model\results\python\japan_core_d3000_b3000_t2_s2022_status.json"
"2026-09-21 19:11:42","AU","complete","6001","6001","100.0%","00:32:38","00:00:00","2026-09-21 18:03:34","C:\Users\micha\Desktop\Stats Research\michaelwjones\macro-work\AU\Inflation Model\mct_model_core\results\python\australia_core_d3000_b3000_t2_s2022_status.json"
"2026-09-21 19:11:42","AU_HEADLINE","complete","6001","6001","100.0%","00:30:43","00:00:00","2026-09-21 18:01:40","C:\Users\micha\Desktop\Stats Research\michaelwjones\macro-work\AU\Inflation Model\mct_model_headline\results\python\australia_headline_d3000_b3000_t2_s2022_status.json"
"2026-09-21 19:11:42","KR","running","5941","6001","99.0%","01:40:40","00:01:01","2026-09-21 19:11:34","C:\Users\micha\Desktop\Stats Research\michaelwjones\macro-work\KR\Inflation Model\mct_model\results\python\korea_core_d3000_b3000_t2_s2022_status.json"
"2026-09-21 19:11:51","AU","not found",,,,,,,
"2026-09-21 19:12:01","AU","not found",,,,,,,
"2026-09-21 19:12:11","AU","not found",,,,,,,
"2026-09-21 19:12:21","AU","not found",,,,,,,
"2026-09-21 19:12:31","AU","not found",,,,,,,
"2026-09-21 19:12:41","AU","not found",,,,,,,
"2026-09-21 19:12:51","AU","not found",,,,,,,
"2026-09-21 19:13:01","AU","not found",,,,,,,
"2026-09-21 19:13:11","AU","not found",,,,,,,
"2026-09-21 19:13:21","AU","not found",,,,,,,
"2026-09-21 19:13:31","AU","not found",,,,,,,
"2026-09-21 19:13:41","AU","not found",,,,,,,
"2026-09-21 19:13:51","AU","not found",,,,,,,
"2026-09-21 19:14:01","AU","not found",,,,,,,
"2026-09-21 19:14:11","AU","not found",,,,,,,
"2026-09-21 19:14:21","AU","not found",,,,,,,
"2026-09-21 19:14:31","AU","not found",,,,,,,
"2026-09-21 19:14:41","AU","not found",,,,,,,
"2026-09-21 19:14:51","AU","not found",,,,,,,
"2026-09-21 19:15:01","AU","not found",,,,,,,
"2026-09-21 19:15:11","AU","not found",,,,,,,
"2026-09-21 19:15:21","AU","not found",,,,,,,
"2026-09-21 19:15:31","AU","not found",,,,,,,
"2026-09-21 19:15:41","AU","not found",,,,,,,
"2026-09-21 19:15:51","AU","not found",,,,,,,
"2026-09-21 19:16:01","AU","not found",,,,,,,
"2026-09-21 19:16:11","AU","not found",,,,,,,
"2026-09-21 19:16:21","AU","not found",,,,,,,
"2026-09-21 19:16:31","AU","not found",,,,,,,
"2026-09-21 19:16:41","AU","not found",,,,,,,
"2026-09-21 19:16:51","AU","not found",,,,,,,
"2026-09-21 19:17:01","AU","not found",,,,,,,
"2026-09-21 19:17:11","AU","not found",,,,,,,
"2026-09-21 19:17:21","AU","not found",,,,,,,
"2026-09-21 19:17:31","AU","not found",,,,,,,
"2026-09-21 19:17:41","AU","not found",,,,,,,
"2026-09-21 19:17:51","AU","not found",,,,,,,
"2026-09-21 19:18:01","AU","not found",,,,,,,
"2026-09-21 19:18:11","AU","not found",,,,,,,
"2026-09-21 19:18:21","AU","not found",,,,,,,
"2026-09-21 19:18:31","AU","not found",,,,,,,
"2026-09-21 19:18:41","AU","not found",,,,,,,
"2026-09-21 19:18:51","AU","not found",,,,,,,
"2026-09-21 19:19:01","AU","not found",,,,,,,
"2026-09-21 19:19:11","AU","not found",,,,,,,
"2026-09-21 19:19:21","AU","not found",,,,,,,
"2026-09-21 19:19:31","AU","not found",,,,,,,
"2026-09-21 19:19:42","AU","not found",,,,,,,
"2026-09-21 19:19:52","AU","not found",,,,,,,
"2026-09-21 19:20:02","AU","not found",,,,,,,
"2026-09-21 19:20:12","AU","not found",,,,,,,
"2026-09-21 19:20:22","AU","not found",,,,,,,
"2026-09-21 19:20:32","AU","not found",,,,,,,
"2026-09-21 19:20:42","AU","not found",,,,,,,
"2026-09-21 19:20:52","AU","not found",,,,,,,
"2026-09-21 19:21:02","AU","not found",,,,,,,
"2026-09-21 19:21:12","AU","not found",,,,,,,
"2026-09-21 19:21:22","AU","not found",,,,,,,
"2026-09-21 19:21:32","AU","not found",,,,,,,
"2026-09-21 19:21:42","AU","not found",,,,,,,
"2026-09-21 19:21:52","AU","not found",,,,,,,
"2026-09-21 19:22:02","AU","not found",,,,,,,
"2026-09-21 19:22:12","AU","not found",,,,,,,
"2026-09-21 19:22:22","AU","not found",,,,,,,
"2026-09-21 19:22:32","AU","not found",,,,,,,
"2026-09-21 19:22:42","AU","not found",,,,,,,
"2026-09-21 19:22:52","AU","not found",,,,,,,
"2026-09-21 19:23:02","AU","not found",,,,,,,
"2026-09-21 19:23:12","AU","not found",,,,,,,
"2026-09-21 19:23:22","AU","not found",,,,,,,
"2026-09-21 19:23:32","AU","not found",,,,,,,
"2026-09-21 19:23:42","AU","not found",,,,,,,
"2026-09-21 19:23:52","AU","not found",,,,,,,
"2026-09-21 19:24:02","AU","not found",,,,,,,
"2026-09-21 19:24:12","AU","not found",,,,,,,
"2026-09-21 19:24:22","AU","not found",,,,,,,
"2026-09-21 19:24:32","AU","not found",,,,,,,
"2026-09-21 19:24:42","AU","not found",,,,,,,
"2026-09-21 19:24:52","AU","not found",,,,,,,
"2026-09-21 19:25:02","AU","not found",,,,,,,
"2026-09-21 19:25:12","AU","not found",,,,,,,
"2026-09-21 19:25:22","AU","not found",,,,,,,
"2026-09-21 19:25:32","AU","not found",,,,,,,
"2026-09-21 19:25:42","AU","not found",,,,,,,
"2026-09-21 19:25:52","AU","not found",,,,,,,
"2026-09-21 19:26:02","AU","not found",,,,,,,
"2026-09-21 19:26:12","AU","not found",,,,,,,
"2026-09-21 19:26:22","AU","not found",,,,,,,
"2026-09-21 19:26:32","AU","not found",,,,,,,
"2026-09-21 19:26:42","AU","not found",,,,,,,
"2026-09-21 19:26:52","AU","not found",,,,,,,
"2026-09-21 19:27:02","AU","not found",,,,,,,
"2026-09-21 19:27:12","AU","not found",,,,,,,
"2026-09-21 19:27:22","AU","not found",,,,,,,
"2026-09-21 19:27:32","AU","not found",,,,,,,
"2026-09-21 19:27:42","AU","not found",,,,,,,
"2026-09-21 19:27:52","AU","not found",,,,,,,
"2026-09-21 19:28:03","AU","not found",,,,,,,
"2026-09-21 19:28:13","AU","not found",,,,,,,
"2026-09-21 19:28:15","JP","complete","6001","6001","100.0%","01:57:09","00:00:00","2026-09-21 19:28:07","C:\Users\micha\Desktop\Stats Research\michaelwjones\macro-work\JP\Inflation Model\mct_model\results\python\japan_core_d3000_b3000_t2_s2022_status.json"
"2026-09-21 19:28:15","AU","complete","6001","6001","100.0%","00:32:38","00:00:00","2026-09-21 18:03:34","C:\Users\micha\Desktop\Stats Research\michaelwjones\macro-work\AU\Inflation Model\mct_model_core\results\python\australia_core_d3000_b3000_t2_s2022_status.json"
"2026-09-21 19:28:15","AU_HEADLINE","complete","6001","6001","100.0%","00:30:43","00:00:00","2026-09-21 18:01:40","C:\Users\micha\Desktop\Stats Research\michaelwjones\macro-work\AU\Inflation Model\mct_model_headline\results\python\australia_headline_d3000_b3000_t2_s2022_status.json"
"2026-09-21 19:28:15","KR","complete","6001","6001","100.0%","01:41:47","00:00:00","2026-09-21 19:12:45","C:\Users\micha\Desktop\Stats Research\michaelwjones\macro-work\KR\Inflation Model\mct_model\results\python\korea_core_d3000_b3000_t2_s2022_status.json"
"2026-09-21 19:28:23","AU","not found",,,,,,,
"2026-09-21 19:28:33","AU","not found",,,,,,,
"2026-09-21 19:28:43","AU","not found",,,,,,,
"2026-09-21 19:28:53","AU","not found",,,,,,,
"2026-09-21 19:29:03","AU","not found",,,,,,,
"2026-09-21 19:29:13","AU","not found",,,,,,,
"2026-09-21 19:29:23","AU","not found",,,,,,,
"2026-09-21 19:29:33","AU","not found",,,,,,,
"2026-09-21 19:29:43","AU","not found",,,,,,,
"2026-09-21 19:29:53","AU","not found",,,,,,,
"2026-09-21 19:30:03","AU","not found",,,,,,,
"2026-09-21 19:30:13","AU","not found",,,,,,,
"2026-09-21 19:30:23","AU","not found",,,,,,,
"2026-09-21 19:30:33","AU","not found",,,,,,,
"2026-09-21 19:30:43","AU","not found",,,,,,,
"2026-09-21 19:30:53","AU","not found",,,,,,,
"2026-09-21 19:31:03","AU","not found",,,,,,,
"2026-09-21 19:31:13","AU","not found",,,,,,,
"2026-09-21 19:31:23","AU","not found",,,,,,,
"2026-09-21 19:31:33","AU","not found",,,,,,,
"2026-09-21 19:31:43","AU","not found",,,,,,,
"2026-09-21 19:31:53","AU","not found",,,,,,,
"2026-09-21 19:32:03","AU","not found",,,,,,,
"2026-09-21 19:32:13","AU","not found",,,,,,,
"2026-09-21 19:32:23","AU","not found",,,,,,,
"2026-09-21 19:32:33","AU","not found",,,,,,,
"2026-09-21 19:32:43","AU","not found",,,,,,,
"2026-09-21 19:32:53","AU","not found",,,,,,,
"2026-09-21 19:33:03","AU","not found",,,,,,,
"2026-09-21 19:33:13","AU","not found",,,,,,,
"2026-09-21 19:33:23","AU","not found",,,,,,,
"2026-09-21 19:33:33","AU","not found",,,,,,,
"2026-09-21 19:33:43","AU","not found",,,,,,,
"2026-09-21 19:33:53","AU","not found",,,,,,,
"2026-09-21 19:34:03","AU","not found",,,,,,,
"2026-09-21 19:34:13","AU","not found",,,,,,,
"2026-09-21 19:34:23","AU","not found",,,,,,,
"2026-09-21 19:34:33","AU","not found",,,,,,,
"2026-09-21 19:34:43","AU","not found",,,,,,,
"2026-09-21 19:34:53","AU","not found",,,,,,,
"2026-09-21 19:35:03","AU","not found",,,,,,,
"2026-09-21 19:35:13","AU","not found",,,,,,,
"2026-09-21 19:35:23","AU","not found",,,,,,,
"2026-09-21 19:35:33","AU","not found",,,,,,,
"2026-09-21 19:35:43","AU","not found",,,,,,,
"2026-09-21 19:35:53","AU","not found",,,,,,,
"2026-09-21 19:36:03","AU","not found",,,,,,,
"2026-09-21 19:36:13","AU","not found",,,,,,,
"2026-09-21 19:36:23","AU","not found",,,,,,,
"2026-09-21 19:36:33","AU","not found",,,,,,,
"2026-09-21 19:36:43","AU","not found",,,,,,,
"2026-09-21 19:36:53","AU","not found",,,,,,,
"2026-09-21 19:37:03","AU","not found",,,,,,,
"2026-09-21 19:37:13","AU","not found",,,,,,,
"2026-09-21 19:37:24","AU","not found",,,,,,,
"2026-09-21 19:37:34","AU","not found",,,,,,,
"2026-09-21 19:37:44","AU","not found",,,,,,,
"2026-09-21 19:37:54","AU","not found",,,,,,,
"2026-09-21 19:38:04","AU","not found",,,,,,,
"2026-09-21 19:38:14","AU","not found",,,,,,,
"2026-09-21 19:38:24","AU","not found",,,,,,,
"2026-09-21 19:38:34","AU","not found",,,,,,,
"2026-09-21 19:38:44","AU","not found",,,,,,,
"2026-09-21 19:38:54","AU","not found",,,,,,,
"2026-09-21 19:39:04","AU","not found",,,,,,,
"2026-09-21 19:39:14","AU","not found",,,,,,,
"2026-09-21 19:39:24","AU","not found",,,,,,,
"2026-09-21 19:39:34","AU","not found",,,,,,,
"2026-09-21 19:39:44","AU","not found",,,,,,,
"2026-09-21 19:39:54","AU","not found",,,,,,,
"2026-09-21 19:40:04","AU","not found",,,,,,,
"2026-09-21 19:40:14","AU","not found",,,,,,,
"2026-09-21 19:40:24","AU","not found",,,,,,,
"2026-09-21 19:40:34","AU","not found",,,,,,,
"2026-09-21 19:40:44","AU","not found",,,,,,,
"2026-09-21 19:40:54","AU","not found",,,,,,,
"2026-09-21 19:41:04","AU","not found",,,,,,,
"2026-09-21 19:41:14","AU","not found",,,,,,,
"2026-09-21 19:41:24","AU","not found",,,,,,,
"2026-09-21 19:41:34","AU","not found",,,,,,,
"2026-09-21 19:41:44","AU","not found",,,,,,,
"2026-09-21 19:41:54","AU","not found",,,,,,,
"2026-09-21 19:42:04","AU","not found",,,,,,,
"2026-09-21 19:42:14","AU","not found",,,,,,,
"2026-09-21 19:42:24","AU","not found",,,,,,,
"2026-09-21 19:42:34","AU","not found",,,,,,,
"2026-09-21 19:42:44","AU","not found",,,,,,,
"2026-09-21 19:42:54","AU","not found",,,,,,,
"2026-09-21 19:43:04","AU","not found",,,,,,,
"2026-09-21 19:43:14","AU","not found",,,,,,,
"2026-09-21 19:43:24","AU","not found",,,,,,,
"2026-09-21 19:43:34","AU","not found",,,,,,,
"2026-09-21 19:43:44","AU","not found",,,,,,,
"2026-09-21 19:43:54","AU","not found",,,,,,,
"2026-09-21 19:44:04","AU","not found",,,,,,,
"2026-09-21 19:44:14","AU","not found",,,,,,,
"2026-09-21 19:44:24","AU","not found",,,,,,,
"2026-09-21 19:44:34","AU","not found",,,,,,,
"2026-09-21 19:44:44","AU","not found",,,,,,,
"2026-09-21 19:44:54","AU","not found",,,,,,,
"2026-09-21 19:45:04","AU","not found",,,,,,,
"2026-09-21 19:45:14","AU","not found",,,,,,,
"2026-09-21 19:45:24","AU","not found",,,,,,,
"2026-09-21 19:45:34","AU","not found",,,,,,,
"2026-09-21 19:45:44","AU","not found",,,,,,,
"2026-09-21 19:45:54","AU","not found",,,,,,,
"2026-09-21 19:46:04","AU","not found",,,,,,,
"2026-09-21 19:46:14","AU","not found",,,,,,,
"2026-09-21 19:46:24","AU","not found",,,,,,,
"2026-09-21 19:46:34","AU","not found",,,,,,,
"2026-09-21 19:46:44","AU","not found",,,,,,,
"2026-09-21 19:46:55","AU","not found",,,,,,,
"2026-09-21 19:47:05","AU","not found",,,,,,,
"2026-09-21 19:47:15","AU","not found",,,,,,,
"2026-09-21 19:47:25","AU","not found",,,,,,,
"2026-09-21 19:47:35","AU","not found",,,,,,,
"2026-09-21 19:47:45","AU","not found",,,,,,,
"2026-09-21 19:47:55","AU","not found",,,,,,,
"2026-09-21 19:48:05","AU","not found",,,,,,,
"2026-09-21 19:48:15","AU","not found",,,,,,,
"2026-09-21 19:48:25","AU","not found",,,,,,,
"2026-09-21 19:48:35","AU","not found",,,,,,,
"2026-09-21 19:48:45","AU","not found",,,,,,,
"2026-09-21 19:48:55","AU","not found",,,,,,,
"2026-09-21 19:49:05","AU","not found",,,,,,,
"2026-09-21 19:49:15","AU","not found",,,,,,,
"2026-09-21 19:49:25","AU","not found",,,,,,,
"2026-09-21 19:49:35","AU","not found",,,,,,,
"2026-09-21 19:49:45","AU","not found",,,,,,,
"2026-09-21 19:49:55","AU","not found",,,,,,,
"2026-09-21 19:50:05","AU","not found",,,,,,,
"2026-09-21 19:50:15","AU","not found",,,,,,,
"2026-09-21 19:50:25","AU","not found",,,,,,,
"2026-09-21 19:50:35","AU","not found",,,,,,,
"2026-09-21 19:50:45","AU","not found",,,,,,,
"2026-09-21 19:50:55","AU","not found",,,,,,,
"2026-09-21 19:51:05","AU","not found",,,,,,,
"2026-09-21 19:51:15","AU","not found",,,,,,,
"2026-09-21 19:51:25","AU","not found",,,,,,,
"2026-09-21 19:51:35","AU","not found",,,,,,,
"2026-09-21 19:51:45","AU","not found",,,,,,,
"2026-09-21 19:51:55","AU","not found",,,,,,,
"2026-09-21 19:52:05","AU","not found",,,,,,,
"2026-09-21 19:52:15","AU","not found",,,,,,,
"2026-09-21 19:52:25","AU","not found",,,,,,,
"2026-09-21 19:52:35","AU","not found",,,,,,,
"2026-09-21 19:52:45","AU","not found",,,,,,,
"2026-09-21 19:52:55","AU","not found",,,,,,,
"2026-09-21 19:53:05","AU","not found",,,,,,,
"2026-09-21 19:53:15","AU","not found",,,,,,,
"2026-09-21 19:53:25","AU","not found",,,,,,,
"2026-09-21 19:53:35","AU","not found",,,,,,,
"2026-09-21 19:53:45","AU","not found",,,,,,,
"2026-09-21 19:53:55","AU","not found",,,,,,,
"2026-09-21 19:54:05","AU","not found",,,,,,,
"2026-09-21 19:54:15","AU","not found",,,,,,,
"2026-09-21 19:54:25","AU","not found",,,,,,,
"2026-09-21 19:54:35","AU","not found",,,,,,,
"2026-09-21 19:54:45","AU","not found",,,,,,,
"2026-09-21 19:54:55","AU","not found",,,,,,,
"2026-09-21 19:55:05","AU","not found",,,,,,,
"2026-09-21 19:55:15","AU","not found",,,,,,,
"2026-09-21 19:55:25","AU","not found",,,,,,,
"2026-09-21 19:55:36","AU","not found",,,,,,,
"2026-09-21 19:55:46","AU","not found",,,,,,,
"2026-09-21 19:55:56","AU","not found",,,,,,,
"2026-09-21 19:56:06","AU","not found",,,,,,,
"2026-09-21 19:56:16","AU","not found",,,,,,,
"2026-09-21 19:56:26","AU","not found",,,,,,,
"2026-09-21 19:56:36","AU","not found",,,,,,,
"2026-09-21 19:56:46","AU","not found",,,,,,,
"2026-09-21 19:56:56","AU","not found",,,,,,,
"2026-09-21 19:57:06","AU","not found",,,,,,,
"2026-09-21 19:57:16","AU","not found",,,,,,,
"2026-09-21 19:57:26","AU","not found",,,,,,,
"2026-09-21 19:57:36","AU","not found",,,,,,,
"2026-09-21 19:57:46","AU","not found",,,,,,,
"2026-09-21 19:57:56","AU","not found",,,,,,,
"2026-09-21 19:58:06","AU","not found",,,,,,,
"2026-09-21 19:58:16","AU","not found",,,,,,,
"2026-09-21 19:58:26","AU","not found",,,,,,,
"2026-09-21 19:58:36","AU","not found",,,,,,,
"2026-09-21 19:58:46","AU","not found",,,,,,,
"2026-09-21 19:58:56","AU","not found",,,,,,,
"2026-09-21 19:59:06","AU","not found",,,,,,,
"2026-09-21 19:59:16","AU","not found",,,,,,,
"2026-09-21 19:59:26","AU","not found",,,,,,,
"2026-09-21 19:59:36","AU","not found",,,,,,,
"2026-09-21 19:59:46","AU","not found",,,,,,,
"2026-09-21 19:59:56","AU","not found",,,,,,,
"2026-09-21 20:00:06","AU","not found",,,,,,,
"2026-09-21 20:00:16","AU","not found",,,,,,,
"2026-09-21 20:00:26","AU","not found",,,,,,,
"2026-09-21 20:00:36","AU","not found",,,,,,,
"2026-09-21 20:00:46","AU","not found",,,,,,,
"2026-09-21 20:00:56","AU","not found",,,,,,,
"2026-09-21 20:01:06","AU","not found",,,,,,,
"2026-09-21 20:01:16","AU","not found",,,,,,,
"2026-09-21 20:01:26","AU","not found",,,,,,,
"2026-09-21 20:01:36","AU","not found",,,,,,,
"2026-09-21 20:01:46","AU","not found",,,,,,,
"2026-09-21 20:01:56","AU","not found",,,,,,,
"2026-09-21 20:02:06","AU","not found",,,,,,,
"2026-09-21 20:02:16","AU","not found",,,,,,,
"2026-09-21 20:02:26","AU","not found",,,,,,,
"2026-09-21 20:02:36","AU","not found",,,,,,,
"2026-09-21 20:02:46","AU","not found",,,,,,,
"2026-09-21 20:02:56","AU","not found",,,,,,,
"2026-09-21 20:03:06","AU","not found",,,,,,,
"2026-09-21 20:03:16","AU","not found",,,,,,,
"2026-09-21 20:03:26","AU","not found",,,,,,,
"2026-09-21 20:03:36","AU","not found",,,,,,,
"2026-09-21 20:03:46","AU","not found",,,,,,,
"2026-09-21 20:03:56","AU","not found",,,,,,,
"2026-09-21 20:04:06","AU","not found",,,,,,,
"2026-09-21 20:04:17","AU","not found",,,,,,,
"2026-09-21 20:04:27","AU","not found",,,,,,,
"2026-09-21 20:04:37","AU","not found",,,,,,,
"2026-09-21 20:04:47","AU","not found",,,,,,,
"2026-09-21 20:04:57","AU","not found",,,,,,,
"2026-09-21 20:05:07","AU","not found",,,,,,,
"2026-09-21 20:05:17","AU","not found",,,,,,,
"2026-09-21 20:05:27","AU","not found",,,,,,,
"2026-09-21 20:05:37","AU","not found",,,,,,,
"2026-09-21 20:05:47","AU","not found",,,,,,,
"2026-09-21 20:05:57","AU","not found",,,,,,,
"2026-09-21 20:06:07","AU","not found",,,,,,,
"2026-09-21 20:06:17","AU","not found",,,,,,,
"2026-09-21 20:06:27","AU","not found",,,,,,,
"2026-09-21 20:06:37","AU","not found",,,,,,,
"2026-09-21 20:06:47","AU","not found",,,,,,,
"2026-09-21 20:06:57","AU","not found",,,,,,,
"2026-09-21 20:07:07","AU","not found",,,,,,,
"2026-09-21 20:07:17","AU","not found",,,,,,,
"2026-09-21 20:07:27","AU","not found",,,,,,,
"2026-09-21 20:07:37","AU","not found",,,,,,,
"2026-09-21 20:07:47","AU","not found",,,,,,,
"2026-09-21 20:07:57","AU","not found",,,,,,,
"2026-09-21 20:08:07","AU","not found",,,,,,,
"2026-09-21 20:08:17","AU","not found",,,,,,,
"2026-09-21 20:08:27","AU","not found",,,,,,,
"2026-09-21 20:08:37","AU","not found",,,,,,,
"2026-09-21 20:08:47","AU","not found",,,,,,,
"2026-09-21 20:08:57","AU","not found",,,,,,,
"2026-09-21 20:09:07","AU","not found",,,,,,,
"2026-09-21 20:09:17","AU","not found",,,,,,,
"2026-09-21 20:09:27","AU","not found",,,,,,,
"2026-09-21 20:09:37","AU","not found",,,,,,,
"2026-09-21 20:09:47","AU","not found",,,,,,,
"2026-09-21 20:09:57","AU","not found",,,,,,,
"2026-09-21 20:10:07","AU","not found",,,,,,,
"2026-09-21 20:10:17","AU","not found",,,,,,,
"2026-09-21 20:10:27","AU","not found",,,,,,,
"2026-09-21 20:10:37","AU","not found",,,,,,,
"2026-09-21 20:10:47","AU","not found",,,,,,,
"2026-09-21 20:10:57","AU","not found",,,,,,,
"2026-09-21 20:11:07","AU","not found",,,,,,,
"2026-09-21 20:11:17","AU","not found",,,,,,,
"2026-09-21 20:11:27","AU","not found",,,,,,,
"2026-09-21 20:11:37","AU","not found",,,,,,,
"2026-09-21 20:11:47","AU","not found",,,,,,,
"2026-09-21 20:11:57","AU","not found",,,,,,,
"2026-09-21 20:12:07","AU","not found",,,,,,,
"2026-09-21 20:12:17","AU","not found",,,,,,,
"2026-09-21 20:12:27","AU","not found",,,,,,,
"2026-09-21 20:12:38","AU","not found",,,,,,,
"2026-09-21 20:12:48","AU","not found",,,,,,,
"2026-09-21 20:12:58","AU","not found",,,,,,,
"2026-09-21 20:13:08","AU","not found",,,,,,,
"2026-09-21 20:13:18","AU","not found",,,,,,,
"2026-09-21 20:13:28","AU","not found",,,,,,,
"2026-09-21 20:13:38","AU","not found",,,,,,,
"2026-09-21 20:13:48","AU","not found",,,,,,,
"2026-09-21 20:13:58","AU","not found",,,,,,,
"2026-09-21 20:14:08","AU","not found",,,,,,,
"2026-09-21 20:14:18","AU","not found",,,,,,,
"2026-09-21 20:14:28","AU","not found",,,,,,,
"2026-09-21 20:14:38","AU","not found",,,,,,,
"2026-09-21 20:14:48","AU","not found",,,,,,,
"2026-09-21 20:14:58","AU","not found",,,,,,,
"2026-09-21 20:15:08","AU","not found",,,,,,,
"2026-09-21 20:15:18","AU","not found",,,,,,,
"2026-09-21 20:15:28","AU","not found",,,,,,,
"2026-09-21 20:15:38","AU","not found",,,,,,,
"2026-09-21 20:15:48","AU","not found",,,,,,,
"2026-09-21 20:15:58","AU","not found",,,,,,,
"2026-09-21 20:16:08","AU","not found",,,,,,,
"2026-09-21 20:16:18","AU","not found",,,,,,,
"2026-09-21 20:16:28","AU","not found",,,,,,,
"2026-09-21 20:16:38","AU","not found",,,,,,,
"2026-09-21 20:16:48","AU","not found",,,,,,,
"2026-09-21 20:16:58","AU","not found",,,,,,,
"2026-09-21 20:17:08","AU","not found",,,,,,,
"2026-09-21 20:17:18","AU","not found",,,,,,,
"2026-09-21 20:17:28","AU","not found",,,,,,,
"2026-09-21 20:17:38","AU","not found",,,,,,,
"2026-09-21 20:17:48","AU","not found",,,,,,,
"2026-09-21 20:17:58","AU","not found",,,,,,,
"2026-09-21 20:18:08","AU","not found",,,,,,,
"2026-09-21 20:18:18","AU","not found",,,,,,,
"2026-09-21 20:18:28","AU","not found",,,,,,,
"2026-09-21 20:18:38","AU","not found",,,,,,,
"2026-09-21 20:18:48","AU","not found",,,,,,,
"2026-09-21 20:18:58","AU","not found",,,,,,,
"2026-09-21 20:19:08","AU","not found",,,,,,,
"2026-09-21 20:19:18","AU","not found",,,,,,,
"2026-09-21 20:19:28","AU","not found",,,,,,,
"2026-09-21 20:19:38","AU","not found",,,,,,,
"2026-09-21 20:19:48","AU","not found",,,,,,,
"2026-09-21 20:19:58","AU","not found",,,,,,,
"2026-09-21 20:20:08","AU","not found",,,,,,,
"2026-09-21 20:20:18","AU","not found",,,,,,,
"2026-09-21 20:20:28","AU","not found",,,,,,,
"2026-09-21 20:20:38","AU","not found",,,,,,,
"2026-09-21 20:20:48","AU","not found",,,,,,,
"2026-09-21 20:20:58","AU","not found",,,,,,,
"2026-09-21 20:21:08","AU","not found",,,,,,,
"2026-09-21 20:21:18","AU","not found",,,,,,,
"2026-09-21 20:21:28","AU","not found",,,,,,,
"2026-09-21 20:21:38","AU","not found",,,,,,,
"2026-09-21 20:21:49","AU","not found",,,,,,,
"2026-09-21 20:21:59","AU","not found",,,,,,,
"2026-09-21 20:22:09","AU","not found",,,,,,,
"2026-09-21 20:22:19","AU","not found",,,,,,,
"2026-09-21 20:22:29","AU","not found",,,,,,,
"2026-09-21 20:22:39","AU","not found",,,,,,,
"2026-09-21 20:22:49","AU","not found",,,,,,,
"2026-09-21 20:22:59","AU","not found",,,,,,,
"2026-09-21 20:23:09","AU","not found",,,,,,,
"2026-09-21 20:23:19","AU","not found",,,,,,,
"2026-09-21 20:23:29","AU","not found",,,,,,,
"2026-09-21 20:23:39","AU","not found",,,,,,,
"2026-09-21 20:23:49","AU","not found",,,,,,,
"2026-09-21 20:23:59","AU","not found",,,,,,,
"2026-09-21 20:24:09","AU","not found",,,,,,,
"2026-09-21 20:24:19","AU","not found",,,,,,,
"2026-09-21 20:24:29","AU","not found",,,,,,,
"2026-09-21 20:24:39","AU","not found",,,,,,,
"2026-09-21 20:24:49","AU","not found",,,,,,,
"2026-09-21 20:24:59","AU","not found",,,,,,,
"2026-09-21 20:25:09","AU","not found",,,,,,,
"2026-09-21 20:25:19","AU","not found",,,,,,,
"2026-09-21 20:25:29","AU","not found",,,,,,,
"2026-09-21 20:25:39","AU","not found",,,,,,,
"2026-09-21 20:25:49","AU","not found",,,,,,,
"2026-09-21 20:25:59","AU","not found",,,,,,,
"2026-09-21 20:26:09","AU","not found",,,,,,,
"2026-09-21 20:26:19","AU","not found",,,,,,,
"2026-09-21 20:26:29","AU","not found",,,,,,,
"2026-09-21 20:26:39","AU","not found",,,,,,,
"2026-09-21 20:26:49","AU","not found",,,,,,,
"2026-09-21 20:26:59","AU","not found",,,,,,,
"2026-09-21 20:27:09","AU","not found",,,,,,,
"2026-09-21 20:27:19","AU","not found",,,,,,,
"2026-09-21 20:27:29","AU","not found",,,,,,,
"2026-09-21 20:27:39","AU","not found",,,,,,,
"2026-09-21 20:27:49","AU","not found",,,,,,,
"2026-09-21 20:27:59","AU","not found",,,,,,,
"2026-09-21 20:28:09","AU","not found",,,,,,,
"2026-09-21 20:28:19","AU","not found",,,,,,,
"2026-09-21 20:28:29","AU","not found",,,,,,,
"2026-09-21 20:28:39","AU","not found",,,,,,,
"2026-09-21 20:28:49","AU","not found",,,,,,,
"2026-09-21 20:28:59","AU","not found",,,,,,,
"2026-09-21 20:29:09","AU","not found",,,,,,,
"2026-09-21 20:29:19","AU","not found",,,,,,,
"2026-09-21 20:29:29","AU","not found",,,,,,,
"2026-09-21 20:29:39","AU","not found",,,,,,,
"2026-09-21 20:29:49","AU","not found",,,,,,,
"2026-09-21 20:29:59","AU","not found",,,,,,,
"2026-09-21 20:30:09","AU","not found",,,,,,,
"2026-09-21 20:30:19","AU","not found",,,,,,,
"2026-09-21 20:30:29","AU","not found",,,,,,,
"2026-09-21 20:30:39","AU","not found",,,,,,,
"2026-09-21 20:30:50","AU","not found",,,,,,,
"2026-09-21 20:31:00","AU","not found",,,,,,,
"2026-09-21 20:31:10","AU","not found",,,,,,,
"2026-09-21 20:31:20","AU","not found",,,,,,,
"2026-09-21 20:31:30","AU","not found",,,,,,,
"2026-09-21 20:31:40","AU","not found",,,,,,,
"2026-09-21 20:31:50","AU","not found",,,,,,,
"2026-09-21 20:32:00","AU","not found",,,,,,,
"2026-09-21 20:32:10","AU","not found",,,,,,,
"2026-09-21 20:32:20","AU","not found",,,,,,,
"2026-09-21 20:32:30","AU","not found",,,,,,,
"2026-09-21 20:32:40","AU","not found",,,,,,,
"2026-09-21 20:32:50","AU","not found",,,,,,,
"2026-09-21 20:33:00","AU","not found",,,,,,,
"2026-09-21 20:33:10","AU","not found",,,,,,,
"2026-09-21 20:33:20","AU","not found",,,,,,,
"2026-09-21 20:33:30","AU","not found",,,,,,,
"2026-09-21 20:33:40","AU","not found",,,,,,,
"2026-09-21 20:33:50","AU","not found",,,,,,,
"2026-09-21 20:34:00","AU","not found",,,,,,,
"2026-09-21 20:34:10","AU","not found",,,,,,,
"2026-09-21 20:34:20","AU","not found",,,,,,,
"2026-09-21 20:34:30","AU","not found",,,,,,,
"2026-09-21 20:34:40","AU","not found",,,,,,,
"2026-09-21 20:34:50","AU","not found",,,,,,,
"2026-09-21 20:35:00","AU","not found",,,,,,,
"2026-09-21 20:35:10","AU","not found",,,,,,,
"2026-09-21 20:35:20","AU","not found",,,,,,,
"2026-09-21 20:35:30","AU","not found",,,,,,,
"2026-09-21 20:35:40","AU","not found",,,,,,,
"2026-09-21 20:35:50","AU","not found",,,,,,,
"2026-09-21 20:36:00","AU","not found",,,,,,,
"2026-09-21 20:36:10","AU","not found",,,,,,,
"2026-09-21 20:36:20","AU","not found",,,,,,,
"2026-09-21 20:36:30","AU","not found",,,,,,,
"2026-09-21 20:36:40","AU","not found",,,,,,,
"2026-09-21 20:36:50","AU","not found",,,,,,,
"2026-09-21 20:37:00","AU","not found",,,,,,,
"2026-09-21 20:37:10","AU","not found",,,,,,,
"2026-09-21 20:37:20","AU","not found",,,,,,,
"2026-09-21 20:37:30","AU","not found",,,,,,,
"2026-09-21 20:37:40","AU","not found",,,,,,,
"2026-09-21 20:37:50","AU","not found",,,,,,,
"2026-09-21 20:38:00","AU","not found",,,,,,,
"2026-09-21 20:38:10","AU","not found",,,,,,,
"2026-09-21 20:38:20","AU","not found",,,,,,,
"2026-09-21 20:38:30","AU","not found",,,,,,,
"2026-09-21 20:38:40","AU","not found",,,,,,,
"2026-09-21 20:38:50","AU","not found",,,,,,,
"2026-09-21 20:39:00","AU","not found",,,,,,,
"2026-09-21 20:39:10","AU","not found",,,,,,,
"2026-09-21 20:39:20","AU","not found",,,,,,,
"2026-09-21 20:39:30","AU","not found",,,,,,,
"2026-09-21 20:39:41","AU","not found",,,,,,,
"2026-09-21 20:39:51","AU","not found",,,,,,,
"2026-09-21 20:40:01","AU","not found",,,,,,,
"2026-09-21 20:40:11","AU","not found",,,,,,,
"2026-09-21 20:40:21","AU","not found",,,,,,,
"2026-09-21 20:40:31","AU","not found",,,,,,,
"2026-09-21 20:40:41","AU","not found",,,,,,,
"2026-09-21 20:40:51","AU","not found",,,,,,,
"2026-09-21 20:41:01","AU","not found",,,,,,,
"2026-09-21 20:41:11","AU","not found",,,,,,,
"2026-09-21 20:41:21","AU","not found",,,,,,,
"2026-09-21 20:41:31","AU","not found",,,,,,,
"2026-09-21 20:41:41","AU","not found",,,,,,,
"2026-09-21 20:41:51","AU","not found",,,,,,,
"2026-09-21 20:42:01","AU","not found",,,,,,,
"2026-09-21 20:42:11","AU","not found",,,,,,,
"2026-09-21 20:42:21","AU","not found",,,,,,,
"2026-09-21 20:42:31","AU","not found",,,,,,,
"2026-09-21 20:42:41","AU","not found",,,,,,,
"2026-09-21 20:42:51","AU","not found",,,,,,,
"2026-09-21 20:43:01","AU","not found",,,,,,,
"2026-09-21 20:43:11","AU","not found",,,,,,,
"2026-09-21 20:43:21","AU","not found",,,,,,,
"2026-09-21 20:43:31","AU","not found",,,,,,,
"2026-09-21 20:43:41","AU","not found",,,,,,,
"2026-09-21 20:43:51","AU","not found",,,,,,,
"2026-09-21 20:44:01","AU","not found",,,,,,,
"2026-09-21 20:44:11","AU","not found",,,,,,,
"2026-09-21 20:44:21","AU","not found",,,,,,,
"2026-09-21 20:44:31","AU","not found",,,,,,,
"2026-09-21 20:44:41","AU","not found",,,,,,,
"2026-09-21 20:44:51","AU","not found",,,,,,,
"2026-09-21 20:45:01","AU","not found",,,,,,,
"2026-09-21 20:45:11","AU","not found",,,,,,,
"2026-09-21 20:45:21","AU","not found",,,,,,,
"2026-09-21 20:45:31","AU","not found",,,,,,,
"2026-09-21 20:45:41","AU","not found",,,,,,,
"2026-09-21 20:45:51","AU","not found",,,,,,,
"2026-09-21 20:46:01","AU","not found",,,,,,,
"2026-09-21 20:46:11","AU","not found",,,,,,,
"2026-09-21 20:46:21","AU","not found",,,,,,,
"2026-09-21 20:46:31","AU","not found",,,,,,,
"2026-09-21 20:46:41","AU","not found",,,,,,,
"2026-09-21 20:46:51","AU","not found",,,,,,,
"2026-09-21 20:47:01","AU","not found",,,,,,,
"2026-09-21 20:47:11","AU","not found",,,,,,,
"2026-09-21 20:47:22","AU","not found",,,,,,,
"2026-09-21 20:47:32","AU","not found",,,,,,,
"2026-09-21 20:47:42","AU","not found",,,,,,,
"2026-09-21 20:47:52","AU","not found",,,,,,,
"2026-09-21 20:48:02","AU","not found",,,,,,,
"2026-09-21 20:48:12","AU","not found",,,,,,,
"2026-09-21 20:48:22","AU","not found",,,,,,,
"2026-09-21 20:48:32","AU","not found",,,,,,,
"2026-09-21 20:48:42","AU","not found",,,,,,,
"2026-09-21 20:48:52","AU","not found",,,,,,,
"2026-09-21 20:49:02","AU","not found",,,,,,,
"2026-09-21 20:49:12","AU","not found",,,,,,,
"2026-09-21 20:49:22","AU","not found",,,,,,,
"2026-09-21 20:49:32","AU","not found",,,,,,,
"2026-09-21 20:49:42","AU","not found",,,,,,,
"2026-09-21 20:49:52","AU","not found",,,,,,,
"2026-09-21 20:50:02","AU","not found",,,,,,,
"2026-09-21 20:50:12","AU","not found",,,,,,,
"2026-09-21 20:50:22","AU","not found",,,,,,,
"2026-09-21 20:50:32","AU","not found",,,,,,,
"2026-09-21 20:50:42","AU","not found",,,,,,,
"2026-09-21 20:50:52","AU","not found",,,,,,,
"2026-09-21 20:51:02","AU","not found",,,,,,,
"2026-09-21 20:51:12","AU","not found",,,,,,,
"2026-09-21 20:51:22","AU","not found",,,,,,,
"2026-09-21 20:51:32","AU","not found",,,,,,,
"2026-09-21 20:51:42","AU","not found",,,,,,,
"2026-09-21 20:51:52","AU","not found",,,,,,,
"2026-09-21 20:52:02","AU","not found",,,,,,,
"2026-09-21 20:52:12","AU","not found",,,,,,,
"2026-09-21 20:52:22","AU","not found",,,,,,,
"2026-09-21 20:52:32","AU","not found",,,,,,,
"2026-09-21 20:52:42","AU","not found",,,,,,,
"2026-09-21 20:52:52","AU","not found",,,,,,,
"2026-09-21 20:53:02","AU","not found",,,,,,,
"2026-09-21 20:53:12","AU","not found",,,,,,,
"2026-09-21 20:53:23","AU","not found",,,,,,,
"2026-09-21 20:53:33","AU","not found",,,,,,,
"2026-09-21 20:53:43","AU","not found",,,,,,,
"2026-09-21 20:53:53","AU","not found",,,,,,,
"2026-09-21 20:54:03","AU","not found",,,,,,,
"2026-09-21 20:54:13","AU","not found",,,,,,,
"2026-09-21 20:54:23","AU","not found",,,,,,,
"2026-09-21 20:54:33","AU","not found",,,,,,,
"2026-09-21 20:54:43","AU","not found",,,,,,,
"2026-09-21 20:54:53","AU","not found",,,,,,,
"2026-09-21 20:55:03","AU","not found",,,,,,,
"2026-09-21 20:55:13","AU","not found",,,,,,,
"2026-09-21 20:55:23","AU","not found",,,,,,,
"2026-09-21 20:55:33","AU","not found",,,,,,,
"2026-09-21 20:55:43","AU","not found",,,,,,,
"2026-09-21 20:55:53","AU","not found",,,,,,,
"2026-09-21 20:56:03","AU","not found",,,,,,,
"2026-09-21 20:56:13","AU","not found",,,,,,,
"2026-09-21 20:56:20","JP","complete","6001","6001","100.0%","01:57:09","00:00:00","2026-09-21 19:28:07","C:\Users\micha\Desktop\Stats Research\michaelwjones\macro-work\JP\Inflation Model\mct_model\results\python\japan_core_d3000_b3000_t2_s2022_status.json"
"2026-09-21 20:56:20","AU","complete","6001","6001","100.0%","00:32:38","00:00:00","2026-09-21 18:03:34","C:\Users\micha\Desktop\Stats Research\michaelwjones\macro-work\AU\Inflation Model\mct_model_core\results\python\australia_core_d3000_b3000_t2_s2022_status.json"
"2026-09-21 20:56:20","AU_HEADLINE","complete","6001","6001","100.0%","00:30:43","00:00:00","2026-09-21 18:01:40","C:\Users\micha\Desktop\Stats Research\michaelwjones\macro-work\AU\Inflation Model\mct_model_headline\results\python\australia_headline_d3000_b3000_t2_s2022_status.json"
"2026-09-21 20:56:21","KR","complete","6001","6001","100.0%","01:41:47","00:00:00","2026-09-21 19:12:45","C:\Users\micha\Desktop\Stats Research\michaelwjones\macro-work\KR\Inflation Model\mct_model\results\python\korea_core_d3000_b3000_t2_s2022_status.json"
"2026-09-21 20:56:23","AU","not found",,,,,,,
"2026-09-21 20:56:33","AU","not found",,,,,,,
"2026-09-21 20:56:43","AU","not found",,,,,,,
"2026-09-21 20:56:53","AU","not found",,,,,,,
"2026-09-21 20:57:03","AU","not found",,,,,,,
"2026-09-21 20:57:13","AU","not found",,,,,,,
"2026-09-21 20:57:23","AU","not found",,,,,,,
"2026-09-21 20:57:33","AU","not found",,,,,,,
"2026-09-21 20:57:43","AU","not found",,,,,,,
"2026-09-21 20:57:53","AU","not found",,,,,,,
"2026-09-21 20:58:03","AU","not found",,,,,,,
"2026-09-21 20:58:13","AU","not found",,,,,,,
"2026-09-21 20:58:23","AU","not found",,,,,,,
"2026-09-21 20:58:33","AU","not found",,,,,,,
"2026-09-21 20:58:43","AU","not found",,,,,,,
"2026-09-21 20:58:53","AU","not found",,,,,,,
"2026-09-21 20:59:03","AU","not found",,,,,,,
"2026-09-21 20:59:13","AU","not found",,,,,,,
"2026-09-21 20:59:23","AU","not found",,,,,,,
"2026-09-21 20:59:33","AU","not found",,,,,,,
"2026-09-21 20:59:44","AU","not found",,,,,,,
"2026-09-21 20:59:54","AU","not found",,,,,,,
"2026-09-21 21:00:04","AU","not found",,,,,,,
"2026-09-21 21:00:14","AU","not found",,,,,,,
"2026-09-21 21:00:24","AU","not found",,,,,,,
"2026-09-21 21:00:34","AU","not found",,,,,,,
"2026-09-21 21:00:44","AU","not found",,,,,,,
"2026-09-21 21:00:54","AU","not found",,,,,,,
"2026-09-21 21:01:04","AU","not found",,,,,,,
"2026-09-21 21:01:14","AU","not found",,,,,,,
"2026-09-21 21:01:24","AU","not found",,,,,,,
"2026-09-21 21:01:34","AU","not found",,,,,,,
"2026-09-21 21:01:44","AU","not found",,,,,,,
"2026-09-21 21:01:54","AU","not found",,,,,,,
"2026-09-21 21:02:04","AU","not found",,,,,,,
"2026-09-21 21:02:14","AU","not found",,,,,,,
"2026-09-21 21:02:24","AU","not found",,,,,,,
"2026-09-21 21:02:34","AU","not found",,,,,,,
"2026-09-21 21:02:44","AU","not found",,,,,,,
"2026-09-21 21:02:54","AU","not found",,,,,,,
"2026-09-21 21:03:04","AU","not found",,,,,,,
"2026-09-21 21:03:14","AU","not found",,,,,,,
"2026-09-21 21:03:24","AU","not found",,,,,,,
"2026-09-21 21:03:34","AU","not found",,,,,,,
"2026-09-21 21:03:44","AU","not found",,,,,,,
"2026-09-21 21:03:54","AU","not found",,,,,,,
"2026-09-21 21:04:04","AU","not found",,,,,,,
"2026-09-21 21:04:14","AU","not found",,,,,,,
"2026-09-21 21:04:24","AU","not found",,,,,,,
"2026-09-21 21:04:34","AU","not found",,,,,,,
"2026-09-21 21:04:44","AU","not found",,,,,,,
"2026-09-21 21:04:54","AU","not found",,,,,,,
"2026-09-21 21:05:04","AU","not found",,,,,,,
"2026-09-21 21:05:14","AU","not found",,,,,,,
"2026-09-22 07:17:11","AU","not found",,,,,,,
"2026-09-22 07:17:30","AU","not found",,,,,,,
"2026-09-22 07:17:41","AU","not found",,,,,,,
"2026-09-22 07:17:51","AU","not found",,,,,,,
"2026-09-22 07:18:01","AU","not found",,,,,,,
"2026-09-22 07:18:11","AU","not found",,,,,,,
"2026-09-22 07:18:21","AU","not found",,,,,,,
"2026-09-22 07:18:31","AU","not found",,,,,,,
"2026-09-22 07:18:41","AU","not found",,,,,,,
"2026-09-22 07:18:51","AU","not found",,,,,,,
"2026-09-22 07:19:01","AU","not found",,,,,,,
"2026-09-22 07:19:11","AU","not found",,,,,,,
"2026-09-22 07:19:21","AU","not found",,,,,,,
"2026-09-22 07:19:31","AU","not found",,,,,,,
"2026-09-22 07:19:41","AU","not found",,,,,,,
"2026-09-22 07:19:51","AU","not found",,,,,,,
"2026-09-22 07:20:01","AU","not found",,,,,,,
"2026-09-22 07:20:11","AU","not found",,,,,,,
"2026-09-22 07:20:21","AU","not found",,,,,,,
"2026-09-22 07:20:31","AU","not found",,,,,,,
"2026-09-22 07:20:41","AU","not found",,,,,,,
"2026-09-22 07:20:51","AU","not found",,,,,,,
"2026-09-22 07:21:01","AU","not found",,,,,,,
"2026-09-22 07:21:11","AU","not found",,,,,,,
"2026-09-22 07:21:21","AU","not found",,,,,,,
"2026-09-22 07:21:31","AU","not found",,,,,,,
"2026-09-22 07:21:41","AU","not found",,,,,,,
"2026-09-22 07:21:51","AU","not found",,,,,,,
"2026-09-22 07:22:01","AU","not found",,,,,,,
"2026-09-22 07:22:11","AU","not found",,,,,,,
"2026-09-22 07:22:21","AU","not found",,,,,,,
"2026-09-22 07:22:31","AU","not found",,,,,,,
"2026-09-22 07:22:41","AU","not found",,,,,,,
"2026-09-22 07:22:51","AU","not found",,,,,,,
"2026-09-22 07:23:01","AU","not found",,,,,,,
"2026-09-22 07:23:11","AU","not found",,,,,,,
"2026-09-22 07:23:21","AU","not found",,,,,,,
"2026-09-22 07:23:31","AU","not found",,,,,,,
"2026-09-22 07:23:41","AU","not found",,,,,,,
"2026-09-22 07:23:51","AU","not found",,,,,,,
"2026-09-22 07:24:01","AU","not found",,,,,,,
"2026-09-22 07:24:11","AU","not found",,,,,,,
"2026-09-22 07:24:21","AU","not found",,,,,,,
"2026-09-22 07:24:31","AU","not found",,,,,,,
"2026-09-22 07:24:41","AU","not found",,,,,,,
"2026-09-22 07:24:51","AU","not found",,,,,,,
"2026-09-22 07:25:01","AU","not found",,,,,,,
"2026-09-22 07:25:11","AU","not found",,,,,,,
"2026-09-22 07:25:21","AU","not found",,,,,,,
"2026-09-22 07:25:31","AU","not found",,,,,,,
"2026-09-22 07:25:41","AU","not found",,,,,,,
"2026-09-22 07:25:51","AU","not found",,,,,,,
"2026-09-22 07:26:01","AU","not found",,,,,,,
"2026-09-22 07:26:12","AU","not found",,,,,,,
"2026-09-22 07:26:22","AU","not found",,,,,,,
"2026-09-22 07:26:32","AU","not found",,,,,,,
"2026-09-22 07:26:42","AU","not found",,,,,,,
"2026-09-22 07:26:52","AU","not found",,,,,,,
"2026-09-22 07:27:02","AU","not found",,,,,,,
"2026-09-22 07:27:12","AU","not found",,,,,,,
"2026-09-22 07:27:22","AU","not found",,,,,,,
"2026-09-22 07:27:32","AU","not found",,,,,,,
"2026-09-22 07:27:42","AU","not found",,,,,,,
"2026-09-22 07:27:52","AU","not found",,,,,,,
"2026-09-22 07:28:02","AU","not found",,,,,,,
"2026-09-22 07:28:12","AU","not found",,,,,,,
"2026-09-22 07:28:22","AU","not found",,,,,,,
"2026-09-22 07:28:32","AU","not found",,,,,,,
"2026-09-22 07:28:42","AU","not found",,,,,,,
"2026-09-22 07:28:52","AU","not found",,,,,,,
"2026-09-22 07:29:02","AU","not found",,,,,,,
"2026-09-22 07:29:12","AU","not found",,,,,,,
"2026-09-22 07:29:22","AU","not found",,,,,,,
"2026-09-22 07:29:32","AU","not found",,,,,,,
"2026-09-22 07:29:42","AU","not found",,,,,,,
"2026-09-22 07:29:52","AU","not found",,,,,,,
"2026-09-22 07:30:02","AU","not found",,,,,,,
"2026-09-22 07:30:12","AU","not found",,,,,,,
"2026-09-22 07:30:22","AU","not found",,,,,,,
"2026-09-22 07:30:32","AU","not found",,,,,,,
"2026-09-22 07:30:42","AU","not found",,,,,,,
"2026-09-22 07:30:52","AU","not found",,,,,,,
"2026-09-22 07:31:02","AU","not found",,,,,,,
"2026-09-22 07:31:12","AU","not found",,,,,,,
"2026-09-22 07:31:22","AU","not found",,,,,,,
"2026-09-22 07:31:32","AU","not found",,,,,,,
"2026-09-22 07:31:42","AU","not found",,,,,,,
"2026-09-22 07:31:52","AU","not found",,,,,,,
"2026-09-22 07:32:02","AU","not found",,,,,,,
"2026-09-22 07:32:12","AU","not found",,,,,,,
"2026-09-22 07:32:22","AU","not found",,,,,,,
"2026-09-22 07:32:32","AU","not found",,,,,,,
"2026-09-22 07:32:43","AU","not found",,,,,,,
"2026-09-22 07:32:53","AU","not found",,,,,,,
"2026-09-22 07:33:03","AU","not found",,,,,,,
"2026-09-22 07:33:13","AU","not found",,,,,,,
"2026-09-22 07:33:23","AU","not found",,,,,,,
"2026-09-22 07:33:33","AU","not found",,,,,,,
"2026-09-22 07:33:43","AU","not found",,,,,,,
"2026-09-22 07:33:53","AU","not found",,,,,,,
"2026-09-22 07:34:03","AU","not found",,,,,,,
"2026-09-22 07:34:13","AU","not found",,,,,,,
"2026-09-22 07:34:23","AU","not found",,,,,,,
"2026-09-22 07:34:33","AU","not found",,,,,,,
"2026-09-22 07:34:43","AU","not found",,,,,,,
"2026-09-22 07:34:53","AU","not found",,,,,,,
"2026-09-22 07:35:03","AU","not found",,,,,,,
"2026-09-22 07:35:13","AU","not found",,,,,,,
"2026-09-22 07:35:23","AU","not found",,,,,,,
"2026-09-22 07:35:33","AU","not found",,,,,,,
"2026-09-22 07:35:43","AU","not found",,,,,,,
"2026-09-22 07:35:53","AU","not found",,,,,,,
"2026-09-22 07:36:03","AU","not found",,,,,,,
"2026-09-22 07:36:13","AU","not found",,,,,,,
"2026-09-22 07:36:23","AU","not found",,,,,,,
"2026-09-22 07:36:33","AU","not found",,,,,,,
"2026-09-22 07:36:43","AU","not found",,,,,,,
"2026-09-22 07:36:53","AU","not found",,,,,,,
"2026-09-22 07:37:03","AU","not found",,,,,,,
"2026-09-22 07:37:13","AU","not found",,,,,,,
"2026-09-22 07:37:23","AU","not found",,,,,,,
"2026-09-22 07:37:33","AU","not found",,,,,,,
"2026-09-22 07:37:43","AU","not found",,,,,,,
"2026-09-22 07:37:53","AU","not found",,,,,,,
"2026-09-22 07:38:03","AU","not found",,,,,,,
"2026-09-22 07:38:13","AU","not found",,,,,,,
"2026-09-22 07:38:23","AU","not found",,,,,,,
"2026-09-22 07:38:33","AU","not found",,,,,,,
"2026-09-22 07:38:43","AU","not found",,,,,,,
"2026-09-22 07:38:53","AU","not found",,,,,,,
"2026-09-22 07:39:03","AU","not found",,,,,,,
"2026-09-22 07:39:13","AU","not found",,,,,,,
"2026-09-22 07:39:23","AU","not found",,,,,,,
"2026-09-22 07:39:33","AU","not found",,,,,,,
"2026-09-22 07:39:43","AU","not found",,,,,,,
"2026-09-22 07:39:53","AU","not found",,,,,,,
"2026-09-22 07:40:03","AU","not found",,,,,,,
"2026-09-22 07:40:13","AU","not found",,,,,,,
"2026-09-22 07:40:23","AU","not found",,,,,,,
"2026-09-22 07:40:33","AU","not found",,,,,,,
"2026-09-22 07:40:43","AU","not found",,,,,,,
"2026-09-22 07:40:53","AU","not found",,,,,,,
"2026-09-22 07:41:03","AU","not found",,,,,,,
"2026-09-22 07:41:13","AU","not found",,,,,,,
"2026-09-22 07:41:23","AU","not found",,,,,,,
"2026-09-22 07:41:33","AU","not found",,,,,,,
"2026-09-22 07:41:44","AU","not found",,,,,,,
"2026-09-22 07:41:54","AU","not found",,,,,,,
"2026-09-22 07:42:04","AU","not found",,,,,,,
"2026-09-22 07:42:14","AU","not found",,,,,,,
"2026-09-22 07:42:24","AU","not found",,,,,,,
"2026-09-22 07:42:34","AU","not found",,,,,,,
"2026-09-22 07:42:44","AU","not found",,,,,,,
"2026-09-22 07:42:54","AU","not found",,,,,,,
"2026-09-22 07:43:04","AU","not found",,,,,,,
"2026-09-22 07:43:14","AU","not found",,,,,,,
"2026-09-22 07:43:24","AU","not found",,,,,,,
"2026-09-22 07:43:34","AU","not found",,,,,,,
"2026-09-22 07:43:44","AU","not found",,,,,,,
"2026-09-22 07:43:54","AU","not found",,,,,,,
"2026-09-22 07:44:04","AU","not found",,,,,,,
"2026-09-22 07:44:14","AU","not found",,,,,,,
"2026-09-22 07:44:24","AU","not found",,,,,,,
"2026-09-22 07:44:34","AU","not found",,,,,,,
"2026-09-22 07:44:44","AU","not found",,,,,,,
"2026-09-22 07:44:54","AU","not found",,,,,,,
"2026-09-22 07:45:04","AU","not found",,,,,,,
"2026-09-22 07:45:14","AU","not found",,,,,,,
"2026-09-22 07:45:24","AU","not found",,,,,,,
"2026-09-22 07:45:34","AU","not found",,,,,,,
"2026-09-22 07:45:44","AU","not found",,,,,,,
"2026-09-22 07:45:54","AU","not found",,,,,,,
"2026-09-22 07:46:04","AU","not found",,,,,,,
"2026-09-22 07:46:14","AU","not found",,,,,,,
"2026-09-22 07:46:24","AU","not found",,,,,,,
"2026-09-22 07:46:34","AU","not found",,,,,,,
"2026-09-22 07:46:44","AU","not found",,,,,,,
"2026-09-22 07:46:54","AU","not found",,,,,,,
"2026-09-22 07:47:04","AU","not found",,,,,,,
"2026-09-22 07:47:14","AU","not found",,,,,,,
"2026-09-22 07:47:24","AU","not found",,,,,,,
"2026-09-22 07:47:34","AU","not found",,,,,,,
"2026-09-22 07:47:44","AU","not found",,,,,,,
"2026-09-22 07:47:54","AU","not found",,,,,,,
"2026-09-22 07:48:04","AU","not found",,,,,,,
"2026-09-22 07:48:14","AU","not found",,,,,,,
"2026-09-22 07:48:24","AU","not found",,,,,,,
"2026-09-22 07:48:34","AU","not found",,,,,,,
"2026-09-22 07:48:44","AU","not found",,,,,,,
"2026-09-22 07:48:54","AU","not found",,,,,,,
"2026-09-22 07:49:04","AU","not found",,,,,,,
"2026-09-22 07:49:14","AU","not found",,,,,,,
"2026-09-22 07:49:24","AU","not found",,,,,,,
"2026-09-22 07:49:34","AU","not found",,,,,,,
"2026-09-22 07:49:44","AU","not found",,,,,,,
"2026-09-22 07:49:54","AU","not found",,,,,,,
"2026-09-22 07:50:04","AU","not found",,,,,,,
"2026-09-22 07:50:14","AU","not found",,,,,,,
"2026-09-22 07:50:24","AU","not found",,,,,,,
"2026-09-22 07:50:34","AU","not found",,,,,,,
"2026-09-22 07:50:44","AU","not found",,,,,,,
"2026-09-22 07:50:55","AU","not found",,,,,,,
"2026-09-22 07:51:05","AU","not found",,,,,,,
"2026-09-22 07:51:15","AU","not found",,,,,,,
"2026-09-22 07:51:25","AU","not found",,,,,,,
"2026-09-22 07:51:35","AU","not found",,,,,,,
"2026-09-22 07:51:45","AU","not found",,,,,,,
"2026-09-22 07:51:55","AU","not found",,,,,,,
"2026-09-22 07:52:05","AU","not found",,,,,,,
"2026-09-22 07:52:15","AU","not found",,,,,,,
"2026-09-22 07:52:25","AU","not found",,,,,,,
"2026-09-22 07:52:35","AU","not found",,,,,,,
"2026-09-22 07:52:45","AU","not found",,,,,,,
"2026-09-22 07:52:55","AU","not found",,,,,,,
"2026-09-22 07:53:05","AU","not found",,,,,,,
"2026-09-22 07:53:15","AU","not found",,,,,,,
"2026-09-22 07:53:25","AU","not found",,,,,,,
"2026-09-22 07:53:35","AU","not found",,,,,,,
"2026-09-22 07:53:45","AU","not found",,,,,,,
"2026-09-22 07:53:55","AU","not found",,,,,,,
"2026-09-22 07:54:05","AU","not found",,,,,,,
"2026-09-22 07:54:15","AU","not found",,,,,,,
"2026-09-22 07:54:25","AU","not found",,,,,,,
"2026-09-22 07:54:35","AU","not found",,,,,,,
"2026-09-22 07:54:45","AU","not found",,,,,,,
"2026-09-22 07:54:55","AU","not found",,,,,,,
"2026-09-22 07:55:05","AU","not found",,,,,,,
"2026-09-22 07:55:15","AU","not found",,,,,,,
"2026-09-22 07:55:25","AU","not found",,,,,,,
"2026-09-22 07:55:35","AU","not found",,,,,,,
"2026-09-22 07:55:45","AU","not found",,,,,,,
"2026-09-22 07:55:55","AU","not found",,,,,,,
"2026-09-22 07:56:05","AU","not found",,,,,,,
"2026-09-22 07:56:15","AU","not found",,,,,,,
"2026-09-22 07:56:25","AU","not found",,,,,,,
"2026-09-22 07:56:35","AU","not found",,,,,,,
"2026-09-22 07:56:45","AU","not found",,,,,,,
"2026-09-22 07:56:55","AU","not found",,,,,,,
"2026-09-22 07:57:05","AU","not found",,,,,,,
"2026-09-22 07:57:15","AU","not found",,,,,,,
"2026-09-22 07:57:25","AU","not found",,,,,,,
"2026-09-22 07:57:35","AU","not found",,,,,,,
"2026-09-22 07:57:45","AU","not found",,,,,,,
"2026-09-22 07:57:55","AU","not found",,,,,,,
"2026-09-22 07:58:05","AU","not found",,,,,,,
"2026-09-22 07:58:15","AU","not found",,,,,,,
"2026-09-22 07:58:26","AU","not found",,,,,,,
"2026-09-22 07:58:36","AU","not found",,,,,,,
"2026-09-22 07:58:46","AU","not found",,,,,,,
"2026-09-22 07:58:56","AU","not found",,,,,,,
"2026-09-22 07:59:06","AU","not found",,,,,,,
"2026-09-22 07:59:16","AU","not found",,,,,,,
"2026-09-22 07:59:26","AU","not found",,,,,,,
"2026-09-22 07:59:36","AU","not found",,,,,,,
"2026-09-22 07:59:46","AU","not found",,,,,,,
"2026-09-22 07:59:56","AU","not found",,,,,,,
"2026-09-22 08:00:06","AU","not found",,,,,,,
"2026-09-22 08:00:16","AU","not found",,,,,,,
"2026-09-22 08:00:26","AU","not found",,,,,,,
"2026-09-22 08:00:36","AU","not found",,,,,,,
"2026-09-22 08:00:46","AU","not found",,,,,,,
"2026-09-22 08:00:56","AU","not found",,,,,,,
"2026-09-22 08:01:06","AU","not found",,,,,,,
"2026-09-22 08:01:16","AU","not found",,,,,,,
"2026-09-22 08:01:26","AU","not found",,,,,,,
"2026-09-22 08:01:36","AU","not found",,,,,,,
"2026-09-22 08:01:46","AU","not found",,,,,,,
"2026-09-22 08:01:56","AU","not found",,,,,,,
"2026-09-22 08:02:06","AU","not found",,,,,,,
"2026-09-22 08:02:16","AU","not found",,,,,,,
"2026-09-22 08:02:26","AU","not found",,,,,,,
"2026-09-22 08:02:36","AU","not found",,,,,,,
"2026-09-22 08:02:46","AU","not found",,,,,,,
"2026-09-22 08:02:56","AU","not found",,,,,,,
"2026-09-22 08:03:06","AU","not found",,,,,,,
"2026-09-22 08:03:16","AU","not found",,,,,,,
"2026-09-22 08:03:26","AU","not found",,,,,,,
"2026-09-22 08:03:36","AU","not found",,,,,,,
"2026-09-22 08:03:46","AU","not found",,,,,,,
"2026-09-22 08:03:56","AU","not found",,,,,,,
"2026-09-22 08:04:06","AU","not found",,,,,,,
"2026-09-22 08:04:16","AU","not found",,,,,,,
"2026-09-22 08:04:26","AU","not found",,,,,,,
"2026-09-22 08:04:36","AU","not found",,,,,,,
"2026-09-22 08:04:46","AU","not found",,,,,,,
"2026-09-22 08:04:56","AU","not found",,,,,,,
"2026-09-22 08:05:06","AU","not found",,,,,,,
"2026-09-22 08:05:16","AU","not found",,,,,,,
"2026-09-22 08:05:26","AU","not found",,,,,,,
"2026-09-22 08:05:36","AU","not found",,,,,,,
"2026-09-22 08:05:46","AU","not found",,,,,,,
"2026-09-22 08:05:56","AU","not found",,,,,,,
"2026-09-22 08:06:07","AU","not found",,,,,,,
"2026-09-22 08:06:17","AU","not found",,,,,,,
"2026-09-22 08:06:27","AU","not found",,,,,,,
"2026-09-22 08:06:37","AU","not found",,,,,,,
"2026-09-22 08:06:47","AU","not found",,,,,,,
"2026-09-22 08:06:57","AU","not found",,,,,,,
"2026-09-22 08:07:07","AU","not found",,,,,,,
"2026-09-22 08:07:17","AU","not found",,,,,,,
"2026-09-22 08:07:27","AU","not found",,,,,,,
"2026-09-22 08:07:37","AU","not found",,,,,,,
"2026-09-22 08:07:47","AU","not found",,,,,,,
"2026-09-22 08:07:57","AU","not found",,,,,,,
"2026-09-22 08:08:07","AU","not found",,,,,,,
"2026-09-22 08:08:17","AU","not found",,,,,,,
"2026-09-22 08:08:27","AU","not found",,,,,,,
"2026-09-22 08:08:37","AU","not found",,,,,,,
"2026-09-22 08:08:47","AU","not found",,,,,,,
"2026-09-22 08:08:57","AU","not found",,,,,,,
"2026-09-22 08:09:07","AU","not found",,,,,,,
"2026-09-22 08:09:17","AU","not found",,,,,,,
"2026-09-22 08:09:27","AU","not found",,,,,,,
"2026-09-22 08:09:37","AU","not found",,,,,,,
"2026-09-22 08:09:47","AU","not found",,,,,,,
"2026-09-22 08:09:57","AU","not found",,,,,,,
"2026-09-22 08:10:07","AU","not found",,,,,,,
"2026-09-22 08:10:17","AU","not found",,,,,,,
"2026-09-22 08:10:27","AU","not found",,,,,,,
"2026-09-22 08:10:37","AU","not found",,,,,,,
"2026-09-22 08:10:47","AU","not found",,,,,,,
"2026-09-22 08:10:57","AU","not found",,,,,,,
"2026-09-22 08:11:07","AU","not found",,,,,,,
"2026-09-22 08:11:17","AU","not found",,,,,,,
"2026-09-22 08:11:27","AU","not found",,,,,,,
"2026-09-22 08:11:37","AU","not found",,,,,,,
"2026-09-22 08:11:47","AU","not found",,,,,,,
"2026-09-22 08:11:57","AU","not found",,,,,,,
"2026-09-22 08:12:07","AU","not found",,,,,,,
"2026-09-22 08:12:17","AU","not found",,,,,,,
"2026-09-22 08:12:27","AU","not found",,,,,,,
"2026-09-22 08:12:37","AU","not found",,,,,,,
"2026-09-22 08:12:47","AU","not found",,,,,,,
"2026-09-22 08:12:57","AU","not found",,,,,,,
"2026-09-22 08:13:07","AU","not found",,,,,,,
"2026-09-22 08:13:17","AU","not found",,,,,,,
"2026-09-22 08:13:27","AU","not found",,,,,,,
"2026-09-22 08:13:37","AU","not found",,,,,,,
"2026-09-22 08:13:47","AU","not found",,,,,,,
"2026-09-22 08:13:58","AU","not found",,,,,,,
"2026-09-22 08:14:08","AU","not found",,,,,,,
"2026-09-22 08:14:18","AU","not found",,,,,,,
"2026-09-22 08:14:28","AU","not found",,,,,,,
"2026-09-22 08:14:38","AU","not found",,,,,,,
"2026-09-22 08:14:48","AU","not found",,,,,,,
"2026-09-22 08:14:58","AU","not found",,,,,,,
"2026-09-22 08:15:08","AU","not found",,,,,,,
"2026-09-22 08:15:18","AU","not found",,,,,,,
"2026-09-22 08:15:28","AU","not found",,,,,,,
"2026-09-22 08:15:38","AU","not found",,,,,,,
"2026-09-22 08:15:48","AU","not found",,,,,,,
"2026-09-22 08:15:58","AU","not found",,,,,,,
"2026-09-22 08:16:08","AU","not found",,,,,,,
"2026-09-22 08:16:18","AU","not found",,,,,,,
"2026-09-22 08:16:28","AU","not found",,,,,,,
"2026-09-22 08:16:38","AU","not found",,,,,,,
"2026-09-22 08:16:48","AU","not found",,,,,,,
"2026-09-22 08:16:58","AU","not found",,,,,,,
"2026-09-22 08:17:08","AU","not found",,,,,,,
"2026-09-22 08:17:18","AU","not found",,,,,,,
"2026-09-22 08:17:28","AU","not found",,,,,,,
"2026-09-22 08:17:38","AU","not found",,,,,,,
"2026-09-22 08:17:48","AU","not found",,,,,,,
"2026-09-22 08:17:58","AU","not found",,,,,,,
"2026-09-22 08:18:08","AU","not found",,,,,,,
"2026-09-22 08:18:18","AU","not found",,,,,,,
"2026-09-22 08:18:28","AU","not found",,,,,,,
"2026-09-22 08:18:38","AU","not found",,,,,,,
"2026-09-22 08:18:48","AU","not found",,,,,,,
"2026-09-22 08:18:58","AU","not found",,,,,,,
"2026-09-22 08:19:08","AU","not found",,,,,,,
"2026-09-22 08:19:18","AU","not found",,,,,,,
"2026-09-22 08:19:28","AU","not found",,,,,,,
"2026-09-22 08:19:38","AU","not found",,,,,,,
"2026-09-22 08:19:48","AU","not found",,,,,,,
"2026-09-22 08:19:58","AU","not found",,,,,,,
"2026-09-22 08:20:08","AU","not found",,,,,,,
"2026-09-22 08:20:18","AU","not found",,,,,,,
"2026-09-22 08:20:28","AU","not found",,,,,,,
"2026-09-22 08:20:38","AU","not found",,,,,,,
"2026-09-22 08:20:48","AU","not found",,,,,,,
"2026-09-22 08:20:58","AU","not found",,,,,,,
"2026-09-22 08:21:08","AU","not found",,,,,,,
"2026-09-22 08:21:18","AU","not found",,,,,,,
"2026-09-22 08:21:28","AU","not found",,,,,,,
"2026-09-22 08:21:38","AU","not found",,,,,,,
"2026-09-22 08:21:48","AU","not found",,,,,,,
"2026-09-22 08:21:58","AU","not found",,,,,,,
"2026-09-22 08:22:08","AU","not found",,,,,,,
"2026-09-22 08:22:18","AU","not found",,,,,,,
"2026-09-22 08:22:29","AU","not found",,,,,,,
"2026-09-22 08:22:39","AU","not found",,,,,,,
"2026-09-22 08:22:49","AU","not found",,,,,,,
"2026-09-22 08:22:59","AU","not found",,,,,,,
"2026-09-22 08:23:09","AU","not found",,,,,,,
"2026-09-22 08:23:19","AU","not found",,,,,,,
"2026-09-22 08:23:29","AU","not found",,,,,,,
"2026-09-22 08:23:39","AU","not found",,,,,,,
"2026-09-22 08:23:49","AU","not found",,,,,,,
"2026-09-22 08:23:59","AU","not found",,,,,,,
"2026-09-22 08:24:09","AU","not found",,,,,,,
"2026-09-22 08:24:19","AU","not found",,,,,,,
"2026-09-22 08:24:29","AU","not found",,,,,,,
"2026-09-22 08:24:39","AU","not found",,,,,,,
"2026-09-22 08:24:49","AU","not found",,,,,,,
"2026-09-22 08:24:59","AU","not found",,,,,,,
"2026-09-22 08:25:09","AU","not found",,,,,,,
"2026-09-22 08:25:19","AU","not found",,,,,,,
"2026-09-22 08:25:29","AU","not found",,,,,,,
"2026-09-22 08:25:39","AU","not found",,,,,,,
"2026-09-22 08:25:49","AU","not found",,,,,,,
"2026-09-22 08:25:59","AU","not found",,,,,,,
"2026-09-22 08:26:09","AU","not found",,,,,,,
"2026-09-22 08:26:19","AU","not found",,,,,,,
"2026-09-22 08:26:29","AU","not found",,,,,,,
"2026-09-22 08:26:39","AU","not found",,,,,,,
"2026-09-22 08:26:49","AU","not found",,,,,,,
"2026-09-22 08:26:59","AU","not found",,,,,,,
"2026-09-22 08:27:09","AU","not found",,,,,,,
"2026-09-22 08:27:19","AU","not found",,,,,,,
"2026-09-22 08:27:29","AU","not found",,,,,,,
"2026-09-22 08:27:39","AU","not found",,,,,,,
"2026-09-22 08:27:49","AU","not found",,,,,,,
"2026-09-22 08:27:59","AU","not found",,,,,,,
"2026-09-22 08:28:09","AU","not found",,,,,,,
"2026-09-22 08:28:19","AU","not found",,,,,,,
"2026-09-22 08:28:29","AU","not found",,,,,,,
"2026-09-22 08:28:39","AU","not found",,,,,,,
"2026-09-22 08:28:49","AU","not found",,,,,,,
"2026-09-22 08:28:59","AU","not found",,,,,,,
"2026-09-22 08:29:09","AU","not found",,,,,,,
"2026-09-22 08:29:19","AU","not found",,,,,,,
"2026-09-22 08:29:29","AU","not found",,,,,,,
"2026-09-22 08:29:39","AU","not found",,,,,,,
"2026-09-22 08:29:49","AU","not found",,,,,,,
"2026-09-22 08:29:59","AU","not found",,,,,,,
"2026-09-22 08:30:10","AU","not found",,,,,,,
"2026-09-22 08:30:20","AU","not found",,,,,,,
"2026-09-22 08:30:30","AU","not found",,,,,,,
"2026-09-22 08:30:40","AU","not found",,,,,,,
"2026-09-22 08:30:50","AU","not found",,,,,,,
"2026-09-22 08:31:00","AU","not found",,,,,,,
"2026-09-22 08:31:10","AU","not found",,,,,,,
"2026-09-22 08:31:20","AU","not found",,,,,,,
"2026-09-22 08:31:30","AU","not found",,,,,,,
"2026-09-22 08:31:40","AU","not found",,,,,,,
"2026-09-22 08:31:50","AU","not found",,,,,,,
"2026-09-22 08:32:00","AU","not found",,,,,,,
"2026-09-22 08:32:10","AU","not found",,,,,,,
"2026-09-22 08:32:20","AU","not found",,,,,,,
"2026-09-22 08:32:30","AU","not found",,,,,,,
"2026-09-22 08:32:40","AU","not found",,,,,,,
"2026-09-22 08:32:50","AU","not found",,,,,,,
"2026-09-22 08:33:00","AU","not found",,,,,,,
"2026-09-22 08:33:10","AU","not found",,,,,,,
"2026-09-22 08:33:20","AU","not found",,,,,,,
"2026-09-22 08:33:30","AU","not found",,,,,,,
"2026-09-22 08:33:40","AU","not found",,,,,,,
"2026-09-22 08:33:50","AU","not found",,,,,,,
"2026-09-22 08:34:00","AU","not found",,,,,,,
"2026-09-22 08:34:10","AU","not found",,,,,,,
"2026-09-22 08:34:20","AU","not found",,,,,,,
"2026-09-22 08:34:30","AU","not found",,,,,,,
"2026-09-22 08:34:40","AU","not found",,,,,,,
"2026-09-22 08:34:50","AU","not found",,,,,,,
"2026-09-22 08:35:00","AU","not found",,,,,,,
"2026-09-22 08:35:10","AU","not found",,,,,,,
"2026-09-22 08:35:20","AU","not found",,,,,,,
"2026-09-22 08:35:30","AU","not found",,,,,,,
"2026-09-22 08:35:40","AU","not found",,,,,,,
"2026-09-22 08:35:50","AU","not found",,,,,,,
"2026-09-22 08:36:00","AU","not found",,,,,,,
"2026-09-22 08:36:10","AU","not found",,,,,,,
"2026-09-22 08:36:20","AU","not found",,,,,,,
"2026-09-22 08:36:30","AU","not found",,,,,,,
"2026-09-22 08:36:40","AU","not found",,,,,,,
"2026-09-22 08:36:50","AU","not found",,,,,,,
"2026-09-22 08:37:00","AU","not found",,,,,,,
"2026-09-22 08:37:10","AU","not found",,,,,,,
"2026-09-22 08:37:20","AU","not found",,,,,,,
"2026-09-22 08:37:30","AU","not found",,,,,,,
"2026-09-22 08:37:41","AU","not found",,,,,,,
"2026-09-22 08:37:51","AU","not found",,,,,,,
"2026-09-22 08:38:01","AU","not found",,,,,,,
"2026-09-22 08:38:11","AU","not found",,,,,,,
"2026-09-22 08:38:21","AU","not found",,,,,,,
"2026-09-22 08:38:31","AU","not found",,,,,,,
"2026-09-22 08:38:41","AU","not found",,,,,,,
"2026-09-22 08:38:51","AU","not found",,,,,,,
"2026-09-22 08:39:01","AU","not found",,,,,,,
"2026-09-22 08:39:11","AU","not found",,,,,,,
"2026-09-22 08:39:21","AU","not found",,,,,,,
"2026-09-22 08:39:31","AU","not found",,,,,,,
"2026-09-22 08:39:41","AU","not found",,,,,,,
"2026-09-22 08:39:51","AU","not found",,,,,,,
"2026-09-22 08:40:01","AU","not found",,,,,,,
"2026-09-22 08:40:11","AU","not found",,,,,,,
"2026-09-22 08:40:21","AU","not found",,,,,,,
"2026-09-22 08:40:31","AU","not found",,,,,,,
"2026-09-22 08:40:41","AU","not found",,,,,,,
"2026-09-22 08:40:51","AU","not found",,,,,,,
"2026-09-22 08:41:01","AU","not found",,,,,,,
"2026-09-22 08:41:11","AU","not found",,,,,,,
"2026-09-22 08:41:21","AU","not found",,,,,,,
"2026-09-22 08:41:31","AU","not found",,,,,,,
"2026-09-22 08:41:41","AU","not found",,,,,,,
"2026-09-22 08:41:51","AU","not found",,,,,,,
"2026-09-22 08:42:01","AU","not found",,,,,,,
"2026-09-22 08:42:11","AU","not found",,,,,,,
"2026-09-22 08:42:21","AU","not found",,,,,,,
"2026-09-22 08:42:31","AU","not found",,,,,,,
"2026-09-22 08:42:41","AU","not found",,,,,,,
"2026-09-22 08:42:51","AU","not found",,,,,,,
"2026-09-22 08:43:01","AU","not found",,,,,,,
"2026-09-22 08:43:11","AU","not found",,,,,,,
"2026-09-22 08:43:21","AU","not found",,,,,,,
"2026-09-22 08:43:31","AU","not found",,,,,,,
"2026-09-22 08:43:41","AU","not found",,,,,,,
"2026-09-22 08:43:51","AU","not found",,,,,,,
"2026-09-22 08:44:01","AU","not found",,,,,,,
"2026-09-22 08:44:11","AU","not found",,,,,,,
"2026-09-22 08:44:21","AU","not found",,,,,,,
"2026-09-22 08:44:31","AU","not found",,,,,,,
"2026-09-22 08:44:41","AU","not found",,,,,,,
"2026-09-22 08:44:51","AU","not found",,,,,,,
"2026-09-22 08:45:02","AU","not found",,,,,,,
"2026-09-22 08:45:12","AU","not found",,,,,,,
"2026-09-22 08:45:22","AU","not found",,,,,,,
"2026-09-22 08:45:32","AU","not found",,,,,,,
"2026-09-22 08:45:42","AU","not found",,,,,,,
"2026-09-22 08:45:52","AU","not found",,,,,,,
"2026-09-22 08:46:02","AU","not found",,,,,,,
"2026-09-22 08:46:12","AU","not found",,,,,,,
"2026-09-22 08:46:22","AU","not found",,,,,,,
"2026-09-22 08:46:32","AU","not found",,,,,,,
"2026-09-22 08:46:42","AU","not found",,,,,,,
"2026-09-22 08:46:52","AU","not found",,,,,,,
"2026-09-22 08:47:02","AU","not found",,,,,,,
"2026-09-22 08:47:12","AU","not found",,,,,,,
"2026-09-22 08:47:22","AU","not found",,,,,,,
"2026-09-22 08:47:32","AU","not found",,,,,,,
"2026-09-22 08:47:42","AU","not found",,,,,,,
"2026-09-22 08:47:52","AU","not found",,,,,,,
"2026-09-22 08:48:02","AU","not found",,,,,,,
"2026-09-22 08:48:12","AU","not found",,,,,,,
"2026-09-22 08:48:22","AU","not found",,,,,,,
"2026-09-22 08:48:32","AU","not found",,,,,,,
"2026-09-22 08:48:42","AU","not found",,,,,,,
"2026-09-22 08:48:52","AU","not found",,,,,,,
"2026-09-22 08:49:02","AU","not found",,,,,,,
"2026-09-22 08:49:12","AU","not found",,,,,,,
"2026-09-22 08:49:22","AU","not found",,,,,,,
"2026-09-22 08:49:32","AU","not found",,,,,,,
"2026-09-22 08:49:42","AU","not found",,,,,,,
"2026-09-22 08:49:52","AU","not found",,,,,,,
"2026-09-22 08:50:02","AU","not found",,,,,,,
"2026-09-22 08:50:12","AU","not found",,,,,,,
"2026-09-22 08:50:22","AU","not found",,,,,,,
"2026-09-22 08:50:32","AU","not found",,,,,,,
"2026-09-22 08:50:42","AU","not found",,,,,,,
"2026-09-22 08:50:52","AU","not found",,,,,,,
"2026-09-22 08:51:02","AU","not found",,,,,,,
"2026-09-22 08:51:12","AU","not found",,,,,,,
"2026-09-22 08:51:22","AU","not found",,,,,,,
"2026-09-22 08:51:32","AU","not found",,,,,,,
"2026-09-22 08:51:42","AU","not found",,,,,,,
"2026-09-22 08:51:52","AU","not found",,,,,,,
"2026-09-22 08:52:02","AU","not found",,,,,,,
"2026-09-22 08:52:12","AU","not found",,,,,,,
"2026-09-22 08:52:22","AU","not found",,,,,,,
"2026-09-22 08:52:32","AU","not found",,,,,,,
"2026-09-22 08:52:42","AU","not found",,,,,,,
"2026-09-22 08:52:53","AU","not found",,,,,,,
"2026-09-22 08:53:03","AU","not found",,,,,,,
"2026-09-22 08:53:13","AU","not found",,,,,,,
"2026-09-22 08:53:23","AU","not found",,,,,,,
"2026-09-22 08:53:33","AU","not found",,,,,,,
"2026-09-22 08:53:43","AU","not found",,,,,,,
"2026-09-22 08:53:53","AU","not found",,,,,,,
"2026-09-22 08:54:03","AU","not found",,,,,,,
"2026-09-22 08:54:13","AU","not found",,,,,,,
"2026-09-22 08:54:23","AU","not found",,,,,,,
"2026-09-22 08:54:33","AU","not found",,,,,,,
"2026-09-22 08:54:43","AU","not found",,,,,,,
"2026-09-22 08:54:53","AU","not found",,,,,,,
"2026-09-22 08:55:03","AU","not found",,,,,,,
"2026-09-22 08:55:13","AU","not found",,,,,,,
"2026-09-22 08:55:23","AU","not found",,,,,,,
"2026-09-22 08:55:33","AU","not found",,,,,,,
"2026-09-22 08:55:43","AU","not found",,,,,,,
"2026-09-22 08:55:53","AU","not found",,,,,,,
"2026-09-22 08:56:03","AU","not found",,,,,,,
"2026-09-22 08:56:13","AU","not found",,,,,,,
"2026-09-22 08:56:23","AU","not found",,,,,,,
"2026-09-22 08:56:33","AU","not found",,,,,,,
"2026-09-22 08:56:43","AU","not found",,,,,,,
"2026-09-22 08:56:53","AU","not found",,,,,,,
"2026-09-22 08:57:03","AU","not found",,,,,,,
"2026-09-22 08:57:13","AU","not found",,,,,,,
"2026-09-22 08:57:23","AU","not found",,,,,,,
"2026-09-22 08:57:33","AU","not found",,,,,,,
"2026-09-22 08:57:43","AU","not found",,,,,,,
"2026-09-22 08:57:53","AU","not found",,,,,,,
"2026-09-22 08:58:03","AU","not found",,,,,,,
"2026-09-22 08:58:13","AU","not found",,,,,,,
"2026-09-22 08:58:23","AU","not found",,,,,,,
"2026-09-22 08:58:33","AU","not found",,,,,,,
"2026-09-22 08:58:43","AU","not found",,,,,,,
"2026-09-22 08:58:53","AU","not found",,,,,,,
"2026-09-22 08:59:03","AU","not found",,,,,,,
"2026-09-22 08:59:13","AU","not found",,,,,,,
"2026-09-22 08:59:23","AU","not found",,,,,,,
"2026-09-22 08:59:33","AU","not found",,,,,,,
"2026-09-22 08:59:43","AU","not found",,,,,,,
"2026-09-22 08:59:53","AU","not found",,,,,,,
"2026-09-22 09:00:03","AU","not found",,,,,,,
"2026-09-22 09:00:13","AU","not found",,,,,,,
"2026-09-22 09:00:24","AU","not found",,,,,,,
"2026-09-22 09:00:34","AU","not found",,,,,,,
"2026-09-22 09:00:44","AU","not found",,,,,,,
"2026-09-22 09:00:54","AU","not found",,,,,,,
"2026-09-22 09:01:04","AU","not found",,,,,,,
"2026-09-22 09:01:14","AU","not found",,,,,,,
"2026-09-22 09:01:24","AU","not found",,,,,,,
"2026-09-22 09:01:34","AU","not found",,,,,,,
"2026-09-22 09:01:44","AU","not found",,,,,,,
"2026-09-22 09:01:54","AU","not found",,,,,,,
"2026-09-22 09:02:04","AU","not found",,,,,,,
"2026-09-22 09:02:14","AU","not found",,,,,,,
"2026-09-22 09:02:24","AU","not found",,,,,,,
"2026-09-22 09:02:34","AU","not found",,,,,,,
"2026-09-22 09:02:44","AU","not found",,,,,,,
"2026-09-22 09:02:54","AU","not found",,,,,,,
"2026-09-22 09:03:04","AU","not found",,,,,,,
"2026-09-22 09:03:14","AU","not found",,,,,,,
"2026-09-22 09:03:24","AU","not found",,,,,,,
"2026-09-22 09:03:34","AU","not found",,,,,,,
"2026-09-22 09:03:44","AU","not found",,,,,,,
"2026-09-22 09:03:54","AU","not found",,,,,,,
"2026-09-22 09:04:04","AU","not found",,,,,,,
"2026-09-22 09:04:14","AU","not found",,,,,,,
"2026-09-22 09:04:24","AU","not found",,,,,,,
"2026-09-22 09:04:34","AU","not found",,,,,,,
"2026-09-22 09:04:44","AU","not found",,,,,,,
"2026-09-22 09:04:54","AU","not found",,,,,,,
"2026-09-22 09:05:04","AU","not found",,,,,,,
"2026-09-22 09:05:14","AU","not found",,,,,,,
"2026-09-22 09:05:24","AU","not found",,,,,,,
"2026-09-22 09:05:34","AU","not found",,,,,,,
"2026-09-22 09:05:44","AU","not found",,,,,,,
"2026-09-22 09:05:54","AU","not found",,,,,,,
"2026-09-22 09:06:04","AU","not found",,,,,,,
"2026-09-22 09:06:14","AU","not found",,,,,,,
"2026-09-22 09:06:24","AU","not found",,,,,,,
"2026-09-22 09:06:34","AU","not found",,,,,,,
"2026-09-22 09:06:44","AU","not found",,,,,,,
"2026-09-22 09:06:54","AU","not found",,,,,,,
"2026-09-22 09:07:04","AU","not found",,,,,,,
"2026-09-22 09:07:14","AU","not found",,,,,,,
"2026-09-22 09:07:24","AU","not found",,,,,,,
"2026-09-22 09:07:34","AU","not found",,,,,,,
"2026-09-22 09:07:44","AU","not found",,,,,,,
"2026-09-22 09:07:54","AU","not found",,,,,,,
"2026-09-22 09:08:04","AU","not found",,,,,,,
"2026-09-22 09:08:14","AU","not found",,,,,,,
"2026-09-22 09:08:24","AU","not found",,,,,,,
"2026-09-22 09:08:34","AU","not found",,,,,,,
"2026-09-22 09:08:45","AU","not found",,,,,,,
"2026-09-22 09:08:55","AU","not found",,,,,,,
"2026-09-22 09:09:05","AU","not found",,,,,,,
"2026-09-22 09:09:15","AU","not found",,,,,,,
"2026-09-22 09:09:25","AU","not found",,,,,,,
"2026-09-22 09:09:35","AU","not found",,,,,,,
"2026-09-22 09:09:45","AU","not found",,,,,,,
"2026-09-22 09:09:55","AU","not found",,,,,,,
"2026-09-22 09:10:05","AU","not found",,,,,,,
"2026-09-22 09:10:15","AU","not found",,,,,,,
"2026-09-22 09:10:25","AU","not found",,,,,,,
"2026-09-22 09:10:35","AU","not found",,,,,,,
"2026-09-22 09:10:45","AU","not found",,,,,,,
"2026-09-22 09:10:55","AU","not found",,,,,,,
"2026-09-22 09:11:05","AU","not found",,,,,,,
"2026-09-22 09:11:15","AU","not found",,,,,,,
"2026-09-22 09:11:25","AU","not found",,,,,,,
"2026-09-22 09:11:35","AU","not found",,,,,,,
"2026-09-22 09:11:45","AU","not found",,,,,,,
"2026-09-22 09:11:55","AU","not found",,,,,,,
"2026-09-22 09:12:05","AU","not found",,,,,,,
"2026-09-22 09:12:15","AU","not found",,,,,,,
"2026-09-22 09:12:25","AU","not found",,,,,,,
"2026-09-22 09:12:35","AU","not found",,,,,,,
"2026-09-22 09:12:45","AU","not found",,,,,,,
"2026-09-22 09:12:55","AU","not found",,,,,,,
"2026-09-22 09:13:05","AU","not found",,,,,,,
"2026-09-22 09:13:15","AU","not found",,,,,,,
"2026-09-22 09:13:25","AU","not found",,,,,,,
"2026-09-22 09:13:35","AU","not found",,,,,,,
"2026-09-22 09:13:45","AU","not found",,,,,,,
"2026-09-22 09:13:55","AU","not found",,,,,,,
"2026-09-22 09:14:05","AU","not found",,,,,,,
"2026-09-22 09:14:15","AU","not found",,,,,,,
"2026-09-22 09:14:25","AU","not found",,,,,,,
"2026-09-22 09:14:35","AU","not found",,,,,,,
"2026-09-22 09:14:45","AU","not found",,,,,,,
"2026-09-22 09:14:55","AU","not found",,,,,,,
"2026-09-22 09:15:05","AU","not found",,,,,,,
"2026-09-22 09:15:15","AU","not found",,,,,,,
"2026-09-22 09:15:25","AU","not found",,,,,,,
"2026-09-22 09:15:35","AU","not found",,,,,,,
"2026-09-22 09:15:45","AU","not found",,,,,,,
"2026-09-22 09:15:55","AU","not found",,,,,,,
"2026-09-22 09:16:05","AU","not found",,,,,,,
"2026-09-22 09:16:15","AU","not found",,,,,,,
"2026-09-22 09:16:25","AU","not found",,,,,,,
"2026-09-22 09:16:35","AU","not found",,,,,,,
"2026-09-22 09:16:45","AU","not found",,,,,,,
"2026-09-22 09:16:55","AU","not found",,,,,,,
"2026-09-22 09:17:05","AU","not found",,,,,,,
"2026-09-22 09:17:15","AU","not found",,,,,,,
"2026-09-22 09:17:25","AU","not found",,,,,,,
"2026-09-22 09:17:35","AU","not found",,,,,,,
"2026-09-22 09:17:45","AU","not found",,,,,,,
"2026-09-22 09:17:56","AU","not found",,,,,,,
"2026-09-22 09:18:06","AU","not found",,,,,,,
"2026-09-22 09:18:16","AU","not found",,,,,,,
"2026-09-22 09:18:26","AU","not found",,,,,,,
"2026-09-22 09:18:36","AU","not found",,,,,,,
"2026-09-22 09:18:46","AU","not found",,,,,,,
"2026-09-22 09:18:56","AU","not found",,,,,,,
"2026-09-22 09:19:06","AU","not found",,,,,,,
"2026-09-22 09:19:16","AU","not found",,,,,,,
"2026-09-22 09:19:26","AU","not found",,,,,,,
"2026-09-22 09:19:36","AU","not found",,,,,,,
"2026-09-22 09:19:46","AU","not found",,,,,,,
"2026-09-22 09:19:56","AU","not found",,,,,,,
"2026-09-22 09:20:06","AU","not found",,,,,,,
"2026-09-22 09:20:16","AU","not found",,,,,,,
"2026-09-22 09:20:26","AU","not found",,,,,,,
"2026-09-22 09:20:36","AU","not found",,,,,,,
"2026-09-22 09:20:46","AU","not found",,,,,,,
"2026-09-22 09:20:56","AU","not found",,,,,,,
"2026-09-22 09:21:06","AU","not found",,,,,,,
"2026-09-22 09:21:16","AU","not found",,,,,,,
"2026-09-22 09:21:26","AU","not found",,,,,,,
"2026-09-22 09:21:36","AU","not found",,,,,,,
"2026-09-22 09:21:46","AU","not found",,,,,,,
"2026-09-22 09:21:56","AU","not found",,,,,,,
"2026-09-22 09:22:06","AU","not found",,,,,,,
"2026-09-22 09:22:16","AU","not found",,,,,,,
"2026-09-22 09:22:26","AU","not found",,,,,,,
"2026-09-22 09:22:36","AU","not found",,,,,,,
"2026-09-22 09:22:46","AU","not found",,,,,,,
"2026-09-22 09:22:56","AU","not found",,,,,,,
"2026-09-22 09:23:06","AU","not found",,,,,,,
"2026-09-22 09:23:16","AU","not found",,,,,,,
"2026-09-22 09:23:26","AU","not found",,,,,,,
"2026-09-22 09:23:36","AU","not found",,,,,,,
"2026-09-22 09:23:46","AU","not found",,,,,,,
"2026-09-22 09:23:56","AU","not found",,,,,,,
"2026-09-22 09:24:06","AU","not found",,,,,,,
"2026-09-22 09:24:16","AU","not found",,,,,,,
"2026-09-22 09:24:26","AU","not found",,,,,,,
"2026-09-22 09:24:36","AU","not found",,,,,,,
"2026-09-22 09:24:46","AU","not found",,,,,,,
"2026-09-22 09:24:56","AU","not found",,,,,,,
"2026-09-22 09:25:06","AU","not found",,,,,,,
"2026-09-22 09:25:16","AU","not found",,,,,,,
"2026-09-22 09:25:26","AU","not found",,,,,,,
"2026-09-22 09:25:37","AU","not found",,,,,,,
"2026-09-22 09:25:47","AU","not found",,,,,,,
"2026-09-22 09:25:57","AU","not found",,,,,,,
"2026-09-22 09:26:07","AU","not found",,,,,,,
"2026-09-22 09:26:17","AU","not found",,,,,,,
"2026-09-22 09:26:27","AU","not found",,,,,,,
"2026-09-22 09:26:37","AU","not found",,,,,,,
"2026-09-22 09:26:47","AU","not found",,,,,,,
"2026-09-22 09:26:57","AU","not found",,,,,,,
"2026-09-22 09:27:07","AU","not found",,,,,,,
"2026-09-22 09:27:17","AU","not found",,,,,,,
"2026-09-22 09:27:27","AU","not found",,,,,,,
"2026-09-22 09:27:37","AU","not found",,,,,,,
"2026-09-22 09:27:47","AU","not found",,,,,,,
"2026-09-22 09:27:57","AU","not found",,,,,,,
"2026-09-22 09:28:07","AU","not found",,,,,,,
"2026-09-22 09:28:17","AU","not found",,,,,,,
"2026-09-22 09:28:27","AU","not found",,,,,,,
"2026-09-22 09:28:37","AU","not found",,,,,,,
"2026-09-22 09:28:47","AU","not found",,,,,,,
"2026-09-22 09:28:57","AU","not found",,,,,,,
"2026-09-22 09:29:07","AU","not found",,,,,,,
"2026-09-22 09:29:17","AU","not found",,,,,,,
"2026-09-22 09:29:27","AU","not found",,,,,,,
"2026-09-22 09:29:37","AU","not found",,,,,,,
"2026-09-22 09:29:47","AU","not found",,,,,,,
"2026-09-22 09:29:57","AU","not found",,,,,,,
"2026-09-22 09:30:07","AU","not found",,,,,,,
"2026-09-22 09:30:17","AU","not found",,,,,,,
"2026-09-22 09:30:27","AU","not found",,,,,,,
"2026-09-22 09:30:37","AU","not found",,,,,,,
"2026-09-22 09:30:47","AU","not found",,,,,,,
"2026-09-22 09:30:57","AU","not found",,,,,,,
"2026-09-22 09:31:07","AU","not found",,,,,,,
"2026-09-22 09:31:17","AU","not found",,,,,,,
"2026-09-22 09:31:27","AU","not found",,,,,,,
"2026-09-22 09:31:37","AU","not found",,,,,,,
"2026-09-22 09:31:47","AU","not found",,,,,,,
"2026-09-22 09:31:57","AU","not found",,,,,,,
"2026-09-22 09:32:07","AU","not found",,,,,,,
"2026-09-22 09:32:17","AU","not found",,,,,,,
"2026-09-22 09:32:27","AU","not found",,,,,,,
"2026-09-22 09:32:37","AU","not found",,,,,,,
"2026-09-22 09:32:47","AU","not found",,,,,,,
"2026-09-22 09:32:57","AU","not found",,,,,,,
"2026-09-22 09:33:08","AU","not found",,,,,,,
"2026-09-22 09:33:18","AU","not found",,,,,,,
"2026-09-22 09:33:28","AU","not found",,,,,,,
"2026-09-22 09:33:38","AU","not found",,,,,,,
"2026-09-22 09:33:48","AU","not found",,,,,,,
"2026-09-22 09:33:58","AU","not found",,,,,,,
"2026-09-22 09:34:08","AU","not found",,,,,,,
"2026-09-22 09:34:18","AU","not found",,,,,,,
"2026-09-22 09:34:28","AU","not found",,,,,,,
"2026-09-22 09:34:38","AU","not found",,,,,,,
"2026-09-22 09:34:48","AU","not found",,,,,,,
"2026-09-22 09:34:58","AU","not found",,,,,,,
"2026-09-22 09:35:08","AU","not found",,,,,,,
"2026-09-22 09:35:18","AU","not found",,,,,,,
"2026-09-22 09:35:28","AU","not found",,,,,,,
"2026-09-22 09:35:38","AU","not found",,,,,,,
"2026-09-22 09:35:48","AU","not found",,,,,,,
"2026-09-22 09:35:58","AU","not found",,,,,,,
"2026-09-22 09:36:08","AU","not found",,,,,,,
"2026-09-22 09:36:18","AU","not found",,,,,,,
"2026-09-22 09:36:28","AU","not found",,,,,,,
"2026-09-22 09:36:38","AU","not found",,,,,,,
"2026-09-22 09:36:48","AU","not found",,,,,,,
"2026-09-22 09:36:58","AU","not found",,,,,,,
"2026-09-22 09:37:08","AU","not found",,,,,,,
"2026-09-22 09:37:18","AU","not found",,,,,,,
"2026-09-22 09:37:28","AU","not found",,,,,,,
"2026-09-22 09:37:38","AU","not found",,,,,,,
"2026-09-22 09:37:48","AU","not found",,,,,,,
"2026-09-22 09:37:58","AU","not found",,,,,,,
"2026-09-22 09:38:08","AU","not found",,,,,,,
"2026-09-22 09:38:18","AU","not found",,,,,,,
"2026-09-22 09:38:28","AU","not found",,,,,,,
"2026-09-22 09:38:38","AU","not found",,,,,,,
"2026-09-22 09:38:48","AU","not found",,,,,,,
"2026-09-22 09:38:58","AU","not found",,,,,,,
"2026-09-22 09:39:09","AU","not found",,,,,,,
"2026-09-22 09:39:19","AU","not found",,,,,,,
"2026-09-22 09:39:29","AU","not found",,,,,,,
"2026-09-22 09:39:39","AU","not found",,,,,,,
"2026-09-22 09:39:49","AU","not found",,,,,,,
"2026-09-22 09:40:00","AU","not found",,,,,,,
"2026-09-22 09:40:10","AU","not found",,,,,,,
"2026-09-22 09:40:20","AU","not found",,,,,,,
"2026-09-22 09:40:30","AU","not found",,,,,,,
"2026-09-22 09:40:40","AU","not found",,,,,,,
"2026-09-22 09:40:50","AU","not found",,,,,,,
"2026-09-22 09:41:00","AU","not found",,,,,,,
"2026-09-22 09:41:10","AU","not found",,,,,,,
"2026-09-22 09:41:20","AU","not found",,,,,,,
"2026-09-22 09:41:30","AU","not found",,,,,,,
"2026-09-22 09:41:40","AU","not found",,,,,,,
"2026-09-22 09:41:50","AU","not found",,,,,,,
"2026-09-22 09:42:00","AU","not found",,,,,,,
"2026-09-22 09:42:10","AU","not found",,,,,,,
"2026-09-22 09:42:20","AU","not found",,,,,,,
"2026-09-22 09:42:30","AU","not found",,,,,,,
"2026-09-22 09:42:40","AU","not found",,,,,,,
"2026-09-22 09:42:50","AU","not found",,,,,,,
"2026-09-22 09:43:00","AU","not found",,,,,,,
"2026-09-22 09:43:10","AU","not found",,,,,,,
"2026-09-22 09:43:20","AU","not found",,,,,,,
"2026-09-22 09:43:30","AU","not found",,,,,,,
"2026-09-22 09:43:40","AU","not found",,,,,,,
"2026-09-22 09:43:50","AU","not found",,,,,,,
"2026-09-22 09:44:00","AU","not found",,,,,,,
"2026-09-22 09:44:10","AU","not found",,,,,,,
"2026-09-22 09:44:20","AU","not found",,,,,,,
"2026-09-22 09:44:31","AU","not found",,,,,,,
"2026-09-22 09:44:41","AU","not found",,,,,,,
"2026-09-22 09:44:51","AU","not found",,,,,,,
"2026-09-22 09:45:01","AU","not found",,,,,,,
"2026-09-22 09:45:11","AU","not found",,,,,,,
"2026-09-22 09:45:21","AU","not found",,,,,,,
"2026-09-22 09:45:31","AU","not found",,,,,,,
"2026-09-22 09:45:41","AU","not found",,,,,,,
"2026-09-22 09:45:51","AU","not found",,,,,,,
"2026-09-22 09:46:01","AU","not found",,,,,,,
"2026-09-22 09:46:11","AU","not found",,,,,,,
"2026-09-22 09:46:21","AU","not found",,,,,,,
