date,Fresh food,Food excluding fresh food,Housing,"Fuel, light and water charges",Furniture and household utensils,Clothes and footwear,Medical care,Transportation and communication,Education,Culture and recreation,Miscellaneous
1970-02,46.07921609957606,0.0,5.030418584424612,0.0,0.0,-9.630776426438103,105.69968695891161,6.347154191293969,0.0,7.615523761454424,4.73287047864448
1970-03,118.63462217469798,0.0,10.247925628295175,4.751607769901467,6.3527526990643235,5.20493599446199,0.0,0.0,0.0,0.0,4.714280357390033
1970-04,33.34686785836367,5.273542313920521,15.589042166641342,4.73287047864448,8.505748577826754,22.243101125868847,3.3847337558533974,6.313769212846321,47.83314382914514,19.90703870951076,9.593019769248091
1970-05,-61.1826509544789,0.0,10.033869371614635,-4.5189924204451675,6.275261109362162,21.839610362400897,0.0,3.096532197985069,0.0,0.0,4.6593758793923135
1970-06,-31.27316983661126,0.0,9.950728209252668,0.0,0.0,5.0094231734445716,3.3752144577505305,0.0,0.0,0.0,4.641357436353699
1970-07,-36.42080779712572,5.2504735064054175,4.828064143470101,0.0,0.0,21.35531973340463,6.835049948020866,3.088562947586526,0.0,-3.5446764044318013,4.623477793090269
1970-08,-49.2443134024449,10.704635124320028,4.8087203468488715,0.0,4.1231428509688195,-28.87943811265106,-3.2473438262376475,0.0,0.0,7.473303233376671,4.605735352207363
1970-09,209.8848091204002,5.1824621099209045,9.788509176774319,9.670271619350256,24.58561525190659,78.32280298507344,0.0,0.0,0.0,3.652571929074777,0.0
1970-10,135.72780100058873,22.140841305128014,9.709365689948601,0.0,-1.962324415893013,32.19161938606385,3.3563355825661167,19.830486889336306,0.0,3.6414891052261034,4.5881285407243455
1970-11,-48.7537265696803,10.380796683210104,4.714280357390033,14.699370497873932,6.1154097664519735,4.695835679312088,3.3469751147512383,3.0339063308601144,0.0,15.25921989340786,9.332087828462864
1970-12,0.0,15.793857768043896,9.593019769248091,4.641357436353699,4.019573524849718,9.554854549518922,0.0,3.0262557479709074,0.0,7.291734975749509,4.536106509397131
1971-01,106.98899917795224,0.0,4.6593758793923135,4.623477793090269,6.063919997578648,0.0,0.0,3.0186436501079994,0.0,0.0,4.519026957950145
1971-02,-5.726323120115929,10.161217231592667,9.479427359811865,4.605735352207363,1.9752454863082303,-24.109161875630903,0.0,3.011069747630235,46.021004647232246,3.565753160623686,9.189255661621809
1971-03,-21.243852812698062,0.0,9.405180951136739,0.0,3.9795879976439963,4.751607769901467,3.337666707888487,3.003533753797183,0.0,0.0,4.468551270302812
1971-04,34.68681782660663,0.0,9.332087828462864,4.5881285407243455,10.1870754075573,25.79111117070305,0.0,9.236378390856913,92.07752196591225,90.97363118751429,4.451975647866813
1971-05,-51.68825377331858,10.07596275881757,30.17986441358518,4.570655809609647,0.0,36.89398563518753,3.3284099288910296,6.028389892767461,0.0,-3.2650132582119795,0.0
1971-06,-6.074035690157887,4.887040525325337,13.852207200483612,0.0,0.0,35.801967022209816,0.0,0.0,0.0,-3.273920271291375,4.435522523352309
1971-07,-36.1128567057909,0.0,4.386884708834371,4.553315633328703,0.0,-4.232163188586712,0.0,5.998265160278504,0.0,0.0,0.0
1971-08,-6.330284610591141,9.950728209252668,-8.242583978104756,0.0,0.0,-29.64902329591046,0.0,0.0,0.0,3.3847337558533974,4.419190544024376
1971-09,1093.3755633040232,15.131160035313517,8.983016670977184,0.0,16.602682912358937,61.75920956571199,0.0,0.0,0.0,0.0,8.983016670977184
1971-10,-14.877283231905636,0.0,8.91631109552673,4.536106509397131,0.0,8.91631109552673,3.3192043494622903,0.0,0.0,3.3752144577505305,0.0
1971-11,-82.48625383286952,4.7704939854272155,8.850588334168364,0.0,1.924560653685914,8.850588334168364,0.0,0.0,0.0,0.0,4.370908245268779
1971-12,-39.99338459090352,14.881372766887079,8.785826836772138,4.519026957950145,5.86634677898954,-4.144475978409634,0.0,2.944577033914375,0.0,6.835049948020866,4.355047710781856
1972-01,37.95192782784327,-8.817587005632854,8.722005678354595,0.0,-7.324865470419473,-8.158575210470731,0.0,2.937369775378662,0.0,6.79635269676595,0.0
1972-02,6.537269383829036,4.73287047864448,4.247166630570409,-4.323640479133184,0.0,-19.381790961475033,180.25840585697802,18.797688231486642,0.0,0.0,4.339301848301114
1972-03,96.47598631069494,9.631490895747486,8.627992780687732,0.0,0.0,0.0,0.0,2.8878901432352944,0.0,10.291836712158497,4.32366941886031
1972-04,69.15266627530592,4.677534744491552,27.750180955290006,0.0,7.903808834592541,4.435522523352309,0.0,2.880957366843173,126.70943744380887,21.355319733404944,4.308149201275402
1972-05,-10.848535299368212,-4.468518250748921,12.817809950197056,0.0,0.0,23.945873093486213,9.356325721822367,2.874057794721052,6.79635269676595,6.591111208487055,4.2927399918262
1972-06,-44.63666243337011,4.677534744491552,8.299950680750978,0.0,-3.7262716831118814,45.789607923384644,0.0,2.8671911889074586,0.0,-6.183546764603265,4.277440603945881
1972-07,-30.875427042939073,4.6593758793923135,12.593872595545207,0.0,0.0,8.566434825067738,3.011069747630235,2.860357313710127,0.0,0.0,4.262249867916723
1972-08,176.7838136214184,4.641357436353699,8.158942789932212,24.531005372658154,-1.8852543099055485,-25.186331097676064,0.0,8.785826836772138,0.0,3.2473530323427813,4.247166630570409
1972-09,5.895158194585282,9.442158296515558,3.9795879976439963,0.0,7.890821806073167,45.0346576632821,0.0,0.0,0.0,-3.1452167411262444,8.627992780687732
1972-10,-33.423506427718394,19.535349069448117,12.335253662441037,0.0,3.8518633454167173,22.346307030608536,0.0,5.740104607529584,6.758091005480682,3.2473530323427813,4.202550621133505
1972-11,-67.18228902443846,9.224552485742787,7.995928389801166,9.05072725930669,5.809560415487347,4.07415429197906,3.003533753797183,0.0,0.0,10.006001819395793,8.53598389867285
1972-12,21.29236113742312,14.013747402547772,7.943027567687544,0.0,3.8212028765585604,4.060370624695708,0.0,2.8200284857793356,0.0,9.923319612563763,8.475726581892262
1973-01,136.76758378590233,4.435522523352309,7.890821806073167,0.0,5.763071324399682,8.242966953375742,0.0,8.659104536586227,0.0,6.4668334627057344,8.41631360183075
1973-02,-21.33784323087675,23.945873093486213,11.966626474654852,4.402978376989575,9.725091906865014,4.019573524849718,0.0,17.86693495397731,0.0,9.788509176774607,-3.9533497486278213
1973-03,235.2332557835982,34.20998049528872,16.075451772299807,4.386884708834371,13.739079959658195,77.91053582618378,0.0,11.444094063116395,29.443520211313555,6.380893993393477,8.386918214384043
1973-04,80.05477952193264,8.627992780687732,15.86332887030315,13.642518595996368,31.16687432069729,55.545433137247514,0.0,8.396693846894298,166.48196243892747,13.061668071362043,12.727287156091505
1973-05,103.2094422576582,0.0,15.656722201122042,0.0,11.274021048394346,108.75623722145833,0.0,2.7117015837144542,6.0435659834243705,12.92119790890931,4.046679896803518
1973-06,-69.51898896576958,17.80082281119828,15.455419667482783,0.0,9.231644394318717,22.41564305485282,2.996035384730633,11.230101138538595,0.0,38.81483331019106,12.550019803341916
1973-07,5.567055719179859,8.445915662268021,15.25921989340786,4.32366941886031,7.269657162176801,0.0,0.0,2.681406795964536,0.0,26.240297822697745,8.131313926426698
1973-08,97.96055095649831,8.386918214384043,11.117493406735445,8.785826836772138,9.1056346859699,-12.580794784184368,2.988574359378937,0.0,0.0,18.74885862446103,12.335253662441037
1973-09,304.0478267560572,32.00879230355873,14.927578677790443,0.0,38.472526482108925,99.3030305276382,2.9811503994838784,5.41632641288452,6.0132898081893815,15.18212557677816,12.209882747292934
1973-10,-63.01478388569297,21.46958578778171,7.139946708801315,33.6654136432728,41.875805047204786,50.363032797008444,-76.88876517434953,5.391994655291432,0.0,2.8467868235745097,7.916838662914927
1973-11,-60.288624135400845,30.617320844722016,7.097732041817895,27.538943665088066,92.48597025662475,16.56265902677101,3.36574854927596,26.303920322940954,0.0,8.743176182343504,12.0064945159273
1973-12,96.21548009639727,50.39220802217335,40.08802911346561,125.81120065992985,91.63891389606584,27.279357722761933,6.815646414033272,53.58251422631286,0.0,35.31314564225008,39.6361698589879
1974-01,442.1048205486168,89.49725447632477,14.137393514437079,16.075451772299807,121.98649558587711,23.017545934571658,10.321320266947854,15.933412793198464,18.945711613621086,27.365343245114904,33.53195399095996
1974-02,185.1330148095784,45.42618865607064,17.735197136891003,-3.641474546738588,54.18252143882694,0.0,323.0613359284108,47.046008996814905,0.0,64.0800549079169,28.07315606571219
1974-03,-18.320380668130255,10.532528054645285,6.682845224776912,0.0,26.725075488778714,22.58582986593849,5.938909744117482,4.847564166972362,0.0,13.540034086070518,18.96562398342474
1974-04,258.4305898816882,10.440961999811549,17.376437448551197,3.7790891149583894,52.568520258015795,5.924253934442381,2.915958131643559,51.86733867722884,352.08981056358095,31.616978217221003,18.671255560983102
1974-05,-77.29083942664346,21.67576488636591,9.978288524075186,3.7672265575741326,-7.291500587278177,90.17248973885978,0.0,4.6593758793923135,10.6100679842984,0.0,26.570805669475472
1974-06,-55.78281844035071,6.682845224776912,9.896061485484164,344.1948227006411,3.864265727509908,34.39965197483128,0.0,4.641357436353699,0.0,2.4972712397882013,10.471306744129683
1974-07,226.76083637556718,10.118410548294875,16.841041490706353,6.720257563998944,6.494824961730683,-5.1824023575581695,5.895158194585282,4.623477793090269,0.0,104.8985959999531,21.741008039425846
1974-08,144.04236212334536,17.227079825887692,9.683267972964881,6.682845224776912,6.459873234978186,-42.04761662504143,8.91631109552673,22.300320102692183,0.0,20.23339870962999,10.204387376425084
1974-09,34.36630873548645,24.48826690045287,6.313769212846321,81.80499462207393,29.61557816671563,28.21911529527632,5.823653715482524,6.861093778821381,5.138091465843964,2.30981255293341,13.69434409240271
1974-10,-62.76419334140269,77.73821843935656,9.55485454951921,20.050781737259406,19.951047886680584,31.033351446515333,252.07632550770728,78.83252253814763,116.94252129716128,22.579107354859662,13.540034086070518
1974-11,-35.83729344719438,19.248847238856914,16.249271596718316,38.81483331019106,2.433959178363243,0.0,2.5722082066612195,42.198368624173895,0.0,-2.220074937795602,13.38915869602506
1974-12,-18.719092580626263,15.575576201188746,9.356325721822367,0.0,2.429032608494852,0.0,0.0,6.297208038448665,0.0,4.5881285407243455,13.241604641527637
1975-01,172.4409383430896,0.0,12.550019803341916,-13.754072578228627,-5.832046696916226,-5.2161848477155885,2.5667067462331383,8.431088662006703,32.04924185339144,19.45637182859481,27.75018095529034
1975-02,-3.7790722274878785,5.909670261648325,6.0435659834243705,0.0,-3.555176895516532,-14.96987920717061,2.5612287674914525,2.035554311100274,0.0,0.0,6.231822875236981
1975-03,75.98940884981789,15.298060950589875,6.0132898081893815,3.0186436501079994,-1.201788252881908,5.579995963897888,2.5557741204250473,2.032107372636238,0.0,6.822102010640707,3.0570919303423594
1975-04,20.039651109071066,2.8671911889074586,15.575576201188746,6.10504199764792,1.216406887968824,17.519890293708464,7.830775435065718,12.749797909370141,569.9540392523926,93.76982411124402,9.405180951136739
1975-05,11.435015145339156,-2.7872746944572535,15.37633835910066,0.0,0.0,37.23187989361205,5.127117242303414,2.0083018317551327,0.0,-9.900702968076502,9.332087828462864
1975-06,-52.33515609207664,5.809560415487347,11.986527377633882,0.0,-1.201788252881908,13.820344460939605,7.746562434897375,0.0,0.0,0.0,9.260121343348127
1975-07,-20.667192980613393,11.86810405987444,8.785826836772138,9.236378390856913,-1.2029930240298192,-2.544930755467978,7.696898092667825,2.0049464932623717,0.0,6.466833462706023,2.9811503994838784
1975-08,3.9664356667651113,5.7264122107741455,2.833344483125777,9.165874038934717,-4.737499215248486,-45.59587904336059,2.492085322859494,2.0016023474662914,0.0,8.659104536586227,0.0
1975-09,154.36411876689107,31.601933626155997,5.7264122107741455,18.945711613621086,-16.787351100687474,108.98112513024185,2.4869208987325697,1.9982693384572148,0.0,-4.060348117934465,6.028389892767461
1975-10,341.5135090729982,8.455829320053866,8.659104536586227,5.895158194585282,23.12899084673472,22.450472172780046,2.481777834076393,1.9949474106967902,0.0,13.193139166017165,9.119465732535549
1975-11,-68.83781923653054,5.528592521271469,8.597103670258942,5.86634677898954,-2.399884217219417,7.796871569183272,0.0,12.506471019073718,0.0,0.0,2.937369775378662
1975-12,-43.63057673710073,5.503244239889393,5.619180089870657,8.872388063061521,0.0,2.523527961542782,0.0,19.079254266722035,0.0,2.0742570626780976,2.9301977098223464
1976-01,238.7894005884004,5.478127285476031,8.49571765477657,2.860357313710127,-1.209053294691964,-18.195792581346627,10.247925628295175,23.371411817592858,8.103871462137935,10.752553157789734,429.68148423631715
1976-02,43.21982387185148,11.177846446694506,14.41723628531717,2.8535559356779094,-2.4071048296565034,-18.47498259607846,0.0,27.579317185805618,0.0,0.0,2.539548688209714
1976-03,-14.951268133026874,8.205410301296112,8.338379333548552,0.0,0.0,16.593135912313393,0.0,0.0,3.95336997448017,10.65714194014129,2.5341858930309824
1976-04,156.10793875404516,5.367880483127996,17.186045304538176,11.838862593438936,22.819619779645283,16.367251226312153,127.3760289183881,5.708256948745705,501.5748662810572,29.610254243128644,5.116189788173298
1976-05,-30.745054605762768,5.343980991384734,16.943877975362078,5.7127849658338725,0.0,52.09944447852728,0.0,3.7554382320682755,10.471306744129683,-11.220040244493013,21.839610362400897
1976-06,-39.83096687376314,2.628548245739948,16.708428263518638,5.685724080601617,0.0,39.749737512694814,0.0,0.0,0.0,12.6380325868497,5.0094231734445716
1976-07,10.17556666746373,2.622803427309761,7.951795730648237,50.20316426161862,2.424125941118649,-2.3322552851933964,4.632400365164946,17.881693148414655,0.0,-1.9559276820486193,10.204387376424794
1976-08,-51.78530588027661,2.6170836639043404,5.20493599446199,30.179864413584824,4.892020315616796,-49.35573167666383,2.283442062370744,0.0,0.0,10.345028923845167,4.947475281608482
1976-09,300.1927939929503,19.637835995745444,7.864975308054145,62.52949307074449,9.961045480343401,127.33305040614597,4.605735352207363,1.830613306461193,0.0,3.9928278316286425,7.473303233376938
1976-10,12.886550648250882,5.20493599446199,7.813786741840212,16.111357411395243,6.074148489415809,28.930068359071303,2.270481324651641,3.686228851978113,3.3563355825661167,6.023348114358007,2.421680033216278
1976-11,-59.661520041655166,0.0,7.763259885602847,0.0,6.0435659834243705,9.53588551746054,2.2661937110823205,78.96841207206944,0.0,1.9623256431553715,4.887040525325337
1976-12,-17.85840974175702,7.864975308054145,10.403277306349201,2.50247878396197,2.366755467948023,0.0,2.2619222599261413,169.37495616007863,0.0,16.689101943092698,7.381403168480016
1977-01,240.27742413453973,5.149112759638008,7.647866230504952,-2.441383675448816,1.1747296875510571,-25.81290676172404,6.913781212293513,3.2168870107769365,3.3469751147512383,5.904824975847367,12.497797465456163
1977-02,84.23484422679022,2.5341858930309824,7.599454847769249,15.898293724279977,-1.1610900184056527,-26.37600133482868,4.536106509397131,4.847564166972362,0.0,-1.891196441614662,0.0
1977-03,21.76908942745348,13.241604641527637,7.551652245393381,0.0,1.1747296875510571,23.71538501439774,4.519026957950145,0.0,0.0,0.0,4.789530907475781
1977-04,31.76821138293566,-2.446360510492007,15.521943807302785,12.928149704244717,5.995269233388223,20.448277018290085,11.604405149186658,54.19327735837216,291.8910296316756,20.873867978740314,12.318389144986352
1977-05,5.5929964918366215,10.380796683210104,15.32406485472919,0.0,18.886224024851405,28.55652642726094,2.20782358908036,7.864975308054145,6.028389892767461,32.16304333557858,4.723557130330414
1977-06,-63.921774331728265,5.030418584424612,7.321381424776652,-2.3927067925656353,1.1510665876706128,14.43455244340457,4.451975647866813,1.5199204959194912,0.0,-5.37582535449398,7.132876106907671
1977-07,-54.804961938467756,7.599454847769249,7.277001569357311,2.4513606657246667,0.0,-6.50171261358512,0.0,0.0,0.0,3.7554382320682755,0.0
1977-08,96.47598631069494,4.978256556601535,9.748776918202884,0.0,-1.1379678203124688,-51.21113260597002,0.0,1.5179978353946133,0.0,7.615523761454424,4.677534744491552
1977-09,112.13512835928631,21.214181559950497,2.3413584177787827,0.0,2.3142669627443935,139.63561312639595,2.195704742953941,1.5160800328662072,0.0,-7.076603351701616,4.6593758793923135
1977-10,18.18205189370099,2.411945558630668,12.193358715183722,0.0,3.4829654128808007,16.680832888962872,0.0,0.0,0.0,1.8560960589869335,2.296551612584463
1977-11,-83.22809196986353,4.867222317299991,4.677534744491552,2.4463634751223484,2.303162995570851,6.770796961658809,0.0,0.0,0.0,-1.8222729230777168,2.292165069893448
1977-12,-53.30975302693049,4.847564166972362,4.6593758793923135,-2.387945645056011,0.0,-6.341431509675999,2.1916946372960933,1.5141670699468923,0.0,9.600689404763818,2.2877952516427547
1978-01,143.34151101796073,0.0,2.296551612584463,0.0,2.2987511856265685,-25.03152398598949,21.334292322828308,-1.491582026086602,0.0,0.0,0.0
1978-02,69.53663130524352,0.0,11.950753220725897,2.4463634751223484,-2.2470960387926953,-28.91225478262229,127.880418029343,-1.493438312802664,5.998265160278504,15.631273544518297,2.283442062370744
1978-03,102.95657628633808,0.0,6.953830701427255,-2.387945645056011,-1.1315296679539233,17.405180058768455,2.0083018317551327,-1.4952992255184205,0.0,19.614968526385756,4.605735352207363
1978-04,32.714761402968115,4.828064143470101,14.263237922062611,4.947475281608482,7.04910795714373,19.81687868029529,4.046679896803518,-4.430033239662301,245.9275222419325,0.0,2.270481324651641
1978-05,-5.453165245501291,4.8087203468488715,11.626869841614361,0.0,5.809560415487347,48.74973181563751,0.0,-2.9848511926010346,2.6517813911846266,5.4656545687868485,2.2661937110823205
1978-06,-55.68607197873423,2.3690916373019233,11.515407017111091,0.0,2.2769432507596887,13.825644747650646,1.9982693384572148,-2.992293584822814,0.0,-10.11753998093382,2.2619222599261413
1978-07,30.691459756736663,2.36442390125855,4.427341474306679,0.0,0.0,-4.209895410720399,0.0,14.580485391111564,0.0,5.490657045133052,4.561969246555253
1978-08,140.79767306585725,2.359774521574387,6.6828452247766235,0.0,1.130463853493957,-56.16936308693128,1.9949474106967902,-2.966406166796165,2.645934688257223,11.203912918330738,0.0
1978-09,66.26907976526422,2.355143390184833,4.386884708834371,0.0,2.270481324651641,138.1779599026594,0.0,0.0,0.0,-3.4678568135021015,4.544694782835834
1978-10,13.916374894187955,0.0,6.6214081950201065,-41.852463559519535,-2.220074937795602,16.10621823420737,0.0,11.078429426327752,0.0,1.7816908001853538,0.0
1978-11,-81.09012485015658,0.0,4.347160523396965,-2.4920821302794938,0.0,8.81808874967005,0.0,-1.4842027959380388,0.0,5.424485860725592,2.2408042717558363
1978-12,-40.38066845831931,2.350530399870787,4.331471531187914,7.847838129020346,-3.3191943009624247,-4.130213443785868,1.9916365090162813,1.5065632498144632,2.6401137090485527,7.258668295139259,2.2366279033746883
1979-01,72.79402667922605,0.0,2.137052761095659,0.0,0.0,-22.604186317675577,1.988336578611749,6.144103501244791,0.0,-3.4380531688118054,0.0
1979-02,-13.881121220286719,-2.2965493101868573,6.525423738163427,0.0,2.2769432507596887,-31.10817602465179,0.0,0.0,0.0,-1.737827292964289,4.510535315530784
1979-03,90.4190533561271,2.350530399870787,4.285076643688712,0.0,-2.2262527392679643,21.983620613836898,1.9850475650419641,4.553315633328436,0.0,19.025612446921937,2.224191681223475
1979-04,65.26812230363261,2.3459354442521008,6.466833462706023,63.53749976278236,9.395981794978914,13.95948421246407,10.274227233021094,19.300313229786823,140.64066175271944,5.312444024951235,0.0
1979-05,24.198409622908514,0.0,8.659104536586227,2.4364299646100873,2.2597925667221297,69.83437134118805,1.9655397333949276,2.959098171103447,4.947475281608482,14.676932304455036,4.485250763606685
1979-06,-46.94821492506578,2.3413584177787827,4.217318120267111,36.15480867475564,0.0,25.337600152133312,0.0,51.44740409372454,0.0,-17.197348955648717,6.770796961658809
1979-07,152.34543749988538,0.0,4.202550621133505,12.369121460539322,8.099966216473643,-5.933913687369586,1.9623256431553715,7.265257626707022,0.0,0.0,4.4437338583846575
1979-08,-56.8730481179047,4.723557130330414,2.0742570626780976,20.23339870962999,0.0,-58.05748220264528,1.9591220469218795,10.241683162653569,0.0,8.996477665562175,4.427341474306679
1979-09,24.95009284136369,4.705039944823364,8.520839430853577,22.626248883788904,14.151266606098956,148.3543807624949,0.0,4.242162576419117,0.0,-1.7032944518238224,6.6828452247766235
1979-10,217.80086688084737,-2.2704791250430567,6.286215423968677,22.20891004113177,0.0,24.86233929014654,0.0,4.227220904894957,0.0,5.281277020212549,4.386884708834371
1979-11,-58.667281449338574,4.695835679312088,4.130237540581128,11.626869841614361,5.624446248773096,-1.981768137590656,0.0,4.212384104066813,0.0,7.066397064117846,6.6214081950201065
1979-12,11.33608871063485,7.090744729918286,4.116072490067291,32.491382938398104,4.456108016013216,-1.9850462799381963,1.955928893385761,13.081419450561071,0.0,5.227605604120478,11.193471767418917
1980-01,207.0484711459465,-4.460215286783475,8.357727344123367,4.36296356588568,7.887119058200542,-16.63776889021793,0.0,1.3675003477854109,10.07596275881757,16.36725122631244,36.72333036651645
1980-02,103.16890273164421,9.53588551746054,4.07415429197906,52.02741775056738,8.999849216362854,-39.29872177438565,1.9527461315714367,14.451910188725336,0.0,8.696735937948553,15.398850449244916
1980-03,-16.887473948775312,14.492574165409167,10.434914126968685,13.073511743478573,6.63360509553641,23.433420051149522,5.953638227088076,4.102004255610403,2.4168029942147617,3.3752144577505305,4.144500409888119
1980-04,-46.294401472070575,14.31988976952885,10.345028923845167,841.275266763996,19.737999567486895,22.986164241280527,3.9146842532044035,4.08803184813209,161.7834619028086,12.239501494176652,6.253466582124734
1980-05,-55.60969884948834,9.242302714300932,8.131313926426698,16.317885837039704,15.759349522157162,78.71049621810107,1.9338649736367453,14.179094520908464,0.0,10.306557419981633,94.80681980193808
1980-06,-14.665607376608458,4.493647396500267,10.1870754075573,1.6818109954487293,5.320293326527437,21.39327341601771,0.0,0.0,0.0,25.334141255144015,3.883019760989792
1980-07,-17.114771546592856,2.2159774114399955,3.9339320201815964,8.659104536586227,6.386552187913774,-12.66126603982951,1.9307535540598275,-6.397759865649421,0.0,10.019916233064684,3.870496913599064
1980-08,37.71538817923001,6.770796961658809,3.9210792161679997,0.0,4.19520558125237,-67.38526768326322,1.9276521301059946,-5.176814429234056,0.0,13.445341774114583,1.9122932722993369
1980-09,248.5203087546875,4.4437338583846575,1.9369864372352774,5.080098909211528,11.884114856604677,237.79158745256802,0.0,-2.6314261332027855,0.0,-6.0971746759220675,3.8518633454167173
1980-10,-41.34052960421146,9.033704153196464,0.0,0.0,10.647693788826441,25.772727264682782,1.924560653685914,0.0,0.0,9.88248846162354,1.903194874307479
1980-11,-13.902524083318879,4.394916811889171,3.9019566944059614,-1.6359552865483629,5.155748255754289,7.839297501778808,1.921479077018895,-1.3266803808667849,0.0,3.1743425720364815,3.833408310699249
1980-12,-52.813112395947236,4.378881906633336,5.885523004231064,-1.638188572240451,2.025248397920776,-1.8647476966975107,1.9184073526300915,-5.2161848477155885,0.0,3.165968356949578,0.0
1981-01,455.9055691649621,4.36296356588568,5.856805437981594,0.0,3.0467436206162546,-34.411424107762,1.9153454333474373,0.0,0.0,11.455788142992084,3.8212028765585604
1981-02,7.17551095059874,4.347160523396965,3.8518633454167173,1.6654721466203615,2.016739516331878,-34.0923312220342,1.9122932722993369,4.102004255610403,0.0,-1.531559063221677,0.0
1981-03,20.064712378273917,6.561090124236646,1.903194874307479,-1.638188572240451,2.0133559490255193,15.094964753439921,-3.7204958803135013,1.346025942822826,2.224191681223475,6.355555657077661,3.8090749102689836
1981-04,19.7356190686677,0.0,7.801093495896438,8.584809832505137,4.0569392664618675,17.196285632398368,7.864975308054145,5.478127285476031,115.16127212035828,9.618632970689212,0.0
1981-05,-35.096862964159115,8.785826836772138,7.750730063187072,8.52386402610852,-0.9880529082862632,81.4479960872197,1.903194874307479,55.894837753799955,4.202550621133505,-1.5141666349122618,5.744683298764097
1981-06,-15.063632259663306,2.1181922503958006,3.7850484500402626,3.3100495460305135,2.0049464932623717,13.944057441692003,22.808063268060863,2.5944519108601183,0.0,-4.485217247509066,1.873482384181635
1981-07,-30.05940602450663,4.269831726907469,1.8705620797279554,1.6381891683019179,-0.9872400437494933,-25.9541124926162,3.7672265575741326,1.2868457482393847,0.0,0.0,1.8705620797279554
1981-08,-29.077450189377963,4.254694883342935,1.8676508649430046,8.428129503506309,0.0,-63.626624017014336,0.0,5.233303888481466,0.0,21.84723210631363,0.0
1981-09,121.37179655928611,2.09966172169751,3.7613231594482155,4.947475281608482,10.389777272456978,278.2371196952601,3.7554382320682755,7.9081473447344175,0.0,-14.07614775527799,5.699222408911875
1981-10,-13.118634197098,4.232189754999038,1.858971336194415,4.927164996405109,5.034638799167435,41.45227495874357,0.0,3.8601227365410384,0.0,-3.0110629427872126,3.7495716888903186
1981-11,-45.35745083597897,4.217318120267111,3.743723443911451,11.793201442135093,-0.9759987750834198,-8.633736112886591,3.743723443911451,3.847746888439474,0.0,3.1045426768735673,0.0
1981-12,2.5077080909472915,4.202550621133505,1.8503721047572252,0.0,0.0,0.0,1.8503721047572252,2.5422386058582047,0.0,12.92119790890931,0.0
1982-01,74.36675454253997,0.0,3.7262876461452876,0.0,0.0,-40.46460747923789,1.8475233458339568,3.8272958638365218,0.0,-5.880618112612779,3.7378934116640616
1982-02,15.131160035313517,-2.035552890118597,1.8418520615048894,0.0,-1.9448331751922732,-38.2927180850021,3.7205117445787472,3.8151292560963945,0.0,0.0,1.8475233458339568
1982-03,0.0,2.0778485972929195,3.709013486993773,1.5967729612128112,-2.9088841852399017,14.69937049787422,0.0,0.0,0.0,0.0,0.0
1982-04,17.623812424116547,4.1878861677780765,7.520116410333122,6.519516994000929,0.9896827390780683,12.335253662441037,9.509454973039455,3.803039747479464,89.67687271366435,12.852088487944346,3.7205117445787472
1982-05,-50.91766380318743,2.067111111384201,7.473303233376671,1.5862197091857766,-3.867360288665822,119.04449152586784,0.0,13.154621176056391,3.9664356667651113,1.5141670699468923,0.0
1982-06,-29.32877115029835,2.063556567060054,3.652571929074777,1.5841257757751137,0.9921374726560517,11.398842938528485,0.0,0.0,0.0,1.5122589283394827,0.0
1982-07,-63.07217794288462,2.0600142259182386,3.6414891052261034,0.0,-0.9823908053480768,-35.450544446840006,0.0,2.4869208987325697,0.0,-4.408337925908324,1.8390294556988263
1982-08,595.3799694938691,2.056484025225691,1.8004022462504654,9.841991714142084,0.9921374726560517,-60.40649110607811,0.0,11.619371961989389,0.0,21.428427180533195,0.0
1982-09,144.96333130888277,2.052965902678938,1.7977051568772717,4.776822792111357,8.186759957359179,257.63954672150146,3.6805763612130393,1.2226034093282712,0.0,1.4915824357396579,3.703290965782813
1982-10,-15.963258807958859,4.137356684674631,0.0,1.5634865312917912,5.013608226103061,45.2210741783581,1.8195108709603947,2.4563783126687166,0.0,-4.349756764608403,0.0
1982-11,-83.74884682604564,2.0424833872412673,1.7950161359464367,-1.5394179391529983,0.0,1.7633642772195035,1.8167562718118146,0.0,0.0,-5.781484837964501,1.830613306461193
1982-12,-28.52817849741389,-2.0016010189504496,5.4656545687868485,0.0,0.0,-9.991298128805926,1.8140100003356086,1.218877943892327,0.0,6.136251275050952,1.827825014951845
1983-01,179.7826706773042,0.0,0.0,-1.5413952760005234,-2.890202712709522,-39.57831501057751,-3.534237751966429,-1.204200213094675,0.0,3.011069747630235,0.0
1983-02,18.195149579012448,2.0424833872412673,5.440878713554453,-4.564825136517781,0.0,-40.89801969746816,1.8167562718118146,-5.89505812233525,0.0,0.0,1.8250452042487764
1983-03,82.44559639538551,4.116072490067291,0.0,-4.5822529617878915,-0.9744137433140176,12.148147149224586,0.0,-4.765715648636604,0.0,6.089556072584079,1.822273835717536
1983-04,-4.419158959936298,2.032107372636238,7.28067933850669,-4.599814345672515,2.9786839352572203,14.155235342144245,3.658138674716671,-10.470307975244742,70.18783551699582,14.105128364211383,5.549895111139103
1983-05,85.48122352036116,0.0,7.236789887015749,0.0,-4.778047400304186,114.9110805820869,0.0,-4.828019139795103,0.0,-4.287600065107822,52.74098387790023
1983-06,-69.80839852903782,2.0286720879089115,3.5394623764140487,0.0,1.9801343955473394,-1.7505022624186628,3.647022098234376,-3.6562664121010835,0.0,-7.076603351701738,1.7479532717358914
1983-07,-36.884112452649674,4.08803184813209,3.5290542864338414,0.0,0.0,-23.514402969090042,0.0,-4.862246556191884,0.0,4.507711854294394,1.745410920880075
1983-08,135.72780100058873,2.0184355681501787,1.745410920880075,-1.5614516552803104,-1.941686395378861,-64.568416742754,1.803107440435281,-8.399078128936532,0.0,10.766322856202093,-1.7154689386800426
1983-09,-6.682679903455524,2.0150463123457474,1.7428759546632477,0.0,10.265445054695777,282.25909859644105,3.630473327152983,10.540231050066605,0.0,-1.4448875578771836,1.745410920880075
1983-10,100.60602835885048,6.146725376411499,1.7403483409589304,0.0,5.998265160278504,32.138080643241175,1.7950161359464367,5.105308805168085,0.0,2.9518197450840056,1.7428759546632477
1983-11,-74.37725635242498,2.0016023474662914,3.5032998828775197,-3.1045349867328764,0.0,14.676932304455036,7.347520447311662,-1.2351876013967478,0.0,-1.4431499304849327,0.0
1983-12,-37.72323022321123,4.033081171580166,-1.7057155057366713,-4.635343976684602,-0.9642352127629317,-12.798504467741811,3.5924373986002234,-1.2364603021392528,1.873482384181635,4.451975647866813,1.7403483409589304
1984-01,227.15133434487313,0.0,0.0,-1.5737379803289708,-2.8694707969926236,-39.948451243955944,3.5817159254315722,-1.2377356282595176,0.0,-2.8603517725312333,0.0
1984-02,247.60129155364262,6.084411536271861,3.498194040334024,1.5989004845214483,-0.9673443468032117,-37.8984003524251,3.571058250992909,5.099885647816205,0.0,2.944577033914375,1.737828047826051
1984-03,8.627992780687732,1.981769414225898,1.7303107752041802,0.0,0.9767933015859542,7.738240603723345,-3.4479306394059384,0.0,1.8705620797279554,9.05072725930669,0.0
1984-04,-29.93428502885328,0.0,3.4829654128808007,4.860651912330494,2.954241905750621,18.060708174095797,13.016185417016835,1.2480339345232627,57.50005153902349,1.448375760110876,3.498194040334024
1984-05,-39.26905141446161,8.131313926426698,3.472886435034872,4.841046683945915,-1.9214779488003542,110.81316926107338,0.0,15.933412793198464,1.7977051568772717,15.356694121315616,0.0
1984-06,-63.79565667427444,0.0,1.717925470733328,0.0,0.0,-1.7081434518231298,1.753060256814054,-3.612246947106601,0.0,-13.312356286116756,1.7303107752041802
1984-07,67.99177176221167,1.9655397333949276,3.4578768595706633,0.0,0.0,-25.676454987176434,0.0,5.025153252970949,0.0,2.912419833970903,0.0
1984-08,-36.0246623355441,1.9623256431553715,1.7105790281701116,0.0,0.0,-63.71076736237614,0.0,-2.419236220574783,0.0,2.9053689353009338,0.0
1984-09,124.86650293228871,3.95336997448017,1.7081441564131161,6.4755548610276215,4.963844444099896,252.0332938174107,0.0,10.258868259923414,0.0,-2.8233404781119797,3.4829654128808007
1984-10,22.118244077319595,0.0,0.0,1.5758050337491225,9.058313682717367,60.85122076663658,55.773400127497986,2.4588948465601446,1.7950161359464367,2.9053689353009338,0.0
1984-11,-66.11604581941515,0.0,3.4380647361642147,-3.080627152288151,0.0,5.10893065435345,0.0,0.0,0.0,-2.8233404781119797,7.056013441609688
1984-12,42.776347686793194,1.9527461315714367,3.4282435595216265,-4.599814345672515,-1.9031937884257832,-7.979647996625594,1.6865382840422827,-1.2066218741507817,0.0,7.408735084169038,1.7130208512411205
1985-01,162.7175695049209,0.0,1.6960730357851617,-4.617510829074057,0.9657873495205971,-40.03691364355815,12.347328015561999,3.70519651003276,0.0,16.853917344530743,0.0
1985-02,-32.62639143479203,1.9495737108350397,1.6936792553110092,-1.5675707441985542,-4.69947266452041,-19.009634045000567,0.0,-4.737499215248486,1.7923351473086324,-9.415063868322571,1.7105790281701116
1985-03,39.09588038989968,0.0,3.408768565743814,0.0,0.9689065177901135,21.33811241648744,19.80575854069575,4.973099778214851,0.0,2.874057794721052,1.7081441564131161
1985-04,18.80993531061432,1.9464115808612625,3.399113800746645,1.5925348546714124,2.9301977098223464,23.059521297097852,1.6426740882027557,0.0,62.746462875565335,8.82889540723848,0.0
1985-05,-24.523393308910467,0.0,6.884045426027541,0.0,0.0,22.626248883788904,1.6404285628896398,18.333820765790843,0.0,-5.4780526771151745,0.0
1985-06,-16.17792334929753,1.94325969166107,1.6724354755033533,1.5904242265383006,0.0,0.0,0.0,-2.3620943469024436,0.0,2.860357313710127,0.0
1985-07,54.7145669994876,1.940117993567414,1.6701079053279777,-1.565525726117456,0.0,-9.656587907880155,1.6381891683019179,-1.1898719445566197,0.0,-1.3993940707495156,1.7057162063291775
1985-08,-2.1219359959181783,1.9369864372352774,0.0,0.0,-1.9062169461115497,-37.370221068715345,0.0,-2.369089029898863,0.0,11.882778975392295,0.0
1985-09,-40.93860648865759,1.9338649736367453,3.3610354759961103,0.0,2.927814797452011,70.86884872417501,0.0,0.0,1.717925470733328,-6.76553517073838,0.0
1985-10,236.9885123685084,1.9307535540598275,1.6631639043658941,0.0,0.9650106928538404,14.391339698325623,1.6359558793657802,4.907020753480573,0.0,7.2564745055681,0.0
1985-11,-83.67876915711823,0.0,3.3469751147512383,-3.112586934750672,0.0,12.347328015561999,0.0,1.2017884255163702,0.0,-4.111348710948615,0.0
1985-12,9.848718123936884,1.9276521301059946,3.337666707888487,-1.57167685023073,-0.9557872437506276,-3.2605778995906776,1.6337286711465504,2.4143718333898834,0.0,4.287628051577386,0.0
1986-01,293.1929795687035,0.0,1.6517180029786527,-3.124743469478475,-0.9565491191360187,-29.79213313250394,1.6315075188438888,0.0,0.0,0.0,0.0
1986-02,-11.827519140187059,0.0,0.0,0.0,-1.9062169461115497,-14.344852007323883,0.0,-1.1851713263697494,0.0,0.0,1.7032951484466263
1986-03,-36.31758786339694,1.924560653685914,3.3238007658138224,-1.5778765008872542,1.94325969166107,22.876996856516808,0.0,-3.5204148017249914,0.0,0.0,-1.674768891175471
1986-04,-14.296120858887617,0.0,3.3146206270373124,0.0,0.9657873495205971,22.450472172780046,17.426799371610336,-6.946930518453076,42.223068526745735,8.7114588048963,0.0
1986-05,2.2408042717558363,0.0,4.995523308831729,-1.5799539341629254,0.0,22.039514653752356,0.0,-3.551669826981696,3.3563355825661167,8.648709064564164,37.28723401302927
1986-06,-31.77866677570198,0.0,1.6337286711465504,-48.92360825729233,0.9650106928538404,0.0,0.0,-5.871988002477446,0.0,-4.0557743631601255,3.3423144308816655
1986-07,-10.848535299368212,-1.8882207010191943,3.287381944609158,-9.656587907880155,-0.9557872437506276,-10.933162716731292,1.6074675741253763,-5.900853995851918,0.0,-4.069526640249144,-1.6292918145740742
1986-08,20.10662039130533,0.0,0.0,-4.981649339197447,-2.844532163840685,-37.78898678812298,0.0,-4.770451091013539,0.0,11.680573351705203,1.6562774067894193
1986-09,28.07315606571219,1.924560653685914,3.278401588223434,-5.0024117172462805,2.927814797452011,66.16867194507425,1.605317206523349,5.0094231734445716,0.0,-7.942697420642652,0.0
1986-10,-8.550738639094146,0.0,1.622682977484513,-6.645685310660909,-0.9565491191360187,15.980479874159625,1.6031725843645095,4.988602257340458,0.0,4.232189754999038,0.0
1986-11,-60.64345164679737,-1.8882207010191943,3.2650226663679227,-12.953686405788122,0.0,6.748592778636575,1.6010336846547846,-3.5834847389028313,0.0,-1.3706238896526224,0.0
1986-12,-30.875427042938973,1.924560653685914,1.616126963213027,-5.108874223200976,-2.8467813868219505,-1.6161263986199659,0.0,-2.409521365191858,0.0,0.0,0.0
1987-01,41.19799784913694,-3.74370717992647,0.0,-24.694524468786216,0.0,-35.051905699264665,9.950728209252958,0.0,0.0,-6.690128281928354,0.0
1987-02,-17.792423730879882,0.0,3.2517524884728255,-1.7790486091672109,-0.9596088055281338,-12.713885616846577,1.5862197091857766,11.55726334196232,0.0,1.397764394445189,0.0
1987-03,66.13467295008799,-1.8941815759617509,1.6096237102902977,0.0,-0.960376787966366,22.555609950145804,0.0,3.6900068334349445,1.6608620512789107,5.6924652447231106,0.0
1987-04,122.7901195106512,-1.8971761486106686,4.893682501308638,1.8112720188265374,0.9696894604599215,22.140841305128014,1.5841257757751137,10.08654130680926,42.87258556703695,5.665596022495167,0.0
1987-05,6.848047110364441,0.0,3.2255331045177638,0.0,-3.7910095056052695,21.741008039425846,0.0,0.0,1.6096237102902977,0.0,1.6539945628448738
1987-06,-34.67628091433682,0.0,13.445341774114583,0.0,0.0,1.6381891683019179,0.0,1.202993197357527,1.6074675741253763,-4.046657692150701,0.0
1987-07,-62.236526558092706,-1.900180204393187,3.182761201868334,0.0,-0.9634610495472429,-20.508110875385842,0.0,-1.1886932978469877,0.0,-1.3706238896526224,1.6517180029786527
1987-08,82.78529329674129,0.0,1.5758050337491225,0.0,-3.8060375619109243,-32.08131532335956,1.5820373632741802,0.0,0.0,10.10624618446274,0.0
1987-09,287.9637832935711,0.0,1.5737384879758842,0.0,2.954241905750621,59.892825055855695,0.0,-2.366752870815103,0.0,-6.638335469429624,1.6494477012803044
1987-10,-24.146244353774872,1.9369864372352774,1.5716773552231444,0.0,0.9736232307937742,17.735197136891003,0.0,1.205410002088092,1.605317206523349,-1.3690601921003354,0.0
1987-11,-68.34187972333623,-1.900180204393187,0.0,-1.7790486091672109,-0.9642352127629317,4.974817517115104,0.0,-1.1910529309285933,0.0,0.0,0.0
1987-12,-15.36606374362024,1.9369864372352774,0.0,-1.7816899661741048,-2.8694707969926236,0.0,0.0,-1.19223626393552,0.0,7.11877681580777,0.0
1988-01,45.933960013257625,-1.900180204393187,1.5696216142522035,-18.090162279754097,-0.9673443468032117,-36.932337266086094,1.5799544498781737,-1.1934219505789767,0.0,-6.645685310660787,0.0
1988-02,-8.91578658838833,0.0,1.567571243934518,-1.8140091041395467,0.9767933015859542,-18.380975727777592,0.0,-2.3761252595197457,0.0,1.388063618542823,0.0
1988-03,61.98954166162019,0.0,1.5655262232503686,-1.8167553701758266,0.0,26.696893877151084,0.0,-4.70961487248911,0.0,2.7905203046077354,0.0
1988-04,14.376992808469137,0.0,3.1493517725650566,-1.8195099638438794,0.9759988501771621,28.20445141740109,-1.5553801519547994,-1.201788252881908,43.41549465336738,4.202550621133505,1.6471836319797317
1988-05,-10.580980771366832,-1.9031937884257832,3.1411087131933746,-1.8222729230777168,0.0,25.52578817102631,1.5799544498781737,-1.2029930240298192,1.5553806363248768,2.7743921481919065,0.0
1988-06,-27.298220803345853,1.940117993567414,1.5553806363248768,0.0,-1.9245595182116104,-1.5967724231842229,1.5778770138955789,0.0,0.0,-6.6236844313906085,0.0
1988-07,-13.00039029071094,0.0,1.5533672781427033,0.0,0.0,-17.705194579947314,0.0,1.2176411622697447,0.0,-1.365943476271514,1.6449257694497232
1988-08,120.45030572832522,1.9369864372352774,1.5513591254921355,0.0,-0.9681247657119418,-34.0596274360138,1.5758050337491225,2.4463634751223484,0.0,11.582027017510699,0.0
1988-09,137.33184001938184,0.0,1.5493561582121895,0.0,1.963931373304506,84.27914165348423,0.0,0.0,0.0,-7.88186732394498,0.0
1988-10,55.164699986599345,1.9338649736367453,3.116636401167372,0.0,-0.9673443468032117,15.499705656363783,0.0,1.2139458308975781,0.0,10.045860149105712,0.0
1988-11,-64.0400796527124,1.9307535540598275,3.1085634771051307,-3.619509778049901,0.0,11.72740986869416,0.0,-1.1993859353392367,0.0,-1.3536172365827714,0.0
1988-12,-53.77343791589715,1.9276521301059946,1.5394184039425163,-1.8306123769986637,-0.9681247657119418,0.0,0.0,0.0,0.0,0.0,0.0
1989-01,40.043854609380226,-1.891196441614662,1.5374461312616328,0.0,-3.8242292341098327,-35.175848968744404,1.5737384879758842,1.2139458308975781,0.0,-4.015069538445781,0.0
1989-02,-36.31244189652607,-1.8941815759617509,1.5354789056918783,0.0,-2.890202712709522,-19.30057177705322,0.0,-2.3855721693989085,0.0,13.034116014943775,0.0
1989-03,57.01653977301031,1.9307535540598275,3.088562947586526,0.0,0.0,28.029660958717216,0.0,2.4438725118983484,3.1288247086566967,2.7426886992724553,3.3100495460305135
1989-04,11.649421597550491,32.74432095688249,9.504437175679481,-5.408120600509136,17.9690009527522,56.52601578925851,24.172397669018373,10.08654130680926,54.96978376851076,25.55307712728736,13.812401636420034
1989-05,35.4273620564173,0.0,4.6175484795965005,1.873482384181635,0.9696894604599215,24.346870881189474,0.0,2.4192390558793297,1.49343872449903,17.124858057231982,3.2650226663679227
1989-06,-22.853931539356676,3.7970236767115306,7.773312936462218,3.773148513532254,0.0,3.1288247086566967,0.0,3.641489105225837,0.0,-12.329109733662113,0.0
1989-07,-21.56332511980147,0.0,3.0262557479709074,0.0,-0.960376787966366,-20.785991696210704,1.5433781685311843,1.1969933726533322,0.0,0.0,0.0
1989-08,9.295965389562454,-1.8446823864875839,0.0,1.8647486974540106,-1.9138170256298936,-31.78478160196987,-1.519920054234991,1.1958005821384177,0.0,8.233545612160853,0.0
1989-09,125.49892938608535,3.7910266075220855,1.4990354161921626,0.0,2.939768271789389,102.88598917430365,1.5433781685311843,-1.18167016344497,1.4915824357396579,-6.377366788867911,1.616126963213027
1989-10,169.74330272776874,0.0,3.0148519424347597,3.7554382320682755,0.9689065177901135,18.148797084025414,-1.519920054234991,2.4046959038973137,0.0,8.224145772010093,0.0
1989-11,-90.22938949957367,3.7790891149583894,0.0,1.8560960589869335,0.0,9.417474531397785,0.0,-1.1805077014178211,0.0,-6.370597945745571,1.6139533814032214
1989-12,4.723557130330414,-1.8362145467147095,3.0072970299420687,1.8532296622004507,-0.9596088055281338,-1.4842027959380388,0.0,1.1946101664344955,0.0,6.80405706538012,-1.588318658703558
1990-01,233.43955791668364,0.0,4.530399001075369,1.8503721047572252,0.9689065177901135,-36.712901583785076,-7.3993534101845615,2.3998869628760744,0.0,11.02395748450229,1.6139533814032214
1990-02,66.50369012034932,1.8705620797279554,1.4842031975444758,1.8475233458339568,-1.9107697332708562,-18.43690321142114,0.0,-1.1781896252065716,1.4897307557647066,0.0,1.6117856382600104
1990-03,17.196285632398368,3.7672265575741326,2.9848577635325224,1.8446833448582112,-2.858081064766149,32.480181632238136,0.0,3.6158888692721103,1.4878836674313334,1.3093105146103845,1.6096237102902977
1990-04,16.953832198963624,1.8618555351538335,4.496453263599687,1.8418520615048894,3.9403900676267867,44.05819449803017,9.657310081568383,-3.4897050140970665,73.0087920482972,15.276850479148596,1.6074675741253763
1990-05,35.963567640692595,3.7495716888903186,4.479670416815895,1.8390294556988263,-0.960376787966366,24.93718371817637,0.0,0.0,1.4192550416511907,10.776673277075123,0.0
1990-06,-61.18265095447886,1.8532296622004507,4.463012367614128,1.8362154876076842,-1.9138170256298936,-2.9018504023080594,0.0,0.0,0.0,-13.14689716671137,0.0
1990-07,-25.223883558897608,3.7320815072115154,2.944577033914375,1.8334101176437967,-1.9168740528431316,-18.794211954745688,0.0,1.192236431146254,0.0,3.9360823495899755,0.0
1990-08,104.19174991841192,3.7205117445787472,1.4589410522842572,1.830613306461193,-0.9642352127629317,-30.615763900456226,0.0,1.19105309747638,0.0,19.5466837765653,1.605317206523349
1990-09,50.50086636514028,9.509454973039455,1.4571694793584777,3.686228851978113,2.9469873188932905,93.83204310512563,0.0,0.0,0.0,-13.068926521061442,3.229873602118416
1990-10,184.09443766154925,3.6805763612130393,4.424621159238962,26.196430749891952,-0.9626881284421018,20.774094003714794,1.5413957431829939,19.26940074043091,0.0,1.2882271875947593,1.5989004845214483
1990-11,-69.23711561185644,5.549895111139103,5.91695311425493,17.17241045439375,0.9720458989138647,7.445493929716718,1.5394184039425163,8.475726581891973,0.0,2.5888549975908504,1.5967729612128112
1990-12,-51.21864142542842,5.524351607846412,1.4431502894658887,5.375894544748849,1.9511586317208174,0.0,0.0,1.1644702688842434,0.0,1.2840917387637374,1.5946510920998191
1991-01,499.51790905099006,0.0,2.9018562721762287,-3.4282321238043534,0.0,-38.25207885793386,-1.5160795956288386,-2.2899758000495263,0.0,20.898030550157507,0.0
1991-02,-26.26712175156086,5.49904210227341,2.8948563641530534,-3.4380531688118054,0.9696894604599215,-18.98466399249009,0.0,-3.423342610032565,5.781577413632832,-9.59231666488506,4.847564166972362
1991-03,13.474959360646842,5.473963394399939,0.0,-5.13071270268135,0.9689065177901135,36.94763886640307,1.5394184039425163,-2.300952655800359,2.8400497483526133,3.864265727509908,4.828064143470101
1991-04,19.519502492890094,3.6032232450277757,4.3603217525748805,-5.152738641352517,2.9301977098223464,39.818730604364404,1.5374461312616328,-9.995917601946925,57.28416253058204,14.798089691823414,1.5799544498781737
1991-05,13.117690984392173,1.7816908001853538,4.3445378046423455,0.0,2.9230605801195075,30.995610268726637,0.0,0.0,1.3551461161334766,6.4184243859757295,1.5778770138955789
1991-06,-58.179778365671766,1.7790494382432076,5.809560415487347,0.0,0.9634611208563015,1.4142372155871774,0.0,-1.1690076465641241,0.0,-7.196797565232938,1.5758050337491225
1991-07,-7.280446369625726,1.776415896163197,5.781577413632832,0.0,0.0,-22.53382382661964,1.5354789056918783,4.8087203468488715,0.0,1.2558706802646702,1.5737384879758842
1991-08,87.35508587321048,1.7737901392700595,0.0,0.0,-0.9542671280881043,-30.50287241151799,0.0,1.178189784675343,0.0,10.448531698795161,1.5716773552231444
1991-09,-44.5661941408231,3.571058250992909,2.8400497483526133,0.0,3.9051308199157253,107.70990049884857,0.0,-1.1644701167144778,0.0,-12.790765405556748,0.0
1991-10,329.48219546670066,0.0,2.833344483125777,0.0,1.9292015956430042,16.414651672774827,-1.51225849549389,1.178189784675343,0.0,9.119465732535549,3.1617977952504095
1991-11,1.6865382840422827,3.560463807572445,1.4043072585830485,0.0,2.9018562721762287,8.556260417981454,0.0,0.0,0.0,5.0836850720182625,1.5655262232503686
1991-12,-70.25300977820297,3.5499320341731533,1.402665806824599,1.7816908001853538,-0.9482347122561574,-1.3551458370294145,0.0,7.255012715450193,0.0,0.0,3.1493517725650566
1992-01,29.189131690721815,0.0,2.8200284857793356,0.0,-1.8897073998713987,-44.43017936034103,9.542200159487901,2.352834634061707,0.0,3.7751266379454584,0.0
1992-02,-25.40855384986902,3.5394623764140487,2.8134173104751525,-1.7505022624186628,1.9261051514476213,-14.679169937905378,-1.5027894839497957,-1.1554999169482882,0.0,8.983016670977184,1.5594230504579087
1992-03,7.676391981860431,1.7505030395462473,1.3945157719695178,0.0,0.0,37.08491251881259,1.5257178107648484,0.0,1.3536175144293283,5.0094231734445716,3.1370033425340393
1992-04,87.46384725810246,3.5238731599127826,7.14419579989487,1.7816908001853538,4.8711730919499985,39.78082265580909,30.90975278492778,0.0,62.7713164621154,11.544921135315466,3.1288247086566967
1992-05,-34.77614185154733,1.7428759546632477,5.645609938049523,0.0,1.9153454333474373,21.06172098639494,0.0,0.0,1.2979809379633833,3.6862288519778463,1.5493561582121895
1992-06,-41.58173601128809,1.7403483409589304,5.619180089870657,1.7790494382432076,0.0,1.3628412041227334,1.4897307557647066,0.0,0.0,-2.3832034070136454,0.0
1992-07,-64.98199482646014,1.737828047826051,2.7616232263121043,0.0,0.0,-30.99223260223126,0.0,-5.661502373614791,0.0,-1.2005858923946233,0.0
1992-08,110.0322794070396,1.735315043507324,1.3690604828455077,0.0,0.9519960670810512,-26.726521597793994,-1.46786354113978,1.1747296875510571,0.0,14.133614657125682,3.116636401167372
1992-09,14.496736402892484,1.7328092964305375,1.3675003477854109,0.0,2.878653831903999,84.79694954580768,1.4897307557647066,1.1735808336343245,0.0,-6.940237089677936,1.5433781685311843
1992-10,-17.623112726108392,-1.7032944518238224,2.7489712948568057,3.5817159254315722,1.9062180389098904,12.9560317635957,0.0,2.3574566815634856,0.0,-2.3784799660158007,0.0
1992-11,-59.02888205246896,5.281277020212549,1.3628412041227334,1.7711721330952335,0.0,5.522233589494108,0.0,1.1701477148707617,0.0,0.0,0.0
1992-12,-20.85136551733422,1.7253352856430926,4.134980911679786,0.0,-1.870561066432752,-5.2332417554550865,-2.9159521468228977,2.350530399870787,0.0,6.193239305250198,1.5413957431829939
1993-01,190.77216378312528,0.0,0.0,0.0,0.0,-51.40281857059833,-1.4714633214400474,1.1667346233530163,1.2965785120838902,-4.691206922143576,3.1005322638992583
1993-02,23.87683288651079,1.7228582554245087,2.7302092618196383,0.0,0.0,-17.088067469309642,1.49343872449903,0.0,0.0,4.922113448977861,0.0
1993-03,7.995928389801166,-1.693678574287083,2.7240120306969873,0.0,-0.9408006027546878,41.01539905187328,1.4915824357396579,0.0,2.605718649412192,3.656281208643186,1.5354789056918783
1993-04,0.0,1.7228582554245087,2.7178428680782796,5.391994655291432,-1.8749449355182524,41.602045739359326,6.081842525455228,-1.1532789189023784,49.81765747361309,4.887040525325337,3.088562947586526
1993-05,-12.623269569213358,1.7203883272883358,4.092678730348842,0.0,-2.804645354044577,17.75701864082768,1.4823697821287674,0.0,3.7910266075226406,1.1969933726533322,0.0
1993-06,-26.96686264654432,-1.6912915449682653,2.70254151694016,3.5499320341731533,-1.8822972242812042,1.3612952032106218,0.0,0.0,0.0,3.626816195152305,4.6533542098919245
1993-07,164.9263976651587,1.7203883272883358,4.069549351274038,0.0,-1.8852543099055485,-29.994590471198645,0.0,2.3459354442521008,0.0,-2.345932937315842,0.0
1993-08,133.94424478363226,-1.6912915449682653,0.0,0.0,-0.9482347122561574,-26.672945022786067,-1.4607165612225192,1.1644702688842434,0.0,11.233018493157987,0.0
1993-09,-35.28295505579811,1.7203883272883358,2.687411483437452,0.0,0.9573122795959899,72.3911902286312,-1.462496773665689,-1.1510664423873829,0.0,-10.098636758516943,1.5237804649818498
1993-10,-50.002732018204924,3.4628656163221194,2.681406795964536,-1.7278187109982857,-0.9482347122561574,11.48512807165436,-2.908884185240035,2.3413584177787827,0.0,3.62316642295204,1.521848032923323
1993-11,-72.97005476958496,3.452902454840645,1.3296205646577741,-11.548727728144236,-2.8222338688760895,4.134980911679786,0.0,-13.023868534112493,0.0,-2.343642199279161,1.5199204959194912
1993-12,42.02626825556648,1.7081441564131161,2.6724499065772456,0.0,-4.673852136179768,-9.040437418392877,1.4878836674313334,0.0,0.0,-2.3482281575779584,0.0
1994-01,244.11914896618998,0.0,1.3252155434501534,0.0,-1.901685802547104,-48.86605936852687,0.0,1.1758807929425519,0.0,3.626816195152305,0.0
1994-02,22.159364215240963,1.7057162063291775,2.6635526532466036,0.0,-5.6147168078599545,-23.011302443602766,-2.912413878150011,2.3620969236454847,0.0,0.0,0.0
1994-03,11.380842438791694,6.974029884055688,1.3208396130446554,0.0,-2.858081064766149,41.542633333138724,-1.469661227012764,1.1724342245933217,0.0,0.0,0.0
1994-04,-61.271557485141,1.6936792553110092,2.654714442385142,3.5817159254315722,-0.9634610495472429,42.12247261235167,10.877762116987434,-1.1588474998936005,40.75264835174326,8.62356647515643,1.5179978353946133
1994-05,-25.46431933088812,3.408768565743814,2.6488548136111234,0.0,0.0,19.578140785598563,-1.4589406773311997,0.0,1.2102728607858326,6.049657830029576,1.5160800328662072
1994-06,-54.08736578814357,-3.2964018554932473,3.9884047772287046,3.571058250992909,-2.8671855945754277,-2.6964647309649536,0.0,-1.1599676753204502,0.0,-3.4595263216311567,0.0
1994-07,-22.63953157858002,-1.6654715098456174,1.3093105146103845,0.0,-2.874052146596817,-31.28809517496487,0.0,0.0,0.0,0.0,-1.493438312802664
1994-08,308.03674901533105,0.0,0.0,1.7659592360343312,-1.9292004491760717,-30.10915777130102,1.480540890629034,0.0,0.0,16.395867120876908,0.0
1994-09,25.681197948390434,-11.150615366634842,5.326195538120859,0.0,1.9671507298930413,83.98792416111611,-1.4589406773311997,-1.1610900184056527,1.209053471538879,-8.899268494102186,3.053203087424783
1994-10,111.63068440862473,1.7105790281701116,1.3022064775807474,0.0,-1.9292004491760717,10.118410548294875,1.480540890629034,0.0,0.0,-2.314264588471604,0.0
1994-11,-40.866164855480406,-1.6818103333148593,2.6170836639043404,0.0,-0.9704735960777588,2.7776028487827675,-1.4589406773311997,-1.1622145354475255,0.0,-4.588091840960507,0.0
1994-12,-38.82351139212579,-1.6841706567210957,1.2979809379633833,-1.735314293002832,-3.8333904308929245,-5.3379720658314085,0.0,0.0,0.0,-1.1701475597117872,1.5122589283394827
1995-01,131.21999673014403,1.7130208512411205,1.2965785120838902,0.0,0.983195778197965,-49.26864547313913,1.480540890629034,2.36442390125855,-2.3761252595197457,6.049657830029576,-1.4897303481417046
1995-02,-26.64152867966305,-1.6841706567210957,2.605718649412192,0.0,-2.894850550726391,-26.611974636879467,-1.4589406773311997,2.359774521574387,0.0,-3.4595263216311567,1.5122589283394827
1995-03,-41.044498694459065,0.0,0.0,0.0,-4.793312812541817,46.50907403262114,0.0,1.1712898538546623,1.2102728607858326,-1.1690076465641241,-1.4897303481417046
1995-04,-12.699491567632426,-1.686537614432182,2.600073075481979,1.7659592360343312,0.0,53.12436700889855,0.0,0.0,41.019388694055394,-7.931454295599128,1.5122589283394827
1995-05,49.61805285007293,-3.351638366516374,2.5944519108601183,0.0,-2.9135923466364178,18.09089232825738,0.0,-1.1577294858516773,0.0,3.6122610436752467,0.0
1995-06,-7.291500587278055,0.0,2.5888549975908504,0.0,-1.9559276820486193,-4.0512108994618545,0.0,-2.3053729188090344,0.0,-4.623439948735831,1.5103555898416277
1995-07,-49.523755637704646,-1.693678574287083,2.5832821790795935,-1.735314293002832,-3.883000937209846,-30.546589252773494,6.0435659834243705,-2.309810196889517,-1.1622145354475255,-5.770367663706432,-1.4878832618262172
1995-08,70.029039952222,0.0,1.2813494918012314,0.0,-0.9872400437494933,-26.119314736997012,0.0,0.0,0.0,6.1237293626625,0.0
1995-09,28.073156065712524,0.0,1.2799827557389287,0.0,0.9970836528399252,103.11219929070265,0.0,6.007270928320607,2.36442390125855,-2.345932937315842,0.0
1995-10,-45.04612747637121,0.0,2.5722082066612195,0.0,-0.9872400437494933,8.576633445080306,0.0,-1.1577294858516773,0.0,-2.3505278732334767,0.0
1995-11,-59.52710252786177,0.0,0.0,0.0,-1.9671494905145415,4.178166581879306,0.0,-1.1588474998936005,0.0,0.0,1.5103555898416277
1995-12,16.014269535713765,0.0,0.0,0.0,-3.9051115635885036,-5.314338101695326,-1.4536388396709565,-1.1599676753204502,0.0,-1.1840019691246373,0.0
1996-01,174.75182857820846,-5.009371013844321,0.0,-16.17792334929753,-1.9768711741753098,-49.83868409431091,-1.4554018322086915,1.1735808336343245,0.0,2.4095241552223756,0.0
1996-02,-9.273811636292272,5.273542313920521,2.5667067462331383,1.7923351473086324,-4.883016894817982,-23.18320467572672,0.0,-2.307589424831269,0.0,-4.654819285174816,0.0
1996-03,-14.56200731725621,0.0,0.0,0.0,-0.9987432747464164,48.21264896546384,1.4768966125678684,0.0,3.5587041749740367,-1.1875169838533428,3.0377461455035837
1996-04,78.57222000117356,0.0,2.5612287674914525,9.245860955446595,1.0088187845110452,54.7145669994876,9.154227763882684,-4.574975224458955,21.68342027883643,1.2017884255163702,0.0
1996-05,9.852758381757987,0.0,2.5557741204250473,1.776415896163197,-0.9987432747464164,16.31341281053662,1.464281710979165,-2.3209784808497336,0.0,1.2005860643390376,1.5046742123332235
1996-06,-44.83524853232509,0.0,2.5503426562976106,0.0,-2.9713025154675554,-1.356677893733238,-1.4431499304849327,-1.1690076465641241,0.0,-8.037643774415315,0.0
1996-07,33.845011081884714,-1.6960723509029219,0.0,9.161211976870675,-1.9949460997624735,-28.293213974831886,0.0,0.0,0.0,0.0,0.0
1996-08,14.299605449973862,1.7253352856430926,2.5449342276346654,0.0,-3.9598716846940163,-28.969861704223998,0.0,-1.1701475597117872,0.0,2.429032608494852,-2.9445708106201507
1996-09,-12.510634130082277,0.0,1.2624768767226513,0.0,0.0,110.17997421310906,0.0,-2.329991166849088,1.1510665876706128,-4.691206922143576,1.5065632498144632
1996-10,10.033869371614635,3.472886435034872,1.261150083304563,5.367880483127729,-3.972980317910757,9.938963163199045,0.0,0.0,0.0,1.2102728607858326,0.0
1996-11,-56.304036555476124,0.0,0.0,3.5342506694410414,-1.0105177329566284,6.953830701426966,0.0,0.0,0.0,1.209053471538879,1.5046742123332235
1996-12,68.07090584626157,-1.6912915449682653,1.2598260756959467,1.7479532717358914,-4.963794157876878,-6.50171261358512,-1.4448875578771836,-2.3345238078277153,0.0,-1.1946099978880964,0.0
1997-01,46.90975717071622,1.7203883272883358,1.2585048451320358,7.150578924008455,-4.006134716532406,-52.134189602826694,0.0,0.0,0.0,2.4314933980573494,-1.4823693825033346
1997-02,-12.473533638005541,0.0,1.257186382885389,1.735315043507324,-4.019551909359276,-25.190081352082117,-1.4466293746268288,1.1886934630786827,0.0,0.0,0.0
1997-03,-33.55519977048955,0.0,1.2558706802646702,1.7328092964305375,0.0,56.345558670384136,0.0,0.0,0.0,-1.1934219505789767,0.0
1997-04,81.97079733917325,33.15309540745408,3.8070610623968104,26.8668770066969,27.644160547665386,76.2263736778492,15.595783870578117,19.228337434186283,28.282611266106716,31.408933574554474,26.712738746249222
1997-05,-5.507376583446155,0.0,3.7950225468117216,10.578915520642983,-1.0020793134211337,17.456311934522574,0.0,-4.557602599396226,1.126220060807781,2.3737778386256236,1.4750811928063934
1997-06,14.084136515794121,0.0,2.5077080909472915,5.1234695757747195,-2.9811438611425656,0.0,0.0,-2.3120352473113615,0.0,-4.588091840960507,0.0
1997-07,-36.7405205057437,0.0,0.0,3.3752144577505305,-2.0016010189504496,-31.534240104181254,-1.4311025817730583,-1.1644701167144778,0.0,-2.3277314399814397,0.0
1997-08,70.33135733114959,1.6771101329240201,1.2441521236140396,0.0,-5.9047242451886195,-27.41344515372116,0.0,0.0,0.0,7.306528139504875,0.0
1997-09,-15.517100211207113,-1.6494470886627033,0.0,0.0,1.021702585224249,120.80203600360883,265.9964679422721,-4.588091840960507,1.1251640864530676,-2.318736192746085,1.4732702305607415
1997-10,37.2374966600437,0.0,1.2428635471327887,0.0,-3.0060347977562074,12.56460346540793,0.0,-1.1701475597117872,0.0,7.277001569357311,-1.4518801130713244
1997-11,-76.38518272746883,-1.6517173869810553,0.0,-1.644925163522959,-3.0135833279578694,6.742906642767776,0.0,-1.171289698089073,0.0,-6.783375246233425,1.4732702305607415
1997-12,-22.22250672208057,-3.2828760097122545,1.2415776370302334,-1.647183022718901,-4.988550959902249,-3.8354322155176424,-2.5584949900293474,-2.3322552851933964,0.0,-2.3232251096714007,1.4714637094339178
1998-01,267.79704247586693,-1.6585659345893844,1.2402943850399417,-6.449317537840282,-3.033899317184685,-56.14073821962072,-1.2896113671658327,0.0,0.0,-1.1701475597117872,-1.4501256369450877
1998-02,32.50932101520754,1.6865382840422827,1.2390137829276338,-19.68880779271407,-3.04158860628867,-20.21933650182849,0.0,-6.860910085457395,0.0,1.1840021317634841,-1.4518801130713244
1998-03,44.098227575034585,-1.6585659345893844,0.0,-1.6889112344585677,-1.026070535199608,52.21334191322824,1.306459618918776,-2.3505278732334767,1.1241100904433976,1.1828350790849873,1.4732702305607415
1998-04,-13.480307323180485,1.6865382840422827,-2.4339562734120967,1.717925470733328,0.0,54.107347888222755,-2.5639612538498113,-1.1840019691246373,20.738459583664515,-1.1690076465641241,1.4714637094339178
1998-05,92.61313511439056,0.0,1.2402943850399417,0.0,1.0367078893885884,12.623278257694981,0.0,-4.663863181295347,0.0,1.1828350790849873,-1.4501256369450877
1998-06,-48.08246076228855,0.0,0.0,0.0,-2.0424819468108257,0.0,-1.29238912786942,-2.366752870815103,0.0,-5.7208647694062975,1.4714637094339178
1998-07,-57.204758790004206,-1.6585659345893844,0.0,0.0,-3.0544910626329136,-35.7101021977522,0.0,1.205410002088092,0.0,-3.4863258530305807,-2.8809516642790856
1998-08,-7.543474981794818,1.6865382840422827,0.0,0.0,0.0,-21.963977712106107,0.0,1.2042003871191032,0.0,6.086468307655624,0.0
1998-09,162.09545728827314,1.6841713225800747,-1.225099544182351,1.7154696554351867,0.0,101.96083560776698,-1.2937825003680126,-2.366752870815103,0.0,-4.6145519671577535,0.0
1998-10,293.91360607040167,3.389513567355751,0.0,-8.175239775097786,-1.0304760843649396,11.02395748450229,1.3107406333068283,0.0,0.0,4.837794508832194,1.4732702305607415
1998-11,-19.135471989551046,0.0,0.0,-1.6984729034629775,-1.0313617378318707,0.0,0.0,0.0,0.0,2.3832060771180386,-1.4518801130713244
1998-12,-55.890676132622175,0.0,-1.226351530674108,-1.7008802607785367,-1.0322489149634184,-5.083629748539931,-1.2937825003680126,0.0,0.0,-3.4728743917804894,17.339992684575268
1999-01,-5.16752793953591,1.6771101329240201,0.0,-1.7032944518238224,-1.0331376196940245,-52.354995295380476,0.0,1.205410002088092,0.0,-3.482953229178698,0.0
1999-02,-35.15236363595549,1.6747695422891562,-1.227606078678467,-1.7057155057366713,-4.077591949903681,-24.525308434273075,0.0,-1.1910529309285933,0.0,-1.1770339975898714,0.0
1999-03,-29.836229510552425,0.0,1.2428635471327887,0.0,-3.0832653802878696,50.0606846887272,-1.2951788805591113,0.0,0.0,0.0,-1.4345241080578108
1999-04,53.36043796907588,0.0,0.0,-6.673392711279402,0.0,52.074075368165374,5.343980991384734,-2.3714298052380234,17.805215093294247,-2.343642199279161,0.0
1999-05,-10.42487392448026,0.0,0.0,0.0,4.262249867916723,12.6380325868497,0.0,0.0,0.0,2.3998869628760744,1.455402203536682
1999-06,-45.38449855526899,-1.647183022718901,2.4972712397882013,1.745410920880075,-1.0367077937936675,-2.600069292441798,0.0,0.0,0.0,-4.636836290820801,-1.4345241080578108
1999-07,-20.936414656936364,-1.6494470886627033,0.0,-5.065750152226656,-3.0832653802878696,-34.921507682571686,-16.740642876969225,3.6637224125997347,0.0,-1.1828349170865504,-1.4362410136575354
1999-08,131.58347687392413,1.6771101329240201,0.0,1.7505030395462473,-2.070676400422189,-22.008508817340065,0.0,3.652571929074777,0.0,1.1969933726533322,-1.4379620338561216
1999-09,-1.827824091140029,0.0,0.0,0.0,-1.0421095605089525,99.63611455140591,-1.3107403890274538,-1.1875169838533428,0.0,-1.1828349170865504,1.4589410522842572
1999-10,22.30866732151957,-1.6494470886627033,0.0,5.3281658525527575,-3.099190123590445,11.062031452953214,1.3281489740569974,2.4168029942147617,0.0,4.867222317299991,0.0
1999-11,-71.70002349843618,-1.6517173869810553,0.0,1.7403483409589304,-1.045742120274884,0.0,-1.3107403890274538,1.1993861065976663,0.0,-4.641319002970445,-1.4379620338561216
1999-12,-52.71339810675917,1.6794572747959036,0.0,0.0,-6.130910508270448,-5.099829615417139,0.0,1.1981885450923713,0.0,-2.3551408436525145,0.0
2000-01,138.53492187113977,-4.8803695628479975,-1.225099544182351,8.969595874753612,-2.094164026478118,-52.474325839882226,0.0,-1.1840019691246373,0.0,0.0,0.0
2000-02,-19.88193058309883,1.6841713225800747,1.2402943850399417,-1.6984729034629775,-4.1552376801774376,-23.516010244104603,-2.608546806977241,-2.3574541250106273,0.0,-3.5204148017249914,0.0
2000-03,24.815788408032624,-4.893634999641505,0.0,1.7278194486185061,-7.19166531419011,42.12247261235167,-1.3150495481340063,3.641489105225837,1.0904027775720637,7.419418882022577,-1.439687183461591
2000-04,-7.700720789297433,0.0,-2.436427047844014,8.903088616920574,0.0,52.50869761230419,8.242966953375742,-4.6593368454753925,11.39523828890523,-5.787059499448965,0.0
2000-05,-14.94662257583551,0.0,5.051590692686392,1.7130208512411205,-2.1181905842056037,12.727287156091505,-1.3078832710520683,1.2017884255163702,1.0796117745234701,9.992125969729472,0.0
2000-06,-2.0184341943732975,-1.6631632711142874,0.0,0.0,-3.16735265820306,-2.617079780875553,-1.3093102713955362,-1.1875169838533428,0.0,-14.371229418444397,0.0
2000-07,-32.57525947148249,-3.3054811707901144,0.0,7.004549566183105,-6.258773841032738,-35.997535942817635,1.3266806372476792,2.4168029942147617,0.0,8.7401455381362,-1.4414164773543514
2000-08,57.65312139909482,0.0,-1.222603224419172,0.0,-3.192630943742214,-24.327712769150022,-1.3093102713955362,4.877111292195702,0.0,19.435418705917364,-1.4431499304849327
2000-09,12.886550648250882,0.0,0.0,1.7008809534604374,-5.282762164693844,75.88286506546342,-1.3107403890274538,-5.781484837964634,0.0,-22.07243699335294,1.464281710979165
2000-10,26.974215437652838,0.0,1.2377358224948454,-17.04237846741572,-2.154314916064315,14.314204369599604,0.0,1.2005860643390376,0.0,-14.531549195838,0.0
2000-11,-36.996615422965064,-1.6701072614338175,1.236460495575531,1.7253352856430926,-2.1581892798433477,1.3385190475861064,-1.3121736341736745,0.0,0.0,-7.055807947709769,0.0
2000-12,43.77119126118989,0.0,-1.2213588755699334,3.472886435034872,-5.324947442115868,-5.1880023593857345,-1.313610017103839,0.0,0.0,5.004201670748687,-1.4431499304849327
2001-01,189.79037912699775,-1.6724348280118373,-1.222603224419172,3.4628656163221194,-2.171859985579072,-51.76880129971657,15.564575856852581,-2.3597719549510177,0.0,-11.52498958952981,-1.4448875578771836
2001-02,-19.76333965441842,0.0,0.0,-1.686537614432182,-4.308120674980143,-26.038957141067343,-1.2993861649908234,-2.3644213143455883,0.0,-5.983209187515559,0.0
2001-03,-45.54114882607996,0.0,0.0,0.0,-5.3774309558302535,29.563751035392304,0.0,-3.534237751966296,0.0,5.062243706703917,2.9518197450840056
2001-04,-27.080033807953885,-3.3237906615264823,2.4895004325550696,8.850588334168364,-1.1024233936898886,56.374430400428174,0.0,0.0,12.467142374652074,-1.225099544182351,1.4624971522883445
2001-05,24.359657794448243,0.0,0.0,0.0,-1.1034370957615058,16.173754841471457,-1.3007946738657572,-5.843402962607714,0.0,5.046280978415085,-1.4414164773543514
2001-06,-38.17520399380898,-1.6794566163612856,0.0,1.7032951484466263,-3.2798853249893622,-2.675424639501489,0.0,1.2139458308975781,0.0,-7.1256057350277064,0.0
2001-07,-34.03106213819018,0.0,1.2351877940375955,0.0,-6.478321229302042,-34.84298292376686,-1.302206239601733,1.2127190329860538,0.0,3.7711724608334274,-1.4431499304849327
2001-08,122.1645612333993,-1.6818103333148593,0.0,0.0,-6.513471740408616,-27.964141801432707,0.0,4.927164996405109,0.0,27.623053181203105,0.0
2001-09,-25.97502309269911,0.0,0.0,0.0,-3.325325611618546,93.6680643219719,-1.3036208721611597,-6.967088459570158,0.0,-24.491795018258866,1.464281710979165
2001-10,19.885106668317775,-1.6841706567210957,0.0,3.4282435595216265,-2.234543487781626,10.009973424037488,-1.3050385815496224,2.4413866160251096,0.0,-10.572702701656988,0.0
2001-11,-66.30606783247322,0.0,0.0,-1.6701072614338175,-3.3407534402768113,0.0,-1.3064593778153832,-2.3832034070136454,0.0,-10.666583585976719,-1.4431499304849327
2001-12,-12.37566467403316,-1.686537614432182,1.2339177097834275,0.0,-3.3500790367792965,-10.335177341711365,0.0,-1.2005858923946233,0.0,6.4807989970948165,-1.4448875578771836
2002-01,155.14082398268206,0.0,-1.2188777612269108,-3.319194300962558,-4.456075362844025,-53.39714359836207,0.0,-2.3903238480660116,0.0,-11.831401160135757,1.4660706299997939
2002-02,-49.02634390906135,1.7154696554351867,0.0,0.0,-6.639559314243327,-25.590119182183024,-1.3078832710520683,-1.204200213094675,0.0,-8.509619651405952,0.0
2002-03,-8.328339679448426,0.0,0.0,-1.6771094781621532,-4.4978236167149905,38.36750850762067,0.0,1.218877943892327,0.0,7.925549097348172,2.9481939415919145
2002-04,63.4945158947722,-1.686537614432182,-1.2201170570756648,-11.225032217938102,0.0,62.450448170093445,-13.565009301652609,-1.204200213094675,14.727080958596739,2.5639648310572083,0.0
2002-05,84.48127100086576,1.7154696554351867,-2.429029726994547,0.0,-2.2812694322431493,10.241683162653569,-1.3252152881997437,4.957693332816904,0.0,0.0,0.0
2002-06,-9.508776086746485,-1.686537614432182,0.0,0.0,-4.523250110581845,-4.083372483058067,0.0,-1.2005858923946233,0.0,1.2718431773373728,0.0
2002-07,-32.122075121622395,-3.351638366516374,1.2377358224948454,-3.365737925062684,-4.5403613898531425,-35.56451592709999,-2.637208808954783,-1.201788252881908,0.0,6.501860728058628,0.0
2002-08,86.98865398193058,-1.693678574287083,-1.222603224419172,0.0,-3.436412422620949,-25.348598573253213,0.0,4.947475281608482,0.0,28.23746650176149,0.0
2002-09,-12.933772847206837,1.7228582554245087,0.0,-3.375203713488306,-2.309810196889517,93.87401866147853,-1.329620305996504,-8.115249991356588,0.0,-22.993903704127348,0.0
2002-10,-14.808582788271096,0.0,0.0,-8.265279122781067,-1.163341232767967,10.254175702618218,22.046240987390142,1.220117240485341,0.0,-12.991873685167066,0.0
2002-11,8.37229734817062,0.0,-1.2238501113654987,0.0,-2.3164982327930184,0.0,-1.3093102713955362,0.0,0.0,-4.973049115731687,-1.4414164773543514
2002-12,-9.569387768556158,0.0,1.2390137829276338,0.0,-4.592480773007912,-5.416255116420654,-1.3107403890274538,1.218877943892327,0.0,6.580272031548362,1.4624971522883445
2003-01,64.00249249541898,-1.693678574287083,0.0,1.745410920880075,-5.731791893442573,-55.42501865838485,-1.3121736341736745,0.0,0.0,-14.231657620730509,0.0
2003-02,-22.485365824482994,0.0,0.0,1.7428759546632477,-2.341355930351674,-23.79245565141639,0.0,0.0,0.0,-2.544930755467978,0.0
2003-03,-3.8892926721131538,-1.6960723509029219,0.0,0.0,-3.4998819111862423,41.35517313713903,0.0,6.225358939400083,0.0,8.02264379882649,2.9409689893554303
2003-04,12.593872595545207,0.0,0.0,7.129346052819541,2.4046959038973137,57.02513425549927,63.55486035474118,-1.1981883745171173,4.285076643688712,-6.225234473418939,0.0
2003-05,21.546442974841295,0.0,0.0,0.0,-2.3482281575779584,13.642518595996368,0.0,-1.1993859353392367,0.0,3.9360823495899755,0.0
2003-06,-32.52937539541452,-3.3704641738918517,1.2377358224948454,-1.7032944518238224,-4.654819285174816,-4.158837342624977,-1.2611498739488747,-3.562211849558161,0.0,0.0,-1.4379620338561216
2003-07,-41.23378709878498,0.0,0.0,1.7328092964305375,0.0,-36.10793152843675,0.0,2.448859521207125,0.0,13.632200472854738,15.495265658261225
2003-08,33.53195399095996,0.0,0.0,0.0,-4.672942281950842,-27.990972959772375,-1.2624766664845355,3.6862288519778463,0.0,25.440256353016476,2.9018562721762287
2003-09,17.60538391288875,3.4880268699182704,-1.222603224419172,0.0,-1.19223626393552,114.29017503664612,0.0,-8.115249991356588,0.0,-22.28408420251227,1.4379623877027514
2003-10,-21.657207371693588,3.4779186224700442,-1.2238501113654987,-1.7032944518238224,-5.837719308562428,7.3362951986832625,-1.2638062536265537,0.0,0.0,-6.186733685793955,0.0
2003-11,-59.16455683515004,3.467868787291839,0.0,0.0,-2.3855721693989085,1.4209355723103556,-1.2651386442130819,-1.2066218741507817,0.0,-16.527134651205934,0.0
2003-12,32.89980968073798,1.7154696554351867,0.0,0.0,-4.728167825970142,-4.149252068146325,0.0,0.0,0.0,6.6977600790074865,0.0
2004-01,154.8585495552175,0.0,-1.225099544182351,-1.7057155057366713,-7.042012080882854,-55.94938744189536,-1.266473847120586,-3.5834847389028313,0.0,-15.573766576497105,-1.4175781471306381
2004-02,17.22707982588738,3.452902454840645,1.2402943850399417,0.0,-4.775195951560729,-19.266647944217187,1.2827191496833867,-3.594216736535971,0.0,-1.3036208721611597,1.4379623877027514
2004-03,-16.38601592056054,0.0,0.0,0.0,-2.424123082833074,46.16095751758069,-1.266473847120586,2.4715552553421727,0.0,8.168194161611497,-1.4175781471306381
2004-04,-30.658741428140544,-1.6818103333148593,0.0,-3.38950263982315,-2.429029726994547,57.54552229232712,-9.738147238081385,-1.21271885398474,8.706194922262522,1.3121738795229598,1.4379623877027514
2004-05,22.725887635607943,0.0,-1.225099544182351,0.0,-2.4339562734120967,17.027492516633757,1.2937827322484718,2.469012755033795,1.044831706870264,0.0,-4.19762536438808
2004-06,43.336812020245105,-1.6841706567210957,0.0,3.508420650383992,-3.63779526004937,-4.178141346586461,0.0,7.559577557016772,0.0,0.0,0.0
2004-07,-46.577211945136824,0.0,0.0,0.0,-4.837749141109981,-38.10762312889333,-1.2772577914958672,3.693792566043852,0.0,12.377617457772638,-1.4226197484483283
2004-08,0.0,0.0,-1.226351530674108,1.735315043507324,-2.456375299187885,-21.314268159093373,0.0,4.937299255699856,0.0,27.4674114604599,0.0
2004-09,47.42051108680916,0.0,-1.227606078678467,5.281277020212549,0.0,117.35323510707434,0.0,1.209053471538879,0.0,-21.548575550214466,1.4431502894658887
2004-10,258.3644978994435,-3.3469647256472057,1.2428635471327887,-1.6984729034629775,1.2519400437873474,15.143869363903327,0.0,0.0,0.0,-6.264217279447493,1.441416834613829
2004-11,5.558462173351808,0.0,0.0,3.4829654128808007,-2.458891820709841,7.238971793406845,0.0,-10.290904794539212,0.0,-12.22873939070449,-1.420935234928511
2004-12,-68.36546296744947,0.0,0.0,1.7228582554245087,-6.055650527845591,-8.049190004642092,-1.2786187109575242,0.0,0.0,4.006156044769571,2.9018562721762287
2005-01,47.645599825008404,-1.6912915449682653,0.0,-5.0024117172462805,2.5341858930309824,-55.642406666103106,1.2951791134423019,-4.742178732904801,1.0439227786408045,-1.2993861649908234,1.4379623877027514
2005-02,-15.95149945569203,1.7203883272883358,0.0,0.0,-4.886993281130014,-28.469563731171633,0.0,-4.760989596422183,-1.0331376196940245,-6.350377323294365,0.0
2005-03,-3.8211852234408594,1.717925470733328,0.0,0.0,-3.7013718398116624,74.75943544285117,0.0,6.284021503469672,0.0,5.391994655291432,0.0
2005-04,-28.56470894461909,-3.351638366516374,0.0,0.0,2.5476355717014343,50.05561092142561,0.0,6.251295450424887,7.520116410333122,1.317938345671199,1.4362413658133288
2005-05,8.328738865109187,0.0,0.0,1.7278194486185061,-1.2493330582661333,13.608185365002988,0.0,3.6900068334349445,1.0376042919538975,1.3164924862199445,-1.4159055446798852
2005-06,-57.10601061446968,0.0,0.0,0.0,-8.45824135176947,-5.496867799216021,-1.2786187109575242,-4.718873116986943,0.0,-3.8518451187112057,0.0
2005-07,8.899789119068924,-1.693678574287083,-1.227606078678467,0.0,-4.952529206718859,-40.61875121283409,0.0,7.512273545874804,0.0,6.758091005480948,0.0
2005-08,2.144691341706162,0.0,0.0,1.7253352856430926,-3.751508765896605,-20.070598265993446,0.0,8.75836096672411,0.0,10.94858978196771,0.0
2005-09,39.726455267400596,0.0,1.2428635471327887,3.472886435034872,2.5832821790795935,135.8503710787449,-1.2799825335948811,-2.3644213143455883,0.0,-14.459857503544116,0.0
2005-10,-15.303221301010527,0.0,0.0,12.606458248403118,1.2813494918012314,11.824295776361815,-1.2813492687068884,0.0,0.0,-7.583179323888012,1.4362413658133288
2005-11,-30.286059197483905,-1.6960723509029219,0.0,1.7008809534604374,-3.751508765896605,5.705995630186078,1.2979809379633833,-14.504581841020803,0.0,-8.850079142184153,0.0
2005-12,13.720404588523639,0.0,1.2415776370302334,3.4233539806342916,-4.988550959902249,-1.3753364877303387,-6.257686287996034,1.220117240485341,0.0,2.690423922978402,1.4345244585324268
2006-01,348.48446734624304,0.0,0.0,22.140841305128014,-1.2745446250972403,-59.600886138712106,5.308528051246375,-2.397486962863804,0.0,-12.482788149055846,1.4328116511228117
2006-02,-51.17463266322473,0.0,1.2402943850399417,6.815646414033272,-6.231697891152077,-21.456500926893185,0.0,-1.2078363608019727,0.0,-3.9490137117184743,1.4311029289160393
2006-03,-26.16237345301974,0.0,-2.436427047844014,0.0,-1.2827189256332305,66.11968431346662,0.0,7.543743526839952,0.0,8.377165305759515,-2.803553347582788
2006-04,17.67005259142289,0.0,0.0,-3.2385806270913253,3.9447072237328573,49.54586099470364,-9.847936871080442,-3.56573977628859,7.466663152654585,5.478127285476031,2.8844195895437297
2006-05,54.7145669994876,0.0,1.2415776370302334,3.3469751147512383,-3.7950053726566235,10.355223127054082,-2.572204583222093,8.822716935102527,0.0,6.85848047107398,0.0
2006-06,6.003265029311655,0.0,0.0,0.0,-2.5530519830349485,-1.3928968052690394,1.3121738795229598,-1.1969932027578456,0.0,0.0,1.429398277314764
2006-07,-41.443826025658794,0.0,-1.226351530674108,-1.6315069324480347,-1.2868455212924124,-38.549629076598876,1.3107406333068283,3.67494117721765,0.0,0.0,10.39363085120064
2006-08,255.50870773805295,0.0,-1.227606078678467,5.051590692686392,-5.062189311104404,-19.850168027652025,0.0,15.405898980684052,1.0304761776818827,14.062945746538213,0.0
2006-09,-26.955817840269013,1.7253352856430926,-1.2288631960637786,0.0,1.3093105146103845,114.73234373503493,0.0,-5.7759209030237795,0.0,-14.62102779997747,0.0
2006-10,-31.63987504502409,0.0,0.0,-1.6270827033978308,2.6314301020895714,18.11359659677518,13.820344460939605,-4.668398318223832,0.0,-8.896913757628234,0.0
2006-11,-61.10950179827279,1.7228582554245087,0.0,-4.8151065125999315,1.305038821605753,1.3864598982814336,0.0,-8.068507570725858,0.0,-10.18186361845136,1.4159058773098865
2006-12,33.53195399095996,-1.693678574287083,0.0,0.0,-1.28822695967159,-2.7178383515375493,-1.2799825335948811,-2.3855721693989085,0.0,2.7302092618196383,-1.3961378790255385
2007-01,112.01377827127116,0.0,1.2441521236140396,8.560327280783198,-2.5639612538498113,-58.81820258316045,-5.035641696341397,-1.201788252881908,0.0,-11.457824105286962,0.0
2007-02,-45.635976664717425,0.0,0.0,-3.2255241434094417,-6.310318598238207,-23.688715083980792,0.0,-10.359938022623572,1.0295920436374617,-1.3505703577839867,1.4159058773098865
2007-03,27.07517140161393,0.0,-1.2288631960637786,-1.6292918145740742,-6.343665600237691,65.80645914132563,3.95336997448017,-1.213945651170878,0.0,5.579995963897888,-1.3961378790255385
2007-04,6.094709313501356,0.0,0.0,-3.2385806270913253,6.773343886341232,55.76390857390996,2.6113887919799295,2.4715552553421727,7.407428977267094,4.1397351888981415,2.8501673607518097
2007-05,23.919936438095046,0.0,0.0,5.058687714177346,-2.5832784928293995,8.753799999204514,0.0,8.878636284111764,0.0,6.961896322385552,0.0
2007-06,-32.485903223412706,1.7228582554245087,0.0,1.6539945628448738,-5.1161330354617345,-4.101980811163286,-1.2799825335948811,3.693792566043852,0.0,-6.508762991076877,-1.3945154589891207
2007-07,-7.700720789297433,0.0,0.0,-1.6270827033978308,-5.138033734613689,-36.62570900556188,-2.547632084767004,7.488842759201919,0.0,2.733318462996892,-1.3961378790255385
2007-08,109.69724751291116,0.0,0.0,3.3330318917865753,-3.893498500203685,-18.546118763842813,1.2993864009149814,11.350967495667064,0.0,22.18163253516685,5.774623722519756
2007-09,7.826521343018422,0.0,0.0,0.0,2.6844057819598754,110.61658119002522,-5.040928925208366,-9.11024454860041,0.0,-14.78582309816473,-1.391281904765973
2007-10,7.775830266868877,1.7203883272883358,0.0,8.499727185060003,4.042136811771169,13.24160464152735,1.3036211111761231,3.656281208643186,0.0,-3.9533497486279434,4.287628051577386
2007-11,-58.13196941325434,1.717925470733328,0.0,11.995076592925912,0.0,7.093538003781807,2.6199404239838353,7.411784458151649,0.0,-7.788136243481169,-1.3880633113153462
2007-12,8.328738865109187,3.4578768595706633,1.2441521236140396,15.499705656363783,-1.3107403890274538,-4.024044298150386,-2.5530519830349485,11.233018493157987,0.0,0.0,-1.389670744440541
2008-01,26.725075488778714,1.7105790281701116,0.0,9.978288524075186,-1.3121736341736745,-57.362211733611716,2.6199404239838353,-1.171289698089073,0.0,-9.089312410472184,1.4092547453513182
2008-02,-17.8849409058667,3.4429964544457903,0.0,0.0,-2.611384942643702,-25.781146889250905,-1.284091513753427,-5.737271119257703,1.0225732158546608,-5.332043894496374,0.0
2008-03,14.828914521889791,8.785826836772138,0.0,1.5904242265383006,2.681406795964536,60.56858150821485,0.0,4.842674411447345,0.0,8.556260417981454,-1.389670744440541
2008-04,-5.735443547416342,8.722005678354883,0.0,13.370535072073885,1.3296205646577741,57.70731990146083,-1.2854670424861991,-35.11016744475286,7.355559528086553,5.5929964918366215,1.4092547453513182
2008-05,14.725098180711038,5.116189788173298,0.0,3.165968356949578,1.3281489740569974,7.212875406207497,0.0,59.65185632244747,0.0,2.7489712948568057,-1.389670744440541
2008-06,16.77642365604328,6.844793189599296,1.2428635471327887,18.530058871549947,-1.3107403890274538,-2.742684015273822,-1.2868455212924124,21.93910849052316,0.0,-2.675424639501489,2.8366931535862117
2008-07,-26.81741716426749,3.351648813782937,0.0,31.40104140286628,2.6724499065772456,-37.40103154301789,0.0,18.80748462115975,0.0,5.567055719179859,0.0
2008-08,21.66276308158981,5.051590692686392,0.0,6.167781186450094,-5.143538230907674,-18.485111605102812,-1.28822695967159,5.8549008920512735,0.0,20.648759575071686,1.4059525565570885
2008-09,1.9623256431553715,1.6517180029786527,0.0,-4.3868540385422765,4.042136811771169,112.98322420822791,2.625672694369263,-18.625801685687172,-1.0062808330311368,-13.691414725413741,0.0
2008-10,10.152626965287004,5.023400590585503,0.0,-5.830630265610326,4.028568548118572,14.73541445148918,-1.2868455212924124,-18.918395476635386,1.0165097760736375,-2.6605959039289973,0.0
2008-11,-38.8273002213285,0.0,0.0,-21.600634157365562,-1.3064593778153832,5.606057725131852,-2.5612252055305595,-33.39651914878152,0.0,-11.494362593975183,0.0
2008-12,26.92401808094416,-1.6183058396646244,0.0,-19.511847126647275,-2.600069292441798,-4.006134716532528,-1.2909987533573086,-21.781072475008735,0.0,1.3721914566589444,-4.106659419464198
2009-01,33.845011081884714,-1.6204911667238031,-1.227606078678467,18.634443257006296,1.3266806372476792,-63.602644677817956,9.490129727787,-16.05455828775062,0.0,-18.62260127585268,0.0
2009-02,-42.305851847931805,0.0,-1.2288631960637786,-1.531559063221677,-3.880908212842449,-20.137680694718608,-2.5503391545173115,5.154641152600137,5.173526792438321,-2.736430112014687,0.0
2009-03,2.0286720879089115,3.3192043494622903,0.0,-6.0056602881678245,-7.647582533601405,56.1420132513184,1.300794910814429,6.45292796898056,-2.9786774185304954,8.659104536586227,-1.391281904765973
2009-04,10.507953893807365,-3.212572503206146,0.0,-4.5590452781614665,-1.3222947890022319,60.28288599499953,-6.2707619127161385,-1.2402941891934804,7.298067564678989,-7.969055675100445,1.410911663431591
2009-05,19.45637182859481,-1.6226824036738807,0.0,-29.37955134909175,-6.459728912318862,10.266698732978185,1.306459618918776,2.5261840315596196,2.025248397920776,0.0,-1.391281904765973
2009-06,-19.559159770996747,-3.2255241434094417,0.0,-10.669591213044916,-3.9446871746258716,-5.422372076160354,-2.5639612538498113,6.411567885846048,0.0,-4.08800872158086,0.0
2009-07,-33.377653534125386,-1.6292918145740742,0.0,-9.295345531349518,-10.236094117152106,-40.175365140328935,3.970810108090883,7.696898092667825,0.0,2.8233457379694515,-2.7679881029809117
2009-08,149.5151391633625,-3.2385806270913253,0.0,-6.338641107548259,-9.089312410472184,-17.391981683840463,-1.28822695967159,2.492085322859494,0.0,16.414651672774827,0.0
2009-09,-15.928032508783508,1.6608620512789107,0.0,-4.8151065125999315,0.0,99.53874097849874,-1.2896113671658327,-1.222603224419172,-1.9850462799381963,-14.100159590662276,1.4142372155871774
2009-10,-52.32926065630606,-3.2429563071816547,-1.2301228907320993,-3.2473438262376475,0.0,11.780809406405446,-2.566703153697447,-1.2238501113654987,0.0,-6.735169430083476,0.0
2009-11,-35.7101021977522,0.0,0.0,0.0,-5.332043894496374,2.8068370587490676,1.3093105146103845,-3.6341233999806044,0.0,-6.773169418928426,-1.3945154589891207
2009-12,8.91631109552673,-4.841001194056982,-1.2313851706168055,6.815646414033272,-9.198718450568656,-7.986725192288513,-6.310318598238207,1.2428635471327887,0.0,-1.3977640785381218,-1.3961378790255385
2010-01,161.30352902246824,0.0,-1.2326500436841359,6.777167866877853,10.130604209105787,-56.65036999306311,2.645934688257223,5.051590692686392,-35.5567355943444,1.4175784813353909,2.8501673607518097
2010-02,-9.389825437242827,0.0,0.0,8.48770992589818,-4.0421147066940115,-9.961703064873173,-2.5777296453999177,1.236460495575531,1.0457422192458932,0.0,0.0
2010-03,21.70181523780723,-1.644925163522959,0.0,4.981700353212859,-7.960250185232109,58.075361863167,2.645934688257223,2.4843467047607204,-1.034919627763231,5.774623722519756,1.4125724822462438
2010-04,90.54244502180705,-1.647183022718901,-1.2339175179336581,-4.745303549525104,2.8101233327405106,33.16380179370795,2.6401137090485527,2.4792142701847375,-65.16503882456885,5.746975383988029,-1.3928968052690394
2010-05,-13.809369609884847,-1.6494470886627033,0.0,8.428129503506309,-9.269721239749684,-2.7937634193996197,-1.2937825003680126,6.290607862542319,0.0,-4.101980811163286,-1.3945154589891207
2010-06,-12.327302982055121,0.0,0.0,3.2739297825510993,-11.859947249595837,-4.173298567072569,1.3107406333068283,-4.760989596422183,0.0,-6.773169418928426,1.4142372155871774
2010-07,-45.152282383199804,-3.278392024881438,0.0,3.2650226663679227,-13.224479258614219,-38.982927951312085,-1.2937825003680126,-4.779950258398258,0.0,-6.8116004505869965,-1.3945154589891207
2010-08,53.620344631641935,-1.6562767839619297,0.0,4.92043190042899,-12.112326980811272,-18.899546161767255,-2.5749641507224807,3.743723443911451,0.0,8.82889540723848,-1.3961378790255385
2010-09,75.36950413058747,1.6841713225800747,-1.2351876013967478,1.6096237102902977,2.923060580119796,113.89241307426201,0.0,-9.358727340563256,0.0,-17.991855740218334,1.4159058773098865
2010-10,17.764304389041484,-1.6562767839619297,0.0,0.0,-4.232163188586712,1.4260011278847573,3.9884047772287046,-2.4389028434160243,0.0,2.8948563641530534,95.32532495197789
2010-11,-23.949769257201837,0.0,0.0,-4.68357933547372,-1.4345241080578108,8.82889540723848,-1.2937825003680126,-2.443869559325329,0.0,-17.032258410379832,0.0
2010-12,-41.044498694459065,-3.2918808743572114,0.0,-1.59042369701623,-1.4362410136575354,-8.112638995554079,-2.5749641507224807,5.067587077323488,0.0,-1.4379620338561216,-1.3208393611492286
2011-01,75.98940884981789,0.0,0.0,3.2561638803866533,-7.002307289757114,-55.277299400345385,-1.2979807030585877,5.046280978415085,1.1423009191613431,-9.686256524924753,0.0
2011-02,0.0,1.6889119078467463,0.0,3.2473530323427813,-2.874052146596817,-2.9848511926010346,-1.2993861649908234,1.2351877940375955,1.1412145886868785,-2.8844138595132462,-1.3222947890022319
2011-03,-19.981843984937363,0.0,-1.2364603021392528,6.573065691229618,-4.2927118716059915,58.61490977477577,-3.8559703137335144,17.17031470147601,-1.1283378327299975,0.0,-1.323753427806329
2011-04,-32.99177708340786,8.696735937948553,0.0,6.537269383829036,1.4750811928063934,35.35337367813618,-1.3050385815496224,7.512273545874804,1.1412145886868785,-9.787746884842308,0.0
2011-05,-26.96686264654432,-3.273920271291375,1.2519400437873474,9.896061485484164,-7.076603351701738,-1.4142368845223685,11.036619677795766,0.0,0.0,9.236378390856913,0.0
2011-06,26.67579648146088,-3.2828760097122545,-1.2364603021392528,3.178546313056274,-9.833538937222453,-4.192737346119202,-1.2951788805591113,-10.310534614438838,0.0,-5.7126967206820645,0.0
2011-07,12.356399287739904,0.0,0.0,8.098405171378719,-11.255077473484643,-33.45633439833006,-8.757872696855252,8.84127833349686,0.0,4.513362315445613,-1.3252152881997437
2011-08,1.9495737108350397,0.0,-1.2377356282595176,8.044144942848153,-12.695232911032562,-16.379819391474303,-1.3064593778153832,6.199636697089006,0.0,14.050157524759289,0.0
2011-09,7.995928389801166,1.6841713225800747,0.0,3.1288247086566967,-10.11753998093382,101.39077454716339,1.3237536819322937,-13.486609002406203,0.0,-11.022730078832211,0.0
2011-10,62.95929992341984,0.0,0.0,4.714280357390033,-1.519920054234991,5.816598530869022,-2.597255685221922,-4.751565551004133,0.0,-4.313281550531977,-1.3266803808667849
2011-11,-65.96043761722161,0.0,0.0,3.1085634771051307,-4.502041499306597,4.313310213812804,-1.3093102713955362,0.0,0.0,-25.781146889250905,1.3445178352038845
2011-12,24.540090225970857,-1.6562767839619297,0.0,3.1005322638992583,-8.85007914218403,-8.112638995554079,-2.6057148334038716,3.7205117445784808,0.0,1.5199204959194912,0.0
2012-01,290.6993237984806,1.6841713225800747,-1.2390135878888597,-1.5141666349122618,48.658010292773966,-51.77364162289781,0.0,3.7090134869934843,1.140130322432653,-11.415488004770946,-2.637208808954783
2012-02,5.424485860725592,0.0,0.0,0.0,-10.009139642417331,0.0,-1.313610017103839,-3.576365604382925,1.1390481145201692,27.279357722761933,0.0
2012-03,7.258668295139259,1.6818109954487293,0.0,7.906411369514155,-2.9848511926010346,46.92369575334765,-1.3150495481340063,18.414012536016287,0.0,7.72330625750266,1.346025942822826
2012-04,-39.30622778672315,-1.65399394344371,-1.2402941891934804,7.854684035159076,1.5276600890377967,29.60404540585366,2.681406795964536,6.161449316585532,2.2877952516427547,4.54182841447901,1.3445178352038845
2012-05,-18.29002167041377,0.0,0.0,0.0,-11.46997779694605,-1.4159055446798852,2.6754288806030813,-8.037643774415315,0.0,-5.7537718120722054,0.0
2012-06,-42.27183965819123,0.0,0.0,-1.4971647815470446,-5.953534121943626,-4.19762536438808,-1.3107403890274538,-15.579308097922151,0.0,-9.914713575404765,-1.3266803808667849
2012-07,-31.209697954225668,0.0,0.0,1.5199204959194912,-5.983209187515682,-30.472226268658286,-1.3121736341736745,-2.409521365191858,0.0,3.0377461455035837,-1.3281487165391015
2012-08,-5.837719308562428,-3.287372276030154,-1.2415774403720325,11.078429426327752,-13.06318762831703,-21.220483758591968,-2.611384942643702,7.575478168707872,0.0,21.25380105048862,0.0
2012-09,-16.663369029234254,1.6865382840422827,0.0,17.735197136891003,0.0,101.73472036481512,2.681406795964536,2.453866924311665,0.0,-19.959777366542653,1.346025942822826
2012-10,12.956031763595988,0.0,0.0,-2.908884185240035,3.1743425720364815,5.83072603148318,-1.313610017103839,1.2176411622697447,0.0,-2.955448161471619,-1.3281487165391015
2012-11,-18.43256123636946,0.0,-1.2428633496582853,-2.9159521468228977,-7.529282954411509,2.8637701746242694,-3.8977134331769414,-7.0214190928125975,0.0,-14.026880198959946,0.0
2012-12,72.00471721543515,-4.9002947918403095,0.0,0.0,-7.576798580882693,-8.14013847920928,-2.622799510219187,3.7128383354736227,0.0,-2.9997731804583205,-1.329620305996504
2013-01,186.42800894959612,1.6912922221605564,-1.2441519253196365,-1.4714633214400474,-1.5696211118969905,-47.36075087764803,0.0,1.220117240485341,1.135813782390116,-8.774633207897297,-1.3310951600658094
2013-02,-55.05254883923366,0.0,0.0,1.49343872449903,8.209150566689338,-11.348098590851198,0.0,7.520116410333122,1.1347397495115041,0.0,1.3490523303415713
2013-03,-26.78031180986382,0.0,0.0,0.0,3.191224600703557,56.1420132513184,0.0,3.67494117721765,0.0,9.618632970689212,9.788509176774319
2013-04,-1.9559276820486193,-1.6631632711142874,0.0,7.664140656074037,4.8087203468488715,31.506456434161166,-1.3222947890022319,6.17412607995429,4.605735352207363,9.542200159487901,0.0
2013-05,-14.717960910187443,1.6912922221605564,-1.2454431756572681,29.971673830248836,-6.074035690157887,-1.4159055446798852,1.3400137206015517,0.0,0.0,3.068818120937711,1.3370277051728552
2013-06,-11.379447824423927,1.6889119078467463,0.0,12.153267952271474,-3.096524586920957,-1.4175781471306381,1.3385190475861064,-1.1886932978469877,0.0,-4.435490469603842,0.0
2013-07,51.83228686352537,0.0,-1.2467371090080115,8.905289640875225,-1.5634860367449543,-25.111557937083784,0.0,7.419418882022577,0.0,4.6413574363534105,2.687411483437452
2013-08,10.221758241528867,0.0,0.0,5.816598530869022,-9.061551947036007,-22.22852876878094,-1.3208393611492286,12.563143575829393,0.0,23.303872256331815,-1.3164922376243116
2013-09,89.96359814416644,3.399113800746645,0.0,10.329775168754885,3.2255331045177638,100.70961490532588,-1.3222947890022319,-4.610120776166482,1.1293999097981011,-17.666883741596294,0.0
2013-10,-19.954268290190136,1.6818109954487293,0.0,0.0,8.220391839775498,4.313310213812804,2.6964691070783475,-5.753771812072084,0.0,4.6175484795965005,31.688815008801164
2013-11,16.04862721422069,0.0,0.0,-2.761618411603284,1.5862197091857766,2.8467868235745097,-3.9146648076995083,-1.18167016344497,0.0,-1.491582026086602,0.0
2013-12,49.18799606420232,1.6794572747959036,0.0,-2.7679881029809117,-3.1005246134244158,-6.788489697315658,-2.634314297833751,0.0,0.0,1.5141670699468923,0.0
2014-01,30.38245267193318,3.3799674049099115,-1.248033733742282,1.4142372155871774,18.79323869238767,-50.17677651009909,0.0,0.0,1.1283379668735272,-14.026880198959946,0.0
2014-02,-20.513864596248034,0.0,0.0,2.8434142955841457,13.169039068168665,0.0,-1.3281487165391015,0.0,1.1272780190825449,6.25618261781955,1.3036211111761231
2014-03,-16.443244087733255,1.6724354755033533,0.0,5.746975383988029,-4.518992420445045,40.33759333763065,1.346025942822826,2.4046959038973137,2.264055970919454,7.834182038359727,2.6199404239838353
2014-04,7.484951824924946,40.93292921973277,3.8354501334584734,13.290427076176625,64.72821822657527,64.54218101327203,30.255519222859984,35.622332581132895,23.445424322497345,55.714603846001175,25.89578209390315
2014-05,9.375806818668785,0.0,0.0,64.8376495822464,-7.1610247987684446,0.0,-1.2993861649908234,4.728209219062007,0.0,-2.8603517725312333,-1.2598258672183005
2014-06,-22.325324654801047,1.622682977484513,0.0,1.33109541987666,-7.203995029330191,-5.434647528328496,-1.3007946738657572,-2.2812694322431493,0.0,4.446477729362686,0.0
2014-07,-15.233229343777433,3.2650226663679227,0.0,0.0,-8.637876492019336,-22.487156871152326,0.0,9.641156906466541,0.0,7.48261920367399,-1.2611498739488747
2014-08,57.391906779310546,-1.5925343223325839,-1.2454431756572681,-2.611384942643702,-7.300368147942882,-18.28461096599011,-1.302206239601733,1.1521717643633966,0.0,18.700281478651238,0.0
2014-09,110.04440111214807,3.2605872567184724,0.0,-2.617079780875553,0.0,102.60457768702342,0.0,-8.785332404998902,1.1044527869115583,-16.95840916274053,1.2772580117541343
2014-10,-64.9607689604884,0.0,1.261150083304563,-5.1824023575581695,4.6593758793923135,7.076811281276507,0.0,2.3322577341677864,0.0,4.408369201662454,1.2758999852725994
2014-11,-41.825683400818406,0.0,-1.2454431756572681,-2.634314297833751,-5.89505812233525,7.035337443036771,-1.3036208721611597,-7.770135635704001,0.0,-10.897741543161377,-1.2598258672183005
2014-12,102.38346407759434,0.0,0.0,-3.9360624753015494,-1.51225849549389,-9.089312410472184,-2.5944481604323166,-5.645525773130311,0.0,1.4589410522842572,1.2758999852725994
2015-01,154.8585495552175,4.913717177817745,0.0,-8.992084832599323,18.123935528806577,-44.468278313994084,2.6635526532466036,-19.06815267355023,0.0,-7.002307289757114,0.0
2015-02,-28.684074438517126,0.0,0.0,-1.3430128339239733,-1.493438312802664,-4.222237388985494,-1.3050385815496224,-9.084401162024381,2.2180252857567195,2.9518197450840056,-1.2598258672183005
2015-03,-9.814406993190882,1.6074675741253763,0.0,8.426157884314222,3.053203087424783,40.614415582815155,1.3222950420096913,9.992125969729472,0.0,9.073524724919668,0.0
2015-04,55.480637165128655,4.887040525325337,1.261150083304563,-2.654710331129051,11.03480901398064,33.710135155414456,6.7657088521990705,0.0,15.214647275448145,4.413773241126284,6.530156842863288
2015-05,43.50165380050277,3.221204256347976,-1.2454431756572681,1.3551461161334766,-1.478716110621714,-1.358213418429255,2.6430209938091975,3.6158888692721103,0.0,1.4466297370825387,1.2691529403087598
2015-06,-33.7199229417264,0.0,0.0,-13.834651588654513,-4.381515740396635,-4.028546738436301,0.0,2.390326550227684,0.0,0.0,-1.2532473151592227
2015-07,-15.510430442775647,3.2125813212234844,0.0,-20.849436918914577,0.0,-29.408064222680743,1.3107406333068283,7.313947244075858,0.0,4.392236178628051,0.0
2015-08,39.75905799361239,0.0,0.0,-15.450658900095625,-2.951813460324859,-16.903439819487897,0.0,-2.3209784808497336,0.0,21.967702768718556,2.553055499740453
2015-09,50.037962136087934,3.204004425086193,0.0,-18.030348932730522,1.5103555898416277,109.09603732154326,-2.572204583222093,-11.14027557664774,1.0884247611516296,-10.691636083640944,1.2664740600338176
2015-10,-26.44137397809072,4.828064143470101,1.261150083304563,-2.8266655184636447,6.159868379366706,6.961896322385552,1.3121738795229598,-3.5032874120837887,0.0,2.8775034451743675,0.0
2015-11,-67.18519302177977,1.5799544498781737,-1.2454431756572681,1.4448879185904984,0.0,8.357727344123367,0.0,-1.1840019691246373,0.0,-4.168466999133058,-1.2506350910204467
2015-12,17.421189219296764,0.0,0.0,-2.8299983992888578,4.564861097201511,-10.160331812081546,0.0,-5.7982411263251326,0.0,2.880957366843173,0.0
2016-01,105.91247578886166,0.0,0.0,-8.29000689379341,-5.781484837964501,-45.50307791712509,0.0,-10.261599669031563,0.0,-16.95840916274053,1.2664740600338176
2016-02,48.29246370484059,0.0,0.0,-9.675109473381493,-7.212651002985271,5.809560415487347,0.0,-5.877738592886272,6.689051669979551,7.445493929716718,-1.2506350910204467
2016-03,-9.271425133413924,0.0,0.0,-7.059957249715321,1.5122589283394827,37.66435334022087,1.3107406333068283,-1.2078363608019727,0.0,5.8807172073031655,1.2664740600338176
2016-04,-16.51093563314897,1.5778770138955789,0.0,-9.81058952606768,9.380689767098094,36.52726923977916,6.705242490940444,3.7090134869934843,11.30940487316714,7.363293606400378,6.473808700547101
2016-05,6.815646414033272,0.0,-1.2467371090080115,3.003533753797183,0.0,-1.3281487165391015,1.3022064775807474,1.218877943892327,0.0,2.870620385809053,1.2585048451320358
2016-06,-19.396194464849557,1.5758050337491225,0.0,-11.202603205110673,-7.195359797067258,-6.487657564303351,2.6170836639043404,6.225358939400083,0.0,-2.7905152851640858,-1.2428633496582853
2016-07,-8.05458959857327,0.0,0.0,-8.596650423106967,-8.627532975851471,-26.909814371601502,0.0,0.0,0.0,-1.4076013893858486,-1.2441519253196365
2016-08,5.175013872151069,0.0,0.0,-10.033027585920873,-5.873424595240362,-16.545865250786473,0.0,2.4364299646100873,0.0,16.768447646485196,1.2598260756959467
2016-09,66.41536736983842,1.5737384879758842,0.0,-5.902304744843057,-2.992293584822814,87.41022168087629,0.0,-9.206273864671521,0.0,-13.137752769599242,1.2585048451320358
2016-10,193.37018544508905,0.0,0.0,-1.5141666349122618,12.869296523285323,2.6934431232640943,0.0,1.218877943892327,0.0,11.941842988765949,0.0
2016-11,-5.726323120115929,1.5716773552231444,-1.248033733742282,3.096532197985069,4.611634352054073,6.842842320485554,-1.2827189256332305,1.2176411622697447,0.0,-5.471809552493745,-3.686213564548424
2016-12,-47.129142866021,0.0,0.0,11.19645296884193,0.0,-13.592897656202174,-1.284091513753427,3.6900068334349445,0.0,-1.4010278689424616,-1.2467371090080115
2017-01,9.761985141305306,0.0,0.0,7.813786741840212,4.593982504058958,-42.1196146074017,-2.5557705887146787,1.2127190329860538,0.0,-13.239044917638376,1.2624768767226513
2017-02,-30.305411324295395,1.5696216142522035,0.0,7.763259885603113,1.5046742123332235,7.221553278901371,0.0,-5.8605205024080504,1.0718969637312892,1.4379623877027514,-1.2467371090080115
2017-03,-26.410982506405787,1.567571243934518,0.0,9.320015883149635,-15.237128108063002,26.3753924345834,1.3036211111761231,-2.395094492748062,0.0,8.905289640875225,2.539548688209714
2017-04,8.48770992589818,1.5655262232503686,0.0,10.863706316229106,9.46697171293125,25.81060497941945,2.6199404239838353,6.238300244386408,6.585085040458494,5.816598530869022,3.823231715880615
2017-05,-9.319389575536253,0.0,0.0,19.096079278433642,-2.9627444814446346,0.0,2.6142331266725716,0.0,1.0652363880437221,4.313310213812804,-1.2415774403720325
2017-06,-17.9694769132833,3.1493517725650566,-1.2493330582661333,2.9301977098223464,-2.970076913682229,-3.9403701061685115,-1.2813492687068884,1.2139458308975781,-3.131538216512131,-10.679754474347936,-1.2428633496582853
2017-07,-24.898478932092637,1.5594230504579087,0.0,0.0,-4.435490469603842,-28.848003321212644,1.2979809379633833,2.438905772057076,-1.0567933513318084,0.0,0.0
2017-08,30.953782579305788,-1.5354784456416914,0.0,0.0,-4.4519431156954115,-10.504643975859118,22.68842075591062,-3.551669826981696,0.0,21.76908942745348,3.819176189100304
2017-09,76.75571408023598,1.5594230504579087,0.0,2.923060580119796,-2.9997731804583205,67.91074299388815,0.0,-5.871988002477446,1.0680807577666096,-14.313803002966708,-1.2402941891934804
2017-10,-45.28203826758082,1.5573992203064435,1.265138856229986,1.448375760110876,12.903851048055849,5.4718838211288645,-2.5050874488307895,8.831987887645475,0.0,7.300603679879347,1.2558706802646702
2017-11,104.15796361475245,1.5553806363248768,-1.2493330582661333,0.0,0.0,5.44705160028609,-1.2624766664845355,4.927164996405109,0.0,-1.3961378790255385,0.0
2017-12,99.07776693164001,1.5533672781427033,0.0,1.4466297370825387,-2.9774457269285626,-13.620900699167093,-1.2638062536265537,4.907020753480573,0.0,1.4159058773098865,0.0
2018-01,156.85528600444388,1.5513591254921355,0.0,1.4448879185904984,1.5237804649818498,-37.137583182423676,-1.2651386442130819,-1.1886932978469877,0.0,-13.180973610925516,0.0
2018-02,-30.42871907914503,0.0,0.0,4.3868847088341045,-5.880618112612779,5.7127849658338725,1.2813494918012314,3.6488701671862023,0.0,10.41939455347305,0.0
2018-03,-62.80073933937972,0.0,-1.2506350910204467,4.370908245268779,-10.129729430262824,21.220860226570124,-1.2651386442130819,1.1993861065976663,0.0,0.0,0.0
2018-04,-56.30403655547607,1.5493561582121895,0.0,5.844922307780576,6.305477754555655,27.50404836126514,5.216246174227779,-2.3574541250106273,6.561090124236646,2.8569525770524073,0.0
2018-05,0.0,0.0,1.2664740600338176,11.941842988765949,-1.5141666349122618,0.0,2.5667067462331383,2.4143718333898834,0.0,1.4159058773098865,1.254557728614314
2018-06,-23.408006746114552,0.0,-1.2506350910204467,7.2477125866851955,0.0,-5.2161848477155885,1.2731925772263342,1.1981885450923713,-1.051238692637313,-1.3961378790255385,0.0
2018-07,46.449585008837225,1.5473583562447768,0.0,-2.7552779668570726,-4.485217247509066,-25.843778388665218,0.0,4.867222317299991,0.0,-2.777597921649555,-1.2390135878888597
2018-08,113.64516840980289,0.0,0.0,2.833344483125777,-3.0224379983092575,-15.319464500251268,10.598364350483514,1.192236431146254,0.0,37.71538817923001,0.0
2018-09,25.572214006381145,3.1125947049978953,0.0,7.204218356180525,-1.525717362302348,72.55545704304976,0.0,-3.4964830240406974,0.0,-19.885659382402444,0.0
2018-10,-2.966406166796165,0.0,0.0,10.155079845744751,11.317016011168324,6.8741902366878715,-1.2467371090080115,6.10504199764792,0.0,11.780809406405446,10.448531698795161
2018-11,-49.45743546996195,1.5413957431829939,0.0,5.645609938049523,4.671466085827336,2.6844057819598754,-1.248033733742282,-3.4897050140970665,0.0,-5.4040624960171595,1.2441521236140396
2018-12,-28.81402521998767,-1.517997395940296,0.0,1.3784965633259372,4.6533542098919245,-12.456909998003674,0.0,-10.165108792108846,0.0,0.0,-1.2288631960637786
2019-01,107.99059730238226,1.5413957431829939,0.0,4.183020729544418,0.0,-35.33281250138426,-2.4843435516561874,-3.530771848747072,0.0,-6.7427352927570965,1.2441521236140396
2019-02,-30.272527217719258,0.0,0.0,5.5929964918366215,6.223745049501694,1.3961381934644912,0.0,0.0,0.0,8.732578106523526,-1.2288631960637786
2019-03,-27.573655083407765,1.5394184039425163,0.0,2.7489712948568057,-4.4245894195591,22.884242514287713,1.2664740600338176,4.907020753480573,1.062407127434195,-5.422372076160354,1.2441521236140396
2019-04,-12.32278841536596,3.096532197985069,1.2664740600338176,-2.675424639501489,9.454548734591173,27.469240997256428,1.265138856229986,-1.1886932978469877,6.525423738163427,16.496550364311013,2.499872300023065
2019-05,3.3563355825661167,1.5335167078853962,0.0,-2.6814025168262035,9.380689767098094,-1.3266803808667849,0.0,1.202993197357527,1.0558636049277537,-6.682679903455524,-1.226351530674108
2019-06,6.79635269676595,1.5315595185920516,1.265138856229986,-4.006134716532528,-8.576184504844807,-5.2161848477155885,-1.2493330582661333,-10.242155372319662,0.0,0.0,-1.227606078678467
2019-07,-3.229864592668985,1.5296073186610526,0.0,-5.326128872456715,-4.408337925908324,-22.72368382715039,1.265138856229986,6.199636697089006,0.0,-5.410151938543672,0.0
2019-08,27.644160547665386,0.0,0.0,-5.349868032118222,1.5160800328662072,-12.884255337413908,0.0,1.2066220495791535,-1.0448316082433684,37.2111368683131,1.2428635471327887
2019-09,73.484212608714,1.5276600890377967,0.0,-6.6752480848988105,4.605735352207363,63.11886922988137,-1.2493330582661333,-8.076260568350236,1.0558636049277537,-20.785991696210704,0.0
2019-10,-16.976811561351834,9.479427359811577,6.4668334627057344,-1.3769145633542368,34.43974883136227,20.32493536204325,11.927022061933323,15.488610420948245,-65.10160809602453,29.71060737238529,-31.353933864193305
2019-11,-22.325324654800937,1.5141670699468923,1.257186382885389,19.602677265249934,-1.4518801130713244,5.373888787291103,-1.2390135878888597,1.1993861065976663,0.0,-5.285088252708414,0.0
2019-12,-4.68357933547372,-1.491582026086602,0.0,-1.358213418429255,-4.302972132706861,-12.30386323396202,-3.6786808846796637,4.872161787783735,0.0,5.579995963897888,-2.518229212602008
2020-01,41.53724054802383,4.605735352207363,0.0,2.771188861236795,2.977452232881461,-34.9528127424271,2.5315129795583147,6.098838188403466,10.81711465012809,-18.527095816916983,2.5832821790795935
2020-02,-31.57817006398542,-1.4878832618262172,0.0,-2.6964647309649536,-5.7059078040259,1.3769148608294035,0.0,-4.623439948735831,-1.1304637183367716,2.7905203046077354,0.0
2020-03,-4.714239450099056,-1.4897303481417046,0.0,0.0,-2.9053630369551,25.875796870098867,2.5261840315596196,-4.641319002970445,0.0,5.63897920034373,0.0
2020-04,96.25537581982499,0.0,0.0,-11.642873871613514,4.519026957950145,25.331903646610066,-2.4639403635484336,-20.41538606565565,-29.26133342519496,4.183020729544418,-1.266473847120586
2020-05,-8.774633207897297,1.5122589283394827,1.2558706802646702,-6.697593275705005,4.502075521317361,-2.600069292441798,0.0,-3.5799216327143113,-4.583711288150372,4.168492001434276,2.5805047567903916
2020-06,-26.750700680151397,0.0,0.0,-4.092655498434117,6.020830385440434,-6.397759865649421,0.0,3.7128383354736227,-2.325476091826806,-11.56814224133461,0.0
2020-07,36.52007722741813,-1.4897303481417046,0.0,-8.058193351852672,-1.448375395902013,-21.422087436330795,0.0,12.831499424513183,3.5906460316414535,-5.355835915425933,0.0
2020-08,119.87720165437975,-2.9627444814446346,-1.2402941891934804,-2.7743872438037664,-5.685637496583961,-12.720613993917206,-3.6824433729275574,6.17412607995429,-1.167869952149747,-11.731288705655585,0.0
2020-09,-34.60298032501521,1.5160800328662072,0.0,-9.42561993472999,4.490845028492219,68.55846343351601,0.0,-5.8150947956047805,1.1816703248065386,-14.298328742525213,1.2799827557389287
2020-10,-17.74702503830352,1.5141670699468923,0.0,-6.874005135599459,12.340533288031729,4.00170343259203,-2.4766528824226475,-1.1946099978880964,0.0,-4.154039176827751,6.544397430419058
2020-11,-48.82243325994293,-1.491582026086602,0.0,-12.12590756178179,10.61676737844719,1.31361026352943,-1.248033733742282,-1.1958004129191235,-1.167869952149747,-5.52215654784507,1.2718431773373728
2020-12,-36.69451152226206,-1.493438312802664,0.0,-9.652892093519483,1.4448879185904984,-13.440912294084416,-2.4843435516561874,2.433959178363243,0.0,7.354272093698588,-3.7243444242251234
2021-01,130.63793999905607,3.053203087424783,5.110743506323767,-2.874052146596817,-4.217291925418798,-28.441606584860214,0.0,0.0,0.0,39.78082265580909,3.868417620167608
2021-02,-29.28275761752508,-1.491582026086602,1.2506352934806841,4.468551270302523,-1.4293979318231953,1.3659437643781969,0.0,1.2078365369378785,0.0,-4.0512108994618545,2.5557741204250473
2021-03,-25.257356892678295,0.0,0.0,12.277474231463126,0.0,25.649047910185384,5.154641152600137,2.426576794540325,0.0,5.665596022495167,1.2678120850763586
2021-04,-6.355420439788773,0.0,1.2493332598847662,18.724538616180197,1.450126002917651,17.186045304538176,-2.479211143058757,-58.06484139980698,13.722778637426437,7.093538003781807,0.0
2021-05,17.76138937389018,1.5141670699468923,0.0,27.000866042334735,1.448375760110876,0.0,1.263806464751438,3.9317840387090186,1.1690078011194371,4.178166581879306,1.2664740600338176
2021-06,53.8197052608359,0.0,0.0,8.67997059009047,2.912419833970903,-5.127060002946293,-1.248033733742282,0.0,1.1678701061042185,-7.8732532440788034,-2.48691773253773
2021-07,-24.824913103654012,1.5122589283394827,0.0,7.13570266717467,5.8879288486418435,-19.173547535187485,1.263806464751438,13.616752482285023,0.0,16.173754841471457,2.5503426562976106
2021-08,22.969301710718426,0.0,1.2480339345232627,0.0,1.4362413658133288,-12.627058967294523,1.2624768767226513,-9.698827672522247,-1.154388349660107,9.903834240008823,1.265138856229986
2021-09,155.96591722406424,3.0415956913506736,0.0,13.09726356415981,-8.22376628665884,51.225820193642015,-1.2467371090080115,-2.5315095800675924,1.1678701061042185,-17.272672591661063,1.263806464751438
2021-10,-45.002477995552816,4.582289475014911,0.0,17.60538391288875,0.0,2.654714442385142,-3.7013718398116624,-14.359127766152536,0.0,5.599519493777283,6.459873234978186
2021-11,-15.614765940383124,3.022444906582189,0.0,18.91515852734511,4.392236178628051,5.361885596239624,0.0,6.6977600790074865,0.0,-5.302599406342079,0.0
2021-12,9.735604364615003,-1.4768962188118628,0.0,12.579221023412913,-10.860795202931017,-11.116223720992235,-1.2519398404807425,-3.8110734226350473,0.0,2.764804425766232,-2.469009679066303
2022-01,96.35540420525092,4.559081056989833,0.0,15.401412806395287,-2.850161898124548,-20.21185580810836,0.0,-1.2896113671658327,0.0,-5.314338101695326,1.2585048451320358
2022-02,5.990780948685059,3.0072970299420687,1.2467373089559919,35.89685104124083,-4.257183033863743,2.7147687529382347,1.2678120850763586,3.9664356667651113,0.0,5.612611239284582,1.257186382885389
2022-03,-12.305263108576037,4.530399001075369,0.0,26.79280448288479,17.204673146313887,17.28899962364885,0.0,5.302664901119325,1.1667346233530163,4.163671490698784,1.2558706802646702
2022-04,0.0,6.058818655316411,2.505090708585933,10.358412933927209,25.51131451606079,18.57809090799112,-4.922064833284967,-1.2813492687068884,7.1826663400978985,11.416900417133146,2.523527961542782
2022-05,19.096079278433642,2.973763229543369,1.2428635471327887,10.269834267768374,16.62093948781036,0.0,0.0,-2.5503391545173115,0.0,5.515889265477236,0.0
2022-06,-18.464864639034694,7.567519513963883,1.2415776370302334,3.7128383354736227,7.169796891525082,-3.8354322155176424,0.0,1.300794910814429,0.0,-13.776999399956068,0.0
2022-07,-7.110132051927631,5.975868400515494,0.0,15.572213338187924,7.127229696372939,-14.591458009414893,1.2718431773373728,19.660756715675532,0.0,9.915516276470559,1.2519400437873474
2022-08,17.547002782543952,5.946264867707329,1.2402943850399417,10.023400880940692,5.632364016134628,-12.456909998003674,0.0,0.0,0.0,22.154421751952214,2.5155931560466582
2022-09,27.844403000789452,8.994231367253702,0.0,6.1112584373459455,19.288412108281182,60.350533214585525,1.2704966347201418,-3.751508765896605,0.0,-11.278557295427971,0.0
2022-10,12.061748381506021,20.262882031998952,5.04098241230051,12.497797465456163,4.116072490067291,9.384180700524269,5.165733621518487,1.2840917387637374,0.0,-8.9633205657784,2.5103309481691705
2022-11,-23.83365467065135,15.030247095368843,1.2339177097834275,13.680170906577093,9.811358972644602,7.934278711143006,1.263806464751438,2.5805047567903916,0.0,-15.016609750976428,1.245443374776256
2022-12,-16.06987621662762,5.7127849658338725,1.232650234746746,27.257334056185645,-10.149599989024916,-8.526884643720633,-1.248033733742282,1.2799827557389287,0.0,2.764804425766232,0.0
2023-01,154.2969296187041,2.8068370587490676,0.0,10.72056031620452,-1.335539418942533,-18.635810032500633,1.263806464751438,-1.2638062536265537,0.0,14.504234449668662,1.2441521236140396
2023-02,-9.118891691182462,8.61767179040347,2.476655996660071,-75.25401446318493,8.377165305759515,8.085679112068323,7.796871569183272,0.0,2.3299936063267745,4.116072490067291,3.7711724608334274
2023-03,-16.44151568337705,10.045860149105712,0.0,-6.148706034504892,26.890656409052326,18.146882240507935,3.8070610623968104,3.8851147838871336,2.325478512448531,14.280186419341101,1.2390137829276338
2023-04,-1.3832632462511874,16.055934135621584,1.2288633847893804,-2.5155898412748345,32.95001067378438,20.873867978740314,0.0,0.0,10.838807636475668,21.833009138736248,1.2377358224948454
2023-05,18.06824478578801,4.111372370363964,1.2276062666330079,-38.2060887795036,12.141326113894602,0.0,5.089073817741929,2.5667067462331383,0.0,10.961079480002844,0.0
2023-06,-29.436631828529748,6.913781212293513,0.0,30.02967855569889,-3.735937970798775,-2.479211143058757,3.7790891149583894,1.2731925772263342,0.0,-13.345948227023474,2.4869208987325697
2023-07,23.41823221782637,8.299950680750978,0.0,-22.067376611384237,5.20493599446199,-12.97911964267956,0.0,20.706277757218004,0.0,27.936258748881748,-1.2201170570756648
2023-08,4.252182502565316,4.046679896803518,0.0,-23.52203946947997,-9.669545554527904,-9.708627793411374,1.2415776370302334,13.183488562148792,0.0,24.137801628516375,7.6235837173566745
2023-09,103.97241242877743,5.410222914016494,1.2263517178613847,-19.662545119114938,7.934278711143006,44.21737130239451,1.2402943850399417,-1.225099544182351,1.1444797963940045,-15.21017740805527,1.2276062666330079
2023-10,81.94468790389975,5.38594582798424,1.2250997306060718,103.48562538978507,12.033220971951565,3.7950225468117216,3.7593594689682375,-2.4389028434160243,0.0,12.12770697351393,0.0
2023-11,-48.521150556918556,3.997260705838146,0.0,-6.316959931898891,1.263806464751438,6.377503885036195,3.7476202449955753,-2.443869559325329,0.0,-3.7320654446406865,0.0
2023-12,-21.233460248960533,-1.2965782781923507,1.2238502970302712,-1.3007946738657572,-6.0987235427305775,-7.153912858252975,-2.421677186450155,2.505090708585933,0.0,6.537269383829036,-1.21271885398474
2024-01,42.79871400863355,0.0,0.0,1.317938345671199,0.0,-17.1055047168139,1.2339177097834275,0.0,0.0,1.2704966347201418,0.0
2024-02,-29.027695983825474,1.31361026352943,1.2226034093282712,2.6488548136111234,-8.483852768319899,2.5503426562976106,0.0,-1.2288631960637786,2.2987511856265685,11.96662647465514,2.469012755033795
2024-03,17.28899962364885,2.6401137090485527,0.0,10.961079480002844,1.2786189321561503,11.927022061933323,1.232650234746746,-2.446360510492007,1.1412145886868785,13.241604641527637,1.2250997306060718
2024-04,47.645599825008404,1.3093105146103845,0.0,5.302664901119325,23.85660238618106,20.379022362931167,-3.612246947106601,5.072941737849113,-13.788049085777565,7.6804844619855706,1.2238502970302712
2024-05,16.460619525134046,1.3078835132082745,1.221359059727467,50.009676233765646,17.477453489221407,0.0,3.7476202449955753,-2.441383675448816,-1.1423007782534689,-1.222603224419172,1.2226034093282712
2024-06,-36.23542333097958,2.628548245739948,0.0,44.502558452973574,5.035694959277048,-2.4265739246766893,6.297208038448376,3.7751266379454584,-1.143389178310561,-9.413746020857205,1.221359059727467
2024-07,-20.132403201932124,3.9577156316273454,1.220117240485341,41.260184009498445,5.0146555818920024,-12.716943088929822,1.2250997306060718,3.763288902229167,0.0,11.75838648301375,1.220117240485341
2024-08,56.121754827444306,8.031588631438424,1.218877943892327,-4.596878108353552,7.575478168707872,-9.506894330570304,1.2238502970302712,0.0,0.0,30.667831388293855,1.218877943892327
2024-09,59.47076817350116,7.978216698922913,1.2176411622697447,-58.5313114669041,3.701387380318888,46.602062980637136,3.7090134869934843,-2.4314905048610003,1.156613775049209,-19.620294093413758,1.2176411622697447
2024-10,21.6920390427809,14.965597158037225,2.4463634751223484,6.530156842863288,6.21890839514212,3.70519651003276,4.957693332816904,2.492085322859494,0.0,8.91631109552673,3.6900068334349445
2024-11,10.182756582815443,7.830775435065718,1.2139458308975781,41.653104935879725,-6.987363673105973,8.813465414614363,1.2139458308975781,2.4869208987325697,0.0,0.0,0.0
2024-12,93.03451824591068,2.5341858930309824,0.0,65.54520402052847,-12.536056512968063,-3.548169670089951,0.0,3.743723443911451,0.0,0.0,-1.1993859353392367
2025-01,105.60175610266191,13.241604641527637,1.2127190329860538,1.1816703248065386,5.0094231734445716,-15.637173955196005,-9.232815755349588,8.906862466866915,-23.457450972302606,-12.58378867375194,7.488842759201919
2025-02,-46.11683311358843,6.363979386883134,0.0,-42.457720469886326,-2.4119427573667696,1.2301230802327368,-1.209053294691964,1.221359059727467,1.1816703248065386,7.631660744613167,-1.1934219505789767
2025-03,-28.336968604762824,8.963856365995216,1.2114947121135922,3.751525165913705,6.284021503469672,11.569631941136581,2.46141654181522,2.453866924311665,0.0,10.22611019555244,0.0
2025-04,-46.94967264031443,8.897433830935086,2.433959178363243,43.64869773820554,17.002237736980753,16.928586546554534,15.589042166641342,4.952579037799065,-28.348404879206434,21.214181559950497,-1.1946099978880964
2025-05,-24.864404674752127,8.831987887645475,1.2078365369378785,42.13223191115003,3.659998028813005,0.0,3.659998028813005,-2.3855721693989085,-1.2005858923946233,0.0,2.4314933980573494
2025-06,-18.369291838712844,6.193239305250198,0.0,-10.957380775201752,3.6488701671862023,-2.3644213143455883,1.202993197357527,6.212471200901648,0.0,-12.360235817212118,0.0
2025-07,-1.271842960790348,4.902010398529444,0.0,-10.005169362524224,2.411945558630668,-9.171120961070034,0.0,6.180484037310041,0.0,7.481064930049208,0.0
2025-08,108.08317719815209,3.641489105225837,1.2066220495791535,-41.8093340725134,1.1969933726533322,-9.241697066420762,-1.1886932978469877,6.148824487754578,-1.201788252881908,18.136357804316706,3.659998028813005
2025-09,-2.3832034070136454,2.407107608510217,0.0,-15.933055341663781,-8.014650345515772,36.660552049129016,2.4192390558793297,-2.3551408436525145,0.0,-18.346653538953618,-5.820734472389666
2025-10,3.682458597894156,9.930157606674172,2.424125941118649,13.22702769654287,16.729291252196354,3.6158888692721103,1.2005860643390376,9.97138415299743,0.0,21.02886611319086,4.917072247155585
2025-11,0.0,6.055761966637041,1.202993197357527,60.40789012303633,-6.867451370741162,2.390326550227684,1.1993861065976663,-2.341355930351674,0.0,-5.7592931488550825,-1.1910529309285933
2025-12,14.073426141847435,-1.1667344699965554,0.0,-1.18167016344497,-14.410977529238933,-5.742760827547688,-1.1851713263697494,-9.084401162024381,0.0,-2.3528320975012895,0.0
2026-01,45.50358246155615,2.3737778386256236,1.2017884255163702,-3.5101183324937058,-4.714239450099056,-14.371229418444397,0.0,-3.5273127359101375,0.0,-14.43759838008537,1.205410002088092
2026-02,-30.450514234320593,1.178189784675343,0.0,-65.78014543041819,3.6900068334349445,0.0,0.0,1.205410002088092,2.4463634751223484,8.785826836772138,0.0
2026-03,-26.894808490866073,3.5692881346128136,0.0,9.522382226217285,22.543189874914816,11.362898648891552,1.1993861065976663,20.937413935086767,1.2139458308975781,10.023400880940692,1.2042003871191032
2026-04,-4.775195951560729,-1.1610900184056527,1.2005860643390376,122.80608321474008,8.62356647515643,11.256411961563728,-3.516975940742839,-3.4795871235919873,-38.88279428168009,9.940432273384836,-3.530771848747072
2026-05,12.970017889442143,2.3620969236454847,2.411945558630668,46.4278719307883,6.049657830029576,0.0,2.4168029942147617,2.390326550227684,-1.2493330582661333,3.597822238979731,3.659998028813005
2026-06,-15.72478110639376,3.5551901219226023,1.1969933726533322,1.1793476843447337,6.019320757861224,-1.173580676646535,18.039209528539214,6.061878430465617,1.265138856229986,-12.20052203525177,1.202993197357527
2026-07,40.46101676921905,4.751607769901467,1.1958005821384177,3.5728301237749616,20.340271845265324,-12.245732447084912,6.0435659834243705,8.53598389867285,-1.2493330582661333,13.895893595347154,0.0
2026-08,83.40801870655561,-1.1521716185215358,2.4022890268461605,-48.34054073773469,15.993199248554468,-4.672942281950842,9.778545801386485,2.3574566815634856,0.0,21.93910849052316,6.142531449185706
